
mtllib textured.mtl
usemtl mesh

v -0.145130 -0.982355 0.627175
v -0.147256 -1.000000 0.635472
v -0.152975 -0.982355 0.629078
v 0.081182 0.915710 0.588746
v -0.071665 0.832770 0.600517
v -0.179883 0.791460 0.586383
v -0.069704 -1.000000 0.682417
v -0.100511 -1.000000 0.733310
v -0.178063 -1.000000 0.686365
v -0.147256 -1.000000 0.635472
v -0.069704 -1.000000 0.682417
v -0.178063 -1.000000 0.686365
v -0.115909 0.556764 0.664941
v -0.110781 0.556764 0.663763
v -0.140802 0.429167 0.641572
v -0.146461 0.429943 0.643032
v -0.115909 0.556764 0.664941
v -0.140802 0.429167 0.641572
v -0.146461 0.429943 0.643032
v -0.140802 0.429167 0.641572
v -0.179035 0.240644 0.606652
v -0.137418 0.556670 0.700474
v -0.115909 0.556764 0.664941
v -0.146461 0.429943 0.643032
v -0.186806 0.240927 0.608600
v -0.146461 0.429943 0.643032
v -0.179035 0.240644 0.606652
v -0.186806 0.240927 0.608600
v -0.179035 0.240644 0.606652
v -0.195300 0.050463 0.596805
v -0.170997 0.428390 0.683565
v -0.137418 0.556670 0.700474
v -0.146461 0.429943 0.643032
v -0.170997 0.428390 0.683565
v -0.146461 0.429943 0.643032
v -0.186806 0.240927 0.608600
v -0.136084 0.556670 0.705565
v -0.137418 0.556670 0.700474
v -0.170997 0.428390 0.683565
v -0.203116 0.050050 0.598726
v -0.186806 0.240927 0.608600
v -0.195300 0.050463 0.596805
v -0.203116 0.050050 0.598726
v -0.195300 0.050463 0.596805
v -0.195300 -0.171946 0.596805
v -0.169667 0.427356 0.689256
v -0.136084 0.556670 0.705565
v -0.170997 0.428390 0.683565
v -0.083574 0.556670 0.737350
v -0.136084 0.556670 0.705565
v -0.169667 0.427356 0.689256
v -0.220210 0.234731 0.663784
v -0.170997 0.428390 0.683565
v -0.186806 0.240927 0.608600
v -0.220210 0.234731 0.663784
v -0.186806 0.240927 0.608600
v -0.203116 0.050050 0.598726
v -0.169667 0.427356 0.689256
v -0.170997 0.428390 0.683565
v -0.220210 0.234731 0.663784
v -0.203116 -0.172539 0.598726
v -0.203116 0.050050 0.598726
v -0.195300 -0.171946 0.596805
v -0.203116 -0.172539 0.598726
v -0.195300 -0.171946 0.596805
v -0.188185 -0.322548 0.601113
v -0.109384 0.428199 0.725746
v -0.083574 0.556670 0.737350
v -0.169667 0.427356 0.689256
v -0.078445 0.556670 0.736172
v -0.083574 0.556670 0.737350
v -0.109384 0.428199 0.725746
v -0.218333 0.233389 0.671574
v -0.169667 0.427356 0.689256
v -0.220210 0.234731 0.663784
v -0.109384 0.428199 0.725746
v -0.169667 0.427356 0.689256
v -0.218333 0.233389 0.671574
v -0.236522 0.041759 0.653912
v -0.220210 0.234731 0.663784
v -0.203116 0.050050 0.598726
v -0.236522 0.041759 0.653912
v -0.203116 0.050050 0.598726
v -0.203116 -0.172539 0.598726
v -0.218333 0.233389 0.671574
v -0.220210 0.234731 0.663784
v -0.236522 0.041759 0.653912
v -0.195985 -0.323145 0.603044
v -0.203116 -0.172539 0.598726
v -0.188185 -0.322548 0.601113
v -0.195985 -0.323145 0.603044
v -0.188185 -0.322548 0.601113
v -0.173939 -0.484174 0.609736
v -0.103726 0.427321 0.724285
v -0.078445 0.556670 0.736172
v -0.109384 0.428199 0.725746
v -0.056937 0.556670 0.700639
v -0.078445 0.556670 0.736172
v -0.103726 0.427321 0.724285
v -0.236522 -0.177297 0.653912
v -0.236522 0.041759 0.653912
v -0.203116 -0.172539 0.598726
v -0.236522 -0.177297 0.653912
v -0.203116 -0.172539 0.598726
v -0.195985 -0.323145 0.603044
v -0.234600 0.040775 0.661728
v -0.218333 0.233389 0.671574
v -0.236522 0.041759 0.653912
v -0.234600 0.040775 0.661728
v -0.236522 0.041759 0.653912
v -0.236522 -0.177297 0.653912
v -0.136394 0.231804 0.721173
v -0.109384 0.428199 0.725746
v -0.218333 0.233389 0.671574
v -0.103726 0.427321 0.724285
v -0.109384 0.428199 0.725746
v -0.136394 0.231804 0.721173
v -0.136394 0.231804 0.721173
v -0.218333 0.233389 0.671574
v -0.234600 0.040775 0.661728
v -0.181722 -0.484841 0.611678
v -0.195985 -0.323145 0.603044
v -0.173939 -0.484174 0.609736
v -0.181722 -0.484841 0.611678
v -0.173939 -0.484174 0.609736
v -0.158252 -0.624208 0.619232
v -0.079189 0.428251 0.683752
v -0.056937 0.556670 0.700639
v -0.103726 0.427321 0.724285
v -0.058271 0.556670 0.695548
v -0.056937 0.556670 0.700639
v -0.079189 0.428251 0.683752
v -0.229389 -0.324831 0.658228
v -0.236522 -0.177297 0.653912
v -0.195985 -0.323145 0.603044
v -0.229389 -0.324831 0.658228
v -0.195985 -0.323145 0.603044
v -0.181722 -0.484841 0.611678
v -0.234600 -0.177565 0.661728
v -0.234600 0.040775 0.661728
v -0.236522 -0.177297 0.653912
v -0.234600 -0.177565 0.661728
v -0.236522 -0.177297 0.653912
v -0.229389 -0.324831 0.658228
v -0.128622 0.231163 0.719226
v -0.103726 0.427321 0.724285
v -0.136394 0.231804 0.721173
v -0.079189 0.428251 0.683752
v -0.103726 0.427321 0.724285
v -0.128622 0.231163 0.719226
v -0.152748 0.038006 0.711274
v -0.136394 0.231804 0.721173
v -0.234600 0.040775 0.661728
v -0.152748 0.038006 0.711274
v -0.234600 0.040775 0.661728
v -0.234600 -0.177565 0.661728
v -0.128622 0.231163 0.719226
v -0.136394 0.231804 0.721173
v -0.152748 0.038006 0.711274
v -0.166032 -0.624895 0.621175
v -0.181722 -0.484841 0.611678
v -0.158252 -0.624208 0.619232
v -0.158252 -0.624208 0.619232
v -0.145130 -0.982355 0.627175
v -0.166032 -0.624895 0.621175
v -0.145130 -0.982355 0.627175
v -0.152975 -0.982355 0.629078
v -0.166032 -0.624895 0.621175
v -0.080520 0.429310 0.678061
v -0.058271 0.556670 0.695548
v -0.079189 0.428251 0.683752
v -0.110781 0.556764 0.663763
v -0.058271 0.556670 0.695548
v -0.080520 0.429310 0.678061
v -0.140802 0.429167 0.641572
v -0.110781 0.556764 0.663763
v -0.080520 0.429310 0.678061
v -0.095217 0.236343 0.664040
v -0.079189 0.428251 0.683752
v -0.128622 0.231163 0.719226
v -0.080520 0.429310 0.678061
v -0.079189 0.428251 0.683752
v -0.095217 0.236343 0.664040
v -0.140802 0.429167 0.641572
v -0.080520 0.429310 0.678061
v -0.097095 0.237971 0.656251
v -0.097095 0.237971 0.656251
v -0.080520 0.429310 0.678061
v -0.095217 0.236343 0.664040
v -0.179035 0.240644 0.606652
v -0.140802 0.429167 0.641572
v -0.097095 0.237971 0.656251
v -0.144933 0.038003 0.709352
v -0.128622 0.231163 0.719226
v -0.152748 0.038006 0.711274
v -0.095217 0.236343 0.664040
v -0.128622 0.231163 0.719226
v -0.144933 0.038003 0.709352
v -0.215126 -0.484841 0.666863
v -0.181722 -0.484841 0.611678
v -0.166032 -0.624895 0.621175
v -0.215126 -0.484841 0.666863
v -0.229389 -0.324831 0.658228
v -0.181722 -0.484841 0.611678
v -0.097095 0.237971 0.656251
v -0.095217 0.236343 0.664040
v -0.111528 0.045403 0.654168
v -0.111528 0.045403 0.654168
v -0.095217 0.236343 0.664040
v -0.144933 0.038003 0.709352
v -0.179035 0.240644 0.606652
v -0.097095 0.237971 0.656251
v -0.113450 0.046793 0.646352
v -0.113450 0.046793 0.646352
v -0.097095 0.237971 0.656251
v -0.111528 0.045403 0.654168
v -0.195300 0.050463 0.596805
v -0.179035 0.240644 0.606652
v -0.113450 0.046793 0.646352
v -0.144933 0.038003 0.709352
v -0.152748 0.038006 0.711274
v -0.152748 -0.180086 0.711274
v -0.152748 -0.180086 0.711274
v -0.152748 0.038006 0.711274
v -0.234600 -0.177565 0.661728
v -0.227483 -0.324518 0.666035
v -0.234600 -0.177565 0.661728
v -0.229389 -0.324831 0.658228
v -0.227483 -0.324518 0.666035
v -0.229389 -0.324831 0.658228
v -0.215126 -0.484841 0.666863
v -0.152748 -0.180086 0.711274
v -0.234600 -0.177565 0.661728
v -0.227483 -0.324518 0.666035
v -0.199436 -0.624895 0.676360
v -0.215126 -0.484841 0.666863
v -0.166032 -0.624895 0.621175
v -0.166032 -0.624895 0.621175
v -0.152975 -0.982355 0.629078
v -0.199436 -0.624895 0.676360
v -0.111528 0.045403 0.654168
v -0.144933 0.038003 0.709352
v -0.144933 -0.179791 0.709352
v -0.144933 -0.179791 0.709352
v -0.144933 0.038003 0.709352
v -0.152748 -0.180086 0.711274
v -0.113450 0.046793 0.646352
v -0.111528 0.045403 0.654168
v -0.111528 -0.175780 0.654168
v -0.111528 -0.175780 0.654168
v -0.111528 0.045403 0.654168
v -0.144933 -0.179791 0.709352
v -0.195300 0.050463 0.596805
v -0.113450 0.046793 0.646352
v -0.113450 -0.175266 0.646352
v -0.113450 -0.175266 0.646352
v -0.113450 0.046793 0.646352
v -0.111528 -0.175780 0.654168
v -0.195300 -0.171946 0.596805
v -0.195300 0.050463 0.596805
v -0.113450 -0.175266 0.646352
v -0.213237 -0.484174 0.674658
v -0.227483 -0.324518 0.666035
v -0.215126 -0.484841 0.666863
v -0.213237 -0.484174 0.674658
v -0.215126 -0.484841 0.666863
v -0.199436 -0.624895 0.676360
v -0.145601 -0.326262 0.715600
v -0.152748 -0.180086 0.711274
v -0.227483 -0.324518 0.666035
v -0.144933 -0.179791 0.709352
v -0.152748 -0.180086 0.711274
v -0.145601 -0.326262 0.715600
v -0.145601 -0.326262 0.715600
v -0.227483 -0.324518 0.666035
v -0.213237 -0.484174 0.674658
v -0.152975 -0.982355 0.629078
v -0.186379 -0.982355 0.684263
v -0.199436 -0.624895 0.676360
v -0.152975 -0.982355 0.629078
v -0.147256 -1.000000 0.635472
v -0.186379 -0.982355 0.684263
v -0.147256 -1.000000 0.635472
v -0.178063 -1.000000 0.686365
v -0.186379 -0.982355 0.684263
v -0.111528 -0.175780 0.654168
v -0.144933 -0.179791 0.709352
v -0.137800 -0.325768 0.713669
v -0.137800 -0.325768 0.713669
v -0.144933 -0.179791 0.709352
v -0.145601 -0.326262 0.715600
v -0.113450 -0.175266 0.646352
v -0.111528 -0.175780 0.654168
v -0.104396 -0.324708 0.658484
v -0.104396 -0.324708 0.658484
v -0.111528 -0.175780 0.654168
v -0.137800 -0.325768 0.713669
v -0.195300 -0.171946 0.596805
v -0.113450 -0.175266 0.646352
v -0.106303 -0.324966 0.650678
v -0.106303 -0.324966 0.650678
v -0.113450 -0.175266 0.646352
v -0.104396 -0.324708 0.658484
v -0.188185 -0.322548 0.601113
v -0.195300 -0.171946 0.596805
v -0.106303 -0.324966 0.650678
v -0.197550 -0.624208 0.684154
v -0.213237 -0.484174 0.674658
v -0.199436 -0.624895 0.676360
v -0.199436 -0.624895 0.676360
v -0.186379 -0.982355 0.684263
v -0.197550 -0.624208 0.684154
v -0.131319 -0.485509 0.724245
v -0.145601 -0.326262 0.715600
v -0.213237 -0.484174 0.674658
v -0.137800 -0.325768 0.713669
v -0.145601 -0.326262 0.715600
v -0.131319 -0.485509 0.724245
v -0.131319 -0.485509 0.724245
v -0.213237 -0.484174 0.674658
v -0.197550 -0.624208 0.684154
v -0.104396 -0.324708 0.658484
v -0.137800 -0.325768 0.713669
v -0.123537 -0.484841 0.722303
v -0.123537 -0.484841 0.722303
v -0.137800 -0.325768 0.713669
v -0.131319 -0.485509 0.724245
v -0.106303 -0.324966 0.650678
v -0.104396 -0.324708 0.658484
v -0.090133 -0.484841 0.667118
v -0.090133 -0.484841 0.667118
v -0.104396 -0.324708 0.658484
v -0.123537 -0.484841 0.722303
v -0.188185 -0.322548 0.601113
v -0.106303 -0.324966 0.650678
v -0.092021 -0.485509 0.659323
v -0.092021 -0.485509 0.659323
v -0.106303 -0.324966 0.650678
v -0.090133 -0.484841 0.667118
v -0.173939 -0.484174 0.609736
v -0.188185 -0.322548 0.601113
v -0.092021 -0.485509 0.659323
v -0.123537 -0.484841 0.722303
v -0.131319 -0.485509 0.724245
v -0.115628 -0.625581 0.733743
v -0.115628 -0.625581 0.733743
v -0.131319 -0.485509 0.724245
v -0.197550 -0.624208 0.684154
v -0.186379 -0.982355 0.684263
v -0.184428 -0.982355 0.692097
v -0.197550 -0.624208 0.684154
v -0.186379 -0.982355 0.684263
v -0.178063 -1.000000 0.686365
v -0.184428 -0.982355 0.692097
v -0.184428 -0.982355 0.692097
v -0.102637 -0.982355 0.741607
v -0.197550 -0.624208 0.684154
v -0.102637 -0.982355 0.741607
v -0.115628 -0.625581 0.733743
v -0.197550 -0.624208 0.684154
v -0.184428 -0.982355 0.692097
v -0.178063 -1.000000 0.686365
v -0.102637 -0.982355 0.741607
v -0.178063 -1.000000 0.686365
v -0.100511 -1.000000 0.733310
v -0.102637 -0.982355 0.741607
v -0.107848 -0.624895 0.731801
v -0.123537 -0.484841 0.722303
v -0.115628 -0.625581 0.733743
v -0.090133 -0.484841 0.667118
v -0.123537 -0.484841 0.722303
v -0.107848 -0.624895 0.731801
v -0.107848 -0.624895 0.731801
v -0.115628 -0.625581 0.733743
v -0.102637 -0.982355 0.741607
v -0.092021 -0.485509 0.659323
v -0.090133 -0.484841 0.667118
v -0.074442 -0.624895 0.676615
v -0.074442 -0.624895 0.676615
v -0.090133 -0.484841 0.667118
v -0.107848 -0.624895 0.731801
v -0.173939 -0.484174 0.609736
v -0.092021 -0.485509 0.659323
v -0.076329 -0.625581 0.668821
v -0.076329 -0.625581 0.668821
v -0.092021 -0.485509 0.659323
v -0.074442 -0.624895 0.676615
v -0.158252 -0.624208 0.619232
v -0.173939 -0.484174 0.609736
v -0.076329 -0.625581 0.668821
v -0.145130 -0.982355 0.627175
v -0.158252 -0.624208 0.619232
v -0.076329 -0.625581 0.668821
v -0.094792 -0.982355 0.739704
v -0.107848 -0.624895 0.731801
v -0.102637 -0.982355 0.741607
v -0.102637 -0.982355 0.741607
v -0.100511 -1.000000 0.733310
v -0.094792 -0.982355 0.739704
v -0.061386 -0.982355 0.684518
v -0.074442 -0.624895 0.676615
v -0.107848 -0.624895 0.731801
v -0.094792 -0.982355 0.739704
v -0.061386 -0.982355 0.684518
v -0.107848 -0.624895 0.731801
v -0.076329 -0.625581 0.668821
v -0.074442 -0.624895 0.676615
v -0.061386 -0.982355 0.684518
v -0.094792 -0.982355 0.739704
v -0.100511 -1.000000 0.733310
v -0.061386 -0.982355 0.684518
v -0.100511 -1.000000 0.733310
v -0.069704 -1.000000 0.682417
v -0.061386 -0.982355 0.684518
v -0.063339 -0.982355 0.676685
v -0.076329 -0.625581 0.668821
v -0.061386 -0.982355 0.684518
v -0.063339 -0.982355 0.676685
v -0.145130 -0.982355 0.627175
v -0.076329 -0.625581 0.668821
v -0.061386 -0.982355 0.684518
v -0.069704 -1.000000 0.682417
v -0.063339 -0.982355 0.676685
v -0.063339 -0.982355 0.676685
v -0.069704 -1.000000 0.682417
v -0.145130 -0.982355 0.627175
v -0.069704 -1.000000 0.682417
v -0.147256 -1.000000 0.635472
v -0.145130 -0.982355 0.627175
v 0.081182 0.915710 0.588746
v 0.077690 0.874079 0.582398
v -0.071665 0.832770 0.600517
v 0.081182 0.915710 0.588746
v 0.223704 0.928832 0.539320
v 0.077690 0.874079 0.582398
v 0.223704 0.928832 0.539320
v 0.217715 0.886691 0.528432
v 0.077690 0.874079 0.582398
v 0.223704 0.928832 0.539320
v 0.357607 0.928832 0.465668
v 0.217715 0.886691 0.528432
v 0.357607 0.928832 0.465668
v 0.351618 0.886691 0.454780
v 0.217715 0.886691 0.528432
v 0.351618 0.886691 0.454780
v 0.357607 0.928832 0.465668
v 0.472171 0.874079 0.365416
v 0.372171 0.970973 0.492145
v 0.357607 0.928832 0.465668
v 0.223704 0.928832 0.539320
v 0.357607 0.928832 0.465668
v 0.475663 0.915710 0.371765
v 0.472171 0.874079 0.365416
v 0.357607 0.928832 0.465668
v 0.372171 0.970973 0.492145
v 0.475663 0.915710 0.371765
v 0.472171 0.874079 0.365416
v 0.475663 0.915710 0.371765
v 0.823648 0.834677 0.069713
v 0.823648 0.834677 0.069713
v 0.567447 0.832770 0.248979
v 0.472171 0.874079 0.365416
v 0.823648 0.834677 0.069713
v 0.613457 0.791460 0.150013
v 0.567447 0.832770 0.248979
v 0.823648 0.834677 0.069713
v 0.807041 0.791843 0.032312
v 0.613457 0.791460 0.150013
v 0.613457 0.791460 0.150013
v 0.807041 0.791843 0.032312
v 0.764796 0.689676 -0.083180
v 0.607436 0.687873 0.003375
v 0.613457 0.791460 0.150013
v 0.764796 0.689676 -0.083180
v 0.607436 0.687873 0.003375
v 0.764796 0.689676 -0.083180
v 0.535631 0.592738 -0.198003
v 0.764796 0.689676 -0.083180
v 0.679342 0.592965 -0.277050
v 0.535631 0.592738 -0.198003
v 0.535631 0.592738 -0.198003
v 0.679342 0.592965 -0.277050
v 0.295253 0.558404 -0.658630
v 0.679342 0.592965 -0.277050
v 0.434419 0.558404 -0.735171
v 0.295253 0.558404 -0.658630
v 0.295253 0.558404 -0.658630
v 0.434419 0.558404 -0.735171
v 0.247838 0.551432 -0.744837
v 0.434419 0.558404 -0.735171
v 0.386999 0.551432 -0.821382
v 0.247838 0.551432 -0.744837
v 0.247838 0.551432 -0.744837
v 0.386999 0.551432 -0.821382
v 0.238604 0.538850 -0.761621
v 0.386999 0.551432 -0.821382
v 0.377767 0.538850 -0.838166
v 0.238604 0.538850 -0.761621
v 0.238604 0.538850 -0.761621
v 0.377767 0.538850 -0.838166
v 0.221638 0.497829 -0.791703
v 0.377767 0.538850 -0.838166
v 0.364118 0.497829 -0.870074
v 0.221638 0.497829 -0.791703
v 0.364118 0.497829 -0.870074
v 0.369599 0.466429 -0.853017
v 0.221638 0.497829 -0.791703
v 0.369599 0.466429 -0.853017
v 0.230434 0.466460 -0.776473
v 0.221638 0.497829 -0.791703
v 0.242402 0.442854 -0.753892
v 0.230434 0.466460 -0.776473
v 0.369599 0.466429 -0.853017
v 0.381713 0.442823 -0.830533
v 0.242402 0.442854 -0.753892
v 0.369599 0.466429 -0.853017
v -0.741804 0.533812 -0.216605
v -0.733383 0.545290 -0.201295
v -0.686611 0.551649 -0.116262
v -0.741804 0.533812 -0.216605
v -0.686611 0.551649 -0.116262
v -0.427243 0.585714 0.331619
v -0.741804 0.533812 -0.216605
v -0.427243 0.585714 0.331619
v -0.412220 0.514517 0.321013
v -0.412220 0.514517 0.321013
v -0.756281 0.495523 -0.242870
v -0.741804 0.533812 -0.216605
v -0.749430 0.471661 -0.230469
v -0.756281 0.495523 -0.242870
v -0.412220 0.514517 0.321013
v -0.736410 0.448720 -0.207666
v -0.749430 0.471661 -0.230469
v -0.412220 0.514517 0.321013
v -0.412220 0.514517 0.321013
v -0.427486 0.444162 0.331753
v -0.736410 0.448720 -0.207666
v -0.427243 0.585714 0.331619
v -0.294802 0.680180 0.501422
v -0.412220 0.514517 0.321013
v -0.412220 0.514517 0.321013
v -0.306885 0.565007 0.443472
v -0.427486 0.444162 0.331753
v -0.294802 0.680180 0.501422
v -0.306885 0.565007 0.443472
v -0.412220 0.514517 0.321013
v -0.306885 0.565007 0.443472
v -0.293534 0.453893 0.506032
v -0.427486 0.444162 0.331753
v -0.204216 0.460954 0.598699
v -0.293534 0.453893 0.506032
v -0.306885 0.565007 0.443472
v -0.193832 0.616681 0.546000
v -0.306885 0.565007 0.443472
v -0.294802 0.680180 0.501422
v -0.204216 0.460954 0.598699
v -0.306885 0.565007 0.443472
v -0.193832 0.616681 0.546000
v -0.178325 0.778036 0.585670
v -0.193832 0.616681 0.546000
v -0.294802 0.680180 0.501422
v -0.193832 0.616681 0.546000
v -0.171821 0.460380 0.633123
v -0.204216 0.460954 0.598699
v -0.080478 0.639149 0.554716
v -0.193832 0.616681 0.546000
v -0.178325 0.778036 0.585670
v -0.171821 0.460380 0.633123
v -0.193832 0.616681 0.546000
v -0.080478 0.639149 0.554716
v -0.070552 0.821833 0.597366
v -0.080478 0.639149 0.554716
v -0.178325 0.778036 0.585670
v -0.037274 0.462308 0.643287
v -0.171821 0.460380 0.633123
v -0.080478 0.639149 0.554716
v 0.053692 0.659205 0.529221
v -0.080478 0.639149 0.554716
v -0.070552 0.821833 0.597366
v -0.037274 0.462308 0.643287
v -0.080478 0.639149 0.554716
v 0.053692 0.659205 0.529221
v 0.076133 0.861100 0.579568
v 0.053692 0.659205 0.529221
v -0.070552 0.821833 0.597366
v 0.092465 0.461869 0.609260
v -0.037274 0.462308 0.643287
v 0.053692 0.659205 0.529221
v 0.076133 0.861100 0.579568
v 0.215563 0.873069 0.524519
v 0.053692 0.659205 0.529221
v 0.053692 0.659205 0.529221
v 0.193698 0.665196 0.480555
v 0.092465 0.461869 0.609260
v 0.215563 0.873069 0.524519
v 0.193698 0.665196 0.480555
v 0.053692 0.659205 0.529221
v 0.193698 0.665196 0.480555
v 0.234642 0.461091 0.559205
v 0.092465 0.461869 0.609260
v 0.215563 0.873069 0.524519
v 0.349466 0.873069 0.450867
v 0.193698 0.665196 0.480555
v 0.193698 0.665196 0.480555
v 0.324041 0.665196 0.408861
v 0.234642 0.461091 0.559205
v 0.349466 0.873069 0.450867
v 0.324041 0.665196 0.408861
v 0.193698 0.665196 0.480555
v 0.324041 0.665196 0.408861
v 0.368544 0.461091 0.485553
v 0.234642 0.461091 0.559205
v 0.368544 0.461091 0.485553
v 0.324041 0.665196 0.408861
v 0.486947 0.461868 0.392279
v 0.324041 0.665196 0.408861
v 0.349466 0.873069 0.450867
v 0.440111 0.659205 0.316674
v 0.324041 0.665196 0.408861
v 0.440111 0.659205 0.316674
v 0.486947 0.461868 0.392279
v 0.349466 0.873069 0.450867
v 0.470615 0.861100 0.362586
v 0.440111 0.659205 0.316674
v 0.585154 0.462308 0.300925
v 0.486947 0.461868 0.392279
v 0.440111 0.659205 0.316674
v 0.440111 0.659205 0.316674
v 0.470615 0.861100 0.362586
v 0.564189 0.821833 0.248231
v 0.533484 0.639149 0.217011
v 0.585154 0.462308 0.300925
v 0.440111 0.659205 0.316674
v 0.533484 0.639149 0.217011
v 0.440111 0.659205 0.316674
v 0.564189 0.821833 0.248231
v 0.648615 0.460380 0.181849
v 0.585154 0.462308 0.300925
v 0.533484 0.639149 0.217011
v 0.533484 0.639149 0.217011
v 0.564189 0.821833 0.248231
v 0.612018 0.778036 0.150947
v 0.586819 0.616681 0.116609
v 0.648615 0.460380 0.181849
v 0.533484 0.639149 0.217011
v 0.586819 0.616681 0.116609
v 0.533484 0.639149 0.217011
v 0.612018 0.778036 0.150947
v 0.636886 0.460954 0.136057
v 0.648615 0.460380 0.181849
v 0.586819 0.616681 0.116609
v 0.586819 0.616681 0.116609
v 0.612018 0.778036 0.150947
v 0.603234 0.680180 0.007464
v 0.586819 0.616681 0.116609
v 0.560761 0.565007 -0.033770
v 0.636886 0.460954 0.136057
v 0.560761 0.565007 -0.033770
v 0.586819 0.616681 0.116609
v 0.603234 0.680180 0.007464
v 0.560761 0.565007 -0.033770
v 0.603234 0.680180 0.007464
v 0.513741 0.514517 -0.188304
v 0.606448 0.453893 0.011003
v 0.636886 0.460954 0.136057
v 0.560761 0.565007 -0.033770
v 0.606448 0.453893 0.011003
v 0.560761 0.565007 -0.033770
v 0.530985 0.444162 -0.195447
v 0.560761 0.565007 -0.033770
v 0.513741 0.514517 -0.188304
v 0.530985 0.444162 -0.195447
v 0.240824 0.448720 -0.745186
v 0.530985 0.444162 -0.195447
v 0.513741 0.514517 -0.188304
v 0.513741 0.514517 -0.188304
v 0.228537 0.471661 -0.768392
v 0.240824 0.448720 -0.745186
v 0.513741 0.514517 -0.188304
v 0.221732 0.495523 -0.780819
v 0.228537 0.471661 -0.768392
v 0.603234 0.680180 0.007464
v 0.530741 0.585714 -0.195312
v 0.513741 0.514517 -0.188304
v 0.236163 0.533812 -0.754528
v 0.221732 0.495523 -0.780819
v 0.513741 0.514517 -0.188304
v 0.513741 0.514517 -0.188304
v 0.530741 0.585714 -0.195312
v 0.236163 0.533812 -0.754528
v 0.530741 0.585714 -0.195312
v 0.291356 0.551649 -0.654185
v 0.236163 0.533812 -0.754528
v 0.291356 0.551649 -0.654185
v 0.244584 0.545289 -0.739218
v 0.236163 0.533812 -0.754528
v -0.744608 0.442854 -0.210995
v -0.883929 0.442823 -0.134377
v -0.896433 0.466429 -0.156646
v -0.757271 0.466460 -0.233194
v -0.744608 0.442854 -0.210995
v -0.896433 0.466429 -0.156646
v -0.757271 0.466460 -0.233194
v -0.896433 0.466429 -0.156646
v -0.765422 0.497829 -0.248779
v -0.896433 0.466429 -0.156646
v -0.907904 0.497829 -0.170408
v -0.765422 0.497829 -0.248779
v -0.907904 0.497829 -0.170408
v -0.888264 0.538850 -0.141796
v -0.765422 0.497829 -0.248779
v -0.888264 0.538850 -0.141796
v -0.749101 0.538850 -0.218341
v -0.765422 0.497829 -0.248779
v -0.888264 0.538850 -0.141796
v -0.879032 0.551432 -0.125011
v -0.749101 0.538850 -0.218341
v -0.879032 0.551432 -0.125011
v -0.739869 0.551432 -0.201557
v -0.749101 0.538850 -0.218341
v -0.879032 0.551432 -0.125011
v -0.831613 0.558404 -0.038800
v -0.739869 0.551432 -0.201557
v -0.831613 0.558404 -0.038800
v -0.692452 0.558404 -0.115350
v -0.739869 0.551432 -0.201557
v -0.831613 0.558404 -0.038800
v -0.575845 0.592965 0.413356
v -0.692452 0.558404 -0.115350
v -0.575845 0.592965 0.413356
v -0.432134 0.592738 0.334309
v -0.692452 0.558404 -0.115350
v -0.575845 0.592965 0.413356
v -0.457865 0.689676 0.589334
v -0.432134 0.592738 0.334309
v -0.457865 0.689676 0.589334
v -0.300504 0.687873 0.502781
v -0.432134 0.592738 0.334309
v -0.179883 0.791460 0.586383
v -0.300504 0.687873 0.502781
v -0.457865 0.689676 0.589334
v -0.382946 0.791843 0.686855
v -0.179883 0.791460 0.586383
v -0.457865 0.689676 0.589334
v -0.179883 0.791460 0.586383
v -0.382946 0.791843 0.686855
v -0.360248 0.834677 0.720906
v -0.360248 0.834677 0.720906
v 0.081182 0.915710 0.588746
v -0.179883 0.791460 0.586383
v 0.096175 0.957341 0.616004
v 0.081182 0.915710 0.588746
v -0.360248 0.834677 0.720906
v -0.337550 0.871986 0.754958
v 0.096175 0.957341 0.616004
v -0.360248 0.834677 0.720906
v 0.096175 0.957341 0.616004
v 0.238268 0.970973 0.565798
v 0.081182 0.915710 0.588746
v 0.238268 0.970973 0.565798
v 0.223704 0.928832 0.539320
v 0.081182 0.915710 0.588746
v 0.238268 0.970973 0.565798
v 0.372171 0.970973 0.492145
v 0.223704 0.928832 0.539320
v 0.096175 0.957341 0.616004
v -0.337550 0.871986 0.754958
v 0.119668 0.983311 0.658716
v -0.337550 0.871986 0.754958
v -0.299025 0.899479 0.790031
v 0.119668 0.983311 0.658716
v 0.119668 0.983311 0.658716
v -0.299025 0.899479 0.790031
v -0.260499 0.921447 0.825103
v 0.238268 0.970973 0.565798
v 0.096175 0.957341 0.616004
v 0.260120 0.996119 0.605525
v 0.096175 0.957341 0.616004
v 0.119668 0.983311 0.658716
v 0.260120 0.996119 0.605525
v 0.394022 0.996119 0.531873
v 0.372171 0.970973 0.492145
v 0.238268 0.970973 0.565798
v 0.260120 0.996119 0.605525
v 0.394022 0.996119 0.531873
v 0.238268 0.970973 0.565798
v 0.490656 0.957341 0.399023
v 0.372171 0.970973 0.492145
v 0.394022 0.996119 0.531873
v 0.372171 0.970973 0.492145
v 0.490656 0.957341 0.399023
v 0.475663 0.915710 0.371765
v 0.475663 0.915710 0.371765
v 0.490656 0.957341 0.399023
v 0.823648 0.834677 0.069713
v 0.490656 0.957341 0.399023
v 0.840252 0.871986 0.107116
v 0.823648 0.834677 0.069713
v 0.840252 0.871986 0.107116
v 0.490656 0.957341 0.399023
v 0.514149 0.983311 0.441734
v 0.514149 0.983311 0.441734
v 0.490656 0.957341 0.399023
v 0.394022 0.996119 0.531873
v 0.849245 0.899479 0.158434
v 0.840252 0.871986 0.107116
v 0.514149 0.983311 0.441734
v 0.849245 0.899479 0.158434
v 0.514149 0.983311 0.441734
v 0.858236 0.921447 0.209752
v 0.410729 1.000000 0.562247
v 0.394022 0.996119 0.531873
v 0.260120 0.996119 0.605525
v 0.514149 0.983311 0.441734
v 0.394022 0.996119 0.531873
v 0.410729 1.000000 0.562247
v 0.260120 0.996119 0.605525
v 0.119668 0.983311 0.658716
v 0.276826 1.000000 0.635899
v 0.276826 1.000000 0.635899
v 0.410729 1.000000 0.562247
v 0.260120 0.996119 0.605525
v 0.514149 0.983311 0.441734
v 0.532497 0.988016 0.475092
v 0.858236 0.921447 0.209752
v 0.532497 0.988016 0.475092
v 0.514149 0.983311 0.441734
v 0.410729 1.000000 0.562247
v 0.858236 0.921447 0.209752
v 0.532497 0.988016 0.475092
v 0.549932 0.983581 0.506788
v 0.798275 0.944268 0.317694
v 0.858236 0.921447 0.209752
v 0.549932 0.983581 0.506788
v 0.798275 0.944268 0.317694
v 0.549932 0.983581 0.506788
v 0.748984 0.953020 0.366175
v 0.549932 0.983581 0.506788
v 0.558163 0.976540 0.521753
v 0.748984 0.953020 0.366175
v 0.532497 0.988016 0.475092
v 0.410729 1.000000 0.562247
v 0.427555 0.991131 0.592838
v 0.549932 0.983581 0.506788
v 0.532497 0.988016 0.475092
v 0.427555 0.991131 0.592838
v 0.558163 0.976540 0.521753
v 0.549932 0.983581 0.506788
v 0.427555 0.991131 0.592838
v 0.427555 0.991131 0.592838
v 0.410729 1.000000 0.562247
v 0.276826 1.000000 0.635899
v 0.434231 0.984278 0.604973
v 0.558163 0.976540 0.521753
v 0.427555 0.991131 0.592838
v 0.434231 0.984278 0.604973
v 0.427555 0.991131 0.592838
v 0.293653 0.991131 0.666490
v 0.293653 0.991131 0.666490
v 0.427555 0.991131 0.592838
v 0.276826 1.000000 0.635899
v 0.300328 0.984278 0.678626
v 0.434231 0.984278 0.604973
v 0.293653 0.991131 0.666490
v 0.163682 0.976540 0.738734
v 0.300328 0.984278 0.678626
v 0.293653 0.991131 0.666490
v 0.119668 0.983311 0.658716
v 0.138016 0.988016 0.692073
v 0.276826 1.000000 0.635899
v 0.276826 1.000000 0.635899
v 0.138016 0.988016 0.692073
v 0.293653 0.991131 0.666490
v 0.138016 0.988016 0.692073
v 0.119668 0.983311 0.658716
v -0.260499 0.921447 0.825103
v 0.155450 0.983581 0.723770
v 0.163682 0.976540 0.738734
v 0.293653 0.991131 0.666490
v 0.138016 0.988016 0.692073
v 0.155450 0.983581 0.723770
v 0.293653 0.991131 0.666490
v 0.138016 0.988016 0.692073
v -0.260499 0.921447 0.825103
v 0.155450 0.983581 0.723770
v 0.163682 0.976540 0.738734
v 0.155450 0.983581 0.723770
v -0.069888 0.953020 0.816590
v -0.260499 0.921447 0.825103
v -0.137229 0.944268 0.832260
v 0.155450 0.983581 0.723770
v 0.155450 0.983581 0.723770
v -0.137229 0.944268 0.832260
v -0.069888 0.953020 0.816590
v -0.883929 0.442823 -0.134377
v -0.744608 0.442854 -0.210995
v -0.575865 0.432556 0.413367
v -0.744608 0.442854 -0.210995
v -0.432429 0.437579 0.334472
v -0.575865 0.432556 0.413367
v -0.575865 0.432556 0.413367
v -0.432429 0.437579 0.334472
v -0.455853 0.439844 0.593190
v -0.432429 0.437579 0.334472
v -0.298813 0.447985 0.508658
v -0.455853 0.439844 0.593190
v -0.455853 0.439844 0.593190
v -0.298813 0.447985 0.508658
v -0.209768 0.456036 0.601033
v -0.378663 0.448554 0.695274
v -0.455853 0.439844 0.593190
v -0.209768 0.456036 0.601033
v -0.378663 0.448554 0.695274
v -0.209768 0.456036 0.601033
v -0.173021 0.455901 0.637383
v -0.286964 0.470554 0.789863
v -0.378663 0.448554 0.695274
v -0.173021 0.455901 0.637383
v -0.173021 0.455901 0.637383
v -0.158222 0.479862 0.806486
v -0.286964 0.470554 0.789863
v -0.089118 0.481618 0.790395
v -0.158222 0.479862 0.806486
v -0.173021 0.455901 0.637383
v -0.039317 0.462054 0.653951
v -0.089118 0.481618 0.790395
v -0.173021 0.455901 0.637383
v -0.089118 0.481618 0.790395
v -0.039317 0.462054 0.653951
v 0.095209 0.455514 0.614249
v 0.152193 0.481582 0.717848
v -0.089118 0.481618 0.790395
v 0.095209 0.455514 0.614249
v 0.152193 0.481582 0.717848
v 0.095209 0.455514 0.614249
v 0.237272 0.454529 0.563986
v 0.289773 0.481407 0.659435
v 0.152193 0.481582 0.717848
v 0.237272 0.454529 0.563986
v 0.237272 0.454529 0.563986
v 0.371174 0.454529 0.490334
v 0.289773 0.481407 0.659435
v 0.371174 0.454529 0.490334
v 0.423675 0.481407 0.585783
v 0.289773 0.481407 0.659435
v 0.546675 0.481582 0.500867
v 0.423675 0.481407 0.585783
v 0.371174 0.454529 0.490334
v 0.489691 0.455514 0.397268
v 0.546675 0.481582 0.500867
v 0.371174 0.454529 0.490334
v 0.737156 0.481618 0.335910
v 0.546675 0.481582 0.500867
v 0.489691 0.455514 0.397268
v 0.595254 0.462054 0.304910
v 0.737156 0.481618 0.335910
v 0.489691 0.455514 0.397268
v 0.737156 0.481618 0.335910
v 0.595254 0.462054 0.304910
v 0.652854 0.455900 0.183117
v 0.787749 0.479862 0.286162
v 0.737156 0.481618 0.335910
v 0.652854 0.455900 0.183117
v 0.842646 0.470554 0.168530
v 0.787749 0.479862 0.286162
v 0.652854 0.455900 0.183117
v 0.652854 0.455900 0.183117
v 0.811860 0.448554 0.040436
v 0.842646 0.470554 0.168530
v 0.652854 0.455900 0.183117
v 0.641830 0.456036 0.132618
v 0.811860 0.448554 0.040436
v 0.766973 0.439844 -0.079416
v 0.811860 0.448554 0.040436
v 0.641830 0.456036 0.132618
v 0.611495 0.447985 0.007951
v 0.766973 0.439844 -0.079416
v 0.641830 0.456036 0.132618
v 0.611495 0.447985 0.007951
v 0.535928 0.437579 -0.198166
v 0.766973 0.439844 -0.079416
v 0.535928 0.437579 -0.198166
v 0.679364 0.432556 -0.277062
v 0.766973 0.439844 -0.079416
v 0.535928 0.437579 -0.198166
v 0.242402 0.442854 -0.753892
v 0.679364 0.432556 -0.277062
v 0.242402 0.442854 -0.753892
v 0.381713 0.442823 -0.830533
v 0.679364 0.432556 -0.277062
v -0.835508 0.551649 -0.034352
v -0.882284 0.545290 -0.119393
v -0.890705 0.533812 -0.134703
v -0.580686 0.586221 0.416019
v -0.835508 0.551649 -0.034352
v -0.890705 0.533812 -0.134703
v -0.596533 0.512345 0.425757
v -0.580686 0.586221 0.416019
v -0.890705 0.533812 -0.134703
v -0.890705 0.533812 -0.134703
v -0.907136 0.495399 -0.160914
v -0.596533 0.512345 0.425757
v -0.596533 0.512345 0.425757
v -0.907136 0.495399 -0.160914
v -0.898336 0.471775 -0.148576
v -0.596533 0.512345 0.425757
v -0.898336 0.471775 -0.148576
v -0.885558 0.448699 -0.125827
v -0.885558 0.448699 -0.125827
v -0.580695 0.439315 0.416024
v -0.596533 0.512345 0.425757
v -0.580695 0.439315 0.416024
v -0.460885 0.446567 0.595196
v -0.596533 0.512345 0.425757
v -0.596533 0.512345 0.425757
v -0.503465 0.564618 0.621018
v -0.580686 0.586221 0.416019
v -0.460885 0.446567 0.595196
v -0.503465 0.564618 0.621018
v -0.596533 0.512345 0.425757
v -0.503465 0.564618 0.621018
v -0.460917 0.683576 0.595045
v -0.580686 0.586221 0.416019
v -0.460885 0.446567 0.595196
v -0.383559 0.455363 0.697182
v -0.503465 0.564618 0.621018
v -0.503465 0.564618 0.621018
v -0.441992 0.620374 0.730391
v -0.460917 0.683576 0.595045
v -0.383559 0.455363 0.697182
v -0.441992 0.620374 0.730391
v -0.503465 0.564618 0.621018
v -0.441992 0.620374 0.730391
v -0.385673 0.786278 0.693036
v -0.460917 0.683576 0.595045
v -0.293629 0.693567 0.872019
v -0.441992 0.620374 0.730391
v -0.383559 0.455363 0.697182
v -0.385673 0.786278 0.693036
v -0.441992 0.620374 0.730391
v -0.293629 0.693567 0.872019
v -0.289176 0.477592 0.794347
v -0.293629 0.693567 0.872019
v -0.383559 0.455363 0.697182
v -0.289176 0.477592 0.794347
v -0.157227 0.487083 0.810746
v -0.293629 0.693567 0.872019
v -0.293629 0.693567 0.872019
v -0.268313 0.911162 0.826757
v -0.385673 0.786278 0.693036
v -0.268313 0.911162 0.826757
v -0.363507 0.828688 0.726517
v -0.385673 0.786278 0.693036
v -0.268313 0.911162 0.826757
v -0.341340 0.865573 0.759997
v -0.363507 0.828688 0.726517
v -0.268313 0.911162 0.826757
v -0.304827 0.891130 0.793378
v -0.341340 0.865573 0.759997
v -0.293629 0.693567 0.872019
v -0.129878 0.710259 0.873880
v -0.268313 0.911162 0.826757
v -0.157227 0.487083 0.810746
v -0.129878 0.710259 0.873880
v -0.293629 0.693567 0.872019
v -0.129878 0.710259 0.873880
v -0.140749 0.935682 0.835411
v -0.268313 0.911162 0.826757
v -0.055927 0.716100 0.857857
v -0.129878 0.710259 0.873880
v -0.157227 0.487083 0.810746
v -0.140749 0.935682 0.835411
v -0.129878 0.710259 0.873880
v -0.055927 0.716100 0.857857
v -0.086960 0.488884 0.794276
v -0.055927 0.716100 0.857857
v -0.157227 0.487083 0.810746
v -0.070406 0.945497 0.820638
v -0.140749 0.935682 0.835411
v -0.055927 0.716100 0.857857
v -0.055927 0.716100 0.857857
v -0.086960 0.488884 0.794276
v 0.154211 0.488827 0.721517
v -0.070406 0.945497 0.820638
v -0.055927 0.716100 0.857857
v 0.184370 0.728172 0.781867
v 0.184370 0.728172 0.781867
v -0.055927 0.716100 0.857857
v 0.154211 0.488827 0.721517
v 0.165739 0.969410 0.742474
v -0.070406 0.945497 0.820638
v 0.184370 0.728172 0.781867
v 0.154211 0.488827 0.721517
v 0.291747 0.488629 0.663026
v 0.184370 0.728172 0.781867
v 0.184370 0.728172 0.781867
v 0.322868 0.732057 0.722027
v 0.165739 0.969410 0.742474
v 0.291747 0.488629 0.663026
v 0.322868 0.732057 0.722027
v 0.184370 0.728172 0.781867
v 0.322868 0.732057 0.722027
v 0.302414 0.977158 0.682418
v 0.165739 0.969410 0.742474
v 0.291747 0.488629 0.663026
v 0.425650 0.488629 0.589374
v 0.322868 0.732057 0.722027
v 0.322868 0.732057 0.722027
v 0.458816 0.732057 0.647250
v 0.302414 0.977158 0.682418
v 0.425650 0.488629 0.589374
v 0.458816 0.732057 0.647250
v 0.322868 0.732057 0.722027
v 0.458816 0.732057 0.647250
v 0.436317 0.977158 0.608766
v 0.302414 0.977158 0.682418
v 0.436317 0.977158 0.608766
v 0.458816 0.732057 0.647250
v 0.560220 0.969410 0.525493
v 0.458816 0.732057 0.647250
v 0.425650 0.488629 0.589374
v 0.583513 0.728172 0.562322
v 0.458816 0.732057 0.647250
v 0.583513 0.728172 0.562322
v 0.560220 0.969410 0.525493
v 0.425650 0.488629 0.589374
v 0.548693 0.488827 0.504536
v 0.583513 0.728172 0.562322
v 0.752680 0.945497 0.367906
v 0.560220 0.969410 0.525493
v 0.583513 0.728172 0.562322
v 0.776359 0.716100 0.400064
v 0.583513 0.728172 0.562322
v 0.548693 0.488827 0.504536
v 0.776359 0.716100 0.400064
v 0.752680 0.945497 0.367906
v 0.583513 0.728172 0.562322
v 0.739279 0.488884 0.339810
v 0.776359 0.716100 0.400064
v 0.548693 0.488827 0.504536
v 0.802821 0.935682 0.316408
v 0.752680 0.945497 0.367906
v 0.776359 0.716100 0.400064
v 0.776359 0.716100 0.400064
v 0.739279 0.488884 0.339810
v 0.790814 0.487083 0.289283
v 0.829489 0.710259 0.346187
v 0.802821 0.935682 0.316408
v 0.776359 0.716100 0.400064
v 0.829489 0.710259 0.346187
v 0.776359 0.716100 0.400064
v 0.790814 0.487083 0.289283
v 0.802821 0.935682 0.316408
v 0.829489 0.710259 0.346187
v 0.863818 0.911162 0.204037
v 0.829489 0.710259 0.346187
v 0.790814 0.487083 0.289283
v 0.915600 0.693567 0.206892
v 0.829489 0.710259 0.346187
v 0.915600 0.693567 0.206892
v 0.863818 0.911162 0.204037
v 0.790814 0.487083 0.289283
v 0.847615 0.477592 0.169064
v 0.915600 0.693567 0.206892
v 0.915600 0.693567 0.206892
v 0.847615 0.477592 0.169064
v 0.816092 0.455363 0.037324
v 0.875428 0.620374 0.005754
v 0.915600 0.693567 0.206892
v 0.816092 0.455363 0.037324
v 0.813722 0.786278 0.033318
v 0.863818 0.911162 0.204037
v 0.915600 0.693567 0.206892
v 0.915600 0.693567 0.206892
v 0.875428 0.620374 0.005754
v 0.813722 0.786278 0.033318
v 0.813722 0.786278 0.033318
v 0.830129 0.828688 0.069967
v 0.863818 0.911162 0.204037
v 0.830129 0.828688 0.069967
v 0.846536 0.865573 0.106615
v 0.863818 0.911162 0.204037
v 0.846536 0.865573 0.106615
v 0.855177 0.891130 0.155326
v 0.863818 0.911162 0.204037
v 0.813722 0.786278 0.033318
v 0.875428 0.620374 0.005754
v 0.771251 0.683576 -0.082700
v 0.875428 0.620374 0.005754
v 0.816092 0.455363 0.037324
v 0.815972 0.564618 -0.104728
v 0.875428 0.620374 0.005754
v 0.815972 0.564618 -0.104728
v 0.771251 0.683576 -0.082700
v 0.816092 0.455363 0.037324
v 0.771362 0.446566 -0.082592
v 0.815972 0.564618 -0.104728
v 0.815972 0.564618 -0.104728
v 0.771362 0.446566 -0.082592
v 0.700894 0.512345 -0.287882
v 0.771251 0.683576 -0.082700
v 0.815972 0.564618 -0.104728
v 0.684183 0.586221 -0.279712
v 0.815972 0.564618 -0.104728
v 0.700894 0.512345 -0.287882
v 0.684183 0.586221 -0.279712
v 0.771362 0.446566 -0.082592
v 0.684194 0.439314 -0.279718
v 0.700894 0.512345 -0.287882
v 0.700894 0.512345 -0.287882
v 0.684194 0.439314 -0.279718
v 0.389806 0.448699 -0.827331
v 0.389806 0.448699 -0.827331
v 0.377433 0.471775 -0.850303
v 0.700894 0.512345 -0.287882
v 0.377433 0.471775 -0.850303
v 0.371727 0.495399 -0.864343
v 0.700894 0.512345 -0.287882
v 0.700894 0.512345 -0.287882
v 0.371727 0.495399 -0.864343
v 0.385064 0.533812 -0.836430
v 0.385064 0.533812 -0.836430
v 0.684183 0.586221 -0.279712
v 0.700894 0.512345 -0.287882
v 0.385064 0.533812 -0.836430
v 0.440262 0.551649 -0.736079
v 0.684183 0.586221 -0.279712
v 0.385064 0.533812 -0.836430
v 0.393485 0.545289 -0.821120
v 0.440262 0.551649 -0.736079
v -0.173021 0.455901 0.637383
v -0.170135 0.451324 0.632044
v -0.039317 0.462054 0.653951
v -0.170135 0.451324 0.632044
v -0.038556 0.455032 0.646047
v -0.039317 0.462054 0.653951
v -0.038556 0.455032 0.646047
v -0.170135 0.451324 0.632044
v -0.171821 0.460380 0.633123
v -0.039317 0.462054 0.653951
v -0.038556 0.455032 0.646047
v 0.095209 0.455514 0.614249
v -0.037274 0.462308 0.643287
v -0.038556 0.455032 0.646047
v -0.171821 0.460380 0.633123
v -0.038556 0.455032 0.646047
v 0.092290 0.452466 0.607391
v 0.095209 0.455514 0.614249
v 0.092290 0.452466 0.607391
v -0.038556 0.455032 0.646047
v -0.037274 0.462308 0.643287
v 0.095209 0.455514 0.614249
v 0.092290 0.452466 0.607391
v 0.237272 0.454529 0.563986
v 0.092465 0.461869 0.609260
v 0.092290 0.452466 0.607391
v -0.037274 0.462308 0.643287
v 0.092290 0.452466 0.607391
v 0.233575 0.452920 0.556322
v 0.237272 0.454529 0.563986
v 0.233575 0.452920 0.556322
v 0.092290 0.452466 0.607391
v 0.092465 0.461869 0.609260
v 0.234642 0.461091 0.559205
v 0.233575 0.452920 0.556322
v 0.092465 0.461869 0.609260
v 0.234642 0.461091 0.559205
v 0.368544 0.461091 0.485553
v 0.233575 0.452920 0.556322
v 0.371174 0.454529 0.490334
v 0.237272 0.454529 0.563986
v 0.233575 0.452920 0.556322
v 0.368544 0.461091 0.485553
v 0.366679 0.452920 0.483109
v 0.233575 0.452920 0.556322
v 0.366679 0.452920 0.483109
v 0.371174 0.454529 0.490334
v 0.233575 0.452920 0.556322
v 0.366679 0.452920 0.483109
v 0.368544 0.461091 0.485553
v 0.486947 0.461868 0.392279
v 0.366679 0.452920 0.483109
v 0.485463 0.452466 0.391129
v 0.371174 0.454529 0.490334
v 0.485463 0.452466 0.391129
v 0.366679 0.452920 0.483109
v 0.486947 0.461868 0.392279
v 0.485463 0.452466 0.391129
v 0.489691 0.455514 0.397268
v 0.371174 0.454529 0.490334
v 0.485463 0.452466 0.391129
v 0.486947 0.461868 0.392279
v 0.585154 0.462308 0.300925
v 0.485463 0.452466 0.391129
v 0.588173 0.455032 0.301320
v 0.489691 0.455514 0.397268
v 0.588173 0.455032 0.301320
v 0.485463 0.452466 0.391129
v 0.585154 0.462308 0.300925
v 0.588173 0.455032 0.301320
v 0.585154 0.462308 0.300925
v 0.648615 0.460380 0.181849
v 0.588173 0.455032 0.301320
v 0.595254 0.462054 0.304910
v 0.489691 0.455514 0.397268
v 0.646801 0.451324 0.182695
v 0.588173 0.455032 0.301320
v 0.648615 0.460380 0.181849
v 0.588173 0.455032 0.301320
v 0.646801 0.451324 0.182695
v 0.595254 0.462054 0.304910
v 0.646801 0.451324 0.182695
v 0.652854 0.455900 0.183117
v 0.595254 0.462054 0.304910
v -0.171821 0.460380 0.633123
v -0.170135 0.451324 0.632044
v -0.204216 0.460954 0.598699
v -0.170135 0.451324 0.632044
v -0.203132 0.453061 0.596287
v -0.204216 0.460954 0.598699
v -0.203132 0.453061 0.596287
v -0.170135 0.451324 0.632044
v -0.173021 0.455901 0.637383
v -0.204216 0.460954 0.598699
v -0.203132 0.453061 0.596287
v -0.293534 0.453893 0.506032
v -0.209768 0.456036 0.601033
v -0.203132 0.453061 0.596287
v -0.173021 0.455901 0.637383
v -0.203132 0.453061 0.596287
v -0.291909 0.445623 0.504049
v -0.293534 0.453893 0.506032
v -0.291909 0.445623 0.504049
v -0.203132 0.453061 0.596287
v -0.209768 0.456036 0.601033
v -0.293534 0.453893 0.506032
v -0.291909 0.445623 0.504049
v -0.427486 0.444162 0.331753
v -0.298813 0.447985 0.508658
v -0.291909 0.445623 0.504049
v -0.209768 0.456036 0.601033
v -0.291909 0.445623 0.504049
v -0.425227 0.435802 0.330084
v -0.427486 0.444162 0.331753
v -0.425227 0.435802 0.330084
v -0.291909 0.445623 0.504049
v -0.298813 0.447985 0.508658
v -0.427486 0.444162 0.331753
v -0.425227 0.435802 0.330084
v -0.736410 0.448720 -0.207666
v -0.432429 0.437579 0.334472
v -0.425227 0.435802 0.330084
v -0.298813 0.447985 0.508658
v -0.425227 0.435802 0.330084
v -0.735721 0.441539 -0.213728
v -0.736410 0.448720 -0.207666
v -0.735721 0.441539 -0.213728
v -0.425227 0.435802 0.330084
v -0.432429 0.437579 0.334472
v -0.744608 0.442854 -0.210995
v -0.735721 0.441539 -0.213728
v -0.432429 0.437579 0.334472
v -0.736410 0.448720 -0.207666
v -0.735721 0.441539 -0.213728
v -0.749430 0.471661 -0.230469
v -0.735721 0.441539 -0.213728
v -0.749437 0.466392 -0.237760
v -0.749430 0.471661 -0.230469
v -0.749437 0.466392 -0.237760
v -0.735721 0.441539 -0.213728
v -0.744608 0.442854 -0.210995
v -0.749430 0.471661 -0.230469
v -0.749437 0.466392 -0.237760
v -0.756281 0.495523 -0.242870
v -0.757271 0.466460 -0.233194
v -0.749437 0.466392 -0.237760
v -0.744608 0.442854 -0.210995
v -0.749437 0.466392 -0.237760
v -0.756658 0.496900 -0.252631
v -0.756281 0.495523 -0.242870
v -0.756658 0.496900 -0.252631
v -0.749437 0.466392 -0.237760
v -0.757271 0.466460 -0.233194
v -0.756281 0.495523 -0.242870
v -0.756658 0.496900 -0.252631
v -0.741804 0.533812 -0.216605
v -0.765422 0.497829 -0.248779
v -0.756658 0.496900 -0.252631
v -0.757271 0.466460 -0.233194
v -0.756658 0.496900 -0.252631
v -0.741490 0.539661 -0.223034
v -0.741804 0.533812 -0.216605
v -0.741490 0.539661 -0.223034
v -0.756658 0.496900 -0.252631
v -0.765422 0.497829 -0.248779
v -0.741804 0.533812 -0.216605
v -0.741490 0.539661 -0.223034
v -0.733383 0.545290 -0.201295
v -0.749101 0.538850 -0.218341
v -0.741490 0.539661 -0.223034
v -0.765422 0.497829 -0.248779
v -0.741490 0.539661 -0.223034
v -0.732083 0.552874 -0.205632
v -0.733383 0.545290 -0.201295
v -0.732083 0.552874 -0.205632
v -0.741490 0.539661 -0.223034
v -0.749101 0.538850 -0.218341
v -0.733383 0.545290 -0.201295
v -0.732083 0.552874 -0.205632
v -0.686611 0.551649 -0.116262
v -0.739869 0.551432 -0.201557
v -0.732083 0.552874 -0.205632
v -0.749101 0.538850 -0.218341
v -0.732083 0.552874 -0.205632
v -0.684594 0.559806 -0.118959
v -0.686611 0.551649 -0.116262
v -0.684594 0.559806 -0.118959
v -0.732083 0.552874 -0.205632
v -0.739869 0.551432 -0.201557
v -0.686611 0.551649 -0.116262
v -0.684594 0.559806 -0.118959
v -0.427243 0.585714 0.331619
v -0.692452 0.558404 -0.115350
v -0.684594 0.559806 -0.118959
v -0.739869 0.551432 -0.201557
v -0.684594 0.559806 -0.118959
v -0.425245 0.593737 0.328653
v -0.427243 0.585714 0.331619
v -0.425245 0.593737 0.328653
v -0.684594 0.559806 -0.118959
v -0.692452 0.558404 -0.115350
v -0.427243 0.585714 0.331619
v -0.425245 0.593737 0.328653
v -0.294802 0.680180 0.501422
v -0.432134 0.592738 0.334309
v -0.425245 0.593737 0.328653
v -0.692452 0.558404 -0.115350
v -0.425245 0.593737 0.328653
v -0.294075 0.687054 0.495998
v -0.294802 0.680180 0.501422
v -0.294075 0.687054 0.495998
v -0.425245 0.593737 0.328653
v -0.432134 0.592738 0.334309
v -0.294802 0.680180 0.501422
v -0.294075 0.687054 0.495998
v -0.178325 0.778036 0.585670
v -0.300504 0.687873 0.502781
v -0.294075 0.687054 0.495998
v -0.432134 0.592738 0.334309
v -0.294075 0.687054 0.495998
v -0.177231 0.786291 0.578711
v -0.178325 0.778036 0.585670
v -0.177231 0.786291 0.578711
v -0.294075 0.687054 0.495998
v -0.300504 0.687873 0.502781
v -0.178325 0.778036 0.585670
v -0.177231 0.786291 0.578711
v -0.070552 0.821833 0.597366
v -0.179883 0.791460 0.586383
v -0.177231 0.786291 0.578711
v -0.300504 0.687873 0.502781
v -0.177231 0.786291 0.578711
v -0.071605 0.828853 0.591494
v -0.070552 0.821833 0.597366
v -0.071605 0.828853 0.591494
v -0.177231 0.786291 0.578711
v -0.179883 0.791460 0.586383
v -0.070552 0.821833 0.597366
v -0.071605 0.828853 0.591494
v 0.076133 0.861100 0.579568
v -0.071665 0.832770 0.600517
v -0.071605 0.828853 0.591494
v -0.179883 0.791460 0.586383
v -0.071605 0.828853 0.591494
v 0.074812 0.869571 0.573951
v 0.076133 0.861100 0.579568
v 0.074812 0.869571 0.573951
v -0.071605 0.828853 0.591494
v -0.071665 0.832770 0.600517
v 0.076133 0.861100 0.579568
v 0.074812 0.869571 0.573951
v 0.215563 0.873069 0.524519
v 0.077690 0.874079 0.582398
v 0.074812 0.869571 0.573951
v -0.071665 0.832770 0.600517
v 0.074812 0.869571 0.573951
v 0.213501 0.882110 0.519954
v 0.215563 0.873069 0.524519
v 0.213501 0.882110 0.519954
v 0.074812 0.869571 0.573951
v 0.077690 0.874079 0.582398
v 0.217715 0.886691 0.528432
v 0.213501 0.882110 0.519954
v 0.077690 0.874079 0.582398
v 0.217715 0.886691 0.528432
v 0.351618 0.886691 0.454780
v 0.213501 0.882110 0.519954
v 0.349466 0.873069 0.450867
v 0.215563 0.873069 0.524519
v 0.213501 0.882110 0.519954
v 0.351618 0.886691 0.454780
v 0.346712 0.882110 0.446682
v 0.213501 0.882110 0.519954
v 0.346712 0.882110 0.446682
v 0.349466 0.873069 0.450867
v 0.213501 0.882110 0.519954
v 0.346712 0.882110 0.446682
v 0.351618 0.886691 0.454780
v 0.472171 0.874079 0.365416
v 0.346712 0.882110 0.446682
v 0.466578 0.869571 0.358463
v 0.349466 0.873069 0.450867
v 0.466578 0.869571 0.358463
v 0.346712 0.882110 0.446682
v 0.472171 0.874079 0.365416
v 0.466578 0.869571 0.358463
v 0.470615 0.861100 0.362586
v 0.349466 0.873069 0.450867
v 0.466578 0.869571 0.358463
v 0.472171 0.874079 0.365416
v 0.567447 0.832770 0.248979
v 0.466578 0.869571 0.358463
v 0.559795 0.828853 0.244197
v 0.470615 0.861100 0.362586
v 0.559795 0.828853 0.244197
v 0.466578 0.869571 0.358463
v 0.567447 0.832770 0.248979
v 0.559795 0.828853 0.244197
v 0.564189 0.821833 0.248231
v 0.470615 0.861100 0.362586
v 0.559795 0.828853 0.244197
v 0.567447 0.832770 0.248979
v 0.613457 0.791460 0.150013
v 0.559795 0.828853 0.244197
v 0.605556 0.786291 0.148146
v 0.564189 0.821833 0.248231
v 0.605556 0.786291 0.148146
v 0.559795 0.828853 0.244197
v 0.613457 0.791460 0.150013
v 0.605556 0.786291 0.148146
v 0.612018 0.778036 0.150947
v 0.564189 0.821833 0.248231
v 0.605556 0.786291 0.148146
v 0.613457 0.791460 0.150013
v 0.607436 0.687873 0.003375
v 0.605556 0.786291 0.148146
v 0.598264 0.687054 0.005174
v 0.612018 0.778036 0.150947
v 0.598264 0.687054 0.005174
v 0.605556 0.786291 0.148146
v 0.607436 0.687873 0.003375
v 0.598264 0.687054 0.005174
v 0.603234 0.680180 0.007464
v 0.612018 0.778036 0.150947
v 0.598264 0.687054 0.005174
v 0.607436 0.687873 0.003375
v 0.535631 0.592738 -0.198003
v 0.598264 0.687054 0.005174
v 0.527167 0.593737 -0.195214
v 0.603234 0.680180 0.007464
v 0.527167 0.593737 -0.195214
v 0.598264 0.687054 0.005174
v 0.535631 0.592738 -0.198003
v 0.527167 0.593737 -0.195214
v 0.530741 0.585714 -0.195312
v 0.603234 0.680180 0.007464
v 0.527167 0.593737 -0.195214
v 0.535631 0.592738 -0.198003
v 0.295253 0.558404 -0.658630
v 0.527167 0.593737 -0.195214
v 0.287997 0.559806 -0.653925
v 0.530741 0.585714 -0.195312
v 0.287997 0.559806 -0.653925
v 0.527167 0.593737 -0.195214
v 0.295253 0.558404 -0.658630
v 0.287997 0.559806 -0.653925
v 0.291356 0.551649 -0.654185
v 0.530741 0.585714 -0.195312
v 0.287997 0.559806 -0.653925
v 0.295253 0.558404 -0.658630
v 0.247838 0.551432 -0.744837
v 0.287997 0.559806 -0.653925
v 0.240225 0.552874 -0.740442
v 0.291356 0.551649 -0.654185
v 0.240225 0.552874 -0.740442
v 0.287997 0.559806 -0.653925
v 0.247838 0.551432 -0.744837
v 0.240225 0.552874 -0.740442
v 0.244584 0.545289 -0.739218
v 0.291356 0.551649 -0.654185
v 0.240225 0.552874 -0.740442
v 0.247838 0.551432 -0.744837
v 0.238604 0.538850 -0.761621
v 0.240225 0.552874 -0.740442
v 0.230566 0.539660 -0.757706
v 0.244584 0.545289 -0.739218
v 0.230566 0.539660 -0.757706
v 0.240225 0.552874 -0.740442
v 0.238604 0.538850 -0.761621
v 0.230566 0.539660 -0.757706
v 0.236163 0.533812 -0.754528
v 0.244584 0.545289 -0.739218
v 0.230566 0.539660 -0.757706
v 0.238604 0.538850 -0.761621
v 0.221638 0.497829 -0.791703
v 0.230566 0.539660 -0.757706
v 0.213692 0.496900 -0.786364
v 0.236163 0.533812 -0.754528
v 0.213692 0.496900 -0.786364
v 0.230566 0.539660 -0.757706
v 0.221638 0.497829 -0.791703
v 0.213692 0.496900 -0.786364
v 0.221732 0.495523 -0.780819
v 0.236163 0.533812 -0.754528
v 0.213692 0.496900 -0.786364
v 0.221638 0.497829 -0.791703
v 0.230434 0.466460 -0.776473
v 0.213692 0.496900 -0.786364
v 0.222383 0.466392 -0.772302
v 0.221732 0.495523 -0.780819
v 0.222383 0.466392 -0.772302
v 0.213692 0.496900 -0.786364
v 0.230434 0.466460 -0.776473
v 0.222383 0.466392 -0.772302
v 0.230434 0.466460 -0.776473
v 0.242402 0.442854 -0.753892
v 0.222383 0.466392 -0.772302
v 0.228537 0.471661 -0.768392
v 0.221732 0.495523 -0.780819
v 0.235336 0.441539 -0.747850
v 0.222383 0.466392 -0.772302
v 0.242402 0.442854 -0.753892
v 0.222383 0.466392 -0.772302
v 0.235336 0.441539 -0.747850
v 0.228537 0.471661 -0.768392
v 0.235336 0.441539 -0.747850
v 0.240824 0.448720 -0.745186
v 0.228537 0.471661 -0.768392
v 0.235336 0.441539 -0.747850
v 0.528364 0.435802 -0.194432
v 0.240824 0.448720 -0.745186
v 0.528364 0.435802 -0.194432
v 0.530985 0.444162 -0.195447
v 0.240824 0.448720 -0.745186
v 0.528364 0.435802 -0.194432
v 0.235336 0.441539 -0.747850
v 0.535928 0.437579 -0.198166
v 0.235336 0.441539 -0.747850
v 0.242402 0.442854 -0.753892
v 0.535928 0.437579 -0.198166
v 0.528364 0.435802 -0.194432
v 0.535928 0.437579 -0.198166
v 0.611495 0.447985 0.007951
v 0.528364 0.435802 -0.194432
v 0.603903 0.445623 0.011314
v 0.530985 0.444162 -0.195447
v 0.603903 0.445623 0.011314
v 0.528364 0.435802 -0.194432
v 0.611495 0.447985 0.007951
v 0.603903 0.445623 0.011314
v 0.606448 0.453893 0.011003
v 0.530985 0.444162 -0.195447
v 0.603903 0.445623 0.011314
v 0.611495 0.447985 0.007951
v 0.641830 0.456036 0.132618
v 0.603903 0.445623 0.011314
v 0.634270 0.453061 0.135680
v 0.606448 0.453893 0.011003
v 0.634270 0.453061 0.135680
v 0.603903 0.445623 0.011314
v 0.641830 0.456036 0.132618
v 0.634270 0.453061 0.135680
v 0.641830 0.456036 0.132618
v 0.652854 0.455900 0.183117
v 0.634270 0.453061 0.135680
v 0.636886 0.460954 0.136057
v 0.606448 0.453893 0.011003
v 0.646801 0.451324 0.182695
v 0.634270 0.453061 0.135680
v 0.652854 0.455900 0.183117
v 0.634270 0.453061 0.135680
v 0.646801 0.451324 0.182695
v 0.636886 0.460954 0.136057
v 0.646801 0.451324 0.182695
v 0.648615 0.460380 0.181849
v 0.636886 0.460954 0.136057
v -0.289176 0.477592 0.794347
v -0.290468 0.469677 0.798101
v -0.157227 0.487083 0.810746
v -0.290468 0.469677 0.798101
v -0.157195 0.479467 0.815096
v -0.157227 0.487083 0.810746
v -0.157227 0.487083 0.810746
v -0.157195 0.479467 0.815096
v -0.086960 0.488884 0.794276
v -0.157195 0.479467 0.815096
v -0.086312 0.481411 0.798615
v -0.086960 0.488884 0.794276
v -0.086960 0.488884 0.794276
v -0.086312 0.481411 0.798615
v 0.154211 0.488827 0.721517
v -0.086312 0.481411 0.798615
v 0.155431 0.481425 0.725852
v 0.154211 0.488827 0.721517
v 0.154211 0.488827 0.721517
v 0.155431 0.481425 0.725852
v 0.291747 0.488629 0.663026
v 0.155431 0.481425 0.725852
v 0.293632 0.481273 0.667149
v 0.291747 0.488629 0.663026
v 0.425650 0.488629 0.589374
v 0.291747 0.488629 0.663026
v 0.293632 0.481273 0.667149
v -0.086312 0.481411 0.798615
v -0.157195 0.479467 0.815096
v -0.158222 0.479862 0.806486
v -0.089118 0.481618 0.790395
v -0.086312 0.481411 0.798615
v -0.158222 0.479862 0.806486
v 0.155431 0.481425 0.725852
v -0.086312 0.481411 0.798615
v -0.089118 0.481618 0.790395
v -0.158222 0.479862 0.806486
v -0.157195 0.479467 0.815096
v -0.286964 0.470554 0.789863
v -0.157195 0.479467 0.815096
v -0.290468 0.469677 0.798101
v -0.286964 0.470554 0.789863
v 0.152193 0.481582 0.717848
v 0.155431 0.481425 0.725852
v -0.089118 0.481618 0.790395
v 0.293632 0.481273 0.667149
v 0.155431 0.481425 0.725852
v 0.152193 0.481582 0.717848
v 0.289773 0.481407 0.659435
v 0.293632 0.481273 0.667149
v 0.152193 0.481582 0.717848
v -0.286964 0.470554 0.789863
v -0.290468 0.469677 0.798101
v -0.378663 0.448554 0.695274
v 0.289773 0.481407 0.659435
v 0.423675 0.481407 0.585783
v 0.293632 0.481273 0.667149
v -0.290468 0.469677 0.798101
v -0.385438 0.447536 0.700617
v -0.378663 0.448554 0.695274
v -0.385438 0.447536 0.700617
v -0.290468 0.469677 0.798101
v -0.289176 0.477592 0.794347
v -0.378663 0.448554 0.695274
v -0.385438 0.447536 0.700617
v -0.455853 0.439844 0.593190
v -0.383559 0.455363 0.697182
v -0.385438 0.447536 0.700617
v -0.289176 0.477592 0.794347
v 0.423675 0.481407 0.585783
v 0.428122 0.481273 0.593174
v 0.293632 0.481273 0.667149
v 0.428122 0.481273 0.593174
v 0.425650 0.488629 0.589374
v 0.293632 0.481273 0.667149
v 0.428122 0.481273 0.593174
v 0.423675 0.481407 0.585783
v 0.546675 0.481582 0.500867
v -0.385438 0.447536 0.700617
v -0.463106 0.438579 0.597854
v -0.455853 0.439844 0.593190
v -0.463106 0.438579 0.597854
v -0.385438 0.447536 0.700617
v -0.383559 0.455363 0.697182
v -0.455853 0.439844 0.593190
v -0.463106 0.438579 0.597854
v -0.575865 0.432556 0.413367
v -0.460885 0.446567 0.595196
v -0.463106 0.438579 0.597854
v -0.383559 0.455363 0.697182
v 0.428122 0.481273 0.593174
v 0.551700 0.481425 0.507887
v 0.425650 0.488629 0.589374
v 0.551700 0.481425 0.507887
v 0.428122 0.481273 0.593174
v 0.546675 0.481582 0.500867
v 0.551700 0.481425 0.507887
v 0.548693 0.488827 0.504536
v 0.425650 0.488629 0.589374
v 0.551700 0.481425 0.507887
v 0.546675 0.481582 0.500867
v 0.737156 0.481618 0.335910
v -0.463106 0.438579 0.597854
v -0.583208 0.431080 0.417774
v -0.575865 0.432556 0.413367
v -0.583208 0.431080 0.417774
v -0.463106 0.438579 0.597854
v -0.460885 0.446567 0.595196
v -0.575865 0.432556 0.413367
v -0.583208 0.431080 0.417774
v -0.883929 0.442823 -0.134377
v -0.580695 0.439315 0.416024
v -0.583208 0.431080 0.417774
v -0.460885 0.446567 0.595196
v -0.583208 0.431080 0.417774
v -0.890984 0.441508 -0.128322
v -0.883929 0.442823 -0.134377
v -0.890984 0.441508 -0.128322
v -0.583208 0.431080 0.417774
v -0.580695 0.439315 0.416024
v -0.885558 0.448699 -0.125827
v -0.890984 0.441508 -0.128322
v -0.580695 0.439315 0.416024
v 0.551700 0.481425 0.507887
v 0.742596 0.481411 0.342681
v 0.548693 0.488827 0.504536
v 0.742596 0.481411 0.342681
v 0.551700 0.481425 0.507887
v 0.737156 0.481618 0.335910
v 0.742596 0.481411 0.342681
v 0.739279 0.488884 0.339810
v 0.548693 0.488827 0.504536
v 0.742596 0.481411 0.342681
v 0.737156 0.481618 0.335910
v 0.787749 0.479862 0.286162
v 0.742596 0.481411 0.342681
v 0.794469 0.479467 0.291640
v 0.739279 0.488884 0.339810
v 0.794469 0.479467 0.291640
v 0.742596 0.481411 0.342681
v 0.787749 0.479862 0.286162
v 0.794469 0.479467 0.291640
v 0.790814 0.487083 0.289283
v 0.739279 0.488884 0.339810
v 0.794469 0.479467 0.291640
v 0.787749 0.479862 0.286162
v 0.842646 0.470554 0.168530
v 0.794469 0.479467 0.291640
v 0.851478 0.469677 0.169982
v 0.790814 0.487083 0.289283
v 0.851478 0.469677 0.169982
v 0.794469 0.479467 0.291640
v 0.842646 0.470554 0.168530
v 0.851478 0.469677 0.169982
v 0.847615 0.477592 0.169064
v 0.790814 0.487083 0.289283
v 0.851478 0.469677 0.169982
v 0.842646 0.470554 0.168530
v 0.811860 0.448554 0.040436
v 0.819999 0.447536 0.037576
v 0.851478 0.469677 0.169982
v 0.811860 0.448554 0.040436
v 0.851478 0.469677 0.169982
v 0.819999 0.447536 0.037576
v 0.847615 0.477592 0.169064
v 0.819999 0.447536 0.037576
v 0.811860 0.448554 0.040436
v 0.766973 0.439844 -0.079416
v 0.819999 0.447536 0.037576
v 0.816092 0.455363 0.037324
v 0.847615 0.477592 0.169064
v 0.774796 0.438579 -0.083045
v 0.819999 0.447536 0.037576
v 0.766973 0.439844 -0.079416
v 0.819999 0.447536 0.037576
v 0.774796 0.438579 -0.083045
v 0.816092 0.455363 0.037324
v 0.774796 0.438579 -0.083045
v 0.766973 0.439844 -0.079416
v 0.679364 0.432556 -0.277062
v 0.774796 0.438579 -0.083045
v 0.771362 0.446566 -0.082592
v 0.816092 0.455363 0.037324
v 0.687016 0.431080 -0.280903
v 0.774796 0.438579 -0.083045
v 0.679364 0.432556 -0.277062
v 0.774796 0.438579 -0.083045
v 0.687016 0.431080 -0.280903
v 0.771362 0.446566 -0.082592
v 0.687016 0.431080 -0.280903
v 0.679364 0.432556 -0.277062
v 0.381713 0.442823 -0.830533
v 0.687016 0.431080 -0.280903
v 0.684194 0.439314 -0.279718
v 0.771362 0.446566 -0.082592
v 0.390604 0.441508 -0.833250
v 0.687016 0.431080 -0.280903
v 0.381713 0.442823 -0.830533
v 0.687016 0.431080 -0.280903
v 0.390604 0.441508 -0.833250
v 0.684194 0.439314 -0.279718
v 0.390604 0.441508 -0.833250
v 0.389806 0.448699 -0.827331
v 0.684194 0.439314 -0.279718
v 0.390604 0.441508 -0.833250
v 0.377544 0.466190 -0.857378
v 0.389806 0.448699 -0.827331
v 0.377544 0.466190 -0.857378
v 0.377433 0.471775 -0.850303
v 0.389806 0.448699 -0.827331
v 0.377544 0.466190 -0.857378
v 0.390604 0.441508 -0.833250
v 0.369599 0.466429 -0.853017
v 0.390604 0.441508 -0.833250
v 0.381713 0.442823 -0.830533
v 0.369599 0.466429 -0.853017
v 0.377544 0.466190 -0.857378
v 0.369599 0.466429 -0.853017
v 0.364118 0.497829 -0.870074
v 0.377544 0.466190 -0.857378
v 0.372488 0.496671 -0.873880
v 0.377433 0.471775 -0.850303
v 0.372488 0.496671 -0.873880
v 0.377544 0.466190 -0.857378
v 0.364118 0.497829 -0.870074
v 0.372488 0.496671 -0.873880
v 0.371727 0.495399 -0.864343
v 0.377433 0.471775 -0.850303
v 0.372488 0.496671 -0.873880
v 0.364118 0.497829 -0.870074
v 0.377767 0.538850 -0.838166
v 0.372488 0.496671 -0.873880
v 0.385520 0.539722 -0.842707
v 0.371727 0.495399 -0.864343
v 0.385520 0.539722 -0.842707
v 0.372488 0.496671 -0.873880
v 0.377767 0.538850 -0.838166
v 0.385520 0.539722 -0.842707
v 0.385064 0.533812 -0.836430
v 0.371727 0.495399 -0.864343
v 0.385520 0.539722 -0.842707
v 0.377767 0.538850 -0.838166
v 0.386999 0.551432 -0.821382
v 0.385520 0.539722 -0.842707
v 0.394785 0.552874 -0.825457
v 0.385064 0.533812 -0.836430
v 0.394785 0.552874 -0.825457
v 0.385520 0.539722 -0.842707
v 0.386999 0.551432 -0.821382
v 0.394785 0.552874 -0.825457
v 0.393485 0.545289 -0.821120
v 0.385064 0.533812 -0.836430
v 0.394785 0.552874 -0.825457
v 0.386999 0.551432 -0.821382
v 0.434419 0.558404 -0.735171
v 0.394785 0.552874 -0.825457
v 0.442305 0.559840 -0.738684
v 0.393485 0.545289 -0.821120
v 0.442305 0.559840 -0.738684
v 0.394785 0.552874 -0.825457
v 0.434419 0.558404 -0.735171
v 0.442305 0.559840 -0.738684
v 0.440262 0.551649 -0.736079
v 0.393485 0.545289 -0.821120
v 0.442305 0.559840 -0.738684
v 0.434419 0.558404 -0.735171
v 0.679342 0.592965 -0.277050
v 0.442305 0.559840 -0.738684
v 0.686489 0.594290 -0.282019
v 0.440262 0.551649 -0.736079
v 0.686489 0.594290 -0.282019
v 0.442305 0.559840 -0.738684
v 0.679342 0.592965 -0.277050
v 0.686489 0.594290 -0.282019
v 0.684183 0.586221 -0.279712
v 0.440262 0.551649 -0.736079
v 0.686489 0.594290 -0.282019
v 0.679342 0.592965 -0.277050
v 0.764796 0.689676 -0.083180
v 0.686489 0.594290 -0.282019
v 0.772264 0.690899 -0.087547
v 0.684183 0.586221 -0.279712
v 0.772264 0.690899 -0.087547
v 0.686489 0.594290 -0.282019
v 0.764796 0.689676 -0.083180
v 0.772264 0.690899 -0.087547
v 0.771251 0.683576 -0.082700
v 0.684183 0.586221 -0.279712
v 0.772264 0.690899 -0.087547
v 0.764796 0.689676 -0.083180
v 0.807041 0.791843 0.032312
v 0.772264 0.690899 -0.087547
v 0.814241 0.792802 0.027477
v 0.771251 0.683576 -0.082700
v 0.814241 0.792802 0.027477
v 0.772264 0.690899 -0.087547
v 0.807041 0.791843 0.032312
v 0.814241 0.792802 0.027477
v 0.813722 0.786278 0.033318
v 0.771251 0.683576 -0.082700
v 0.814241 0.792802 0.027477
v 0.807041 0.791843 0.032312
v 0.823648 0.834677 0.069713
v 0.814241 0.792802 0.027477
v 0.830501 0.835347 0.064296
v 0.813722 0.786278 0.033318
v 0.830501 0.835347 0.064296
v 0.814241 0.792802 0.027477
v 0.823648 0.834677 0.069713
v 0.830501 0.835347 0.064296
v 0.830129 0.828688 0.069967
v 0.813722 0.786278 0.033318
v 0.830501 0.835347 0.064296
v 0.823648 0.834677 0.069713
v 0.840252 0.871986 0.107116
v 0.830501 0.835347 0.064296
v 0.847713 0.873211 0.102330
v 0.830129 0.828688 0.069967
v 0.847713 0.873211 0.102330
v 0.830501 0.835347 0.064296
v 0.840252 0.871986 0.107116
v 0.847713 0.873211 0.102330
v 0.846536 0.865573 0.106615
v 0.830129 0.828688 0.069967
v 0.847713 0.873211 0.102330
v 0.840252 0.871986 0.107116
v 0.849245 0.899479 0.158434
v 0.847713 0.873211 0.102330
v 0.857249 0.900018 0.153762
v 0.846536 0.865573 0.106615
v 0.857249 0.900018 0.153762
v 0.847713 0.873211 0.102330
v 0.849245 0.899479 0.158434
v 0.857249 0.900018 0.153762
v 0.855177 0.891130 0.155326
v 0.846536 0.865573 0.106615
v 0.857249 0.900018 0.153762
v 0.849245 0.899479 0.158434
v 0.858236 0.921447 0.209752
v 0.857249 0.900018 0.153762
v 0.868227 0.920566 0.207022
v 0.855177 0.891130 0.155326
v 0.868227 0.920566 0.207022
v 0.857249 0.900018 0.153762
v 0.858236 0.921447 0.209752
v 0.868227 0.920566 0.207022
v 0.863818 0.911162 0.204037
v 0.855177 0.891130 0.155326
v 0.868227 0.920566 0.207022
v 0.858236 0.921447 0.209752
v 0.798275 0.944268 0.317694
v 0.868227 0.920566 0.207022
v 0.806533 0.942605 0.320998
v 0.863818 0.911162 0.204037
v 0.806533 0.942605 0.320998
v 0.868227 0.920566 0.207022
v 0.798275 0.944268 0.317694
v 0.806533 0.942605 0.320998
v 0.802821 0.935682 0.316408
v 0.863818 0.911162 0.204037
v 0.806533 0.942605 0.320998
v 0.798275 0.944268 0.317694
v 0.748984 0.953020 0.366175
v 0.806533 0.942605 0.320998
v 0.755710 0.952477 0.371872
v 0.802821 0.935682 0.316408
v 0.755710 0.952477 0.371872
v 0.806533 0.942605 0.320998
v 0.748984 0.953020 0.366175
v 0.755710 0.952477 0.371872
v 0.752680 0.945497 0.367906
v 0.802821 0.935682 0.316408
v 0.755710 0.952477 0.371872
v 0.748984 0.953020 0.366175
v 0.558163 0.976540 0.521753
v 0.755710 0.952477 0.371872
v 0.563331 0.976726 0.528736
v 0.752680 0.945497 0.367906
v 0.563331 0.976726 0.528736
v 0.755710 0.952477 0.371872
v 0.558163 0.976540 0.521753
v 0.563331 0.976726 0.528736
v 0.560220 0.969410 0.525493
v 0.752680 0.945497 0.367906
v 0.563331 0.976726 0.528736
v 0.558163 0.976540 0.521753
v 0.434231 0.984278 0.604973
v 0.563331 0.976726 0.528736
v 0.438731 0.984635 0.612351
v 0.560220 0.969410 0.525493
v 0.438731 0.984635 0.612351
v 0.563331 0.976726 0.528736
v 0.434231 0.984278 0.604973
v 0.438731 0.984635 0.612351
v 0.436317 0.977158 0.608766
v 0.560220 0.969410 0.525493
v 0.438731 0.984635 0.612351
v 0.434231 0.984278 0.604973
v 0.304147 0.984635 0.686377
v 0.436317 0.977158 0.608766
v 0.438731 0.984635 0.612351
v 0.304147 0.984635 0.686377
v 0.302414 0.977158 0.682418
v 0.436317 0.977158 0.608766
v 0.304147 0.984635 0.686377
v 0.434231 0.984278 0.604973
v 0.300328 0.984278 0.678626
v 0.304147 0.984635 0.686377
v 0.302414 0.977158 0.682418
v 0.304147 0.984635 0.686377
v 0.165739 0.969410 0.742474
v 0.166812 0.976726 0.746839
v 0.304147 0.984635 0.686377
v 0.300328 0.984278 0.678626
v 0.304147 0.984635 0.686377
v 0.166812 0.976726 0.746839
v 0.165739 0.969410 0.742474
v 0.163682 0.976540 0.738734
v 0.166812 0.976726 0.746839
v 0.300328 0.984278 0.678626
v 0.165739 0.969410 0.742474
v 0.166812 0.976726 0.746839
v -0.070406 0.945497 0.820638
v -0.068680 0.952477 0.825321
v 0.166812 0.976726 0.746839
v 0.163682 0.976540 0.738734
v 0.166812 0.976726 0.746839
v -0.068680 0.952477 0.825321
v -0.070406 0.945497 0.820638
v -0.069888 0.953020 0.816590
v -0.068680 0.952477 0.825321
v 0.163682 0.976540 0.738734
v -0.070406 0.945497 0.820638
v -0.068680 0.952477 0.825321
v -0.140749 0.935682 0.835411
v -0.138858 0.942605 0.841003
v -0.068680 0.952477 0.825321
v -0.069888 0.953020 0.816590
v -0.068680 0.952477 0.825321
v -0.138858 0.942605 0.841003
v -0.140749 0.935682 0.835411
v -0.137229 0.944268 0.832260
v -0.138858 0.942605 0.841003
v -0.069888 0.953020 0.816590
v -0.140749 0.935682 0.835411
v -0.138858 0.942605 0.841003
v -0.268313 0.911162 0.826757
v -0.268154 0.920566 0.832080
v -0.138858 0.942605 0.841003
v -0.137229 0.944268 0.832260
v -0.138858 0.942605 0.841003
v -0.268154 0.920566 0.832080
v -0.268313 0.911162 0.826757
v -0.260499 0.921447 0.825103
v -0.268154 0.920566 0.832080
v -0.137229 0.944268 0.832260
v -0.268313 0.911162 0.826757
v -0.268154 0.920566 0.832080
v -0.304827 0.891130 0.793378
v -0.307256 0.900018 0.794289
v -0.268154 0.920566 0.832080
v -0.260499 0.921447 0.825103
v -0.268154 0.920566 0.832080
v -0.307256 0.900018 0.794289
v -0.304827 0.891130 0.793378
v -0.299025 0.899479 0.790031
v -0.307256 0.900018 0.794289
v -0.260499 0.921447 0.825103
v -0.304827 0.891130 0.793378
v -0.307256 0.900018 0.794289
v -0.341340 0.865573 0.759997
v -0.345587 0.873211 0.758696
v -0.307256 0.900018 0.794289
v -0.299025 0.899479 0.790031
v -0.307256 0.900018 0.794289
v -0.345587 0.873211 0.758696
v -0.341340 0.865573 0.759997
v -0.337550 0.871986 0.754958
v -0.345587 0.873211 0.758696
v -0.299025 0.899479 0.790031
v -0.341340 0.865573 0.759997
v -0.345587 0.873211 0.758696
v -0.363507 0.828688 0.726517
v -0.368495 0.835347 0.723794
v -0.345587 0.873211 0.758696
v -0.337550 0.871986 0.754958
v -0.345587 0.873211 0.758696
v -0.368495 0.835347 0.723794
v -0.363507 0.828688 0.726517
v -0.360248 0.834677 0.720906
v -0.368495 0.835347 0.723794
v -0.337550 0.871986 0.754958
v -0.363507 0.828688 0.726517
v -0.368495 0.835347 0.723794
v -0.385673 0.786278 0.693036
v -0.390885 0.792802 0.690347
v -0.368495 0.835347 0.723794
v -0.360248 0.834677 0.720906
v -0.368495 0.835347 0.723794
v -0.390885 0.792802 0.690347
v -0.385673 0.786278 0.693036
v -0.382946 0.791843 0.686855
v -0.390885 0.792802 0.690347
v -0.360248 0.834677 0.720906
v -0.385673 0.786278 0.693036
v -0.390885 0.792802 0.690347
v -0.460917 0.683576 0.595045
v -0.465553 0.690899 0.593304
v -0.390885 0.792802 0.690347
v -0.382946 0.791843 0.686855
v -0.390885 0.792802 0.690347
v -0.465553 0.690899 0.593304
v -0.460917 0.683576 0.595045
v -0.457865 0.689676 0.589334
v -0.465553 0.690899 0.593304
v -0.382946 0.791843 0.686855
v -0.460917 0.683576 0.595045
v -0.465553 0.690899 0.593304
v -0.580686 0.586221 0.416019
v -0.583869 0.594290 0.416732
v -0.465553 0.690899 0.593304
v -0.457865 0.689676 0.589334
v -0.465553 0.690899 0.593304
v -0.583869 0.594290 0.416732
v -0.580686 0.586221 0.416019
v -0.575845 0.592965 0.413356
v -0.583869 0.594290 0.416732
v -0.457865 0.689676 0.589334
v -0.580686 0.586221 0.416019
v -0.583869 0.594290 0.416732
v -0.835508 0.551649 -0.034352
v -0.838802 0.559840 -0.034020
v -0.583869 0.594290 0.416732
v -0.575845 0.592965 0.413356
v -0.583869 0.594290 0.416732
v -0.838802 0.559840 -0.034020
v -0.835508 0.551649 -0.034352
v -0.831613 0.558404 -0.038800
v -0.838802 0.559840 -0.034020
v -0.575845 0.592965 0.413356
v -0.835508 0.551649 -0.034352
v -0.838802 0.559840 -0.034020
v -0.882284 0.545290 -0.119393
v -0.886643 0.552874 -0.120617
v -0.838802 0.559840 -0.034020
v -0.831613 0.558404 -0.038800
v -0.838802 0.559840 -0.034020
v -0.886643 0.552874 -0.120617
v -0.882284 0.545290 -0.119393
v -0.879032 0.551432 -0.125011
v -0.886643 0.552874 -0.120617
v -0.831613 0.558404 -0.038800
v -0.882284 0.545290 -0.119393
v -0.886643 0.552874 -0.120617
v -0.890705 0.533812 -0.134703
v -0.896249 0.539722 -0.137679
v -0.886643 0.552874 -0.120617
v -0.879032 0.551432 -0.125011
v -0.886643 0.552874 -0.120617
v -0.896249 0.539722 -0.137679
v -0.890705 0.533812 -0.134703
v -0.888264 0.538850 -0.141796
v -0.896249 0.539722 -0.137679
v -0.879032 0.551432 -0.125011
v -0.890705 0.533812 -0.134703
v -0.896249 0.539722 -0.137679
v -0.907136 0.495399 -0.160914
v -0.915600 0.496671 -0.165377
v -0.896249 0.539722 -0.137679
v -0.888264 0.538850 -0.141796
v -0.896249 0.539722 -0.137679
v -0.915600 0.496671 -0.165377
v -0.907136 0.495399 -0.160914
v -0.907904 0.497829 -0.170408
v -0.915600 0.496671 -0.165377
v -0.888264 0.538850 -0.141796
v -0.907136 0.495399 -0.160914
v -0.915600 0.496671 -0.165377
v -0.898336 0.471775 -0.148576
v -0.904369 0.466190 -0.152272
v -0.915600 0.496671 -0.165377
v -0.907904 0.497829 -0.170408
v -0.915600 0.496671 -0.165377
v -0.904369 0.466190 -0.152272
v -0.898336 0.471775 -0.148576
v -0.898336 0.471775 -0.148576
v -0.904369 0.466190 -0.152272
v -0.885558 0.448699 -0.125827
v -0.896433 0.466429 -0.156646
v -0.904369 0.466190 -0.152272
v -0.907904 0.497829 -0.170408
v -0.904369 0.466190 -0.152272
v -0.890984 0.441508 -0.128322
v -0.885558 0.448699 -0.125827
v -0.890984 0.441508 -0.128322
v -0.904369 0.466190 -0.152272
v -0.896433 0.466429 -0.156646
v -0.883929 0.442823 -0.134377
v -0.890984 0.441508 -0.128322
v -0.896433 0.466429 -0.156646
v 0.635566 -1.000000 0.294488
v 0.637444 -1.000000 0.203854
v 0.696923 -1.000000 0.205086
v 0.695044 -1.000000 0.295721
v 0.635566 -1.000000 0.294488
v 0.696923 -1.000000 0.205086
v 0.641806 0.556764 0.249808
v 0.645548 0.556764 0.246108
v 0.639140 0.429167 0.212571
v 0.645548 0.556764 0.246108
v 0.643404 0.429943 0.208573
v 0.639140 0.429167 0.212571
v 0.639140 0.429167 0.212571
v 0.643404 0.429943 0.208573
v 0.630119 0.240644 0.161583
v 0.645548 0.556764 0.246108
v 0.687076 0.556670 0.246968
v 0.643404 0.429943 0.208573
v 0.643404 0.429943 0.208573
v 0.635927 0.240927 0.156062
v 0.630119 0.240644 0.161583
v 0.630119 0.240644 0.161583
v 0.635927 0.240927 0.156062
v 0.630514 0.050463 0.142572
v 0.687076 0.556670 0.246968
v 0.690774 0.428390 0.209555
v 0.643404 0.429943 0.208573
v 0.643404 0.429943 0.208573
v 0.690774 0.428390 0.209555
v 0.635927 0.240927 0.156062
v 0.687076 0.556670 0.246968
v 0.690661 0.556670 0.250820
v 0.690774 0.428390 0.209555
v 0.635927 0.240927 0.156062
v 0.636322 0.050050 0.137000
v 0.630514 0.050463 0.142572
v 0.630514 0.050463 0.142572
v 0.636322 0.050050 0.137000
v 0.630514 -0.171946 0.142572
v 0.690661 0.556670 0.250820
v 0.694868 0.427356 0.213726
v 0.690774 0.428390 0.209555
v 0.690661 0.556670 0.250820
v 0.689389 0.556670 0.312188
v 0.694868 0.427356 0.213726
v 0.690774 0.428390 0.209555
v 0.700420 0.234731 0.157399
v 0.635927 0.240927 0.156062
v 0.635927 0.240927 0.156062
v 0.700420 0.234731 0.157399
v 0.636322 0.050050 0.137000
v 0.690774 0.428390 0.209555
v 0.694868 0.427356 0.213726
v 0.700420 0.234731 0.157399
v 0.636322 0.050050 0.137000
v 0.636322 -0.172539 0.137000
v 0.630514 -0.171946 0.142572
v 0.630514 -0.171946 0.142572
v 0.636322 -0.172539 0.137000
v 0.630341 -0.322548 0.150890
v 0.689389 0.556670 0.312188
v 0.693408 0.428199 0.284176
v 0.694868 0.427356 0.213726
v 0.689389 0.556670 0.312188
v 0.685646 0.556670 0.315889
v 0.693408 0.428199 0.284176
v 0.694868 0.427356 0.213726
v 0.705993 0.233389 0.163156
v 0.700420 0.234731 0.157399
v 0.694868 0.427356 0.213726
v 0.693408 0.428199 0.284176
v 0.705993 0.233389 0.163156
v 0.700420 0.234731 0.157399
v 0.700815 0.041759 0.138337
v 0.636322 0.050050 0.137000
v 0.636322 0.050050 0.137000
v 0.700815 0.041759 0.138337
v 0.636322 -0.172539 0.137000
v 0.700420 0.234731 0.157399
v 0.705993 0.233389 0.163156
v 0.700815 0.041759 0.138337
v 0.636322 -0.172539 0.137000
v 0.636149 -0.323145 0.145335
v 0.630341 -0.322548 0.150890
v 0.630341 -0.322548 0.150890
v 0.636149 -0.323145 0.145335
v 0.629997 -0.484174 0.167537
v 0.685646 0.556670 0.315889
v 0.689144 0.427321 0.288174
v 0.693408 0.428199 0.284176
v 0.685646 0.556670 0.315889
v 0.644120 0.556670 0.315028
v 0.689144 0.427321 0.288174
v 0.700815 0.041759 0.138337
v 0.700815 -0.177297 0.138337
v 0.636322 -0.172539 0.137000
v 0.636322 -0.172539 0.137000
v 0.700815 -0.177297 0.138337
v 0.636149 -0.323145 0.145335
v 0.705993 0.233389 0.163156
v 0.706387 0.040775 0.144145
v 0.700815 0.041759 0.138337
v 0.700815 0.041759 0.138337
v 0.706387 0.040775 0.144145
v 0.700815 -0.177297 0.138337
v 0.693408 0.428199 0.284176
v 0.704008 0.231804 0.258917
v 0.705993 0.233389 0.163156
v 0.693408 0.428199 0.284176
v 0.689144 0.427321 0.288174
v 0.704008 0.231804 0.258917
v 0.705993 0.233389 0.163156
v 0.704008 0.231804 0.258917
v 0.706387 0.040775 0.144145
v 0.636149 -0.323145 0.145335
v 0.635803 -0.484841 0.162004
v 0.629997 -0.484174 0.167537
v 0.629997 -0.484174 0.167537
v 0.635803 -0.484841 0.162004
v 0.629616 -0.624208 0.185871
v 0.644120 0.556670 0.315028
v 0.641774 0.428251 0.287192
v 0.689144 0.427321 0.288174
v 0.644120 0.556670 0.315028
v 0.640535 0.556670 0.311176
v 0.641774 0.428251 0.287192
v 0.700815 -0.177297 0.138337
v 0.700643 -0.324831 0.146671
v 0.636149 -0.323145 0.145335
v 0.636149 -0.323145 0.145335
v 0.700643 -0.324831 0.146671
v 0.635803 -0.484841 0.162004
v 0.706387 0.040775 0.144145
v 0.706387 -0.177565 0.144145
v 0.700815 -0.177297 0.138337
v 0.700815 -0.177297 0.138337
v 0.706387 -0.177565 0.144145
v 0.700643 -0.324831 0.146671
v 0.689144 0.427321 0.288174
v 0.698202 0.231163 0.264437
v 0.704008 0.231804 0.258917
v 0.689144 0.427321 0.288174
v 0.641774 0.428251 0.287192
v 0.698202 0.231163 0.264437
v 0.704008 0.231804 0.258917
v 0.704404 0.038006 0.239804
v 0.706387 0.040775 0.144145
v 0.706387 0.040775 0.144145
v 0.704404 0.038006 0.239804
v 0.706387 -0.177565 0.144145
v 0.704008 0.231804 0.258917
v 0.698202 0.231163 0.264437
v 0.704404 0.038006 0.239804
v 0.635803 -0.484841 0.162004
v 0.635424 -0.624895 0.180340
v 0.629616 -0.624208 0.185871
v 0.629298 -0.982355 0.201207
v 0.629616 -0.624208 0.185871
v 0.635424 -0.624895 0.180340
v 0.640535 0.556670 0.311176
v 0.637680 0.429310 0.283021
v 0.641774 0.428251 0.287192
v 0.640535 0.556670 0.311176
v 0.641806 0.556764 0.249808
v 0.637680 0.429310 0.283021
v 0.641806 0.556764 0.249808
v 0.639140 0.429167 0.212571
v 0.637680 0.429310 0.283021
v 0.641774 0.428251 0.287192
v 0.633708 0.236343 0.263100
v 0.698202 0.231163 0.264437
v 0.641774 0.428251 0.287192
v 0.637680 0.429310 0.283021
v 0.633708 0.236343 0.263100
v 0.637680 0.429310 0.283021
v 0.639140 0.429167 0.212571
v 0.628134 0.237971 0.257344
v 0.637680 0.429310 0.283021
v 0.628134 0.237971 0.257344
v 0.633708 0.236343 0.263100
v 0.639140 0.429167 0.212571
v 0.630119 0.240644 0.161583
v 0.628134 0.237971 0.257344
v 0.698202 0.231163 0.264437
v 0.698596 0.038003 0.245376
v 0.704404 0.038006 0.239804
v 0.698202 0.231163 0.264437
v 0.633708 0.236343 0.263100
v 0.698596 0.038003 0.245376
v 0.633708 0.236343 0.263100
v 0.628134 0.237971 0.257344
v 0.634103 0.045403 0.244039
v 0.633708 0.236343 0.263100
v 0.634103 0.045403 0.244039
v 0.698596 0.038003 0.245376
v 0.628134 0.237971 0.257344
v 0.630119 0.240644 0.161583
v 0.628531 0.046793 0.238231
v 0.628134 0.237971 0.257344
v 0.628531 0.046793 0.238231
v 0.634103 0.045403 0.244039
v 0.630119 0.240644 0.161583
v 0.630514 0.050463 0.142572
v 0.628531 0.046793 0.238231
v 0.704404 0.038006 0.239804
v 0.698596 0.038003 0.245376
v 0.704404 -0.180086 0.239804
v 0.704404 0.038006 0.239804
v 0.704404 -0.180086 0.239804
v 0.706387 -0.177565 0.144145
v 0.698596 0.038003 0.245376
v 0.634103 0.045403 0.244039
v 0.698596 -0.179791 0.245376
v 0.698596 0.038003 0.245376
v 0.698596 -0.179791 0.245376
v 0.704404 -0.180086 0.239804
v 0.634103 0.045403 0.244039
v 0.628531 0.046793 0.238231
v 0.634103 -0.175780 0.244039
v 0.634103 0.045403 0.244039
v 0.634103 -0.175780 0.244039
v 0.698596 -0.179791 0.245376
v 0.628531 0.046793 0.238231
v 0.630514 0.050463 0.142572
v 0.628531 -0.175266 0.238231
v 0.628531 0.046793 0.238231
v 0.628531 -0.175266 0.238231
v 0.634103 -0.175780 0.244039
v 0.630514 0.050463 0.142572
v 0.630514 -0.171946 0.142572
v 0.628531 -0.175266 0.238231
v 0.706387 -0.177565 0.144145
v 0.704404 -0.180086 0.239804
v 0.706214 -0.324518 0.152462
v 0.706387 -0.177565 0.144145
v 0.706214 -0.324518 0.152462
v 0.700643 -0.324831 0.146671
v 0.704404 -0.180086 0.239804
v 0.698596 -0.179791 0.245376
v 0.704231 -0.326262 0.248156
v 0.704404 -0.180086 0.239804
v 0.704231 -0.326262 0.248156
v 0.706214 -0.324518 0.152462
v 0.698596 -0.179791 0.245376
v 0.634103 -0.175780 0.244039
v 0.698424 -0.325768 0.253710
v 0.698596 -0.179791 0.245376
v 0.698424 -0.325768 0.253710
v 0.704231 -0.326262 0.248156
v 0.634103 -0.175780 0.244039
v 0.628531 -0.175266 0.238231
v 0.633931 -0.324708 0.252373
v 0.634103 -0.175780 0.244039
v 0.633931 -0.324708 0.252373
v 0.698424 -0.325768 0.253710
v 0.628531 -0.175266 0.238231
v 0.630514 -0.171946 0.142572
v 0.628358 -0.324966 0.246583
v 0.628531 -0.175266 0.238231
v 0.628358 -0.324966 0.246583
v 0.633931 -0.324708 0.252373
v 0.630514 -0.171946 0.142572
v 0.630341 -0.322548 0.150890
v 0.628358 -0.324966 0.246583
v 0.700643 -0.324831 0.146671
v 0.706214 -0.324518 0.152462
v 0.700297 -0.484841 0.163341
v 0.700643 -0.324831 0.146671
v 0.700297 -0.484841 0.163341
v 0.635803 -0.484841 0.162004
v 0.635803 -0.484841 0.162004
v 0.700297 -0.484841 0.163341
v 0.635424 -0.624895 0.180340
v 0.706214 -0.324518 0.152462
v 0.704231 -0.326262 0.248156
v 0.705870 -0.484174 0.169110
v 0.706214 -0.324518 0.152462
v 0.705870 -0.484174 0.169110
v 0.700297 -0.484841 0.163341
v 0.704231 -0.326262 0.248156
v 0.698424 -0.325768 0.253710
v 0.703886 -0.485509 0.264847
v 0.704231 -0.326262 0.248156
v 0.703886 -0.485509 0.264847
v 0.705870 -0.484174 0.169110
v 0.698424 -0.325768 0.253710
v 0.633931 -0.324708 0.252373
v 0.698078 -0.484841 0.270380
v 0.698424 -0.325768 0.253710
v 0.698078 -0.484841 0.270380
v 0.703886 -0.485509 0.264847
v 0.633931 -0.324708 0.252373
v 0.628358 -0.324966 0.246583
v 0.633585 -0.484841 0.269043
v 0.633931 -0.324708 0.252373
v 0.633585 -0.484841 0.269043
v 0.698078 -0.484841 0.270380
v 0.628358 -0.324966 0.246583
v 0.630341 -0.322548 0.150890
v 0.628011 -0.485509 0.263274
v 0.628358 -0.324966 0.246583
v 0.628011 -0.485509 0.263274
v 0.633585 -0.484841 0.269043
v 0.630341 -0.322548 0.150890
v 0.629997 -0.484174 0.167537
v 0.628011 -0.485509 0.263274
v 0.700297 -0.484841 0.163341
v 0.699917 -0.624895 0.181677
v 0.635424 -0.624895 0.180340
v 0.700297 -0.484841 0.163341
v 0.705870 -0.484174 0.169110
v 0.699917 -0.624895 0.181677
v 0.705870 -0.484174 0.169110
v 0.703886 -0.485509 0.264847
v 0.705490 -0.624208 0.187444
v 0.705870 -0.484174 0.169110
v 0.705490 -0.624208 0.187444
v 0.699917 -0.624895 0.181677
v 0.703886 -0.485509 0.264847
v 0.698078 -0.484841 0.270380
v 0.703506 -0.625581 0.283185
v 0.703886 -0.485509 0.264847
v 0.703506 -0.625581 0.283185
v 0.705490 -0.624208 0.187444
v 0.698078 -0.484841 0.270380
v 0.633585 -0.484841 0.269043
v 0.697699 -0.624895 0.288716
v 0.698078 -0.484841 0.270380
v 0.697699 -0.624895 0.288716
v 0.703506 -0.625581 0.283185
v 0.633585 -0.484841 0.269043
v 0.628011 -0.485509 0.263274
v 0.633205 -0.624895 0.287379
v 0.633585 -0.484841 0.269043
v 0.633205 -0.624895 0.287379
v 0.697699 -0.624895 0.288716
v 0.628011 -0.485509 0.263274
v 0.629997 -0.484174 0.167537
v 0.627631 -0.625581 0.281613
v 0.628011 -0.485509 0.263274
v 0.627631 -0.625581 0.281613
v 0.633205 -0.624895 0.287379
v 0.629997 -0.484174 0.167537
v 0.629616 -0.624208 0.185871
v 0.627631 -0.625581 0.281613
v 0.629616 -0.624208 0.185871
v 0.629298 -0.982355 0.201207
v 0.627631 -0.625581 0.281613
v 0.635107 -0.982355 0.195599
v 0.635424 -0.624895 0.180340
v 0.699917 -0.624895 0.181677
v 0.635107 -0.982355 0.195599
v 0.629298 -0.982355 0.201207
v 0.635424 -0.624895 0.180340
v 0.637444 -1.000000 0.203854
v 0.629298 -0.982355 0.201207
v 0.635107 -0.982355 0.195599
v 0.699601 -0.982355 0.196936
v 0.635107 -0.982355 0.195599
v 0.699917 -0.624895 0.181677
v 0.637444 -1.000000 0.203854
v 0.635107 -0.982355 0.195599
v 0.699601 -0.982355 0.196936
v 0.696923 -1.000000 0.205086
v 0.637444 -1.000000 0.203854
v 0.699601 -0.982355 0.196936
v 0.699601 -0.982355 0.196936
v 0.699917 -0.624895 0.181677
v 0.705490 -0.624208 0.187444
v 0.633205 -0.624895 0.287379
v 0.627631 -0.625581 0.281613
v 0.632889 -0.982355 0.302638
v 0.633205 -0.624895 0.287379
v 0.632889 -0.982355 0.302638
v 0.697699 -0.624895 0.288716
v 0.629298 -0.982355 0.201207
v 0.627317 -0.982355 0.296795
v 0.627631 -0.625581 0.281613
v 0.627631 -0.625581 0.281613
v 0.627317 -0.982355 0.296795
v 0.632889 -0.982355 0.302638
v 0.635566 -1.000000 0.294488
v 0.632889 -0.982355 0.302638
v 0.627317 -0.982355 0.296795
v 0.635566 -1.000000 0.294488
v 0.627317 -0.982355 0.296795
v 0.629298 -0.982355 0.201207
v 0.637444 -1.000000 0.203854
v 0.635566 -1.000000 0.294488
v 0.629298 -0.982355 0.201207
v 0.705172 -0.982355 0.202780
v 0.699601 -0.982355 0.196936
v 0.705490 -0.624208 0.187444
v 0.696923 -1.000000 0.205086
v 0.699601 -0.982355 0.196936
v 0.705172 -0.982355 0.202780
v 0.703191 -0.982355 0.298367
v 0.705172 -0.982355 0.202780
v 0.705490 -0.624208 0.187444
v 0.703506 -0.625581 0.283185
v 0.703191 -0.982355 0.298367
v 0.705490 -0.624208 0.187444
v 0.703506 -0.625581 0.283185
v 0.697699 -0.624895 0.288716
v 0.703191 -0.982355 0.298367
v 0.696923 -1.000000 0.205086
v 0.705172 -0.982355 0.202780
v 0.703191 -0.982355 0.298367
v 0.695044 -1.000000 0.295721
v 0.696923 -1.000000 0.205086
v 0.703191 -0.982355 0.298367
v 0.697699 -0.624895 0.288716
v 0.697382 -0.982355 0.303975
v 0.703191 -0.982355 0.298367
v 0.632889 -0.982355 0.302638
v 0.697382 -0.982355 0.303975
v 0.697699 -0.624895 0.288716
v 0.695044 -1.000000 0.295721
v 0.703191 -0.982355 0.298367
v 0.697382 -0.982355 0.303975
v 0.695044 -1.000000 0.295721
v 0.697382 -0.982355 0.303975
v 0.632889 -0.982355 0.302638
v 0.635566 -1.000000 0.294488
v 0.695044 -1.000000 0.295721
v 0.632889 -0.982355 0.302638
v 0.287977 -1.000000 -0.724120
v 0.244106 -1.000000 -0.803879
v 0.323865 -1.000000 -0.847749
v 0.367735 -1.000000 -0.767991
v 0.287977 -1.000000 -0.724120
v 0.323865 -1.000000 -0.847749
v 0.357934 0.521427 -0.580301
v 0.311495 0.521228 -0.664728
v 0.354347 0.422741 -0.586821
v 0.311495 0.521228 -0.664728
v 0.307852 0.419903 -0.671351
v 0.354347 0.422741 -0.586821
v 0.354347 0.422741 -0.586821
v 0.307852 0.419903 -0.671351
v 0.345895 0.346396 -0.602187
v 0.311495 0.521228 -0.664728
v 0.313593 0.521228 -0.671991
v 0.307852 0.419903 -0.671351
v 0.307852 0.419903 -0.671351
v 0.299194 0.340711 -0.687091
v 0.345895 0.346396 -0.602187
v 0.345895 0.346396 -0.602187
v 0.299194 0.340711 -0.687091
v 0.326779 0.262161 -0.636941
v 0.313593 0.521228 -0.671991
v 0.309978 0.420619 -0.678563
v 0.307852 0.419903 -0.671351
v 0.307852 0.419903 -0.671351
v 0.309978 0.420619 -0.678563
v 0.299194 0.340711 -0.687091
v 0.313593 0.521228 -0.671991
v 0.398045 0.521228 -0.718443
v 0.309978 0.420619 -0.678563
v 0.299194 0.340711 -0.687091
v 0.279813 0.254771 -0.722327
v 0.326779 0.262161 -0.636941
v 0.326779 0.262161 -0.636941
v 0.279813 0.254771 -0.722327
v 0.307432 0.181459 -0.672115
v 0.309978 0.420619 -0.678563
v 0.301423 0.342306 -0.694116
v 0.299194 0.340711 -0.687091
v 0.299194 0.340711 -0.687091
v 0.301423 0.342306 -0.694116
v 0.279813 0.254771 -0.722327
v 0.398045 0.521228 -0.718443
v 0.394431 0.420395 -0.725015
v 0.309978 0.420619 -0.678563
v 0.309978 0.420619 -0.678563
v 0.394431 0.420395 -0.725015
v 0.301423 0.342306 -0.694116
v 0.398045 0.521228 -0.718443
v 0.405303 0.521228 -0.716326
v 0.394431 0.420395 -0.725015
v 0.279813 0.254771 -0.722327
v 0.260663 0.174998 -0.757142
v 0.307432 0.181459 -0.672115
v 0.307432 0.181459 -0.672115
v 0.260663 0.174998 -0.757142
v 0.297674 0.106849 -0.689856
v 0.301423 0.342306 -0.694116
v 0.282175 0.256946 -0.729110
v 0.279813 0.254771 -0.722327
v 0.279813 0.254771 -0.722327
v 0.282175 0.256946 -0.729110
v 0.260663 0.174998 -0.757142
v 0.405303 0.521228 -0.716326
v 0.401660 0.419606 -0.722949
v 0.394431 0.420395 -0.725015
v 0.405303 0.521228 -0.716326
v 0.451741 0.521228 -0.631899
v 0.401660 0.419606 -0.722949
v 0.394431 0.420395 -0.725015
v 0.385876 0.341691 -0.740568
v 0.301423 0.342306 -0.694116
v 0.301423 0.342306 -0.694116
v 0.385876 0.341691 -0.740568
v 0.282175 0.256946 -0.729110
v 0.394431 0.420395 -0.725015
v 0.401660 0.419606 -0.722949
v 0.385876 0.341691 -0.740568
v 0.260663 0.174998 -0.757142
v 0.251173 0.102624 -0.774396
v 0.297674 0.106849 -0.689856
v 0.297674 0.106849 -0.689856
v 0.251173 0.102624 -0.774396
v 0.294979 0.026000 -0.694754
v 0.451741 0.521228 -0.631899
v 0.448155 0.421526 -0.638419
v 0.401660 0.419606 -0.722949
v 0.451741 0.521228 -0.631899
v 0.449643 0.521228 -0.624636
v 0.448155 0.421526 -0.638419
v 0.282175 0.256946 -0.729110
v 0.262926 0.176792 -0.764105
v 0.260663 0.174998 -0.757142
v 0.260663 0.174998 -0.757142
v 0.262926 0.176792 -0.764105
v 0.251173 0.102624 -0.774396
v 0.401660 0.419606 -0.722949
v 0.393002 0.339954 -0.738690
v 0.385876 0.341691 -0.740568
v 0.401660 0.419606 -0.722949
v 0.448155 0.421526 -0.638419
v 0.393002 0.339954 -0.738690
v 0.385876 0.341691 -0.740568
v 0.366627 0.256281 -0.775563
v 0.282175 0.256946 -0.729110
v 0.282175 0.256946 -0.729110
v 0.366627 0.256281 -0.775563
v 0.262926 0.176792 -0.764105
v 0.385876 0.341691 -0.740568
v 0.393002 0.339954 -0.738690
v 0.366627 0.256281 -0.775563
v 0.449643 0.521228 -0.624636
v 0.446029 0.420831 -0.631207
v 0.448155 0.421526 -0.638419
v 0.449643 0.521228 -0.624636
v 0.365191 0.521427 -0.578184
v 0.446029 0.420831 -0.631207
v 0.448155 0.421526 -0.638419
v 0.439703 0.344324 -0.653785
v 0.393002 0.339954 -0.738690
v 0.448155 0.421526 -0.638419
v 0.446029 0.420831 -0.631207
v 0.439703 0.344324 -0.653785
v 0.393002 0.339954 -0.738690
v 0.373621 0.253958 -0.773925
v 0.366627 0.256281 -0.775563
v 0.393002 0.339954 -0.738690
v 0.439703 0.344324 -0.653785
v 0.373621 0.253958 -0.773925
v 0.366627 0.256281 -0.775563
v 0.347379 0.176323 -0.810557
v 0.262926 0.176792 -0.764105
v 0.366627 0.256281 -0.775563
v 0.373621 0.253958 -0.773925
v 0.347379 0.176323 -0.810557
v 0.262926 0.176792 -0.764105
v 0.253302 0.103410 -0.781602
v 0.251173 0.102624 -0.774396
v 0.262926 0.176792 -0.764105
v 0.347379 0.176323 -0.810557
v 0.253302 0.103410 -0.781602
v 0.365191 0.521427 -0.578184
v 0.361576 0.421984 -0.584755
v 0.446029 0.420831 -0.631207
v 0.365191 0.521427 -0.578184
v 0.357934 0.521427 -0.580301
v 0.361576 0.421984 -0.584755
v 0.357934 0.521427 -0.580301
v 0.354347 0.422741 -0.586821
v 0.361576 0.421984 -0.584755
v 0.446029 0.420831 -0.631207
v 0.437474 0.342759 -0.646761
v 0.439703 0.344324 -0.653785
v 0.446029 0.420831 -0.631207
v 0.361576 0.421984 -0.584755
v 0.437474 0.342759 -0.646761
v 0.361576 0.421984 -0.584755
v 0.354347 0.422741 -0.586821
v 0.353021 0.344721 -0.600308
v 0.361576 0.421984 -0.584755
v 0.353021 0.344721 -0.600308
v 0.437474 0.342759 -0.646761
v 0.354347 0.422741 -0.586821
v 0.345895 0.346396 -0.602187
v 0.353021 0.344721 -0.600308
v 0.439703 0.344324 -0.653785
v 0.420587 0.259754 -0.688539
v 0.373621 0.253958 -0.773925
v 0.439703 0.344324 -0.653785
v 0.437474 0.342759 -0.646761
v 0.420587 0.259754 -0.688539
v 0.373621 0.253958 -0.773925
v 0.354471 0.174408 -0.808740
v 0.347379 0.176323 -0.810557
v 0.373621 0.253958 -0.773925
v 0.420587 0.259754 -0.688539
v 0.354471 0.174408 -0.808740
v 0.353021 0.344721 -0.600308
v 0.345895 0.346396 -0.602187
v 0.333773 0.259910 -0.635303
v 0.345895 0.346396 -0.602187
v 0.326779 0.262161 -0.636941
v 0.333773 0.259910 -0.635303
v 0.437474 0.342759 -0.646761
v 0.353021 0.344721 -0.600308
v 0.418225 0.257629 -0.681755
v 0.437474 0.342759 -0.646761
v 0.418225 0.257629 -0.681755
v 0.420587 0.259754 -0.688539
v 0.353021 0.344721 -0.600308
v 0.333773 0.259910 -0.635303
v 0.418225 0.257629 -0.681755
v 0.333773 0.259910 -0.635303
v 0.326779 0.262161 -0.636941
v 0.314524 0.179618 -0.670298
v 0.326779 0.262161 -0.636941
v 0.307432 0.181459 -0.672115
v 0.314524 0.179618 -0.670298
v 0.420587 0.259754 -0.688539
v 0.418225 0.257629 -0.681755
v 0.401240 0.179289 -0.723713
v 0.420587 0.259754 -0.688539
v 0.401240 0.179289 -0.723713
v 0.354471 0.174408 -0.808740
v 0.418225 0.257629 -0.681755
v 0.333773 0.259910 -0.635303
v 0.398977 0.177561 -0.716750
v 0.333773 0.259910 -0.635303
v 0.314524 0.179618 -0.670298
v 0.398977 0.177561 -0.716750
v 0.418225 0.257629 -0.681755
v 0.398977 0.177561 -0.716750
v 0.401240 0.179289 -0.723713
v 0.347379 0.176323 -0.810557
v 0.354471 0.174408 -0.808740
v 0.337754 0.103101 -0.828055
v 0.347379 0.176323 -0.810557
v 0.337754 0.103101 -0.828055
v 0.253302 0.103410 -0.781602
v 0.314524 0.179618 -0.670298
v 0.307432 0.181459 -0.672115
v 0.304900 0.106026 -0.687795
v 0.307432 0.181459 -0.672115
v 0.297674 0.106849 -0.689856
v 0.304900 0.106026 -0.687795
v 0.354471 0.174408 -0.808740
v 0.401240 0.179289 -0.723713
v 0.344981 0.102205 -0.825994
v 0.354471 0.174408 -0.808740
v 0.344981 0.102205 -0.825994
v 0.337754 0.103101 -0.828055
v 0.401240 0.179289 -0.723713
v 0.398977 0.177561 -0.716750
v 0.391481 0.104891 -0.741454
v 0.401240 0.179289 -0.723713
v 0.391481 0.104891 -0.741454
v 0.344981 0.102205 -0.825994
v 0.398977 0.177561 -0.716750
v 0.314524 0.179618 -0.670298
v 0.389352 0.104168 -0.734247
v 0.314524 0.179618 -0.670298
v 0.304900 0.106026 -0.687795
v 0.389352 0.104168 -0.734247
v 0.398977 0.177561 -0.716750
v 0.389352 0.104168 -0.734247
v 0.391481 0.104891 -0.741454
v 0.304900 0.106026 -0.687795
v 0.297674 0.106849 -0.689856
v 0.302227 0.032487 -0.692655
v 0.297674 0.106849 -0.689856
v 0.294979 0.026000 -0.694754
v 0.302227 0.032487 -0.692655
v 0.389352 0.104168 -0.734247
v 0.304900 0.106026 -0.687795
v 0.386679 0.030819 -0.739107
v 0.304900 0.106026 -0.687795
v 0.302227 0.032487 -0.692655
v 0.386679 0.030819 -0.739107
v 0.302227 0.032487 -0.692655
v 0.294979 0.026000 -0.694754
v 0.289493 -0.975663 -0.715805
v 0.302227 0.032487 -0.692655
v 0.289493 -0.975663 -0.715805
v 0.386679 0.030819 -0.739107
v 0.294979 0.026000 -0.694754
v 0.282242 -0.982355 -0.717912
v 0.289493 -0.975663 -0.715805
v 0.287977 -1.000000 -0.724120
v 0.289493 -0.975663 -0.715805
v 0.282242 -0.982355 -0.717912
v 0.391481 0.104891 -0.741454
v 0.389352 0.104168 -0.734247
v 0.388787 0.024243 -0.746352
v 0.389352 0.104168 -0.734247
v 0.386679 0.030819 -0.739107
v 0.388787 0.024243 -0.746352
v 0.344981 0.102205 -0.825994
v 0.391481 0.104891 -0.741454
v 0.342328 0.022948 -0.830816
v 0.391481 0.104891 -0.741454
v 0.388787 0.024243 -0.746352
v 0.342328 0.022948 -0.830816
v 0.388787 0.024243 -0.746352
v 0.386679 0.030819 -0.739107
v 0.376049 -0.982355 -0.769510
v 0.388787 0.024243 -0.746352
v 0.376049 -0.982355 -0.769510
v 0.342328 0.022948 -0.830816
v 0.289493 -0.975663 -0.715805
v 0.373946 -0.975663 -0.762257
v 0.386679 0.030819 -0.739107
v 0.386679 0.030819 -0.739107
v 0.373946 -0.975663 -0.762257
v 0.376049 -0.982355 -0.769510
v 0.367735 -1.000000 -0.767991
v 0.376049 -0.982355 -0.769510
v 0.373946 -0.975663 -0.762257
v 0.367735 -1.000000 -0.767991
v 0.373946 -0.975663 -0.762257
v 0.289493 -0.975663 -0.715805
v 0.287977 -1.000000 -0.724120
v 0.367735 -1.000000 -0.767991
v 0.289493 -0.975663 -0.715805
v 0.344981 0.102205 -0.825994
v 0.342328 0.022948 -0.830816
v 0.335081 0.029916 -0.832915
v 0.337754 0.103101 -0.828055
v 0.344981 0.102205 -0.825994
v 0.335081 0.029916 -0.832915
v 0.337754 0.103101 -0.828055
v 0.335081 0.029916 -0.832915
v 0.250629 0.030140 -0.786463
v 0.253302 0.103410 -0.781602
v 0.337754 0.103101 -0.828055
v 0.250629 0.030140 -0.786463
v 0.253302 0.103410 -0.781602
v 0.250629 0.030140 -0.786463
v 0.248520 0.023258 -0.779218
v 0.251173 0.102624 -0.774396
v 0.253302 0.103410 -0.781602
v 0.248520 0.023258 -0.779218
v 0.251173 0.102624 -0.774396
v 0.248520 0.023258 -0.779218
v 0.294979 0.026000 -0.694754
v 0.248520 0.023258 -0.779218
v 0.235792 -0.982355 -0.802360
v 0.294979 0.026000 -0.694754
v 0.235792 -0.982355 -0.802360
v 0.248520 0.023258 -0.779218
v 0.250629 0.030140 -0.786463
v 0.235792 -0.982355 -0.802360
v 0.282242 -0.982355 -0.717912
v 0.294979 0.026000 -0.694754
v 0.287977 -1.000000 -0.724120
v 0.282242 -0.982355 -0.717912
v 0.235792 -0.982355 -0.802360
v 0.244106 -1.000000 -0.803879
v 0.287977 -1.000000 -0.724120
v 0.235792 -0.982355 -0.802360
v 0.237895 -0.975663 -0.809612
v 0.235792 -0.982355 -0.802360
v 0.250629 0.030140 -0.786463
v 0.237895 -0.975663 -0.809612
v 0.250629 0.030140 -0.786463
v 0.335081 0.029916 -0.832915
v 0.244106 -1.000000 -0.803879
v 0.235792 -0.982355 -0.802360
v 0.237895 -0.975663 -0.809612
v 0.322348 -0.975663 -0.856065
v 0.237895 -0.975663 -0.809612
v 0.335081 0.029916 -0.832915
v 0.322348 -0.975663 -0.856065
v 0.335081 0.029916 -0.832915
v 0.342328 0.022948 -0.830816
v 0.244106 -1.000000 -0.803879
v 0.237895 -0.975663 -0.809612
v 0.322348 -0.975663 -0.856065
v 0.323865 -1.000000 -0.847749
v 0.244106 -1.000000 -0.803879
v 0.322348 -0.975663 -0.856065
v 0.329599 -0.982355 -0.853958
v 0.322348 -0.975663 -0.856065
v 0.342328 0.022948 -0.830816
v 0.323865 -1.000000 -0.847749
v 0.322348 -0.975663 -0.856065
v 0.329599 -0.982355 -0.853958
v 0.376049 -0.982355 -0.769510
v 0.329599 -0.982355 -0.853958
v 0.342328 0.022948 -0.830816
v 0.323865 -1.000000 -0.847749
v 0.329599 -0.982355 -0.853958
v 0.376049 -0.982355 -0.769510
v 0.367735 -1.000000 -0.767991
v 0.323865 -1.000000 -0.847749
v 0.376049 -0.982355 -0.769510
v -0.743867 -1.000000 -0.156563
v -0.823625 -1.000000 -0.112692
v -0.867496 -1.000000 -0.192451
v -0.787737 -1.000000 -0.236321
v -0.743867 -1.000000 -0.156563
v -0.867496 -1.000000 -0.192451
v -0.706299 0.521228 -0.104899
v -0.659860 0.521427 -0.020471
v -0.663446 0.422741 -0.026991
v -0.709942 0.419903 -0.111522
v -0.706299 0.521228 -0.104899
v -0.663446 0.422741 -0.026991
v -0.709942 0.419903 -0.111522
v -0.663446 0.422741 -0.026991
v -0.671898 0.346396 -0.042357
v -0.713555 0.521228 -0.107016
v -0.706299 0.521228 -0.104899
v -0.709942 0.419903 -0.111522
v -0.718600 0.340711 -0.127262
v -0.709942 0.419903 -0.111522
v -0.671898 0.346396 -0.042357
v -0.718600 0.340711 -0.127262
v -0.671898 0.346396 -0.042357
v -0.691015 0.262161 -0.077111
v -0.717170 0.420619 -0.113588
v -0.713555 0.521228 -0.107016
v -0.709942 0.419903 -0.111522
v -0.717170 0.420619 -0.113588
v -0.709942 0.419903 -0.111522
v -0.718600 0.340711 -0.127262
v -0.798009 0.521228 -0.060563
v -0.713555 0.521228 -0.107016
v -0.717170 0.420619 -0.113588
v -0.737981 0.254771 -0.162497
v -0.718600 0.340711 -0.127262
v -0.691015 0.262161 -0.077111
v -0.737981 0.254771 -0.162497
v -0.691015 0.262161 -0.077111
v -0.710362 0.181459 -0.112285
v -0.725725 0.342306 -0.129141
v -0.717170 0.420619 -0.113588
v -0.718600 0.340711 -0.127262
v -0.725725 0.342306 -0.129141
v -0.718600 0.340711 -0.127262
v -0.737981 0.254771 -0.162497
v -0.801623 0.420395 -0.067135
v -0.798009 0.521228 -0.060563
v -0.717170 0.420619 -0.113588
v -0.801623 0.420395 -0.067135
v -0.717170 0.420619 -0.113588
v -0.725725 0.342306 -0.129141
v -0.800107 0.521228 -0.053300
v -0.798009 0.521228 -0.060563
v -0.801623 0.420395 -0.067135
v -0.757130 0.174998 -0.197312
v -0.737981 0.254771 -0.162497
v -0.710362 0.181459 -0.112285
v -0.757130 0.174998 -0.197312
v -0.710362 0.181459 -0.112285
v -0.720120 0.106849 -0.130026
v -0.744973 0.256946 -0.164136
v -0.725725 0.342306 -0.129141
v -0.737981 0.254771 -0.162497
v -0.744973 0.256946 -0.164136
v -0.737981 0.254771 -0.162497
v -0.757130 0.174998 -0.197312
v -0.803750 0.419606 -0.059923
v -0.800107 0.521228 -0.053300
v -0.801623 0.420395 -0.067135
v -0.753668 0.521228 0.031127
v -0.800107 0.521228 -0.053300
v -0.803750 0.419606 -0.059923
v -0.810178 0.341691 -0.082688
v -0.801623 0.420395 -0.067135
v -0.725725 0.342306 -0.129141
v -0.810178 0.341691 -0.082688
v -0.725725 0.342306 -0.129141
v -0.744973 0.256946 -0.164136
v -0.803750 0.419606 -0.059923
v -0.801623 0.420395 -0.067135
v -0.810178 0.341691 -0.082688
v -0.766621 0.102624 -0.214566
v -0.757130 0.174998 -0.197312
v -0.720120 0.106849 -0.130026
v -0.766621 0.102624 -0.214566
v -0.720120 0.106849 -0.130026
v -0.722814 0.026000 -0.134924
v -0.757254 0.421526 0.024607
v -0.753668 0.521228 0.031127
v -0.803750 0.419606 -0.059923
v -0.746411 0.521228 0.033244
v -0.753668 0.521228 0.031127
v -0.757254 0.421526 0.024607
v -0.764222 0.176792 -0.199130
v -0.744973 0.256946 -0.164136
v -0.757130 0.174998 -0.197312
v -0.764222 0.176792 -0.199130
v -0.757130 0.174998 -0.197312
v -0.766621 0.102624 -0.214566
v -0.812408 0.339954 -0.075664
v -0.803750 0.419606 -0.059923
v -0.810178 0.341691 -0.082688
v -0.757254 0.421526 0.024607
v -0.803750 0.419606 -0.059923
v -0.812408 0.339954 -0.075664
v -0.829427 0.256281 -0.117682
v -0.810178 0.341691 -0.082688
v -0.744973 0.256946 -0.164136
v -0.829427 0.256281 -0.117682
v -0.744973 0.256946 -0.164136
v -0.764222 0.176792 -0.199130
v -0.812408 0.339954 -0.075664
v -0.810178 0.341691 -0.082688
v -0.829427 0.256281 -0.117682
v -0.750025 0.420831 0.026673
v -0.746411 0.521228 0.033244
v -0.757254 0.421526 0.024607
v -0.661957 0.521427 -0.013209
v -0.746411 0.521228 0.033244
v -0.750025 0.420831 0.026673
v -0.765706 0.344324 0.009241
v -0.757254 0.421526 0.024607
v -0.812408 0.339954 -0.075664
v -0.750025 0.420831 0.026673
v -0.757254 0.421526 0.024607
v -0.765706 0.344324 0.009241
v -0.831788 0.253958 -0.110899
v -0.812408 0.339954 -0.075664
v -0.829427 0.256281 -0.117682
v -0.765706 0.344324 0.009241
v -0.812408 0.339954 -0.075664
v -0.831788 0.253958 -0.110899
v -0.848675 0.176323 -0.152677
v -0.829427 0.256281 -0.117682
v -0.764222 0.176792 -0.199130
v -0.831788 0.253958 -0.110899
v -0.829427 0.256281 -0.117682
v -0.848675 0.176323 -0.152677
v -0.773846 0.103410 -0.216627
v -0.764222 0.176792 -0.199130
v -0.766621 0.102624 -0.214566
v -0.848675 0.176323 -0.152677
v -0.764222 0.176792 -0.199130
v -0.773846 0.103410 -0.216627
v -0.665571 0.421984 -0.019780
v -0.661957 0.521427 -0.013209
v -0.750025 0.420831 0.026673
v -0.659860 0.521427 -0.020471
v -0.661957 0.521427 -0.013209
v -0.665571 0.421984 -0.019780
v -0.663446 0.422741 -0.026991
v -0.659860 0.521427 -0.020471
v -0.665571 0.421984 -0.019780
v -0.758580 0.342759 0.011120
v -0.750025 0.420831 0.026673
v -0.765706 0.344324 0.009241
v -0.665571 0.421984 -0.019780
v -0.750025 0.420831 0.026673
v -0.758580 0.342759 0.011120
v -0.663446 0.422741 -0.026991
v -0.665571 0.421984 -0.019780
v -0.674126 0.344721 -0.035333
v -0.674126 0.344721 -0.035333
v -0.665571 0.421984 -0.019780
v -0.758580 0.342759 0.011120
v -0.671898 0.346396 -0.042357
v -0.663446 0.422741 -0.026991
v -0.674126 0.344721 -0.035333
v -0.784822 0.259754 -0.025513
v -0.765706 0.344324 0.009241
v -0.831788 0.253958 -0.110899
v -0.758580 0.342759 0.011120
v -0.765706 0.344324 0.009241
v -0.784822 0.259754 -0.025513
v -0.850938 0.174408 -0.145714
v -0.831788 0.253958 -0.110899
v -0.848675 0.176323 -0.152677
v -0.784822 0.259754 -0.025513
v -0.831788 0.253958 -0.110899
v -0.850938 0.174408 -0.145714
v -0.671898 0.346396 -0.042357
v -0.674126 0.344721 -0.035333
v -0.693375 0.259910 -0.070328
v -0.691015 0.262161 -0.077111
v -0.671898 0.346396 -0.042357
v -0.693375 0.259910 -0.070328
v -0.674126 0.344721 -0.035333
v -0.758580 0.342759 0.011120
v -0.777829 0.257629 -0.023875
v -0.777829 0.257629 -0.023875
v -0.758580 0.342759 0.011120
v -0.784822 0.259754 -0.025513
v -0.693375 0.259910 -0.070328
v -0.674126 0.344721 -0.035333
v -0.777829 0.257629 -0.023875
v -0.691015 0.262161 -0.077111
v -0.693375 0.259910 -0.070328
v -0.712623 0.179618 -0.105323
v -0.710362 0.181459 -0.112285
v -0.691015 0.262161 -0.077111
v -0.712623 0.179618 -0.105323
v -0.777829 0.257629 -0.023875
v -0.784822 0.259754 -0.025513
v -0.804170 0.179289 -0.060687
v -0.804170 0.179289 -0.060687
v -0.784822 0.259754 -0.025513
v -0.850938 0.174408 -0.145714
v -0.693375 0.259910 -0.070328
v -0.777829 0.257629 -0.023875
v -0.797077 0.177561 -0.058870
v -0.712623 0.179618 -0.105323
v -0.693375 0.259910 -0.070328
v -0.797077 0.177561 -0.058870
v -0.797077 0.177561 -0.058870
v -0.777829 0.257629 -0.023875
v -0.804170 0.179289 -0.060687
v -0.850938 0.174408 -0.145714
v -0.848675 0.176323 -0.152677
v -0.858299 0.103101 -0.170174
v -0.858299 0.103101 -0.170174
v -0.848675 0.176323 -0.152677
v -0.773846 0.103410 -0.216627
v -0.710362 0.181459 -0.112285
v -0.712623 0.179618 -0.105323
v -0.722248 0.106026 -0.122820
v -0.720120 0.106849 -0.130026
v -0.710362 0.181459 -0.112285
v -0.722248 0.106026 -0.122820
v -0.804170 0.179289 -0.060687
v -0.850938 0.174408 -0.145714
v -0.860429 0.102205 -0.162968
v -0.860429 0.102205 -0.162968
v -0.850938 0.174408 -0.145714
v -0.858299 0.103101 -0.170174
v -0.797077 0.177561 -0.058870
v -0.804170 0.179289 -0.060687
v -0.813928 0.104891 -0.078428
v -0.813928 0.104891 -0.078428
v -0.804170 0.179289 -0.060687
v -0.860429 0.102205 -0.162968
v -0.712623 0.179618 -0.105323
v -0.797077 0.177561 -0.058870
v -0.806701 0.104168 -0.076367
v -0.722248 0.106026 -0.122820
v -0.712623 0.179618 -0.105323
v -0.806701 0.104168 -0.076367
v -0.806701 0.104168 -0.076367
v -0.797077 0.177561 -0.058870
v -0.813928 0.104891 -0.078428
v -0.720120 0.106849 -0.130026
v -0.722248 0.106026 -0.122820
v -0.724921 0.025795 -0.127680
v -0.722814 0.026000 -0.134924
v -0.720120 0.106849 -0.130026
v -0.724921 0.025795 -0.127680
v -0.722248 0.106026 -0.122820
v -0.806701 0.104168 -0.076367
v -0.809375 0.024126 -0.081227
v -0.724921 0.025795 -0.127680
v -0.722248 0.106026 -0.122820
v -0.809375 0.024126 -0.081227
v -0.722814 0.026000 -0.134924
v -0.724921 0.025795 -0.127680
v -0.737655 -0.982355 -0.150830
v -0.737655 -0.982355 -0.150830
v -0.724921 0.025795 -0.127680
v -0.809375 0.024126 -0.081227
v -0.735552 -0.982355 -0.158082
v -0.722814 0.026000 -0.134924
v -0.737655 -0.982355 -0.150830
v -0.737655 -0.982355 -0.150830
v -0.743867 -1.000000 -0.156563
v -0.735552 -0.982355 -0.158082
v -0.806701 0.104168 -0.076367
v -0.813928 0.104891 -0.078428
v -0.816622 0.024243 -0.083326
v -0.809375 0.024126 -0.081227
v -0.806701 0.104168 -0.076367
v -0.816622 0.024243 -0.083326
v -0.813928 0.104891 -0.078428
v -0.860429 0.102205 -0.162968
v -0.863081 0.022948 -0.167790
v -0.816622 0.024243 -0.083326
v -0.813928 0.104891 -0.078428
v -0.863081 0.022948 -0.167790
v -0.809375 0.024126 -0.081227
v -0.816622 0.024243 -0.083326
v -0.829360 -0.982355 -0.106484
v -0.829360 -0.982355 -0.106484
v -0.816622 0.024243 -0.083326
v -0.863081 0.022948 -0.167790
v -0.822108 -0.982355 -0.104377
v -0.737655 -0.982355 -0.150830
v -0.809375 0.024126 -0.081227
v -0.822108 -0.982355 -0.104377
v -0.809375 0.024126 -0.081227
v -0.829360 -0.982355 -0.106484
v -0.829360 -0.982355 -0.106484
v -0.823625 -1.000000 -0.112692
v -0.822108 -0.982355 -0.104377
v -0.822108 -0.982355 -0.104377
v -0.823625 -1.000000 -0.112692
v -0.737655 -0.982355 -0.150830
v -0.823625 -1.000000 -0.112692
v -0.743867 -1.000000 -0.156563
v -0.737655 -0.982355 -0.150830
v -0.863081 0.022948 -0.167790
v -0.860429 0.102205 -0.162968
v -0.860973 0.023224 -0.175035
v -0.860429 0.102205 -0.162968
v -0.858299 0.103101 -0.170174
v -0.860973 0.023224 -0.175035
v -0.860973 0.023224 -0.175035
v -0.858299 0.103101 -0.170174
v -0.776519 0.023448 -0.221488
v -0.858299 0.103101 -0.170174
v -0.773846 0.103410 -0.216627
v -0.776519 0.023448 -0.221488
v -0.776519 0.023448 -0.221488
v -0.773846 0.103410 -0.216627
v -0.769273 0.023258 -0.219389
v -0.773846 0.103410 -0.216627
v -0.766621 0.102624 -0.214566
v -0.769273 0.023258 -0.219389
v -0.769273 0.023258 -0.219389
v -0.766621 0.102624 -0.214566
v -0.722814 0.026000 -0.134924
v -0.782002 -0.982355 -0.242530
v -0.769273 0.023258 -0.219389
v -0.722814 0.026000 -0.134924
v -0.769273 0.023258 -0.219389
v -0.782002 -0.982355 -0.242530
v -0.776519 0.023448 -0.221488
v -0.735552 -0.982355 -0.158082
v -0.782002 -0.982355 -0.242530
v -0.722814 0.026000 -0.134924
v -0.735552 -0.982355 -0.158082
v -0.743867 -1.000000 -0.156563
v -0.782002 -0.982355 -0.242530
v -0.743867 -1.000000 -0.156563
v -0.787737 -1.000000 -0.236321
v -0.782002 -0.982355 -0.242530
v -0.782002 -0.982355 -0.242530
v -0.789253 -0.982355 -0.244638
v -0.776519 0.023448 -0.221488
v -0.776519 0.023448 -0.221488
v -0.789253 -0.982355 -0.244638
v -0.860973 0.023224 -0.175035
v -0.782002 -0.982355 -0.242530
v -0.787737 -1.000000 -0.236321
v -0.789253 -0.982355 -0.244638
v -0.789253 -0.982355 -0.244638
v -0.873706 -0.982355 -0.198185
v -0.860973 0.023224 -0.175035
v -0.860973 0.023224 -0.175035
v -0.873706 -0.982355 -0.198185
v -0.863081 0.022948 -0.167790
v -0.789253 -0.982355 -0.244638
v -0.787737 -1.000000 -0.236321
v -0.873706 -0.982355 -0.198185
v -0.787737 -1.000000 -0.236321
v -0.867496 -1.000000 -0.192451
v -0.873706 -0.982355 -0.198185
v -0.873706 -0.982355 -0.198185
v -0.875810 -0.982355 -0.190932
v -0.863081 0.022948 -0.167790
v -0.873706 -0.982355 -0.198185
v -0.867496 -1.000000 -0.192451
v -0.875810 -0.982355 -0.190932
v -0.875810 -0.982355 -0.190932
v -0.829360 -0.982355 -0.106484
v -0.863081 0.022948 -0.167790
v -0.875810 -0.982355 -0.190932
v -0.867496 -1.000000 -0.192451
v -0.829360 -0.982355 -0.106484
v -0.867496 -1.000000 -0.192451
v -0.823625 -1.000000 -0.112692
v -0.829360 -0.982355 -0.106484
v -0.228936 -0.217900 0.588704
v -0.265872 -0.225888 0.674562
v -0.336489 -0.226708 0.666635
v -0.336489 -0.226708 0.666635
v -0.434470 -0.226630 0.590520
v -0.228936 -0.217900 0.588704
v -0.228936 -0.217900 0.588704
v -0.434470 -0.226630 0.590520
v -0.192110 -0.189353 0.353658
v -0.182146 -0.215775 0.577733
v -0.228936 -0.217900 0.588704
v -0.192110 -0.189353 0.353658
v -0.434470 -0.226630 0.590520
v -0.517509 -0.226772 0.482041
v -0.192110 -0.189353 0.353658
v -0.192110 -0.189353 0.353658
v -0.017369 -0.219483 0.609995
v -0.182146 -0.215775 0.577733
v -0.326109 -0.179976 0.115590
v -0.192110 -0.189353 0.353658
v -0.517509 -0.226772 0.482041
v -0.632980 -0.225690 0.284382
v -0.326109 -0.179976 0.115590
v -0.517509 -0.226772 0.482041
v -0.326109 -0.179976 0.115590
v -0.632980 -0.225690 0.284382
v -0.729954 -0.228434 0.095798
v -0.192110 -0.189353 0.353658
v -0.035799 -0.173615 0.273413
v -0.017369 -0.219483 0.609995
v -0.035799 -0.173615 0.273413
v 0.128590 -0.216501 0.541604
v -0.017369 -0.219483 0.609995
v -0.447294 -0.200268 -0.110277
v -0.326109 -0.179976 0.115590
v -0.729954 -0.228434 0.095798
v -0.447294 -0.200268 -0.110277
v -0.729954 -0.228434 0.095798
v -0.777112 -0.229671 -0.032417
v -0.326109 -0.179976 0.115590
v -0.171047 -0.160738 0.030300
v -0.192110 -0.189353 0.353658
v -0.171047 -0.160738 0.030300
v -0.035799 -0.173615 0.273413
v -0.192110 -0.189353 0.353658
v -0.035799 -0.173615 0.273413
v 0.120512 -0.167306 0.193168
v 0.128590 -0.216501 0.541604
v 0.120512 -0.167306 0.193168
v 0.274549 -0.216248 0.473213
v 0.128590 -0.216501 0.541604
v 0.274549 -0.216248 0.473213
v 0.120512 -0.167306 0.193168
v 0.410464 -0.216501 0.386562
v -0.015986 -0.151086 -0.054991
v 0.120512 -0.167306 0.193168
v -0.035799 -0.173615 0.273413
v -0.171047 -0.160738 0.030300
v -0.015986 -0.151086 -0.054991
v -0.035799 -0.173615 0.273413
v 0.120512 -0.167306 0.193168
v 0.271982 -0.173615 0.104121
v 0.410464 -0.216501 0.386562
v 0.120512 -0.167306 0.193168
v -0.015986 -0.151086 -0.054991
v 0.271982 -0.173615 0.104121
v 0.410464 -0.216501 0.386562
v 0.271982 -0.173615 0.104121
v 0.546380 -0.219483 0.299909
v 0.271982 -0.173615 0.104121
v 0.423451 -0.189353 0.015073
v 0.546380 -0.219483 0.299909
v 0.607362 -0.215775 0.143471
v 0.546380 -0.219483 0.299909
v 0.423451 -0.189353 0.015073
v 0.423451 -0.189353 0.015073
v 0.641681 -0.217900 0.109828
v 0.607362 -0.215775 0.143471
v -0.295825 -0.184542 -0.199325
v -0.171047 -0.160738 0.030300
v -0.326109 -0.179976 0.115590
v -0.447294 -0.200268 -0.110277
v -0.295825 -0.184542 -0.199325
v -0.326109 -0.179976 0.115590
v -0.015986 -0.151086 -0.054991
v 0.139076 -0.160738 -0.140281
v 0.271982 -0.173615 0.104121
v 0.271982 -0.173615 0.104121
v 0.139076 -0.160738 -0.140281
v 0.423451 -0.189353 0.015073
v -0.144356 -0.174462 -0.288373
v -0.015986 -0.151086 -0.054991
v -0.171047 -0.160738 0.030300
v -0.295825 -0.184542 -0.199325
v -0.144356 -0.174462 -0.288373
v -0.171047 -0.160738 0.030300
v -0.015986 -0.151086 -0.054991
v -0.144356 -0.174462 -0.288373
v 0.139076 -0.160738 -0.140281
v 0.423451 -0.189353 0.015073
v 0.753269 -0.226630 -0.062787
v 0.641681 -0.217900 0.109828
v 0.641681 -0.217900 0.109828
v 0.753269 -0.226630 -0.062787
v 0.765088 -0.226708 0.060721
v 0.765088 -0.226708 0.060721
v 0.733973 -0.225888 0.124605
v 0.641681 -0.217900 0.109828
v 0.423451 -0.189353 0.015073
v 0.706115 -0.226772 -0.191004
v 0.753269 -0.226630 -0.062787
v 0.423451 -0.189353 0.015073
v 0.294138 -0.179976 -0.225572
v 0.706115 -0.226772 -0.191004
v 0.139076 -0.160738 -0.140281
v 0.294138 -0.179976 -0.225572
v 0.423451 -0.189353 0.015073
v 0.294138 -0.179976 -0.225572
v 0.601008 -0.225690 -0.394363
v 0.706115 -0.226772 -0.191004
v 0.601008 -0.225690 -0.394363
v 0.294138 -0.179976 -0.225572
v 0.493663 -0.228434 -0.577244
v -0.144356 -0.174462 -0.288373
v 0.011956 -0.184542 -0.368617
v 0.139076 -0.160738 -0.140281
v 0.139076 -0.160738 -0.140281
v 0.011956 -0.184542 -0.368617
v 0.294138 -0.179976 -0.225572
v 0.294138 -0.179976 -0.225572
v 0.168267 -0.200268 -0.448862
v 0.493663 -0.228434 -0.577244
v 0.011956 -0.184542 -0.368617
v 0.168267 -0.200268 -0.448862
v 0.294138 -0.179976 -0.225572
v 0.410627 -0.229671 -0.685724
v 0.493663 -0.228434 -0.577244
v 0.168267 -0.200268 -0.448862
v -0.298392 -0.218392 -0.568417
v -0.144356 -0.174462 -0.288373
v -0.295825 -0.184542 -0.199325
v -0.144356 -0.174462 -0.288373
v -0.298392 -0.218392 -0.568417
v 0.011956 -0.184542 -0.368617
v 0.168267 -0.200268 -0.448862
v 0.281306 -0.225620 -0.670269
v 0.410627 -0.229671 -0.685724
v 0.168267 -0.200268 -0.448862
v -0.001406 -0.227561 -0.709682
v 0.281306 -0.225620 -0.670269
v 0.281306 -0.225620 -0.670269
v 0.366857 -0.229784 -0.709888
v 0.410627 -0.229671 -0.685724
v -0.001406 -0.227561 -0.709682
v 0.226763 -0.229834 -0.775947
v 0.281306 -0.225620 -0.670269
v 0.011956 -0.184542 -0.368617
v -0.149898 -0.222977 -0.639050
v 0.168267 -0.200268 -0.448862
v -0.298392 -0.218392 -0.568417
v -0.149898 -0.222977 -0.639050
v 0.011956 -0.184542 -0.368617
v -0.149898 -0.222977 -0.639050
v -0.001406 -0.227561 -0.709682
v 0.168267 -0.200268 -0.448862
v -0.437556 -0.222977 -0.480826
v -0.298392 -0.218392 -0.568417
v -0.295825 -0.184542 -0.199325
v -0.437556 -0.222977 -0.480826
v -0.295825 -0.184542 -0.199325
v -0.447294 -0.200268 -0.110277
v -0.576722 -0.227561 -0.393234
v -0.437556 -0.222977 -0.480826
v -0.447294 -0.200268 -0.110277
v -0.298392 -0.218392 -0.568417
v -0.314407 -0.196851 -0.597533
v -0.149898 -0.222977 -0.639050
v -0.314407 -0.196851 -0.597533
v -0.298392 -0.218392 -0.568417
v -0.437556 -0.222977 -0.480826
v -0.149898 -0.222977 -0.639050
v -0.164147 -0.200929 -0.668716
v -0.001406 -0.227561 -0.709682
v -0.314407 -0.196851 -0.597533
v -0.164147 -0.200929 -0.668716
v -0.149898 -0.222977 -0.639050
v -0.454981 -0.200929 -0.508745
v -0.314407 -0.196851 -0.597533
v -0.437556 -0.222977 -0.480826
v -0.454981 -0.200929 -0.508745
v -0.437556 -0.222977 -0.480826
v -0.576722 -0.227561 -0.393234
v -0.694814 -0.225620 -0.133362
v -0.576722 -0.227561 -0.393234
v -0.447294 -0.200268 -0.110277
v -0.777112 -0.229671 -0.032417
v -0.694814 -0.225620 -0.133362
v -0.447294 -0.200268 -0.110277
v -0.777112 -0.229671 -0.032417
v -0.774082 -0.229784 -0.082323
v -0.694814 -0.225620 -0.133362
v -0.694814 -0.225620 -0.133362
v -0.754859 -0.229834 -0.236014
v -0.576722 -0.227561 -0.393234
v -0.314407 -0.196851 -0.597533
v -0.314407 -0.094639 -0.597533
v -0.164147 -0.200929 -0.668716
v -0.314407 -0.094639 -0.597533
v -0.314407 -0.196851 -0.597533
v -0.454981 -0.200929 -0.508745
v -0.314407 -0.094639 -0.597533
v -0.164147 -0.102699 -0.668716
v -0.164147 -0.200929 -0.668716
v -0.454981 -0.102699 -0.508745
v -0.314407 -0.094639 -0.597533
v -0.454981 -0.200929 -0.508745
v -0.164147 -0.200929 -0.668716
v -0.164147 -0.102699 -0.668716
v -0.013889 -0.205007 -0.739898
v -0.164147 -0.200929 -0.668716
v -0.013889 -0.205007 -0.739898
v -0.001406 -0.227561 -0.709682
v -0.164147 -0.102699 -0.668716
v -0.013889 -0.110764 -0.739898
v -0.013889 -0.205007 -0.739898
v -0.013889 -0.205007 -0.739898
v -0.013889 -0.110764 -0.739898
v 0.196217 -0.116654 -0.808136
v -0.454981 -0.102699 -0.508745
v -0.454981 -0.200929 -0.508745
v -0.595557 -0.205007 -0.419956
v -0.595557 -0.205007 -0.419956
v -0.454981 -0.200929 -0.508745
v -0.576722 -0.227561 -0.393234
v -0.595557 -0.110764 -0.419956
v -0.454981 -0.102699 -0.508745
v -0.595557 -0.205007 -0.419956
v -0.595557 -0.110764 -0.419956
v -0.595557 -0.205007 -0.419956
v -0.765690 -0.116654 -0.279047
v 0.201678 -0.206700 -0.806328
v -0.013889 -0.205007 -0.739898
v 0.196217 -0.116654 -0.808136
v -0.001406 -0.227561 -0.709682
v -0.013889 -0.205007 -0.739898
v 0.201678 -0.206700 -0.806328
v 0.196217 -0.116654 -0.808136
v 0.226783 -0.116491 -0.798948
v 0.201678 -0.206700 -0.806328
v -0.595557 -0.205007 -0.419956
v -0.767086 -0.206700 -0.273467
v -0.765690 -0.116654 -0.279047
v -0.595557 -0.205007 -0.419956
v -0.576722 -0.227561 -0.393234
v -0.767086 -0.206700 -0.273467
v -0.774296 -0.116491 -0.248312
v -0.765690 -0.116654 -0.279047
v -0.767086 -0.206700 -0.273467
v 0.211454 -0.229828 -0.779868
v -0.001406 -0.227561 -0.709682
v 0.201678 -0.206700 -0.806328
v -0.001406 -0.227561 -0.709682
v 0.211454 -0.229828 -0.779868
v 0.226763 -0.229834 -0.775947
v 0.226783 -0.116491 -0.798948
v 0.226640 -0.206714 -0.797475
v 0.201678 -0.206700 -0.806328
v 0.211454 -0.229828 -0.779868
v 0.201678 -0.206700 -0.806328
v 0.226640 -0.206714 -0.797475
v 0.226763 -0.229834 -0.775947
v 0.211454 -0.229828 -0.779868
v 0.226640 -0.206714 -0.797475
v 0.226640 -0.206714 -0.797475
v 0.226783 -0.116491 -0.798948
v 0.236550 -0.116989 -0.790491
v 0.236698 -0.206718 -0.788096
v 0.226640 -0.206714 -0.797475
v 0.236550 -0.116989 -0.790491
v 0.226763 -0.229834 -0.775947
v 0.226640 -0.206714 -0.797475
v 0.236698 -0.206718 -0.788096
v 0.236550 -0.116989 -0.790491
v 0.287950 -0.114707 -0.681143
v 0.236698 -0.206718 -0.788096
v -0.576722 -0.227561 -0.393234
v -0.749975 -0.229828 -0.251041
v -0.767086 -0.206700 -0.273467
v -0.754859 -0.229834 -0.236014
v -0.749975 -0.229828 -0.251041
v -0.576722 -0.227561 -0.393234
v -0.772976 -0.206714 -0.247643
v -0.774296 -0.116491 -0.248312
v -0.767086 -0.206700 -0.273467
v -0.767086 -0.206700 -0.273467
v -0.749975 -0.229828 -0.251041
v -0.772976 -0.206714 -0.247643
v -0.749975 -0.229828 -0.251041
v -0.754859 -0.229834 -0.236014
v -0.772976 -0.206714 -0.247643
v -0.774296 -0.116491 -0.248312
v -0.772976 -0.206714 -0.247643
v -0.772383 -0.116989 -0.235535
v -0.772976 -0.206714 -0.247643
v -0.770441 -0.206718 -0.234127
v -0.772383 -0.116989 -0.235535
v -0.772976 -0.206714 -0.247643
v -0.754859 -0.229834 -0.236014
v -0.770441 -0.206718 -0.234127
v -0.707554 -0.114701 -0.133574
v -0.772383 -0.116989 -0.235535
v -0.770441 -0.206718 -0.234127
v 0.238441 -0.221460 -0.773856
v 0.226763 -0.229834 -0.775947
v 0.236698 -0.206718 -0.788096
v 0.226763 -0.229834 -0.775947
v 0.238441 -0.221460 -0.773856
v 0.281306 -0.225620 -0.670269
v 0.238441 -0.221460 -0.773856
v 0.285271 -0.217042 -0.682161
v 0.281306 -0.225620 -0.670269
v 0.238441 -0.221460 -0.773856
v 0.236698 -0.206718 -0.788096
v 0.285271 -0.217042 -0.682161
v 0.281306 -0.225620 -0.670269
v 0.285271 -0.217042 -0.682161
v 0.366857 -0.229784 -0.709888
v -0.754859 -0.229834 -0.236014
v -0.759346 -0.221460 -0.225031
v -0.770441 -0.206718 -0.234127
v -0.759346 -0.221460 -0.225031
v -0.754859 -0.229834 -0.236014
v -0.694814 -0.225620 -0.133362
v -0.706979 -0.217042 -0.136381
v -0.759346 -0.221460 -0.225031
v -0.694814 -0.225620 -0.133362
v -0.770441 -0.206718 -0.234127
v -0.759346 -0.221460 -0.225031
v -0.706979 -0.217042 -0.136381
v -0.706979 -0.217042 -0.136381
v -0.694814 -0.225620 -0.133362
v -0.774082 -0.229784 -0.082323
v -0.706982 -0.206128 -0.136367
v -0.707554 -0.114701 -0.133574
v -0.770441 -0.206718 -0.234127
v -0.706982 -0.206128 -0.136367
v -0.770441 -0.206718 -0.234127
v -0.706979 -0.217042 -0.136381
v -0.707554 -0.114701 -0.133574
v -0.706982 -0.206128 -0.136367
v -0.789921 -0.118301 -0.082134
v -0.706982 -0.206128 -0.136367
v -0.790950 -0.206673 -0.088295
v -0.789921 -0.118301 -0.082134
v -0.706982 -0.206128 -0.136367
v -0.706979 -0.217042 -0.136381
v -0.790950 -0.206673 -0.088295
v -0.789921 -0.118301 -0.082134
v -0.790950 -0.206673 -0.088295
v -0.797067 -0.116666 -0.071646
v -0.706979 -0.217042 -0.136381
v -0.774057 -0.221519 -0.093588
v -0.790950 -0.206673 -0.088295
v -0.774057 -0.221519 -0.093588
v -0.706979 -0.217042 -0.136381
v -0.774082 -0.229784 -0.082323
v -0.790950 -0.206673 -0.088295
v -0.798643 -0.206687 -0.076906
v -0.797067 -0.116666 -0.071646
v -0.790950 -0.206673 -0.088295
v -0.774057 -0.221519 -0.093588
v -0.798643 -0.206687 -0.076906
v -0.774057 -0.221519 -0.093588
v -0.774082 -0.229784 -0.082323
v -0.798643 -0.206687 -0.076906
v -0.805807 -0.116039 -0.028376
v -0.797067 -0.116666 -0.071646
v -0.798643 -0.206687 -0.076906
v -0.798643 -0.206687 -0.076906
v -0.774082 -0.229784 -0.082323
v -0.805807 -0.206641 -0.028376
v -0.805807 -0.206641 -0.028376
v -0.805807 -0.116039 -0.028376
v -0.798643 -0.206687 -0.076906
v -0.805807 -0.116039 -0.028376
v -0.805807 -0.206641 -0.028376
v -0.756276 -0.205587 0.106586
v -0.774082 -0.229784 -0.082323
v -0.777112 -0.229671 -0.032417
v -0.805807 -0.206641 -0.028376
v -0.756276 -0.205587 0.106586
v -0.805807 -0.206641 -0.028376
v -0.777112 -0.229671 -0.032417
v -0.756276 -0.112219 0.106586
v -0.805807 -0.116039 -0.028376
v -0.756276 -0.205587 0.106586
v -0.729954 -0.228434 0.095798
v -0.756276 -0.205587 0.106586
v -0.777112 -0.229671 -0.032417
v -0.658123 -0.104478 0.298212
v -0.756276 -0.112219 0.106586
v -0.756276 -0.205587 0.106586
v -0.756276 -0.205587 0.106586
v -0.729954 -0.228434 0.095798
v -0.632980 -0.225690 0.284382
v -0.658123 -0.203267 0.298212
v -0.658123 -0.104478 0.298212
v -0.756276 -0.205587 0.106586
v -0.658123 -0.203267 0.298212
v -0.756276 -0.205587 0.106586
v -0.632980 -0.225690 0.284382
v -0.540711 -0.109917 0.498493
v -0.658123 -0.104478 0.298212
v -0.658123 -0.203267 0.298212
v -0.540711 -0.204038 0.498493
v -0.658123 -0.203267 0.298212
v -0.632980 -0.225690 0.284382
v -0.540711 -0.204038 0.498493
v -0.540711 -0.109917 0.498493
v -0.658123 -0.203267 0.298212
v -0.517509 -0.226772 0.482041
v -0.540711 -0.204038 0.498493
v -0.632980 -0.225690 0.284382
v -0.453249 -0.111425 0.612590
v -0.540711 -0.109917 0.498493
v -0.540711 -0.204038 0.498493
v -0.517509 -0.226772 0.482041
v -0.434470 -0.226630 0.590520
v -0.540711 -0.204038 0.498493
v -0.453249 -0.203830 0.612590
v -0.453249 -0.111425 0.612590
v -0.540711 -0.204038 0.498493
v -0.434470 -0.226630 0.590520
v -0.453249 -0.203830 0.612590
v -0.540711 -0.204038 0.498493
v -0.453249 -0.111425 0.612590
v -0.453249 -0.203830 0.612590
v -0.344180 -0.112467 0.697316
v -0.434470 -0.226630 0.590520
v -0.336489 -0.226708 0.666635
v -0.453249 -0.203830 0.612590
v -0.453249 -0.203830 0.612590
v -0.344180 -0.204025 0.697318
v -0.344180 -0.112467 0.697316
v -0.336489 -0.226708 0.666635
v -0.344180 -0.204025 0.697318
v -0.453249 -0.203830 0.612590
v -0.344180 -0.204025 0.697318
v -0.256210 -0.202621 0.692814
v -0.344180 -0.112467 0.697316
v -0.344180 -0.204025 0.697318
v -0.336489 -0.226708 0.666635
v -0.256210 -0.202621 0.692814
v -0.256210 -0.202621 0.692814
v -0.256332 -0.109980 0.692832
v -0.344180 -0.112467 0.697316
v -0.245545 -0.108900 0.683042
v -0.256332 -0.109980 0.692832
v -0.256210 -0.202621 0.692814
v -0.336489 -0.226708 0.666635
v -0.265872 -0.225888 0.674562
v -0.256210 -0.202621 0.692814
v -0.245536 -0.202015 0.683217
v -0.245545 -0.108900 0.683042
v -0.256210 -0.202621 0.692814
v -0.245536 -0.202015 0.683217
v -0.256210 -0.202621 0.692814
v -0.265872 -0.225888 0.674562
v -0.222179 -0.096159 0.595827
v -0.245545 -0.108900 0.683042
v -0.245536 -0.202015 0.683217
v -0.250734 -0.218149 0.671192
v -0.245536 -0.202015 0.683217
v -0.265872 -0.225888 0.674562
v -0.265872 -0.225888 0.674562
v -0.228936 -0.217900 0.588704
v -0.250734 -0.218149 0.671192
v -0.228936 -0.217900 0.588704
v -0.221776 -0.207552 0.597280
v -0.250734 -0.218149 0.671192
v -0.250734 -0.218149 0.671192
v -0.221776 -0.207552 0.597280
v -0.245536 -0.202015 0.683217
v -0.228936 -0.217900 0.588704
v -0.182146 -0.215775 0.577733
v -0.221776 -0.207552 0.597280
v -0.221854 -0.196494 0.596998
v -0.222179 -0.096159 0.595827
v -0.245536 -0.202015 0.683217
v -0.221776 -0.207552 0.597280
v -0.221854 -0.196494 0.596998
v -0.245536 -0.202015 0.683217
v -0.222179 -0.096159 0.595827
v -0.221854 -0.196494 0.596998
v -0.180307 -0.095270 0.589229
v -0.221854 -0.196494 0.596998
v -0.182829 -0.194821 0.588804
v -0.180307 -0.095270 0.589229
v -0.221854 -0.196494 0.596998
v -0.221776 -0.207552 0.597280
v -0.182829 -0.194821 0.588804
v -0.180307 -0.095270 0.589229
v -0.182829 -0.194821 0.588804
v -0.084227 -0.103354 0.676154
v -0.182146 -0.215775 0.577733
v -0.183458 -0.205974 0.588698
v -0.221776 -0.207552 0.597280
v -0.221776 -0.207552 0.597280
v -0.183458 -0.205974 0.588698
v -0.182829 -0.194821 0.588804
v -0.183458 -0.205974 0.588698
v -0.182146 -0.215775 0.577733
v -0.017369 -0.219483 0.609995
v -0.182829 -0.194821 0.588804
v -0.084451 -0.200616 0.676069
v -0.084227 -0.103354 0.676154
v -0.182829 -0.194821 0.588804
v -0.183458 -0.205974 0.588698
v -0.084451 -0.200616 0.676069
v -0.069887 -0.103632 0.678328
v -0.084227 -0.103354 0.676154
v -0.084451 -0.200616 0.676069
v -0.095198 -0.216594 0.653598
v -0.183458 -0.205974 0.588698
v -0.017369 -0.219483 0.609995
v -0.183458 -0.205974 0.588698
v -0.095198 -0.216594 0.653598
v -0.084451 -0.200616 0.676069
v -0.017369 -0.219483 0.609995
v -0.069673 -0.200706 0.678229
v -0.095198 -0.216594 0.653598
v -0.069673 -0.200706 0.678229
v -0.084451 -0.200616 0.676069
v -0.095198 -0.216594 0.653598
v -0.069673 -0.200706 0.678229
v -0.069887 -0.103632 0.678328
v -0.084451 -0.200616 0.676069
v -0.017369 -0.219483 0.609995
v 0.128590 -0.216501 0.541604
v -0.069673 -0.200706 0.678229
v -0.069673 -0.200706 0.678229
v 0.110446 -0.195531 0.590279
v -0.069887 -0.103632 0.678328
v 0.128590 -0.216501 0.541604
v 0.110446 -0.195531 0.590279
v -0.069673 -0.200706 0.678229
v 0.110446 -0.195531 0.590279
v 0.110550 -0.093565 0.590225
v -0.069887 -0.103632 0.678328
v 0.128590 -0.216501 0.541604
v 0.274549 -0.216248 0.473213
v 0.110446 -0.195531 0.590279
v 0.110446 -0.195531 0.590279
v 0.290564 -0.195135 0.502329
v 0.110550 -0.093565 0.590225
v 0.274549 -0.216248 0.473213
v 0.290564 -0.195135 0.502329
v 0.110446 -0.195531 0.590279
v 0.290564 -0.195135 0.502329
v 0.290564 -0.090987 0.502329
v 0.110550 -0.093565 0.590225
v 0.290564 -0.090987 0.502329
v 0.290564 -0.195135 0.502329
v 0.461187 -0.093565 0.397360
v 0.290564 -0.195135 0.502329
v 0.274549 -0.216248 0.473213
v 0.461288 -0.195531 0.397301
v 0.290564 -0.195135 0.502329
v 0.461288 -0.195531 0.397301
v 0.461187 -0.093565 0.397360
v 0.274549 -0.216248 0.473213
v 0.410464 -0.216501 0.386562
v 0.461288 -0.195531 0.397301
v 0.461187 -0.093565 0.397360
v 0.461288 -0.195531 0.397301
v 0.632212 -0.103632 0.292144
v 0.461288 -0.195531 0.397301
v 0.410464 -0.216501 0.386562
v 0.632012 -0.200706 0.292272
v 0.461288 -0.195531 0.397301
v 0.632012 -0.200706 0.292272
v 0.632212 -0.103632 0.292144
v 0.410464 -0.216501 0.386562
v 0.546380 -0.219483 0.299909
v 0.632012 -0.200706 0.292272
v 0.632212 -0.103632 0.292144
v 0.632012 -0.200706 0.292272
v 0.638102 -0.200616 0.278635
v 0.638055 -0.103354 0.278868
v 0.632212 -0.103632 0.292144
v 0.638102 -0.200616 0.278635
v 0.632012 -0.200706 0.292272
v 0.546380 -0.219483 0.299909
v 0.624878 -0.216594 0.257526
v 0.638102 -0.200616 0.278635
v 0.632012 -0.200706 0.292272
v 0.624878 -0.216594 0.257526
v 0.617325 -0.205974 0.148234
v 0.624878 -0.216594 0.257526
v 0.546380 -0.219483 0.299909
v 0.624878 -0.216594 0.257526
v 0.617325 -0.205974 0.148234
v 0.638102 -0.200616 0.278635
v 0.607362 -0.215775 0.143471
v 0.617325 -0.205974 0.148234
v 0.546380 -0.219483 0.299909
v 0.638102 -0.200616 0.278635
v 0.617078 -0.194821 0.148822
v 0.638055 -0.103354 0.278868
v 0.617325 -0.205974 0.148234
v 0.617078 -0.194821 0.148822
v 0.638102 -0.200616 0.278635
v 0.617078 -0.194821 0.148822
v 0.616086 -0.095270 0.151179
v 0.638055 -0.103354 0.278868
v 0.617325 -0.205974 0.148234
v 0.607362 -0.215775 0.143471
v 0.645090 -0.207552 0.120466
v 0.617325 -0.205974 0.148234
v 0.645090 -0.207552 0.120466
v 0.617078 -0.194821 0.148822
v 0.607362 -0.215775 0.143471
v 0.641681 -0.217900 0.109828
v 0.645090 -0.207552 0.120466
v 0.617078 -0.194821 0.148822
v 0.644895 -0.196494 0.120249
v 0.616086 -0.095270 0.151179
v 0.645090 -0.207552 0.120466
v 0.644895 -0.196494 0.120249
v 0.617078 -0.194821 0.148822
v 0.644895 -0.196494 0.120249
v 0.644079 -0.096159 0.119349
v 0.616086 -0.095270 0.151179
v 0.644079 -0.096159 0.119349
v 0.644895 -0.196494 0.120249
v 0.730394 -0.202015 0.146415
v 0.644895 -0.196494 0.120249
v 0.645090 -0.207552 0.120466
v 0.730394 -0.202015 0.146415
v 0.730250 -0.108900 0.146313
v 0.644079 -0.096159 0.119349
v 0.730394 -0.202015 0.146415
v 0.645090 -0.207552 0.120466
v 0.641681 -0.217900 0.109828
v 0.723021 -0.218149 0.135586
v 0.645090 -0.207552 0.120466
v 0.723021 -0.218149 0.135586
v 0.730394 -0.202015 0.146415
v 0.641681 -0.217900 0.109828
v 0.733973 -0.225888 0.124605
v 0.723021 -0.218149 0.135586
v 0.730394 -0.202015 0.146415
v 0.723021 -0.218149 0.135586
v 0.733973 -0.225888 0.124605
v 0.730250 -0.108900 0.146313
v 0.730394 -0.202015 0.146415
v 0.744214 -0.202621 0.142538
v 0.744214 -0.202621 0.142538
v 0.730394 -0.202015 0.146415
v 0.733973 -0.225888 0.124605
v 0.744293 -0.109980 0.142446
v 0.730250 -0.108900 0.146313
v 0.744214 -0.202621 0.142538
v 0.733973 -0.225888 0.124605
v 0.765088 -0.226708 0.060721
v 0.744214 -0.202621 0.142538
v 0.744293 -0.109980 0.142446
v 0.744214 -0.202621 0.142538
v 0.795120 -0.112467 0.070653
v 0.765088 -0.226708 0.060721
v 0.795122 -0.204025 0.070653
v 0.744214 -0.202621 0.142538
v 0.744214 -0.202621 0.142538
v 0.795122 -0.204025 0.070653
v 0.795120 -0.112467 0.070653
v 0.795122 -0.204025 0.070653
v 0.765088 -0.226708 0.060721
v 0.781965 -0.203830 -0.066829
v 0.795122 -0.204025 0.070653
v 0.781965 -0.203830 -0.066829
v 0.795120 -0.112467 0.070653
v 0.765088 -0.226708 0.060721
v 0.753269 -0.226630 -0.062787
v 0.781965 -0.203830 -0.066829
v 0.781965 -0.203830 -0.066829
v 0.781965 -0.111425 -0.066829
v 0.795120 -0.112467 0.070653
v 0.781965 -0.203830 -0.066829
v 0.753269 -0.226630 -0.062787
v 0.732433 -0.204038 -0.201790
v 0.781965 -0.111425 -0.066829
v 0.781965 -0.203830 -0.066829
v 0.732433 -0.204038 -0.201790
v 0.753269 -0.226630 -0.062787
v 0.706115 -0.226772 -0.191004
v 0.732433 -0.204038 -0.201790
v 0.732433 -0.109917 -0.201790
v 0.781965 -0.111425 -0.066829
v 0.732433 -0.204038 -0.201790
v 0.732433 -0.204038 -0.201790
v 0.706115 -0.226772 -0.191004
v 0.601008 -0.225690 -0.394363
v 0.732433 -0.109917 -0.201790
v 0.732433 -0.204038 -0.201790
v 0.626153 -0.203267 -0.408194
v 0.626153 -0.203267 -0.408194
v 0.732433 -0.204038 -0.201790
v 0.601008 -0.225690 -0.394363
v 0.516867 -0.205587 -0.593697
v 0.626153 -0.203267 -0.408194
v 0.601008 -0.225690 -0.394363
v 0.626153 -0.104478 -0.408194
v 0.732433 -0.109917 -0.201790
v 0.626153 -0.203267 -0.408194
v 0.626153 -0.104478 -0.408194
v 0.626153 -0.203267 -0.408194
v 0.516867 -0.205587 -0.593697
v 0.493663 -0.228434 -0.577244
v 0.516867 -0.205587 -0.593697
v 0.601008 -0.225690 -0.394363
v 0.516867 -0.112224 -0.593697
v 0.626153 -0.104478 -0.408194
v 0.516867 -0.205587 -0.593697
v 0.516867 -0.205587 -0.593697
v 0.493663 -0.228434 -0.577244
v 0.410627 -0.229671 -0.685724
v 0.429406 -0.116039 -0.707795
v 0.516867 -0.112224 -0.593697
v 0.516867 -0.205587 -0.593697
v 0.429406 -0.206641 -0.707795
v 0.516867 -0.205587 -0.593697
v 0.410627 -0.229671 -0.685724
v 0.429406 -0.206641 -0.707795
v 0.429406 -0.116039 -0.707795
v 0.516867 -0.205587 -0.593697
v 0.410627 -0.229671 -0.685724
v 0.366857 -0.229784 -0.709888
v 0.429406 -0.206641 -0.707795
v 0.429406 -0.116039 -0.707795
v 0.429406 -0.206641 -0.707795
v 0.384583 -0.206687 -0.727730
v 0.366857 -0.229784 -0.709888
v 0.384583 -0.206687 -0.727730
v 0.429406 -0.206641 -0.707795
v 0.388181 -0.116666 -0.723583
v 0.429406 -0.116039 -0.707795
v 0.384583 -0.206687 -0.727730
v 0.366857 -0.229784 -0.709888
v 0.357329 -0.221519 -0.715898
v 0.384583 -0.206687 -0.727730
v 0.285271 -0.217042 -0.682161
v 0.357329 -0.221519 -0.715898
v 0.366857 -0.229784 -0.709888
v 0.384583 -0.206687 -0.727730
v 0.370846 -0.206673 -0.727332
v 0.388181 -0.116666 -0.723583
v 0.357329 -0.221519 -0.715898
v 0.370846 -0.206673 -0.727332
v 0.384583 -0.206687 -0.727730
v 0.357329 -0.221519 -0.715898
v 0.285271 -0.217042 -0.682161
v 0.370846 -0.206673 -0.727332
v 0.370846 -0.206673 -0.727332
v 0.375497 -0.118301 -0.723163
v 0.388181 -0.116666 -0.723583
v 0.285271 -0.217042 -0.682161
v 0.285284 -0.206128 -0.682156
v 0.370846 -0.206673 -0.727332
v 0.370846 -0.206673 -0.727332
v 0.285284 -0.206128 -0.682156
v 0.375497 -0.118301 -0.723163
v 0.236698 -0.206718 -0.788096
v 0.285284 -0.206128 -0.682156
v 0.285271 -0.217042 -0.682161
v 0.285284 -0.206128 -0.682156
v 0.287950 -0.114707 -0.681143
v 0.375497 -0.118301 -0.723163
v 0.287950 -0.114707 -0.681143
v 0.285284 -0.206128 -0.682156
v 0.236698 -0.206718 -0.788096
v -0.452272 -0.095870 0.608719
v -0.343195 -0.096999 0.693400
v -0.331760 -0.012581 0.647961
v -0.343195 -0.096999 0.693400
v -0.256496 -0.094140 0.690232
v -0.331760 -0.012581 0.647961
v -0.440984 -0.011915 0.564025
v -0.452272 -0.095870 0.608719
v -0.331760 -0.012581 0.647961
v -0.537669 -0.094340 0.497310
v -0.452272 -0.095870 0.608719
v -0.440984 -0.011915 0.564025
v -0.503665 -0.011077 0.484092
v -0.537669 -0.094340 0.497310
v -0.440984 -0.011915 0.564025
v -0.655375 -0.088878 0.296700
v -0.537669 -0.094340 0.497310
v -0.503665 -0.011077 0.484092
v -0.431928 0.036873 0.459415
v -0.503665 -0.011077 0.484092
v -0.440984 -0.011915 0.564025
v -0.625191 -0.006731 0.280098
v -0.655375 -0.088878 0.296700
v -0.503665 -0.011077 0.484092
v -0.625191 -0.006731 0.280098
v -0.503665 -0.011077 0.484092
v -0.431928 0.036873 0.459415
v -0.440984 -0.011915 0.564025
v -0.331760 -0.012581 0.647961
v -0.302233 0.039643 0.529885
v -0.431928 0.036873 0.459415
v -0.440984 -0.011915 0.564025
v -0.302233 0.039643 0.529885
v -0.192110 0.085875 0.353658
v -0.431928 0.036873 0.459415
v -0.302233 0.039643 0.529885
v -0.625191 -0.006731 0.280098
v -0.724738 -0.015173 0.083349
v -0.655375 -0.088878 0.296700
v -0.724738 -0.015173 0.083349
v -0.753638 -0.096655 0.104642
v -0.655375 -0.088878 0.296700
v -0.562996 0.042882 0.245888
v -0.625191 -0.006731 0.280098
v -0.431928 0.036873 0.459415
v -0.562996 0.042882 0.245888
v -0.431928 0.036873 0.459415
v -0.192110 0.085875 0.353658
v -0.724738 -0.015173 0.083349
v -0.758589 -0.019302 -0.012755
v -0.753638 -0.096655 0.104642
v -0.758589 -0.019302 -0.012755
v -0.801934 -0.100517 -0.027094
v -0.753638 -0.096655 0.104642
v -0.666687 0.029593 0.036878
v -0.724738 -0.015173 0.083349
v -0.625191 -0.006731 0.280098
v -0.562996 0.042882 0.245888
v -0.666687 0.029593 0.036878
v -0.625191 -0.006731 0.280098
v -0.758589 -0.019302 -0.012755
v -0.724738 -0.015173 0.083349
v -0.666687 0.029593 0.036878
v -0.666687 0.029593 0.036878
v -0.562996 0.042882 0.245888
v -0.447294 0.071627 -0.110277
v -0.326109 0.100213 0.115590
v -0.562996 0.042882 0.245888
v -0.192110 0.085875 0.353658
v -0.562996 0.042882 0.245888
v -0.326109 0.100213 0.115590
v -0.447294 0.071627 -0.110277
v -0.758589 -0.019302 -0.012755
v -0.761028 -0.021069 -0.087829
v -0.801934 -0.100517 -0.027094
v -0.761028 -0.021069 -0.087829
v -0.793873 -0.101079 -0.072587
v -0.801934 -0.100517 -0.027094
v -0.786830 -0.102505 -0.083159
v -0.793873 -0.101079 -0.072587
v -0.761028 -0.021069 -0.087829
v -0.667241 0.029428 0.034953
v -0.758589 -0.019302 -0.012755
v -0.666687 0.029593 0.036878
v -0.667241 0.029428 0.034953
v -0.666687 0.029593 0.036878
v -0.447294 0.071627 -0.110277
v -0.758589 -0.019302 -0.012755
v -0.667241 0.029428 0.034953
v -0.673580 0.022141 -0.102020
v -0.673580 0.022141 -0.102020
v -0.761028 -0.021069 -0.087829
v -0.758589 -0.019302 -0.012755
v -0.447294 0.071627 -0.110277
v -0.673580 0.022141 -0.102020
v -0.667241 0.029428 0.034953
v -0.757865 -0.029512 -0.098634
v -0.786830 -0.102505 -0.083159
v -0.761028 -0.021069 -0.087829
v -0.707654 -0.098802 -0.133088
v -0.786830 -0.102505 -0.083159
v -0.757865 -0.029512 -0.098634
v -0.673580 0.022141 -0.102020
v -0.701820 0.002012 -0.124956
v -0.761028 -0.021069 -0.087829
v -0.761028 -0.021069 -0.087829
v -0.701820 0.002012 -0.124956
v -0.757865 -0.029512 -0.098634
v -0.708150 -0.019791 -0.130667
v -0.707654 -0.098802 -0.133088
v -0.757865 -0.029512 -0.098634
v -0.707654 -0.098802 -0.133088
v -0.708150 -0.019791 -0.130667
v -0.771496 -0.101095 -0.234602
v -0.708200 -0.011100 -0.130423
v -0.708150 -0.019791 -0.130667
v -0.757865 -0.029512 -0.098634
v -0.701820 0.002012 -0.124956
v -0.708200 -0.011100 -0.130423
v -0.757865 -0.029512 -0.098634
v -0.708150 -0.019791 -0.130667
v -0.761944 -0.030170 -0.225079
v -0.771496 -0.101095 -0.234602
v -0.708150 -0.019791 -0.130667
v -0.708200 -0.011100 -0.130423
v -0.761944 -0.030170 -0.225079
v -0.772928 -0.100666 -0.247318
v -0.771496 -0.101095 -0.234602
v -0.761944 -0.030170 -0.225079
v -0.758016 -0.022351 -0.236760
v -0.761944 -0.030170 -0.225079
v -0.708200 -0.011100 -0.130423
v -0.758016 -0.022351 -0.236760
v -0.772928 -0.100666 -0.247318
v -0.761944 -0.030170 -0.225079
v -0.701820 0.002012 -0.124956
v -0.758016 -0.022351 -0.236760
v -0.708200 -0.011100 -0.130423
v -0.772928 -0.100666 -0.247318
v -0.758016 -0.022351 -0.236760
v -0.762598 -0.101077 -0.277441
v -0.701820 0.002012 -0.124956
v -0.673580 0.022141 -0.102020
v -0.616573 0.028610 -0.219286
v -0.616573 0.028610 -0.219286
v -0.758016 -0.022351 -0.236760
v -0.701820 0.002012 -0.124956
v -0.758016 -0.022351 -0.236760
v -0.730793 -0.021720 -0.254774
v -0.762598 -0.101077 -0.277441
v -0.616573 0.028610 -0.219286
v -0.730793 -0.021720 -0.254774
v -0.758016 -0.022351 -0.236760
v -0.593983 -0.095278 -0.416670
v -0.762598 -0.101077 -0.277441
v -0.730793 -0.021720 -0.254774
v -0.528082 0.039903 -0.279020
v -0.616573 0.028610 -0.219286
v -0.673580 0.022141 -0.102020
v -0.447294 0.071627 -0.110277
v -0.528082 0.039903 -0.279020
v -0.673580 0.022141 -0.102020
v -0.576112 -0.012204 -0.379340
v -0.730793 -0.021720 -0.254774
v -0.616573 0.028610 -0.219286
v -0.576112 -0.012204 -0.379340
v -0.593983 -0.095278 -0.416670
v -0.730793 -0.021720 -0.254774
v -0.528082 0.039903 -0.279020
v -0.576112 -0.012204 -0.379340
v -0.616573 0.028610 -0.219286
v -0.576112 -0.012204 -0.379340
v -0.434812 -0.002828 -0.469442
v -0.593983 -0.095278 -0.416670
v -0.434812 -0.002828 -0.469442
v -0.453364 -0.087187 -0.505594
v -0.593983 -0.095278 -0.416670
v -0.528082 0.039903 -0.279020
v -0.384664 0.052505 -0.371772
v -0.576112 -0.012204 -0.379340
v -0.384664 0.052505 -0.371772
v -0.434812 -0.002828 -0.469442
v -0.576112 -0.012204 -0.379340
v -0.447294 0.071627 -0.110277
v -0.297453 0.091151 -0.199319
v -0.528082 0.039903 -0.279020
v -0.297453 0.091151 -0.199319
v -0.384664 0.052505 -0.371772
v -0.528082 0.039903 -0.279020
v -0.434812 -0.002828 -0.469442
v -0.293512 0.006517 -0.559544
v -0.453364 -0.087187 -0.505594
v -0.293512 0.006517 -0.559544
v -0.312748 -0.079101 -0.594517
v -0.453364 -0.087187 -0.505594
v -0.312748 -0.079101 -0.594517
v -0.293512 0.006517 -0.559544
v -0.162352 -0.087187 -0.665663
v -0.384664 0.052505 -0.371772
v -0.241247 0.062988 -0.464524
v -0.434812 -0.002828 -0.469442
v -0.241247 0.062988 -0.464524
v -0.293512 0.006517 -0.559544
v -0.434812 -0.002828 -0.469442
v -0.293512 0.006517 -0.559544
v -0.141755 -0.002828 -0.630636
v -0.162352 -0.087187 -0.665663
v -0.293512 0.006517 -0.559544
v -0.241247 0.062988 -0.464524
v -0.141755 -0.002828 -0.630636
v -0.162352 -0.087187 -0.665663
v -0.141755 -0.002828 -0.630636
v -0.011955 -0.095278 -0.736810
v -0.144356 0.102275 -0.288373
v -0.241247 0.062988 -0.464524
v -0.384664 0.052505 -0.371772
v -0.297453 0.091151 -0.199319
v -0.144356 0.102275 -0.288373
v -0.384664 0.052505 -0.371772
v -0.172677 0.123044 0.030306
v -0.297453 0.091151 -0.199319
v -0.447294 0.071627 -0.110277
v -0.326109 0.100213 0.115590
v -0.172677 0.123044 0.030306
v -0.447294 0.071627 -0.110277
v -0.241247 0.062988 -0.464524
v -0.086118 0.052505 -0.535985
v -0.141755 -0.002828 -0.630636
v -0.241247 0.062988 -0.464524
v -0.144356 0.102275 -0.288373
v -0.086118 0.052505 -0.535985
v -0.141755 -0.002828 -0.630636
v 0.010002 -0.012204 -0.701727
v -0.011955 -0.095278 -0.736810
v -0.141755 -0.002828 -0.630636
v -0.086118 0.052505 -0.535985
v 0.010002 -0.012204 -0.701727
v -0.015986 0.133360 -0.054991
v -0.144356 0.102275 -0.288373
v -0.297453 0.091151 -0.199319
v -0.172677 0.123044 0.030306
v -0.015986 0.133360 -0.054991
v -0.297453 0.091151 -0.199319
v -0.035799 0.104904 0.273413
v -0.172677 0.123044 0.030306
v -0.326109 0.100213 0.115590
v -0.192110 0.085875 0.353658
v -0.035799 0.104904 0.273413
v -0.326109 0.100213 0.115590
v 0.120512 0.111594 0.193168
v -0.015986 0.133360 -0.054991
v -0.172677 0.123044 0.030306
v -0.035799 0.104904 0.273413
v 0.120512 0.111594 0.193168
v -0.172677 0.123044 0.030306
v -0.144356 0.102275 -0.288373
v -0.015986 0.133360 -0.054991
v 0.139076 0.123044 -0.140281
v -0.015986 0.133360 -0.054991
v 0.120512 0.111594 0.193168
v 0.139076 0.123044 -0.140281
v -0.144356 0.102275 -0.288373
v 0.011956 0.091151 -0.368617
v -0.086118 0.052505 -0.535985
v 0.011956 0.091151 -0.368617
v -0.144356 0.102275 -0.288373
v 0.139076 0.123044 -0.140281
v 0.011956 0.091151 -0.368617
v 0.139076 0.123044 -0.140281
v 0.168267 0.071627 -0.448862
v -0.086118 0.052505 -0.535985
v 0.011956 0.091151 -0.368617
v 0.069011 0.039903 -0.607446
v -0.086118 0.052505 -0.535985
v 0.069011 0.039903 -0.607446
v 0.010002 -0.012204 -0.701727
v 0.011956 0.091151 -0.368617
v 0.168267 0.071627 -0.448862
v 0.069011 0.039903 -0.607446
v -0.011955 -0.095278 -0.736810
v 0.010002 -0.012204 -0.701727
v 0.198030 -0.021720 -0.765666
v 0.195917 -0.101077 -0.804665
v -0.011955 -0.095278 -0.736810
v 0.198030 -0.021720 -0.765666
v 0.010002 -0.012204 -0.701727
v 0.069011 0.039903 -0.607446
v 0.166844 0.028610 -0.650198
v 0.198030 -0.021720 -0.765666
v 0.010002 -0.012204 -0.701727
v 0.166844 0.028610 -0.650198
v 0.198030 -0.021720 -0.765666
v 0.227823 -0.022351 -0.779013
v 0.195917 -0.101077 -0.804665
v 0.227823 -0.022351 -0.779013
v 0.198030 -0.021720 -0.765666
v 0.166844 0.028610 -0.650198
v 0.227823 -0.022351 -0.779013
v 0.226889 -0.100666 -0.797259
v 0.195917 -0.101077 -0.804665
v 0.296408 0.022141 -0.635555
v 0.166844 0.028610 -0.650198
v 0.069011 0.039903 -0.607446
v 0.296408 0.022141 -0.635555
v 0.069011 0.039903 -0.607446
v 0.168267 0.071627 -0.448862
v 0.226889 -0.100666 -0.797259
v 0.227823 -0.022351 -0.779013
v 0.239789 -0.030170 -0.776075
v 0.236862 -0.101095 -0.789241
v 0.226889 -0.100666 -0.797259
v 0.239789 -0.030170 -0.776075
v 0.292157 0.002012 -0.671685
v 0.227823 -0.022351 -0.779013
v 0.166844 0.028610 -0.650198
v 0.166844 0.028610 -0.650198
v 0.296408 0.022141 -0.635555
v 0.292157 0.002012 -0.671685
v 0.239789 -0.030170 -0.776075
v 0.227823 -0.022351 -0.779013
v 0.290956 -0.011100 -0.680001
v 0.227823 -0.022351 -0.779013
v 0.292157 0.002012 -0.671685
v 0.290956 -0.011100 -0.680001
v 0.239789 -0.030170 -0.776075
v 0.290722 -0.019791 -0.680090
v 0.236862 -0.101095 -0.789241
v 0.290956 -0.011100 -0.680001
v 0.290722 -0.019791 -0.680090
v 0.239789 -0.030170 -0.776075
v 0.290722 -0.019791 -0.680090
v 0.288414 -0.098796 -0.680967
v 0.236862 -0.101095 -0.789241
v 0.290722 -0.019791 -0.680090
v 0.290956 -0.011100 -0.680001
v 0.344398 -0.029512 -0.704926
v 0.288414 -0.098796 -0.680967
v 0.290722 -0.019791 -0.680090
v 0.344398 -0.029512 -0.704926
v 0.290956 -0.011100 -0.680001
v 0.292157 0.002012 -0.671685
v 0.344398 -0.029512 -0.704926
v 0.372976 -0.102505 -0.721101
v 0.288414 -0.098796 -0.680967
v 0.344398 -0.029512 -0.704926
v 0.292157 0.002012 -0.671685
v 0.355216 -0.021069 -0.701811
v 0.344398 -0.029512 -0.704926
v 0.372976 -0.102505 -0.721101
v 0.344398 -0.029512 -0.704926
v 0.355216 -0.021069 -0.701811
v 0.355216 -0.021069 -0.701811
v 0.292157 0.002012 -0.671685
v 0.296408 0.022141 -0.635555
v 0.385676 -0.101079 -0.721388
v 0.372976 -0.102505 -0.721101
v 0.355216 -0.021069 -0.701811
v 0.385676 -0.101079 -0.721388
v 0.355216 -0.021069 -0.701811
v 0.428414 -0.100517 -0.703837
v 0.355216 -0.021069 -0.701811
v 0.417315 -0.019302 -0.659552
v 0.428414 -0.100517 -0.703837
v 0.417315 -0.019302 -0.659552
v 0.355216 -0.021069 -0.701811
v 0.296408 0.022141 -0.635555
v 0.428414 -0.100517 -0.703837
v 0.417315 -0.019302 -0.659552
v 0.513812 -0.096652 -0.592509
v 0.296408 0.022141 -0.635555
v 0.408694 0.029428 -0.556857
v 0.417315 -0.019302 -0.659552
v 0.408694 0.029428 -0.556857
v 0.296408 0.022141 -0.635555
v 0.168267 0.071627 -0.448862
v 0.417315 -0.019302 -0.659552
v 0.480357 -0.015173 -0.579504
v 0.513812 -0.096652 -0.592509
v 0.513812 -0.096652 -0.592509
v 0.480357 -0.015173 -0.579504
v 0.623403 -0.088878 -0.406682
v 0.417315 -0.019302 -0.659552
v 0.408694 0.029428 -0.556857
v 0.410024 0.029593 -0.555359
v 0.480357 -0.015173 -0.579504
v 0.417315 -0.019302 -0.659552
v 0.410024 0.029593 -0.555359
v 0.168267 0.071627 -0.448862
v 0.410024 0.029593 -0.555359
v 0.408694 0.029428 -0.556857
v 0.480357 -0.015173 -0.579504
v 0.593219 -0.006731 -0.390079
v 0.623403 -0.088878 -0.406682
v 0.480357 -0.015173 -0.579504
v 0.410024 0.029593 -0.555359
v 0.593219 -0.006731 -0.390079
v 0.531026 0.042882 -0.355870
v 0.410024 0.029593 -0.555359
v 0.168267 0.071627 -0.448862
v 0.410024 0.029593 -0.555359
v 0.531026 0.042882 -0.355870
v 0.593219 -0.006731 -0.390079
v 0.623403 -0.088878 -0.406682
v 0.593219 -0.006731 -0.390079
v 0.700434 -0.011077 -0.178214
v 0.729805 -0.094340 -0.199854
v 0.623403 -0.088878 -0.406682
v 0.700434 -0.011077 -0.178214
v 0.700434 -0.011077 -0.178214
v 0.593219 -0.006731 -0.390079
v 0.641183 0.036873 -0.130841
v 0.593219 -0.006731 -0.390079
v 0.531026 0.042882 -0.355870
v 0.641183 0.036873 -0.130841
v 0.641183 0.036873 -0.130841
v 0.531026 0.042882 -0.355870
v 0.423451 0.085875 0.015073
v 0.294138 0.100213 -0.225572
v 0.531026 0.042882 -0.355870
v 0.168267 0.071627 -0.448862
v 0.531026 0.042882 -0.355870
v 0.294138 0.100213 -0.225572
v 0.423451 0.085875 0.015073
v 0.139076 0.123044 -0.140281
v 0.294138 0.100213 -0.225572
v 0.168267 0.071627 -0.448862
v 0.729805 -0.094340 -0.199854
v 0.700434 -0.011077 -0.178214
v 0.734381 -0.011915 -0.082476
v 0.700434 -0.011077 -0.178214
v 0.641183 0.036873 -0.130841
v 0.734381 -0.011915 -0.082476
v 0.778171 -0.095870 -0.068076
v 0.729805 -0.094340 -0.199854
v 0.734381 -0.011915 -0.082476
v 0.139076 0.123044 -0.140281
v 0.271982 0.104904 0.104121
v 0.294138 0.100213 -0.225572
v 0.271982 0.104904 0.104121
v 0.423451 0.085875 0.015073
v 0.294138 0.100213 -0.225572
v 0.120512 0.111594 0.193168
v 0.271982 0.104904 0.104121
v 0.139076 0.123044 -0.140281
v 0.734381 -0.011915 -0.082476
v 0.641183 0.036873 -0.130841
v 0.649077 0.037151 0.006625
v 0.649077 0.037151 0.006625
v 0.641183 0.036873 -0.130841
v 0.423451 0.085875 0.015073
v 0.778171 -0.095870 -0.068076
v 0.734381 -0.011915 -0.082476
v 0.746787 -0.012581 0.054715
v 0.746787 -0.012581 0.054715
v 0.734381 -0.011915 -0.082476
v 0.649077 0.037151 0.006625
v 0.791285 -0.096999 0.069388
v 0.778171 -0.095870 -0.068076
v 0.746787 -0.012581 0.054715
v 0.742186 -0.094140 0.140914
v 0.791285 -0.096999 0.069388
v 0.746787 -0.012581 0.054715
v 0.120512 0.111594 0.193168
v 0.217403 0.075156 0.369320
v 0.271982 0.104904 0.104121
v 0.217403 0.075156 0.369320
v 0.120512 0.111594 0.193168
v -0.035799 0.104904 0.273413
v 0.271982 0.104904 0.104121
v 0.360821 0.073667 0.276568
v 0.423451 0.085875 0.015073
v 0.217403 0.075156 0.369320
v 0.360821 0.073667 0.276568
v 0.271982 0.104904 0.104121
v 0.062274 0.073667 0.440781
v 0.217403 0.075156 0.369320
v -0.035799 0.104904 0.273413
v 0.062274 0.073667 0.440781
v -0.035799 0.104904 0.273413
v -0.192110 0.085875 0.353658
v 0.217403 0.075156 0.369320
v 0.269668 0.013415 0.464340
v 0.360821 0.073667 0.276568
v 0.269668 0.013415 0.464340
v 0.217403 0.075156 0.369320
v 0.062274 0.073667 0.440781
v 0.592712 0.049222 0.124103
v 0.649077 0.037151 0.006625
v 0.423451 0.085875 0.015073
v 0.746787 -0.012581 0.054715
v 0.649077 0.037151 0.006625
v 0.637332 0.023242 0.104523
v 0.649077 0.037151 0.006625
v 0.592712 0.049222 0.124103
v 0.637332 0.023242 0.104523
v 0.719444 -0.010935 0.124531
v 0.742186 -0.094140 0.140914
v 0.746787 -0.012581 0.054715
v 0.637332 0.023242 0.104523
v 0.719444 -0.010935 0.124531
v 0.746787 -0.012581 0.054715
v 0.360821 0.073667 0.276568
v 0.504238 0.063187 0.183816
v 0.423451 0.085875 0.015073
v 0.423451 0.085875 0.015073
v 0.504238 0.063187 0.183816
v 0.592712 0.049222 0.124103
v 0.592712 0.049222 0.124103
v 0.504238 0.063187 0.183816
v 0.546289 0.005018 0.285124
v 0.360821 0.073667 0.276568
v 0.407979 0.012021 0.374731
v 0.504238 0.063187 0.183816
v 0.269668 0.013415 0.464340
v 0.407979 0.012021 0.374731
v 0.360821 0.073667 0.276568
v 0.407979 0.012021 0.374731
v 0.546289 0.005018 0.285124
v 0.504238 0.063187 0.183816
v 0.719444 -0.010935 0.124531
v 0.704620 -0.011790 0.131282
v 0.742186 -0.094140 0.140914
v 0.704620 -0.011790 0.131282
v 0.727961 -0.092688 0.144971
v 0.742186 -0.094140 0.140914
v 0.640949 0.010556 0.115890
v 0.704620 -0.011790 0.131282
v 0.719444 -0.010935 0.124531
v 0.637332 0.023242 0.104523
v 0.640949 0.010556 0.115890
v 0.719444 -0.010935 0.124531
v 0.704620 -0.011790 0.131282
v 0.641627 -0.003179 0.116639
v 0.727961 -0.092688 0.144971
v 0.640949 0.010556 0.115890
v 0.641627 -0.003179 0.116639
v 0.704620 -0.011790 0.131282
v 0.641627 -0.003179 0.116639
v 0.643790 -0.080156 0.119028
v 0.727961 -0.092688 0.144971
v 0.643790 -0.080156 0.119028
v 0.641627 -0.003179 0.116639
v 0.612862 0.002637 0.158845
v 0.612862 0.002637 0.158845
v 0.641627 -0.003179 0.116639
v 0.640949 0.010556 0.115890
v 0.615729 -0.079369 0.152027
v 0.643790 -0.080156 0.119028
v 0.612862 0.002637 0.158845
v 0.606998 0.029161 0.155684
v 0.637332 0.023242 0.104523
v 0.592712 0.049222 0.124103
v 0.606998 0.029161 0.155684
v 0.592712 0.049222 0.124103
v 0.546289 0.005018 0.285124
v 0.640949 0.010556 0.115890
v 0.637332 0.023242 0.104523
v 0.612089 0.014160 0.160682
v 0.612089 0.014160 0.160682
v 0.612862 0.002637 0.158845
v 0.640949 0.010556 0.115890
v 0.637332 0.023242 0.104523
v 0.606998 0.029161 0.155684
v 0.612089 0.014160 0.160682
v 0.615729 -0.079369 0.152027
v 0.612862 0.002637 0.158845
v 0.622369 -0.010854 0.239233
v 0.622369 -0.010854 0.239233
v 0.612862 0.002637 0.158845
v 0.612089 0.014160 0.160682
v 0.612089 0.014160 0.160682
v 0.606998 0.029161 0.155684
v 0.622369 -0.010854 0.239233
v 0.606998 0.029161 0.155684
v 0.546289 0.005018 0.285124
v 0.622369 -0.010854 0.239233
v 0.636650 -0.087448 0.275351
v 0.615729 -0.079369 0.152027
v 0.622369 -0.010854 0.239233
v 0.622369 -0.010854 0.239233
v 0.546289 0.005018 0.285124
v 0.636650 -0.087448 0.275351
v 0.546289 0.005018 0.285124
v 0.626493 -0.088251 0.291665
v 0.636650 -0.087448 0.275351
v 0.459666 -0.078091 0.394001
v 0.626493 -0.088251 0.291665
v 0.546289 0.005018 0.285124
v 0.407979 0.012021 0.374731
v 0.459666 -0.078091 0.394001
v 0.546289 0.005018 0.285124
v 0.288954 -0.075436 0.499402
v 0.459666 -0.078091 0.394001
v 0.407979 0.012021 0.374731
v 0.269668 0.013415 0.464340
v 0.288954 -0.075436 0.499402
v 0.407979 0.012021 0.374731
v 0.288954 -0.075436 0.499402
v 0.269668 0.013415 0.464340
v 0.119930 0.012021 0.533171
v 0.119930 0.012021 0.533171
v 0.269668 0.013415 0.464340
v 0.062274 0.073667 0.440781
v 0.108527 -0.078091 0.587142
v 0.288954 -0.075436 0.499402
v 0.119930 0.012021 0.533171
v 0.108527 -0.078091 0.587142
v 0.119930 0.012021 0.533171
v -0.029809 0.005018 0.602002
v -0.067229 -0.088251 0.673241
v 0.108527 -0.078091 0.587142
v -0.029809 0.005018 0.602002
v -0.067229 -0.088251 0.673241
v -0.029809 0.005018 0.602002
v -0.086447 -0.087448 0.673085
v 0.119930 0.012021 0.533171
v 0.062274 0.073667 0.440781
v -0.092854 0.063187 0.512242
v -0.029809 0.005018 0.602002
v 0.119930 0.012021 0.533171
v -0.092854 0.063187 0.512242
v -0.092854 0.063187 0.512242
v 0.062274 0.073667 0.440781
v -0.192110 0.085875 0.353658
v -0.190658 0.049222 0.554989
v -0.092854 0.063187 0.512242
v -0.192110 0.085875 0.353658
v -0.092854 0.063187 0.512242
v -0.190658 0.049222 0.554989
v -0.029809 0.005018 0.602002
v -0.192110 0.085875 0.353658
v -0.302233 0.039643 0.529885
v -0.190658 0.049222 0.554989
v -0.029809 0.005018 0.602002
v -0.109304 -0.010854 0.641685
v -0.086447 -0.087448 0.673085
v -0.179400 -0.079369 0.589382
v -0.086447 -0.087448 0.673085
v -0.109304 -0.010854 0.641685
v -0.190658 0.049222 0.554989
v -0.171636 0.029161 0.583965
v -0.029809 0.005018 0.602002
v -0.029809 0.005018 0.602002
v -0.171636 0.029161 0.583965
v -0.109304 -0.010854 0.641685
v -0.231088 0.023242 0.582190
v -0.190658 0.049222 0.554989
v -0.302233 0.039643 0.529885
v -0.231088 0.023242 0.582190
v -0.171636 0.029161 0.583965
v -0.190658 0.049222 0.554989
v -0.231088 0.023242 0.582190
v -0.302233 0.039643 0.529885
v -0.331760 -0.012581 0.647961
v -0.172106 0.002637 0.590611
v -0.179400 -0.079369 0.589382
v -0.109304 -0.010854 0.641685
v -0.222293 -0.080156 0.595411
v -0.179400 -0.079369 0.589382
v -0.172106 0.002637 0.590611
v -0.171636 0.029161 0.583965
v -0.170140 0.014160 0.590941
v -0.109304 -0.010854 0.641685
v -0.171636 0.029161 0.583965
v -0.231088 0.023242 0.582190
v -0.170140 0.014160 0.590941
v -0.172106 0.002637 0.590611
v -0.109304 -0.010854 0.641685
v -0.170140 0.014160 0.590941
v -0.331760 -0.012581 0.647961
v -0.258155 -0.010935 0.662252
v -0.231088 0.023242 0.582190
v -0.256496 -0.094140 0.690232
v -0.258155 -0.010935 0.662252
v -0.331760 -0.012581 0.647961
v -0.231088 0.023242 0.582190
v -0.223424 0.010556 0.591332
v -0.170140 0.014160 0.590941
v -0.172106 0.002637 0.590611
v -0.170140 0.014160 0.590941
v -0.223424 0.010556 0.591332
v -0.223424 0.010556 0.591332
v -0.231088 0.023242 0.582190
v -0.258155 -0.010935 0.662252
v -0.223154 -0.003179 0.592305
v -0.222293 -0.080156 0.595411
v -0.172106 0.002637 0.590611
v -0.223154 -0.003179 0.592305
v -0.172106 0.002637 0.590611
v -0.223424 0.010556 0.591332
v -0.222293 -0.080156 0.595411
v -0.223154 -0.003179 0.592305
v -0.245455 -0.092688 0.680391
v -0.244517 -0.011790 0.653348
v -0.258155 -0.010935 0.662252
v -0.256496 -0.094140 0.690232
v -0.244517 -0.011790 0.653348
v -0.223424 0.010556 0.591332
v -0.258155 -0.010935 0.662252
v -0.245455 -0.092688 0.680391
v -0.244517 -0.011790 0.653348
v -0.256496 -0.094140 0.690232
v -0.223154 -0.003179 0.592305
v -0.223424 0.010556 0.591332
v -0.244517 -0.011790 0.653348
v -0.223154 -0.003179 0.592305
v -0.244517 -0.011790 0.653348
v -0.245455 -0.092688 0.680391
v -0.458812 -0.105809 0.618172
v -0.547224 -0.104453 0.502987
v -0.540711 -0.109917 0.498493
v -0.453249 -0.111425 0.612590
v -0.458812 -0.105809 0.618172
v -0.540711 -0.109917 0.498493
v -0.540711 -0.109917 0.498493
v -0.547224 -0.104453 0.502987
v -0.658123 -0.104478 0.298212
v -0.346744 -0.106593 0.705267
v -0.458812 -0.105809 0.618172
v -0.453249 -0.111425 0.612590
v -0.344180 -0.112467 0.697316
v -0.346744 -0.106593 0.705267
v -0.453249 -0.111425 0.612590
v -0.547224 -0.104453 0.502987
v -0.665057 -0.099007 0.301977
v -0.658123 -0.104478 0.298212
v -0.658123 -0.104478 0.298212
v -0.665057 -0.099007 0.301977
v -0.756276 -0.112219 0.106586
v -0.253233 -0.104607 0.700918
v -0.346744 -0.106593 0.705267
v -0.344180 -0.112467 0.697316
v -0.256332 -0.109980 0.692832
v -0.253233 -0.104607 0.700918
v -0.344180 -0.112467 0.697316
v -0.238126 -0.104405 0.688064
v -0.253233 -0.104607 0.700918
v -0.256332 -0.109980 0.692832
v -0.245545 -0.108900 0.683042
v -0.238126 -0.104405 0.688064
v -0.256332 -0.109980 0.692832
v -0.346744 -0.106593 0.705267
v -0.253233 -0.104607 0.700918
v -0.252691 -0.096279 0.699222
v -0.252691 -0.096279 0.699222
v -0.253233 -0.104607 0.700918
v -0.238126 -0.104405 0.688064
v -0.458812 -0.105809 0.618172
v -0.346744 -0.106593 0.705267
v -0.346173 -0.098571 0.702796
v -0.346173 -0.098571 0.702796
v -0.346744 -0.106593 0.705267
v -0.252691 -0.096279 0.699222
v -0.458812 -0.105809 0.618172
v -0.459010 -0.097647 0.615396
v -0.547224 -0.104453 0.502987
v -0.459010 -0.097647 0.615396
v -0.458812 -0.105809 0.618172
v -0.346173 -0.098571 0.702796
v -0.665057 -0.099007 0.301977
v -0.763584 -0.106744 0.109596
v -0.756276 -0.112219 0.106586
v -0.756276 -0.112219 0.106586
v -0.763584 -0.106744 0.109596
v -0.805807 -0.116039 -0.028376
v -0.547224 -0.104453 0.502987
v -0.545495 -0.096289 0.502535
v -0.665057 -0.099007 0.301977
v -0.459010 -0.097647 0.615396
v -0.545495 -0.096289 0.502535
v -0.547224 -0.104453 0.502987
v -0.215351 -0.092189 0.603947
v -0.238126 -0.104405 0.688064
v -0.245545 -0.108900 0.683042
v -0.222179 -0.096159 0.595827
v -0.215351 -0.092189 0.603947
v -0.245545 -0.108900 0.683042
v -0.763584 -0.106744 0.109596
v -0.813943 -0.110343 -0.027796
v -0.805807 -0.116039 -0.028376
v -0.805807 -0.116039 -0.028376
v -0.813943 -0.110343 -0.027796
v -0.797067 -0.116666 -0.071646
v -0.665057 -0.099007 0.301977
v -0.663617 -0.090817 0.301236
v -0.763584 -0.106744 0.109596
v -0.545495 -0.096289 0.502535
v -0.663617 -0.090817 0.301236
v -0.665057 -0.099007 0.301977
v -0.183012 -0.091243 0.598584
v -0.215351 -0.092189 0.603947
v -0.222179 -0.096159 0.595827
v -0.180307 -0.095270 0.589229
v -0.183012 -0.091243 0.598584
v -0.222179 -0.096159 0.595827
v -0.813943 -0.110343 -0.027796
v -0.804495 -0.111355 -0.075117
v -0.797067 -0.116666 -0.071646
v -0.797067 -0.116666 -0.071646
v -0.804495 -0.111355 -0.075117
v -0.789921 -0.118301 -0.082134
v -0.763584 -0.106744 0.109596
v -0.762236 -0.098587 0.108471
v -0.813943 -0.110343 -0.027796
v -0.663617 -0.090817 0.301236
v -0.762236 -0.098587 0.108471
v -0.763584 -0.106744 0.109596
v -0.087604 -0.098112 0.684227
v -0.183012 -0.091243 0.598584
v -0.180307 -0.095270 0.589229
v -0.084227 -0.103354 0.676154
v -0.087604 -0.098112 0.684227
v -0.180307 -0.095270 0.589229
v -0.068369 -0.097687 0.686159
v -0.087604 -0.098112 0.684227
v -0.084227 -0.103354 0.676154
v -0.069887 -0.103632 0.678328
v -0.068369 -0.097687 0.686159
v -0.084227 -0.103354 0.676154
v -0.087604 -0.098112 0.684227
v -0.090300 -0.089766 0.682074
v -0.183012 -0.091243 0.598584
v -0.090300 -0.089766 0.682074
v -0.087604 -0.098112 0.684227
v -0.068369 -0.097687 0.686159
v -0.183012 -0.091243 0.598584
v -0.182311 -0.082909 0.598697
v -0.215351 -0.092189 0.603947
v -0.090300 -0.089766 0.682074
v -0.182311 -0.082909 0.598697
v -0.183012 -0.091243 0.598584
v -0.804495 -0.111355 -0.075117
v -0.795801 -0.113761 -0.088601
v -0.789921 -0.118301 -0.082134
v -0.789921 -0.118301 -0.082134
v -0.795801 -0.113761 -0.088601
v -0.707554 -0.114701 -0.133574
v 0.113823 -0.087940 0.597269
v -0.068369 -0.097687 0.686159
v -0.069887 -0.103632 0.678328
v 0.110550 -0.093565 0.590225
v 0.113823 -0.087940 0.597269
v -0.069887 -0.103632 0.678328
v -0.182311 -0.082909 0.598697
v -0.215155 -0.083744 0.603048
v -0.215351 -0.092189 0.603947
v -0.215351 -0.092189 0.603947
v -0.215155 -0.083744 0.603048
v -0.238126 -0.104405 0.688064
v -0.795801 -0.113761 -0.088601
v -0.719782 -0.110627 -0.136259
v -0.707554 -0.114701 -0.133574
v -0.707554 -0.114701 -0.133574
v -0.719782 -0.110627 -0.136259
v -0.772383 -0.116989 -0.235535
v 0.294315 -0.085354 0.509150
v 0.113823 -0.087940 0.597269
v 0.110550 -0.093565 0.590225
v 0.290564 -0.090987 0.502329
v 0.294315 -0.085354 0.509150
v 0.110550 -0.093565 0.590225
v 0.465432 -0.087899 0.403854
v 0.294315 -0.085354 0.509150
v 0.290564 -0.090987 0.502329
v 0.461187 -0.093565 0.397360
v 0.465432 -0.087899 0.403854
v 0.290564 -0.090987 0.502329
v 0.113823 -0.087940 0.597269
v 0.294315 -0.085354 0.509150
v 0.293508 -0.077180 0.507682
v 0.293508 -0.077180 0.507682
v 0.294315 -0.085354 0.509150
v 0.465432 -0.087899 0.403854
v -0.215155 -0.083744 0.603048
v -0.237242 -0.095738 0.685058
v -0.238126 -0.104405 0.688064
v -0.237242 -0.095738 0.685058
v -0.252691 -0.096279 0.699222
v -0.238126 -0.104405 0.688064
v -0.719782 -0.110627 -0.136259
v -0.780769 -0.112930 -0.232423
v -0.772383 -0.116989 -0.235535
v -0.772383 -0.116989 -0.235535
v -0.780769 -0.112930 -0.232423
v -0.774296 -0.116491 -0.248312
v -0.780769 -0.112930 -0.232423
v -0.782832 -0.111709 -0.248940
v -0.774296 -0.116491 -0.248312
v -0.774296 -0.116491 -0.248312
v -0.782832 -0.111709 -0.248940
v -0.765690 -0.116654 -0.279047
v 0.638012 -0.097687 0.297620
v 0.465432 -0.087899 0.403854
v 0.461187 -0.093565 0.397360
v 0.632212 -0.103632 0.292144
v 0.638012 -0.097687 0.297620
v 0.461187 -0.093565 0.397360
v 0.646680 -0.098112 0.280340
v 0.638012 -0.097687 0.297620
v 0.632212 -0.103632 0.292144
v 0.638055 -0.103354 0.278868
v 0.646680 -0.098112 0.280340
v 0.632212 -0.103632 0.292144
v 0.638012 -0.097687 0.297620
v 0.633490 -0.089720 0.298323
v 0.465432 -0.087899 0.403854
v 0.633490 -0.089720 0.298323
v 0.638012 -0.097687 0.297620
v 0.646680 -0.098112 0.280340
v -0.780087 -0.104603 -0.231540
v -0.780769 -0.112930 -0.232423
v -0.719782 -0.110627 -0.136259
v -0.782832 -0.111709 -0.248940
v -0.780769 -0.112930 -0.232423
v -0.780087 -0.104603 -0.231540
v -0.782832 -0.111709 -0.248940
v -0.772680 -0.111149 -0.283625
v -0.765690 -0.116654 -0.279047
v -0.765690 -0.116654 -0.279047
v -0.772680 -0.111149 -0.283625
v -0.595557 -0.110764 -0.419956
v 0.625437 -0.091243 0.153903
v 0.646680 -0.098112 0.280340
v 0.638055 -0.103354 0.278868
v 0.616086 -0.095270 0.151179
v 0.625437 -0.091243 0.153903
v 0.638055 -0.103354 0.278868
v 0.633490 -0.089720 0.298323
v 0.464542 -0.079837 0.402093
v 0.465432 -0.087899 0.403854
v 0.464542 -0.079837 0.402093
v 0.293508 -0.077180 0.507682
v 0.465432 -0.087899 0.403854
v -0.782297 -0.103403 -0.248197
v -0.782832 -0.111709 -0.248940
v -0.780087 -0.104603 -0.231540
v -0.772680 -0.111149 -0.283625
v -0.782832 -0.111709 -0.248940
v -0.782297 -0.103403 -0.248197
v -0.772680 -0.111149 -0.283625
v -0.600309 -0.105142 -0.426147
v -0.595557 -0.110764 -0.419956
v -0.595557 -0.110764 -0.419956
v -0.600309 -0.105142 -0.426147
v -0.454981 -0.102699 -0.508745
v 0.647280 -0.092189 0.129463
v 0.625437 -0.091243 0.153903
v 0.616086 -0.095270 0.151179
v 0.644079 -0.096159 0.119349
v 0.647280 -0.092189 0.129463
v 0.616086 -0.095270 0.151179
v -0.770612 -0.103039 -0.282850
v -0.772680 -0.111149 -0.283625
v -0.782297 -0.103403 -0.248197
v -0.600309 -0.105142 -0.426147
v -0.772680 -0.111149 -0.283625
v -0.770612 -0.103039 -0.282850
v -0.600309 -0.105142 -0.426147
v -0.459359 -0.097037 -0.515156
v -0.454981 -0.102699 -0.508745
v -0.454981 -0.102699 -0.508745
v -0.459359 -0.097037 -0.515156
v -0.314407 -0.094639 -0.597533
v 0.730519 -0.104405 0.155268
v 0.647280 -0.092189 0.129463
v 0.644079 -0.096159 0.119349
v 0.730250 -0.108900 0.146313
v 0.730519 -0.104405 0.155268
v 0.644079 -0.096159 0.119349
v 0.749463 -0.104607 0.149393
v 0.730519 -0.104405 0.155268
v 0.730250 -0.108900 0.146313
v 0.744293 -0.109980 0.142446
v 0.749463 -0.104607 0.149393
v 0.730250 -0.108900 0.146313
v 0.647280 -0.092189 0.129463
v 0.730519 -0.104405 0.155268
v 0.727506 -0.095738 0.154405
v 0.727506 -0.095738 0.154405
v 0.730519 -0.104405 0.155268
v 0.749463 -0.104607 0.149393
v 0.625437 -0.091243 0.153903
v 0.647280 -0.092189 0.129463
v 0.646416 -0.083744 0.129147
v 0.646416 -0.083744 0.129147
v 0.647280 -0.092189 0.129463
v 0.727506 -0.095738 0.154405
v -0.599474 -0.097035 -0.424357
v -0.600309 -0.105142 -0.426147
v -0.770612 -0.103039 -0.282850
v -0.600309 -0.105142 -0.426147
v -0.599474 -0.097035 -0.424357
v -0.459359 -0.097037 -0.515156
v -0.459359 -0.097037 -0.515156
v -0.318162 -0.089012 -0.604359
v -0.314407 -0.094639 -0.597533
v -0.314407 -0.094639 -0.597533
v -0.318162 -0.089012 -0.604359
v -0.164147 -0.102699 -0.668716
v 0.803207 -0.106593 0.072746
v 0.749463 -0.104607 0.149393
v 0.744293 -0.109980 0.142446
v 0.795120 -0.112467 0.070653
v 0.803207 -0.106593 0.072746
v 0.744293 -0.109980 0.142446
v 0.625155 -0.082909 0.154556
v 0.625437 -0.091243 0.153903
v 0.646416 -0.083744 0.129147
v 0.625437 -0.091243 0.153903
v 0.625155 -0.082909 0.154556
v 0.646680 -0.098112 0.280340
v -0.599474 -0.097035 -0.424357
v -0.458340 -0.088941 -0.513625
v -0.459359 -0.097037 -0.515156
v -0.459359 -0.097037 -0.515156
v -0.458340 -0.088941 -0.513625
v -0.318162 -0.089012 -0.604359
v -0.318162 -0.089012 -0.604359
v -0.167226 -0.097087 -0.675855
v -0.164147 -0.102699 -0.668716
v -0.164147 -0.102699 -0.668716
v -0.167226 -0.097087 -0.675855
v -0.013889 -0.110764 -0.739898
v -0.167226 -0.097087 -0.675855
v -0.016573 -0.105142 -0.747227
v -0.013889 -0.110764 -0.739898
v -0.013889 -0.110764 -0.739898
v -0.016573 -0.105142 -0.747227
v 0.196217 -0.116654 -0.808136
v -0.166465 -0.088890 -0.674156
v -0.167226 -0.097087 -0.675855
v -0.318162 -0.089012 -0.604359
v -0.167226 -0.097087 -0.675855
v -0.166465 -0.088890 -0.674156
v -0.016573 -0.105142 -0.747227
v -0.016573 -0.105142 -0.747227
v 0.196095 -0.111149 -0.816492
v 0.196217 -0.116654 -0.808136
v 0.196217 -0.116654 -0.808136
v 0.196095 -0.111149 -0.816492
v 0.226783 -0.116491 -0.798948
v 0.625155 -0.082909 0.154556
v 0.646305 -0.089766 0.276910
v 0.646680 -0.098112 0.280340
v 0.646305 -0.089766 0.276910
v 0.633490 -0.089720 0.298323
v 0.646680 -0.098112 0.280340
v -0.458340 -0.088941 -0.513625
v -0.317311 -0.080852 -0.602812
v -0.318162 -0.089012 -0.604359
v -0.317311 -0.080852 -0.602812
v -0.166465 -0.088890 -0.674156
v -0.318162 -0.089012 -0.604359
v -0.166465 -0.088890 -0.674156
v -0.015507 -0.097035 -0.745563
v -0.016573 -0.105142 -0.747227
v -0.016573 -0.105142 -0.747227
v -0.015507 -0.097035 -0.745563
v 0.196095 -0.111149 -0.816492
v 0.196095 -0.111149 -0.816492
v 0.230823 -0.111709 -0.806493
v 0.226783 -0.116491 -0.798948
v 0.226783 -0.116491 -0.798948
v 0.230823 -0.111709 -0.806493
v 0.236550 -0.116989 -0.790491
v -0.015507 -0.097035 -0.745563
v 0.195640 -0.103039 -0.814329
v 0.196095 -0.111149 -0.816492
v 0.196095 -0.111149 -0.816492
v 0.195640 -0.103039 -0.814329
v 0.230823 -0.111709 -0.806493
v 0.230823 -0.111709 -0.806493
v 0.243669 -0.112930 -0.795907
v 0.236550 -0.116989 -0.790491
v 0.236550 -0.116989 -0.790491
v 0.243669 -0.112930 -0.795907
v 0.287950 -0.114707 -0.681143
v 0.195640 -0.103039 -0.814329
v 0.231165 -0.103403 -0.805644
v 0.230823 -0.111709 -0.806493
v 0.230823 -0.111709 -0.806493
v 0.231165 -0.103403 -0.805644
v 0.243669 -0.112930 -0.795907
v 0.243669 -0.112930 -0.795907
v 0.292229 -0.110633 -0.692907
v 0.287950 -0.114707 -0.681143
v 0.287950 -0.114707 -0.681143
v 0.292229 -0.110633 -0.692907
v 0.375497 -0.118301 -0.723163
v 0.292229 -0.110633 -0.692907
v 0.373184 -0.113761 -0.731592
v 0.375497 -0.118301 -0.723163
v 0.375497 -0.118301 -0.723163
v 0.373184 -0.113761 -0.731592
v 0.388181 -0.116666 -0.723583
v 0.292526 -0.102287 -0.692722
v 0.292229 -0.110633 -0.692907
v 0.243669 -0.112930 -0.795907
v 0.373184 -0.113761 -0.731592
v 0.292229 -0.110633 -0.692907
v 0.292526 -0.102287 -0.692722
v 0.373184 -0.113761 -0.731592
v 0.389226 -0.111355 -0.731715
v 0.388181 -0.116666 -0.723583
v 0.388181 -0.116666 -0.723583
v 0.389226 -0.111355 -0.731715
v 0.429406 -0.116039 -0.707795
v 0.231165 -0.103403 -0.805644
v 0.244048 -0.104603 -0.794857
v 0.243669 -0.112930 -0.795907
v 0.244048 -0.104603 -0.794857
v 0.292526 -0.102287 -0.692722
v 0.243669 -0.112930 -0.795907
v 0.389226 -0.111355 -0.731715
v 0.373184 -0.113761 -0.731592
v 0.370910 -0.105540 -0.730094
v 0.370910 -0.105540 -0.730094
v 0.373184 -0.113761 -0.731592
v 0.292526 -0.102287 -0.692722
v 0.389226 -0.111355 -0.731715
v 0.434251 -0.110342 -0.714355
v 0.429406 -0.116039 -0.707795
v 0.429406 -0.116039 -0.707795
v 0.434251 -0.110342 -0.714355
v 0.516867 -0.112224 -0.593697
v 0.387509 -0.103188 -0.730774
v 0.389226 -0.111355 -0.731715
v 0.370910 -0.105540 -0.730094
v 0.434251 -0.110342 -0.714355
v 0.389226 -0.111355 -0.731715
v 0.387509 -0.103188 -0.730774
v 0.434251 -0.110342 -0.714355
v 0.523324 -0.106748 -0.598259
v 0.516867 -0.112224 -0.593697
v 0.516867 -0.112224 -0.593697
v 0.523324 -0.106748 -0.598259
v 0.626153 -0.104478 -0.408194
v 0.434277 -0.102242 -0.711538
v 0.434251 -0.110342 -0.714355
v 0.387509 -0.103188 -0.730774
v 0.523324 -0.106748 -0.598259
v 0.434251 -0.110342 -0.714355
v 0.434277 -0.102242 -0.711538
v 0.523324 -0.106748 -0.598259
v 0.633045 -0.099007 -0.412035
v 0.626153 -0.104478 -0.408194
v 0.626153 -0.104478 -0.408194
v 0.633045 -0.099007 -0.412035
v 0.732433 -0.109917 -0.201790
v 0.521651 -0.098583 -0.597722
v 0.523324 -0.106748 -0.598259
v 0.434277 -0.102242 -0.711538
v 0.633045 -0.099007 -0.412035
v 0.523324 -0.106748 -0.598259
v 0.521651 -0.098583 -0.597722
v 0.633045 -0.099007 -0.412035
v 0.739716 -0.104453 -0.204884
v 0.732433 -0.109917 -0.201790
v 0.732433 -0.109917 -0.201790
v 0.739716 -0.104453 -0.204884
v 0.781965 -0.111425 -0.066829
v 0.631648 -0.090817 -0.411214
v 0.633045 -0.099007 -0.412035
v 0.521651 -0.098583 -0.597722
v 0.739716 -0.104453 -0.204884
v 0.633045 -0.099007 -0.412035
v 0.631648 -0.090817 -0.411214
v 0.739716 -0.104453 -0.204884
v 0.789657 -0.105809 -0.068538
v 0.781965 -0.111425 -0.066829
v 0.781965 -0.111425 -0.066829
v 0.789657 -0.105809 -0.068538
v 0.795120 -0.112467 0.070653
v 0.789657 -0.105809 -0.068538
v 0.803207 -0.106593 0.072746
v 0.795120 -0.112467 0.070653
v 0.739716 -0.104453 -0.204884
v 0.738408 -0.096289 -0.203666
v 0.789657 -0.105809 -0.068538
v 0.738408 -0.096289 -0.203666
v 0.739716 -0.104453 -0.204884
v 0.631648 -0.090817 -0.411214
v 0.789657 -0.105809 -0.068538
v 0.787420 -0.097647 -0.070192
v 0.803207 -0.106593 0.072746
v 0.738408 -0.096289 -0.203666
v 0.787420 -0.097647 -0.070192
v 0.789657 -0.105809 -0.068538
v 0.787420 -0.097647 -0.070192
v 0.800815 -0.098571 0.071905
v 0.803207 -0.106593 0.072746
v 0.803207 -0.106593 0.072746
v 0.800815 -0.098571 0.071905
v 0.749463 -0.104607 0.149393
v 0.800815 -0.098571 0.071905
v 0.747740 -0.096279 0.148942
v 0.749463 -0.104607 0.149393
v 0.747740 -0.096279 0.148942
v 0.727506 -0.095738 0.154405
v 0.749463 -0.104607 0.149393
v 0.631648 -0.090817 -0.411214
v 0.521651 -0.098583 -0.597722
v 0.513812 -0.096652 -0.592509
v 0.623403 -0.088878 -0.406682
v 0.631648 -0.090817 -0.411214
v 0.513812 -0.096652 -0.592509
v 0.738408 -0.096289 -0.203666
v 0.631648 -0.090817 -0.411214
v 0.623403 -0.088878 -0.406682
v 0.513812 -0.096652 -0.592509
v 0.521651 -0.098583 -0.597722
v 0.428414 -0.100517 -0.703837
v 0.729805 -0.094340 -0.199854
v 0.738408 -0.096289 -0.203666
v 0.623403 -0.088878 -0.406682
v 0.787420 -0.097647 -0.070192
v 0.738408 -0.096289 -0.203666
v 0.729805 -0.094340 -0.199854
v 0.521651 -0.098583 -0.597722
v 0.434277 -0.102242 -0.711538
v 0.428414 -0.100517 -0.703837
v 0.778171 -0.095870 -0.068076
v 0.787420 -0.097647 -0.070192
v 0.729805 -0.094340 -0.199854
v 0.800815 -0.098571 0.071905
v 0.787420 -0.097647 -0.070192
v 0.778171 -0.095870 -0.068076
v 0.428414 -0.100517 -0.703837
v 0.434277 -0.102242 -0.711538
v 0.385676 -0.101079 -0.721388
v 0.791285 -0.096999 0.069388
v 0.800815 -0.098571 0.071905
v 0.778171 -0.095870 -0.068076
v 0.747740 -0.096279 0.148942
v 0.800815 -0.098571 0.071905
v 0.791285 -0.096999 0.069388
v 0.434277 -0.102242 -0.711538
v 0.387509 -0.103188 -0.730774
v 0.385676 -0.101079 -0.721388
v 0.742186 -0.094140 0.140914
v 0.747740 -0.096279 0.148942
v 0.791285 -0.096999 0.069388
v 0.385676 -0.101079 -0.721388
v 0.387509 -0.103188 -0.730774
v 0.372976 -0.102505 -0.721101
v 0.727506 -0.095738 0.154405
v 0.747740 -0.096279 0.148942
v 0.742186 -0.094140 0.140914
v 0.387509 -0.103188 -0.730774
v 0.370910 -0.105540 -0.730094
v 0.372976 -0.102505 -0.721101
v 0.727961 -0.092688 0.144971
v 0.727506 -0.095738 0.154405
v 0.742186 -0.094140 0.140914
v 0.372976 -0.102505 -0.721101
v 0.370910 -0.105540 -0.730094
v 0.288414 -0.098796 -0.680967
v 0.646416 -0.083744 0.129147
v 0.727506 -0.095738 0.154405
v 0.727961 -0.092688 0.144971
v 0.370910 -0.105540 -0.730094
v 0.292526 -0.102287 -0.692722
v 0.288414 -0.098796 -0.680967
v 0.643790 -0.080156 0.119028
v 0.646416 -0.083744 0.129147
v 0.727961 -0.092688 0.144971
v 0.288414 -0.098796 -0.680967
v 0.292526 -0.102287 -0.692722
v 0.236862 -0.101095 -0.789241
v 0.625155 -0.082909 0.154556
v 0.646416 -0.083744 0.129147
v 0.643790 -0.080156 0.119028
v 0.292526 -0.102287 -0.692722
v 0.244048 -0.104603 -0.794857
v 0.236862 -0.101095 -0.789241
v 0.615729 -0.079369 0.152027
v 0.625155 -0.082909 0.154556
v 0.643790 -0.080156 0.119028
v 0.236862 -0.101095 -0.789241
v 0.244048 -0.104603 -0.794857
v 0.226889 -0.100666 -0.797259
v 0.646305 -0.089766 0.276910
v 0.625155 -0.082909 0.154556
v 0.615729 -0.079369 0.152027
v 0.244048 -0.104603 -0.794857
v 0.231165 -0.103403 -0.805644
v 0.226889 -0.100666 -0.797259
v 0.636650 -0.087448 0.275351
v 0.646305 -0.089766 0.276910
v 0.615729 -0.079369 0.152027
v 0.226889 -0.100666 -0.797259
v 0.231165 -0.103403 -0.805644
v 0.195917 -0.101077 -0.804665
v 0.633490 -0.089720 0.298323
v 0.646305 -0.089766 0.276910
v 0.636650 -0.087448 0.275351
v 0.231165 -0.103403 -0.805644
v 0.195640 -0.103039 -0.814329
v 0.195917 -0.101077 -0.804665
v 0.626493 -0.088251 0.291665
v 0.633490 -0.089720 0.298323
v 0.636650 -0.087448 0.275351
v 0.195917 -0.101077 -0.804665
v 0.195640 -0.103039 -0.814329
v -0.011955 -0.095278 -0.736810
v 0.464542 -0.079837 0.402093
v 0.633490 -0.089720 0.298323
v 0.626493 -0.088251 0.291665
v 0.195640 -0.103039 -0.814329
v -0.015507 -0.097035 -0.745563
v -0.011955 -0.095278 -0.736810
v 0.459666 -0.078091 0.394001
v 0.464542 -0.079837 0.402093
v 0.626493 -0.088251 0.291665
v -0.011955 -0.095278 -0.736810
v -0.015507 -0.097035 -0.745563
v -0.162352 -0.087187 -0.665663
v -0.015507 -0.097035 -0.745563
v -0.166465 -0.088890 -0.674156
v -0.162352 -0.087187 -0.665663
v -0.162352 -0.087187 -0.665663
v -0.166465 -0.088890 -0.674156
v -0.312748 -0.079101 -0.594517
v -0.166465 -0.088890 -0.674156
v -0.317311 -0.080852 -0.602812
v -0.312748 -0.079101 -0.594517
v -0.312748 -0.079101 -0.594517
v -0.317311 -0.080852 -0.602812
v -0.453364 -0.087187 -0.505594
v -0.317311 -0.080852 -0.602812
v -0.458340 -0.088941 -0.513625
v -0.453364 -0.087187 -0.505594
v -0.453364 -0.087187 -0.505594
v -0.458340 -0.088941 -0.513625
v -0.593983 -0.095278 -0.416670
v -0.458340 -0.088941 -0.513625
v -0.599474 -0.097035 -0.424357
v -0.593983 -0.095278 -0.416670
v -0.593983 -0.095278 -0.416670
v -0.599474 -0.097035 -0.424357
v -0.762598 -0.101077 -0.277441
v -0.599474 -0.097035 -0.424357
v -0.770612 -0.103039 -0.282850
v -0.762598 -0.101077 -0.277441
v -0.762598 -0.101077 -0.277441
v -0.770612 -0.103039 -0.282850
v -0.772928 -0.100666 -0.247318
v -0.770612 -0.103039 -0.282850
v -0.782297 -0.103403 -0.248197
v -0.772928 -0.100666 -0.247318
v -0.772928 -0.100666 -0.247318
v -0.782297 -0.103403 -0.248197
v -0.771496 -0.101095 -0.234602
v -0.782297 -0.103403 -0.248197
v -0.780087 -0.104603 -0.231540
v -0.771496 -0.101095 -0.234602
v -0.771496 -0.101095 -0.234602
v -0.780087 -0.104603 -0.231540
v -0.707654 -0.098802 -0.133088
v -0.780087 -0.104603 -0.231540
v -0.719783 -0.102293 -0.135910
v -0.707654 -0.098802 -0.133088
v -0.707654 -0.098802 -0.133088
v -0.719783 -0.102293 -0.135910
v -0.786830 -0.102505 -0.083159
v -0.719783 -0.102293 -0.135910
v -0.780087 -0.104603 -0.231540
v -0.719782 -0.110627 -0.136259
v -0.719783 -0.102293 -0.135910
v -0.793319 -0.105540 -0.089718
v -0.786830 -0.102505 -0.083159
v -0.793319 -0.105540 -0.089718
v -0.719783 -0.102293 -0.135910
v -0.719782 -0.110627 -0.136259
v -0.786830 -0.102505 -0.083159
v -0.793319 -0.105540 -0.089718
v -0.793873 -0.101079 -0.072587
v -0.795801 -0.113761 -0.088601
v -0.793319 -0.105540 -0.089718
v -0.719782 -0.110627 -0.136259
v -0.793319 -0.105540 -0.089718
v -0.802781 -0.103188 -0.076064
v -0.793873 -0.101079 -0.072587
v -0.802781 -0.103188 -0.076064
v -0.793319 -0.105540 -0.089718
v -0.795801 -0.113761 -0.088601
v -0.793873 -0.101079 -0.072587
v -0.802781 -0.103188 -0.076064
v -0.801934 -0.100517 -0.027094
v -0.804495 -0.111355 -0.075117
v -0.802781 -0.103188 -0.076064
v -0.795801 -0.113761 -0.088601
v -0.802781 -0.103188 -0.076064
v -0.811577 -0.102242 -0.026266
v -0.801934 -0.100517 -0.027094
v -0.811577 -0.102242 -0.026266
v -0.802781 -0.103188 -0.076064
v -0.804495 -0.111355 -0.075117
v -0.813943 -0.110343 -0.027796
v -0.811577 -0.102242 -0.026266
v -0.804495 -0.111355 -0.075117
v -0.801934 -0.100517 -0.027094
v -0.811577 -0.102242 -0.026266
v -0.753638 -0.096655 0.104642
v -0.762236 -0.098587 0.108471
v -0.811577 -0.102242 -0.026266
v -0.813943 -0.110343 -0.027796
v -0.811577 -0.102242 -0.026266
v -0.762236 -0.098587 0.108471
v -0.753638 -0.096655 0.104642
v -0.753638 -0.096655 0.104642
v -0.762236 -0.098587 0.108471
v -0.655375 -0.088878 0.296700
v -0.762236 -0.098587 0.108471
v -0.663617 -0.090817 0.301236
v -0.655375 -0.088878 0.296700
v -0.655375 -0.088878 0.296700
v -0.663617 -0.090817 0.301236
v -0.537669 -0.094340 0.497310
v -0.663617 -0.090817 0.301236
v -0.545495 -0.096289 0.502535
v -0.537669 -0.094340 0.497310
v -0.537669 -0.094340 0.497310
v -0.545495 -0.096289 0.502535
v -0.452272 -0.095870 0.608719
v -0.545495 -0.096289 0.502535
v -0.459010 -0.097647 0.615396
v -0.452272 -0.095870 0.608719
v -0.452272 -0.095870 0.608719
v -0.459010 -0.097647 0.615396
v -0.343195 -0.096999 0.693400
v -0.459010 -0.097647 0.615396
v -0.346173 -0.098571 0.702796
v -0.343195 -0.096999 0.693400
v -0.343195 -0.096999 0.693400
v -0.346173 -0.098571 0.702796
v -0.256496 -0.094140 0.690232
v -0.346173 -0.098571 0.702796
v -0.252691 -0.096279 0.699222
v -0.256496 -0.094140 0.690232
v -0.256496 -0.094140 0.690232
v -0.252691 -0.096279 0.699222
v -0.245455 -0.092688 0.680391
v -0.252691 -0.096279 0.699222
v -0.237242 -0.095738 0.685058
v -0.245455 -0.092688 0.680391
v -0.245455 -0.092688 0.680391
v -0.237242 -0.095738 0.685058
v -0.222293 -0.080156 0.595411
v -0.237242 -0.095738 0.685058
v -0.215155 -0.083744 0.603048
v -0.222293 -0.080156 0.595411
v -0.222293 -0.080156 0.595411
v -0.215155 -0.083744 0.603048
v -0.179400 -0.079369 0.589382
v -0.215155 -0.083744 0.603048
v -0.182311 -0.082909 0.598697
v -0.179400 -0.079369 0.589382
v -0.179400 -0.079369 0.589382
v -0.182311 -0.082909 0.598697
v -0.086447 -0.087448 0.673085
v -0.182311 -0.082909 0.598697
v -0.090300 -0.089766 0.682074
v -0.086447 -0.087448 0.673085
v -0.086447 -0.087448 0.673085
v -0.090300 -0.089766 0.682074
v -0.067229 -0.088251 0.673241
v -0.090300 -0.089766 0.682074
v -0.065354 -0.089720 0.682716
v -0.067229 -0.088251 0.673241
v -0.067229 -0.088251 0.673241
v -0.065354 -0.089720 0.682716
v 0.108527 -0.078091 0.587142
v -0.065354 -0.089720 0.682716
v -0.090300 -0.089766 0.682074
v -0.068369 -0.097687 0.686159
v -0.065354 -0.089720 0.682716
v 0.112690 -0.079796 0.595612
v 0.108527 -0.078091 0.587142
v 0.112690 -0.079796 0.595612
v -0.065354 -0.089720 0.682716
v -0.068369 -0.097687 0.686159
v 0.113823 -0.087940 0.597269
v 0.112690 -0.079796 0.595612
v -0.068369 -0.097687 0.686159
v 0.108527 -0.078091 0.587142
v 0.112690 -0.079796 0.595612
v 0.288954 -0.075436 0.499402
v 0.112690 -0.079796 0.595612
v 0.113823 -0.087940 0.597269
v 0.293508 -0.077180 0.507682
v 0.112690 -0.079796 0.595612
v 0.293508 -0.077180 0.507682
v 0.288954 -0.075436 0.499402
v 0.288954 -0.075436 0.499402
v 0.293508 -0.077180 0.507682
v 0.459666 -0.078091 0.394001
v 0.293508 -0.077180 0.507682
v 0.464542 -0.079837 0.402093
v 0.459666 -0.078091 0.394001
vt 0.436114 0.835017
vt 0.436662 0.856996
vt 0.470400 0.859239
vt 0.436114 0.835017
vt 0.385962 0.834535
vt 0.436662 0.856996
vt 0.385962 0.834535
vt 0.386590 0.856516
vt 0.436662 0.856996
vt 0.385962 0.834535
vt 0.343039 0.838490
vt 0.386590 0.856516
vt 0.343039 0.838490
vt 0.343441 0.860492
vt 0.386590 0.856516
vt 0.618729 0.850239
vt 0.538003 0.845941
vt 0.538112 0.867936
vt 0.618529 0.872196
vt 0.618729 0.850239
vt 0.538112 0.867936
vt 0.538003 0.845941
vt 0.506465 0.841427
vt 0.538112 0.867936
vt 0.506465 0.841427
vt 0.506566 0.863420
vt 0.538112 0.867936
vt 0.506465 0.841427
vt 0.470055 0.837253
vt 0.506566 0.863420
vt 0.470055 0.837253
vt 0.470400 0.859239
vt 0.506566 0.863420
vt 0.470055 0.837253
vt 0.436114 0.835017
vt 0.470400 0.859239
vt 0.343039 0.838490
vt 0.300412 0.849815
vt 0.343441 0.860492
vt 0.300412 0.849815
vt 0.300232 0.865997
vt 0.343441 0.860492
vt 0.300412 0.849815
vt 0.271559 0.858099
vt 0.300232 0.865997
vt 0.271559 0.858099
vt 0.271451 0.872196
vt 0.300232 0.865997
vt 0.618529 0.872196
vt 0.622505 0.871721
vt 0.618729 0.850239
vt 0.622505 0.871721
vt 0.622694 0.850902
vt 0.618729 0.850239
vt 0.462608 0.829752
vt 0.462240 0.807766
vt 0.495359 0.809996
vt 0.462608 0.829752
vt 0.413431 0.829278
vt 0.462240 0.807766
vt 0.413431 0.829278
vt 0.413007 0.807292
vt 0.462240 0.807766
vt 0.413431 0.829278
vt 0.369691 0.833249
vt 0.413007 0.807292
vt 0.369691 0.833249
vt 0.369535 0.811242
vt 0.413007 0.807292
vt 0.643388 0.844952
vt 0.562972 0.840688
vt 0.562863 0.818686
vt 0.643589 0.822987
vt 0.643388 0.844952
vt 0.562863 0.818686
vt 0.562972 0.840688
vt 0.531425 0.836170
vt 0.562863 0.818686
vt 0.531425 0.836170
vt 0.531325 0.814169
vt 0.562863 0.818686
vt 0.531425 0.836170
vt 0.495552 0.831989
vt 0.531325 0.814169
vt 0.495552 0.831989
vt 0.495359 0.809996
vt 0.531325 0.814169
vt 0.495552 0.831989
vt 0.462608 0.829752
vt 0.495359 0.809996
vt 0.369691 0.833249
vt 0.325342 0.838752
vt 0.369535 0.811242
vt 0.325342 0.838752
vt 0.325680 0.822565
vt 0.369535 0.811242
vt 0.325342 0.838752
vt 0.296311 0.844952
vt 0.325680 0.822565
vt 0.296311 0.844952
vt 0.296440 0.830851
vt 0.325680 0.822565
vt 0.643589 0.822987
vt 0.647554 0.823658
vt 0.643388 0.844952
vt 0.647554 0.823658
vt 0.647364 0.844484
vt 0.643388 0.844952
vt 0.928228 0.415793
vt 0.942944 0.414836
vt 0.943322 0.381151
vt 0.928603 0.381428
vt 0.928228 0.415793
vt 0.943322 0.381151
vt 0.928603 0.381428
vt 0.943322 0.381151
vt 0.944237 0.344426
vt 0.929516 0.344458
vt 0.928603 0.381428
vt 0.944237 0.344426
vt 0.929516 0.344458
vt 0.944237 0.344426
vt 0.945284 0.312083
vt 0.930562 0.312115
vt 0.929516 0.344458
vt 0.945284 0.312083
vt 0.928228 0.415793
vt 0.928489 0.466803
vt 0.942944 0.414836
vt 0.928489 0.466803
vt 0.943201 0.465064
vt 0.942944 0.414836
vt 0.931149 0.229642
vt 0.930562 0.312115
vt 0.945284 0.312083
vt 0.945870 0.229609
vt 0.931149 0.229642
vt 0.945284 0.312083
vt 0.928489 0.466803
vt 0.929974 0.510791
vt 0.943201 0.465064
vt 0.929974 0.510791
vt 0.944690 0.509565
vt 0.943201 0.465064
vt 0.929974 0.510791
vt 0.933737 0.554987
vt 0.944690 0.509565
vt 0.933737 0.554987
vt 0.944548 0.554749
vt 0.944690 0.509565
vt 0.933737 0.554987
vt 0.936391 0.584535
vt 0.944548 0.554749
vt 0.936391 0.584535
vt 0.945870 0.584514
vt 0.944548 0.554749
vt 0.945870 0.229609
vt 0.944735 0.225561
vt 0.931149 0.229642
vt 0.944735 0.225561
vt 0.931158 0.225591
vt 0.931149 0.229642
vt 0.489594 0.742717
vt 0.490642 0.729282
vt 0.453660 0.730718
vt 0.453367 0.744144
vt 0.489594 0.742717
vt 0.453660 0.730718
vt 0.453367 0.744144
vt 0.453660 0.730718
vt 0.413966 0.733264
vt 0.414086 0.746687
vt 0.453367 0.744144
vt 0.413966 0.733264
vt 0.414086 0.746687
vt 0.413966 0.733264
vt 0.379590 0.735977
vt 0.379711 0.749400
vt 0.414086 0.746687
vt 0.379590 0.735977
vt 0.489594 0.742717
vt 0.543401 0.742208
vt 0.490642 0.729282
vt 0.543401 0.742208
vt 0.545317 0.728766
vt 0.490642 0.729282
vt 0.379590 0.735977
vt 0.291808 0.738794
vt 0.379711 0.749400
vt 0.291808 0.738794
vt 0.291929 0.752217
vt 0.379711 0.749400
vt 0.543401 0.742208
vt 0.590827 0.744243
vt 0.545317 0.728766
vt 0.590827 0.744243
vt 0.592228 0.730806
vt 0.545317 0.728766
vt 0.590827 0.744243
vt 0.638452 0.748829
vt 0.592228 0.730806
vt 0.638452 0.748829
vt 0.638745 0.738966
vt 0.592228 0.730806
vt 0.638452 0.748829
vt 0.670008 0.752804
vt 0.638745 0.738966
vt 0.670008 0.752804
vt 0.669953 0.744161
vt 0.638745 0.738966
vt 0.291808 0.738794
vt 0.287490 0.740426
vt 0.291929 0.752217
vt 0.287490 0.740426
vt 0.287601 0.752804
vt 0.291929 0.752217
vt 0.277867 0.082933
vt 0.264234 0.082933
vt 0.264234 0.062100
vt 0.277867 0.062099
vt 0.277867 0.082933
vt 0.264234 0.062100
vt 0.315692 0.087178
vt 0.315553 0.085337
vt 0.359325 0.086234
vt 0.359382 0.088076
vt 0.315692 0.087178
vt 0.359325 0.086234
vt 0.359382 0.088076
vt 0.359325 0.086234
vt 0.408581 0.090721
vt 0.408477 0.092548
vt 0.359382 0.088076
vt 0.408581 0.090721
vt 0.315692 0.087178
vt 0.270438 0.089767
vt 0.315553 0.085337
vt 0.270438 0.089767
vt 0.270323 0.088423
vt 0.315553 0.085337
vt 0.270438 0.089767
vt 0.240176 0.092548
vt 0.270323 0.088423
vt 0.240176 0.092548
vt 0.240284 0.091357
vt 0.270323 0.088423
vt 0.949089 0.619038
vt 0.948276 0.669227
vt 0.950946 0.619201
vt 0.948276 0.669227
vt 0.950134 0.669349
vt 0.950946 0.619201
vt 0.949089 0.619038
vt 0.950946 0.619201
vt 0.952857 0.585240
vt 0.951003 0.585077
vt 0.949089 0.619038
vt 0.952857 0.585240
vt 0.951003 0.585077
vt 0.952857 0.585240
vt 0.956174 0.548743
vt 0.954323 0.548563
vt 0.951003 0.585077
vt 0.956174 0.548743
vt 0.954323 0.548563
vt 0.956174 0.548743
vt 0.959690 0.517079
vt 0.957840 0.516895
vt 0.954323 0.548563
vt 0.959690 0.517079
vt 0.959690 0.517079
vt 0.963512 0.436327
vt 0.957840 0.516895
vt 0.963512 0.436327
vt 0.961648 0.436298
vt 0.957840 0.516895
vt 0.948276 0.669227
vt 0.950686 0.712419
vt 0.950134 0.669349
vt 0.950686 0.712419
vt 0.952538 0.712384
vt 0.950134 0.669349
vt 0.950686 0.712419
vt 0.957129 0.756237
vt 0.952538 0.712384
vt 0.957129 0.756237
vt 0.958482 0.756084
vt 0.952538 0.712384
vt 0.957129 0.756237
vt 0.962297 0.785634
vt 0.958482 0.756084
vt 0.962297 0.785634
vt 0.963512 0.785657
vt 0.958482 0.756084
vt 0.539296 0.701228
vt 0.482907 0.700721
vt 0.539405 0.702886
vt 0.482907 0.700721
vt 0.483239 0.702380
vt 0.539405 0.702886
vt 0.539296 0.701228
vt 0.539405 0.702886
vt 0.577206 0.705391
vt 0.577293 0.703740
vt 0.539296 0.701228
vt 0.577206 0.705391
vt 0.577293 0.703740
vt 0.577206 0.705391
vt 0.617836 0.710088
vt 0.618027 0.708443
vt 0.577293 0.703740
vt 0.617836 0.710088
vt 0.618027 0.708443
vt 0.617836 0.710088
vt 0.653363 0.715171
vt 0.653559 0.713527
vt 0.618027 0.708443
vt 0.653363 0.715171
vt 0.482907 0.700721
vt 0.434322 0.705250
vt 0.483239 0.702380
vt 0.434322 0.705250
vt 0.434714 0.706896
vt 0.483239 0.702380
vt 0.434322 0.705250
vt 0.385666 0.711744
vt 0.434714 0.706896
vt 0.385666 0.711744
vt 0.385919 0.712938
vt 0.434714 0.706896
vt 0.653559 0.713527
vt 0.653363 0.715171
vt 0.744104 0.719952
vt 0.744125 0.718286
vt 0.653559 0.713527
vt 0.744104 0.719952
vt 0.385666 0.711744
vt 0.353262 0.718856
vt 0.385919 0.712938
vt 0.353262 0.718856
vt 0.353248 0.719952
vt 0.385919 0.712938
vt 0.744104 0.719952
vt 0.748597 0.717940
vt 0.744125 0.718286
vt 0.599429 0.399223
vt 0.599526 0.397541
vt 0.636402 0.400044
vt 0.636255 0.401721
vt 0.599429 0.399223
vt 0.636402 0.400044
vt 0.636255 0.401721
vt 0.636402 0.400044
vt 0.676561 0.404738
vt 0.676370 0.406408
vt 0.636255 0.401721
vt 0.676561 0.404738
vt 0.676370 0.406408
vt 0.676561 0.404738
vt 0.711877 0.409814
vt 0.711682 0.411484
vt 0.676370 0.406408
vt 0.711877 0.409814
vt 0.599429 0.399223
vt 0.544460 0.398718
vt 0.599526 0.397541
vt 0.544460 0.398718
vt 0.544482 0.397035
vt 0.599526 0.397541
vt 0.711682 0.411484
vt 0.711877 0.409814
vt 0.801893 0.414575
vt 0.801870 0.416266
vt 0.711682 0.411484
vt 0.801893 0.414575
vt 0.544460 0.398718
vt 0.495671 0.403208
vt 0.544482 0.397035
vt 0.495671 0.403208
vt 0.495532 0.401538
vt 0.544482 0.397035
vt 0.495671 0.403208
vt 0.446099 0.409263
vt 0.495532 0.401538
vt 0.446099 0.409263
vt 0.445894 0.408050
vt 0.495532 0.401538
vt 0.446099 0.409263
vt 0.413392 0.416266
vt 0.445894 0.408050
vt 0.413392 0.416266
vt 0.413407 0.415154
vt 0.445894 0.408050
vt 0.801893 0.414575
vt 0.806335 0.414274
vt 0.801870 0.416266
vt 0.845550 0.971724
vt 0.845605 0.973729
vt 0.878220 0.971957
vt 0.878160 0.969952
vt 0.845550 0.971724
vt 0.878220 0.971957
vt 0.845550 0.971724
vt 0.808446 0.972756
vt 0.845605 0.973729
vt 0.808446 0.972756
vt 0.808419 0.974760
vt 0.845605 0.973729
vt 0.808446 0.972756
vt 0.774419 0.972079
vt 0.808419 0.974760
vt 0.774419 0.972079
vt 0.774258 0.974076
vt 0.808419 0.974760
vt 0.878220 0.971957
vt 0.960901 0.974760
vt 0.878160 0.969952
vt 0.960901 0.974760
vt 0.961001 0.972749
vt 0.878160 0.969952
vt 0.960901 0.974760
vt 0.965116 0.973468
vt 0.961001 0.972749
vt 0.191652 0.646234
vt 0.187249 0.648638
vt 0.192061 0.648638
vt 0.323325 0.303435
vt 0.321058 0.303784
vt 0.337146 0.335403
vt 0.339162 0.334407
vt 0.337146 0.335403
vt 0.354852 0.355341
vt 0.339162 0.334407
vt 0.323325 0.303435
vt 0.337146 0.335403
vt 0.323325 0.303435
vt 0.317962 0.270012
vt 0.321058 0.303784
vt 0.317962 0.270012
vt 0.315557 0.270100
vt 0.321058 0.303784
vt 0.315557 0.270100
vt 0.317962 0.270012
vt 0.317962 0.235574
vt 0.315557 0.235482
vt 0.315557 0.270100
vt 0.317962 0.235574
vt 0.315557 0.235482
vt 0.317962 0.235574
vt 0.321058 0.201800
vt 0.317962 0.235574
vt 0.323325 0.202152
vt 0.321058 0.201800
vt 0.321058 0.201800
vt 0.323325 0.202152
vt 0.337146 0.170174
vt 0.337146 0.170174
vt 0.339162 0.171173
vt 0.354852 0.150240
vt 0.323325 0.202152
vt 0.339162 0.171173
vt 0.337146 0.170174
vt 0.343342 0.405849
vt 0.354852 0.355341
vt 0.337146 0.335403
vt 0.343342 0.405849
vt 0.337146 0.335403
vt 0.321058 0.303784
vt 0.156314 0.610056
vt 0.155922 0.552228
vt 0.192165 0.552228
vt 0.192011 0.610056
vt 0.156314 0.610056
vt 0.192165 0.552228
vt 0.192011 0.610056
vt 0.192165 0.552228
vt 0.227280 0.553339
vt 0.226780 0.610224
vt 0.192011 0.610056
vt 0.227280 0.553339
vt 0.227280 0.553339
vt 0.285129 0.556861
vt 0.226780 0.610224
vt 0.285129 0.556861
vt 0.284453 0.610958
vt 0.226780 0.610224
vt 0.284453 0.610958
vt 0.285129 0.556861
vt 0.300733 0.611656
vt 0.285129 0.556861
vt 0.302117 0.558534
vt 0.300733 0.611656
vt 0.155922 0.552228
vt 0.156314 0.610056
vt 0.120871 0.553339
vt 0.156314 0.610056
vt 0.121614 0.610224
vt 0.120871 0.553339
vt 0.063246 0.556861
vt 0.120871 0.553339
vt 0.121614 0.610224
vt 0.064182 0.610958
vt 0.063246 0.556861
vt 0.121614 0.610224
vt 0.063246 0.556861
vt 0.064182 0.610958
vt 0.047991 0.611656
vt 0.046355 0.558534
vt 0.063246 0.556861
vt 0.047991 0.611656
vt 0.300733 0.611656
vt 0.302117 0.558534
vt 0.335605 0.563581
vt 0.046355 0.558534
vt 0.047991 0.611656
vt 0.013232 0.563581
vt 0.326071 0.614984
vt 0.300733 0.611656
vt 0.335605 0.563581
vt 0.047991 0.611656
vt 0.023009 0.614984
vt 0.013232 0.563581
vt 0.192165 0.552228
vt 0.155922 0.552228
vt 0.192029 0.495593
vt 0.155922 0.552228
vt 0.156331 0.495593
vt 0.192029 0.495593
vt 0.227280 0.553339
vt 0.192165 0.552228
vt 0.226793 0.497592
vt 0.192165 0.552228
vt 0.192029 0.495593
vt 0.226793 0.497592
vt 0.155922 0.552228
vt 0.120871 0.553339
vt 0.121626 0.497592
vt 0.156331 0.495593
vt 0.155922 0.552228
vt 0.121626 0.497592
vt 0.284025 0.503825
vt 0.285129 0.556861
vt 0.227280 0.553339
vt 0.226793 0.497592
vt 0.284025 0.503825
vt 0.227280 0.553339
vt 0.284025 0.503825
vt 0.300132 0.506417
vt 0.285129 0.556861
vt 0.300132 0.506417
vt 0.302117 0.558534
vt 0.285129 0.556861
vt 0.063246 0.556861
vt 0.064595 0.503825
vt 0.120871 0.553339
vt 0.064595 0.503825
vt 0.121626 0.497592
vt 0.120871 0.553339
vt 0.048582 0.506417
vt 0.064595 0.503825
vt 0.063246 0.556861
vt 0.046355 0.558534
vt 0.048582 0.506417
vt 0.063246 0.556861
vt 0.302117 0.558534
vt 0.300132 0.506417
vt 0.325422 0.513130
vt 0.335605 0.563581
vt 0.302117 0.558534
vt 0.325422 0.513130
vt 0.048582 0.506417
vt 0.046355 0.558534
vt 0.023602 0.513130
vt 0.046355 0.558534
vt 0.013232 0.563581
vt 0.023602 0.513130
vt 0.440810 0.108112
vt 0.406367 0.108133
vt 0.440881 0.106170
vt 0.440810 0.108112
vt 0.440881 0.106170
vt 0.474339 0.111389
vt 0.440881 0.106170
vt 0.474558 0.109455
vt 0.474339 0.111389
vt 0.474339 0.111389
vt 0.474558 0.109455
vt 0.529957 0.122900
vt 0.474558 0.109455
vt 0.530285 0.120970
vt 0.529957 0.122900
vt 0.316930 0.121098
vt 0.372626 0.109517
vt 0.317260 0.123027
vt 0.372626 0.109517
vt 0.372848 0.111450
vt 0.317260 0.123027
vt 0.372626 0.109517
vt 0.406294 0.106191
vt 0.372848 0.111450
vt 0.406294 0.106191
vt 0.406367 0.108133
vt 0.372848 0.111450
vt 0.406367 0.108133
vt 0.406294 0.106191
vt 0.440881 0.106170
vt 0.529957 0.122900
vt 0.530285 0.120970
vt 0.545379 0.127141
vt 0.530285 0.120970
vt 0.546109 0.125326
vt 0.545379 0.127141
vt 0.316930 0.121098
vt 0.317260 0.123027
vt 0.301849 0.127287
vt 0.301117 0.125474
vt 0.316930 0.121098
vt 0.301849 0.127287
vt 0.545379 0.127141
vt 0.546109 0.125326
vt 0.569119 0.144370
vt 0.546109 0.125326
vt 0.570728 0.143137
vt 0.569119 0.144370
vt 0.301117 0.125474
vt 0.301849 0.127287
vt 0.278143 0.144541
vt 0.276533 0.143311
vt 0.301117 0.125474
vt 0.278143 0.144541
vt 0.530155 0.162658
vt 0.545379 0.127141
vt 0.569119 0.144370
vt 0.529957 0.122900
vt 0.545379 0.127141
vt 0.530155 0.162658
vt 0.505398 0.144997
vt 0.529957 0.122900
vt 0.530155 0.162658
vt 0.569119 0.144370
vt 0.577146 0.173380
vt 0.530155 0.162658
vt 0.529957 0.122900
vt 0.505398 0.144997
vt 0.474381 0.138672
vt 0.474339 0.111389
vt 0.529957 0.122900
vt 0.474381 0.138672
vt 0.474339 0.111389
vt 0.474381 0.138672
vt 0.440825 0.133394
vt 0.440810 0.108112
vt 0.474339 0.111389
vt 0.440825 0.133394
vt 0.569119 0.144370
vt 0.570728 0.143137
vt 0.577146 0.173380
vt 0.570728 0.143137
vt 0.579080 0.173074
vt 0.577146 0.173380
vt 0.577146 0.173380
vt 0.579080 0.173074
vt 0.581481 0.201954
vt 0.577146 0.173380
vt 0.581481 0.201954
vt 0.533529 0.173809
vt 0.548976 0.250640
vt 0.541244 0.201726
vt 0.581481 0.201954
vt 0.581481 0.201954
vt 0.541244 0.201726
vt 0.533529 0.173809
vt 0.577146 0.173380
vt 0.533529 0.173809
vt 0.530155 0.162658
vt 0.585890 0.250492
vt 0.548976 0.250640
vt 0.581481 0.201954
vt 0.551909 0.392228
vt 0.548976 0.250640
vt 0.585890 0.250492
vt 0.587746 0.392100
vt 0.551909 0.392228
vt 0.585890 0.250492
vt 0.579080 0.173074
vt 0.583440 0.201822
vt 0.581481 0.201954
vt 0.581481 0.201954
vt 0.583440 0.201822
vt 0.585890 0.250492
vt 0.583440 0.201822
vt 0.587847 0.250413
vt 0.585890 0.250492
vt 0.585890 0.250492
vt 0.587847 0.250413
vt 0.587746 0.392100
vt 0.587847 0.250413
vt 0.589816 0.391658
vt 0.587746 0.392100
vt 0.278143 0.144541
vt 0.301849 0.127287
vt 0.317113 0.162769
vt 0.301849 0.127287
vt 0.317260 0.123027
vt 0.317113 0.162769
vt 0.317260 0.123027
vt 0.341837 0.145085
vt 0.317113 0.162769
vt 0.341837 0.145085
vt 0.317260 0.123027
vt 0.372838 0.138727
vt 0.317260 0.123027
vt 0.372848 0.111450
vt 0.372838 0.138727
vt 0.372838 0.138727
vt 0.372848 0.111450
vt 0.406381 0.133412
vt 0.372848 0.111450
vt 0.406367 0.108133
vt 0.406381 0.133412
vt 0.406381 0.133412
vt 0.406367 0.108133
vt 0.440810 0.108112
vt 0.440825 0.133394
vt 0.406381 0.133412
vt 0.440810 0.108112
vt 0.317113 0.162769
vt 0.270160 0.173549
vt 0.278143 0.144541
vt 0.406381 0.133412
vt 0.440825 0.133394
vt 0.440725 0.135342
vt 0.406484 0.135360
vt 0.406381 0.133412
vt 0.440725 0.135342
vt 0.406484 0.135360
vt 0.373036 0.140529
vt 0.406381 0.133412
vt 0.373036 0.140529
vt 0.372838 0.138727
vt 0.406381 0.133412
vt 0.474185 0.140475
vt 0.440725 0.135342
vt 0.440825 0.133394
vt 0.474381 0.138672
vt 0.474185 0.140475
vt 0.440825 0.133394
vt 0.276533 0.143311
vt 0.278143 0.144541
vt 0.270160 0.173549
vt 0.268226 0.173247
vt 0.276533 0.143311
vt 0.270160 0.173549
vt 0.268226 0.173247
vt 0.270160 0.173549
vt 0.265869 0.202115
vt 0.265869 0.202115
vt 0.270160 0.173549
vt 0.313755 0.173918
vt 0.306082 0.201830
vt 0.298424 0.250725
vt 0.265869 0.202115
vt 0.306082 0.201830
vt 0.265869 0.202115
vt 0.313755 0.173918
vt 0.317113 0.162769
vt 0.313755 0.173918
vt 0.270160 0.173549
vt 0.298424 0.250725
vt 0.261533 0.250632
vt 0.265869 0.202115
vt 0.298424 0.250725
vt 0.295703 0.392228
vt 0.261533 0.250632
vt 0.295703 0.392228
vt 0.259888 0.392153
vt 0.261533 0.250632
vt 0.263910 0.201986
vt 0.268226 0.173247
vt 0.265869 0.202115
vt 0.263910 0.201986
vt 0.265869 0.202115
vt 0.261533 0.250632
vt 0.259577 0.250555
vt 0.263910 0.201986
vt 0.261533 0.250632
vt 0.259577 0.250555
vt 0.261533 0.250632
vt 0.259888 0.392153
vt 0.257819 0.391714
vt 0.259577 0.250555
vt 0.259888 0.392153
vt 0.551909 0.392228
vt 0.549835 0.391808
vt 0.548976 0.250640
vt 0.549835 0.391808
vt 0.547037 0.250744
vt 0.548976 0.250640
vt 0.548976 0.250640
vt 0.547037 0.250744
vt 0.541244 0.201726
vt 0.297775 0.391805
vt 0.295703 0.392228
vt 0.298424 0.250725
vt 0.300363 0.250827
vt 0.297775 0.391805
vt 0.298424 0.250725
vt 0.300363 0.250827
vt 0.298424 0.250725
vt 0.306082 0.201830
vt 0.547037 0.250744
vt 0.539311 0.201942
vt 0.541244 0.201726
vt 0.541244 0.201726
vt 0.539311 0.201942
vt 0.533529 0.173809
vt 0.308015 0.202043
vt 0.300363 0.250827
vt 0.306082 0.201830
vt 0.308015 0.202043
vt 0.306082 0.201830
vt 0.313755 0.173918
vt 0.504169 0.147037
vt 0.474185 0.140475
vt 0.474381 0.138672
vt 0.505398 0.144997
vt 0.504169 0.147037
vt 0.474381 0.138672
vt 0.373036 0.140529
vt 0.343069 0.147124
vt 0.372838 0.138727
vt 0.343069 0.147124
vt 0.341837 0.145085
vt 0.372838 0.138727
vt 0.539311 0.201942
vt 0.531603 0.174087
vt 0.533529 0.173809
vt 0.533529 0.173809
vt 0.531603 0.174087
vt 0.530155 0.162658
vt 0.315680 0.174193
vt 0.308015 0.202043
vt 0.313755 0.173918
vt 0.315680 0.174193
vt 0.313755 0.173918
vt 0.317113 0.162769
vt 0.528744 0.163618
vt 0.504169 0.147037
vt 0.505398 0.144997
vt 0.530155 0.162658
vt 0.528744 0.163618
vt 0.505398 0.144997
vt 0.531603 0.174087
vt 0.528744 0.163618
vt 0.530155 0.162658
vt 0.343069 0.147124
vt 0.318524 0.163727
vt 0.341837 0.145085
vt 0.318524 0.163727
vt 0.317113 0.162769
vt 0.341837 0.145085
vt 0.318524 0.163727
vt 0.315680 0.174193
vt 0.317113 0.162769
vt 0.521240 0.264455
vt 0.470740 0.263995
vt 0.470739 0.298501
vt 0.521239 0.298044
vt 0.521240 0.264455
vt 0.470739 0.298501
vt 0.521239 0.298044
vt 0.470739 0.298501
vt 0.473133 0.332453
vt 0.522246 0.331525
vt 0.521239 0.298044
vt 0.473133 0.332453
vt 0.473133 0.332453
vt 0.476219 0.362581
vt 0.522246 0.331525
vt 0.476219 0.362581
vt 0.522161 0.362693
vt 0.522246 0.331525
vt 0.470740 0.263995
vt 0.521240 0.264455
vt 0.473139 0.230046
vt 0.521240 0.264455
vt 0.522248 0.230974
vt 0.473139 0.230046
vt 0.476220 0.199919
vt 0.473139 0.230046
vt 0.522248 0.230974
vt 0.522162 0.199806
vt 0.476220 0.199919
vt 0.522248 0.230974
vt 0.476219 0.362581
vt 0.483288 0.392228
vt 0.522161 0.362693
vt 0.476219 0.362581
vt 0.474550 0.363224
vt 0.483288 0.392228
vt 0.470961 0.332597
vt 0.474550 0.363224
vt 0.476219 0.362581
vt 0.473133 0.332453
vt 0.470961 0.332597
vt 0.476219 0.362581
vt 0.467121 0.298869
vt 0.470961 0.332597
vt 0.473133 0.332453
vt 0.483288 0.392228
vt 0.524058 0.388792
vt 0.522161 0.362693
vt 0.483288 0.170272
vt 0.476220 0.199919
vt 0.522162 0.199806
vt 0.474550 0.199276
vt 0.476220 0.199919
vt 0.483288 0.170272
vt 0.474550 0.199276
vt 0.470965 0.229954
vt 0.476220 0.199919
vt 0.470965 0.229954
vt 0.473139 0.230046
vt 0.476220 0.199919
vt 0.470965 0.229954
vt 0.468761 0.263855
vt 0.473139 0.230046
vt 0.468761 0.263855
vt 0.470740 0.263995
vt 0.473139 0.230046
vt 0.524058 0.173707
vt 0.483288 0.170272
vt 0.522162 0.199806
vt 0.087944 0.281039
vt 0.106605 0.299316
vt 0.105018 0.300830
vt 0.105018 0.300830
vt 0.106605 0.299316
vt 0.144215 0.312563
vt 0.105018 0.300830
vt 0.144215 0.312563
vt 0.147311 0.353378
vt 0.110921 0.352128
vt 0.105018 0.300830
vt 0.147311 0.353378
vt 0.147311 0.353378
vt 0.147367 0.355369
vt 0.110921 0.352128
vt 0.147367 0.355369
vt 0.111064 0.354111
vt 0.110921 0.352128
vt 0.105018 0.300830
vt 0.110921 0.352128
vt 0.097433 0.352499
vt 0.097433 0.352499
vt 0.060133 0.252605
vt 0.105018 0.300830
vt 0.110921 0.352128
vt 0.111064 0.354111
vt 0.097433 0.352499
vt 0.111064 0.354111
vt 0.097732 0.354472
vt 0.097433 0.352499
vt 0.097433 0.352499
vt 0.097732 0.354472
vt 0.084823 0.352812
vt 0.097732 0.354472
vt 0.084953 0.354844
vt 0.084823 0.352812
vt 0.048372 0.253839
vt 0.060133 0.252605
vt 0.097433 0.352499
vt 0.048372 0.253839
vt 0.038547 0.220811
vt 0.060133 0.252605
vt 0.084823 0.352812
vt 0.048372 0.253839
vt 0.097433 0.352499
vt 0.038547 0.220811
vt 0.050310 0.219387
vt 0.060133 0.252605
vt 0.038547 0.220811
vt 0.034304 0.186146
vt 0.050310 0.219387
vt 0.034304 0.186146
vt 0.046058 0.184686
vt 0.050310 0.219387
vt 0.046058 0.184686
vt 0.034304 0.186146
vt 0.047571 0.150103
vt 0.034304 0.186146
vt 0.035871 0.151744
vt 0.047571 0.150103
vt 0.047571 0.150103
vt 0.035871 0.151744
vt 0.059666 0.044288
vt 0.035871 0.151744
vt 0.047372 0.047020
vt 0.059666 0.044288
vt 0.059524 0.042332
vt 0.059666 0.044288
vt 0.047372 0.047020
vt 0.047012 0.045016
vt 0.059524 0.042332
vt 0.047372 0.047020
vt 0.059524 0.042332
vt 0.072291 0.040089
vt 0.059666 0.044288
vt 0.072291 0.040089
vt 0.072540 0.042002
vt 0.059666 0.044288
vt 0.059666 0.044288
vt 0.072540 0.042002
vt 0.076936 0.091836
vt 0.076936 0.091836
vt 0.072540 0.042002
vt 0.106833 0.033716
vt 0.111846 0.073053
vt 0.076936 0.091836
vt 0.106833 0.033716
vt 0.078736 0.092964
vt 0.076936 0.091836
vt 0.111846 0.073053
vt 0.078736 0.092964
vt 0.064589 0.113949
vt 0.076936 0.091836
vt 0.106498 0.031815
vt 0.106833 0.033716
vt 0.072540 0.042002
vt 0.072291 0.040089
vt 0.106498 0.031815
vt 0.072540 0.042002
vt 0.106605 0.299316
vt 0.144699 0.310480
vt 0.144215 0.312563
vt 0.112711 0.074936
vt 0.078736 0.092964
vt 0.111846 0.073053
vt 0.047012 0.045016
vt 0.047372 0.047020
vt 0.035229 0.052687
vt 0.034920 0.050599
vt 0.047012 0.045016
vt 0.035229 0.052687
vt 0.047372 0.047020
vt 0.035871 0.151744
vt 0.023485 0.153530
vt 0.035229 0.052687
vt 0.047372 0.047020
vt 0.023485 0.153530
vt 0.023485 0.153530
vt 0.035871 0.151744
vt 0.022599 0.187678
vt 0.035871 0.151744
vt 0.034304 0.186146
vt 0.022599 0.187678
vt 0.038547 0.220811
vt 0.048372 0.253839
vt 0.026815 0.222151
vt 0.026815 0.222151
vt 0.022599 0.187678
vt 0.038547 0.220811
vt 0.022599 0.187678
vt 0.034304 0.186146
vt 0.038547 0.220811
vt 0.048372 0.253839
vt 0.035910 0.255098
vt 0.026815 0.222151
vt 0.034920 0.050599
vt 0.035229 0.052687
vt 0.023597 0.058180
vt 0.035229 0.052687
vt 0.023485 0.153530
vt 0.023597 0.058180
vt 0.048372 0.253839
vt 0.084823 0.352812
vt 0.035910 0.255098
vt 0.084823 0.352812
vt 0.071657 0.350240
vt 0.035910 0.255098
vt 0.084823 0.352812
vt 0.084953 0.354844
vt 0.071657 0.350240
vt 0.084953 0.354844
vt 0.071860 0.352343
vt 0.071657 0.350240
vt 0.071657 0.350240
vt 0.071860 0.352343
vt 0.059030 0.347715
vt 0.035910 0.255098
vt 0.071657 0.350240
vt 0.059030 0.347715
vt 0.144215 0.312563
vt 0.144699 0.310480
vt 0.197394 0.316108
vt 0.147311 0.353378
vt 0.144215 0.312563
vt 0.197394 0.316108
vt 0.200354 0.353373
vt 0.147311 0.353378
vt 0.197394 0.316108
vt 0.144699 0.310480
vt 0.197483 0.314065
vt 0.197394 0.316108
vt 0.200354 0.353373
vt 0.200574 0.355369
vt 0.147311 0.353378
vt 0.200574 0.355369
vt 0.147367 0.355369
vt 0.147311 0.353378
vt 0.112711 0.074936
vt 0.111846 0.073053
vt 0.161616 0.059315
vt 0.111846 0.073053
vt 0.106833 0.033716
vt 0.161616 0.059315
vt 0.106833 0.033716
vt 0.157169 0.023380
vt 0.161616 0.059315
vt 0.162148 0.061222
vt 0.112711 0.074936
vt 0.161616 0.059315
vt 0.157050 0.021439
vt 0.157169 0.023380
vt 0.106833 0.033716
vt 0.106498 0.031815
vt 0.157050 0.021439
vt 0.106833 0.033716
vt 0.071860 0.352343
vt 0.058834 0.350075
vt 0.059030 0.347715
vt 0.022839 0.055940
vt 0.034920 0.050599
vt 0.023597 0.058180
vt 0.059030 0.347715
vt 0.058834 0.350075
vt 0.040318 0.326051
vt 0.059030 0.347715
vt 0.040318 0.326051
vt 0.019098 0.257521
vt 0.022839 0.055940
vt 0.023597 0.058180
vt 0.010674 0.083692
vt 0.010674 0.083692
vt 0.023597 0.058180
vt 0.006599 0.155234
vt 0.027288 0.256213
vt 0.035910 0.255098
vt 0.059030 0.347715
vt 0.027288 0.256213
vt 0.059030 0.347715
vt 0.019098 0.257521
vt 0.023485 0.153530
vt 0.014855 0.154528
vt 0.023597 0.058180
vt 0.023597 0.058180
vt 0.014855 0.154528
vt 0.006599 0.155234
vt 0.010674 0.083692
vt 0.006599 0.155234
vt 0.007788 0.099301
vt 0.019098 0.257521
vt 0.040318 0.326051
vt 0.033748 0.311582
vt 0.035910 0.255098
vt 0.027288 0.256213
vt 0.018948 0.223116
vt 0.026815 0.222151
vt 0.035910 0.255098
vt 0.018948 0.223116
vt 0.014855 0.154528
vt 0.023485 0.153530
vt 0.014734 0.188639
vt 0.023485 0.153530
vt 0.022599 0.187678
vt 0.014734 0.188639
vt 0.018948 0.223116
vt 0.014734 0.188639
vt 0.026815 0.222151
vt 0.014734 0.188639
vt 0.022599 0.187678
vt 0.026815 0.222151
vt 0.162148 0.061222
vt 0.161616 0.059315
vt 0.275289 0.042712
vt 0.275367 0.044642
vt 0.162148 0.061222
vt 0.275289 0.042712
vt 0.296999 0.042001
vt 0.275367 0.044642
vt 0.296888 0.040044
vt 0.275367 0.044642
vt 0.275289 0.042712
vt 0.296888 0.040044
vt 0.275289 0.042712
vt 0.270986 0.007913
vt 0.296888 0.040044
vt 0.270986 0.007913
vt 0.292586 0.005233
vt 0.296888 0.040044
vt 0.161616 0.059315
vt 0.157169 0.023380
vt 0.275289 0.042712
vt 0.157169 0.023380
vt 0.270986 0.007913
vt 0.275289 0.042712
vt 0.292215 0.003309
vt 0.292586 0.005233
vt 0.270986 0.007913
vt 0.270571 0.006028
vt 0.270986 0.007913
vt 0.157169 0.023380
vt 0.157050 0.021439
vt 0.270571 0.006028
vt 0.157169 0.023380
vt 0.270571 0.006028
vt 0.292215 0.003309
vt 0.270986 0.007913
vt 0.027288 0.256213
vt 0.019098 0.257521
vt 0.010812 0.224241
vt 0.018948 0.223116
vt 0.027288 0.256213
vt 0.010812 0.224241
vt 0.006599 0.155234
vt 0.014855 0.154528
vt 0.006570 0.189509
vt 0.014855 0.154528
vt 0.014734 0.188639
vt 0.006570 0.189509
vt 0.010812 0.224241
vt 0.006570 0.189509
vt 0.018948 0.223116
vt 0.006570 0.189509
vt 0.014734 0.188639
vt 0.018948 0.223116
vt 0.040318 0.326051
vt 0.038974 0.327617
vt 0.033748 0.311582
vt 0.058834 0.350075
vt 0.038974 0.327617
vt 0.040318 0.326051
vt 0.038974 0.327617
vt 0.032005 0.312595
vt 0.033748 0.311582
vt 0.033748 0.311582
vt 0.032005 0.312595
vt 0.014949 0.258299
vt 0.014949 0.258299
vt 0.019098 0.257521
vt 0.033748 0.311582
vt 0.032005 0.312595
vt 0.013035 0.258850
vt 0.014949 0.258299
vt 0.014949 0.258299
vt 0.013035 0.258850
vt 0.007305 0.224753
vt 0.013035 0.258850
vt 0.005345 0.225095
vt 0.007305 0.224753
vt 0.003044 0.189856
vt 0.007305 0.224753
vt 0.005345 0.225095
vt 0.001060 0.189997
vt 0.003044 0.189856
vt 0.005345 0.225095
vt 0.003044 0.189856
vt 0.006570 0.189509
vt 0.010812 0.224241
vt 0.007305 0.224753
vt 0.003044 0.189856
vt 0.010812 0.224241
vt 0.001060 0.189997
vt 0.000401 0.155406
vt 0.003044 0.189856
vt 0.000401 0.155406
vt 0.002389 0.155479
vt 0.003044 0.189856
vt 0.000401 0.155406
vt 0.005855 0.098739
vt 0.002389 0.155479
vt 0.005855 0.098739
vt 0.007788 0.099301
vt 0.002389 0.155479
vt 0.006599 0.155234
vt 0.002389 0.155479
vt 0.007788 0.099301
vt 0.005855 0.098739
vt 0.008995 0.082498
vt 0.007788 0.099301
vt 0.008995 0.082498
vt 0.010674 0.083692
vt 0.007788 0.099301
vt 0.008995 0.082498
vt 0.022839 0.055940
vt 0.010674 0.083692
vt 0.019098 0.257521
vt 0.014949 0.258299
vt 0.010812 0.224241
vt 0.014949 0.258299
vt 0.007305 0.224753
vt 0.010812 0.224241
vt 0.002389 0.155479
vt 0.006599 0.155234
vt 0.006570 0.189509
vt 0.003044 0.189856
vt 0.002389 0.155479
vt 0.006570 0.189509
vt 0.296888 0.040044
vt 0.292586 0.005233
vt 0.301909 0.039410
vt 0.292586 0.005233
vt 0.297611 0.004626
vt 0.301909 0.039410
vt 0.296999 0.042001
vt 0.296888 0.040044
vt 0.301909 0.039410
vt 0.302114 0.041368
vt 0.296999 0.042001
vt 0.301909 0.039410
vt 0.297285 0.002673
vt 0.297611 0.004626
vt 0.292586 0.005233
vt 0.292215 0.003309
vt 0.297285 0.002673
vt 0.292586 0.005233
vt 0.301909 0.039410
vt 0.297611 0.004626
vt 0.313649 0.038032
vt 0.297611 0.004626
vt 0.309251 0.002432
vt 0.313649 0.038032
vt 0.302114 0.041368
vt 0.301909 0.039410
vt 0.313649 0.038032
vt 0.309096 0.000401
vt 0.309251 0.002432
vt 0.297611 0.004626
vt 0.297285 0.002673
vt 0.309096 0.000401
vt 0.297611 0.004626
vt 0.313953 0.040125
vt 0.302114 0.041368
vt 0.313649 0.038032
vt 0.107057 0.183332
vt 0.156266 0.183766
vt 0.156266 0.217992
vt 0.107057 0.218493
vt 0.107057 0.183332
vt 0.156266 0.217992
vt 0.156266 0.183766
vt 0.107057 0.183332
vt 0.159326 0.150190
vt 0.107057 0.183332
vt 0.111022 0.149150
vt 0.159326 0.150190
vt 0.107057 0.218493
vt 0.156266 0.217992
vt 0.159326 0.251658
vt 0.111022 0.252735
vt 0.107057 0.218493
vt 0.159326 0.251658
vt 0.111022 0.252735
vt 0.159326 0.251658
vt 0.123531 0.284363
vt 0.159326 0.251658
vt 0.166710 0.281604
vt 0.123531 0.284363
vt 0.159326 0.150190
vt 0.111022 0.149150
vt 0.123531 0.117690
vt 0.166710 0.120387
vt 0.159326 0.150190
vt 0.123531 0.117690
vt 0.123531 0.284363
vt 0.166710 0.281604
vt 0.137534 0.304888
vt 0.166710 0.281604
vt 0.176022 0.303597
vt 0.137534 0.304888
vt 0.166710 0.120387
vt 0.123531 0.117690
vt 0.137534 0.097356
vt 0.176022 0.098610
vt 0.166710 0.120387
vt 0.137534 0.097356
vt 0.735427 0.577152
vt 0.742299 0.615425
vt 0.719063 0.575088
vt 0.742299 0.615425
vt 0.714731 0.625609
vt 0.719063 0.575088
vt 0.735427 0.577152
vt 0.719063 0.575088
vt 0.739967 0.433128
vt 0.712787 0.654814
vt 0.714731 0.625609
vt 0.742299 0.615425
vt 0.712787 0.654814
vt 0.742299 0.615425
vt 0.750100 0.650899
vt 0.750100 0.650899
vt 0.711338 0.665465
vt 0.712787 0.654814
vt 0.739967 0.433128
vt 0.746041 0.427840
vt 0.735427 0.577152
vt 0.746041 0.427840
vt 0.751942 0.425348
vt 0.735427 0.577152
vt 0.735427 0.577152
vt 0.751942 0.425348
vt 0.759713 0.433388
vt 0.759713 0.433388
vt 0.751365 0.579501
vt 0.735427 0.577152
vt 0.759713 0.433388
vt 0.760097 0.460091
vt 0.751365 0.579501
vt 0.759713 0.433388
vt 0.761770 0.437735
vt 0.760097 0.460091
vt 0.751365 0.579501
vt 0.766528 0.631615
vt 0.735427 0.577152
vt 0.766528 0.631615
vt 0.742299 0.615425
vt 0.735427 0.577152
vt 0.750100 0.650899
vt 0.742299 0.615425
vt 0.766528 0.631615
vt 0.785485 0.665465
vt 0.750100 0.650899
vt 0.766528 0.631615
vt 0.711338 0.665465
vt 0.709302 0.665189
vt 0.712787 0.654814
vt 0.709302 0.665189
vt 0.711065 0.654244
vt 0.712787 0.654814
vt 0.739967 0.433128
vt 0.738535 0.431832
vt 0.746041 0.427840
vt 0.738535 0.431832
vt 0.745091 0.426281
vt 0.746041 0.427840
vt 0.746041 0.427840
vt 0.745091 0.426281
vt 0.751942 0.425348
vt 0.745091 0.426281
vt 0.752595 0.423478
vt 0.751942 0.425348
vt 0.717204 0.574793
vt 0.738535 0.431832
vt 0.739967 0.433128
vt 0.719063 0.575088
vt 0.717204 0.574793
vt 0.739967 0.433128
vt 0.712906 0.625178
vt 0.717204 0.574793
vt 0.719063 0.575088
vt 0.714731 0.625609
vt 0.712906 0.625178
vt 0.719063 0.575088
vt 0.711065 0.654244
vt 0.712906 0.625178
vt 0.714731 0.625609
vt 0.712787 0.654814
vt 0.711065 0.654244
vt 0.714731 0.625609
vt 0.407910 0.338976
vt 0.401050 0.300695
vt 0.384696 0.298624
vt 0.380352 0.349153
vt 0.407910 0.338976
vt 0.384696 0.298624
vt 0.405577 0.156683
vt 0.384696 0.298624
vt 0.401050 0.300695
vt 0.380352 0.349153
vt 0.378392 0.378368
vt 0.407910 0.338976
vt 0.415686 0.374466
vt 0.407910 0.338976
vt 0.378392 0.378368
vt 0.378392 0.378368
vt 0.376937 0.389022
vt 0.415686 0.374466
vt 0.401050 0.300695
vt 0.411651 0.151396
vt 0.405577 0.156683
vt 0.401050 0.300695
vt 0.417551 0.148904
vt 0.411651 0.151396
vt 0.425326 0.156942
vt 0.417551 0.148904
vt 0.401050 0.300695
vt 0.401050 0.300695
vt 0.417003 0.303034
vt 0.425326 0.156942
vt 0.417003 0.303034
vt 0.425716 0.183639
vt 0.425326 0.156942
vt 0.425716 0.183639
vt 0.427384 0.161287
vt 0.425326 0.156942
vt 0.432157 0.355153
vt 0.417003 0.303034
vt 0.401050 0.300695
vt 0.407910 0.338976
vt 0.432157 0.355153
vt 0.401050 0.300695
vt 0.407910 0.338976
vt 0.415686 0.374466
vt 0.432157 0.355153
vt 0.415686 0.374466
vt 0.451083 0.389022
vt 0.432157 0.355153
vt 0.374900 0.388748
vt 0.376937 0.389022
vt 0.378392 0.378368
vt 0.376668 0.377799
vt 0.374900 0.388748
vt 0.378392 0.378368
vt 0.404142 0.155390
vt 0.405577 0.156683
vt 0.411651 0.151396
vt 0.410698 0.149839
vt 0.404142 0.155390
vt 0.411651 0.151396
vt 0.410698 0.149839
vt 0.411651 0.151396
vt 0.417551 0.148904
vt 0.404142 0.155390
vt 0.382835 0.298331
vt 0.405577 0.156683
vt 0.382835 0.298331
vt 0.384696 0.298624
vt 0.405577 0.156683
vt 0.382835 0.298331
vt 0.378525 0.348723
vt 0.384696 0.298624
vt 0.378525 0.348723
vt 0.380352 0.349153
vt 0.384696 0.298624
vt 0.378525 0.348723
vt 0.376668 0.377799
vt 0.380352 0.349153
vt 0.376668 0.377799
vt 0.378392 0.378368
vt 0.380352 0.349153
vt 0.418201 0.147035
vt 0.410698 0.149839
vt 0.417551 0.148904
vt 0.094915 0.724343
vt 0.144919 0.727600
vt 0.140136 0.744658
vt 0.284791 0.774963
vt 0.140136 0.744658
vt 0.144919 0.727600
vt 0.086849 0.752301
vt 0.094915 0.724343
vt 0.140136 0.744658
vt 0.065727 0.727219
vt 0.094915 0.724343
vt 0.086849 0.752301
vt 0.052573 0.763959
vt 0.065727 0.727219
vt 0.086849 0.752301
vt 0.144919 0.727600
vt 0.294251 0.768392
vt 0.284791 0.774963
vt 0.292483 0.762069
vt 0.294251 0.768392
vt 0.144919 0.727600
vt 0.288186 0.755137
vt 0.292483 0.762069
vt 0.144919 0.727600
vt 0.018551 0.728326
vt 0.065727 0.727219
vt 0.052573 0.763959
vt 0.052573 0.763959
vt 0.005987 0.776563
vt 0.018551 0.728326
vt 0.144919 0.727600
vt 0.150242 0.710997
vt 0.288186 0.755137
vt 0.103340 0.696840
vt 0.150242 0.710997
vt 0.144919 0.727600
vt 0.094915 0.724343
vt 0.103340 0.696840
vt 0.144919 0.727600
vt 0.075178 0.689606
vt 0.103340 0.696840
vt 0.094915 0.724343
vt 0.065727 0.727219
vt 0.075178 0.689606
vt 0.094915 0.724343
vt 0.065727 0.727219
vt 0.018551 0.728326
vt 0.075178 0.689606
vt 0.018551 0.728326
vt 0.045132 0.684696
vt 0.075178 0.689606
vt 0.284791 0.774963
vt 0.258022 0.771364
vt 0.140136 0.744658
vt 0.284791 0.774963
vt 0.280131 0.776380
vt 0.258022 0.771364
vt 0.139841 0.746651
vt 0.140136 0.744658
vt 0.258022 0.771364
vt 0.257746 0.773416
vt 0.139841 0.746651
vt 0.258022 0.771364
vt 0.257746 0.773416
vt 0.258022 0.771364
vt 0.280131 0.776380
vt 0.280344 0.778446
vt 0.257746 0.773416
vt 0.280131 0.776380
vt 0.280344 0.778446
vt 0.280131 0.776380
vt 0.284791 0.774963
vt 0.285673 0.776803
vt 0.280344 0.778446
vt 0.284791 0.774963
vt 0.285673 0.776803
vt 0.284791 0.774963
vt 0.294251 0.768392
vt 0.139841 0.746651
vt 0.087224 0.754275
vt 0.140136 0.744658
vt 0.087224 0.754275
vt 0.086849 0.752301
vt 0.140136 0.744658
vt 0.087224 0.754275
vt 0.053214 0.765823
vt 0.086849 0.752301
vt 0.053214 0.765823
vt 0.052573 0.763959
vt 0.086849 0.752301
vt 0.053214 0.765823
vt 0.041756 0.771913
vt 0.052573 0.763959
vt 0.041756 0.771913
vt 0.041123 0.770068
vt 0.052573 0.763959
vt 0.052573 0.763959
vt 0.041123 0.770068
vt 0.005987 0.776563
vt 0.041756 0.771913
vt 0.030356 0.777090
vt 0.041123 0.770068
vt 0.030356 0.777090
vt 0.030124 0.775134
vt 0.041123 0.770068
vt 0.041123 0.770068
vt 0.030124 0.775134
vt 0.005987 0.776563
vt 0.030356 0.777090
vt 0.017367 0.778446
vt 0.030124 0.775134
vt 0.017367 0.778446
vt 0.017836 0.776430
vt 0.030124 0.775134
vt 0.030124 0.775134
vt 0.017836 0.776430
vt 0.005987 0.776563
vt 0.017367 0.778446
vt 0.004411 0.778425
vt 0.017836 0.776430
vt 0.004411 0.778425
vt 0.005987 0.776563
vt 0.017836 0.776430
vt 0.294413 0.761191
vt 0.292483 0.762069
vt 0.288186 0.755137
vt 0.289896 0.753751
vt 0.294413 0.761191
vt 0.288186 0.755137
vt 0.294413 0.761191
vt 0.296311 0.769358
vt 0.292483 0.762069
vt 0.296311 0.769358
vt 0.294251 0.768392
vt 0.292483 0.762069
vt 0.296311 0.769358
vt 0.285673 0.776803
vt 0.294251 0.768392
vt 0.786917 0.770869
vt 0.836921 0.767612
vt 0.791700 0.787927
vt 0.786917 0.770869
vt 0.791700 0.787927
vt 0.647046 0.818233
vt 0.836921 0.767612
vt 0.844987 0.795570
vt 0.791700 0.787927
vt 0.836921 0.767612
vt 0.866109 0.770489
vt 0.844987 0.795570
vt 0.866109 0.770489
vt 0.879263 0.807228
vt 0.844987 0.795570
vt 0.647046 0.818233
vt 0.637586 0.811662
vt 0.786917 0.770869
vt 0.786917 0.770869
vt 0.637586 0.811662
vt 0.639354 0.805338
vt 0.786917 0.770869
vt 0.639354 0.805338
vt 0.643650 0.798407
vt 0.879263 0.807228
vt 0.866109 0.770489
vt 0.913286 0.771595
vt 0.913286 0.771595
vt 0.925850 0.819832
vt 0.879263 0.807228
vt 0.643650 0.798407
vt 0.781594 0.754266
vt 0.786917 0.770869
vt 0.781594 0.754266
vt 0.828496 0.740110
vt 0.786917 0.770869
vt 0.828496 0.740110
vt 0.836921 0.767612
vt 0.786917 0.770869
vt 0.828496 0.740110
vt 0.856658 0.732875
vt 0.836921 0.767612
vt 0.856658 0.732875
vt 0.866109 0.770489
vt 0.836921 0.767612
vt 0.913286 0.771595
vt 0.866109 0.770489
vt 0.856658 0.732875
vt 0.886704 0.727965
vt 0.913286 0.771595
vt 0.856658 0.732875
vt 0.791700 0.787927
vt 0.673815 0.814633
vt 0.647046 0.818233
vt 0.673815 0.814633
vt 0.651706 0.819650
vt 0.647046 0.818233
vt 0.791700 0.787927
vt 0.791996 0.789921
vt 0.673815 0.814633
vt 0.791996 0.789921
vt 0.674091 0.816685
vt 0.673815 0.814633
vt 0.673815 0.814633
vt 0.674091 0.816685
vt 0.651706 0.819650
vt 0.674091 0.816685
vt 0.651493 0.821715
vt 0.651706 0.819650
vt 0.651706 0.819650
vt 0.651493 0.821715
vt 0.647046 0.818233
vt 0.651493 0.821715
vt 0.646164 0.820072
vt 0.647046 0.818233
vt 0.647046 0.818233
vt 0.646164 0.820072
vt 0.637586 0.811662
vt 0.844613 0.797544
vt 0.791996 0.789921
vt 0.791700 0.787927
vt 0.844987 0.795570
vt 0.844613 0.797544
vt 0.791700 0.787927
vt 0.878623 0.809093
vt 0.844613 0.797544
vt 0.844987 0.795570
vt 0.879263 0.807228
vt 0.878623 0.809093
vt 0.844987 0.795570
vt 0.890080 0.815182
vt 0.878623 0.809093
vt 0.879263 0.807228
vt 0.890714 0.813337
vt 0.890080 0.815182
vt 0.879263 0.807228
vt 0.925850 0.819832
vt 0.890714 0.813337
vt 0.879263 0.807228
vt 0.901481 0.820360
vt 0.890080 0.815182
vt 0.890714 0.813337
vt 0.901712 0.818404
vt 0.901481 0.820360
vt 0.890714 0.813337
vt 0.925850 0.819832
vt 0.901712 0.818404
vt 0.890714 0.813337
vt 0.914469 0.821715
vt 0.901481 0.820360
vt 0.901712 0.818404
vt 0.914000 0.819699
vt 0.914469 0.821715
vt 0.901712 0.818404
vt 0.925850 0.819832
vt 0.914000 0.819699
vt 0.901712 0.818404
vt 0.927426 0.821694
vt 0.914469 0.821715
vt 0.914000 0.819699
vt 0.925850 0.819832
vt 0.927426 0.821694
vt 0.914000 0.819699
vt 0.639354 0.805338
vt 0.637424 0.804461
vt 0.643650 0.798407
vt 0.637424 0.804461
vt 0.641941 0.797020
vt 0.643650 0.798407
vt 0.635525 0.812627
vt 0.637424 0.804461
vt 0.639354 0.805338
vt 0.637586 0.811662
vt 0.635525 0.812627
vt 0.639354 0.805338
vt 0.646164 0.820072
vt 0.635525 0.812627
vt 0.637586 0.811662
vt 0.464131 0.933381
vt 0.464037 0.925375
vt 0.427510 0.925376
vt 0.427563 0.933380
vt 0.464131 0.933381
vt 0.427510 0.925376
vt 0.466122 0.925356
vt 0.464037 0.925375
vt 0.464131 0.933381
vt 0.425470 0.933894
vt 0.427563 0.933380
vt 0.427510 0.925376
vt 0.425425 0.925421
vt 0.425470 0.933894
vt 0.427510 0.925376
vt 0.466225 0.933894
vt 0.466122 0.925356
vt 0.464131 0.933381
vt 0.427510 0.925376
vt 0.464037 0.925375
vt 0.464126 0.917073
vt 0.425425 0.925421
vt 0.427510 0.925376
vt 0.426728 0.917067
vt 0.426728 0.917067
vt 0.427510 0.925376
vt 0.464126 0.917073
vt 0.424619 0.917381
vt 0.425425 0.925421
vt 0.426728 0.917067
vt 0.466319 0.917366
vt 0.464126 0.917073
vt 0.464037 0.925375
vt 0.466122 0.925356
vt 0.466319 0.917366
vt 0.464037 0.925375
vt 0.534778 0.068388
vt 0.542791 0.068293
vt 0.534778 0.104886
vt 0.542791 0.068293
vt 0.542789 0.104831
vt 0.534778 0.104886
vt 0.534778 0.068388
vt 0.534759 0.066305
vt 0.542791 0.068293
vt 0.542789 0.104831
vt 0.543304 0.106921
vt 0.534778 0.104886
vt 0.543304 0.106921
vt 0.534823 0.106969
vt 0.534778 0.104886
vt 0.534759 0.066305
vt 0.543304 0.066200
vt 0.542791 0.068293
vt 0.534778 0.068388
vt 0.534778 0.104886
vt 0.526469 0.068297
vt 0.534778 0.104886
vt 0.534823 0.106969
vt 0.526464 0.105665
vt 0.534778 0.104886
vt 0.526464 0.105665
vt 0.526469 0.068297
vt 0.534823 0.106969
vt 0.526777 0.107772
vt 0.526464 0.105665
vt 0.526469 0.068297
vt 0.526763 0.066106
vt 0.534778 0.068388
vt 0.526763 0.066106
vt 0.534759 0.066305
vt 0.534778 0.068388
vt 0.868083 0.127534
vt 0.877682 0.127666
vt 0.878583 0.089207
vt 0.868984 0.089075
vt 0.868083 0.127534
vt 0.878583 0.089207
vt 0.868984 0.089075
vt 0.878583 0.089207
vt 0.885498 0.051935
vt 0.877682 0.127666
vt 0.868083 0.127534
vt 0.882846 0.165236
vt 0.868083 0.127534
vt 0.874330 0.165139
vt 0.882846 0.165236
vt 0.882846 0.165236
vt 0.874330 0.165139
vt 0.904170 0.279247
vt 0.876982 0.051839
vt 0.868984 0.089075
vt 0.885498 0.051935
vt 0.876982 0.051839
vt 0.885498 0.051935
vt 0.904170 0.017228
vt 0.318765 0.377003
vt 0.314755 0.337563
vt 0.318765 0.311298
vt 0.900962 0.118990
vt 0.900962 0.084535
vt 0.903368 0.084624
vt 0.903368 0.118901
vt 0.900962 0.118990
vt 0.903368 0.084624
vt 0.792161 0.711939
vt 0.757418 0.711939
vt 0.792058 0.709535
vt 0.757418 0.711939
vt 0.757522 0.709535
vt 0.792058 0.709535
vt 0.792161 0.711939
vt 0.792058 0.709535
vt 0.826383 0.709742
vt 0.439725 0.075721
vt 0.403403 0.073926
vt 0.403375 0.071715
vt 0.439856 0.073518
vt 0.439725 0.075721
vt 0.403375 0.071715
vt 0.367682 0.073526
vt 0.403375 0.071715
vt 0.403403 0.073926
vt 0.367875 0.075721
vt 0.367682 0.073526
vt 0.403403 0.073926
vt 0.962699 0.542003
vt 0.960936 0.541717
vt 0.975525 0.481862
vt 0.960936 0.541717
vt 0.973663 0.481679
vt 0.975525 0.481862
vt 0.957097 0.578471
vt 0.960936 0.541717
vt 0.962699 0.542003
vt 0.975525 0.481862
vt 0.973663 0.481679
vt 0.981324 0.464956
vt 0.973663 0.481679
vt 0.979269 0.464700
vt 0.981324 0.464956
vt 0.958869 0.578567
vt 0.957097 0.578471
vt 0.962699 0.542003
vt 0.981324 0.464956
vt 0.979269 0.464700
vt 0.999599 0.438497
vt 0.958869 0.578567
vt 0.958869 0.616145
vt 0.957097 0.578471
vt 0.958869 0.616145
vt 0.957097 0.616240
vt 0.957097 0.578471
vt 0.957097 0.616240
vt 0.958869 0.616145
vt 0.962699 0.652709
vt 0.960936 0.652995
vt 0.957097 0.616240
vt 0.962699 0.652709
vt 0.960936 0.652995
vt 0.962699 0.652709
vt 0.975525 0.712850
vt 0.973663 0.713033
vt 0.960936 0.652995
vt 0.975525 0.712850
vt 0.973663 0.713033
vt 0.975525 0.712850
vt 0.981324 0.729756
vt 0.979269 0.730012
vt 0.973663 0.713033
vt 0.981324 0.729756
vt 0.979269 0.730012
vt 0.981324 0.729756
vt 0.999599 0.756215
vt 0.979269 0.464700
vt 0.997523 0.437901
vt 0.999599 0.438497
vt 0.997523 0.756811
vt 0.979269 0.730012
vt 0.999599 0.756215
vt 0.137595 0.479567
vt 0.206694 0.481567
vt 0.137530 0.481420
vt 0.206694 0.481567
vt 0.206480 0.483371
vt 0.137530 0.481420
vt 0.206694 0.481567
vt 0.226544 0.483418
vt 0.206480 0.483371
vt 0.226544 0.483418
vt 0.226168 0.485176
vt 0.206480 0.483371
vt 0.137595 0.479567
vt 0.137530 0.481420
vt 0.096758 0.485176
vt 0.096632 0.483325
vt 0.137595 0.479567
vt 0.096758 0.485176
vt 0.363887 0.904119
vt 0.364026 0.901843
vt 0.306736 0.904247
vt 0.364026 0.901843
vt 0.306750 0.901967
vt 0.306736 0.904247
vt 0.380513 0.901959
vt 0.364026 0.901843
vt 0.363887 0.904119
vt 0.380239 0.904247
vt 0.380513 0.901959
vt 0.363887 0.904119
vt 0.891212 0.856013
vt 0.776172 0.826894
vt 0.776426 0.824920
vt 0.776426 0.824920
vt 0.776172 0.826894
vt 0.723083 0.831304
vt 0.891525 0.854045
vt 0.891212 0.856013
vt 0.776426 0.824920
vt 0.913150 0.861779
vt 0.891212 0.856013
vt 0.891525 0.854045
vt 0.913044 0.859770
vt 0.913150 0.861779
vt 0.891525 0.854045
vt 0.776172 0.826894
vt 0.723501 0.833272
vt 0.723083 0.831304
vt 0.723083 0.831304
vt 0.723501 0.833272
vt 0.686665 0.847461
vt 0.723501 0.833272
vt 0.687217 0.849894
vt 0.686665 0.847461
vt 0.918294 0.860771
vt 0.913150 0.861779
vt 0.913044 0.859770
vt 0.917579 0.858900
vt 0.918294 0.860771
vt 0.913044 0.859770
vt 0.928228 0.855385
vt 0.918294 0.860771
vt 0.917579 0.858900
vt 0.926551 0.853985
vt 0.928228 0.855385
vt 0.917579 0.858900
vt 0.686665 0.847461
vt 0.687217 0.849894
vt 0.667602 0.861779
vt 0.963898 0.185427
vt 0.993038 0.300059
vt 0.961909 0.185679
vt 0.963898 0.185427
vt 0.961909 0.185679
vt 0.968447 0.132543
vt 0.993038 0.300059
vt 0.991053 0.300369
vt 0.961909 0.185679
vt 0.993038 0.300059
vt 0.998797 0.321920
vt 0.991053 0.300369
vt 0.998797 0.321920
vt 0.996774 0.321812
vt 0.991053 0.300369
vt 0.970427 0.132962
vt 0.963898 0.185427
vt 0.968447 0.132543
vt 0.970427 0.132962
vt 0.968447 0.132543
vt 0.984680 0.096285
vt 0.987126 0.096837
vt 0.970427 0.132962
vt 0.984680 0.096285
vt 0.998797 0.321920
vt 0.997747 0.327044
vt 0.996774 0.321812
vt 0.997747 0.327044
vt 0.995868 0.326330
vt 0.996774 0.321812
vt 0.997747 0.327044
vt 0.992218 0.336939
vt 0.995868 0.326330
vt 0.992218 0.336939
vt 0.990828 0.335266
vt 0.995868 0.326330
vt 0.987126 0.096837
vt 0.984680 0.096285
vt 0.998797 0.077324
vt 0.814180 0.464778
vt 0.811949 0.464482
vt 0.812671 0.499288
vt 0.815156 0.499599
vt 0.814180 0.464778
vt 0.812671 0.499288
vt 0.814180 0.464778
vt 0.815156 0.438702
vt 0.811949 0.464482
vt 0.170270 0.413862
vt 0.169974 0.416091
vt 0.135436 0.414584
vt 0.169974 0.416091
vt 0.135124 0.417067
vt 0.135436 0.414584
vt 0.196071 0.417067
vt 0.169974 0.416091
vt 0.170270 0.413862
vt 0.422213 0.313702
vt 0.456352 0.313745
vt 0.422324 0.316106
vt 0.456352 0.313745
vt 0.456696 0.316106
vt 0.422324 0.316106
vt 0.512831 0.059696
vt 0.513174 0.057335
vt 0.547204 0.059696
vt 0.513174 0.057335
vt 0.547314 0.057292
vt 0.547204 0.059696
vt 0.108170 0.616635
vt 0.161321 0.615785
vt 0.108369 0.618485
vt 0.161321 0.615785
vt 0.161292 0.617615
vt 0.108369 0.618485
vt 0.108170 0.616635
vt 0.108369 0.618485
vt 0.076997 0.621226
vt 0.076591 0.619369
vt 0.108170 0.616635
vt 0.076997 0.621226
vt 0.076591 0.619369
vt 0.076997 0.621226
vt 0.044254 0.629407
vt 0.043705 0.627601
vt 0.076591 0.619369
vt 0.044254 0.629407
vt 0.161321 0.615785
vt 0.314755 0.627720
vt 0.161292 0.617615
vt 0.314755 0.627720
vt 0.313471 0.629407
vt 0.161292 0.617615
vt 0.436113 0.034054
vt 0.489264 0.034904
vt 0.489065 0.036754
vt 0.436142 0.035884
vt 0.436113 0.034054
vt 0.489065 0.036754
vt 0.489065 0.036754
vt 0.489264 0.034904
vt 0.520437 0.039495
vt 0.489264 0.034904
vt 0.520843 0.037638
vt 0.520437 0.039495
vt 0.520437 0.039495
vt 0.520843 0.037638
vt 0.553180 0.047676
vt 0.520843 0.037638
vt 0.553729 0.045870
vt 0.553180 0.047676
vt 0.282678 0.045989
vt 0.436113 0.034054
vt 0.436142 0.035884
vt 0.283963 0.047676
vt 0.282678 0.045989
vt 0.436142 0.035884
vt 0.682037 0.658253
vt 0.652004 0.655849
vt 0.651564 0.658253
vt 0.868446 0.080529
vt 0.838412 0.082933
vt 0.868885 0.082933
vt 0.331596 0.871394
vt 0.301123 0.871394
vt 0.331589 0.868990
vt 0.301123 0.871394
vt 0.301435 0.868997
vt 0.331589 0.868990
vt 0.775862 0.734375
vt 0.745389 0.734375
vt 0.745395 0.731971
vt 0.775550 0.731978
vt 0.775862 0.734375
vt 0.745395 0.731971
vt 0.252561 0.997294
vt 0.252046 0.960859
vt 0.274347 0.960528
vt 0.274863 0.996975
vt 0.252561 0.997294
vt 0.274347 0.960528
vt 0.134852 0.997589
vt 0.134322 0.959964
vt 0.252046 0.960859
vt 0.252561 0.997294
vt 0.134852 0.997589
vt 0.252046 0.960859
vt 0.134322 0.959964
vt 0.134648 0.957933
vt 0.252046 0.960859
vt 0.252046 0.960859
vt 0.251855 0.958861
vt 0.274347 0.960528
vt 0.134648 0.957933
vt 0.251855 0.958861
vt 0.252046 0.960859
vt 0.251855 0.958861
vt 0.274185 0.958497
vt 0.274347 0.960528
vt 0.252561 0.997294
vt 0.252404 0.999292
vt 0.134852 0.997589
vt 0.252404 0.999292
vt 0.135065 0.999599
vt 0.134852 0.997589
vt 0.274757 0.999009
vt 0.252404 0.999292
vt 0.252561 0.997294
vt 0.274863 0.996975
vt 0.274757 0.999009
vt 0.252561 0.997294
vt 0.274863 0.996975
vt 0.274347 0.960528
vt 0.279533 0.960466
vt 0.280049 0.996885
vt 0.274863 0.996975
vt 0.279533 0.960466
vt 0.274347 0.960528
vt 0.274185 0.958497
vt 0.279533 0.960466
vt 0.274185 0.958497
vt 0.279466 0.958420
vt 0.279533 0.960466
vt 0.280049 0.996885
vt 0.279992 0.998942
vt 0.274863 0.996975
vt 0.279992 0.998942
vt 0.274757 0.999009
vt 0.274863 0.996975
vt 0.279533 0.960466
vt 0.279466 0.958420
vt 0.291645 0.960211
vt 0.280049 0.996885
vt 0.279533 0.960466
vt 0.291645 0.960211
vt 0.292174 0.997485
vt 0.280049 0.996885
vt 0.291645 0.960211
vt 0.292174 0.997485
vt 0.292302 0.999599
vt 0.280049 0.996885
vt 0.292302 0.999599
vt 0.279992 0.998942
vt 0.280049 0.996885
vt 0.279466 0.958420
vt 0.291660 0.958013
vt 0.291645 0.960211
vt 0.420596 0.802507
vt 0.421143 0.780531
vt 0.386857 0.804750
vt 0.471294 0.780048
vt 0.421143 0.780531
vt 0.420596 0.802507
vt 0.470668 0.802025
vt 0.471294 0.780048
vt 0.420596 0.802507
vt 0.514218 0.784001
vt 0.471294 0.780048
vt 0.470668 0.802025
vt 0.513816 0.806000
vt 0.514218 0.784001
vt 0.470668 0.802025
vt 0.319254 0.791456
vt 0.238528 0.795756
vt 0.319145 0.813447
vt 0.238528 0.795756
vt 0.238728 0.817708
vt 0.319145 0.813447
vt 0.350792 0.786942
vt 0.319254 0.791456
vt 0.319145 0.813447
vt 0.350692 0.808932
vt 0.350792 0.786942
vt 0.319145 0.813447
vt 0.387202 0.782768
vt 0.350792 0.786942
vt 0.350692 0.808932
vt 0.386857 0.804750
vt 0.387202 0.782768
vt 0.350692 0.808932
vt 0.421143 0.780531
vt 0.387202 0.782768
vt 0.386857 0.804750
vt 0.556845 0.795330
vt 0.514218 0.784001
vt 0.513816 0.806000
vt 0.557025 0.811509
vt 0.556845 0.795330
vt 0.513816 0.806000
vt 0.585698 0.803614
vt 0.556845 0.795330
vt 0.557025 0.811509
vt 0.585806 0.817708
vt 0.585698 0.803614
vt 0.557025 0.811509
vt 0.234753 0.817240
vt 0.238728 0.817708
vt 0.238528 0.795756
vt 0.234563 0.796425
vt 0.234753 0.817240
vt 0.238528 0.795756
vt 0.518948 0.767254
vt 0.486004 0.769491
vt 0.486197 0.747495
vt 0.519316 0.745265
vt 0.518948 0.767254
vt 0.486197 0.747495
vt 0.568125 0.766782
vt 0.518948 0.767254
vt 0.519316 0.745265
vt 0.568549 0.744792
vt 0.568125 0.766782
vt 0.519316 0.745265
vt 0.611865 0.770754
vt 0.568125 0.766782
vt 0.568549 0.744792
vt 0.612021 0.748743
vt 0.611865 0.770754
vt 0.568549 0.744792
vt 0.418584 0.778190
vt 0.338167 0.782452
vt 0.418693 0.756184
vt 0.338167 0.782452
vt 0.337967 0.760484
vt 0.418693 0.756184
vt 0.450131 0.773672
vt 0.418584 0.778190
vt 0.418693 0.756184
vt 0.450231 0.751667
vt 0.450131 0.773672
vt 0.418693 0.756184
vt 0.486004 0.769491
vt 0.450131 0.773672
vt 0.450231 0.751667
vt 0.486197 0.747495
vt 0.486004 0.769491
vt 0.450231 0.751667
vt 0.656213 0.776252
vt 0.611865 0.770754
vt 0.612021 0.748743
vt 0.655876 0.760063
vt 0.656213 0.776252
vt 0.612021 0.748743
vt 0.685245 0.782452
vt 0.656213 0.776252
vt 0.655876 0.760063
vt 0.685116 0.768349
vt 0.685245 0.782452
vt 0.655876 0.760063
vt 0.334002 0.761149
vt 0.337967 0.760484
vt 0.338167 0.782452
vt 0.334192 0.781978
vt 0.334002 0.761149
vt 0.338167 0.782452
vt 0.932237 0.785252
vt 0.947188 0.786146
vt 0.932269 0.752242
vt 0.947188 0.786146
vt 0.947219 0.752469
vt 0.932269 0.752242
vt 0.932269 0.752242
vt 0.947219 0.752469
vt 0.932370 0.716254
vt 0.947219 0.752469
vt 0.947320 0.716241
vt 0.932370 0.716254
vt 0.932370 0.716254
vt 0.947320 0.716241
vt 0.932492 0.684560
vt 0.947320 0.716241
vt 0.947442 0.684548
vt 0.932492 0.684560
vt 0.947252 0.836132
vt 0.947188 0.786146
vt 0.932237 0.785252
vt 0.932300 0.834472
vt 0.947252 0.836132
vt 0.932237 0.785252
vt 0.947442 0.684548
vt 0.947474 0.603728
vt 0.932492 0.684560
vt 0.947474 0.603728
vt 0.932524 0.603740
vt 0.932492 0.684560
vt 0.947474 0.879240
vt 0.947252 0.836132
vt 0.932300 0.834472
vt 0.932523 0.878081
vt 0.947474 0.879240
vt 0.932300 0.834472
vt 0.945755 0.922556
vt 0.947474 0.879240
vt 0.932523 0.878081
vt 0.934774 0.922355
vt 0.945755 0.922556
vt 0.932523 0.878081
vt 0.945359 0.951515
vt 0.945755 0.922556
vt 0.934774 0.922355
vt 0.935733 0.951522
vt 0.945359 0.951515
vt 0.934774 0.922355
vt 0.933028 0.599771
vt 0.932524 0.603740
vt 0.947474 0.603728
vt 0.946815 0.599760
vt 0.933028 0.599771
vt 0.947474 0.603728
vt 0.361533 0.956312
vt 0.312112 0.956324
vt 0.313182 0.941118
vt 0.363401 0.941106
vt 0.361533 0.956312
vt 0.313182 0.941118
vt 0.313182 0.941118
vt 0.312112 0.956324
vt 0.279152 0.941122
vt 0.312112 0.956324
vt 0.278774 0.956328
vt 0.279152 0.941122
vt 0.279152 0.941122
vt 0.278774 0.956328
vt 0.242478 0.941122
vt 0.278774 0.956328
vt 0.242479 0.956328
vt 0.242478 0.941122
vt 0.242478 0.941122
vt 0.242479 0.956328
vt 0.210611 0.941123
vt 0.242479 0.956328
vt 0.210611 0.956329
vt 0.210611 0.941123
vt 0.129891 0.941124
vt 0.210611 0.941123
vt 0.210611 0.956329
vt 0.129892 0.956330
vt 0.129891 0.941124
vt 0.210611 0.956329
vt 0.405282 0.956330
vt 0.361533 0.956312
vt 0.363401 0.941106
vt 0.406679 0.941124
vt 0.405282 0.956330
vt 0.363401 0.941106
vt 0.450547 0.954466
vt 0.405282 0.956330
vt 0.406679 0.941124
vt 0.450921 0.943298
vt 0.450547 0.954466
vt 0.406679 0.941124
vt 0.480701 0.953887
vt 0.450547 0.954466
vt 0.450921 0.943298
vt 0.480754 0.944096
vt 0.480701 0.953887
vt 0.450921 0.943298
vt 0.125501 0.941715
vt 0.129891 0.941124
vt 0.129892 0.956330
vt 0.125501 0.955739
vt 0.125501 0.941715
vt 0.129892 0.956330
vt 0.541700 0.354567
vt 0.541700 0.333734
vt 0.528067 0.333734
vt 0.528067 0.354567
vt 0.541700 0.354567
vt 0.528067 0.333734
vt 0.524835 0.716747
vt 0.468676 0.717258
vt 0.468567 0.718928
vt 0.524505 0.718419
vt 0.524835 0.716747
vt 0.468567 0.718928
vt 0.468567 0.718928
vt 0.468676 0.717258
vt 0.430919 0.721432
vt 0.468676 0.717258
vt 0.430833 0.719768
vt 0.430919 0.721432
vt 0.430919 0.721432
vt 0.430833 0.719768
vt 0.390455 0.726122
vt 0.430833 0.719768
vt 0.390265 0.724465
vt 0.390455 0.726122
vt 0.390455 0.726122
vt 0.390265 0.724465
vt 0.355072 0.731199
vt 0.390265 0.724465
vt 0.354877 0.729542
vt 0.355072 0.731199
vt 0.573224 0.721262
vt 0.524835 0.716747
vt 0.524505 0.718419
vt 0.572833 0.722922
vt 0.573224 0.721262
vt 0.524505 0.718419
vt 0.621683 0.727768
vt 0.573224 0.721262
vt 0.572833 0.722922
vt 0.621431 0.728972
vt 0.621683 0.727768
vt 0.572833 0.722922
vt 0.355072 0.731199
vt 0.354877 0.729542
vt 0.264699 0.735978
vt 0.354877 0.729542
vt 0.264678 0.734299
vt 0.264699 0.735978
vt 0.653956 0.734874
vt 0.621683 0.727768
vt 0.621431 0.728972
vt 0.653970 0.735978
vt 0.653956 0.734874
vt 0.621431 0.728972
vt 0.260225 0.733977
vt 0.264699 0.735978
vt 0.264678 0.734299
vt 0.944266 0.132852
vt 0.945079 0.183040
vt 0.946936 0.182878
vt 0.946124 0.132731
vt 0.944266 0.132852
vt 0.946936 0.182878
vt 0.946936 0.182878
vt 0.945079 0.183040
vt 0.948847 0.216838
vt 0.945079 0.183040
vt 0.946993 0.217001
vt 0.948847 0.216838
vt 0.948847 0.216838
vt 0.946993 0.217001
vt 0.952164 0.253333
vt 0.946993 0.217001
vt 0.950314 0.253512
vt 0.952164 0.253333
vt 0.952164 0.253333
vt 0.950314 0.253512
vt 0.955680 0.284995
vt 0.950314 0.253512
vt 0.953830 0.285178
vt 0.955680 0.284995
vt 0.959503 0.365756
vt 0.955680 0.284995
vt 0.953830 0.285178
vt 0.957637 0.365785
vt 0.959503 0.365756
vt 0.953830 0.285178
vt 0.946676 0.089661
vt 0.944266 0.132852
vt 0.946124 0.132731
vt 0.948529 0.089696
vt 0.946676 0.089661
vt 0.946124 0.132731
vt 0.953119 0.045843
vt 0.946676 0.089661
vt 0.948529 0.089696
vt 0.954472 0.045997
vt 0.953119 0.045843
vt 0.948529 0.089696
vt 0.958287 0.016449
vt 0.953119 0.045843
vt 0.954472 0.045997
vt 0.959503 0.016426
vt 0.958287 0.016449
vt 0.954472 0.045997
vt 0.756619 0.980369
vt 0.756480 0.982209
vt 0.712847 0.981267
vt 0.756480 0.982209
vt 0.712789 0.983108
vt 0.712847 0.981267
vt 0.712847 0.981267
vt 0.712789 0.983108
vt 0.663593 0.985753
vt 0.712789 0.983108
vt 0.663696 0.987580
vt 0.663593 0.985753
vt 0.801734 0.984799
vt 0.756480 0.982209
vt 0.756619 0.980369
vt 0.801850 0.983455
vt 0.801734 0.984799
vt 0.756619 0.980369
vt 0.831997 0.987580
vt 0.801734 0.984799
vt 0.801850 0.983455
vt 0.831890 0.986389
vt 0.831997 0.987580
vt 0.801850 0.983455
vt 0.456651 0.711640
vt 0.456748 0.713311
vt 0.419624 0.714145
vt 0.456748 0.713311
vt 0.419772 0.715810
vt 0.419624 0.714145
vt 0.419624 0.714145
vt 0.419772 0.715810
vt 0.379302 0.718844
vt 0.419772 0.715810
vt 0.379493 0.720503
vt 0.379302 0.718844
vt 0.379302 0.718844
vt 0.379493 0.720503
vt 0.343841 0.723926
vt 0.379493 0.720503
vt 0.344037 0.725585
vt 0.343841 0.723926
vt 0.511941 0.712809
vt 0.456748 0.713311
vt 0.456651 0.711640
vt 0.511920 0.711138
vt 0.511941 0.712809
vt 0.456651 0.711640
vt 0.343841 0.723926
vt 0.344037 0.725585
vt 0.253459 0.728688
vt 0.344037 0.725585
vt 0.253481 0.730369
vt 0.253459 0.728688
vt 0.560930 0.717311
vt 0.511941 0.712809
vt 0.511920 0.711138
vt 0.561070 0.715652
vt 0.560930 0.717311
vt 0.511920 0.711138
vt 0.610704 0.723358
vt 0.560930 0.717311
vt 0.561070 0.715652
vt 0.610910 0.722153
vt 0.610704 0.723358
vt 0.561070 0.715652
vt 0.643544 0.730369
vt 0.610704 0.723358
vt 0.610910 0.722153
vt 0.643530 0.729263
vt 0.643544 0.730369
vt 0.610910 0.722153
vt 0.248998 0.728366
vt 0.253459 0.728688
vt 0.253481 0.730369
vt 0.016439 0.008008
vt 0.021251 0.006811
vt 0.021251 0.009215
vt 0.152030 0.784555
vt 0.151971 0.782744
vt 0.186152 0.782660
vt 0.151971 0.782744
vt 0.186089 0.780849
vt 0.186152 0.782660
vt 0.113153 0.783848
vt 0.151971 0.782744
vt 0.152030 0.784555
vt 0.113126 0.785657
vt 0.113153 0.783848
vt 0.152030 0.784555
vt 0.077553 0.783123
vt 0.113153 0.783848
vt 0.113126 0.785657
vt 0.077386 0.784926
vt 0.077553 0.783123
vt 0.113126 0.785657
vt 0.272655 0.785657
vt 0.186152 0.782660
vt 0.186089 0.780849
vt 0.272759 0.783841
vt 0.272655 0.785657
vt 0.186089 0.780849
vt 0.277065 0.784129
vt 0.272655 0.785657
vt 0.272759 0.783841
vt 0.388384 0.890825
vt 0.370159 0.891506
vt 0.367564 0.869658
vt 0.385475 0.868990
vt 0.388384 0.890825
vt 0.367564 0.869658
vt 0.405556 0.893620
vt 0.388384 0.890825
vt 0.385475 0.868990
vt 0.402142 0.871713
vt 0.405556 0.893620
vt 0.385475 0.868990
vt 0.424565 0.900786
vt 0.405556 0.893620
vt 0.402142 0.871713
vt 0.420936 0.878808
vt 0.424565 0.900786
vt 0.402142 0.871713
vt 0.444484 0.907743
vt 0.424565 0.900786
vt 0.420936 0.878808
vt 0.441187 0.885855
vt 0.444484 0.907743
vt 0.420936 0.878808
vt 0.462221 0.909856
vt 0.444484 0.907743
vt 0.441187 0.885855
vt 0.459484 0.888005
vt 0.462221 0.909856
vt 0.441187 0.885855
vt 0.484763 0.909133
vt 0.462221 0.909856
vt 0.459484 0.888005
vt 0.482460 0.887263
vt 0.484763 0.909133
vt 0.459484 0.888005
vt 0.370159 0.891506
vt 0.143732 0.909856
vt 0.367564 0.869658
vt 0.143732 0.909856
vt 0.141428 0.887980
vt 0.367564 0.869658
vt 0.137530 0.889016
vt 0.141428 0.887980
vt 0.143732 0.909856
vt 0.139706 0.909677
vt 0.137530 0.889016
vt 0.143732 0.909856
vt 0.774473 0.862580
vt 0.756540 0.863249
vt 0.759458 0.885069
vt 0.777725 0.884384
vt 0.774473 0.862580
vt 0.759458 0.885069
vt 0.791176 0.865301
vt 0.774473 0.862580
vt 0.777725 0.884384
vt 0.794943 0.887177
vt 0.791176 0.865301
vt 0.777725 0.884384
vt 0.810017 0.872394
vt 0.791176 0.865301
vt 0.794943 0.887177
vt 0.814002 0.894340
vt 0.810017 0.872394
vt 0.794943 0.887177
vt 0.830253 0.879446
vt 0.810017 0.872394
vt 0.814002 0.894340
vt 0.833843 0.901309
vt 0.830253 0.879446
vt 0.814002 0.894340
vt 0.848444 0.881611
vt 0.830253 0.879446
vt 0.833843 0.901309
vt 0.851385 0.903446
vt 0.848444 0.881611
vt 0.833843 0.901309
vt 0.871351 0.880877
vt 0.848444 0.881611
vt 0.851385 0.903446
vt 0.873697 0.902749
vt 0.871351 0.880877
vt 0.851385 0.903446
vt 0.756540 0.863249
vt 0.530361 0.881563
vt 0.759458 0.885069
vt 0.530361 0.881563
vt 0.532663 0.903446
vt 0.759458 0.885069
vt 0.528638 0.903275
vt 0.532663 0.903446
vt 0.530361 0.881563
vt 0.526464 0.882608
vt 0.528638 0.903275
vt 0.530361 0.881563
vt 0.736256 0.937105
vt 0.719622 0.937143
vt 0.719295 0.959225
vt 0.735887 0.959188
vt 0.736256 0.937105
vt 0.719295 0.959225
vt 0.719622 0.937143
vt 0.492146 0.937673
vt 0.719295 0.959225
vt 0.492146 0.937673
vt 0.492195 0.959755
vt 0.719295 0.959225
vt 0.753456 0.937076
vt 0.736256 0.937105
vt 0.735887 0.959188
vt 0.753044 0.959159
vt 0.753456 0.937076
vt 0.735887 0.959188
vt 0.486414 0.959154
vt 0.492195 0.959755
vt 0.492146 0.937673
vt 0.486367 0.938300
vt 0.486414 0.959154
vt 0.492146 0.937673
vt 0.773684 0.937073
vt 0.753456 0.937076
vt 0.753044 0.959159
vt 0.773226 0.959157
vt 0.773684 0.937073
vt 0.753044 0.959159
vt 0.794829 0.937065
vt 0.773684 0.937073
vt 0.773226 0.959157
vt 0.794436 0.959148
vt 0.794829 0.937065
vt 0.773226 0.959157
vt 0.812710 0.937033
vt 0.794829 0.937065
vt 0.794436 0.959148
vt 0.812496 0.959115
vt 0.812710 0.937033
vt 0.794436 0.959148
vt 0.835204 0.936986
vt 0.812710 0.937033
vt 0.812496 0.959115
vt 0.835204 0.959068
vt 0.835204 0.936986
vt 0.812496 0.959115
vt 0.486367 0.938300
vt 0.492146 0.937673
vt 0.490316 0.936298
vt 0.486414 0.959154
vt 0.490372 0.961138
vt 0.492195 0.959755
vt 0.602279 0.928585
vt 0.619298 0.928658
vt 0.619280 0.906724
vt 0.602241 0.906651
vt 0.602279 0.928585
vt 0.619280 0.906724
vt 0.852194 0.911140
vt 0.619280 0.906724
vt 0.619298 0.928658
vt 0.852160 0.933072
vt 0.852194 0.911140
vt 0.619298 0.928658
vt 0.584968 0.929503
vt 0.602279 0.928585
vt 0.602241 0.906651
vt 0.584893 0.907567
vt 0.584968 0.929503
vt 0.602241 0.906651
vt 0.565707 0.931750
vt 0.584968 0.929503
vt 0.584893 0.907567
vt 0.565588 0.909814
vt 0.565707 0.931750
vt 0.584893 0.907567
vt 0.545187 0.933964
vt 0.565707 0.931750
vt 0.565588 0.909814
vt 0.545079 0.912028
vt 0.545187 0.933964
vt 0.565588 0.909814
vt 0.526653 0.934696
vt 0.545187 0.933964
vt 0.545079 0.912028
vt 0.526635 0.912762
vt 0.526653 0.934696
vt 0.545079 0.912028
vt 0.503208 0.934586
vt 0.526653 0.934696
vt 0.526635 0.912762
vt 0.503242 0.912653
vt 0.503208 0.934586
vt 0.526635 0.912762
vt 0.857658 0.912451
vt 0.852194 0.911140
vt 0.852160 0.933072
vt 0.857626 0.933164
vt 0.857658 0.912451
vt 0.852160 0.933072
vt 0.857626 0.933164
vt 0.852160 0.933072
vt 0.853599 0.934696
vt 0.777466 0.835337
vt 0.777466 0.856170
vt 0.756616 0.856170
vt 0.756616 0.835337
vt 0.777466 0.835337
vt 0.756616 0.856170
vt 0.621439 0.693391
vt 0.621773 0.691975
vt 0.601798 0.690164
vt 0.621773 0.691975
vt 0.601858 0.688702
vt 0.601798 0.690164
vt 0.644035 0.700435
vt 0.621773 0.691975
vt 0.621439 0.693391
vt 0.643595 0.701807
vt 0.644035 0.700435
vt 0.621439 0.693391
vt 0.667671 0.708745
vt 0.644035 0.700435
vt 0.643595 0.701807
vt 0.667392 0.710175
vt 0.667671 0.708745
vt 0.643595 0.701807
vt 0.688824 0.711279
vt 0.667671 0.708745
vt 0.667392 0.710175
vt 0.688783 0.712740
vt 0.688824 0.711279
vt 0.667392 0.710175
vt 0.715568 0.710409
vt 0.688824 0.711279
vt 0.688783 0.712740
vt 0.715718 0.711866
vt 0.715568 0.710409
vt 0.688783 0.712740
vt 0.601798 0.690164
vt 0.601858 0.688702
vt 0.580712 0.690961
vt 0.601858 0.688702
vt 0.582378 0.689312
vt 0.580712 0.690961
vt 0.314755 0.712740
vt 0.580712 0.690961
vt 0.582378 0.689312
vt 0.316372 0.711094
vt 0.314755 0.712740
vt 0.582378 0.689312
vt 0.642120 0.683167
vt 0.641756 0.684576
vt 0.622168 0.679888
vt 0.641756 0.684576
vt 0.622081 0.681342
vt 0.622168 0.679888
vt 0.622168 0.679888
vt 0.622081 0.681342
vt 0.602633 0.680497
vt 0.622081 0.681342
vt 0.600940 0.682137
vt 0.602633 0.680497
vt 0.335622 0.702291
vt 0.602633 0.680497
vt 0.600940 0.682137
vt 0.334002 0.703926
vt 0.335622 0.702291
vt 0.600940 0.682137
vt 0.663942 0.693002
vt 0.641756 0.684576
vt 0.642120 0.683167
vt 0.664420 0.691637
vt 0.663942 0.693002
vt 0.642120 0.683167
vt 0.687848 0.701373
vt 0.663942 0.693002
vt 0.664420 0.691637
vt 0.688163 0.699950
vt 0.687848 0.701373
vt 0.664420 0.691637
vt 0.709446 0.703926
vt 0.687848 0.701373
vt 0.688163 0.699950
vt 0.709505 0.702473
vt 0.709446 0.703926
vt 0.688163 0.699950
vt 0.736568 0.703042
vt 0.709446 0.703926
vt 0.709505 0.702473
vt 0.736416 0.701596
vt 0.736568 0.703042
vt 0.709505 0.702473
vt 0.636402 0.006717
vt 0.636753 0.005309
vt 0.616122 0.003457
vt 0.636753 0.005309
vt 0.616191 0.002003
vt 0.616122 0.003457
vt 0.616122 0.003457
vt 0.616191 0.002003
vt 0.596268 0.004083
vt 0.616191 0.002003
vt 0.594379 0.002828
vt 0.596268 0.004083
vt 0.596268 0.004083
vt 0.594379 0.002828
vt 0.325521 0.026042
vt 0.594379 0.002828
vt 0.323577 0.024790
vt 0.325521 0.026042
vt 0.659516 0.013802
vt 0.636753 0.005309
vt 0.636402 0.006717
vt 0.659050 0.015167
vt 0.659516 0.013802
vt 0.636402 0.006717
vt 0.683212 0.022063
vt 0.659516 0.013802
vt 0.659050 0.015167
vt 0.682907 0.023486
vt 0.683212 0.022063
vt 0.659050 0.015167
vt 0.704160 0.024588
vt 0.683212 0.022063
vt 0.682907 0.023486
vt 0.704108 0.026042
vt 0.704160 0.024588
vt 0.682907 0.023486
vt 0.730802 0.023747
vt 0.704160 0.024588
vt 0.704108 0.026042
vt 0.730954 0.025195
vt 0.730802 0.023747
vt 0.704108 0.026042
vt 0.833709 0.580598
vt 0.835123 0.580280
vt 0.830393 0.560147
vt 0.835123 0.580280
vt 0.831853 0.560106
vt 0.830393 0.560147
vt 0.843592 0.602809
vt 0.835123 0.580280
vt 0.833709 0.580598
vt 0.842222 0.603238
vt 0.843592 0.602809
vt 0.833709 0.580598
vt 0.851915 0.626689
vt 0.843592 0.602809
vt 0.842222 0.603238
vt 0.850487 0.626961
vt 0.851915 0.626689
vt 0.842222 0.603238
vt 0.854451 0.648050
vt 0.851915 0.626689
vt 0.850487 0.626961
vt 0.852990 0.648083
vt 0.854451 0.648050
vt 0.850487 0.626961
vt 0.853572 0.675080
vt 0.854451 0.648050
vt 0.852990 0.648083
vt 0.852116 0.674926
vt 0.853572 0.675080
vt 0.852990 0.648083
vt 0.830393 0.560147
vt 0.831853 0.560106
vt 0.831216 0.538446
vt 0.831853 0.560106
vt 0.832477 0.540356
vt 0.831216 0.538446
vt 0.831216 0.538446
vt 0.832477 0.540356
vt 0.853191 0.268830
vt 0.832477 0.540356
vt 0.854451 0.270772
vt 0.853191 0.268830
vt 0.868083 0.839343
vt 0.863518 0.837740
vt 0.861668 0.839343
vt 0.884322 0.536310
vt 0.862470 0.533403
vt 0.863138 0.515507
vt 0.884322 0.536310
vt 0.887120 0.553468
vt 0.862470 0.533403
vt 0.887120 0.553468
vt 0.865195 0.550057
vt 0.862470 0.533403
vt 0.887120 0.553468
vt 0.894291 0.572462
vt 0.865195 0.550057
vt 0.894291 0.572462
vt 0.872295 0.568835
vt 0.865195 0.550057
vt 0.894291 0.572462
vt 0.901253 0.592365
vt 0.872295 0.568835
vt 0.901253 0.592365
vt 0.879348 0.589071
vt 0.872295 0.568835
vt 0.901253 0.592365
vt 0.903368 0.610088
vt 0.879348 0.589071
vt 0.903368 0.610088
vt 0.881500 0.607353
vt 0.879348 0.589071
vt 0.903368 0.610088
vt 0.902645 0.632612
vt 0.881500 0.607353
vt 0.902645 0.632612
vt 0.880757 0.630311
vt 0.881500 0.607353
vt 0.903368 0.291854
vt 0.885004 0.518100
vt 0.863138 0.515507
vt 0.881475 0.289552
vt 0.903368 0.291854
vt 0.863138 0.515507
vt 0.885004 0.518100
vt 0.884322 0.536310
vt 0.863138 0.515507
vt 0.881475 0.289552
vt 0.882510 0.285657
vt 0.903368 0.291854
vt 0.882510 0.285657
vt 0.903188 0.287831
vt 0.903368 0.291854
vt 0.837478 0.509139
vt 0.836808 0.527057
vt 0.859315 0.512054
vt 0.836808 0.527057
vt 0.858630 0.530307
vt 0.859315 0.512054
vt 0.836808 0.527057
vt 0.839532 0.543747
vt 0.858630 0.530307
vt 0.839532 0.543747
vt 0.861425 0.547511
vt 0.858630 0.530307
vt 0.839532 0.543747
vt 0.846630 0.562573
vt 0.861425 0.547511
vt 0.846630 0.562573
vt 0.868594 0.566555
vt 0.861425 0.547511
vt 0.846630 0.562573
vt 0.853688 0.582793
vt 0.868594 0.566555
vt 0.853688 0.582793
vt 0.875569 0.586380
vt 0.868594 0.566555
vt 0.853688 0.582793
vt 0.855854 0.600969
vt 0.875569 0.586380
vt 0.855854 0.600969
vt 0.877706 0.603908
vt 0.875569 0.586380
vt 0.855854 0.600969
vt 0.855120 0.623858
vt 0.877706 0.603908
vt 0.855120 0.623858
vt 0.877010 0.626202
vt 0.877706 0.603908
vt 0.855807 0.283141
vt 0.837478 0.509139
vt 0.859315 0.512054
vt 0.877706 0.285441
vt 0.855807 0.283141
vt 0.859315 0.512054
vt 0.877706 0.285441
vt 0.877537 0.281419
vt 0.855807 0.283141
vt 0.877537 0.281419
vt 0.856854 0.279247
vt 0.855807 0.283141
vt 0.922151 0.399978
vt 0.921926 0.381289
vt 0.900384 0.400462
vt 0.921926 0.381289
vt 0.900160 0.381818
vt 0.900384 0.400462
vt 0.928228 0.633869
vt 0.922151 0.399978
vt 0.900384 0.400462
vt 0.906447 0.633967
vt 0.928228 0.633869
vt 0.900384 0.400462
vt 0.921926 0.381289
vt 0.922837 0.363827
vt 0.900160 0.381818
vt 0.922837 0.363827
vt 0.901073 0.364401
vt 0.900160 0.381818
vt 0.922837 0.363827
vt 0.925193 0.344383
vt 0.901073 0.364401
vt 0.925193 0.344383
vt 0.903431 0.345009
vt 0.901073 0.364401
vt 0.925193 0.344383
vt 0.927513 0.323893
vt 0.903431 0.345009
vt 0.927513 0.323893
vt 0.905748 0.324445
vt 0.903431 0.345009
vt 0.927513 0.323893
vt 0.928228 0.305628
vt 0.905748 0.324445
vt 0.928228 0.305628
vt 0.906456 0.305993
vt 0.905748 0.324445
vt 0.928228 0.305628
vt 0.927996 0.282452
vt 0.906456 0.305993
vt 0.927996 0.282452
vt 0.906217 0.282596
vt 0.906456 0.305993
vt 0.906447 0.633967
vt 0.906592 0.638221
vt 0.928228 0.633869
vt 0.906592 0.638221
vt 0.927161 0.638128
vt 0.928228 0.633869
vt 0.167662 0.911646
vt 0.149145 0.911458
vt 0.167509 0.933541
vt 0.149145 0.911458
vt 0.148973 0.933352
vt 0.167509 0.933541
vt 0.167509 0.933541
vt 0.399772 0.938680
vt 0.167662 0.911646
vt 0.399772 0.938680
vt 0.399873 0.916784
vt 0.167662 0.911646
vt 0.149145 0.911458
vt 0.131862 0.912235
vt 0.148973 0.933352
vt 0.131862 0.912235
vt 0.131653 0.934128
vt 0.148973 0.933352
vt 0.131862 0.912235
vt 0.112612 0.914241
vt 0.131653 0.934128
vt 0.112612 0.914241
vt 0.112358 0.936132
vt 0.131653 0.934128
vt 0.112612 0.914241
vt 0.092107 0.916209
vt 0.112358 0.936132
vt 0.092107 0.916209
vt 0.091864 0.938101
vt 0.112358 0.936132
vt 0.092107 0.916209
vt 0.073607 0.916808
vt 0.091864 0.938101
vt 0.073607 0.916808
vt 0.073454 0.938702
vt 0.091864 0.938101
vt 0.073607 0.916808
vt 0.050222 0.916602
vt 0.073454 0.938702
vt 0.050222 0.916602
vt 0.050120 0.938498
vt 0.073454 0.938702
vt 0.399772 0.938680
vt 0.403673 0.938702
vt 0.399873 0.916784
vt 0.403673 0.938702
vt 0.403769 0.918024
vt 0.399873 0.916784
vt 0.915397 0.675881
vt 0.915397 0.696715
vt 0.894547 0.696715
vt 0.894547 0.675881
vt 0.915397 0.675881
vt 0.894547 0.696715
vt 0.815156 0.584172
vt 0.816894 0.584100
vt 0.817383 0.565991
vt 0.815646 0.565895
vt 0.815156 0.584172
vt 0.817383 0.565991
vt 0.815646 0.565895
vt 0.817383 0.565991
vt 0.834403 0.338920
vt 0.832672 0.338764
vt 0.815646 0.565895
vt 0.834403 0.338920
vt 0.815156 0.584172
vt 0.817451 0.601449
vt 0.816894 0.584100
vt 0.817451 0.601449
vt 0.819152 0.601113
vt 0.816894 0.584100
vt 0.817451 0.601449
vt 0.823264 0.620928
vt 0.819152 0.601113
vt 0.823264 0.620928
vt 0.824928 0.620470
vt 0.819152 0.601113
vt 0.823264 0.620928
vt 0.829233 0.641041
vt 0.824928 0.620470
vt 0.829233 0.641041
vt 0.830932 0.640701
vt 0.824928 0.620470
vt 0.829233 0.641041
vt 0.831760 0.658469
vt 0.830932 0.640701
vt 0.831760 0.658469
vt 0.833486 0.658326
vt 0.830932 0.640701
vt 0.831760 0.658469
vt 0.832670 0.680667
vt 0.833486 0.658326
vt 0.832670 0.680667
vt 0.834403 0.680689
vt 0.833486 0.658326
vt 0.834403 0.338920
vt 0.833943 0.334535
vt 0.832672 0.338764
vt 0.952086 0.130788
vt 0.951603 0.112706
vt 0.950366 0.130889
vt 0.951603 0.112706
vt 0.949880 0.112670
vt 0.950366 0.130889
vt 0.952086 0.130788
vt 0.950366 0.130889
vt 0.963402 0.357539
vt 0.965116 0.357411
vt 0.952086 0.130788
vt 0.963402 0.357539
vt 0.951603 0.112706
vt 0.953550 0.095666
vt 0.949880 0.112670
vt 0.953550 0.095666
vt 0.951854 0.095397
vt 0.949880 0.112670
vt 0.953550 0.095666
vt 0.958625 0.076126
vt 0.951854 0.095397
vt 0.958625 0.076126
vt 0.956956 0.075760
vt 0.951854 0.095397
vt 0.958625 0.076126
vt 0.963608 0.055505
vt 0.956956 0.075760
vt 0.963608 0.055505
vt 0.961904 0.055275
vt 0.956956 0.075760
vt 0.963608 0.055505
vt 0.965116 0.037516
vt 0.961904 0.055275
vt 0.965116 0.037516
vt 0.963392 0.037487
vt 0.961904 0.055275
vt 0.965116 0.037516
vt 0.964595 0.014824
vt 0.963392 0.037487
vt 0.964595 0.014824
vt 0.962873 0.014952
vt 0.963392 0.037487
vt 0.963402 0.357539
vt 0.964588 0.361779
vt 0.965116 0.357411
vt 0.753988 0.670342
vt 0.753652 0.671749
vt 0.733821 0.668521
vt 0.733882 0.667067
vt 0.753988 0.670342
vt 0.733821 0.668521
vt 0.733882 0.667067
vt 0.733821 0.668521
vt 0.712532 0.669318
vt 0.712432 0.667870
vt 0.733882 0.667067
vt 0.712532 0.669318
vt 0.712532 0.669318
vt 0.444016 0.691106
vt 0.712432 0.667870
vt 0.444016 0.691106
vt 0.443865 0.689661
vt 0.712432 0.667870
vt 0.753988 0.670342
vt 0.776465 0.678805
vt 0.753652 0.671749
vt 0.776465 0.678805
vt 0.776021 0.680168
vt 0.753652 0.671749
vt 0.776465 0.678805
vt 0.800328 0.687119
vt 0.776021 0.680168
vt 0.800328 0.687119
vt 0.800046 0.688539
vt 0.776021 0.680168
vt 0.800328 0.687119
vt 0.821684 0.689653
vt 0.800046 0.688539
vt 0.821684 0.689653
vt 0.821643 0.691106
vt 0.800046 0.688539
vt 0.821684 0.689653
vt 0.848686 0.688783
vt 0.821643 0.691106
vt 0.848686 0.688783
vt 0.848837 0.690231
vt 0.821643 0.691106
vt 0.829478 0.580804
vt 0.828060 0.581169
vt 0.824779 0.561161
vt 0.826243 0.561074
vt 0.829478 0.580804
vt 0.824779 0.561161
vt 0.826243 0.561074
vt 0.824779 0.561161
vt 0.825581 0.539795
vt 0.827039 0.539873
vt 0.826243 0.561074
vt 0.825581 0.539795
vt 0.825581 0.539795
vt 0.847385 0.272035
vt 0.827039 0.539873
vt 0.847385 0.272035
vt 0.848837 0.272187
vt 0.827039 0.539873
vt 0.829478 0.580804
vt 0.837909 0.603052
vt 0.828060 0.581169
vt 0.837909 0.603052
vt 0.836534 0.603532
vt 0.828060 0.581169
vt 0.837909 0.603052
vt 0.846283 0.627025
vt 0.836534 0.603532
vt 0.846283 0.627025
vt 0.844851 0.627342
vt 0.836534 0.603532
vt 0.846283 0.627025
vt 0.848837 0.648684
vt 0.844851 0.627342
vt 0.848837 0.648684
vt 0.847375 0.648742
vt 0.844851 0.627342
vt 0.848837 0.648684
vt 0.847953 0.675881
vt 0.847375 0.648742
vt 0.847953 0.675881
vt 0.846497 0.675729
vt 0.847375 0.648742
vt 0.086207 0.186298
vt 0.086207 0.191106
vt 0.083801 0.186656
vt 0.369286 0.084535
vt 0.368084 0.079728
vt 0.366881 0.084535
vt 0.720727 0.186702
vt 0.719679 0.226674
vt 0.782534 0.227996
vt 0.784704 0.188354
vt 0.720727 0.186702
vt 0.782534 0.227996
vt 0.782534 0.227996
vt 0.719679 0.226674
vt 0.780349 0.267637
vt 0.719679 0.226674
vt 0.718617 0.266647
vt 0.780349 0.267637
vt 0.780349 0.267637
vt 0.718617 0.266647
vt 0.768249 0.345753
vt 0.780349 0.267637
vt 0.768249 0.345753
vt 0.798891 0.341916
vt 0.718617 0.266647
vt 0.716503 0.345753
vt 0.768249 0.345753
vt 0.716503 0.345753
vt 0.718617 0.266647
vt 0.668633 0.343179
vt 0.780349 0.267637
vt 0.798891 0.341916
vt 0.821986 0.301610
vt 0.780349 0.267637
vt 0.821986 0.301610
vt 0.825183 0.291231
vt 0.821986 0.301610
vt 0.798891 0.341916
vt 0.824920 0.331475
vt 0.824920 0.331475
vt 0.834521 0.318602
vt 0.821986 0.301610
vt 0.825183 0.291231
vt 0.850263 0.262761
vt 0.780349 0.267637
vt 0.782534 0.227996
vt 0.780349 0.267637
vt 0.850263 0.262761
vt 0.784704 0.188354
vt 0.782534 0.227996
vt 0.853562 0.226489
vt 0.853562 0.226489
vt 0.782534 0.227996
vt 0.850263 0.262761
vt 0.856856 0.190218
vt 0.784704 0.188354
vt 0.853562 0.226489
vt 0.784704 0.188354
vt 0.856856 0.190218
vt 0.855441 0.153825
vt 0.784585 0.148653
vt 0.784704 0.188354
vt 0.855441 0.153825
vt 0.784585 0.148653
vt 0.855441 0.153825
vt 0.854021 0.117432
vt 0.720727 0.186702
vt 0.784704 0.188354
vt 0.784585 0.148653
vt 0.721746 0.146728
vt 0.720727 0.186702
vt 0.784585 0.148653
vt 0.721746 0.146728
vt 0.784585 0.148653
vt 0.784453 0.108952
vt 0.784453 0.108952
vt 0.784585 0.148653
vt 0.854021 0.117432
vt 0.784453 0.108952
vt 0.854021 0.117432
vt 0.830445 0.087705
vt 0.830445 0.087705
vt 0.827789 0.077174
vt 0.784453 0.108952
vt 0.827789 0.077174
vt 0.806808 0.035730
vt 0.784453 0.108952
vt 0.832262 0.047501
vt 0.806808 0.035730
vt 0.827789 0.077174
vt 0.827789 0.077174
vt 0.841185 0.060853
vt 0.832262 0.047501
vt 0.722751 0.106754
vt 0.721746 0.146728
vt 0.784453 0.108952
vt 0.722751 0.106754
vt 0.784453 0.108952
vt 0.776405 0.030316
vt 0.806808 0.035730
vt 0.776405 0.030316
vt 0.784453 0.108952
vt 0.724729 0.027644
vt 0.722751 0.106754
vt 0.776405 0.030316
vt 0.722751 0.106754
vt 0.724729 0.027644
vt 0.676789 0.027744
vt 0.664785 0.105861
vt 0.722751 0.106754
vt 0.676789 0.027744
vt 0.664785 0.105861
vt 0.662648 0.145503
vt 0.722751 0.106754
vt 0.662648 0.145503
vt 0.721746 0.146728
vt 0.722751 0.106754
vt 0.664785 0.105861
vt 0.676789 0.027744
vt 0.646145 0.031579
vt 0.646145 0.031579
vt 0.634422 0.058571
vt 0.664785 0.105861
vt 0.634422 0.058571
vt 0.594489 0.109236
vt 0.664785 0.105861
vt 0.646145 0.031579
vt 0.636438 0.037365
vt 0.634422 0.058571
vt 0.634422 0.058571
vt 0.607569 0.057168
vt 0.594489 0.109236
vt 0.607569 0.057168
vt 0.605058 0.059708
vt 0.594489 0.109236
vt 0.594489 0.109236
vt 0.591351 0.146257
vt 0.664785 0.105861
vt 0.591351 0.146257
vt 0.662648 0.145503
vt 0.664785 0.105861
vt 0.591351 0.146257
vt 0.588212 0.183278
vt 0.662648 0.145503
vt 0.588212 0.183278
vt 0.660502 0.185146
vt 0.662648 0.145503
vt 0.660502 0.185146
vt 0.720727 0.186702
vt 0.721746 0.146728
vt 0.662648 0.145503
vt 0.660502 0.185146
vt 0.721746 0.146728
vt 0.720727 0.186702
vt 0.660502 0.185146
vt 0.719679 0.226674
vt 0.660502 0.185146
vt 0.660596 0.224846
vt 0.719679 0.226674
vt 0.719679 0.226674
vt 0.660596 0.224846
vt 0.718617 0.266647
vt 0.718617 0.266647
vt 0.660682 0.264546
vt 0.668633 0.343179
vt 0.660596 0.224846
vt 0.660682 0.264546
vt 0.718617 0.266647
vt 0.660502 0.185146
vt 0.588212 0.183278
vt 0.660596 0.224846
vt 0.638228 0.337766
vt 0.668633 0.343179
vt 0.660682 0.264546
vt 0.588212 0.183278
vt 0.589433 0.220412
vt 0.660596 0.224846
vt 0.660596 0.224846
vt 0.589433 0.220412
vt 0.660682 0.264546
vt 0.589433 0.220412
vt 0.590655 0.257546
vt 0.660682 0.264546
vt 0.660682 0.264546
vt 0.627915 0.310205
vt 0.638228 0.337766
vt 0.660682 0.264546
vt 0.590655 0.257546
vt 0.627915 0.310205
vt 0.627915 0.310205
vt 0.628833 0.331487
vt 0.638228 0.337766
vt 0.590655 0.257546
vt 0.601026 0.310220
vt 0.627915 0.310205
vt 0.590655 0.257546
vt 0.598650 0.307554
vt 0.601026 0.310220
vt 0.841185 0.060853
vt 0.827789 0.077174
vt 0.842091 0.064241
vt 0.821986 0.301610
vt 0.834521 0.318602
vt 0.835600 0.315265
vt 0.522478 0.539622
vt 0.524417 0.602651
vt 0.561710 0.538377
vt 0.524417 0.602651
vt 0.563611 0.600396
vt 0.561710 0.538377
vt 0.561710 0.538377
vt 0.563611 0.600396
vt 0.601352 0.537072
vt 0.563611 0.600396
vt 0.603134 0.598207
vt 0.601352 0.537072
vt 0.563611 0.600396
vt 0.564109 0.644436
vt 0.603134 0.598207
vt 0.564109 0.644436
vt 0.602523 0.640554
vt 0.603134 0.598207
vt 0.603134 0.598207
vt 0.602523 0.640554
vt 0.626786 0.637845
vt 0.626786 0.637845
vt 0.650459 0.619928
vt 0.603134 0.598207
vt 0.650459 0.619928
vt 0.662692 0.591290
vt 0.603134 0.598207
vt 0.662692 0.591290
vt 0.663243 0.534930
vt 0.603134 0.598207
vt 0.663243 0.534930
vt 0.601352 0.537072
vt 0.603134 0.598207
vt 0.525832 0.648368
vt 0.564109 0.644436
vt 0.563611 0.600396
vt 0.524417 0.602651
vt 0.525832 0.648368
vt 0.563611 0.600396
vt 0.525832 0.648368
vt 0.524417 0.602651
vt 0.485153 0.602817
vt 0.487381 0.646815
vt 0.525832 0.648368
vt 0.485153 0.602817
vt 0.485153 0.602817
vt 0.524417 0.602651
vt 0.482923 0.540625
vt 0.524417 0.602651
vt 0.522478 0.539622
vt 0.482923 0.540625
vt 0.487381 0.646815
vt 0.485153 0.602817
vt 0.445550 0.603067
vt 0.448789 0.645318
vt 0.487381 0.646815
vt 0.445550 0.603067
vt 0.424402 0.644119
vt 0.448789 0.645318
vt 0.445550 0.603067
vt 0.485153 0.602817
vt 0.482923 0.540625
vt 0.443595 0.541911
vt 0.445550 0.603067
vt 0.485153 0.602817
vt 0.443595 0.541911
vt 0.445550 0.603067
vt 0.404201 0.627607
vt 0.424402 0.644119
vt 0.445550 0.603067
vt 0.385649 0.599764
vt 0.404201 0.627607
vt 0.381680 0.543533
vt 0.385649 0.599764
vt 0.445550 0.603067
vt 0.443595 0.541911
vt 0.381680 0.543533
vt 0.445550 0.603067
vt 0.561710 0.538377
vt 0.601352 0.537072
vt 0.599684 0.479401
vt 0.601352 0.537072
vt 0.663243 0.534930
vt 0.599684 0.479401
vt 0.560004 0.479753
vt 0.561710 0.538377
vt 0.599684 0.479401
vt 0.663243 0.534930
vt 0.659797 0.482451
vt 0.599684 0.479401
vt 0.599684 0.479401
vt 0.659797 0.482451
vt 0.659798 0.482036
vt 0.659798 0.482036
vt 0.645697 0.454267
vt 0.599684 0.479401
vt 0.520652 0.480118
vt 0.522478 0.539622
vt 0.561710 0.538377
vt 0.560004 0.479753
vt 0.520652 0.480118
vt 0.561710 0.538377
vt 0.522478 0.539622
vt 0.520652 0.480118
vt 0.481034 0.482012
vt 0.482923 0.540625
vt 0.522478 0.539622
vt 0.481034 0.482012
vt 0.482923 0.540625
vt 0.481034 0.482012
vt 0.441741 0.484250
vt 0.443595 0.541911
vt 0.482923 0.540625
vt 0.441741 0.484250
vt 0.381680 0.543533
vt 0.443595 0.541911
vt 0.441741 0.484250
vt 0.381941 0.490948
vt 0.381680 0.543533
vt 0.441741 0.484250
vt 0.560004 0.479753
vt 0.599684 0.479401
vt 0.596592 0.436664
vt 0.645697 0.454267
vt 0.596592 0.436664
vt 0.599684 0.479401
vt 0.645697 0.454267
vt 0.620908 0.437979
vt 0.596592 0.436664
vt 0.557789 0.435309
vt 0.560004 0.479753
vt 0.596592 0.436664
vt 0.520652 0.480118
vt 0.560004 0.479753
vt 0.557789 0.435309
vt 0.519239 0.434329
vt 0.520652 0.480118
vt 0.557789 0.435309
vt 0.520652 0.480118
vt 0.519239 0.434329
vt 0.480831 0.437689
vt 0.481034 0.482012
vt 0.520652 0.480118
vt 0.480831 0.437689
vt 0.481034 0.482012
vt 0.480831 0.437689
vt 0.442209 0.441431
vt 0.441741 0.484250
vt 0.481034 0.482012
vt 0.442209 0.441431
vt 0.381921 0.490535
vt 0.381941 0.490948
vt 0.441741 0.484250
vt 0.441741 0.484250
vt 0.394312 0.461980
vt 0.381921 0.490535
vt 0.441741 0.484250
vt 0.442209 0.441431
vt 0.394312 0.461980
vt 0.442209 0.441431
vt 0.418042 0.444234
vt 0.394312 0.461980
vt 0.442209 0.441431
vt 0.480831 0.437689
vt 0.441702 0.413462
vt 0.442209 0.441431
vt 0.441702 0.413462
vt 0.418042 0.444234
vt 0.441702 0.413462
vt 0.397231 0.423170
vt 0.418042 0.444234
vt 0.418042 0.444234
vt 0.397231 0.423170
vt 0.389795 0.424370
vt 0.480831 0.437689
vt 0.479975 0.409713
vt 0.441702 0.413462
vt 0.519239 0.434329
vt 0.518380 0.406651
vt 0.479975 0.409713
vt 0.480831 0.437689
vt 0.519239 0.434329
vt 0.479975 0.409713
vt 0.557789 0.435309
vt 0.596592 0.436664
vt 0.595369 0.408692
vt 0.556910 0.407322
vt 0.557789 0.435309
vt 0.595369 0.408692
vt 0.519239 0.434329
vt 0.557789 0.435309
vt 0.556910 0.407322
vt 0.518380 0.406651
vt 0.519239 0.434329
vt 0.556910 0.407322
vt 0.595369 0.408692
vt 0.596592 0.436664
vt 0.620908 0.437979
vt 0.640415 0.415647
vt 0.595369 0.408692
vt 0.620908 0.437979
vt 0.647935 0.416388
vt 0.640415 0.415647
vt 0.620908 0.437979
vt 0.645697 0.454267
vt 0.659798 0.482036
vt 0.674696 0.460868
vt 0.674696 0.460868
vt 0.666550 0.445684
vt 0.645697 0.454267
vt 0.674696 0.460868
vt 0.659798 0.482036
vt 0.659797 0.482451
vt 0.666550 0.445684
vt 0.649594 0.445567
vt 0.645697 0.454267
vt 0.620908 0.437979
vt 0.645697 0.454267
vt 0.649594 0.445567
vt 0.649594 0.445567
vt 0.647935 0.416388
vt 0.620908 0.437979
vt 0.679474 0.483870
vt 0.674696 0.460868
vt 0.659797 0.482451
vt 0.679474 0.483870
vt 0.659797 0.482451
vt 0.682839 0.534158
vt 0.659797 0.482451
vt 0.663243 0.534930
vt 0.682839 0.534158
vt 0.682839 0.534158
vt 0.663243 0.534930
vt 0.662692 0.591290
vt 0.682839 0.588323
vt 0.682839 0.534158
vt 0.662692 0.591290
vt 0.682839 0.588323
vt 0.662692 0.591290
vt 0.679542 0.611454
vt 0.365778 0.470311
vt 0.381921 0.490535
vt 0.394312 0.461980
vt 0.394312 0.461980
vt 0.372994 0.454671
vt 0.365778 0.470311
vt 0.381921 0.490535
vt 0.365778 0.470311
vt 0.381941 0.490948
vt 0.394312 0.461980
vt 0.389908 0.453540
vt 0.372994 0.454671
vt 0.389908 0.453540
vt 0.394312 0.461980
vt 0.418042 0.444234
vt 0.418042 0.444234
vt 0.389795 0.424370
vt 0.389908 0.453540
vt 0.365778 0.470311
vt 0.362392 0.493550
vt 0.381941 0.490948
vt 0.381941 0.490948
vt 0.362392 0.493550
vt 0.362069 0.543949
vt 0.381680 0.543533
vt 0.381941 0.490948
vt 0.362069 0.543949
vt 0.381680 0.543533
vt 0.362069 0.543949
vt 0.385649 0.599764
vt 0.362069 0.543949
vt 0.365352 0.598046
vt 0.385649 0.599764
vt 0.385649 0.599764
vt 0.365352 0.598046
vt 0.370098 0.620956
vt 0.385649 0.599764
vt 0.370098 0.620956
vt 0.404201 0.627607
vt 0.370098 0.620956
vt 0.383322 0.649607
vt 0.404201 0.627607
vt 0.412018 0.646684
vt 0.404201 0.627607
vt 0.383322 0.649607
vt 0.412018 0.646684
vt 0.424402 0.644119
vt 0.404201 0.627607
vt 0.383322 0.649607
vt 0.396466 0.660752
vt 0.412018 0.646684
vt 0.679542 0.611454
vt 0.662692 0.591290
vt 0.650459 0.619928
vt 0.668076 0.640827
vt 0.679542 0.611454
vt 0.650459 0.619928
vt 0.668076 0.640827
vt 0.650459 0.619928
vt 0.639293 0.639765
vt 0.650459 0.619928
vt 0.626786 0.637845
vt 0.639293 0.639765
vt 0.639293 0.639765
vt 0.655683 0.652767
vt 0.668076 0.640827
vt 0.627299 0.646996
vt 0.639293 0.639765
vt 0.626786 0.637845
vt 0.627299 0.646996
vt 0.626786 0.637845
vt 0.601911 0.668786
vt 0.626786 0.637845
vt 0.602523 0.640554
vt 0.601911 0.668786
vt 0.564324 0.672855
vt 0.601911 0.668786
vt 0.602523 0.640554
vt 0.564109 0.644436
vt 0.564324 0.672855
vt 0.602523 0.640554
vt 0.627299 0.646996
vt 0.601911 0.668786
vt 0.622734 0.668170
vt 0.525832 0.648368
vt 0.526712 0.676683
vt 0.564109 0.644436
vt 0.526712 0.676683
vt 0.564324 0.672855
vt 0.564109 0.644436
vt 0.526712 0.676683
vt 0.525832 0.648368
vt 0.487381 0.646815
vt 0.488930 0.675199
vt 0.526712 0.676683
vt 0.487381 0.646815
vt 0.488930 0.675199
vt 0.487381 0.646815
vt 0.448789 0.645318
vt 0.451146 0.673469
vt 0.488930 0.675199
vt 0.448789 0.645318
vt 0.448789 0.645318
vt 0.424402 0.644119
vt 0.451146 0.673469
vt 0.424402 0.644119
vt 0.424414 0.653281
vt 0.451146 0.673469
vt 0.412018 0.646684
vt 0.424414 0.653281
vt 0.424402 0.644119
vt 0.451146 0.673469
vt 0.424414 0.653281
vt 0.430300 0.674154
vt 0.091819 0.797676
vt 0.091819 0.821355
vt 0.046564 0.798210
vt 0.046538 0.821392
vt 0.001257 0.822516
vt 0.001203 0.800446
vt 0.046564 0.798210
vt 0.046538 0.821392
vt 0.001203 0.800446
vt 0.091819 0.821355
vt 0.046538 0.821392
vt 0.046564 0.798210
vt 0.091819 0.821355
vt 0.091819 0.797676
vt 0.137075 0.798210
vt 0.182385 0.822516
vt 0.137102 0.821392
vt 0.182438 0.800446
vt 0.137102 0.821392
vt 0.137075 0.798210
vt 0.182438 0.800446
vt 0.137102 0.821392
vt 0.091819 0.821355
vt 0.137075 0.798210
vt 0.782277 0.551716
vt 0.806103 0.551717
vt 0.807105 0.589238
vt 0.786141 0.626759
vt 0.784208 0.589237
vt 0.808108 0.626760
vt 0.784208 0.589237
vt 0.807105 0.589238
vt 0.808108 0.626760
vt 0.784208 0.589237
vt 0.782277 0.551716
vt 0.807105 0.589238
vt 0.806103 0.551717
vt 0.782277 0.551716
vt 0.807105 0.514185
vt 0.782277 0.551716
vt 0.784208 0.514184
vt 0.807105 0.514185
vt 0.807105 0.514185
vt 0.784208 0.514184
vt 0.808108 0.476654
vt 0.784208 0.514184
vt 0.786141 0.476653
vt 0.808108 0.476654
vt 0.808108 0.476654
vt 0.786141 0.476653
vt 0.787730 0.427569
vt 0.808741 0.426683
vt 0.808108 0.476654
vt 0.787730 0.427569
vt 0.786141 0.626759
vt 0.808108 0.626760
vt 0.787730 0.675799
vt 0.808108 0.626760
vt 0.808741 0.676683
vt 0.787730 0.675799
vt 0.906576 0.148678
vt 0.928164 0.148681
vt 0.928997 0.186282
vt 0.907614 0.186543
vt 0.906576 0.148678
vt 0.928997 0.186282
vt 0.907614 0.186543
vt 0.928997 0.186282
vt 0.929832 0.223883
vt 0.908660 0.224407
vt 0.907614 0.186543
vt 0.929832 0.223883
vt 0.908660 0.224407
vt 0.929832 0.223883
vt 0.907677 0.268675
vt 0.929832 0.223883
vt 0.927530 0.272514
vt 0.907677 0.268675
vt 0.907579 0.276042
vt 0.907677 0.268675
vt 0.927530 0.272514
vt 0.928164 0.148681
vt 0.906576 0.148678
vt 0.928997 0.111064
vt 0.907614 0.110797
vt 0.908660 0.072916
vt 0.929832 0.073448
vt 0.928997 0.111064
vt 0.907614 0.110797
vt 0.929832 0.073448
vt 0.906576 0.148678
vt 0.907614 0.110797
vt 0.928997 0.111064
vt 0.929832 0.073448
vt 0.908660 0.072916
vt 0.907677 0.028604
vt 0.927530 0.024768
vt 0.929832 0.073448
vt 0.907677 0.028604
vt 0.907677 0.028604
vt 0.907579 0.021234
vt 0.927530 0.024768
vt 0.974739 0.566049
vt 0.976136 0.618807
vt 0.997682 0.566009
vt 0.976136 0.618807
vt 0.997995 0.618770
vt 0.997682 0.566009
vt 0.974739 0.566049
vt 0.997682 0.566009
vt 0.997995 0.517213
vt 0.976312 0.517251
vt 0.974739 0.566049
vt 0.997995 0.517213
vt 0.976904 0.485213
vt 0.976312 0.517251
vt 0.997995 0.517213
vt 0.997945 0.485176
vt 0.976904 0.485213
vt 0.997995 0.517213
vt 0.976136 0.618807
vt 0.976421 0.651310
vt 0.997995 0.618770
vt 0.976421 0.651310
vt 0.997881 0.651273
vt 0.997995 0.618770
vt 0.997881 0.651273
vt 0.976421 0.651310
vt 0.976309 0.680689
vt 0.997572 0.680653
vt 0.997881 0.651273
vt 0.976309 0.680689
vt 0.655130 0.367195
vt 0.707602 0.365785
vt 0.707669 0.388494
vt 0.655194 0.388831
vt 0.655130 0.367195
vt 0.707669 0.388494
vt 0.707669 0.388494
vt 0.707602 0.365785
vt 0.756336 0.388879
vt 0.707602 0.365785
vt 0.756272 0.367417
vt 0.756336 0.388879
vt 0.756272 0.367417
vt 0.788770 0.368196
vt 0.756336 0.388879
vt 0.788770 0.368196
vt 0.788831 0.389022
vt 0.756336 0.388879
vt 0.622636 0.367641
vt 0.655130 0.367195
vt 0.655194 0.388831
vt 0.622699 0.388883
vt 0.622636 0.367641
vt 0.655194 0.388831
vt 0.622636 0.367641
vt 0.622699 0.388883
vt 0.591419 0.367976
vt 0.622699 0.388883
vt 0.591481 0.389022
vt 0.591419 0.367976
vt 0.788831 0.389022
vt 0.788770 0.368196
vt 0.799920 0.388999
vt 0.788770 0.368196
vt 0.798749 0.368302
vt 0.799920 0.388999
vt 0.128042 0.360131
vt 0.127650 0.380537
vt 0.073463 0.379357
vt 0.074963 0.358574
vt 0.128042 0.360131
vt 0.073463 0.379357
vt 0.177940 0.380527
vt 0.127650 0.380537
vt 0.128042 0.360131
vt 0.177255 0.360128
vt 0.177940 0.380527
vt 0.128042 0.360131
vt 0.074963 0.358574
vt 0.073463 0.379357
vt 0.050514 0.380330
vt 0.043201 0.359691
vt 0.074963 0.358574
vt 0.050514 0.380330
vt 0.200823 0.381754
vt 0.177940 0.380527
vt 0.177255 0.360128
vt 0.208833 0.362023
vt 0.200823 0.381754
vt 0.177255 0.360128
vt 0.043201 0.359691
vt 0.050514 0.380330
vt 0.021476 0.385016
vt 0.014034 0.364231
vt 0.043201 0.359691
vt 0.021476 0.385016
vt 0.215963 0.385016
vt 0.200823 0.381754
vt 0.208833 0.362023
vt 0.216921 0.364901
vt 0.215963 0.385016
vt 0.208833 0.362023
vt 0.986260 0.859815
vt 0.965868 0.860213
vt 0.985083 0.805677
vt 0.965868 0.860213
vt 0.964314 0.807180
vt 0.985083 0.805677
vt 0.986260 0.859815
vt 0.986259 0.910088
vt 0.965868 0.860213
vt 0.986259 0.910088
vt 0.965873 0.909408
vt 0.965868 0.860213
vt 0.985083 0.805677
vt 0.964314 0.807180
vt 0.986064 0.782765
vt 0.964314 0.807180
vt 0.965442 0.775468
vt 0.986064 0.782765
vt 0.986259 0.910088
vt 0.987497 0.932982
vt 0.965873 0.909408
vt 0.987497 0.932982
vt 0.967782 0.940997
vt 0.965873 0.909408
vt 0.986064 0.782765
vt 0.965442 0.775468
vt 0.990778 0.753820
vt 0.965442 0.775468
vt 0.970009 0.746394
vt 0.990778 0.753820
vt 0.987497 0.932982
vt 0.990778 0.948159
vt 0.967782 0.940997
vt 0.990778 0.948159
vt 0.970676 0.949119
vt 0.967782 0.940997
vt 0.248171 0.237573
vt 0.225783 0.237573
vt 0.224940 0.274799
vt 0.247761 0.282952
vt 0.248171 0.237573
vt 0.224940 0.274799
vt 0.247761 0.282952
vt 0.224940 0.274799
vt 0.225269 0.312025
vt 0.248998 0.327225
vt 0.247761 0.282952
vt 0.225269 0.312025
vt 0.225783 0.237573
vt 0.248171 0.237573
vt 0.224940 0.200352
vt 0.248171 0.237573
vt 0.247761 0.192199
vt 0.224940 0.200352
vt 0.224940 0.200352
vt 0.247761 0.192199
vt 0.225269 0.163131
vt 0.247761 0.192199
vt 0.248998 0.147931
vt 0.225269 0.163131
vt 0.248998 0.327225
vt 0.225269 0.312025
vt 0.247931 0.331023
vt 0.225269 0.312025
vt 0.228246 0.332131
vt 0.247931 0.331023
vt 0.225269 0.163131
vt 0.248998 0.147931
vt 0.247931 0.144136
vt 0.228246 0.143029
vt 0.225269 0.163131
vt 0.247931 0.144136
vt 0.025725 0.329108
vt 0.025569 0.326568
vt 0.005284 0.328648
vt 0.026864 0.352163
vt 0.025725 0.329108
vt 0.005284 0.328648
vt 0.006158 0.350051
vt 0.026864 0.352163
vt 0.005284 0.328648
vt 0.025569 0.326568
vt 0.007419 0.324379
vt 0.005284 0.328648
vt 0.025569 0.326568
vt 0.026864 0.323317
vt 0.007419 0.324379
vt 0.006158 0.350051
vt 0.005284 0.328648
vt 0.002005 0.328641
vt 0.002826 0.349937
vt 0.006158 0.350051
vt 0.002005 0.328641
vt 0.449433 0.264331
vt 0.446891 0.264487
vt 0.447352 0.244062
vt 0.423817 0.265625
vt 0.425931 0.244935
vt 0.447352 0.244062
vt 0.446891 0.264487
vt 0.423817 0.265625
vt 0.447352 0.244062
vt 0.451624 0.246195
vt 0.449433 0.264331
vt 0.447352 0.244062
vt 0.452686 0.265625
vt 0.449433 0.264331
vt 0.451624 0.246195
vt 0.447352 0.244062
vt 0.425931 0.244935
vt 0.447359 0.240785
vt 0.425931 0.244935
vt 0.426046 0.241605
vt 0.447359 0.240785
vt 0.092471 0.841565
vt 0.141091 0.840946
vt 0.140950 0.849211
vt 0.093061 0.849825
vt 0.092471 0.841565
vt 0.140950 0.849211
vt 0.141091 0.840946
vt 0.193476 0.843097
vt 0.140950 0.849211
vt 0.193476 0.843097
vt 0.192604 0.851315
vt 0.140950 0.849211
vt 0.092471 0.841565
vt 0.093061 0.849825
vt 0.062381 0.853099
vt 0.060184 0.844993
vt 0.092471 0.841565
vt 0.062381 0.853099
vt 0.223177 0.855465
vt 0.192604 0.851315
vt 0.193476 0.843097
vt 0.225649 0.847472
vt 0.223177 0.855465
vt 0.193476 0.843097
vt 0.249623 0.864770
vt 0.223177 0.855465
vt 0.225649 0.847472
vt 0.255082 0.857845
vt 0.249623 0.864770
vt 0.225649 0.847472
vt 0.062381 0.853099
vt 0.052090 0.857768
vt 0.060184 0.844993
vt 0.052090 0.857768
vt 0.050396 0.850207
vt 0.060184 0.844993
vt 0.249623 0.864770
vt 0.255082 0.857845
vt 0.267442 0.873514
vt 0.260945 0.876202
vt 0.249623 0.864770
vt 0.267442 0.873514
vt 0.052090 0.857768
vt 0.048940 0.857601
vt 0.050396 0.850207
vt 0.048940 0.857601
vt 0.048198 0.852410
vt 0.050396 0.850207
vt 0.039695 0.873121
vt 0.048940 0.857601
vt 0.052090 0.857768
vt 0.041235 0.876202
vt 0.039695 0.873121
vt 0.052090 0.857768
vt 0.191707 0.635016
vt 0.240327 0.635635
vt 0.191849 0.643281
vt 0.240327 0.635635
vt 0.239737 0.643895
vt 0.191849 0.643281
vt 0.139322 0.637167
vt 0.191707 0.635016
vt 0.191849 0.643281
vt 0.140195 0.645386
vt 0.139322 0.637167
vt 0.191849 0.643281
vt 0.239737 0.643895
vt 0.240327 0.635635
vt 0.270417 0.647170
vt 0.240327 0.635635
vt 0.272614 0.639063
vt 0.270417 0.647170
vt 0.140195 0.645386
vt 0.109621 0.649535
vt 0.139322 0.637167
vt 0.109621 0.649535
vt 0.107150 0.641543
vt 0.139322 0.637167
vt 0.109621 0.649535
vt 0.083176 0.658841
vt 0.107150 0.641543
vt 0.083176 0.658841
vt 0.077717 0.651915
vt 0.107150 0.641543
vt 0.280708 0.651839
vt 0.270417 0.647170
vt 0.272614 0.639063
vt 0.282403 0.644277
vt 0.280708 0.651839
vt 0.272614 0.639063
vt 0.077717 0.651915
vt 0.083176 0.658841
vt 0.065357 0.667585
vt 0.083176 0.658841
vt 0.071854 0.670272
vt 0.065357 0.667585
vt 0.283859 0.651671
vt 0.280708 0.651839
vt 0.282403 0.644277
vt 0.284601 0.646480
vt 0.283859 0.651671
vt 0.282403 0.644277
vt 0.283859 0.651671
vt 0.293103 0.667192
vt 0.280708 0.651839
vt 0.293103 0.667192
vt 0.291564 0.670272
vt 0.280708 0.651839
vt 0.064555 0.895433
vt 0.085910 0.895433
vt 0.065102 0.875428
vt 0.085910 0.895433
vt 0.086207 0.875401
vt 0.065102 0.875428
vt 0.027161 0.949920
vt 0.048516 0.949920
vt 0.047970 0.929915
vt 0.026864 0.929888
vt 0.027161 0.949920
vt 0.047970 0.929915
vt 0.143144 0.826522
vt 0.143144 0.835283
vt 0.181682 0.837742
vt 0.182107 0.829038
vt 0.143144 0.826522
vt 0.181682 0.837742
vt 0.182107 0.829038
vt 0.181682 0.837742
vt 0.220220 0.840200
vt 0.221071 0.831553
vt 0.182107 0.829038
vt 0.220220 0.840200
vt 0.143144 0.835283
vt 0.143144 0.826522
vt 0.104605 0.837741
vt 0.143144 0.826522
vt 0.104180 0.829038
vt 0.104605 0.837741
vt 0.104605 0.837741
vt 0.104180 0.829038
vt 0.066067 0.840200
vt 0.104180 0.829038
vt 0.065216 0.831553
vt 0.066067 0.840200
vt 0.066067 0.840200
vt 0.065216 0.831553
vt 0.013355 0.842066
vt 0.221071 0.831553
vt 0.220220 0.840200
vt 0.272931 0.842066
vt 0.014338 0.849697
vt 0.066067 0.840200
vt 0.013355 0.842066
vt 0.220220 0.840200
vt 0.271949 0.849697
vt 0.272931 0.842066
vt 0.272931 0.842066
vt 0.271949 0.849697
vt 0.277065 0.846580
vt 0.271949 0.849697
vt 0.274654 0.852163
vt 0.277065 0.846580
vt 0.014338 0.849697
vt 0.013355 0.842066
vt 0.009222 0.846580
vt 0.011633 0.852163
vt 0.014338 0.849697
vt 0.009222 0.846580
vt 0.248519 0.105419
vt 0.248963 0.136075
vt 0.271342 0.134796
vt 0.271451 0.104567
vt 0.248519 0.105419
vt 0.271342 0.134796
vt 0.248519 0.105419
vt 0.245945 0.105444
vt 0.248963 0.136075
vt 0.271451 0.137671
vt 0.271342 0.134796
vt 0.248963 0.136075
vt 0.249121 0.139022
vt 0.271451 0.137671
vt 0.248963 0.136075
vt 0.245945 0.105444
vt 0.244988 0.131007
vt 0.248963 0.136075
vt 0.011293 0.979982
vt 0.041237 0.979386
vt 0.011789 0.957471
vt 0.041237 0.979386
vt 0.041299 0.956330
vt 0.011789 0.957471
vt 0.041299 0.981971
vt 0.041237 0.979386
vt 0.011293 0.979982
vt 0.011789 0.957471
vt 0.008989 0.957440
vt 0.011293 0.979982
vt 0.008989 0.957440
vt 0.008420 0.979904
vt 0.011293 0.979982
vt 0.311729 0.463376
vt 0.312678 0.461465
vt 0.259194 0.453154
vt 0.312678 0.461465
vt 0.259480 0.451159
vt 0.259194 0.453154
vt 0.259194 0.453154
vt 0.259480 0.451159
vt 0.219012 0.450541
vt 0.259480 0.451159
vt 0.219193 0.448542
vt 0.219012 0.450541
vt 0.219012 0.450541
vt 0.219193 0.448542
vt 0.178830 0.447927
vt 0.219193 0.448542
vt 0.178830 0.445913
vt 0.178830 0.447927
vt 0.178830 0.447927
vt 0.178830 0.445913
vt 0.138647 0.450541
vt 0.178830 0.445913
vt 0.138467 0.448540
vt 0.138647 0.450541
vt 0.138647 0.450541
vt 0.138467 0.448540
vt 0.098464 0.453154
vt 0.138467 0.448540
vt 0.098179 0.451159
vt 0.098464 0.453154
vt 0.098464 0.453154
vt 0.098179 0.451159
vt 0.045929 0.463376
vt 0.098179 0.451159
vt 0.044980 0.461464
vt 0.045929 0.463376
vt 0.318879 0.467686
vt 0.312678 0.461465
vt 0.311729 0.463376
vt 0.317141 0.468921
vt 0.318879 0.467686
vt 0.311729 0.463376
vt 0.320369 0.471478
vt 0.318879 0.467686
vt 0.317141 0.468921
vt 0.318227 0.471882
vt 0.320369 0.471478
vt 0.317141 0.468921
vt 0.318652 0.499110
vt 0.320369 0.471478
vt 0.318227 0.471882
vt 0.316372 0.501202
vt 0.318652 0.499110
vt 0.318227 0.471882
vt 0.045929 0.463376
vt 0.044980 0.461464
vt 0.040517 0.468921
vt 0.044980 0.461464
vt 0.038780 0.467686
vt 0.040517 0.468921
vt 0.040517 0.468921
vt 0.038780 0.467686
vt 0.039432 0.471882
vt 0.038780 0.467686
vt 0.037289 0.471478
vt 0.039432 0.471882
vt 0.039432 0.471882
vt 0.037289 0.471478
vt 0.041287 0.501202
vt 0.037289 0.471478
vt 0.039007 0.499110
vt 0.041287 0.501202
vt 0.054980 0.982907
vt 0.075739 0.983059
vt 0.055053 0.976656
vt 0.075739 0.983059
vt 0.075782 0.975561
vt 0.055053 0.976656
vt 0.075739 0.983059
vt 0.054980 0.982907
vt 0.075581 0.985978
vt 0.054980 0.982907
vt 0.054932 0.985978
vt 0.075581 0.985978
vt 0.777753 0.449076
vt 0.777601 0.428333
vt 0.771345 0.428406
vt 0.770249 0.449119
vt 0.777753 0.449076
vt 0.771345 0.428406
vt 0.777601 0.428333
vt 0.777753 0.449076
vt 0.780674 0.448918
vt 0.780674 0.428285
vt 0.777601 0.428333
vt 0.780674 0.448918
vt 0.096714 0.761200
vt 0.121658 0.763081
vt 0.124957 0.779247
vt 0.096714 0.761200
vt 0.096632 0.759215
vt 0.121658 0.763081
vt 0.097469 0.779247
vt 0.096714 0.761200
vt 0.124957 0.779247
vt 0.127880 0.778991
vt 0.124957 0.779247
vt 0.121658 0.763081
vt 0.124252 0.760975
vt 0.127880 0.778991
vt 0.121658 0.763081
vt 0.127880 0.778991
vt 0.124252 0.760975
vt 0.135124 0.778109
vt 0.193524 0.069145
vt 0.191642 0.094068
vt 0.209703 0.065848
vt 0.189655 0.094151
vt 0.191642 0.094068
vt 0.193524 0.069145
vt 0.191642 0.094068
vt 0.209703 0.093313
vt 0.209703 0.065848
vt 0.209703 0.065848
vt 0.209447 0.062928
vt 0.193524 0.069145
vt 0.209447 0.062928
vt 0.191416 0.066554
vt 0.193524 0.069145
vt 0.191416 0.066554
vt 0.209447 0.062928
vt 0.208564 0.055689
vt 0.885454 0.704720
vt 0.885157 0.701960
vt 0.896637 0.704106
vt 0.896292 0.707359
vt 0.885454 0.704720
vt 0.896637 0.704106
vt 0.896292 0.707359
vt 0.894726 0.725561
vt 0.885454 0.704720
vt 0.894726 0.725561
vt 0.886005 0.724218
vt 0.885454 0.704720
vt 0.899358 0.701114
vt 0.896637 0.704106
vt 0.885157 0.701960
vt 0.886364 0.698317
vt 0.899358 0.701114
vt 0.885157 0.701960
vt 0.886364 0.698317
vt 0.885157 0.701960
vt 0.866717 0.707412
vt 0.885454 0.704720
vt 0.866717 0.707412
vt 0.885157 0.701960
vt 0.885454 0.704720
vt 0.886005 0.724218
vt 0.866717 0.707412
vt 0.886005 0.724218
vt 0.857658 0.725561
vt 0.866717 0.707412
vt 0.969492 0.382247
vt 0.969185 0.385014
vt 0.958243 0.384329
vt 0.969185 0.385014
vt 0.958576 0.387592
vt 0.958243 0.384329
vt 0.960062 0.405849
vt 0.958576 0.387592
vt 0.969185 0.385014
vt 0.968546 0.404572
vt 0.960062 0.405849
vt 0.969185 0.385014
vt 0.958243 0.384329
vt 0.955493 0.381338
vt 0.969492 0.382247
vt 0.955493 0.381338
vt 0.968252 0.378606
vt 0.969492 0.382247
vt 0.969492 0.382247
vt 0.968252 0.378606
vt 0.988069 0.387681
vt 0.988069 0.387681
vt 0.969185 0.385014
vt 0.969492 0.382247
vt 0.968546 0.404572
vt 0.969185 0.385014
vt 0.988069 0.387681
vt 0.997193 0.405849
vt 0.968546 0.404572
vt 0.988069 0.387681
vt 0.078188 0.106164
vt 0.100206 0.106345
vt 0.100425 0.126522
vt 0.078310 0.126986
vt 0.078188 0.106164
vt 0.100425 0.126522
vt 0.078188 0.106164
vt 0.078223 0.103682
vt 0.100206 0.106345
vt 0.078223 0.103682
vt 0.096345 0.102965
vt 0.100206 0.106345
vt 0.100425 0.126522
vt 0.100206 0.106345
vt 0.103047 0.127003
vt 0.100206 0.106345
vt 0.103047 0.106460
vt 0.103047 0.127003
vt 0.112427 0.856482
vt 0.134304 0.856754
vt 0.111805 0.876868
vt 0.134304 0.856754
vt 0.133759 0.877804
vt 0.111805 0.876868
vt 0.134322 0.854241
vt 0.134304 0.856754
vt 0.112427 0.856482
vt 0.116347 0.852965
vt 0.134322 0.854241
vt 0.112427 0.856482
vt 0.112427 0.856482
vt 0.111805 0.876868
vt 0.108944 0.877302
vt 0.109321 0.856542
vt 0.112427 0.856482
vt 0.108944 0.877302
vt 0.108944 0.877302
vt 0.098973 0.877804
vt 0.109321 0.856542
vt 0.098973 0.877804
vt 0.098236 0.856959
vt 0.109321 0.856542
vt 0.132247 0.686391
vt 0.132076 0.688542
vt 0.170110 0.689743
vt 0.132076 0.688542
vt 0.170049 0.691907
vt 0.170110 0.689743
vt 0.044514 0.674333
vt 0.094072 0.685177
vt 0.094385 0.683040
vt 0.094385 0.683040
vt 0.094072 0.685177
vt 0.132247 0.686391
vt 0.094072 0.685177
vt 0.132076 0.688542
vt 0.132247 0.686391
vt 0.045577 0.672394
vt 0.044514 0.674333
vt 0.094385 0.683040
vt 0.038518 0.668518
vt 0.044514 0.674333
vt 0.045577 0.672394
vt 0.040331 0.667356
vt 0.038518 0.668518
vt 0.045577 0.672394
vt 0.170110 0.689743
vt 0.170049 0.691907
vt 0.208099 0.688498
vt 0.170049 0.691907
vt 0.208151 0.690658
vt 0.208099 0.688498
vt 0.208099 0.688498
vt 0.208151 0.690658
vt 0.246090 0.687254
vt 0.208151 0.690658
vt 0.246283 0.689406
vt 0.246090 0.687254
vt 0.246090 0.687254
vt 0.246283 0.689406
vt 0.295414 0.679334
vt 0.246283 0.689406
vt 0.296368 0.681329
vt 0.295414 0.679334
vt 0.295414 0.679334
vt 0.296368 0.681329
vt 0.300932 0.674595
vt 0.296368 0.681329
vt 0.302677 0.675856
vt 0.300932 0.674595
vt 0.300932 0.674595
vt 0.302677 0.675856
vt 0.302121 0.671926
vt 0.302677 0.675856
vt 0.304167 0.672323
vt 0.302121 0.671926
vt 0.302121 0.671926
vt 0.304167 0.672323
vt 0.301279 0.644554
vt 0.304167 0.672323
vt 0.303342 0.646519
vt 0.301279 0.644554
vt 0.037227 0.664908
vt 0.038518 0.668518
vt 0.040331 0.667356
vt 0.039293 0.664625
vt 0.037227 0.664908
vt 0.040331 0.667356
vt 0.039485 0.639189
vt 0.037227 0.664908
vt 0.039293 0.664625
vt 0.041654 0.637342
vt 0.039485 0.639189
vt 0.039293 0.664625
vt 0.301279 0.644554
vt 0.303342 0.646519
vt 0.322653 0.643880
vt 0.303342 0.646519
vt 0.323173 0.645928
vt 0.322653 0.643880
vt 0.322653 0.643880
vt 0.323173 0.645928
vt 0.325264 0.642608
vt 0.323173 0.645928
vt 0.326617 0.644327
vt 0.325264 0.642608
vt 0.325264 0.642608
vt 0.326617 0.644327
vt 0.332113 0.634580
vt 0.326617 0.644327
vt 0.334108 0.635535
vt 0.332113 0.634580
vt 0.332113 0.634580
vt 0.334108 0.635535
vt 0.337829 0.603051
vt 0.334108 0.635535
vt 0.339966 0.603294
vt 0.337829 0.603051
vt 0.337829 0.603051
vt 0.339966 0.603294
vt 0.340674 0.553860
vt 0.339966 0.603294
vt 0.342823 0.553924
vt 0.340674 0.553860
vt 0.340674 0.553860
vt 0.342823 0.553924
vt 0.340676 0.500768
vt 0.342823 0.553924
vt 0.342823 0.500647
vt 0.340676 0.500768
vt 0.340676 0.500768
vt 0.342823 0.500647
vt 0.336731 0.468965
vt 0.342823 0.500647
vt 0.338831 0.468432
vt 0.336731 0.468965
vt 0.336731 0.468965
vt 0.338831 0.468432
vt 0.325029 0.439688
vt 0.338831 0.468432
vt 0.326703 0.438186
vt 0.325029 0.439688
vt 0.325029 0.439688
vt 0.326703 0.438186
vt 0.307579 0.430288
vt 0.326703 0.438186
vt 0.307869 0.428082
vt 0.307579 0.430288
vt 0.307579 0.430288
vt 0.307869 0.428082
vt 0.304266 0.430947
vt 0.307869 0.428082
vt 0.303187 0.429085
vt 0.304266 0.430947
vt 0.304266 0.430947
vt 0.303187 0.429085
vt 0.289877 0.444978
vt 0.303187 0.429085
vt 0.289353 0.442656
vt 0.289877 0.444978
vt 0.289877 0.444978
vt 0.289353 0.442656
vt 0.280727 0.441207
vt 0.289353 0.442656
vt 0.282378 0.439716
vt 0.280727 0.441207
vt 0.280727 0.441207
vt 0.282378 0.439716
vt 0.272089 0.414000
vt 0.282378 0.439716
vt 0.273888 0.412681
vt 0.272089 0.414000
vt 0.272089 0.414000
vt 0.273888 0.412681
vt 0.268320 0.411751
vt 0.273888 0.412681
vt 0.269046 0.409671
vt 0.268320 0.411751
vt 0.268320 0.411751
vt 0.269046 0.409671
vt 0.223733 0.408374
vt 0.269046 0.409671
vt 0.223892 0.406229
vt 0.223733 0.408374
vt 0.223733 0.408374
vt 0.223892 0.406229
vt 0.178035 0.404797
vt 0.223892 0.406229
vt 0.178095 0.402644
vt 0.178035 0.404797
vt 0.178035 0.404797
vt 0.178095 0.402644
vt 0.132209 0.405832
vt 0.178095 0.402644
vt 0.132183 0.403679
vt 0.132209 0.405832
vt 0.132209 0.405832
vt 0.132183 0.403679
vt 0.087502 0.406728
vt 0.132183 0.403679
vt 0.086893 0.404612
vt 0.087502 0.406728
vt 0.087502 0.406728
vt 0.086893 0.404612
vt 0.083614 0.408765
vt 0.086893 0.404612
vt 0.081892 0.407347
vt 0.083614 0.408765
vt 0.083614 0.408765
vt 0.081892 0.407347
vt 0.073477 0.435450
vt 0.081892 0.407347
vt 0.071912 0.433870
vt 0.073477 0.435450
vt 0.073477 0.435450
vt 0.071912 0.433870
vt 0.064132 0.438707
vt 0.071912 0.433870
vt 0.064785 0.436418
vt 0.064132 0.438707
vt 0.064132 0.438707
vt 0.064785 0.436418
vt 0.050545 0.423899
vt 0.064785 0.436418
vt 0.051726 0.422100
vt 0.050545 0.423899
vt 0.050545 0.423899
vt 0.051726 0.422100
vt 0.047273 0.423057
vt 0.051726 0.422100
vt 0.047107 0.420839
vt 0.047273 0.423057
vt 0.047273 0.423057
vt 0.047107 0.420839
vt 0.029328 0.431474
vt 0.047107 0.420839
vt 0.027741 0.429881
vt 0.029328 0.431474
vt 0.029328 0.431474
vt 0.027741 0.429881
vt 0.016017 0.460056
vt 0.027741 0.429881
vt 0.013950 0.459408
vt 0.016017 0.460056
vt 0.016017 0.460056
vt 0.013950 0.459408
vt 0.010310 0.491591
vt 0.013950 0.459408
vt 0.008174 0.491351
vt 0.010310 0.491591
vt 0.010310 0.491591
vt 0.008174 0.491351
vt 0.007361 0.544602
vt 0.008174 0.491351
vt 0.005213 0.544545
vt 0.007361 0.544602
vt 0.007361 0.544602
vt 0.005213 0.544545
vt 0.007468 0.593874
vt 0.005213 0.544545
vt 0.005321 0.593999
vt 0.007468 0.593874
vt 0.007468 0.593874
vt 0.005321 0.593999
vt 0.011423 0.625672
vt 0.005321 0.593999
vt 0.009377 0.626515
vt 0.011423 0.625672
vt 0.011423 0.625672
vt 0.009377 0.626515
vt 0.017815 0.634068
vt 0.009377 0.626515
vt 0.016368 0.635709
vt 0.017815 0.634068
vt 0.017815 0.634068
vt 0.016368 0.635709
vt 0.020351 0.635482
vt 0.016368 0.635709
vt 0.019718 0.637498
vt 0.020351 0.635482
vt 0.020351 0.635482
vt 0.019718 0.637498
vt 0.041654 0.637342
vt 0.019718 0.637498
vt 0.039485 0.639189
vt 0.041654 0.637342
vt 0.117482 0.675485
vt 0.117482 0.655689
vt 0.100253 0.676683
vt 0.117482 0.655689
vt 0.097434 0.655048
vt 0.100253 0.676683
vt 0.312350 0.094151
vt 0.311708 0.114183
vt 0.290698 0.096967
vt 0.311708 0.114183
vt 0.291896 0.114183
vt 0.290698 0.096967
vt 0.868737 0.650985
vt 0.883736 0.650755
vt 0.892340 0.668670
vt 0.868737 0.650985
vt 0.868083 0.647837
vt 0.883736 0.650755
vt 0.871951 0.668670
vt 0.868737 0.650985
vt 0.892340 0.668670
vt 0.892340 0.668670
vt 0.883736 0.650755
vt 0.895349 0.668424
vt 0.883736 0.650755
vt 0.886667 0.649925
vt 0.895349 0.668424
vt 0.016832 0.899949
vt 0.031822 0.900183
vt 0.008229 0.917869
vt 0.032478 0.897035
vt 0.031822 0.900183
vt 0.016832 0.899949
vt 0.031822 0.900183
vt 0.028598 0.917869
vt 0.008229 0.917869
vt 0.016832 0.899949
vt 0.008229 0.917869
vt 0.005213 0.917614
vt 0.013891 0.899108
vt 0.016832 0.899949
vt 0.005213 0.917614
vt 0.185165 0.649886
vt 0.185646 0.668488
vt 0.171210 0.652234
vt 0.185116 0.647840
vt 0.185165 0.649886
vt 0.171210 0.652234
vt 0.185646 0.668488
vt 0.163553 0.669471
vt 0.171210 0.652234
vt 0.171210 0.652234
vt 0.163553 0.669471
vt 0.169169 0.650145
vt 0.163553 0.669471
vt 0.160786 0.669070
vt 0.169169 0.650145
vt 0.185646 0.644631
vt 0.185116 0.647840
vt 0.171210 0.652234
vt 0.169169 0.650145
vt 0.185646 0.644631
vt 0.171210 0.652234
vt 0.520850 0.077504
vt 0.520381 0.096102
vt 0.506429 0.093757
vt 0.520381 0.096102
vt 0.520333 0.098148
vt 0.506429 0.093757
vt 0.498766 0.076522
vt 0.520850 0.077504
vt 0.506429 0.093757
vt 0.498766 0.076522
vt 0.506429 0.093757
vt 0.504377 0.095852
vt 0.495990 0.076928
vt 0.498766 0.076522
vt 0.504377 0.095852
vt 0.520333 0.098148
vt 0.520850 0.101362
vt 0.506429 0.093757
vt 0.520850 0.101362
vt 0.504377 0.095852
vt 0.506429 0.093757
vt 0.555323 0.021957
vt 0.517594 0.021051
vt 0.517600 0.018830
vt 0.555263 0.019721
vt 0.555323 0.021957
vt 0.517600 0.018830
vt 0.555323 0.021957
vt 0.555263 0.019721
vt 0.592996 0.020615
vt 0.593023 0.022837
vt 0.555323 0.021957
vt 0.592996 0.020615
vt 0.517600 0.018830
vt 0.517594 0.021051
vt 0.467121 0.020639
vt 0.517594 0.021051
vt 0.467476 0.022837
vt 0.467121 0.020639
vt 0.700481 0.589386
vt 0.702703 0.589392
vt 0.701387 0.551753
vt 0.702703 0.589392
vt 0.703597 0.551692
vt 0.701387 0.551753
vt 0.701387 0.551753
vt 0.703597 0.551692
vt 0.702268 0.514049
vt 0.703597 0.551692
vt 0.704491 0.514022
vt 0.702268 0.514049
vt 0.702703 0.589392
vt 0.700481 0.589386
vt 0.704491 0.639470
vt 0.700481 0.589386
vt 0.702292 0.639824
vt 0.704491 0.639470
vt 0.235415 0.117639
vt 0.233692 0.115939
vt 0.238988 0.107785
vt 0.233692 0.115939
vt 0.236395 0.108297
vt 0.238988 0.107785
vt 0.203716 0.126399
vt 0.233692 0.115939
vt 0.235415 0.117639
vt 0.205085 0.128092
vt 0.203716 0.126399
vt 0.235415 0.117639
vt 0.200997 0.130335
vt 0.203716 0.126399
vt 0.205085 0.128092
vt 0.202901 0.130939
vt 0.200997 0.130335
vt 0.205085 0.128092
vt 0.198503 0.180381
vt 0.200997 0.130335
vt 0.202901 0.130939
vt 0.200444 0.180511
vt 0.198503 0.180381
vt 0.202901 0.130939
vt 0.196071 0.229968
vt 0.198503 0.180381
vt 0.200444 0.180511
vt 0.198020 0.229968
vt 0.196071 0.229968
vt 0.200444 0.180511
vt 0.198507 0.279570
vt 0.196071 0.229968
vt 0.198020 0.229968
vt 0.200444 0.279424
vt 0.198507 0.279570
vt 0.198020 0.229968
vt 0.200997 0.329600
vt 0.198507 0.279570
vt 0.200444 0.279424
vt 0.202900 0.328996
vt 0.200997 0.329600
vt 0.200444 0.279424
vt 0.203716 0.333536
vt 0.200997 0.329600
vt 0.202900 0.328996
vt 0.205085 0.331843
vt 0.203716 0.333536
vt 0.202900 0.328996
vt 0.233692 0.343997
vt 0.203716 0.333536
vt 0.205085 0.331843
vt 0.235415 0.342296
vt 0.233692 0.343997
vt 0.205085 0.331843
vt 0.236395 0.351639
vt 0.233692 0.343997
vt 0.235415 0.342296
vt 0.238988 0.352150
vt 0.236395 0.351639
vt 0.235415 0.342296
vt 0.238988 0.107785
vt 0.236395 0.108297
vt 0.222881 0.092335
vt 0.236395 0.108297
vt 0.220888 0.093344
vt 0.222881 0.092335
vt 0.222881 0.092335
vt 0.220888 0.093344
vt 0.222047 0.088833
vt 0.220888 0.093344
vt 0.219902 0.088541
vt 0.222047 0.088833
vt 0.222047 0.088833
vt 0.219902 0.088541
vt 0.231577 0.069273
vt 0.219902 0.088541
vt 0.230136 0.067771
vt 0.231577 0.069273
vt 0.231577 0.069273
vt 0.230136 0.067771
vt 0.263007 0.055745
vt 0.230136 0.067771
vt 0.262439 0.053875
vt 0.263007 0.055745
vt 0.263007 0.055745
vt 0.262439 0.053875
vt 0.298233 0.050395
vt 0.262439 0.053875
vt 0.298015 0.048449
vt 0.298233 0.050395
vt 0.298233 0.050395
vt 0.298015 0.048449
vt 0.355742 0.048825
vt 0.298015 0.048449
vt 0.355733 0.046875
vt 0.355742 0.048825
vt 0.355742 0.048825
vt 0.355733 0.046875
vt 0.409117 0.050395
vt 0.355733 0.046875
vt 0.409317 0.048454
vt 0.409117 0.050395
vt 0.409117 0.050395
vt 0.409317 0.048454
vt 0.444362 0.055745
vt 0.409317 0.048454
vt 0.445188 0.053914
vt 0.444362 0.055745
vt 0.444362 0.055745
vt 0.445188 0.053914
vt 0.452719 0.062792
vt 0.445188 0.053914
vt 0.454341 0.061597
vt 0.452719 0.062792
vt 0.452719 0.062792
vt 0.454341 0.061597
vt 0.454149 0.065589
vt 0.454341 0.061597
vt 0.456240 0.065086
vt 0.454149 0.065589
vt 0.454149 0.065589
vt 0.456240 0.065086
vt 0.455468 0.089555
vt 0.456240 0.065086
vt 0.457498 0.087227
vt 0.455468 0.089555
vt 0.220888 0.366592
vt 0.236395 0.351639
vt 0.238988 0.352150
vt 0.222881 0.367600
vt 0.220888 0.366592
vt 0.238988 0.352150
vt 0.219902 0.371394
vt 0.220888 0.366592
vt 0.222881 0.367600
vt 0.222047 0.371102
vt 0.219902 0.371394
vt 0.222881 0.367600
vt 0.230136 0.392164
vt 0.219902 0.371394
vt 0.222047 0.371102
vt 0.231577 0.390662
vt 0.230136 0.392164
vt 0.222047 0.371102
vt 0.262439 0.406060
vt 0.230136 0.392164
vt 0.231577 0.390662
vt 0.263007 0.404190
vt 0.262439 0.406060
vt 0.231577 0.390662
vt 0.298015 0.411486
vt 0.262439 0.406060
vt 0.263007 0.404190
vt 0.298233 0.409540
vt 0.298015 0.411486
vt 0.263007 0.404190
vt 0.355734 0.413061
vt 0.298015 0.411486
vt 0.298233 0.409540
vt 0.355742 0.411111
vt 0.355734 0.413061
vt 0.298233 0.409540
vt 0.409317 0.411482
vt 0.355734 0.413061
vt 0.355742 0.411111
vt 0.409117 0.409540
vt 0.409317 0.411482
vt 0.355742 0.411111
vt 0.445188 0.406021
vt 0.409317 0.411482
vt 0.409117 0.409540
vt 0.444362 0.404191
vt 0.445188 0.406021
vt 0.409117 0.409540
vt 0.454341 0.398338
vt 0.445188 0.406021
vt 0.444362 0.404191
vt 0.452719 0.397143
vt 0.454341 0.398338
vt 0.444362 0.404191
vt 0.456240 0.394849
vt 0.454341 0.398338
vt 0.452719 0.397143
vt 0.454149 0.394346
vt 0.456240 0.394849
vt 0.452719 0.397143
vt 0.457498 0.372708
vt 0.456240 0.394849
vt 0.454149 0.394346
vt 0.455468 0.370380
vt 0.457498 0.372708
vt 0.454149 0.394346
vt 0.579154 0.088848
vt 0.588212 0.089221
vt 0.578589 0.066106
vt 0.588212 0.089221
vt 0.588209 0.066300
vt 0.578589 0.066106
vt 0.588209 0.091747
vt 0.588212 0.089221
vt 0.579154 0.088848
vt 0.579292 0.091395
vt 0.588209 0.091747
vt 0.579154 0.088848
vt 0.195269 0.103087
vt 0.186211 0.103460
vt 0.185646 0.126202
vt 0.195266 0.126008
vt 0.195269 0.103087
vt 0.185646 0.126202
vt 0.195269 0.103087
vt 0.195266 0.100561
vt 0.186211 0.103460
vt 0.195266 0.100561
vt 0.186349 0.100912
vt 0.186211 0.103460
vt 0.949880 0.531536
vt 0.947679 0.473865
vt 0.945870 0.473883
vt 0.948088 0.531651
vt 0.949880 0.531536
vt 0.945870 0.473883
vt 0.945870 0.473883
vt 0.947679 0.473865
vt 0.948086 0.420272
vt 0.947679 0.473865
vt 0.949880 0.420349
vt 0.948086 0.420272
vt 0.361962 0.058300
vt 0.361988 0.056490
vt 0.308409 0.060497
vt 0.361988 0.056490
vt 0.308340 0.058704
vt 0.308409 0.060497
vt 0.419808 0.058704
vt 0.361988 0.056490
vt 0.361962 0.058300
vt 0.419685 0.060497
vt 0.419808 0.058704
vt 0.361962 0.058300
vt 0.893745 0.918877
vt 0.896012 0.918887
vt 0.894696 0.964343
vt 0.896012 0.918887
vt 0.893745 0.918877
vt 0.896953 0.872997
vt 0.893745 0.918877
vt 0.894781 0.874006
vt 0.896953 0.872997
vt 0.896012 0.918887
vt 0.896953 0.964305
vt 0.894696 0.964343
vt 0.714916 0.965946
vt 0.748597 0.965946
vt 0.748033 0.963577
vt 0.715006 0.963542
vt 0.714916 0.965946
vt 0.748033 0.963577
vt 0.657090 0.409856
vt 0.624475 0.409856
vt 0.623917 0.407486
vt 0.657177 0.407452
vt 0.657090 0.409856
vt 0.623917 0.407486
vt 0.623917 0.407486
vt 0.624475 0.409856
vt 0.613071 0.409555
vt 0.157578 0.466038
vt 0.157578 0.457131
vt 0.202721 0.459040
vt 0.193856 0.468065
vt 0.157578 0.466038
vt 0.202721 0.459040
vt 0.193856 0.468065
vt 0.202721 0.459040
vt 0.247853 0.461499
vt 0.157578 0.457131
vt 0.157578 0.466038
vt 0.112435 0.459040
vt 0.157578 0.466038
vt 0.121300 0.468065
vt 0.112435 0.459040
vt 0.112435 0.459040
vt 0.121300 0.468065
vt 0.067303 0.461499
vt 0.121300 0.468065
vt 0.085035 0.470423
vt 0.067303 0.461499
vt 0.067303 0.461499
vt 0.085035 0.470423
vt 0.064921 0.469961
vt 0.230121 0.470423
vt 0.193856 0.468065
vt 0.247853 0.461499
vt 0.230121 0.470423
vt 0.247853 0.461499
vt 0.250235 0.469961
vt 0.064444 0.463283
vt 0.067303 0.461499
vt 0.064921 0.469961
vt 0.247853 0.461499
vt 0.250713 0.463283
vt 0.250235 0.469961
vt 0.250235 0.469961
vt 0.261028 0.492382
vt 0.230121 0.470423
vt 0.054129 0.492382
vt 0.064921 0.469961
vt 0.085035 0.470423
vt 0.056178 0.495015
vt 0.054129 0.492382
vt 0.085035 0.470423
vt 0.054129 0.492382
vt 0.056178 0.495015
vt 0.046111 0.496162
vt 0.056178 0.495015
vt 0.046343 0.499599
vt 0.046111 0.496162
vt 0.261028 0.492382
vt 0.258979 0.495015
vt 0.230121 0.470423
vt 0.258979 0.495015
vt 0.261028 0.492382
vt 0.269046 0.496162
vt 0.268813 0.499599
vt 0.258979 0.495015
vt 0.269046 0.496162
vt 0.467121 0.980550
vt 0.471933 0.955529
vt 0.471933 0.985978
vt 0.381909 0.693733
vt 0.336988 0.692708
vt 0.337007 0.694962
vt 0.336988 0.692708
vt 0.291500 0.693648
vt 0.337007 0.694962
vt 0.382919 0.695913
vt 0.381909 0.693733
vt 0.337007 0.694962
vt 0.291500 0.693648
vt 0.291538 0.695913
vt 0.337007 0.694962
vt 0.125501 0.884215
vt 0.155172 0.884215
vt 0.127839 0.881265
vt 0.155172 0.884215
vt 0.153554 0.881010
vt 0.127839 0.881265
vt 0.060531 0.014022
vt 0.062149 0.017228
vt 0.034816 0.014278
vt 0.062149 0.017228
vt 0.032478 0.017228
vt 0.034816 0.014278
vt 0.471081 0.154165
vt 0.472089 0.180491
vt 0.474616 0.180383
vt 0.450935 0.181827
vt 0.472089 0.180491
vt 0.471081 0.154165
vt 0.450281 0.154518
vt 0.450935 0.181827
vt 0.471081 0.154165
vt 0.474728 0.157140
vt 0.471081 0.154165
vt 0.474616 0.180383
vt 0.474728 0.157140
vt 0.477546 0.155365
vt 0.471081 0.154165
vt 0.477546 0.155365
vt 0.471569 0.151042
vt 0.471081 0.154165
vt 0.474728 0.157140
vt 0.474616 0.180383
vt 0.477546 0.182292
vt 0.477546 0.155365
vt 0.474728 0.157140
vt 0.477546 0.182292
vt 0.209099 0.680845
vt 0.235447 0.679838
vt 0.209207 0.683370
vt 0.209099 0.680845
vt 0.207762 0.659707
vt 0.235447 0.679838
vt 0.207762 0.659707
vt 0.235094 0.659054
vt 0.235447 0.679838
vt 0.235447 0.679838
vt 0.232470 0.683482
vt 0.209207 0.683370
vt 0.234246 0.686298
vt 0.232470 0.683482
vt 0.235447 0.679838
vt 0.238573 0.680326
vt 0.234246 0.686298
vt 0.235447 0.679838
vt 0.209207 0.683370
vt 0.232470 0.683482
vt 0.207298 0.686298
vt 0.232470 0.683482
vt 0.234246 0.686298
vt 0.207298 0.686298
vt 0.110934 0.971453
vt 0.110265 0.975119
vt 0.112478 0.975659
vt 0.113114 0.971861
vt 0.110934 0.971453
vt 0.112478 0.975659
vt 0.112000 0.960453
vt 0.110934 0.971453
vt 0.113114 0.971861
vt 0.114274 0.960337
vt 0.112000 0.960453
vt 0.113114 0.971861
vt 0.112478 0.975659
vt 0.110265 0.975119
vt 0.114274 0.995473
vt 0.110265 0.975119
vt 0.112059 0.995593
vt 0.114274 0.995473
vt 0.361762 0.685947
vt 0.357961 0.685312
vt 0.358502 0.683093
vt 0.362171 0.683762
vt 0.361762 0.685947
vt 0.358502 0.683093
vt 0.358502 0.683093
vt 0.357961 0.685312
vt 0.338011 0.684882
vt 0.357961 0.685312
vt 0.338130 0.687099
vt 0.338011 0.684882
vt 0.373296 0.687099
vt 0.361762 0.685947
vt 0.362171 0.683762
vt 0.285886 0.112898
vt 0.285912 0.092548
vt 0.288292 0.093546
vt 0.288292 0.113381
vt 0.285886 0.112898
vt 0.288292 0.093546
vt 0.457504 0.048478
vt 0.441689 0.049044
vt 0.439054 0.051683
vt 0.459904 0.051683
vt 0.457504 0.048478
vt 0.439054 0.051683
vt 0.608253 0.812099
vt 0.605854 0.815304
vt 0.626704 0.815304
vt 0.624069 0.812666
vt 0.608253 0.812099
vt 0.626704 0.815304
vt 0.545192 0.994520
vt 0.545680 0.992388
vt 0.577479 0.995593
vt 0.545680 0.992388
vt 0.577787 0.993473
vt 0.577479 0.995593
vt 0.545680 0.992388
vt 0.545192 0.994520
vt 0.512831 0.993470
vt 0.545192 0.994520
vt 0.513026 0.995593
vt 0.512831 0.993470
vt 0.842282 0.997196
vt 0.810087 0.997173
vt 0.809545 0.994792
vt 0.842422 0.994799
vt 0.842282 0.997196
vt 0.809545 0.994792
vt 0.809545 0.994792
vt 0.810087 0.997173
vt 0.777466 0.997196
vt 0.013232 0.488416
vt 0.013292 0.517132
vt 0.015638 0.518029
vt 0.015638 0.488381
vt 0.013232 0.488416
vt 0.015638 0.518029
vt 0.682133 0.975621
vt 0.710872 0.975561
vt 0.710906 0.977965
vt 0.681235 0.977965
vt 0.682133 0.975621
vt 0.710906 0.977965
vt 0.888273 0.830342
vt 0.861668 0.831330
vt 0.888536 0.828125
vt 0.861668 0.831330
vt 0.861741 0.829141
vt 0.888536 0.828125
vt 0.891924 0.831330
vt 0.888273 0.830342
vt 0.888536 0.828125
vt 0.892141 0.829125
vt 0.891924 0.831330
vt 0.888536 0.828125
vt 0.986776 0.266130
vt 0.989174 0.266426
vt 0.989174 0.240091
vt 0.986768 0.239984
vt 0.986776 0.266130
vt 0.989174 0.240091
vt 0.849670 0.817708
vt 0.849639 0.839158
vt 0.852045 0.839343
vt 0.852045 0.817906
vt 0.849670 0.817708
vt 0.852045 0.839343
vt 0.573307 0.967548
vt 0.573382 0.969722
vt 0.552125 0.970958
vt 0.573382 0.969722
vt 0.552217 0.973157
vt 0.552125 0.970958
vt 0.605854 0.973157
vt 0.573382 0.969722
vt 0.573307 0.967548
vt 0.699679 0.936298
vt 0.679828 0.936298
vt 0.678829 0.933920
vt 0.699195 0.933894
vt 0.699679 0.936298
vt 0.678829 0.933920
vt 0.262197 0.629407
vt 0.267012 0.629634
vt 0.260225 0.633413
vt 0.267012 0.629634
vt 0.267442 0.633413
vt 0.260225 0.633413
vt 0.890537 0.018029
vt 0.886755 0.017600
vt 0.890537 0.010817
vt 0.886755 0.017600
vt 0.886528 0.012789
vt 0.890537 0.010817
vt 0.220168 0.314503
vt 0.220128 0.306228
vt 0.222475 0.306136
vt 0.222534 0.314474
vt 0.220168 0.314503
vt 0.222475 0.306136
vt 0.222475 0.306136
vt 0.220128 0.306228
vt 0.222534 0.302484
vt 0.220128 0.306228
vt 0.220172 0.302601
vt 0.222534 0.302484
vt 0.961107 0.072516
vt 0.963512 0.072518
vt 0.961124 0.081225
vt 0.963512 0.072518
vt 0.963512 0.081330
vt 0.961124 0.081225
vt 0.421411 0.675080
vt 0.421411 0.682966
vt 0.419006 0.683093
vt 0.419052 0.675290
vt 0.421411 0.675080
vt 0.419006 0.683093
vt 0.320369 0.242388
vt 0.320579 0.240030
vt 0.328261 0.242388
vt 0.320579 0.240030
vt 0.328388 0.239984
vt 0.328261 0.242388
vt 0.744587 0.019631
vt 0.751002 0.019631
vt 0.745338 0.017228
vt 0.751002 0.019631
vt 0.750305 0.017257
vt 0.745338 0.017228
vt 0.687650 0.491587
vt 0.687650 0.485176
vt 0.685270 0.490889
vt 0.687650 0.485176
vt 0.685245 0.485926
vt 0.685270 0.490889
vt 0.533275 0.221675
vt 0.532879 0.223958
vt 0.537816 0.223958
vt 0.538492 0.221554
vt 0.533275 0.221675
vt 0.537816 0.223958
vt 0.163192 0.147035
vt 0.163868 0.149439
vt 0.168805 0.149439
vt 0.168409 0.147156
vt 0.163192 0.147035
vt 0.168805 0.149439
f 1/424 2/425 3/426
f 4/1927 5/1928 6/1929
f 7/217 8/218 9/219
f 10/220 11/221 12/222
f 13/292 14/293 15/294
f 16/289 17/290 18/291
f 19/286 20/287 21/288
f 22/208 23/209 24/210
f 25/283 26/284 27/285
f 28/280 29/281 30/282
f 31/205 32/206 33/207
f 34/202 35/203 36/204
f 37/244 38/245 39/246
f 40/277 41/278 42/279
f 43/250 44/251 45/252
f 46/241 47/242 48/243
f 49/100 50/101 51/102
f 52/199 53/200 54/201
f 55/196 56/197 57/198
f 58/238 59/239 60/240
f 61/247 62/248 63/249
f 64/253 65/254 66/255
f 67/97 68/98 69/99
f 70/391 71/392 72/393
f 73/235 74/236 75/237
f 76/94 77/95 78/96
f 79/193 80/194 81/195
f 82/184 83/185 84/186
f 85/223 86/224 87/225
f 88/256 89/257 90/258
f 91/259 92/260 93/261
f 94/388 95/389 96/390
f 97/154 98/155 99/156
f 100/181 101/182 102/183
f 103/163 104/164 105/165
f 106/226 107/227 108/228
f 109/229 110/230 111/231
f 112/91 113/92 114/93
f 115/385 116/386 117/387
f 118/67 119/68 120/69
f 121/262 122/263 123/264
f 124/265 125/266 126/267
f 127/151 128/152 129/153
f 130/340 131/341 132/342
f 133/166 134/167 135/168
f 136/169 137/170 138/171
f 139/232 140/233 141/234
f 142/412 143/413 144/414
f 145/382 146/383 147/384
f 148/148 149/149 150/150
f 151/64 152/65 153/66
f 154/61 155/62 156/63
f 157/379 158/380 159/381
f 160/268 161/269 162/270
f 163/271 164/272 165/273
f 166/274 167/275 168/276
f 169/337 170/338 171/339
f 172/46 173/47 174/48
f 175/43 176/44 177/45
f 178/145 179/146 180/147
f 181/328 182/329 183/330
f 184/40 185/41 186/42
f 187/325 188/326 189/327
f 190/37 191/38 192/39
f 193/376 194/377 195/378
f 196/142 197/143 198/144
f 199/175 200/176 201/177
f 202/172 203/173 204/174
f 205/322 206/323 207/324
f 208/139 209/140 210/141
f 211/13 212/14 213/15
f 214/319 215/320 216/321
f 217/10 218/11 219/12
f 220/367 221/368 222/369
f 223/58 224/59 225/60
f 226/409 227/410 228/411
f 229/406 230/407 231/408
f 232/55 233/56 234/57
f 235/178 236/179 237/180
f 238/187 239/188 240/189
f 241/130 242/131 243/132
f 244/364 245/365 246/366
f 247/298 248/299 249/300
f 250/127 251/128 252/129
f 253/7 254/8 255/9
f 256/295 257/296 258/297
f 259/4 260/5 261/6
f 262/403 263/404 264/405
f 265/397 266/398 267/399
f 268/88 269/89 270/90
f 271/346 272/347 273/348
f 274/85 275/86 276/87
f 277/190 278/191 279/192
f 280/211 281/212 282/213
f 283/214 284/215 285/216
f 286/109 287/110 288/111
f 289/349 290/350 291/351
f 292/301 293/302 294/303
f 295/112 296/113 297/114
f 298/1 299/2 300/3
f 301/304 302/305 303/306
f 304/34 305/35 306/36
f 307/400 308/401 309/402
f 310/415 311/416 312/417
f 313/82 314/83 315/84
f 316/352 317/353 318/354
f 319/79 320/80 321/81
f 322/115 323/116 324/117
f 325/355 326/356 327/357
f 328/307 329/308 330/309
f 331/118 332/119 333/120
f 334/31 335/32 336/33
f 337/310 338/311 339/312
f 340/28 341/29 342/30
f 343/358 344/359 345/360
f 346/76 347/77 348/78
f 349/418 350/419 351/420
f 352/421 353/422 354/423
f 355/73 356/74 357/75
f 358/70 359/71 360/72
f 361/103 362/104 363/105
f 364/106 365/107 366/108
f 367/361 368/362 369/363
f 370/121 371/122 372/123
f 373/370 374/371 375/372
f 376/313 377/314 378/315
f 379/124 380/125 381/126
f 382/25 383/26 384/27
f 385/316 386/317 387/318
f 388/22 389/23 390/24
f 391/16 392/17 393/18
f 394/373 395/374 396/375
f 397/394 398/395 399/396
f 400/133 401/134 402/135
f 403/136 404/137 405/138
f 406/331 407/332 408/333
f 409/157 410/158 411/159
f 412/160 413/161 414/162
f 415/334 416/335 417/336
f 418/19 419/20 420/21
f 421/343 422/344 423/345
f 424/49 425/50 426/51
f 427/52 428/53 429/54
f 430/1924 431/1925 432/1926
f 433/1921 434/1922 435/1923
f 436/1909 437/1910 438/1911
f 439/1906 440/1907 441/1908
f 442/1903 443/1904 444/1905
f 445/1912 446/1913 447/1914
f 448/985 449/986 450/987
f 451/1915 452/1916 453/1917
f 454/988 455/989 456/990
f 457/1918 458/1919 459/1920
f 460/466 461/467 462/468
f 463/463 464/464 465/465
f 466/1012 467/1013 468/1014
f 469/1015 470/1016 471/1017
f 472/1018 473/1019 474/1020
f 475/1114 476/1115 477/1116
f 478/1117 479/1118 480/1119
f 481/1201 482/1202 483/1203
f 484/1204 485/1205 486/1206
f 487/1195 488/1196 489/1197
f 490/1198 491/1199 492/1200
f 493/1309 494/1310 495/1311
f 496/1312 497/1313 498/1314
f 499/1327 500/1328 501/1329
f 502/1330 503/1331 504/1332
f 505/1855 506/1856 507/1857
f 508/1849 509/1850 510/1851
f 511/1831 512/1832 513/1833
f 514/1834 515/1835 516/1836
f 517/1420 518/1421 519/1422
f 520/1417 521/1418 522/1419
f 523/1414 524/1415 525/1416
f 526/1411 527/1412 528/1413
f 529/1408 530/1409 531/1410
f 532/1405 533/1406 534/1407
f 535/1393 536/1394 537/1395
f 538/1423 539/1424 540/1425
f 541/1387 542/1388 543/1389
f 544/1426 545/1427 546/1428
f 547/1390 548/1391 549/1392
f 550/1396 551/1397 552/1398
f 553/1429 554/1430 555/1431
f 556/1399 557/1400 558/1401
f 559/1432 560/1433 561/1434
f 562/1402 563/1403 564/1404
f 565/1378 566/1379 567/1380
f 568/910 569/911 570/912
f 571/1375 572/1376 573/1377
f 574/895 575/896 576/897
f 577/1366 578/1367 579/1368
f 580/880 581/881 582/882
f 583/1363 584/1364 585/1365
f 586/877 587/878 588/879
f 589/1360 590/1361 591/1362
f 592/874 593/875 594/876
f 595/1357 596/1358 597/1359
f 598/871 599/872 600/873
f 601/1348 602/1349 603/1350
f 604/868 605/869 606/870
f 607/1345 608/1346 609/1347
f 610/865 611/866 612/867
f 613/883 614/884 615/885
f 616/1351 617/1352 618/1353
f 619/886 620/887 621/888
f 622/1354 623/1355 624/1356
f 625/889 626/890 627/891
f 628/1369 629/1370 630/1371
f 631/892 632/893 633/894
f 634/1372 635/1373 636/1374
f 637/913 638/914 639/915
f 640/1381 641/1382 642/1383
f 643/931 644/932 645/933
f 646/1384 647/1385 648/1386
f 649/1486 650/1487 651/1488
f 652/1516 653/1517 654/1518
f 655/1483 656/1484 657/1485
f 658/1513 659/1514 660/1515
f 661/1510 662/1511 663/1512
f 664/1480 665/1481 666/1482
f 667/1474 668/1475 669/1476
f 670/1471 671/1472 672/1473
f 673/1477 674/1478 675/1479
f 676/1489 677/1490 678/1491
f 679/1492 680/1493 681/1494
f 682/1507 683/1508 684/1509
f 685/1495 686/1496 687/1497
f 688/1498 689/1499 690/1500
f 691/1501 692/1502 693/1503
f 694/1504 695/1505 696/1506
f 697/1870 698/1871 699/1872
f 700/1867 701/1868 702/1869
f 703/1885 704/1886 705/1887
f 706/1891 707/1892 708/1893
f 709/2275 710/2276 711/2277
f 712/2272 713/2273 714/2274
f 715/2254 716/2255 717/2256
f 718/2251 719/2252 720/2253
f 721/2218 722/2219 723/2220
f 724/2215 725/2216 726/2217
f 727/2224 728/2225 729/2226
f 730/2221 731/2222 732/2223
f 733/1099 734/1100 735/1101
f 736/1096 737/1097 738/1098
f 739/940 740/941 741/942
f 742/943 743/944 744/945
f 745/952 746/953 747/954
f 748/955 749/956 750/957
f 751/970 752/971 753/972
f 754/976 755/977 756/978
f 757/973 758/974 759/975
f 760/979 761/980 762/981
f 763/982 764/983 765/984
f 766/1075 767/1076 768/1077
f 769/1078 770/1079 771/1080
f 772/1090 773/1091 774/1092
f 775/1057 776/1058 777/1059
f 778/1066 779/1067 780/1068
f 781/1063 782/1064 783/1065
f 784/1060 785/1061 786/1062
f 787/1054 788/1055 789/1056
f 790/991 791/992 792/993
f 793/994 794/995 795/996
f 796/997 797/998 798/999
f 799/1045 800/1046 801/1047
f 802/1051 803/1052 804/1053
f 805/1048 806/1049 807/1050
f 808/1072 809/1073 810/1074
f 811/1180 812/1181 813/1182
f 814/1174 815/1175 816/1176
f 817/1168 818/1169 819/1170
f 820/1177 821/1178 822/1179
f 823/1153 824/1154 825/1155
f 826/1171 827/1172 828/1173
f 829/1156 830/1157 831/1158
f 832/1144 833/1145 834/1146
f 835/1159 836/1160 837/1161
f 838/1285 839/1286 840/1287
f 841/1228 842/1229 843/1230
f 844/1225 845/1226 846/1227
f 847/1303 848/1304 849/1305
f 850/1234 851/1235 852/1236
f 853/1306 854/1307 855/1308
f 856/1267 857/1268 858/1269
f 859/1231 860/1232 861/1233
f 862/1270 863/1271 864/1272
f 865/1300 866/1301 867/1302
f 868/1165 869/1166 870/1167
f 871/1222 872/1223 873/1224
f 874/1147 875/1148 876/1149
f 877/1297 878/1298 879/1299
f 880/1219 881/1220 882/1221
f 883/1150 884/1151 885/1152
f 886/1249 887/1250 888/1251
f 889/1138 890/1139 891/1140
f 892/1162 893/1163 894/1164
f 895/682 896/683 897/684
f 898/679 899/680 900/681
f 901/676 902/677 903/678
f 904/667 905/668 906/669
f 907/670 908/671 909/672
f 910/664 911/665 912/666
f 913/673 914/674 915/675
f 916/640 917/641 918/642
f 919/631 920/632 921/633
f 922/634 923/635 924/636
f 925/637 926/638 927/639
f 928/643 929/644 930/645
f 931/646 932/647 933/648
f 934/649 935/650 936/651
f 937/652 938/653 939/654
f 940/724 941/725 942/726
f 943/721 944/722 945/723
f 946/718 947/719 948/720
f 949/715 950/716 951/717
f 952/712 953/713 954/714
f 955/709 956/710 957/711
f 958/706 959/707 960/708
f 961/703 962/704 963/705
f 964/700 965/701 966/702
f 967/727 968/728 969/729
f 970/766 971/767 972/768
f 973/757 974/758 975/759
f 976/763 977/764 978/765
f 979/760 980/761 981/762
f 982/769 983/770 984/771
f 985/772 986/773 987/774
f 988/775 989/776 990/777
f 991/1747 992/1748 993/1749
f 994/1744 995/1745 996/1746
f 997/1696 998/1697 999/1698
f 1000/1708 1001/1709 1002/1710
f 1003/1711 1004/1712 1005/1713
f 1006/1714 1007/1715 1008/1716
f 1009/1723 1010/1724 1011/1725
f 1012/1726 1013/1727 1014/1728
f 1015/1693 1016/1694 1017/1695
f 1018/1729 1019/1730 1020/1731
f 1021/1699 1022/1700 1023/1701
f 1024/1732 1025/1733 1026/1734
f 1027/1702 1028/1703 1029/1704
f 1030/1735 1031/1736 1032/1737
f 1033/1705 1034/1706 1035/1707
f 1036/1738 1037/1739 1038/1740
f 1039/1717 1040/1718 1041/1719
f 1042/1741 1043/1742 1044/1743
f 1045/517 1046/518 1047/519
f 1048/1720 1049/1721 1050/1722
f 1051/1789 1052/1790 1053/1791
f 1054/1798 1055/1799 1056/1800
f 1057/1807 1058/1808 1059/1809
f 1060/568 1061/569 1062/570
f 1063/511 1064/512 1065/513
f 1066/565 1067/566 1068/567
f 1069/490 1070/491 1071/492
f 1072/550 1073/551 1074/552
f 1075/487 1076/488 1077/489
f 1078/547 1079/548 1080/549
f 1081/484 1082/485 1083/486
f 1084/541 1085/542 1086/543
f 1087/481 1088/482 1089/483
f 1090/544 1091/545 1092/546
f 1093/478 1094/479 1095/480
f 1096/529 1097/530 1098/531
f 1099/475 1100/476 1101/477
f 1102/532 1103/533 1104/534
f 1105/472 1106/473 1107/474
f 1108/523 1109/524 1110/525
f 1111/469 1112/470 1113/471
f 1114/526 1115/527 1116/528
f 1117/538 1118/539 1119/540
f 1120/493 1121/494 1122/495
f 1123/535 1124/536 1125/537
f 1126/496 1127/497 1128/498
f 1129/556 1130/557 1131/558
f 1132/499 1133/500 1134/501
f 1135/553 1136/554 1137/555
f 1138/502 1139/503 1140/504
f 1141/559 1142/560 1143/561
f 1144/505 1145/506 1146/507
f 1147/562 1148/563 1149/564
f 1150/508 1151/509 1152/510
f 1153/571 1154/572 1155/573
f 1156/514 1157/515 1158/516
f 1159/574 1160/575 1161/576
f 1162/520 1163/521 1164/522
f 1165/1603 1166/1604 1167/1605
f 1168/1600 1169/1601 1170/1602
f 1171/1582 1172/1583 1173/1584
f 1174/1579 1175/1580 1176/1581
f 1177/1651 1178/1652 1179/1653
f 1180/1660 1181/1661 1182/1662
f 1183/1669 1184/1670 1185/1671
f 1186/1567 1187/1568 1188/1569
f 1189/1597 1190/1598 1191/1599
f 1192/1564 1193/1565 1194/1566
f 1195/1594 1196/1595 1197/1596
f 1198/1591 1199/1592 1200/1593
f 1201/1561 1202/1562 1203/1563
f 1204/1555 1205/1556 1206/1557
f 1207/1588 1208/1589 1209/1590
f 1210/1585 1211/1586 1212/1587
f 1213/1576 1214/1577 1215/1578
f 1216/1573 1217/1574 1218/1575
f 1219/1570 1220/1571 1221/1572
f 1222/1558 1223/1559 1224/1560
f 1225/1606 1226/1607 1227/1608
f 1228/1609 1229/1610 1230/1611
f 1231/850 1232/851 1233/852
f 1234/847 1235/848 1236/849
f 1237/2197 1238/2198 1239/2199
f 1240/826 1241/827 1242/828
f 1243/898 1244/899 1245/900
f 1246/823 1247/824 1248/825
f 1249/901 1250/902 1251/903
f 1252/745 1253/746 1254/747
f 1255/904 1256/905 1257/906
f 1258/742 1259/743 1260/744
f 1261/907 1262/908 1263/909
f 1264/1942 1265/1943 1266/1944
f 1267/1936 1268/1937 1269/1938
f 1270/730 1271/731 1272/732
f 1273/1939 1274/1940 1275/1941
f 1276/733 1277/734 1278/735
f 1279/928 1280/929 1281/930
f 1282/736 1283/737 1284/738
f 1285/925 1286/926 1287/927
f 1288/739 1289/740 1290/741
f 1291/922 1292/923 1293/924
f 1294/829 1295/830 1296/831
f 1297/919 1298/920 1299/921
f 1300/916 1301/917 1302/918
f 1303/832 1304/833 1305/834
f 1306/2200 1307/2201 1308/2202
f 1309/856 1310/857 1311/858
f 1312/859 1313/860 1314/861
f 1315/1435 1316/1436 1317/1437
f 1318/1438 1319/1439 1320/1440
f 1321/853 1322/854 1323/855
f 1324/1468 1325/1469 1326/1470
f 1327/838 1328/839 1329/840
f 1330/1465 1331/1466 1332/1467
f 1333/835 1334/836 1335/837
f 1336/1462 1337/1463 1338/1464
f 1339/814 1340/815 1341/816
f 1342/1459 1343/1460 1344/1461
f 1345/811 1346/812 1347/813
f 1348/1456 1349/1457 1350/1458
f 1351/799 1352/800 1353/801
f 1354/1453 1355/1454 1356/1455
f 1357/796 1358/797 1359/798
f 1360/793 1361/794 1362/795
f 1363/1441 1364/1442 1365/1443
f 1366/1444 1367/1445 1368/1446
f 1369/1882 1370/1883 1371/1884
f 1372/1447 1373/1448 1374/1449
f 1375/1873 1376/1874 1377/1875
f 1378/1450 1379/1451 1380/1452
f 1381/1900 1382/1901 1383/1902
f 1384/2074 1385/2075 1386/2076
f 1387/1897 1388/1898 1389/1899
f 1390/2071 1391/2072 1392/2073
f 1393/2284 1394/2285 1395/2286
f 1396/2068 1397/2069 1398/2070
f 1399/2269 1400/2270 1401/2271
f 1402/2065 1403/2066 1404/2067
f 1405/2260 1406/2261 1407/2262
f 1408/2053 1409/2054 1410/2055
f 1411/2257 1412/2258 1413/2259
f 1414/2050 1415/2051 1416/2052
f 1417/2236 1418/2237 1419/2238
f 1420/2047 1421/2048 1422/2049
f 1423/2230 1424/2231 1425/2232
f 1426/2041 1427/2042 1428/2043
f 1429/2233 1430/2234 1431/2235
f 1432/2044 1433/2045 1434/2046
f 1435/2227 1436/2228 1437/2229
f 1438/2056 1439/2057 1440/2058
f 1441/1102 1442/1103 1443/1104
f 1444/2059 1445/2060 1446/2061
f 1447/1093 1448/1094 1449/1095
f 1450/2062 1451/2063 1452/2064
f 1453/1033 1454/1034 1455/1035
f 1456/2077 1457/2078 1458/2079
f 1459/937 1460/938 1461/939
f 1462/2134 1463/2135 1464/2136
f 1465/934 1466/935 1467/936
f 1468/2128 1469/2129 1470/2130
f 1471/457 1472/458 1473/459
f 1474/2131 1475/2132 1476/2133
f 1477/460 1478/461 1479/462
f 1480/2143 1481/2144 1482/2145
f 1483/454 1484/455 1485/456
f 1486/2146 1487/2147 1488/2148
f 1489/451 1490/452 1491/453
f 1492/448 1493/449 1494/450
f 1495/445 1496/446 1497/447
f 1498/1930 1499/1931 1500/1932
f 1501/442 1502/443 1503/444
f 1504/1933 1505/1934 1506/1935
f 1507/439 1508/440 1509/441
f 1510/2137 1511/2138 1512/2139
f 1513/436 1514/437 1515/438
f 1516/2140 1517/2141 1518/2142
f 1519/427 1520/428 1521/429
f 1522/2122 1523/2123 1524/2124
f 1525/433 1526/434 1527/435
f 1528/2119 1529/2120 1530/2121
f 1531/430 1532/431 1533/432
f 1534/2125 1535/2126 1536/2127
f 1537/1024 1538/1025 1539/1026
f 1540/2116 1541/2117 1542/2118
f 1543/1021 1544/1022 1545/1023
f 1546/2101 1547/2102 1548/2103
f 1549/1036 1550/1037 1551/1038
f 1552/2098 1553/2099 1554/2100
f 1555/1111 1556/1112 1557/1113
f 1558/2095 1559/2096 1560/2097
f 1561/1120 1562/1121 1563/1122
f 1564/2083 1565/2084 1566/2085
f 1567/1183 1568/1184 1569/1185
f 1570/2080 1571/2081 1572/2082
f 1573/1186 1574/1187 1575/1188
f 1576/2086 1577/2087 1578/2088
f 1579/1192 1580/1193 1581/1194
f 1582/2089 1583/2090 1584/2091
f 1585/1189 1586/1190 1587/1191
f 1588/2092 1589/2093 1590/2094
f 1591/1315 1592/1316 1593/1317
f 1594/2104 1595/2105 1596/2106
f 1597/1318 1598/1319 1599/1320
f 1600/2107 1601/2108 1602/2109
f 1603/1333 1604/1334 1605/1335
f 1606/2110 1607/2111 1608/2112
f 1609/1342 1610/1343 1611/1344
f 1612/2113 1613/2114 1614/2115
f 1615/1861 1616/1862 1617/1863
f 1618/1552 1619/1553 1620/1554
f 1621/1864 1622/1865 1623/1866
f 1624/1837 1625/1838 1626/1839
f 1627/1531 1628/1532 1629/1533
f 1630/1846 1631/1847 1632/1848
f 1633/1528 1634/1529 1635/1530
f 1636/1525 1637/1526 1638/1527
f 1639/1534 1640/1535 1641/1536
f 1642/1537 1643/1538 1644/1539
f 1645/805 1646/806 1647/807
f 1648/802 1649/803 1650/804
f 1651/808 1652/809 1653/810
f 1654/1540 1655/1541 1656/1542
f 1657/817 1658/818 1659/819
f 1660/1543 1661/1544 1662/1545
f 1663/820 1664/821 1665/822
f 1666/1546 1667/1547 1668/1548
f 1669/841 1670/842 1671/843
f 1672/844 1673/845 1674/846
f 1675/1549 1676/1550 1677/1551
f 1678/862 1679/863 1680/864
f 1681/1522 1682/1523 1683/1524
f 1684/1519 1685/1520 1686/1521
f 1687/2212 1688/2213 1689/2214
f 1690/2209 1691/2210 1692/2211
f 1693/2038 1694/2039 1695/2040
f 1696/2035 1697/2036 1698/2037
f 1699/2029 1700/2030 1701/2031
f 1702/2032 1703/2033 1704/2034
f 1705/1954 1706/1955 1707/1956
f 1708/1951 1709/1952 1710/1953
f 1711/1945 1712/1946 1713/1947
f 1714/610 1715/611 1716/612
f 1717/607 1718/608 1719/609
f 1720/589 1721/590 1722/591
f 1723/619 1724/620 1725/621
f 1726/622 1727/623 1728/624
f 1729/586 1730/587 1731/588
f 1732/583 1733/584 1734/585
f 1735/580 1736/581 1737/582
f 1738/655 1739/656 1740/657
f 1741/577 1742/578 1743/579
f 1744/658 1745/659 1746/660
f 1747/2188 1748/2189 1749/2190
f 1750/661 1751/662 1752/663
f 1753/2185 1754/2186 1755/2187
f 1756/604 1757/605 1758/606
f 1759/1948 1760/1949 1761/1950
f 1762/601 1763/602 1764/603
f 1765/685 1766/686 1767/687
f 1768/2182 1769/2183 1770/2184
f 1771/688 1772/689 1773/690
f 1774/2179 1775/2180 1776/2181
f 1777/2026 1778/2027 1779/2028
f 1780/598 1781/599 1782/600
f 1783/2023 1784/2024 1785/2025
f 1786/595 1787/596 1788/597
f 1789/691 1790/692 1791/693
f 1792/2173 1793/2174 1794/2175
f 1795/694 1796/695 1797/696
f 1798/2176 1799/2177 1800/2178
f 1801/697 1802/698 1803/699
f 1804/2191 1805/2192 1806/2193
f 1807/2194 1808/2195 1809/2196
f 1810/2011 1811/2012 1812/2013
f 1813/592 1814/593 1815/594
f 1816/2014 1817/2015 1818/2016
f 1819/613 1820/614 1821/615
f 1822/2017 1823/2018 1824/2019
f 1825/616 1826/617 1827/618
f 1828/2020 1829/2021 1830/2022
f 1831/625 1832/626 1833/627
f 1834/2203 1835/2204 1836/2205
f 1837/628 1838/629 1839/630
f 1840/2206 1841/2207 1842/2208
f 1843/748 1844/749 1845/750
f 1846/751 1847/752 1848/753
f 1849/2164 1850/2165 1851/2166
f 1852/754 1853/755 1854/756
f 1855/2161 1856/2162 1857/2163
f 1858/778 1859/779 1860/780
f 1861/2158 1862/2159 1863/2160
f 1864/781 1865/782 1866/783
f 1867/2155 1868/2156 1869/2157
f 1870/784 1871/785 1872/786
f 1873/2149 1874/2150 1875/2151
f 1876/787 1877/788 1878/789
f 1879/2152 1880/2153 1881/2154
f 1882/790 1883/791 1884/792
f 1885/2167 1886/2168 1887/2169
f 1888/2170 1889/2171 1890/2172
f 1891/1681 1892/1682 1893/1683
f 1894/1678 1895/1679 1896/1680
f 1897/1843 1898/1844 1899/1845
f 1900/1840 1901/1841 1902/1842
f 1903/1852 1904/1853 1905/1854
f 1906/1684 1907/1685 1908/1686
f 1909/1858 1910/1859 1911/1860
f 1912/1687 1913/1688 1914/1689
f 1915/1336 1916/1337 1917/1338
f 1918/1690 1919/1691 1920/1692
f 1921/1339 1922/1340 1923/1341
f 1924/1630 1925/1631 1926/1632
f 1927/1321 1928/1322 1929/1323
f 1930/1627 1931/1628 1932/1629
f 1933/1324 1934/1325 1935/1326
f 1936/1624 1937/1625 1938/1626
f 1939/1207 1940/1208 1941/1209
f 1942/1621 1943/1622 1944/1623
f 1945/1216 1946/1217 1947/1218
f 1948/1618 1949/1619 1950/1620
f 1951/1210 1952/1211 1953/1212
f 1954/1615 1955/1616 1956/1617
f 1957/1213 1958/1214 1959/1215
f 1960/1612 1961/1613 1962/1614
f 1963/1123 1964/1124 1965/1125
f 1966/1633 1967/1634 1968/1635
f 1969/1126 1970/1127 1971/1128
f 1972/1636 1973/1637 1974/1638
f 1975/1027 1976/1028 1977/1029
f 1978/1639 1979/1640 1980/1641
f 1981/1030 1982/1031 1983/1032
f 1984/1642 1985/1643 1986/1644
f 1987/1009 1988/1010 1989/1011
f 1990/1645 1991/1646 1992/1647
f 1993/1006 1994/1007 1995/1008
f 1996/1648 1997/1649 1998/1650
f 1999/1000 2000/1001 2001/1002
f 2002/1654 2003/1655 2004/1656
f 2005/1003 2006/1004 2007/1005
f 2008/1657 2009/1658 2010/1659
f 2011/1039 2012/1040 2013/1041
f 2014/1663 2015/1664 2016/1665
f 2017/1042 2018/1043 2019/1044
f 2020/1666 2021/1667 2022/1668
f 2023/1069 2024/1070 2025/1071
f 2026/1672 2027/1673 2028/1674
f 2029/1132 2030/1133 2031/1134
f 2032/1675 2033/1676 2034/1677
f 2035/1141 2036/1142 2037/1143
f 2038/2008 2039/2009 2040/2010
f 2041/1294 2042/1295 2043/1296
f 2044/2002 2045/2003 2046/2004
f 2047/1291 2048/1292 2049/1293
f 2050/1999 2051/2000 2052/2001
f 2053/1288 2054/1289 2055/1290
f 2056/1996 2057/1997 2058/1998
f 2059/1282 2060/1283 2061/1284
f 2062/1993 2063/1994 2064/1995
f 2065/1279 2066/1280 2067/1281
f 2068/1990 2069/1991 2070/1992
f 2071/1276 2072/1277 2073/1278
f 2074/1987 2075/1988 2076/1989
f 2077/1273 2078/1274 2079/1275
f 2080/1984 2081/1985 2082/1986
f 2083/1264 2084/1265 2085/1266
f 2086/1981 2087/1982 2088/1983
f 2089/1978 2090/1979 2091/1980
f 2092/1261 2093/1262 2094/1263
f 2095/1972 2096/1973 2097/1974
f 2098/1258 2099/1259 2100/1260
f 2101/1963 2102/1964 2103/1965
f 2104/1255 2105/1256 2106/1257
f 2107/1957 2108/1958 2109/1959
f 2110/1252 2111/1253 2112/1254
f 2113/1960 2114/1961 2115/1962
f 2116/1246 2117/1247 2118/1248
f 2119/1966 2120/1967 2121/1968
f 2122/1243 2123/1244 2124/1245
f 2125/1969 2126/1970 2127/1971
f 2128/1237 2129/1238 2130/1239
f 2131/1975 2132/1976 2133/1977
f 2134/1240 2135/1241 2136/1242
f 2137/2005 2138/2006 2139/2007
f 2140/1135 2141/1136 2142/1137
f 2143/1813 2144/1814 2145/1815
f 2146/1129 2147/1130 2148/1131
f 2149/1810 2150/1811 2151/1812
f 2152/1087 2153/1088 2154/1089
f 2155/1804 2156/1805 2157/1806
f 2158/1084 2159/1085 2160/1086
f 2161/1801 2162/1802 2163/1803
f 2164/1081 2165/1082 2166/1083
f 2167/1795 2168/1796 2169/1797
f 2170/967 2171/968 2172/969
f 2173/1792 2174/1793 2175/1794
f 2176/964 2177/965 2178/966
f 2179/1786 2180/1787 2181/1788
f 2182/961 2183/962 2184/963
f 2185/1783 2186/1784 2187/1785
f 2188/958 2189/959 2190/960
f 2191/1780 2192/1781 2193/1782
f 2194/949 2195/950 2196/951
f 2197/1777 2198/1778 2199/1779
f 2200/946 2201/947 2202/948
f 2203/1774 2204/1775 2205/1776
f 2206/1108 2207/1109 2208/1110
f 2209/1771 2210/1772 2211/1773
f 2212/1105 2213/1106 2214/1107
f 2215/1750 2216/1751 2217/1752
f 2218/2242 2219/2243 2220/2244
f 2221/1753 2222/1754 2223/1755
f 2224/2239 2225/2240 2226/2241
f 2227/1756 2228/1757 2229/1758
f 2230/2245 2231/2246 2232/2247
f 2233/1759 2234/1760 2235/1761
f 2236/2248 2237/2249 2238/2250
f 2239/1762 2240/1763 2241/1764
f 2242/2266 2243/2267 2244/2268
f 2245/1765 2246/1766 2247/1767
f 2248/2263 2249/2264 2250/2265
f 2251/1768 2252/1769 2253/1770
f 2254/2281 2255/2282 2256/2283
f 2257/1828 2258/1829 2259/1830
f 2260/2278 2261/2279 2262/2280
f 2263/1825 2264/1826 2265/1827
f 2266/1894 2267/1895 2268/1896
f 2269/1822 2270/1823 2271/1824
f 2272/1816 2273/1817 2274/1818
f 2275/1888 2276/1889 2277/1890
f 2278/1819 2279/1820 2280/1821
f 2281/1879 2282/1880 2283/1881
f 2284/1876 2285/1877 2286/1878
f 2287/2503 2288/2504 2289/2505
f 2290/2506 2291/2507 2292/2508
f 2293/2605 2294/2606 2295/2607
f 2296/2602 2297/2603 2298/2604
f 2299/2599 2300/2600 2301/2601
f 2302/2494 2303/2495 2304/2496
f 2305/2596 2306/2597 2307/2598
f 2308/2593 2309/2594 2310/2595
f 2311/2491 2312/2492 2313/2493
f 2314/2488 2315/2489 2316/2490
f 2317/2629 2318/2630 2319/2631
f 2320/2590 2321/2591 2322/2592
f 2323/2563 2324/2564 2325/2565
f 2326/2626 2327/2627 2328/2628
f 2329/2386 2330/2387 2331/2388
f 2332/2485 2333/2486 2334/2487
f 2335/2482 2336/2483 2337/2484
f 2338/2623 2339/2624 2340/2625
f 2341/2560 2342/2561 2343/2562
f 2344/2566 2345/2567 2346/2568
f 2347/2383 2348/2384 2349/2385
f 2350/2677 2351/2678 2352/2679
f 2353/2620 2354/2621 2355/2622
f 2356/2380 2357/2381 2358/2382
f 2359/2479 2360/2480 2361/2481
f 2362/2452 2363/2453 2364/2454
f 2365/2608 2366/2609 2367/2610
f 2368/2569 2369/2570 2370/2571
f 2371/2572 2372/2573 2373/2574
f 2374/2674 2375/2675 2376/2676
f 2377/2440 2378/2441 2379/2442
f 2380/2449 2381/2450 2382/2451
f 2383/2455 2384/2456 2385/2457
f 2386/2611 2387/2612 2388/2613
f 2389/2614 2390/2615 2391/2616
f 2392/2377 2393/2378 2394/2379
f 2395/2671 2396/2672 2397/2673
f 2398/2356 2399/2357 2400/2358
f 2401/2575 2402/2576 2403/2577
f 2404/2578 2405/2579 2406/2580
f 2407/2437 2408/2438 2409/2439
f 2410/2554 2411/2555 2412/2556
f 2413/2458 2414/2459 2415/2460
f 2416/2461 2417/2462 2418/2463
f 2419/2617 2420/2618 2421/2619
f 2422/2701 2423/2702 2424/2703
f 2425/2668 2426/2669 2427/2670
f 2428/2434 2429/2435 2430/2436
f 2431/2353 2432/2354 2433/2355
f 2434/2350 2435/2351 2436/2352
f 2437/2665 2438/2666 2439/2667
f 2440/2581 2441/2582 2442/2583
f 2443/2584 2444/2585 2445/2586
f 2446/2551 2447/2552 2448/2553
f 2449/2332 2450/2333 2451/2334
f 2452/2329 2453/2330 2454/2331
f 2455/2431 2456/2432 2457/2433
f 2458/2542 2459/2543 2460/2544
f 2461/2326 2462/2327 2463/2328
f 2464/2539 2465/2540 2466/2541
f 2467/2323 2468/2324 2469/2325
f 2470/2662 2471/2663 2472/2664
f 2473/2428 2474/2429 2475/2430
f 2476/2536 2477/2537 2478/2538
f 2479/2425 2480/2426 2481/2427
f 2482/2299 2483/2300 2484/2301
f 2485/2533 2486/2534 2487/2535
f 2488/2296 2489/2297 2490/2298
f 2491/2653 2492/2654 2493/2655
f 2494/2347 2495/2348 2496/2349
f 2497/2416 2498/2417 2499/2418
f 2500/2650 2501/2651 2502/2652
f 2503/2512 2504/2513 2505/2514
f 2506/2413 2507/2414 2508/2415
f 2509/2293 2510/2294 2511/2295
f 2512/2509 2513/2510 2514/2511
f 2515/2290 2516/2291 2517/2292
f 2518/2344 2519/2345 2520/2346
f 2521/2698 2522/2699 2523/2700
f 2524/2632 2525/2633 2526/2634
f 2527/2341 2528/2342 2529/2343
f 2530/2395 2531/2396 2532/2397
f 2533/2635 2534/2636 2535/2637
f 2536/2515 2537/2516 2538/2517
f 2539/2398 2540/2399 2541/2400
f 2542/2287 2543/2288 2544/2289
f 2545/2518 2546/2519 2547/2520
f 2548/2320 2549/2321 2550/2322
f 2551/2695 2552/2696 2553/2697
f 2554/2464 2555/2465 2556/2466
f 2557/2467 2558/2468 2559/2469
f 2560/2374 2561/2375 2562/2376
f 2563/2692 2564/2693 2565/2694
f 2566/2638 2567/2639 2568/2640
f 2569/2371 2570/2372 2571/2373
f 2572/2401 2573/2402 2574/2403
f 2575/2641 2576/2642 2577/2643
f 2578/2521 2579/2522 2580/2523
f 2581/2404 2582/2405 2583/2406
f 2584/2317 2585/2318 2586/2319
f 2587/2524 2588/2525 2589/2526
f 2590/2314 2591/2315 2592/2316
f 2593/2470 2594/2471 2595/2472
f 2596/2686 2597/2687 2598/2688
f 2599/2368 2600/2369 2601/2370
f 2602/2689 2603/2690 2604/2691
f 2605/2644 2606/2645 2607/2646
f 2608/2365 2609/2366 2610/2367
f 2611/2407 2612/2408 2613/2409
f 2614/2647 2615/2648 2616/2649
f 2617/2527 2618/2528 2619/2529
f 2620/2410 2621/2411 2622/2412
f 2623/2311 2624/2312 2625/2313
f 2626/2530 2627/2531 2628/2532
f 2629/2308 2630/2309 2631/2310
f 2632/2302 2633/2303 2634/2304
f 2635/2473 2636/2474 2637/2475
f 2638/2587 2639/2588 2640/2589
f 2641/2683 2642/2684 2643/2685
f 2644/2476 2645/2477 2646/2478
f 2647/2497 2648/2498 2649/2499
f 2650/2500 2651/2501 2652/2502
f 2653/2704 2654/2705 2655/2706
f 2656/2545 2657/2546 2658/2547
f 2659/2419 2660/2420 2661/2421
f 2662/2305 2663/2306 2664/2307
f 2665/2548 2666/2549 2667/2550
f 2668/2557 2669/2558 2670/2559
f 2671/2335 2672/2336 2673/2337
f 2674/2338 2675/2339 2676/2340
f 2677/2707 2678/2708 2679/2709
f 2680/2710 2681/2711 2682/2712
f 2683/2362 2684/2363 2685/2364
f 2686/2359 2687/2360 2688/2361
f 2689/2656 2690/2657 2691/2658
f 2692/2389 2693/2390 2694/2391
f 2695/2392 2696/2393 2697/2394
f 2698/2659 2699/2660 2700/2661
f 2701/2422 2702/2423 2703/2424
f 2704/2680 2705/2681 2706/2682
f 2707/2443 2708/2444 2709/2445
f 2710/2446 2711/2447 2712/2448
f 2713/2914 2714/2915 2715/2916
f 2716/2917 2717/2918 2718/2919
f 2719/2794 2720/2795 2721/2796
f 2722/2791 2723/2792 2724/2793
f 2725/2788 2726/2789 2727/2790
f 2728/2947 2729/2948 2730/2949
f 2731/2785 2732/2786 2733/2787
f 2734/2782 2735/2783 2736/2784
f 2737/2944 2738/2945 2739/2946
f 2740/2941 2741/2942 2742/2943
f 2743/2902 2744/2903 2745/2904
f 2746/2779 2747/2780 2748/2781
f 2749/2776 2750/2777 2751/2778
f 2752/2938 2753/2939 2754/2940
f 2755/2935 2756/2936 2757/2937
f 2758/2899 2759/2900 2760/2901
f 2761/2896 2762/2897 2763/2898
f 2764/3001 2765/3002 2766/3003
f 2767/2773 2768/2774 2769/2775
f 2770/2770 2771/2771 2772/2772
f 2773/2932 2774/2933 2775/2934
f 2776/2929 2777/2930 2778/2931
f 2779/2998 2780/2999 2781/3000
f 2782/2746 2783/2747 2784/2748
f 2785/2893 2786/2894 2787/2895
f 2788/2890 2789/2891 2790/2892
f 2791/2995 2792/2996 2793/2997
f 2794/2767 2795/2768 2796/2769
f 2797/2764 2798/2765 2799/2766
f 2800/2743 2801/2744 2802/2745
f 2803/3073 2804/3074 2805/3075
f 2806/2926 2807/2927 2808/2928
f 2809/2920 2810/2921 2811/2922
f 2812/2992 2813/2993 2814/2994
f 2815/2740 2816/2741 2817/2742
f 2818/2887 2819/2888 2820/2889
f 2821/2884 2822/2885 2823/2886
f 2824/2989 2825/2990 2826/2991
f 2827/3070 2828/3071 2829/3072
f 2830/2854 2831/2855 2832/2856
f 2833/2737 2834/2738 2835/2739
f 2836/3067 2837/3068 2838/3069
f 2839/2986 2840/2987 2841/2988
f 2842/2734 2843/2735 2844/2736
f 2845/2881 2846/2882 2847/2883
f 2848/2983 2849/2984 2850/2985
f 2851/2923 2852/2924 2853/2925
f 2854/2878 2855/2879 2856/2880
f 2857/2851 2858/2852 2859/2853
f 2860/3043 2861/3044 2862/3045
f 2863/3040 2864/3041 2865/3042
f 2866/3064 2867/3065 2868/3066
f 2869/2848 2870/2849 2871/2850
f 2872/3037 2873/3038 2874/3039
f 2875/2845 2876/2846 2877/2847
f 2878/3034 2879/3035 2880/3036
f 2881/2731 2882/2732 2883/2733
f 2884/3061 2885/3062 2886/3063
f 2887/2980 2888/2981 2889/2982
f 2890/2728 2891/2729 2892/2730
f 2893/3031 2894/3032 2895/3033
f 2896/3028 2897/3029 2898/3030
f 2899/2842 2900/2843 2901/2844
f 2902/3058 2903/3059 2904/3060
f 2905/2839 2906/2840 2907/2841
f 2908/3025 2909/3026 2910/3027
f 2911/3022 2912/3023 2913/3024
f 2914/3055 2915/3056 2916/3057
f 2917/2725 2918/2726 2919/2727
f 2920/2836 2921/2837 2922/2838
f 2923/2833 2924/2834 2925/2835
f 2926/3052 2927/3053 2928/3054
f 2929/2962 2930/2963 2931/2964
f 2932/2875 2933/2876 2934/2877
f 2935/3004 2936/3005 2937/3006
f 2938/3007 2939/3008 2940/3009
f 2941/2722 2942/2723 2943/2724
f 2944/2965 2945/2966 2946/2967
f 2947/3046 2948/3047 2949/3048
f 2950/2719 2951/2720 2952/2721
f 2953/2824 2954/2825 2955/2826
f 2956/2821 2957/2822 2958/2823
f 2959/3049 2960/3050 2961/3051
f 2962/3010 2963/3011 2964/3012
f 2965/3013 2966/3014 2967/3015
f 2968/2812 2969/2813 2970/2814
f 2971/2809 2972/2810 2973/2811
f 2974/3016 2975/3017 2976/3018
f 2977/2815 2978/2816 2979/2817
f 2980/3019 2981/3020 2982/3021
f 2983/2857 2984/2858 2985/2859
f 2986/3076 2987/3077 2988/3078
f 2989/3079 2990/3080 2991/3081
f 2992/2716 2993/2717 2994/2718
f 2995/2713 2996/2714 2997/2715
f 2998/3082 2999/3083 3000/3084
f 3001/2749 3002/2750 3003/2751
f 3004/2818 3005/2819 3006/2820
f 3007/3085 3008/3086 3009/3087
f 3010/2860 3011/2861 3012/2862
f 3013/2827 3014/2828 3015/2829
f 3016/2830 3017/2831 3018/2832
f 3019/2971 3020/2972 3021/2973
f 3022/2968 3023/2969 3024/2970
f 3025/2863 3026/2864 3027/2865
f 3028/2866 3029/2867 3030/2868
f 3031/2953 3032/2954 3033/2955
f 3034/2950 3035/2951 3036/2952
f 3037/2761 3038/2762 3039/2763
f 3040/2797 3041/2798 3042/2799
f 3043/2956 3044/2957 3045/2958
f 3046/2800 3047/2801 3048/2802
f 3049/2803 3050/2804 3051/2805
f 3052/2806 3053/2807 3054/2808
f 3055/2959 3056/2960 3057/2961
f 3058/2869 3059/2870 3060/2871
f 3061/3088 3062/3089 3063/3090
f 3064/2872 3065/2873 3066/2874
f 3067/2974 3068/2975 3069/2976
f 3070/2905 3071/2906 3072/2907
f 3073/2908 3074/2909 3075/2910
f 3076/2977 3077/2978 3078/2979
f 3079/2911 3080/2912 3081/2913
f 3082/2752 3083/2753 3084/2754
f 3085/2755 3086/2756 3087/2757
f 3088/2758 3089/2759 3090/2760
f 3091/3283 3092/3284 3093/3285
f 3094/3286 3095/3287 3096/3288
f 3097/3172 3098/3173 3099/3174
f 3100/3169 3101/3170 3102/3171
f 3103/3166 3104/3167 3105/3168
f 3106/3418 3107/3419 3108/3420
f 3109/3163 3110/3164 3111/3165
f 3112/3160 3113/3161 3114/3162
f 3115/3415 3116/3416 3117/3417
f 3118/3412 3119/3413 3120/3414
f 3121/3274 3122/3275 3123/3276
f 3124/3157 3125/3158 3126/3159
f 3127/3154 3128/3155 3129/3156
f 3130/3409 3131/3410 3132/3411
f 3133/3406 3134/3407 3135/3408
f 3136/3271 3137/3272 3138/3273
f 3139/3268 3140/3269 3141/3270
f 3142/3460 3143/3461 3144/3462
f 3145/3151 3146/3152 3147/3153
f 3148/3148 3149/3149 3150/3150
f 3151/3403 3152/3404 3153/3405
f 3154/3400 3155/3401 3156/3402
f 3157/3457 3158/3458 3159/3459
f 3160/3121 3161/3122 3162/3123
f 3163/3265 3164/3266 3165/3267
f 3166/3262 3167/3263 3168/3264
f 3169/3454 3170/3455 3171/3456
f 3172/3145 3173/3146 3174/3147
f 3175/3142 3176/3143 3177/3144
f 3178/3118 3179/3119 3180/3120
f 3181/3373 3182/3374 3183/3375
f 3184/3397 3185/3398 3186/3399
f 3187/3379 3188/3380 3189/3381
f 3190/3451 3191/3452 3192/3453
f 3193/3115 3194/3116 3195/3117
f 3196/3259 3197/3260 3198/3261
f 3199/3256 3200/3257 3201/3258
f 3202/3448 3203/3449 3204/3450
f 3205/3370 3206/3371 3207/3372
f 3208/3226 3209/3227 3210/3228
f 3211/3112 3212/3113 3213/3114
f 3214/3367 3215/3368 3216/3369
f 3217/3445 3218/3446 3219/3447
f 3220/3109 3221/3110 3222/3111
f 3223/3253 3224/3254 3225/3255
f 3226/3442 3227/3443 3228/3444
f 3229/3382 3230/3383 3231/3384
f 3232/3250 3233/3251 3234/3252
f 3235/3223 3236/3224 3237/3225
f 3238/3328 3239/3329 3240/3330
f 3241/3325 3242/3326 3243/3327
f 3244/3364 3245/3365 3246/3366
f 3247/3220 3248/3221 3249/3222
f 3250/3322 3251/3323 3252/3324
f 3253/3217 3254/3218 3255/3219
f 3256/3319 3257/3320 3258/3321
f 3259/3106 3260/3107 3261/3108
f 3262/3361 3263/3362 3264/3363
f 3265/3439 3266/3440 3267/3441
f 3268/3103 3269/3104 3270/3105
f 3271/3316 3272/3317 3273/3318
f 3274/3313 3275/3314 3276/3315
f 3277/3214 3278/3215 3279/3216
f 3280/3358 3281/3359 3282/3360
f 3283/3211 3284/3212 3285/3213
f 3286/3310 3287/3311 3288/3312
f 3289/3307 3290/3308 3291/3309
f 3292/3355 3293/3356 3294/3357
f 3295/3100 3296/3101 3297/3102
f 3298/3208 3299/3209 3300/3210
f 3301/3205 3302/3206 3303/3207
f 3304/3352 3305/3353 3306/3354
f 3307/3421 3308/3422 3309/3423
f 3310/3247 3311/3248 3312/3249
f 3313/3304 3314/3305 3315/3306
f 3316/3301 3317/3302 3318/3303
f 3319/3097 3320/3098 3321/3099
f 3322/3424 3323/3425 3324/3426
f 3325/3349 3326/3350 3327/3351
f 3328/3094 3329/3095 3330/3096
f 3331/3202 3332/3203 3333/3204
f 3334/3199 3335/3200 3336/3201
f 3337/3346 3338/3347 3339/3348
f 3340/3289 3341/3290 3342/3291
f 3343/3292 3344/3293 3345/3294
f 3346/3190 3347/3191 3348/3192
f 3349/3187 3350/3188 3351/3189
f 3352/3295 3353/3296 3354/3297
f 3355/3193 3356/3194 3357/3195
f 3358/3298 3359/3299 3360/3300
f 3361/3331 3362/3332 3363/3333
f 3364/3337 3365/3338 3366/3339
f 3367/3334 3368/3335 3369/3336
f 3370/3091 3371/3092 3372/3093
f 3373/3130 3374/3131 3375/3132
f 3376/3340 3377/3341 3378/3342
f 3379/3124 3380/3125 3381/3126
f 3382/3196 3383/3197 3384/3198
f 3385/3343 3386/3344 3387/3345
f 3388/3376 3389/3377 3390/3378
f 3391/3229 3392/3230 3393/3231
f 3394/3232 3395/3233 3396/3234
f 3397/3430 3398/3431 3399/3432
f 3400/3427 3401/3428 3402/3429
f 3403/3235 3404/3236 3405/3237
f 3406/3238 3407/3239 3408/3240
f 3409/3388 3410/3389 3411/3390
f 3412/3385 3413/3386 3414/3387
f 3415/3139 3416/3140 3417/3141
f 3418/3175 3419/3176 3420/3177
f 3421/3391 3422/3392 3423/3393
f 3424/3178 3425/3179 3426/3180
f 3427/3181 3428/3182 3429/3183
f 3430/3184 3431/3185 3432/3186
f 3433/3394 3434/3395 3435/3396
f 3436/3241 3437/3242 3438/3243
f 3439/3466 3440/3467 3441/3468
f 3442/3244 3443/3245 3444/3246
f 3445/3433 3446/3434 3447/3435
f 3448/3277 3449/3278 3450/3279
f 3451/3280 3452/3281 3453/3282
f 3454/3436 3455/3437 3456/3438
f 3457/3463 3458/3464 3459/3465
f 3460/3127 3461/3128 3462/3129
f 3463/3133 3464/3134 3465/3135
f 3466/3136 3467/3137 3468/3138
f 3469/3553 3470/3554 3471/3555
f 3472/3550 3473/3551 3474/3552
f 3475/3547 3476/3548 3477/3549
f 3478/3544 3479/3545 3480/3546
f 3481/3562 3482/3563 3483/3564
f 3484/3541 3485/3542 3486/3543
f 3487/3559 3488/3560 3489/3561
f 3490/3565 3491/3566 3492/3567
f 3493/3568 3494/3569 3495/3570
f 3496/3538 3497/3539 3498/3540
f 3499/3526 3500/3527 3501/3528
f 3502/3571 3503/3572 3504/3573
f 3505/3580 3506/3581 3507/3582
f 3508/3556 3509/3557 3510/3558
f 3511/3535 3512/3536 3513/3537
f 3514/3523 3515/3524 3516/3525
f 3517/3520 3518/3521 3519/3522
f 3520/3517 3521/3518 3522/3519
f 3523/3529 3524/3530 3525/3531
f 3526/3532 3527/3533 3528/3534
f 3529/3511 3530/3512 3531/3513
f 3532/3472 3533/3473 3534/3474
f 3535/3514 3536/3515 3537/3516
f 3538/3508 3539/3509 3540/3510
f 3541/3505 3542/3506 3543/3507
f 3544/3496 3545/3497 3546/3498
f 3547/3577 3548/3578 3549/3579
f 3550/3574 3551/3575 3552/3576
f 3553/3469 3554/3470 3555/3471
f 3556/3475 3557/3476 3558/3477
f 3559/3610 3560/3611 3561/3612
f 3562/3613 3563/3614 3564/3615
f 3565/3616 3566/3617 3567/3618
f 3568/3493 3569/3494 3570/3495
f 3571/3499 3572/3500 3573/3501
f 3574/3502 3575/3503 3576/3504
f 3577/3484 3578/3485 3579/3486
f 3580/3481 3581/3482 3582/3483
f 3583/3478 3584/3479 3585/3480
f 3586/3487 3587/3488 3588/3489
f 3589/3490 3590/3491 3591/3492
f 3592/3619 3593/3620 3594/3621
f 3595/3622 3596/3623 3597/3624
f 3598/3625 3599/3626 3600/3627
f 3601/3628 3602/3629 3603/3630
f 3604/3634 3605/3635 3606/3636
f 3607/3607 3608/3608 3609/3609
f 3610/3631 3611/3632 3612/3633
f 3613/3646 3614/3647 3615/3648
f 3616/3649 3617/3650 3618/3651
f 3619/3652 3620/3653 3621/3654
f 3622/3655 3623/3656 3624/3657
f 3625/3640 3626/3641 3627/3642
f 3628/3637 3629/3638 3630/3639
f 3631/3643 3632/3644 3633/3645
f 3634/3604 3635/3605 3636/3606
f 3637/3601 3638/3602 3639/3603
f 3640/3598 3641/3599 3642/3600
f 3643/4471 3644/4472 3645/4473
f 3646/4459 3647/4460 3648/4461
f 3649/4477 3650/4478 3651/4479
f 3652/4474 3653/4475 3654/4476
f 3655/4462 3656/4463 3657/4464
f 3658/4465 3659/4466 3660/4467
f 3661/3586 3662/3587 3663/3588
f 3664/3583 3665/3584 3666/3585
f 3667/3589 3668/3590 3669/3591
f 3670/3592 3671/3593 3672/3594
f 3673/4057 3674/4058 3675/4059
f 3676/4045 3677/4046 3678/4047
f 3679/4060 3680/4061 3681/4062
f 3682/4054 3683/4055 3684/4056
f 3685/4063 3686/4064 3687/4065
f 3688/4480 3689/4481 3690/4482
f 3691/4066 3692/4067 3693/4068
f 3694/4069 3695/4070 3696/4071
f 3697/4051 3698/4052 3699/4053
f 3700/4468 3701/4469 3702/4470
f 3703/4048 3704/4049 3705/4050
f 3706/4075 3707/4076 3708/4077
f 3709/4072 3710/4073 3711/4074
f 3712/4483 3713/4484 3714/4485
f 3715/4627 3716/4628 3717/4629
f 3718/4078 3719/4079 3720/4080
f 3721/4486 3722/4487 3723/4488
f 3724/4615 3725/4616 3726/4617
f 3727/4489 3728/4490 3729/4491
f 3730/3658 3731/3659 3732/3660
f 3733/4624 3734/4625 3735/4626
f 3736/4501 3737/4502 3738/4503
f 3739/4504 3740/4505 3741/4506
f 3742/4630 3743/4631 3744/4632
f 3745/4633 3746/4634 3747/4635
f 3748/5527 3749/5528 3750/5529
f 3751/5518 3752/5519 3753/5520
f 3754/4492 3755/4493 3756/4494
f 3757/3595 3758/3596 3759/3597
f 3760/4612 3761/4613 3762/4614
f 3763/4495 3764/4496 3765/4497
f 3766/4498 3767/4499 3768/4500
f 3769/4618 3770/4619 3771/4620
f 3772/4621 3773/4622 3774/4623
f 3775/5551 3776/5552 3777/5553
f 3778/5542 3779/5543 3780/5544
f 3781/5524 3782/5525 3783/5526
f 3784/5533 3785/5534 3786/5535
f 3787/5530 3788/5531 3789/5532
f 3790/5521 3791/5522 3792/5523
f 3793/4390 3794/4391 3795/4392
f 3796/5548 3797/5549 3798/5550
f 3799/5557 3800/5558 3801/5559
f 3802/5554 3803/5555 3804/5556
f 3805/5545 3806/5546 3807/5547
f 3808/4444 3809/4445 3810/4446
f 3811/5539 3812/5540 3813/5541
f 3814/5536 3815/5537 3816/5538
f 3817/4735 3818/4736 3819/4737
f 3820/4732 3821/4733 3822/4734
f 3823/4738 3824/4739 3825/4740
f 3826/4744 3827/4745 3828/4746
f 3829/4741 3830/4742 3831/4743
f 3832/4441 3833/4442 3834/4443
f 3835/4747 3836/4748 3837/4749
f 3838/4438 3839/4439 3840/4440
f 3841/4435 3842/4436 3843/4437
f 3844/4186 3845/4187 3846/4188
f 3847/4426 3848/4427 3849/4428
f 3850/4183 3851/4184 3852/4185
f 3853/4168 3854/4169 3855/4170
f 3856/4423 3857/4424 3858/4425
f 3859/4408 3860/4409 3861/4410
f 3862/4165 3863/4166 3864/4167
f 3865/4405 3866/4406 3867/4407
f 3868/4162 3869/4163 3870/4164
f 3871/4396 3872/4397 3873/4398
f 3874/4159 3875/4160 3876/4161
f 3877/4393 3878/4394 3879/4395
f 3880/4153 3881/4154 3882/4155
f 3883/4399 3884/4400 3885/4401
f 3886/4156 3887/4157 3888/4158
f 3889/4402 3890/4403 3891/4404
f 3892/4171 3893/4172 3894/4173
f 3895/4411 3896/4412 3897/4413
f 3898/4174 3899/4175 3900/4176
f 3901/4414 3902/4415 3903/4416
f 3904/4177 3905/4178 3906/4179
f 3907/4417 3908/4418 3909/4419
f 3910/4180 3911/4181 3912/4182
f 3913/4420 3914/4421 3915/4422
f 3916/4456 3917/4457 3918/4458
f 3919/4429 3920/4430 3921/4431
f 3922/4453 3923/4454 3924/4455
f 3925/4336 3926/4337 3927/4338
f 3928/4432 3929/4433 3930/4434
f 3931/4333 3932/4334 3933/4335
f 3934/5686 3935/5687 3936/5688
f 3937/4321 3938/4322 3939/4323
f 3940/5683 3941/5684 3942/5685
f 3943/3661 3944/3662 3945/3663
f 3946/4330 3947/4331 3948/4332
f 3949/4327 3950/4328 3951/4329
f 3952/5482 3953/5483 3954/5484
f 3955/4324 3956/4325 3957/4326
f 3958/4318 3959/4319 3960/4320
f 3961/5365 3962/5366 3963/5367
f 3964/5362 3965/5363 3966/5364
f 3967/5368 3968/5369 3969/5370
f 3970/4510 3971/4511 3972/4512
f 3973/5479 3974/5480 3975/5481
f 3976/5371 3977/5372 3978/5373
f 3979/5476 3980/5477 3981/5478
f 3982/4507 3983/4508 3984/4509
f 3985/4513 3986/4514 3987/4515
f 3988/4516 3989/4517 3990/4518
f 3991/5461 3992/5462 3993/5463
f 3994/4522 3995/4523 3996/4524
f 3997/5452 3998/5453 3999/5454
f 4000/5458 4001/5459 4002/5460
f 4003/4519 4004/4520 4005/4521
f 4006/5449 4007/5450 4008/5451
f 4009/4036 4010/4037 4011/4038
f 4012/5431 4013/5432 4014/5433
f 4015/4039 4016/4040 4017/4041
f 4018/5428 4019/5429 4020/5430
f 4021/4042 4022/4043 4023/4044
f 4024/5425 4025/5426 4026/5427
f 4027/4033 4028/4034 4029/4035
f 4030/4021 4031/4022 4032/4023
f 4033/5434 4034/5435 4035/5436
f 4036/4030 4037/4031 4038/4032
f 4039/5437 4040/5438 4041/5439
f 4042/4027 4043/4028 4044/4029
f 4045/5440 4046/5441 4047/5442
f 4048/4024 4049/4025 4050/4026
f 4051/5443 4052/5444 4053/5445
f 4054/4537 4055/4538 4056/4539
f 4057/4534 4058/4535 4059/4536
f 4060/5446 4061/5447 4062/5448
f 4063/5455 4064/5456 4065/5457
f 4066/5464 4067/5465 4068/5466
f 4069/5485 4070/5486 4071/5487
f 4072/5467 4073/5468 4074/5469
f 4075/4525 4076/4526 4077/4527
f 4078/4531 4079/4532 4080/4533
f 4081/4528 4082/4529 4083/4530
f 4084/5470 4085/5471 4086/5472
f 4087/5359 4088/5360 4089/5361
f 4090/5473 4091/5474 4092/5475
f 4093/5350 4094/5351 4095/5352
f 4096/5356 4097/5357 4098/5358
f 4099/5353 4100/5354 4101/5355
f 4102/4300 4103/4301 4104/4302
f 4105/4297 4106/4298 4107/4299
f 4108/4303 4109/4304 4110/4305
f 4111/4309 4112/4310 4113/4311
f 4114/4306 4115/4307 4116/4308
f 4117/3664 4118/3665 4119/3666
f 4120/5692 4121/5693 4122/5694
f 4123/4312 4124/4313 4125/4314
f 4126/5689 4127/5690 4128/5691
f 4129/4315 4130/4316 4131/4317
f 4132/4378 4133/4379 4134/4380
f 4135/4447 4136/4448 4137/4449
f 4138/4375 4139/4376 4140/4377
f 4141/4450 4142/4451 4143/4452
f 4144/4366 4145/4367 4146/4368
f 4147/4150 4148/4151 4149/4152
f 4150/4363 4151/4364 4152/4365
f 4153/4147 4154/4148 4155/4149
f 4156/4360 4157/4361 4158/4362
f 4159/4144 4160/4145 4161/4146
f 4162/4357 4163/4358 4164/4359
f 4165/4141 4166/4142 4167/4143
f 4168/4348 4169/4349 4170/4350
f 4171/4126 4172/4127 4173/4128
f 4174/4345 4175/4346 4176/4347
f 4177/4339 4178/4340 4179/4341
f 4180/4123 4181/4124 4182/4125
f 4183/4129 4184/4130 4185/4131
f 4186/4342 4187/4343 4188/4344
f 4189/4132 4190/4133 4191/4134
f 4192/4351 4193/4352 4194/4353
f 4195/4135 4196/4136 4197/4137
f 4198/4354 4199/4355 4200/4356
f 4201/4138 4202/4139 4203/4140
f 4204/4369 4205/4370 4206/4371
f 4207/4771 4208/4772 4209/4773
f 4210/4372 4211/4373 4212/4374
f 4213/4768 4214/4769 4215/4770
f 4216/4381 4217/4382 4218/4383
f 4219/4387 4220/4388 4221/4389
f 4222/4765 4223/4766 4224/4767
f 4225/4384 4226/4385 4227/4386
f 4228/4759 4229/4760 4230/4761
f 4231/4762 4232/4763 4233/4764
f 4234/4756 4235/4757 4236/4758
f 4237/4750 4238/4751 4239/4752
f 4240/5512 4241/5513 4242/5514
f 4243/4753 4244/4754 4245/4755
f 4246/5515 4247/5516 4248/5517
f 4249/4252 4250/4253 4251/4254
f 4252/5044 4253/5045 4254/5046
f 4255/4249 4256/4250 4257/4251
f 4258/4240 4259/4241 4260/4242
f 4261/4237 4262/4238 4263/4239
f 4264/4228 4265/4229 4266/4230
f 4267/3940 4268/3941 4269/3942
f 4270/4225 4271/4226 4272/4227
f 4273/3937 4274/3938 4275/3939
f 4276/3946 4277/3947 4278/3948
f 4279/3943 4280/3944 4281/3945
f 4282/3736 4283/3737 4284/3738
f 4285/4231 4286/4232 4287/4233
f 4288/4234 4289/4235 4290/4236
f 4291/3934 4292/3935 4293/3936
f 4294/3739 4295/3740 4296/3741
f 4297/4243 4298/4244 4299/4245
f 4300/4246 4301/4247 4302/4248
f 4303/3928 4304/3929 4305/3930
f 4306/3931 4307/3932 4308/3933
f 4309/3925 4310/3926 4311/3927
f 4312/3784 4313/3785 4314/3786
f 4315/3742 4316/3743 4317/3744
f 4318/3781 4319/3782 4320/3783
f 4321/4255 4322/4256 4323/4257
f 4324/4258 4325/4259 4326/4260
f 4327/5092 4328/5093 4329/5094
f 4330/3913 4331/3914 4332/3915
f 4333/3817 4334/3818 4335/3819
f 4336/3907 4337/3908 4338/3909
f 4339/3910 4340/3911 4341/3912
f 4342/3820 4343/3821 4344/3822
f 4345/5089 4346/5090 4347/5091
f 4348/5086 4349/5087 4350/5088
f 4351/3916 4352/3917 4353/3918
f 4354/5098 4355/5099 4356/5100
f 4357/5080 4358/5081 4359/5082
f 4360/4642 4361/4643 4362/4644
f 4363/5083 4364/5084 4365/5085
f 4366/5095 4367/5096 4368/5097
f 4369/4636 4370/4637 4371/4638
f 4372/4639 4373/4640 4374/4641
f 4375/4645 4376/4646 4377/4647
f 4378/5503 4379/5504 4380/5505
f 4381/4648 4382/4649 4383/4650
f 4384/5500 4385/5501 4386/5502
f 4387/4651 4388/4652 4389/4653
f 4390/3919 4391/3920 4392/3921
f 4393/3922 4394/3923 4395/3924
f 4396/4099 4397/4100 4398/4101
f 4399/3838 4400/3839 4401/3840
f 4402/4096 4403/4097 4404/4098
f 4405/3826 4406/3827 4407/3828
f 4408/3823 4409/3824 4410/3825
f 4411/3835 4412/3836 4413/3837
f 4414/4093 4415/4094 4416/4095
f 4417/3832 4418/3833 4419/3834
f 4420/4090 4421/4091 4422/4092
f 4423/4087 4424/4088 4425/4089
f 4426/3829 4427/3830 4428/3831
f 4429/3841 4430/3842 4431/3843
f 4432/3814 4433/3815 4434/3816
f 4435/3811 4436/3812 4437/3813
f 4438/4084 4439/4085 4440/4086
f 4441/4081 4442/4082 4443/4083
f 4444/4102 4445/4103 4446/4104
f 4447/3847 4448/3848 4449/3849
f 4450/3844 4451/3845 4452/3846
f 4453/4111 4454/4112 4455/4113
f 4456/3859 4457/3860 4458/3861
f 4459/4108 4460/4109 4461/4110
f 4462/3805 4463/3806 4464/3807
f 4465/3808 4466/3809 4467/3810
f 4468/3775 4469/3776 4470/3777
f 4471/3778 4472/3779 4473/3780
f 4474/3856 4475/3857 4476/3858
f 4477/3802 4478/3803 4479/3804
f 4480/4105 4481/4106 4482/4107
f 4483/3853 4484/3854 4485/3855
f 4486/3769 4487/3770 4488/3771
f 4489/3772 4490/3773 4491/3774
f 4492/3727 4493/3728 4494/3729
f 4495/3730 4496/3731 4497/3732
f 4498/3715 4499/3716 4500/3717
f 4501/3712 4502/3713 4503/3714
f 4504/3763 4505/3764 4506/3765
f 4507/3667 4508/3668 4509/3669
f 4510/3799 4511/3800 4512/3801
f 4513/3766 4514/3767 4515/3768
f 4516/3751 4517/3752 4518/3753
f 4519/3796 4520/3797 4521/3798
f 4522/3850 4523/3851 4524/3852
f 4525/3787 4526/3788 4527/3789
f 4528/4114 4529/4115 4530/4116
f 4531/4117 4532/4118 4533/4119
f 4534/3862 4535/3863 4536/3864
f 4537/3865 4538/3866 4539/3867
f 4540/4120 4541/4121 4542/4122
f 4543/3868 4544/3869 4545/3870
f 4546/4669 4547/4670 4548/4671
f 4549/3793 4550/3794 4551/3795
f 4552/3790 4553/3791 4554/3792
f 4555/4666 4556/4667 4557/4668
f 4558/4663 4559/4664 4560/4665
f 4561/3886 4562/3887 4563/3888
f 4564/3883 4565/3884 4566/3885
f 4567/5506 4568/5507 4569/5508
f 4570/5509 4571/5510 4572/5511
f 4573/4654 4574/4655 4575/4656
f 4576/4657 4577/4658 4578/4659
f 4579/4660 4580/4661 4581/4662
f 4582/5104 4583/5105 4584/5106
f 4585/5101 4586/5102 4587/5103
f 4588/5116 4589/5117 4590/5118
f 4591/5107 4592/5108 4593/5109
f 4594/5119 4595/5120 4596/5121
f 4597/5110 4598/5111 4599/5112
f 4600/3880 4601/3881 4602/3882
f 4603/5113 4604/5114 4605/5115
f 4606/4222 4607/4223 4608/4224
f 4609/4219 4610/4220 4611/4221
f 4612/3874 4613/3875 4614/3876
f 4615/4210 4616/4211 4617/4212
f 4618/3871 4619/3872 4620/3873
f 4621/3760 4622/3761 4623/3762
f 4624/4207 4625/4208 4626/4209
f 4627/4198 4628/4199 4629/4200
f 4630/3877 4631/3878 4632/3879
f 4633/3889 4634/3890 4635/3891
f 4636/3757 4637/3758 4638/3759
f 4639/4195 4640/4196 4641/4197
f 4642/3892 4643/3893 4644/3894
f 4645/3754 4646/3755 4647/3756
f 4648/3895 4649/3896 4650/3897
f 4651/4189 4652/4190 4653/4191
f 4654/4192 4655/4193 4656/4194
f 4657/3901 4658/3902 4659/3903
f 4660/3898 4661/3899 4662/3900
f 4663/3694 4664/3695 4665/3696
f 4666/3748 4667/3749 4668/3750
f 4669/3697 4670/3698 4671/3699
f 4672/3745 4673/3746 4674/3747
f 4675/4201 4676/4202 4677/4203
f 4678/3904 4679/3905 4680/3906
f 4681/4204 4682/4205 4683/4206
f 4684/3673 4685/3674 4686/3675
f 4687/3676 4688/3677 4689/3678
f 4690/3670 4691/3671 4692/3672
f 4693/3958 4694/3959 4695/3960
f 4696/3691 4697/3692 4698/3693
f 4699/4213 4700/4214 4701/4215
f 4702/3961 4703/3962 4704/3963
f 4705/4216 4706/4217 4707/4218
f 4708/5041 4709/5042 4710/5043
f 4711/3703 4712/3704 4713/3705
f 4714/3706 4715/3707 4716/3708
f 4717/3679 4718/3680 4719/3681
f 4720/3700 4721/3701 4722/3702
f 4723/3709 4724/3710 4725/3711
f 4726/3718 4727/3719 4728/3720
f 4729/3991 4730/3992 4731/3993
f 4732/3997 4733/3998 4734/3999
f 4735/3688 4736/3689 4737/3690
f 4738/3964 4739/3965 4740/3966
f 4741/3967 4742/3968 4743/3969
f 4744/5038 4745/5039 4746/5040
f 4747/3970 4748/3971 4749/3972
f 4750/3682 4751/3683 4752/3684
f 4753/3685 4754/3686 4755/3687
f 4756/3979 4757/3980 4758/3981
f 4759/3985 4760/3986 4761/3987
f 4762/3994 4763/3995 4764/3996
f 4765/3982 4766/3983 4767/3984
f 4768/5077 4769/5078 4770/5079
f 4771/5074 4772/5075 4773/5076
f 4774/5599 4775/5600 4776/5601
f 4777/5602 4778/5603 4779/5604
f 4780/5065 4781/5066 4782/5067
f 4783/5068 4784/5069 4785/5070
f 4786/5071 4787/5072 4788/5073
f 4789/4708 4790/4709 4791/4710
f 4792/4705 4793/4706 4794/4707
f 4795/4711 4796/4712 4797/4713
f 4798/3973 4799/3974 4800/3975
f 4801/3976 4802/3977 4803/3978
f 4804/4714 4805/4715 4806/4716
f 4807/4702 4808/4703 4809/4704
f 4810/4717 4811/4718 4812/4719
f 4813/4726 4814/4727 4815/4728
f 4816/4723 4817/4724 4818/4725
f 4819/4720 4820/4721 4821/4722
f 4822/3988 4823/3989 4824/3990
f 4825/4729 4826/4730 4827/4731
f 4828/4294 4829/4295 4830/4296
f 4831/4291 4832/4292 4833/4293
f 4834/4282 4835/4283 4836/4284
f 4837/4279 4838/4280 4839/4281
f 4840/4276 4841/4277 4842/4278
f 4843/4273 4844/4274 4845/4275
f 4846/4261 4847/4262 4848/4263
f 4849/4000 4850/4001 4851/4002
f 4852/4264 4853/4265 4854/4266
f 4855/4267 4856/4268 4857/4269
f 4858/4270 4859/4271 4860/4272
f 4861/4285 4862/4286 4863/4287
f 4864/4003 4865/4004 4866/4005
f 4867/4006 4868/4007 4869/4008
f 4870/3721 4871/3722 4872/3723
f 4873/3724 4874/3725 4875/3726
f 4876/4009 4877/4010 4878/4011
f 4879/3733 4880/3734 4881/3735
f 4882/4288 4883/4289 4884/4290
f 4885/4699 4886/4700 4887/4701
f 4888/4012 4889/4013 4890/4014
f 4891/4018 4892/4019 4893/4020
f 4894/3952 4895/3953 4896/3954
f 4897/4015 4898/4016 4899/4017
f 4900/3949 4901/3950 4902/3951
f 4903/4696 4904/4697 4905/4698
f 4906/4681 4907/4682 4908/4683
f 4909/4690 4910/4691 4911/4692
f 4912/4687 4913/4688 4914/4689
f 4915/4693 4916/4694 4917/4695
f 4918/3955 4919/3956 4920/3957
f 4921/5047 4922/5048 4923/5049
f 4924/4684 4925/4685 4926/4686
f 4927/4672 4928/4673 4929/4674
f 4930/5605 4931/5606 4932/5607
f 4933/4678 4934/4679 4935/4680
f 4936/4675 4937/4676 4938/4677
f 4939/5056 4940/5057 4941/5058
f 4942/5062 4943/5063 4944/5064
f 4945/5608 4946/5609 4947/5610
f 4948/5059 4949/5060 4950/5061
f 4951/5053 4952/5054 4953/5055
f 4954/5050 4955/5051 4956/5052
f 4957/5245 4958/5246 4959/5247
f 4960/5242 4961/5243 4962/5244
f 4963/5248 4964/5249 4965/5250
f 4966/5239 4967/5240 4968/5241
f 4969/5236 4970/5237 4971/5238
f 4972/5251 4973/5252 4974/5253
f 4975/5254 4976/5255 4977/5256
f 4978/5233 4979/5234 4980/5235
f 4981/5230 4982/5231 4983/5232
f 4984/5227 4985/5228 4986/5229
f 4987/5224 4988/5225 4989/5226
f 4990/5662 4991/5663 4992/5664
f 4993/5737 4994/5738 4995/5739
f 4996/5614 4997/5615 4998/5616
f 4999/5665 5000/5666 5001/5667
f 5002/5617 5003/5618 5004/5619
f 5005/5611 5006/5612 5007/5613
f 5008/5257 5009/5258 5010/5259
f 5011/5260 5012/5261 5013/5262
f 5014/5395 5015/5396 5016/5397
f 5017/5620 5018/5621 5019/5622
f 5020/5221 5021/5222 5022/5223
f 5023/5218 5024/5219 5025/5220
f 5026/5263 5027/5264 5028/5265
f 5029/5266 5030/5267 5031/5268
f 5032/5386 5033/5387 5034/5388
f 5035/5392 5036/5393 5037/5394
f 5038/5161 5039/5162 5040/5163
f 5041/5158 5042/5159 5043/5160
f 5044/5269 5045/5270 5046/5271
f 5047/5272 5048/5273 5049/5274
f 5050/5419 5051/5420 5052/5421
f 5053/5389 5054/5390 5055/5391
f 5056/5164 5057/5165 5058/5166
f 5059/5167 5060/5168 5061/5169
f 5062/5170 5063/5171 5064/5172
f 5065/5173 5066/5174 5067/5175
f 5068/5641 5069/5642 5070/5643
f 5071/5728 5072/5729 5073/5730
f 5074/5716 5075/5717 5076/5718
f 5077/5638 5078/5639 5079/5640
f 5080/5275 5081/5276 5082/5277
f 5083/5278 5084/5279 5085/5280
f 5086/5176 5087/5177 5088/5178
f 5089/5179 5090/5180 5091/5181
f 5092/5713 5093/5714 5094/5715
f 5095/5680 5096/5681 5097/5682
f 5098/5281 5099/5282 5100/5283
f 5101/4591 5102/4592 5103/4593
f 5104/5182 5105/5183 5106/5184
f 5107/5185 5108/5186 5109/5187
f 5110/5188 5111/5189 5112/5190
f 5113/5191 5114/5192 5115/5193
f 5116/5407 5117/5408 5118/5409
f 5119/5497 5120/5498 5121/5499
f 5122/5677 5123/5678 5124/5679
f 5125/5740 5126/5741 5127/5742
f 5128/4588 5129/4589 5130/4590
f 5131/4585 5132/4586 5133/4587
f 5134/4582 5135/4583 5136/4584
f 5137/4579 5138/4580 5139/4581
f 5140/5194 5141/5195 5142/5196
f 5143/5197 5144/5198 5145/5199
f 5146/5200 5147/5201 5148/5202
f 5149/5203 5150/5204 5151/5205
f 5152/5494 5153/5495 5154/5496
f 5155/5734 5156/5735 5157/5736
f 5158/5656 5159/5657 5160/5658
f 5161/5704 5162/5705 5163/5706
f 5164/4576 5165/4577 5166/4578
f 5167/4540 5168/4541 5169/4542
f 5170/5206 5171/5207 5172/5208
f 5173/5209 5174/5210 5175/5211
f 5176/5488 5177/5489 5178/5490
f 5179/5491 5180/5492 5181/5493
f 5182/5701 5183/5702 5184/5703
f 5185/5695 5186/5696 5187/5697
f 5188/4543 5189/4544 5190/4545
f 5191/4546 5192/4547 5193/4548
f 5194/5212 5195/5213 5196/5214
f 5197/5215 5198/5216 5199/5217
f 5200/5698 5201/5699 5202/5700
f 5203/5155 5204/5156 5205/5157
f 5206/4549 5207/4550 5208/4551
f 5209/4552 5210/4553 5211/4554
f 5212/5284 5213/5285 5214/5286
f 5215/5287 5216/5288 5217/5289
f 5218/5290 5219/5291 5220/5292
f 5221/5293 5222/5294 5223/5295
f 5224/5593 5225/5594 5226/5595
f 5227/5743 5228/5744 5229/5745
f 5230/5722 5231/5723 5232/5724
f 5233/5596 5234/5597 5235/5598
f 5236/5152 5237/5153 5238/5154
f 5239/5140 5240/5141 5241/5142
f 5242/4555 5243/4556 5244/4557
f 5245/4558 5246/4559 5247/4560
f 5248/5296 5249/5297 5250/5298
f 5251/5299 5252/5300 5253/5301
f 5254/5719 5255/5720 5256/5721
f 5257/5635 5258/5636 5259/5637
f 5260/5143 5261/5144 5262/5145
f 5263/5146 5264/5147 5265/5148
f 5266/4561 5267/4562 5268/4563
f 5269/4564 5270/4565 5271/4566
f 5272/4567 5273/4568 5274/4569
f 5275/4570 5276/4571 5277/4572
f 5278/5128 5279/5129 5280/5130
f 5281/5125 5282/5126 5283/5127
f 5284/4573 5285/4574 5286/4575
f 5287/4594 5288/4595 5289/4596
f 5290/5632 5291/5633 5292/5634
f 5293/5731 5294/5732 5295/5733
f 5296/5149 5297/5150 5298/5151
f 5299/5131 5300/5132 5301/5133
f 5302/5122 5303/5123 5304/5124
f 5305/5134 5306/5135 5307/5136
f 5308/4597 5309/4598 5310/4599
f 5311/4600 5312/4601 5313/4602
f 5314/5137 5315/5138 5316/5139
f 5317/5707 5318/5708 5319/5709
f 5320/4603 5321/4604 5322/4605
f 5323/4606 5324/4607 5325/4608
f 5326/5710 5327/5711 5328/5712
f 5329/5653 5330/5654 5331/5655
f 5332/4609 5333/4610 5334/4611
f 5335/5347 5336/5348 5337/5349
f 5338/5344 5339/5345 5340/5346
f 5341/5341 5342/5342 5343/5343
f 5344/5647 5345/5648 5346/5649
f 5347/5575 5348/5576 5349/5577
f 5350/5338 5351/5339 5352/5340
f 5353/5335 5354/5336 5355/5337
f 5356/5650 5357/5651 5358/5652
f 5359/5644 5360/5645 5361/5646
f 5362/5560 5363/5561 5364/5562
f 5365/5572 5366/5573 5367/5574
f 5368/5332 5369/5333 5370/5334
f 5371/5329 5372/5330 5373/5331
f 5374/5563 5375/5564 5376/5565
f 5377/5566 5378/5567 5379/5568
f 5380/5326 5381/5327 5382/5328
f 5383/5323 5384/5324 5385/5325
f 5386/5569 5387/5570 5388/5571
f 5389/5410 5390/5411 5391/5412
f 5392/5320 5393/5321 5394/5322
f 5395/5317 5396/5318 5397/5319
f 5398/5413 5399/5414 5400/5415
f 5401/5383 5402/5384 5403/5385
f 5404/5314 5405/5315 5406/5316
f 5407/5311 5408/5312 5409/5313
f 5410/5380 5411/5381 5412/5382
f 5413/5374 5414/5375 5415/5376
f 5416/5308 5417/5309 5418/5310
f 5419/5305 5420/5306 5421/5307
f 5422/5302 5423/5303 5424/5304
f 5425/5626 5426/5627 5427/5628
f 5428/5377 5429/5378 5430/5379
f 5431/5629 5432/5630 5433/5631
f 5434/5623 5435/5624 5436/5625
f 5437/5674 5438/5675 5439/5676
f 5440/5668 5441/5669 5442/5670
f 5443/5671 5444/5672 5445/5673
f 5446/5746 5447/5747 5448/5748
f 5449/5011 5450/5012 5451/5013
f 5452/5008 5453/5009 5454/5010
f 5455/5005 5456/5006 5457/5007
f 5458/5014 5459/5015 5460/5016
f 5461/5002 5462/5003 5463/5004
f 5464/4999 5465/5000 5466/5001
f 5467/5017 5468/5018 5469/5019
f 5470/4996 5471/4997 5472/4998
f 5473/4993 5474/4994 5475/4995
f 5476/5020 5477/5021 5478/5022
f 5479/4990 5480/4991 5481/4992
f 5482/4987 5483/4988 5484/4989
f 5485/5023 5486/5024 5487/5025
f 5488/4984 5489/4985 5490/4986
f 5491/5026 5492/5027 5493/5028
f 5494/4981 5495/4982 5496/4983
f 5497/5029 5498/5030 5499/5031
f 5500/4978 5501/4979 5502/4980
f 5503/5032 5504/5033 5505/5034
f 5506/4975 5507/4976 5508/4977
f 5509/5035 5510/5036 5511/5037
f 5512/4972 5513/4973 5514/4974
f 5515/4843 5516/4844 5517/4845
f 5518/4969 5519/4970 5520/4971
f 5521/4840 5522/4841 5523/4842
f 5524/4966 5525/4967 5526/4968
f 5527/4837 5528/4838 5529/4839
f 5530/4963 5531/4964 5532/4965
f 5533/4834 5534/4835 5535/4836
f 5536/4960 5537/4961 5538/4962
f 5539/4795 5540/4796 5541/4797
f 5542/4957 5543/4958 5544/4959
f 5545/4792 5546/4793 5547/4794
f 5548/4954 5549/4955 5550/4956
f 5551/4789 5552/4790 5553/4791
f 5554/4951 5555/4952 5556/4953
f 5557/4780 5558/4781 5559/4782
f 5560/4948 5561/4949 5562/4950
f 5563/4783 5564/4784 5565/4785
f 5566/4786 5567/4787 5568/4788
f 5569/4774 5570/4775 5571/4776
f 5572/4777 5573/4778 5574/4779
f 5575/4798 5576/4799 5577/4800
f 5578/4801 5579/4802 5580/4803
f 5581/4804 5582/4805 5583/4806
f 5584/4807 5585/4808 5586/4809
f 5587/4810 5588/4811 5589/4812
f 5590/4813 5591/4814 5592/4815
f 5593/4816 5594/4817 5595/4818
f 5596/4819 5597/4820 5598/4821
f 5599/4822 5600/4823 5601/4824
f 5602/4825 5603/4826 5604/4827
f 5605/4828 5606/4829 5607/4830
f 5608/4831 5609/4832 5610/4833
f 5611/4846 5612/4847 5613/4848
f 5614/5659 5615/5660 5616/5661
f 5617/4849 5618/4850 5619/4851
f 5620/5587 5621/5588 5622/5589
f 5623/4852 5624/4853 5625/4854
f 5626/5584 5627/5585 5628/5586
f 5629/4855 5630/4856 5631/4857
f 5632/5578 5633/5579 5634/5580
f 5635/4858 5636/4859 5637/4860
f 5638/5581 5639/5582 5640/5583
f 5641/4861 5642/4862 5643/4863
f 5644/5590 5645/5591 5646/5592
f 5647/5422 5648/5423 5649/5424
f 5650/4864 5651/4865 5652/4866
f 5653/5416 5654/5417 5655/5418
f 5656/4867 5657/4868 5658/4869
f 5659/4870 5660/4871 5661/4872
f 5662/4873 5663/4874 5664/4875
f 5665/4876 5666/4877 5667/4878
f 5668/4879 5669/4880 5670/4881
f 5671/4882 5672/4883 5673/4884
f 5674/4885 5675/4886 5676/4887
f 5677/4888 5678/4889 5679/4890
f 5680/4891 5681/4892 5682/4893
f 5683/4894 5684/4895 5685/4896
f 5686/4897 5687/4898 5688/4899
f 5689/4900 5690/4901 5691/4902
f 5692/4903 5693/4904 5694/4905
f 5695/4906 5696/4907 5697/4908
f 5698/4909 5699/4910 5700/4911
f 5701/4912 5702/4913 5703/4914
f 5704/4915 5705/4916 5706/4917
f 5707/4918 5708/4919 5709/4920
f 5710/4921 5711/4922 5712/4923
f 5713/4924 5714/4925 5715/4926
f 5716/4927 5717/4928 5718/4929
f 5719/4930 5720/4931 5721/4932
f 5722/5725 5723/5726 5724/5727
f 5725/4933 5726/4934 5727/4935
f 5728/5404 5729/5405 5730/5406
f 5731/5401 5732/5402 5733/5403
f 5734/4936 5735/4937 5736/4938
f 5737/5398 5738/5399 5739/5400
f 5740/4939 5741/4940 5742/4941
f 5743/4942 5744/4943 5745/4944
f 5746/4945 5747/4946 5748/4947