
mtllib textured.mtl
usemtl mesh

v 0.214526 0.385598 0.515426
v 0.311622 0.385820 0.465959
v 0.274388 0.472047 0.412539
v 0.214526 0.385598 0.515426
v 0.274388 0.472047 0.412539
v 0.188320 0.470741 0.454530
v 0.311622 0.385820 0.465959
v 0.399293 0.388579 0.400257
v 0.352561 0.476395 0.356175
v 0.311622 0.385820 0.465959
v 0.352561 0.476395 0.356175
v 0.274388 0.472047 0.412539
v 0.274388 0.472047 0.412539
v 0.352561 0.476395 0.356175
v 0.292401 0.545531 0.296309
v 0.274388 0.472047 0.412539
v 0.292401 0.545531 0.296309
v 0.227762 0.540944 0.342990
v 0.188320 0.470741 0.454530
v 0.274388 0.472047 0.412539
v 0.227762 0.540944 0.342990
v 0.188320 0.470741 0.454530
v 0.227762 0.540944 0.342990
v 0.156099 0.538895 0.377366
v 0.001535 0.387349 0.561420
v 0.110856 0.387557 0.546611
v 0.096555 0.471932 0.480820
v 0.001535 0.387349 0.561420
v 0.096555 0.471932 0.480820
v 0.001551 0.472488 0.496156
v 0.110856 0.387557 0.546611
v 0.214526 0.385598 0.515426
v 0.188320 0.470741 0.454530
v 0.110856 0.387557 0.546611
v 0.188320 0.470741 0.454530
v 0.096555 0.471932 0.480820
v 0.096555 0.471932 0.480820
v 0.188320 0.470741 0.454530
v 0.156099 0.538895 0.377366
v 0.096555 0.471932 0.480820
v 0.156099 0.538895 0.377366
v 0.079387 0.539328 0.399060
v 0.001551 0.472488 0.496156
v 0.096555 0.471932 0.480820
v 0.079387 0.539328 0.399060
v 0.001551 0.472488 0.496156
v 0.079387 0.539328 0.399060
v 0.001571 0.544558 0.416473
v 0.541383 0.402151 0.230967
v 0.475594 0.489702 0.205013
v 0.421005 0.482883 0.286885
v 0.541383 0.402151 0.230967
v 0.421005 0.482883 0.286885
v 0.477722 0.394967 0.322513
v 0.475594 0.489702 0.205013
v 0.393424 0.559164 0.170445
v 0.348237 0.551409 0.238271
v 0.475594 0.489702 0.205013
v 0.348237 0.551409 0.238271
v 0.421005 0.482883 0.286885
v 0.421005 0.482883 0.286885
v 0.348237 0.551409 0.238271
v 0.292401 0.545531 0.296309
v 0.421005 0.482883 0.286885
v 0.292401 0.545531 0.296309
v 0.352561 0.476395 0.356175
v 0.477722 0.394967 0.322513
v 0.421005 0.482883 0.286885
v 0.352561 0.476395 0.356175
v 0.477722 0.394967 0.322513
v 0.352561 0.476395 0.356175
v 0.399293 0.388579 0.400257
v 0.437064 0.568912 0.009905
v 0.424026 0.565980 0.093274
v 0.511417 0.494607 0.111882
v 0.437064 0.568912 0.009905
v 0.511417 0.494607 0.111882
v 0.525819 0.495753 0.011912
v 0.424026 0.565980 0.093274
v 0.393424 0.559164 0.170445
v 0.475594 0.489702 0.205013
v 0.424026 0.565980 0.093274
v 0.475594 0.489702 0.205013
v 0.511417 0.494607 0.111882
v 0.511417 0.494607 0.111882
v 0.475594 0.489702 0.205013
v 0.541383 0.402151 0.230967
v 0.511417 0.494607 0.111882
v 0.541383 0.402151 0.230967
v 0.580968 0.405558 0.125233
v 0.525819 0.495753 0.011912
v 0.511417 0.494607 0.111882
v 0.580968 0.405558 0.125233
v 0.525819 0.495753 0.011912
v 0.580968 0.405558 0.125233
v 0.594778 0.404630 0.012328
v 0.594778 0.404630 0.012328
v 0.582548 0.398986 -0.101065
v 0.517314 0.491862 -0.089475
v 0.594778 0.404630 0.012328
v 0.517314 0.491862 -0.089475
v 0.525819 0.495753 0.011912
v 0.582548 0.398986 -0.101065
v 0.545959 0.389561 -0.209383
v 0.486460 0.483470 -0.186768
v 0.582548 0.398986 -0.101065
v 0.486460 0.483470 -0.186768
v 0.517314 0.491862 -0.089475
v 0.517314 0.491862 -0.089475
v 0.486460 0.483470 -0.186768
v 0.403832 0.555775 -0.155642
v 0.517314 0.491862 -0.089475
v 0.403832 0.555775 -0.155642
v 0.430049 0.565076 -0.074873
v 0.525819 0.495753 0.011912
v 0.517314 0.491862 -0.089475
v 0.430049 0.565076 -0.074873
v 0.525819 0.495753 0.011912
v 0.430049 0.565076 -0.074873
v 0.437064 0.568912 0.009905
v 0.304698 0.530976 -0.289797
v 0.360945 0.543556 -0.228103
v 0.432696 0.469141 -0.272754
v 0.304698 0.530976 -0.289797
v 0.432696 0.469141 -0.272754
v 0.363999 0.455279 -0.346360
v 0.360945 0.543556 -0.228103
v 0.403832 0.555775 -0.155642
v 0.486460 0.483470 -0.186768
v 0.360945 0.543556 -0.228103
v 0.486460 0.483470 -0.186768
v 0.432696 0.469141 -0.272754
v 0.432696 0.469141 -0.272754
v 0.486460 0.483470 -0.186768
v 0.545959 0.389561 -0.209383
v 0.432696 0.469141 -0.272754
v 0.545959 0.389561 -0.209383
v 0.487786 0.377869 -0.308069
v 0.363999 0.455279 -0.346360
v 0.432696 0.469141 -0.272754
v 0.487786 0.377869 -0.308069
v 0.363999 0.455279 -0.346360
v 0.487786 0.377869 -0.308069
v 0.409713 0.364412 -0.391417
v 0.163591 0.514768 -0.377256
v 0.238220 0.520994 -0.339861
v 0.283905 0.444573 -0.406531
v 0.163591 0.514768 -0.377256
v 0.283905 0.444573 -0.406531
v 0.195006 0.438281 -0.452155
v 0.238220 0.520994 -0.339861
v 0.304698 0.530976 -0.289797
v 0.363999 0.455279 -0.346360
v 0.238220 0.520994 -0.339861
v 0.363999 0.455279 -0.346360
v 0.283905 0.444573 -0.406531
v 0.283905 0.444573 -0.406531
v 0.363999 0.455279 -0.346360
v 0.409713 0.364412 -0.391417
v 0.283905 0.444573 -0.406531
v 0.409713 0.364412 -0.391417
v 0.319447 0.354051 -0.460314
v 0.195006 0.438281 -0.452155
v 0.283905 0.444573 -0.406531
v 0.319447 0.354051 -0.460314
v 0.195006 0.438281 -0.452155
v 0.319447 0.354051 -0.460314
v 0.219281 0.347220 -0.512133
v 0.001775 0.508984 -0.417129
v 0.083327 0.512022 -0.401533
v 0.099876 0.435050 -0.481346
v 0.001775 0.508984 -0.417129
v 0.099876 0.435050 -0.481346
v 0.001795 0.430753 -0.498496
v 0.083327 0.512022 -0.401533
v 0.163591 0.514768 -0.377256
v 0.195006 0.438281 -0.452155
v 0.083327 0.512022 -0.401533
v 0.195006 0.438281 -0.452155
v 0.099876 0.435050 -0.481346
v 0.099876 0.435050 -0.481346
v 0.195006 0.438281 -0.452155
v 0.219281 0.347220 -0.512133
v 0.099876 0.435050 -0.481346
v 0.219281 0.347220 -0.512133
v 0.113027 0.343736 -0.545779
v 0.001795 0.430753 -0.498496
v 0.099876 0.435050 -0.481346
v 0.113027 0.343736 -0.545779
v 0.001795 0.430753 -0.498496
v 0.113027 0.343736 -0.545779
v 0.001811 0.338884 -0.564010
v 0.108038 -0.839842 0.315311
v 0.133282 -0.748142 0.364878
v 0.069589 -0.747125 0.384574
v 0.108038 -0.839842 0.315311
v 0.069589 -0.747125 0.384574
v 0.057443 -0.839741 0.331514
v 0.133282 -0.748142 0.364878
v 0.154868 -0.651199 0.405804
v 0.079913 -0.648787 0.427528
v 0.133282 -0.748142 0.364878
v 0.079913 -0.648787 0.427528
v 0.069589 -0.747125 0.384574
v 0.069589 -0.747125 0.384574
v 0.079913 -0.648787 0.427528
v 0.001565 -0.645150 0.437680
v 0.069589 -0.747125 0.384574
v 0.001565 -0.645150 0.437680
v 0.001576 -0.745012 0.394495
v 0.057443 -0.839741 0.331514
v 0.069589 -0.747125 0.384574
v 0.001576 -0.745012 0.394495
v 0.057443 -0.839741 0.331514
v 0.001576 -0.745012 0.394495
v 0.001589 -0.838362 0.340276
v 0.195701 -0.843559 0.257824
v 0.243549 -0.752908 0.293635
v 0.191903 -0.750124 0.334204
v 0.195701 -0.843559 0.257824
v 0.191903 -0.750124 0.334204
v 0.154649 -0.841198 0.290552
v 0.243549 -0.752908 0.293635
v 0.284733 -0.657018 0.323510
v 0.223758 -0.653835 0.370403
v 0.243549 -0.752908 0.293635
v 0.223758 -0.653835 0.370403
v 0.191903 -0.750124 0.334204
v 0.191903 -0.750124 0.334204
v 0.223758 -0.653835 0.370403
v 0.154868 -0.651199 0.405804
v 0.191903 -0.750124 0.334204
v 0.154868 -0.651199 0.405804
v 0.133282 -0.748142 0.364878
v 0.154649 -0.841198 0.290552
v 0.191903 -0.750124 0.334204
v 0.133282 -0.748142 0.364878
v 0.154649 -0.841198 0.290552
v 0.133282 -0.748142 0.364878
v 0.108038 -0.839842 0.315311
v 0.255790 -0.849137 0.172875
v 0.320221 -0.759825 0.189208
v 0.286653 -0.755791 0.244538
v 0.255790 -0.849137 0.172875
v 0.286653 -0.755791 0.244538
v 0.230375 -0.846626 0.218471
v 0.320221 -0.759825 0.189208
v 0.378400 -0.666115 0.203764
v 0.337573 -0.661379 0.268055
v 0.320221 -0.759825 0.189208
v 0.337573 -0.661379 0.268055
v 0.286653 -0.755791 0.244538
v 0.286653 -0.755791 0.244538
v 0.337573 -0.661379 0.268055
v 0.284733 -0.657018 0.323510
v 0.286653 -0.755791 0.244538
v 0.284733 -0.657018 0.323510
v 0.243549 -0.752908 0.293635
v 0.230375 -0.846626 0.218471
v 0.286653 -0.755791 0.244538
v 0.243549 -0.752908 0.293635
v 0.230375 -0.846626 0.218471
v 0.243549 -0.752908 0.293635
v 0.195701 -0.843559 0.257824
v 0.154868 -0.651199 0.405804
v 0.174896 -0.552958 0.443449
v 0.089688 -0.549499 0.466772
v 0.154868 -0.651199 0.405804
v 0.089688 -0.549499 0.466772
v 0.079913 -0.648787 0.427528
v 0.174896 -0.552958 0.443449
v 0.193918 -0.453922 0.480018
v 0.099215 -0.450032 0.505392
v 0.174896 -0.552958 0.443449
v 0.099215 -0.450032 0.505392
v 0.089688 -0.549499 0.466772
v 0.089688 -0.549499 0.466772
v 0.099215 -0.450032 0.505392
v 0.001547 -0.442957 0.511868
v 0.089688 -0.549499 0.466772
v 0.001547 -0.442957 0.511868
v 0.001556 -0.544056 0.475637
v 0.079913 -0.648787 0.427528
v 0.089688 -0.549499 0.466772
v 0.001556 -0.544056 0.475637
v 0.079913 -0.648787 0.427528
v 0.001556 -0.544056 0.475637
v 0.001565 -0.645150 0.437680
v 0.284733 -0.657018 0.323510
v 0.323523 -0.560034 0.352006
v 0.253504 -0.556387 0.404445
v 0.284733 -0.657018 0.323510
v 0.253504 -0.556387 0.404445
v 0.223758 -0.653835 0.370403
v 0.323523 -0.560034 0.352006
v 0.360117 -0.461508 0.379403
v 0.280934 -0.457229 0.436204
v 0.323523 -0.560034 0.352006
v 0.280934 -0.457229 0.436204
v 0.253504 -0.556387 0.404445
v 0.253504 -0.556387 0.404445
v 0.280934 -0.457229 0.436204
v 0.193918 -0.453922 0.480018
v 0.253504 -0.556387 0.404445
v 0.193918 -0.453922 0.480018
v 0.174896 -0.552958 0.443449
v 0.223758 -0.653835 0.370403
v 0.253504 -0.556387 0.404445
v 0.174896 -0.552958 0.443449
v 0.223758 -0.653835 0.370403
v 0.174896 -0.552958 0.443449
v 0.154868 -0.651199 0.405804
v 0.378400 -0.666115 0.203764
v 0.432102 -0.569610 0.216925
v 0.384367 -0.564476 0.289470
v 0.378400 -0.666115 0.203764
v 0.384367 -0.564476 0.289470
v 0.337573 -0.661379 0.268055
v 0.432102 -0.569610 0.216925
v 0.481641 -0.470213 0.228811
v 0.428735 -0.465799 0.310138
v 0.432102 -0.569610 0.216925
v 0.428735 -0.465799 0.310138
v 0.384367 -0.564476 0.289470
v 0.384367 -0.564476 0.289470
v 0.428735 -0.465799 0.310138
v 0.360117 -0.461508 0.379403
v 0.384367 -0.564476 0.289470
v 0.360117 -0.461508 0.379403
v 0.323523 -0.560034 0.352006
v 0.337573 -0.661379 0.268055
v 0.384367 -0.564476 0.289470
v 0.323523 -0.560034 0.352006
v 0.337573 -0.661379 0.268055
v 0.323523 -0.560034 0.352006
v 0.284733 -0.657018 0.323510
v 0.193918 -0.453922 0.480018
v 0.211587 -0.353355 0.515078
v 0.108125 -0.349391 0.542359
v 0.193918 -0.453922 0.480018
v 0.108125 -0.349391 0.542359
v 0.099215 -0.450032 0.505392
v 0.211587 -0.353355 0.515078
v 0.227401 -0.250440 0.547248
v 0.116773 -0.247509 0.578683
v 0.211587 -0.353355 0.515078
v 0.116773 -0.247509 0.578683
v 0.108125 -0.349391 0.542359
v 0.108125 -0.349391 0.542359
v 0.116773 -0.247509 0.578683
v 0.001530 -0.239861 0.581210
v 0.108125 -0.349391 0.542359
v 0.001530 -0.239861 0.581210
v 0.001538 -0.341702 0.547362
v 0.099215 -0.450032 0.505392
v 0.108125 -0.349391 0.542359
v 0.001538 -0.341702 0.547362
v 0.099215 -0.450032 0.505392
v 0.001538 -0.341702 0.547362
v 0.001547 -0.442957 0.511868
v 0.360117 -0.461508 0.379403
v 0.392501 -0.359870 0.403552
v 0.306464 -0.356376 0.466604
v 0.360117 -0.461508 0.379403
v 0.306464 -0.356376 0.466604
v 0.280934 -0.457229 0.436204
v 0.392501 -0.359870 0.403552
v 0.419006 -0.254545 0.422956
v 0.327648 -0.252134 0.491807
v 0.392501 -0.359870 0.403552
v 0.327648 -0.252134 0.491807
v 0.306464 -0.356376 0.466604
v 0.306464 -0.356376 0.466604
v 0.327648 -0.252134 0.491807
v 0.227401 -0.250440 0.547248
v 0.306464 -0.356376 0.466604
v 0.227401 -0.250440 0.547248
v 0.211587 -0.353355 0.515078
v 0.280934 -0.457229 0.436204
v 0.306464 -0.356376 0.466604
v 0.211587 -0.353355 0.515078
v 0.280934 -0.457229 0.436204
v 0.211587 -0.353355 0.515078
v 0.193918 -0.453922 0.480018
v 0.481641 -0.470213 0.228811
v 0.524862 -0.366755 0.238505
v 0.467696 -0.363397 0.327849
v 0.481641 -0.470213 0.228811
v 0.467696 -0.363397 0.327849
v 0.428735 -0.465799 0.310138
v 0.524862 -0.366755 0.238505
v 0.561354 -0.259451 0.246318
v 0.499428 -0.256889 0.341645
v 0.524862 -0.366755 0.238505
v 0.499428 -0.256889 0.341645
v 0.467696 -0.363397 0.327849
v 0.467696 -0.363397 0.327849
v 0.499428 -0.256889 0.341645
v 0.419006 -0.254545 0.422956
v 0.467696 -0.363397 0.327849
v 0.419006 -0.254545 0.422956
v 0.392501 -0.359870 0.403552
v 0.428735 -0.465799 0.310138
v 0.467696 -0.363397 0.327849
v 0.392501 -0.359870 0.403552
v 0.428735 -0.465799 0.310138
v 0.392501 -0.359870 0.403552
v 0.360117 -0.461508 0.379403
v 0.227401 -0.250440 0.547248
v 0.240206 -0.144281 0.573584
v 0.124099 -0.142448 0.608770
v 0.227401 -0.250440 0.547248
v 0.124099 -0.142448 0.608770
v 0.116773 -0.247509 0.578683
v 0.240206 -0.144281 0.573584
v 0.247842 -0.035092 0.589297
v 0.128095 -0.033753 0.624819
v 0.240206 -0.144281 0.573584
v 0.128095 -0.033753 0.624819
v 0.124099 -0.142448 0.608770
v 0.124099 -0.142448 0.608770
v 0.128095 -0.033753 0.624819
v 0.001519 -0.030087 0.627194
v 0.124099 -0.142448 0.608770
v 0.001519 -0.030087 0.627194
v 0.001523 -0.136047 0.608849
v 0.116773 -0.247509 0.578683
v 0.124099 -0.142448 0.608770
v 0.001523 -0.136047 0.608849
v 0.116773 -0.247509 0.578683
v 0.001523 -0.136047 0.608849
v 0.001530 -0.239861 0.581210
v 0.419006 -0.254545 0.422956
v 0.439566 -0.146160 0.438042
v 0.344040 -0.144840 0.511478
v 0.419006 -0.254545 0.422956
v 0.344040 -0.144840 0.511478
v 0.327648 -0.252134 0.491807
v 0.439566 -0.146160 0.438042
v 0.452569 -0.035778 0.447609
v 0.354377 -0.035503 0.524067
v 0.439566 -0.146160 0.438042
v 0.354377 -0.035503 0.524067
v 0.344040 -0.144840 0.511478
v 0.344040 -0.144840 0.511478
v 0.354377 -0.035503 0.524067
v 0.247842 -0.035092 0.589297
v 0.344040 -0.144840 0.511478
v 0.247842 -0.035092 0.589297
v 0.240206 -0.144281 0.573584
v 0.327648 -0.252134 0.491807
v 0.344040 -0.144840 0.511478
v 0.240206 -0.144281 0.573584
v 0.327648 -0.252134 0.491807
v 0.240206 -0.144281 0.573584
v 0.227401 -0.250440 0.547248
v 0.561354 -0.259451 0.246318
v 0.592781 -0.149146 0.253647
v 0.525692 -0.147480 0.353499
v 0.561354 -0.259451 0.246318
v 0.525692 -0.147480 0.353499
v 0.499428 -0.256889 0.341645
v 0.592781 -0.149146 0.253647
v 0.613826 -0.035747 0.258562
v 0.542719 -0.035525 0.361177
v 0.592781 -0.149146 0.253647
v 0.542719 -0.035525 0.361177
v 0.525692 -0.147480 0.353499
v 0.525692 -0.147480 0.353499
v 0.542719 -0.035525 0.361177
v 0.452569 -0.035778 0.447609
v 0.525692 -0.147480 0.353499
v 0.452569 -0.035778 0.447609
v 0.439566 -0.146160 0.438042
v 0.499428 -0.256889 0.341645
v 0.525692 -0.147480 0.353499
v 0.439566 -0.146160 0.438042
v 0.499428 -0.256889 0.341645
v 0.439566 -0.146160 0.438042
v 0.419006 -0.254545 0.422956
v 0.247842 -0.035092 0.589297
v 0.249448 0.075251 0.592861
v 0.128888 0.076193 0.628614
v 0.247842 -0.035092 0.589297
v 0.128888 0.076193 0.628614
v 0.128095 -0.033753 0.624819
v 0.249448 0.075251 0.592861
v 0.244660 0.183935 0.582866
v 0.126651 0.185085 0.619331
v 0.249448 0.075251 0.592861
v 0.126651 0.185085 0.619331
v 0.128888 0.076193 0.628614
v 0.128888 0.076193 0.628614
v 0.126651 0.185085 0.619331
v 0.001518 0.184818 0.630520
v 0.128888 0.076193 0.628614
v 0.001518 0.184818 0.630520
v 0.001517 0.077331 0.634698
v 0.128095 -0.033753 0.624819
v 0.128888 0.076193 0.628614
v 0.001517 0.077331 0.634698
v 0.128095 -0.033753 0.624819
v 0.001517 0.077331 0.634698
v 0.001519 -0.030087 0.627194
v 0.452569 -0.035778 0.447609
v 0.456550 0.075108 0.450495
v 0.357270 0.074471 0.527683
v 0.452569 -0.035778 0.447609
v 0.357270 0.074471 0.527683
v 0.354377 -0.035503 0.524067
v 0.456550 0.075108 0.450495
v 0.450625 0.184415 0.445661
v 0.352185 0.182926 0.521232
v 0.456550 0.075108 0.450495
v 0.352185 0.182926 0.521232
v 0.357270 0.074471 0.527683
v 0.357270 0.074471 0.527683
v 0.352185 0.182926 0.521232
v 0.244660 0.183935 0.582866
v 0.357270 0.074471 0.527683
v 0.244660 0.183935 0.582866
v 0.249448 0.075251 0.592861
v 0.354377 -0.035503 0.524067
v 0.357270 0.074471 0.527683
v 0.249448 0.075251 0.592861
v 0.354377 -0.035503 0.524067
v 0.249448 0.075251 0.592861
v 0.247842 -0.035092 0.589297
v 0.613826 -0.035747 0.258562
v 0.622354 0.079168 0.260556
v 0.548938 0.077398 0.364064
v 0.613826 -0.035747 0.258562
v 0.548938 0.077398 0.364064
v 0.542719 -0.035525 0.361177
v 0.622354 0.079168 0.260556
v 0.615958 0.193155 0.258345
v 0.542048 0.188947 0.360358
v 0.622354 0.079168 0.260556
v 0.542048 0.188947 0.360358
v 0.548938 0.077398 0.364064
v 0.548938 0.077398 0.364064
v 0.542048 0.188947 0.360358
v 0.450625 0.184415 0.445661
v 0.548938 0.077398 0.364064
v 0.450625 0.184415 0.445661
v 0.456550 0.075108 0.450495
v 0.542719 -0.035525 0.361177
v 0.548938 0.077398 0.364064
v 0.456550 0.075108 0.450495
v 0.542719 -0.035525 0.361177
v 0.456550 0.075108 0.450495
v 0.452569 -0.035778 0.447609
v 0.214526 0.385598 0.515426
v 0.110856 0.387557 0.546611
v 0.120730 0.290101 0.592399
v 0.214526 0.385598 0.515426
v 0.120730 0.290101 0.592399
v 0.233070 0.288254 0.557437
v 0.110856 0.387557 0.546611
v 0.001535 0.387349 0.561420
v 0.001524 0.290118 0.607437
v 0.110856 0.387557 0.546611
v 0.001524 0.290118 0.607437
v 0.120730 0.290101 0.592399
v 0.120730 0.290101 0.592399
v 0.001524 0.290118 0.607437
v 0.001518 0.184818 0.630520
v 0.120730 0.290101 0.592399
v 0.001518 0.184818 0.630520
v 0.126651 0.185085 0.619331
v 0.233070 0.288254 0.557437
v 0.120730 0.290101 0.592399
v 0.126651 0.185085 0.619331
v 0.233070 0.288254 0.557437
v 0.126651 0.185085 0.619331
v 0.244660 0.183935 0.582866
v 0.399293 0.388579 0.400257
v 0.311622 0.385820 0.465959
v 0.337985 0.288144 0.502513
v 0.399293 0.388579 0.400257
v 0.337985 0.288144 0.502513
v 0.433040 0.290492 0.430911
v 0.311622 0.385820 0.465959
v 0.214526 0.385598 0.515426
v 0.233070 0.288254 0.557437
v 0.311622 0.385820 0.465959
v 0.233070 0.288254 0.557437
v 0.337985 0.288144 0.502513
v 0.337985 0.288144 0.502513
v 0.233070 0.288254 0.557437
v 0.244660 0.183935 0.582866
v 0.337985 0.288144 0.502513
v 0.244660 0.183935 0.582866
v 0.352185 0.182926 0.521232
v 0.433040 0.290492 0.430911
v 0.337985 0.288144 0.502513
v 0.352185 0.182926 0.521232
v 0.433040 0.290492 0.430911
v 0.352185 0.182926 0.521232
v 0.450625 0.184415 0.445661
v 0.541383 0.402151 0.230967
v 0.477722 0.394967 0.322513
v 0.519134 0.296239 0.347480
v 0.541383 0.402151 0.230967
v 0.519134 0.296239 0.347480
v 0.589392 0.302400 0.248991
v 0.477722 0.394967 0.322513
v 0.399293 0.388579 0.400257
v 0.433040 0.290492 0.430911
v 0.477722 0.394967 0.322513
v 0.433040 0.290492 0.430911
v 0.519134 0.296239 0.347480
v 0.519134 0.296239 0.347480
v 0.433040 0.290492 0.430911
v 0.450625 0.184415 0.445661
v 0.519134 0.296239 0.347480
v 0.450625 0.184415 0.445661
v 0.542048 0.188947 0.360358
v 0.589392 0.302400 0.248991
v 0.519134 0.296239 0.347480
v 0.542048 0.188947 0.360358
v 0.589392 0.302400 0.248991
v 0.542048 0.188947 0.360358
v 0.615958 0.193155 0.258345
v 0.275480 -0.854968 0.072146
v 0.349471 -0.769953 0.064391
v 0.341677 -0.764689 0.128500
v 0.275480 -0.854968 0.072146
v 0.341677 -0.764689 0.128500
v 0.270836 -0.851758 0.123391
v 0.349471 -0.769953 0.064391
v 0.414470 -0.677849 0.056868
v 0.405244 -0.672104 0.132664
v 0.349471 -0.769953 0.064391
v 0.405244 -0.672104 0.132664
v 0.341677 -0.764689 0.128500
v 0.341677 -0.764689 0.128500
v 0.405244 -0.672104 0.132664
v 0.378400 -0.666115 0.203764
v 0.341677 -0.764689 0.128500
v 0.378400 -0.666115 0.203764
v 0.320221 -0.759825 0.189208
v 0.270836 -0.851758 0.123391
v 0.341677 -0.764689 0.128500
v 0.320221 -0.759825 0.189208
v 0.270836 -0.851758 0.123391
v 0.320221 -0.759825 0.189208
v 0.255790 -0.849137 0.172875
v 0.251094 -0.861084 -0.028674
v 0.319563 -0.778897 -0.063360
v 0.342277 -0.774966 -0.000642
v 0.251094 -0.861084 -0.028674
v 0.342277 -0.774966 -0.000642
v 0.268784 -0.858032 0.020815
v 0.319563 -0.778897 -0.063360
v 0.377485 -0.687407 -0.093653
v 0.404868 -0.682905 -0.019835
v 0.319563 -0.778897 -0.063360
v 0.404868 -0.682905 -0.019835
v 0.342277 -0.774966 -0.000642
v 0.342277 -0.774966 -0.000642
v 0.404868 -0.682905 -0.019835
v 0.414470 -0.677849 0.056868
v 0.342277 -0.774966 -0.000642
v 0.414470 -0.677849 0.056868
v 0.349471 -0.769953 0.064391
v 0.268784 -0.858032 0.020815
v 0.342277 -0.774966 -0.000642
v 0.349471 -0.769953 0.064391
v 0.268784 -0.858032 0.020815
v 0.349471 -0.769953 0.064391
v 0.275480 -0.854968 0.072146
v 0.185931 -0.865680 -0.112764
v 0.235631 -0.784397 -0.169603
v 0.282661 -0.781677 -0.120346
v 0.185931 -0.865680 -0.112764
v 0.282661 -0.781677 -0.120346
v 0.222585 -0.863448 -0.073843
v 0.235631 -0.784397 -0.169603
v 0.278510 -0.694979 -0.219321
v 0.334982 -0.692117 -0.161678
v 0.235631 -0.784397 -0.169603
v 0.334982 -0.692117 -0.161678
v 0.282661 -0.781677 -0.120346
v 0.282661 -0.781677 -0.120346
v 0.334982 -0.692117 -0.161678
v 0.377485 -0.687407 -0.093653
v 0.282661 -0.781677 -0.120346
v 0.377485 -0.687407 -0.093653
v 0.319563 -0.778897 -0.063360
v 0.222585 -0.863448 -0.073843
v 0.282661 -0.781677 -0.120346
v 0.319563 -0.778897 -0.063360
v 0.222585 -0.863448 -0.073843
v 0.319563 -0.778897 -0.063360
v 0.251094 -0.861084 -0.028674
v 0.097840 -0.869407 -0.165854
v 0.123743 -0.789798 -0.238659
v 0.181718 -0.787224 -0.209406
v 0.097840 -0.869407 -0.165854
v 0.181718 -0.787224 -0.209406
v 0.143472 -0.867563 -0.143615
v 0.123743 -0.789798 -0.238659
v 0.145440 -0.700375 -0.300852
v 0.214194 -0.697765 -0.265913
v 0.123743 -0.789798 -0.238659
v 0.214194 -0.697765 -0.265913
v 0.181718 -0.787224 -0.209406
v 0.181718 -0.787224 -0.209406
v 0.214194 -0.697765 -0.265913
v 0.278510 -0.694979 -0.219321
v 0.181718 -0.787224 -0.209406
v 0.278510 -0.694979 -0.219321
v 0.235631 -0.784397 -0.169603
v 0.143472 -0.867563 -0.143615
v 0.181718 -0.787224 -0.209406
v 0.235631 -0.784397 -0.169603
v 0.143472 -0.867563 -0.143615
v 0.235631 -0.784397 -0.169603
v 0.185931 -0.865680 -0.112764
v 0.414470 -0.677849 0.056868
v 0.472974 -0.581591 0.049104
v 0.462762 -0.575624 0.135698
v 0.414470 -0.677849 0.056868
v 0.462762 -0.575624 0.135698
v 0.405244 -0.672104 0.132664
v 0.472974 -0.581591 0.049104
v 0.524349 -0.480933 0.041083
v 0.514700 -0.475521 0.137696
v 0.472974 -0.581591 0.049104
v 0.514700 -0.475521 0.137696
v 0.462762 -0.575624 0.135698
v 0.462762 -0.575624 0.135698
v 0.514700 -0.475521 0.137696
v 0.481641 -0.470213 0.228811
v 0.462762 -0.575624 0.135698
v 0.481641 -0.470213 0.228811
v 0.432102 -0.569610 0.216925
v 0.405244 -0.672104 0.132664
v 0.462762 -0.575624 0.135698
v 0.432102 -0.569610 0.216925
v 0.405244 -0.672104 0.132664
v 0.432102 -0.569610 0.216925
v 0.378400 -0.666115 0.203764
v 0.377485 -0.687407 -0.093653
v 0.427469 -0.590741 -0.121175
v 0.460311 -0.586401 -0.038072
v 0.377485 -0.687407 -0.093653
v 0.460311 -0.586401 -0.038072
v 0.404868 -0.682905 -0.019835
v 0.427469 -0.590741 -0.121175
v 0.470338 -0.489775 -0.146282
v 0.508922 -0.485748 -0.055420
v 0.427469 -0.590741 -0.121175
v 0.508922 -0.485748 -0.055420
v 0.460311 -0.586401 -0.038072
v 0.460311 -0.586401 -0.038072
v 0.508922 -0.485748 -0.055420
v 0.524349 -0.480933 0.041083
v 0.460311 -0.586401 -0.038072
v 0.524349 -0.480933 0.041083
v 0.472974 -0.581591 0.049104
v 0.404868 -0.682905 -0.019835
v 0.460311 -0.586401 -0.038072
v 0.472974 -0.581591 0.049104
v 0.404868 -0.682905 -0.019835
v 0.472974 -0.581591 0.049104
v 0.414470 -0.677849 0.056868
v 0.278510 -0.694979 -0.219321
v 0.313099 -0.598002 -0.260718
v 0.376604 -0.594350 -0.196010
v 0.278510 -0.694979 -0.219321
v 0.376604 -0.594350 -0.196010
v 0.334982 -0.692117 -0.161678
v 0.313099 -0.598002 -0.260718
v 0.344204 -0.498472 -0.299028
v 0.413890 -0.494017 -0.228064
v 0.313099 -0.598002 -0.260718
v 0.413890 -0.494017 -0.228064
v 0.376604 -0.594350 -0.196010
v 0.376604 -0.594350 -0.196010
v 0.413890 -0.494017 -0.228064
v 0.470338 -0.489775 -0.146282
v 0.376604 -0.594350 -0.196010
v 0.470338 -0.489775 -0.146282
v 0.427469 -0.590741 -0.121175
v 0.334982 -0.692117 -0.161678
v 0.376604 -0.594350 -0.196010
v 0.427469 -0.590741 -0.121175
v 0.334982 -0.692117 -0.161678
v 0.427469 -0.590741 -0.121175
v 0.377485 -0.687407 -0.093653
v 0.145440 -0.700375 -0.300852
v 0.164007 -0.604825 -0.354207
v 0.241102 -0.601621 -0.313722
v 0.145440 -0.700375 -0.300852
v 0.241102 -0.601621 -0.313722
v 0.214194 -0.697765 -0.265913
v 0.164007 -0.604825 -0.354207
v 0.181349 -0.506718 -0.403436
v 0.265290 -0.502623 -0.357383
v 0.164007 -0.604825 -0.354207
v 0.265290 -0.502623 -0.357383
v 0.241102 -0.601621 -0.313722
v 0.241102 -0.601621 -0.313722
v 0.265290 -0.502623 -0.357383
v 0.344204 -0.498472 -0.299028
v 0.241102 -0.601621 -0.313722
v 0.344204 -0.498472 -0.299028
v 0.313099 -0.598002 -0.260718
v 0.214194 -0.697765 -0.265913
v 0.241102 -0.601621 -0.313722
v 0.313099 -0.598002 -0.260718
v 0.214194 -0.697765 -0.265913
v 0.313099 -0.598002 -0.260718
v 0.278510 -0.694979 -0.219321
v 0.524349 -0.480933 0.041083
v 0.569710 -0.376531 0.033032
v 0.559908 -0.371280 0.138577
v 0.524349 -0.480933 0.041083
v 0.559908 -0.371280 0.138577
v 0.514700 -0.475521 0.137696
v 0.569710 -0.376531 0.033032
v 0.608829 -0.268379 0.025561
v 0.599314 -0.263505 0.139105
v 0.569710 -0.376531 0.033032
v 0.599314 -0.263505 0.139105
v 0.559908 -0.371280 0.138577
v 0.559908 -0.371280 0.138577
v 0.599314 -0.263505 0.139105
v 0.561354 -0.259451 0.246318
v 0.559908 -0.371280 0.138577
v 0.561354 -0.259451 0.246318
v 0.524862 -0.366755 0.238505
v 0.514700 -0.475521 0.137696
v 0.559908 -0.371280 0.138577
v 0.524862 -0.366755 0.238505
v 0.514700 -0.475521 0.137696
v 0.524862 -0.366755 0.238505
v 0.481641 -0.470213 0.228811
v 0.470338 -0.489775 -0.146282
v 0.508832 -0.385958 -0.170060
v 0.551616 -0.381413 -0.071860
v 0.470338 -0.489775 -0.146282
v 0.551616 -0.381413 -0.071860
v 0.508922 -0.485748 -0.055420
v 0.508832 -0.385958 -0.170060
v 0.543133 -0.279022 -0.191850
v 0.588954 -0.273601 -0.086842
v 0.508832 -0.385958 -0.170060
v 0.588954 -0.273601 -0.086842
v 0.551616 -0.381413 -0.071860
v 0.551616 -0.381413 -0.071860
v 0.588954 -0.273601 -0.086842
v 0.608829 -0.268379 0.025561
v 0.551616 -0.381413 -0.071860
v 0.608829 -0.268379 0.025561
v 0.569710 -0.376531 0.033032
v 0.508922 -0.485748 -0.055420
v 0.551616 -0.381413 -0.071860
v 0.569710 -0.376531 0.033032
v 0.508922 -0.485748 -0.055420
v 0.569710 -0.376531 0.033032
v 0.524349 -0.480933 0.041083
v 0.344204 -0.498472 -0.299028
v 0.372144 -0.396196 -0.334515
v 0.447362 -0.390942 -0.258079
v 0.344204 -0.498472 -0.299028
v 0.447362 -0.390942 -0.258079
v 0.413890 -0.494017 -0.228064
v 0.372144 -0.396196 -0.334515
v 0.399154 -0.292045 -0.368819
v 0.477486 -0.284991 -0.285645
v 0.372144 -0.396196 -0.334515
v 0.477486 -0.284991 -0.285645
v 0.447362 -0.390942 -0.258079
v 0.447362 -0.390942 -0.258079
v 0.477486 -0.284991 -0.285645
v 0.543133 -0.279022 -0.191850
v 0.447362 -0.390942 -0.258079
v 0.543133 -0.279022 -0.191850
v 0.508832 -0.385958 -0.170060
v 0.413890 -0.494017 -0.228064
v 0.447362 -0.390942 -0.258079
v 0.508832 -0.385958 -0.170060
v 0.413890 -0.494017 -0.228064
v 0.508832 -0.385958 -0.170060
v 0.470338 -0.489775 -0.146282
v 0.181349 -0.506718 -0.403436
v 0.198338 -0.407121 -0.451097
v 0.288095 -0.401684 -0.398967
v 0.181349 -0.506718 -0.403436
v 0.288095 -0.401684 -0.398967
v 0.265290 -0.502623 -0.357383
v 0.198338 -0.407121 -0.451097
v 0.214959 -0.305424 -0.496840
v 0.310331 -0.298788 -0.439057
v 0.198338 -0.407121 -0.451097
v 0.310331 -0.298788 -0.439057
v 0.288095 -0.401684 -0.398967
v 0.288095 -0.401684 -0.398967
v 0.310331 -0.298788 -0.439057
v 0.399154 -0.292045 -0.368819
v 0.288095 -0.401684 -0.398967
v 0.399154 -0.292045 -0.368819
v 0.372144 -0.396196 -0.334515
v 0.265290 -0.502623 -0.357383
v 0.288095 -0.401684 -0.398967
v 0.372144 -0.396196 -0.334515
v 0.265290 -0.502623 -0.357383
v 0.372144 -0.396196 -0.334515
v 0.344204 -0.498472 -0.299028
v 0.608829 -0.268379 0.025561
v 0.641666 -0.156705 0.019334
v 0.632233 -0.152187 0.139716
v 0.608829 -0.268379 0.025561
v 0.632233 -0.152187 0.139716
v 0.599314 -0.263505 0.139105
v 0.641666 -0.156705 0.019334
v 0.664056 -0.041854 0.014919
v 0.654415 -0.037712 0.140021
v 0.641666 -0.156705 0.019334
v 0.654415 -0.037712 0.140021
v 0.632233 -0.152187 0.139716
v 0.632233 -0.152187 0.139716
v 0.654415 -0.037712 0.140021
v 0.613826 -0.035747 0.258562
v 0.632233 -0.152187 0.139716
v 0.613826 -0.035747 0.258562
v 0.592781 -0.149146 0.253647
v 0.599314 -0.263505 0.139105
v 0.632233 -0.152187 0.139716
v 0.592781 -0.149146 0.253647
v 0.599314 -0.263505 0.139105
v 0.592781 -0.149146 0.253647
v 0.561354 -0.259451 0.246318
v 0.543133 -0.279022 -0.191850
v 0.574335 -0.169228 -0.211376
v 0.621394 -0.162519 -0.099749
v 0.543133 -0.279022 -0.191850
v 0.621394 -0.162519 -0.099749
v 0.588954 -0.273601 -0.086842
v 0.574335 -0.169228 -0.211376
v 0.596427 -0.055859 -0.225196
v 0.643710 -0.048046 -0.108786
v 0.574335 -0.169228 -0.211376
v 0.643710 -0.048046 -0.108786
v 0.621394 -0.162519 -0.099749
v 0.621394 -0.162519 -0.099749
v 0.643710 -0.048046 -0.108786
v 0.664056 -0.041854 0.014919
v 0.621394 -0.162519 -0.099749
v 0.664056 -0.041854 0.014919
v 0.641666 -0.156705 0.019334
v 0.588954 -0.273601 -0.086842
v 0.621394 -0.162519 -0.099749
v 0.641666 -0.156705 0.019334
v 0.588954 -0.273601 -0.086842
v 0.641666 -0.156705 0.019334
v 0.608829 -0.268379 0.025561
v 0.399154 -0.292045 -0.368819
v 0.423874 -0.184876 -0.399723
v 0.505335 -0.176450 -0.310731
v 0.399154 -0.292045 -0.368819
v 0.505335 -0.176450 -0.310731
v 0.477486 -0.284991 -0.285645
v 0.423874 -0.184876 -0.399723
v 0.440538 -0.073642 -0.420585
v 0.525523 -0.064477 -0.328756
v 0.423874 -0.184876 -0.399723
v 0.525523 -0.064477 -0.328756
v 0.505335 -0.176450 -0.310731
v 0.505335 -0.176450 -0.310731
v 0.525523 -0.064477 -0.328756
v 0.596427 -0.055859 -0.225196
v 0.505335 -0.176450 -0.310731
v 0.596427 -0.055859 -0.225196
v 0.574335 -0.169228 -0.211376
v 0.477486 -0.284991 -0.285645
v 0.505335 -0.176450 -0.310731
v 0.574335 -0.169228 -0.211376
v 0.477486 -0.284991 -0.285645
v 0.574335 -0.169228 -0.211376
v 0.543133 -0.279022 -0.191850
v 0.214959 -0.305424 -0.496840
v 0.229779 -0.199982 -0.537283
v 0.330742 -0.192709 -0.475182
v 0.214959 -0.305424 -0.496840
v 0.330742 -0.192709 -0.475182
v 0.310331 -0.298788 -0.439057
v 0.229779 -0.199982 -0.537283
v 0.239076 -0.089525 -0.563923
v 0.343798 -0.082026 -0.498701
v 0.229779 -0.199982 -0.537283
v 0.343798 -0.082026 -0.498701
v 0.330742 -0.192709 -0.475182
v 0.330742 -0.192709 -0.475182
v 0.343798 -0.082026 -0.498701
v 0.440538 -0.073642 -0.420585
v 0.330742 -0.192709 -0.475182
v 0.440538 -0.073642 -0.420585
v 0.423874 -0.184876 -0.399723
v 0.310331 -0.298788 -0.439057
v 0.330742 -0.192709 -0.475182
v 0.423874 -0.184876 -0.399723
v 0.310331 -0.298788 -0.439057
v 0.423874 -0.184876 -0.399723
v 0.399154 -0.292045 -0.368819
v 0.664056 -0.041854 0.014919
v 0.672449 0.074577 0.012633
v 0.663261 0.078307 0.139809
v 0.664056 -0.041854 0.014919
v 0.663261 0.078307 0.139809
v 0.654415 -0.037712 0.140021
v 0.672449 0.074577 0.012633
v 0.664439 0.189465 0.011934
v 0.655984 0.193143 0.138118
v 0.672449 0.074577 0.012633
v 0.655984 0.193143 0.138118
v 0.663261 0.078307 0.139809
v 0.663261 0.078307 0.139809
v 0.655984 0.193143 0.138118
v 0.615958 0.193155 0.258345
v 0.663261 0.078307 0.139809
v 0.615958 0.193155 0.258345
v 0.622354 0.079168 0.260556
v 0.654415 -0.037712 0.140021
v 0.663261 0.078307 0.139809
v 0.622354 0.079168 0.260556
v 0.654415 -0.037712 0.140021
v 0.622354 0.079168 0.260556
v 0.613826 -0.035747 0.258562
v 0.596427 -0.055859 -0.225196
v 0.605538 0.059466 -0.231316
v 0.651961 0.068130 -0.112816
v 0.596427 -0.055859 -0.225196
v 0.651961 0.068130 -0.112816
v 0.643710 -0.048046 -0.108786
v 0.605538 0.059466 -0.231316
v 0.601809 0.173529 -0.230773
v 0.645219 0.182696 -0.112416
v 0.605538 0.059466 -0.231316
v 0.645219 0.182696 -0.112416
v 0.651961 0.068130 -0.112816
v 0.651961 0.068130 -0.112816
v 0.645219 0.182696 -0.112416
v 0.664439 0.189465 0.011934
v 0.651961 0.068130 -0.112816
v 0.664439 0.189465 0.011934
v 0.672449 0.074577 0.012633
v 0.643710 -0.048046 -0.108786
v 0.651961 0.068130 -0.112816
v 0.672449 0.074577 0.012633
v 0.643710 -0.048046 -0.108786
v 0.672449 0.074577 0.012633
v 0.664056 -0.041854 0.014919
v 0.440538 -0.073642 -0.420585
v 0.449623 0.039182 -0.431517
v 0.535474 0.049375 -0.337636
v 0.440538 -0.073642 -0.420585
v 0.535474 0.049375 -0.337636
v 0.525523 -0.064477 -0.328756
v 0.449623 0.039182 -0.431517
v 0.450338 0.151467 -0.432517
v 0.534573 0.162403 -0.337874
v 0.449623 0.039182 -0.431517
v 0.534573 0.162403 -0.337874
v 0.535474 0.049375 -0.337636
v 0.535474 0.049375 -0.337636
v 0.534573 0.162403 -0.337874
v 0.601809 0.173529 -0.230773
v 0.535474 0.049375 -0.337636
v 0.601809 0.173529 -0.230773
v 0.605538 0.059466 -0.231316
v 0.525523 -0.064477 -0.328756
v 0.535474 0.049375 -0.337636
v 0.605538 0.059466 -0.231316
v 0.525523 -0.064477 -0.328756
v 0.605538 0.059466 -0.231316
v 0.596427 -0.055859 -0.225196
v 0.239076 -0.089525 -0.563923
v 0.243617 0.023225 -0.576810
v 0.350814 0.030273 -0.510693
v 0.239076 -0.089525 -0.563923
v 0.350814 0.030273 -0.510693
v 0.343798 -0.082026 -0.498701
v 0.243617 0.023225 -0.576810
v 0.242883 0.135690 -0.574414
v 0.351401 0.142102 -0.511063
v 0.243617 0.023225 -0.576810
v 0.351401 0.142102 -0.511063
v 0.350814 0.030273 -0.510693
v 0.350814 0.030273 -0.510693
v 0.351401 0.142102 -0.511063
v 0.450338 0.151467 -0.432517
v 0.350814 0.030273 -0.510693
v 0.450338 0.151467 -0.432517
v 0.449623 0.039182 -0.431517
v 0.343798 -0.082026 -0.498701
v 0.350814 0.030273 -0.510693
v 0.449623 0.039182 -0.431517
v 0.343798 -0.082026 -0.498701
v 0.449623 0.039182 -0.431517
v 0.440538 -0.073642 -0.420585
v 0.001718 -0.870536 -0.187492
v 0.001738 -0.790802 -0.267537
v 0.064448 -0.791489 -0.257132
v 0.001718 -0.870536 -0.187492
v 0.064448 -0.791489 -0.257132
v 0.051323 -0.870981 -0.179676
v 0.001738 -0.790802 -0.267537
v 0.001755 -0.700622 -0.336772
v 0.075124 -0.702084 -0.323923
v 0.001738 -0.790802 -0.267537
v 0.075124 -0.702084 -0.323923
v 0.064448 -0.791489 -0.257132
v 0.064448 -0.791489 -0.257132
v 0.075124 -0.702084 -0.323923
v 0.145440 -0.700375 -0.300852
v 0.064448 -0.791489 -0.257132
v 0.145440 -0.700375 -0.300852
v 0.123743 -0.789798 -0.238659
v 0.051323 -0.870981 -0.179676
v 0.064448 -0.791489 -0.257132
v 0.123743 -0.789798 -0.238659
v 0.051323 -0.870981 -0.179676
v 0.123743 -0.789798 -0.238659
v 0.097840 -0.869407 -0.165854
v 0.001755 -0.700622 -0.336772
v 0.001770 -0.605352 -0.398246
v 0.084689 -0.606893 -0.382020
v 0.001755 -0.700622 -0.336772
v 0.084689 -0.606893 -0.382020
v 0.075124 -0.702084 -0.323923
v 0.001770 -0.605352 -0.398246
v 0.001784 -0.508459 -0.456468
v 0.094377 -0.509588 -0.436383
v 0.001770 -0.605352 -0.398246
v 0.094377 -0.509588 -0.436383
v 0.084689 -0.606893 -0.382020
v 0.084689 -0.606893 -0.382020
v 0.094377 -0.509588 -0.436383
v 0.181349 -0.506718 -0.403436
v 0.084689 -0.606893 -0.382020
v 0.181349 -0.506718 -0.403436
v 0.164007 -0.604825 -0.354207
v 0.075124 -0.702084 -0.323923
v 0.084689 -0.606893 -0.382020
v 0.164007 -0.604825 -0.354207
v 0.075124 -0.702084 -0.323923
v 0.164007 -0.604825 -0.354207
v 0.145440 -0.700375 -0.300852
v 0.001784 -0.508459 -0.456468
v 0.001798 -0.411108 -0.513597
v 0.104408 -0.411254 -0.489549
v 0.001784 -0.508459 -0.456468
v 0.104408 -0.411254 -0.489549
v 0.094377 -0.509588 -0.436383
v 0.001798 -0.411108 -0.513597
v 0.001811 -0.311271 -0.566081
v 0.114288 -0.310742 -0.540200
v 0.001798 -0.411108 -0.513597
v 0.114288 -0.310742 -0.540200
v 0.104408 -0.411254 -0.489549
v 0.104408 -0.411254 -0.489549
v 0.114288 -0.310742 -0.540200
v 0.214959 -0.305424 -0.496840
v 0.104408 -0.411254 -0.489549
v 0.214959 -0.305424 -0.496840
v 0.198338 -0.407121 -0.451097
v 0.094377 -0.509588 -0.436383
v 0.104408 -0.411254 -0.489549
v 0.198338 -0.407121 -0.451097
v 0.094377 -0.509588 -0.436383
v 0.198338 -0.407121 -0.451097
v 0.181349 -0.506718 -0.403436
v 0.001811 -0.311271 -0.566081
v 0.001822 -0.206841 -0.608899
v 0.121980 -0.205307 -0.582264
v 0.001811 -0.311271 -0.566081
v 0.121980 -0.205307 -0.582264
v 0.114288 -0.310742 -0.540200
v 0.001822 -0.206841 -0.608899
v 0.001828 -0.097645 -0.637230
v 0.127005 -0.095223 -0.612305
v 0.001822 -0.206841 -0.608899
v 0.127005 -0.095223 -0.612305
v 0.121980 -0.205307 -0.582264
v 0.121980 -0.205307 -0.582264
v 0.127005 -0.095223 -0.612305
v 0.239076 -0.089525 -0.563923
v 0.121980 -0.205307 -0.582264
v 0.239076 -0.089525 -0.563923
v 0.229779 -0.199982 -0.537283
v 0.114288 -0.310742 -0.540200
v 0.121980 -0.205307 -0.582264
v 0.229779 -0.199982 -0.537283
v 0.114288 -0.310742 -0.540200
v 0.229779 -0.199982 -0.537283
v 0.214959 -0.305424 -0.496840
v 0.001828 -0.097645 -0.637230
v 0.001831 0.014925 -0.647324
v 0.128311 0.018439 -0.624557
v 0.001828 -0.097645 -0.637230
v 0.128311 0.018439 -0.624557
v 0.127005 -0.095223 -0.612305
v 0.001831 0.014925 -0.647324
v 0.001829 0.127590 -0.639867
v 0.127074 0.132147 -0.619799
v 0.001831 0.014925 -0.647324
v 0.127074 0.132147 -0.619799
v 0.128311 0.018439 -0.624557
v 0.128311 0.018439 -0.624557
v 0.127074 0.132147 -0.619799
v 0.242883 0.135690 -0.574414
v 0.128311 0.018439 -0.624557
v 0.242883 0.135690 -0.574414
v 0.243617 0.023225 -0.576810
v 0.127005 -0.095223 -0.612305
v 0.128311 0.018439 -0.624557
v 0.243617 0.023225 -0.576810
v 0.127005 -0.095223 -0.612305
v 0.243617 0.023225 -0.576810
v 0.239076 -0.089525 -0.563923
v 0.594778 0.404630 0.012328
v 0.580968 0.405558 0.125233
v 0.629730 0.303709 0.133777
v 0.594778 0.404630 0.012328
v 0.629730 0.303709 0.133777
v 0.639849 0.300447 0.012056
v 0.580968 0.405558 0.125233
v 0.541383 0.402151 0.230967
v 0.589392 0.302400 0.248991
v 0.580968 0.405558 0.125233
v 0.589392 0.302400 0.248991
v 0.629730 0.303709 0.133777
v 0.629730 0.303709 0.133777
v 0.589392 0.302400 0.248991
v 0.615958 0.193155 0.258345
v 0.629730 0.303709 0.133777
v 0.615958 0.193155 0.258345
v 0.655984 0.193143 0.138118
v 0.639849 0.300447 0.012056
v 0.629730 0.303709 0.133777
v 0.655984 0.193143 0.138118
v 0.639849 0.300447 0.012056
v 0.655984 0.193143 0.138118
v 0.664439 0.189465 0.011934
v 0.545959 0.389561 -0.209383
v 0.582548 0.398986 -0.101065
v 0.623928 0.293886 -0.108680
v 0.545959 0.389561 -0.209383
v 0.623928 0.293886 -0.108680
v 0.582765 0.284201 -0.223518
v 0.582548 0.398986 -0.101065
v 0.594778 0.404630 0.012328
v 0.639849 0.300447 0.012056
v 0.582548 0.398986 -0.101065
v 0.639849 0.300447 0.012056
v 0.623928 0.293886 -0.108680
v 0.623928 0.293886 -0.108680
v 0.639849 0.300447 0.012056
v 0.664439 0.189465 0.011934
v 0.623928 0.293886 -0.108680
v 0.664439 0.189465 0.011934
v 0.645219 0.182696 -0.112416
v 0.582765 0.284201 -0.223518
v 0.623928 0.293886 -0.108680
v 0.645219 0.182696 -0.112416
v 0.582765 0.284201 -0.223518
v 0.645219 0.182696 -0.112416
v 0.601809 0.173529 -0.230773
v 0.409713 0.364412 -0.391417
v 0.487786 0.377869 -0.308069
v 0.520931 0.273214 -0.329362
v 0.409713 0.364412 -0.391417
v 0.520931 0.273214 -0.329362
v 0.439357 0.261762 -0.421336
v 0.487786 0.377869 -0.308069
v 0.545959 0.389561 -0.209383
v 0.582765 0.284201 -0.223518
v 0.487786 0.377869 -0.308069
v 0.582765 0.284201 -0.223518
v 0.520931 0.273214 -0.329362
v 0.520931 0.273214 -0.329362
v 0.582765 0.284201 -0.223518
v 0.601809 0.173529 -0.230773
v 0.520931 0.273214 -0.329362
v 0.601809 0.173529 -0.230773
v 0.534573 0.162403 -0.337874
v 0.439357 0.261762 -0.421336
v 0.520931 0.273214 -0.329362
v 0.534573 0.162403 -0.337874
v 0.439357 0.261762 -0.421336
v 0.534573 0.162403 -0.337874
v 0.450338 0.151467 -0.432517
v 0.219281 0.347220 -0.512133
v 0.319447 0.354051 -0.460314
v 0.342622 0.251883 -0.496499
v 0.219281 0.347220 -0.512133
v 0.342622 0.251883 -0.496499
v 0.234959 0.244771 -0.552791
v 0.319447 0.354051 -0.460314
v 0.409713 0.364412 -0.391417
v 0.439357 0.261762 -0.421336
v 0.319447 0.354051 -0.460314
v 0.439357 0.261762 -0.421336
v 0.342622 0.251883 -0.496499
v 0.342622 0.251883 -0.496499
v 0.439357 0.261762 -0.421336
v 0.450338 0.151467 -0.432517
v 0.342622 0.251883 -0.496499
v 0.450338 0.151467 -0.432517
v 0.351401 0.142102 -0.511063
v 0.234959 0.244771 -0.552791
v 0.342622 0.251883 -0.496499
v 0.351401 0.142102 -0.511063
v 0.234959 0.244771 -0.552791
v 0.351401 0.142102 -0.511063
v 0.242883 0.135690 -0.574414
v 0.001811 0.338884 -0.564010
v 0.113027 0.343736 -0.545779
v 0.122090 0.241897 -0.592998
v 0.001811 0.338884 -0.564010
v 0.122090 0.241897 -0.592998
v 0.001823 0.237307 -0.613197
v 0.113027 0.343736 -0.545779
v 0.219281 0.347220 -0.512133
v 0.234959 0.244771 -0.552791
v 0.113027 0.343736 -0.545779
v 0.234959 0.244771 -0.552791
v 0.122090 0.241897 -0.592998
v 0.122090 0.241897 -0.592998
v 0.234959 0.244771 -0.552791
v 0.242883 0.135690 -0.574414
v 0.122090 0.241897 -0.592998
v 0.242883 0.135690 -0.574414
v 0.127074 0.132147 -0.619799
v 0.001823 0.237307 -0.613197
v 0.122090 0.241897 -0.592998
v 0.127074 0.132147 -0.619799
v 0.001823 0.237307 -0.613197
v 0.127074 0.132147 -0.619799
v 0.001829 0.127590 -0.639867
v 0.292401 0.545531 0.296309
v 0.348237 0.551409 0.238271
v 0.268770 0.599773 0.181816
v 0.292401 0.545531 0.296309
v 0.268770 0.599773 0.181816
v 0.224796 0.594158 0.226427
v 0.348237 0.551409 0.238271
v 0.393424 0.559164 0.170445
v 0.305070 0.607202 0.131253
v 0.348237 0.551409 0.238271
v 0.305070 0.607202 0.131253
v 0.268770 0.599773 0.181816
v 0.268770 0.599773 0.181816
v 0.305070 0.607202 0.131253
v 0.240878 0.628003 0.101988
v 0.268770 0.599773 0.181816
v 0.240878 0.628003 0.101988
v 0.199509 0.628125 0.122965
v 0.224796 0.594158 0.226427
v 0.268770 0.599773 0.181816
v 0.199509 0.628125 0.122965
v 0.224796 0.594158 0.226427
v 0.199509 0.628125 0.122965
v 0.157423 0.624491 0.156339
v 0.163591 0.514768 -0.377256
v 0.083327 0.512022 -0.401533
v 0.065809 0.569723 -0.310911
v 0.163591 0.514768 -0.377256
v 0.065809 0.569723 -0.310911
v 0.128015 0.570734 -0.294674
v 0.083327 0.512022 -0.401533
v 0.001775 0.508984 -0.417129
v 0.001751 0.568928 -0.321815
v 0.083327 0.512022 -0.401533
v 0.001751 0.568928 -0.321815
v 0.065809 0.569723 -0.310911
v 0.065809 0.569723 -0.310911
v 0.001751 0.568928 -0.321815
v 0.001726 0.613908 -0.219207
v 0.065809 0.569723 -0.310911
v 0.001726 0.613908 -0.219207
v 0.056794 0.608739 -0.224514
v 0.128015 0.570734 -0.294674
v 0.065809 0.569723 -0.310911
v 0.056794 0.608739 -0.224514
v 0.128015 0.570734 -0.294674
v 0.056794 0.608739 -0.224514
v 0.101971 0.600635 -0.234993
v 0.403832 0.555775 -0.155642
v 0.360945 0.543556 -0.228103
v 0.278134 0.595502 -0.176515
v 0.403832 0.555775 -0.155642
v 0.278134 0.595502 -0.176515
v 0.313070 0.606182 -0.122694
v 0.360945 0.543556 -0.228103
v 0.304698 0.530976 -0.289797
v 0.234145 0.585694 -0.223987
v 0.360945 0.543556 -0.228103
v 0.234145 0.585694 -0.223987
v 0.278134 0.595502 -0.176515
v 0.278134 0.595502 -0.176515
v 0.234145 0.585694 -0.223987
v 0.162518 0.620211 -0.157190
v 0.278134 0.595502 -0.176515
v 0.162518 0.620211 -0.157190
v 0.204646 0.626083 -0.121763
v 0.313070 0.606182 -0.122694
v 0.278134 0.595502 -0.176515
v 0.204646 0.626083 -0.121763
v 0.313070 0.606182 -0.122694
v 0.204646 0.626083 -0.121763
v 0.246010 0.627136 -0.097943
v 0.393424 0.559164 0.170445
v 0.424026 0.565980 0.093274
v 0.326035 0.616135 0.071431
v 0.393424 0.559164 0.170445
v 0.326035 0.616135 0.071431
v 0.305070 0.607202 0.131253
v 0.424026 0.565980 0.093274
v 0.437064 0.568912 0.009905
v 0.334650 0.620187 0.006061
v 0.424026 0.565980 0.093274
v 0.334650 0.620187 0.006061
v 0.326035 0.616135 0.071431
v 0.326035 0.616135 0.071431
v 0.334650 0.620187 0.006061
v 0.229182 0.641051 0.002102
v 0.326035 0.616135 0.071431
v 0.229182 0.641051 0.002102
v 0.231125 0.637094 0.057118
v 0.305070 0.607202 0.131253
v 0.326035 0.616135 0.071431
v 0.231125 0.637094 0.057118
v 0.305070 0.607202 0.131253
v 0.231125 0.637094 0.057118
v 0.240878 0.628003 0.101988
v 0.304698 0.530976 -0.289797
v 0.238220 0.520994 -0.339861
v 0.183702 0.577074 -0.264156
v 0.304698 0.530976 -0.289797
v 0.183702 0.577074 -0.264156
v 0.234145 0.585694 -0.223987
v 0.238220 0.520994 -0.339861
v 0.163591 0.514768 -0.377256
v 0.128015 0.570734 -0.294674
v 0.238220 0.520994 -0.339861
v 0.128015 0.570734 -0.294674
v 0.183702 0.577074 -0.264156
v 0.183702 0.577074 -0.264156
v 0.128015 0.570734 -0.294674
v 0.101971 0.600635 -0.234993
v 0.183702 0.577074 -0.264156
v 0.101971 0.600635 -0.234993
v 0.125983 0.611798 -0.197115
v 0.234145 0.585694 -0.223987
v 0.183702 0.577074 -0.264156
v 0.125983 0.611798 -0.197115
v 0.234145 0.585694 -0.223987
v 0.125983 0.611798 -0.197115
v 0.162518 0.620211 -0.157190
v 0.156099 0.538895 0.377366
v 0.227762 0.540944 0.342990
v 0.175741 0.590084 0.264568
v 0.156099 0.538895 0.377366
v 0.175741 0.590084 0.264568
v 0.122149 0.587181 0.293392
v 0.227762 0.540944 0.342990
v 0.292401 0.545531 0.296309
v 0.224796 0.594158 0.226427
v 0.227762 0.540944 0.342990
v 0.224796 0.594158 0.226427
v 0.175741 0.590084 0.264568
v 0.175741 0.590084 0.264568
v 0.224796 0.594158 0.226427
v 0.157423 0.624491 0.156339
v 0.175741 0.590084 0.264568
v 0.157423 0.624491 0.156339
v 0.121439 0.619548 0.195255
v 0.122149 0.587181 0.293392
v 0.175741 0.590084 0.264568
v 0.121439 0.619548 0.195255
v 0.122149 0.587181 0.293392
v 0.121439 0.619548 0.195255
v 0.097817 0.611725 0.232714
v 0.437064 0.568912 0.009905
v 0.430049 0.565076 -0.074873
v 0.330523 0.616071 -0.060282
v 0.437064 0.568912 0.009905
v 0.330523 0.616071 -0.060282
v 0.334650 0.620187 0.006061
v 0.430049 0.565076 -0.074873
v 0.403832 0.555775 -0.155642
v 0.313070 0.606182 -0.122694
v 0.430049 0.565076 -0.074873
v 0.313070 0.606182 -0.122694
v 0.330523 0.616071 -0.060282
v 0.330523 0.616071 -0.060282
v 0.313070 0.606182 -0.122694
v 0.246010 0.627136 -0.097943
v 0.330523 0.616071 -0.060282
v 0.246010 0.627136 -0.097943
v 0.233899 0.637039 -0.053175
v 0.334650 0.620187 0.006061
v 0.330523 0.616071 -0.060282
v 0.233899 0.637039 -0.053175
v 0.334650 0.620187 0.006061
v 0.233899 0.637039 -0.053175
v 0.229182 0.641051 0.002102
v 0.001571 0.544558 0.416473
v 0.079387 0.539328 0.399060
v 0.062689 0.588903 0.308484
v 0.001571 0.544558 0.416473
v 0.062689 0.588903 0.308484
v 0.001594 0.594440 0.320460
v 0.079387 0.539328 0.399060
v 0.156099 0.538895 0.377366
v 0.122149 0.587181 0.293392
v 0.079387 0.539328 0.399060
v 0.122149 0.587181 0.293392
v 0.062689 0.588903 0.308484
v 0.062689 0.588903 0.308484
v 0.122149 0.587181 0.293392
v 0.097817 0.611725 0.232714
v 0.062689 0.588903 0.308484
v 0.097817 0.611725 0.232714
v 0.054271 0.618695 0.221177
v 0.001594 0.594440 0.320460
v 0.062689 0.588903 0.308484
v 0.054271 0.618695 0.221177
v 0.001594 0.594440 0.320460
v 0.054271 0.618695 0.221177
v 0.001620 0.623439 0.214978
v 0.097840 -0.869407 -0.165854
v 0.143472 -0.867563 -0.143615
v 0.100389 -0.932622 -0.071022
v 0.097840 -0.869407 -0.165854
v 0.100389 -0.932622 -0.071022
v 0.069221 -0.932606 -0.087681
v 0.143472 -0.867563 -0.143615
v 0.185931 -0.865680 -0.112764
v 0.129670 -0.932006 -0.049040
v 0.143472 -0.867563 -0.143615
v 0.129670 -0.932006 -0.049040
v 0.100389 -0.932622 -0.071022
v 0.100389 -0.932622 -0.071022
v 0.129670 -0.932006 -0.049040
v 0.077570 -0.974666 0.009420
v 0.100389 -0.932622 -0.071022
v 0.077570 -0.974666 0.009420
v 0.059189 -0.972150 -0.009282
v 0.069221 -0.932606 -0.087681
v 0.100389 -0.932622 -0.071022
v 0.059189 -0.972150 -0.009282
v 0.069221 -0.932606 -0.087681
v 0.059189 -0.972150 -0.009282
v 0.048610 -0.964191 -0.033049
v 0.195701 -0.843559 0.257824
v 0.154649 -0.841198 0.290552
v 0.111462 -0.919528 0.238643
v 0.195701 -0.843559 0.257824
v 0.111462 -0.919528 0.238643
v 0.140330 -0.922064 0.214674
v 0.154649 -0.841198 0.290552
v 0.108038 -0.839842 0.315311
v 0.079261 -0.917062 0.257461
v 0.154649 -0.841198 0.290552
v 0.079261 -0.917062 0.257461
v 0.111462 -0.919528 0.238643
v 0.111462 -0.919528 0.238643
v 0.079261 -0.917062 0.257461
v 0.057463 -0.957732 0.213128
v 0.111462 -0.919528 0.238643
v 0.057463 -0.957732 0.213128
v 0.067886 -0.969117 0.189922
v 0.140330 -0.922064 0.214674
v 0.111462 -0.919528 0.238643
v 0.067886 -0.969117 0.189922
v 0.140330 -0.922064 0.214674
v 0.067886 -0.969117 0.189922
v 0.085784 -0.973607 0.169659
v 0.251094 -0.861084 -0.028674
v 0.268784 -0.858032 0.020815
v 0.189316 -0.928682 0.043350
v 0.251094 -0.861084 -0.028674
v 0.189316 -0.928682 0.043350
v 0.177599 -0.928013 0.008105
v 0.268784 -0.858032 0.020815
v 0.275480 -0.854968 0.072146
v 0.194393 -0.928448 0.080222
v 0.268784 -0.858032 0.020815
v 0.194393 -0.928448 0.080222
v 0.189316 -0.928682 0.043350
v 0.189316 -0.928682 0.043350
v 0.194393 -0.928448 0.080222
v 0.116659 -0.974957 0.086858
v 0.189316 -0.928682 0.043350
v 0.116659 -0.974957 0.086858
v 0.117514 -0.972627 0.059350
v 0.177599 -0.928013 0.008105
v 0.189316 -0.928682 0.043350
v 0.117514 -0.972627 0.059350
v 0.177599 -0.928013 0.008105
v 0.117514 -0.972627 0.059350
v 0.126253 -0.963345 0.033572
v 0.255790 -0.849137 0.172875
v 0.230375 -0.846626 0.218471
v 0.165589 -0.923821 0.186474
v 0.255790 -0.849137 0.172875
v 0.165589 -0.923821 0.186474
v 0.185064 -0.924327 0.153931
v 0.230375 -0.846626 0.218471
v 0.195701 -0.843559 0.257824
v 0.140330 -0.922064 0.214674
v 0.230375 -0.846626 0.218471
v 0.140330 -0.922064 0.214674
v 0.165589 -0.923821 0.186474
v 0.165589 -0.923821 0.186474
v 0.140330 -0.922064 0.214674
v 0.085784 -0.973607 0.169659
v 0.165589 -0.923821 0.186474
v 0.085784 -0.973607 0.169659
v 0.106962 -0.971787 0.151077
v 0.185064 -0.924327 0.153931
v 0.165589 -0.923821 0.186474
v 0.106962 -0.971787 0.151077
v 0.185064 -0.924327 0.153931
v 0.106962 -0.971787 0.151077
v 0.132482 -0.962639 0.138536
v 0.108038 -0.839842 0.315311
v 0.057443 -0.839741 0.331514
v 0.042814 -0.918118 0.266857
v 0.108038 -0.839842 0.315311
v 0.042814 -0.918118 0.266857
v 0.079261 -0.917062 0.257461
v 0.057443 -0.839741 0.331514
v 0.001589 -0.838362 0.340276
v 0.001606 -0.917827 0.272541
v 0.057443 -0.839741 0.331514
v 0.001606 -0.917827 0.272541
v 0.042814 -0.918118 0.266857
v 0.042814 -0.918118 0.266857
v 0.001606 -0.917827 0.272541
v 0.001623 -0.970205 0.200368
v 0.042814 -0.918118 0.266857
v 0.001623 -0.970205 0.200368
v 0.031330 -0.967221 0.203551
v 0.079261 -0.917062 0.257461
v 0.042814 -0.918118 0.266857
v 0.031330 -0.967221 0.203551
v 0.079261 -0.917062 0.257461
v 0.031330 -0.967221 0.203551
v 0.057463 -0.957732 0.213128
v 0.275480 -0.854968 0.072146
v 0.270836 -0.851758 0.123391
v 0.193107 -0.926806 0.117454
v 0.275480 -0.854968 0.072146
v 0.193107 -0.926806 0.117454
v 0.194393 -0.928448 0.080222
v 0.270836 -0.851758 0.123391
v 0.255790 -0.849137 0.172875
v 0.185064 -0.924327 0.153931
v 0.270836 -0.851758 0.123391
v 0.185064 -0.924327 0.153931
v 0.193107 -0.926806 0.117454
v 0.193107 -0.926806 0.117454
v 0.185064 -0.924327 0.153931
v 0.132482 -0.962639 0.138536
v 0.193107 -0.926806 0.117454
v 0.132482 -0.962639 0.138536
v 0.120558 -0.972203 0.114125
v 0.194393 -0.928448 0.080222
v 0.193107 -0.926806 0.117454
v 0.120558 -0.972203 0.114125
v 0.194393 -0.928448 0.080222
v 0.120558 -0.972203 0.114125
v 0.116659 -0.974957 0.086858
v 0.185931 -0.865680 -0.112764
v 0.222585 -0.863448 -0.073843
v 0.156021 -0.930344 -0.022444
v 0.185931 -0.865680 -0.112764
v 0.156021 -0.930344 -0.022444
v 0.129670 -0.932006 -0.049040
v 0.222585 -0.863448 -0.073843
v 0.251094 -0.861084 -0.028674
v 0.177599 -0.928013 0.008105
v 0.222585 -0.863448 -0.073843
v 0.177599 -0.928013 0.008105
v 0.156021 -0.930344 -0.022444
v 0.156021 -0.930344 -0.022444
v 0.177599 -0.928013 0.008105
v 0.126253 -0.963345 0.033572
v 0.156021 -0.930344 -0.022444
v 0.126253 -0.963345 0.033572
v 0.100160 -0.972851 0.024879
v 0.129670 -0.932006 -0.049040
v 0.156021 -0.930344 -0.022444
v 0.100160 -0.972851 0.024879
v 0.129670 -0.932006 -0.049040
v 0.100160 -0.972851 0.024879
v 0.077570 -0.974666 0.009420
v 0.001718 -0.870536 -0.187492
v 0.051323 -0.870981 -0.179676
v 0.035801 -0.934893 -0.094954
v 0.001718 -0.870536 -0.187492
v 0.035801 -0.934893 -0.094954
v 0.001697 -0.935341 -0.099135
v 0.051323 -0.870981 -0.179676
v 0.097840 -0.869407 -0.165854
v 0.069221 -0.932606 -0.087681
v 0.051323 -0.870981 -0.179676
v 0.069221 -0.932606 -0.087681
v 0.035801 -0.934893 -0.094954
v 0.035801 -0.934893 -0.094954
v 0.069221 -0.932606 -0.087681
v 0.048610 -0.964191 -0.033049
v 0.035801 -0.934893 -0.094954
v 0.048610 -0.964191 -0.033049
v 0.024552 -0.972451 -0.020485
v 0.001697 -0.935341 -0.099135
v 0.035801 -0.934893 -0.094954
v 0.024552 -0.972451 -0.020485
v 0.001697 -0.935341 -0.099135
v 0.024552 -0.972451 -0.020485
v 0.001676 -0.975665 -0.015360
v 0.001623 -0.970205 0.200368
v 0.001638 -0.993326 0.141178
v 0.031576 -0.986996 0.159102
v 0.001623 -0.970205 0.200368
v 0.031576 -0.986996 0.159102
v 0.031330 -0.967221 0.203551
v 0.001638 -0.993326 0.141178
v 0.001649 -1.000000 0.093979
v 0.043996 -0.993688 0.132962
v 0.001638 -0.993326 0.141178
v 0.043996 -0.993688 0.132962
v 0.031576 -0.986996 0.159102
v 0.031576 -0.986996 0.159102
v 0.043996 -0.993688 0.132962
v 0.085784 -0.973607 0.169659
v 0.031576 -0.986996 0.159102
v 0.085784 -0.973607 0.169659
v 0.067886 -0.969117 0.189922
v 0.031330 -0.967221 0.203551
v 0.031576 -0.986996 0.159102
v 0.067886 -0.969117 0.189922
v 0.031330 -0.967221 0.203551
v 0.067886 -0.969117 0.189922
v 0.057463 -0.957732 0.213128
v 0.101971 0.600635 -0.234993
v 0.056794 0.608739 -0.224514
v 0.065515 0.630664 -0.150270
v 0.101971 0.600635 -0.234993
v 0.065515 0.630664 -0.150270
v 0.125983 0.611798 -0.197115
v 0.056794 0.608739 -0.224514
v 0.001726 0.613908 -0.219207
v 0.001700 0.641379 -0.111650
v 0.056794 0.608739 -0.224514
v 0.001700 0.641379 -0.111650
v 0.065515 0.630664 -0.150270
v 0.065515 0.630664 -0.150270
v 0.001700 0.641379 -0.111650
v 0.001673 0.650827 -0.001983
v 0.065515 0.630664 -0.150270
v 0.001673 0.650827 -0.001983
v 0.095180 0.639816 -0.092905
v 0.125983 0.611798 -0.197115
v 0.065515 0.630664 -0.150270
v 0.095180 0.639816 -0.092905
v 0.125983 0.611798 -0.197115
v 0.095180 0.639816 -0.092905
v 0.162518 0.620211 -0.157190
v 0.229182 0.641051 0.002102
v 0.233899 0.637039 -0.053175
v 0.155519 0.641022 -0.063179
v 0.229182 0.641051 0.002102
v 0.155519 0.641022 -0.063179
v 0.133104 0.645822 -0.000305
v 0.233899 0.637039 -0.053175
v 0.246010 0.627136 -0.097943
v 0.204646 0.626083 -0.121763
v 0.233899 0.637039 -0.053175
v 0.204646 0.626083 -0.121763
v 0.155519 0.641022 -0.063179
v 0.155519 0.641022 -0.063179
v 0.204646 0.626083 -0.121763
v 0.162518 0.620211 -0.157190
v 0.155519 0.641022 -0.063179
v 0.162518 0.620211 -0.157190
v 0.095180 0.639816 -0.092905
v 0.133104 0.645822 -0.000305
v 0.155519 0.641022 -0.063179
v 0.095180 0.639816 -0.092905
v 0.133104 0.645822 -0.000305
v 0.095180 0.639816 -0.092905
v 0.001673 0.650827 -0.001983
v 0.157423 0.624491 0.156339
v 0.199509 0.628125 0.122965
v 0.153290 0.641126 0.062733
v 0.157423 0.624491 0.156339
v 0.153290 0.641126 0.062733
v 0.093056 0.641620 0.090382
v 0.199509 0.628125 0.122965
v 0.240878 0.628003 0.101988
v 0.231125 0.637094 0.057118
v 0.199509 0.628125 0.122965
v 0.231125 0.637094 0.057118
v 0.153290 0.641126 0.062733
v 0.153290 0.641126 0.062733
v 0.231125 0.637094 0.057118
v 0.229182 0.641051 0.002102
v 0.153290 0.641126 0.062733
v 0.229182 0.641051 0.002102
v 0.133104 0.645822 -0.000305
v 0.093056 0.641620 0.090382
v 0.153290 0.641126 0.062733
v 0.133104 0.645822 -0.000305
v 0.093056 0.641620 0.090382
v 0.133104 0.645822 -0.000305
v 0.001673 0.650827 -0.001983
v 0.001620 0.623439 0.214978
v 0.054271 0.618695 0.221177
v 0.063328 0.635382 0.146969
v 0.001620 0.623439 0.214978
v 0.063328 0.635382 0.146969
v 0.001646 0.644442 0.107514
v 0.054271 0.618695 0.221177
v 0.097817 0.611725 0.232714
v 0.121439 0.619548 0.195255
v 0.054271 0.618695 0.221177
v 0.121439 0.619548 0.195255
v 0.063328 0.635382 0.146969
v 0.063328 0.635382 0.146969
v 0.121439 0.619548 0.195255
v 0.157423 0.624491 0.156339
v 0.063328 0.635382 0.146969
v 0.157423 0.624491 0.156339
v 0.093056 0.641620 0.090382
v 0.001646 0.644442 0.107514
v 0.063328 0.635382 0.146969
v 0.093056 0.641620 0.090382
v 0.001646 0.644442 0.107514
v 0.093056 0.641620 0.090382
v 0.001673 0.650827 -0.001983
v 0.116659 -0.974957 0.086858
v 0.060142 -0.995700 0.090899
v 0.069311 -0.990088 0.061370
v 0.116659 -0.974957 0.086858
v 0.069311 -0.990088 0.061370
v 0.117514 -0.972627 0.059350
v 0.060142 -0.995700 0.090899
v 0.001649 -1.000000 0.093979
v 0.040074 -0.993843 0.051168
v 0.060142 -0.995700 0.090899
v 0.040074 -0.993843 0.051168
v 0.069311 -0.990088 0.061370
v 0.069311 -0.990088 0.061370
v 0.040074 -0.993843 0.051168
v 0.077570 -0.974666 0.009420
v 0.069311 -0.990088 0.061370
v 0.077570 -0.974666 0.009420
v 0.100160 -0.972851 0.024879
v 0.117514 -0.972627 0.059350
v 0.069311 -0.990088 0.061370
v 0.100160 -0.972851 0.024879
v 0.117514 -0.972627 0.059350
v 0.100160 -0.972851 0.024879
v 0.126253 -0.963345 0.033572
v 0.085784 -0.973607 0.169659
v 0.043996 -0.993688 0.132962
v 0.072791 -0.991120 0.119502
v 0.085784 -0.973607 0.169659
v 0.072791 -0.991120 0.119502
v 0.106962 -0.971787 0.151077
v 0.043996 -0.993688 0.132962
v 0.001649 -1.000000 0.093979
v 0.060142 -0.995700 0.090899
v 0.043996 -0.993688 0.132962
v 0.060142 -0.995700 0.090899
v 0.072791 -0.991120 0.119502
v 0.072791 -0.991120 0.119502
v 0.060142 -0.995700 0.090899
v 0.116659 -0.974957 0.086858
v 0.072791 -0.991120 0.119502
v 0.116659 -0.974957 0.086858
v 0.120558 -0.972203 0.114125
v 0.106962 -0.971787 0.151077
v 0.072791 -0.991120 0.119502
v 0.120558 -0.972203 0.114125
v 0.106962 -0.971787 0.151077
v 0.120558 -0.972203 0.114125
v 0.132482 -0.962639 0.138536
v 0.077570 -0.974666 0.009420
v 0.040074 -0.993843 0.051168
v 0.026158 -0.988459 0.026193
v 0.077570 -0.974666 0.009420
v 0.026158 -0.988459 0.026193
v 0.059189 -0.972150 -0.009282
v 0.040074 -0.993843 0.051168
v 0.001649 -1.000000 0.093979
v 0.001661 -0.994568 0.046594
v 0.040074 -0.993843 0.051168
v 0.001661 -0.994568 0.046594
v 0.026158 -0.988459 0.026193
v 0.026158 -0.988459 0.026193
v 0.001661 -0.994568 0.046594
v 0.001676 -0.975665 -0.015360
v 0.026158 -0.988459 0.026193
v 0.001676 -0.975665 -0.015360
v 0.024552 -0.972451 -0.020485
v 0.059189 -0.972150 -0.009282
v 0.026158 -0.988459 0.026193
v 0.024552 -0.972451 -0.020485
v 0.059189 -0.972150 -0.009282
v 0.024552 -0.972451 -0.020485
v 0.048610 -0.964191 -0.033049
v -0.217964 0.395529 0.530319
v -0.193058 0.488084 0.472131
v -0.280945 0.488822 0.428498
v -0.217964 0.395529 0.530319
v -0.280945 0.488822 0.428498
v -0.318397 0.397260 0.481809
v -0.318397 0.397260 0.481809
v -0.280945 0.488822 0.428498
v -0.359620 0.490952 0.368616
v -0.318397 0.397260 0.481809
v -0.359620 0.490952 0.368616
v -0.409712 0.401399 0.416172
v -0.280945 0.488822 0.428498
v -0.233531 0.563981 0.358167
v -0.297162 0.562697 0.306532
v -0.280945 0.488822 0.428498
v -0.297162 0.562697 0.306532
v -0.359620 0.490952 0.368616
v -0.193058 0.488084 0.472131
v -0.161173 0.565073 0.395566
v -0.233531 0.563981 0.358167
v -0.193058 0.488084 0.472131
v -0.233531 0.563981 0.358167
v -0.280945 0.488822 0.428498
v 0.001535 0.387349 0.561420
v 0.001551 0.472488 0.496156
v -0.097623 0.483392 0.492830
v 0.001535 0.387349 0.561420
v -0.097623 0.483392 0.492830
v -0.110190 0.392372 0.554232
v -0.110190 0.392372 0.554232
v -0.097623 0.483392 0.492830
v -0.193058 0.488084 0.472131
v -0.110190 0.392372 0.554232
v -0.193058 0.488084 0.472131
v -0.217964 0.395529 0.530319
v -0.097623 0.483392 0.492830
v -0.081636 0.559854 0.413427
v -0.161173 0.565073 0.395566
v -0.097623 0.483392 0.492830
v -0.161173 0.565073 0.395566
v -0.193058 0.488084 0.472131
v 0.001551 0.472488 0.496156
v 0.001571 0.544558 0.416473
v -0.081636 0.559854 0.413427
v 0.001551 0.472488 0.496156
v -0.081636 0.559854 0.413427
v -0.097623 0.483392 0.492830
v -0.552303 0.412172 0.238097
v -0.491878 0.408965 0.336904
v -0.429957 0.497640 0.297361
v -0.552303 0.412172 0.238097
v -0.429957 0.497640 0.297361
v -0.484864 0.503012 0.211686
v -0.484864 0.503012 0.211686
v -0.429957 0.497640 0.297361
v -0.351761 0.563815 0.244454
v -0.484864 0.503012 0.211686
v -0.351761 0.563815 0.244454
v -0.396176 0.568772 0.173844
v -0.429957 0.497640 0.297361
v -0.359620 0.490952 0.368616
v -0.297162 0.562697 0.306532
v -0.429957 0.497640 0.297361
v -0.297162 0.562697 0.306532
v -0.351761 0.563815 0.244454
v -0.491878 0.408965 0.336904
v -0.409712 0.401399 0.416172
v -0.359620 0.490952 0.368616
v -0.491878 0.408965 0.336904
v -0.359620 0.490952 0.368616
v -0.429957 0.497640 0.297361
v -0.434374 0.569813 0.009693
v -0.524827 0.497911 0.011644
v -0.515457 0.501693 0.113539
v -0.434374 0.569813 0.009693
v -0.515457 0.501693 0.113539
v -0.423955 0.570670 0.093994
v -0.423955 0.570670 0.093994
v -0.515457 0.501693 0.113539
v -0.484864 0.503012 0.211686
v -0.423955 0.570670 0.093994
v -0.484864 0.503012 0.211686
v -0.396176 0.568772 0.173844
v -0.515457 0.501693 0.113539
v -0.584583 0.410000 0.126595
v -0.552303 0.412172 0.238097
v -0.515457 0.501693 0.113539
v -0.552303 0.412172 0.238097
v -0.484864 0.503012 0.211686
v -0.524827 0.497911 0.011644
v -0.592569 0.405320 0.012022
v -0.584583 0.410000 0.126595
v -0.524827 0.497911 0.011644
v -0.584583 0.410000 0.126595
v -0.515457 0.501693 0.113539
v -0.592569 0.405320 0.012022
v -0.524827 0.497911 0.011644
v -0.517469 0.495122 -0.090667
v -0.592569 0.405320 0.012022
v -0.517469 0.495122 -0.090667
v -0.582662 0.401112 -0.102252
v -0.582662 0.401112 -0.102252
v -0.517469 0.495122 -0.090667
v -0.492900 0.493077 -0.192361
v -0.582662 0.401112 -0.102252
v -0.492900 0.493077 -0.192361
v -0.556029 0.398128 -0.216618
v -0.517469 0.495122 -0.090667
v -0.429917 0.569609 -0.076004
v -0.410381 0.570590 -0.161767
v -0.517469 0.495122 -0.090667
v -0.410381 0.570590 -0.161767
v -0.492900 0.493077 -0.192361
v -0.524827 0.497911 0.011644
v -0.434374 0.569813 0.009693
v -0.429917 0.569609 -0.076004
v -0.524827 0.497911 0.011644
v -0.429917 0.569609 -0.076004
v -0.517469 0.495122 -0.090667
v -0.315328 0.559228 -0.309224
v -0.376200 0.475518 -0.366055
v -0.445580 0.486952 -0.287025
v -0.315328 0.559228 -0.309224
v -0.445580 0.486952 -0.287025
v -0.372323 0.568564 -0.242405
v -0.372323 0.568564 -0.242405
v -0.445580 0.486952 -0.287025
v -0.492900 0.493077 -0.192361
v -0.372323 0.568564 -0.242405
v -0.492900 0.493077 -0.192361
v -0.410381 0.570590 -0.161767
v -0.445580 0.486952 -0.287025
v -0.503024 0.391006 -0.323462
v -0.556029 0.398128 -0.216618
v -0.445580 0.486952 -0.287025
v -0.556029 0.398128 -0.216618
v -0.492900 0.493077 -0.192361
v -0.376200 0.475518 -0.366055
v -0.424048 0.379148 -0.412436
v -0.503024 0.391006 -0.323462
v -0.376200 0.475518 -0.366055
v -0.503024 0.391006 -0.323462
v -0.445580 0.486952 -0.287025
v -0.164554 0.529143 -0.388949
v -0.197291 0.450754 -0.466523
v -0.291805 0.463039 -0.426630
v -0.164554 0.529143 -0.388949
v -0.291805 0.463039 -0.426630
v -0.244010 0.543969 -0.357496
v -0.244010 0.543969 -0.357496
v -0.291805 0.463039 -0.426630
v -0.376200 0.475518 -0.366055
v -0.244010 0.543969 -0.357496
v -0.376200 0.475518 -0.366055
v -0.315328 0.559228 -0.309224
v -0.291805 0.463039 -0.426630
v -0.327455 0.366045 -0.479482
v -0.424048 0.379148 -0.412436
v -0.291805 0.463039 -0.426630
v -0.424048 0.379148 -0.412436
v -0.376200 0.475518 -0.366055
v -0.197291 0.450754 -0.466523
v -0.221898 0.355849 -0.526742
v -0.327455 0.366045 -0.479482
v -0.197291 0.450754 -0.466523
v -0.327455 0.366045 -0.479482
v -0.291805 0.463039 -0.426630
v 0.001775 0.508984 -0.417129
v 0.001795 0.430753 -0.498496
v -0.098681 0.441605 -0.489002
v 0.001775 0.508984 -0.417129
v -0.098681 0.441605 -0.489002
v -0.081421 0.518656 -0.406965
v -0.081421 0.518656 -0.406965
v -0.098681 0.441605 -0.489002
v -0.197291 0.450754 -0.466523
v -0.081421 0.518656 -0.406965
v -0.197291 0.450754 -0.466523
v -0.164554 0.529143 -0.388949
v -0.098681 0.441605 -0.489002
v -0.111973 0.348450 -0.553903
v -0.221898 0.355849 -0.526742
v -0.098681 0.441605 -0.489002
v -0.221898 0.355849 -0.526742
v -0.197291 0.450754 -0.466523
v 0.001795 0.430753 -0.498496
v 0.001811 0.338884 -0.564010
v -0.111973 0.348450 -0.553903
v 0.001795 0.430753 -0.498496
v -0.111973 0.348450 -0.553903
v -0.098681 0.441605 -0.489002
v -0.106990 -0.843701 0.319991
v -0.055431 -0.842339 0.334817
v -0.067793 -0.749691 0.388892
v -0.106990 -0.843701 0.319991
v -0.067793 -0.749691 0.388892
v -0.132469 -0.751690 0.370338
v -0.132469 -0.751690 0.370338
v -0.067793 -0.749691 0.388892
v -0.077553 -0.650184 0.430412
v -0.132469 -0.751690 0.370338
v -0.077553 -0.650184 0.430412
v -0.153083 -0.653029 0.409171
v -0.067793 -0.749691 0.388892
v 0.001576 -0.745012 0.394495
v 0.001565 -0.645150 0.437680
v -0.067793 -0.749691 0.388892
v 0.001565 -0.645150 0.437680
v -0.077553 -0.650184 0.430412
v -0.055431 -0.842339 0.334817
v 0.001589 -0.838362 0.340276
v 0.001576 -0.745012 0.394495
v -0.055431 -0.842339 0.334817
v 0.001576 -0.745012 0.394495
v -0.067793 -0.749691 0.388892
v -0.193988 -0.845379 0.259467
v -0.153770 -0.844555 0.294218
v -0.191877 -0.753869 0.339291
v -0.193988 -0.845379 0.259467
v -0.191877 -0.753869 0.339291
v -0.243023 -0.755550 0.296614
v -0.243023 -0.755550 0.296614
v -0.191877 -0.753869 0.339291
v -0.222844 -0.656121 0.374058
v -0.243023 -0.755550 0.296614
v -0.222844 -0.656121 0.374058
v -0.284688 -0.659646 0.327021
v -0.191877 -0.753869 0.339291
v -0.132469 -0.751690 0.370338
v -0.153083 -0.653029 0.409171
v -0.191877 -0.753869 0.339291
v -0.153083 -0.653029 0.409171
v -0.222844 -0.656121 0.374058
v -0.153770 -0.844555 0.294218
v -0.106990 -0.843701 0.319991
v -0.132469 -0.751690 0.370338
v -0.153770 -0.844555 0.294218
v -0.132469 -0.751690 0.370338
v -0.191877 -0.753869 0.339291
v -0.250526 -0.847161 0.171723
v -0.227208 -0.846702 0.218417
v -0.285123 -0.757268 0.245761
v -0.250526 -0.847161 0.171723
v -0.285123 -0.757268 0.245761
v -0.315865 -0.758932 0.188481
v -0.315865 -0.758932 0.188481
v -0.285123 -0.757268 0.245761
v -0.335171 -0.661977 0.268545
v -0.315865 -0.758932 0.188481
v -0.335171 -0.661977 0.268545
v -0.372033 -0.663987 0.201965
v -0.285123 -0.757268 0.245761
v -0.243023 -0.755550 0.296614
v -0.284688 -0.659646 0.327021
v -0.285123 -0.757268 0.245761
v -0.284688 -0.659646 0.327021
v -0.335171 -0.661977 0.268545
v -0.227208 -0.846702 0.218417
v -0.193988 -0.845379 0.259467
v -0.243023 -0.755550 0.296614
v -0.227208 -0.846702 0.218417
v -0.243023 -0.755550 0.296614
v -0.285123 -0.757268 0.245761
v -0.153083 -0.653029 0.409171
v -0.077553 -0.650184 0.430412
v -0.086186 -0.548799 0.465044
v -0.153083 -0.653029 0.409171
v -0.086186 -0.548799 0.465044
v -0.170729 -0.551679 0.440582
v -0.170729 -0.551679 0.440582
v -0.086186 -0.548799 0.465044
v -0.094494 -0.447153 0.497587
v -0.170729 -0.551679 0.440582
v -0.094494 -0.447153 0.497587
v -0.187356 -0.450122 0.470464
v -0.086186 -0.548799 0.465044
v 0.001556 -0.544056 0.475637
v 0.001547 -0.442957 0.511868
v -0.086186 -0.548799 0.465044
v 0.001547 -0.442957 0.511868
v -0.094494 -0.447153 0.497587
v -0.077553 -0.650184 0.430412
v 0.001565 -0.645150 0.437680
v 0.001556 -0.544056 0.475637
v -0.077553 -0.650184 0.430412
v 0.001556 -0.544056 0.475637
v -0.086186 -0.548799 0.465044
v -0.284688 -0.659646 0.327021
v -0.222844 -0.656121 0.374058
v -0.249606 -0.555720 0.403053
v -0.284688 -0.659646 0.327021
v -0.249606 -0.555720 0.403053
v -0.320159 -0.559896 0.351627
v -0.320159 -0.559896 0.351627
v -0.249606 -0.555720 0.403053
v -0.275019 -0.455112 0.431390
v -0.320159 -0.559896 0.351627
v -0.275019 -0.455112 0.431390
v -0.355108 -0.460380 0.377099
v -0.249606 -0.555720 0.403053
v -0.170729 -0.551679 0.440582
v -0.187356 -0.450122 0.470464
v -0.249606 -0.555720 0.403053
v -0.187356 -0.450122 0.470464
v -0.275019 -0.455112 0.431390
v -0.222844 -0.656121 0.374058
v -0.153083 -0.653029 0.409171
v -0.170729 -0.551679 0.440582
v -0.222844 -0.656121 0.374058
v -0.170729 -0.551679 0.440582
v -0.249606 -0.555720 0.403053
v -0.372033 -0.663987 0.201965
v -0.335171 -0.661977 0.268545
v -0.380262 -0.563906 0.288558
v -0.372033 -0.663987 0.201965
v -0.380262 -0.563906 0.288558
v -0.423503 -0.566488 0.213967
v -0.423503 -0.566488 0.213967
v -0.380262 -0.563906 0.288558
v -0.423673 -0.464802 0.308437
v -0.423503 -0.566488 0.213967
v -0.423673 -0.464802 0.308437
v -0.473407 -0.467761 0.226052
v -0.380262 -0.563906 0.288558
v -0.320159 -0.559896 0.351627
v -0.355108 -0.460380 0.377099
v -0.380262 -0.563906 0.288558
v -0.355108 -0.460380 0.377099
v -0.423673 -0.464802 0.308437
v -0.335171 -0.661977 0.268545
v -0.284688 -0.659646 0.327021
v -0.320159 -0.559896 0.351627
v -0.335171 -0.661977 0.268545
v -0.320159 -0.559896 0.351627
v -0.380262 -0.563906 0.288558
v -0.187356 -0.450122 0.470464
v -0.094494 -0.447153 0.497587
v -0.102844 -0.345878 0.531583
v -0.187356 -0.450122 0.470464
v -0.102844 -0.345878 0.531583
v -0.204107 -0.349247 0.503051
v -0.204107 -0.349247 0.503051
v -0.102844 -0.345878 0.531583
v -0.110677 -0.243609 0.564247
v -0.204107 -0.349247 0.503051
v -0.110677 -0.243609 0.564247
v -0.219604 -0.246942 0.534633
v -0.102844 -0.345878 0.531583
v 0.001538 -0.341702 0.547362
v 0.001530 -0.239861 0.581210
v -0.102844 -0.345878 0.531583
v 0.001530 -0.239861 0.581210
v -0.110677 -0.243609 0.564247
v -0.094494 -0.447153 0.497587
v 0.001547 -0.442957 0.511868
v 0.001538 -0.341702 0.547362
v -0.094494 -0.447153 0.497587
v 0.001538 -0.341702 0.547362
v -0.102844 -0.345878 0.531583
v -0.355108 -0.460380 0.377099
v -0.275019 -0.455112 0.431390
v -0.300370 -0.354499 0.461529
v -0.355108 -0.460380 0.377099
v -0.300370 -0.354499 0.461529
v -0.390124 -0.360257 0.404238
v -0.390124 -0.360257 0.404238
v -0.300370 -0.354499 0.461529
v -0.324442 -0.252084 0.491484
v -0.390124 -0.360257 0.404238
v -0.324442 -0.252084 0.491484
v -0.422749 -0.257258 0.430491
v -0.300370 -0.354499 0.461529
v -0.204107 -0.349247 0.503051
v -0.219604 -0.246942 0.534633
v -0.300370 -0.354499 0.461529
v -0.219604 -0.246942 0.534633
v -0.324442 -0.252084 0.491484
v -0.275019 -0.455112 0.431390
v -0.187356 -0.450122 0.470464
v -0.204107 -0.349247 0.503051
v -0.275019 -0.455112 0.431390
v -0.204107 -0.349247 0.503051
v -0.300370 -0.354499 0.461529
v -0.473407 -0.467761 0.226052
v -0.423673 -0.464802 0.308437
v -0.466724 -0.364367 0.329373
v -0.473407 -0.467761 0.226052
v -0.466724 -0.364367 0.329373
v -0.522011 -0.366907 0.238436
v -0.522011 -0.366907 0.238436
v -0.466724 -0.364367 0.329373
v -0.506344 -0.260370 0.349340
v -0.522011 -0.366907 0.238436
v -0.506344 -0.260370 0.349340
v -0.565817 -0.261885 0.249793
v -0.466724 -0.364367 0.329373
v -0.390124 -0.360257 0.404238
v -0.422749 -0.257258 0.430491
v -0.466724 -0.364367 0.329373
v -0.422749 -0.257258 0.430491
v -0.506344 -0.260370 0.349340
v -0.423673 -0.464802 0.308437
v -0.355108 -0.460380 0.377099
v -0.390124 -0.360257 0.404238
v -0.423673 -0.464802 0.308437
v -0.390124 -0.360257 0.404238
v -0.466724 -0.364367 0.329373
v -0.219604 -0.246942 0.534633
v -0.110677 -0.243609 0.564247
v -0.117216 -0.139023 0.591291
v -0.219604 -0.246942 0.534633
v -0.117216 -0.139023 0.591291
v -0.232505 -0.141903 0.561531
v -0.232505 -0.141903 0.561531
v -0.117216 -0.139023 0.591291
v -0.122085 -0.032463 0.611922
v -0.232505 -0.141903 0.561531
v -0.122085 -0.032463 0.611922
v -0.241983 -0.034424 0.582150
v -0.117216 -0.139023 0.591291
v 0.001523 -0.136047 0.608849
v 0.001519 -0.030087 0.627194
v -0.117216 -0.139023 0.591291
v 0.001519 -0.030087 0.627194
v -0.122085 -0.032463 0.611922
v -0.110677 -0.243609 0.564247
v 0.001530 -0.239861 0.581210
v 0.001523 -0.136047 0.608849
v -0.110677 -0.243609 0.564247
v 0.001523 -0.136047 0.608849
v -0.117216 -0.139023 0.591291
v -0.422749 -0.257258 0.430491
v -0.324442 -0.252084 0.491484
v -0.343984 -0.145880 0.516147
v -0.422749 -0.257258 0.430491
v -0.343984 -0.145880 0.516147
v -0.448926 -0.149583 0.451765
v -0.448926 -0.149583 0.451765
v -0.343984 -0.145880 0.516147
v -0.358259 -0.036595 0.534858
v -0.448926 -0.149583 0.451765
v -0.358259 -0.036595 0.534858
v -0.466006 -0.037886 0.465824
v -0.343984 -0.145880 0.516147
v -0.232505 -0.141903 0.561531
v -0.241983 -0.034424 0.582150
v -0.343984 -0.145880 0.516147
v -0.241983 -0.034424 0.582150
v -0.358259 -0.036595 0.534858
v -0.324442 -0.252084 0.491484
v -0.219604 -0.246942 0.534633
v -0.232505 -0.141903 0.561531
v -0.324442 -0.252084 0.491484
v -0.232505 -0.141903 0.561531
v -0.343984 -0.145880 0.516147
v -0.565817 -0.261885 0.249793
v -0.506344 -0.260370 0.349340
v -0.537203 -0.151021 0.364750
v -0.565817 -0.261885 0.249793
v -0.537203 -0.151021 0.364750
v -0.598776 -0.151195 0.257801
v -0.598776 -0.151195 0.257801
v -0.537203 -0.151021 0.364750
v -0.555817 -0.037388 0.373675
v -0.598776 -0.151195 0.257801
v -0.555817 -0.037388 0.373675
v -0.618460 -0.036596 0.262032
v -0.537203 -0.151021 0.364750
v -0.448926 -0.149583 0.451765
v -0.466006 -0.037886 0.465824
v -0.537203 -0.151021 0.364750
v -0.466006 -0.037886 0.465824
v -0.555817 -0.037388 0.373675
v -0.506344 -0.260370 0.349340
v -0.422749 -0.257258 0.430491
v -0.448926 -0.149583 0.451765
v -0.506344 -0.260370 0.349340
v -0.448926 -0.149583 0.451765
v -0.537203 -0.151021 0.364750
v -0.241983 -0.034424 0.582150
v -0.122085 -0.032463 0.611922
v -0.124407 0.076053 0.622678
v -0.241983 -0.034424 0.582150
v -0.124407 0.076053 0.622678
v -0.246981 0.075306 0.594178
v -0.246981 0.075306 0.594178
v -0.124407 0.076053 0.622678
v -0.124125 0.185447 0.621225
v -0.246981 0.075306 0.594178
v -0.124125 0.185447 0.621225
v -0.245780 0.186031 0.592770
v -0.124407 0.076053 0.622678
v 0.001517 0.077331 0.634698
v 0.001518 0.184818 0.630520
v -0.124407 0.076053 0.622678
v 0.001518 0.184818 0.630520
v -0.124125 0.185447 0.621225
v -0.122085 -0.032463 0.611922
v 0.001519 -0.030087 0.627194
v 0.001517 0.077331 0.634698
v -0.122085 -0.032463 0.611922
v 0.001517 0.077331 0.634698
v -0.124407 0.076053 0.622678
v -0.466006 -0.037886 0.465824
v -0.358259 -0.036595 0.534858
v -0.365176 0.075284 0.544730
v -0.466006 -0.037886 0.465824
v -0.365176 0.075284 0.544730
v -0.472127 0.076185 0.471187
v -0.472127 0.076185 0.471187
v -0.365176 0.075284 0.544730
v -0.362210 0.187741 0.541688
v -0.472127 0.076185 0.471187
v -0.362210 0.187741 0.541688
v -0.465326 0.189680 0.465627
v -0.365176 0.075284 0.544730
v -0.246981 0.075306 0.594178
v -0.245780 0.186031 0.592770
v -0.365176 0.075284 0.544730
v -0.245780 0.186031 0.592770
v -0.362210 0.187741 0.541688
v -0.358259 -0.036595 0.534858
v -0.241983 -0.034424 0.582150
v -0.246981 0.075306 0.594178
v -0.358259 -0.036595 0.534858
v -0.246981 0.075306 0.594178
v -0.365176 0.075284 0.544730
v -0.618460 -0.036596 0.262032
v -0.555817 -0.037388 0.373675
v -0.560585 0.078065 0.375505
v -0.618460 -0.036596 0.262032
v -0.560585 0.078065 0.375505
v -0.624747 0.079363 0.262959
v -0.624747 0.079363 0.262959
v -0.560585 0.078065 0.375505
v -0.552751 0.192416 0.371213
v -0.624747 0.079363 0.262959
v -0.552751 0.192416 0.371213
v -0.617572 0.194205 0.260411
v -0.560585 0.078065 0.375505
v -0.472127 0.076185 0.471187
v -0.465326 0.189680 0.465627
v -0.560585 0.078065 0.375505
v -0.465326 0.189680 0.465627
v -0.552751 0.192416 0.371213
v -0.555817 -0.037388 0.373675
v -0.466006 -0.037886 0.465824
v -0.472127 0.076185 0.471187
v -0.555817 -0.037388 0.373675
v -0.472127 0.076185 0.471187
v -0.560585 0.078065 0.375505
v -0.217964 0.395529 0.530319
v -0.236554 0.294657 0.572710
v -0.119802 0.292958 0.599774
v -0.217964 0.395529 0.530319
v -0.119802 0.292958 0.599774
v -0.110190 0.392372 0.554232
v -0.110190 0.392372 0.554232
v -0.119802 0.292958 0.599774
v 0.001524 0.290118 0.607437
v -0.110190 0.392372 0.554232
v 0.001524 0.290118 0.607437
v 0.001535 0.387349 0.561420
v -0.119802 0.292958 0.599774
v -0.124125 0.185447 0.621225
v 0.001518 0.184818 0.630520
v -0.119802 0.292958 0.599774
v 0.001518 0.184818 0.630520
v 0.001524 0.290118 0.607437
v -0.236554 0.294657 0.572710
v -0.245780 0.186031 0.592770
v -0.124125 0.185447 0.621225
v -0.236554 0.294657 0.572710
v -0.124125 0.185447 0.621225
v -0.119802 0.292958 0.599774
v -0.409712 0.401399 0.416172
v -0.444799 0.299262 0.447902
v -0.346549 0.296605 0.520893
v -0.409712 0.401399 0.416172
v -0.346549 0.296605 0.520893
v -0.318397 0.397260 0.481809
v -0.318397 0.397260 0.481809
v -0.346549 0.296605 0.520893
v -0.236554 0.294657 0.572710
v -0.318397 0.397260 0.481809
v -0.236554 0.294657 0.572710
v -0.217964 0.395529 0.530319
v -0.346549 0.296605 0.520893
v -0.362210 0.187741 0.541688
v -0.245780 0.186031 0.592770
v -0.346549 0.296605 0.520893
v -0.245780 0.186031 0.592770
v -0.236554 0.294657 0.572710
v -0.444799 0.299262 0.447902
v -0.465326 0.189680 0.465627
v -0.362210 0.187741 0.541688
v -0.444799 0.299262 0.447902
v -0.362210 0.187741 0.541688
v -0.346549 0.296605 0.520893
v -0.552303 0.412172 0.238097
v -0.595542 0.306527 0.253416
v -0.531352 0.303974 0.359832
v -0.552303 0.412172 0.238097
v -0.531352 0.303974 0.359832
v -0.491878 0.408965 0.336904
v -0.491878 0.408965 0.336904
v -0.531352 0.303974 0.359832
v -0.444799 0.299262 0.447902
v -0.491878 0.408965 0.336904
v -0.444799 0.299262 0.447902
v -0.409712 0.401399 0.416172
v -0.531352 0.303974 0.359832
v -0.552751 0.192416 0.371213
v -0.465326 0.189680 0.465627
v -0.531352 0.303974 0.359832
v -0.465326 0.189680 0.465627
v -0.444799 0.299262 0.447902
v -0.595542 0.306527 0.253416
v -0.617572 0.194205 0.260411
v -0.552751 0.192416 0.371213
v -0.595542 0.306527 0.253416
v -0.552751 0.192416 0.371213
v -0.531352 0.303974 0.359832
v -0.268920 -0.851798 0.071912
v -0.264887 -0.849199 0.122562
v -0.334771 -0.761846 0.127369
v -0.268920 -0.851798 0.071912
v -0.334771 -0.761846 0.127369
v -0.341636 -0.766369 0.064090
v -0.341636 -0.766369 0.064090
v -0.334771 -0.761846 0.127369
v -0.395279 -0.667700 0.130710
v -0.341636 -0.766369 0.064090
v -0.395279 -0.667700 0.130710
v -0.404799 -0.673634 0.056528
v -0.334771 -0.761846 0.127369
v -0.315865 -0.758932 0.188481
v -0.372033 -0.663987 0.201965
v -0.334771 -0.761846 0.127369
v -0.372033 -0.663987 0.201965
v -0.395279 -0.667700 0.130710
v -0.264887 -0.849199 0.122562
v -0.250526 -0.847161 0.171723
v -0.315865 -0.758932 0.188481
v -0.264887 -0.849199 0.122562
v -0.315865 -0.758932 0.188481
v -0.334771 -0.761846 0.127369
v -0.247158 -0.860438 -0.028540
v -0.263348 -0.855879 0.021101
v -0.335718 -0.772293 -0.000143
v -0.247158 -0.860438 -0.028540
v -0.335718 -0.772293 -0.000143
v -0.317094 -0.779719 -0.063927
v -0.317094 -0.779719 -0.063927
v -0.335718 -0.772293 -0.000143
v -0.399854 -0.681753 -0.019671
v -0.317094 -0.779719 -0.063927
v -0.399854 -0.681753 -0.019671
v -0.379484 -0.691480 -0.096345
v -0.335718 -0.772293 -0.000143
v -0.341636 -0.766369 0.064090
v -0.404799 -0.673634 0.056528
v -0.335718 -0.772293 -0.000143
v -0.404799 -0.673634 0.056528
v -0.399854 -0.681753 -0.019671
v -0.263348 -0.855879 0.021101
v -0.268920 -0.851798 0.071912
v -0.341636 -0.766369 0.064090
v -0.263348 -0.855879 0.021101
v -0.341636 -0.766369 0.064090
v -0.335718 -0.772293 -0.000143
v -0.185637 -0.870427 -0.116130
v -0.221104 -0.865879 -0.075324
v -0.284676 -0.787248 -0.124424
v -0.185637 -0.870427 -0.116130
v -0.284676 -0.787248 -0.124424
v -0.239175 -0.792904 -0.177073
v -0.239175 -0.792904 -0.177073
v -0.284676 -0.787248 -0.124424
v -0.341720 -0.700814 -0.169330
v -0.239175 -0.792904 -0.177073
v -0.341720 -0.700814 -0.169330
v -0.287752 -0.707839 -0.232878
v -0.284676 -0.787248 -0.124424
v -0.317094 -0.779719 -0.063927
v -0.379484 -0.691480 -0.096345
v -0.284676 -0.787248 -0.124424
v -0.379484 -0.691480 -0.096345
v -0.341720 -0.700814 -0.169330
v -0.221104 -0.865879 -0.075324
v -0.247158 -0.860438 -0.028540
v -0.317094 -0.779719 -0.063927
v -0.221104 -0.865879 -0.075324
v -0.317094 -0.779719 -0.063927
v -0.284676 -0.787248 -0.124424
v -0.096470 -0.874293 -0.169900
v -0.143084 -0.873288 -0.148117
v -0.184195 -0.796191 -0.218207
v -0.096470 -0.874293 -0.169900
v -0.184195 -0.796191 -0.218207
v -0.124397 -0.797711 -0.246915
v -0.124397 -0.797711 -0.246915
v -0.184195 -0.796191 -0.218207
v -0.221396 -0.711210 -0.281735
v -0.124397 -0.797711 -0.246915
v -0.221396 -0.711210 -0.281735
v -0.148202 -0.710599 -0.313712
v -0.184195 -0.796191 -0.218207
v -0.239175 -0.792904 -0.177073
v -0.287752 -0.707839 -0.232878
v -0.184195 -0.796191 -0.218207
v -0.287752 -0.707839 -0.232878
v -0.221396 -0.711210 -0.281735
v -0.143084 -0.873288 -0.148117
v -0.185637 -0.870427 -0.116130
v -0.239175 -0.792904 -0.177073
v -0.143084 -0.873288 -0.148117
v -0.239175 -0.792904 -0.177073
v -0.184195 -0.796191 -0.218207
v -0.404799 -0.673634 0.056528
v -0.395279 -0.667700 0.130710
v -0.450820 -0.570768 0.133265
v -0.404799 -0.673634 0.056528
v -0.450820 -0.570768 0.133265
v -0.462909 -0.577796 0.048799
v -0.462909 -0.577796 0.048799
v -0.450820 -0.570768 0.133265
v -0.504745 -0.472380 0.135818
v -0.462909 -0.577796 0.048799
v -0.504745 -0.472380 0.135818
v -0.517808 -0.479418 0.040832
v -0.450820 -0.570768 0.133265
v -0.423503 -0.566488 0.213967
v -0.473407 -0.467761 0.226052
v -0.450820 -0.570768 0.133265
v -0.473407 -0.467761 0.226052
v -0.504745 -0.472380 0.135818
v -0.395279 -0.667700 0.130710
v -0.372033 -0.663987 0.201965
v -0.423503 -0.566488 0.213967
v -0.395279 -0.667700 0.130710
v -0.423503 -0.566488 0.213967
v -0.450820 -0.570768 0.133265
v -0.379484 -0.691480 -0.096345
v -0.399854 -0.681753 -0.019671
v -0.458417 -0.587265 -0.038634
v -0.379484 -0.691480 -0.096345
v -0.458417 -0.587265 -0.038634
v -0.436333 -0.598606 -0.127236
v -0.436333 -0.598606 -0.127236
v -0.458417 -0.587265 -0.038634
v -0.513255 -0.489551 -0.057535
v -0.436333 -0.598606 -0.127236
v -0.513255 -0.489551 -0.057535
v -0.489587 -0.502011 -0.157560
v -0.458417 -0.587265 -0.038634
v -0.462909 -0.577796 0.048799
v -0.517808 -0.479418 0.040832
v -0.458417 -0.587265 -0.038634
v -0.517808 -0.479418 0.040832
v -0.513255 -0.489551 -0.057535
v -0.399854 -0.681753 -0.019671
v -0.404799 -0.673634 0.056528
v -0.462909 -0.577796 0.048799
v -0.399854 -0.681753 -0.019671
v -0.462909 -0.577796 0.048799
v -0.458417 -0.587265 -0.038634
v -0.287752 -0.707839 -0.232878
v -0.341720 -0.700814 -0.169330
v -0.394263 -0.609694 -0.211916
v -0.287752 -0.707839 -0.232878
v -0.394263 -0.609694 -0.211916
v -0.331885 -0.617156 -0.284374
v -0.331885 -0.617156 -0.284374
v -0.394263 -0.609694 -0.211916
v -0.443339 -0.514249 -0.252974
v -0.331885 -0.617156 -0.284374
v -0.443339 -0.514249 -0.252974
v -0.373973 -0.522715 -0.334165
v -0.394263 -0.609694 -0.211916
v -0.436333 -0.598606 -0.127236
v -0.489587 -0.502011 -0.157560
v -0.394263 -0.609694 -0.211916
v -0.489587 -0.502011 -0.157560
v -0.443339 -0.514249 -0.252974
v -0.341720 -0.700814 -0.169330
v -0.379484 -0.691480 -0.096345
v -0.436333 -0.598606 -0.127236
v -0.341720 -0.700814 -0.169330
v -0.436333 -0.598606 -0.127236
v -0.394263 -0.609694 -0.211916
v -0.148202 -0.710599 -0.313712
v -0.221396 -0.711210 -0.281735
v -0.254934 -0.620219 -0.339205
v -0.148202 -0.710599 -0.313712
v -0.254934 -0.620219 -0.339205
v -0.170527 -0.619093 -0.375028
v -0.170527 -0.619093 -0.375028
v -0.254934 -0.620219 -0.339205
v -0.288021 -0.526549 -0.395466
v -0.170527 -0.619093 -0.375028
v -0.288021 -0.526549 -0.395466
v -0.192467 -0.524657 -0.433533
v -0.254934 -0.620219 -0.339205
v -0.331885 -0.617156 -0.284374
v -0.373973 -0.522715 -0.334165
v -0.254934 -0.620219 -0.339205
v -0.373973 -0.522715 -0.334165
v -0.288021 -0.526549 -0.395466
v -0.221396 -0.711210 -0.281735
v -0.287752 -0.707839 -0.232878
v -0.331885 -0.617156 -0.284374
v -0.221396 -0.711210 -0.281735
v -0.331885 -0.617156 -0.284374
v -0.254934 -0.620219 -0.339205
v -0.517808 -0.479418 0.040832
v -0.504745 -0.472380 0.135818
v -0.555879 -0.370990 0.138130
v -0.517808 -0.479418 0.040832
v -0.555879 -0.370990 0.138130
v -0.569922 -0.377899 0.032704
v -0.569922 -0.377899 0.032704
v -0.555879 -0.370990 0.138130
v -0.601165 -0.265061 0.139943
v -0.569922 -0.377899 0.032704
v -0.601165 -0.265061 0.139943
v -0.615004 -0.271285 0.025037
v -0.555879 -0.370990 0.138130
v -0.522011 -0.366907 0.238436
v -0.565817 -0.261885 0.249793
v -0.555879 -0.370990 0.138130
v -0.565817 -0.261885 0.249793
v -0.601165 -0.265061 0.139943
v -0.504745 -0.472380 0.135818
v -0.473407 -0.467761 0.226052
v -0.522011 -0.366907 0.238436
v -0.504745 -0.472380 0.135818
v -0.522011 -0.366907 0.238436
v -0.555879 -0.370990 0.138130
v -0.489587 -0.502011 -0.157560
v -0.513255 -0.489551 -0.057535
v -0.564567 -0.388052 -0.076263
v -0.489587 -0.502011 -0.157560
v -0.564567 -0.388052 -0.076263
v -0.538762 -0.400894 -0.186830
v -0.538762 -0.400894 -0.186830
v -0.564567 -0.388052 -0.076263
v -0.608727 -0.281118 -0.093158
v -0.538762 -0.400894 -0.186830
v -0.608727 -0.281118 -0.093158
v -0.581811 -0.294255 -0.213131
v -0.564567 -0.388052 -0.076263
v -0.569922 -0.377899 0.032704
v -0.615004 -0.271285 0.025037
v -0.564567 -0.388052 -0.076263
v -0.615004 -0.271285 0.025037
v -0.608727 -0.281118 -0.093158
v -0.513255 -0.489551 -0.057535
v -0.517808 -0.479418 0.040832
v -0.569922 -0.377899 0.032704
v -0.513255 -0.489551 -0.057535
v -0.569922 -0.377899 0.032704
v -0.564567 -0.388052 -0.076263
v -0.373973 -0.522715 -0.334165
v -0.443339 -0.514249 -0.252974
v -0.488913 -0.414058 -0.292224
v -0.373973 -0.522715 -0.334165
v -0.488913 -0.414058 -0.292224
v -0.413125 -0.423368 -0.381178
v -0.413125 -0.423368 -0.381178
v -0.488913 -0.414058 -0.292224
v -0.528861 -0.307976 -0.327185
v -0.413125 -0.423368 -0.381178
v -0.528861 -0.307976 -0.327185
v -0.447454 -0.317998 -0.422824
v -0.488913 -0.414058 -0.292224
v -0.538762 -0.400894 -0.186830
v -0.581811 -0.294255 -0.213131
v -0.488913 -0.414058 -0.292224
v -0.581811 -0.294255 -0.213131
v -0.528861 -0.307976 -0.327185
v -0.443339 -0.514249 -0.252974
v -0.489587 -0.502011 -0.157560
v -0.538762 -0.400894 -0.186830
v -0.443339 -0.514249 -0.252974
v -0.538762 -0.400894 -0.186830
v -0.488913 -0.414058 -0.292224
v -0.192467 -0.524657 -0.433533
v -0.288021 -0.526549 -0.395466
v -0.317883 -0.427149 -0.446572
v -0.192467 -0.524657 -0.433533
v -0.317883 -0.427149 -0.446572
v -0.213421 -0.426297 -0.488532
v -0.213421 -0.426297 -0.488532
v -0.317883 -0.427149 -0.446572
v -0.343529 -0.321761 -0.490973
v -0.213421 -0.426297 -0.488532
v -0.343529 -0.321761 -0.490973
v -0.231311 -0.322045 -0.536145
v -0.317883 -0.427149 -0.446572
v -0.413125 -0.423368 -0.381178
v -0.447454 -0.317998 -0.422824
v -0.317883 -0.427149 -0.446572
v -0.447454 -0.317998 -0.422824
v -0.343529 -0.321761 -0.490973
v -0.288021 -0.526549 -0.395466
v -0.373973 -0.522715 -0.334165
v -0.413125 -0.423368 -0.381178
v -0.288021 -0.526549 -0.395466
v -0.413125 -0.423368 -0.381178
v -0.317883 -0.427149 -0.446572
v -0.615004 -0.271285 0.025037
v -0.601165 -0.265061 0.139943
v -0.635008 -0.153485 0.140695
v -0.615004 -0.271285 0.025037
v -0.635008 -0.153485 0.140695
v -0.647824 -0.158781 0.018734
v -0.647824 -0.158781 0.018734
v -0.635008 -0.153485 0.140695
v -0.655552 -0.038187 0.140622
v -0.647824 -0.158781 0.018734
v -0.655552 -0.038187 0.140622
v -0.667014 -0.042575 0.014389
v -0.635008 -0.153485 0.140695
v -0.598776 -0.151195 0.257801
v -0.618460 -0.036596 0.262032
v -0.635008 -0.153485 0.140695
v -0.618460 -0.036596 0.262032
v -0.655552 -0.038187 0.140622
v -0.601165 -0.265061 0.139943
v -0.565817 -0.261885 0.249793
v -0.598776 -0.151195 0.257801
v -0.601165 -0.265061 0.139943
v -0.598776 -0.151195 0.257801
v -0.635008 -0.153485 0.140695
v -0.581811 -0.294255 -0.213131
v -0.608727 -0.281118 -0.093158
v -0.641461 -0.168067 -0.106231
v -0.581811 -0.294255 -0.213131
v -0.641461 -0.168067 -0.106231
v -0.614585 -0.180976 -0.233461
v -0.614585 -0.180976 -0.233461
v -0.641461 -0.168067 -0.106231
v -0.661640 -0.050833 -0.114709
v -0.614585 -0.180976 -0.233461
v -0.661640 -0.050833 -0.114709
v -0.634326 -0.062334 -0.246034
v -0.641461 -0.168067 -0.106231
v -0.647824 -0.158781 0.018734
v -0.667014 -0.042575 0.014389
v -0.641461 -0.168067 -0.106231
v -0.667014 -0.042575 0.014389
v -0.661640 -0.050833 -0.114709
v -0.608727 -0.281118 -0.093158
v -0.615004 -0.271285 0.025037
v -0.647824 -0.158781 0.018734
v -0.608727 -0.281118 -0.093158
v -0.647824 -0.158781 0.018734
v -0.641461 -0.168067 -0.106231
v -0.447454 -0.317998 -0.422824
v -0.528861 -0.307976 -0.327185
v -0.560861 -0.195137 -0.355281
v -0.447454 -0.317998 -0.422824
v -0.560861 -0.195137 -0.355281
v -0.475846 -0.206052 -0.457413
v -0.475846 -0.206052 -0.457413
v -0.560861 -0.195137 -0.355281
v -0.580110 -0.075603 -0.372538
v -0.475846 -0.206052 -0.457413
v -0.580110 -0.075603 -0.372538
v -0.493013 -0.086802 -0.479046
v -0.560861 -0.195137 -0.355281
v -0.614585 -0.180976 -0.233461
v -0.634326 -0.062334 -0.246034
v -0.560861 -0.195137 -0.355281
v -0.634326 -0.062334 -0.246034
v -0.580110 -0.075603 -0.372538
v -0.528861 -0.307976 -0.327185
v -0.581811 -0.294255 -0.213131
v -0.614585 -0.180976 -0.233461
v -0.528861 -0.307976 -0.327185
v -0.614585 -0.180976 -0.233461
v -0.560861 -0.195137 -0.355281
v -0.231311 -0.322045 -0.536145
v -0.343529 -0.321761 -0.490973
v -0.365620 -0.210952 -0.529435
v -0.231311 -0.322045 -0.536145
v -0.365620 -0.210952 -0.529435
v -0.246038 -0.212374 -0.576417
v -0.246038 -0.212374 -0.576417
v -0.365620 -0.210952 -0.529435
v -0.379634 -0.093490 -0.554985
v -0.246038 -0.212374 -0.576417
v -0.379634 -0.093490 -0.554985
v -0.256139 -0.097238 -0.605490
v -0.365620 -0.210952 -0.529435
v -0.475846 -0.206052 -0.457413
v -0.493013 -0.086802 -0.479046
v -0.365620 -0.210952 -0.529435
v -0.493013 -0.086802 -0.479046
v -0.379634 -0.093490 -0.554985
v -0.343529 -0.321761 -0.490973
v -0.447454 -0.317998 -0.422824
v -0.475846 -0.206052 -0.457413
v -0.343529 -0.321761 -0.490973
v -0.475846 -0.206052 -0.457413
v -0.365620 -0.210952 -0.529435
v -0.667014 -0.042575 0.014389
v -0.655552 -0.038187 0.140622
v -0.660403 0.078318 0.139572
v -0.667014 -0.042575 0.014389
v -0.660403 0.078318 0.139572
v -0.672449 0.074626 0.012200
v -0.672449 0.074626 0.012200
v -0.660403 0.078318 0.139572
v -0.653905 0.193376 0.138054
v -0.672449 0.074626 0.012200
v -0.653905 0.193376 0.138054
v -0.663787 0.189945 0.011536
v -0.660403 0.078318 0.139572
v -0.624747 0.079363 0.262959
v -0.617572 0.194205 0.260411
v -0.660403 0.078318 0.139572
v -0.617572 0.194205 0.260411
v -0.653905 0.193376 0.138054
v -0.655552 -0.038187 0.140622
v -0.618460 -0.036596 0.262032
v -0.624747 0.079363 0.262959
v -0.655552 -0.038187 0.140622
v -0.624747 0.079363 0.262959
v -0.660403 0.078318 0.139572
v -0.634326 -0.062334 -0.246034
v -0.661640 -0.050833 -0.114709
v -0.666524 0.068144 -0.117808
v -0.634326 -0.062334 -0.246034
v -0.666524 0.068144 -0.117808
v -0.639552 0.058861 -0.250151
v -0.639552 0.058861 -0.250151
v -0.666524 0.068144 -0.117808
v -0.657050 0.185245 -0.116652
v -0.639552 0.058861 -0.250151
v -0.657050 0.185245 -0.116652
v -0.629128 0.178522 -0.246328
v -0.666524 0.068144 -0.117808
v -0.672449 0.074626 0.012200
v -0.663787 0.189945 0.011536
v -0.666524 0.068144 -0.117808
v -0.663787 0.189945 0.011536
v -0.657050 0.185245 -0.116652
v -0.661640 -0.050833 -0.114709
v -0.667014 -0.042575 0.014389
v -0.672449 0.074626 0.012200
v -0.661640 -0.050833 -0.114709
v -0.672449 0.074626 0.012200
v -0.666524 0.068144 -0.117808
v -0.493013 -0.086802 -0.479046
v -0.580110 -0.075603 -0.372538
v -0.585203 0.047558 -0.377899
v -0.493013 -0.086802 -0.479046
v -0.585203 0.047558 -0.377899
v -0.498093 0.036594 -0.486502
v -0.498093 0.036594 -0.486502
v -0.585203 0.047558 -0.377899
v -0.574892 0.169706 -0.371470
v -0.498093 0.036594 -0.486502
v -0.574892 0.169706 -0.371470
v -0.487839 0.159157 -0.476949
v -0.585203 0.047558 -0.377899
v -0.639552 0.058861 -0.250151
v -0.629128 0.178522 -0.246328
v -0.585203 0.047558 -0.377899
v -0.629128 0.178522 -0.246328
v -0.574892 0.169706 -0.371470
v -0.580110 -0.075603 -0.372538
v -0.634326 -0.062334 -0.246034
v -0.639552 0.058861 -0.250151
v -0.580110 -0.075603 -0.372538
v -0.639552 0.058861 -0.250151
v -0.585203 0.047558 -0.377899
v -0.256139 -0.097238 -0.605490
v -0.379634 -0.093490 -0.554985
v -0.383600 0.028111 -0.563887
v -0.256139 -0.097238 -0.605490
v -0.383600 0.028111 -0.563887
v -0.258460 0.022093 -0.615286
v -0.258460 0.022093 -0.615286
v -0.383600 0.028111 -0.563887
v -0.375657 0.148689 -0.553185
v -0.258460 0.022093 -0.615286
v -0.375657 0.148689 -0.553185
v -0.252961 0.140262 -0.604190
v -0.383600 0.028111 -0.563887
v -0.498093 0.036594 -0.486502
v -0.487839 0.159157 -0.476949
v -0.383600 0.028111 -0.563887
v -0.487839 0.159157 -0.476949
v -0.375657 0.148689 -0.553185
v -0.379634 -0.093490 -0.554985
v -0.493013 -0.086802 -0.479046
v -0.498093 0.036594 -0.486502
v -0.379634 -0.093490 -0.554985
v -0.498093 0.036594 -0.486502
v -0.383600 0.028111 -0.563887
v 0.001718 -0.870536 -0.187492
v -0.048717 -0.873358 -0.181674
v -0.062805 -0.795835 -0.261815
v 0.001718 -0.870536 -0.187492
v -0.062805 -0.795835 -0.261815
v 0.001738 -0.790802 -0.267537
v 0.001738 -0.790802 -0.267537
v -0.062805 -0.795835 -0.261815
v -0.074135 -0.707362 -0.330832
v 0.001738 -0.790802 -0.267537
v -0.074135 -0.707362 -0.330832
v 0.001755 -0.700622 -0.336772
v -0.062805 -0.795835 -0.261815
v -0.124397 -0.797711 -0.246915
v -0.148202 -0.710599 -0.313712
v -0.062805 -0.795835 -0.261815
v -0.148202 -0.710599 -0.313712
v -0.074135 -0.707362 -0.330832
v -0.048717 -0.873358 -0.181674
v -0.096470 -0.874293 -0.169900
v -0.124397 -0.797711 -0.246915
v -0.048717 -0.873358 -0.181674
v -0.124397 -0.797711 -0.246915
v -0.062805 -0.795835 -0.261815
v 0.001755 -0.700622 -0.336772
v -0.074135 -0.707362 -0.330832
v -0.084995 -0.614172 -0.393031
v 0.001755 -0.700622 -0.336772
v -0.084995 -0.614172 -0.393031
v 0.001770 -0.605352 -0.398246
v 0.001770 -0.605352 -0.398246
v -0.084995 -0.614172 -0.393031
v -0.096261 -0.518749 -0.452080
v 0.001770 -0.605352 -0.398246
v -0.096261 -0.518749 -0.452080
v 0.001784 -0.508459 -0.456468
v -0.084995 -0.614172 -0.393031
v -0.170527 -0.619093 -0.375028
v -0.192467 -0.524657 -0.433533
v -0.084995 -0.614172 -0.393031
v -0.192467 -0.524657 -0.433533
v -0.096261 -0.518749 -0.452080
v -0.074135 -0.707362 -0.330832
v -0.148202 -0.710599 -0.313712
v -0.170527 -0.619093 -0.375028
v -0.074135 -0.707362 -0.330832
v -0.170527 -0.619093 -0.375028
v -0.084995 -0.614172 -0.393031
v 0.001784 -0.508459 -0.456468
v -0.096261 -0.518749 -0.452080
v -0.107880 -0.421347 -0.509387
v 0.001784 -0.508459 -0.456468
v -0.107880 -0.421347 -0.509387
v 0.001798 -0.411108 -0.513597
v 0.001798 -0.411108 -0.513597
v -0.107880 -0.421347 -0.509387
v -0.118310 -0.319494 -0.561065
v 0.001798 -0.411108 -0.513597
v -0.118310 -0.319494 -0.561065
v 0.001811 -0.311271 -0.566081
v -0.107880 -0.421347 -0.509387
v -0.213421 -0.426297 -0.488532
v -0.231311 -0.322045 -0.536145
v -0.107880 -0.421347 -0.509387
v -0.231311 -0.322045 -0.536145
v -0.118310 -0.319494 -0.561065
v -0.096261 -0.518749 -0.452080
v -0.192467 -0.524657 -0.433533
v -0.213421 -0.426297 -0.488532
v -0.096261 -0.518749 -0.452080
v -0.213421 -0.426297 -0.488532
v -0.107880 -0.421347 -0.509387
v 0.001811 -0.311271 -0.566081
v -0.118310 -0.319494 -0.561065
v -0.126421 -0.212077 -0.604199
v 0.001811 -0.311271 -0.566081
v -0.126421 -0.212077 -0.604199
v 0.001822 -0.206841 -0.608899
v 0.001822 -0.206841 -0.608899
v -0.126421 -0.212077 -0.604199
v -0.131247 -0.099021 -0.634210
v 0.001822 -0.206841 -0.608899
v -0.131247 -0.099021 -0.634210
v 0.001828 -0.097645 -0.637230
v -0.126421 -0.212077 -0.604199
v -0.246038 -0.212374 -0.576417
v -0.256139 -0.097238 -0.605490
v -0.126421 -0.212077 -0.604199
v -0.256139 -0.097238 -0.605490
v -0.131247 -0.099021 -0.634210
v -0.118310 -0.319494 -0.561065
v -0.231311 -0.322045 -0.536145
v -0.246038 -0.212374 -0.576417
v -0.118310 -0.319494 -0.561065
v -0.246038 -0.212374 -0.576417
v -0.126421 -0.212077 -0.604199
v 0.001828 -0.097645 -0.637230
v -0.131247 -0.099021 -0.634210
v -0.131398 0.018092 -0.644063
v 0.001828 -0.097645 -0.637230
v -0.131398 0.018092 -0.644063
v 0.001831 0.014925 -0.647324
v 0.001831 0.014925 -0.647324
v -0.131398 0.018092 -0.644063
v -0.128115 0.134392 -0.633998
v 0.001831 0.014925 -0.647324
v -0.128115 0.134392 -0.633998
v 0.001829 0.127590 -0.639867
v -0.131398 0.018092 -0.644063
v -0.258460 0.022093 -0.615286
v -0.252961 0.140262 -0.604190
v -0.131398 0.018092 -0.644063
v -0.252961 0.140262 -0.604190
v -0.128115 0.134392 -0.633998
v -0.131247 -0.099021 -0.634210
v -0.256139 -0.097238 -0.605490
v -0.258460 0.022093 -0.615286
v -0.131247 -0.099021 -0.634210
v -0.258460 0.022093 -0.615286
v -0.131398 0.018092 -0.644063
v -0.592569 0.405320 0.012022
v -0.638140 0.301061 0.011709
v -0.629739 0.305023 0.134205
v -0.592569 0.405320 0.012022
v -0.629739 0.305023 0.134205
v -0.584583 0.410000 0.126595
v -0.584583 0.410000 0.126595
v -0.629739 0.305023 0.134205
v -0.595542 0.306527 0.253416
v -0.584583 0.410000 0.126595
v -0.595542 0.306527 0.253416
v -0.552303 0.412172 0.238097
v -0.629739 0.305023 0.134205
v -0.653905 0.193376 0.138054
v -0.617572 0.194205 0.260411
v -0.629739 0.305023 0.134205
v -0.617572 0.194205 0.260411
v -0.595542 0.306527 0.253416
v -0.638140 0.301061 0.011709
v -0.663787 0.189945 0.011536
v -0.653905 0.193376 0.138054
v -0.638140 0.301061 0.011709
v -0.653905 0.193376 0.138054
v -0.629739 0.305023 0.134205
v -0.556029 0.398128 -0.216618
v -0.600550 0.292227 -0.234467
v -0.627992 0.296634 -0.110895
v -0.556029 0.398128 -0.216618
v -0.627992 0.296634 -0.110895
v -0.582662 0.401112 -0.102252
v -0.582662 0.401112 -0.102252
v -0.627992 0.296634 -0.110895
v -0.638140 0.301061 0.011709
v -0.582662 0.401112 -0.102252
v -0.638140 0.301061 0.011709
v -0.592569 0.405320 0.012022
v -0.627992 0.296634 -0.110895
v -0.657050 0.185245 -0.116652
v -0.663787 0.189945 0.011536
v -0.627992 0.296634 -0.110895
v -0.663787 0.189945 0.011536
v -0.638140 0.301061 0.011709
v -0.600550 0.292227 -0.234467
v -0.629128 0.178522 -0.246328
v -0.657050 0.185245 -0.116652
v -0.600550 0.292227 -0.234467
v -0.657050 0.185245 -0.116652
v -0.627992 0.296634 -0.110895
v -0.424048 0.379148 -0.412436
v -0.462765 0.274622 -0.451564
v -0.547752 0.285661 -0.353237
v -0.424048 0.379148 -0.412436
v -0.547752 0.285661 -0.353237
v -0.503024 0.391006 -0.323462
v -0.503024 0.391006 -0.323462
v -0.547752 0.285661 -0.353237
v -0.600550 0.292227 -0.234467
v -0.503024 0.391006 -0.323462
v -0.600550 0.292227 -0.234467
v -0.556029 0.398128 -0.216618
v -0.547752 0.285661 -0.353237
v -0.574892 0.169706 -0.371470
v -0.629128 0.178522 -0.246328
v -0.547752 0.285661 -0.353237
v -0.629128 0.178522 -0.246328
v -0.600550 0.292227 -0.234467
v -0.462765 0.274622 -0.451564
v -0.487839 0.159157 -0.476949
v -0.574892 0.169706 -0.371470
v -0.462765 0.274622 -0.451564
v -0.574892 0.169706 -0.371470
v -0.547752 0.285661 -0.353237
v -0.221898 0.355849 -0.526742
v -0.240663 0.252369 -0.573866
v -0.356841 0.262558 -0.524566
v -0.221898 0.355849 -0.526742
v -0.356841 0.262558 -0.524566
v -0.327455 0.366045 -0.479482
v -0.327455 0.366045 -0.479482
v -0.356841 0.262558 -0.524566
v -0.462765 0.274622 -0.451564
v -0.327455 0.366045 -0.479482
v -0.462765 0.274622 -0.451564
v -0.424048 0.379148 -0.412436
v -0.356841 0.262558 -0.524566
v -0.375657 0.148689 -0.553185
v -0.487839 0.159157 -0.476949
v -0.356841 0.262558 -0.524566
v -0.487839 0.159157 -0.476949
v -0.462765 0.274622 -0.451564
v -0.240663 0.252369 -0.573866
v -0.252961 0.140262 -0.604190
v -0.375657 0.148689 -0.553185
v -0.240663 0.252369 -0.573866
v -0.375657 0.148689 -0.553185
v -0.356841 0.262558 -0.524566
v 0.001811 0.338884 -0.564010
v 0.001823 0.237307 -0.613197
v -0.122069 0.245914 -0.604286
v 0.001811 0.338884 -0.564010
v -0.122069 0.245914 -0.604286
v -0.111973 0.348450 -0.553903
v -0.111973 0.348450 -0.553903
v -0.122069 0.245914 -0.604286
v -0.240663 0.252369 -0.573866
v -0.111973 0.348450 -0.553903
v -0.240663 0.252369 -0.573866
v -0.221898 0.355849 -0.526742
v -0.122069 0.245914 -0.604286
v -0.128115 0.134392 -0.633998
v -0.252961 0.140262 -0.604190
v -0.122069 0.245914 -0.604286
v -0.252961 0.140262 -0.604190
v -0.240663 0.252369 -0.573866
v 0.001823 0.237307 -0.613197
v 0.001829 0.127590 -0.639867
v -0.128115 0.134392 -0.633998
v 0.001823 0.237307 -0.613197
v -0.128115 0.134392 -0.633998
v -0.122069 0.245914 -0.604286
v -0.297162 0.562697 0.306532
v -0.225480 0.607336 0.231849
v -0.267772 0.606291 0.184128
v -0.297162 0.562697 0.306532
v -0.267772 0.606291 0.184128
v -0.351761 0.563815 0.244454
v -0.351761 0.563815 0.244454
v -0.267772 0.606291 0.184128
v -0.302007 0.607727 0.131249
v -0.351761 0.563815 0.244454
v -0.302007 0.607727 0.131249
v -0.396176 0.568772 0.173844
v -0.267772 0.606291 0.184128
v -0.196494 0.629509 0.123216
v -0.237118 0.626346 0.101514
v -0.267772 0.606291 0.184128
v -0.237118 0.626346 0.101514
v -0.302007 0.607727 0.131249
v -0.225480 0.607336 0.231849
v -0.155019 0.629700 0.157674
v -0.196494 0.629509 0.123216
v -0.225480 0.607336 0.231849
v -0.196494 0.629509 0.123216
v -0.267772 0.606291 0.184128
v -0.164554 0.529143 -0.388949
v -0.127274 0.583819 -0.302406
v -0.063203 0.575741 -0.314415
v -0.164554 0.529143 -0.388949
v -0.063203 0.575741 -0.314415
v -0.081421 0.518656 -0.406965
v -0.081421 0.518656 -0.406965
v -0.063203 0.575741 -0.314415
v 0.001751 0.568928 -0.321815
v -0.081421 0.518656 -0.406965
v 0.001751 0.568928 -0.321815
v 0.001775 0.508984 -0.417129
v -0.063203 0.575741 -0.314415
v -0.053726 0.614000 -0.226576
v 0.001726 0.613908 -0.219207
v -0.063203 0.575741 -0.314415
v 0.001726 0.613908 -0.219207
v 0.001751 0.568928 -0.321815
v -0.127274 0.583819 -0.302406
v -0.100028 0.611108 -0.239693
v -0.053726 0.614000 -0.226576
v -0.127274 0.583819 -0.302406
v -0.053726 0.614000 -0.226576
v -0.063203 0.575741 -0.314415
v -0.410381 0.570590 -0.161767
v -0.314493 0.617173 -0.126157
v -0.282856 0.617530 -0.185988
v -0.410381 0.570590 -0.161767
v -0.282856 0.617530 -0.185988
v -0.372323 0.568564 -0.242405
v -0.372323 0.568564 -0.242405
v -0.282856 0.617530 -0.185988
v -0.238489 0.610668 -0.236298
v -0.372323 0.568564 -0.242405
v -0.238489 0.610668 -0.236298
v -0.315328 0.559228 -0.309224
v -0.282856 0.617530 -0.185988
v -0.203324 0.636386 -0.124862
v -0.161354 0.633680 -0.161655
v -0.282856 0.617530 -0.185988
v -0.161354 0.633680 -0.161655
v -0.238489 0.610668 -0.236298
v -0.314493 0.617173 -0.126157
v -0.244505 0.633583 -0.099615
v -0.203324 0.636386 -0.124862
v -0.314493 0.617173 -0.126157
v -0.203324 0.636386 -0.124862
v -0.282856 0.617530 -0.185988
v -0.396176 0.568772 0.173844
v -0.302007 0.607727 0.131249
v -0.320843 0.611955 0.070701
v -0.396176 0.568772 0.173844
v -0.320843 0.611955 0.070701
v -0.423955 0.570670 0.093994
v -0.423955 0.570670 0.093994
v -0.320843 0.611955 0.070701
v -0.328659 0.614428 0.005897
v -0.423955 0.570670 0.093994
v -0.328659 0.614428 0.005897
v -0.434374 0.569813 0.009693
v -0.320843 0.611955 0.070701
v -0.227089 0.634229 0.056715
v -0.225025 0.637742 0.002007
v -0.320843 0.611955 0.070701
v -0.225025 0.637742 0.002007
v -0.328659 0.614428 0.005897
v -0.302007 0.607727 0.131249
v -0.237118 0.626346 0.101514
v -0.227089 0.634229 0.056715
v -0.302007 0.607727 0.131249
v -0.227089 0.634229 0.056715
v -0.320843 0.611955 0.070701
v -0.315328 0.559228 -0.309224
v -0.238489 0.610668 -0.236298
v -0.185681 0.597262 -0.275172
v -0.315328 0.559228 -0.309224
v -0.185681 0.597262 -0.275172
v -0.244010 0.543969 -0.357496
v -0.244010 0.543969 -0.357496
v -0.185681 0.597262 -0.275172
v -0.127274 0.583819 -0.302406
v -0.244010 0.543969 -0.357496
v -0.127274 0.583819 -0.302406
v -0.164554 0.529143 -0.388949
v -0.185681 0.597262 -0.275172
v -0.124484 0.624110 -0.201655
v -0.100028 0.611108 -0.239693
v -0.185681 0.597262 -0.275172
v -0.100028 0.611108 -0.239693
v -0.127274 0.583819 -0.302406
v -0.238489 0.610668 -0.236298
v -0.161354 0.633680 -0.161655
v -0.124484 0.624110 -0.201655
v -0.238489 0.610668 -0.236298
v -0.124484 0.624110 -0.201655
v -0.185681 0.597262 -0.275172
v -0.161173 0.565073 0.395566
v -0.123571 0.608368 0.303640
v -0.177444 0.608590 0.272920
v -0.161173 0.565073 0.395566
v -0.177444 0.608590 0.272920
v -0.233531 0.563981 0.358167
v -0.233531 0.563981 0.358167
v -0.177444 0.608590 0.272920
v -0.225480 0.607336 0.231849
v -0.233531 0.563981 0.358167
v -0.225480 0.607336 0.231849
v -0.297162 0.562697 0.306532
v -0.177444 0.608590 0.272920
v -0.119450 0.627290 0.197478
v -0.155019 0.629700 0.157674
v -0.177444 0.608590 0.272920
v -0.155019 0.629700 0.157674
v -0.225480 0.607336 0.231849
v -0.123571 0.608368 0.303640
v -0.096268 0.622519 0.236530
v -0.119450 0.627290 0.197478
v -0.123571 0.608368 0.303640
v -0.119450 0.627290 0.197478
v -0.177444 0.608590 0.272920
v -0.434374 0.569813 0.009693
v -0.328659 0.614428 0.005897
v -0.326922 0.615582 -0.060373
v -0.434374 0.569813 0.009693
v -0.326922 0.615582 -0.060373
v -0.429917 0.569609 -0.076004
v -0.429917 0.569609 -0.076004
v -0.326922 0.615582 -0.060373
v -0.314493 0.617173 -0.126157
v -0.429917 0.569609 -0.076004
v -0.314493 0.617173 -0.126157
v -0.410381 0.570590 -0.161767
v -0.326922 0.615582 -0.060373
v -0.230565 0.637185 -0.053305
v -0.244505 0.633583 -0.099615
v -0.326922 0.615582 -0.060373
v -0.244505 0.633583 -0.099615
v -0.314493 0.617173 -0.126157
v -0.328659 0.614428 0.005897
v -0.225025 0.637742 0.002007
v -0.230565 0.637185 -0.053305
v -0.328659 0.614428 0.005897
v -0.230565 0.637185 -0.053305
v -0.326922 0.615582 -0.060373
v 0.001571 0.544558 0.416473
v 0.001594 0.594440 0.320460
v -0.062047 0.604076 0.315605
v 0.001571 0.544558 0.416473
v -0.062047 0.604076 0.315605
v -0.081636 0.559854 0.413427
v -0.081636 0.559854 0.413427
v -0.062047 0.604076 0.315605
v -0.123571 0.608368 0.303640
v -0.081636 0.559854 0.413427
v -0.123571 0.608368 0.303640
v -0.161173 0.565073 0.395566
v -0.062047 0.604076 0.315605
v -0.051562 0.624400 0.222883
v -0.096268 0.622519 0.236530
v -0.062047 0.604076 0.315605
v -0.096268 0.622519 0.236530
v -0.123571 0.608368 0.303640
v 0.001594 0.594440 0.320460
v 0.001620 0.623439 0.214978
v -0.051562 0.624400 0.222883
v 0.001594 0.594440 0.320460
v -0.051562 0.624400 0.222883
v -0.062047 0.604076 0.315605
v -0.096470 -0.874293 -0.169900
v -0.066463 -0.934511 -0.088959
v -0.097590 -0.933991 -0.071908
v -0.096470 -0.874293 -0.169900
v -0.097590 -0.933991 -0.071908
v -0.143084 -0.873288 -0.148117
v -0.143084 -0.873288 -0.148117
v -0.097590 -0.933991 -0.071908
v -0.126599 -0.932590 -0.049424
v -0.143084 -0.873288 -0.148117
v -0.126599 -0.932590 -0.049424
v -0.185637 -0.870427 -0.116130
v -0.097590 -0.933991 -0.071908
v -0.056049 -0.972846 -0.009631
v -0.074150 -0.974443 0.009473
v -0.097590 -0.933991 -0.071908
v -0.074150 -0.974443 0.009473
v -0.126599 -0.932590 -0.049424
v -0.066463 -0.934511 -0.088959
v -0.045518 -0.965209 -0.033635
v -0.056049 -0.972846 -0.009631
v -0.066463 -0.934511 -0.088959
v -0.056049 -0.972846 -0.009631
v -0.097590 -0.933991 -0.071908
v -0.193988 -0.845379 0.259467
v -0.137670 -0.922944 0.215275
v -0.109414 -0.921616 0.240427
v -0.193988 -0.845379 0.259467
v -0.109414 -0.921616 0.240427
v -0.153770 -0.844555 0.294218
v -0.153770 -0.844555 0.294218
v -0.109414 -0.921616 0.240427
v -0.076939 -0.919077 0.259384
v -0.153770 -0.844555 0.294218
v -0.076939 -0.919077 0.259384
v -0.106990 -0.843701 0.319991
v -0.109414 -0.921616 0.240427
v -0.063789 -0.966943 0.188508
v -0.053992 -0.957080 0.212575
v -0.109414 -0.921616 0.240427
v -0.053992 -0.957080 0.212575
v -0.076939 -0.919077 0.259384
v -0.137670 -0.922944 0.215275
v -0.080851 -0.969914 0.167658
v -0.063789 -0.966943 0.188508
v -0.137670 -0.922944 0.215275
v -0.063789 -0.966943 0.188508
v -0.109414 -0.921616 0.240427
v -0.247158 -0.860438 -0.028540
v -0.172839 -0.926051 0.008651
v -0.183124 -0.925043 0.043785
v -0.247158 -0.860438 -0.028540
v -0.183124 -0.925043 0.043785
v -0.263348 -0.855879 0.021101
v -0.263348 -0.855879 0.021101
v -0.183124 -0.925043 0.043785
v -0.187353 -0.923893 0.080047
v -0.263348 -0.855879 0.021101
v -0.187353 -0.923893 0.080047
v -0.268920 -0.851798 0.071912
v -0.183124 -0.925043 0.043785
v -0.112208 -0.969142 0.059725
v -0.111255 -0.971341 0.086802
v -0.183124 -0.925043 0.043785
v -0.111255 -0.971341 0.086802
v -0.187353 -0.923893 0.080047
v -0.172839 -0.926051 0.008651
v -0.121434 -0.960882 0.034187
v -0.112208 -0.969142 0.059725
v -0.172839 -0.926051 0.008651
v -0.112208 -0.969142 0.059725
v -0.183124 -0.925043 0.043785
v -0.250526 -0.847161 0.171723
v -0.178313 -0.920141 0.152094
v -0.160718 -0.921670 0.185059
v -0.250526 -0.847161 0.171723
v -0.160718 -0.921670 0.185059
v -0.227208 -0.846702 0.218417
v -0.227208 -0.846702 0.218417
v -0.160718 -0.921670 0.185059
v -0.137670 -0.922944 0.215275
v -0.227208 -0.846702 0.218417
v -0.137670 -0.922944 0.215275
v -0.193988 -0.845379 0.259467
v -0.160718 -0.921670 0.185059
v -0.101530 -0.967801 0.149311
v -0.080851 -0.969914 0.167658
v -0.160718 -0.921670 0.185059
v -0.080851 -0.969914 0.167658
v -0.137670 -0.922944 0.215275
v -0.178313 -0.920141 0.152094
v -0.126371 -0.958556 0.137068
v -0.101530 -0.967801 0.149311
v -0.178313 -0.920141 0.152094
v -0.101530 -0.967801 0.149311
v -0.160718 -0.921670 0.185059
v -0.106990 -0.843701 0.319991
v -0.076939 -0.919077 0.259384
v -0.040174 -0.919913 0.268585
v -0.106990 -0.843701 0.319991
v -0.040174 -0.919913 0.268585
v -0.055431 -0.842339 0.334817
v -0.055431 -0.842339 0.334817
v -0.040174 -0.919913 0.268585
v 0.001606 -0.917827 0.272541
v -0.055431 -0.842339 0.334817
v 0.001606 -0.917827 0.272541
v 0.001589 -0.838362 0.340276
v -0.040174 -0.919913 0.268585
v -0.027990 -0.966705 0.203175
v 0.001623 -0.970205 0.200368
v -0.040174 -0.919913 0.268585
v 0.001623 -0.970205 0.200368
v 0.001606 -0.917827 0.272541
v -0.076939 -0.919077 0.259384
v -0.053992 -0.957080 0.212575
v -0.027990 -0.966705 0.203175
v -0.076939 -0.919077 0.259384
v -0.027990 -0.966705 0.203175
v -0.040174 -0.919913 0.268585
v -0.268920 -0.851798 0.071912
v -0.187353 -0.923893 0.080047
v -0.185963 -0.922233 0.116471
v -0.268920 -0.851798 0.071912
v -0.185963 -0.922233 0.116471
v -0.264887 -0.849199 0.122562
v -0.264887 -0.849199 0.122562
v -0.185963 -0.922233 0.116471
v -0.178313 -0.920141 0.152094
v -0.264887 -0.849199 0.122562
v -0.178313 -0.920141 0.152094
v -0.250526 -0.847161 0.171723
v -0.185963 -0.922233 0.116471
v -0.114953 -0.968409 0.113523
v -0.126371 -0.958556 0.137068
v -0.185963 -0.922233 0.116471
v -0.126371 -0.958556 0.137068
v -0.178313 -0.920141 0.152094
v -0.187353 -0.923893 0.080047
v -0.111255 -0.971341 0.086802
v -0.114953 -0.968409 0.113523
v -0.187353 -0.923893 0.080047
v -0.114953 -0.968409 0.113523
v -0.185963 -0.922233 0.116471
v -0.185637 -0.870427 -0.116130
v -0.126599 -0.932590 -0.049424
v -0.152186 -0.929562 -0.022157
v -0.185637 -0.870427 -0.116130
v -0.152186 -0.929562 -0.022157
v -0.221104 -0.865879 -0.075324
v -0.221104 -0.865879 -0.075324
v -0.152186 -0.929562 -0.022157
v -0.172839 -0.926051 0.008651
v -0.221104 -0.865879 -0.075324
v -0.172839 -0.926051 0.008651
v -0.247158 -0.860438 -0.028540
v -0.152186 -0.929562 -0.022157
v -0.095756 -0.970484 0.025638
v -0.121434 -0.960882 0.034187
v -0.152186 -0.929562 -0.022157
v -0.121434 -0.960882 0.034187
v -0.172839 -0.926051 0.008651
v -0.126599 -0.932590 -0.049424
v -0.074150 -0.974443 0.009473
v -0.095756 -0.970484 0.025638
v -0.126599 -0.932590 -0.049424
v -0.095756 -0.970484 0.025638
v -0.152186 -0.929562 -0.022157
v 0.001718 -0.870536 -0.187492
v 0.001697 -0.935341 -0.099135
v -0.032702 -0.936056 -0.095721
v 0.001718 -0.870536 -0.187492
v -0.032702 -0.936056 -0.095721
v -0.048717 -0.873358 -0.181674
v -0.048717 -0.873358 -0.181674
v -0.032702 -0.936056 -0.095721
v -0.066463 -0.934511 -0.088959
v -0.048717 -0.873358 -0.181674
v -0.066463 -0.934511 -0.088959
v -0.096470 -0.874293 -0.169900
v -0.032702 -0.936056 -0.095721
v -0.021298 -0.973095 -0.020811
v -0.045518 -0.965209 -0.033635
v -0.032702 -0.936056 -0.095721
v -0.045518 -0.965209 -0.033635
v -0.066463 -0.934511 -0.088959
v 0.001697 -0.935341 -0.099135
v 0.001676 -0.975665 -0.015360
v -0.021298 -0.973095 -0.020811
v 0.001697 -0.935341 -0.099135
v -0.021298 -0.973095 -0.020811
v -0.032702 -0.936056 -0.095721
v 0.001623 -0.970205 0.200368
v -0.027990 -0.966705 0.203175
v -0.028078 -0.985484 0.158429
v 0.001623 -0.970205 0.200368
v -0.028078 -0.985484 0.158429
v 0.001638 -0.993326 0.141178
v 0.001638 -0.993326 0.141178
v -0.028078 -0.985484 0.158429
v -0.040030 -0.990203 0.132097
v 0.001638 -0.993326 0.141178
v -0.040030 -0.990203 0.132097
v 0.001649 -1.000000 0.093979
v -0.028078 -0.985484 0.158429
v -0.063789 -0.966943 0.188508
v -0.080851 -0.969914 0.167658
v -0.028078 -0.985484 0.158429
v -0.080851 -0.969914 0.167658
v -0.040030 -0.990203 0.132097
v -0.027990 -0.966705 0.203175
v -0.053992 -0.957080 0.212575
v -0.063789 -0.966943 0.188508
v -0.027990 -0.966705 0.203175
v -0.063789 -0.966943 0.188508
v -0.028078 -0.985484 0.158429
v -0.100028 0.611108 -0.239693
v -0.124484 0.624110 -0.201655
v -0.062339 0.635248 -0.151414
v -0.100028 0.611108 -0.239693
v -0.062339 0.635248 -0.151414
v -0.053726 0.614000 -0.226576
v -0.053726 0.614000 -0.226576
v -0.062339 0.635248 -0.151414
v 0.001700 0.641379 -0.111650
v -0.053726 0.614000 -0.226576
v 0.001700 0.641379 -0.111650
v 0.001726 0.613908 -0.219207
v -0.062339 0.635248 -0.151414
v -0.092034 0.644601 -0.093739
v 0.001673 0.650827 -0.001983
v -0.062339 0.635248 -0.151414
v 0.001673 0.650827 -0.001983
v 0.001700 0.641379 -0.111650
v -0.124484 0.624110 -0.201655
v -0.161354 0.633680 -0.161655
v -0.092034 0.644601 -0.093739
v -0.124484 0.624110 -0.201655
v -0.092034 0.644601 -0.093739
v -0.062339 0.635248 -0.151414
v -0.225025 0.637742 0.002007
v -0.129943 0.648487 -0.000402
v -0.152559 0.644979 -0.063813
v -0.225025 0.637742 0.002007
v -0.152559 0.644979 -0.063813
v -0.230565 0.637185 -0.053305
v -0.230565 0.637185 -0.053305
v -0.152559 0.644979 -0.063813
v -0.203324 0.636386 -0.124862
v -0.230565 0.637185 -0.053305
v -0.203324 0.636386 -0.124862
v -0.244505 0.633583 -0.099615
v -0.152559 0.644979 -0.063813
v -0.092034 0.644601 -0.093739
v -0.161354 0.633680 -0.161655
v -0.152559 0.644979 -0.063813
v -0.161354 0.633680 -0.161655
v -0.203324 0.636386 -0.124862
v -0.129943 0.648487 -0.000402
v 0.001673 0.650827 -0.001983
v -0.092034 0.644601 -0.093739
v -0.129943 0.648487 -0.000402
v -0.092034 0.644601 -0.093739
v -0.152559 0.644979 -0.063813
v -0.155019 0.629700 0.157674
v -0.089940 0.644892 0.090740
v -0.150262 0.643858 0.062966
v -0.155019 0.629700 0.157674
v -0.150262 0.643858 0.062966
v -0.196494 0.629509 0.123216
v -0.196494 0.629509 0.123216
v -0.150262 0.643858 0.062966
v -0.227089 0.634229 0.056715
v -0.196494 0.629509 0.123216
v -0.227089 0.634229 0.056715
v -0.237118 0.626346 0.101514
v -0.150262 0.643858 0.062966
v -0.129943 0.648487 -0.000402
v -0.225025 0.637742 0.002007
v -0.150262 0.643858 0.062966
v -0.225025 0.637742 0.002007
v -0.227089 0.634229 0.056715
v -0.089940 0.644892 0.090740
v 0.001673 0.650827 -0.001983
v -0.129943 0.648487 -0.000402
v -0.089940 0.644892 0.090740
v -0.129943 0.648487 -0.000402
v -0.150262 0.643858 0.062966
v 0.001620 0.623439 0.214978
v 0.001646 0.644442 0.107514
v -0.060175 0.637190 0.147272
v 0.001620 0.623439 0.214978
v -0.060175 0.637190 0.147272
v -0.051562 0.624400 0.222883
v -0.051562 0.624400 0.222883
v -0.060175 0.637190 0.147272
v -0.119450 0.627290 0.197478
v -0.051562 0.624400 0.222883
v -0.119450 0.627290 0.197478
v -0.096268 0.622519 0.236530
v -0.060175 0.637190 0.147272
v -0.089940 0.644892 0.090740
v -0.155019 0.629700 0.157674
v -0.060175 0.637190 0.147272
v -0.155019 0.629700 0.157674
v -0.119450 0.627290 0.197478
v 0.001646 0.644442 0.107514
v 0.001673 0.650827 -0.001983
v -0.089940 0.644892 0.090740
v 0.001646 0.644442 0.107514
v -0.089940 0.644892 0.090740
v -0.060175 0.637190 0.147272
v -0.111255 -0.971341 0.086802
v -0.112208 -0.969142 0.059725
v -0.064894 -0.986731 0.061863
v -0.111255 -0.971341 0.086802
v -0.064894 -0.986731 0.061863
v -0.055613 -0.990999 0.090863
v -0.055613 -0.990999 0.090863
v -0.064894 -0.986731 0.061863
v -0.036399 -0.991842 0.051532
v -0.055613 -0.990999 0.090863
v -0.036399 -0.991842 0.051532
v 0.001649 -1.000000 0.093979
v -0.064894 -0.986731 0.061863
v -0.095756 -0.970484 0.025638
v -0.074150 -0.974443 0.009473
v -0.064894 -0.986731 0.061863
v -0.074150 -0.974443 0.009473
v -0.036399 -0.991842 0.051532
v -0.112208 -0.969142 0.059725
v -0.121434 -0.960882 0.034187
v -0.095756 -0.970484 0.025638
v -0.112208 -0.969142 0.059725
v -0.095756 -0.970484 0.025638
v -0.064894 -0.986731 0.061863
v -0.080851 -0.969914 0.167658
v -0.101530 -0.967801 0.149311
v -0.067575 -0.985744 0.118484
v -0.080851 -0.969914 0.167658
v -0.067575 -0.985744 0.118484
v -0.040030 -0.990203 0.132097
v -0.040030 -0.990203 0.132097
v -0.067575 -0.985744 0.118484
v -0.055613 -0.990999 0.090863
v -0.040030 -0.990203 0.132097
v -0.055613 -0.990999 0.090863
v 0.001649 -1.000000 0.093979
v -0.067575 -0.985744 0.118484
v -0.114953 -0.968409 0.113523
v -0.111255 -0.971341 0.086802
v -0.067575 -0.985744 0.118484
v -0.111255 -0.971341 0.086802
v -0.055613 -0.990999 0.090863
v -0.101530 -0.967801 0.149311
v -0.126371 -0.958556 0.137068
v -0.114953 -0.968409 0.113523
v -0.101530 -0.967801 0.149311
v -0.114953 -0.968409 0.113523
v -0.067575 -0.985744 0.118484
v -0.074150 -0.974443 0.009473
v -0.056049 -0.972846 -0.009631
v -0.022798 -0.988252 0.026249
v -0.074150 -0.974443 0.009473
v -0.022798 -0.988252 0.026249
v -0.036399 -0.991842 0.051532
v -0.036399 -0.991842 0.051532
v -0.022798 -0.988252 0.026249
v 0.001661 -0.994568 0.046594
v -0.036399 -0.991842 0.051532
v 0.001661 -0.994568 0.046594
v 0.001649 -1.000000 0.093979
v -0.022798 -0.988252 0.026249
v -0.021298 -0.973095 -0.020811
v 0.001676 -0.975665 -0.015360
v -0.022798 -0.988252 0.026249
v 0.001676 -0.975665 -0.015360
v 0.001661 -0.994568 0.046594
v -0.056049 -0.972846 -0.009631
v -0.045518 -0.965209 -0.033635
v -0.021298 -0.973095 -0.020811
v -0.056049 -0.972846 -0.009631
v -0.021298 -0.973095 -0.020811
v -0.022798 -0.988252 0.026249
v -0.005146 0.913978 -0.018400
v -0.003756 0.979523 -0.015041
v 0.001676 0.979523 -0.016121
v -0.005146 0.913978 -0.018400
v 0.001676 0.979523 -0.016121
v 0.001677 0.913978 -0.019755
v 0.014283 0.913978 -0.014530
v 0.011712 0.979523 -0.011961
v 0.014788 0.979523 -0.007355
v 0.014283 0.913978 -0.014530
v 0.014788 0.979523 -0.007355
v 0.018147 0.913978 -0.008745
v 0.018147 0.913978 -0.008745
v 0.014788 0.979523 -0.007355
v 0.015867 0.979523 -0.001923
v 0.018147 0.913978 -0.008745
v 0.015867 0.979523 -0.001923
v 0.019502 0.913978 -0.001922
v 0.019502 0.913978 -0.001922
v 0.015867 0.979523 -0.001923
v 0.014786 0.979523 0.003509
v 0.019502 0.913978 -0.001922
v 0.014786 0.979523 0.003509
v 0.018143 0.913978 0.004901
v 0.018143 0.913978 0.004901
v 0.014786 0.979523 0.003509
v 0.011707 0.979523 0.008113
v 0.018143 0.913978 0.004901
v 0.011707 0.979523 0.008113
v 0.014277 0.913978 0.010684
v 0.014277 0.913978 0.010684
v 0.011707 0.979523 0.008113
v 0.007102 0.979523 0.011189
v 0.014277 0.913978 0.010684
v 0.007102 0.979523 0.011189
v 0.008492 0.913978 0.014547
v 0.008492 0.913978 0.014547
v 0.007102 0.979523 0.011189
v 0.001669 0.979523 0.012268
v 0.008492 0.913978 0.014547
v 0.001669 0.979523 0.012268
v 0.001669 0.913978 0.015903
v 0.001669 0.913978 0.015903
v 0.001669 0.979523 0.012268
v -0.003762 0.979523 0.011187
v 0.001669 0.913978 0.015903
v -0.003762 0.979523 0.011187
v -0.005154 0.913978 0.014544
v -0.005154 0.913978 0.014544
v -0.003762 0.979523 0.011187
v -0.008366 0.979523 0.008108
v -0.005154 0.913978 0.014544
v -0.008366 0.979523 0.008108
v -0.010937 0.913978 0.010678
v -0.010937 0.913978 0.010678
v -0.008366 0.979523 0.008108
v -0.011442 0.979523 0.003503
v -0.010937 0.913978 0.010678
v -0.011442 0.979523 0.003503
v -0.014801 0.913978 0.004893
v -0.014801 0.913978 0.004893
v -0.011442 0.979523 0.003503
v -0.012521 0.979523 -0.001930
v -0.014801 0.913978 0.004893
v -0.012521 0.979523 -0.001930
v -0.016156 0.913978 -0.001930
v -0.016156 0.913978 -0.001930
v -0.012521 0.979523 -0.001930
v -0.011440 0.979523 -0.007361
v -0.016156 0.913978 -0.001930
v -0.011440 0.979523 -0.007361
v -0.014797 0.913978 -0.008753
v -0.014797 0.913978 -0.008753
v -0.011440 0.979523 -0.007361
v -0.008362 0.979523 -0.011966
v -0.014797 0.913978 -0.008753
v -0.008362 0.979523 -0.011966
v -0.010931 0.913978 -0.014536
v -0.010931 0.913978 -0.014536
v -0.008362 0.979523 -0.011966
v -0.003756 0.979523 -0.015041
v -0.010931 0.913978 -0.014536
v -0.003756 0.979523 -0.015041
v -0.005146 0.913978 -0.018400
v 0.001677 0.913978 -0.019755
v 0.001676 0.979523 -0.016121
v 0.007108 0.979523 -0.015039
v 0.001677 0.913978 -0.019755
v 0.007108 0.979523 -0.015039
v 0.008500 0.913978 -0.018396
v 0.008500 0.913978 -0.018396
v 0.007108 0.979523 -0.015039
v 0.011712 0.979523 -0.011961
v 0.008500 0.913978 -0.018396
v 0.011712 0.979523 -0.011961
v 0.014283 0.913978 -0.014530
v -0.022587 0.569889 -0.060537
v -0.014914 0.703339 -0.041999
v 0.001684 0.703339 -0.045297
v -0.022587 0.569889 -0.060537
v 0.001684 0.703339 -0.045297
v 0.001688 0.569889 -0.065359
v -0.014914 0.703339 -0.041999
v -0.010832 0.766156 -0.032137
v 0.001681 0.766156 -0.034623
v -0.014914 0.703339 -0.041999
v 0.001681 0.766156 -0.034623
v 0.001684 0.703339 -0.045297
v -0.010832 0.766156 -0.032137
v -0.007712 0.827956 -0.024599
v 0.001679 0.827956 -0.026465
v -0.010832 0.766156 -0.032137
v 0.001679 0.827956 -0.026465
v 0.001681 0.766156 -0.034623
v -0.007712 0.827956 -0.024599
v -0.005146 0.913978 -0.018400
v 0.001677 0.913978 -0.019755
v -0.007712 0.827956 -0.024599
v 0.001677 0.913978 -0.019755
v 0.001679 0.827956 -0.026465
v -0.043170 0.569889 -0.046791
v -0.028987 0.703339 -0.032601
v -0.014914 0.703339 -0.041999
v -0.043170 0.569889 -0.046791
v -0.014914 0.703339 -0.041999
v -0.022587 0.569889 -0.060537
v -0.028987 0.703339 -0.032601
v -0.021441 0.766156 -0.025052
v -0.010832 0.766156 -0.032137
v -0.028987 0.703339 -0.032601
v -0.010832 0.766156 -0.032137
v -0.014914 0.703339 -0.041999
v -0.021441 0.766156 -0.025052
v -0.015674 0.827956 -0.019282
v -0.007712 0.827956 -0.024599
v -0.021441 0.766156 -0.025052
v -0.007712 0.827956 -0.024599
v -0.010832 0.766156 -0.032137
v -0.015674 0.827956 -0.019282
v -0.010931 0.913978 -0.014536
v -0.005146 0.913978 -0.018400
v -0.015674 0.827956 -0.019282
v -0.005146 0.913978 -0.018400
v -0.007712 0.827956 -0.024599
v -0.056926 0.569889 -0.026215
v -0.038392 0.703339 -0.018533
v -0.028987 0.703339 -0.032601
v -0.056926 0.569889 -0.026215
v -0.028987 0.703339 -0.032601
v -0.043170 0.569889 -0.046791
v -0.038392 0.703339 -0.018533
v -0.028532 0.766156 -0.014446
v -0.021441 0.766156 -0.025052
v -0.038392 0.703339 -0.018533
v -0.021441 0.766156 -0.025052
v -0.028987 0.703339 -0.032601
v -0.028532 0.766156 -0.014446
v -0.020996 0.827956 -0.011322
v -0.015674 0.827956 -0.019282
v -0.028532 0.766156 -0.014446
v -0.015674 0.827956 -0.019282
v -0.021441 0.766156 -0.025052
v -0.020996 0.827956 -0.011322
v -0.014797 0.913978 -0.008753
v -0.010931 0.913978 -0.014536
v -0.020996 0.827956 -0.011322
v -0.010931 0.913978 -0.014536
v -0.015674 0.827956 -0.019282
v -0.061760 0.569889 -0.001942
v -0.041698 0.703339 -0.001937
v -0.038392 0.703339 -0.018533
v -0.061760 0.569889 -0.001942
v -0.038392 0.703339 -0.018533
v -0.056926 0.569889 -0.026215
v -0.041698 0.703339 -0.001937
v -0.031024 0.766156 -0.001934
v -0.028532 0.766156 -0.014446
v -0.041698 0.703339 -0.001937
v -0.028532 0.766156 -0.014446
v -0.038392 0.703339 -0.018533
v -0.031024 0.766156 -0.001934
v -0.022866 0.827956 -0.001932
v -0.020996 0.827956 -0.011322
v -0.031024 0.766156 -0.001934
v -0.020996 0.827956 -0.011322
v -0.028532 0.766156 -0.014446
v -0.022866 0.827956 -0.001932
v -0.016156 0.913978 -0.001930
v -0.014797 0.913978 -0.008753
v -0.022866 0.827956 -0.001932
v -0.014797 0.913978 -0.008753
v -0.020996 0.827956 -0.011322
v -0.056938 0.569889 0.022334
v -0.038400 0.703339 0.014661
v -0.041698 0.703339 -0.001937
v -0.056938 0.569889 0.022334
v -0.041698 0.703339 -0.001937
v -0.061760 0.569889 -0.001942
v -0.038400 0.703339 0.014661
v -0.028538 0.766156 0.010579
v -0.031024 0.766156 -0.001934
v -0.038400 0.703339 0.014661
v -0.031024 0.766156 -0.001934
v -0.041698 0.703339 -0.001937
v -0.028538 0.766156 0.010579
v -0.021000 0.827956 0.007459
v -0.022866 0.827956 -0.001932
v -0.028538 0.766156 0.010579
v -0.022866 0.827956 -0.001932
v -0.031024 0.766156 -0.001934
v -0.021000 0.827956 0.007459
v -0.014801 0.913978 0.004893
v -0.016156 0.913978 -0.001930
v -0.021000 0.827956 0.007459
v -0.016156 0.913978 -0.001930
v -0.022866 0.827956 -0.001932
v -0.043192 0.569889 0.042917
v -0.029002 0.703339 0.028734
v -0.038400 0.703339 0.014661
v -0.043192 0.569889 0.042917
v -0.038400 0.703339 0.014661
v -0.056938 0.569889 0.022334
v -0.029002 0.703339 0.028734
v -0.021453 0.766156 0.021188
v -0.028538 0.766156 0.010579
v -0.029002 0.703339 0.028734
v -0.028538 0.766156 0.010579
v -0.038400 0.703339 0.014661
v -0.021453 0.766156 0.021188
v -0.015683 0.827956 0.015421
v -0.021000 0.827956 0.007459
v -0.021453 0.766156 0.021188
v -0.021000 0.827956 0.007459
v -0.028538 0.766156 0.010579
v -0.015683 0.827956 0.015421
v -0.010937 0.913978 0.010678
v -0.014801 0.913978 0.004893
v -0.015683 0.827956 0.015421
v -0.014801 0.913978 0.004893
v -0.021000 0.827956 0.007459
v -0.022616 0.569889 0.056673
v -0.014934 0.703339 0.038139
v -0.029002 0.703339 0.028734
v -0.022616 0.569889 0.056673
v -0.029002 0.703339 0.028734
v -0.043192 0.569889 0.042917
v -0.014934 0.703339 0.038139
v -0.010847 0.766156 0.028278
v -0.021453 0.766156 0.021188
v -0.014934 0.703339 0.038139
v -0.021453 0.766156 0.021188
v -0.029002 0.703339 0.028734
v -0.010847 0.766156 0.028278
v -0.007723 0.827956 0.020743
v -0.015683 0.827956 0.015421
v -0.010847 0.766156 0.028278
v -0.015683 0.827956 0.015421
v -0.021453 0.766156 0.021188
v -0.007723 0.827956 0.020743
v -0.005154 0.913978 0.014544
v -0.010937 0.913978 0.010678
v -0.007723 0.827956 0.020743
v -0.010937 0.913978 0.010678
v -0.015683 0.827956 0.015421
v 0.001657 0.569889 0.061507
v 0.001662 0.703339 0.041445
v -0.014934 0.703339 0.038139
v 0.001657 0.569889 0.061507
v -0.014934 0.703339 0.038139
v -0.022616 0.569889 0.056673
v 0.001662 0.703339 0.041445
v 0.001665 0.766156 0.030770
v -0.010847 0.766156 0.028278
v 0.001662 0.703339 0.041445
v -0.010847 0.766156 0.028278
v -0.014934 0.703339 0.038139
v 0.001665 0.766156 0.030770
v 0.001667 0.827956 0.022613
v -0.007723 0.827956 0.020743
v 0.001665 0.766156 0.030770
v -0.007723 0.827956 0.020743
v -0.010847 0.766156 0.028278
v 0.001667 0.827956 0.022613
v 0.001669 0.913978 0.015903
v -0.005154 0.913978 0.014544
v 0.001667 0.827956 0.022613
v -0.005154 0.913978 0.014544
v -0.007723 0.827956 0.020743
v 0.025933 0.569889 0.056684
v 0.018260 0.703339 0.038147
v 0.001662 0.703339 0.041445
v 0.025933 0.569889 0.056684
v 0.001662 0.703339 0.041445
v 0.001657 0.569889 0.061507
v 0.018260 0.703339 0.038147
v 0.014178 0.766156 0.028285
v 0.001665 0.766156 0.030770
v 0.018260 0.703339 0.038147
v 0.001665 0.766156 0.030770
v 0.001662 0.703339 0.041445
v 0.014178 0.766156 0.028285
v 0.011058 0.827956 0.020747
v 0.001667 0.827956 0.022613
v 0.014178 0.766156 0.028285
v 0.001667 0.827956 0.022613
v 0.001665 0.766156 0.030770
v 0.011058 0.827956 0.020747
v 0.008492 0.913978 0.014547
v 0.001669 0.913978 0.015903
v 0.011058 0.827956 0.020747
v 0.001669 0.913978 0.015903
v 0.001667 0.827956 0.022613
v 0.046516 0.569889 0.042939
v 0.032333 0.703339 0.028749
v 0.018260 0.703339 0.038147
v 0.046516 0.569889 0.042939
v 0.018260 0.703339 0.038147
v 0.025933 0.569889 0.056684
v 0.032333 0.703339 0.028749
v 0.024787 0.766156 0.021200
v 0.014178 0.766156 0.028285
v 0.032333 0.703339 0.028749
v 0.014178 0.766156 0.028285
v 0.018260 0.703339 0.038147
v 0.024787 0.766156 0.021200
v 0.019020 0.827956 0.015430
v 0.011058 0.827956 0.020747
v 0.024787 0.766156 0.021200
v 0.011058 0.827956 0.020747
v 0.014178 0.766156 0.028285
v 0.019020 0.827956 0.015430
v 0.014277 0.913978 0.010684
v 0.008492 0.913978 0.014547
v 0.019020 0.827956 0.015430
v 0.008492 0.913978 0.014547
v 0.011058 0.827956 0.020747
v 0.060272 0.569889 0.022363
v 0.041738 0.703339 0.014681
v 0.032333 0.703339 0.028749
v 0.060272 0.569889 0.022363
v 0.032333 0.703339 0.028749
v 0.046516 0.569889 0.042939
v 0.041738 0.703339 0.014681
v 0.031878 0.766156 0.010594
v 0.024787 0.766156 0.021200
v 0.041738 0.703339 0.014681
v 0.024787 0.766156 0.021200
v 0.032333 0.703339 0.028749
v 0.031878 0.766156 0.010594
v 0.024342 0.827956 0.007470
v 0.019020 0.827956 0.015430
v 0.031878 0.766156 0.010594
v 0.019020 0.827956 0.015430
v 0.024787 0.766156 0.021200
v 0.024342 0.827956 0.007470
v 0.018143 0.913978 0.004901
v 0.014277 0.913978 0.010684
v 0.024342 0.827956 0.007470
v 0.014277 0.913978 0.010684
v 0.019020 0.827956 0.015430
v 0.065106 0.569889 -0.001911
v 0.045044 0.703339 -0.001915
v 0.041738 0.703339 0.014681
v 0.065106 0.569889 -0.001911
v 0.041738 0.703339 0.014681
v 0.060272 0.569889 0.022363
v 0.045044 0.703339 -0.001915
v 0.034369 0.766156 -0.001918
v 0.031878 0.766156 0.010594
v 0.045044 0.703339 -0.001915
v 0.031878 0.766156 0.010594
v 0.041738 0.703339 0.014681
v 0.034369 0.766156 -0.001918
v 0.026212 0.827956 -0.001920
v 0.024342 0.827956 0.007470
v 0.034369 0.766156 -0.001918
v 0.024342 0.827956 0.007470
v 0.031878 0.766156 0.010594
v 0.026212 0.827956 -0.001920
v 0.019502 0.913978 -0.001922
v 0.018143 0.913978 0.004901
v 0.026212 0.827956 -0.001920
v 0.018143 0.913978 0.004901
v 0.024342 0.827956 0.007470
v 0.060283 0.569889 -0.026187
v 0.041746 0.703339 -0.018513
v 0.045044 0.703339 -0.001915
v 0.060283 0.569889 -0.026187
v 0.045044 0.703339 -0.001915
v 0.065106 0.569889 -0.001911
v 0.041746 0.703339 -0.018513
v 0.031884 0.766156 -0.014431
v 0.034369 0.766156 -0.001918
v 0.041746 0.703339 -0.018513
v 0.034369 0.766156 -0.001918
v 0.045044 0.703339 -0.001915
v 0.031884 0.766156 -0.014431
v 0.024346 0.827956 -0.011311
v 0.026212 0.827956 -0.001920
v 0.031884 0.766156 -0.014431
v 0.026212 0.827956 -0.001920
v 0.034369 0.766156 -0.001918
v 0.024346 0.827956 -0.011311
v 0.018147 0.913978 -0.008745
v 0.019502 0.913978 -0.001922
v 0.024346 0.827956 -0.011311
v 0.019502 0.913978 -0.001922
v 0.026212 0.827956 -0.001920
v 0.046538 0.569889 -0.046769
v 0.032348 0.703339 -0.032586
v 0.041746 0.703339 -0.018513
v 0.046538 0.569889 -0.046769
v 0.041746 0.703339 -0.018513
v 0.060283 0.569889 -0.026187
v 0.032348 0.703339 -0.032586
v 0.024799 0.766156 -0.025040
v 0.031884 0.766156 -0.014431
v 0.032348 0.703339 -0.032586
v 0.031884 0.766156 -0.014431
v 0.041746 0.703339 -0.018513
v 0.024799 0.766156 -0.025040
v 0.019029 0.827956 -0.019274
v 0.024346 0.827956 -0.011311
v 0.024799 0.766156 -0.025040
v 0.024346 0.827956 -0.011311
v 0.031884 0.766156 -0.014431
v 0.019029 0.827956 -0.019274
v 0.014283 0.913978 -0.014530
v 0.018147 0.913978 -0.008745
v 0.019029 0.827956 -0.019274
v 0.018147 0.913978 -0.008745
v 0.024346 0.827956 -0.011311
v 0.025962 0.569889 -0.060525
v 0.018280 0.703339 -0.041991
v 0.032348 0.703339 -0.032586
v 0.025962 0.569889 -0.060525
v 0.032348 0.703339 -0.032586
v 0.046538 0.569889 -0.046769
v 0.018280 0.703339 -0.041991
v 0.014193 0.766156 -0.032131
v 0.024799 0.766156 -0.025040
v 0.018280 0.703339 -0.041991
v 0.024799 0.766156 -0.025040
v 0.032348 0.703339 -0.032586
v 0.014193 0.766156 -0.032131
v 0.011069 0.827956 -0.024595
v 0.019029 0.827956 -0.019274
v 0.014193 0.766156 -0.032131
v 0.019029 0.827956 -0.019274
v 0.024799 0.766156 -0.025040
v 0.011069 0.827956 -0.024595
v 0.008500 0.913978 -0.018396
v 0.014283 0.913978 -0.014530
v 0.011069 0.827956 -0.024595
v 0.014283 0.913978 -0.014530
v 0.019029 0.827956 -0.019274
v 0.001688 0.569889 -0.065359
v 0.001684 0.703339 -0.045297
v 0.018280 0.703339 -0.041991
v 0.001688 0.569889 -0.065359
v 0.018280 0.703339 -0.041991
v 0.025962 0.569889 -0.060525
v 0.001684 0.703339 -0.045297
v 0.001681 0.766156 -0.034623
v 0.014193 0.766156 -0.032131
v 0.001684 0.703339 -0.045297
v 0.014193 0.766156 -0.032131
v 0.018280 0.703339 -0.041991
v 0.001681 0.766156 -0.034623
v 0.001679 0.827956 -0.026465
v 0.011069 0.827956 -0.024595
v 0.001681 0.766156 -0.034623
v 0.011069 0.827956 -0.024595
v 0.014193 0.766156 -0.032131
v 0.001679 0.827956 -0.026465
v 0.001677 0.913978 -0.019755
v 0.008500 0.913978 -0.018396
v 0.001679 0.827956 -0.026465
v 0.008500 0.913978 -0.018396
v 0.011069 0.827956 -0.024595
v 0.007108 0.979523 -0.015039
v 0.001676 0.979523 -0.016121
v 0.001675 1.000000 -0.011615
v 0.007108 0.979523 -0.015039
v 0.001675 1.000000 -0.011615
v 0.005383 1.000000 -0.010877
v 0.011712 0.979523 -0.011961
v 0.007108 0.979523 -0.015039
v 0.005383 1.000000 -0.010877
v 0.011712 0.979523 -0.011961
v 0.005383 1.000000 -0.010877
v 0.008526 1.000000 -0.008775
v 0.014788 0.979523 -0.007355
v 0.011712 0.979523 -0.011961
v 0.008526 1.000000 -0.008775
v 0.014788 0.979523 -0.007355
v 0.008526 1.000000 -0.008775
v 0.010625 1.000000 -0.005632
v 0.015867 0.979523 -0.001923
v 0.014788 0.979523 -0.007355
v 0.010625 1.000000 -0.005632
v 0.015867 0.979523 -0.001923
v 0.010625 1.000000 -0.005632
v 0.011362 1.000000 -0.001924
v 0.014786 0.979523 0.003509
v 0.015867 0.979523 -0.001923
v 0.011362 1.000000 -0.001924
v 0.014786 0.979523 0.003509
v 0.011362 1.000000 -0.001924
v 0.010623 1.000000 0.001784
v 0.011707 0.979523 0.008113
v 0.014786 0.979523 0.003509
v 0.010623 1.000000 0.001784
v 0.011707 0.979523 0.008113
v 0.010623 1.000000 0.001784
v 0.008522 1.000000 0.004927
v 0.007102 0.979523 0.011189
v 0.011707 0.979523 0.008113
v 0.008522 1.000000 0.004927
v 0.007102 0.979523 0.011189
v 0.008522 1.000000 0.004927
v 0.005379 1.000000 0.007026
v 0.001669 0.979523 0.012268
v 0.007102 0.979523 0.011189
v 0.005379 1.000000 0.007026
v 0.001669 0.979523 0.012268
v 0.005379 1.000000 0.007026
v 0.001671 1.000000 0.007763
v -0.003762 0.979523 0.011187
v 0.001669 0.979523 0.012268
v 0.001671 1.000000 0.007763
v -0.003762 0.979523 0.011187
v 0.001671 1.000000 0.007763
v -0.002037 1.000000 0.007024
v -0.008366 0.979523 0.008108
v -0.003762 0.979523 0.011187
v -0.002037 1.000000 0.007024
v -0.008366 0.979523 0.008108
v -0.002037 1.000000 0.007024
v -0.005180 1.000000 0.004923
v -0.011442 0.979523 0.003503
v -0.008366 0.979523 0.008108
v -0.005180 1.000000 0.004923
v -0.011442 0.979523 0.003503
v -0.005180 1.000000 0.004923
v -0.007279 1.000000 0.001779
v -0.012521 0.979523 -0.001930
v -0.011442 0.979523 0.003503
v -0.007279 1.000000 0.001779
v -0.012521 0.979523 -0.001930
v -0.007279 1.000000 0.001779
v -0.008016 1.000000 -0.001928
v -0.011440 0.979523 -0.007361
v -0.012521 0.979523 -0.001930
v -0.008016 1.000000 -0.001928
v -0.011440 0.979523 -0.007361
v -0.008016 1.000000 -0.001928
v -0.007277 1.000000 -0.005636
v -0.008362 0.979523 -0.011966
v -0.011440 0.979523 -0.007361
v -0.007277 1.000000 -0.005636
v -0.008362 0.979523 -0.011966
v -0.007277 1.000000 -0.005636
v -0.005176 1.000000 -0.008779
v -0.003756 0.979523 -0.015041
v -0.008362 0.979523 -0.011966
v -0.005176 1.000000 -0.008779
v -0.003756 0.979523 -0.015041
v -0.005176 1.000000 -0.008779
v -0.002033 1.000000 -0.010878
v 0.001676 0.979523 -0.016121
v -0.003756 0.979523 -0.015041
v -0.002033 1.000000 -0.010878
v 0.001676 0.979523 -0.016121
v -0.002033 1.000000 -0.010878
v 0.001675 1.000000 -0.011615
v -0.050536 0.665440 0.048902
v -0.071557 0.667453 0.030102
v -0.111210 0.669475 0.044098
v -0.050536 0.665440 0.048902
v -0.111210 0.669475 0.044098
v -0.086672 0.668113 0.079762
v -0.085933 0.674992 -0.020240
v -0.130229 0.665864 -0.032841
v -0.124616 0.670767 0.007067
v -0.085933 0.674992 -0.020240
v -0.124616 0.670767 0.007067
v -0.082288 0.669893 0.005280
v -0.082288 0.669893 0.005280
v -0.124616 0.670767 0.007067
v -0.111210 0.669475 0.044098
v -0.082288 0.669893 0.005280
v -0.111210 0.669475 0.044098
v -0.071557 0.667453 0.030102
v -0.039952 0.665134 -0.015254
v -0.085933 0.674992 -0.020240
v -0.082288 0.669893 0.005280
v -0.039952 0.665134 -0.015254
v -0.082288 0.669893 0.005280
v -0.037970 0.665268 -0.003763
v -0.037970 0.665268 -0.003763
v -0.082288 0.669893 0.005280
v -0.071557 0.667453 0.030102
v -0.037970 0.665268 -0.003763
v -0.071557 0.667453 0.030102
v -0.035201 0.665038 0.007536
v -0.035201 0.665038 0.007536
v -0.071557 0.667453 0.030102
v -0.050536 0.665440 0.048902
v -0.035201 0.665038 0.007536
v -0.050536 0.665440 0.048902
v -0.031606 0.664161 0.018585
v -0.040121 0.671592 0.101324
v -0.028580 0.670400 0.061006
v -0.050536 0.665440 0.048902
v -0.040121 0.671592 0.101324
v -0.050536 0.665440 0.048902
v -0.086672 0.668113 0.079762
v -0.001582 0.678915 0.057845
v -0.013472 0.663169 0.025441
v -0.021259 0.664032 0.022302
v -0.001582 0.678915 0.057845
v -0.021259 0.664032 0.022302
v -0.028580 0.670400 0.061006
v -0.028580 0.670400 0.061006
v -0.021259 0.664032 0.022302
v -0.031606 0.664161 0.018585
v -0.028580 0.670400 0.061006
v -0.031606 0.664161 0.018585
v -0.050536 0.665440 0.048902
v 0.019417 0.674252 0.102998
v -0.001582 0.678915 0.057845
v -0.028580 0.670400 0.061006
v 0.019417 0.674252 0.102998
v -0.028580 0.670400 0.061006
v -0.040121 0.671592 0.101324
v 0.060812 0.670334 -0.007926
v 0.017602 0.661086 -0.007668
v 0.009360 0.666445 0.006295
v 0.060812 0.670334 -0.007926
v 0.009360 0.666445 0.006295
v 0.051837 0.679303 0.020917
v 0.114032 0.672809 0.006382
v 0.060812 0.670334 -0.007926
v 0.051837 0.679303 0.020917
v 0.114032 0.672809 0.006382
v 0.051837 0.679303 0.020917
v 0.092024 0.679894 0.046232
v 0.051837 0.679303 0.020917
v 0.009360 0.666445 0.006295
v -0.001159 0.666329 0.016862
v 0.051837 0.679303 0.020917
v -0.001159 0.666329 0.016862
v 0.024697 0.678199 0.048153
v 0.092024 0.679894 0.046232
v 0.051837 0.679303 0.020917
v 0.024697 0.678199 0.048153
v 0.092024 0.679894 0.046232
v 0.024697 0.678199 0.048153
v 0.058464 0.681246 0.082084
v 0.024697 0.678199 0.048153
v -0.001159 0.666329 0.016862
v -0.013472 0.663169 0.025441
v 0.024697 0.678199 0.048153
v -0.013472 0.663169 0.025441
v -0.001582 0.678915 0.057845
v 0.058464 0.681246 0.082084
v 0.024697 0.678199 0.048153
v -0.001582 0.678915 0.057845
v 0.058464 0.681246 0.082084
v -0.001582 0.678915 0.057845
v 0.019417 0.674252 0.102998
v 0.100340 0.679435 0.105888
v 0.058464 0.681246 0.082084
v 0.019417 0.674252 0.102998
v 0.100340 0.679435 0.105888
v 0.019417 0.674252 0.102998
v 0.060144 0.673784 0.143058
v 0.100340 0.679435 0.105888
v 0.060144 0.673784 0.143058
v 0.104841 0.672478 0.171227
v 0.100340 0.679435 0.105888
v 0.104841 0.672478 0.171227
v 0.148562 0.677422 0.128975
v 0.060144 0.673784 0.143058
v 0.019417 0.674252 0.102998
v 0.019553 0.653310 0.167347
v 0.060144 0.673784 0.143058
v 0.019553 0.653310 0.167347
v 0.070346 0.644935 0.184571
v -0.036141 0.657535 0.152233
v 0.019553 0.653310 0.167347
v 0.019417 0.674252 0.102998
v -0.036141 0.657535 0.152233
v 0.019417 0.674252 0.102998
v -0.040121 0.671592 0.101324
v -0.089009 0.651699 0.137482
v -0.036141 0.657535 0.152233
v -0.040121 0.671592 0.101324
v -0.089009 0.651699 0.137482
v -0.040121 0.671592 0.101324
v -0.086672 0.668113 0.079762
v 0.166510 0.672908 0.016915
v 0.114032 0.672809 0.006382
v 0.092024 0.679894 0.046232
v 0.166510 0.672908 0.016915
v 0.092024 0.679894 0.046232
v 0.136295 0.677138 0.063612
v 0.218613 0.673907 0.029431
v 0.166510 0.672908 0.016915
v 0.136295 0.677138 0.063612
v 0.218613 0.673907 0.029431
v 0.136295 0.677138 0.063612
v 0.186202 0.677034 0.081207
v 0.100340 0.679435 0.105888
v 0.136295 0.677138 0.063612
v 0.092024 0.679894 0.046232
v 0.100340 0.679435 0.105888
v 0.092024 0.679894 0.046232
v 0.058464 0.681246 0.082084
v 0.148562 0.677422 0.128975
v 0.186202 0.677034 0.081207
v 0.136295 0.677138 0.063612
v 0.148562 0.677422 0.128975
v 0.136295 0.677138 0.063612
v 0.100340 0.679435 0.105888
v 0.029791 0.679692 0.569979
v 0.011687 0.650249 0.528772
v -0.040023 0.646727 0.534926
v 0.029791 0.679692 0.569979
v -0.040023 0.646727 0.534926
v -0.005812 0.675520 0.574778
v 0.065713 0.682603 0.568626
v 0.063647 0.653286 0.527171
v 0.011687 0.650249 0.528772
v 0.065713 0.682603 0.568626
v 0.011687 0.650249 0.528772
v 0.029791 0.679692 0.569979
v 0.101682 0.683445 0.571948
v 0.115590 0.655559 0.531074
v 0.063647 0.653286 0.527171
v 0.101682 0.683445 0.571948
v 0.063647 0.653286 0.527171
v 0.065713 0.682603 0.568626
v 0.011687 0.650249 0.528772
v -0.004711 0.632591 0.479085
v -0.069480 0.628018 0.487627
v 0.011687 0.650249 0.528772
v -0.069480 0.628018 0.487627
v -0.040023 0.646727 0.534926
v 0.063647 0.653286 0.527171
v 0.060246 0.634749 0.476975
v -0.004711 0.632591 0.479085
v 0.063647 0.653286 0.527171
v -0.004711 0.632591 0.479085
v 0.011687 0.650249 0.528772
v 0.115590 0.655559 0.531074
v 0.124891 0.636657 0.484427
v 0.060246 0.634749 0.476975
v 0.115590 0.655559 0.531074
v 0.060246 0.634749 0.476975
v 0.063647 0.653286 0.527171
v -0.004711 0.632591 0.479085
v -0.017354 0.625996 0.427306
v -0.089444 0.618798 0.432542
v -0.004711 0.632591 0.479085
v -0.089444 0.618798 0.432542
v -0.069480 0.628018 0.487627
v 0.060246 0.634749 0.476975
v 0.055071 0.627570 0.427566
v -0.017354 0.625996 0.427306
v 0.060246 0.634749 0.476975
v -0.017354 0.625996 0.427306
v -0.004711 0.632591 0.479085
v 0.124891 0.636657 0.484427
v 0.127306 0.627108 0.434252
v 0.055071 0.627570 0.427566
v 0.124891 0.636657 0.484427
v 0.055071 0.627570 0.427566
v 0.060246 0.634749 0.476975
v -0.017354 0.625996 0.427306
v -0.025986 0.625962 0.371956
v -0.100673 0.619147 0.373256
v -0.017354 0.625996 0.427306
v -0.100673 0.619147 0.373256
v -0.089444 0.618798 0.432542
v 0.055071 0.627570 0.427566
v 0.048806 0.626524 0.374740
v -0.025986 0.625962 0.371956
v 0.055071 0.627570 0.427566
v -0.025986 0.625962 0.371956
v -0.017354 0.625996 0.427306
v 0.127306 0.627108 0.434252
v 0.123228 0.624605 0.383130
v 0.048806 0.626524 0.374740
v 0.127306 0.627108 0.434252
v 0.048806 0.626524 0.374740
v 0.055071 0.627570 0.427566
v -0.025986 0.625962 0.371956
v -0.031781 0.630371 0.316370
v -0.105396 0.625166 0.313708
v -0.025986 0.625962 0.371956
v -0.105396 0.625166 0.313708
v -0.100673 0.619147 0.373256
v 0.048806 0.626524 0.374740
v 0.041723 0.629308 0.321949
v -0.031781 0.630371 0.316370
v 0.048806 0.626524 0.374740
v -0.031781 0.630371 0.316370
v -0.025986 0.625962 0.371956
v 0.123228 0.624605 0.383130
v 0.114680 0.626612 0.332457
v 0.041723 0.629308 0.321949
v 0.123228 0.624605 0.383130
v 0.041723 0.629308 0.321949
v 0.048806 0.626524 0.374740
v -0.031781 0.630371 0.316370
v -0.034849 0.637471 0.261133
v -0.104492 0.633923 0.254765
v -0.031781 0.630371 0.316370
v -0.104492 0.633923 0.254765
v -0.105396 0.625166 0.313708
v 0.041723 0.629308 0.321949
v 0.034499 0.635597 0.269756
v -0.034849 0.637471 0.261133
v 0.041723 0.629308 0.321949
v -0.034849 0.637471 0.261133
v -0.031781 0.630371 0.316370
v 0.114680 0.626612 0.332457
v 0.102046 0.631364 0.282068
v 0.034499 0.635597 0.269756
v 0.114680 0.626612 0.332457
v 0.034499 0.635597 0.269756
v 0.041723 0.629308 0.321949
v -0.034849 0.637471 0.261133
v -0.035881 0.645574 0.206192
v -0.099282 0.641788 0.195779
v -0.034849 0.637471 0.261133
v -0.099282 0.641788 0.195779
v -0.104492 0.633923 0.254765
v 0.034499 0.635597 0.269756
v 0.027172 0.643634 0.218208
v -0.035881 0.645574 0.206192
v 0.034499 0.635597 0.269756
v -0.035881 0.645574 0.206192
v -0.034849 0.637471 0.261133
v 0.102046 0.631364 0.282068
v 0.085232 0.638203 0.232969
v 0.027172 0.643634 0.218208
v 0.102046 0.631364 0.282068
v 0.027172 0.643634 0.218208
v 0.034499 0.635597 0.269756
v -0.036141 0.657535 0.152233
v -0.089009 0.651699 0.137482
v -0.099282 0.641788 0.195779
v -0.036141 0.657535 0.152233
v -0.099282 0.641788 0.195779
v -0.035881 0.645574 0.206192
v 0.019553 0.653310 0.167347
v -0.036141 0.657535 0.152233
v -0.035881 0.645574 0.206192
v 0.019553 0.653310 0.167347
v -0.035881 0.645574 0.206192
v 0.027172 0.643634 0.218208
v 0.070346 0.644935 0.184571
v 0.019553 0.653310 0.167347
v 0.027172 0.643634 0.218208
v 0.070346 0.644935 0.184571
v 0.027172 0.643634 0.218208
v 0.085232 0.638203 0.232969
v 0.027520 0.712636 0.608714
v 0.046889 0.715313 0.607096
v 0.029791 0.679692 0.569979
v 0.027520 0.712636 0.608714
v 0.029791 0.679692 0.569979
v -0.005812 0.675520 0.574778
v 0.056476 0.750711 0.644419
v 0.060674 0.752737 0.646006
v 0.046889 0.715313 0.607096
v 0.056476 0.750711 0.644419
v 0.046889 0.715313 0.607096
v 0.027520 0.712636 0.608714
v 0.046889 0.715313 0.607096
v 0.066401 0.717094 0.606386
v 0.065713 0.682603 0.568626
v 0.046889 0.715313 0.607096
v 0.065713 0.682603 0.568626
v 0.029791 0.679692 0.569979
v 0.060674 0.752737 0.646006
v 0.065225 0.752735 0.645544
v 0.066401 0.717094 0.606386
v 0.060674 0.752737 0.646006
v 0.066401 0.717094 0.606386
v 0.046889 0.715313 0.607096
v 0.066401 0.717094 0.606386
v 0.085985 0.717229 0.607506
v 0.101682 0.683445 0.571948
v 0.066401 0.717094 0.606386
v 0.101682 0.683445 0.571948
v 0.065713 0.682603 0.568626
v 0.065225 0.752735 0.645544
v 0.069433 0.750229 0.643000
v 0.085985 0.717229 0.607506
v 0.065225 0.752735 0.645544
v 0.085985 0.717229 0.607506
v 0.066401 0.717094 0.606386
v 0.234567 0.679754 0.101702
v 0.281222 0.686199 0.123530
v 0.319995 0.683469 0.063206
v 0.234567 0.679754 0.101702
v 0.319995 0.683469 0.063206
v 0.269946 0.677019 0.044821
v 0.194700 0.679628 0.155214
v 0.239578 0.684215 0.181663
v 0.281222 0.686199 0.123530
v 0.194700 0.679628 0.155214
v 0.281222 0.686199 0.123530
v 0.234567 0.679754 0.101702
v 0.149205 0.673359 0.203463
v 0.193282 0.678028 0.235898
v 0.239578 0.684215 0.181663
v 0.149205 0.673359 0.203463
v 0.239578 0.684215 0.181663
v 0.194700 0.679628 0.155214
v 0.281222 0.686199 0.123530
v 0.327470 0.697611 0.146937
v 0.367551 0.695424 0.085172
v 0.281222 0.686199 0.123530
v 0.367551 0.695424 0.085172
v 0.319995 0.683469 0.063206
v 0.239578 0.684215 0.181663
v 0.285792 0.693459 0.207236
v 0.327470 0.697611 0.146937
v 0.239578 0.684215 0.181663
v 0.327470 0.697611 0.146937
v 0.281222 0.686199 0.123530
v 0.193282 0.678028 0.235898
v 0.239432 0.686225 0.263704
v 0.285792 0.693459 0.207236
v 0.193282 0.678028 0.235898
v 0.285792 0.693459 0.207236
v 0.239578 0.684215 0.181663
v 0.327470 0.697611 0.146937
v 0.370949 0.713820 0.170383
v 0.410683 0.712515 0.112139
v 0.327470 0.697611 0.146937
v 0.410683 0.712515 0.112139
v 0.367551 0.695424 0.085172
v 0.285792 0.693459 0.207236
v 0.331266 0.707229 0.228164
v 0.370949 0.713820 0.170383
v 0.285792 0.693459 0.207236
v 0.370949 0.713820 0.170383
v 0.327470 0.697611 0.146937
v 0.239432 0.686225 0.263704
v 0.288544 0.699420 0.283532
v 0.331266 0.707229 0.228164
v 0.239432 0.686225 0.263704
v 0.331266 0.707229 0.228164
v 0.285792 0.693459 0.207236
v 0.370949 0.713820 0.170383
v 0.411520 0.734890 0.196262
v 0.446585 0.735394 0.144568
v 0.370949 0.713820 0.170383
v 0.446585 0.735394 0.144568
v 0.410683 0.712515 0.112139
v 0.331266 0.707229 0.228164
v 0.377489 0.727725 0.247842
v 0.411520 0.734890 0.196262
v 0.331266 0.707229 0.228164
v 0.411520 0.734890 0.196262
v 0.370949 0.713820 0.170383
v 0.288544 0.699420 0.283532
v 0.338734 0.718558 0.295596
v 0.377489 0.727725 0.247842
v 0.288544 0.699420 0.283532
v 0.377489 0.727725 0.247842
v 0.331266 0.707229 0.228164
v 0.411520 0.734890 0.196262
v 0.446589 0.760050 0.223711
v 0.474891 0.760895 0.182099
v 0.411520 0.734890 0.196262
v 0.474891 0.760895 0.182099
v 0.446585 0.735394 0.144568
v 0.377489 0.727725 0.247842
v 0.419915 0.752063 0.265225
v 0.446589 0.760050 0.223711
v 0.377489 0.727725 0.247842
v 0.446589 0.760050 0.223711
v 0.411520 0.734890 0.196262
v 0.338734 0.718558 0.295596
v 0.387771 0.742343 0.302250
v 0.419915 0.752063 0.265225
v 0.338734 0.718558 0.295596
v 0.419915 0.752063 0.265225
v 0.377489 0.727725 0.247842
v 0.446589 0.760050 0.223711
v 0.477103 0.788977 0.252440
v 0.496512 0.789329 0.222213
v 0.446589 0.760050 0.223711
v 0.496512 0.789329 0.222213
v 0.474891 0.760895 0.182099
v 0.419915 0.752063 0.265225
v 0.457861 0.782499 0.281233
v 0.477103 0.788977 0.252440
v 0.419915 0.752063 0.265225
v 0.477103 0.788977 0.252440
v 0.446589 0.760050 0.223711
v 0.387771 0.742343 0.302250
v 0.434320 0.770768 0.305208
v 0.457861 0.782499 0.281233
v 0.387771 0.742343 0.302250
v 0.457861 0.782499 0.281233
v 0.419915 0.752063 0.265225
v 0.477103 0.788977 0.252440
v 0.502250 0.820917 0.281297
v 0.512805 0.818032 0.264592
v 0.477103 0.788977 0.252440
v 0.512805 0.818032 0.264592
v 0.496512 0.789329 0.222213
v 0.457861 0.782499 0.281233
v 0.490831 0.816325 0.295422
v 0.502250 0.820917 0.281297
v 0.457861 0.782499 0.281233
v 0.502250 0.820917 0.281297
v 0.477103 0.788977 0.252440
v 0.434320 0.770768 0.305208
v 0.476823 0.805304 0.305185
v 0.490831 0.816325 0.295422
v 0.434320 0.770768 0.305208
v 0.490831 0.816325 0.295422
v 0.457861 0.782499 0.281233
v 0.186202 0.677034 0.081207
v 0.234567 0.679754 0.101702
v 0.269946 0.677019 0.044821
v 0.186202 0.677034 0.081207
v 0.269946 0.677019 0.044821
v 0.218613 0.673907 0.029431
v 0.148562 0.677422 0.128975
v 0.194700 0.679628 0.155214
v 0.234567 0.679754 0.101702
v 0.148562 0.677422 0.128975
v 0.234567 0.679754 0.101702
v 0.186202 0.677034 0.081207
v 0.104841 0.672478 0.171227
v 0.149205 0.673359 0.203463
v 0.194700 0.679628 0.155214
v 0.104841 0.672478 0.171227
v 0.194700 0.679628 0.155214
v 0.148562 0.677422 0.128975
v 0.527381 0.846469 0.300704
v 0.524440 0.841592 0.293104
v 0.512805 0.818032 0.264592
v 0.527381 0.846469 0.300704
v 0.512805 0.818032 0.264592
v 0.502250 0.820917 0.281297
v 0.490831 0.816325 0.295422
v 0.524839 0.846707 0.305175
v 0.527381 0.846469 0.300704
v 0.490831 0.816325 0.295422
v 0.527381 0.846469 0.300704
v 0.502250 0.820917 0.281297
v 0.476823 0.805304 0.305185
v 0.517629 0.841965 0.305145
v 0.524839 0.846707 0.305175
v 0.476823 0.805304 0.305185
v 0.524839 0.846707 0.305175
v 0.490831 0.816325 0.295422
v 0.017602 0.661086 -0.007668
v 0.060812 0.670334 -0.007926
v 0.059342 0.667002 -0.034923
v 0.017602 0.661086 -0.007668
v 0.059342 0.667002 -0.034923
v 0.015404 0.659487 -0.015889
v 0.046123 0.670031 -0.056752
v 0.011634 0.659735 -0.023682
v 0.015404 0.659487 -0.015889
v 0.046123 0.670031 -0.056752
v 0.015404 0.659487 -0.015889
v 0.059342 0.667002 -0.034923
v 0.027036 0.663968 -0.072594
v 0.007401 0.657714 -0.030960
v 0.011634 0.659735 -0.023682
v 0.027036 0.663968 -0.072594
v 0.011634 0.659735 -0.023682
v 0.046123 0.670031 -0.056752
v 0.099923 0.665328 -0.054079
v 0.108783 0.656737 -0.019568
v 0.158294 0.655055 -0.031876
v 0.099923 0.665328 -0.054079
v 0.158294 0.655055 -0.031876
v 0.143064 0.659005 -0.075146
v 0.083202 0.664718 -0.086135
v 0.099923 0.665328 -0.054079
v 0.143064 0.659005 -0.075146
v 0.083202 0.664718 -0.086135
v 0.143064 0.659005 -0.075146
v 0.121240 0.657391 -0.115476
v 0.061892 0.658177 -0.115493
v 0.083202 0.664718 -0.086135
v 0.121240 0.657391 -0.115476
v 0.061892 0.658177 -0.115493
v 0.121240 0.657391 -0.115476
v 0.095106 0.653909 -0.153625
v 0.143064 0.659005 -0.075146
v 0.158294 0.655055 -0.031876
v 0.206717 0.654559 -0.046994
v 0.143064 0.659005 -0.075146
v 0.206717 0.654559 -0.046994
v 0.186431 0.658131 -0.096958
v 0.121240 0.657391 -0.115476
v 0.143064 0.659005 -0.075146
v 0.186431 0.658131 -0.096958
v 0.121240 0.657391 -0.115476
v 0.186431 0.658131 -0.096958
v 0.160561 0.656330 -0.144336
v 0.095106 0.653909 -0.153625
v 0.121240 0.657391 -0.115476
v 0.160561 0.656330 -0.144336
v 0.095106 0.653909 -0.153625
v 0.160561 0.656330 -0.144336
v 0.131115 0.652009 -0.189689
v 0.186431 0.658131 -0.096958
v 0.206717 0.654559 -0.046994
v 0.253303 0.653462 -0.067012
v 0.186431 0.658131 -0.096958
v 0.253303 0.653462 -0.067012
v 0.228818 0.658316 -0.120917
v 0.160561 0.656330 -0.144336
v 0.186431 0.658131 -0.096958
v 0.228818 0.658316 -0.120917
v 0.160561 0.656330 -0.144336
v 0.228818 0.658316 -0.120917
v 0.200226 0.656842 -0.172925
v 0.131115 0.652009 -0.189689
v 0.160561 0.656330 -0.144336
v 0.200226 0.656842 -0.172925
v 0.131115 0.652009 -0.189689
v 0.200226 0.656842 -0.172925
v 0.169130 0.652533 -0.223497
v 0.228818 0.658316 -0.120917
v 0.253303 0.653462 -0.067012
v 0.297516 0.656120 -0.092003
v 0.228818 0.658316 -0.120917
v 0.297516 0.656120 -0.092003
v 0.269976 0.661506 -0.146960
v 0.200226 0.656842 -0.172925
v 0.228818 0.658316 -0.120917
v 0.269976 0.661506 -0.146960
v 0.200226 0.656842 -0.172925
v 0.269976 0.661506 -0.146960
v 0.240268 0.659433 -0.200967
v 0.169130 0.652533 -0.223497
v 0.200226 0.656842 -0.172925
v 0.240268 0.659433 -0.200967
v 0.169130 0.652533 -0.223497
v 0.240268 0.659433 -0.200967
v 0.209332 0.655619 -0.254274
v 0.269976 0.661506 -0.146960
v 0.297516 0.656120 -0.092003
v 0.338629 0.662947 -0.121216
v 0.269976 0.661506 -0.146960
v 0.338629 0.662947 -0.121216
v 0.309971 0.667001 -0.174517
v 0.240268 0.659433 -0.200967
v 0.269976 0.661506 -0.146960
v 0.309971 0.667001 -0.174517
v 0.240268 0.659433 -0.200967
v 0.309971 0.667001 -0.174517
v 0.280904 0.665366 -0.227691
v 0.209332 0.655619 -0.254274
v 0.240268 0.659433 -0.200967
v 0.280904 0.665366 -0.227691
v 0.209332 0.655619 -0.254274
v 0.280904 0.665366 -0.227691
v 0.252138 0.661800 -0.280976
v 0.309971 0.667001 -0.174517
v 0.338629 0.662947 -0.121216
v 0.375892 0.670899 -0.154891
v 0.309971 0.667001 -0.174517
v 0.375892 0.670899 -0.154891
v 0.349097 0.675413 -0.203215
v 0.280904 0.665366 -0.227691
v 0.309971 0.667001 -0.174517
v 0.349097 0.675413 -0.203215
v 0.280904 0.665366 -0.227691
v 0.349097 0.675413 -0.203215
v 0.323142 0.675077 -0.252140
v 0.252138 0.661800 -0.280976
v 0.280904 0.665366 -0.227691
v 0.323142 0.675077 -0.252140
v 0.252138 0.661800 -0.280976
v 0.323142 0.675077 -0.252140
v 0.297839 0.671830 -0.301269
v 0.349097 0.675413 -0.203215
v 0.375892 0.670899 -0.154891
v 0.407472 0.684187 -0.192328
v 0.349097 0.675413 -0.203215
v 0.407472 0.684187 -0.192328
v 0.384777 0.686969 -0.233201
v 0.323142 0.675077 -0.252140
v 0.349097 0.675413 -0.203215
v 0.384777 0.686969 -0.233201
v 0.323142 0.675077 -0.252140
v 0.384777 0.686969 -0.233201
v 0.363608 0.686574 -0.274935
v 0.297839 0.671830 -0.301269
v 0.323142 0.675077 -0.252140
v 0.363608 0.686574 -0.274935
v 0.297839 0.671830 -0.301269
v 0.363608 0.686574 -0.274935
v 0.344222 0.684641 -0.317491
v 0.384777 0.686969 -0.233201
v 0.407472 0.684187 -0.192328
v 0.434370 0.700879 -0.231863
v 0.384777 0.686969 -0.233201
v 0.434370 0.700879 -0.231863
v 0.419271 0.703268 -0.262124
v 0.363608 0.686574 -0.274935
v 0.384777 0.686969 -0.233201
v 0.419271 0.703268 -0.262124
v 0.363608 0.686574 -0.274935
v 0.419271 0.703268 -0.262124
v 0.404985 0.702782 -0.292809
v 0.344222 0.684641 -0.317491
v 0.363608 0.686574 -0.274935
v 0.404985 0.702782 -0.292809
v 0.344222 0.684641 -0.317491
v 0.404985 0.702782 -0.292809
v 0.391068 0.702178 -0.323714
v 0.059342 0.667002 -0.034923
v 0.060812 0.670334 -0.007926
v 0.108783 0.656737 -0.019568
v 0.059342 0.667002 -0.034923
v 0.108783 0.656737 -0.019568
v 0.099923 0.665328 -0.054079
v 0.046123 0.670031 -0.056752
v 0.059342 0.667002 -0.034923
v 0.099923 0.665328 -0.054079
v 0.046123 0.670031 -0.056752
v 0.099923 0.665328 -0.054079
v 0.083202 0.664718 -0.086135
v 0.027036 0.663968 -0.072594
v 0.046123 0.670031 -0.056752
v 0.083202 0.664718 -0.086135
v 0.027036 0.663968 -0.072594
v 0.083202 0.664718 -0.086135
v 0.061892 0.658177 -0.115493
v 0.457826 0.723938 -0.272152
v 0.451391 0.727517 -0.288414
v 0.419271 0.703268 -0.262124
v 0.457826 0.723938 -0.272152
v 0.419271 0.703268 -0.262124
v 0.434370 0.700879 -0.231863
v 0.451391 0.727517 -0.288414
v 0.443708 0.727668 -0.305362
v 0.404985 0.702782 -0.292809
v 0.451391 0.727517 -0.288414
v 0.404985 0.702782 -0.292809
v 0.419271 0.703268 -0.262124
v 0.443708 0.727668 -0.305362
v 0.436253 0.725173 -0.322337
v 0.391068 0.702178 -0.323714
v 0.443708 0.727668 -0.305362
v 0.391068 0.702178 -0.323714
v 0.404985 0.702782 -0.292809
v 0.485219 0.757198 -0.307518
v 0.451391 0.727517 -0.288414
v 0.457826 0.723938 -0.272152
v 0.485219 0.757198 -0.307518
v 0.457826 0.723938 -0.272152
v 0.482516 0.753725 -0.302862
v 0.443708 0.727668 -0.305362
v 0.451391 0.727517 -0.288414
v 0.485219 0.757198 -0.307518
v 0.443708 0.727668 -0.305362
v 0.485219 0.757198 -0.307518
v 0.483088 0.756421 -0.311473
v 0.436253 0.725173 -0.322337
v 0.443708 0.727668 -0.305362
v 0.483088 0.756421 -0.311473
v 0.436253 0.725173 -0.322337
v 0.483088 0.756421 -0.311473
v 0.477864 0.753279 -0.313168
v -0.039952 0.665134 -0.015254
v -0.034361 0.668550 -0.022119
v -0.078203 0.681103 -0.044343
v -0.039952 0.665134 -0.015254
v -0.078203 0.681103 -0.044343
v -0.085933 0.674992 -0.020240
v -0.068226 0.680799 -0.058983
v -0.078203 0.681103 -0.044343
v -0.034361 0.668550 -0.022119
v -0.068226 0.680799 -0.058983
v -0.034361 0.668550 -0.022119
v -0.028386 0.666639 -0.027261
v -0.049886 0.681770 -0.069586
v -0.068226 0.680799 -0.058983
v -0.028386 0.666639 -0.027261
v -0.049886 0.681770 -0.069586
v -0.028386 0.666639 -0.027261
v -0.024408 0.665752 -0.034623
v -0.130229 0.665864 -0.032841
v -0.085933 0.674992 -0.020240
v -0.078203 0.681103 -0.044343
v -0.130229 0.665864 -0.032841
v -0.078203 0.681103 -0.044343
v -0.120173 0.679435 -0.067735
v -0.068226 0.680799 -0.058983
v -0.103785 0.679212 -0.098392
v -0.120173 0.679435 -0.067735
v -0.068226 0.680799 -0.058983
v -0.120173 0.679435 -0.067735
v -0.078203 0.681103 -0.044343
v -0.049886 0.681770 -0.069586
v -0.072518 0.677024 -0.122694
v -0.103785 0.679212 -0.098392
v -0.049886 0.681770 -0.069586
v -0.103785 0.679212 -0.098392
v -0.068226 0.680799 -0.058983
v -0.155157 0.666584 -0.091305
v -0.173542 0.662970 -0.050273
v -0.130229 0.665864 -0.032841
v -0.155157 0.666584 -0.091305
v -0.130229 0.665864 -0.032841
v -0.120173 0.679435 -0.067735
v -0.103785 0.679212 -0.098392
v -0.130902 0.667279 -0.129085
v -0.155157 0.666584 -0.091305
v -0.103785 0.679212 -0.098392
v -0.155157 0.666584 -0.091305
v -0.120173 0.679435 -0.067735
v -0.072518 0.677024 -0.122694
v -0.101307 0.663574 -0.163243
v -0.130902 0.667279 -0.129085
v -0.072518 0.677024 -0.122694
v -0.130902 0.667279 -0.129085
v -0.103785 0.679212 -0.098392
v -0.124616 0.670767 0.007067
v -0.130229 0.665864 -0.032841
v -0.173542 0.662970 -0.050273
v -0.124616 0.670767 0.007067
v -0.173542 0.662970 -0.050273
v -0.168114 0.653726 0.001386
v -0.111210 0.669475 0.044098
v -0.124616 0.670767 0.007067
v -0.168114 0.653726 0.001386
v -0.111210 0.669475 0.044098
v -0.168114 0.653726 0.001386
v -0.151093 0.654662 0.053959
v -0.127506 0.650095 0.093145
v -0.086672 0.668113 0.079762
v -0.111210 0.669475 0.044098
v -0.127506 0.650095 0.093145
v -0.111210 0.669475 0.044098
v -0.151093 0.654662 0.053959
v -0.509943 0.686510 0.197907
v -0.501397 0.684620 0.215575
v -0.458921 0.667772 0.223048
v -0.509943 0.686510 0.197907
v -0.458921 0.667772 0.223048
v -0.470190 0.669769 0.192235
v -0.513824 0.686397 0.178889
v -0.509943 0.686510 0.197907
v -0.470190 0.669769 0.192235
v -0.513824 0.686397 0.178889
v -0.470190 0.669769 0.192235
v -0.478056 0.669726 0.160396
v -0.514489 0.681824 0.159545
v -0.513824 0.686397 0.178889
v -0.478056 0.669726 0.160396
v -0.514489 0.681824 0.159545
v -0.478056 0.669726 0.160396
v -0.483678 0.666197 0.128101
v -0.470190 0.669769 0.192235
v -0.458921 0.667772 0.223048
v -0.414276 0.656219 0.225765
v -0.470190 0.669769 0.192235
v -0.414276 0.656219 0.225765
v -0.429506 0.657808 0.183004
v -0.478056 0.669726 0.160396
v -0.470190 0.669769 0.192235
v -0.429506 0.657808 0.183004
v -0.478056 0.669726 0.160396
v -0.429506 0.657808 0.183004
v -0.442028 0.657164 0.139382
v -0.483678 0.666197 0.128101
v -0.478056 0.669726 0.160396
v -0.442028 0.657164 0.139382
v -0.483678 0.666197 0.128101
v -0.442028 0.657164 0.139382
v -0.452460 0.654609 0.095200
v -0.429506 0.657808 0.183004
v -0.414276 0.656219 0.225765
v -0.369150 0.647036 0.221632
v -0.429506 0.657808 0.183004
v -0.369150 0.647036 0.221632
v -0.388846 0.648810 0.169612
v -0.442028 0.657164 0.139382
v -0.429506 0.657808 0.183004
v -0.388846 0.648810 0.169612
v -0.442028 0.657164 0.139382
v -0.388846 0.648810 0.169612
v -0.405579 0.648147 0.116580
v -0.452460 0.654609 0.095200
v -0.442028 0.657164 0.139382
v -0.405579 0.648147 0.116580
v -0.452460 0.654609 0.095200
v -0.405579 0.648147 0.116580
v -0.419930 0.644581 0.062890
v -0.388846 0.648810 0.169612
v -0.369150 0.647036 0.221632
v -0.324816 0.638889 0.210581
v -0.388846 0.648810 0.169612
v -0.324816 0.638889 0.210581
v -0.348421 0.642813 0.152863
v -0.405579 0.648147 0.116580
v -0.388846 0.648810 0.169612
v -0.348421 0.642813 0.152863
v -0.405579 0.648147 0.116580
v -0.348421 0.642813 0.152863
v -0.368171 0.641831 0.093701
v -0.419930 0.644581 0.062890
v -0.405579 0.648147 0.116580
v -0.368171 0.641831 0.093701
v -0.419930 0.644581 0.062890
v -0.368171 0.641831 0.093701
v -0.384214 0.637166 0.033467
v -0.348421 0.642813 0.152863
v -0.324816 0.638889 0.210581
v -0.281582 0.636707 0.193931
v -0.348421 0.642813 0.152863
v -0.281582 0.636707 0.193931
v -0.308475 0.639631 0.133944
v -0.368171 0.641831 0.093701
v -0.348421 0.642813 0.152863
v -0.308475 0.639631 0.133944
v -0.368171 0.641831 0.093701
v -0.308475 0.639631 0.133944
v -0.329577 0.638288 0.071802
v -0.384214 0.637166 0.033467
v -0.368171 0.641831 0.093701
v -0.329577 0.638288 0.071802
v -0.384214 0.637166 0.033467
v -0.329577 0.638288 0.071802
v -0.345007 0.632862 0.008025
v -0.308475 0.639631 0.133944
v -0.281582 0.636707 0.193931
v -0.240412 0.637072 0.172661
v -0.308475 0.639631 0.133944
v -0.240412 0.637072 0.172661
v -0.269123 0.639256 0.113411
v -0.329577 0.638288 0.071802
v -0.308475 0.639631 0.133944
v -0.269123 0.639256 0.113411
v -0.329577 0.638288 0.071802
v -0.269123 0.639256 0.113411
v -0.290018 0.637920 0.051254
v -0.345007 0.632862 0.008025
v -0.329577 0.638288 0.071802
v -0.290018 0.637920 0.051254
v -0.345007 0.632862 0.008025
v -0.290018 0.637920 0.051254
v -0.302533 0.631882 -0.012604
v -0.269123 0.639256 0.113411
v -0.240412 0.637072 0.172661
v -0.201532 0.640241 0.147543
v -0.269123 0.639256 0.113411
v -0.201532 0.640241 0.147543
v -0.230484 0.641982 0.091734
v -0.290018 0.637920 0.051254
v -0.269123 0.639256 0.113411
v -0.230484 0.641982 0.091734
v -0.290018 0.637920 0.051254
v -0.230484 0.641982 0.091734
v -0.249875 0.640794 0.032358
v -0.302533 0.631882 -0.012604
v -0.290018 0.637920 0.051254
v -0.249875 0.640794 0.032358
v -0.302533 0.631882 -0.012604
v -0.249875 0.640794 0.032358
v -0.259662 0.637205 -0.029706
v -0.230484 0.641982 0.091734
v -0.201532 0.640241 0.147543
v -0.164164 0.645282 0.121082
v -0.230484 0.641982 0.091734
v -0.164164 0.645282 0.121082
v -0.192131 0.646804 0.070225
v -0.249875 0.640794 0.032358
v -0.230484 0.641982 0.091734
v -0.192131 0.646804 0.070225
v -0.249875 0.640794 0.032358
v -0.192131 0.646804 0.070225
v -0.209169 0.645906 0.015269
v -0.259662 0.637205 -0.029706
v -0.249875 0.640794 0.032358
v -0.209169 0.645906 0.015269
v -0.259662 0.637205 -0.029706
v -0.209169 0.645906 0.015269
v -0.215099 0.642564 -0.042665
v -0.173542 0.662970 -0.050273
v -0.215099 0.642564 -0.042665
v -0.209169 0.645906 0.015269
v -0.173542 0.662970 -0.050273
v -0.209169 0.645906 0.015269
v -0.168114 0.653726 0.001386
v -0.168114 0.653726 0.001386
v -0.209169 0.645906 0.015269
v -0.192131 0.646804 0.070225
v -0.168114 0.653726 0.001386
v -0.192131 0.646804 0.070225
v -0.151093 0.654662 0.053959
v -0.151093 0.654662 0.053959
v -0.192131 0.646804 0.070225
v -0.164164 0.645282 0.121082
v -0.151093 0.654662 0.053959
v -0.164164 0.645282 0.121082
v -0.127506 0.650095 0.093145
v -0.542370 0.703592 0.204771
v -0.501397 0.684620 0.215575
v -0.509943 0.686510 0.197907
v -0.542370 0.703592 0.204771
v -0.509943 0.686510 0.197907
v -0.549443 0.709637 0.200106
v -0.509943 0.686510 0.197907
v -0.513824 0.686397 0.178889
v -0.551246 0.709180 0.192690
v -0.509943 0.686510 0.197907
v -0.551246 0.709180 0.192690
v -0.549443 0.709637 0.200106
v -0.546780 0.704106 0.185229
v -0.551246 0.709180 0.192690
v -0.513824 0.686397 0.178889
v -0.546780 0.704106 0.185229
v -0.513824 0.686397 0.178889
v -0.514489 0.681824 0.159545
v -0.451865 0.761794 -0.309951
v -0.415295 0.735492 -0.291777
v -0.394314 0.729879 -0.313594
v -0.451865 0.761794 -0.309951
v -0.394314 0.729879 -0.313594
v -0.435987 0.755447 -0.323302
v -0.463088 0.761287 -0.292827
v -0.431784 0.735533 -0.266528
v -0.415295 0.735492 -0.291777
v -0.463088 0.761287 -0.292827
v -0.415295 0.735492 -0.291777
v -0.451865 0.761794 -0.309951
v -0.468653 0.754250 -0.273089
v -0.443417 0.729061 -0.238829
v -0.431784 0.735533 -0.266528
v -0.468653 0.754250 -0.273089
v -0.431784 0.735533 -0.266528
v -0.463088 0.761287 -0.292827
v -0.415295 0.735492 -0.291777
v -0.377122 0.711868 -0.272974
v -0.351797 0.706462 -0.302559
v -0.415295 0.735492 -0.291777
v -0.351797 0.706462 -0.302559
v -0.394314 0.729879 -0.313594
v -0.431784 0.735533 -0.266528
v -0.398410 0.711956 -0.240400
v -0.377122 0.711868 -0.272974
v -0.431784 0.735533 -0.266528
v -0.377122 0.711868 -0.272974
v -0.415295 0.735492 -0.291777
v -0.443417 0.729061 -0.238829
v -0.415360 0.705544 -0.205554
v -0.398410 0.711956 -0.240400
v -0.443417 0.729061 -0.238829
v -0.398410 0.711956 -0.240400
v -0.431784 0.735533 -0.266528
v -0.377122 0.711868 -0.272974
v -0.337149 0.691807 -0.253601
v -0.307974 0.686453 -0.289875
v -0.377122 0.711868 -0.272974
v -0.307974 0.686453 -0.289875
v -0.351797 0.706462 -0.302559
v -0.398410 0.711956 -0.240400
v -0.362440 0.691967 -0.214517
v -0.337149 0.691807 -0.253601
v -0.398410 0.711956 -0.240400
v -0.337149 0.691807 -0.253601
v -0.377122 0.711868 -0.272974
v -0.415360 0.705544 -0.205554
v -0.383336 0.686245 -0.173027
v -0.362440 0.691967 -0.214517
v -0.415360 0.705544 -0.205554
v -0.362440 0.691967 -0.214517
v -0.398410 0.711956 -0.240400
v -0.337149 0.691807 -0.253601
v -0.295217 0.677068 -0.233210
v -0.262631 0.671888 -0.274625
v -0.337149 0.691807 -0.253601
v -0.262631 0.671888 -0.274625
v -0.307974 0.686453 -0.289875
v -0.362440 0.691967 -0.214517
v -0.323635 0.677542 -0.188824
v -0.295217 0.677068 -0.233210
v -0.362440 0.691967 -0.214517
v -0.295217 0.677068 -0.233210
v -0.337149 0.691807 -0.253601
v -0.383336 0.686245 -0.173027
v -0.347348 0.672747 -0.141772
v -0.323635 0.677542 -0.188824
v -0.383336 0.686245 -0.173027
v -0.323635 0.677542 -0.188824
v -0.362440 0.691967 -0.214517
v -0.295217 0.677068 -0.233210
v -0.252379 0.668365 -0.211093
v -0.217529 0.663465 -0.255056
v -0.295217 0.677068 -0.233210
v -0.217529 0.663465 -0.255056
v -0.262631 0.671888 -0.274625
v -0.323635 0.677542 -0.188824
v -0.282551 0.669229 -0.163808
v -0.252379 0.668365 -0.211093
v -0.323635 0.677542 -0.188824
v -0.252379 0.668365 -0.211093
v -0.295217 0.677068 -0.233210
v -0.347348 0.672747 -0.141772
v -0.307529 0.665239 -0.113526
v -0.282551 0.669229 -0.163808
v -0.347348 0.672747 -0.141772
v -0.282551 0.669229 -0.163808
v -0.323635 0.677542 -0.188824
v -0.252379 0.668365 -0.211093
v -0.210289 0.664543 -0.186397
v -0.175257 0.660042 -0.229548
v -0.252379 0.668365 -0.211093
v -0.175257 0.660042 -0.229548
v -0.217529 0.663465 -0.255056
v -0.282551 0.669229 -0.163808
v -0.240216 0.665398 -0.139633
v -0.210289 0.664543 -0.186397
v -0.282551 0.669229 -0.163808
v -0.210289 0.664543 -0.186397
v -0.252379 0.668365 -0.211093
v -0.307529 0.665239 -0.113526
v -0.264455 0.662052 -0.089562
v -0.240216 0.665398 -0.139633
v -0.307529 0.665239 -0.113526
v -0.240216 0.665398 -0.139633
v -0.282551 0.669229 -0.163808
v -0.210289 0.664543 -0.186397
v -0.169478 0.664418 -0.159235
v -0.136195 0.660447 -0.198921
v -0.210289 0.664543 -0.186397
v -0.136195 0.660447 -0.198921
v -0.175257 0.660042 -0.229548
v -0.240216 0.665398 -0.139633
v -0.197432 0.665167 -0.115795
v -0.169478 0.664418 -0.159235
v -0.240216 0.665398 -0.139633
v -0.169478 0.664418 -0.159235
v -0.210289 0.664543 -0.186397
v -0.264455 0.662052 -0.089562
v -0.219402 0.661877 -0.068916
v -0.197432 0.665167 -0.115795
v -0.264455 0.662052 -0.089562
v -0.197432 0.665167 -0.115795
v -0.240216 0.665398 -0.139633
v -0.169478 0.664418 -0.159235
v -0.130902 0.667279 -0.129085
v -0.101307 0.663574 -0.163243
v -0.169478 0.664418 -0.159235
v -0.101307 0.663574 -0.163243
v -0.136195 0.660447 -0.198921
v -0.197432 0.665167 -0.115795
v -0.155157 0.666584 -0.091305
v -0.130902 0.667279 -0.129085
v -0.197432 0.665167 -0.115795
v -0.130902 0.667279 -0.129085
v -0.169478 0.664418 -0.159235
v -0.219402 0.661877 -0.068916
v -0.173542 0.662970 -0.050273
v -0.155157 0.666584 -0.091305
v -0.219402 0.661877 -0.068916
v -0.155157 0.666584 -0.091305
v -0.197432 0.665167 -0.115795
v -0.468653 0.754250 -0.273089
v -0.463088 0.761287 -0.292827
v -0.496219 0.787832 -0.324100
v -0.468653 0.754250 -0.273089
v -0.496219 0.787832 -0.324100
v -0.490746 0.779781 -0.309268
v -0.463088 0.761287 -0.292827
v -0.451865 0.761794 -0.309951
v -0.492329 0.788387 -0.331119
v -0.463088 0.761287 -0.292827
v -0.492329 0.788387 -0.331119
v -0.496219 0.787832 -0.324100
v -0.492329 0.788387 -0.331119
v -0.451865 0.761794 -0.309951
v -0.435987 0.755447 -0.323302
v -0.492329 0.788387 -0.331119
v -0.435987 0.755447 -0.323302
v -0.477899 0.781211 -0.331121
v -0.024408 0.665752 -0.034623
v -0.015030 0.664881 -0.033815
v -0.025002 0.677398 -0.076181
v -0.024408 0.665752 -0.034623
v -0.025002 0.677398 -0.076181
v -0.049886 0.681770 -0.069586
v -0.004184 0.672608 -0.078712
v -0.025002 0.677398 -0.076181
v -0.015030 0.664881 -0.033815
v -0.004184 0.672608 -0.078712
v -0.015030 0.664881 -0.033815
v -0.007780 0.663436 -0.034794
v 0.017467 0.666725 -0.086703
v -0.004184 0.672608 -0.078712
v -0.007780 0.663436 -0.034794
v 0.017467 0.666725 -0.086703
v -0.007780 0.663436 -0.034794
v -0.002061 0.662840 -0.039408
v -0.072518 0.677024 -0.122694
v -0.049886 0.681770 -0.069586
v -0.025002 0.677398 -0.076181
v -0.072518 0.677024 -0.122694
v -0.025002 0.677398 -0.076181
v -0.040542 0.679947 -0.132728
v -0.004184 0.672608 -0.078712
v -0.003057 0.675467 -0.134292
v -0.040542 0.679947 -0.132728
v -0.004184 0.672608 -0.078712
v -0.040542 0.679947 -0.132728
v -0.025002 0.677398 -0.076181
v 0.017467 0.666725 -0.086703
v 0.036330 0.662626 -0.133335
v -0.003057 0.675467 -0.134292
v 0.017467 0.666725 -0.086703
v -0.003057 0.675467 -0.134292
v -0.004184 0.672608 -0.078712
v -0.101307 0.663574 -0.163243
v -0.072518 0.677024 -0.122694
v -0.040542 0.679947 -0.132728
v -0.101307 0.663574 -0.163243
v -0.040542 0.679947 -0.132728
v -0.049844 0.665891 -0.178053
v -0.003057 0.675467 -0.134292
v -0.000637 0.660855 -0.183050
v -0.049844 0.665891 -0.178053
v -0.003057 0.675467 -0.134292
v -0.049844 0.665891 -0.178053
v -0.040542 0.679947 -0.132728
v 0.036330 0.662626 -0.133335
v 0.047682 0.654529 -0.181714
v -0.000637 0.660855 -0.183050
v 0.036330 0.662626 -0.133335
v -0.000637 0.660855 -0.183050
v -0.003057 0.675467 -0.134292
v -0.110328 0.733246 -0.551253
v -0.106675 0.725303 -0.503331
v -0.058473 0.714495 -0.511547
v -0.110328 0.733246 -0.551253
v -0.058473 0.714495 -0.511547
v -0.073412 0.728430 -0.554140
v -0.073412 0.728430 -0.554140
v -0.058473 0.714495 -0.511547
v -0.008985 0.702666 -0.508015
v -0.073412 0.728430 -0.554140
v -0.008985 0.702666 -0.508015
v -0.036397 0.722504 -0.545331
v -0.106675 0.725303 -0.503331
v -0.157209 0.732191 -0.487776
v -0.163891 0.711554 -0.444554
v -0.106675 0.725303 -0.503331
v -0.163891 0.711554 -0.444554
v -0.102670 0.708173 -0.457949
v -0.058473 0.714495 -0.511547
v -0.106675 0.725303 -0.503331
v -0.102670 0.708173 -0.457949
v -0.058473 0.714495 -0.511547
v -0.102670 0.708173 -0.457949
v -0.043487 0.696077 -0.468841
v -0.008985 0.702666 -0.508015
v -0.058473 0.714495 -0.511547
v -0.043487 0.696077 -0.468841
v -0.008985 0.702666 -0.508015
v -0.043487 0.696077 -0.468841
v 0.015103 0.682048 -0.468891
v -0.102670 0.708173 -0.457949
v -0.163891 0.711554 -0.444554
v -0.162724 0.693601 -0.398198
v -0.102670 0.708173 -0.457949
v -0.162724 0.693601 -0.398198
v -0.095530 0.689880 -0.413367
v -0.043487 0.696077 -0.468841
v -0.102670 0.708173 -0.457949
v -0.095530 0.689880 -0.413367
v -0.043487 0.696077 -0.468841
v -0.095530 0.689880 -0.413367
v -0.028527 0.678744 -0.424579
v 0.015103 0.682048 -0.468891
v -0.043487 0.696077 -0.468841
v -0.028527 0.678744 -0.424579
v 0.015103 0.682048 -0.468891
v -0.028527 0.678744 -0.424579
v 0.039296 0.667290 -0.427163
v -0.095530 0.689880 -0.413367
v -0.162724 0.693601 -0.398198
v -0.155375 0.675871 -0.352267
v -0.095530 0.689880 -0.413367
v -0.155375 0.675871 -0.352267
v -0.085553 0.675401 -0.368112
v -0.028527 0.678744 -0.424579
v -0.095530 0.689880 -0.413367
v -0.085553 0.675401 -0.368112
v -0.028527 0.678744 -0.424579
v -0.085553 0.675401 -0.368112
v -0.015162 0.667273 -0.377964
v 0.039296 0.667290 -0.427163
v -0.028527 0.678744 -0.424579
v -0.015162 0.667273 -0.377964
v 0.039296 0.667290 -0.427163
v -0.015162 0.667273 -0.377964
v 0.055541 0.656867 -0.380698
v -0.085553 0.675401 -0.368112
v -0.155375 0.675871 -0.352267
v -0.143256 0.665198 -0.305538
v -0.085553 0.675401 -0.368112
v -0.143256 0.665198 -0.305538
v -0.074890 0.666358 -0.321624
v -0.015162 0.667273 -0.377964
v -0.085553 0.675401 -0.368112
v -0.074890 0.666358 -0.321624
v -0.015162 0.667273 -0.377964
v -0.074890 0.666358 -0.321624
v -0.006034 0.660399 -0.333314
v 0.055541 0.656867 -0.380698
v -0.015162 0.667273 -0.377964
v -0.006034 0.660399 -0.333314
v 0.055541 0.656867 -0.380698
v -0.006034 0.660399 -0.333314
v 0.063627 0.651732 -0.331287
v -0.074890 0.666358 -0.321624
v -0.143256 0.665198 -0.305538
v -0.128969 0.660434 -0.258406
v -0.074890 0.666358 -0.321624
v -0.128969 0.660434 -0.258406
v -0.065256 0.662282 -0.274056
v -0.006034 0.660399 -0.333314
v -0.074890 0.666358 -0.321624
v -0.065256 0.662282 -0.274056
v -0.006034 0.660399 -0.333314
v -0.065256 0.662282 -0.274056
v -0.000439 0.658010 -0.283536
v 0.063627 0.651732 -0.331287
v -0.006034 0.660399 -0.333314
v -0.000439 0.658010 -0.283536
v 0.063627 0.651732 -0.331287
v -0.000439 0.658010 -0.283536
v 0.064794 0.651401 -0.280900
v -0.065256 0.662282 -0.274056
v -0.128969 0.660434 -0.258406
v -0.114443 0.660201 -0.210934
v -0.065256 0.662282 -0.274056
v -0.114443 0.660201 -0.210934
v -0.056916 0.661587 -0.226038
v -0.000439 0.658010 -0.283536
v -0.065256 0.662282 -0.274056
v -0.056916 0.661587 -0.226038
v -0.000439 0.658010 -0.283536
v -0.056916 0.661587 -0.226038
v 0.001221 0.658216 -0.233213
v 0.064794 0.651401 -0.280900
v -0.000439 0.658010 -0.283536
v 0.001221 0.658216 -0.233213
v 0.064794 0.651401 -0.280900
v 0.001221 0.658216 -0.233213
v 0.058456 0.652681 -0.230907
v -0.049844 0.665891 -0.178053
v -0.056916 0.661587 -0.226038
v -0.114443 0.660201 -0.210934
v -0.049844 0.665891 -0.178053
v -0.114443 0.660201 -0.210934
v -0.101307 0.663574 -0.163243
v -0.000637 0.660855 -0.183050
v 0.001221 0.658216 -0.233213
v -0.056916 0.661587 -0.226038
v -0.000637 0.660855 -0.183050
v -0.056916 0.661587 -0.226038
v -0.049844 0.665891 -0.178053
v 0.047682 0.654529 -0.181714
v 0.058456 0.652681 -0.230907
v 0.001221 0.658216 -0.233213
v 0.047682 0.654529 -0.181714
v 0.001221 0.658216 -0.233213
v -0.000637 0.660855 -0.183050
v -0.146392 0.739493 -0.535186
v -0.157209 0.732191 -0.487776
v -0.106675 0.725303 -0.503331
v -0.146392 0.739493 -0.535186
v -0.106675 0.725303 -0.503331
v -0.110328 0.733246 -0.551253
v -0.116482 0.737902 -0.600251
v -0.123965 0.738437 -0.581616
v -0.146392 0.739493 -0.535186
v -0.116482 0.737902 -0.600251
v -0.146392 0.739493 -0.535186
v -0.110328 0.733246 -0.551253
v -0.073412 0.728430 -0.554140
v -0.109542 0.736213 -0.601667
v -0.116482 0.737902 -0.600251
v -0.073412 0.728430 -0.554140
v -0.116482 0.737902 -0.600251
v -0.110328 0.733246 -0.551253
v -0.036397 0.722504 -0.545331
v -0.071362 0.729462 -0.580976
v -0.109542 0.736213 -0.601667
v -0.036397 0.722504 -0.545331
v -0.109542 0.736213 -0.601667
v -0.073412 0.728430 -0.554140
v -0.056949 0.653335 0.051591
v -0.086081 0.662988 0.079264
v -0.118484 0.656777 0.036494
v -0.056949 0.653335 0.051591
v -0.118484 0.656777 0.036494
v -0.074851 0.656727 0.029952
v -0.092102 0.661103 -0.020615
v -0.085936 0.659642 0.005364
v -0.129887 0.655502 -0.001183
v -0.092102 0.661103 -0.020615
v -0.129887 0.655502 -0.001183
v -0.128894 0.651406 -0.036461
v -0.085936 0.659642 0.005364
v -0.074851 0.656727 0.029952
v -0.118484 0.656777 0.036494
v -0.085936 0.659642 0.005364
v -0.118484 0.656777 0.036494
v -0.129887 0.655502 -0.001183
v -0.040273 0.659343 -0.016578
v -0.037881 0.659058 -0.004321
v -0.085936 0.659642 0.005364
v -0.040273 0.659343 -0.016578
v -0.085936 0.659642 0.005364
v -0.092102 0.661103 -0.020615
v -0.037881 0.659058 -0.004321
v -0.035124 0.659202 0.007226
v -0.074851 0.656727 0.029952
v -0.037881 0.659058 -0.004321
v -0.074851 0.656727 0.029952
v -0.085936 0.659642 0.005364
v -0.035124 0.659202 0.007226
v -0.031246 0.658480 0.018664
v -0.056949 0.653335 0.051591
v -0.035124 0.659202 0.007226
v -0.056949 0.653335 0.051591
v -0.074851 0.656727 0.029952
v -0.035012 0.653063 0.118842
v -0.086081 0.662988 0.079264
v -0.056949 0.653335 0.051591
v -0.035012 0.653063 0.118842
v -0.056949 0.653335 0.051591
v -0.031108 0.657166 0.066156
v 0.004621 0.656871 0.065480
v -0.031108 0.657166 0.066156
v -0.020236 0.658676 0.022653
v 0.004621 0.656871 0.065480
v -0.020236 0.658676 0.022653
v -0.012325 0.657361 0.024981
v -0.031108 0.657166 0.066156
v -0.056949 0.653335 0.051591
v -0.031246 0.658480 0.018664
v -0.031108 0.657166 0.066156
v -0.031246 0.658480 0.018664
v -0.020236 0.658676 0.022653
v 0.023936 0.649470 0.116709
v -0.035012 0.653063 0.118842
v -0.031108 0.657166 0.066156
v 0.023936 0.649470 0.116709
v -0.031108 0.657166 0.066156
v 0.004621 0.656871 0.065480
v 0.059098 0.660913 -0.006914
v 0.048110 0.666581 0.025145
v 0.008771 0.660203 0.006483
v 0.059098 0.660913 -0.006914
v 0.008771 0.660203 0.006483
v 0.017883 0.655421 -0.006993
v 0.109720 0.667415 0.007079
v 0.093858 0.666823 0.047359
v 0.048110 0.666581 0.025145
v 0.109720 0.667415 0.007079
v 0.048110 0.666581 0.025145
v 0.059098 0.660913 -0.006914
v 0.048110 0.666581 0.025145
v 0.027517 0.664342 0.051878
v -0.001515 0.660007 0.017393
v 0.048110 0.666581 0.025145
v -0.001515 0.660007 0.017393
v 0.008771 0.660203 0.006483
v 0.093858 0.666823 0.047359
v 0.068424 0.667445 0.085074
v 0.027517 0.664342 0.051878
v 0.093858 0.666823 0.047359
v 0.027517 0.664342 0.051878
v 0.048110 0.666581 0.025145
v 0.027517 0.664342 0.051878
v 0.004621 0.656871 0.065480
v -0.012325 0.657361 0.024981
v 0.027517 0.664342 0.051878
v -0.012325 0.657361 0.024981
v -0.001515 0.660007 0.017393
v 0.068424 0.667445 0.085074
v 0.023936 0.649470 0.116709
v 0.004621 0.656871 0.065480
v 0.068424 0.667445 0.085074
v 0.004621 0.656871 0.065480
v 0.027517 0.664342 0.051878
v 0.100147 0.668032 0.104164
v 0.057135 0.653726 0.134753
v 0.023936 0.649470 0.116709
v 0.100147 0.668032 0.104164
v 0.023936 0.649470 0.116709
v 0.068424 0.667445 0.085074
v 0.100147 0.668032 0.104164
v 0.147280 0.666134 0.128257
v 0.101840 0.668699 0.164779
v 0.100147 0.668032 0.104164
v 0.101840 0.668699 0.164779
v 0.057135 0.653726 0.134753
v 0.057135 0.653726 0.134753
v 0.073112 0.642695 0.182798
v 0.023521 0.639484 0.174216
v 0.057135 0.653726 0.134753
v 0.023521 0.639484 0.174216
v 0.023936 0.649470 0.116709
v -0.035196 0.641363 0.171176
v -0.035012 0.653063 0.118842
v 0.023936 0.649470 0.116709
v -0.035196 0.641363 0.171176
v 0.023936 0.649470 0.116709
v 0.023521 0.639484 0.174216
v -0.087788 0.648345 0.135614
v -0.086081 0.662988 0.079264
v -0.035012 0.653063 0.118842
v -0.087788 0.648345 0.135614
v -0.035012 0.653063 0.118842
v -0.035196 0.641363 0.171176
v 0.161772 0.668031 0.016572
v 0.135496 0.665857 0.063850
v 0.093858 0.666823 0.047359
v 0.161772 0.668031 0.016572
v 0.093858 0.666823 0.047359
v 0.109720 0.667415 0.007079
v 0.213272 0.668951 0.028444
v 0.184465 0.665722 0.081709
v 0.135496 0.665857 0.063850
v 0.213272 0.668951 0.028444
v 0.135496 0.665857 0.063850
v 0.161772 0.668031 0.016572
v 0.100147 0.668032 0.104164
v 0.068424 0.667445 0.085074
v 0.093858 0.666823 0.047359
v 0.100147 0.668032 0.104164
v 0.093858 0.666823 0.047359
v 0.135496 0.665857 0.063850
v 0.147280 0.666134 0.128257
v 0.100147 0.668032 0.104164
v 0.135496 0.665857 0.063850
v 0.147280 0.666134 0.128257
v 0.135496 0.665857 0.063850
v 0.184465 0.665722 0.081709
v 0.031323 0.672555 0.578123
v -0.005197 0.672649 0.575737
v -0.039378 0.642321 0.536644
v 0.031323 0.672555 0.578123
v -0.039378 0.642321 0.536644
v 0.014413 0.641991 0.537262
v 0.066215 0.673395 0.575243
v 0.031323 0.672555 0.578123
v 0.014413 0.641991 0.537262
v 0.066215 0.673395 0.575243
v 0.014413 0.641991 0.537262
v 0.064470 0.643423 0.532685
v 0.101390 0.680033 0.572955
v 0.066215 0.673395 0.575243
v 0.064470 0.643423 0.532685
v 0.101390 0.680033 0.572955
v 0.064470 0.643423 0.532685
v 0.115328 0.652123 0.531688
v 0.014413 0.641991 0.537262
v -0.039378 0.642321 0.536644
v -0.068099 0.623569 0.487848
v 0.014413 0.641991 0.537262
v -0.068099 0.623569 0.487848
v -0.001579 0.623147 0.489628
v 0.064470 0.643423 0.532685
v 0.014413 0.641991 0.537262
v -0.001579 0.623147 0.489628
v 0.064470 0.643423 0.532685
v -0.001579 0.623147 0.489628
v 0.060850 0.624832 0.484184
v 0.115328 0.652123 0.531688
v 0.064470 0.643423 0.532685
v 0.060850 0.624832 0.484184
v 0.115328 0.652123 0.531688
v 0.060850 0.624832 0.484184
v 0.124591 0.632390 0.484838
v -0.001579 0.623147 0.489628
v -0.068099 0.623569 0.487848
v -0.088258 0.615683 0.431993
v -0.001579 0.623147 0.489628
v -0.088258 0.615683 0.431993
v -0.014422 0.614528 0.437864
v 0.060850 0.624832 0.484184
v -0.001579 0.623147 0.489628
v -0.014422 0.614528 0.437864
v 0.060850 0.624832 0.484184
v -0.014422 0.614528 0.437864
v 0.055968 0.616540 0.432600
v 0.124591 0.632390 0.484838
v 0.060850 0.624832 0.484184
v 0.055968 0.616540 0.432600
v 0.124591 0.632390 0.484838
v 0.055968 0.616540 0.432600
v 0.126533 0.623151 0.433947
v -0.014422 0.614528 0.437864
v -0.088258 0.615683 0.431993
v -0.099815 0.616066 0.372666
v -0.014422 0.614528 0.437864
v -0.099815 0.616066 0.372666
v -0.023655 0.613570 0.384477
v 0.055968 0.616540 0.432600
v -0.014422 0.614528 0.437864
v -0.023655 0.613570 0.384477
v 0.055968 0.616540 0.432600
v -0.023655 0.613570 0.384477
v 0.050048 0.615402 0.380397
v 0.126533 0.623151 0.433947
v 0.055968 0.616540 0.432600
v 0.050048 0.615402 0.380397
v 0.126533 0.623151 0.433947
v 0.050048 0.615402 0.380397
v 0.122287 0.621246 0.382333
v -0.023655 0.613570 0.384477
v -0.099815 0.616066 0.372666
v -0.104248 0.622024 0.312818
v -0.023655 0.613570 0.384477
v -0.104248 0.622024 0.312818
v -0.029940 0.616812 0.330916
v 0.050048 0.615402 0.380397
v -0.023655 0.613570 0.384477
v -0.029940 0.616812 0.330916
v 0.050048 0.615402 0.380397
v -0.029940 0.616812 0.330916
v 0.042971 0.617868 0.328588
v 0.122287 0.621246 0.382333
v 0.050048 0.615402 0.380397
v 0.042971 0.617868 0.328588
v 0.122287 0.621246 0.382333
v 0.042971 0.617868 0.328588
v 0.113508 0.623307 0.331318
v -0.029940 0.616812 0.330916
v -0.104248 0.622024 0.312818
v -0.103229 0.629946 0.253352
v -0.029940 0.616812 0.330916
v -0.103229 0.629946 0.253352
v -0.033608 0.623104 0.277458
v 0.042971 0.617868 0.328588
v -0.029940 0.616812 0.330916
v -0.033608 0.623104 0.277458
v 0.042971 0.617868 0.328588
v -0.033608 0.623104 0.277458
v 0.035166 0.623478 0.277172
v 0.113508 0.623307 0.331318
v 0.042971 0.617868 0.328588
v 0.035166 0.623478 0.277172
v 0.113508 0.623307 0.331318
v 0.035166 0.623478 0.277172
v 0.101466 0.627857 0.281194
v -0.033608 0.623104 0.277458
v -0.103229 0.629946 0.253352
v -0.097623 0.638961 0.194255
v -0.033608 0.623104 0.277458
v -0.097623 0.638961 0.194255
v -0.035036 0.630744 0.224055
v 0.035166 0.623478 0.277172
v -0.033608 0.623104 0.277458
v -0.035036 0.630744 0.224055
v 0.035166 0.623478 0.277172
v -0.035036 0.630744 0.224055
v 0.028465 0.630874 0.225737
v 0.101466 0.627857 0.281194
v 0.035166 0.623478 0.277172
v 0.028465 0.630874 0.225737
v 0.101466 0.627857 0.281194
v 0.028465 0.630874 0.225737
v 0.087453 0.634651 0.231863
v -0.035196 0.641363 0.171176
v -0.035036 0.630744 0.224055
v -0.097623 0.638961 0.194255
v -0.035196 0.641363 0.171176
v -0.097623 0.638961 0.194255
v -0.087788 0.648345 0.135614
v 0.023521 0.639484 0.174216
v 0.028465 0.630874 0.225737
v -0.035036 0.630744 0.224055
v 0.023521 0.639484 0.174216
v -0.035036 0.630744 0.224055
v -0.035196 0.641363 0.171176
v 0.073112 0.642695 0.182798
v 0.087453 0.634651 0.231863
v 0.028465 0.630874 0.225737
v 0.073112 0.642695 0.182798
v 0.028465 0.630874 0.225737
v 0.023521 0.639484 0.174216
v 0.027769 0.708328 0.611649
v -0.005197 0.672649 0.575737
v 0.031323 0.672555 0.578123
v 0.027769 0.708328 0.611649
v 0.031323 0.672555 0.578123
v 0.047465 0.709237 0.614645
v 0.057483 0.747781 0.645909
v 0.027769 0.708328 0.611649
v 0.047465 0.709237 0.614645
v 0.057483 0.747781 0.645909
v 0.047465 0.709237 0.614645
v 0.061221 0.750024 0.647324
v 0.047465 0.709237 0.614645
v 0.031323 0.672555 0.578123
v 0.066215 0.673395 0.575243
v 0.047465 0.709237 0.614645
v 0.066215 0.673395 0.575243
v 0.066438 0.709629 0.613365
v 0.061221 0.750024 0.647324
v 0.047465 0.709237 0.614645
v 0.066438 0.709629 0.613365
v 0.061221 0.750024 0.647324
v 0.066438 0.709629 0.613365
v 0.065034 0.749933 0.646895
v 0.066438 0.709629 0.613365
v 0.066215 0.673395 0.575243
v 0.101390 0.680033 0.572955
v 0.066438 0.709629 0.613365
v 0.101390 0.680033 0.572955
v 0.085690 0.712333 0.610500
v 0.065034 0.749933 0.646895
v 0.066438 0.709629 0.613365
v 0.085690 0.712333 0.610500
v 0.065034 0.749933 0.646895
v 0.085690 0.712333 0.610500
v 0.068424 0.747406 0.644453
v 0.232399 0.668289 0.101637
v 0.263807 0.672232 0.043540
v 0.313299 0.678302 0.061170
v 0.232399 0.668289 0.101637
v 0.313299 0.678302 0.061170
v 0.279284 0.674356 0.123281
v 0.193239 0.668335 0.154287
v 0.232399 0.668289 0.101637
v 0.279284 0.674356 0.123281
v 0.193239 0.668335 0.154287
v 0.279284 0.674356 0.123281
v 0.238787 0.672914 0.180806
v 0.145660 0.671800 0.199271
v 0.193239 0.668335 0.154287
v 0.238787 0.672914 0.180806
v 0.145660 0.671800 0.199271
v 0.238787 0.672914 0.180806
v 0.190520 0.674880 0.232528
v 0.279284 0.674356 0.123281
v 0.313299 0.678302 0.061170
v 0.360445 0.689458 0.082634
v 0.279284 0.674356 0.123281
v 0.360445 0.689458 0.082634
v 0.324928 0.685100 0.145749
v 0.238787 0.672914 0.180806
v 0.279284 0.674356 0.123281
v 0.324928 0.685100 0.145749
v 0.238787 0.672914 0.180806
v 0.324928 0.685100 0.145749
v 0.284472 0.681754 0.205756
v 0.190520 0.674880 0.232528
v 0.238787 0.672914 0.180806
v 0.284472 0.681754 0.205756
v 0.190520 0.674880 0.232528
v 0.284472 0.681754 0.205756
v 0.237594 0.681246 0.261616
v 0.324928 0.685100 0.145749
v 0.360445 0.689458 0.082634
v 0.404246 0.704902 0.107927
v 0.324928 0.685100 0.145749
v 0.404246 0.704902 0.107927
v 0.368821 0.700550 0.168698
v 0.284472 0.681754 0.205756
v 0.324928 0.685100 0.145749
v 0.368821 0.700550 0.168698
v 0.284472 0.681754 0.205756
v 0.368821 0.700550 0.168698
v 0.330666 0.695447 0.227360
v 0.237594 0.681246 0.261616
v 0.284472 0.681754 0.205756
v 0.330666 0.695447 0.227360
v 0.237594 0.681246 0.261616
v 0.330666 0.695447 0.227360
v 0.287375 0.694469 0.282449
v 0.368821 0.700550 0.168698
v 0.404246 0.704902 0.107927
v 0.441289 0.726077 0.138997
v 0.368821 0.700550 0.168698
v 0.441289 0.726077 0.138997
v 0.409553 0.720690 0.192879
v 0.330666 0.695447 0.227360
v 0.368821 0.700550 0.168698
v 0.409553 0.720690 0.192879
v 0.330666 0.695447 0.227360
v 0.409553 0.720690 0.192879
v 0.376119 0.714886 0.245733
v 0.287375 0.694469 0.282449
v 0.330666 0.695447 0.227360
v 0.376119 0.714886 0.245733
v 0.287375 0.694469 0.282449
v 0.376119 0.714886 0.245733
v 0.338524 0.712991 0.295610
v 0.409553 0.720690 0.192879
v 0.441289 0.726077 0.138997
v 0.470810 0.751014 0.174934
v 0.409553 0.720690 0.192879
v 0.470810 0.751014 0.174934
v 0.445706 0.745020 0.218965
v 0.376119 0.714886 0.245733
v 0.409553 0.720690 0.192879
v 0.445706 0.745020 0.218965
v 0.376119 0.714886 0.245733
v 0.445706 0.745020 0.218965
v 0.419394 0.738661 0.262401
v 0.338524 0.712991 0.295610
v 0.376119 0.714886 0.245733
v 0.419394 0.738661 0.262401
v 0.338524 0.712991 0.295610
v 0.419394 0.738661 0.262401
v 0.388778 0.736283 0.303488
v 0.445706 0.745020 0.218965
v 0.470810 0.751014 0.174934
v 0.494343 0.777922 0.213943
v 0.445706 0.745020 0.218965
v 0.494343 0.777922 0.213943
v 0.477203 0.772715 0.246598
v 0.419394 0.738661 0.262401
v 0.445706 0.745020 0.218965
v 0.477203 0.772715 0.246598
v 0.419394 0.738661 0.262401
v 0.477203 0.772715 0.246598
v 0.458562 0.768065 0.277716
v 0.388778 0.736283 0.303488
v 0.419394 0.738661 0.262401
v 0.458562 0.768065 0.277716
v 0.388778 0.736283 0.303488
v 0.458562 0.768065 0.277716
v 0.435933 0.765531 0.307183
v 0.477203 0.772715 0.246598
v 0.494343 0.777922 0.213943
v 0.510247 0.807479 0.254974
v 0.477203 0.772715 0.246598
v 0.510247 0.807479 0.254974
v 0.504127 0.805177 0.274700
v 0.458562 0.768065 0.277716
v 0.477203 0.772715 0.246598
v 0.504127 0.805177 0.274700
v 0.458562 0.768065 0.277716
v 0.504127 0.805177 0.274700
v 0.493690 0.803790 0.292231
v 0.435933 0.765531 0.307183
v 0.458562 0.768065 0.277716
v 0.493690 0.803790 0.292231
v 0.435933 0.765531 0.307183
v 0.493690 0.803790 0.292231
v 0.478980 0.800955 0.305571
v 0.184465 0.665722 0.081709
v 0.213272 0.668951 0.028444
v 0.263807 0.672232 0.043540
v 0.184465 0.665722 0.081709
v 0.263807 0.672232 0.043540
v 0.232399 0.668289 0.101637
v 0.147280 0.666134 0.128257
v 0.184465 0.665722 0.081709
v 0.232399 0.668289 0.101637
v 0.147280 0.666134 0.128257
v 0.232399 0.668289 0.101637
v 0.193239 0.668335 0.154287
v 0.101840 0.668699 0.164779
v 0.147280 0.666134 0.128257
v 0.193239 0.668335 0.154287
v 0.101840 0.668699 0.164779
v 0.193239 0.668335 0.154287
v 0.145660 0.671800 0.199271
v 0.527635 0.843949 0.301590
v 0.504127 0.805177 0.274700
v 0.510247 0.807479 0.254974
v 0.527635 0.843949 0.301590
v 0.510247 0.807479 0.254974
v 0.525796 0.838243 0.294968
v 0.493690 0.803790 0.292231
v 0.504127 0.805177 0.274700
v 0.527635 0.843949 0.301590
v 0.493690 0.803790 0.292231
v 0.527635 0.843949 0.301590
v 0.525878 0.843937 0.304703
v 0.478980 0.800955 0.305571
v 0.493690 0.803790 0.292231
v 0.525878 0.843937 0.304703
v 0.478980 0.800955 0.305571
v 0.525878 0.843937 0.304703
v 0.520347 0.838582 0.305333
v 0.017883 0.655421 -0.006993
v 0.015680 0.652915 -0.015024
v 0.056715 0.654500 -0.032003
v 0.017883 0.655421 -0.006993
v 0.056715 0.654500 -0.032003
v 0.059098 0.660913 -0.006914
v 0.045514 0.657733 -0.054390
v 0.056715 0.654500 -0.032003
v 0.015680 0.652915 -0.015024
v 0.045514 0.657733 -0.054390
v 0.015680 0.652915 -0.015024
v 0.012107 0.651966 -0.022598
v 0.027092 0.657008 -0.072706
v 0.045514 0.657733 -0.054390
v 0.012107 0.651966 -0.022598
v 0.027092 0.657008 -0.072706
v 0.012107 0.651966 -0.022598
v 0.009042 0.652721 -0.030874
v 0.099854 0.653334 -0.055123
v 0.143892 0.648616 -0.076024
v 0.157636 0.652593 -0.033431
v 0.099854 0.653334 -0.055123
v 0.157636 0.652593 -0.033431
v 0.107811 0.653959 -0.021044
v 0.083354 0.652962 -0.085445
v 0.122145 0.647023 -0.114958
v 0.143892 0.648616 -0.076024
v 0.083354 0.652962 -0.085445
v 0.143892 0.648616 -0.076024
v 0.099854 0.653334 -0.055123
v 0.060689 0.654637 -0.111542
v 0.093821 0.650077 -0.150526
v 0.122145 0.647023 -0.114958
v 0.060689 0.654637 -0.111542
v 0.122145 0.647023 -0.114958
v 0.083354 0.652962 -0.085445
v 0.143892 0.648616 -0.076024
v 0.185986 0.647666 -0.096765
v 0.206422 0.650963 -0.047723
v 0.143892 0.648616 -0.076024
v 0.206422 0.650963 -0.047723
v 0.157636 0.652593 -0.033431
v 0.122145 0.647023 -0.114958
v 0.160354 0.646043 -0.143235
v 0.185986 0.647666 -0.096765
v 0.122145 0.647023 -0.114958
v 0.185986 0.647666 -0.096765
v 0.143892 0.648616 -0.076024
v 0.093821 0.650077 -0.150526
v 0.130134 0.649010 -0.186890
v 0.160354 0.646043 -0.143235
v 0.093821 0.650077 -0.150526
v 0.160354 0.646043 -0.143235
v 0.122145 0.647023 -0.114958
v 0.185986 0.647666 -0.096765
v 0.228860 0.647802 -0.121515
v 0.252748 0.650723 -0.068212
v 0.185986 0.647666 -0.096765
v 0.252748 0.650723 -0.068212
v 0.206422 0.650963 -0.047723
v 0.160354 0.646043 -0.143235
v 0.200590 0.646607 -0.172602
v 0.228860 0.647802 -0.121515
v 0.160354 0.646043 -0.143235
v 0.228860 0.647802 -0.121515
v 0.185986 0.647666 -0.096765
v 0.130134 0.649010 -0.186890
v 0.168379 0.649270 -0.221272
v 0.200590 0.646607 -0.172602
v 0.130134 0.649010 -0.186890
v 0.200590 0.646607 -0.172602
v 0.160354 0.646043 -0.143235
v 0.228860 0.647802 -0.121515
v 0.271817 0.651185 -0.148802
v 0.296776 0.654191 -0.093523
v 0.228860 0.647802 -0.121515
v 0.296776 0.654191 -0.093523
v 0.252748 0.650723 -0.068212
v 0.200590 0.646607 -0.172602
v 0.242266 0.649298 -0.201755
v 0.271817 0.651185 -0.148802
v 0.200590 0.646607 -0.172602
v 0.271817 0.651185 -0.148802
v 0.228860 0.647802 -0.121515
v 0.168379 0.649270 -0.221272
v 0.208944 0.652040 -0.252552
v 0.242266 0.649298 -0.201755
v 0.168379 0.649270 -0.221272
v 0.242266 0.649298 -0.201755
v 0.200590 0.646607 -0.172602
v 0.271817 0.651185 -0.148802
v 0.312494 0.656901 -0.176025
v 0.338611 0.659420 -0.122108
v 0.271817 0.651185 -0.148802
v 0.338611 0.659420 -0.122108
v 0.296776 0.654191 -0.093523
v 0.242266 0.649298 -0.201755
v 0.283517 0.655357 -0.228483
v 0.312494 0.656901 -0.176025
v 0.242266 0.649298 -0.201755
v 0.312494 0.656901 -0.176025
v 0.271817 0.651185 -0.148802
v 0.208944 0.652040 -0.252552
v 0.251980 0.657566 -0.279940
v 0.283517 0.655357 -0.228483
v 0.208944 0.652040 -0.252552
v 0.283517 0.655357 -0.228483
v 0.242266 0.649298 -0.201755
v 0.312494 0.656901 -0.176025
v 0.351373 0.665382 -0.205343
v 0.375821 0.667458 -0.156042
v 0.312494 0.656901 -0.176025
v 0.375821 0.667458 -0.156042
v 0.338611 0.659420 -0.122108
v 0.283517 0.655357 -0.228483
v 0.325218 0.665083 -0.253775
v 0.351373 0.665382 -0.205343
v 0.283517 0.655357 -0.228483
v 0.351373 0.665382 -0.205343
v 0.312494 0.656901 -0.176025
v 0.251980 0.657566 -0.279940
v 0.298061 0.667985 -0.300856
v 0.325218 0.665083 -0.253775
v 0.251980 0.657566 -0.279940
v 0.325218 0.665083 -0.253775
v 0.283517 0.655357 -0.228483
v 0.351373 0.665382 -0.205343
v 0.388478 0.677522 -0.235142
v 0.408363 0.679531 -0.193355
v 0.351373 0.665382 -0.205343
v 0.408363 0.679531 -0.193355
v 0.375821 0.667458 -0.156042
v 0.325218 0.665083 -0.253775
v 0.367434 0.677272 -0.276373
v 0.388478 0.677522 -0.235142
v 0.325218 0.665083 -0.253775
v 0.388478 0.677522 -0.235142
v 0.351373 0.665382 -0.205343
v 0.298061 0.667985 -0.300856
v 0.345401 0.680332 -0.316803
v 0.367434 0.677272 -0.276373
v 0.298061 0.667985 -0.300856
v 0.367434 0.677272 -0.276373
v 0.325218 0.665083 -0.253775
v 0.388478 0.677522 -0.235142
v 0.423258 0.694540 -0.264288
v 0.435394 0.696671 -0.233131
v 0.388478 0.677522 -0.235142
v 0.435394 0.696671 -0.233131
v 0.408363 0.679531 -0.193355
v 0.367434 0.677272 -0.276373
v 0.409235 0.693766 -0.294759
v 0.423258 0.694540 -0.264288
v 0.367434 0.677272 -0.276373
v 0.423258 0.694540 -0.264288
v 0.388478 0.677522 -0.235142
v 0.345401 0.680332 -0.316803
v 0.392806 0.697147 -0.324922
v 0.409235 0.693766 -0.294759
v 0.345401 0.680332 -0.316803
v 0.409235 0.693766 -0.294759
v 0.367434 0.677272 -0.276373
v 0.056715 0.654500 -0.032003
v 0.099854 0.653334 -0.055123
v 0.107811 0.653959 -0.021044
v 0.056715 0.654500 -0.032003
v 0.107811 0.653959 -0.021044
v 0.059098 0.660913 -0.006914
v 0.045514 0.657733 -0.054390
v 0.083354 0.652962 -0.085445
v 0.099854 0.653334 -0.055123
v 0.045514 0.657733 -0.054390
v 0.099854 0.653334 -0.055123
v 0.056715 0.654500 -0.032003
v 0.027092 0.657008 -0.072706
v 0.060689 0.654637 -0.111542
v 0.083354 0.652962 -0.085445
v 0.027092 0.657008 -0.072706
v 0.083354 0.652962 -0.085445
v 0.045514 0.657733 -0.054390
v 0.459373 0.721545 -0.272995
v 0.435394 0.696671 -0.233131
v 0.423258 0.694540 -0.264288
v 0.459373 0.721545 -0.272995
v 0.423258 0.694540 -0.264288
v 0.455499 0.719689 -0.290691
v 0.455499 0.719689 -0.290691
v 0.423258 0.694540 -0.264288
v 0.409235 0.693766 -0.294759
v 0.455499 0.719689 -0.290691
v 0.409235 0.693766 -0.294759
v 0.448333 0.719212 -0.307287
v 0.448333 0.719212 -0.307287
v 0.409235 0.693766 -0.294759
v 0.392806 0.697147 -0.324922
v 0.448333 0.719212 -0.307287
v 0.392806 0.697147 -0.324922
v 0.438005 0.721098 -0.322444
v 0.486426 0.754090 -0.308149
v 0.484136 0.750369 -0.304480
v 0.459373 0.721545 -0.272995
v 0.486426 0.754090 -0.308149
v 0.459373 0.721545 -0.272995
v 0.455499 0.719689 -0.290691
v 0.448333 0.719212 -0.307287
v 0.484262 0.753613 -0.311111
v 0.486426 0.754090 -0.308149
v 0.448333 0.719212 -0.307287
v 0.486426 0.754090 -0.308149
v 0.455499 0.719689 -0.290691
v 0.438005 0.721098 -0.322444
v 0.479710 0.750135 -0.312755
v 0.484262 0.753613 -0.311111
v 0.438005 0.721098 -0.322444
v 0.484262 0.753613 -0.311111
v 0.448333 0.719212 -0.307287
v -0.040273 0.659343 -0.016578
v -0.092102 0.661103 -0.020615
v -0.084578 0.663441 -0.045722
v -0.040273 0.659343 -0.016578
v -0.084578 0.663441 -0.045722
v -0.034715 0.663115 -0.020936
v -0.069520 0.672041 -0.064506
v -0.029602 0.661581 -0.026810
v -0.034715 0.663115 -0.020936
v -0.069520 0.672041 -0.064506
v -0.034715 0.663115 -0.020936
v -0.084578 0.663441 -0.045722
v -0.047035 0.670856 -0.078147
v -0.025199 0.658762 -0.033663
v -0.029602 0.661581 -0.026810
v -0.047035 0.670856 -0.078147
v -0.029602 0.661581 -0.026810
v -0.069520 0.672041 -0.064506
v -0.128894 0.651406 -0.036461
v -0.116647 0.663343 -0.069523
v -0.084578 0.663441 -0.045722
v -0.128894 0.651406 -0.036461
v -0.084578 0.663441 -0.045722
v -0.092102 0.661103 -0.020615
v -0.069520 0.672041 -0.064506
v -0.084578 0.663441 -0.045722
v -0.116647 0.663343 -0.069523
v -0.069520 0.672041 -0.064506
v -0.116647 0.663343 -0.069523
v -0.097500 0.669901 -0.098000
v -0.047035 0.670856 -0.078147
v -0.069520 0.672041 -0.064506
v -0.097500 0.669901 -0.098000
v -0.047035 0.670856 -0.078147
v -0.097500 0.669901 -0.098000
v -0.071606 0.668458 -0.122136
v -0.154490 0.656311 -0.091051
v -0.116647 0.663343 -0.069523
v -0.128894 0.651406 -0.036461
v -0.154490 0.656311 -0.091051
v -0.128894 0.651406 -0.036461
v -0.172304 0.660271 -0.051551
v -0.097500 0.669901 -0.098000
v -0.116647 0.663343 -0.069523
v -0.154490 0.656311 -0.091051
v -0.097500 0.669901 -0.098000
v -0.154490 0.656311 -0.091051
v -0.129803 0.657189 -0.128535
v -0.071606 0.668458 -0.122136
v -0.097500 0.669901 -0.098000
v -0.129803 0.657189 -0.128535
v -0.071606 0.668458 -0.122136
v -0.129803 0.657189 -0.128535
v -0.100237 0.660048 -0.163186
v -0.129887 0.655502 -0.001183
v -0.171979 0.642467 0.002312
v -0.172304 0.660271 -0.051551
v -0.129887 0.655502 -0.001183
v -0.172304 0.660271 -0.051551
v -0.128894 0.651406 -0.036461
v -0.118484 0.656777 0.036494
v -0.158262 0.643102 0.051182
v -0.171979 0.642467 0.002312
v -0.118484 0.656777 0.036494
v -0.171979 0.642467 0.002312
v -0.129887 0.655502 -0.001183
v -0.126917 0.649836 0.094677
v -0.158262 0.643102 0.051182
v -0.118484 0.656777 0.036494
v -0.126917 0.649836 0.094677
v -0.118484 0.656777 0.036494
v -0.086081 0.662988 0.079264
v -0.515211 0.679531 0.198887
v -0.474972 0.661743 0.193509
v -0.459962 0.664809 0.222450
v -0.515211 0.679531 0.198887
v -0.459962 0.664809 0.222450
v -0.503348 0.680056 0.215480
v -0.518963 0.679619 0.179306
v -0.482635 0.661351 0.161445
v -0.474972 0.661743 0.193509
v -0.518963 0.679619 0.179306
v -0.474972 0.661743 0.193509
v -0.515211 0.679531 0.198887
v -0.515259 0.679551 0.160240
v -0.484435 0.663196 0.128907
v -0.482635 0.661351 0.161445
v -0.515259 0.679551 0.160240
v -0.482635 0.661351 0.161445
v -0.518963 0.679619 0.179306
v -0.474972 0.661743 0.193509
v -0.433831 0.648959 0.184356
v -0.415501 0.652367 0.225141
v -0.474972 0.661743 0.193509
v -0.415501 0.652367 0.225141
v -0.459962 0.664809 0.222450
v -0.482635 0.661351 0.161445
v -0.445700 0.648122 0.140986
v -0.433831 0.648959 0.184356
v -0.482635 0.661351 0.161445
v -0.433831 0.648959 0.184356
v -0.474972 0.661743 0.193509
v -0.484435 0.663196 0.128907
v -0.452900 0.650444 0.096389
v -0.445700 0.648122 0.140986
v -0.484435 0.663196 0.128907
v -0.445700 0.648122 0.140986
v -0.482635 0.661351 0.161445
v -0.433831 0.648959 0.184356
v -0.392769 0.639650 0.171012
v -0.370278 0.643458 0.220860
v -0.433831 0.648959 0.184356
v -0.370278 0.643458 0.220860
v -0.415501 0.652367 0.225141
v -0.445700 0.648122 0.140986
v -0.408675 0.638810 0.118269
v -0.392769 0.639650 0.171012
v -0.445700 0.648122 0.140986
v -0.392769 0.639650 0.171012
v -0.433831 0.648959 0.184356
v -0.452900 0.650444 0.096389
v -0.419790 0.641053 0.064145
v -0.408675 0.638810 0.118269
v -0.452900 0.650444 0.096389
v -0.408675 0.638810 0.118269
v -0.445700 0.648122 0.140986
v -0.392769 0.639650 0.171012
v -0.352114 0.633367 0.154522
v -0.325567 0.637972 0.209351
v -0.392769 0.639650 0.171012
v -0.325567 0.637972 0.209351
v -0.370278 0.643458 0.220860
v -0.408675 0.638810 0.118269
v -0.371100 0.632293 0.095395
v -0.352114 0.633367 0.154522
v -0.408675 0.638810 0.118269
v -0.352114 0.633367 0.154522
v -0.392769 0.639650 0.171012
v -0.419790 0.641053 0.064145
v -0.384378 0.633401 0.034112
v -0.371100 0.632293 0.095395
v -0.419790 0.641053 0.064145
v -0.371100 0.632293 0.095395
v -0.408675 0.638810 0.118269
v -0.352114 0.633367 0.154522
v -0.312040 0.629894 0.136113
v -0.282224 0.634693 0.192853
v -0.352114 0.633367 0.154522
v -0.282224 0.634693 0.192853
v -0.325567 0.637972 0.209351
v -0.371100 0.632293 0.095395
v -0.332476 0.628501 0.074061
v -0.312040 0.629894 0.136113
v -0.371100 0.632293 0.095395
v -0.312040 0.629894 0.136113
v -0.352114 0.633367 0.154522
v -0.384378 0.633401 0.034112
v -0.344710 0.629922 0.008946
v -0.332476 0.628501 0.074061
v -0.384378 0.633401 0.034112
v -0.332476 0.628501 0.074061
v -0.371100 0.632293 0.095395
v -0.312040 0.629894 0.136113
v -0.272835 0.629250 0.115764
v -0.240957 0.634594 0.171599
v -0.312040 0.629894 0.136113
v -0.240957 0.634594 0.171599
v -0.282224 0.634693 0.192853
v -0.332476 0.628501 0.074061
v -0.293075 0.627983 0.053789
v -0.272835 0.629250 0.115764
v -0.332476 0.628501 0.074061
v -0.272835 0.629250 0.115764
v -0.312040 0.629894 0.136113
v -0.344710 0.629922 0.008946
v -0.302076 0.630898 -0.011333
v -0.293075 0.627983 0.053789
v -0.344710 0.629922 0.008946
v -0.293075 0.627983 0.053789
v -0.332476 0.628501 0.074061
v -0.272835 0.629250 0.115764
v -0.234696 0.631571 0.093553
v -0.202108 0.637452 0.146217
v -0.272835 0.629250 0.115764
v -0.202108 0.637452 0.146217
v -0.240957 0.634594 0.171599
v -0.293075 0.627983 0.053789
v -0.253526 0.630489 0.033287
v -0.234696 0.631571 0.093553
v -0.293075 0.627983 0.053789
v -0.234696 0.631571 0.093553
v -0.272835 0.629250 0.115764
v -0.302076 0.630898 -0.011333
v -0.258530 0.634031 -0.028658
v -0.253526 0.630489 0.033287
v -0.302076 0.630898 -0.011333
v -0.253526 0.630489 0.033287
v -0.293075 0.627983 0.053789
v -0.234696 0.631571 0.093553
v -0.196763 0.636080 0.071446
v -0.164333 0.642273 0.119889
v -0.234696 0.631571 0.093553
v -0.164333 0.642273 0.119889
v -0.202108 0.637452 0.146217
v -0.253526 0.630489 0.033287
v -0.213443 0.635323 0.014425
v -0.196763 0.636080 0.071446
v -0.253526 0.630489 0.033287
v -0.196763 0.636080 0.071446
v -0.234696 0.631571 0.093553
v -0.258530 0.634031 -0.028658
v -0.214565 0.642915 -0.041634
v -0.213443 0.635323 0.014425
v -0.258530 0.634031 -0.028658
v -0.213443 0.635323 0.014425
v -0.253526 0.630489 0.033287
v -0.172304 0.660271 -0.051551
v -0.171979 0.642467 0.002312
v -0.213443 0.635323 0.014425
v -0.172304 0.660271 -0.051551
v -0.213443 0.635323 0.014425
v -0.214565 0.642915 -0.041634
v -0.171979 0.642467 0.002312
v -0.158262 0.643102 0.051182
v -0.196763 0.636080 0.071446
v -0.171979 0.642467 0.002312
v -0.196763 0.636080 0.071446
v -0.213443 0.635323 0.014425
v -0.158262 0.643102 0.051182
v -0.126917 0.649836 0.094677
v -0.164333 0.642273 0.119889
v -0.158262 0.643102 0.051182
v -0.164333 0.642273 0.119889
v -0.196763 0.636080 0.071446
v -0.543598 0.699969 0.203487
v -0.551173 0.705688 0.200171
v -0.515211 0.679531 0.198887
v -0.543598 0.699969 0.203487
v -0.515211 0.679531 0.198887
v -0.503348 0.680056 0.215480
v -0.515211 0.679531 0.198887
v -0.551173 0.705688 0.200171
v -0.552316 0.705497 0.193636
v -0.515211 0.679531 0.198887
v -0.552316 0.705497 0.193636
v -0.518963 0.679619 0.179306
v -0.547342 0.700965 0.187155
v -0.515259 0.679551 0.160240
v -0.518963 0.679619 0.179306
v -0.547342 0.700965 0.187155
v -0.518963 0.679619 0.179306
v -0.552316 0.705497 0.193636
v -0.456130 0.753659 -0.312867
v -0.438422 0.751200 -0.324280
v -0.396341 0.726150 -0.314197
v -0.456130 0.753659 -0.312867
v -0.396341 0.726150 -0.314197
v -0.419301 0.727457 -0.294612
v -0.467280 0.753381 -0.295669
v -0.456130 0.753659 -0.312867
v -0.419301 0.727457 -0.294612
v -0.467280 0.753381 -0.295669
v -0.419301 0.727457 -0.294612
v -0.435984 0.727278 -0.269322
v -0.470050 0.750292 -0.274991
v -0.467280 0.753381 -0.295669
v -0.435984 0.727278 -0.269322
v -0.470050 0.750292 -0.274991
v -0.435984 0.727278 -0.269322
v -0.444464 0.725349 -0.240545
v -0.419301 0.727457 -0.294612
v -0.396341 0.726150 -0.314197
v -0.353403 0.702925 -0.302578
v -0.419301 0.727457 -0.294612
v -0.353403 0.702925 -0.302578
v -0.380717 0.703234 -0.275465
v -0.435984 0.727278 -0.269322
v -0.419301 0.727457 -0.294612
v -0.380717 0.703234 -0.275465
v -0.435984 0.727278 -0.269322
v -0.380717 0.703234 -0.275465
v -0.402171 0.703106 -0.242908
v -0.444464 0.725349 -0.240545
v -0.435984 0.727278 -0.269322
v -0.402171 0.703106 -0.242908
v -0.444464 0.725349 -0.240545
v -0.402171 0.703106 -0.242908
v -0.416026 0.702223 -0.207089
v -0.380717 0.703234 -0.275465
v -0.353403 0.702925 -0.302578
v -0.309252 0.682988 -0.289710
v -0.380717 0.703234 -0.275465
v -0.309252 0.682988 -0.289710
v -0.340136 0.682357 -0.255517
v -0.402171 0.703106 -0.242908
v -0.380717 0.703234 -0.275465
v -0.340136 0.682357 -0.255517
v -0.402171 0.703106 -0.242908
v -0.340136 0.682357 -0.255517
v -0.365340 0.682448 -0.216538
v -0.416026 0.702223 -0.207089
v -0.402171 0.703106 -0.242908
v -0.365340 0.682448 -0.216538
v -0.416026 0.702223 -0.207089
v -0.365340 0.682448 -0.216538
v -0.383571 0.683353 -0.174474
v -0.340136 0.682357 -0.255517
v -0.309252 0.682988 -0.289710
v -0.263473 0.668363 -0.274145
v -0.340136 0.682357 -0.255517
v -0.263473 0.668363 -0.274145
v -0.297364 0.667239 -0.234442
v -0.365340 0.682448 -0.216538
v -0.340136 0.682357 -0.255517
v -0.297364 0.667239 -0.234442
v -0.365340 0.682448 -0.216538
v -0.297364 0.667239 -0.234442
v -0.325640 0.667661 -0.190179
v -0.383571 0.683353 -0.174474
v -0.365340 0.682448 -0.216538
v -0.325640 0.667661 -0.190179
v -0.383571 0.683353 -0.174474
v -0.325640 0.667661 -0.190179
v -0.347134 0.670105 -0.143091
v -0.297364 0.667239 -0.234442
v -0.263473 0.668363 -0.274145
v -0.218258 0.660160 -0.254432
v -0.297364 0.667239 -0.234442
v -0.218258 0.660160 -0.254432
v -0.253504 0.658280 -0.211595
v -0.325640 0.667661 -0.190179
v -0.297364 0.667239 -0.234442
v -0.253504 0.658280 -0.211595
v -0.325640 0.667661 -0.190179
v -0.253504 0.658280 -0.211595
v -0.283586 0.659105 -0.164461
v -0.347134 0.670105 -0.143091
v -0.325640 0.667661 -0.190179
v -0.283586 0.659105 -0.164461
v -0.347134 0.670105 -0.143091
v -0.283586 0.659105 -0.164461
v -0.307098 0.662661 -0.114547
v -0.253504 0.658280 -0.211595
v -0.218258 0.660160 -0.254432
v -0.175914 0.656591 -0.228804
v -0.253504 0.658280 -0.211595
v -0.175914 0.656591 -0.228804
v -0.210752 0.654369 -0.186468
v -0.283586 0.659105 -0.164461
v -0.253504 0.658280 -0.211595
v -0.210752 0.654369 -0.186468
v -0.283586 0.659105 -0.164461
v -0.210752 0.654369 -0.186468
v -0.240592 0.655172 -0.139865
v -0.307098 0.662661 -0.114547
v -0.283586 0.659105 -0.164461
v -0.240592 0.655172 -0.139865
v -0.307098 0.662661 -0.114547
v -0.240592 0.655172 -0.139865
v -0.264043 0.659310 -0.090787
v -0.210752 0.654369 -0.186468
v -0.175914 0.656591 -0.228804
v -0.136753 0.656735 -0.198007
v -0.210752 0.654369 -0.186468
v -0.136753 0.656735 -0.198007
v -0.169356 0.654198 -0.158936
v -0.240592 0.655172 -0.139865
v -0.210752 0.654369 -0.186468
v -0.169356 0.654198 -0.158936
v -0.240592 0.655172 -0.139865
v -0.169356 0.654198 -0.158936
v -0.197283 0.654891 -0.115731
v -0.264043 0.659310 -0.090787
v -0.240592 0.655172 -0.139865
v -0.197283 0.654891 -0.115731
v -0.264043 0.659310 -0.090787
v -0.197283 0.654891 -0.115731
v -0.218834 0.659154 -0.070180
v -0.169356 0.654198 -0.158936
v -0.136753 0.656735 -0.198007
v -0.100237 0.660048 -0.163186
v -0.169356 0.654198 -0.158936
v -0.100237 0.660048 -0.163186
v -0.129803 0.657189 -0.128535
v -0.197283 0.654891 -0.115731
v -0.169356 0.654198 -0.158936
v -0.129803 0.657189 -0.128535
v -0.197283 0.654891 -0.115731
v -0.129803 0.657189 -0.128535
v -0.154490 0.656311 -0.091051
v -0.218834 0.659154 -0.070180
v -0.197283 0.654891 -0.115731
v -0.154490 0.656311 -0.091051
v -0.218834 0.659154 -0.070180
v -0.154490 0.656311 -0.091051
v -0.172304 0.660271 -0.051551
v -0.470050 0.750292 -0.274991
v -0.491969 0.775781 -0.311122
v -0.496840 0.784479 -0.325165
v -0.470050 0.750292 -0.274991
v -0.496840 0.784479 -0.325165
v -0.467280 0.753381 -0.295669
v -0.467280 0.753381 -0.295669
v -0.496840 0.784479 -0.325165
v -0.493505 0.785122 -0.331529
v -0.467280 0.753381 -0.295669
v -0.493505 0.785122 -0.331529
v -0.456130 0.753659 -0.312867
v -0.493505 0.785122 -0.331529
v -0.480269 0.776905 -0.332000
v -0.438422 0.751200 -0.324280
v -0.493505 0.785122 -0.331529
v -0.438422 0.751200 -0.324280
v -0.456130 0.753659 -0.312867
v -0.025199 0.658762 -0.033663
v -0.047035 0.670856 -0.078147
v -0.025509 0.666963 -0.080925
v -0.025199 0.658762 -0.033663
v -0.025509 0.666963 -0.080925
v -0.016275 0.658360 -0.032687
v -0.004344 0.661828 -0.084092
v -0.008414 0.658156 -0.034747
v -0.016275 0.658360 -0.032687
v -0.004344 0.661828 -0.084092
v -0.016275 0.658360 -0.032687
v -0.025509 0.666963 -0.080925
v 0.016816 0.659278 -0.086740
v -0.002108 0.658304 -0.040056
v -0.008414 0.658156 -0.034747
v 0.016816 0.659278 -0.086740
v -0.008414 0.658156 -0.034747
v -0.004344 0.661828 -0.084092
v -0.071606 0.668458 -0.122136
v -0.035851 0.668824 -0.128803
v -0.025509 0.666963 -0.080925
v -0.071606 0.668458 -0.122136
v -0.025509 0.666963 -0.080925
v -0.047035 0.670856 -0.078147
v -0.004344 0.661828 -0.084092
v -0.025509 0.666963 -0.080925
v -0.035851 0.668824 -0.128803
v -0.004344 0.661828 -0.084092
v -0.035851 0.668824 -0.128803
v -0.000855 0.663843 -0.133196
v 0.016816 0.659278 -0.086740
v -0.004344 0.661828 -0.084092
v -0.000855 0.663843 -0.133196
v 0.016816 0.659278 -0.086740
v -0.000855 0.663843 -0.133196
v 0.033444 0.656079 -0.134016
v -0.100237 0.660048 -0.163186
v -0.051207 0.655726 -0.173840
v -0.035851 0.668824 -0.128803
v -0.100237 0.660048 -0.163186
v -0.035851 0.668824 -0.128803
v -0.071606 0.668458 -0.122136
v -0.000855 0.663843 -0.133196
v -0.035851 0.668824 -0.128803
v -0.051207 0.655726 -0.173840
v -0.000855 0.663843 -0.133196
v -0.051207 0.655726 -0.173840
v -0.001899 0.650626 -0.180903
v 0.033444 0.656079 -0.134016
v -0.000855 0.663843 -0.133196
v -0.001899 0.650626 -0.180903
v 0.033444 0.656079 -0.134016
v -0.001899 0.650626 -0.180903
v 0.049420 0.649565 -0.181262
v -0.110257 0.723285 -0.545900
v -0.074905 0.718375 -0.548731
v -0.059373 0.704266 -0.512457
v -0.110257 0.723285 -0.545900
v -0.059373 0.704266 -0.512457
v -0.107877 0.714639 -0.503159
v -0.074905 0.718375 -0.548731
v -0.040151 0.715362 -0.543303
v -0.009827 0.695745 -0.508358
v -0.074905 0.718375 -0.548731
v -0.009827 0.695745 -0.508358
v -0.059373 0.704266 -0.512457
v -0.107877 0.714639 -0.503159
v -0.104441 0.697234 -0.457932
v -0.164641 0.707442 -0.443608
v -0.107877 0.714639 -0.503159
v -0.164641 0.707442 -0.443608
v -0.155525 0.724981 -0.488807
v -0.059373 0.704266 -0.512457
v -0.044641 0.685869 -0.469607
v -0.104441 0.697234 -0.457932
v -0.059373 0.704266 -0.512457
v -0.104441 0.697234 -0.457932
v -0.107877 0.714639 -0.503159
v -0.009827 0.695745 -0.508358
v 0.017014 0.676881 -0.470250
v -0.044641 0.685869 -0.469607
v -0.009827 0.695745 -0.508358
v -0.044641 0.685869 -0.469607
v -0.059373 0.704266 -0.512457
v -0.104441 0.697234 -0.457932
v -0.096971 0.678794 -0.412835
v -0.164740 0.686650 -0.398352
v -0.104441 0.697234 -0.457932
v -0.164740 0.686650 -0.398352
v -0.164641 0.707442 -0.443608
v -0.044641 0.685869 -0.469607
v -0.030002 0.668680 -0.425100
v -0.096971 0.678794 -0.412835
v -0.044641 0.685869 -0.469607
v -0.096971 0.678794 -0.412835
v -0.104441 0.697234 -0.457932
v 0.017014 0.676881 -0.470250
v 0.038473 0.661811 -0.427216
v -0.030002 0.668680 -0.425100
v 0.017014 0.676881 -0.470250
v -0.030002 0.668680 -0.425100
v -0.044641 0.685869 -0.469607
v -0.096971 0.678794 -0.412835
v -0.086212 0.664243 -0.366873
v -0.156179 0.669588 -0.352437
v -0.096971 0.678794 -0.412835
v -0.156179 0.669588 -0.352437
v -0.164740 0.686650 -0.398352
v -0.030002 0.668680 -0.425100
v -0.016362 0.657382 -0.378299
v -0.086212 0.664243 -0.366873
v -0.030002 0.668680 -0.425100
v -0.086212 0.664243 -0.366873
v -0.096971 0.678794 -0.412835
v 0.038473 0.661811 -0.427216
v 0.054095 0.652266 -0.380280
v -0.016362 0.657382 -0.378299
v 0.038473 0.661811 -0.427216
v -0.016362 0.657382 -0.378299
v -0.030002 0.668680 -0.425100
v -0.086212 0.664243 -0.366873
v -0.074793 0.655499 -0.319590
v -0.142903 0.659708 -0.305626
v -0.086212 0.664243 -0.366873
v -0.142903 0.659708 -0.305626
v -0.156179 0.669588 -0.352437
v -0.016362 0.657382 -0.378299
v -0.006293 0.649971 -0.329998
v -0.074793 0.655499 -0.319590
v -0.016362 0.657382 -0.378299
v -0.074793 0.655499 -0.319590
v -0.086212 0.664243 -0.366873
v 0.054095 0.652266 -0.380280
v 0.063573 0.646301 -0.331302
v -0.006293 0.649971 -0.329998
v 0.054095 0.652266 -0.380280
v -0.006293 0.649971 -0.329998
v -0.016362 0.657382 -0.378299
v -0.074793 0.655499 -0.319590
v -0.065080 0.651562 -0.271288
v -0.128950 0.655576 -0.258085
v -0.074793 0.655499 -0.319590
v -0.128950 0.655576 -0.258085
v -0.142903 0.659708 -0.305626
v -0.006293 0.649971 -0.329998
v -0.001023 0.647896 -0.280456
v -0.065080 0.651562 -0.271288
v -0.006293 0.649971 -0.329998
v -0.065080 0.651562 -0.271288
v -0.074793 0.655499 -0.319590
v 0.063573 0.646301 -0.331302
v 0.063842 0.645764 -0.281004
v -0.001023 0.647896 -0.280456
v 0.063573 0.646301 -0.331302
v -0.001023 0.647896 -0.280456
v -0.006293 0.649971 -0.329998
v -0.065080 0.651562 -0.271288
v -0.057478 0.650809 -0.222530
v -0.115051 0.655352 -0.210348
v -0.065080 0.651562 -0.271288
v -0.115051 0.655352 -0.210348
v -0.128950 0.655576 -0.258085
v -0.001023 0.647896 -0.280456
v 0.000026 0.648003 -0.230624
v -0.057478 0.650809 -0.222530
v -0.001023 0.647896 -0.280456
v -0.057478 0.650809 -0.222530
v -0.065080 0.651562 -0.271288
v 0.063842 0.645764 -0.281004
v 0.057268 0.648484 -0.231096
v 0.000026 0.648003 -0.230624
v 0.063842 0.645764 -0.281004
v 0.000026 0.648003 -0.230624
v -0.001023 0.647896 -0.280456
v -0.051207 0.655726 -0.173840
v -0.100237 0.660048 -0.163186
v -0.115051 0.655352 -0.210348
v -0.051207 0.655726 -0.173840
v -0.115051 0.655352 -0.210348
v -0.057478 0.650809 -0.222530
v -0.001899 0.650626 -0.180903
v -0.051207 0.655726 -0.173840
v -0.057478 0.650809 -0.222530
v -0.001899 0.650626 -0.180903
v -0.057478 0.650809 -0.222530
v 0.000026 0.648003 -0.230624
v 0.049420 0.649565 -0.181262
v -0.001899 0.650626 -0.180903
v 0.000026 0.648003 -0.230624
v 0.049420 0.649565 -0.181262
v 0.000026 0.648003 -0.230624
v 0.057268 0.648484 -0.231096
v -0.143723 0.733583 -0.535866
v -0.110257 0.723285 -0.545900
v -0.107877 0.714639 -0.503159
v -0.143723 0.733583 -0.535866
v -0.107877 0.714639 -0.503159
v -0.155525 0.724981 -0.488807
v -0.116379 0.734402 -0.597995
v -0.110257 0.723285 -0.545900
v -0.143723 0.733583 -0.535866
v -0.116379 0.734402 -0.597995
v -0.143723 0.733583 -0.535866
v -0.124916 0.733475 -0.581917
v -0.074905 0.718375 -0.548731
v -0.110257 0.723285 -0.545900
v -0.116379 0.734402 -0.597995
v -0.074905 0.718375 -0.548731
v -0.116379 0.734402 -0.597995
v -0.110088 0.733084 -0.601193
v -0.040151 0.715362 -0.543303
v -0.074905 0.718375 -0.548731
v -0.110088 0.733084 -0.601193
v -0.040151 0.715362 -0.543303
v -0.110088 0.733084 -0.601193
v -0.072411 0.725547 -0.580480
v -0.037970 0.665268 -0.003763
v -0.035201 0.665038 0.007536
v -0.035124 0.659202 0.007226
v -0.037970 0.665268 -0.003763
v -0.035124 0.659202 0.007226
v -0.037881 0.659058 -0.004321
v -0.039952 0.665134 -0.015254
v -0.037970 0.665268 -0.003763
v -0.037881 0.659058 -0.004321
v -0.039952 0.665134 -0.015254
v -0.037881 0.659058 -0.004321
v -0.040273 0.659343 -0.016578
v 0.009360 0.666445 0.006295
v 0.017602 0.661086 -0.007668
v 0.017883 0.655421 -0.006993
v 0.009360 0.666445 0.006295
v 0.017883 0.655421 -0.006993
v 0.008771 0.660203 0.006483
v -0.001159 0.666329 0.016862
v 0.009360 0.666445 0.006295
v 0.008771 0.660203 0.006483
v -0.001159 0.666329 0.016862
v 0.008771 0.660203 0.006483
v -0.001515 0.660007 0.017393
v -0.031606 0.664161 0.018585
v -0.021259 0.664032 0.022302
v -0.020236 0.658676 0.022653
v -0.031606 0.664161 0.018585
v -0.020236 0.658676 0.022653
v -0.031246 0.658480 0.018664
v -0.035201 0.665038 0.007536
v -0.031606 0.664161 0.018585
v -0.031246 0.658480 0.018664
v -0.035201 0.665038 0.007536
v -0.031246 0.658480 0.018664
v -0.035124 0.659202 0.007226
v -0.013472 0.663169 0.025441
v -0.001159 0.666329 0.016862
v -0.001515 0.660007 0.017393
v -0.013472 0.663169 0.025441
v -0.001515 0.660007 0.017393
v -0.012325 0.657361 0.024981
v -0.021259 0.664032 0.022302
v -0.013472 0.663169 0.025441
v -0.012325 0.657361 0.024981
v -0.021259 0.664032 0.022302
v -0.012325 0.657361 0.024981
v -0.020236 0.658676 0.022653
v 0.104841 0.672478 0.171227
v 0.060144 0.673784 0.143058
v 0.057135 0.653726 0.134753
v 0.104841 0.672478 0.171227
v 0.057135 0.653726 0.134753
v 0.101840 0.668699 0.164779
v 0.060144 0.673784 0.143058
v 0.070346 0.644935 0.184571
v 0.073112 0.642695 0.182798
v 0.060144 0.673784 0.143058
v 0.073112 0.642695 0.182798
v 0.057135 0.653726 0.134753
v -0.089009 0.651699 0.137482
v -0.086672 0.668113 0.079762
v -0.086081 0.662988 0.079264
v -0.089009 0.651699 0.137482
v -0.086081 0.662988 0.079264
v -0.087788 0.648345 0.135614
v 0.114032 0.672809 0.006382
v 0.166510 0.672908 0.016915
v 0.161772 0.668031 0.016572
v 0.114032 0.672809 0.006382
v 0.161772 0.668031 0.016572
v 0.109720 0.667415 0.007079
v 0.166510 0.672908 0.016915
v 0.218613 0.673907 0.029431
v 0.213272 0.668951 0.028444
v 0.166510 0.672908 0.016915
v 0.213272 0.668951 0.028444
v 0.161772 0.668031 0.016572
v 0.060812 0.670334 -0.007926
v 0.114032 0.672809 0.006382
v 0.109720 0.667415 0.007079
v 0.060812 0.670334 -0.007926
v 0.109720 0.667415 0.007079
v 0.059098 0.660913 -0.006914
v -0.005812 0.675520 0.574778
v -0.040023 0.646727 0.534926
v -0.039378 0.642321 0.536644
v -0.005812 0.675520 0.574778
v -0.039378 0.642321 0.536644
v -0.005197 0.672649 0.575737
v -0.040023 0.646727 0.534926
v -0.069480 0.628018 0.487627
v -0.068099 0.623569 0.487848
v -0.040023 0.646727 0.534926
v -0.068099 0.623569 0.487848
v -0.039378 0.642321 0.536644
v 0.124891 0.636657 0.484427
v 0.115590 0.655559 0.531074
v 0.115328 0.652123 0.531688
v 0.124891 0.636657 0.484427
v 0.115328 0.652123 0.531688
v 0.124591 0.632390 0.484838
v -0.069480 0.628018 0.487627
v -0.089444 0.618798 0.432542
v -0.088258 0.615683 0.431993
v -0.069480 0.628018 0.487627
v -0.088258 0.615683 0.431993
v -0.068099 0.623569 0.487848
v 0.127306 0.627108 0.434252
v 0.124891 0.636657 0.484427
v 0.124591 0.632390 0.484838
v 0.127306 0.627108 0.434252
v 0.124591 0.632390 0.484838
v 0.126533 0.623151 0.433947
v -0.089444 0.618798 0.432542
v -0.100673 0.619147 0.373256
v -0.099815 0.616066 0.372666
v -0.089444 0.618798 0.432542
v -0.099815 0.616066 0.372666
v -0.088258 0.615683 0.431993
v 0.123228 0.624605 0.383130
v 0.127306 0.627108 0.434252
v 0.126533 0.623151 0.433947
v 0.123228 0.624605 0.383130
v 0.126533 0.623151 0.433947
v 0.122287 0.621246 0.382333
v -0.100673 0.619147 0.373256
v -0.105396 0.625166 0.313708
v -0.104248 0.622024 0.312818
v -0.100673 0.619147 0.373256
v -0.104248 0.622024 0.312818
v -0.099815 0.616066 0.372666
v -0.105396 0.625166 0.313708
v -0.104492 0.633923 0.254765
v -0.103229 0.629946 0.253352
v -0.105396 0.625166 0.313708
v -0.103229 0.629946 0.253352
v -0.104248 0.622024 0.312818
v 0.102046 0.631364 0.282068
v 0.114680 0.626612 0.332457
v 0.113508 0.623307 0.331318
v 0.102046 0.631364 0.282068
v 0.113508 0.623307 0.331318
v 0.101466 0.627857 0.281194
v -0.104492 0.633923 0.254765
v -0.099282 0.641788 0.195779
v -0.097623 0.638961 0.194255
v -0.104492 0.633923 0.254765
v -0.097623 0.638961 0.194255
v -0.103229 0.629946 0.253352
v 0.085232 0.638203 0.232969
v 0.102046 0.631364 0.282068
v 0.101466 0.627857 0.281194
v 0.085232 0.638203 0.232969
v 0.101466 0.627857 0.281194
v 0.087453 0.634651 0.231863
v 0.114680 0.626612 0.332457
v 0.123228 0.624605 0.383130
v 0.122287 0.621246 0.382333
v 0.114680 0.626612 0.332457
v 0.122287 0.621246 0.382333
v 0.113508 0.623307 0.331318
v -0.099282 0.641788 0.195779
v -0.089009 0.651699 0.137482
v -0.087788 0.648345 0.135614
v -0.099282 0.641788 0.195779
v -0.087788 0.648345 0.135614
v -0.097623 0.638961 0.194255
v 0.070346 0.644935 0.184571
v 0.085232 0.638203 0.232969
v 0.087453 0.634651 0.231863
v 0.070346 0.644935 0.184571
v 0.087453 0.634651 0.231863
v 0.073112 0.642695 0.182798
v 0.056476 0.750711 0.644419
v 0.027520 0.712636 0.608714
v 0.027769 0.708328 0.611649
v 0.056476 0.750711 0.644419
v 0.027769 0.708328 0.611649
v 0.057483 0.747781 0.645909
v 0.060674 0.752737 0.646006
v 0.056476 0.750711 0.644419
v 0.057483 0.747781 0.645909
v 0.060674 0.752737 0.646006
v 0.057483 0.747781 0.645909
v 0.061221 0.750024 0.647324
v 0.065225 0.752735 0.645544
v 0.060674 0.752737 0.646006
v 0.061221 0.750024 0.647324
v 0.065225 0.752735 0.645544
v 0.061221 0.750024 0.647324
v 0.065034 0.749933 0.646895
v 0.069433 0.750229 0.643000
v 0.065225 0.752735 0.645544
v 0.065034 0.749933 0.646895
v 0.069433 0.750229 0.643000
v 0.065034 0.749933 0.646895
v 0.068424 0.747406 0.644453
v 0.085985 0.717229 0.607506
v 0.069433 0.750229 0.643000
v 0.068424 0.747406 0.644453
v 0.085985 0.717229 0.607506
v 0.068424 0.747406 0.644453
v 0.085690 0.712333 0.610500
v 0.101682 0.683445 0.571948
v 0.085985 0.717229 0.607506
v 0.085690 0.712333 0.610500
v 0.101682 0.683445 0.571948
v 0.085690 0.712333 0.610500
v 0.101390 0.680033 0.572955
v 0.115590 0.655559 0.531074
v 0.101682 0.683445 0.571948
v 0.101390 0.680033 0.572955
v 0.115590 0.655559 0.531074
v 0.101390 0.680033 0.572955
v 0.115328 0.652123 0.531688
v 0.027520 0.712636 0.608714
v -0.005812 0.675520 0.574778
v -0.005197 0.672649 0.575737
v 0.027520 0.712636 0.608714
v -0.005197 0.672649 0.575737
v 0.027769 0.708328 0.611649
v 0.269946 0.677019 0.044821
v 0.319995 0.683469 0.063206
v 0.313299 0.678302 0.061170
v 0.269946 0.677019 0.044821
v 0.313299 0.678302 0.061170
v 0.263807 0.672232 0.043540
v 0.193282 0.678028 0.235898
v 0.149205 0.673359 0.203463
v 0.145660 0.671800 0.199271
v 0.193282 0.678028 0.235898
v 0.145660 0.671800 0.199271
v 0.190520 0.674880 0.232528
v 0.319995 0.683469 0.063206
v 0.367551 0.695424 0.085172
v 0.360445 0.689458 0.082634
v 0.319995 0.683469 0.063206
v 0.360445 0.689458 0.082634
v 0.313299 0.678302 0.061170
v 0.239432 0.686225 0.263704
v 0.193282 0.678028 0.235898
v 0.190520 0.674880 0.232528
v 0.239432 0.686225 0.263704
v 0.190520 0.674880 0.232528
v 0.237594 0.681246 0.261616
v 0.367551 0.695424 0.085172
v 0.410683 0.712515 0.112139
v 0.404246 0.704902 0.107927
v 0.367551 0.695424 0.085172
v 0.404246 0.704902 0.107927
v 0.360445 0.689458 0.082634
v 0.288544 0.699420 0.283532
v 0.239432 0.686225 0.263704
v 0.237594 0.681246 0.261616
v 0.288544 0.699420 0.283532
v 0.237594 0.681246 0.261616
v 0.287375 0.694469 0.282449
v 0.410683 0.712515 0.112139
v 0.446585 0.735394 0.144568
v 0.441289 0.726077 0.138997
v 0.410683 0.712515 0.112139
v 0.441289 0.726077 0.138997
v 0.404246 0.704902 0.107927
v 0.338734 0.718558 0.295596
v 0.288544 0.699420 0.283532
v 0.287375 0.694469 0.282449
v 0.338734 0.718558 0.295596
v 0.287375 0.694469 0.282449
v 0.338524 0.712991 0.295610
v 0.446585 0.735394 0.144568
v 0.474891 0.760895 0.182099
v 0.470810 0.751014 0.174934
v 0.446585 0.735394 0.144568
v 0.470810 0.751014 0.174934
v 0.441289 0.726077 0.138997
v 0.474891 0.760895 0.182099
v 0.496512 0.789329 0.222213
v 0.494343 0.777922 0.213943
v 0.474891 0.760895 0.182099
v 0.494343 0.777922 0.213943
v 0.470810 0.751014 0.174934
v 0.434320 0.770768 0.305208
v 0.387771 0.742343 0.302250
v 0.388778 0.736283 0.303488
v 0.434320 0.770768 0.305208
v 0.388778 0.736283 0.303488
v 0.435933 0.765531 0.307183
v 0.496512 0.789329 0.222213
v 0.512805 0.818032 0.264592
v 0.510247 0.807479 0.254974
v 0.496512 0.789329 0.222213
v 0.510247 0.807479 0.254974
v 0.494343 0.777922 0.213943
v 0.476823 0.805304 0.305185
v 0.434320 0.770768 0.305208
v 0.435933 0.765531 0.307183
v 0.476823 0.805304 0.305185
v 0.435933 0.765531 0.307183
v 0.478980 0.800955 0.305571
v 0.387771 0.742343 0.302250
v 0.338734 0.718558 0.295596
v 0.338524 0.712991 0.295610
v 0.387771 0.742343 0.302250
v 0.338524 0.712991 0.295610
v 0.388778 0.736283 0.303488
v 0.218613 0.673907 0.029431
v 0.269946 0.677019 0.044821
v 0.263807 0.672232 0.043540
v 0.218613 0.673907 0.029431
v 0.263807 0.672232 0.043540
v 0.213272 0.668951 0.028444
v 0.149205 0.673359 0.203463
v 0.104841 0.672478 0.171227
v 0.101840 0.668699 0.164779
v 0.149205 0.673359 0.203463
v 0.101840 0.668699 0.164779
v 0.145660 0.671800 0.199271
v 0.512805 0.818032 0.264592
v 0.524440 0.841592 0.293104
v 0.525796 0.838243 0.294968
v 0.512805 0.818032 0.264592
v 0.525796 0.838243 0.294968
v 0.510247 0.807479 0.254974
v 0.524440 0.841592 0.293104
v 0.527381 0.846469 0.300704
v 0.527635 0.843949 0.301590
v 0.524440 0.841592 0.293104
v 0.527635 0.843949 0.301590
v 0.525796 0.838243 0.294968
v 0.527381 0.846469 0.300704
v 0.524839 0.846707 0.305175
v 0.525878 0.843937 0.304703
v 0.527381 0.846469 0.300704
v 0.525878 0.843937 0.304703
v 0.527635 0.843949 0.301590
v 0.524839 0.846707 0.305175
v 0.517629 0.841965 0.305145
v 0.520347 0.838582 0.305333
v 0.524839 0.846707 0.305175
v 0.520347 0.838582 0.305333
v 0.525878 0.843937 0.304703
v 0.517629 0.841965 0.305145
v 0.476823 0.805304 0.305185
v 0.478980 0.800955 0.305571
v 0.517629 0.841965 0.305145
v 0.478980 0.800955 0.305571
v 0.520347 0.838582 0.305333
v 0.017602 0.661086 -0.007668
v 0.015404 0.659487 -0.015889
v 0.015680 0.652915 -0.015024
v 0.017602 0.661086 -0.007668
v 0.015680 0.652915 -0.015024
v 0.017883 0.655421 -0.006993
v 0.015404 0.659487 -0.015889
v 0.011634 0.659735 -0.023682
v 0.012107 0.651966 -0.022598
v 0.015404 0.659487 -0.015889
v 0.012107 0.651966 -0.022598
v 0.015680 0.652915 -0.015024
v 0.011634 0.659735 -0.023682
v 0.007401 0.657714 -0.030960
v 0.009042 0.652721 -0.030874
v 0.011634 0.659735 -0.023682
v 0.009042 0.652721 -0.030874
v 0.012107 0.651966 -0.022598
v 0.007401 0.657714 -0.030960
v 0.027036 0.663968 -0.072594
v 0.027092 0.657008 -0.072706
v 0.007401 0.657714 -0.030960
v 0.027092 0.657008 -0.072706
v 0.009042 0.652721 -0.030874
v 0.158294 0.655055 -0.031876
v 0.108783 0.656737 -0.019568
v 0.107811 0.653959 -0.021044
v 0.158294 0.655055 -0.031876
v 0.107811 0.653959 -0.021044
v 0.157636 0.652593 -0.033431
v 0.061892 0.658177 -0.115493
v 0.095106 0.653909 -0.153625
v 0.093821 0.650077 -0.150526
v 0.061892 0.658177 -0.115493
v 0.093821 0.650077 -0.150526
v 0.060689 0.654637 -0.111542
v 0.206717 0.654559 -0.046994
v 0.158294 0.655055 -0.031876
v 0.157636 0.652593 -0.033431
v 0.206717 0.654559 -0.046994
v 0.157636 0.652593 -0.033431
v 0.206422 0.650963 -0.047723
v 0.095106 0.653909 -0.153625
v 0.131115 0.652009 -0.189689
v 0.130134 0.649010 -0.186890
v 0.095106 0.653909 -0.153625
v 0.130134 0.649010 -0.186890
v 0.093821 0.650077 -0.150526
v 0.253303 0.653462 -0.067012
v 0.206717 0.654559 -0.046994
v 0.206422 0.650963 -0.047723
v 0.253303 0.653462 -0.067012
v 0.206422 0.650963 -0.047723
v 0.252748 0.650723 -0.068212
v 0.131115 0.652009 -0.189689
v 0.169130 0.652533 -0.223497
v 0.168379 0.649270 -0.221272
v 0.131115 0.652009 -0.189689
v 0.168379 0.649270 -0.221272
v 0.130134 0.649010 -0.186890
v 0.297516 0.656120 -0.092003
v 0.253303 0.653462 -0.067012
v 0.252748 0.650723 -0.068212
v 0.297516 0.656120 -0.092003
v 0.252748 0.650723 -0.068212
v 0.296776 0.654191 -0.093523
v 0.169130 0.652533 -0.223497
v 0.209332 0.655619 -0.254274
v 0.208944 0.652040 -0.252552
v 0.169130 0.652533 -0.223497
v 0.208944 0.652040 -0.252552
v 0.168379 0.649270 -0.221272
v 0.338629 0.662947 -0.121216
v 0.297516 0.656120 -0.092003
v 0.296776 0.654191 -0.093523
v 0.338629 0.662947 -0.121216
v 0.296776 0.654191 -0.093523
v 0.338611 0.659420 -0.122108
v 0.375892 0.670899 -0.154891
v 0.338629 0.662947 -0.121216
v 0.338611 0.659420 -0.122108
v 0.375892 0.670899 -0.154891
v 0.338611 0.659420 -0.122108
v 0.375821 0.667458 -0.156042
v 0.252138 0.661800 -0.280976
v 0.297839 0.671830 -0.301269
v 0.298061 0.667985 -0.300856
v 0.252138 0.661800 -0.280976
v 0.298061 0.667985 -0.300856
v 0.251980 0.657566 -0.279940
v 0.407472 0.684187 -0.192328
v 0.375892 0.670899 -0.154891
v 0.375821 0.667458 -0.156042
v 0.407472 0.684187 -0.192328
v 0.375821 0.667458 -0.156042
v 0.408363 0.679531 -0.193355
v 0.297839 0.671830 -0.301269
v 0.344222 0.684641 -0.317491
v 0.345401 0.680332 -0.316803
v 0.297839 0.671830 -0.301269
v 0.345401 0.680332 -0.316803
v 0.298061 0.667985 -0.300856
v 0.344222 0.684641 -0.317491
v 0.391068 0.702178 -0.323714
v 0.392806 0.697147 -0.324922
v 0.344222 0.684641 -0.317491
v 0.392806 0.697147 -0.324922
v 0.345401 0.680332 -0.316803
v 0.209332 0.655619 -0.254274
v 0.252138 0.661800 -0.280976
v 0.251980 0.657566 -0.279940
v 0.209332 0.655619 -0.254274
v 0.251980 0.657566 -0.279940
v 0.208944 0.652040 -0.252552
v 0.108783 0.656737 -0.019568
v 0.060812 0.670334 -0.007926
v 0.059098 0.660913 -0.006914
v 0.108783 0.656737 -0.019568
v 0.059098 0.660913 -0.006914
v 0.107811 0.653959 -0.021044
v 0.027036 0.663968 -0.072594
v 0.061892 0.658177 -0.115493
v 0.060689 0.654637 -0.111542
v 0.027036 0.663968 -0.072594
v 0.060689 0.654637 -0.111542
v 0.027092 0.657008 -0.072706
v 0.457826 0.723938 -0.272152
v 0.434370 0.700879 -0.231863
v 0.435394 0.696671 -0.233131
v 0.457826 0.723938 -0.272152
v 0.435394 0.696671 -0.233131
v 0.459373 0.721545 -0.272995
v 0.434370 0.700879 -0.231863
v 0.407472 0.684187 -0.192328
v 0.408363 0.679531 -0.193355
v 0.434370 0.700879 -0.231863
v 0.408363 0.679531 -0.193355
v 0.435394 0.696671 -0.233131
v 0.391068 0.702178 -0.323714
v 0.436253 0.725173 -0.322337
v 0.438005 0.721098 -0.322444
v 0.391068 0.702178 -0.323714
v 0.438005 0.721098 -0.322444
v 0.392806 0.697147 -0.324922
v 0.482516 0.753725 -0.302862
v 0.457826 0.723938 -0.272152
v 0.459373 0.721545 -0.272995
v 0.482516 0.753725 -0.302862
v 0.459373 0.721545 -0.272995
v 0.484136 0.750369 -0.304480
v 0.485219 0.757198 -0.307518
v 0.482516 0.753725 -0.302862
v 0.484136 0.750369 -0.304480
v 0.485219 0.757198 -0.307518
v 0.484136 0.750369 -0.304480
v 0.486426 0.754090 -0.308149
v 0.483088 0.756421 -0.311473
v 0.485219 0.757198 -0.307518
v 0.486426 0.754090 -0.308149
v 0.483088 0.756421 -0.311473
v 0.486426 0.754090 -0.308149
v 0.484262 0.753613 -0.311111
v 0.477864 0.753279 -0.313168
v 0.483088 0.756421 -0.311473
v 0.484262 0.753613 -0.311111
v 0.477864 0.753279 -0.313168
v 0.484262 0.753613 -0.311111
v 0.479710 0.750135 -0.312755
v 0.436253 0.725173 -0.322337
v 0.477864 0.753279 -0.313168
v 0.479710 0.750135 -0.312755
v 0.436253 0.725173 -0.322337
v 0.479710 0.750135 -0.312755
v 0.438005 0.721098 -0.322444
v -0.034361 0.668550 -0.022119
v -0.039952 0.665134 -0.015254
v -0.040273 0.659343 -0.016578
v -0.034361 0.668550 -0.022119
v -0.040273 0.659343 -0.016578
v -0.034715 0.663115 -0.020936
v -0.028386 0.666639 -0.027261
v -0.034361 0.668550 -0.022119
v -0.034715 0.663115 -0.020936
v -0.028386 0.666639 -0.027261
v -0.034715 0.663115 -0.020936
v -0.029602 0.661581 -0.026810
v -0.024408 0.665752 -0.034623
v -0.028386 0.666639 -0.027261
v -0.029602 0.661581 -0.026810
v -0.024408 0.665752 -0.034623
v -0.029602 0.661581 -0.026810
v -0.025199 0.658762 -0.033663
v -0.086672 0.668113 0.079762
v -0.127506 0.650095 0.093145
v -0.126917 0.649836 0.094677
v -0.086672 0.668113 0.079762
v -0.126917 0.649836 0.094677
v -0.086081 0.662988 0.079264
v -0.458921 0.667772 0.223048
v -0.501397 0.684620 0.215575
v -0.503348 0.680056 0.215480
v -0.458921 0.667772 0.223048
v -0.503348 0.680056 0.215480
v -0.459962 0.664809 0.222450
v -0.514489 0.681824 0.159545
v -0.483678 0.666197 0.128101
v -0.484435 0.663196 0.128907
v -0.514489 0.681824 0.159545
v -0.484435 0.663196 0.128907
v -0.515259 0.679551 0.160240
v -0.414276 0.656219 0.225765
v -0.458921 0.667772 0.223048
v -0.459962 0.664809 0.222450
v -0.414276 0.656219 0.225765
v -0.459962 0.664809 0.222450
v -0.415501 0.652367 0.225141
v -0.483678 0.666197 0.128101
v -0.452460 0.654609 0.095200
v -0.452900 0.650444 0.096389
v -0.483678 0.666197 0.128101
v -0.452900 0.650444 0.096389
v -0.484435 0.663196 0.128907
v -0.369150 0.647036 0.221632
v -0.414276 0.656219 0.225765
v -0.415501 0.652367 0.225141
v -0.369150 0.647036 0.221632
v -0.415501 0.652367 0.225141
v -0.370278 0.643458 0.220860
v -0.452460 0.654609 0.095200
v -0.419930 0.644581 0.062890
v -0.419790 0.641053 0.064145
v -0.452460 0.654609 0.095200
v -0.419790 0.641053 0.064145
v -0.452900 0.650444 0.096389
v -0.324816 0.638889 0.210581
v -0.369150 0.647036 0.221632
v -0.370278 0.643458 0.220860
v -0.324816 0.638889 0.210581
v -0.370278 0.643458 0.220860
v -0.325567 0.637972 0.209351
v -0.419930 0.644581 0.062890
v -0.384214 0.637166 0.033467
v -0.384378 0.633401 0.034112
v -0.419930 0.644581 0.062890
v -0.384378 0.633401 0.034112
v -0.419790 0.641053 0.064145
v -0.281582 0.636707 0.193931
v -0.324816 0.638889 0.210581
v -0.325567 0.637972 0.209351
v -0.281582 0.636707 0.193931
v -0.325567 0.637972 0.209351
v -0.282224 0.634693 0.192853
v -0.240412 0.637072 0.172661
v -0.281582 0.636707 0.193931
v -0.282224 0.634693 0.192853
v -0.240412 0.637072 0.172661
v -0.282224 0.634693 0.192853
v -0.240957 0.634594 0.171599
v -0.345007 0.632862 0.008025
v -0.302533 0.631882 -0.012604
v -0.302076 0.630898 -0.011333
v -0.345007 0.632862 0.008025
v -0.302076 0.630898 -0.011333
v -0.344710 0.629922 0.008946
v -0.201532 0.640241 0.147543
v -0.240412 0.637072 0.172661
v -0.240957 0.634594 0.171599
v -0.201532 0.640241 0.147543
v -0.240957 0.634594 0.171599
v -0.202108 0.637452 0.146217
v -0.302533 0.631882 -0.012604
v -0.259662 0.637205 -0.029706
v -0.258530 0.634031 -0.028658
v -0.302533 0.631882 -0.012604
v -0.258530 0.634031 -0.028658
v -0.302076 0.630898 -0.011333
v -0.164164 0.645282 0.121082
v -0.201532 0.640241 0.147543
v -0.202108 0.637452 0.146217
v -0.164164 0.645282 0.121082
v -0.202108 0.637452 0.146217
v -0.164333 0.642273 0.119889
v -0.259662 0.637205 -0.029706
v -0.215099 0.642564 -0.042665
v -0.214565 0.642915 -0.041634
v -0.259662 0.637205 -0.029706
v -0.214565 0.642915 -0.041634
v -0.258530 0.634031 -0.028658
v -0.384214 0.637166 0.033467
v -0.345007 0.632862 0.008025
v -0.344710 0.629922 0.008946
v -0.384214 0.637166 0.033467
v -0.344710 0.629922 0.008946
v -0.384378 0.633401 0.034112
v -0.215099 0.642564 -0.042665
v -0.173542 0.662970 -0.050273
v -0.172304 0.660271 -0.051551
v -0.215099 0.642564 -0.042665
v -0.172304 0.660271 -0.051551
v -0.214565 0.642915 -0.041634
v -0.127506 0.650095 0.093145
v -0.164164 0.645282 0.121082
v -0.164333 0.642273 0.119889
v -0.127506 0.650095 0.093145
v -0.164333 0.642273 0.119889
v -0.126917 0.649836 0.094677
v -0.546780 0.704106 0.185229
v -0.514489 0.681824 0.159545
v -0.515259 0.679551 0.160240
v -0.546780 0.704106 0.185229
v -0.515259 0.679551 0.160240
v -0.547342 0.700965 0.187155
v -0.551246 0.709180 0.192690
v -0.546780 0.704106 0.185229
v -0.547342 0.700965 0.187155
v -0.551246 0.709180 0.192690
v -0.547342 0.700965 0.187155
v -0.552316 0.705497 0.193636
v -0.549443 0.709637 0.200106
v -0.551246 0.709180 0.192690
v -0.552316 0.705497 0.193636
v -0.549443 0.709637 0.200106
v -0.552316 0.705497 0.193636
v -0.551173 0.705688 0.200171
v -0.542370 0.703592 0.204771
v -0.549443 0.709637 0.200106
v -0.551173 0.705688 0.200171
v -0.542370 0.703592 0.204771
v -0.551173 0.705688 0.200171
v -0.543598 0.699969 0.203487
v -0.501397 0.684620 0.215575
v -0.542370 0.703592 0.204771
v -0.543598 0.699969 0.203487
v -0.501397 0.684620 0.215575
v -0.543598 0.699969 0.203487
v -0.503348 0.680056 0.215480
v -0.435987 0.755447 -0.323302
v -0.394314 0.729879 -0.313594
v -0.396341 0.726150 -0.314197
v -0.435987 0.755447 -0.323302
v -0.396341 0.726150 -0.314197
v -0.438422 0.751200 -0.324280
v -0.443417 0.729061 -0.238829
v -0.468653 0.754250 -0.273089
v -0.470050 0.750292 -0.274991
v -0.443417 0.729061 -0.238829
v -0.470050 0.750292 -0.274991
v -0.444464 0.725349 -0.240545
v -0.394314 0.729879 -0.313594
v -0.351797 0.706462 -0.302559
v -0.353403 0.702925 -0.302578
v -0.394314 0.729879 -0.313594
v -0.353403 0.702925 -0.302578
v -0.396341 0.726150 -0.314197
v -0.415360 0.705544 -0.205554
v -0.443417 0.729061 -0.238829
v -0.444464 0.725349 -0.240545
v -0.415360 0.705544 -0.205554
v -0.444464 0.725349 -0.240545
v -0.416026 0.702223 -0.207089
v -0.351797 0.706462 -0.302559
v -0.307974 0.686453 -0.289875
v -0.309252 0.682988 -0.289710
v -0.351797 0.706462 -0.302559
v -0.309252 0.682988 -0.289710
v -0.353403 0.702925 -0.302578
v -0.383336 0.686245 -0.173027
v -0.415360 0.705544 -0.205554
v -0.416026 0.702223 -0.207089
v -0.383336 0.686245 -0.173027
v -0.416026 0.702223 -0.207089
v -0.383571 0.683353 -0.174474
v -0.307974 0.686453 -0.289875
v -0.262631 0.671888 -0.274625
v -0.263473 0.668363 -0.274145
v -0.307974 0.686453 -0.289875
v -0.263473 0.668363 -0.274145
v -0.309252 0.682988 -0.289710
v -0.347348 0.672747 -0.141772
v -0.383336 0.686245 -0.173027
v -0.383571 0.683353 -0.174474
v -0.347348 0.672747 -0.141772
v -0.383571 0.683353 -0.174474
v -0.347134 0.670105 -0.143091
v -0.262631 0.671888 -0.274625
v -0.217529 0.663465 -0.255056
v -0.218258 0.660160 -0.254432
v -0.262631 0.671888 -0.274625
v -0.218258 0.660160 -0.254432
v -0.263473 0.668363 -0.274145
v -0.217529 0.663465 -0.255056
v -0.175257 0.660042 -0.229548
v -0.175914 0.656591 -0.228804
v -0.217529 0.663465 -0.255056
v -0.175914 0.656591 -0.228804
v -0.218258 0.660160 -0.254432
v -0.264455 0.662052 -0.089562
v -0.307529 0.665239 -0.113526
v -0.307098 0.662661 -0.114547
v -0.264455 0.662052 -0.089562
v -0.307098 0.662661 -0.114547
v -0.264043 0.659310 -0.090787
v -0.175257 0.660042 -0.229548
v -0.136195 0.660447 -0.198921
v -0.136753 0.656735 -0.198007
v -0.175257 0.660042 -0.229548
v -0.136753 0.656735 -0.198007
v -0.175914 0.656591 -0.228804
v -0.219402 0.661877 -0.068916
v -0.264455 0.662052 -0.089562
v -0.264043 0.659310 -0.090787
v -0.219402 0.661877 -0.068916
v -0.264043 0.659310 -0.090787
v -0.218834 0.659154 -0.070180
v -0.307529 0.665239 -0.113526
v -0.347348 0.672747 -0.141772
v -0.347134 0.670105 -0.143091
v -0.307529 0.665239 -0.113526
v -0.347134 0.670105 -0.143091
v -0.307098 0.662661 -0.114547
v -0.136195 0.660447 -0.198921
v -0.101307 0.663574 -0.163243
v -0.100237 0.660048 -0.163186
v -0.136195 0.660447 -0.198921
v -0.100237 0.660048 -0.163186
v -0.136753 0.656735 -0.198007
v -0.173542 0.662970 -0.050273
v -0.219402 0.661877 -0.068916
v -0.218834 0.659154 -0.070180
v -0.173542 0.662970 -0.050273
v -0.218834 0.659154 -0.070180
v -0.172304 0.660271 -0.051551
v -0.477899 0.781211 -0.331121
v -0.435987 0.755447 -0.323302
v -0.438422 0.751200 -0.324280
v -0.477899 0.781211 -0.331121
v -0.438422 0.751200 -0.324280
v -0.480269 0.776905 -0.332000
v -0.492329 0.788387 -0.331119
v -0.477899 0.781211 -0.331121
v -0.480269 0.776905 -0.332000
v -0.492329 0.788387 -0.331119
v -0.480269 0.776905 -0.332000
v -0.493505 0.785122 -0.331529
v -0.496219 0.787832 -0.324100
v -0.492329 0.788387 -0.331119
v -0.493505 0.785122 -0.331529
v -0.496219 0.787832 -0.324100
v -0.493505 0.785122 -0.331529
v -0.496840 0.784479 -0.325165
v -0.490746 0.779781 -0.309268
v -0.496219 0.787832 -0.324100
v -0.496840 0.784479 -0.325165
v -0.490746 0.779781 -0.309268
v -0.496840 0.784479 -0.325165
v -0.491969 0.775781 -0.311122
v -0.468653 0.754250 -0.273089
v -0.490746 0.779781 -0.309268
v -0.491969 0.775781 -0.311122
v -0.468653 0.754250 -0.273089
v -0.491969 0.775781 -0.311122
v -0.470050 0.750292 -0.274991
v -0.015030 0.664881 -0.033815
v -0.024408 0.665752 -0.034623
v -0.025199 0.658762 -0.033663
v -0.015030 0.664881 -0.033815
v -0.025199 0.658762 -0.033663
v -0.016275 0.658360 -0.032687
v -0.007780 0.663436 -0.034794
v -0.015030 0.664881 -0.033815
v -0.016275 0.658360 -0.032687
v -0.007780 0.663436 -0.034794
v -0.016275 0.658360 -0.032687
v -0.008414 0.658156 -0.034747
v -0.002061 0.662840 -0.039408
v -0.007780 0.663436 -0.034794
v -0.008414 0.658156 -0.034747
v -0.002061 0.662840 -0.039408
v -0.008414 0.658156 -0.034747
v -0.002108 0.658304 -0.040056
v 0.017467 0.666725 -0.086703
v -0.002061 0.662840 -0.039408
v -0.002108 0.658304 -0.040056
v 0.017467 0.666725 -0.086703
v -0.002108 0.658304 -0.040056
v 0.016816 0.659278 -0.086740
v 0.036330 0.662626 -0.133335
v 0.017467 0.666725 -0.086703
v 0.016816 0.659278 -0.086740
v 0.036330 0.662626 -0.133335
v 0.016816 0.659278 -0.086740
v 0.033444 0.656079 -0.134016
v 0.047682 0.654529 -0.181714
v 0.036330 0.662626 -0.133335
v 0.033444 0.656079 -0.134016
v 0.047682 0.654529 -0.181714
v 0.033444 0.656079 -0.134016
v 0.049420 0.649565 -0.181262
v -0.157209 0.732191 -0.487776
v -0.146392 0.739493 -0.535186
v -0.143723 0.733583 -0.535866
v -0.157209 0.732191 -0.487776
v -0.143723 0.733583 -0.535866
v -0.155525 0.724981 -0.488807
v -0.036397 0.722504 -0.545331
v -0.008985 0.702666 -0.508015
v -0.009827 0.695745 -0.508358
v -0.036397 0.722504 -0.545331
v -0.009827 0.695745 -0.508358
v -0.040151 0.715362 -0.543303
v -0.163891 0.711554 -0.444554
v -0.157209 0.732191 -0.487776
v -0.155525 0.724981 -0.488807
v -0.163891 0.711554 -0.444554
v -0.155525 0.724981 -0.488807
v -0.164641 0.707442 -0.443608
v -0.008985 0.702666 -0.508015
v 0.015103 0.682048 -0.468891
v 0.017014 0.676881 -0.470250
v -0.008985 0.702666 -0.508015
v 0.017014 0.676881 -0.470250
v -0.009827 0.695745 -0.508358
v -0.162724 0.693601 -0.398198
v -0.163891 0.711554 -0.444554
v -0.164641 0.707442 -0.443608
v -0.162724 0.693601 -0.398198
v -0.164641 0.707442 -0.443608
v -0.164740 0.686650 -0.398352
v 0.015103 0.682048 -0.468891
v 0.039296 0.667290 -0.427163
v 0.038473 0.661811 -0.427216
v 0.015103 0.682048 -0.468891
v 0.038473 0.661811 -0.427216
v 0.017014 0.676881 -0.470250
v -0.155375 0.675871 -0.352267
v -0.162724 0.693601 -0.398198
v -0.164740 0.686650 -0.398352
v -0.155375 0.675871 -0.352267
v -0.164740 0.686650 -0.398352
v -0.156179 0.669588 -0.352437
v -0.143256 0.665198 -0.305538
v -0.155375 0.675871 -0.352267
v -0.156179 0.669588 -0.352437
v -0.143256 0.665198 -0.305538
v -0.156179 0.669588 -0.352437
v -0.142903 0.659708 -0.305626
v 0.055541 0.656867 -0.380698
v 0.063627 0.651732 -0.331287
v 0.063573 0.646301 -0.331302
v 0.055541 0.656867 -0.380698
v 0.063573 0.646301 -0.331302
v 0.054095 0.652266 -0.380280
v -0.128969 0.660434 -0.258406
v -0.143256 0.665198 -0.305538
v -0.142903 0.659708 -0.305626
v -0.128969 0.660434 -0.258406
v -0.142903 0.659708 -0.305626
v -0.128950 0.655576 -0.258085
v 0.063627 0.651732 -0.331287
v 0.064794 0.651401 -0.280900
v 0.063842 0.645764 -0.281004
v 0.063627 0.651732 -0.331287
v 0.063842 0.645764 -0.281004
v 0.063573 0.646301 -0.331302
v -0.114443 0.660201 -0.210934
v -0.128969 0.660434 -0.258406
v -0.128950 0.655576 -0.258085
v -0.114443 0.660201 -0.210934
v -0.128950 0.655576 -0.258085
v -0.115051 0.655352 -0.210348
v 0.064794 0.651401 -0.280900
v 0.058456 0.652681 -0.230907
v 0.057268 0.648484 -0.231096
v 0.064794 0.651401 -0.280900
v 0.057268 0.648484 -0.231096
v 0.063842 0.645764 -0.281004
v 0.039296 0.667290 -0.427163
v 0.055541 0.656867 -0.380698
v 0.054095 0.652266 -0.380280
v 0.039296 0.667290 -0.427163
v 0.054095 0.652266 -0.380280
v 0.038473 0.661811 -0.427216
v -0.101307 0.663574 -0.163243
v -0.114443 0.660201 -0.210934
v -0.115051 0.655352 -0.210348
v -0.101307 0.663574 -0.163243
v -0.115051 0.655352 -0.210348
v -0.100237 0.660048 -0.163186
v 0.058456 0.652681 -0.230907
v 0.047682 0.654529 -0.181714
v 0.049420 0.649565 -0.181262
v 0.058456 0.652681 -0.230907
v 0.049420 0.649565 -0.181262
v 0.057268 0.648484 -0.231096
v -0.146392 0.739493 -0.535186
v -0.123965 0.738437 -0.581616
v -0.124916 0.733475 -0.581917
v -0.146392 0.739493 -0.535186
v -0.124916 0.733475 -0.581917
v -0.143723 0.733583 -0.535866
v -0.123965 0.738437 -0.581616
v -0.116482 0.737902 -0.600251
v -0.116379 0.734402 -0.597995
v -0.123965 0.738437 -0.581616
v -0.116379 0.734402 -0.597995
v -0.124916 0.733475 -0.581917
v -0.116482 0.737902 -0.600251
v -0.109542 0.736213 -0.601667
v -0.110088 0.733084 -0.601193
v -0.116482 0.737902 -0.600251
v -0.110088 0.733084 -0.601193
v -0.116379 0.734402 -0.597995
v -0.109542 0.736213 -0.601667
v -0.071362 0.729462 -0.580976
v -0.072411 0.725547 -0.580480
v -0.109542 0.736213 -0.601667
v -0.072411 0.725547 -0.580480
v -0.110088 0.733084 -0.601193
v -0.071362 0.729462 -0.580976
v -0.036397 0.722504 -0.545331
v -0.040151 0.715362 -0.543303
v -0.071362 0.729462 -0.580976
v -0.040151 0.715362 -0.543303
v -0.072411 0.725547 -0.580480
v -0.007279 1.000000 0.001779
v -0.007277 1.000000 -0.005636
v -0.008016 1.000000 -0.001928
v -0.007277 1.000000 -0.005636
v -0.007279 1.000000 0.001779
v -0.005180 1.000000 0.004923
v -0.007277 1.000000 -0.005636
v -0.005180 1.000000 0.004923
v -0.005176 1.000000 -0.008779
v -0.005176 1.000000 -0.008779
v -0.005180 1.000000 0.004923
v -0.002033 1.000000 -0.010878
v -0.002033 1.000000 -0.010878
v -0.005180 1.000000 0.004923
v -0.002037 1.000000 0.007024
v -0.002033 1.000000 -0.010878
v -0.002037 1.000000 0.007024
v 0.001671 1.000000 0.007763
v -0.002033 1.000000 -0.010878
v 0.001671 1.000000 0.007763
v 0.001675 1.000000 -0.011615
v 0.001675 1.000000 -0.011615
v 0.001671 1.000000 0.007763
v 0.005379 1.000000 0.007026
v 0.001675 1.000000 -0.011615
v 0.005379 1.000000 0.007026
v 0.005383 1.000000 -0.010877
v 0.005383 1.000000 -0.010877
v 0.005379 1.000000 0.007026
v 0.008522 1.000000 0.004927
v 0.005383 1.000000 -0.010877
v 0.008522 1.000000 0.004927
v 0.008526 1.000000 -0.008775
v 0.008526 1.000000 -0.008775
v 0.008522 1.000000 0.004927
v 0.010623 1.000000 0.001784
v 0.008526 1.000000 -0.008775
v 0.010623 1.000000 0.001784
v 0.010625 1.000000 -0.005632
v 0.010625 1.000000 -0.005632
v 0.010623 1.000000 0.001784
v 0.011362 1.000000 -0.001924
vt 0.557341 0.744939
vt 0.586094 0.716477
vt 0.557395 0.717139
vt 0.557341 0.744939
vt 0.585871 0.746617
vt 0.586094 0.716477
vt 0.528780 0.743126
vt 0.557341 0.744939
vt 0.557395 0.717139
vt 0.528780 0.743126
vt 0.557395 0.717139
vt 0.528697 0.717937
vt 0.500158 0.741185
vt 0.528780 0.743126
vt 0.528697 0.717937
vt 0.500158 0.741185
vt 0.528697 0.717937
vt 0.499943 0.718903
vt 0.585871 0.746617
vt 0.614829 0.716031
vt 0.586094 0.716477
vt 0.471469 0.739157
vt 0.500158 0.741185
vt 0.499943 0.718903
vt 0.471469 0.739157
vt 0.499943 0.718903
vt 0.471103 0.720179
vt 0.585871 0.746617
vt 0.614404 0.748152
vt 0.614829 0.716031
vt 0.614404 0.748152
vt 0.643599 0.715890
vt 0.614829 0.716031
vt 0.614404 0.748152
vt 0.642976 0.749511
vt 0.643599 0.715890
vt 0.442868 0.737089
vt 0.471469 0.739157
vt 0.471103 0.720179
vt 0.442868 0.737089
vt 0.471103 0.720179
vt 0.442423 0.722020
vt 0.555735 0.772581
vt 0.585871 0.746617
vt 0.557341 0.744939
vt 0.527199 0.768109
vt 0.555735 0.772581
vt 0.557341 0.744939
vt 0.527199 0.768109
vt 0.557341 0.744939
vt 0.528780 0.743126
vt 0.555735 0.772581
vt 0.584286 0.776597
vt 0.585871 0.746617
vt 0.584286 0.776597
vt 0.614404 0.748152
vt 0.585871 0.746617
vt 0.498639 0.763214
vt 0.527199 0.768109
vt 0.528780 0.743126
vt 0.498639 0.763214
vt 0.528780 0.743126
vt 0.500158 0.741185
vt 0.470049 0.757898
vt 0.498639 0.763214
vt 0.500158 0.741185
vt 0.470049 0.757898
vt 0.500158 0.741185
vt 0.471469 0.739157
vt 0.441597 0.752036
vt 0.470049 0.757898
vt 0.471469 0.739157
vt 0.441597 0.752036
vt 0.471469 0.739157
vt 0.442868 0.737089
vt 0.584286 0.776597
vt 0.612929 0.780069
vt 0.614404 0.748152
vt 0.612929 0.780069
vt 0.642976 0.749511
vt 0.614404 0.748152
vt 0.612929 0.780069
vt 0.641710 0.782897
vt 0.642976 0.749511
vt 0.642976 0.749511
vt 0.672251 0.716147
vt 0.643599 0.715890
vt 0.642976 0.749511
vt 0.671424 0.750639
vt 0.672251 0.716147
vt 0.641710 0.782897
vt 0.671424 0.750639
vt 0.642976 0.749511
vt 0.641710 0.782897
vt 0.670444 0.784949
vt 0.671424 0.750639
vt 0.552654 0.800168
vt 0.584286 0.776597
vt 0.555735 0.772581
vt 0.552654 0.800168
vt 0.581472 0.806598
vt 0.584286 0.776597
vt 0.524001 0.792945
vt 0.552654 0.800168
vt 0.555735 0.772581
vt 0.524001 0.792945
vt 0.555735 0.772581
vt 0.527199 0.768109
vt 0.495450 0.785042
vt 0.524001 0.792945
vt 0.527199 0.768109
vt 0.495450 0.785042
vt 0.527199 0.768109
vt 0.498639 0.763214
vt 0.466980 0.776426
vt 0.495450 0.785042
vt 0.498639 0.763214
vt 0.466980 0.776426
vt 0.498639 0.763214
vt 0.470049 0.757898
vt 0.438734 0.766830
vt 0.470049 0.757898
vt 0.441597 0.752036
vt 0.438734 0.766830
vt 0.466980 0.776426
vt 0.470049 0.757898
vt 0.581472 0.806598
vt 0.612929 0.780069
vt 0.584286 0.776597
vt 0.581472 0.806598
vt 0.610556 0.812095
vt 0.612929 0.780069
vt 0.610556 0.812095
vt 0.641710 0.782897
vt 0.612929 0.780069
vt 0.610556 0.812095
vt 0.639943 0.816524
vt 0.641710 0.782897
vt 0.639943 0.816524
vt 0.670444 0.784949
vt 0.641710 0.782897
vt 0.639943 0.816524
vt 0.669410 0.819618
vt 0.670444 0.784949
vt 0.670444 0.784949
vt 0.699643 0.751515
vt 0.671424 0.750639
vt 0.670444 0.784949
vt 0.698981 0.786122
vt 0.699643 0.751515
vt 0.669410 0.819618
vt 0.698981 0.786122
vt 0.670444 0.784949
vt 0.669410 0.819618
vt 0.698770 0.821173
vt 0.698981 0.786122
vt 0.671424 0.750639
vt 0.699643 0.751515
vt 0.700726 0.716816
vt 0.671424 0.750639
vt 0.700726 0.716816
vt 0.672251 0.716147
vt 0.586094 0.716477
vt 0.614829 0.716031
vt 0.613817 0.683263
vt 0.614829 0.716031
vt 0.643204 0.681523
vt 0.613817 0.683263
vt 0.614829 0.716031
vt 0.643599 0.715890
vt 0.643204 0.681523
vt 0.586094 0.716477
vt 0.613817 0.683263
vt 0.584676 0.685821
vt 0.557395 0.717139
vt 0.586094 0.716477
vt 0.584676 0.685821
vt 0.557395 0.717139
vt 0.584676 0.685821
vt 0.555747 0.688919
vt 0.528697 0.717937
vt 0.557395 0.717139
vt 0.555747 0.688919
vt 0.528697 0.717937
vt 0.555747 0.688919
vt 0.526901 0.692429
vt 0.499943 0.718903
vt 0.528697 0.717937
vt 0.526901 0.692429
vt 0.499943 0.718903
vt 0.526901 0.692429
vt 0.497993 0.696354
vt 0.471103 0.720179
vt 0.499943 0.718903
vt 0.497993 0.696354
vt 0.471103 0.720179
vt 0.497993 0.696354
vt 0.468908 0.700966
vt 0.442423 0.722020
vt 0.471103 0.720179
vt 0.468908 0.700966
vt 0.442423 0.722020
vt 0.468908 0.700966
vt 0.440241 0.706922
vt 0.643599 0.715890
vt 0.672679 0.680915
vt 0.643204 0.681523
vt 0.643599 0.715890
vt 0.672251 0.716147
vt 0.672679 0.680915
vt 0.442868 0.737089
vt 0.442423 0.722020
vt 0.415520 0.724051
vt 0.442868 0.737089
vt 0.415520 0.724051
vt 0.415326 0.734818
vt 0.441597 0.752036
vt 0.442868 0.737089
vt 0.415326 0.734818
vt 0.441597 0.752036
vt 0.415326 0.734818
vt 0.414003 0.745586
vt 0.438734 0.766830
vt 0.441597 0.752036
vt 0.414003 0.745586
vt 0.438734 0.766830
vt 0.414003 0.745586
vt 0.411814 0.756355
vt 0.442423 0.722020
vt 0.413144 0.713421
vt 0.415520 0.724051
vt 0.442423 0.722020
vt 0.440241 0.706922
vt 0.413144 0.713421
vt 0.440241 0.706922
vt 0.468908 0.700966
vt 0.464999 0.681208
vt 0.440241 0.706922
vt 0.464999 0.681208
vt 0.436786 0.690820
vt 0.440241 0.706922
vt 0.436786 0.690820
vt 0.409887 0.701672
vt 0.440241 0.706922
vt 0.409887 0.701672
vt 0.413144 0.713421
vt 0.672251 0.716147
vt 0.702131 0.681429
vt 0.672679 0.680915
vt 0.672251 0.716147
vt 0.700726 0.716816
vt 0.702131 0.681429
vt 0.698981 0.786122
vt 0.727534 0.752177
vt 0.699643 0.751515
vt 0.698981 0.786122
vt 0.727179 0.786418
vt 0.727534 0.752177
vt 0.699643 0.751515
vt 0.727534 0.752177
vt 0.728899 0.717952
vt 0.699643 0.751515
vt 0.728899 0.717952
vt 0.700726 0.716816
vt 0.700726 0.716816
vt 0.731338 0.683199
vt 0.702131 0.681429
vt 0.700726 0.716816
vt 0.728899 0.717952
vt 0.731338 0.683199
vt 0.698770 0.821173
vt 0.727179 0.786418
vt 0.698981 0.786122
vt 0.698770 0.821173
vt 0.727788 0.821117
vt 0.727179 0.786418
vt 0.518793 0.817521
vt 0.552654 0.800168
vt 0.524001 0.792945
vt 0.518793 0.817521
vt 0.547585 0.827618
vt 0.552654 0.800168
vt 0.547585 0.827618
vt 0.581472 0.806598
vt 0.552654 0.800168
vt 0.490318 0.806529
vt 0.518793 0.817521
vt 0.524001 0.792945
vt 0.490318 0.806529
vt 0.524001 0.792945
vt 0.495450 0.785042
vt 0.547585 0.827618
vt 0.576836 0.836609
vt 0.581472 0.806598
vt 0.462068 0.794573
vt 0.490318 0.806529
vt 0.495450 0.785042
vt 0.462068 0.794573
vt 0.495450 0.785042
vt 0.466980 0.776426
vt 0.576836 0.836609
vt 0.610556 0.812095
vt 0.581472 0.806598
vt 0.576836 0.836609
vt 0.606616 0.844299
vt 0.610556 0.812095
vt 0.606616 0.844299
vt 0.639943 0.816524
vt 0.610556 0.812095
vt 0.606616 0.844299
vt 0.636960 0.850591
vt 0.639943 0.816524
vt 0.636960 0.850591
vt 0.669410 0.819618
vt 0.639943 0.816524
vt 0.636960 0.850591
vt 0.667675 0.854964
vt 0.669410 0.819618
vt 0.667675 0.854964
vt 0.698770 0.821173
vt 0.669410 0.819618
vt 0.667675 0.854964
vt 0.698512 0.857081
vt 0.698770 0.821173
vt 0.698512 0.857081
vt 0.727788 0.821117
vt 0.698770 0.821173
vt 0.434190 0.781287
vt 0.462068 0.794573
vt 0.466980 0.776426
vt 0.434190 0.781287
vt 0.466980 0.776426
vt 0.438734 0.766830
vt 0.434190 0.781287
vt 0.438734 0.766830
vt 0.411814 0.756355
vt 0.434190 0.781287
vt 0.411814 0.756355
vt 0.408478 0.766936
vt 0.698512 0.857081
vt 0.729123 0.856760
vt 0.727788 0.821117
vt 0.755279 0.785859
vt 0.727534 0.752177
vt 0.727179 0.786418
vt 0.755279 0.785859
vt 0.755372 0.752656
vt 0.727534 0.752177
vt 0.755372 0.752656
vt 0.728899 0.717952
vt 0.727534 0.752177
vt 0.756527 0.819444
vt 0.755279 0.785859
vt 0.727179 0.786418
vt 0.756527 0.819444
vt 0.727179 0.786418
vt 0.727788 0.821117
vt 0.755372 0.752656
vt 0.756942 0.719589
vt 0.728899 0.717952
vt 0.756942 0.719589
vt 0.731338 0.683199
vt 0.728899 0.717952
vt 0.756942 0.719589
vt 0.760268 0.686382
vt 0.731338 0.683199
vt 0.415326 0.734818
vt 0.415520 0.724051
vt 0.398205 0.725485
vt 0.415326 0.734818
vt 0.398205 0.725485
vt 0.393181 0.731713
vt 0.414003 0.745586
vt 0.415326 0.734818
vt 0.393181 0.731713
vt 0.414003 0.745586
vt 0.393181 0.731713
vt 0.390641 0.739480
vt 0.411814 0.756355
vt 0.414003 0.745586
vt 0.390641 0.739480
vt 0.411814 0.756355
vt 0.390641 0.739480
vt 0.390123 0.747955
vt 0.408478 0.766936
vt 0.411814 0.756355
vt 0.390123 0.747955
vt 0.408478 0.766936
vt 0.390123 0.747955
vt 0.392582 0.756491
vt 0.415520 0.724051
vt 0.413144 0.713421
vt 0.391850 0.720113
vt 0.415520 0.724051
vt 0.391850 0.720113
vt 0.398205 0.725485
vt 0.391850 0.720113
vt 0.393181 0.731713
vt 0.398205 0.725485
vt 0.759251 0.853763
vt 0.756527 0.819444
vt 0.727788 0.821117
vt 0.759251 0.853763
vt 0.727788 0.821117
vt 0.729123 0.856760
vt 0.413144 0.713421
vt 0.387240 0.712601
vt 0.391850 0.720113
vt 0.413144 0.713421
vt 0.409887 0.701672
vt 0.387240 0.712601
vt 0.403991 0.690830
vt 0.387240 0.712601
vt 0.409887 0.701672
vt 0.403991 0.690830
vt 0.384953 0.703997
vt 0.387240 0.712601
vt 0.783751 0.752966
vt 0.756942 0.719589
vt 0.755372 0.752656
vt 0.783830 0.784537
vt 0.755372 0.752656
vt 0.755279 0.785859
vt 0.783830 0.784537
vt 0.783751 0.752966
vt 0.755372 0.752656
vt 0.783751 0.752966
vt 0.785366 0.721650
vt 0.756942 0.719589
vt 0.785366 0.721650
vt 0.760268 0.686382
vt 0.756942 0.719589
vt 0.785366 0.721650
vt 0.788943 0.690775
vt 0.760268 0.686382
vt 0.785518 0.816365
vt 0.783830 0.784537
vt 0.755279 0.785859
vt 0.785518 0.816365
vt 0.755279 0.785859
vt 0.756527 0.819444
vt 0.788943 0.848366
vt 0.785518 0.816365
vt 0.756527 0.819444
vt 0.788943 0.848366
vt 0.756527 0.819444
vt 0.759251 0.853763
vt 0.391850 0.720113
vt 0.379669 0.726744
vt 0.393181 0.731713
vt 0.387240 0.712601
vt 0.379669 0.726744
vt 0.391850 0.720113
vt 0.379669 0.726744
vt 0.390641 0.739480
vt 0.393181 0.731713
vt 0.379669 0.726744
vt 0.374588 0.734000
vt 0.390641 0.739480
vt 0.390641 0.739480
vt 0.374588 0.734000
vt 0.375561 0.743689
vt 0.370864 0.721438
vt 0.374588 0.734000
vt 0.379669 0.726744
vt 0.191537 0.575788
vt 0.169936 0.565674
vt 0.198000 0.546703
vt 0.169936 0.565674
vt 0.156663 0.554741
vt 0.165121 0.539171
vt 0.156663 0.554741
vt 0.141236 0.534462
vt 0.165121 0.539171
vt 0.156663 0.554741
vt 0.137878 0.548764
vt 0.141236 0.534462
vt 0.169936 0.565674
vt 0.165121 0.539171
vt 0.198000 0.546703
vt 0.191537 0.575788
vt 0.198000 0.546703
vt 0.215109 0.577223
vt 0.215109 0.577223
vt 0.198000 0.546703
vt 0.230581 0.555741
vt 0.215109 0.577223
vt 0.230581 0.555741
vt 0.231651 0.573867
vt 0.191537 0.575788
vt 0.173945 0.582524
vt 0.169936 0.565674
vt 0.173945 0.582524
vt 0.150073 0.579461
vt 0.169936 0.565674
vt 0.150073 0.579461
vt 0.156663 0.554741
vt 0.169936 0.565674
vt 0.141784 0.568013
vt 0.137878 0.548764
vt 0.156663 0.554741
vt 0.150073 0.579461
vt 0.141784 0.568013
vt 0.156663 0.554741
vt 0.141784 0.568013
vt 0.132901 0.560033
vt 0.137878 0.548764
vt 0.185024 0.604645
vt 0.173945 0.582524
vt 0.191537 0.575788
vt 0.185024 0.604645
vt 0.191537 0.575788
vt 0.204372 0.590360
vt 0.191537 0.575788
vt 0.215109 0.577223
vt 0.204372 0.590360
vt 0.185024 0.604645
vt 0.204372 0.590360
vt 0.197701 0.610010
vt 0.197701 0.610010
vt 0.204372 0.590360
vt 0.215939 0.607590
vt 0.197701 0.610010
vt 0.215939 0.607590
vt 0.207890 0.616439
vt 0.204372 0.590360
vt 0.215109 0.577223
vt 0.227110 0.599414
vt 0.204372 0.590360
vt 0.227110 0.599414
vt 0.215939 0.607590
vt 0.227110 0.599414
vt 0.215109 0.577223
vt 0.231651 0.573867
vt 0.173945 0.582524
vt 0.156567 0.592058
vt 0.150073 0.579461
vt 0.171579 0.603132
vt 0.156567 0.592058
vt 0.173945 0.582524
vt 0.185024 0.604645
vt 0.171579 0.603132
vt 0.173945 0.582524
vt 0.171579 0.603132
vt 0.160015 0.603667
vt 0.156567 0.592058
vt 0.227110 0.599414
vt 0.231651 0.573867
vt 0.239446 0.593106
vt 0.239446 0.593106
vt 0.231651 0.573867
vt 0.251047 0.577543
vt 0.225653 0.631675
vt 0.215939 0.607590
vt 0.227110 0.599414
vt 0.210576 0.636128
vt 0.207890 0.616439
vt 0.215939 0.607590
vt 0.210576 0.636128
vt 0.215939 0.607590
vt 0.225653 0.631675
vt 0.240072 0.624222
vt 0.227110 0.599414
vt 0.239446 0.593106
vt 0.225653 0.631675
vt 0.227110 0.599414
vt 0.240072 0.624222
vt 0.239446 0.593106
vt 0.251047 0.577543
vt 0.250831 0.590188
vt 0.194737 0.635660
vt 0.207890 0.616439
vt 0.210576 0.636128
vt 0.194737 0.635660
vt 0.197701 0.610010
vt 0.207890 0.616439
vt 0.178440 0.633604
vt 0.171579 0.603132
vt 0.185024 0.604645
vt 0.178440 0.633604
vt 0.185024 0.604645
vt 0.197701 0.610010
vt 0.178440 0.633604
vt 0.197701 0.610010
vt 0.194737 0.635660
vt 0.231651 0.573867
vt 0.230581 0.555741
vt 0.254001 0.562958
vt 0.231651 0.573867
vt 0.254001 0.562958
vt 0.251047 0.577543
vt 0.253558 0.614589
vt 0.239446 0.593106
vt 0.250831 0.590188
vt 0.240072 0.624222
vt 0.239446 0.593106
vt 0.253558 0.614589
vt 0.254001 0.562958
vt 0.230581 0.555741
vt 0.240249 0.540510
vt 0.254001 0.562958
vt 0.240249 0.540510
vt 0.259010 0.548770
vt 0.253558 0.614589
vt 0.250831 0.590188
vt 0.265298 0.602914
vt 0.265298 0.602914
vt 0.250831 0.590188
vt 0.251047 0.577543
vt 0.265298 0.602914
vt 0.251047 0.577543
vt 0.273690 0.588148
vt 0.259010 0.548770
vt 0.240249 0.540510
vt 0.257030 0.527811
vt 0.259010 0.548770
vt 0.257030 0.527811
vt 0.265615 0.537532
vt 0.230581 0.555741
vt 0.227054 0.528310
vt 0.240249 0.540510
vt 0.230581 0.555741
vt 0.198000 0.546703
vt 0.227054 0.528310
vt 0.273690 0.588148
vt 0.251047 0.577543
vt 0.254001 0.562958
vt 0.273690 0.588148
vt 0.254001 0.562958
vt 0.279842 0.571619
vt 0.240249 0.540510
vt 0.227054 0.528310
vt 0.249079 0.514778
vt 0.240249 0.540510
vt 0.249079 0.514778
vt 0.257030 0.527811
vt 0.279842 0.571619
vt 0.254001 0.562958
vt 0.259010 0.548770
vt 0.279842 0.571619
vt 0.259010 0.548770
vt 0.283888 0.554005
vt 0.283888 0.554005
vt 0.259010 0.548770
vt 0.265615 0.537532
vt 0.283888 0.554005
vt 0.265615 0.537532
vt 0.285267 0.535646
vt 0.285267 0.535646
vt 0.265615 0.537532
vt 0.257030 0.527811
vt 0.141236 0.534462
vt 0.162826 0.521086
vt 0.165121 0.539171
vt 0.141236 0.534462
vt 0.142663 0.519580
vt 0.162826 0.521086
vt 0.165121 0.539171
vt 0.162826 0.521086
vt 0.179691 0.516451
vt 0.165121 0.539171
vt 0.179691 0.516451
vt 0.198000 0.546703
vt 0.285267 0.535646
vt 0.257030 0.527811
vt 0.281629 0.517297
vt 0.281629 0.517297
vt 0.257030 0.527811
vt 0.249079 0.514778
vt 0.190481 0.502330
vt 0.198000 0.546703
vt 0.179691 0.516451
vt 0.223296 0.510480
vt 0.227054 0.528310
vt 0.198000 0.546703
vt 0.223296 0.510480
vt 0.198000 0.546703
vt 0.204530 0.517143
vt 0.190481 0.502330
vt 0.204530 0.517143
vt 0.198000 0.546703
vt 0.281629 0.517297
vt 0.249079 0.514778
vt 0.274499 0.499909
vt 0.242608 0.500841
vt 0.227054 0.528310
vt 0.223296 0.510480
vt 0.242608 0.500841
vt 0.249079 0.514778
vt 0.227054 0.528310
vt 0.274499 0.499909
vt 0.249079 0.514778
vt 0.242608 0.500841
vt 0.163676 0.626985
vt 0.160015 0.603667
vt 0.171579 0.603132
vt 0.178440 0.633604
vt 0.163676 0.626985
vt 0.171579 0.603132
vt 0.142663 0.519580
vt 0.153187 0.502206
vt 0.162826 0.521086
vt 0.142663 0.519580
vt 0.141526 0.506744
vt 0.153187 0.502206
vt 0.162826 0.521086
vt 0.153187 0.502206
vt 0.165747 0.494370
vt 0.162826 0.521086
vt 0.165747 0.494370
vt 0.179691 0.516451
vt 0.114860 0.530066
vt 0.142663 0.519580
vt 0.141236 0.534462
vt 0.114860 0.530066
vt 0.118538 0.512736
vt 0.142663 0.519580
vt 0.118538 0.512736
vt 0.141526 0.506744
vt 0.142663 0.519580
vt 0.113595 0.547465
vt 0.114860 0.530066
vt 0.141236 0.534462
vt 0.113595 0.547465
vt 0.141236 0.534462
vt 0.137878 0.548764
vt 0.177332 0.484902
vt 0.179691 0.516451
vt 0.165747 0.494370
vt 0.177332 0.484902
vt 0.190481 0.502330
vt 0.179691 0.516451
vt 0.138312 0.607963
vt 0.150073 0.579461
vt 0.156567 0.592058
vt 0.128621 0.594639
vt 0.141784 0.568013
vt 0.150073 0.579461
vt 0.138312 0.607963
vt 0.128621 0.594639
vt 0.150073 0.579461
vt 0.128621 0.594639
vt 0.120663 0.579983
vt 0.141784 0.568013
vt 0.120663 0.579983
vt 0.132901 0.560033
vt 0.141784 0.568013
vt 0.120663 0.579983
vt 0.115051 0.564344
vt 0.132901 0.560033
vt 0.115051 0.564344
vt 0.137878 0.548764
vt 0.132901 0.560033
vt 0.115051 0.564344
vt 0.113595 0.547465
vt 0.137878 0.548764
vt 0.149741 0.619199
vt 0.138312 0.607963
vt 0.156567 0.592058
vt 0.149741 0.619199
vt 0.156567 0.592058
vt 0.160015 0.603667
vt 0.163676 0.626985
vt 0.149741 0.619199
vt 0.160015 0.603667
vt 0.118538 0.512736
vt 0.124980 0.496186
vt 0.141526 0.506744
vt 0.124980 0.496186
vt 0.153187 0.502206
vt 0.141526 0.506744
vt 0.287100 0.622017
vt 0.265298 0.602914
vt 0.273690 0.588148
vt 0.271866 0.638213
vt 0.265298 0.602914
vt 0.287100 0.622017
vt 0.271866 0.638213
vt 0.253558 0.614589
vt 0.265298 0.602914
vt 0.287100 0.622017
vt 0.273690 0.588148
vt 0.299187 0.602833
vt 0.299187 0.602833
vt 0.273690 0.588148
vt 0.279842 0.571619
vt 0.254255 0.651244
vt 0.253558 0.614589
vt 0.271866 0.638213
vt 0.254255 0.651244
vt 0.240072 0.624222
vt 0.253558 0.614589
vt 0.234893 0.660598
vt 0.240072 0.624222
vt 0.254255 0.651244
vt 0.234893 0.660598
vt 0.225653 0.631675
vt 0.240072 0.624222
vt 0.299187 0.602833
vt 0.279842 0.571619
vt 0.307886 0.581412
vt 0.307886 0.581412
vt 0.279842 0.571619
vt 0.283888 0.554005
vt 0.214322 0.665407
vt 0.225653 0.631675
vt 0.234893 0.660598
vt 0.214322 0.665407
vt 0.210576 0.636128
vt 0.225653 0.631675
vt 0.307886 0.581412
vt 0.283888 0.554005
vt 0.313144 0.558242
vt 0.313144 0.558242
vt 0.283888 0.554005
vt 0.285267 0.535646
vt 0.313144 0.558242
vt 0.285267 0.535646
vt 0.314619 0.533545
vt 0.124980 0.496186
vt 0.135896 0.481995
vt 0.153187 0.502206
vt 0.135896 0.481995
vt 0.165747 0.494370
vt 0.153187 0.502206
vt 0.149586 0.469956
vt 0.177332 0.484902
vt 0.165747 0.494370
vt 0.135896 0.481995
vt 0.149586 0.469956
vt 0.165747 0.494370
vt 0.274499 0.499909
vt 0.242608 0.500841
vt 0.264245 0.484104
vt 0.264245 0.484104
vt 0.242608 0.500841
vt 0.239093 0.487930
vt 0.239093 0.487930
vt 0.242608 0.500841
vt 0.223296 0.510480
vt 0.239093 0.487930
vt 0.223296 0.510480
vt 0.226095 0.488363
vt 0.226095 0.488363
vt 0.223296 0.510480
vt 0.204530 0.517143
vt 0.226095 0.488363
vt 0.204530 0.517143
vt 0.211166 0.486604
vt 0.197075 0.481292
vt 0.211166 0.486604
vt 0.204530 0.517143
vt 0.197075 0.481292
vt 0.204530 0.517143
vt 0.190481 0.502330
vt 0.185722 0.475047
vt 0.197075 0.481292
vt 0.190481 0.502330
vt 0.185722 0.475047
vt 0.190481 0.502330
vt 0.177332 0.484902
vt 0.165133 0.460444
vt 0.185722 0.475047
vt 0.177332 0.484902
vt 0.149586 0.469956
vt 0.165133 0.460444
vt 0.177332 0.484902
vt 0.193266 0.665508
vt 0.210576 0.636128
vt 0.214322 0.665407
vt 0.193266 0.665508
vt 0.194737 0.635660
vt 0.210576 0.636128
vt 0.264245 0.484104
vt 0.239093 0.487930
vt 0.251189 0.470742
vt 0.251189 0.470742
vt 0.239093 0.487930
vt 0.226095 0.488363
vt 0.251189 0.470742
vt 0.226095 0.488363
vt 0.235002 0.461802
vt 0.165133 0.460444
vt 0.181960 0.454313
vt 0.185722 0.475047
vt 0.181960 0.454313
vt 0.197075 0.481292
vt 0.185722 0.475047
vt 0.181960 0.454313
vt 0.199892 0.453440
vt 0.197075 0.481292
vt 0.235002 0.461802
vt 0.226095 0.488363
vt 0.211166 0.486604
vt 0.199892 0.453440
vt 0.217997 0.454540
vt 0.211166 0.486604
vt 0.199892 0.453440
vt 0.211166 0.486604
vt 0.197075 0.481292
vt 0.235002 0.461802
vt 0.211166 0.486604
vt 0.217997 0.454540
vt 0.314619 0.533545
vt 0.285267 0.535646
vt 0.281629 0.517297
vt 0.314619 0.533545
vt 0.281629 0.517297
vt 0.311403 0.508311
vt 0.105536 0.611004
vt 0.120663 0.579983
vt 0.128621 0.594639
vt 0.105536 0.611004
vt 0.095419 0.591785
vt 0.120663 0.579983
vt 0.095419 0.591785
vt 0.115051 0.564344
vt 0.120663 0.579983
vt 0.095419 0.591785
vt 0.088618 0.570803
vt 0.115051 0.564344
vt 0.088618 0.570803
vt 0.113595 0.547465
vt 0.115051 0.564344
vt 0.088618 0.570803
vt 0.085618 0.548597
vt 0.113595 0.547465
vt 0.085618 0.548597
vt 0.114860 0.530066
vt 0.113595 0.547465
vt 0.085618 0.548597
vt 0.086454 0.525878
vt 0.114860 0.530066
vt 0.118548 0.627990
vt 0.105536 0.611004
vt 0.128621 0.594639
vt 0.118548 0.627990
vt 0.128621 0.594639
vt 0.138312 0.607963
vt 0.134284 0.642216
vt 0.118548 0.627990
vt 0.138312 0.607963
vt 0.134284 0.642216
vt 0.138312 0.607963
vt 0.149741 0.619199
vt 0.152318 0.653370
vt 0.134284 0.642216
vt 0.149741 0.619199
vt 0.152318 0.653370
vt 0.149741 0.619199
vt 0.163676 0.626985
vt 0.171402 0.662615
vt 0.152318 0.653370
vt 0.163676 0.626985
vt 0.171402 0.662615
vt 0.163676 0.626985
vt 0.178440 0.633604
vt 0.171402 0.662615
vt 0.178440 0.633604
vt 0.194737 0.635660
vt 0.171402 0.662615
vt 0.194737 0.635660
vt 0.193266 0.665508
vt 0.086454 0.525878
vt 0.118538 0.512736
vt 0.114860 0.530066
vt 0.086454 0.525878
vt 0.091147 0.503163
vt 0.118538 0.512736
vt 0.091147 0.503163
vt 0.124980 0.496186
vt 0.118538 0.512736
vt 0.091147 0.503163
vt 0.099881 0.480893
vt 0.124980 0.496186
vt 0.099881 0.480893
vt 0.135896 0.481995
vt 0.124980 0.496186
vt 0.099881 0.480893
vt 0.113102 0.459881
vt 0.135896 0.481995
vt 0.311403 0.508311
vt 0.281629 0.517297
vt 0.274499 0.499909
vt 0.311403 0.508311
vt 0.274499 0.499909
vt 0.303303 0.483576
vt 0.113102 0.459881
vt 0.149586 0.469956
vt 0.135896 0.481995
vt 0.113102 0.459881
vt 0.131492 0.442623
vt 0.149586 0.469956
vt 0.131492 0.442623
vt 0.165133 0.460444
vt 0.149586 0.469956
vt 0.131492 0.442623
vt 0.152867 0.430000
vt 0.165133 0.460444
vt 0.152867 0.430000
vt 0.181960 0.454313
vt 0.165133 0.460444
vt 0.152867 0.430000
vt 0.176316 0.422478
vt 0.181960 0.454313
vt 0.176316 0.422478
vt 0.199892 0.453440
vt 0.181960 0.454313
vt 0.176316 0.422478
vt 0.200757 0.420121
vt 0.199892 0.453440
vt 0.200757 0.420121
vt 0.217997 0.454540
vt 0.199892 0.453440
vt 0.200757 0.420121
vt 0.225010 0.420896
vt 0.217997 0.454540
vt 0.247726 0.431035
vt 0.235002 0.461802
vt 0.217997 0.454540
vt 0.247726 0.431035
vt 0.217997 0.454540
vt 0.225010 0.420896
vt 0.269496 0.444109
vt 0.235002 0.461802
vt 0.247726 0.431035
vt 0.269496 0.444109
vt 0.251189 0.470742
vt 0.235002 0.461802
vt 0.288529 0.461732
vt 0.251189 0.470742
vt 0.269496 0.444109
vt 0.288529 0.461732
vt 0.264245 0.484104
vt 0.251189 0.470742
vt 0.303303 0.483576
vt 0.264245 0.484104
vt 0.288529 0.461732
vt 0.303303 0.483576
vt 0.274499 0.499909
vt 0.264245 0.484104
vt 0.299187 0.602833
vt 0.310760 0.642187
vt 0.287100 0.622017
vt 0.299187 0.602833
vt 0.325807 0.618179
vt 0.310760 0.642187
vt 0.307886 0.581412
vt 0.325807 0.618179
vt 0.299187 0.602833
vt 0.307886 0.581412
vt 0.336787 0.591576
vt 0.325807 0.618179
vt 0.336787 0.591576
vt 0.307886 0.581412
vt 0.313144 0.558242
vt 0.310760 0.642187
vt 0.271866 0.638213
vt 0.287100 0.622017
vt 0.310760 0.642187
vt 0.291768 0.662537
vt 0.271866 0.638213
vt 0.291768 0.662537
vt 0.254255 0.651244
vt 0.271866 0.638213
vt 0.336787 0.591576
vt 0.313144 0.558242
vt 0.343764 0.562943
vt 0.343764 0.562943
vt 0.313144 0.558242
vt 0.314619 0.533545
vt 0.291768 0.662537
vt 0.269668 0.679000
vt 0.254255 0.651244
vt 0.245022 0.691612
vt 0.254255 0.651244
vt 0.269668 0.679000
vt 0.245022 0.691612
vt 0.234893 0.660598
vt 0.254255 0.651244
vt 0.343764 0.562943
vt 0.314619 0.533545
vt 0.346746 0.532062
vt 0.311403 0.508311
vt 0.346746 0.532062
vt 0.314619 0.533545
vt 0.311403 0.508311
vt 0.343276 0.500163
vt 0.346746 0.532062
vt 0.303303 0.483576
vt 0.343276 0.500163
vt 0.311403 0.508311
vt 0.085618 0.548597
vt 0.088618 0.570803
vt 0.060201 0.577667
vt 0.060201 0.577667
vt 0.088618 0.570803
vt 0.095419 0.591785
vt 0.060201 0.577667
vt 0.095419 0.591785
vt 0.068877 0.603768
vt 0.085618 0.548597
vt 0.060201 0.577667
vt 0.056262 0.550037
vt 0.086454 0.525878
vt 0.085618 0.548597
vt 0.056262 0.550037
vt 0.086454 0.525878
vt 0.056262 0.550037
vt 0.056992 0.521724
vt 0.068877 0.603768
vt 0.095419 0.591785
vt 0.105536 0.611004
vt 0.068877 0.603768
vt 0.105536 0.611004
vt 0.081646 0.627703
vt 0.097854 0.648913
vt 0.105536 0.611004
vt 0.118548 0.627990
vt 0.097854 0.648913
vt 0.081646 0.627703
vt 0.105536 0.611004
vt 0.117296 0.666713
vt 0.097854 0.648913
vt 0.118548 0.627990
vt 0.117296 0.666713
vt 0.118548 0.627990
vt 0.134284 0.642216
vt 0.139422 0.680676
vt 0.134284 0.642216
vt 0.152318 0.653370
vt 0.139422 0.680676
vt 0.117296 0.666713
vt 0.134284 0.642216
vt 0.163298 0.692170
vt 0.139422 0.680676
vt 0.152318 0.653370
vt 0.163298 0.692170
vt 0.152318 0.653370
vt 0.171402 0.662615
vt 0.163298 0.692170
vt 0.171402 0.662615
vt 0.193266 0.665508
vt 0.218018 0.697837
vt 0.234893 0.660598
vt 0.245022 0.691612
vt 0.218018 0.697837
vt 0.214322 0.665407
vt 0.234893 0.660598
vt 0.163298 0.692170
vt 0.193266 0.665508
vt 0.190523 0.697571
vt 0.190523 0.697571
vt 0.193266 0.665508
vt 0.214322 0.665407
vt 0.190523 0.697571
vt 0.214322 0.665407
vt 0.218018 0.697837
vt 0.056992 0.521724
vt 0.091147 0.503163
vt 0.086454 0.525878
vt 0.056992 0.521724
vt 0.062274 0.493353
vt 0.091147 0.503163
vt 0.062274 0.493353
vt 0.099881 0.480893
vt 0.091147 0.503163
vt 0.062274 0.493353
vt 0.072012 0.465022
vt 0.099881 0.480893
vt 0.113102 0.459881
vt 0.099881 0.480893
vt 0.072012 0.465022
vt 0.113102 0.459881
vt 0.072012 0.465022
vt 0.087802 0.438768
vt 0.153822 0.722366
vt 0.163298 0.692170
vt 0.190523 0.697571
vt 0.153822 0.722366
vt 0.139422 0.680676
vt 0.163298 0.692170
vt 0.153822 0.722366
vt 0.125486 0.708822
vt 0.139422 0.680676
vt 0.125486 0.708822
vt 0.117296 0.666713
vt 0.139422 0.680676
vt 0.125486 0.708822
vt 0.099406 0.691997
vt 0.117296 0.666713
vt 0.099406 0.691997
vt 0.097854 0.648913
vt 0.117296 0.666713
vt 0.099406 0.691997
vt 0.076268 0.670550
vt 0.097854 0.648913
vt 0.076268 0.670550
vt 0.081646 0.627703
vt 0.097854 0.648913
vt 0.076268 0.670550
vt 0.056816 0.645086
vt 0.081646 0.627703
vt 0.056262 0.550037
vt 0.060201 0.577667
vt 0.030453 0.584992
vt 0.030453 0.584992
vt 0.060201 0.577667
vt 0.068877 0.603768
vt 0.030453 0.584992
vt 0.068877 0.603768
vt 0.041257 0.616398
vt 0.041257 0.616398
vt 0.068877 0.603768
vt 0.081646 0.627703
vt 0.041257 0.616398
vt 0.081646 0.627703
vt 0.056816 0.645086
vt 0.056262 0.550037
vt 0.030453 0.584992
vt 0.025424 0.551607
vt 0.056992 0.521724
vt 0.056262 0.550037
vt 0.025424 0.551607
vt 0.056992 0.521724
vt 0.025424 0.551607
vt 0.026065 0.517434
vt 0.026065 0.517434
vt 0.062274 0.493353
vt 0.056992 0.521724
vt 0.026065 0.517434
vt 0.032199 0.483679
vt 0.062274 0.493353
vt 0.032199 0.483679
vt 0.072012 0.465022
vt 0.062274 0.493353
vt 0.312789 0.687572
vt 0.269668 0.679000
vt 0.291768 0.662537
vt 0.312789 0.687572
vt 0.286417 0.707188
vt 0.269668 0.679000
vt 0.258190 0.722366
vt 0.269668 0.679000
vt 0.286417 0.707188
vt 0.258190 0.722366
vt 0.245022 0.691612
vt 0.269668 0.679000
vt 0.335669 0.662905
vt 0.312789 0.687572
vt 0.291768 0.662537
vt 0.335669 0.662905
vt 0.291768 0.662537
vt 0.310760 0.642187
vt 0.325807 0.618179
vt 0.335669 0.662905
vt 0.310760 0.642187
vt 0.325807 0.618179
vt 0.353731 0.633873
vt 0.335669 0.662905
vt 0.336787 0.591576
vt 0.353731 0.633873
vt 0.325807 0.618179
vt 0.336787 0.591576
vt 0.366848 0.602101
vt 0.353731 0.633873
vt 0.366848 0.602101
vt 0.336787 0.591576
vt 0.343764 0.562943
vt 0.032199 0.483679
vt 0.042814 0.450962
vt 0.072012 0.465022
vt 0.366848 0.602101
vt 0.343764 0.562943
vt 0.375263 0.568531
vt 0.375263 0.568531
vt 0.343764 0.562943
vt 0.346746 0.532062
vt 0.375263 0.568531
vt 0.346746 0.532062
vt 0.379742 0.533275
vt 0.538869 0.161600
vt 0.568017 0.157158
vt 0.571501 0.186859
vt 0.538869 0.161600
vt 0.571501 0.186859
vt 0.542097 0.189200
vt 0.568017 0.157158
vt 0.601045 0.184447
vt 0.571501 0.186859
vt 0.568017 0.157158
vt 0.597301 0.152944
vt 0.601045 0.184447
vt 0.509857 0.166185
vt 0.538869 0.161600
vt 0.542097 0.189200
vt 0.509857 0.166185
vt 0.542097 0.189200
vt 0.512819 0.191329
vt 0.597301 0.152944
vt 0.630676 0.182067
vt 0.601045 0.184447
vt 0.597301 0.152944
vt 0.626655 0.149075
vt 0.630676 0.182067
vt 0.480939 0.170931
vt 0.509857 0.166185
vt 0.512819 0.191329
vt 0.480939 0.170931
vt 0.512819 0.191329
vt 0.483589 0.193208
vt 0.592519 0.121993
vt 0.626655 0.149075
vt 0.597301 0.152944
vt 0.592519 0.121993
vt 0.621820 0.116556
vt 0.626655 0.149075
vt 0.563301 0.128145
vt 0.592519 0.121993
vt 0.597301 0.152944
vt 0.563301 0.128145
vt 0.597301 0.152944
vt 0.568017 0.157158
vt 0.534259 0.134792
vt 0.563301 0.128145
vt 0.568017 0.157158
vt 0.534259 0.134792
vt 0.568017 0.157158
vt 0.538869 0.161600
vt 0.505390 0.141857
vt 0.534259 0.134792
vt 0.538869 0.161600
vt 0.505390 0.141857
vt 0.538869 0.161600
vt 0.509857 0.166185
vt 0.476678 0.149480
vt 0.505390 0.141857
vt 0.509857 0.166185
vt 0.476678 0.149480
vt 0.509857 0.166185
vt 0.480939 0.170931
vt 0.452023 0.175934
vt 0.480939 0.170931
vt 0.483589 0.193208
vt 0.452023 0.175934
vt 0.483589 0.193208
vt 0.454316 0.194838
vt 0.448083 0.157855
vt 0.480939 0.170931
vt 0.452023 0.175934
vt 0.448083 0.157855
vt 0.476678 0.149480
vt 0.480939 0.170931
vt 0.586783 0.091370
vt 0.621820 0.116556
vt 0.592519 0.121993
vt 0.557477 0.099753
vt 0.586783 0.091370
vt 0.592519 0.121993
vt 0.557477 0.099753
vt 0.592519 0.121993
vt 0.563301 0.128145
vt 0.528488 0.108807
vt 0.557477 0.099753
vt 0.563301 0.128145
vt 0.528488 0.108807
vt 0.563301 0.128145
vt 0.534259 0.134792
vt 0.586783 0.091370
vt 0.616247 0.084400
vt 0.621820 0.116556
vt 0.499705 0.118467
vt 0.528488 0.108807
vt 0.534259 0.134792
vt 0.499705 0.118467
vt 0.534259 0.134792
vt 0.505390 0.141857
vt 0.471114 0.129030
vt 0.499705 0.118467
vt 0.505390 0.141857
vt 0.471114 0.129030
vt 0.505390 0.141857
vt 0.476678 0.149480
vt 0.442809 0.140828
vt 0.471114 0.129030
vt 0.476678 0.149480
vt 0.442809 0.140828
vt 0.476678 0.149480
vt 0.448083 0.157855
vt 0.616247 0.084400
vt 0.651044 0.111867
vt 0.621820 0.116556
vt 0.616247 0.084400
vt 0.645649 0.078266
vt 0.651044 0.111867
vt 0.621820 0.116556
vt 0.651044 0.111867
vt 0.655873 0.145691
vt 0.621820 0.116556
vt 0.655873 0.145691
vt 0.626655 0.149075
vt 0.626655 0.149075
vt 0.660172 0.179824
vt 0.630676 0.182067
vt 0.626655 0.149075
vt 0.655873 0.145691
vt 0.660172 0.179824
vt 0.512819 0.191329
vt 0.542097 0.189200
vt 0.543723 0.217396
vt 0.512819 0.191329
vt 0.543723 0.217396
vt 0.514027 0.217059
vt 0.483589 0.193208
vt 0.512819 0.191329
vt 0.514027 0.217059
vt 0.483589 0.193208
vt 0.514027 0.217059
vt 0.484387 0.216057
vt 0.454316 0.194838
vt 0.483589 0.193208
vt 0.484387 0.216057
vt 0.542097 0.189200
vt 0.573559 0.217166
vt 0.543723 0.217396
vt 0.542097 0.189200
vt 0.571501 0.186859
vt 0.573559 0.217166
vt 0.571501 0.186859
vt 0.603578 0.216541
vt 0.573559 0.217166
vt 0.571501 0.186859
vt 0.601045 0.184447
vt 0.603578 0.216541
vt 0.601045 0.184447
vt 0.633764 0.215653
vt 0.603578 0.216541
vt 0.601045 0.184447
vt 0.630676 0.182067
vt 0.633764 0.215653
vt 0.454316 0.194838
vt 0.484387 0.216057
vt 0.454729 0.214256
vt 0.630676 0.182067
vt 0.660172 0.179824
vt 0.663884 0.214495
vt 0.630676 0.182067
vt 0.663884 0.214495
vt 0.633764 0.215653
vt 0.655873 0.145691
vt 0.689508 0.177793
vt 0.660172 0.179824
vt 0.655873 0.145691
vt 0.685012 0.142895
vt 0.689508 0.177793
vt 0.651044 0.111867
vt 0.685012 0.142895
vt 0.655873 0.145691
vt 0.651044 0.111867
vt 0.680401 0.108036
vt 0.685012 0.142895
vt 0.645649 0.078266
vt 0.680401 0.108036
vt 0.651044 0.111867
vt 0.645649 0.078266
vt 0.675491 0.073042
vt 0.680401 0.108036
vt 0.422907 0.181315
vt 0.452023 0.175934
vt 0.454316 0.194838
vt 0.422907 0.181315
vt 0.454316 0.194838
vt 0.424804 0.196289
vt 0.419405 0.167049
vt 0.452023 0.175934
vt 0.422907 0.181315
vt 0.419405 0.167049
vt 0.448083 0.157855
vt 0.452023 0.175934
vt 0.424804 0.196289
vt 0.454316 0.194838
vt 0.454729 0.214256
vt 0.424804 0.196289
vt 0.454729 0.214256
vt 0.424922 0.211678
vt 0.414927 0.153721
vt 0.442809 0.140828
vt 0.448083 0.157855
vt 0.414927 0.153721
vt 0.448083 0.157855
vt 0.419405 0.167049
vt 0.580810 0.058898
vt 0.616247 0.084400
vt 0.586783 0.091370
vt 0.580810 0.058898
vt 0.609869 0.050125
vt 0.616247 0.084400
vt 0.609869 0.050125
vt 0.645649 0.078266
vt 0.616247 0.084400
vt 0.609869 0.050125
vt 0.639223 0.042746
vt 0.645649 0.078266
vt 0.639223 0.042746
vt 0.675491 0.073042
vt 0.645649 0.078266
vt 0.543723 0.217396
vt 0.573559 0.217166
vt 0.573856 0.247889
vt 0.543723 0.217396
vt 0.573856 0.247889
vt 0.543442 0.245889
vt 0.514027 0.217059
vt 0.543723 0.217396
vt 0.543442 0.245889
vt 0.514027 0.217059
vt 0.543442 0.245889
vt 0.513226 0.243022
vt 0.484387 0.216057
vt 0.514027 0.217059
vt 0.513226 0.243022
vt 0.573559 0.217166
vt 0.604558 0.249202
vt 0.573856 0.247889
vt 0.573559 0.217166
vt 0.603578 0.216541
vt 0.604558 0.249202
vt 0.603578 0.216541
vt 0.635601 0.250000
vt 0.604558 0.249202
vt 0.603578 0.216541
vt 0.633764 0.215653
vt 0.635601 0.250000
vt 0.484387 0.216057
vt 0.513226 0.243022
vt 0.483122 0.239064
vt 0.454729 0.214256
vt 0.484387 0.216057
vt 0.483122 0.239064
vt 0.454729 0.214256
vt 0.483122 0.239064
vt 0.453059 0.233758
vt 0.424922 0.211678
vt 0.454729 0.214256
vt 0.453059 0.233758
vt 0.424922 0.211678
vt 0.453059 0.233758
vt 0.423115 0.227063
vt 0.660172 0.179824
vt 0.689508 0.177793
vt 0.693806 0.213065
vt 0.660172 0.179824
vt 0.693806 0.213065
vt 0.663884 0.214495
vt 0.633764 0.215653
vt 0.666754 0.250000
vt 0.635601 0.250000
vt 0.633764 0.215653
vt 0.663884 0.214495
vt 0.666754 0.250000
vt 0.685012 0.142895
vt 0.718655 0.175877
vt 0.689508 0.177793
vt 0.685012 0.142895
vt 0.714100 0.140689
vt 0.718655 0.175877
vt 0.680401 0.108036
vt 0.714100 0.140689
vt 0.685012 0.142895
vt 0.680401 0.108036
vt 0.710039 0.105268
vt 0.714100 0.140689
vt 0.675491 0.073042
vt 0.710039 0.105268
vt 0.680401 0.108036
vt 0.689508 0.177793
vt 0.723398 0.211233
vt 0.693806 0.213065
vt 0.689508 0.177793
vt 0.718655 0.175877
vt 0.723398 0.211233
vt 0.663884 0.214495
vt 0.697745 0.249019
vt 0.666754 0.250000
vt 0.663884 0.214495
vt 0.693806 0.213065
vt 0.697745 0.249019
vt 0.675491 0.073042
vt 0.705764 0.069940
vt 0.710039 0.105268
vt 0.422907 0.181315
vt 0.424804 0.196289
vt 0.395741 0.197723
vt 0.422907 0.181315
vt 0.395741 0.197723
vt 0.394493 0.187071
vt 0.419405 0.167049
vt 0.422907 0.181315
vt 0.394493 0.187071
vt 0.419405 0.167049
vt 0.394493 0.187071
vt 0.392397 0.176974
vt 0.424804 0.196289
vt 0.395990 0.208677
vt 0.395741 0.197723
vt 0.424804 0.196289
vt 0.424922 0.211678
vt 0.395990 0.208677
vt 0.424922 0.211678
vt 0.395006 0.219614
vt 0.395990 0.208677
vt 0.424922 0.211678
vt 0.423115 0.227063
vt 0.395006 0.219614
vt 0.693806 0.213065
vt 0.728234 0.246963
vt 0.697745 0.249019
vt 0.693806 0.213065
vt 0.723398 0.211233
vt 0.728234 0.246963
vt 0.743473 0.139007
vt 0.718655 0.175877
vt 0.714100 0.140689
vt 0.743473 0.139007
vt 0.748042 0.173884
vt 0.718655 0.175877
vt 0.748042 0.173884
vt 0.723398 0.211233
vt 0.718655 0.175877
vt 0.748042 0.173884
vt 0.753032 0.208878
vt 0.723398 0.211233
vt 0.753032 0.208878
vt 0.728234 0.246963
vt 0.723398 0.211233
vt 0.739824 0.104365
vt 0.743473 0.139007
vt 0.714100 0.140689
vt 0.739824 0.104365
vt 0.714100 0.140689
vt 0.710039 0.105268
vt 0.753032 0.208878
vt 0.758231 0.243762
vt 0.728234 0.246963
vt 0.395741 0.197723
vt 0.395990 0.208677
vt 0.372811 0.207064
vt 0.395741 0.197723
vt 0.372811 0.207064
vt 0.371330 0.199121
vt 0.394493 0.187071
vt 0.395741 0.197723
vt 0.371330 0.199121
vt 0.394493 0.187071
vt 0.371330 0.199121
vt 0.371707 0.191367
vt 0.395990 0.208677
vt 0.377115 0.214362
vt 0.372811 0.207064
vt 0.395990 0.208677
vt 0.395006 0.219614
vt 0.377115 0.214362
vt 0.369943 0.218128
vt 0.372811 0.207064
vt 0.377115 0.214362
vt 0.369943 0.218128
vt 0.358757 0.208637
vt 0.372811 0.207064
vt 0.782948 0.206948
vt 0.758231 0.243762
vt 0.753032 0.208878
vt 0.782948 0.206948
vt 0.788136 0.239546
vt 0.758231 0.243762
vt 0.243787 0.106117
vt 0.216179 0.136260
vt 0.213964 0.106696
vt 0.243787 0.106117
vt 0.245865 0.133193
vt 0.216179 0.136260
vt 0.273643 0.105547
vt 0.245865 0.133193
vt 0.243787 0.106117
vt 0.273643 0.105547
vt 0.275543 0.129922
vt 0.245865 0.133193
vt 0.303625 0.104975
vt 0.275543 0.129922
vt 0.273643 0.105547
vt 0.303625 0.104975
vt 0.305307 0.126464
vt 0.275543 0.129922
vt 0.213964 0.106696
vt 0.216179 0.136260
vt 0.186512 0.139171
vt 0.213964 0.106696
vt 0.186512 0.139171
vt 0.184210 0.107531
vt 0.333828 0.104502
vt 0.305307 0.126464
vt 0.303625 0.104975
vt 0.333828 0.104502
vt 0.335255 0.122867
vt 0.305307 0.126464
vt 0.184210 0.107531
vt 0.186512 0.139171
vt 0.156898 0.142074
vt 0.184210 0.107531
vt 0.156898 0.142074
vt 0.154510 0.108925
vt 0.244229 0.078187
vt 0.243787 0.106117
vt 0.213964 0.106696
vt 0.244229 0.078187
vt 0.213964 0.106696
vt 0.214136 0.076263
vt 0.274284 0.080417
vt 0.243787 0.106117
vt 0.244229 0.078187
vt 0.274284 0.080417
vt 0.273643 0.105547
vt 0.243787 0.106117
vt 0.304393 0.082900
vt 0.273643 0.105547
vt 0.274284 0.080417
vt 0.304393 0.082900
vt 0.303625 0.104975
vt 0.273643 0.105547
vt 0.334676 0.085770
vt 0.303625 0.104975
vt 0.304393 0.082900
vt 0.334676 0.085770
vt 0.333828 0.104502
vt 0.303625 0.104975
vt 0.214136 0.076263
vt 0.213964 0.106696
vt 0.184210 0.107531
vt 0.214136 0.076263
vt 0.184210 0.107531
vt 0.184030 0.075045
vt 0.364308 0.104421
vt 0.335255 0.122867
vt 0.333828 0.104502
vt 0.364308 0.104421
vt 0.365433 0.119255
vt 0.335255 0.122867
vt 0.245865 0.133193
vt 0.220903 0.165714
vt 0.216179 0.136260
vt 0.245865 0.133193
vt 0.250533 0.160025
vt 0.220903 0.165714
vt 0.275543 0.129922
vt 0.250533 0.160025
vt 0.245865 0.133193
vt 0.275543 0.129922
vt 0.279959 0.154009
vt 0.250533 0.160025
vt 0.305307 0.126464
vt 0.279959 0.154009
vt 0.275543 0.129922
vt 0.305307 0.126464
vt 0.309369 0.147704
vt 0.279959 0.154009
vt 0.335255 0.122867
vt 0.309369 0.147704
vt 0.305307 0.126464
vt 0.335255 0.122867
vt 0.338871 0.141028
vt 0.309369 0.147704
vt 0.365433 0.119255
vt 0.338871 0.141028
vt 0.335255 0.122867
vt 0.216179 0.136260
vt 0.220903 0.165714
vt 0.191089 0.170869
vt 0.216179 0.136260
vt 0.191089 0.170869
vt 0.186512 0.139171
vt 0.365433 0.119255
vt 0.368486 0.133932
vt 0.338871 0.141028
vt 0.186512 0.139171
vt 0.191089 0.170869
vt 0.161183 0.175464
vt 0.186512 0.139171
vt 0.161183 0.175464
vt 0.156898 0.142074
vt 0.365171 0.089399
vt 0.333828 0.104502
vt 0.334676 0.085770
vt 0.365171 0.089399
vt 0.364308 0.104421
vt 0.333828 0.104502
vt 0.184030 0.075045
vt 0.184210 0.107531
vt 0.154510 0.108925
vt 0.184030 0.075045
vt 0.154510 0.108925
vt 0.153875 0.074949
vt 0.154510 0.108925
vt 0.156898 0.142074
vt 0.127417 0.145062
vt 0.154510 0.108925
vt 0.127417 0.145062
vt 0.124927 0.110990
vt 0.247244 0.048916
vt 0.244229 0.078187
vt 0.214136 0.076263
vt 0.247244 0.048916
vt 0.214136 0.076263
vt 0.216718 0.044330
vt 0.277547 0.054187
vt 0.244229 0.078187
vt 0.247244 0.048916
vt 0.277547 0.054187
vt 0.274284 0.080417
vt 0.244229 0.078187
vt 0.307718 0.060005
vt 0.274284 0.080417
vt 0.277547 0.054187
vt 0.307718 0.060005
vt 0.304393 0.082900
vt 0.274284 0.080417
vt 0.337909 0.066542
vt 0.304393 0.082900
vt 0.307718 0.060005
vt 0.337909 0.066542
vt 0.334676 0.085770
vt 0.304393 0.082900
vt 0.216718 0.044330
vt 0.214136 0.076263
vt 0.184030 0.075045
vt 0.216718 0.044330
vt 0.184030 0.075045
vt 0.185974 0.040885
vt 0.185974 0.040885
vt 0.184030 0.075045
vt 0.153875 0.074949
vt 0.185974 0.040885
vt 0.153875 0.074949
vt 0.154984 0.039131
vt 0.153875 0.074949
vt 0.154510 0.108925
vt 0.124927 0.110990
vt 0.153875 0.074949
vt 0.124927 0.110990
vt 0.123738 0.076106
vt 0.368113 0.074198
vt 0.334676 0.085770
vt 0.337909 0.066542
vt 0.368113 0.074198
vt 0.365171 0.089399
vt 0.334676 0.085770
vt 0.364308 0.104421
vt 0.395000 0.115820
vt 0.365433 0.119255
vt 0.364308 0.104421
vt 0.394498 0.104836
vt 0.395000 0.115820
vt 0.365171 0.089399
vt 0.394498 0.104836
vt 0.364308 0.104421
vt 0.365433 0.119255
vt 0.395000 0.115820
vt 0.396693 0.126656
vt 0.365433 0.119255
vt 0.396693 0.126656
vt 0.368486 0.133932
vt 0.365171 0.089399
vt 0.395047 0.093781
vt 0.394498 0.104836
vt 0.368113 0.074198
vt 0.395047 0.093781
vt 0.365171 0.089399
vt 0.368486 0.133932
vt 0.396693 0.126656
vt 0.401130 0.136974
vt 0.368486 0.133932
vt 0.401130 0.136974
vt 0.373473 0.148447
vt 0.368486 0.133932
vt 0.373473 0.148447
vt 0.344647 0.159062
vt 0.368486 0.133932
vt 0.344647 0.159062
vt 0.338871 0.141028
vt 0.338871 0.141028
vt 0.344647 0.159062
vt 0.315779 0.168851
vt 0.338871 0.141028
vt 0.315779 0.168851
vt 0.309369 0.147704
vt 0.309369 0.147704
vt 0.315779 0.168851
vt 0.286904 0.178003
vt 0.309369 0.147704
vt 0.286904 0.178003
vt 0.279959 0.154009
vt 0.279959 0.154009
vt 0.286904 0.178003
vt 0.257925 0.186807
vt 0.279959 0.154009
vt 0.257925 0.186807
vt 0.250533 0.160025
vt 0.156898 0.142074
vt 0.161183 0.175464
vt 0.131286 0.179520
vt 0.156898 0.142074
vt 0.131286 0.179520
vt 0.127417 0.145062
vt 0.250533 0.160025
vt 0.228437 0.195477
vt 0.220903 0.165714
vt 0.250533 0.160025
vt 0.257925 0.186807
vt 0.228437 0.195477
vt 0.220903 0.165714
vt 0.228437 0.195477
vt 0.198272 0.203223
vt 0.220903 0.165714
vt 0.198272 0.203223
vt 0.191089 0.170869
vt 0.191089 0.170869
vt 0.198272 0.203223
vt 0.167621 0.209911
vt 0.191089 0.170869
vt 0.167621 0.209911
vt 0.161183 0.175464
vt 0.127417 0.145062
vt 0.131286 0.179520
vt 0.101501 0.183108
vt 0.127417 0.145062
vt 0.101501 0.183108
vt 0.098141 0.148180
vt 0.161183 0.175464
vt 0.167621 0.209911
vt 0.136663 0.215353
vt 0.161183 0.175464
vt 0.136663 0.215353
vt 0.131286 0.179520
vt 0.373473 0.148447
vt 0.401130 0.136974
vt 0.406780 0.147020
vt 0.124927 0.110990
vt 0.127417 0.145062
vt 0.098141 0.148180
vt 0.124927 0.110990
vt 0.098141 0.148180
vt 0.095552 0.113736
vt 0.154984 0.039131
vt 0.153875 0.074949
vt 0.123738 0.076106
vt 0.154984 0.039131
vt 0.123738 0.076106
vt 0.123819 0.039353
vt 0.123738 0.076106
vt 0.124927 0.110990
vt 0.095552 0.113736
vt 0.123738 0.076106
vt 0.095552 0.113736
vt 0.093739 0.078583
vt 0.095552 0.113736
vt 0.098141 0.148180
vt 0.069126 0.151359
vt 0.095552 0.113736
vt 0.069126 0.151359
vt 0.066493 0.116971
vt 0.098141 0.148180
vt 0.071940 0.186239
vt 0.069126 0.151359
vt 0.098141 0.148180
vt 0.101501 0.183108
vt 0.071940 0.186239
vt 0.373473 0.148447
vt 0.406780 0.147020
vt 0.380245 0.162649
vt 0.373473 0.148447
vt 0.380245 0.162649
vt 0.352385 0.176969
vt 0.373473 0.148447
vt 0.352385 0.176969
vt 0.344647 0.159062
vt 0.344647 0.159062
vt 0.352385 0.176969
vt 0.324249 0.189942
vt 0.344647 0.159062
vt 0.324249 0.189942
vt 0.315779 0.168851
vt 0.315779 0.168851
vt 0.324249 0.189942
vt 0.296004 0.201898
vt 0.315779 0.168851
vt 0.296004 0.201898
vt 0.286904 0.178003
vt 0.286904 0.178003
vt 0.296004 0.201898
vt 0.267839 0.213445
vt 0.286904 0.178003
vt 0.267839 0.213445
vt 0.257925 0.186807
vt 0.257925 0.186807
vt 0.239495 0.224957
vt 0.228437 0.195477
vt 0.257925 0.186807
vt 0.267839 0.213445
vt 0.239495 0.224957
vt 0.131286 0.179520
vt 0.105597 0.219514
vt 0.101501 0.183108
vt 0.131286 0.179520
vt 0.136663 0.215353
vt 0.105597 0.219514
vt 0.395000 0.115820
vt 0.414956 0.121525
vt 0.396693 0.126656
vt 0.395000 0.115820
vt 0.419089 0.114078
vt 0.414956 0.121525
vt 0.394498 0.104836
vt 0.419089 0.114078
vt 0.395000 0.115820
vt 0.368113 0.074198
vt 0.396873 0.082745
vt 0.395047 0.093781
vt 0.394498 0.104836
vt 0.420280 0.105646
vt 0.419089 0.114078
vt 0.395047 0.093781
vt 0.420280 0.105646
vt 0.394498 0.104836
vt 0.093739 0.078583
vt 0.095552 0.113736
vt 0.066493 0.116971
vt 0.093739 0.078583
vt 0.066493 0.116971
vt 0.064054 0.082037
vt 0.123819 0.039353
vt 0.123738 0.076106
vt 0.093739 0.078583
vt 0.123819 0.039353
vt 0.093739 0.078583
vt 0.092646 0.041574
vt 0.092646 0.041574
vt 0.093739 0.078583
vt 0.064054 0.082037
vt 0.253108 0.018626
vt 0.247244 0.048916
vt 0.216718 0.044330
vt 0.253108 0.018626
vt 0.216718 0.044330
vt 0.222012 0.011124
vt 0.283648 0.027133
vt 0.247244 0.048916
vt 0.253108 0.018626
vt 0.283648 0.027133
vt 0.277547 0.054187
vt 0.247244 0.048916
vt 0.313785 0.036522
vt 0.277547 0.054187
vt 0.283648 0.027133
vt 0.313785 0.036522
vt 0.307718 0.060005
vt 0.277547 0.054187
vt 0.343688 0.046987
vt 0.307718 0.060005
vt 0.313785 0.036522
vt 0.343688 0.046987
vt 0.337909 0.066542
vt 0.307718 0.060005
vt 0.222012 0.011124
vt 0.216718 0.044330
vt 0.185974 0.040885
vt 0.222012 0.011124
vt 0.185974 0.040885
vt 0.190334 0.005198
vt 0.190334 0.005198
vt 0.185974 0.040885
vt 0.154984 0.039131
vt 0.190334 0.005198
vt 0.154984 0.039131
vt 0.157998 0.001421
vt 0.373240 0.058980
vt 0.337909 0.066542
vt 0.343688 0.046987
vt 0.373240 0.058980
vt 0.368113 0.074198
vt 0.337909 0.066542
vt 0.373240 0.058980
vt 0.396873 0.082745
vt 0.368113 0.074198
vt 0.395047 0.093781
vt 0.419286 0.097216
vt 0.420280 0.105646
vt 0.396873 0.082745
vt 0.419286 0.097216
vt 0.395047 0.093781
vt 0.396873 0.082745
vt 0.415294 0.089503
vt 0.419286 0.097216
vt 0.157998 0.001421
vt 0.154984 0.039131
vt 0.123819 0.039353
vt 0.157998 0.001421
vt 0.123819 0.039353
vt 0.125147 0.000432
vt 0.092646 0.041574
vt 0.064054 0.082037
vt 0.061750 0.045436
vt 0.396693 0.126656
vt 0.422551 0.125521
vt 0.401130 0.136974
vt 0.396693 0.126656
vt 0.414956 0.121525
vt 0.422551 0.125521
vt 0.422551 0.125521
vt 0.414956 0.121525
vt 0.419089 0.114078
vt 0.101501 0.183108
vt 0.105597 0.219514
vt 0.074682 0.222486
vt 0.101501 0.183108
vt 0.074682 0.222486
vt 0.071940 0.186239
vt 0.125147 0.000432
vt 0.123819 0.039353
vt 0.092646 0.041574
vt 0.125147 0.000432
vt 0.092646 0.041574
vt 0.092107 0.002347
vt 0.037453 0.120595
vt 0.066493 0.116971
vt 0.069126 0.151359
vt 0.037453 0.120595
vt 0.069126 0.151359
vt 0.040022 0.154553
vt 0.040022 0.154553
vt 0.069126 0.151359
vt 0.071940 0.186239
vt 0.040022 0.154553
vt 0.071940 0.186239
vt 0.042270 0.188979
vt 0.042270 0.188979
vt 0.071940 0.186239
vt 0.074682 0.222486
vt 0.034554 0.086370
vt 0.066493 0.116971
vt 0.037453 0.120595
vt 0.034554 0.086370
vt 0.064054 0.082037
vt 0.066493 0.116971
vt 0.042270 0.188979
vt 0.074682 0.222486
vt 0.043826 0.224325
vt 0.030979 0.050549
vt 0.064054 0.082037
vt 0.034554 0.086370
vt 0.030979 0.050549
vt 0.061750 0.045436
vt 0.064054 0.082037
vt 0.092107 0.002347
vt 0.092646 0.041574
vt 0.061750 0.045436
vt 0.092107 0.002347
vt 0.061750 0.045436
vt 0.059460 0.006836
vt 0.401130 0.136974
vt 0.422551 0.125521
vt 0.428261 0.131817
vt 0.401130 0.136974
vt 0.428261 0.131817
vt 0.406780 0.147020
vt 0.422551 0.125521
vt 0.419089 0.114078
vt 0.433960 0.115806
vt 0.428261 0.131817
vt 0.422551 0.125521
vt 0.433960 0.115806
vt 0.433960 0.115806
vt 0.419089 0.114078
vt 0.420280 0.105646
vt 0.433960 0.115806
vt 0.420280 0.105646
vt 0.437939 0.106998
vt 0.007579 0.124496
vt 0.037453 0.120595
vt 0.040022 0.154553
vt 0.007579 0.124496
vt 0.040022 0.154553
vt 0.009905 0.157736
vt 0.004581 0.091411
vt 0.037453 0.120595
vt 0.007579 0.124496
vt 0.004581 0.091411
vt 0.034554 0.086370
vt 0.037453 0.120595
vt 0.009905 0.157736
vt 0.040022 0.154553
vt 0.042270 0.188979
vt 0.009905 0.157736
vt 0.042270 0.188979
vt 0.011740 0.191379
vt 0.000404 0.057761
vt 0.034554 0.086370
vt 0.004581 0.091411
vt 0.000404 0.057761
vt 0.030979 0.050549
vt 0.034554 0.086370
vt 0.027710 0.013264
vt 0.061750 0.045436
vt 0.030979 0.050549
vt 0.027710 0.013264
vt 0.059460 0.006836
vt 0.061750 0.045436
vt 0.011740 0.191379
vt 0.042270 0.188979
vt 0.043826 0.224325
vt 0.011740 0.191379
vt 0.043826 0.224325
vt 0.012849 0.224957
vt 0.428261 0.131817
vt 0.433960 0.115806
vt 0.442197 0.120502
vt 0.442197 0.120502
vt 0.433960 0.115806
vt 0.437939 0.106998
vt 0.445049 0.129571
vt 0.428261 0.131817
vt 0.442197 0.120502
vt 0.454802 0.124472
vt 0.445049 0.129571
vt 0.442197 0.120502
vt 0.908412 0.715383
vt 0.884475 0.750597
vt 0.913295 0.746316
vt 0.908412 0.715383
vt 0.879544 0.717264
vt 0.884475 0.750597
vt 0.913295 0.746316
vt 0.884475 0.750597
vt 0.890695 0.782978
vt 0.913295 0.746316
vt 0.890695 0.782978
vt 0.919346 0.776569
vt 0.919346 0.776569
vt 0.890695 0.782978
vt 0.899604 0.815916
vt 0.919346 0.776569
vt 0.899604 0.815916
vt 0.928202 0.806886
vt 0.948320 0.769479
vt 0.919346 0.776569
vt 0.928202 0.806886
vt 0.948320 0.769479
vt 0.928202 0.806886
vt 0.956817 0.796914
vt 0.942546 0.741724
vt 0.919346 0.776569
vt 0.948320 0.769479
vt 0.942546 0.741724
vt 0.913295 0.746316
vt 0.919346 0.776569
vt 0.937723 0.713677
vt 0.908412 0.715383
vt 0.913295 0.746316
vt 0.937723 0.713677
vt 0.913295 0.746316
vt 0.942546 0.741724
vt 0.937723 0.713677
vt 0.910037 0.684182
vt 0.908412 0.715383
vt 0.937723 0.713677
vt 0.939728 0.685565
vt 0.910037 0.684182
vt 0.908412 0.715383
vt 0.910037 0.684182
vt 0.880434 0.683492
vt 0.908412 0.715383
vt 0.880434 0.683492
vt 0.879544 0.717264
vt 0.884475 0.750597
vt 0.861606 0.789020
vt 0.890695 0.782978
vt 0.884475 0.750597
vt 0.855474 0.754737
vt 0.861606 0.789020
vt 0.879544 0.717264
vt 0.855474 0.754737
vt 0.884475 0.750597
vt 0.879544 0.717264
vt 0.850598 0.719462
vt 0.855474 0.754737
vt 0.890695 0.782978
vt 0.870182 0.824265
vt 0.899604 0.815916
vt 0.890695 0.782978
vt 0.861606 0.789020
vt 0.870182 0.824265
vt 0.928202 0.806886
vt 0.899604 0.815916
vt 0.911597 0.848905
vt 0.928202 0.806886
vt 0.911597 0.848905
vt 0.940150 0.836971
vt 0.956817 0.796914
vt 0.928202 0.806886
vt 0.940150 0.836971
vt 0.956817 0.796914
vt 0.940150 0.836971
vt 0.968311 0.823694
vt 0.825767 0.759136
vt 0.861606 0.789020
vt 0.855474 0.754737
vt 0.825767 0.759136
vt 0.831470 0.794840
vt 0.861606 0.789020
vt 0.831470 0.794840
vt 0.870182 0.824265
vt 0.861606 0.789020
vt 0.831470 0.794840
vt 0.839146 0.832274
vt 0.870182 0.824265
vt 0.899604 0.815916
vt 0.870182 0.824265
vt 0.881930 0.859730
vt 0.899604 0.815916
vt 0.881930 0.859730
vt 0.911597 0.848905
vt 0.821305 0.722289
vt 0.855474 0.754737
vt 0.850598 0.719462
vt 0.821305 0.722289
vt 0.825767 0.759136
vt 0.855474 0.754737
vt 0.879544 0.717264
vt 0.850170 0.683567
vt 0.850598 0.719462
vt 0.879544 0.717264
vt 0.880434 0.683492
vt 0.850170 0.683567
vt 0.821305 0.722289
vt 0.850598 0.719462
vt 0.850170 0.683567
vt 0.821305 0.722289
vt 0.850170 0.683567
vt 0.819439 0.685750
vt 0.794960 0.763498
vt 0.831470 0.794840
vt 0.825767 0.759136
vt 0.794960 0.763498
vt 0.800101 0.799977
vt 0.831470 0.794840
vt 0.791364 0.725361
vt 0.794960 0.763498
vt 0.825767 0.759136
vt 0.791364 0.725361
vt 0.825767 0.759136
vt 0.821305 0.722289
vt 0.791364 0.725361
vt 0.821305 0.722289
vt 0.819439 0.685750
vt 0.800101 0.799977
vt 0.839146 0.832274
vt 0.831470 0.794840
vt 0.800101 0.799977
vt 0.806715 0.837677
vt 0.839146 0.832274
vt 0.839146 0.832274
vt 0.881930 0.859730
vt 0.870182 0.824265
vt 0.839146 0.832274
vt 0.850758 0.870076
vt 0.881930 0.859730
vt 0.939728 0.685565
vt 0.913404 0.652932
vt 0.910037 0.684182
vt 0.939728 0.685565
vt 0.943025 0.657346
vt 0.913404 0.652932
vt 0.910037 0.684182
vt 0.883465 0.649260
vt 0.880434 0.683492
vt 0.910037 0.684182
vt 0.913404 0.652932
vt 0.883465 0.649260
vt 0.880434 0.683492
vt 0.853092 0.647480
vt 0.850170 0.683567
vt 0.880434 0.683492
vt 0.883465 0.649260
vt 0.853092 0.647480
vt 0.968124 0.711892
vt 0.937723 0.713677
vt 0.942546 0.741724
vt 0.968124 0.711892
vt 0.939728 0.685565
vt 0.937723 0.713677
vt 0.968124 0.711892
vt 0.942546 0.741724
vt 0.972750 0.736392
vt 0.972750 0.736392
vt 0.942546 0.741724
vt 0.948320 0.769479
vt 0.972750 0.736392
vt 0.948320 0.769479
vt 0.978150 0.761055
vt 0.978150 0.761055
vt 0.948320 0.769479
vt 0.956817 0.796914
vt 0.978150 0.761055
vt 0.956817 0.796914
vt 0.986087 0.785164
vt 0.986087 0.785164
vt 0.956817 0.796914
vt 0.968311 0.823694
vt 0.986087 0.785164
vt 0.968311 0.823694
vt 0.996648 0.808231
vt 0.968124 0.711892
vt 0.970124 0.687335
vt 0.939728 0.685565
vt 0.970124 0.687335
vt 0.943025 0.657346
vt 0.939728 0.685565
vt 0.970124 0.687335
vt 0.973083 0.662615
vt 0.943025 0.657346
vt 0.943025 0.657346
vt 0.920437 0.621447
vt 0.913404 0.652932
vt 0.943025 0.657346
vt 0.949562 0.629340
vt 0.920437 0.621447
vt 0.973083 0.662615
vt 0.949562 0.629340
vt 0.943025 0.657346
vt 0.973083 0.662615
vt 0.978869 0.638488
vt 0.949562 0.629340
vt 0.913404 0.652932
vt 0.920437 0.621447
vt 0.890933 0.614370
vt 0.913404 0.652932
vt 0.890933 0.614370
vt 0.883465 0.649260
vt 0.949562 0.629340
vt 0.931183 0.590476
vt 0.920437 0.621447
vt 0.949562 0.629340
vt 0.959590 0.602050
vt 0.931183 0.590476
vt 0.978869 0.638488
vt 0.959590 0.602050
vt 0.949562 0.629340
vt 0.978869 0.638488
vt 0.987732 0.615390
vt 0.959590 0.602050
vt 0.920437 0.621447
vt 0.902268 0.580153
vt 0.890933 0.614370
vt 0.920437 0.621447
vt 0.931183 0.590476
vt 0.902268 0.580153
vt 0.987732 0.615390
vt 0.973104 0.575761
vt 0.959590 0.602050
vt 0.987732 0.615390
vt 0.999596 0.593700
vt 0.973104 0.575761
vt 0.959590 0.602050
vt 0.973104 0.575761
vt 0.945347 0.560204
vt 0.959590 0.602050
vt 0.945347 0.560204
vt 0.931183 0.590476
vt 0.931183 0.590476
vt 0.916852 0.547060
vt 0.902268 0.580153
vt 0.931183 0.590476
vt 0.945347 0.560204
vt 0.916852 0.547060
vt 0.968311 0.823694
vt 0.940150 0.836971
vt 0.955327 0.866453
vt 0.968311 0.823694
vt 0.955327 0.866453
vt 0.982997 0.849754
vt 0.996648 0.808231
vt 0.968311 0.823694
vt 0.982997 0.849754
vt 0.940150 0.836971
vt 0.926929 0.881942
vt 0.955327 0.866453
vt 0.940150 0.836971
vt 0.911597 0.848905
vt 0.926929 0.881942
vt 0.911597 0.848905
vt 0.896813 0.895149
vt 0.926929 0.881942
vt 0.911597 0.848905
vt 0.881930 0.859730
vt 0.896813 0.895149
vt 0.850758 0.870076
vt 0.896813 0.895149
vt 0.881930 0.859730
vt 0.850758 0.870076
vt 0.865660 0.906954
vt 0.896813 0.895149
vt 0.973104 0.575761
vt 0.963171 0.531520
vt 0.945347 0.560204
vt 0.973104 0.575761
vt 0.989413 0.550594
vt 0.963171 0.531520
vt 0.982997 0.849754
vt 0.955327 0.866453
vt 0.973689 0.894816
vt 0.982997 0.849754
vt 0.973689 0.894816
vt 0.999596 0.875075
vt 0.955327 0.866453
vt 0.947017 0.913212
vt 0.973689 0.894816
vt 0.955327 0.866453
vt 0.926929 0.881942
vt 0.947017 0.913212
vt 0.538961 0.931967
vt 0.568495 0.960780
vt 0.538316 0.959576
vt 0.538961 0.931967
vt 0.569042 0.930855
vt 0.568495 0.960780
vt 0.508879 0.933073
vt 0.538961 0.931967
vt 0.538316 0.959576
vt 0.508879 0.933073
vt 0.538316 0.959576
vt 0.508166 0.958057
vt 0.569042 0.930855
vt 0.598756 0.961766
vt 0.568495 0.960780
vt 0.569042 0.930855
vt 0.599174 0.929884
vt 0.598756 0.961766
vt 0.599174 0.929884
vt 0.629083 0.962625
vt 0.598756 0.961766
vt 0.599174 0.929884
vt 0.629334 0.929227
vt 0.629083 0.962625
vt 0.478679 0.934131
vt 0.508879 0.933073
vt 0.508166 0.958057
vt 0.478679 0.934131
vt 0.508166 0.958057
vt 0.477937 0.956176
vt 0.448241 0.935163
vt 0.478679 0.934131
vt 0.477937 0.956176
vt 0.448241 0.935163
vt 0.477937 0.956176
vt 0.447514 0.953939
vt 0.629334 0.929227
vt 0.659250 0.963349
vt 0.629083 0.962625
vt 0.629334 0.929227
vt 0.659295 0.928988
vt 0.659250 0.963349
vt 0.417560 0.936343
vt 0.448241 0.935163
vt 0.447514 0.953939
vt 0.417560 0.936343
vt 0.447514 0.953939
vt 0.416881 0.951421
vt 0.446616 0.916238
vt 0.478679 0.934131
vt 0.448241 0.935163
vt 0.446616 0.916238
vt 0.476912 0.911907
vt 0.478679 0.934131
vt 0.476912 0.911907
vt 0.508879 0.933073
vt 0.478679 0.934131
vt 0.476912 0.911907
vt 0.507023 0.907932
vt 0.508879 0.933073
vt 0.507023 0.907932
vt 0.538961 0.931967
vt 0.508879 0.933073
vt 0.507023 0.907932
vt 0.537066 0.904249
vt 0.538961 0.931967
vt 0.537066 0.904249
vt 0.569042 0.930855
vt 0.538961 0.931967
vt 0.537066 0.904249
vt 0.567168 0.900868
vt 0.569042 0.930855
vt 0.416171 0.921238
vt 0.446616 0.916238
vt 0.448241 0.935163
vt 0.416171 0.921238
vt 0.448241 0.935163
vt 0.417560 0.936343
vt 0.567168 0.900868
vt 0.599174 0.929884
vt 0.569042 0.930855
vt 0.567168 0.900868
vt 0.597410 0.897976
vt 0.599174 0.929884
vt 0.597410 0.897976
vt 0.629334 0.929227
vt 0.599174 0.929884
vt 0.597410 0.897976
vt 0.627790 0.895824
vt 0.629334 0.929227
vt 0.417560 0.936343
vt 0.416881 0.951421
vt 0.387146 0.948729
vt 0.417560 0.936343
vt 0.387146 0.948729
vt 0.387456 0.937698
vt 0.416171 0.921238
vt 0.417560 0.936343
vt 0.387456 0.937698
vt 0.416881 0.951421
vt 0.385563 0.959763
vt 0.387146 0.948729
vt 0.416881 0.951421
vt 0.414178 0.966441
vt 0.385563 0.959763
vt 0.416881 0.951421
vt 0.444501 0.972584
vt 0.414178 0.966441
vt 0.416881 0.951421
vt 0.447514 0.953939
vt 0.444501 0.972584
vt 0.447514 0.953939
vt 0.474719 0.978109
vt 0.444501 0.972584
vt 0.447514 0.953939
vt 0.477937 0.956176
vt 0.474719 0.978109
vt 0.477937 0.956176
vt 0.508166 0.958057
vt 0.504859 0.983001
vt 0.477937 0.956176
vt 0.504859 0.983001
vt 0.474719 0.978109
vt 0.508166 0.958057
vt 0.535059 0.987294
vt 0.504859 0.983001
vt 0.508166 0.958057
vt 0.538316 0.959576
vt 0.535059 0.987294
vt 0.538316 0.959576
vt 0.565428 0.990940
vt 0.535059 0.987294
vt 0.538316 0.959576
vt 0.568495 0.960780
vt 0.565428 0.990940
vt 0.568495 0.960780
vt 0.596013 0.994008
vt 0.565428 0.990940
vt 0.568495 0.960780
vt 0.598756 0.961766
vt 0.596013 0.994008
vt 0.598756 0.961766
vt 0.629083 0.962625
vt 0.626873 0.996609
vt 0.598756 0.961766
vt 0.626873 0.996609
vt 0.596013 0.994008
vt 0.629083 0.962625
vt 0.657812 0.998503
vt 0.626873 0.996609
vt 0.629083 0.962625
vt 0.659250 0.963349
vt 0.657812 0.998503
vt 0.659295 0.928988
vt 0.689129 0.963911
vt 0.659250 0.963349
vt 0.659295 0.928988
vt 0.688932 0.929199
vt 0.689129 0.963911
vt 0.627790 0.895824
vt 0.659295 0.928988
vt 0.629334 0.929227
vt 0.627790 0.895824
vt 0.658067 0.894632
vt 0.659295 0.928988
vt 0.416171 0.921238
vt 0.387456 0.937698
vt 0.386641 0.926719
vt 0.472646 0.889417
vt 0.507023 0.907932
vt 0.476912 0.911907
vt 0.442587 0.897170
vt 0.476912 0.911907
vt 0.446616 0.916238
vt 0.442587 0.897170
vt 0.472646 0.889417
vt 0.476912 0.911907
vt 0.412640 0.906168
vt 0.446616 0.916238
vt 0.416171 0.921238
vt 0.412640 0.906168
vt 0.442587 0.897170
vt 0.446616 0.916238
vt 0.412640 0.906168
vt 0.416171 0.921238
vt 0.386641 0.926719
vt 0.472646 0.889417
vt 0.502660 0.882475
vt 0.507023 0.907932
vt 0.502660 0.882475
vt 0.537066 0.904249
vt 0.507023 0.907932
vt 0.502660 0.882475
vt 0.532732 0.876202
vt 0.537066 0.904249
vt 0.532732 0.876202
vt 0.567168 0.900868
vt 0.537066 0.904249
vt 0.532732 0.876202
vt 0.562969 0.870514
vt 0.567168 0.900868
vt 0.562969 0.870514
vt 0.597410 0.897976
vt 0.567168 0.900868
vt 0.562969 0.870514
vt 0.593509 0.865605
vt 0.597410 0.897976
vt 0.593509 0.865605
vt 0.627790 0.895824
vt 0.597410 0.897976
vt 0.593509 0.865605
vt 0.624437 0.861733
vt 0.627790 0.895824
vt 0.624437 0.861733
vt 0.658067 0.894632
vt 0.627790 0.895824
vt 0.624437 0.861733
vt 0.655538 0.859372
vt 0.658067 0.894632
vt 0.658067 0.894632
vt 0.688932 0.929199
vt 0.659295 0.928988
vt 0.658067 0.894632
vt 0.688070 0.894510
vt 0.688932 0.929199
vt 0.655538 0.859372
vt 0.688070 0.894510
vt 0.658067 0.894632
vt 0.655538 0.859372
vt 0.686520 0.858808
vt 0.688070 0.894510
vt 0.412640 0.906168
vt 0.386641 0.926719
vt 0.384506 0.915896
vt 0.688932 0.929199
vt 0.718584 0.964149
vt 0.689129 0.963911
vt 0.688932 0.929199
vt 0.718122 0.929683
vt 0.718584 0.964149
vt 0.659250 0.963349
vt 0.688658 0.999568
vt 0.657812 0.998503
vt 0.659250 0.963349
vt 0.689129 0.963911
vt 0.688658 0.999568
vt 0.688070 0.894510
vt 0.718122 0.929683
vt 0.688932 0.929199
vt 0.688070 0.894510
vt 0.717589 0.895252
vt 0.718122 0.929683
vt 0.686520 0.858808
vt 0.717589 0.895252
vt 0.688070 0.894510
vt 0.686520 0.858808
vt 0.717011 0.859817
vt 0.717589 0.895252
vt 0.689129 0.963911
vt 0.719198 0.999568
vt 0.688658 0.999568
vt 0.689129 0.963911
vt 0.718584 0.964149
vt 0.719198 0.999568
vt 0.746845 0.896571
vt 0.718122 0.929683
vt 0.717589 0.895252
vt 0.746845 0.896571
vt 0.747160 0.930263
vt 0.718122 0.929683
vt 0.747160 0.930263
vt 0.718584 0.964149
vt 0.718122 0.929683
vt 0.747160 0.930263
vt 0.747839 0.963943
vt 0.718584 0.964149
vt 0.747839 0.963943
vt 0.719198 0.999568
vt 0.718584 0.964149
vt 0.747003 0.862117
vt 0.717589 0.895252
vt 0.717011 0.859817
vt 0.747003 0.862117
vt 0.746845 0.896571
vt 0.717589 0.895252
vt 0.747839 0.963943
vt 0.749356 0.998210
vt 0.719198 0.999568
vt 0.387146 0.948729
vt 0.385563 0.959763
vt 0.367320 0.954598
vt 0.387146 0.948729
vt 0.367320 0.954598
vt 0.363268 0.947040
vt 0.387456 0.937698
vt 0.387146 0.948729
vt 0.363268 0.947040
vt 0.387456 0.937698
vt 0.363268 0.947040
vt 0.362164 0.938778
vt 0.386641 0.926719
vt 0.387456 0.937698
vt 0.362164 0.938778
vt 0.386641 0.926719
vt 0.362164 0.938778
vt 0.362927 0.930469
vt 0.384506 0.915896
vt 0.386641 0.926719
vt 0.362927 0.930469
vt 0.384506 0.915896
vt 0.362927 0.930469
vt 0.366698 0.922814
vt 0.776629 0.898109
vt 0.747160 0.930263
vt 0.746845 0.896571
vt 0.776629 0.898109
vt 0.776925 0.930786
vt 0.747160 0.930263
vt 0.776925 0.930786
vt 0.747839 0.963943
vt 0.747160 0.930263
vt 0.776925 0.930786
vt 0.777616 0.963348
vt 0.747839 0.963943
vt 0.777616 0.963348
vt 0.749356 0.998210
vt 0.747839 0.963943
vt 0.359524 0.958282
vt 0.363268 0.947040
vt 0.367320 0.954598
vt 0.359524 0.958282
vt 0.348653 0.948295
vt 0.363268 0.947040
vt 0.348653 0.948295
vt 0.362164 0.938778
vt 0.363268 0.947040
vt 0.348653 0.948295
vt 0.345036 0.939473
vt 0.362164 0.938778
vt 0.362164 0.938778
vt 0.345036 0.939473
vt 0.348301 0.930556
vt 0.362164 0.938778
vt 0.348301 0.930556
vt 0.362927 0.930469
vt 0.776921 0.865307
vt 0.746845 0.896571
vt 0.747003 0.862117
vt 0.776921 0.865307
vt 0.776629 0.898109
vt 0.746845 0.896571
vt 0.777616 0.963348
vt 0.779257 0.995596
vt 0.749356 0.998210
vt 0.353590 0.964069
vt 0.348653 0.948295
vt 0.359524 0.958282
vt 0.228393 0.320713
vt 0.258640 0.291483
vt 0.256925 0.323173
vt 0.228393 0.320713
vt 0.230073 0.290689
vt 0.258640 0.291483
vt 0.199663 0.317920
vt 0.230073 0.290689
vt 0.228393 0.320713
vt 0.199663 0.317920
vt 0.201253 0.289969
vt 0.230073 0.290689
vt 0.170744 0.314795
vt 0.201253 0.289969
vt 0.199663 0.317920
vt 0.170744 0.314795
vt 0.172222 0.289258
vt 0.201253 0.289969
vt 0.141690 0.311434
vt 0.172222 0.289258
vt 0.170744 0.314795
vt 0.141690 0.311434
vt 0.142997 0.288674
vt 0.172222 0.289258
vt 0.256925 0.323173
vt 0.258640 0.291483
vt 0.286945 0.292456
vt 0.256925 0.323173
vt 0.286945 0.292456
vt 0.285245 0.325362
vt 0.112536 0.307895
vt 0.142997 0.288674
vt 0.141690 0.311434
vt 0.112536 0.307895
vt 0.113496 0.288316
vt 0.142997 0.288674
vt 0.285245 0.325362
vt 0.286945 0.292456
vt 0.314963 0.293622
vt 0.285245 0.325362
vt 0.314963 0.293622
vt 0.313284 0.327253
vt 0.258640 0.291483
vt 0.288432 0.258899
vt 0.286945 0.292456
vt 0.258640 0.291483
vt 0.259960 0.259351
vt 0.288432 0.258899
vt 0.230073 0.290689
vt 0.259960 0.259351
vt 0.258640 0.291483
vt 0.201253 0.289969
vt 0.231222 0.260394
vt 0.230073 0.290689
vt 0.201253 0.289969
vt 0.202213 0.261811
vt 0.231222 0.260394
vt 0.230073 0.290689
vt 0.231222 0.260394
vt 0.259960 0.259351
vt 0.172222 0.289258
vt 0.202213 0.261811
vt 0.201253 0.289969
vt 0.142997 0.288674
vt 0.172981 0.263488
vt 0.172222 0.289258
vt 0.172222 0.289258
vt 0.172981 0.263488
vt 0.202213 0.261811
vt 0.142997 0.288674
vt 0.143473 0.265441
vt 0.172981 0.263488
vt 0.113496 0.288316
vt 0.143473 0.265441
vt 0.142997 0.288674
vt 0.113496 0.288316
vt 0.113503 0.267747
vt 0.143473 0.265441
vt 0.286945 0.292456
vt 0.288432 0.258899
vt 0.316662 0.259210
vt 0.286945 0.292456
vt 0.316662 0.259210
vt 0.314963 0.293622
vt 0.254200 0.354898
vt 0.256925 0.323173
vt 0.285245 0.325362
vt 0.254200 0.354898
vt 0.285245 0.325362
vt 0.282842 0.358473
vt 0.225445 0.350600
vt 0.256925 0.323173
vt 0.254200 0.354898
vt 0.225445 0.350600
vt 0.228393 0.320713
vt 0.256925 0.323173
vt 0.196628 0.345609
vt 0.228393 0.320713
vt 0.225445 0.350600
vt 0.196628 0.345609
vt 0.199663 0.317920
vt 0.228393 0.320713
vt 0.167760 0.340074
vt 0.199663 0.317920
vt 0.196628 0.345609
vt 0.167760 0.340074
vt 0.170744 0.314795
vt 0.199663 0.317920
vt 0.138822 0.333991
vt 0.170744 0.314795
vt 0.167760 0.340074
vt 0.138822 0.333991
vt 0.141690 0.311434
vt 0.170744 0.314795
vt 0.282842 0.358473
vt 0.285245 0.325362
vt 0.313284 0.327253
vt 0.282842 0.358473
vt 0.313284 0.327253
vt 0.311336 0.361255
vt 0.109890 0.327245
vt 0.141690 0.311434
vt 0.138822 0.333991
vt 0.109890 0.327245
vt 0.112536 0.307895
vt 0.141690 0.311434
vt 0.313284 0.327253
vt 0.314963 0.293622
vt 0.342740 0.294970
vt 0.313284 0.327253
vt 0.342740 0.294970
vt 0.341099 0.328810
vt 0.311336 0.361255
vt 0.313284 0.327253
vt 0.341099 0.328810
vt 0.311336 0.361255
vt 0.341099 0.328810
vt 0.339686 0.363102
vt 0.083283 0.304167
vt 0.113496 0.288316
vt 0.112536 0.307895
vt 0.083283 0.304167
vt 0.083848 0.288392
vt 0.113496 0.288316
vt 0.083848 0.288392
vt 0.113503 0.267747
vt 0.113496 0.288316
vt 0.083848 0.288392
vt 0.083461 0.271318
vt 0.113503 0.267747
vt 0.257211 0.226225
vt 0.288432 0.258899
vt 0.259960 0.259351
vt 0.257211 0.226225
vt 0.286853 0.223857
vt 0.288432 0.258899
vt 0.286853 0.223857
vt 0.316662 0.259210
vt 0.288432 0.258899
vt 0.227803 0.229575
vt 0.257211 0.226225
vt 0.259960 0.259351
vt 0.227803 0.229575
vt 0.259960 0.259351
vt 0.231222 0.260394
vt 0.198567 0.233419
vt 0.227803 0.229575
vt 0.231222 0.260394
vt 0.198567 0.233419
vt 0.231222 0.260394
vt 0.202213 0.261811
vt 0.169386 0.237738
vt 0.198567 0.233419
vt 0.202213 0.261811
vt 0.169386 0.237738
vt 0.202213 0.261811
vt 0.172981 0.263488
vt 0.286853 0.223857
vt 0.316579 0.223230
vt 0.316662 0.259210
vt 0.140104 0.242435
vt 0.169386 0.237738
vt 0.172981 0.263488
vt 0.140104 0.242435
vt 0.172981 0.263488
vt 0.143473 0.265441
vt 0.314963 0.293622
vt 0.316662 0.259210
vt 0.344690 0.260349
vt 0.314963 0.293622
vt 0.344690 0.260349
vt 0.342740 0.294970
vt 0.316579 0.223230
vt 0.344690 0.260349
vt 0.316662 0.259210
vt 0.110610 0.247595
vt 0.140104 0.242435
vt 0.143473 0.265441
vt 0.110610 0.247595
vt 0.143473 0.265441
vt 0.113503 0.267747
vt 0.316579 0.223230
vt 0.346235 0.224324
vt 0.344690 0.260349
vt 0.341099 0.328810
vt 0.342740 0.294970
vt 0.370347 0.296610
vt 0.341099 0.328810
vt 0.370347 0.296610
vt 0.368735 0.330013
vt 0.339686 0.363102
vt 0.341099 0.328810
vt 0.368735 0.330013
vt 0.342740 0.294970
vt 0.372495 0.262329
vt 0.370347 0.296610
vt 0.342740 0.294970
vt 0.344690 0.260349
vt 0.372495 0.262329
vt 0.346235 0.224324
vt 0.372495 0.262329
vt 0.344690 0.260349
vt 0.339686 0.363102
vt 0.368735 0.330013
vt 0.367888 0.363951
vt 0.250493 0.387367
vt 0.254200 0.354898
vt 0.282842 0.358473
vt 0.250493 0.387367
vt 0.282842 0.358473
vt 0.279795 0.392504
vt 0.279795 0.392504
vt 0.282842 0.358473
vt 0.311336 0.361255
vt 0.221196 0.381124
vt 0.254200 0.354898
vt 0.250493 0.387367
vt 0.221196 0.381124
vt 0.225445 0.350600
vt 0.254200 0.354898
vt 0.192088 0.373498
vt 0.225445 0.350600
vt 0.221196 0.381124
vt 0.192088 0.373498
vt 0.196628 0.345609
vt 0.225445 0.350600
vt 0.163227 0.365278
vt 0.196628 0.345609
vt 0.192088 0.373498
vt 0.163227 0.365278
vt 0.167760 0.340074
vt 0.196628 0.345609
vt 0.279795 0.392504
vt 0.311336 0.361255
vt 0.309147 0.396204
vt 0.309147 0.396204
vt 0.311336 0.361255
vt 0.339686 0.363102
vt 0.134333 0.356388
vt 0.167760 0.340074
vt 0.163227 0.365278
vt 0.134333 0.356388
vt 0.138822 0.333991
vt 0.167760 0.340074
vt 0.081014 0.319693
vt 0.112536 0.307895
vt 0.109890 0.327245
vt 0.081014 0.319693
vt 0.083283 0.304167
vt 0.112536 0.307895
vt 0.309147 0.396204
vt 0.339686 0.363102
vt 0.338499 0.398272
vt 0.338499 0.398272
vt 0.339686 0.363102
vt 0.367888 0.363951
vt 0.105531 0.346379
vt 0.138822 0.333991
vt 0.134333 0.356388
vt 0.105531 0.346379
vt 0.109890 0.327245
vt 0.138822 0.333991
vt 0.346235 0.224324
vt 0.375568 0.227048
vt 0.372495 0.262329
vt 0.083283 0.304167
vt 0.055010 0.288837
vt 0.083848 0.288392
vt 0.083283 0.304167
vt 0.055440 0.300342
vt 0.055010 0.288837
vt 0.081014 0.319693
vt 0.055440 0.300342
vt 0.083283 0.304167
vt 0.083848 0.288392
vt 0.054361 0.276139
vt 0.083461 0.271318
vt 0.083848 0.288392
vt 0.055010 0.288837
vt 0.054361 0.276139
vt 0.081014 0.319693
vt 0.053146 0.311404
vt 0.055440 0.300342
vt 0.076991 0.334940
vt 0.109890 0.327245
vt 0.105531 0.346379
vt 0.076991 0.334940
vt 0.081014 0.319693
vt 0.109890 0.327245
vt 0.076991 0.334940
vt 0.053146 0.311404
vt 0.081014 0.319693
vt 0.076991 0.334940
vt 0.049610 0.322207
vt 0.053146 0.311404
vt 0.338499 0.398272
vt 0.367888 0.363951
vt 0.367712 0.398697
vt 0.396485 0.330818
vt 0.368735 0.330013
vt 0.370347 0.296610
vt 0.396485 0.330818
vt 0.370347 0.296610
vt 0.398047 0.298461
vt 0.398047 0.298461
vt 0.370347 0.296610
vt 0.372495 0.262329
vt 0.398047 0.298461
vt 0.372495 0.262329
vt 0.400334 0.265130
vt 0.216132 0.411748
vt 0.221196 0.381124
vt 0.250493 0.387367
vt 0.216132 0.411748
vt 0.250493 0.387367
vt 0.245705 0.420355
vt 0.245705 0.420355
vt 0.250493 0.387367
vt 0.279795 0.392504
vt 0.245705 0.420355
vt 0.279795 0.392504
vt 0.275960 0.427430
vt 0.275960 0.427430
vt 0.279795 0.392504
vt 0.309147 0.396204
vt 0.275960 0.427430
vt 0.309147 0.396204
vt 0.306702 0.432349
vt 0.306702 0.432349
vt 0.309147 0.396204
vt 0.338499 0.398272
vt 0.396197 0.363806
vt 0.368735 0.330013
vt 0.396485 0.330818
vt 0.396197 0.363806
vt 0.367888 0.363951
vt 0.368735 0.330013
vt 0.306702 0.432349
vt 0.338499 0.398272
vt 0.337645 0.434801
vt 0.396885 0.397571
vt 0.367888 0.363951
vt 0.396197 0.363806
vt 0.396885 0.397571
vt 0.367712 0.398697
vt 0.367888 0.363951
vt 0.337645 0.434801
vt 0.338499 0.398272
vt 0.367712 0.398697
vt 0.337645 0.434801
vt 0.367712 0.398697
vt 0.368414 0.434801
vt 0.404503 0.231413
vt 0.400334 0.265130
vt 0.372495 0.262329
vt 0.404503 0.231413
vt 0.372495 0.262329
vt 0.375568 0.227048
vt 0.398948 0.432429
vt 0.368414 0.434801
vt 0.367712 0.398697
vt 0.398948 0.432429
vt 0.367712 0.398697
vt 0.396885 0.397571
vt 0.424889 0.331089
vt 0.396485 0.330818
vt 0.398047 0.298461
vt 0.425434 0.362731
vt 0.396485 0.330818
vt 0.424889 0.331089
vt 0.425434 0.362731
vt 0.396197 0.363806
vt 0.396485 0.330818
vt 0.424889 0.331089
vt 0.398047 0.298461
vt 0.426284 0.300262
vt 0.426284 0.300262
vt 0.398047 0.298461
vt 0.400334 0.265130
vt 0.426284 0.300262
vt 0.400334 0.265130
vt 0.428641 0.268537
vt 0.433126 0.237100
vt 0.428641 0.268537
vt 0.400334 0.265130
vt 0.433126 0.237100
vt 0.400334 0.265130
vt 0.404503 0.231413
vt 0.426572 0.395115
vt 0.396197 0.363806
vt 0.425434 0.362731
vt 0.426572 0.395115
vt 0.396885 0.397571
vt 0.396197 0.363806
vt 0.053146 0.311404
vt 0.037250 0.297954
vt 0.055440 0.300342
vt 0.055440 0.300342
vt 0.037250 0.297954
vt 0.031657 0.291172
vt 0.055440 0.300342
vt 0.031657 0.291172
vt 0.055010 0.288837
vt 0.053146 0.311404
vt 0.030959 0.303180
vt 0.037250 0.297954
vt 0.031657 0.291172
vt 0.037250 0.297954
vt 0.030959 0.303180
vt 0.049610 0.322207
vt 0.030959 0.303180
vt 0.053146 0.311404
vt 0.429376 0.427852
vt 0.396885 0.397571
vt 0.426572 0.395115
vt 0.429376 0.427852
vt 0.398948 0.432429
vt 0.396885 0.397571
vt 0.049610 0.322207
vt 0.026965 0.310367
vt 0.030959 0.303180
vt 0.426284 0.300262
vt 0.454642 0.330605
vt 0.424889 0.331089
vt 0.426284 0.300262
vt 0.455589 0.302361
vt 0.454642 0.330605
vt 0.428641 0.268537
vt 0.455589 0.302361
vt 0.426284 0.300262
vt 0.424889 0.331089
vt 0.455609 0.358983
vt 0.425434 0.362731
vt 0.424889 0.331089
vt 0.454642 0.330605
vt 0.455609 0.358983
vt 0.031657 0.291172
vt 0.030959 0.303180
vt 0.018081 0.295749
vt 0.018081 0.295749
vt 0.030959 0.303180
vt 0.026965 0.310367
vt 0.027952 0.282623
vt 0.031657 0.291172
vt 0.018081 0.295749
vt 0.027952 0.282623
vt 0.018081 0.295749
vt 0.010089 0.288626
vt 0.027952 0.282623
vt 0.010089 0.288626
vt 0.012780 0.277833
vt 0.303584 0.834811
vt 0.271343 0.849697
vt 0.275070 0.827686
vt 0.303584 0.834811
vt 0.300574 0.853126
vt 0.271343 0.849697
vt 0.275070 0.827686
vt 0.271343 0.849697
vt 0.242105 0.845961
vt 0.275070 0.827686
vt 0.242105 0.845961
vt 0.246489 0.820703
vt 0.246489 0.820703
vt 0.242105 0.845961
vt 0.212628 0.842011
vt 0.246489 0.820703
vt 0.212628 0.842011
vt 0.217714 0.813883
vt 0.217714 0.813883
vt 0.212628 0.842011
vt 0.182972 0.837755
vt 0.217714 0.813883
vt 0.182972 0.837755
vt 0.188690 0.807163
vt 0.188690 0.807163
vt 0.182972 0.837755
vt 0.153029 0.833170
vt 0.188690 0.807163
vt 0.153029 0.833170
vt 0.159368 0.800298
vt 0.159368 0.800298
vt 0.153029 0.833170
vt 0.122458 0.828351
vt 0.159368 0.800298
vt 0.122458 0.828351
vt 0.129459 0.793252
vt 0.280268 0.807066
vt 0.275070 0.827686
vt 0.246489 0.820703
vt 0.280268 0.807066
vt 0.246489 0.820703
vt 0.252285 0.796907
vt 0.252285 0.796907
vt 0.246489 0.820703
vt 0.217714 0.813883
vt 0.252285 0.796907
vt 0.217714 0.813883
vt 0.224103 0.787267
vt 0.224103 0.787267
vt 0.217714 0.813883
vt 0.188690 0.807163
vt 0.224103 0.787267
vt 0.188690 0.807163
vt 0.195652 0.778081
vt 0.195652 0.778081
vt 0.188690 0.807163
vt 0.159368 0.800298
vt 0.195652 0.778081
vt 0.159368 0.800298
vt 0.166905 0.769003
vt 0.166905 0.769003
vt 0.159368 0.800298
vt 0.129459 0.793252
vt 0.166905 0.769003
vt 0.129459 0.793252
vt 0.137709 0.759901
vt 0.308125 0.817711
vt 0.275070 0.827686
vt 0.280268 0.807066
vt 0.308125 0.817711
vt 0.303584 0.834811
vt 0.275070 0.827686
vt 0.286525 0.786473
vt 0.280268 0.807066
vt 0.252285 0.796907
vt 0.286525 0.786473
vt 0.252285 0.796907
vt 0.259052 0.773218
vt 0.259052 0.773218
vt 0.252285 0.796907
vt 0.224103 0.787267
vt 0.313844 0.800335
vt 0.280268 0.807066
vt 0.286525 0.786473
vt 0.313844 0.800335
vt 0.308125 0.817711
vt 0.280268 0.807066
vt 0.231484 0.760474
vt 0.224103 0.787267
vt 0.195652 0.778081
vt 0.259052 0.773218
vt 0.224103 0.787267
vt 0.231484 0.760474
vt 0.231484 0.760474
vt 0.195652 0.778081
vt 0.203813 0.748203
vt 0.203813 0.748203
vt 0.195652 0.778081
vt 0.166905 0.769003
vt 0.203813 0.748203
vt 0.166905 0.769003
vt 0.175921 0.736177
vt 0.175921 0.736177
vt 0.166905 0.769003
vt 0.137709 0.759901
vt 0.175921 0.736177
vt 0.137709 0.759901
vt 0.147610 0.724951
vt 0.137709 0.759901
vt 0.129459 0.793252
vt 0.098754 0.785908
vt 0.137709 0.759901
vt 0.098754 0.785908
vt 0.107962 0.750522
vt 0.335933 0.828515
vt 0.303584 0.834811
vt 0.308125 0.817711
vt 0.335933 0.828515
vt 0.332174 0.841836
vt 0.303584 0.834811
vt 0.332174 0.841836
vt 0.300574 0.853126
vt 0.303584 0.834811
vt 0.332174 0.841836
vt 0.329857 0.856154
vt 0.300574 0.853126
vt 0.340755 0.814934
vt 0.335933 0.828515
vt 0.308125 0.817711
vt 0.340755 0.814934
vt 0.308125 0.817711
vt 0.313844 0.800335
vt 0.313844 0.800335
vt 0.286525 0.786473
vt 0.296929 0.768180
vt 0.313844 0.800335
vt 0.296929 0.768180
vt 0.323071 0.784901
vt 0.340755 0.814934
vt 0.313844 0.800335
vt 0.323071 0.784901
vt 0.340755 0.814934
vt 0.323071 0.784901
vt 0.348528 0.802951
vt 0.286525 0.786473
vt 0.270529 0.752300
vt 0.296929 0.768180
vt 0.286525 0.786473
vt 0.259052 0.773218
vt 0.270529 0.752300
vt 0.259052 0.773218
vt 0.244022 0.736869
vt 0.270529 0.752300
vt 0.259052 0.773218
vt 0.231484 0.760474
vt 0.244022 0.736869
vt 0.231484 0.760474
vt 0.217343 0.721748
vt 0.244022 0.736869
vt 0.231484 0.760474
vt 0.203813 0.748203
vt 0.217343 0.721748
vt 0.147610 0.724951
vt 0.137709 0.759901
vt 0.107962 0.750522
vt 0.147610 0.724951
vt 0.107962 0.750522
vt 0.119155 0.714287
vt 0.203813 0.748203
vt 0.175921 0.736177
vt 0.190407 0.706822
vt 0.203813 0.748203
vt 0.190407 0.706822
vt 0.217343 0.721748
vt 0.129459 0.793252
vt 0.122458 0.828351
vt 0.090974 0.823204
vt 0.129459 0.793252
vt 0.090974 0.823204
vt 0.098754 0.785908
vt 0.340755 0.814934
vt 0.362718 0.839253
vt 0.335933 0.828515
vt 0.340755 0.814934
vt 0.366548 0.830193
vt 0.362718 0.839253
vt 0.340755 0.814934
vt 0.371927 0.822010
vt 0.366548 0.830193
vt 0.340755 0.814934
vt 0.348528 0.802951
vt 0.371927 0.822010
vt 0.335933 0.828515
vt 0.362718 0.839253
vt 0.359315 0.848414
vt 0.335933 0.828515
vt 0.359315 0.848414
vt 0.332174 0.841836
vt 0.348528 0.802951
vt 0.377733 0.814005
vt 0.371927 0.822010
vt 0.348528 0.802951
vt 0.357331 0.792100
vt 0.377733 0.814005
vt 0.300574 0.853126
vt 0.269600 0.872877
vt 0.271343 0.849697
vt 0.300574 0.853126
vt 0.299468 0.872534
vt 0.269600 0.872877
vt 0.329857 0.856154
vt 0.299468 0.872534
vt 0.300574 0.853126
vt 0.329857 0.856154
vt 0.329322 0.871318
vt 0.299468 0.872534
vt 0.271343 0.849697
vt 0.269600 0.872877
vt 0.239687 0.872469
vt 0.271343 0.849697
vt 0.239687 0.872469
vt 0.242105 0.845961
vt 0.242105 0.845961
vt 0.239687 0.872469
vt 0.209508 0.871391
vt 0.242105 0.845961
vt 0.209508 0.871391
vt 0.212628 0.842011
vt 0.212628 0.842011
vt 0.209508 0.871391
vt 0.179045 0.869649
vt 0.212628 0.842011
vt 0.179045 0.869649
vt 0.182972 0.837755
vt 0.182972 0.837755
vt 0.179045 0.869649
vt 0.148334 0.867341
vt 0.182972 0.837755
vt 0.148334 0.867341
vt 0.153029 0.833170
vt 0.153029 0.833170
vt 0.148334 0.867341
vt 0.117189 0.864576
vt 0.153029 0.833170
vt 0.117189 0.864576
vt 0.122458 0.828351
vt 0.332174 0.841836
vt 0.358277 0.858523
vt 0.329857 0.856154
vt 0.332174 0.841836
vt 0.359315 0.848414
vt 0.358277 0.858523
vt 0.329857 0.856154
vt 0.358277 0.858523
vt 0.358368 0.869117
vt 0.329857 0.856154
vt 0.358368 0.869117
vt 0.329322 0.871318
vt 0.122458 0.828351
vt 0.117189 0.864576
vt 0.085453 0.861483
vt 0.122458 0.828351
vt 0.085453 0.861483
vt 0.090974 0.823204
vt 0.362718 0.839253
vt 0.376725 0.852576
vt 0.359315 0.848414
vt 0.362718 0.839253
vt 0.383581 0.848802
vt 0.376725 0.852576
vt 0.366548 0.830193
vt 0.383581 0.848802
vt 0.362718 0.839253
vt 0.366548 0.830193
vt 0.388245 0.843985
vt 0.383581 0.848802
vt 0.366548 0.830193
vt 0.390124 0.837294
vt 0.388245 0.843985
vt 0.366548 0.830193
vt 0.371927 0.822010
vt 0.390124 0.837294
vt 0.371927 0.822010
vt 0.390065 0.828881
vt 0.390124 0.837294
vt 0.371927 0.822010
vt 0.377733 0.814005
vt 0.390065 0.828881
vt 0.359315 0.848414
vt 0.380931 0.859063
vt 0.358277 0.858523
vt 0.359315 0.848414
vt 0.376725 0.852576
vt 0.380931 0.859063
vt 0.380931 0.859063
vt 0.376725 0.852576
vt 0.383581 0.848802
vt 0.358277 0.858523
vt 0.380931 0.859063
vt 0.382441 0.866589
vt 0.358277 0.858523
vt 0.382441 0.866589
vt 0.358368 0.869117
vt 0.329322 0.871318
vt 0.358368 0.869117
vt 0.359555 0.879981
vt 0.329322 0.871318
vt 0.359555 0.879981
vt 0.330791 0.886972
vt 0.329322 0.871318
vt 0.300585 0.892609
vt 0.299468 0.872534
vt 0.329322 0.871318
vt 0.330791 0.886972
vt 0.300585 0.892609
vt 0.299468 0.872534
vt 0.300585 0.892609
vt 0.270237 0.896868
vt 0.299468 0.872534
vt 0.270237 0.896868
vt 0.269600 0.872877
vt 0.269600 0.872877
vt 0.239726 0.899906
vt 0.239687 0.872469
vt 0.269600 0.872877
vt 0.270237 0.896868
vt 0.239726 0.899906
vt 0.239687 0.872469
vt 0.239726 0.899906
vt 0.208857 0.901896
vt 0.239687 0.872469
vt 0.208857 0.901896
vt 0.209508 0.871391
vt 0.209508 0.871391
vt 0.208857 0.901896
vt 0.177509 0.902850
vt 0.209508 0.871391
vt 0.177509 0.902850
vt 0.179045 0.869649
vt 0.179045 0.869649
vt 0.177509 0.902850
vt 0.145747 0.902850
vt 0.179045 0.869649
vt 0.145747 0.902850
vt 0.148334 0.867341
vt 0.148334 0.867341
vt 0.145747 0.902850
vt 0.113521 0.902000
vt 0.148334 0.867341
vt 0.113521 0.902000
vt 0.117189 0.864576
vt 0.358368 0.869117
vt 0.382441 0.866589
vt 0.382237 0.874634
vt 0.358368 0.869117
vt 0.382237 0.874634
vt 0.359555 0.879981
vt 0.380931 0.859063
vt 0.383581 0.848802
vt 0.394734 0.856902
vt 0.394734 0.856902
vt 0.383581 0.848802
vt 0.388245 0.843985
vt 0.382441 0.866589
vt 0.380931 0.859063
vt 0.394734 0.856902
vt 0.359555 0.879981
vt 0.382237 0.874634
vt 0.379159 0.882586
vt 0.330791 0.886972
vt 0.359555 0.879981
vt 0.361996 0.890664
vt 0.359555 0.879981
vt 0.379159 0.882586
vt 0.361996 0.890664
vt 0.090974 0.823204
vt 0.085453 0.861483
vt 0.052875 0.858533
vt 0.090974 0.823204
vt 0.052875 0.858533
vt 0.058637 0.819387
vt 0.394734 0.856902
vt 0.388245 0.843985
vt 0.403269 0.854195
vt 0.401981 0.844672
vt 0.403269 0.854195
vt 0.388245 0.843985
vt 0.401981 0.844672
vt 0.388245 0.843985
vt 0.390124 0.837294
vt 0.382441 0.866589
vt 0.394734 0.856902
vt 0.398521 0.864401
vt 0.398521 0.864401
vt 0.394734 0.856902
vt 0.403269 0.854195
vt 0.397693 0.829949
vt 0.390124 0.837294
vt 0.390065 0.828881
vt 0.397693 0.829949
vt 0.401981 0.844672
vt 0.390124 0.837294
vt 0.377733 0.814005
vt 0.397693 0.829949
vt 0.390065 0.828881
vt 0.377733 0.814005
vt 0.385904 0.807912
vt 0.397693 0.829949
vt 0.396199 0.873160
vt 0.382441 0.866589
vt 0.398521 0.864401
vt 0.396199 0.873160
vt 0.382237 0.874634
vt 0.382441 0.866589
vt 0.410081 0.845276
vt 0.403269 0.854195
vt 0.401981 0.844672
vt 0.405044 0.828150
vt 0.410081 0.845276
vt 0.401981 0.844672
vt 0.405044 0.828150
vt 0.401981 0.844672
vt 0.397693 0.829949
vt 0.387021 0.884820
vt 0.379159 0.882586
vt 0.382237 0.874634
vt 0.387021 0.884820
vt 0.382237 0.874634
vt 0.396199 0.873160
vt 0.117189 0.864576
vt 0.113521 0.902000
vt 0.080902 0.900336
vt 0.117189 0.864576
vt 0.080902 0.900336
vt 0.085453 0.861483
vt 0.416810 0.839205
vt 0.410081 0.845276
vt 0.405044 0.828150
vt 0.398521 0.864401
vt 0.403269 0.854195
vt 0.414295 0.861952
vt 0.410081 0.845276
vt 0.414295 0.861952
vt 0.403269 0.854195
vt 0.393438 0.889481
vt 0.387021 0.884820
vt 0.396199 0.873160
vt 0.416810 0.839205
vt 0.405044 0.828150
vt 0.412091 0.824498
vt 0.404515 0.875871
vt 0.396199 0.873160
vt 0.398521 0.864401
vt 0.404515 0.875871
vt 0.398521 0.864401
vt 0.414295 0.861952
vt 0.393438 0.889481
vt 0.396199 0.873160
vt 0.404515 0.875871
vt 0.085453 0.861483
vt 0.080902 0.900336
vt 0.048023 0.898188
vt 0.085453 0.861483
vt 0.048023 0.898188
vt 0.052875 0.858533
vt 0.422561 0.846671
vt 0.414295 0.861952
vt 0.410081 0.845276
vt 0.422561 0.846671
vt 0.410081 0.845276
vt 0.416810 0.839205
vt 0.416642 0.878987
vt 0.404515 0.875871
vt 0.414295 0.861952
vt 0.425374 0.869940
vt 0.416642 0.878987
vt 0.414295 0.861952
vt 0.430043 0.857778
vt 0.414295 0.861952
vt 0.422561 0.846671
vt 0.425374 0.869940
vt 0.414295 0.861952
vt 0.430043 0.857778
vt 0.430043 0.857778
vt 0.422561 0.846671
vt 0.431396 0.848196
vt 0.910225 0.202607
vt 0.911688 0.184099
vt 0.914306 0.184277
vt 0.910225 0.202607
vt 0.914306 0.184277
vt 0.913713 0.202844
vt 0.908739 0.221493
vt 0.910225 0.202607
vt 0.913713 0.202844
vt 0.908739 0.221493
vt 0.913713 0.202844
vt 0.913366 0.221808
vt 0.905581 0.261534
vt 0.908739 0.221493
vt 0.913366 0.221808
vt 0.905581 0.261534
vt 0.913366 0.221808
vt 0.912348 0.261995
vt 0.911688 0.184099
vt 0.915629 0.158608
vt 0.914306 0.184277
vt 0.911688 0.184099
vt 0.913727 0.158479
vt 0.915629 0.158608
vt 0.913727 0.158479
vt 0.916797 0.139106
vt 0.915629 0.158608
vt 0.913727 0.158479
vt 0.915282 0.139003
vt 0.916797 0.139106
vt 0.916797 0.139106
vt 0.915282 0.139003
vt 0.915766 0.132815
vt 0.916797 0.139106
vt 0.915766 0.132815
vt 0.916800 0.132886
vt 0.898808 0.260777
vt 0.908739 0.221493
vt 0.905581 0.261534
vt 0.898808 0.260777
vt 0.904108 0.220975
vt 0.908739 0.221493
vt 0.904108 0.220975
vt 0.910225 0.202607
vt 0.908739 0.221493
vt 0.904108 0.220975
vt 0.906733 0.202216
vt 0.910225 0.202607
vt 0.906733 0.202216
vt 0.911688 0.184099
vt 0.910225 0.202607
vt 0.906733 0.202216
vt 0.909067 0.183806
vt 0.911688 0.184099
vt 0.909067 0.183806
vt 0.913727 0.158479
vt 0.911688 0.184099
vt 0.909067 0.183806
vt 0.911824 0.158266
vt 0.913727 0.158479
vt 0.911824 0.158266
vt 0.915282 0.139003
vt 0.913727 0.158479
vt 0.911824 0.158266
vt 0.913767 0.138834
vt 0.915282 0.139003
vt 0.915282 0.139003
vt 0.914732 0.132699
vt 0.915766 0.132815
vt 0.915282 0.139003
vt 0.913767 0.138834
vt 0.914732 0.132699
vt 0.918079 0.139127
vt 0.916797 0.139106
vt 0.916800 0.132886
vt 0.918079 0.139127
vt 0.916800 0.132886
vt 0.917675 0.132900
vt 0.915629 0.158608
vt 0.916797 0.139106
vt 0.918079 0.139127
vt 0.915629 0.158608
vt 0.918079 0.139127
vt 0.917240 0.158635
vt 0.914306 0.184277
vt 0.915629 0.158608
vt 0.917240 0.158635
vt 0.914306 0.184277
vt 0.917240 0.158635
vt 0.916523 0.184314
vt 0.913713 0.202844
vt 0.914306 0.184277
vt 0.916523 0.184314
vt 0.913713 0.202844
vt 0.916523 0.184314
vt 0.916667 0.202893
vt 0.913366 0.221808
vt 0.913713 0.202844
vt 0.916667 0.202893
vt 0.913366 0.221808
vt 0.916667 0.202893
vt 0.917284 0.221873
vt 0.912348 0.261995
vt 0.913366 0.221808
vt 0.917284 0.221873
vt 0.912348 0.261995
vt 0.917284 0.221873
vt 0.918079 0.262090
vt 0.913767 0.138834
vt 0.913853 0.132556
vt 0.914732 0.132699
vt 0.913767 0.138834
vt 0.912480 0.138624
vt 0.913853 0.132556
vt 0.910208 0.158002
vt 0.913767 0.138834
vt 0.911824 0.158266
vt 0.910208 0.158002
vt 0.912480 0.138624
vt 0.913767 0.138834
vt 0.906844 0.183443
vt 0.910208 0.158002
vt 0.911824 0.158266
vt 0.906844 0.183443
vt 0.911824 0.158266
vt 0.909067 0.183806
vt 0.903770 0.201733
vt 0.909067 0.183806
vt 0.906733 0.202216
vt 0.903770 0.201733
vt 0.906844 0.183443
vt 0.909067 0.183806
vt 0.900177 0.220333
vt 0.903770 0.201733
vt 0.906733 0.202216
vt 0.900177 0.220333
vt 0.906733 0.202216
vt 0.904108 0.220975
vt 0.893059 0.259838
vt 0.900177 0.220333
vt 0.904108 0.220975
vt 0.893059 0.259838
vt 0.904108 0.220975
vt 0.898808 0.260777
vt 0.238595 0.924670
vt 0.221297 0.926236
vt 0.221463 0.929037
vt 0.238595 0.924670
vt 0.221463 0.929037
vt 0.238817 0.928403
vt 0.256246 0.923081
vt 0.238595 0.924670
vt 0.238817 0.928403
vt 0.256246 0.923081
vt 0.238817 0.928403
vt 0.256540 0.928031
vt 0.293670 0.919702
vt 0.256246 0.923081
vt 0.256540 0.928031
vt 0.293670 0.919702
vt 0.256540 0.928031
vt 0.294101 0.926943
vt 0.221297 0.926236
vt 0.197473 0.930453
vt 0.221463 0.929037
vt 0.221297 0.926236
vt 0.197352 0.928418
vt 0.197473 0.930453
vt 0.197352 0.928418
vt 0.179245 0.931702
vt 0.197473 0.930453
vt 0.197352 0.928418
vt 0.179149 0.930082
vt 0.179245 0.931702
vt 0.179245 0.931702
vt 0.179149 0.930082
vt 0.173366 0.930599
vt 0.179245 0.931702
vt 0.173366 0.930599
vt 0.173431 0.931705
vt 0.292962 0.912455
vt 0.256246 0.923081
vt 0.293670 0.919702
vt 0.292962 0.912455
vt 0.255762 0.918126
vt 0.256246 0.923081
vt 0.255762 0.918126
vt 0.238595 0.924670
vt 0.256246 0.923081
vt 0.255762 0.918126
vt 0.238230 0.920935
vt 0.238595 0.924670
vt 0.238230 0.920935
vt 0.221297 0.926236
vt 0.238595 0.924670
vt 0.238230 0.920935
vt 0.221023 0.923432
vt 0.221297 0.926236
vt 0.221023 0.923432
vt 0.197352 0.928418
vt 0.221297 0.926236
vt 0.221023 0.923432
vt 0.197153 0.926381
vt 0.197352 0.928418
vt 0.197153 0.926381
vt 0.179149 0.930082
vt 0.197352 0.928418
vt 0.197153 0.926381
vt 0.178991 0.928460
vt 0.179149 0.930082
vt 0.179149 0.930082
vt 0.178991 0.928460
vt 0.173257 0.929492
vt 0.179149 0.930082
vt 0.173257 0.929492
vt 0.173366 0.930599
vt 0.179265 0.933074
vt 0.179245 0.931702
vt 0.173431 0.931705
vt 0.179265 0.933074
vt 0.173431 0.931705
vt 0.173445 0.932642
vt 0.197473 0.930453
vt 0.179245 0.931702
vt 0.179265 0.933074
vt 0.197473 0.930453
vt 0.179265 0.933074
vt 0.197497 0.932177
vt 0.221463 0.929037
vt 0.197473 0.930453
vt 0.197497 0.932177
vt 0.221463 0.929037
vt 0.197497 0.932177
vt 0.221497 0.931409
vt 0.238817 0.928403
vt 0.221463 0.929037
vt 0.221497 0.931409
vt 0.238817 0.928403
vt 0.221497 0.931409
vt 0.238862 0.931563
vt 0.256540 0.928031
vt 0.238817 0.928403
vt 0.238862 0.931563
vt 0.256540 0.928031
vt 0.238862 0.931563
vt 0.256601 0.932224
vt 0.294101 0.926943
vt 0.256540 0.928031
vt 0.256601 0.932224
vt 0.294101 0.926943
vt 0.256601 0.932224
vt 0.294189 0.933074
vt 0.178991 0.928460
vt 0.173123 0.928553
vt 0.173257 0.929492
vt 0.178991 0.928460
vt 0.178794 0.927084
vt 0.173123 0.928553
vt 0.196906 0.924652
vt 0.178991 0.928460
vt 0.197153 0.926381
vt 0.196906 0.924652
vt 0.178794 0.927084
vt 0.178991 0.928460
vt 0.220683 0.921053
vt 0.196906 0.924652
vt 0.197153 0.926381
vt 0.220683 0.921053
vt 0.197153 0.926381
vt 0.221023 0.923432
vt 0.237778 0.917764
vt 0.221023 0.923432
vt 0.238230 0.920935
vt 0.237778 0.917764
vt 0.220683 0.921053
vt 0.221023 0.923432
vt 0.255162 0.913920
vt 0.238230 0.920935
vt 0.255762 0.918126
vt 0.255162 0.913920
vt 0.237778 0.917764
vt 0.238230 0.920935
vt 0.292085 0.906304
vt 0.255762 0.918126
vt 0.292962 0.912455
vt 0.292085 0.906304
vt 0.255162 0.913920
vt 0.255762 0.918126
vt 0.848937 0.961522
vt 0.866144 0.964019
vt 0.865871 0.966823
vt 0.848937 0.961522
vt 0.865871 0.966823
vt 0.848572 0.965258
vt 0.831405 0.958713
vt 0.848937 0.961522
vt 0.848572 0.965258
vt 0.831405 0.958713
vt 0.848572 0.965258
vt 0.830921 0.963668
vt 0.794205 0.953042
vt 0.831405 0.958713
vt 0.830921 0.963668
vt 0.794205 0.953042
vt 0.830921 0.963668
vt 0.793497 0.960289
vt 0.866144 0.964019
vt 0.889816 0.969005
vt 0.865871 0.966823
vt 0.866144 0.964019
vt 0.890014 0.966968
vt 0.889816 0.969005
vt 0.890014 0.966968
vt 0.908018 0.970669
vt 0.889816 0.969005
vt 0.890014 0.966968
vt 0.908177 0.969047
vt 0.908018 0.970669
vt 0.908018 0.970669
vt 0.908177 0.969047
vt 0.913910 0.970080
vt 0.908018 0.970669
vt 0.913910 0.970080
vt 0.913801 0.971187
vt 0.793497 0.960289
vt 0.830921 0.963668
vt 0.830627 0.968619
vt 0.793497 0.960289
vt 0.830627 0.968619
vt 0.793067 0.967530
vt 0.830921 0.963668
vt 0.848350 0.968990
vt 0.830627 0.968619
vt 0.830921 0.963668
vt 0.848572 0.965258
vt 0.848350 0.968990
vt 0.848572 0.965258
vt 0.865704 0.969624
vt 0.848350 0.968990
vt 0.848572 0.965258
vt 0.865871 0.966823
vt 0.865704 0.969624
vt 0.865871 0.966823
vt 0.889816 0.969005
vt 0.889694 0.971040
vt 0.865871 0.966823
vt 0.889694 0.971040
vt 0.865704 0.969624
vt 0.889816 0.969005
vt 0.907922 0.972289
vt 0.889694 0.971040
vt 0.889816 0.969005
vt 0.908018 0.970669
vt 0.907922 0.972289
vt 0.907922 0.972289
vt 0.908018 0.970669
vt 0.913801 0.971187
vt 0.907922 0.972289
vt 0.913801 0.971187
vt 0.913736 0.972293
vt 0.907902 0.973661
vt 0.907922 0.972289
vt 0.913736 0.972293
vt 0.907902 0.973661
vt 0.913736 0.972293
vt 0.913722 0.973229
vt 0.889694 0.971040
vt 0.907922 0.972289
vt 0.907902 0.973661
vt 0.889694 0.971040
vt 0.907902 0.973661
vt 0.889670 0.972764
vt 0.865704 0.969624
vt 0.889694 0.971040
vt 0.889670 0.972764
vt 0.865704 0.969624
vt 0.889670 0.972764
vt 0.865670 0.971996
vt 0.848350 0.968990
vt 0.865704 0.969624
vt 0.865670 0.971996
vt 0.848350 0.968990
vt 0.865670 0.971996
vt 0.848305 0.972150
vt 0.830627 0.968619
vt 0.848350 0.968990
vt 0.848305 0.972150
vt 0.830627 0.968619
vt 0.848305 0.972150
vt 0.830566 0.972811
vt 0.793067 0.967530
vt 0.830627 0.968619
vt 0.830566 0.972811
vt 0.793067 0.967530
vt 0.830566 0.972811
vt 0.792978 0.973661
vt 0.908177 0.969047
vt 0.914044 0.969140
vt 0.913910 0.970080
vt 0.908177 0.969047
vt 0.908373 0.967671
vt 0.914044 0.969140
vt 0.890261 0.965240
vt 0.908177 0.969047
vt 0.890014 0.966968
vt 0.890261 0.965240
vt 0.908373 0.967671
vt 0.908177 0.969047
vt 0.866484 0.961640
vt 0.890014 0.966968
vt 0.866144 0.964019
vt 0.866484 0.961640
vt 0.890261 0.965240
vt 0.890014 0.966968
vt 0.849390 0.958352
vt 0.866484 0.961640
vt 0.866144 0.964019
vt 0.849390 0.958352
vt 0.866144 0.964019
vt 0.848937 0.961522
vt 0.832005 0.954508
vt 0.849390 0.958352
vt 0.848937 0.961522
vt 0.832005 0.954508
vt 0.848937 0.961522
vt 0.831405 0.958713
vt 0.795082 0.946891
vt 0.832005 0.954508
vt 0.831405 0.958713
vt 0.795082 0.946891
vt 0.831405 0.958713
vt 0.794205 0.953042
vt 0.783247 0.119891
vt 0.785581 0.138301
vt 0.788201 0.138008
vt 0.783247 0.119891
vt 0.788201 0.138008
vt 0.786738 0.119500
vt 0.780621 0.101132
vt 0.783247 0.119891
vt 0.786738 0.119500
vt 0.780621 0.101132
vt 0.786738 0.119500
vt 0.785252 0.100614
vt 0.775321 0.061330
vt 0.780621 0.101132
vt 0.785252 0.100614
vt 0.775321 0.061330
vt 0.785252 0.100614
vt 0.782094 0.060573
vt 0.785581 0.138301
vt 0.790241 0.163628
vt 0.788201 0.138008
vt 0.785581 0.138301
vt 0.788337 0.163841
vt 0.790241 0.163628
vt 0.788337 0.163841
vt 0.791796 0.183104
vt 0.790241 0.163628
vt 0.788337 0.163841
vt 0.790280 0.183273
vt 0.791796 0.183104
vt 0.791796 0.183104
vt 0.790280 0.183273
vt 0.791245 0.189408
vt 0.791796 0.183104
vt 0.791245 0.189408
vt 0.792279 0.189292
vt 0.782094 0.060573
vt 0.785252 0.100614
vt 0.789879 0.100299
vt 0.782094 0.060573
vt 0.789879 0.100299
vt 0.788862 0.060112
vt 0.785252 0.100614
vt 0.790226 0.119263
vt 0.789879 0.100299
vt 0.785252 0.100614
vt 0.786738 0.119500
vt 0.790226 0.119263
vt 0.786738 0.119500
vt 0.790819 0.137830
vt 0.790226 0.119263
vt 0.786738 0.119500
vt 0.788201 0.138008
vt 0.790819 0.137830
vt 0.788201 0.138008
vt 0.792143 0.163499
vt 0.790819 0.137830
vt 0.788201 0.138008
vt 0.790241 0.163628
vt 0.792143 0.163499
vt 0.790241 0.163628
vt 0.791796 0.183104
vt 0.793310 0.183001
vt 0.790241 0.163628
vt 0.793310 0.183001
vt 0.792143 0.163499
vt 0.793310 0.183001
vt 0.791796 0.183104
vt 0.792279 0.189292
vt 0.793310 0.183001
vt 0.792279 0.189292
vt 0.793313 0.189222
vt 0.794592 0.182980
vt 0.793310 0.183001
vt 0.793313 0.189222
vt 0.794592 0.182980
vt 0.793313 0.189222
vt 0.794188 0.189207
vt 0.792143 0.163499
vt 0.793310 0.183001
vt 0.794592 0.182980
vt 0.792143 0.163499
vt 0.794592 0.182980
vt 0.793754 0.163472
vt 0.790819 0.137830
vt 0.792143 0.163499
vt 0.793754 0.163472
vt 0.790819 0.137830
vt 0.793754 0.163472
vt 0.793036 0.137793
vt 0.790226 0.119263
vt 0.790819 0.137830
vt 0.793036 0.137793
vt 0.790226 0.119263
vt 0.793036 0.137793
vt 0.793180 0.119214
vt 0.789879 0.100299
vt 0.790226 0.119263
vt 0.793180 0.119214
vt 0.789879 0.100299
vt 0.793180 0.119214
vt 0.793797 0.100235
vt 0.788862 0.060112
vt 0.789879 0.100299
vt 0.793797 0.100235
vt 0.788862 0.060112
vt 0.793797 0.100235
vt 0.794592 0.060017
vt 0.790280 0.183273
vt 0.790367 0.189551
vt 0.791245 0.189408
vt 0.790280 0.183273
vt 0.788994 0.183483
vt 0.790367 0.189551
vt 0.786721 0.164105
vt 0.790280 0.183273
vt 0.788337 0.163841
vt 0.786721 0.164105
vt 0.788994 0.183483
vt 0.790280 0.183273
vt 0.783357 0.138664
vt 0.786721 0.164105
vt 0.788337 0.163841
vt 0.783357 0.138664
vt 0.788337 0.163841
vt 0.785581 0.138301
vt 0.780283 0.120374
vt 0.785581 0.138301
vt 0.783247 0.119891
vt 0.780283 0.120374
vt 0.783357 0.138664
vt 0.785581 0.138301
vt 0.776691 0.101774
vt 0.783247 0.119891
vt 0.780621 0.101132
vt 0.776691 0.101774
vt 0.780283 0.120374
vt 0.783247 0.119891
vt 0.769572 0.062269
vt 0.776691 0.101774
vt 0.780621 0.101132
vt 0.769572 0.062269
vt 0.780621 0.101132
vt 0.775321 0.061330
vt 0.945521 0.522715
vt 0.950740 0.525028
vt 0.945521 0.523917
vt 0.945521 0.523917
vt 0.950740 0.525028
vt 0.949946 0.525878
vt 0.945521 0.523917
vt 0.949946 0.525878
vt 0.945951 0.525028
vt 0.945951 0.525028
vt 0.949946 0.525878
vt 0.948907 0.526339
vt 0.945951 0.525028
vt 0.948907 0.526339
vt 0.946745 0.525878
vt 0.946745 0.525878
vt 0.948907 0.526339
vt 0.947784 0.526339
vt 0.947784 0.520294
vt 0.950740 0.521604
vt 0.946745 0.520754
vt 0.947784 0.520294
vt 0.949946 0.520754
vt 0.950740 0.521604
vt 0.949946 0.520754
vt 0.947784 0.520294
vt 0.948907 0.520294
vt 0.946745 0.520754
vt 0.950740 0.521604
vt 0.945951 0.521604
vt 0.945951 0.521604
vt 0.950740 0.521604
vt 0.951170 0.522715
vt 0.945951 0.521604
vt 0.951170 0.522715
vt 0.951170 0.523917
vt 0.945951 0.521604
vt 0.951170 0.523917
vt 0.945521 0.522715
vt 0.945521 0.522715
vt 0.951170 0.523917
vt 0.950740 0.525028
vt 0.766241 0.457223
vt 0.772336 0.468817
vt 0.782041 0.465903
vt 0.766241 0.457223
vt 0.782041 0.465903
vt 0.778539 0.452852
vt 0.778539 0.452852
vt 0.782041 0.465903
vt 0.789323 0.466952
vt 0.771776 0.441287
vt 0.766241 0.457223
vt 0.778539 0.452852
vt 0.771776 0.441287
vt 0.758104 0.446982
vt 0.766241 0.457223
vt 0.763447 0.429029
vt 0.758104 0.446982
vt 0.771776 0.441287
vt 0.763447 0.429029
vt 0.748679 0.435910
vt 0.758104 0.446982
vt 0.734677 0.444541
vt 0.758104 0.446982
vt 0.748679 0.435910
vt 0.745226 0.454611
vt 0.766241 0.457223
vt 0.758104 0.446982
vt 0.734677 0.444541
vt 0.745226 0.454611
vt 0.758104 0.446982
vt 0.763447 0.429029
vt 0.739942 0.424295
vt 0.748679 0.435910
vt 0.763447 0.429029
vt 0.755958 0.416260
vt 0.739942 0.424295
vt 0.748679 0.435910
vt 0.739942 0.424295
vt 0.724634 0.433858
vt 0.748679 0.435910
vt 0.724634 0.433858
vt 0.734677 0.444541
vt 0.778973 0.424331
vt 0.755958 0.416260
vt 0.763447 0.429029
vt 0.771776 0.441287
vt 0.778973 0.424331
vt 0.763447 0.429029
vt 0.778973 0.424331
vt 0.772696 0.410370
vt 0.755958 0.416260
vt 0.771776 0.441287
vt 0.785843 0.437331
vt 0.778973 0.424331
vt 0.771776 0.441287
vt 0.790465 0.452835
vt 0.785843 0.437331
vt 0.771776 0.441287
vt 0.778539 0.452852
vt 0.790465 0.452835
vt 0.778539 0.452852
vt 0.789323 0.466952
vt 0.790465 0.452835
vt 0.772696 0.410370
vt 0.748764 0.403565
vt 0.755958 0.416260
vt 0.772696 0.410370
vt 0.766463 0.396361
vt 0.748764 0.403565
vt 0.755958 0.416260
vt 0.748764 0.403565
vt 0.731708 0.412483
vt 0.755958 0.416260
vt 0.731708 0.412483
vt 0.739942 0.424295
vt 0.739942 0.424295
vt 0.731708 0.412483
vt 0.715206 0.422538
vt 0.739942 0.424295
vt 0.715206 0.422538
vt 0.724634 0.433858
vt 0.766463 0.396361
vt 0.741055 0.390772
vt 0.748764 0.403565
vt 0.748764 0.403565
vt 0.741055 0.390772
vt 0.723628 0.400117
vt 0.748764 0.403565
vt 0.723628 0.400117
vt 0.731708 0.412483
vt 0.766463 0.396361
vt 0.759112 0.383128
vt 0.741055 0.390772
vt 0.731708 0.412483
vt 0.723628 0.400117
vt 0.706669 0.410424
vt 0.731708 0.412483
vt 0.706669 0.410424
vt 0.715206 0.422538
vt 0.745226 0.454611
vt 0.756066 0.464282
vt 0.766241 0.457223
vt 0.756066 0.464282
vt 0.772336 0.468817
vt 0.766241 0.457223
vt 0.759112 0.383128
vt 0.732776 0.379006
vt 0.741055 0.390772
vt 0.759112 0.383128
vt 0.749914 0.371266
vt 0.732776 0.379006
vt 0.741055 0.390772
vt 0.732776 0.379006
vt 0.715985 0.387789
vt 0.741055 0.390772
vt 0.715985 0.387789
vt 0.723628 0.400117
vt 0.723628 0.400117
vt 0.715985 0.387789
vt 0.699570 0.397313
vt 0.723628 0.400117
vt 0.699570 0.397313
vt 0.706669 0.410424
vt 0.756066 0.464282
vt 0.766542 0.475091
vt 0.772336 0.468817
vt 0.749914 0.371266
vt 0.723820 0.366983
vt 0.732776 0.379006
vt 0.749914 0.371266
vt 0.739189 0.360784
vt 0.723820 0.366983
vt 0.732776 0.379006
vt 0.723820 0.366983
vt 0.709037 0.374821
vt 0.732776 0.379006
vt 0.709037 0.374821
vt 0.715985 0.387789
vt 0.715985 0.387789
vt 0.709037 0.374821
vt 0.694489 0.383217
vt 0.715985 0.387789
vt 0.694489 0.383217
vt 0.699570 0.397313
vt 0.790465 0.452835
vt 0.789323 0.466952
vt 0.796231 0.470076
vt 0.766542 0.475091
vt 0.780201 0.478821
vt 0.772336 0.468817
vt 0.772336 0.468817
vt 0.780201 0.478821
vt 0.784018 0.477666
vt 0.772336 0.468817
vt 0.784018 0.477666
vt 0.782041 0.465903
vt 0.782041 0.465903
vt 0.784018 0.477666
vt 0.788055 0.477491
vt 0.782041 0.465903
vt 0.788055 0.477491
vt 0.789323 0.466952
vt 0.739189 0.360784
vt 0.715154 0.355597
vt 0.723820 0.366983
vt 0.739189 0.360784
vt 0.727722 0.351327
vt 0.715154 0.355597
vt 0.723820 0.366983
vt 0.715154 0.355597
vt 0.703205 0.361685
vt 0.723820 0.366983
vt 0.703205 0.361685
vt 0.709037 0.374821
vt 0.709037 0.374821
vt 0.703205 0.361685
vt 0.691510 0.368466
vt 0.709037 0.374821
vt 0.691510 0.368466
vt 0.694489 0.383217
vt 0.766542 0.475091
vt 0.776482 0.481540
vt 0.780201 0.478821
vt 0.790465 0.452835
vt 0.796231 0.470076
vt 0.804126 0.461609
vt 0.804126 0.461609
vt 0.796231 0.470076
vt 0.799911 0.476223
vt 0.796231 0.470076
vt 0.791725 0.481311
vt 0.799911 0.476223
vt 0.804126 0.461609
vt 0.799911 0.476223
vt 0.812245 0.473347
vt 0.799911 0.476223
vt 0.813538 0.485538
vt 0.812245 0.473347
vt 0.799911 0.476223
vt 0.802513 0.483770
vt 0.813538 0.485538
vt 0.791186 0.484549
vt 0.802513 0.483770
vt 0.799911 0.476223
vt 0.791186 0.484549
vt 0.799911 0.476223
vt 0.791725 0.481311
vt 0.790416 0.487727
vt 0.802513 0.483770
vt 0.791186 0.484549
vt 0.801965 0.491482
vt 0.813538 0.485538
vt 0.802513 0.483770
vt 0.790416 0.487727
vt 0.801965 0.491482
vt 0.802513 0.483770
vt 0.801965 0.491482
vt 0.812130 0.496584
vt 0.813538 0.485538
vt 0.789422 0.490834
vt 0.801965 0.491482
vt 0.790416 0.487727
vt 0.796231 0.470076
vt 0.789769 0.479063
vt 0.791725 0.481311
vt 0.789323 0.466952
vt 0.789769 0.479063
vt 0.796231 0.470076
vt 0.789323 0.466952
vt 0.788055 0.477491
vt 0.789769 0.479063
vt 0.799691 0.498568
vt 0.812130 0.496584
vt 0.801965 0.491482
vt 0.789422 0.490834
vt 0.799691 0.498568
vt 0.801965 0.491482
vt 0.789422 0.490834
vt 0.794887 0.503785
vt 0.799691 0.498568
vt 0.799691 0.498568
vt 0.808856 0.507443
vt 0.812130 0.496584
vt 0.808856 0.507443
vt 0.799691 0.498568
vt 0.794887 0.503785
vt 0.812130 0.496584
vt 0.808856 0.507443
vt 0.816919 0.517322
vt 0.807614 0.525300
vt 0.816919 0.517322
vt 0.808856 0.507443
vt 0.825482 0.527832
vt 0.816919 0.517322
vt 0.807614 0.525300
vt 0.825482 0.527832
vt 0.807614 0.525300
vt 0.814722 0.536900
vt 0.814722 0.536900
vt 0.807614 0.525300
vt 0.797393 0.531833
vt 0.814722 0.536900
vt 0.797393 0.531833
vt 0.802967 0.544377
vt 0.833662 0.538709
vt 0.825482 0.527832
vt 0.814722 0.536900
vt 0.833662 0.538709
vt 0.814722 0.536900
vt 0.822037 0.548364
vt 0.822037 0.548364
vt 0.814722 0.536900
vt 0.802967 0.544377
vt 0.822037 0.548364
vt 0.802967 0.544377
vt 0.809413 0.556430
vt 0.809413 0.556430
vt 0.802967 0.544377
vt 0.790409 0.550250
vt 0.809413 0.556430
vt 0.790409 0.550250
vt 0.795992 0.562896
vt 0.802967 0.544377
vt 0.786383 0.536839
vt 0.790409 0.550250
vt 0.802967 0.544377
vt 0.797393 0.531833
vt 0.786383 0.536839
vt 0.841020 0.550183
vt 0.833662 0.538709
vt 0.822037 0.548364
vt 0.841020 0.550183
vt 0.822037 0.548364
vt 0.829242 0.559890
vt 0.829242 0.559890
vt 0.822037 0.548364
vt 0.809413 0.556430
vt 0.829242 0.559890
vt 0.809413 0.556430
vt 0.816486 0.568059
vt 0.816486 0.568059
vt 0.809413 0.556430
vt 0.795992 0.562896
vt 0.816486 0.568059
vt 0.795992 0.562896
vt 0.802963 0.574678
vt 0.847179 0.562438
vt 0.841020 0.550183
vt 0.829242 0.559890
vt 0.847179 0.562438
vt 0.829242 0.559890
vt 0.836142 0.571610
vt 0.836142 0.571610
vt 0.829242 0.559890
vt 0.816486 0.568059
vt 0.836142 0.571610
vt 0.816486 0.568059
vt 0.824144 0.579278
vt 0.824144 0.579278
vt 0.816486 0.568059
vt 0.802963 0.574678
vt 0.824144 0.579278
vt 0.802963 0.574678
vt 0.811403 0.585444
vt 0.852247 0.575293
vt 0.847179 0.562438
vt 0.836142 0.571610
vt 0.852247 0.575293
vt 0.836142 0.571610
vt 0.842618 0.583574
vt 0.842618 0.583574
vt 0.836142 0.571610
vt 0.824144 0.579278
vt 0.842618 0.583574
vt 0.824144 0.579278
vt 0.832008 0.590296
vt 0.832008 0.590296
vt 0.824144 0.579278
vt 0.811403 0.585444
vt 0.832008 0.590296
vt 0.811403 0.585444
vt 0.820632 0.595481
vt 0.808856 0.507443
vt 0.794887 0.503785
vt 0.801660 0.514815
vt 0.807614 0.525300
vt 0.808856 0.507443
vt 0.801660 0.514815
vt 0.794429 0.520326
vt 0.807614 0.525300
vt 0.801660 0.514815
vt 0.794429 0.520326
vt 0.797393 0.531833
vt 0.807614 0.525300
vt 0.784401 0.522552
vt 0.786383 0.536839
vt 0.797393 0.531833
vt 0.784401 0.522552
vt 0.797393 0.531833
vt 0.794429 0.520326
vt 0.786383 0.536839
vt 0.784401 0.522552
vt 0.775863 0.520995
vt 0.786383 0.536839
vt 0.775863 0.520995
vt 0.772503 0.533991
vt 0.772503 0.533991
vt 0.783869 0.550554
vt 0.786383 0.536839
vt 0.772503 0.533991
vt 0.768465 0.547119
vt 0.783869 0.550554
vt 0.764779 0.560416
vt 0.783869 0.550554
vt 0.768465 0.547119
vt 0.764779 0.560416
vt 0.781763 0.564397
vt 0.783869 0.550554
vt 0.761476 0.573842
vt 0.781763 0.564397
vt 0.764779 0.560416
vt 0.761476 0.573842
vt 0.779662 0.578211
vt 0.781763 0.564397
vt 0.748218 0.554579
vt 0.764779 0.560416
vt 0.768465 0.547119
vt 0.748218 0.554579
vt 0.768465 0.547119
vt 0.753786 0.541590
vt 0.760178 0.529089
vt 0.753786 0.541590
vt 0.768465 0.547119
vt 0.760178 0.529089
vt 0.768465 0.547119
vt 0.772503 0.533991
vt 0.743653 0.567966
vt 0.764779 0.560416
vt 0.748218 0.554579
vt 0.743653 0.567966
vt 0.761476 0.573842
vt 0.764779 0.560416
vt 0.733023 0.545579
vt 0.748218 0.554579
vt 0.753786 0.541590
vt 0.727311 0.558452
vt 0.748218 0.554579
vt 0.733023 0.545579
vt 0.748779 0.522688
vt 0.740446 0.533763
vt 0.753786 0.541590
vt 0.733023 0.545579
vt 0.753786 0.541590
vt 0.740446 0.533763
vt 0.748779 0.522688
vt 0.753786 0.541590
vt 0.760178 0.529089
vt 0.727311 0.558452
vt 0.743653 0.567966
vt 0.748218 0.554579
vt 0.723405 0.572066
vt 0.743653 0.567966
vt 0.727311 0.558452
vt 0.757328 0.511841
vt 0.748779 0.522688
vt 0.760178 0.529089
vt 0.740574 0.580653
vt 0.761476 0.573842
vt 0.743653 0.567966
vt 0.723405 0.572066
vt 0.740574 0.580653
vt 0.743653 0.567966
vt 0.758562 0.587344
vt 0.779662 0.578211
vt 0.761476 0.573842
vt 0.740574 0.580653
vt 0.758562 0.587344
vt 0.761476 0.573842
vt 0.758562 0.587344
vt 0.777086 0.591932
vt 0.779662 0.578211
vt 0.721829 0.586211
vt 0.740574 0.580653
vt 0.723405 0.572066
vt 0.738293 0.594609
vt 0.758562 0.587344
vt 0.740574 0.580653
vt 0.721829 0.586211
vt 0.738293 0.594609
vt 0.740574 0.580653
vt 0.785334 0.506556
vt 0.784401 0.522552
vt 0.794429 0.520326
vt 0.785334 0.506556
vt 0.794429 0.520326
vt 0.790820 0.506142
vt 0.790820 0.506142
vt 0.794429 0.520326
vt 0.801660 0.514815
vt 0.790820 0.506142
vt 0.801660 0.514815
vt 0.794887 0.503785
vt 0.784401 0.522552
vt 0.785334 0.506556
vt 0.778697 0.505089
vt 0.784401 0.522552
vt 0.778697 0.505089
vt 0.775863 0.520995
vt 0.722722 0.600462
vt 0.738293 0.594609
vt 0.721829 0.586211
vt 0.755647 0.600843
vt 0.777086 0.591932
vt 0.758562 0.587344
vt 0.738293 0.594609
vt 0.755647 0.600843
vt 0.758562 0.587344
vt 0.767002 0.516887
vt 0.760178 0.529089
vt 0.772503 0.533991
vt 0.767002 0.516887
vt 0.772503 0.533991
vt 0.775863 0.520995
vt 0.757328 0.511841
vt 0.760178 0.529089
vt 0.767002 0.516887
vt 0.736720 0.608672
vt 0.755647 0.600843
vt 0.738293 0.594609
vt 0.722722 0.600462
vt 0.736720 0.608672
vt 0.738293 0.594609
vt 0.755647 0.600843
vt 0.773437 0.605478
vt 0.777086 0.591932
vt 0.752170 0.614203
vt 0.773437 0.605478
vt 0.755647 0.600843
vt 0.752170 0.614203
vt 0.768319 0.618453
vt 0.773437 0.605478
vt 0.736720 0.608672
vt 0.752170 0.614203
vt 0.755647 0.600843
vt 0.747872 0.627244
vt 0.768319 0.618453
vt 0.752170 0.614203
vt 0.735332 0.622491
vt 0.752170 0.614203
vt 0.736720 0.608672
vt 0.735332 0.622491
vt 0.747872 0.627244
vt 0.752170 0.614203
vt 0.742925 0.640046
vt 0.747872 0.627244
vt 0.735332 0.622491
vt 0.753489 0.640978
vt 0.747872 0.627244
vt 0.742925 0.640046
vt 0.738424 0.653282
vt 0.753489 0.640978
vt 0.742925 0.640046
vt 0.733801 0.635846
vt 0.738424 0.653282
vt 0.742925 0.640046
vt 0.742925 0.640046
vt 0.735332 0.622491
vt 0.733801 0.635846
vt 0.753489 0.640978
vt 0.761727 0.630194
vt 0.747872 0.627244
vt 0.747872 0.627244
vt 0.761727 0.630194
vt 0.768319 0.618453
vt 0.733801 0.635846
vt 0.735332 0.622491
vt 0.723950 0.614663
vt 0.723950 0.614663
vt 0.735332 0.622491
vt 0.736720 0.608672
vt 0.723950 0.614663
vt 0.736720 0.608672
vt 0.722722 0.600462
vt 0.733801 0.635846
vt 0.736599 0.652687
vt 0.738424 0.653282
vt 0.726015 0.628765
vt 0.736599 0.652687
vt 0.733801 0.635846
vt 0.726015 0.628765
vt 0.730022 0.642404
vt 0.736599 0.652687
vt 0.733801 0.635846
vt 0.723950 0.614663
vt 0.726015 0.628765
vt 0.856486 0.588485
vt 0.852247 0.575293
vt 0.842618 0.583574
vt 0.856486 0.588485
vt 0.842618 0.583574
vt 0.848661 0.595729
vt 0.848661 0.595729
vt 0.842618 0.583574
vt 0.832008 0.590296
vt 0.848661 0.595729
vt 0.832008 0.590296
vt 0.839794 0.601289
vt 0.839794 0.601289
vt 0.832008 0.590296
vt 0.820632 0.595481
vt 0.839794 0.601289
vt 0.820632 0.595481
vt 0.830094 0.605177
vt 0.790820 0.506142
vt 0.794887 0.503785
vt 0.787191 0.492162
vt 0.789422 0.490834
vt 0.787191 0.492162
vt 0.794887 0.503785
vt 0.790820 0.506142
vt 0.787191 0.492162
vt 0.785045 0.492604
vt 0.785334 0.506556
vt 0.790820 0.506142
vt 0.785045 0.492604
vt 0.810404 0.448022
vt 0.790465 0.452835
vt 0.804126 0.461609
vt 0.810404 0.448022
vt 0.799612 0.435913
vt 0.790465 0.452835
vt 0.785843 0.437331
vt 0.790465 0.452835
vt 0.799612 0.435913
vt 0.799612 0.435913
vt 0.810404 0.448022
vt 0.817957 0.434343
vt 0.799612 0.435913
vt 0.817957 0.434343
vt 0.805148 0.421991
vt 0.810702 0.408087
vt 0.805148 0.421991
vt 0.817957 0.434343
vt 0.810702 0.408087
vt 0.817957 0.434343
vt 0.825398 0.420520
vt 0.816312 0.394102
vt 0.810702 0.408087
vt 0.825398 0.420520
vt 0.816312 0.394102
vt 0.825398 0.420520
vt 0.832409 0.406378
vt 0.801055 0.380740
vt 0.810702 0.408087
vt 0.816312 0.394102
vt 0.832409 0.406378
vt 0.825398 0.420520
vt 0.840571 0.432230
vt 0.825398 0.420520
vt 0.831250 0.446027
vt 0.840571 0.432230
vt 0.825398 0.420520
vt 0.817957 0.434343
vt 0.831250 0.446027
vt 0.810404 0.448022
vt 0.831250 0.446027
vt 0.817957 0.434343
vt 0.832409 0.406378
vt 0.840571 0.432230
vt 0.849008 0.417822
vt 0.838816 0.391798
vt 0.832409 0.406378
vt 0.849008 0.417822
vt 0.838816 0.391798
vt 0.849008 0.417822
vt 0.856222 0.402515
vt 0.821982 0.380044
vt 0.832409 0.406378
vt 0.838816 0.391798
vt 0.821982 0.380044
vt 0.816312 0.394102
vt 0.832409 0.406378
vt 0.806031 0.367057
vt 0.816312 0.394102
vt 0.821982 0.380044
vt 0.806031 0.367057
vt 0.801055 0.380740
vt 0.816312 0.394102
vt 0.844501 0.376860
vt 0.838816 0.391798
vt 0.856222 0.402515
vt 0.844501 0.376860
vt 0.856222 0.402515
vt 0.861831 0.386354
vt 0.827814 0.366076
vt 0.838816 0.391798
vt 0.844501 0.376860
vt 0.827814 0.366076
vt 0.821982 0.380044
vt 0.838816 0.391798
vt 0.812072 0.353898
vt 0.821982 0.380044
vt 0.827814 0.366076
vt 0.812072 0.353898
vt 0.806031 0.367057
vt 0.821982 0.380044
vt 0.801055 0.380740
vt 0.797002 0.394980
vt 0.810702 0.408087
vt 0.797002 0.394980
vt 0.805148 0.421991
vt 0.810702 0.408087
vt 0.810404 0.448022
vt 0.820946 0.459061
vt 0.831250 0.446027
vt 0.820946 0.459061
vt 0.810404 0.448022
vt 0.804126 0.461609
vt 0.820946 0.459061
vt 0.804126 0.461609
vt 0.812245 0.473347
vt 0.797002 0.394980
vt 0.794035 0.409566
vt 0.805148 0.421991
vt 0.790618 0.423625
vt 0.805148 0.421991
vt 0.794035 0.409566
vt 0.790618 0.423625
vt 0.799612 0.435913
vt 0.805148 0.421991
vt 0.785843 0.437331
vt 0.799612 0.435913
vt 0.790618 0.423625
vt 0.848769 0.362061
vt 0.844501 0.376860
vt 0.861831 0.386354
vt 0.848769 0.362061
vt 0.861831 0.386354
vt 0.864810 0.369709
vt 0.833462 0.352941
vt 0.844501 0.376860
vt 0.848769 0.362061
vt 0.833462 0.352941
vt 0.827814 0.366076
vt 0.844501 0.376860
vt 0.819548 0.341688
vt 0.827814 0.366076
vt 0.833462 0.352941
vt 0.819548 0.341688
vt 0.812072 0.353898
vt 0.827814 0.366076
vt 0.852094 0.346541
vt 0.848769 0.362061
vt 0.864810 0.369709
vt 0.852094 0.346541
vt 0.864810 0.369709
vt 0.864746 0.352921
vt 0.839909 0.339105
vt 0.848769 0.362061
vt 0.852094 0.346541
vt 0.839909 0.339105
vt 0.833462 0.352941
vt 0.848769 0.362061
vt 0.828427 0.330596
vt 0.833462 0.352941
vt 0.839909 0.339105
vt 0.828427 0.330596
vt 0.819548 0.341688
vt 0.833462 0.352941
vt 0.859969 0.601889
vt 0.856486 0.588485
vt 0.848661 0.595729
vt 0.859969 0.601889
vt 0.848661 0.595729
vt 0.854282 0.608032
vt 0.854282 0.608032
vt 0.848661 0.595729
vt 0.839794 0.601289
vt 0.854282 0.608032
vt 0.839794 0.601289
vt 0.847433 0.612328
vt 0.847433 0.612328
vt 0.839794 0.601289
vt 0.830094 0.605177
vt 0.773379 0.503075
vt 0.775863 0.520995
vt 0.778697 0.505089
vt 0.773379 0.503075
vt 0.767002 0.516887
vt 0.775863 0.520995
vt 0.767132 0.502280
vt 0.767002 0.516887
vt 0.773379 0.503075
vt 0.767132 0.502280
vt 0.757328 0.511841
vt 0.767002 0.516887
vt 0.773379 0.503075
vt 0.778697 0.505089
vt 0.780871 0.492534
vt 0.773379 0.503075
vt 0.780871 0.492534
vt 0.778978 0.491844
vt 0.767132 0.502280
vt 0.773379 0.503075
vt 0.778978 0.491844
vt 0.783085 0.493864
vt 0.780871 0.492534
vt 0.778697 0.505089
vt 0.783085 0.493864
vt 0.778697 0.505089
vt 0.785334 0.506556
vt 0.785334 0.506556
vt 0.785045 0.492604
vt 0.783085 0.493864
vt 0.767132 0.502280
vt 0.778978 0.491844
vt 0.777073 0.492318
vt 0.847433 0.612328
vt 0.830094 0.605177
vt 0.839656 0.614730
vt 0.862843 0.615438
vt 0.859969 0.601889
vt 0.854282 0.608032
vt 0.776482 0.481540
vt 0.766542 0.475091
vt 0.763199 0.481921
vt 0.776482 0.481540
vt 0.763199 0.481921
vt 0.775891 0.483857
vt 0.763226 0.489131
vt 0.775891 0.483857
vt 0.763199 0.481921
vt 0.763226 0.489131
vt 0.775674 0.486315
vt 0.775891 0.483857
vt 0.763226 0.489131
vt 0.763199 0.481921
vt 0.751361 0.481061
vt 0.763226 0.489131
vt 0.751361 0.481061
vt 0.751015 0.491172
vt 0.751015 0.491172
vt 0.751361 0.481061
vt 0.738649 0.480220
vt 0.751015 0.491172
vt 0.738649 0.480220
vt 0.738400 0.493159
vt 0.738400 0.493159
vt 0.738649 0.480220
vt 0.725872 0.479556
vt 0.738400 0.493159
vt 0.725872 0.479556
vt 0.725648 0.494773
vt 0.725648 0.494773
vt 0.725872 0.479556
vt 0.713047 0.479537
vt 0.725648 0.494773
vt 0.713047 0.479537
vt 0.712860 0.496274
vt 0.712860 0.496274
vt 0.713047 0.479537
vt 0.700200 0.480202
vt 0.712860 0.496274
vt 0.700200 0.480202
vt 0.700039 0.497590
vt 0.700039 0.497590
vt 0.700200 0.480202
vt 0.687367 0.481394
vt 0.700039 0.497590
vt 0.687367 0.481394
vt 0.687173 0.498486
vt 0.700294 0.514952
vt 0.700039 0.497590
vt 0.687173 0.498486
vt 0.700294 0.514952
vt 0.687173 0.498486
vt 0.686981 0.515542
vt 0.713466 0.512997
vt 0.700039 0.497590
vt 0.700294 0.514952
vt 0.713466 0.512997
vt 0.712860 0.496274
vt 0.700039 0.497590
vt 0.726504 0.509994
vt 0.712860 0.496274
vt 0.713466 0.512997
vt 0.726504 0.509994
vt 0.725648 0.494773
vt 0.712860 0.496274
vt 0.739381 0.506158
vt 0.738400 0.493159
vt 0.725648 0.494773
vt 0.739381 0.506158
vt 0.725648 0.494773
vt 0.726504 0.509994
vt 0.687173 0.498486
vt 0.687367 0.481394
vt 0.674475 0.482979
vt 0.687173 0.498486
vt 0.674475 0.482979
vt 0.674080 0.498588
vt 0.686981 0.515542
vt 0.687173 0.498486
vt 0.674080 0.498588
vt 0.686981 0.515542
vt 0.674080 0.498588
vt 0.673678 0.514146
vt 0.700200 0.480202
vt 0.687873 0.464336
vt 0.687367 0.481394
vt 0.700200 0.480202
vt 0.701146 0.462866
vt 0.687873 0.464336
vt 0.713047 0.479537
vt 0.701146 0.462866
vt 0.700200 0.480202
vt 0.713047 0.479537
vt 0.714480 0.462890
vt 0.701146 0.462866
vt 0.725872 0.479556
vt 0.714480 0.462890
vt 0.713047 0.479537
vt 0.725872 0.479556
vt 0.727692 0.464478
vt 0.714480 0.462890
vt 0.738649 0.480220
vt 0.727692 0.464478
vt 0.725872 0.479556
vt 0.738649 0.480220
vt 0.740696 0.467443
vt 0.727692 0.464478
vt 0.751361 0.481061
vt 0.740696 0.467443
vt 0.738649 0.480220
vt 0.687367 0.481394
vt 0.687873 0.464336
vt 0.674852 0.467389
vt 0.687367 0.481394
vt 0.674852 0.467389
vt 0.674475 0.482979
vt 0.751932 0.501451
vt 0.738400 0.493159
vt 0.739381 0.506158
vt 0.751932 0.501451
vt 0.751015 0.491172
vt 0.738400 0.493159
vt 0.674080 0.498588
vt 0.674475 0.482979
vt 0.662021 0.485363
vt 0.674080 0.498588
vt 0.662021 0.485363
vt 0.661493 0.498542
vt 0.673678 0.514146
vt 0.674080 0.498588
vt 0.661493 0.498542
vt 0.673678 0.514146
vt 0.661493 0.498542
vt 0.660580 0.511659
vt 0.674475 0.482979
vt 0.662337 0.472202
vt 0.662021 0.485363
vt 0.674475 0.482979
vt 0.674852 0.467389
vt 0.662337 0.472202
vt 0.765501 0.495812
vt 0.751015 0.491172
vt 0.751932 0.501451
vt 0.765501 0.495812
vt 0.763226 0.489131
vt 0.751015 0.491172
vt 0.765501 0.495812
vt 0.775674 0.486315
vt 0.763226 0.489131
vt 0.763199 0.481921
vt 0.753646 0.471054
vt 0.751361 0.481061
vt 0.751361 0.481061
vt 0.753646 0.471054
vt 0.740696 0.467443
vt 0.763199 0.481921
vt 0.766542 0.475091
vt 0.753646 0.471054
vt 0.660580 0.511659
vt 0.661493 0.498542
vt 0.648971 0.497148
vt 0.661493 0.498542
vt 0.649592 0.487639
vt 0.648971 0.497148
vt 0.661493 0.498542
vt 0.662021 0.485363
vt 0.649592 0.487639
vt 0.662021 0.485363
vt 0.650294 0.478149
vt 0.649592 0.487639
vt 0.662021 0.485363
vt 0.662337 0.472202
vt 0.650294 0.478149
vt 0.660580 0.511659
vt 0.648971 0.497148
vt 0.648249 0.506633
vt 0.765501 0.495812
vt 0.775744 0.488746
vt 0.775674 0.486315
vt 0.638153 0.484682
vt 0.649592 0.487639
vt 0.650294 0.478149
vt 0.638153 0.484682
vt 0.637078 0.489541
vt 0.649592 0.487639
vt 0.637078 0.489541
vt 0.648971 0.497148
vt 0.649592 0.487639
vt 0.637078 0.489541
vt 0.636649 0.494744
vt 0.648971 0.497148
vt 0.636649 0.494744
vt 0.648249 0.506633
vt 0.648971 0.497148
vt 0.636649 0.494744
vt 0.636533 0.499986
vt 0.648249 0.506633
vt 0.862843 0.615438
vt 0.854282 0.608032
vt 0.859552 0.620400
vt 0.859552 0.620400
vt 0.854282 0.608032
vt 0.847433 0.612328
vt 0.862843 0.615438
vt 0.859552 0.620400
vt 0.864661 0.634156
vt 0.859552 0.620400
vt 0.862953 0.635487
vt 0.864661 0.634156
vt 0.859552 0.620400
vt 0.854956 0.623368
vt 0.862953 0.635487
vt 0.859552 0.620400
vt 0.847433 0.612328
vt 0.854956 0.623368
vt 0.854956 0.623368
vt 0.847433 0.612328
vt 0.839656 0.614730
vt 0.862953 0.635487
vt 0.854956 0.623368
vt 0.849315 0.624184
vt 0.854956 0.623368
vt 0.839656 0.614730
vt 0.849315 0.624184
vt 0.636649 0.494744
vt 0.637078 0.489541
vt 0.624294 0.489375
vt 0.624294 0.489375
vt 0.637078 0.489541
vt 0.638153 0.484682
vt 0.636649 0.494744
vt 0.624294 0.489375
vt 0.624383 0.490635
vt 0.636533 0.499986
vt 0.636649 0.494744
vt 0.624383 0.490635
vt 0.703205 0.361685
vt 0.690003 0.353409
vt 0.691510 0.368466
vt 0.703205 0.361685
vt 0.698172 0.348273
vt 0.690003 0.353409
vt 0.715154 0.355597
vt 0.698172 0.348273
vt 0.703205 0.361685
vt 0.715154 0.355597
vt 0.706711 0.344290
vt 0.698172 0.348273
vt 0.727722 0.351327
vt 0.706711 0.344290
vt 0.715154 0.355597
vt 0.727722 0.351327
vt 0.715941 0.342480
vt 0.706711 0.344290
vt 0.698172 0.348273
vt 0.689754 0.338293
vt 0.690003 0.353409
vt 0.698172 0.348273
vt 0.693951 0.334941
vt 0.689754 0.338293
vt 0.706711 0.344290
vt 0.693951 0.334941
vt 0.698172 0.348273
vt 0.689055 0.324761
vt 0.689754 0.338293
vt 0.693951 0.334941
vt 0.715941 0.342480
vt 0.698647 0.333376
vt 0.706711 0.344290
vt 0.706711 0.344290
vt 0.698647 0.333376
vt 0.693951 0.334941
vt 0.698647 0.333376
vt 0.689055 0.324761
vt 0.693951 0.334941
vt 0.715941 0.342480
vt 0.703969 0.333890
vt 0.698647 0.333376
vt 0.703969 0.333890
vt 0.690156 0.323923
vt 0.698647 0.333376
vt 0.698647 0.333376
vt 0.690156 0.323923
vt 0.689055 0.324761
vt 0.854481 0.331274
vt 0.852094 0.346541
vt 0.864746 0.352921
vt 0.854481 0.331274
vt 0.864746 0.352921
vt 0.863124 0.335916
vt 0.846118 0.326064
vt 0.852094 0.346541
vt 0.854481 0.331274
vt 0.846118 0.326064
vt 0.839909 0.339105
vt 0.852094 0.346541
vt 0.838134 0.320262
vt 0.839909 0.339105
vt 0.846118 0.326064
vt 0.838134 0.320262
vt 0.828427 0.330596
vt 0.839909 0.339105
vt 0.862843 0.615438
vt 0.864661 0.634156
vt 0.864810 0.629176
vt 0.857037 0.315992
vt 0.846118 0.326064
vt 0.854481 0.331274
vt 0.861364 0.301836
vt 0.860709 0.300624
vt 0.857037 0.315992
vt 0.860709 0.300624
vt 0.852557 0.313145
vt 0.857037 0.315992
vt 0.857037 0.315992
vt 0.852557 0.313145
vt 0.846118 0.326064
vt 0.861530 0.318813
vt 0.857037 0.315992
vt 0.854481 0.331274
vt 0.861530 0.318813
vt 0.854481 0.331274
vt 0.863124 0.335916
vt 0.861364 0.301836
vt 0.857037 0.315992
vt 0.861530 0.318813
vt 0.860709 0.300624
vt 0.859604 0.300086
vt 0.852557 0.313145
vt 0.859604 0.300086
vt 0.848111 0.310221
vt 0.852557 0.313145
vt 0.852557 0.313145
vt 0.848111 0.310221
vt 0.838134 0.320262
vt 0.852557 0.313145
vt 0.838134 0.320262
vt 0.846118 0.326064
vt 0.859604 0.300086
vt 0.858167 0.300400
vt 0.848111 0.310221
vt 0.862953 0.635487
vt 0.849315 0.624184
vt 0.859287 0.633231
vt 0.624294 0.489375
vt 0.638153 0.484682
vt 0.625809 0.488623
vt 0.636533 0.499986
vt 0.624383 0.490635
vt 0.625629 0.491796
vt 0.546066 0.495034
vt 0.548065 0.497588
vt 0.559281 0.492447
vt 0.546066 0.495034
vt 0.559281 0.492447
vt 0.555745 0.485679
vt 0.555745 0.485679
vt 0.559281 0.492447
vt 0.567759 0.483525
vt 0.543841 0.492460
vt 0.546066 0.495034
vt 0.555745 0.485679
vt 0.543841 0.492460
vt 0.555745 0.485679
vt 0.551103 0.479886
vt 0.543841 0.492460
vt 0.551103 0.479886
vt 0.544475 0.477409
vt 0.561047 0.500289
vt 0.567759 0.483525
vt 0.559281 0.492447
vt 0.548065 0.497588
vt 0.561047 0.500289
vt 0.559281 0.492447
vt 0.548065 0.497588
vt 0.549859 0.500403
vt 0.561047 0.500289
vt 0.551103 0.479886
vt 0.555745 0.485679
vt 0.561421 0.474303
vt 0.555745 0.485679
vt 0.567759 0.483525
vt 0.561421 0.474303
vt 0.559827 0.508715
vt 0.561047 0.500289
vt 0.549859 0.500403
vt 0.571714 0.517057
vt 0.561047 0.500289
vt 0.559827 0.508715
vt 0.559827 0.508715
vt 0.549859 0.500403
vt 0.548904 0.503539
vt 0.553803 0.516658
vt 0.559827 0.508715
vt 0.548904 0.503539
vt 0.561581 0.530089
vt 0.559827 0.508715
vt 0.553803 0.516658
vt 0.561581 0.530089
vt 0.571714 0.517057
vt 0.559827 0.508715
vt 0.582979 0.526650
vt 0.571714 0.517057
vt 0.561581 0.530089
vt 0.582979 0.526650
vt 0.561581 0.530089
vt 0.573878 0.540384
vt 0.573878 0.540384
vt 0.594214 0.536314
vt 0.582979 0.526650
vt 0.582979 0.526650
vt 0.594214 0.536314
vt 0.598272 0.516883
vt 0.573878 0.540384
vt 0.583991 0.550765
vt 0.594214 0.536314
vt 0.593733 0.561474
vt 0.594214 0.536314
vt 0.583991 0.550765
vt 0.593733 0.561474
vt 0.605230 0.546218
vt 0.594214 0.536314
vt 0.605230 0.546218
vt 0.598272 0.516883
vt 0.594214 0.536314
vt 0.603227 0.572369
vt 0.605230 0.546218
vt 0.593733 0.561474
vt 0.603227 0.572369
vt 0.615829 0.556589
vt 0.605230 0.546218
vt 0.605230 0.546218
vt 0.611688 0.526285
vt 0.598272 0.516883
vt 0.615829 0.556589
vt 0.611688 0.526285
vt 0.605230 0.546218
vt 0.615829 0.556589
vt 0.624381 0.536753
vt 0.611688 0.526285
vt 0.582979 0.526650
vt 0.598272 0.516883
vt 0.584255 0.508461
vt 0.584255 0.508461
vt 0.571714 0.517057
vt 0.582979 0.526650
vt 0.583418 0.576936
vt 0.593733 0.561474
vt 0.583991 0.550765
vt 0.583418 0.576936
vt 0.583991 0.550765
vt 0.575311 0.564960
vt 0.591964 0.588573
vt 0.593733 0.561474
vt 0.583418 0.576936
vt 0.591964 0.588573
vt 0.603227 0.572369
vt 0.593733 0.561474
vt 0.567272 0.552941
vt 0.575311 0.564960
vt 0.583991 0.550765
vt 0.567272 0.552941
vt 0.583991 0.550765
vt 0.573878 0.540384
vt 0.612852 0.583120
vt 0.615829 0.556589
vt 0.603227 0.572369
vt 0.612852 0.583120
vt 0.625938 0.567499
vt 0.615829 0.556589
vt 0.625938 0.567499
vt 0.624381 0.536753
vt 0.615829 0.556589
vt 0.625938 0.567499
vt 0.636189 0.548472
vt 0.624381 0.536753
vt 0.601206 0.599614
vt 0.612852 0.583120
vt 0.603227 0.572369
vt 0.601206 0.599614
vt 0.603227 0.572369
vt 0.591964 0.588573
vt 0.584255 0.508461
vt 0.571922 0.498353
vt 0.571714 0.517057
vt 0.571714 0.517057
vt 0.571922 0.498353
vt 0.561047 0.500289
vt 0.561047 0.500289
vt 0.571922 0.498353
vt 0.567759 0.483525
vt 0.622714 0.593668
vt 0.625938 0.567499
vt 0.612852 0.583120
vt 0.622714 0.593668
vt 0.635462 0.579016
vt 0.625938 0.567499
vt 0.635462 0.579016
vt 0.636189 0.548472
vt 0.625938 0.567499
vt 0.635462 0.579016
vt 0.646624 0.561646
vt 0.636189 0.548472
vt 0.611316 0.609766
vt 0.622714 0.593668
vt 0.612852 0.583120
vt 0.611316 0.609766
vt 0.612852 0.583120
vt 0.601206 0.599614
vt 0.559510 0.540706
vt 0.567272 0.552941
vt 0.573878 0.540384
vt 0.632689 0.604021
vt 0.635462 0.579016
vt 0.622714 0.593668
vt 0.632689 0.604021
vt 0.644130 0.591184
vt 0.635462 0.579016
vt 0.644130 0.591184
vt 0.646624 0.561646
vt 0.635462 0.579016
vt 0.644130 0.591184
vt 0.654986 0.576238
vt 0.646624 0.561646
vt 0.622423 0.618636
vt 0.632689 0.604021
vt 0.622714 0.593668
vt 0.622423 0.618636
vt 0.622714 0.593668
vt 0.611316 0.609766
vt 0.559510 0.540706
vt 0.573878 0.540384
vt 0.561581 0.530089
vt 0.545418 0.544901
vt 0.559510 0.540706
vt 0.561581 0.530089
vt 0.545418 0.544901
vt 0.561581 0.530089
vt 0.546787 0.534425
vt 0.546787 0.534425
vt 0.561581 0.530089
vt 0.553803 0.516658
vt 0.546787 0.534425
vt 0.553803 0.516658
vt 0.546880 0.519434
vt 0.546880 0.519434
vt 0.553803 0.516658
vt 0.548107 0.505719
vt 0.553803 0.516658
vt 0.548904 0.503539
vt 0.548107 0.505719
vt 0.546880 0.519434
vt 0.548107 0.505719
vt 0.544684 0.506804
vt 0.537907 0.519180
vt 0.546880 0.519434
vt 0.544684 0.506804
vt 0.534745 0.533200
vt 0.546880 0.519434
vt 0.537907 0.519180
vt 0.534745 0.533200
vt 0.546787 0.534425
vt 0.546880 0.519434
vt 0.545418 0.544901
vt 0.546787 0.534425
vt 0.534745 0.533200
vt 0.523796 0.529384
vt 0.534745 0.533200
vt 0.537907 0.519180
vt 0.516901 0.542492
vt 0.534745 0.533200
vt 0.523796 0.529384
vt 0.516901 0.542492
vt 0.531069 0.545322
vt 0.534745 0.533200
vt 0.545418 0.544901
vt 0.534745 0.533200
vt 0.531069 0.545322
vt 0.510568 0.555909
vt 0.531069 0.545322
vt 0.516901 0.542492
vt 0.510568 0.555909
vt 0.526387 0.559261
vt 0.531069 0.545322
vt 0.526387 0.559261
vt 0.510568 0.555909
vt 0.505050 0.569726
vt 0.526387 0.559261
vt 0.505050 0.569726
vt 0.522301 0.573332
vt 0.542229 0.559630
vt 0.531069 0.545322
vt 0.526387 0.559261
vt 0.542229 0.559630
vt 0.545418 0.544901
vt 0.531069 0.545322
vt 0.545418 0.544901
vt 0.542229 0.559630
vt 0.557488 0.556465
vt 0.545418 0.544901
vt 0.557488 0.556465
vt 0.559510 0.540706
vt 0.522301 0.573332
vt 0.505050 0.569726
vt 0.500215 0.583843
vt 0.522301 0.573332
vt 0.500215 0.583843
vt 0.518730 0.587548
vt 0.542229 0.559630
vt 0.526387 0.559261
vt 0.522301 0.573332
vt 0.542229 0.559630
vt 0.522301 0.573332
vt 0.539686 0.574387
vt 0.539686 0.574387
vt 0.522301 0.573332
vt 0.518730 0.587548
vt 0.539686 0.574387
vt 0.518730 0.587548
vt 0.537317 0.589155
vt 0.557488 0.556465
vt 0.542229 0.559630
vt 0.539686 0.574387
vt 0.557488 0.556465
vt 0.539686 0.574387
vt 0.557016 0.572338
vt 0.557016 0.572338
vt 0.539686 0.574387
vt 0.537317 0.589155
vt 0.557016 0.572338
vt 0.537317 0.589155
vt 0.556093 0.588202
vt 0.537907 0.519180
vt 0.544684 0.506804
vt 0.540704 0.507092
vt 0.518730 0.587548
vt 0.500215 0.583843
vt 0.496490 0.598366
vt 0.518730 0.587548
vt 0.496490 0.598366
vt 0.515484 0.601849
vt 0.537317 0.589155
vt 0.518730 0.587548
vt 0.515484 0.601849
vt 0.537317 0.589155
vt 0.515484 0.601849
vt 0.534589 0.603801
vt 0.556093 0.588202
vt 0.537317 0.589155
vt 0.534589 0.603801
vt 0.556093 0.588202
vt 0.534589 0.603801
vt 0.553946 0.603860
vt 0.529426 0.515623
vt 0.537907 0.519180
vt 0.540704 0.507092
vt 0.523796 0.529384
vt 0.537907 0.519180
vt 0.529426 0.515623
vt 0.515484 0.601849
vt 0.496490 0.598366
vt 0.494031 0.613164
vt 0.515484 0.601849
vt 0.494031 0.613164
vt 0.512543 0.616198
vt 0.534589 0.603801
vt 0.515484 0.601849
vt 0.512543 0.616198
vt 0.534589 0.603801
vt 0.512543 0.616198
vt 0.531027 0.618225
vt 0.553946 0.603860
vt 0.534589 0.603801
vt 0.531027 0.618225
vt 0.553946 0.603860
vt 0.531027 0.618225
vt 0.549600 0.618946
vt 0.567759 0.483525
vt 0.569472 0.465021
vt 0.561421 0.474303
vt 0.567759 0.483525
vt 0.577699 0.476425
vt 0.569472 0.465021
vt 0.581967 0.491091
vt 0.577699 0.476425
vt 0.567759 0.483525
vt 0.581967 0.491091
vt 0.567759 0.483525
vt 0.571922 0.498353
vt 0.569472 0.465021
vt 0.577699 0.476425
vt 0.588228 0.470921
vt 0.569472 0.465021
vt 0.588228 0.470921
vt 0.578700 0.457462
vt 0.589145 0.451504
vt 0.578700 0.457462
vt 0.588228 0.470921
vt 0.589145 0.451504
vt 0.588228 0.470921
vt 0.598975 0.465966
vt 0.576723 0.439881
vt 0.578700 0.457462
vt 0.589145 0.451504
vt 0.587355 0.432922
vt 0.576723 0.439881
vt 0.589145 0.451504
vt 0.587355 0.432922
vt 0.589145 0.451504
vt 0.599776 0.445993
vt 0.598445 0.426687
vt 0.587355 0.432922
vt 0.599776 0.445993
vt 0.599776 0.445993
vt 0.589145 0.451504
vt 0.598975 0.465966
vt 0.599776 0.445993
vt 0.598975 0.465966
vt 0.609724 0.461038
vt 0.577699 0.476425
vt 0.593378 0.486614
vt 0.588228 0.470921
vt 0.577699 0.476425
vt 0.581967 0.491091
vt 0.593378 0.486614
vt 0.576723 0.439881
vt 0.566734 0.447722
vt 0.578700 0.457462
vt 0.598445 0.426687
vt 0.599776 0.445993
vt 0.610308 0.440503
vt 0.598975 0.465966
vt 0.588228 0.470921
vt 0.593378 0.486614
vt 0.598975 0.465966
vt 0.593378 0.486614
vt 0.605012 0.482364
vt 0.609724 0.461038
vt 0.598975 0.465966
vt 0.605012 0.482364
vt 0.609724 0.461038
vt 0.605012 0.482364
vt 0.616578 0.477760
vt 0.610308 0.440503
vt 0.599776 0.445993
vt 0.609724 0.461038
vt 0.610308 0.440503
vt 0.609724 0.461038
vt 0.620230 0.455594
vt 0.620230 0.455594
vt 0.609724 0.461038
vt 0.616578 0.477760
vt 0.620230 0.455594
vt 0.616578 0.477760
vt 0.627637 0.471958
vt 0.610125 0.421928
vt 0.598445 0.426687
vt 0.610308 0.440503
vt 0.610125 0.421928
vt 0.610308 0.440503
vt 0.620977 0.435359
vt 0.620977 0.435359
vt 0.610308 0.440503
vt 0.620230 0.455594
vt 0.620977 0.435359
vt 0.620230 0.455594
vt 0.630492 0.449629
vt 0.630492 0.449629
vt 0.620230 0.455594
vt 0.627637 0.471958
vt 0.630492 0.449629
vt 0.627637 0.471958
vt 0.638053 0.464893
vt 0.631879 0.430683
vt 0.620977 0.435359
vt 0.630492 0.449629
vt 0.631879 0.430683
vt 0.630492 0.449629
vt 0.640513 0.443182
vt 0.640513 0.443182
vt 0.630492 0.449629
vt 0.638053 0.464893
vt 0.640513 0.443182
vt 0.638053 0.464893
vt 0.647681 0.456649
vt 0.622284 0.418868
vt 0.620977 0.435359
vt 0.631879 0.430683
vt 0.622284 0.418868
vt 0.610125 0.421928
vt 0.620977 0.435359
vt 0.642773 0.426038
vt 0.631879 0.430683
vt 0.640513 0.443182
vt 0.642773 0.426038
vt 0.640513 0.443182
vt 0.650054 0.436039
vt 0.650054 0.436039
vt 0.640513 0.443182
vt 0.647681 0.456649
vt 0.650054 0.436039
vt 0.647681 0.456649
vt 0.656008 0.446996
vt 0.634633 0.416651
vt 0.631879 0.430683
vt 0.642773 0.426038
vt 0.634633 0.416651
vt 0.622284 0.418868
vt 0.631879 0.430683
vt 0.557029 0.455987
vt 0.578700 0.457462
vt 0.566734 0.447722
vt 0.557029 0.455987
vt 0.569472 0.465021
vt 0.578700 0.457462
vt 0.561421 0.474303
vt 0.569472 0.465021
vt 0.557029 0.455987
vt 0.551103 0.479886
vt 0.561421 0.474303
vt 0.553604 0.468590
vt 0.561421 0.474303
vt 0.557029 0.455987
vt 0.553604 0.468590
vt 0.553604 0.468590
vt 0.544475 0.477409
vt 0.551103 0.479886
vt 0.545642 0.453753
vt 0.553604 0.468590
vt 0.557029 0.455987
vt 0.560060 0.442236
vt 0.545642 0.453753
vt 0.557029 0.455987
vt 0.560060 0.442236
vt 0.546892 0.439771
vt 0.545642 0.453753
vt 0.546892 0.439771
vt 0.533719 0.453112
vt 0.545642 0.453753
vt 0.546892 0.439771
vt 0.533326 0.439043
vt 0.533719 0.453112
vt 0.533326 0.439043
vt 0.521708 0.454186
vt 0.533719 0.453112
vt 0.533326 0.439043
vt 0.519919 0.440061
vt 0.521708 0.454186
vt 0.533805 0.425077
vt 0.519919 0.440061
vt 0.533326 0.439043
vt 0.533805 0.425077
vt 0.519376 0.426031
vt 0.519919 0.440061
vt 0.548344 0.425891
vt 0.533326 0.439043
vt 0.546892 0.439771
vt 0.548344 0.425891
vt 0.533805 0.425077
vt 0.533326 0.439043
vt 0.535009 0.411183
vt 0.519376 0.426031
vt 0.533805 0.425077
vt 0.535009 0.411183
vt 0.520425 0.412092
vt 0.519376 0.426031
vt 0.549668 0.412017
vt 0.533805 0.425077
vt 0.548344 0.425891
vt 0.549668 0.412017
vt 0.535009 0.411183
vt 0.533805 0.425077
vt 0.562520 0.428478
vt 0.548344 0.425891
vt 0.546892 0.439771
vt 0.562520 0.428478
vt 0.546892 0.439771
vt 0.560060 0.442236
vt 0.564010 0.414675
vt 0.549668 0.412017
vt 0.548344 0.425891
vt 0.564010 0.414675
vt 0.548344 0.425891
vt 0.562520 0.428478
vt 0.536884 0.397248
vt 0.520425 0.412092
vt 0.535009 0.411183
vt 0.550636 0.398041
vt 0.535009 0.411183
vt 0.549668 0.412017
vt 0.550636 0.398041
vt 0.536884 0.397248
vt 0.535009 0.411183
vt 0.536884 0.397248
vt 0.523185 0.398313
vt 0.520425 0.412092
vt 0.564048 0.400659
vt 0.550636 0.398041
vt 0.549668 0.412017
vt 0.564048 0.400659
vt 0.549668 0.412017
vt 0.564010 0.414675
vt 0.526009 0.467680
vt 0.533719 0.453112
vt 0.521708 0.454186
vt 0.521708 0.454186
vt 0.519071 0.474566
vt 0.526009 0.467680
vt 0.526009 0.467680
vt 0.519071 0.474566
vt 0.527406 0.484917
vt 0.551157 0.384083
vt 0.536884 0.397248
vt 0.550636 0.398041
vt 0.551157 0.384083
vt 0.538998 0.383423
vt 0.536884 0.397248
vt 0.538998 0.383423
vt 0.523185 0.398313
vt 0.536884 0.397248
vt 0.538998 0.383423
vt 0.526926 0.384648
vt 0.523185 0.398313
vt 0.562986 0.386645
vt 0.551157 0.384083
vt 0.550636 0.398041
vt 0.562986 0.386645
vt 0.550636 0.398041
vt 0.564048 0.400659
vt 0.526009 0.467680
vt 0.535076 0.465952
vt 0.533719 0.453112
vt 0.535076 0.465952
vt 0.545642 0.453753
vt 0.533719 0.453112
vt 0.535076 0.465952
vt 0.544151 0.466156
vt 0.545642 0.453753
vt 0.545642 0.453753
vt 0.544151 0.466156
vt 0.553604 0.468590
vt 0.553604 0.468590
vt 0.544151 0.466156
vt 0.544475 0.477409
vt 0.537766 0.477679
vt 0.544475 0.477409
vt 0.544151 0.466156
vt 0.537766 0.477679
vt 0.544151 0.466156
vt 0.535076 0.465952
vt 0.537766 0.477679
vt 0.541769 0.492917
vt 0.544475 0.477409
vt 0.543841 0.492460
vt 0.544475 0.477409
vt 0.541769 0.492917
vt 0.531426 0.480486
vt 0.535076 0.465952
vt 0.526009 0.467680
vt 0.526009 0.467680
vt 0.527406 0.484917
vt 0.531426 0.480486
vt 0.531426 0.480486
vt 0.537766 0.477679
vt 0.535076 0.465952
vt 0.531426 0.480486
vt 0.539638 0.493219
vt 0.537766 0.477679
vt 0.537766 0.477679
vt 0.539638 0.493219
vt 0.541769 0.492917
vt 0.653403 0.420874
vt 0.642773 0.426038
vt 0.650054 0.436039
vt 0.653403 0.420874
vt 0.650054 0.436039
vt 0.658919 0.428042
vt 0.658919 0.428042
vt 0.650054 0.436039
vt 0.656008 0.446996
vt 0.521708 0.454186
vt 0.511566 0.463350
vt 0.519071 0.474566
vt 0.511566 0.463350
vt 0.521708 0.454186
vt 0.514046 0.442778
vt 0.511566 0.463350
vt 0.514046 0.442778
vt 0.502224 0.453665
vt 0.493166 0.443624
vt 0.502224 0.453665
vt 0.514046 0.442778
vt 0.480984 0.456526
vt 0.502224 0.453665
vt 0.493166 0.443624
vt 0.480984 0.456526
vt 0.491338 0.465246
vt 0.502224 0.453665
vt 0.470502 0.471079
vt 0.491338 0.465246
vt 0.480984 0.456526
vt 0.459908 0.462422
vt 0.470502 0.471079
vt 0.480984 0.456526
vt 0.459908 0.462422
vt 0.480984 0.456526
vt 0.471373 0.446865
vt 0.471373 0.446865
vt 0.480984 0.456526
vt 0.493166 0.443624
vt 0.493166 0.443624
vt 0.514046 0.442778
vt 0.506208 0.431470
vt 0.484531 0.433105
vt 0.493166 0.443624
vt 0.506208 0.431470
vt 0.471373 0.446865
vt 0.493166 0.443624
vt 0.484531 0.433105
vt 0.484531 0.433105
vt 0.506208 0.431470
vt 0.498426 0.420105
vt 0.451055 0.451786
vt 0.459908 0.462422
vt 0.471373 0.446865
vt 0.451055 0.451786
vt 0.471373 0.446865
vt 0.462759 0.436170
vt 0.462759 0.436170
vt 0.471373 0.446865
vt 0.484531 0.433105
vt 0.470502 0.471079
vt 0.482135 0.478106
vt 0.491338 0.465246
vt 0.493953 0.484790
vt 0.491338 0.465246
vt 0.482135 0.478106
vt 0.493953 0.484790
vt 0.502163 0.473241
vt 0.491338 0.465246
vt 0.502163 0.473241
vt 0.502224 0.453665
vt 0.491338 0.465246
vt 0.502163 0.473241
vt 0.511566 0.463350
vt 0.502224 0.453665
vt 0.443569 0.439962
vt 0.451055 0.451786
vt 0.462759 0.436170
vt 0.462759 0.436170
vt 0.484531 0.433105
vt 0.476324 0.422176
vt 0.476324 0.422176
vt 0.484531 0.433105
vt 0.498426 0.420105
vt 0.476324 0.422176
vt 0.498426 0.420105
vt 0.490618 0.408777
vt 0.443569 0.439962
vt 0.462759 0.436170
vt 0.454957 0.424731
vt 0.454957 0.424731
vt 0.462759 0.436170
vt 0.476324 0.422176
vt 0.506628 0.489201
vt 0.502163 0.473241
vt 0.493953 0.484790
vt 0.437684 0.427139
vt 0.443569 0.439962
vt 0.454957 0.424731
vt 0.468131 0.411220
vt 0.476324 0.422176
vt 0.490618 0.408777
vt 0.454957 0.424731
vt 0.476324 0.422176
vt 0.468131 0.411220
vt 0.437684 0.427139
vt 0.454957 0.424731
vt 0.447589 0.412989
vt 0.447589 0.412989
vt 0.454957 0.424731
vt 0.468131 0.411220
vt 0.468131 0.411220
vt 0.490618 0.408777
vt 0.482002 0.398101
vt 0.433521 0.413597
vt 0.437684 0.427139
vt 0.447589 0.412989
vt 0.433521 0.413597
vt 0.447589 0.412989
vt 0.440484 0.401336
vt 0.434951 0.390942
vt 0.433521 0.413597
vt 0.440484 0.401336
vt 0.441149 0.383175
vt 0.434951 0.390942
vt 0.440484 0.401336
vt 0.434951 0.390942
vt 0.441149 0.383175
vt 0.430914 0.372574
vt 0.434951 0.390942
vt 0.430914 0.372574
vt 0.429259 0.373530
vt 0.441149 0.383175
vt 0.440484 0.401336
vt 0.450051 0.391207
vt 0.459428 0.400742
vt 0.468131 0.411220
vt 0.482002 0.398101
vt 0.447589 0.412989
vt 0.468131 0.411220
vt 0.459428 0.400742
vt 0.440484 0.401336
vt 0.447589 0.412989
vt 0.459428 0.400742
vt 0.440484 0.401336
vt 0.459428 0.400742
vt 0.450051 0.391207
vt 0.450051 0.391207
vt 0.459428 0.400742
vt 0.471927 0.388959
vt 0.459428 0.400742
vt 0.482002 0.398101
vt 0.471927 0.388959
vt 0.430422 0.399738
vt 0.434951 0.390942
vt 0.429259 0.373530
vt 0.434951 0.390942
vt 0.430422 0.399738
vt 0.433521 0.413597
vt 0.430422 0.399738
vt 0.429259 0.373530
vt 0.427649 0.385792
vt 0.512544 0.481598
vt 0.519071 0.474566
vt 0.511566 0.463350
vt 0.512544 0.481598
vt 0.511566 0.463350
vt 0.502163 0.473241
vt 0.506628 0.489201
vt 0.512544 0.481598
vt 0.502163 0.473241
vt 0.531027 0.618225
vt 0.512543 0.616198
vt 0.510269 0.630575
vt 0.531027 0.618225
vt 0.510269 0.630575
vt 0.526817 0.632420
vt 0.549600 0.618946
vt 0.531027 0.618225
vt 0.526817 0.632420
vt 0.549600 0.618946
vt 0.526817 0.632420
vt 0.543366 0.633384
vt 0.512543 0.616198
vt 0.493737 0.628161
vt 0.510269 0.630575
vt 0.512543 0.616198
vt 0.494031 0.613164
vt 0.493737 0.628161
vt 0.523282 0.489306
vt 0.527406 0.484917
vt 0.519071 0.474566
vt 0.523282 0.489306
vt 0.519071 0.474566
vt 0.512544 0.481598
vt 0.519271 0.493644
vt 0.523282 0.489306
vt 0.512544 0.481598
vt 0.519271 0.493644
vt 0.512544 0.481598
vt 0.506628 0.489201
vt 0.519271 0.493644
vt 0.534341 0.496985
vt 0.523282 0.489306
vt 0.523282 0.489306
vt 0.534341 0.496985
vt 0.536053 0.495561
vt 0.523282 0.489306
vt 0.536053 0.495561
vt 0.527406 0.484917
vt 0.519271 0.493644
vt 0.532196 0.497484
vt 0.534341 0.496985
vt 0.537324 0.493372
vt 0.527406 0.484917
vt 0.536053 0.495561
vt 0.537324 0.493372
vt 0.531426 0.480486
vt 0.527406 0.484917
vt 0.531426 0.480486
vt 0.537324 0.493372
vt 0.539638 0.493219
vt 0.658919 0.428042
vt 0.656008 0.446996
vt 0.662992 0.436201
vt 0.430914 0.372574
vt 0.441149 0.383175
vt 0.448540 0.376496
vt 0.448540 0.376496
vt 0.441149 0.383175
vt 0.450051 0.391207
vt 0.448540 0.376496
vt 0.450051 0.391207
vt 0.460529 0.382077
vt 0.450051 0.391207
vt 0.471927 0.388959
vt 0.460529 0.382077
vt 0.646998 0.414655
vt 0.642773 0.426038
vt 0.653403 0.420874
vt 0.646998 0.414655
vt 0.634633 0.416651
vt 0.642773 0.426038
vt 0.551282 0.370126
vt 0.538998 0.383423
vt 0.551157 0.384083
vt 0.551282 0.370126
vt 0.541042 0.369632
vt 0.538998 0.383423
vt 0.541042 0.369632
vt 0.526926 0.384648
vt 0.538998 0.383423
vt 0.541042 0.369632
vt 0.531008 0.371204
vt 0.526926 0.384648
vt 0.561104 0.372766
vt 0.551282 0.370126
vt 0.551157 0.384083
vt 0.561104 0.372766
vt 0.551157 0.384083
vt 0.562986 0.386645
vt 0.543366 0.633384
vt 0.526817 0.632420
vt 0.522492 0.646383
vt 0.543366 0.633384
vt 0.522492 0.646383
vt 0.536071 0.647243
vt 0.526817 0.632420
vt 0.509010 0.644902
vt 0.522492 0.646383
vt 0.526817 0.632420
vt 0.510269 0.630575
vt 0.509010 0.644902
vt 0.510269 0.630575
vt 0.495547 0.643040
vt 0.509010 0.644902
vt 0.510269 0.630575
vt 0.493737 0.628161
vt 0.495547 0.643040
vt 0.566608 0.447407
vt 0.557029 0.455987
vt 0.566734 0.447722
vt 0.576205 0.439047
vt 0.566608 0.447407
vt 0.566734 0.447722
vt 0.576205 0.439047
vt 0.566734 0.447722
vt 0.576723 0.439881
vt 0.642696 0.614141
vt 0.644130 0.591184
vt 0.632689 0.604021
vt 0.642696 0.614141
vt 0.651905 0.603884
vt 0.644130 0.591184
vt 0.651905 0.603884
vt 0.654986 0.576238
vt 0.644130 0.591184
vt 0.651905 0.603884
vt 0.660977 0.592040
vt 0.654986 0.576238
vt 0.634482 0.625933
vt 0.642696 0.614141
vt 0.632689 0.604021
vt 0.634482 0.625933
vt 0.632689 0.604021
vt 0.622423 0.618636
vt 0.663797 0.415104
vt 0.653403 0.420874
vt 0.658919 0.428042
vt 0.663797 0.415104
vt 0.658919 0.428042
vt 0.667263 0.419330
vt 0.667263 0.419330
vt 0.658919 0.428042
vt 0.662992 0.436201
vt 0.667263 0.419330
vt 0.662992 0.436201
vt 0.669135 0.424741
vt 0.550947 0.356291
vt 0.541042 0.369632
vt 0.551282 0.370126
vt 0.550947 0.356291
vt 0.542972 0.355902
vt 0.541042 0.369632
vt 0.542972 0.355902
vt 0.531008 0.371204
vt 0.541042 0.369632
vt 0.542972 0.355902
vt 0.535197 0.357772
vt 0.531008 0.371204
vt 0.558456 0.359048
vt 0.550947 0.356291
vt 0.551282 0.370126
vt 0.558456 0.359048
vt 0.551282 0.370126
vt 0.561104 0.372766
vt 0.550231 0.342657
vt 0.542972 0.355902
vt 0.550947 0.356291
vt 0.550231 0.342657
vt 0.544834 0.342333
vt 0.542972 0.355902
vt 0.544834 0.342333
vt 0.535197 0.357772
vt 0.542972 0.355902
vt 0.529426 0.515623
vt 0.540704 0.507092
vt 0.536250 0.506378
vt 0.536250 0.506378
vt 0.524541 0.510394
vt 0.529426 0.515623
vt 0.536250 0.506378
vt 0.534939 0.504379
vt 0.524541 0.510394
vt 0.524541 0.510394
vt 0.518060 0.523509
vt 0.529426 0.515623
vt 0.524541 0.510394
vt 0.512464 0.515606
vt 0.518060 0.523509
vt 0.512464 0.515606
vt 0.507110 0.532102
vt 0.518060 0.523509
vt 0.521812 0.503853
vt 0.512464 0.515606
vt 0.524541 0.510394
vt 0.521812 0.503853
vt 0.524541 0.510394
vt 0.534939 0.504379
vt 0.512464 0.515606
vt 0.500704 0.521423
vt 0.507110 0.532102
vt 0.500704 0.521423
vt 0.495953 0.540123
vt 0.507110 0.532102
vt 0.500704 0.521423
vt 0.489401 0.526841
vt 0.495953 0.540123
vt 0.489401 0.526841
vt 0.483967 0.546493
vt 0.495953 0.540123
vt 0.489401 0.526841
vt 0.477164 0.531699
vt 0.483967 0.546493
vt 0.484256 0.512938
vt 0.477164 0.531699
vt 0.489401 0.526841
vt 0.496418 0.509716
vt 0.484256 0.512938
vt 0.489401 0.526841
vt 0.496418 0.509716
vt 0.489401 0.526841
vt 0.500704 0.521423
vt 0.484256 0.512938
vt 0.471538 0.516407
vt 0.477164 0.531699
vt 0.471538 0.516407
vt 0.464383 0.536141
vt 0.477164 0.531699
vt 0.471538 0.516407
vt 0.458620 0.520237
vt 0.464383 0.536141
vt 0.467007 0.500679
vt 0.458620 0.520237
vt 0.471538 0.516407
vt 0.467007 0.500679
vt 0.453799 0.503914
vt 0.458620 0.520237
vt 0.480444 0.498514
vt 0.467007 0.500679
vt 0.471538 0.516407
vt 0.480444 0.498514
vt 0.471538 0.516407
vt 0.484256 0.512938
vt 0.493971 0.497139
vt 0.484256 0.512938
vt 0.496418 0.509716
vt 0.493971 0.497139
vt 0.480444 0.498514
vt 0.484256 0.512938
vt 0.453799 0.503914
vt 0.446204 0.524441
vt 0.458620 0.520237
vt 0.458620 0.520237
vt 0.451952 0.540127
vt 0.464383 0.536141
vt 0.458620 0.520237
vt 0.446204 0.524441
vt 0.451952 0.540127
vt 0.453799 0.503914
vt 0.440920 0.508413
vt 0.446204 0.524441
vt 0.464383 0.536141
vt 0.451952 0.540127
vt 0.458447 0.555524
vt 0.464383 0.536141
vt 0.458447 0.555524
vt 0.471373 0.551533
vt 0.477164 0.531699
vt 0.464383 0.536141
vt 0.471373 0.551533
vt 0.477164 0.531699
vt 0.471373 0.551533
vt 0.483967 0.546493
vt 0.446204 0.524441
vt 0.439304 0.543392
vt 0.451952 0.540127
vt 0.451952 0.540127
vt 0.445118 0.557601
vt 0.458447 0.555524
vt 0.451952 0.540127
vt 0.439304 0.543392
vt 0.445118 0.557601
vt 0.446204 0.524441
vt 0.433864 0.529065
vt 0.439304 0.543392
vt 0.440920 0.508413
vt 0.433864 0.529065
vt 0.446204 0.524441
vt 0.440920 0.508413
vt 0.428656 0.514800
vt 0.433864 0.529065
vt 0.507552 0.496895
vt 0.493971 0.497139
vt 0.496418 0.509716
vt 0.507552 0.496895
vt 0.496418 0.509716
vt 0.509043 0.506546
vt 0.509043 0.506546
vt 0.496418 0.509716
vt 0.500704 0.521423
vt 0.521812 0.503853
vt 0.509043 0.506546
vt 0.512464 0.515606
vt 0.509043 0.506546
vt 0.500704 0.521423
vt 0.512464 0.515606
vt 0.521154 0.496545
vt 0.507552 0.496895
vt 0.509043 0.506546
vt 0.521154 0.496545
vt 0.509043 0.506546
vt 0.521812 0.503853
vt 0.428656 0.514800
vt 0.421861 0.534341
vt 0.433864 0.529065
vt 0.428656 0.514800
vt 0.417088 0.522416
vt 0.421861 0.534341
vt 0.433864 0.529065
vt 0.421861 0.534341
vt 0.426667 0.546267
vt 0.433864 0.529065
vt 0.426667 0.546267
vt 0.439304 0.543392
vt 0.439304 0.543392
vt 0.426667 0.546267
vt 0.431667 0.558166
vt 0.439304 0.543392
vt 0.431667 0.558166
vt 0.445118 0.557601
vt 0.521154 0.496545
vt 0.521812 0.503853
vt 0.534016 0.502207
vt 0.521812 0.503853
vt 0.534939 0.504379
vt 0.534016 0.502207
vt 0.521154 0.496545
vt 0.534016 0.502207
vt 0.532816 0.500056
vt 0.417088 0.522416
vt 0.410481 0.540404
vt 0.421861 0.534341
vt 0.417088 0.522416
vt 0.406723 0.531594
vt 0.410481 0.540404
vt 0.421861 0.534341
vt 0.410481 0.540404
vt 0.414176 0.548916
vt 0.421861 0.534341
vt 0.414176 0.548916
vt 0.426667 0.546267
vt 0.426667 0.546267
vt 0.414176 0.548916
vt 0.418196 0.557319
vt 0.426667 0.546267
vt 0.418196 0.557319
vt 0.431667 0.558166
vt 0.659316 0.412369
vt 0.646998 0.414655
vt 0.653403 0.420874
vt 0.659316 0.412369
vt 0.653403 0.420874
vt 0.663797 0.415104
vt 0.544834 0.342333
vt 0.539602 0.344466
vt 0.535197 0.357772
vt 0.399681 0.547402
vt 0.410481 0.540404
vt 0.406723 0.531594
vt 0.401735 0.551969
vt 0.410481 0.540404
vt 0.399681 0.547402
vt 0.401735 0.551969
vt 0.414176 0.548916
vt 0.410481 0.540404
vt 0.399681 0.547402
vt 0.406723 0.531594
vt 0.397893 0.542583
vt 0.555140 0.345476
vt 0.550947 0.356291
vt 0.558456 0.359048
vt 0.555140 0.345476
vt 0.550231 0.342657
vt 0.550947 0.356291
vt 0.550231 0.342657
vt 0.546718 0.327720
vt 0.544834 0.342333
vt 0.550231 0.342657
vt 0.548604 0.328074
vt 0.546718 0.327720
vt 0.546718 0.327720
vt 0.539602 0.344466
vt 0.544834 0.342333
vt 0.555140 0.345476
vt 0.548604 0.328074
vt 0.550231 0.342657
vt 0.522492 0.646383
vt 0.509010 0.644902
vt 0.508689 0.659132
vt 0.522492 0.646383
vt 0.508689 0.659132
vt 0.518333 0.660170
vt 0.536071 0.647243
vt 0.522492 0.646383
vt 0.518333 0.660170
vt 0.536071 0.647243
vt 0.518333 0.660170
vt 0.528210 0.660646
vt 0.509010 0.644902
vt 0.498869 0.657670
vt 0.508689 0.659132
vt 0.509010 0.644902
vt 0.495547 0.643040
vt 0.498869 0.657670
vt 0.404247 0.556346
vt 0.414176 0.548916
vt 0.401735 0.551969
vt 0.404247 0.556346
vt 0.418196 0.557319
vt 0.414176 0.548916
vt 0.671431 0.408792
vt 0.659316 0.412369
vt 0.663797 0.415104
vt 0.667263 0.419330
vt 0.673920 0.408557
vt 0.663797 0.415104
vt 0.671431 0.408792
vt 0.663797 0.415104
vt 0.673920 0.408557
vt 0.667263 0.419330
vt 0.675141 0.409960
vt 0.673920 0.408557
vt 0.674215 0.412654
vt 0.675141 0.409960
vt 0.667263 0.419330
vt 0.674215 0.412654
vt 0.667263 0.419330
vt 0.669135 0.424741
vt 0.652875 0.624123
vt 0.651905 0.603884
vt 0.642696 0.614141
vt 0.652875 0.624123
vt 0.659318 0.616910
vt 0.651905 0.603884
vt 0.659318 0.616910
vt 0.660977 0.592040
vt 0.651905 0.603884
vt 0.647047 0.632290
vt 0.652875 0.624123
vt 0.642696 0.614141
vt 0.647047 0.632290
vt 0.642696 0.614141
vt 0.634482 0.625933
vt 0.659318 0.616910
vt 0.665300 0.608631
vt 0.660977 0.592040
vt 0.518333 0.660170
vt 0.508689 0.659132
vt 0.508980 0.673483
vt 0.518333 0.660170
vt 0.508980 0.673483
vt 0.514358 0.674309
vt 0.528210 0.660646
vt 0.518333 0.660170
vt 0.514358 0.674309
vt 0.555140 0.345476
vt 0.550855 0.332305
vt 0.548604 0.328074
vt 0.399681 0.547402
vt 0.389655 0.557248
vt 0.401735 0.551969
vt 0.389655 0.557248
vt 0.404247 0.556346
vt 0.401735 0.551969
vt 0.399681 0.547402
vt 0.389427 0.556199
vt 0.389655 0.557248
vt 0.397893 0.542583
vt 0.389427 0.556199
vt 0.399681 0.547402
vt 0.508689 0.659132
vt 0.503649 0.671889
vt 0.508980 0.673483
vt 0.508689 0.659132
vt 0.498869 0.657670
vt 0.503649 0.671889
vt 0.666907 0.630105
vt 0.659318 0.616910
vt 0.652875 0.624123
vt 0.666907 0.630105
vt 0.652875 0.624123
vt 0.663400 0.634097
vt 0.663400 0.634097
vt 0.652875 0.624123
vt 0.647047 0.632290
vt 0.663400 0.634097
vt 0.647047 0.632290
vt 0.659882 0.638327
vt 0.528210 0.660646
vt 0.514358 0.674309
vt 0.519662 0.673641
vt 0.514358 0.674309
vt 0.508980 0.673483
vt 0.509196 0.688473
vt 0.509196 0.688473
vt 0.508980 0.673483
vt 0.503649 0.671889
vt 0.514358 0.674309
vt 0.509196 0.688473
vt 0.510146 0.688687
vt 0.519662 0.673641
vt 0.514358 0.674309
vt 0.510146 0.688687
vt 0.669891 0.625308
vt 0.665300 0.608631
vt 0.659318 0.616910
vt 0.669891 0.625308
vt 0.659318 0.616910
vt 0.666907 0.630105
vt 0.674985 0.643106
vt 0.666907 0.630105
vt 0.663400 0.634097
vt 0.674985 0.643106
vt 0.663400 0.634097
vt 0.674214 0.643874
vt 0.674214 0.643874
vt 0.663400 0.634097
vt 0.659882 0.638327
vt 0.674214 0.643874
vt 0.659882 0.638327
vt 0.672893 0.643936
vt 0.675141 0.641781
vt 0.666907 0.630105
vt 0.674985 0.643106
vt 0.675141 0.641781
vt 0.669891 0.625308
vt 0.666907 0.630105
vt 0.546718 0.327720
vt 0.544500 0.331432
vt 0.539602 0.344466
vt 0.638260 0.465323
vt 0.647681 0.456649
vt 0.638053 0.464893
vt 0.627958 0.472537
vt 0.638260 0.465323
vt 0.638053 0.464893
vt 0.627958 0.472537
vt 0.638053 0.464893
vt 0.627637 0.471958
vt 0.617619 0.479664
vt 0.627958 0.472537
vt 0.627637 0.471958
vt 0.585874 0.430879
vt 0.576205 0.439047
vt 0.576723 0.439881
vt 0.658999 0.450838
vt 0.665456 0.437392
vt 0.665456 0.452073
vt 0.430589 0.492660
vt 0.417163 0.487478
vt 0.413640 0.492660
vt 0.423325 0.599404
vt 0.426018 0.614046
vt 0.425343 0.599407
vt 0.423980 0.584748
vt 0.423325 0.599404
vt 0.425343 0.599407
vt 0.423325 0.599404
vt 0.424805 0.614251
vt 0.426018 0.614046
vt 0.423980 0.584748
vt 0.425343 0.599407
vt 0.426027 0.584818
vt 0.426554 0.570380
vt 0.423980 0.584748
vt 0.426027 0.584818
vt 0.424805 0.614251
vt 0.426554 0.616149
vt 0.426018 0.614046
vt 0.424805 0.614251
vt 0.425107 0.616109
vt 0.426554 0.616149
vt 0.401533 0.494793
vt 0.415254 0.493523
vt 0.415254 0.496978
vt 0.780985 0.029965
vt 0.768538 0.028066
vt 0.782517 0.028435
vt 0.780985 0.029965
vt 0.766785 0.029513
vt 0.768538 0.028066
vt 0.795141 0.031033
vt 0.780985 0.029965
vt 0.782517 0.028435
vt 0.795141 0.031033
vt 0.782517 0.028435
vt 0.796479 0.029493
vt 0.809268 0.032312
vt 0.795141 0.031033
vt 0.796479 0.029493
vt 0.766785 0.029513
vt 0.754548 0.028478
vt 0.768538 0.028066
vt 0.766785 0.029513
vt 0.752580 0.030002
vt 0.754548 0.028478
vt 0.809268 0.032312
vt 0.796479 0.029493
vt 0.810457 0.030524
vt 0.752580 0.030002
vt 0.740604 0.030353
vt 0.754548 0.028478
vt 0.752580 0.030002
vt 0.738458 0.032100
vt 0.740604 0.030353
vt 0.823846 0.033247
vt 0.809268 0.032312
vt 0.810457 0.030524
vt 0.823846 0.033247
vt 0.810457 0.030524
vt 0.824455 0.030089
vt 0.738458 0.032100
vt 0.726796 0.033247
vt 0.740604 0.030353
vt 0.921159 0.487185
vt 0.921354 0.473129
vt 0.919693 0.473387
vt 0.921354 0.473129
vt 0.921721 0.459417
vt 0.919693 0.473387
vt 0.921354 0.473129
vt 0.923626 0.459187
vt 0.921721 0.459417
vt 0.923626 0.459187
vt 0.925367 0.445808
vt 0.921721 0.459417
vt 0.923626 0.459187
vt 0.926427 0.445373
vt 0.925367 0.445808
vt 0.921159 0.487185
vt 0.919693 0.473387
vt 0.919733 0.487504
vt 0.922538 0.501175
vt 0.921159 0.487185
vt 0.919733 0.487504
vt 0.922538 0.501175
vt 0.919733 0.487504
vt 0.921295 0.501540
vt 0.925118 0.515016
vt 0.922538 0.501175
vt 0.921295 0.501540
vt 0.925118 0.515016
vt 0.921295 0.501540
vt 0.923867 0.515404
vt 0.928571 0.528618
vt 0.925118 0.515016
vt 0.923867 0.515404
vt 0.926427 0.445373
vt 0.928571 0.432211
vt 0.925367 0.445808
vt 0.928571 0.528618
vt 0.923867 0.515404
vt 0.927640 0.528929
vt 0.899674 0.922273
vt 0.885299 0.921530
vt 0.885235 0.920121
vt 0.899674 0.922273
vt 0.885235 0.920121
vt 0.899724 0.920969
vt 0.914205 0.925379
vt 0.899674 0.922273
vt 0.899724 0.920969
vt 0.885299 0.921530
vt 0.870784 0.921679
vt 0.885235 0.920121
vt 0.914205 0.925379
vt 0.899724 0.920969
vt 0.914424 0.924471
vt 0.927575 0.929902
vt 0.914205 0.925379
vt 0.914424 0.924471
vt 0.927575 0.929902
vt 0.914424 0.924471
vt 0.927879 0.928735
vt 0.929328 0.930484
vt 0.927575 0.929902
vt 0.927879 0.928735
vt 0.929328 0.930484
vt 0.927879 0.928735
vt 0.929379 0.929435
vt 0.885299 0.921530
vt 0.870874 0.922585
vt 0.870784 0.921679
vt 0.870874 0.922585
vt 0.856611 0.925233
vt 0.870784 0.921679
vt 0.870874 0.922585
vt 0.856754 0.926177
vt 0.856611 0.925233
vt 0.856754 0.926177
vt 0.843019 0.930484
vt 0.856611 0.925233
vt 0.759250 0.015714
vt 0.772533 0.013385
vt 0.772814 0.015951
vt 0.772533 0.013385
vt 0.786126 0.017627
vt 0.772814 0.015951
vt 0.759250 0.015714
vt 0.772814 0.015951
vt 0.759449 0.016962
vt 0.747780 0.018469
vt 0.759250 0.015714
vt 0.759449 0.016962
vt 0.747780 0.018469
vt 0.759449 0.016962
vt 0.748012 0.019430
vt 0.772533 0.013385
vt 0.785833 0.015484
vt 0.786126 0.017627
vt 0.785833 0.015484
vt 0.799435 0.019430
vt 0.786126 0.017627
vt 0.858806 0.098905
vt 0.858694 0.084400
vt 0.857546 0.084518
vt 0.858806 0.098905
vt 0.857546 0.084518
vt 0.857757 0.099199
vt 0.860467 0.113365
vt 0.858806 0.098905
vt 0.857757 0.099199
vt 0.858694 0.084400
vt 0.860128 0.070115
vt 0.857546 0.084518
vt 0.858694 0.084400
vt 0.861067 0.070098
vt 0.860128 0.070115
vt 0.861067 0.070098
vt 0.865043 0.056390
vt 0.860128 0.070115
vt 0.861067 0.070098
vt 0.865997 0.056481
vt 0.865043 0.056390
vt 0.865997 0.056481
vt 0.871286 0.043211
vt 0.865043 0.056390
vt 0.865997 0.056481
vt 0.872747 0.043732
vt 0.871286 0.043211
vt 0.872747 0.043732
vt 0.878499 0.030656
vt 0.871286 0.043211
vt 0.860467 0.113365
vt 0.857757 0.099199
vt 0.859587 0.113773
vt 0.863007 0.127705
vt 0.860467 0.113365
vt 0.859587 0.113773
vt 0.863007 0.127705
vt 0.859587 0.113773
vt 0.862145 0.128219
vt 0.865996 0.142163
vt 0.863007 0.127705
vt 0.862145 0.128219
vt 0.865996 0.142163
vt 0.862145 0.128219
vt 0.865091 0.142566
vt 0.869450 0.156558
vt 0.865996 0.142163
vt 0.865091 0.142566
vt 0.872747 0.043732
vt 0.879338 0.030984
vt 0.878499 0.030656
vt 0.869450 0.156558
vt 0.865091 0.142566
vt 0.868319 0.156840
vt 0.872804 0.170609
vt 0.869450 0.156558
vt 0.868319 0.156840
vt 0.872804 0.170609
vt 0.868319 0.156840
vt 0.871820 0.171046
vt 0.879338 0.183506
vt 0.872804 0.170609
vt 0.871820 0.171046
vt 0.207379 0.954095
vt 0.194019 0.954182
vt 0.193988 0.952936
vt 0.207379 0.954095
vt 0.193988 0.952936
vt 0.207397 0.952937
vt 0.194019 0.954182
vt 0.180387 0.953494
vt 0.193988 0.952936
vt 0.220690 0.954663
vt 0.207379 0.954095
vt 0.207397 0.952937
vt 0.220690 0.954663
vt 0.207397 0.952937
vt 0.220743 0.953555
vt 0.194019 0.954182
vt 0.180569 0.954663
vt 0.180387 0.953494
vt 0.620584 0.303940
vt 0.633243 0.306341
vt 0.619595 0.305276
vt 0.605822 0.302677
vt 0.620584 0.303940
vt 0.619595 0.305276
vt 0.620584 0.303940
vt 0.634069 0.304983
vt 0.633243 0.306341
vt 0.634069 0.304983
vt 0.646925 0.306679
vt 0.633243 0.306341
vt 0.634069 0.304983
vt 0.647637 0.305583
vt 0.646925 0.306679
vt 0.647637 0.305583
vt 0.660613 0.306995
vt 0.646925 0.306679
vt 0.605822 0.302677
vt 0.619595 0.305276
vt 0.605912 0.305014
vt 0.593624 0.305248
vt 0.605822 0.302677
vt 0.605912 0.305014
vt 0.593624 0.305248
vt 0.605912 0.305014
vt 0.593831 0.306995
vt 0.703661 0.652830
vt 0.689224 0.651557
vt 0.688761 0.649827
vt 0.689224 0.651557
vt 0.673943 0.650628
vt 0.688761 0.649827
vt 0.703661 0.652830
vt 0.688761 0.649827
vt 0.703456 0.651171
vt 0.717812 0.656369
vt 0.703661 0.652830
vt 0.703456 0.651171
vt 0.689224 0.651557
vt 0.674670 0.652021
vt 0.673943 0.650628
vt 0.674670 0.652021
vt 0.659249 0.652893
vt 0.673943 0.650628
vt 0.717812 0.656369
vt 0.703456 0.651171
vt 0.717824 0.654970
vt 0.731791 0.660731
vt 0.717812 0.656369
vt 0.717824 0.654970
vt 0.731791 0.660731
vt 0.717824 0.654970
vt 0.732048 0.659515
vt 0.734060 0.661054
vt 0.731791 0.660731
vt 0.732048 0.659515
vt 0.674670 0.652021
vt 0.660185 0.653991
vt 0.659249 0.652893
vt 0.660185 0.653991
vt 0.644854 0.656296
vt 0.659249 0.652893
vt 0.660185 0.653991
vt 0.646039 0.657315
vt 0.644854 0.656296
vt 0.646039 0.657315
vt 0.630751 0.661054
vt 0.644854 0.656296
vt 0.734060 0.661054
vt 0.732048 0.659515
vt 0.733998 0.660195
vt 0.872784 0.416148
vt 0.873005 0.401680
vt 0.871522 0.401321
vt 0.873005 0.401680
vt 0.872834 0.386934
vt 0.871522 0.401321
vt 0.872784 0.416148
vt 0.871522 0.401321
vt 0.871267 0.415775
vt 0.874496 0.430484
vt 0.872784 0.416148
vt 0.871267 0.415775
vt 0.873005 0.401680
vt 0.874119 0.387293
vt 0.872834 0.386934
vt 0.874119 0.387293
vt 0.874496 0.372625
vt 0.872834 0.386934
vt 0.068771 0.351333
vt 0.055465 0.353181
vt 0.068673 0.353726
vt 0.081114 0.356218
vt 0.068771 0.351333
vt 0.068673 0.353726
vt 0.068771 0.351333
vt 0.055593 0.351036
vt 0.055465 0.353181
vt 0.055593 0.351036
vt 0.042373 0.356218
vt 0.055465 0.353181
vt 0.996368 0.027202
vt 0.980263 0.027150
vt 0.980157 0.025494
vt 0.996368 0.027202
vt 0.980157 0.025494
vt 0.996289 0.025475
vt 0.980263 0.027150
vt 0.964084 0.027202
vt 0.980157 0.025494
vt 0.815536 0.222753
vt 0.831759 0.224052
vt 0.815668 0.224093
vt 0.815536 0.222753
vt 0.831517 0.222366
vt 0.831759 0.224052
vt 0.831517 0.222366
vt 0.847861 0.224093
vt 0.831759 0.224052
vt 0.799435 0.222858
vt 0.815536 0.222753
vt 0.815668 0.224093
vt 0.486794 0.818231
vt 0.472466 0.818654
vt 0.476176 0.817352
vt 0.486794 0.818231
vt 0.476176 0.817352
vt 0.490302 0.816494
vt 0.472466 0.818654
vt 0.462132 0.818668
vt 0.476176 0.817352
vt 0.472466 0.818654
vt 0.462179 0.819948
vt 0.462132 0.818668
vt 0.462179 0.819948
vt 0.459780 0.819118
vt 0.462132 0.818668
vt 0.462179 0.819948
vt 0.459645 0.819948
vt 0.459780 0.819118
vt 0.501125 0.818409
vt 0.486794 0.818231
vt 0.490302 0.816494
vt 0.501125 0.818409
vt 0.490302 0.816494
vt 0.504406 0.817213
vt 0.515335 0.819948
vt 0.501125 0.818409
vt 0.504406 0.817213
vt 0.033780 0.739892
vt 0.032983 0.754328
vt 0.031881 0.754280
vt 0.032983 0.754328
vt 0.031921 0.768863
vt 0.031881 0.754280
vt 0.033780 0.739892
vt 0.031881 0.754280
vt 0.032931 0.739767
vt 0.035631 0.725559
vt 0.033780 0.739892
vt 0.032931 0.739767
vt 0.035631 0.725559
vt 0.032931 0.739767
vt 0.034968 0.725403
vt 0.038811 0.711575
vt 0.035631 0.725559
vt 0.034968 0.725403
vt 0.032983 0.754328
vt 0.032782 0.768837
vt 0.031921 0.768863
vt 0.032782 0.768837
vt 0.032794 0.783408
vt 0.031921 0.768863
vt 0.032782 0.768837
vt 0.033782 0.783313
vt 0.032794 0.783408
vt 0.033782 0.783313
vt 0.035497 0.797664
vt 0.032794 0.783408
vt 0.033782 0.783313
vt 0.036199 0.797576
vt 0.035497 0.797664
vt 0.036199 0.797576
vt 0.039952 0.811313
vt 0.035497 0.797664
vt 0.038811 0.711575
vt 0.034968 0.725403
vt 0.037997 0.711282
vt 0.039952 0.708726
vt 0.038811 0.711575
vt 0.037997 0.711282
vt 0.039952 0.708726
vt 0.037997 0.711282
vt 0.038890 0.708549
vt 0.034616 0.394011
vt 0.034874 0.379622
vt 0.033438 0.379644
vt 0.034874 0.379622
vt 0.033496 0.365240
vt 0.033438 0.379644
vt 0.034616 0.394011
vt 0.033438 0.379644
vt 0.032734 0.394022
vt 0.034474 0.408398
vt 0.034616 0.394011
vt 0.032734 0.394022
vt 0.034474 0.408398
vt 0.032734 0.394022
vt 0.032688 0.408382
vt 0.035916 0.422712
vt 0.034474 0.408398
vt 0.032688 0.408382
vt 0.034874 0.379622
vt 0.035233 0.365241
vt 0.033496 0.365240
vt 0.035233 0.365241
vt 0.035916 0.351036
vt 0.033496 0.365240
vt 0.578195 0.618776
vt 0.577883 0.634476
vt 0.578373 0.636043
vt 0.577883 0.634476
vt 0.578093 0.652009
vt 0.578373 0.636043
vt 0.577883 0.634476
vt 0.576675 0.650115
vt 0.578093 0.652009
vt 0.576675 0.650115
vt 0.579096 0.667962
vt 0.578093 0.652009
vt 0.578195 0.618776
vt 0.578373 0.636043
vt 0.579096 0.620067
vt 0.578118 0.603195
vt 0.578195 0.618776
vt 0.579096 0.620067
vt 0.466736 0.641394
vt 0.453168 0.642403
vt 0.466805 0.639902
vt 0.466736 0.641394
vt 0.453255 0.643634
vt 0.453168 0.642403
vt 0.453255 0.643634
vt 0.451605 0.642751
vt 0.453168 0.642403
vt 0.453255 0.643634
vt 0.451574 0.643782
vt 0.451605 0.642751
vt 0.480245 0.641286
vt 0.466736 0.641394
vt 0.466805 0.639902
vt 0.480245 0.641286
vt 0.466805 0.639902
vt 0.480443 0.639465
vt 0.493543 0.643634
vt 0.480245 0.641286
vt 0.480443 0.639465
vt 0.538968 0.855354
vt 0.543874 0.854114
vt 0.538962 0.853627
vt 0.525020 0.855293
vt 0.538968 0.855354
vt 0.538962 0.853627
vt 0.538968 0.855354
vt 0.544391 0.855293
vt 0.543874 0.854114
vt 0.457518 0.991637
vt 0.446146 0.990548
vt 0.460160 0.990069
vt 0.457518 0.991637
vt 0.443323 0.992660
vt 0.446146 0.990548
vt 0.471751 0.992660
vt 0.457518 0.991637
vt 0.460160 0.990069
vt 0.443323 0.992660
vt 0.432203 0.992534
vt 0.446146 0.990548
vt 0.382378 0.024366
vt 0.396494 0.023121
vt 0.396498 0.022021
vt 0.396494 0.023121
vt 0.410754 0.022165
vt 0.396498 0.022021
vt 0.396494 0.023121
vt 0.410663 0.023190
vt 0.410754 0.022165
vt 0.382378 0.024366
vt 0.396498 0.022021
vt 0.382256 0.023082
vt 0.368319 0.026488
vt 0.382378 0.024366
vt 0.382256 0.023082
vt 0.368319 0.026488
vt 0.382256 0.023082
vt 0.368129 0.024968
vt 0.354314 0.028959
vt 0.368319 0.026488
vt 0.368129 0.024968
vt 0.354314 0.028959
vt 0.368129 0.024968
vt 0.354153 0.027444
vt 0.349879 0.029793
vt 0.354314 0.028959
vt 0.354153 0.027444
vt 0.349879 0.029793
vt 0.354153 0.027444
vt 0.349931 0.028735
vt 0.410663 0.023190
vt 0.424999 0.024344
vt 0.410754 0.022165
vt 0.410663 0.023190
vt 0.424770 0.025299
vt 0.424999 0.024344
vt 0.424770 0.025299
vt 0.438660 0.028932
vt 0.424999 0.024344
vt 0.424770 0.025299
vt 0.438418 0.029793
vt 0.438660 0.028932
vt 0.485472 0.295769
vt 0.485472 0.309585
vt 0.483858 0.296165
vt 0.447366 0.003755
vt 0.435078 0.003193
vt 0.435030 0.002159
vt 0.447366 0.003755
vt 0.435030 0.002159
vt 0.447338 0.002431
vt 0.435078 0.003193
vt 0.422655 0.002588
vt 0.435030 0.002159
vt 0.435078 0.003193
vt 0.422781 0.004188
vt 0.422655 0.002588
vt 0.422781 0.004188
vt 0.410412 0.004750
vt 0.422655 0.002588
vt 0.459645 0.004750
vt 0.447366 0.003755
vt 0.447338 0.002431
vt 0.382878 0.698412
vt 0.382857 0.683891
vt 0.381456 0.684097
vt 0.382878 0.698412
vt 0.381456 0.684097
vt 0.381356 0.698808
vt 0.382857 0.683891
vt 0.382058 0.669454
vt 0.381456 0.684097
vt 0.382857 0.683891
vt 0.383723 0.669448
vt 0.382058 0.669454
vt 0.383777 0.712867
vt 0.382878 0.698412
vt 0.381356 0.698808
vt 0.383723 0.669448
vt 0.383777 0.655009
vt 0.382058 0.669454
vt 0.286572 0.736631
vt 0.273379 0.736768
vt 0.273364 0.735335
vt 0.286572 0.736631
vt 0.273364 0.735335
vt 0.286607 0.735319
vt 0.299767 0.737047
vt 0.286572 0.736631
vt 0.286607 0.735319
vt 0.273379 0.736768
vt 0.260199 0.735624
vt 0.273364 0.735335
vt 0.273379 0.736768
vt 0.260178 0.737047
vt 0.260199 0.735624
vt 0.299767 0.737047
vt 0.286607 0.735319
vt 0.299839 0.735893
vt 0.260178 0.737047
vt 0.255605 0.735722
vt 0.260199 0.735624
vt 0.260178 0.737047
vt 0.255448 0.736818
vt 0.255605 0.735722
vt 0.966783 0.507890
vt 0.966119 0.510710
vt 0.965698 0.507825
vt 0.967312 0.494387
vt 0.966783 0.507890
vt 0.965698 0.507825
vt 0.966783 0.507890
vt 0.967312 0.510794
vt 0.966119 0.510710
vt 0.052981 0.750000
vt 0.053672 0.735314
vt 0.052865 0.735259
vt 0.053672 0.735314
vt 0.053672 0.720639
vt 0.052865 0.735259
vt 0.988081 0.429788
vt 0.988297 0.415318
vt 0.986791 0.415755
vt 0.988081 0.429788
vt 0.986791 0.415755
vt 0.986683 0.430389
vt 0.988297 0.444301
vt 0.988081 0.429788
vt 0.986683 0.430389
vt 0.988297 0.415318
vt 0.987354 0.401123
vt 0.986791 0.415755
vt 0.954399 0.422712
vt 0.952784 0.436022
vt 0.954399 0.436188
vt 0.952784 0.436022
vt 0.953182 0.449482
vt 0.954399 0.436188
vt 0.795652 0.693762
vt 0.797261 0.689315
vt 0.797512 0.693866
vt 0.795652 0.693762
vt 0.795399 0.689237
vt 0.797261 0.689315
vt 0.795399 0.689237
vt 0.798628 0.684380
vt 0.797261 0.689315
vt 0.795399 0.689237
vt 0.797001 0.684370
vt 0.798628 0.684380
vt 0.796968 0.698187
vt 0.795652 0.693762
vt 0.797512 0.693866
vt 0.796968 0.698187
vt 0.797512 0.693866
vt 0.798628 0.697764
vt 0.700702 0.041773
vt 0.687051 0.040155
vt 0.700669 0.040641
vt 0.700702 0.041773
vt 0.687166 0.041395
vt 0.687051 0.040155
vt 0.687166 0.041395
vt 0.673527 0.041883
vt 0.687051 0.040155
vt 0.714156 0.041883
vt 0.700702 0.041773
vt 0.700669 0.040641
vt 0.714156 0.041883
vt 0.700669 0.040641
vt 0.714158 0.040485
vt 0.727603 0.041427
vt 0.714156 0.041883
vt 0.714158 0.040485
vt 0.710654 0.534594
vt 0.711461 0.547927
vt 0.711461 0.534562
vt 0.710833 0.521157
vt 0.710654 0.534594
vt 0.711461 0.534562
vt 0.475531 0.035321
vt 0.462381 0.035190
vt 0.462309 0.034111
vt 0.475531 0.035321
vt 0.462309 0.034111
vt 0.475549 0.034332
vt 0.462381 0.035190
vt 0.449153 0.035469
vt 0.462309 0.034111
vt 0.462381 0.035190
vt 0.449281 0.036701
vt 0.449153 0.035469
vt 0.488597 0.036701
vt 0.475531 0.035321
vt 0.475549 0.034332
vt 0.488597 0.036701
vt 0.475549 0.034332
vt 0.488701 0.035773
vt 0.885596 0.155456
vt 0.885461 0.141391
vt 0.884181 0.141361
vt 0.885596 0.155456
vt 0.884181 0.141361
vt 0.884304 0.155461
vt 0.885795 0.169508
vt 0.885596 0.155456
vt 0.884304 0.155461
vt 0.885795 0.169508
vt 0.884304 0.155461
vt 0.884456 0.169689
vt 0.885461 0.141391
vt 0.884609 0.127375
vt 0.884181 0.141361
vt 0.885461 0.141391
vt 0.885795 0.127375
vt 0.884609 0.127375
vt 0.918079 0.051382
vt 0.905261 0.049655
vt 0.905165 0.051382
vt 0.520777 0.346718
vt 0.508536 0.346520
vt 0.508540 0.344991
vt 0.508536 0.346520
vt 0.496187 0.345381
vt 0.508540 0.344991
vt 0.508536 0.346520
vt 0.496207 0.346718
vt 0.496187 0.345381
vt 0.520777 0.346718
vt 0.508540 0.344991
vt 0.520843 0.345146
vt 0.533091 0.346554
vt 0.520777 0.346718
vt 0.520843 0.345146
vt 0.496207 0.346718
vt 0.483858 0.346056
vt 0.496187 0.345381
vt 0.567987 0.018587
vt 0.571046 0.020963
vt 0.567888 0.021141
vt 0.567987 0.018587
vt 0.571084 0.018566
vt 0.571046 0.020963
vt 0.564894 0.018770
vt 0.567987 0.018587
vt 0.567888 0.021141
vt 0.564894 0.018770
vt 0.567888 0.021141
vt 0.564568 0.021157
vt 0.571084 0.018566
vt 0.574253 0.021157
vt 0.571046 0.020963
vt 0.571084 0.018566
vt 0.574174 0.018826
vt 0.574253 0.021157
vt 0.435432 0.051360
vt 0.435630 0.066062
vt 0.436239 0.051393
vt 0.436239 0.036701
vt 0.435432 0.051360
vt 0.436239 0.051393
vt 0.805281 0.854491
vt 0.805085 0.851277
vt 0.807166 0.850873
vt 0.805281 0.854491
vt 0.807166 0.850873
vt 0.807506 0.854290
vt 0.805085 0.851277
vt 0.807506 0.848446
vt 0.807166 0.850873
vt 0.805085 0.851277
vt 0.805231 0.848813
vt 0.807506 0.848446
vt 0.743797 0.269544
vt 0.746209 0.269862
vt 0.746053 0.267271
vt 0.743797 0.269544
vt 0.746053 0.267271
vt 0.743692 0.267356
vt 0.746209 0.269862
vt 0.748503 0.267749
vt 0.746053 0.267271
vt 0.741401 0.269862
vt 0.743797 0.269544
vt 0.743692 0.267356
vt 0.741401 0.269862
vt 0.743692 0.267356
vt 0.741324 0.267976
vt 0.746209 0.269862
vt 0.748588 0.269433
vt 0.748503 0.267749
vt 0.079500 0.389896
vt 0.098063 0.389896
vt 0.084467 0.389033
vt 0.963155 0.112850
vt 0.979798 0.115669
vt 0.980232 0.102971
vt 0.963155 0.112850
vt 0.980232 0.102971
vt 0.962708 0.100091
vt 0.946737 0.108836
vt 0.963155 0.112850
vt 0.962708 0.100091
vt 0.946737 0.108836
vt 0.962708 0.100091
vt 0.945521 0.095431
vt 0.979798 0.115669
vt 0.997982 0.103967
vt 0.980232 0.102971
vt 0.979798 0.115669
vt 0.996602 0.117165
vt 0.997982 0.103967
vt 0.963967 0.125526
vt 0.979798 0.115669
vt 0.963155 0.112850
vt 0.963967 0.125526
vt 0.978767 0.128291
vt 0.979798 0.115669
vt 0.978767 0.128291
vt 0.996602 0.117165
vt 0.979798 0.115669
vt 0.949323 0.121979
vt 0.963967 0.125526
vt 0.963155 0.112850
vt 0.949323 0.121979
vt 0.963155 0.112850
vt 0.946737 0.108836
vt 0.978767 0.128291
vt 0.993705 0.130096
vt 0.996602 0.117165
vt 0.976882 0.140626
vt 0.993705 0.130096
vt 0.978767 0.128291
vt 0.976882 0.140626
vt 0.989044 0.142349
vt 0.993705 0.130096
vt 0.964864 0.138035
vt 0.976882 0.140626
vt 0.978767 0.128291
vt 0.964864 0.138035
vt 0.978767 0.128291
vt 0.963967 0.125526
vt 0.952981 0.134780
vt 0.964864 0.138035
vt 0.963967 0.125526
vt 0.952981 0.134780
vt 0.963967 0.125526
vt 0.949323 0.121979
vt 0.956935 0.147376
vt 0.964864 0.138035
vt 0.952981 0.134780
vt 0.956935 0.147376
vt 0.965362 0.150315
vt 0.964864 0.138035
vt 0.965362 0.150315
vt 0.976882 0.140626
vt 0.964864 0.138035
vt 0.965362 0.150315
vt 0.973979 0.152515
vt 0.976882 0.140626
vt 0.973979 0.152515
vt 0.989044 0.142349
vt 0.976882 0.140626
vt 0.973979 0.152515
vt 0.982784 0.153654
vt 0.989044 0.142349
vt 0.962708 0.100091
vt 0.980232 0.102971
vt 0.980188 0.090302
vt 0.962708 0.100091
vt 0.980188 0.090302
vt 0.962686 0.087367
vt 0.945521 0.095431
vt 0.962708 0.100091
vt 0.962686 0.087367
vt 0.980232 0.102971
vt 0.997982 0.090764
vt 0.980188 0.090302
vt 0.980232 0.102971
vt 0.997982 0.103967
vt 0.997982 0.090764
vt 0.945521 0.095431
vt 0.962686 0.087367
vt 0.945844 0.081940
vt 0.962686 0.087367
vt 0.980188 0.090302
vt 0.979762 0.077760
vt 0.962686 0.087367
vt 0.979762 0.077760
vt 0.963113 0.074816
vt 0.945844 0.081940
vt 0.962686 0.087367
vt 0.963113 0.074816
vt 0.980188 0.090302
vt 0.996758 0.077723
vt 0.979762 0.077760
vt 0.980188 0.090302
vt 0.997982 0.090764
vt 0.996758 0.077723
vt 0.979762 0.077760
vt 0.996758 0.077723
vt 0.995012 0.064947
vt 0.979762 0.077760
vt 0.995012 0.064947
vt 0.979328 0.065380
vt 0.963113 0.074816
vt 0.979762 0.077760
vt 0.979328 0.065380
vt 0.963113 0.074816
vt 0.979328 0.065380
vt 0.964030 0.062431
vt 0.945844 0.081940
vt 0.963113 0.074816
vt 0.947026 0.069012
vt 0.947026 0.069012
vt 0.964030 0.062431
vt 0.949411 0.056203
vt 0.947026 0.069012
vt 0.963113 0.074816
vt 0.964030 0.062431
vt 0.965744 0.050466
vt 0.964030 0.062431
vt 0.979328 0.065380
vt 0.965744 0.050466
vt 0.979328 0.065380
vt 0.980467 0.053107
vt 0.980467 0.053107
vt 0.979328 0.065380
vt 0.995012 0.064947
vt 0.980467 0.053107
vt 0.995012 0.064947
vt 0.992825 0.052150
vt 0.960565 0.159805
vt 0.965362 0.150315
vt 0.956935 0.147376
vt 0.960565 0.159805
vt 0.965262 0.162328
vt 0.965362 0.150315
vt 0.970307 0.163851
vt 0.982784 0.153654
vt 0.973979 0.152515
vt 0.965262 0.162328
vt 0.970307 0.163851
vt 0.973979 0.152515
vt 0.965262 0.162328
vt 0.973979 0.152515
vt 0.965362 0.150315
vt 0.970307 0.163851
vt 0.975619 0.163954
vt 0.982784 0.153654
vt 0.952616 0.045337
vt 0.964030 0.062431
vt 0.965744 0.050466
vt 0.952616 0.045337
vt 0.949411 0.056203
vt 0.964030 0.062431
vt 0.967829 0.173503
vt 0.975619 0.163954
vt 0.970307 0.163851
vt 0.962589 0.172063
vt 0.965262 0.162328
vt 0.960565 0.159805
vt 0.970307 0.163851
vt 0.965262 0.162328
vt 0.963795 0.174336
vt 0.962589 0.172063
vt 0.963795 0.174336
vt 0.965262 0.162328
vt 0.970307 0.163851
vt 0.963795 0.174336
vt 0.965795 0.174870
vt 0.967829 0.173503
vt 0.970307 0.163851
vt 0.965795 0.174870
vt 0.437046 0.480570
vt 0.436239 0.474765
vt 0.437046 0.459845
vt 0.804278 0.857945
vt 0.803471 0.842258
vt 0.804278 0.839810
vt 0.377031 0.902850
vt 0.379742 0.900259
vt 0.377177 0.900429
vt 0.377031 0.902850
vt 0.379742 0.902820
vt 0.379742 0.900259
vt 0.374899 0.902674
vt 0.377031 0.902850
vt 0.377177 0.900429
vt 0.374899 0.902674
vt 0.377177 0.900429
vt 0.374905 0.900771
vt 0.036745 0.617608
vt 0.034157 0.618992
vt 0.036449 0.619480
vt 0.039144 0.617906
vt 0.036745 0.617608
vt 0.036449 0.619480
vt 0.039144 0.617906
vt 0.036449 0.619480
vt 0.038831 0.620466
vt 0.036745 0.617608
vt 0.034448 0.617012
vt 0.034157 0.618992
vt 0.034448 0.617012
vt 0.032154 0.620466
vt 0.034157 0.618992
vt 0.034448 0.617012
vt 0.031881 0.618331
vt 0.032154 0.620466
vt 0.262712 0.990069
vt 0.279661 0.990069
vt 0.265156 0.989206
vt 0.912429 0.078152
vt 0.909897 0.077288
vt 0.899516 0.078152
vt 0.374899 0.779361
vt 0.391848 0.779361
vt 0.389796 0.778497
vt 0.976190 0.024611
vt 0.975383 0.022920
vt 0.976190 0.008204
vt 0.027845 0.471934
vt 0.027038 0.457216
vt 0.027845 0.455527
vt 0.290960 0.023748
vt 0.293242 0.022161
vt 0.291143 0.022021
vt 0.290960 0.023748
vt 0.293382 0.023748
vt 0.293242 0.022161
vt 0.908394 0.424439
vt 0.905973 0.424730
vt 0.905996 0.426022
vt 0.908394 0.424439
vt 0.905996 0.426022
vt 0.908394 0.426166
vt 0.978612 0.335492
vt 0.977035 0.337943
vt 0.976998 0.335620
vt 0.978612 0.335492
vt 0.978612 0.338083
vt 0.977035 0.337943
vt 0.862389 0.295113
vt 0.860922 0.296359
vt 0.861166 0.295072
vt 0.862389 0.295113
vt 0.862067 0.296632
vt 0.860922 0.296359
vt 0.862067 0.293178
vt 0.862389 0.295113
vt 0.861166 0.295072
vt 0.862067 0.293178
vt 0.861166 0.295072
vt 0.860775 0.293410
vt 0.883525 0.395787
vt 0.881759 0.378714
vt 0.882710 0.395705
vt 0.883525 0.395787
vt 0.883019 0.378843
vt 0.881759 0.378714
vt 0.886649 0.412535
vt 0.883525 0.395787
vt 0.882710 0.395705
vt 0.883019 0.378843
vt 0.884356 0.362061
vt 0.881759 0.378714
vt 0.886649 0.412535
vt 0.882710 0.395705
vt 0.885266 0.412583
vt 0.889801 0.429090
vt 0.886649 0.412535
vt 0.885266 0.412583
vt 0.889801 0.429090
vt 0.885266 0.412583
vt 0.888891 0.429150
vt 0.883019 0.378843
vt 0.885544 0.362426
vt 0.884356 0.362061
vt 0.885544 0.362426
vt 0.889025 0.345855
vt 0.884356 0.362061
vt 0.885544 0.362426
vt 0.889831 0.346273
vt 0.889025 0.345855
vt 0.889831 0.430484
vt 0.889801 0.429090
vt 0.888891 0.429150
vt 0.889831 0.430484
vt 0.888891 0.429150
vt 0.889019 0.430440
vt 0.947942 0.430622
vt 0.946864 0.429620
vt 0.946328 0.430622
vt 0.947942 0.430622
vt 0.946328 0.430622
vt 0.947260 0.431347
vt 0.835755 0.280225
vt 0.834470 0.279361
vt 0.835589 0.279415
vt 0.835755 0.280225
vt 0.834140 0.280225
vt 0.834470 0.279361
vt 0.934793 0.338052
vt 0.918348 0.336767
vt 0.917991 0.335492
vt 0.918348 0.336767
vt 0.902059 0.337337
vt 0.917991 0.335492
vt 0.934793 0.338052
vt 0.917991 0.335492
vt 0.934488 0.336854
vt 0.951170 0.338946
vt 0.934793 0.338052
vt 0.934488 0.336854
vt 0.918348 0.336767
vt 0.901937 0.338946
vt 0.902059 0.337337
vt 0.934045 0.959845
vt 0.930470 0.972948
vt 0.930043 0.972815
vt 0.930470 0.972948
vt 0.934045 0.959845
vt 0.943964 0.966413
vt 0.930470 0.972948
vt 0.943964 0.966413
vt 0.941439 0.978937
vt 0.943964 0.966413
vt 0.955593 0.983571
vt 0.941439 0.978937
vt 0.943964 0.966413
vt 0.954043 0.969887
vt 0.955593 0.983571
vt 0.954043 0.969887
vt 0.969734 0.984024
vt 0.955593 0.983571
vt 0.930470 0.972948
vt 0.923729 0.984024
vt 0.930043 0.972815
f 1/1195 2/1196 3/1197
f 4/1192 5/1193 6/1194
f 7/1201 8/1202 9/1203
f 10/1198 11/1199 12/1200
f 13/1120 14/1121 15/1122
f 16/1117 17/1118 18/1119
f 19/1123 20/1124 21/1125
f 22/1126 23/1127 24/1128
f 25/1183 26/1184 27/1185
f 28/1180 29/1181 30/1182
f 31/1189 32/1190 33/1191
f 34/1186 35/1187 36/1188
f 37/1132 38/1133 39/1134
f 40/1129 41/1130 42/1131
f 43/1135 44/1136 45/1137
f 46/1138 47/1139 48/1140
f 49/1207 50/1208 51/1209
f 52/1210 53/1211 54/1212
f 55/1096 56/1097 57/1098
f 58/1099 59/1100 60/1101
f 61/1111 62/1112 63/1113
f 64/1114 65/1115 66/1116
f 67/1213 68/1214 69/1215
f 70/1216 71/1217 72/1218
f 73/1105 74/1106 75/1107
f 76/1108 77/1109 78/1110
f 79/1093 80/1094 81/1095
f 82/1102 83/1103 84/1104
f 85/1204 86/1205 87/1206
f 88/1219 89/1220 90/1221
f 91/1222 92/1223 93/1224
f 94/1225 95/1226 96/1227
f 97/1231 98/1232 99/1233
f 100/1228 101/1229 102/1230
f 103/1270 104/1271 105/1272
f 106/1234 107/1235 108/1236
f 109/1168 110/1169 111/1170
f 112/1165 113/1166 114/1167
f 115/1162 116/1163 117/1164
f 118/1159 119/1160 120/1161
f 121/2467 122/2468 123/2469
f 124/2464 125/2465 126/2466
f 127/1171 128/1172 129/1173
f 130/1174 131/1175 132/1176
f 133/2512 134/2513 135/2514
f 136/2509 137/2510 138/2511
f 139/2470 140/2471 141/2472
f 142/2473 143/2474 144/2475
f 145/2437 146/2438 147/2439
f 148/2434 149/2435 150/2436
f 151/2455 152/2456 153/2457
f 154/2452 155/2453 156/2454
f 157/2449 158/2450 159/2451
f 160/2446 161/2447 162/2448
f 163/2431 164/2432 165/2433
f 166/2428 167/2429 168/2430
f 169/2419 170/2420 171/2421
f 172/2395 173/2396 174/2397
f 175/2425 176/2426 177/2427
f 178/2422 179/2423 180/2424
f 181/2377 182/2378 183/2379
f 184/2374 185/2375 186/2376
f 187/2272 188/2273 189/2274
f 190/2269 191/2270 192/2271
f 193/199 194/200 195/201
f 196/202 197/203 198/204
f 199/193 200/194 201/195
f 202/196 203/197 204/198
f 205/3079 206/3080 207/3081
f 208/3082 209/3083 210/3084
f 211/235 212/236 213/237
f 214/238 215/239 216/240
f 217/70 218/71 219/72
f 220/73 221/74 222/75
f 223/64 224/65 225/66
f 226/67 227/68 228/69
f 229/22 230/23 231/24
f 232/25 233/26 234/27
f 235/37 236/38 237/39
f 238/40 239/41 240/42
f 241/328 242/329 243/330
f 244/331 245/332 246/333
f 247/295 248/296 249/297
f 250/298 251/299 252/300
f 253/115 254/116 255/117
f 256/118 257/119 258/120
f 259/124 260/125 261/126
f 262/121 263/122 264/123
f 265/187 266/188 267/189
f 268/190 269/191 270/192
f 271/181 272/182 273/183
f 274/184 275/185 276/186
f 277/3055 278/3056 279/3057
f 280/3058 281/3059 282/3060
f 283/3064 284/3065 285/3066
f 286/3067 287/3068 288/3069
f 289/58 290/59 291/60
f 292/61 293/62 294/63
f 295/46 296/47 297/48
f 298/49 299/50 300/51
f 301/7 302/8 303/9
f 304/10 305/11 306/12
f 307/13 308/14 309/15
f 310/16 311/17 312/18
f 313/286 314/287 315/288
f 316/289 317/290 318/291
f 319/280 320/281 321/282
f 322/277 323/278 324/279
f 325/103 326/104 327/105
f 328/106 329/107 330/108
f 331/109 332/110 333/111
f 334/112 335/113 336/114
f 337/175 338/176 339/177
f 340/178 341/179 342/180
f 343/163 344/164 345/165
f 346/172 347/173 348/174
f 349/3043 350/3044 351/3045
f 352/3046 353/3047 354/3048
f 355/3049 356/3050 357/3051
f 358/3052 359/3053 360/3054
f 361/52 362/53 363/54
f 364/43 365/44 366/45
f 367/76 368/77 369/78
f 370/55 371/56 372/57
f 373/28 374/29 375/30
f 376/19 377/20 378/21
f 379/4 380/5 381/6
f 382/1 383/2 384/3
f 385/292 386/293 387/294
f 388/283 389/284 390/285
f 391/304 392/305 393/306
f 394/301 395/302 396/303
f 397/130 398/131 399/132
f 400/127 401/128 402/129
f 403/100 404/101 405/102
f 406/97 407/98 408/99
f 409/169 410/170 411/171
f 412/166 413/167 414/168
f 415/208 416/209 417/210
f 418/205 419/206 420/207
f 421/3061 422/3062 423/3063
f 424/3040 425/3041 426/3042
f 427/3037 428/3038 429/3039
f 430/3034 431/3035 432/3036
f 433/82 434/83 435/84
f 436/79 437/80 438/81
f 439/94 440/95 441/96
f 442/91 443/92 444/93
f 445/88 446/89 447/90
f 448/85 449/86 450/87
f 451/34 452/35 453/36
f 454/31 455/32 456/33
f 457/310 458/311 459/312
f 460/307 461/308 462/309
f 463/316 464/317 465/318
f 466/313 467/314 468/315
f 469/142 470/143 471/144
f 472/139 473/140 474/141
f 475/136 476/137 477/138
f 478/133 479/134 480/135
f 481/250 482/251 483/252
f 484/247 485/248 486/249
f 487/268 488/269 489/270
f 490/265 491/266 492/267
f 493/3166 494/3167 495/3168
f 496/3103 497/3104 498/3105
f 499/3085 500/3086 501/3087
f 502/3076 503/3077 504/3078
f 505/148 506/149 507/150
f 508/145 509/146 510/147
f 511/256 512/257 513/258
f 514/253 515/254 516/255
f 517/259 518/260 519/261
f 520/262 521/263 522/264
f 523/157 524/158 525/159
f 526/160 527/161 528/162
f 529/322 530/323 531/324
f 532/319 533/320 534/321
f 535/340 536/341 537/342
f 538/325 539/326 540/327
f 541/274 542/275 543/276
f 544/271 545/272 546/273
f 547/154 548/155 549/156
f 550/151 551/152 552/153
f 553/433 554/434 555/435
f 556/430 557/431 558/432
f 559/3286 560/3287 561/3288
f 562/3289 563/3290 564/3291
f 565/3256 566/3257 567/3258
f 568/3259 569/3260 570/3261
f 571/364 572/365 573/366
f 574/361 575/362 576/363
f 577/424 578/425 579/426
f 580/421 581/422 582/423
f 583/427 584/428 585/429
f 586/418 587/419 588/420
f 589/358 590/359 591/360
f 592/349 593/350 594/351
f 595/346 596/347 597/348
f 598/343 599/344 600/345
f 601/442 602/443 603/444
f 604/445 605/446 606/447
f 607/436 608/437 609/438
f 610/439 611/440 612/441
f 613/352 614/353 615/354
f 616/355 617/356 618/357
f 619/400 620/401 621/402
f 622/403 623/404 624/405
f 625/2569 626/2570 627/2571
f 628/2572 629/2573 630/2574
f 631/2557 632/2558 633/2559
f 634/2560 635/2561 636/2562
f 637/2641 638/2642 639/2643
f 640/2638 641/2639 642/2640
f 643/2635 644/2636 645/2637
f 646/2632 647/2633 648/2634
f 649/2707 650/2708 651/2709
f 652/2704 653/2705 654/2706
f 655/2701 656/2702 657/2703
f 658/2698 659/2699 660/2700
f 661/2578 662/2579 663/2580
f 664/2575 665/2576 666/2577
f 667/2599 668/2600 669/2601
f 670/2602 671/2603 672/2604
f 673/1480 674/1481 675/1482
f 676/1483 677/1484 678/1485
f 679/1420 680/1421 681/1422
f 682/1441 683/1442 684/1443
f 685/1537 686/1538 687/1539
f 688/1540 689/1541 690/1542
f 691/1543 692/1544 693/1545
f 694/1546 695/1547 696/1548
f 697/1477 698/1478 699/1479
f 700/1474 701/1475 702/1476
f 703/1351 704/1352 705/1353
f 706/1348 707/1349 708/1350
f 709/1342 710/1343 711/1344
f 712/1345 713/1346 714/1347
f 715/1468 716/1469 717/1470
f 718/1471 719/1472 720/1473
f 721/2551 722/2552 723/2553
f 724/2554 725/2555 726/2556
f 727/2533 728/2534 729/2535
f 730/2536 731/2537 732/2538
f 733/2653 734/2654 735/2655
f 736/2650 737/2651 738/2652
f 739/2644 740/2645 741/2646
f 742/2647 743/2648 744/2649
f 745/2713 746/2714 747/2715
f 748/2695 749/2696 750/2697
f 751/2719 752/2720 753/2721
f 754/2716 755/2717 756/2718
f 757/2590 758/2591 759/2592
f 760/2587 761/2588 762/2589
f 763/2584 764/2585 765/2586
f 766/2581 767/2582 768/2583
f 769/1414 770/1415 771/1416
f 772/1417 773/1418 774/1419
f 775/1408 776/1409 777/1410
f 778/1411 779/1412 780/1413
f 781/1513 782/1514 783/1515
f 784/1516 785/1517 786/1518
f 787/1519 788/1520 789/1521
f 790/1534 791/1535 792/1536
f 793/1336 794/1337 795/1338
f 796/1339 797/1340 798/1341
f 799/1330 800/1331 801/1332
f 802/1333 803/1334 804/1335
f 805/1294 806/1295 807/1296
f 808/1297 809/1298 810/1299
f 811/1306 812/1307 813/1308
f 814/1309 815/1310 816/1311
f 817/2530 818/2531 819/2532
f 820/2527 821/2528 822/2529
f 823/2542 824/2543 825/2544
f 826/2539 827/2540 828/2541
f 829/2665 830/2666 831/2667
f 832/2662 833/2663 834/2664
f 835/2659 836/2660 837/2661
f 838/2656 839/2657 840/2658
f 841/2725 842/2726 843/2727
f 844/2722 845/2723 846/2724
f 847/2731 848/2732 849/2733
f 850/2728 851/2729 852/2730
f 853/2608 854/2609 855/2610
f 856/2605 857/2606 858/2607
f 859/2596 860/2597 861/2598
f 862/2593 863/2594 864/2595
f 865/1426 866/1427 867/1428
f 868/1423 869/1424 870/1425
f 871/1432 872/1433 873/1434
f 874/1429 875/1430 876/1431
f 877/1525 878/1526 879/1527
f 880/1522 881/1523 882/1524
f 883/1507 884/1508 885/1509
f 886/1510 887/1511 888/1512
f 889/1324 890/1325 891/1326
f 892/1327 893/1328 894/1329
f 895/1318 896/1319 897/1320
f 898/1321 899/1322 900/1323
f 901/1291 902/1292 903/1293
f 904/1288 905/1289 906/1290
f 907/1282 908/1283 909/1284
f 910/1285 911/1286 912/1287
f 913/2548 914/2549 915/2550
f 916/2545 917/2546 918/2547
f 919/2566 920/2567 921/2568
f 922/2563 923/2564 924/2565
f 925/2677 926/2678 927/2679
f 928/2674 929/2675 930/2676
f 931/2668 932/2669 933/2670
f 934/2671 935/2672 936/2673
f 937/2737 938/2738 939/2739
f 940/2734 941/2735 942/2736
f 943/2743 944/2744 945/2745
f 946/2740 947/2741 948/2742
f 949/2689 950/2690 951/2691
f 952/2686 953/2687 954/2688
f 955/2614 956/2615 957/2616
f 958/2611 959/2612 960/2613
f 961/1438 962/1439 963/1440
f 964/1435 965/1436 966/1437
f 967/1444 968/1445 969/1446
f 970/1447 971/1448 972/1449
f 973/1558 974/1559 975/1560
f 976/1555 977/1556 978/1557
f 979/1531 980/1532 981/1533
f 982/1528 983/1529 984/1530
f 985/1315 986/1316 987/1317
f 988/1312 989/1313 990/1314
f 991/1396 992/1397 993/1398
f 994/1399 995/1400 996/1401
f 997/1405 998/1406 999/1407
f 1000/1402 1001/1403 1002/1404
f 1003/1303 1004/1304 1005/1305
f 1006/1300 1007/1301 1008/1302
f 1009/2683 1010/2684 1011/2685
f 1012/2680 1013/2681 1014/2682
f 1015/2764 1016/2765 1017/2766
f 1018/2761 1019/2762 1020/2763
f 1021/2788 1022/2789 1023/2790
f 1024/2785 1025/2786 1026/2787
f 1027/2770 1028/2771 1029/2772
f 1030/2767 1031/2768 1032/2769
f 1033/2755 1034/2756 1035/2757
f 1036/2752 1037/2753 1038/2754
f 1039/2782 1040/2783 1041/2784
f 1042/2779 1043/2780 1044/2781
f 1045/2776 1046/2777 1047/2778
f 1048/2773 1049/2774 1050/2775
f 1051/2749 1052/2750 1053/2751
f 1054/2746 1055/2747 1056/2748
f 1057/1549 1058/1550 1059/1551
f 1060/1552 1061/1553 1062/1554
f 1063/1579 1064/1580 1065/1581
f 1066/1576 1067/1577 1068/1578
f 1069/1618 1070/1619 1071/1620
f 1072/1615 1073/1616 1074/1617
f 1075/1585 1076/1586 1077/1587
f 1078/1582 1079/1583 1080/1584
f 1081/1459 1082/1460 1083/1461
f 1084/1456 1085/1457 1086/1458
f 1087/1570 1088/1571 1089/1572
f 1090/1567 1091/1568 1092/1569
f 1093/1564 1094/1565 1095/1566
f 1096/1561 1097/1562 1098/1563
f 1099/1453 1100/1454 1101/1455
f 1102/1450 1103/1451 1104/1452
f 1105/3493 1106/3494 1107/3495
f 1108/3496 1109/3497 1110/3498
f 1111/3487 1112/3488 1113/3489
f 1114/3490 1115/3491 1116/3492
f 1117/1384 1118/1385 1119/1386
f 1120/1387 1121/1388 1122/1389
f 1123/1486 1124/1487 1125/1488
f 1126/1489 1127/1490 1128/1491
f 1129/3502 1130/3503 1131/3504
f 1132/3499 1133/3500 1134/3501
f 1135/3508 1136/3509 1137/3510
f 1138/3505 1139/3506 1140/3507
f 1141/1372 1142/1373 1143/1374
f 1144/1375 1145/1376 1146/1377
f 1147/1378 1148/1379 1149/1380
f 1150/1381 1151/1382 1152/1383
f 1153/3514 1154/3515 1155/3516
f 1156/3511 1157/3512 1158/3513
f 1159/3523 1160/3524 1161/3525
f 1162/3526 1163/3527 1164/3528
f 1165/1357 1166/1358 1167/1359
f 1168/1360 1169/1361 1170/1362
f 1171/1363 1172/1364 1173/1365
f 1174/1366 1175/1367 1176/1368
f 1177/1495 1178/1496 1179/1497
f 1180/1492 1181/1493 1182/1494
f 1183/1501 1184/1502 1185/1503
f 1186/1498 1187/1499 1188/1500
f 1189/1393 1190/1394 1191/1395
f 1192/1390 1193/1391 1194/1392
f 1195/1369 1196/1370 1197/1371
f 1198/1354 1199/1355 1200/1356
f 1201/2359 1202/2360 1203/2361
f 1204/1504 1205/1505 1206/1506
f 1207/2341 1208/2342 1209/2343
f 1210/2344 1211/2345 1212/2346
f 1213/1588 1214/1589 1215/1590
f 1216/1573 1217/1574 1218/1575
f 1219/1465 1220/1466 1221/1467
f 1222/1462 1223/1463 1224/1464
f 1225/2848 1226/2849 1227/2850
f 1228/2845 1229/2846 1230/2847
f 1231/2878 1232/2879 1233/2880
f 1234/2851 1235/2852 1236/2853
f 1237/2812 1238/2813 1239/2814
f 1240/2803 1241/2804 1242/2805
f 1243/2800 1244/2801 1245/2802
f 1246/2797 1247/2798 1248/2799
f 1249/2875 1250/2876 1251/2877
f 1252/2872 1253/2873 1254/2874
f 1255/2842 1256/2843 1257/2844
f 1258/2839 1259/2840 1260/2841
f 1261/2794 1262/2795 1263/2796
f 1264/2791 1265/2792 1266/2793
f 1267/2809 1268/2810 1269/2811
f 1270/2806 1271/2807 1272/2808
f 1273/2479 1274/2480 1275/2481
f 1276/2476 1277/2477 1278/2478
f 1279/1672 1280/1673 1281/1674
f 1282/1669 1283/1670 1284/1671
f 1285/1642 1286/1643 1287/1644
f 1288/1633 1289/1634 1290/1635
f 1291/1630 1292/1631 1293/1632
f 1294/1627 1295/1628 1296/1629
f 1297/2440 1298/2441 1299/2442
f 1300/2443 1301/2444 1302/2445
f 1303/2461 1304/2462 1305/2463
f 1306/2458 1307/2459 1308/2460
f 1309/1624 1310/1625 1311/1626
f 1312/1621 1313/1622 1314/1623
f 1315/1636 1316/1637 1317/1638
f 1318/1639 1319/1640 1320/1641
f 1321/2275 1322/2276 1323/2277
f 1324/2278 1325/2279 1326/2280
f 1327/2383 1328/2384 1329/2385
f 1330/2380 1331/2381 1332/2382
f 1333/2389 1334/2390 1335/2391
f 1336/2386 1337/2387 1338/2388
f 1339/2338 1340/2339 1341/2340
f 1342/2335 1343/2336 1344/2337
f 1345/913 1346/914 1347/915
f 1348/910 1349/911 1350/912
f 1351/919 1352/920 1353/921
f 1354/916 1355/917 1356/918
f 1357/748 1358/749 1359/750
f 1360/745 1361/746 1362/747
f 1363/742 1364/743 1365/744
f 1366/736 1367/737 1368/738
f 1369/1009 1370/1010 1371/1011
f 1372/1006 1373/1007 1374/1008
f 1375/1015 1376/1016 1377/1017
f 1378/1012 1379/1013 1380/1014
f 1381/895 1382/896 1383/897
f 1384/898 1385/899 1386/900
f 1387/889 1388/890 1389/891
f 1390/886 1391/887 1392/888
f 1393/979 1394/980 1395/981
f 1396/976 1397/977 1398/978
f 1399/991 1400/992 1401/993
f 1402/988 1403/989 1404/990
f 1405/829 1406/830 1407/831
f 1408/823 1409/824 1410/825
f 1411/820 1412/821 1413/822
f 1414/769 1415/770 1416/771
f 1417/925 1418/926 1419/927
f 1420/922 1421/923 1422/924
f 1423/931 1424/932 1425/933
f 1426/928 1427/929 1428/930
f 1429/721 1430/722 1431/723
f 1432/724 1433/725 1434/726
f 1435/754 1436/755 1437/756
f 1438/751 1439/752 1440/753
f 1441/997 1442/998 1443/999
f 1444/994 1445/995 1446/996
f 1447/1003 1448/1004 1449/1005
f 1450/1000 1451/1001 1452/1002
f 1453/883 1454/884 1455/885
f 1456/862 1457/863 1458/864
f 1459/865 1460/866 1461/867
f 1462/826 1463/827 1464/828
f 1465/940 1466/941 1467/942
f 1468/943 1469/944 1470/945
f 1471/934 1472/935 1473/936
f 1474/937 1475/938 1476/939
f 1477/739 1478/740 1479/741
f 1480/733 1481/734 1482/735
f 1483/757 1484/758 1485/759
f 1486/760 1487/761 1488/762
f 1489/967 1490/968 1491/969
f 1492/964 1493/965 1494/966
f 1495/973 1496/974 1497/975
f 1498/970 1499/971 1500/972
f 1501/766 1502/767 1503/768
f 1504/718 1505/719 1506/720
f 1507/715 1508/716 1509/717
f 1510/712 1511/713 1512/714
f 1513/952 1514/953 1515/954
f 1516/955 1517/956 1518/957
f 1519/946 1520/947 1521/948
f 1522/949 1523/950 1524/951
f 1525/763 1526/764 1527/765
f 1528/694 1529/695 1530/696
f 1531/697 1532/698 1533/699
f 1534/577 1535/578 1536/579
f 1537/1597 1538/1598 1539/1599
f 1540/1600 1541/1601 1542/1602
f 1543/1591 1544/1592 1545/1593
f 1546/1594 1547/1595 1548/1596
f 1549/1651 1550/1652 1551/1653
f 1552/1654 1553/1655 1554/1656
f 1555/3760 1556/3761 1557/3762
f 1558/3757 1559/3758 1560/3759
f 1561/217 1562/218 1563/219
f 1564/220 1565/221 1566/222
f 1567/211 1568/212 1569/213
f 1570/214 1571/215 1572/216
f 1573/367 1574/368 1575/369
f 1576/370 1577/371 1578/372
f 1579/373 1580/374 1581/375
f 1582/376 1583/377 1584/378
f 1585/2710 1586/2711 1587/2712
f 1588/2758 1589/2759 1590/2760
f 1591/2623 1592/2624 1593/2625
f 1594/2692 1595/2693 1596/2694
f 1597/2827 1598/2828 1599/2829
f 1600/2830 1601/2831 1602/2832
f 1603/2833 1604/2834 1605/2835
f 1606/2836 1607/2837 1608/2838
f 1609/334 1610/335 1611/336
f 1612/337 1613/338 1614/339
f 1615/223 1616/224 1617/225
f 1618/226 1619/227 1620/228
f 1621/379 1622/380 1623/381
f 1624/382 1625/383 1626/384
f 1627/385 1628/386 1629/387
f 1630/388 1631/389 1632/390
f 1633/232 1634/233 1635/234
f 1636/229 1637/230 1638/231
f 1639/241 1640/242 1641/243
f 1642/244 1643/245 1644/246
f 1645/409 1646/410 1647/411
f 1648/406 1649/407 1650/408
f 1651/391 1652/392 1653/393
f 1654/394 1655/395 1656/396
f 1657/2617 1658/2618 1659/2619
f 1660/2620 1661/2621 1662/2622
f 1663/2629 1664/2630 1665/2631
f 1666/2626 1667/2627 1668/2628
f 1669/2815 1670/2816 1671/2817
f 1672/2818 1673/2819 1674/2820
f 1675/2821 1676/2822 1677/2823
f 1678/2824 1679/2825 1680/2826
f 1681/1606 1682/1607 1683/1608
f 1684/1603 1685/1604 1686/1605
f 1687/1612 1688/1613 1689/1614
f 1690/1609 1691/1610 1692/1611
f 1693/1660 1694/1661 1695/1662
f 1696/1657 1697/1658 1698/1659
f 1699/1645 1700/1646 1701/1647
f 1702/1648 1703/1649 1704/1650
f 1705/3544 1706/3545 1707/3546
f 1708/3541 1709/3542 1710/3543
f 1711/3556 1712/3557 1713/3558
f 1714/3553 1715/3554 1716/3555
f 1717/3640 1718/3641 1719/3642
f 1720/3637 1721/3638 1722/3639
f 1723/3634 1724/3635 1725/3636
f 1726/3631 1727/3632 1728/3633
f 1729/3352 1730/3353 1731/3354
f 1732/451 1733/452 1734/453
f 1735/3835 1736/3836 1737/3837
f 1738/463 1739/464 1740/465
f 1741/457 1742/458 1743/459
f 1744/454 1745/455 1746/456
f 1747/448 1748/449 1749/450
f 1750/397 1751/398 1752/399
f 1753/856 1754/857 1755/858
f 1756/859 1757/860 1758/861
f 1759/850 1760/851 1761/852
f 1762/853 1763/854 1764/855
f 1765/679 1766/680 1767/681
f 1768/670 1769/671 1770/672
f 1771/730 1772/731 1773/732
f 1774/727 1775/728 1776/729
f 1777/655 1778/656 1779/657
f 1780/652 1781/653 1782/654
f 1783/703 1784/704 1785/705
f 1786/700 1787/701 1788/702
f 1789/706 1790/707 1791/708
f 1792/709 1793/710 1794/711
f 1795/658 1796/659 1797/660
f 1798/661 1799/662 1800/663
f 1801/502 1802/503 1803/504
f 1804/496 1805/497 1806/498
f 1807/505 1808/506 1809/507
f 1810/499 1811/500 1812/501
f 1813/475 1814/476 1815/477
f 1816/472 1817/473 1818/474
f 1819/469 1820/470 1821/471
f 1822/478 1823/479 1824/480
f 1825/541 1826/542 1827/543
f 1828/508 1829/509 1830/510
f 1831/544 1832/545 1833/546
f 1834/538 1835/539 1836/540
f 1837/535 1838/536 1839/537
f 1840/493 1841/494 1842/495
f 1843/490 1844/491 1845/492
f 1846/466 1847/467 1848/468
f 1849/2866 1850/2867 1851/2868
f 1852/2869 1853/2870 1854/2871
f 1855/3820 1856/3821 1857/3822
f 1858/3823 1859/3824 1860/3825
f 1861/3790 1862/3791 1863/3792
f 1864/3802 1865/3803 1866/3804
f 1867/1666 1868/1667 1869/1668
f 1870/1663 1871/1664 1872/1665
f 1873/460 1874/461 1875/462
f 1876/2881 1877/2882 1878/2883
f 1879/3832 1880/3833 1881/3834
f 1882/3838 1883/3839 1884/3840
f 1885/2863 1886/2864 1887/2865
f 1888/2860 1889/2861 1890/2862
f 1891/2857 1892/2858 1893/2859
f 1894/2854 1895/2855 1896/2856
f 1897/3772 1898/3773 1899/3774
f 1900/3775 1901/3776 1902/3777
f 1903/3796 1904/3797 1905/3798
f 1906/3769 1907/3770 1908/3771
f 1909/3739 1910/3740 1911/3741
f 1912/3742 1913/3743 1914/3744
f 1915/3754 1916/3755 1917/3756
f 1918/3751 1919/3752 1920/3753
f 1921/3337 1922/3338 1923/3339
f 1924/3334 1925/3335 1926/3336
f 1927/1246 1928/1247 1929/1248
f 1930/1243 1931/1244 1932/1245
f 1933/1078 1934/1079 1935/1080
f 1936/1075 1937/1076 1938/1077
f 1939/1147 1940/1148 1941/1149
f 1942/1144 1943/1145 1944/1146
f 1945/1177 1946/1178 1947/1179
f 1948/3331 1949/3332 1950/3333
f 1951/3328 1952/3329 1953/3330
f 1954/3325 1955/3326 1956/3327
f 1957/1153 1958/1154 1959/1155
f 1960/1156 1961/1157 1962/1158
f 1963/1141 1964/1142 1965/1143
f 1966/1150 1967/1151 1968/1152
f 1969/1249 1970/1250 1971/1251
f 1972/1252 1973/1253 1974/1254
f 1975/1060 1976/1061 1977/1062
f 1978/1057 1979/1058 1980/1059
f 1981/1072 1982/1073 1983/1074
f 1984/1063 1985/1064 1986/1065
f 1987/1240 1988/1241 1989/1242
f 1990/1237 1991/1238 1992/1239
f 1993/1051 1994/1052 1995/1053
f 1996/1048 1997/1049 1998/1050
f 1999/1045 2000/1046 2001/1047
f 2002/1042 2003/1043 2004/1044
f 2005/1258 2006/1259 2007/1260
f 2008/1255 2009/1256 2010/1257
f 2011/1264 2012/1265 2013/1266
f 2014/1261 2015/1262 2016/1263
f 2017/1267 2018/1268 2019/1269
f 2020/1273 2021/1274 2022/1275
f 2023/1276 2024/1277 2025/1278
f 2026/1279 2027/1280 2028/1281
f 2029/1069 2030/1070 2031/1071
f 2032/1081 2033/1082 2034/1083
f 2035/1054 2036/1055 2037/1056
f 2038/1066 2039/1067 2040/1068
f 2041/2488 2042/2489 2043/2490
f 2044/1090 2045/1091 2046/1092
f 2047/1087 2048/1088 2049/1089
f 2050/1084 2051/1085 2052/1086
f 2053/2515 2054/2516 2055/2517
f 2056/2518 2057/2519 2058/2520
f 2059/2482 2060/2483 2061/2484
f 2062/2485 2063/2486 2064/2487
f 2065/2407 2066/2408 2067/2409
f 2068/2410 2069/2411 2070/2412
f 2071/2413 2072/2414 2073/2415
f 2074/2416 2075/2417 2076/2418
f 2077/2305 2078/2306 2079/2307
f 2080/2308 2081/2309 2082/2310
f 2083/2251 2084/2252 2085/2253
f 2086/2254 2087/2255 2088/2256
f 2089/2392 2090/2393 2091/2394
f 2092/2398 2093/2399 2094/2400
f 2095/2401 2096/2402 2097/2403
f 2098/2404 2099/2405 2100/2406
f 2101/2260 2102/2261 2103/2262
f 2104/2257 2105/2258 2106/2259
f 2107/2263 2108/2264 2109/2265
f 2110/2266 2111/2267 2112/2268
f 2113/3025 2114/3026 2115/3027
f 2116/3022 2117/3023 2118/3024
f 2119/2917 2120/2918 2121/2919
f 2122/2914 2123/2915 2124/2916
f 2125/2959 2126/2960 2127/2961
f 2128/2956 2129/2957 2130/2958
f 2131/3031 2132/3032 2133/3033
f 2134/3028 2135/3029 2136/3030
f 2137/3190 2138/3191 2139/3192
f 2140/3187 2141/3188 2142/3189
f 2143/3163 2144/3164 2145/3165
f 2146/3160 2147/3161 2148/3162
f 2149/3007 2150/3008 2151/3009
f 2152/3004 2153/3005 2154/3006
f 2155/3151 2156/3152 2157/3153
f 2158/3148 2159/3149 2160/3150
f 2161/1882 2162/1883 2163/1884
f 2164/1885 2165/1886 2166/1887
f 2167/1888 2168/1889 2169/1890
f 2170/1891 2171/1892 2172/1893
f 2173/1984 2174/1985 2175/1986
f 2176/1987 2177/1988 2178/1989
f 2179/1978 2180/1979 2181/1980
f 2182/1981 2183/1982 2184/1983
f 2185/2905 2186/2906 2187/2907
f 2188/2902 2189/2903 2190/2904
f 2191/2899 2192/2900 2193/2901
f 2194/2896 2195/2897 2196/2898
f 2197/2950 2198/2951 2199/2952
f 2200/2944 2201/2945 2202/2946
f 2203/2953 2204/2954 2205/2955
f 2206/2947 2207/2948 2208/2949
f 2209/3145 2210/3146 2211/3147
f 2212/3142 2213/3143 2214/3144
f 2215/3133 2216/3134 2217/3135
f 2218/3130 2219/3131 2220/3132
f 2221/2989 2222/2990 2223/2991
f 2224/2986 2225/2987 2226/2988
f 2227/2995 2228/2996 2229/2997
f 2230/2992 2231/2993 2232/2994
f 2233/1894 2234/1895 2235/1896
f 2236/1897 2237/1898 2238/1899
f 2239/1900 2240/1901 2241/1902
f 2242/1903 2243/1904 2244/1905
f 2245/1996 2246/1997 2247/1998
f 2248/1999 2249/2000 2250/2001
f 2251/1990 2252/1991 2253/1992
f 2254/1993 2255/1994 2256/1995
f 2257/2893 2258/2894 2259/2895
f 2260/2890 2261/2891 2262/2892
f 2263/2887 2264/2888 2265/2889
f 2266/2884 2267/2885 2268/2886
f 2269/2941 2270/2942 2271/2943
f 2272/2932 2273/2933 2274/2934
f 2275/2938 2276/2939 2277/2940
f 2278/2935 2279/2936 2280/2937
f 2281/3127 2282/3128 2283/3129
f 2284/3124 2285/3125 2286/3126
f 2287/3121 2288/3122 2289/3123
f 2290/3118 2291/3119 2292/3120
f 2293/2977 2294/2978 2295/2979
f 2296/2974 2297/2975 2298/2976
f 2299/2983 2300/2984 2301/2985
f 2302/2980 2303/2981 2304/2982
f 2305/1915 2306/1916 2307/1917
f 2308/1912 2309/1913 2310/1914
f 2311/1918 2312/1919 2313/1920
f 2314/1921 2315/1922 2316/1923
f 2317/3214 2318/3215 2319/3216
f 2320/3217 2321/3218 2322/3219
f 2323/2005 2324/2006 2325/2007
f 2326/2002 2327/2003 2328/2004
f 2329/2908 2330/2909 2331/2910
f 2332/2911 2333/2912 2334/2913
f 2335/2920 2336/2921 2337/2922
f 2338/2923 2339/2924 2340/2925
f 2341/2962 2342/2963 2343/2964
f 2344/2965 2345/2966 2346/2967
f 2347/2929 2348/2930 2349/2931
f 2350/2926 2351/2927 2352/2928
f 2353/3109 2354/3110 2355/3111
f 2356/3112 2357/3113 2358/3114
f 2359/3115 2360/3116 2361/3117
f 2362/3136 2363/3137 2364/3138
f 2365/2998 2366/2999 2367/3000
f 2368/3001 2369/3002 2370/3003
f 2371/2968 2372/2969 2373/2970
f 2374/2971 2375/2972 2376/2973
f 2377/1924 2378/1925 2379/1926
f 2380/1927 2381/1928 2382/1929
f 2383/1936 2384/1937 2385/1938
f 2386/1939 2387/1940 2388/1941
f 2389/3226 2390/3227 2391/3228
f 2392/3229 2393/3230 2394/3231
f 2395/3220 2396/3221 2397/3222
f 2398/3223 2399/3224 2400/3225
f 2401/3010 2402/3011 2403/3012
f 2404/3013 2405/3014 2406/3015
f 2407/3088 2408/3089 2409/3090
f 2410/3091 2411/3092 2412/3093
f 2413/3100 2414/3101 2415/3102
f 2416/3097 2417/3098 2418/3099
f 2419/3070 2420/3071 2421/3072
f 2422/3073 2423/3074 2424/3075
f 2425/3139 2426/3140 2427/3141
f 2428/3154 2429/3155 2430/3156
f 2431/3157 2432/3158 2433/3159
f 2434/3199 2435/3200 2436/3201
f 2437/3094 2438/3095 2439/3096
f 2440/3106 2441/3107 2442/3108
f 2443/3016 2444/3017 2445/3018
f 2446/3019 2447/3020 2448/3021
f 2449/2011 2450/2012 2451/2013
f 2452/2008 2453/2009 2454/2010
f 2455/2119 2456/2120 2457/2121
f 2458/2122 2459/2123 2460/2124
f 2461/3250 2462/3251 2463/3252
f 2464/3253 2465/3254 2466/3255
f 2467/3232 2468/3233 2469/3234
f 2470/3241 2471/3242 2472/3243
f 2473/3268 2474/3269 2475/3270
f 2476/3277 2477/3278 2478/3279
f 2479/3280 2480/3281 2481/3282
f 2482/3283 2483/3284 2484/3285
f 2485/3208 2486/3209 2487/3210
f 2488/3211 2489/3212 2490/3213
f 2491/3202 2492/3203 2493/3204
f 2494/3205 2495/3206 2496/3207
f 2497/3295 2498/3296 2499/3297
f 2500/3292 2501/3293 2502/3294
f 2503/3274 2504/3275 2505/3276
f 2506/3271 2507/3272 2508/3273
f 2509/3238 2510/3239 2511/3240
f 2512/3235 2513/3236 2514/3237
f 2515/3247 2516/3248 2517/3249
f 2518/3244 2519/3245 2520/3246
f 2521/2215 2522/2216 2523/2217
f 2524/2218 2525/2219 2526/2220
f 2527/3319 2528/3320 2529/3321
f 2530/3316 2531/3317 2532/3318
f 2533/3262 2534/3263 2535/3264
f 2536/3265 2537/3266 2538/3267
f 2539/2143 2540/2144 2541/2145
f 2542/2152 2543/2153 2544/2154
f 2545/1744 2546/1745 2547/1746
f 2548/1741 2549/1742 2550/1743
f 2551/1702 2552/1703 2553/1704
f 2554/1699 2555/1700 2556/1701
f 2557/1768 2558/1769 2559/1770
f 2560/1765 2561/1766 2562/1767
f 2563/1780 2564/1781 2565/1782
f 2566/1771 2567/1772 2568/1773
f 2569/1852 2570/1853 2571/1854
f 2572/1849 2573/1850 2574/1851
f 2575/1828 2576/1829 2577/1830
f 2578/1825 2579/1826 2580/1827
f 2581/1732 2582/1733 2583/1734
f 2584/1729 2585/1730 2586/1731
f 2587/1792 2588/1793 2589/1794
f 2590/1789 2591/1790 2592/1791
f 2593/3667 2594/3668 2595/3669
f 2596/3664 2597/3665 2598/3666
f 2599/3670 2600/3671 2601/3672
f 2602/3673 2603/3674 2604/3675
f 2605/2068 2606/2069 2607/2070
f 2608/2065 2609/2066 2610/2067
f 2611/2086 2612/2087 2613/2088
f 2614/2083 2615/2084 2616/2085
f 2617/3478 2618/3479 2619/3480
f 2620/3475 2621/3476 2622/3477
f 2623/3358 2624/3359 2625/3360
f 2626/3355 2627/3356 2628/3357
f 2629/3562 2630/3563 2631/3564
f 2632/3559 2633/3560 2634/3561
f 2635/3568 2636/3569 2637/3570
f 2638/3565 2639/3566 2640/3567
f 2641/1690 2642/1691 2643/1692
f 2644/1687 2645/1688 2646/1689
f 2647/1684 2648/1685 2649/1686
f 2650/1681 2651/1682 2652/1683
f 2653/1756 2654/1757 2655/1758
f 2656/1753 2657/1754 2658/1755
f 2659/1762 2660/1763 2661/1764
f 2662/1759 2663/1760 2664/1761
f 2665/1822 2666/1823 2667/1824
f 2668/1819 2669/1820 2670/1821
f 2671/1816 2672/1817 2673/1818
f 2674/1813 2675/1814 2676/1815
f 2677/1720 2678/1721 2679/1722
f 2680/1717 2681/1718 2682/1719
f 2683/1726 2684/1727 2685/1728
f 2686/1723 2687/1724 2688/1725
f 2689/3679 2690/3680 2691/3681
f 2692/3676 2693/3677 2694/3678
f 2695/3682 2696/3683 2697/3684
f 2698/3685 2699/3686 2700/3687
f 2701/2056 2702/2057 2703/2058
f 2704/2053 2705/2054 2706/2055
f 2707/2062 2708/2063 2709/2064
f 2710/2059 2711/2060 2712/2061
f 2713/3361 2714/3362 2715/3363
f 2716/3364 2717/3365 2718/3366
f 2719/3367 2720/3368 2721/3369
f 2722/3370 2723/3371 2724/3372
f 2725/3577 2726/3578 2727/3579
f 2728/3580 2729/3581 2730/3582
f 2731/3571 2732/3572 2733/3573
f 2734/3574 2735/3575 2736/3576
f 2737/1678 2738/1679 2739/1680
f 2740/1675 2741/1676 2742/1677
f 2743/1693 2744/1694 2745/1695
f 2746/1696 2747/1697 2748/1698
f 2749/1774 2750/1775 2751/1776
f 2752/1777 2753/1778 2754/1779
f 2755/1750 2756/1751 2757/1752
f 2758/1747 2759/1748 2760/1749
f 2761/1807 2762/1808 2763/1809
f 2764/1810 2765/1811 2766/1812
f 2767/1831 2768/1832 2769/1833
f 2770/1834 2771/1835 2772/1836
f 2773/1735 2774/1736 2775/1737
f 2776/1738 2777/1739 2778/1740
f 2779/1711 2780/1712 2781/1713
f 2782/1714 2783/1715 2784/1716
f 2785/3688 2786/3689 2787/3690
f 2788/3691 2789/3692 2790/3693
f 2791/3694 2792/3695 2793/3696
f 2794/3697 2795/3698 2796/3699
f 2797/2071 2798/2072 2799/2073
f 2800/2074 2801/2075 2802/2076
f 2803/2047 2804/2048 2805/2049
f 2806/2050 2807/2051 2808/2052
f 2809/3373 2810/3374 2811/3375
f 2812/3376 2813/3377 2814/3378
f 2815/3379 2816/3380 2817/3381
f 2818/3382 2819/3383 2820/3384
f 2821/3589 2822/3590 2823/3591
f 2824/3592 2825/3593 2826/3594
f 2827/3583 2828/3584 2829/3585
f 2830/3586 2831/3587 2832/3588
f 2833/1705 2834/1706 2835/1707
f 2836/1708 2837/1709 2838/1710
f 2839/1801 2840/1802 2841/1803
f 2842/1804 2843/1805 2844/1806
f 2845/1906 2846/1907 2847/1908
f 2848/1909 2849/1910 2850/1911
f 2851/1783 2852/1784 2853/1785
f 2854/1786 2855/1787 2856/1788
f 2857/1837 2858/1838 2859/1839
f 2860/1840 2861/1841 2862/1842
f 2863/1951 2864/1952 2865/1953
f 2866/1954 2867/1955 2868/1956
f 2869/1843 2870/1844 2871/1845
f 2872/1846 2873/1847 2874/1848
f 2875/1795 2876/1796 2877/1797
f 2878/1798 2879/1799 2880/1800
f 2881/3700 2882/3701 2883/3702
f 2884/3703 2885/3704 2886/3705
f 2887/3784 2888/3785 2889/3786
f 2890/3787 2891/3788 2892/3789
f 2893/2101 2894/2102 2895/2103
f 2896/2104 2897/2105 2898/2106
f 2899/2077 2900/2078 2901/2079
f 2902/2080 2903/2081 2904/2082
f 2905/3385 2906/3386 2907/3387
f 2908/3388 2909/3389 2910/3390
f 2911/3529 2912/3530 2913/3531
f 2914/3532 2915/3533 2916/3534
f 2917/3613 2918/3614 2919/3615
f 2920/3616 2921/3617 2922/3618
f 2923/3595 2924/3596 2925/3597
f 2926/3598 2927/3599 2928/3600
f 2929/1945 2930/1946 2931/1947
f 2932/1948 2933/1949 2934/1950
f 2935/1963 2936/1964 2937/1965
f 2938/1966 2939/1967 2940/1968
f 2941/1972 2942/1973 2943/1974
f 2944/1969 2945/1970 2946/1971
f 2947/1930 2948/1931 2949/1932
f 2950/1933 2951/1934 2952/1935
f 2953/2038 2954/2039 2955/2040
f 2956/2041 2957/2042 2958/2043
f 2959/2044 2960/2045 2961/2046
f 2962/2107 2963/2108 2964/2109
f 2965/2032 2966/2033 2967/2034
f 2968/2035 2969/2036 2970/2037
f 2971/1957 2972/1958 2973/1959
f 2974/1960 2975/1961 2976/1962
f 2977/3814 2978/3815 2979/3816
f 2980/3817 2981/3818 2982/3819
f 2983/2506 2984/2507 2985/2508
f 2986/2503 2987/2504 2988/2505
f 2989/2161 2990/2162 2991/2163
f 2992/2164 2993/2165 2994/2166
f 2995/2125 2996/2126 2997/2127
f 2998/2128 2999/2129 3000/2130
f 3001/2365 3002/2366 3003/2367
f 3004/2362 3005/2363 3006/2364
f 3007/2320 3008/2321 3009/2322
f 3010/2317 3011/2318 3012/2319
f 3013/2371 3014/2372 3015/2373
f 3016/2368 3017/2369 3018/2370
f 3019/3730 3020/3731 3021/3732
f 3022/3733 3023/3734 3024/3735
f 3025/3481 3026/3482 3027/3483
f 3028/3484 3029/3485 3030/3486
f 3031/3439 3032/3440 3033/3441
f 3034/3436 3035/3437 3036/3438
f 3037/3424 3038/3425 3039/3426
f 3040/3421 3041/3422 3042/3423
f 3043/3472 3044/3473 3045/3474
f 3046/3469 3047/3470 3048/3471
f 3049/3427 3050/3428 3051/3429
f 3052/3430 3053/3431 3054/3432
f 3055/3433 3056/3434 3057/3435
f 3058/3445 3059/3446 3060/3447
f 3061/3397 3062/3398 3063/3399
f 3064/3400 3065/3401 3066/3402
f 3067/3391 3068/3392 3069/3393
f 3070/3394 3071/3395 3072/3396
f 3073/3442 3074/3443 3075/3444
f 3076/3448 3077/3449 3078/3450
f 3079/3451 3080/3452 3081/3453
f 3082/3454 3083/3455 3084/3456
f 3085/3409 3086/3410 3087/3411
f 3088/3412 3089/3413 3090/3414
f 3091/3403 3092/3404 3093/3405
f 3094/3406 3095/3407 3096/3408
f 3097/3457 3098/3458 3099/3459
f 3100/3460 3101/3461 3102/3462
f 3103/3517 3104/3518 3105/3519
f 3106/3520 3107/3521 3108/3522
f 3109/3463 3110/3464 3111/3465
f 3112/3466 3113/3467 3114/3468
f 3115/3415 3116/3416 3117/3417
f 3118/3418 3119/3419 3120/3420
f 3121/2353 3122/2354 3123/2355
f 3124/2356 3125/2357 3126/2358
f 3127/2332 3128/2333 3129/2334
f 3130/2329 3131/2330 3132/2331
f 3133/2314 3134/2315 3135/2316
f 3136/2311 3137/2312 3138/2313
f 3139/2350 3140/2351 3141/2352
f 3142/2347 3143/2348 3144/2349
f 3145/2185 3146/2186 3147/2187
f 3148/2188 3149/2189 3150/2190
f 3151/2197 3152/2198 3153/2199
f 3154/2200 3155/2201 3156/2202
f 3157/2137 3158/2138 3159/2139
f 3160/2140 3161/2141 3162/2142
f 3163/2131 3164/2132 3165/2133
f 3166/2134 3167/2135 3168/2136
f 3169/2206 3170/2207 3171/2208
f 3172/2203 3173/2204 3174/2205
f 3175/2194 3176/2195 3177/2196
f 3178/2191 3179/2192 3180/2193
f 3181/2149 3182/2150 3183/2151
f 3184/2146 3185/2147 3186/2148
f 3187/2158 3188/2159 3189/2160
f 3190/2155 3191/2156 3192/2157
f 3193/2494 3194/2495 3195/2496
f 3196/2491 3197/2492 3198/2493
f 3199/2524 3200/2525 3201/2526
f 3202/2521 3203/2522 3204/2523
f 3205/2212 3206/2213 3207/2214
f 3208/2209 3209/2210 3210/2211
f 3211/2500 3212/2501 3213/2502
f 3214/2497 3215/2498 3216/2499
f 3217/2245 3218/2246 3219/2247
f 3220/2248 3221/2249 3222/2250
f 3223/2299 3224/2300 3225/2301
f 3226/2302 3227/2303 3228/2304
f 3229/2323 3230/2324 3231/2325
f 3232/2326 3233/2327 3234/2328
f 3235/2296 3236/2297 3237/2298
f 3238/2293 3239/2294 3240/2295
f 3241/2236 3242/2237 3243/2238
f 3244/2233 3245/2234 3246/2235
f 3247/2239 3248/2240 3249/2241
f 3250/2242 3251/2243 3252/2244
f 3253/2284 3254/2285 3255/2286
f 3256/2281 3257/2282 3258/2283
f 3259/2290 3260/2291 3261/2292
f 3262/2287 3263/2288 3264/2289
f 3265/790 3266/791 3267/792
f 3268/787 3269/788 3270/789
f 3271/778 3272/779 3273/780
f 3274/775 3275/776 3276/777
f 3277/592 3278/593 3279/594
f 3280/604 3281/605 3282/606
f 3283/562 3284/563 3285/564
f 3286/595 3287/596 3288/597
f 3289/1027 3290/1028 3291/1029
f 3292/1024 3293/1025 3294/1026
f 3295/1018 3296/1019 3297/1020
f 3298/1021 3299/1022 3300/1023
f 3301/892 3302/893 3303/894
f 3304/901 3305/902 3306/903
f 3307/877 3308/878 3309/879
f 3310/880 3311/881 3312/882
f 3313/904 3314/905 3315/906
f 3316/907 3317/908 3318/909
f 3319/982 3320/983 3321/984
f 3322/985 3323/986 3324/987
f 3325/667 3326/668 3327/669
f 3328/682 3329/683 3330/684
f 3331/649 3332/650 3333/651
f 3334/664 3335/665 3336/666
f 3337/772 3338/773 3339/774
f 3340/781 3341/782 3342/783
f 3343/784 3344/785 3345/786
f 3346/799 3347/800 3348/801
f 3349/625 3350/626 3351/627
f 3352/628 3353/629 3354/630
f 3355/607 3356/608 3357/609
f 3358/610 3359/611 3360/612
f 3361/1039 3362/1040 3363/1041
f 3364/1036 3365/1037 3366/1038
f 3367/1033 3368/1034 3369/1035
f 3370/1030 3371/1031 3372/1032
f 3373/835 3374/836 3375/837
f 3376/874 3377/875 3378/876
f 3379/691 3380/692 3381/693
f 3382/832 3383/833 3384/834
f 3385/808 3386/809 3387/810
f 3388/805 3389/806 3390/807
f 3391/796 3392/797 3393/798
f 3394/793 3395/794 3396/795
f 3397/553 3398/554 3399/555
f 3400/565 3401/566 3402/567
f 3403/556 3404/557 3405/558
f 3406/559 3407/560 3408/561
f 3409/802 3410/803 3411/804
f 3412/811 3413/812 3414/813
f 3415/814 3416/815 3417/816
f 3418/817 3419/818 3420/819
f 3421/643 3422/644 3423/645
f 3424/646 3425/647 3426/648
f 3427/637 3428/638 3429/639
f 3430/640 3431/641 3432/642
f 3433/958 3434/959 3435/960
f 3436/961 3437/962 3438/963
f 3439/871 3440/872 3441/873
f 3442/868 3443/869 3444/870
f 3445/574 3446/575 3447/576
f 3448/571 3449/572 3450/573
f 3451/580 3452/581 3453/582
f 3454/583 3455/584 3456/585
f 3457/3604 3458/3605 3459/3606
f 3460/3601 3461/3602 3462/3603
f 3463/3607 3464/3608 3465/3609
f 3466/3610 3467/3611 3468/3612
f 3469/3652 3470/3653 3471/3654
f 3472/3655 3473/3656 3474/3657
f 3475/3646 3476/3647 3477/3648
f 3478/3643 3479/3644 3480/3645
f 3481/3196 3482/3197 3483/3198
f 3484/3193 3485/3194 3486/3195
f 3487/3184 3488/3185 3489/3186
f 3490/3175 3491/3176 3492/3177
f 3493/3307 3494/3308 3495/3309
f 3496/3298 3497/3299 3498/3300
f 3499/3322 3500/3323 3501/3324
f 3502/3313 3503/3314 3504/3315
f 3505/2023 3506/2024 3507/2025
f 3508/1873 3509/1874 3510/1875
f 3511/1870 3512/1871 3513/1872
f 3514/1861 3515/1862 3516/1863
f 3517/2092 3518/2093 3519/2094
f 3520/2029 3521/2030 3522/2031
f 3523/2098 3524/2099 3525/2100
f 3526/2095 3527/2096 3528/2097
f 3529/1876 3530/1877 3531/1878
f 3532/1879 3533/1880 3534/1881
f 3535/1942 3536/1943 3537/1944
f 3538/1975 3539/1976 3540/1977
f 3541/2167 3542/2168 3543/2169
f 3544/2170 3545/2171 3546/2172
f 3547/2113 3548/2114 3549/2115
f 3550/2110 3551/2111 3552/2112
f 3553/3172 3554/3173 3555/3174
f 3556/3169 3557/3170 3558/3171
f 3559/3181 3560/3182 3561/3183
f 3562/3178 3563/3179 3564/3180
f 3565/415 3566/416 3567/417
f 3568/412 3569/413 3570/414
f 3571/3301 3572/3302 3573/3303
f 3574/3304 3575/3305 3576/3306
f 3577/1858 3578/1859 3579/1860
f 3580/1855 3581/1856 3582/1857
f 3583/1864 3584/1865 3585/1866
f 3586/1867 3587/1868 3588/1869
f 3589/2017 3590/2018 3591/2019
f 3592/2014 3593/2015 3594/2016
f 3595/2026 3596/2027 3597/2028
f 3598/2020 3599/2021 3600/2022
f 3601/3658 3602/3659 3603/3660
f 3604/3661 3605/3662 3606/3663
f 3607/3724 3608/3725 3609/3726
f 3610/2089 3611/2090 3612/2091
f 3613/3721 3614/3722 3615/3723
f 3616/3727 3617/3728 3618/3729
f 3619/3706 3620/3707 3621/3708
f 3622/3709 3623/3710 3624/3711
f 3625/3538 3626/3539 3627/3540
f 3628/3535 3629/3536 3630/3537
f 3631/3547 3632/3548 3633/3549
f 3634/3550 3635/3551 3636/3552
f 3637/3622 3638/3623 3639/3624
f 3640/3619 3641/3620 3642/3621
f 3643/3628 3644/3629 3645/3630
f 3646/3625 3647/3626 3648/3627
f 3649/3346 3650/3347 3651/3348
f 3652/3349 3653/3350 3654/3351
f 3655/2230 3656/2231 3657/2232
f 3658/3829 3659/3830 3660/3831
f 3661/3343 3662/3344 3663/3345
f 3664/2227 3665/2228 3666/2229
f 3667/3310 3668/3311 3669/3312
f 3670/3340 3671/3341 3672/3342
f 3673/838 3674/839 3675/840
f 3676/841 3677/842 3678/843
f 3679/844 3680/845 3681/846
f 3682/847 3683/848 3684/849
f 3685/673 3686/674 3687/675
f 3688/676 3689/677 3690/678
f 3691/688 3692/689 3693/690
f 3694/685 3695/686 3696/687
f 3697/598 3698/599 3699/600
f 3700/601 3701/602 3702/603
f 3703/613 3704/614 3705/615
f 3706/616 3707/617 3708/618
f 3709/631 3710/632 3711/633
f 3712/634 3713/635 3714/636
f 3715/622 3716/623 3717/624
f 3718/619 3719/620 3720/621
f 3721/532 3722/533 3723/534
f 3724/547 3725/548 3726/549
f 3727/550 3728/551 3729/552
f 3730/568 3731/569 3732/570
f 3733/586 3734/587 3735/588
f 3736/589 3737/590 3738/591
f 3739/484 3740/485 3741/486
f 3742/487 3743/488 3744/489
f 3745/511 3746/512 3747/513
f 3748/517 3749/518 3750/519
f 3751/520 3752/521 3753/522
f 3754/523 3755/524 3756/525
f 3757/526 3758/527 3759/528
f 3760/529 3761/530 3762/531
f 3763/481 3764/482 3765/483
f 3766/514 3767/515 3768/516
f 3769/3799 3770/3800 3771/3801
f 3772/3811 3773/3812 3774/3813
f 3775/3805 3776/3806 3777/3807
f 3778/3808 3779/3809 3780/3810
f 3781/3766 3782/3767 3783/3768
f 3784/3763 3785/3764 3786/3765
f 3787/3778 3788/3779 3789/3780
f 3790/3781 3791/3782 3792/3783
f 3793/2176 3794/2177 3795/2178
f 3796/2221 3797/2222 3798/2223
f 3799/2224 3800/2225 3801/2226
f 3802/3826 3803/3827 3804/3828
f 3805/2179 3806/2180 3807/2181
f 3808/2182 3809/2183 3810/2184
f 3811/2116 3812/2117 3813/2118
f 3814/2173 3815/2174 3816/2175
f 3817/3718 3818/3719 3819/3720
f 3820/3745 3821/3746 3822/3747
f 3823/3748 3824/3749 3825/3750
f 3826/3793 3827/3794 3828/3795
f 3829/3715 3830/3716 3831/3717
f 3832/3736 3833/3737 3834/3738
f 3835/3649 3836/3650 3837/3651
f 3838/3712 3839/3713 3840/3714
f 3841/3904 3842/3905 3843/3906
f 3844/3901 3845/3902 3846/3903
f 3847/4390 3848/4391 3849/4392
f 3850/4387 3851/4388 3852/4389
f 3853/4300 3854/4301 3855/4302
f 3856/4297 3857/4298 3858/4299
f 3859/4333 3860/4334 3861/4335
f 3862/4336 3863/4337 3864/4338
f 3865/4351 3866/4352 3867/4353
f 3868/4354 3869/4355 3870/4356
f 3871/4246 3872/4247 3873/4248
f 3874/4243 3875/4244 3876/4245
f 3877/4156 3878/4157 3879/4158
f 3880/4153 3881/4154 3882/4155
f 3883/4192 3884/4193 3885/4194
f 3886/4189 3887/4190 3888/4191
f 3889/4207 3890/4208 3891/4209
f 3892/4210 3893/4211 3894/4212
f 3895/4102 3896/4103 3897/4104
f 3898/4099 3899/4100 3900/4101
f 3901/4048 3902/4049 3903/4050
f 3904/4045 3905/4046 3906/4047
f 3907/4012 3908/4013 3909/4014
f 3910/4009 3911/4010 3912/4011
f 3913/4063 3914/4064 3915/4065
f 3916/4066 3917/4067 3918/4068
f 3919/3958 3920/3959 3921/3960
f 3922/3955 3923/3956 3924/3957
f 3925/3868 3926/3869 3927/3870
f 3928/3865 3929/3866 3930/3867
f 3931/3919 3932/3920 3933/3921
f 3934/3922 3935/3923 3936/3924
f 3937/3880 3938/3881 3939/3882
f 3940/3877 3941/3878 3942/3879
f 3943/3886 3944/3887 3945/3888
f 3946/3883 3947/3884 3948/3885
f 3949/3892 3950/3893 3951/3894
f 3952/3889 3953/3890 3954/3891
f 3955/3898 3956/3899 3957/3900
f 3958/3895 3959/3896 3960/3897
f 3961/3979 3962/3980 3963/3981
f 3964/3982 3965/3983 3966/3984
f 3967/3973 3968/3974 3969/3975
f 3970/3976 3971/3977 3972/3978
f 3973/3970 3974/3971 3975/3972
f 3976/3967 3977/3968 3978/3969
f 3979/3961 3980/3962 3981/3963
f 3982/3964 3983/3965 3984/3966
f 3985/4087 3986/4088 3987/4089
f 3988/4090 3989/4091 3990/4092
f 3991/4081 3992/4082 3993/4083
f 3994/4084 3995/4085 3996/4086
f 3997/4075 3998/4076 3999/4077
f 4000/4078 4001/4079 4002/4080
f 4003/4069 4004/4070 4005/4071
f 4006/4072 4007/4073 4008/4074
f 4009/3997 4010/3998 4011/3999
f 4012/4000 4013/4001 4014/4002
f 4015/3991 4016/3992 4017/3993
f 4018/3994 4019/3995 4020/3996
f 4021/3985 4022/3986 4023/3987
f 4024/3988 4025/3989 4026/3990
f 4027/4006 4028/4007 4029/4008
f 4030/4003 4031/4004 4032/4005
f 4033/4024 4034/4025 4035/4026
f 4036/4021 4037/4022 4038/4023
f 4039/4030 4040/4031 4041/4032
f 4042/4027 4043/4028 4044/4029
f 4045/4036 4046/4037 4047/4038
f 4048/4033 4049/4034 4050/4035
f 4051/4042 4052/4043 4053/4044
f 4054/4039 4055/4040 4056/4041
f 4057/4126 4058/4127 4059/4128
f 4060/4123 4061/4124 4062/4125
f 4063/4120 4064/4121 4065/4122
f 4066/4117 4067/4118 4068/4119
f 4069/4114 4070/4115 4071/4116
f 4072/4111 4073/4112 4074/4113
f 4075/4105 4076/4106 4077/4107
f 4078/4108 4079/4109 4080/4110
f 4081/4231 4082/4232 4083/4233
f 4084/4234 4085/4235 4086/4236
f 4087/4225 4088/4226 4089/4227
f 4090/4228 4091/4229 4092/4230
f 4093/4219 4094/4220 4095/4221
f 4096/4222 4097/4223 4098/4224
f 4099/4213 4100/4214 4101/4215
f 4102/4216 4103/4217 4104/4218
f 4105/4165 4106/4166 4107/4167
f 4108/4168 4109/4169 4110/4170
f 4111/4174 4112/4175 4113/4176
f 4114/4171 4115/4172 4116/4173
f 4117/4180 4118/4181 4119/4182
f 4120/4177 4121/4178 4122/4179
f 4123/4183 4124/4184 4125/4185
f 4126/4186 4127/4187 4128/4188
f 4129/4141 4130/4142 4131/4143
f 4132/4144 4133/4145 4134/4146
f 4135/4135 4136/4136 4137/4137
f 4138/4138 4139/4139 4140/4140
f 4141/4129 4142/4130 4143/4131
f 4144/4132 4145/4133 4146/4134
f 4147/4150 4148/4151 4149/4152
f 4150/4147 4151/4148 4152/4149
f 4153/4267 4154/4268 4155/4269
f 4156/4270 4157/4271 4158/4272
f 4159/4261 4160/4262 4161/4263
f 4162/4264 4163/4265 4164/4266
f 4165/4255 4166/4256 4167/4257
f 4168/4258 4169/4259 4170/4260
f 4171/4252 4172/4253 4173/4254
f 4174/4249 4175/4250 4176/4251
f 4177/4375 4178/4376 4179/4377
f 4180/4378 4181/4379 4182/4380
f 4183/4369 4184/4370 4185/4371
f 4186/4372 4187/4373 4188/4374
f 4189/4363 4190/4364 4191/4365
f 4192/4366 4193/4367 4194/4368
f 4195/4357 4196/4358 4197/4359
f 4198/4360 4199/4361 4200/4362
f 4201/4309 4202/4310 4203/4311
f 4204/4312 4205/4313 4206/4314
f 4207/4318 4208/4319 4209/4320
f 4210/4315 4211/4316 4212/4317
f 4213/4324 4214/4325 4215/4326
f 4216/4321 4217/4322 4218/4323
f 4219/4330 4220/4331 4221/4332
f 4222/4327 4223/4328 4224/4329
f 4225/4285 4226/4286 4227/4287
f 4228/4288 4229/4289 4230/4290
f 4231/4279 4232/4280 4233/4281
f 4234/4282 4235/4283 4236/4284
f 4237/4273 4238/4274 4239/4275
f 4240/4276 4241/4277 4242/4278
f 4243/4294 4244/4295 4245/4296
f 4246/4291 4247/4292 4248/4293
f 4249/4411 4250/4412 4251/4413
f 4252/4414 4253/4415 4254/4416
f 4255/4408 4256/4409 4257/4410
f 4258/4405 4259/4406 4260/4407
f 4261/4402 4262/4403 4263/4404
f 4264/4399 4265/4400 4266/4401
f 4267/4393 4268/4394 4269/4395
f 4270/4396 4271/4397 4272/4398
f 4273/3943 4274/3944 4275/3945
f 4276/3946 4277/3947 4278/3948
f 4279/3937 4280/3938 4281/3939
f 4282/3940 4283/3941 4284/3942
f 4285/3931 4286/3932 4287/3933
f 4288/3934 4289/3935 4290/3936
f 4291/3925 4292/3926 4293/3927
f 4294/3928 4295/3929 4296/3930
f 4297/3853 4298/3854 4299/3855
f 4300/3856 4301/3857 4302/3858
f 4303/3847 4304/3848 4305/3849
f 4306/3850 4307/3851 4308/3852
f 4309/3841 4310/3842 4311/3843
f 4312/3844 4313/3845 4314/3846
f 4315/3862 4316/3863 4317/3864
f 4318/3859 4319/3860 4320/3861
f 4321/3871 4322/3872 4323/3873
f 4324/3874 4325/3875 4326/3876
f 4327/3913 4328/3914 4329/3915
f 4330/3916 4331/3917 4332/3918
f 4333/4384 4334/4385 4335/4386
f 4336/4381 4337/4382 4338/4383
f 4339/4303 4340/4304 4341/4305
f 4342/4306 4343/4307 4344/4308
f 4345/4339 4346/4340 4347/4341
f 4348/4342 4349/4343 4350/4344
f 4351/4345 4352/4346 4353/4347
f 4354/4348 4355/4349 4356/4350
f 4357/4240 4358/4241 4359/4242
f 4360/4237 4361/4238 4362/4239
f 4363/4159 4364/4160 4365/4161
f 4366/4162 4367/4163 4368/4164
f 4369/4195 4370/4196 4371/4197
f 4372/4198 4373/4199 4374/4200
f 4375/4201 4376/4202 4377/4203
f 4378/4204 4379/4205 4380/4206
f 4381/4096 4382/4097 4383/4098
f 4384/4093 4385/4094 4386/4095
f 4387/4051 4388/4052 4389/4053
f 4390/4054 4391/4055 4392/4056
f 4393/4015 4394/4016 4395/4017
f 4396/4018 4397/4019 4398/4020
f 4399/4057 4400/4058 4401/4059
f 4402/4060 4403/4061 4404/4062
f 4405/3952 4406/3953 4407/3954
f 4408/3949 4409/3950 4410/3951
f 4411/3910 4412/3911 4413/3912
f 4414/3907 4415/3908 4416/3909
f 4417/4657 4418/4658 4419/4659
f 4420/4654 4421/4655 4422/4656
f 4423/4699 4424/4700 4425/4701
f 4426/4690 4427/4691 4428/4692
f 4429/4675 4430/4676 4431/4677
f 4432/4669 4433/4670 4434/4671
f 4435/4693 4436/4694 4437/4695
f 4438/4678 4439/4679 4440/4680
f 4441/4672 4442/4673 4443/4674
f 4444/4666 4445/4667 4446/4668
f 4447/4660 4448/4661 4449/4662
f 4450/4663 4451/4664 4452/4665
f 4453/4645 4454/4646 4455/4647
f 4456/4651 4457/4652 4458/4653
f 4459/4687 4460/4688 4461/4689
f 4462/4684 4463/4685 4464/4686
f 4465/4681 4466/4682 4467/4683
f 4468/4648 4469/4649 4470/4650
f 4471/4603 4472/4604 4473/4605
f 4474/4642 4475/4643 4476/4644
f 4477/4639 4478/4640 4479/4641
f 4480/4606 4481/4607 4482/4608
f 4483/4582 4484/4583 4485/4584
f 4486/4561 4487/4562 4488/4563
f 4489/4609 4490/4610 4491/4611
f 4492/4612 4493/4613 4494/4614
f 4495/4459 4496/4460 4497/4461
f 4498/4462 4499/4463 4500/4464
f 4501/4615 4502/4616 4503/4617
f 4504/4618 4505/4619 4506/4620
f 4507/4465 4508/4466 4509/4467
f 4510/4519 4511/4520 4512/4521
f 4513/4516 4514/4517 4515/4518
f 4516/4513 4517/4514 4518/4515
f 4519/4510 4520/4511 4521/4512
f 4522/4504 4523/4505 4524/4506
f 4525/5050 4526/5051 4527/5052
f 4528/5149 4529/5150 4530/5151
f 4531/5047 4532/5048 4533/5049
f 4534/5044 4535/5045 4536/5046
f 4537/5134 4538/5135 4539/5136
f 4540/5137 4541/5138 4542/5139
f 4543/4558 4544/4559 4545/4560
f 4546/4483 4547/4484 4548/4485
f 4549/4486 4550/4487 4551/4488
f 4552/4480 4553/4481 4554/4482
f 4555/4471 4556/4472 4557/4473
f 4558/4468 4559/4469 4560/4470
f 4561/4477 4562/4478 4563/4479
f 4564/4474 4565/4475 4566/4476
f 4567/5527 4568/5528 4569/5529
f 4570/5530 4571/5531 4572/5532
f 4573/5536 4574/5537 4575/5538
f 4576/5533 4577/5534 4578/5535
f 4579/5542 4580/5543 4581/5544
f 4582/5539 4583/5540 4584/5541
f 4585/5170 4586/5171 4587/5172
f 4588/5173 4589/5174 4590/5175
f 4591/5179 4592/5180 4593/5181
f 4594/5176 4595/5177 4596/5178
f 4597/5185 4598/5186 4599/5187
f 4600/5182 4601/5183 4602/5184
f 4603/5152 4604/5153 4605/5154
f 4606/5155 4607/5156 4608/5157
f 4609/5161 4610/5162 4611/5163
f 4612/5158 4613/5159 4614/5160
f 4615/5167 4616/5168 4617/5169
f 4618/5164 4619/5165 4620/5166
f 4621/5107 4622/5108 4623/5109
f 4624/5110 4625/5111 4626/5112
f 4627/5116 4628/5117 4629/5118
f 4630/5113 4631/5114 4632/5115
f 4633/5122 4634/5123 4635/5124
f 4636/5119 4637/5120 4638/5121
f 4639/5089 4640/5090 4641/5091
f 4642/5092 4643/5093 4644/5094
f 4645/5098 4646/5099 4647/5100
f 4648/5095 4649/5096 4650/5097
f 4651/5104 4652/5105 4653/5106
f 4654/5101 4655/5102 4656/5103
f 4657/5074 4658/5075 4659/5076
f 4660/5086 4661/5087 4662/5088
f 4663/5065 4664/5066 4665/5067
f 4666/5068 4667/5069 4668/5070
f 4669/5125 4670/5126 4671/5127
f 4672/5071 4673/5072 4674/5073
f 4675/5080 4676/5081 4677/5082
f 4678/5077 4679/5078 4680/5079
f 4681/5059 4682/5060 4683/5061
f 4684/5062 4685/5063 4686/5064
f 4687/5140 4688/5141 4689/5142
f 4690/5128 4691/5129 4692/5130
f 4693/5131 4694/5132 4695/5133
f 4696/5083 4697/5084 4698/5085
f 4699/5053 4700/5054 4701/5055
f 4702/5056 4703/5057 4704/5058
f 4705/5146 4706/5147 4707/5148
f 4708/5143 4709/5144 4710/5145
f 4711/5560 4712/5561 4713/5562
f 4714/5563 4715/5564 4716/5565
f 4717/5551 4718/5552 4719/5553
f 4720/5566 4721/5567 4722/5568
f 4723/5557 4724/5558 4725/5559
f 4726/5548 4727/5549 4728/5550
f 4729/5569 4730/5570 4731/5571
f 4732/5554 4733/5555 4734/5556
f 4735/5575 4736/5576 4737/5577
f 4738/5578 4739/5579 4740/5580
f 4741/5581 4742/5582 4743/5583
f 4744/5572 4745/5573 4746/5574
f 4747/4534 4748/4535 4749/4536
f 4750/4537 4751/4538 4752/4539
f 4753/4528 4754/4529 4755/4530
f 4756/4531 4757/4532 4758/4533
f 4759/4525 4760/4526 4761/4527
f 4762/4522 4763/4523 4764/4524
f 4765/4552 4766/4553 4767/4554
f 4768/4555 4769/4556 4770/4557
f 4771/4543 4772/4544 4773/4545
f 4774/4546 4775/4547 4776/4548
f 4777/4549 4778/4550 4779/4551
f 4780/4540 4781/4541 4782/4542
f 4783/4576 4784/4577 4785/4578
f 4786/4579 4787/4580 4788/4581
f 4789/4570 4790/4571 4791/4572
f 4792/4573 4793/4574 4794/4575
f 4795/4567 4796/4568 4797/4569
f 4798/4564 4799/4565 4800/4566
f 4801/4597 4802/4598 4803/4599
f 4804/4600 4805/4601 4806/4602
f 4807/4591 4808/4592 4809/4593
f 4810/4594 4811/4595 4812/4596
f 4813/4588 4814/4589 4815/4590
f 4816/4585 4817/4586 4818/4587
f 4819/4633 4820/4634 4821/4635
f 4822/4636 4823/4637 4824/4638
f 4825/4627 4826/4628 4827/4629
f 4828/4630 4829/4631 4830/4632
f 4831/4624 4832/4625 4833/4626
f 4834/4621 4835/4622 4836/4623
f 4837/5482 4838/5483 4839/5484
f 4840/5479 4841/5480 4842/5481
f 4843/5488 4844/5489 4845/5490
f 4846/5485 4847/5486 4848/5487
f 4849/5494 4850/5495 4851/5496
f 4852/5491 4853/5492 4854/5493
f 4855/5500 4856/5501 4857/5502
f 4858/5497 4859/5498 4860/5499
f 4861/5512 4862/5513 4863/5514
f 4864/5503 4865/5504 4866/5505
f 4867/5518 4868/5519 4869/5520
f 4870/5509 4871/5510 4872/5511
f 4873/4495 4874/4496 4875/4497
f 4876/4498 4877/4499 4878/4500
f 4879/4492 4880/4493 4881/4494
f 4882/4489 4883/4490 4884/4491
f 4885/4507 4886/4508 4887/4509
f 4888/4501 4889/4502 4890/4503
f 4891/7981 4892/7982 4893/7983
f 4894/5506 4895/5507 4896/5508
f 4897/5524 4898/5525 4899/5526
f 4900/5515 4901/5516 4902/5517
f 4903/7945 4904/7946 4905/7947
f 4906/5521 4907/5522 4908/5523
f 4909/5242 4910/5243 4911/5244
f 4912/5245 4913/5246 4914/5247
f 4915/5251 4916/5252 4917/5253
f 4918/5248 4919/5249 4920/5250
f 4921/5419 4922/5420 4923/5421
f 4924/5389 4925/5390 4926/5391
f 4927/5395 4928/5396 4929/5397
f 4930/5350 4931/5351 4932/5352
f 4933/5260 4934/5261 4935/5262
f 4936/5263 4937/5264 4938/5265
f 4939/5362 4940/5363 4941/5364
f 4942/5359 4943/5360 4944/5361
f 4945/5347 4946/5348 4947/5349
f 4948/5344 4949/5345 4950/5346
f 4951/5266 4952/5267 4953/5268
f 4954/5269 4955/5270 4956/5271
f 4957/5308 4958/5309 4959/5310
f 4960/5311 4961/5312 4962/5313
f 4963/5341 4964/5342 4965/5343
f 4966/5338 4967/5339 4968/5340
f 4969/5272 4970/5273 4971/5274
f 4972/5275 4973/5276 4974/5277
f 4975/5305 4976/5306 4977/5307
f 4978/5302 4979/5303 4980/5304
f 4981/5335 4982/5336 4983/5337
f 4984/5332 4985/5333 4986/5334
f 4987/5278 4988/5279 4989/5280
f 4990/5281 4991/5282 4992/5283
f 4993/5299 4994/5300 4995/5301
f 4996/5296 4997/5297 4998/5298
f 4999/5329 5000/5330 5001/5331
f 5002/5326 5003/5327 5004/5328
f 5005/5284 5006/5285 5007/5286
f 5008/5287 5009/5288 5010/5289
f 5011/5290 5012/5291 5013/5292
f 5014/5293 5015/5294 5016/5295
f 5017/5353 5018/5354 5019/5355
f 5020/5356 5021/5357 5022/5358
f 5023/5314 5024/5315 5025/5316
f 5026/5317 5027/5318 5028/5319
f 5029/5320 5030/5321 5031/5322
f 5032/5323 5033/5324 5034/5325
f 5035/5380 5036/5381 5037/5382
f 5038/5377 5039/5378 5040/5379
f 5041/5365 5042/5366 5043/5367
f 5044/5368 5045/5369 5046/5370
f 5047/5371 5048/5372 5049/5373
f 5050/5374 5051/5375 5052/5376
f 5053/5413 5054/5414 5055/5415
f 5056/5410 5057/5411 5058/5412
f 5059/5407 5060/5408 5061/5409
f 5062/5404 5063/5405 5064/5406
f 5065/5401 5066/5402 5067/5403
f 5068/5416 5069/5417 5070/5418
f 5071/5398 5072/5399 5073/5400
f 5074/5392 5075/5393 5076/5394
f 5077/5254 5078/5255 5079/5256
f 5080/5257 5081/5258 5082/5259
f 5083/5386 5084/5387 5085/5388
f 5086/5383 5087/5384 5088/5385
f 5089/5425 5090/5426 5091/5427
f 5092/5422 5093/5423 5094/5424
f 5095/5431 5096/5432 5097/5433
f 5098/5428 5099/5429 5100/5430
f 5101/5437 5102/5438 5103/5439
f 5104/5434 5105/5435 5106/5436
f 5107/5470 5108/5471 5109/5472
f 5110/5587 5111/5588 5112/5589
f 5113/5467 5114/5468 5115/5469
f 5116/5473 5117/5474 5118/5475
f 5119/5476 5120/5477 5121/5478
f 5122/5590 5123/5591 5124/5592
f 5125/5035 5126/5036 5127/5037
f 5128/4696 5129/4697 5130/4698
f 5131/5032 5132/5033 5133/5034
f 5134/5038 5135/5039 5136/5040
f 5137/5041 5138/5042 5139/5043
f 5140/5230 5141/5231 5142/5232
f 5143/4702 5144/4703 5145/4704
f 5146/4801 5147/4802 5148/4803
f 5149/4915 5150/4916 5151/4917
f 5152/4918 5153/4919 5154/4920
f 5155/4909 5156/4910 5157/4911
f 5158/4912 5159/4913 5160/4914
f 5161/4708 5162/4709 5163/4710
f 5164/4804 5165/4805 5166/4806
f 5167/4810 5168/4811 5169/4812
f 5170/4807 5171/4808 5172/4809
f 5173/4813 5174/4814 5175/4815
f 5176/4816 5177/4817 5178/4818
f 5179/4705 5180/4706 5181/4707
f 5182/8101 5183/8102 5184/8103
f 5185/8098 5186/8099 5187/8100
f 5188/8095 5189/8096 5190/8097
f 5191/8089 5192/8090 5193/8091
f 5194/8092 5195/8093 5196/8094
f 5197/7915 5198/7916 5199/7917
f 5200/7906 5201/7907 5202/7908
f 5203/7909 5204/7910 5205/7911
f 5206/7912 5207/7913 5208/7914
f 5209/7903 5210/7904 5211/7905
f 5212/7900 5213/7901 5214/7902
f 5215/7831 5216/7832 5217/7833
f 5218/7828 5219/7829 5220/7830
f 5221/7825 5222/7826 5223/7827
f 5224/7822 5225/7823 5226/7824
f 5227/7819 5228/7820 5229/7821
f 5230/7816 5231/7817 5232/7818
f 5233/7801 5234/7802 5235/7803
f 5236/7798 5237/7799 5238/7800
f 5239/7804 5240/7805 5241/7806
f 5242/7807 5243/7808 5244/7809
f 5245/7810 5246/7811 5247/7812
f 5248/7813 5249/7814 5250/7815
f 5251/7795 5252/7796 5253/7797
f 5254/7786 5255/7787 5256/7788
f 5257/7783 5258/7784 5259/7785
f 5260/7780 5261/7781 5262/7782
f 5263/7789 5264/7790 5265/7791
f 5266/7792 5267/7793 5268/7794
f 5269/7777 5270/7778 5271/7779
f 5272/7774 5273/7775 5274/7776
f 5275/7762 5276/7763 5277/7764
f 5278/7765 5279/7766 5280/7767
f 5281/7768 5282/7769 5283/7770
f 5284/7771 5285/7772 5286/7773
f 5287/7846 5288/7847 5289/7848
f 5290/7843 5291/7844 5292/7845
f 5293/7834 5294/7835 5295/7836
f 5296/7837 5297/7838 5298/7839
f 5299/7840 5300/7841 5301/7842
f 5302/7849 5303/7850 5304/7851
f 5305/7864 5306/7865 5307/7866
f 5308/7861 5309/7862 5310/7863
f 5311/7852 5312/7853 5313/7854
f 5314/7855 5315/7856 5316/7857
f 5317/7858 5318/7859 5319/7860
f 5320/7879 5321/7880 5322/7881
f 5323/7867 5324/7868 5325/7869
f 5326/7870 5327/7871 5328/7872
f 5329/7873 5330/7874 5331/7875
f 5332/7876 5333/7877 5334/7878
f 5335/7885 5336/7886 5337/7887
f 5338/7882 5339/7883 5340/7884
f 5341/7921 5342/7922 5343/7923
f 5344/7918 5345/7919 5346/7920
f 5347/7888 5348/7889 5349/7890
f 5350/7891 5351/7892 5352/7893
f 5353/7894 5354/7895 5355/7896
f 5356/7897 5357/7898 5358/7899
f 5359/7924 5360/7925 5361/7926
f 5362/7939 5363/7940 5364/7941
f 5365/7930 5366/7931 5367/7932
f 5368/7936 5369/7937 5370/7938
f 5371/7933 5372/7934 5373/7935
f 5374/7927 5375/7928 5376/7929
f 5377/5458 5378/5459 5379/5460
f 5380/5464 5381/5465 5382/5466
f 5383/5443 5384/5444 5385/5445
f 5386/5455 5387/5456 5388/5457
f 5389/5239 5390/5240 5391/5241
f 5392/5440 5393/5441 5394/5442
f 5395/5200 5396/5201 5397/5202
f 5398/5236 5399/5237 5400/5238
f 5401/5194 5402/5195 5403/5196
f 5404/5197 5405/5198 5406/5199
f 5407/5188 5408/5189 5409/5190
f 5410/5191 5411/5192 5412/5193
f 5413/5026 5414/5027 5415/5028
f 5416/5029 5417/5030 5418/5031
f 5419/5020 5420/5021 5421/5022
f 5422/5023 5423/5024 5424/5025
f 5425/5014 5426/5015 5427/5016
f 5428/5017 5429/5018 5430/5019
f 5431/4795 5432/4796 5433/4797
f 5434/4798 5435/4799 5436/4800
f 5437/4789 5438/4790 5439/4791
f 5440/4792 5441/4793 5442/4794
f 5443/4783 5444/4784 5445/4785
f 5446/4786 5447/4787 5448/4788
f 5449/4777 5450/4778 5451/4779
f 5452/4780 5453/4781 5454/4782
f 5455/4771 5456/4772 5457/4773
f 5458/4774 5459/4775 5460/4776
f 5461/4765 5462/4766 5463/4767
f 5464/4768 5465/4769 5466/4770
f 5467/4759 5468/4760 5469/4761
f 5470/4762 5471/4763 5472/4764
f 5473/4753 5474/4754 5475/4755
f 5476/4756 5477/4757 5478/4758
f 5479/4747 5480/4748 5481/4749
f 5482/4750 5483/4751 5484/4752
f 5485/4735 5486/4736 5487/4737
f 5488/4738 5489/4739 5490/4740
f 5491/4729 5492/4730 5493/4731
f 5494/4732 5495/4733 5496/4734
f 5497/4723 5498/4724 5499/4725
f 5500/4726 5501/4727 5502/4728
f 5503/4744 5504/4745 5505/4746
f 5506/4741 5507/4742 5508/4743
f 5509/4717 5510/4718 5511/4719
f 5512/4720 5513/4721 5514/4722
f 5515/4711 5516/4712 5517/4713
f 5518/4714 5519/4715 5520/4716
f 5521/5446 5522/5447 5523/5448
f 5524/5545 5525/5546 5526/5547
f 5527/5452 5528/5453 5529/5454
f 5530/5449 5531/5450 5532/5451
f 5533/5461 5534/5462 5535/5463
f 5536/5584 5537/5585 5538/5586
f 5539/5224 5540/5225 5541/5226
f 5542/5227 5543/5228 5544/5229
f 5545/5215 5546/5216 5547/5217
f 5548/5218 5549/5219 5550/5220
f 5551/5221 5552/5222 5553/5223
f 5554/5233 5555/5234 5556/5235
f 5557/4921 5558/4922 5559/4923
f 5560/4924 5561/4925 5562/4926
f 5563/5206 5564/5207 5565/5208
f 5566/5203 5567/5204 5568/5205
f 5569/5212 5570/5213 5571/5214
f 5572/5209 5573/5210 5574/5211
f 5575/4819 5576/4820 5577/4821
f 5578/4822 5579/4823 5580/4824
f 5581/4936 5582/4937 5583/4938
f 5584/4939 5585/4940 5586/4941
f 5587/4882 5588/4883 5589/4884
f 5590/4942 5591/4943 5592/4944
f 5593/4972 5594/4973 5595/4974
f 5596/4984 5597/4985 5598/4986
f 5599/4993 5600/4994 5601/4995
f 5602/5011 5603/5012 5604/5013
f 5605/4990 5606/4991 5607/4992
f 5608/4963 5609/4964 5610/4965
f 5611/4969 5612/4970 5613/4971
f 5614/4966 5615/4967 5616/4968
f 5617/4996 5618/4997 5619/4998
f 5620/4999 5621/5000 5622/5001
f 5623/4957 5624/4958 5625/4959
f 5626/4954 5627/4955 5628/4956
f 5629/4960 5630/4961 5631/4962
f 5632/4945 5633/4946 5634/4947
f 5635/4948 5636/4949 5637/4950
f 5638/4927 5639/4928 5640/4929
f 5641/4951 5642/4952 5643/4953
f 5644/4930 5645/4931 5646/4932
f 5647/4933 5648/4934 5649/4935
f 5650/4903 5651/4904 5652/4905
f 5653/4906 5654/4907 5655/4908
f 5656/4900 5657/4901 5658/4902
f 5659/4897 5660/4898 5661/4899
f 5662/4891 5663/4892 5664/4893
f 5665/4894 5666/4895 5667/4896
f 5668/4885 5669/4886 5670/4887
f 5671/4888 5672/4889 5673/4890
f 5674/4879 5675/4880 5676/4881
f 5677/4840 5678/4841 5679/4842
f 5680/4837 5681/4838 5682/4839
f 5683/4858 5684/4859 5685/4860
f 5686/4855 5687/4856 5688/4857
f 5689/4876 5690/4877 5691/4878
f 5692/4864 5693/4865 5694/4866
f 5695/4834 5696/4835 5697/4836
f 5698/4831 5699/4832 5700/4833
f 5701/4843 5702/4844 5703/4845
f 5704/4846 5705/4847 5706/4848
f 5707/4861 5708/4862 5709/4863
f 5710/4870 5711/4871 5712/4872
f 5713/4828 5714/4829 5715/4830
f 5716/4825 5717/4826 5718/4827
f 5719/4849 5720/4850 5721/4851
f 5722/4852 5723/4853 5724/4854
f 5725/4867 5726/4868 5727/4869
f 5728/4873 5729/4874 5730/4875
f 5731/4987 5732/4988 5733/4989
f 5734/4975 5735/4976 5736/4977
f 5737/7942 5738/7943 5739/7944
f 5740/4978 5741/4979 5742/4980
f 5743/5002 5744/5003 5745/5004
f 5746/4981 5747/4982 5748/4983
f 5749/5008 5750/5009 5751/5010
f 5752/5005 5753/5006 5754/5007
f 5755/5731 5756/5732 5757/5733
f 5758/5611 5759/5612 5760/5613
f 5761/5620 5762/5621 5763/5622
f 5764/6061 5765/6062 5766/6063
f 5767/5599 5768/5600 5769/5601
f 5770/5623 5771/5624 5772/5625
f 5773/5602 5774/5603 5775/5604
f 5776/5605 5777/5606 5778/5607
f 5779/5593 5780/5594 5781/5595
f 5782/5596 5783/5597 5784/5598
f 5785/5617 5786/5618 5787/5619
f 5788/5614 5789/5615 5790/5616
f 5791/5728 5792/5729 5793/5730
f 5794/5629 5795/5630 5796/5631
f 5797/5635 5798/5636 5799/5637
f 5800/5791 5801/5792 5802/5793
f 5803/5626 5804/5627 5805/5628
f 5806/5632 5807/5633 5808/5634
f 5809/5641 5810/5642 5811/5643
f 5812/5638 5813/5639 5814/5640
f 5815/5896 5816/5897 5817/5898
f 5818/6559 5819/6560 5820/6561
f 5821/5809 5822/5810 5823/5811
f 5824/5899 5825/5900 5826/5901
f 5827/5797 5828/5798 5829/5799
f 5830/5875 5831/5876 5832/5877
f 5833/5803 5834/5804 5835/5805
f 5836/5800 5837/5801 5838/5802
f 5839/5788 5840/5789 5841/5790
f 5842/5794 5843/5795 5844/5796
f 5845/5782 5846/5783 5847/5784
f 5848/5785 5849/5786 5850/5787
f 5851/5776 5852/5777 5853/5778
f 5854/5779 5855/5780 5856/5781
f 5857/5839 5858/5840 5859/5841
f 5860/5842 5861/5843 5862/5844
f 5863/5752 5864/5753 5865/5754
f 5866/5773 5867/5774 5868/5775
f 5869/5644 5870/5645 5871/5646
f 5872/5647 5873/5648 5874/5649
f 5875/5725 5876/5726 5877/5727
f 5878/5686 5879/5687 5880/5688
f 5881/5815 5882/5816 5883/5817
f 5884/5812 5885/5813 5886/5814
f 5887/5824 5888/5825 5889/5826
f 5890/5821 5891/5822 5892/5823
f 5893/5806 5894/5807 5895/5808
f 5896/5818 5897/5819 5898/5820
f 5899/5836 5900/5837 5901/5838
f 5902/5833 5903/5834 5904/5835
f 5905/6838 5906/6839 5907/6840
f 5908/6829 5909/6830 5910/6831
f 5911/6826 5912/6827 5913/6828
f 5914/6823 5915/6824 5916/6825
f 5917/6832 5918/6833 5919/6834
f 5920/6835 5921/6836 5922/6837
f 5923/6511 5924/6512 5925/6513
f 5926/6508 5927/6509 5928/6510
f 5929/6505 5930/6506 5931/6507
f 5932/6502 5933/6503 5934/6504
f 5935/6514 5936/6515 5937/6516
f 5938/6517 5939/6518 5940/6519
f 5941/5764 5942/5765 5943/5766
f 5944/5761 5945/5762 5946/5763
f 5947/5758 5948/5759 5949/5760
f 5950/5755 5951/5756 5952/5757
f 5953/5767 5954/5768 5955/5769
f 5956/5770 5957/5771 5958/5772
f 5959/5743 5960/5744 5961/5745
f 5962/5740 5963/5741 5964/5742
f 5965/5737 5966/5738 5967/5739
f 5968/5734 5969/5735 5970/5736
f 5971/5746 5972/5747 5973/5748
f 5974/5749 5975/5750 5976/5751
f 5977/5716 5978/5717 5979/5718
f 5980/5713 5981/5714 5982/5715
f 5983/5710 5984/5711 5985/5712
f 5986/5707 5987/5708 5988/5709
f 5989/5719 5990/5720 5991/5721
f 5992/5722 5993/5723 5994/5724
f 5995/5680 5996/5681 5997/5682
f 5998/5677 5999/5678 6000/5679
f 6001/5671 6002/5672 6003/5673
f 6004/5668 6005/5669 6006/5670
f 6007/5698 6008/5699 6009/5700
f 6010/5695 6011/5696 6012/5697
f 6013/5674 6014/5675 6015/5676
f 6016/5665 6017/5666 6018/5667
f 6019/5662 6020/5663 6021/5664
f 6022/5659 6023/5660 6024/5661
f 6025/5689 6026/5690 6027/5691
f 6028/5692 6029/5693 6030/5694
f 6031/5653 6032/5654 6033/5655
f 6034/5683 6035/5684 6036/5685
f 6037/5656 6038/5657 6039/5658
f 6040/5650 6041/5651 6042/5652
f 6043/5701 6044/5702 6045/5703
f 6046/5704 6047/5705 6048/5706
f 6049/6898 6050/6899 6051/6900
f 6052/6901 6053/6902 6054/6903
f 6055/6919 6056/6920 6057/6921
f 6058/6916 6059/6917 6060/6918
f 6061/6871 6062/6872 6063/6873
f 6064/6874 6065/6875 6066/6876
f 6067/6904 6068/6905 6069/6906
f 6070/6907 6071/6908 6072/6909
f 6073/6877 6074/6878 6075/6879
f 6076/6880 6077/6881 6078/6882
f 6079/6910 6080/6911 6081/6912
f 6082/6913 6083/6914 6084/6915
f 6085/5845 6086/5846 6087/5847
f 6088/5848 6089/5849 6090/5850
f 6091/5857 6092/5858 6093/5859
f 6094/5860 6095/5861 6096/5862
f 6097/5869 6098/5870 6099/5871
f 6100/5872 6101/5873 6102/5874
f 6103/5878 6104/5879 6105/5880
f 6106/5881 6107/5882 6108/5883
f 6109/5884 6110/5885 6111/5886
f 6112/5887 6113/5888 6114/5889
f 6115/5890 6116/5891 6117/5892
f 6118/5893 6119/5894 6120/5895
f 6121/5902 6122/5903 6123/5904
f 6124/5905 6125/5906 6126/5907
f 6127/5908 6128/5909 6129/5910
f 6130/5911 6131/5912 6132/5913
f 6133/5914 6134/5915 6135/5916
f 6136/5917 6137/5918 6138/5919
f 6139/6400 6140/6401 6141/6402
f 6142/6397 6143/6398 6144/6399
f 6145/6385 6146/6386 6147/6387
f 6148/6388 6149/6389 6150/6390
f 6151/6391 6152/6392 6153/6393
f 6154/6394 6155/6395 6156/6396
f 6157/6490 6158/6491 6159/6492
f 6160/6487 6161/6488 6162/6489
f 6163/6484 6164/6485 6165/6486
f 6166/6481 6167/6482 6168/6483
f 6169/6475 6170/6476 6171/6477
f 6172/6478 6173/6479 6174/6480
f 6175/6796 6176/6797 6177/6798
f 6178/6793 6179/6794 6180/6795
f 6181/6781 6182/6782 6183/6783
f 6184/6784 6185/6785 6186/6786
f 6187/6787 6188/6788 6189/6789
f 6190/6790 6191/6791 6192/6792
f 6193/6868 6194/6869 6195/6870
f 6196/6865 6197/6866 6198/6867
f 6199/6841 6200/6842 6201/6843
f 6202/6844 6203/6845 6204/6846
f 6205/6847 6206/6848 6207/6849
f 6208/6883 6209/6884 6210/6885
f 6211/5827 6212/5828 6213/5829
f 6214/5830 6215/5831 6216/5832
f 6217/5851 6218/5852 6219/5853
f 6220/5854 6221/5855 6222/5856
f 6223/5863 6224/5864 6225/5865
f 6226/5866 6227/5867 6228/5868
f 6229/6889 6230/6890 6231/6891
f 6232/7978 6233/7979 6234/7980
f 6235/6886 6236/6887 6237/6888
f 6238/6892 6239/6893 6240/6894
f 6241/6895 6242/6896 6243/6897
f 6244/7984 6245/7985 6246/7986
f 6247/6565 6248/6566 6249/6567
f 6250/6562 6251/6563 6252/6564
f 6253/6580 6254/6581 6255/6582
f 6256/6718 6257/6719 6258/6720
f 6259/6715 6260/6716 6261/6717
f 6262/6721 6263/6722 6264/6723
f 6265/6583 6266/6584 6267/6585
f 6268/6574 6269/6575 6270/6576
f 6271/6682 6272/6683 6273/6684
f 6274/6688 6275/6689 6276/6690
f 6277/6676 6278/6677 6279/6678
f 6280/6679 6281/6680 6282/6681
f 6283/6589 6284/6590 6285/6591
f 6286/6586 6287/6587 6288/6588
f 6289/6601 6290/6602 6291/6603
f 6292/6604 6293/6605 6294/6606
f 6295/6631 6296/6632 6297/6633
f 6298/6628 6299/6629 6300/6630
f 6301/6595 6302/6596 6303/6597
f 6304/6592 6305/6593 6306/6594
f 6307/6607 6308/6608 6309/6609
f 6310/6598 6311/6599 6312/6600
f 6313/6622 6314/6623 6315/6624
f 6316/6625 6317/6626 6318/6627
f 6319/6652 6320/6653 6321/6654
f 6322/6655 6323/6656 6324/6657
f 6325/6613 6326/6614 6327/6615
f 6328/6610 6329/6611 6330/6612
f 6331/6619 6332/6620 6333/6621
f 6334/6616 6335/6617 6336/6618
f 6337/6646 6338/6647 6339/6648
f 6340/6649 6341/6650 6342/6651
f 6343/6640 6344/6641 6345/6642
f 6346/6637 6347/6638 6348/6639
f 6349/6643 6350/6644 6351/6645
f 6352/6634 6353/6635 6354/6636
f 6355/6664 6356/6665 6357/6666
f 6358/6661 6359/6662 6360/6663
f 6361/6667 6362/6668 6363/6669
f 6364/6658 6365/6659 6366/6660
f 6367/6673 6368/6674 6369/6675
f 6370/6670 6371/6671 6372/6672
f 6373/6709 6374/6710 6375/6711
f 6376/6712 6377/6713 6378/6714
f 6379/6703 6380/6704 6381/6705
f 6382/6706 6383/6707 6384/6708
f 6385/6700 6386/6701 6387/6702
f 6388/6697 6389/6698 6390/6699
f 6391/6736 6392/6737 6393/6738
f 6394/6739 6395/6740 6396/6741
f 6397/6730 6398/6731 6399/6732
f 6400/6733 6401/6734 6402/6735
f 6403/6727 6404/6728 6405/6729
f 6406/6724 6407/6725 6408/6726
f 6409/6571 6410/6572 6411/6573
f 6412/6568 6413/6569 6414/6570
f 6415/6685 6416/6686 6417/6687
f 6418/6577 6419/6578 6420/6579
f 6421/6691 6422/6692 6423/6693
f 6424/6694 6425/6695 6426/6696
f 6427/6802 6428/6803 6429/6804
f 6430/6799 6431/6800 6432/6801
f 6433/6757 6434/6758 6435/6759
f 6436/6754 6437/6755 6438/6756
f 6439/6751 6440/6752 6441/6753
f 6442/6760 6443/6761 6444/6762
f 6445/7987 6446/7988 6447/7989
f 6448/6856 6449/6857 6450/6858
f 6451/6859 6452/6860 6453/6861
f 6454/6853 6455/6854 6456/6855
f 6457/7990 6458/7991 6459/7992
f 6460/6862 6461/6863 6462/6864
f 6463/5608 6464/5609 6465/5610
f 6466/6196 6467/6197 6468/6198
f 6469/6211 6470/6212 6471/6213
f 6472/6193 6473/6194 6474/6195
f 6475/6433 6476/6434 6477/6435
f 6478/6208 6479/6209 6480/6210
f 6481/6184 6482/6185 6483/6186
f 6484/6067 6485/6068 6486/6069
f 6487/6187 6488/6188 6489/6189
f 6490/6190 6491/6191 6492/6192
f 6493/6205 6494/6206 6495/6207
f 6496/6199 6497/6200 6498/6201
f 6499/6181 6500/6182 6501/6183
f 6502/6070 6503/6071 6504/6072
f 6505/6178 6506/6179 6507/6180
f 6508/6175 6509/6176 6510/6177
f 6511/6172 6512/6173 6513/6174
f 6514/6145 6515/6146 6516/6147
f 6517/6058 6518/6059 6519/6060
f 6520/6064 6521/6065 6522/6066
f 6523/5923 6524/5924 6525/5925
f 6526/5920 6527/5921 6528/5922
f 6529/5926 6530/5927 6531/5928
f 6532/5929 6533/5930 6534/5931
f 6535/6526 6536/6527 6537/6528
f 6538/6529 6539/6530 6540/6531
f 6541/6520 6542/6521 6543/6522
f 6544/6523 6545/6524 6546/6525
f 6547/6742 6548/6743 6549/6744
f 6550/6745 6551/6746 6552/6747
f 6553/6220 6554/6221 6555/6222
f 6556/6436 6557/6437 6558/6438
f 6559/6214 6560/6215 6561/6216
f 6562/6217 6563/6218 6564/6219
f 6565/6454 6566/6455 6567/6456
f 6568/6451 6569/6452 6570/6453
f 6571/6040 6572/6041 6573/6042
f 6574/6043 6575/6044 6576/6045
f 6577/6034 6578/6035 6579/6036
f 6580/6037 6581/6038 6582/6039
f 6583/6049 6584/6050 6585/6051
f 6586/6046 6587/6047 6588/6048
f 6589/6022 6590/6023 6591/6024
f 6592/6025 6593/6026 6594/6027
f 6595/6016 6596/6017 6597/6018
f 6598/6019 6599/6020 6600/6021
f 6601/6031 6602/6032 6603/6033
f 6604/6028 6605/6029 6606/6030
f 6607/6010 6608/6011 6609/6012
f 6610/6013 6611/6014 6612/6015
f 6613/6004 6614/6005 6615/6006
f 6616/6007 6617/6008 6618/6009
f 6619/5998 6620/5999 6621/6000
f 6622/6001 6623/6002 6624/6003
f 6625/5992 6626/5993 6627/5994
f 6628/5995 6629/5996 6630/5997
f 6631/5986 6632/5987 6633/5988
f 6634/5989 6635/5990 6636/5991
f 6637/5953 6638/5954 6639/5955
f 6640/5971 6641/5972 6642/5973
f 6643/5980 6644/5981 6645/5982
f 6646/5983 6647/5984 6648/5985
f 6649/5956 6650/5957 6651/5958
f 6652/5959 6653/5960 6654/5961
f 6655/5947 6656/5948 6657/5949
f 6658/5950 6659/5951 6660/5952
f 6661/5974 6662/5975 6663/5976
f 6664/5977 6665/5978 6666/5979
f 6667/5938 6668/5939 6669/5940
f 6670/5941 6671/5942 6672/5943
f 6673/5968 6674/5969 6675/5970
f 6676/5944 6677/5945 6678/5946
f 6679/6055 6680/6056 6681/6057
f 6682/6052 6683/6053 6684/6054
f 6685/5932 6686/5933 6687/5934
f 6688/5935 6689/5936 6690/5937
f 6691/5965 6692/5966 6693/5967
f 6694/5962 6695/5963 6696/5964
f 6697/6817 6698/6818 6699/6819
f 6700/6820 6701/6821 6702/6822
f 6703/6814 6704/6815 6705/6816
f 6706/6808 6707/6809 6708/6810
f 6709/6805 6710/6806 6711/6807
f 6712/6811 6713/6812 6714/6813
f 6715/6748 6716/6749 6717/6750
f 6718/6556 6719/6557 6720/6558
f 6721/6553 6722/6554 6723/6555
f 6724/6550 6725/6551 6726/6552
f 6727/6766 6728/6767 6729/6768
f 6730/6763 6731/6764 6732/6765
f 6733/6541 6734/6542 6735/6543
f 6736/6538 6737/6539 6738/6540
f 6739/6535 6740/6536 6741/6537
f 6742/6532 6743/6533 6744/6534
f 6745/6544 6746/6545 6747/6546
f 6748/6547 6749/6548 6750/6549
f 6751/6466 6752/6467 6753/6468
f 6754/6463 6755/6464 6756/6465
f 6757/6460 6758/6461 6759/6462
f 6760/6457 6761/6458 6762/6459
f 6763/6469 6764/6470 6765/6471
f 6766/6472 6767/6473 6768/6474
f 6769/6163 6770/6164 6771/6165
f 6772/6160 6773/6161 6774/6162
f 6775/6157 6776/6158 6777/6159
f 6778/6154 6779/6155 6780/6156
f 6781/6166 6782/6167 6783/6168
f 6784/6169 6785/6170 6786/6171
f 6787/6136 6788/6137 6789/6138
f 6790/6127 6791/6128 6792/6129
f 6793/6133 6794/6134 6795/6135
f 6796/6130 6797/6131 6798/6132
f 6799/6139 6800/6140 6801/6141
f 6802/6142 6803/6143 6804/6144
f 6805/6106 6806/6107 6807/6108
f 6808/6103 6809/6104 6810/6105
f 6811/6112 6812/6113 6813/6114
f 6814/6109 6815/6110 6816/6111
f 6817/6121 6818/6122 6819/6123
f 6820/6124 6821/6125 6822/6126
f 6823/6094 6824/6095 6825/6096
f 6826/6091 6827/6092 6828/6093
f 6829/6100 6830/6101 6831/6102
f 6832/6097 6833/6098 6834/6099
f 6835/6115 6836/6116 6837/6117
f 6838/6118 6839/6119 6840/6120
f 6841/6088 6842/6089 6843/6090
f 6844/6085 6845/6086 6846/6087
f 6847/6082 6848/6083 6849/6084
f 6850/6079 6851/6080 6852/6081
f 6853/6076 6854/6077 6855/6078
f 6856/6073 6857/6074 6858/6075
f 6859/6850 6860/6851 6861/6852
f 6862/6778 6863/6779 6864/6780
f 6865/6772 6866/6773 6867/6774
f 6868/6769 6869/6770 6870/6771
f 6871/6922 6872/6923 6873/6924
f 6874/6775 6875/6776 6876/6777
f 6877/6430 6878/6431 6879/6432
f 6880/6427 6881/6428 6882/6429
f 6883/6418 6884/6419 6885/6420
f 6886/6421 6887/6422 6888/6423
f 6889/6424 6890/6425 6891/6426
f 6892/6415 6893/6416 6894/6417
f 6895/6151 6896/6152 6897/6153
f 6898/6202 6899/6203 6900/6204
f 6901/6403 6902/6404 6903/6405
f 6904/6406 6905/6407 6906/6408
f 6907/6409 6908/6410 6909/6411
f 6910/6412 6911/6413 6912/6414
f 6913/6223 6914/6224 6915/6225
f 6916/6148 6917/6149 6918/6150
f 6919/6376 6920/6377 6921/6378
f 6922/6379 6923/6380 6924/6381
f 6925/6382 6926/6383 6927/6384
f 6928/6307 6929/6308 6930/6309
f 6931/6337 6932/6338 6933/6339
f 6934/6346 6935/6347 6936/6348
f 6937/6370 6938/6371 6939/6372
f 6940/6334 6941/6335 6942/6336
f 6943/6361 6944/6362 6945/6363
f 6946/6448 6947/6449 6948/6450
f 6949/6355 6950/6356 6951/6357
f 6952/6358 6953/6359 6954/6360
f 6955/6328 6956/6329 6957/6330
f 6958/6331 6959/6332 6960/6333
f 6961/6349 6962/6350 6963/6351
f 6964/6364 6965/6365 6966/6366
f 6967/6322 6968/6323 6969/6324
f 6970/6352 6971/6353 6972/6354
f 6973/6310 6974/6311 6975/6312
f 6976/6319 6977/6320 6978/6321
f 6979/6313 6980/6314 6981/6315
f 6982/6325 6983/6326 6984/6327
f 6985/6304 6986/6305 6987/6306
f 6988/6316 6989/6317 6990/6318
f 6991/6289 6992/6290 6993/6291
f 6994/6301 6995/6302 6996/6303
f 6997/6295 6998/6296 6999/6297
f 7000/6298 7001/6299 7002/6300
f 7003/6271 7004/6272 7005/6273
f 7006/6292 7007/6293 7008/6294
f 7009/6265 7010/6266 7011/6267
f 7012/6268 7013/6269 7014/6270
f 7015/6256 7016/6257 7017/6258
f 7018/6262 7019/6263 7020/6264
f 7021/6250 7022/6251 7023/6252
f 7024/6259 7025/6260 7026/6261
f 7027/6244 7028/6245 7029/6246
f 7030/6247 7031/6248 7032/6249
f 7033/6232 7034/6233 7035/6234
f 7036/6253 7037/6254 7038/6255
f 7039/6238 7040/6239 7041/6240
f 7042/6235 7043/6236 7044/6237
f 7045/6274 7046/6275 7047/6276
f 7048/6241 7049/6242 7050/6243
f 7051/6226 7052/6227 7053/6228
f 7054/6229 7055/6230 7056/6231
f 7057/6286 7058/6287 7059/6288
f 7060/6283 7061/6284 7062/6285
f 7063/6280 7064/6281 7065/6282
f 7066/6277 7067/6278 7068/6279
f 7069/6442 7070/6443 7071/6444
f 7072/6445 7073/6446 7074/6447
f 7075/6439 7076/6440 7077/6441
f 7078/7759 7079/7760 7080/7761
f 7081/6340 7082/6341 7083/6342
f 7084/6343 7085/6344 7086/6345
f 7087/6367 7088/6368 7089/6369
f 7090/6373 7091/6374 7092/6375
f 7093/7708 7094/7709 7095/7710
f 7096/7705 7097/7706 7098/7707
f 7099/7711 7100/7712 7101/7713
f 7102/7714 7103/7715 7104/7716
f 7105/7615 7106/7616 7107/7617
f 7108/7612 7109/7613 7110/7614
f 7111/7609 7112/7610 7113/7611
f 7114/7606 7115/7607 7116/7608
f 7117/7729 7118/7730 7119/7731
f 7120/7732 7121/7733 7122/7734
f 7123/7720 7124/7721 7125/7722
f 7126/7717 7127/7718 7128/7719
f 7129/7618 7130/7619 7131/7620
f 7132/7621 7133/7622 7134/7623
f 7135/7738 7136/7739 7137/7740
f 7138/7735 7139/7736 7140/7737
f 7141/6943 7142/6944 7143/6945
f 7144/7417 7145/7418 7146/7419
f 7147/7168 7148/7169 7149/7170
f 7150/6940 7151/6941 7152/6942
f 7153/8083 7154/8084 7155/8085
f 7156/8074 7157/8075 7158/8076
f 7159/6982 7160/6983 7161/6984
f 7162/6991 7163/6992 7164/6993
f 7165/6976 7166/6977 7167/6978
f 7168/6979 7169/6980 7170/6981
f 7171/7000 7172/7001 7173/7002
f 7174/7003 7175/7004 7176/7005
f 7177/8026 7178/8027 7179/8028
f 7180/8023 7181/8024 7182/8025
f 7183/8044 7184/8045 7185/8046
f 7186/8032 7187/8033 7188/8034
f 7189/7120 7190/7121 7191/7122
f 7192/7117 7193/7118 7194/7119
f 7195/8050 7196/8051 7197/8052
f 7198/8047 7199/8048 7200/8049
f 7201/7108 7202/7109 7203/7110
f 7204/7111 7205/7112 7206/7113
f 7207/7291 7208/7292 7209/7293
f 7210/7294 7211/7295 7212/7296
f 7213/7114 7214/7115 7215/7116
f 7216/7138 7217/7139 7218/7140
f 7219/7309 7220/7310 7221/7311
f 7222/7297 7223/7298 7224/7299
f 7225/7303 7226/7304 7227/7305
f 7228/7300 7229/7301 7230/7302
f 7231/7147 7232/7148 7233/7149
f 7234/7150 7235/7151 7236/7152
f 7237/8080 7238/8081 7239/8082
f 7240/7306 7241/7307 7242/7308
f 7243/7153 7244/7154 7245/7155
f 7246/7159 7247/7160 7248/7161
f 7249/7141 7250/7142 7251/7143
f 7252/7144 7253/7145 7254/7146
f 7255/8071 7256/8072 7257/8073
f 7258/8077 7259/8078 7260/8079
f 7261/7162 7262/7163 7263/7164
f 7264/7165 7265/7166 7266/7167
f 7267/8038 7268/8039 7269/8040
f 7270/8041 7271/8042 7272/8043
f 7273/8053 7274/8054 7275/8055
f 7276/8056 7277/8057 7278/8058
f 7279/8014 7280/8015 7281/8016
f 7282/8011 7283/8012 7284/8013
f 7285/8017 7286/8018 7287/8019
f 7288/8020 7289/8021 7290/8022
f 7291/7156 7292/7157 7293/7158
f 7294/7135 7295/7136 7296/7137
f 7297/7132 7298/7133 7299/7134
f 7300/7129 7301/7130 7302/7131
f 7303/7126 7304/7127 7305/7128
f 7306/7123 7307/7124 7308/7125
f 7309/8029 7310/8030 7311/8031
f 7312/8035 7313/8036 7314/8037
f 7315/6988 7316/6989 7317/6990
f 7318/6985 7319/6986 7320/6987
f 7321/7408 7322/7409 7323/7410
f 7324/7420 7325/7421 7326/7422
f 7327/6997 7328/6998 7329/6999
f 7330/6994 7331/6995 7332/6996
f 7333/7423 7334/7424 7335/7425
f 7336/7255 7337/7256 7338/7257
f 7339/7462 7340/7463 7341/7464
f 7342/7006 7343/7007 7344/7008
f 7345/7252 7346/7253 7347/7254
f 7348/7249 7349/7250 7350/7251
f 7351/7459 7352/7460 7353/7461
f 7354/7456 7355/7457 7356/7458
f 7357/7246 7358/7247 7359/7248
f 7360/7231 7361/7232 7362/7233
f 7363/7336 7364/7337 7365/7338
f 7366/7465 7367/7466 7368/7467
f 7369/7330 7370/7331 7371/7332
f 7372/7333 7373/7334 7374/7335
f 7375/7216 7376/7217 7377/7218
f 7378/7222 7379/7223 7380/7224
f 7381/7312 7382/7313 7383/7314
f 7384/7315 7385/7316 7386/7317
f 7387/7225 7388/7226 7389/7227
f 7390/7234 7391/7235 7392/7236
f 7393/7228 7394/7229 7395/7230
f 7396/7219 7397/7220 7398/7221
f 7399/6973 7400/6974 7401/6975
f 7402/6970 7403/6971 7404/6972
f 7405/7414 7406/7415 7407/7416
f 7408/7411 7409/7412 7410/7413
f 7411/7321 7412/7322 7413/7323
f 7414/7318 7415/7319 7416/7320
f 7417/7327 7418/7328 7419/7329
f 7420/7324 7421/7325 7422/7326
f 7423/8068 7424/8069 7425/8070
f 7426/8065 7427/8066 7428/8067
f 7429/7243 7430/7244 7431/7245
f 7432/7258 7433/7259 7434/7260
f 7435/7237 7436/7238 7437/7239
f 7438/7240 7439/7241 7440/7242
f 7441/7750 7442/7751 7443/7752
f 7444/7753 7445/7754 7446/7755
f 7447/7741 7448/7742 7449/7743
f 7450/7744 7451/7745 7452/7746
f 7453/7756 7454/7757 7455/7758
f 7456/7747 7457/7748 7458/7749
f 7459/7210 7460/7211 7461/7212
f 7462/7213 7463/7214 7464/7215
f 7465/7627 7466/7628 7467/7629
f 7468/7624 7469/7625 7470/7626
f 7471/7195 7472/7196 7473/7197
f 7474/7189 7475/7190 7476/7191
f 7477/7633 7478/7634 7479/7635
f 7480/7636 7481/7637 7482/7638
f 7483/7201 7484/7202 7485/7203
f 7486/7198 7487/7199 7488/7200
f 7489/7639 7490/7640 7491/7641
f 7492/7585 7493/7586 7494/7587
f 7495/7594 7496/7595 7497/7596
f 7498/7204 7499/7205 7500/7206
f 7501/7582 7502/7583 7503/7584
f 7504/7723 7505/7724 7506/7725
f 7507/7588 7508/7589 7509/7590
f 7510/7591 7511/7592 7512/7593
f 7513/7726 7514/7727 7515/7728
f 7516/7084 7517/7085 7518/7086
f 7519/7081 7520/7082 7521/7083
f 7522/7078 7523/7079 7524/7080
f 7525/7531 7526/7532 7527/7533
f 7528/7534 7529/7535 7530/7536
f 7531/7075 7532/7076 7533/7077
f 7534/7057 7535/7058 7536/7059
f 7537/7540 7538/7541 7539/7542
f 7540/7537 7541/7538 7542/7539
f 7543/7444 7544/7445 7545/7446
f 7546/7546 7547/7547 7548/7548
f 7549/7543 7550/7544 7551/7545
f 7552/7597 7553/7598 7554/7599
f 7555/6967 7556/6968 7557/6969
f 7558/7630 7559/7631 7560/7632
f 7561/7192 7562/7193 7563/7194
f 7564/7207 7565/7208 7566/7209
f 7567/7054 7568/7055 7569/7056
f 7570/7060 7571/7061 7572/7062
f 7573/7048 7574/7049 7575/7050
f 7576/7051 7577/7052 7578/7053
f 7579/7438 7580/7439 7581/7440
f 7582/7441 7583/7442 7584/7443
f 7585/7063 7586/7064 7587/7065
f 7588/7066 7589/7067 7590/7068
f 7591/7069 7592/7070 7593/7071
f 7594/7072 7595/7073 7596/7074
f 7597/8059 7598/8060 7599/8061
f 7600/8062 7601/8063 7602/8064
f 7603/7435 7604/7436 7605/7437
f 7606/7432 7607/7433 7608/7434
f 7609/7429 7610/7430 7611/7431
f 7612/7426 7613/7427 7614/7428
f 7615/7975 7616/7976 7617/7977
f 7618/7972 7619/7973 7620/7974
f 7621/7969 7622/7970 7623/7971
f 7624/7960 7625/7961 7626/7962
f 7627/7963 7628/7964 7629/7965
f 7630/7966 7631/7967 7632/7968
f 7633/8086 7634/8087 7635/8088
f 7636/7510 7637/7511 7638/7512
f 7639/7522 7640/7523 7641/7524
f 7642/7519 7643/7520 7644/7521
f 7645/7348 7646/7349 7647/7350
f 7648/7351 7649/7352 7650/7353
f 7651/7513 7652/7514 7653/7515
f 7654/7516 7655/7517 7656/7518
f 7657/7339 7658/7340 7659/7341
f 7660/7345 7661/7346 7662/7347
f 7663/7528 7664/7529 7665/7530
f 7666/7603 7667/7604 7668/7605
f 7669/7357 7670/7358 7671/7359
f 7672/7342 7673/7343 7674/7344
f 7675/7600 7676/7601 7677/7602
f 7678/6925 7679/6926 7680/6927
f 7681/7363 7682/7364 7683/7365
f 7684/7360 7685/7361 7686/7362
f 7687/6928 7688/6929 7689/6930
f 7690/6931 7691/6932 7692/6933
f 7693/6934 7694/6935 7695/6936
f 7696/7702 7697/7703 7698/7704
f 7699/7645 7700/7646 7701/7647
f 7702/7372 7703/7373 7704/7374
f 7705/7693 7706/7694 7707/7695
f 7708/7690 7709/7691 7710/7692
f 7711/6937 7712/6938 7713/6939
f 7714/7642 7715/7643 7716/7644
f 7717/7687 7718/7688 7719/7689
f 7720/7696 7721/7697 7722/7698
f 7723/6496 7724/6497 7725/6498
f 7726/6499 7727/6500 7728/6501
f 7729/7369 7730/7370 7731/7371
f 7732/7366 7733/7367 7734/7368
f 7735/7684 7736/7685 7737/7686
f 7738/6493 7739/6494 7740/6495
f 7741/7699 7742/7700 7743/7701
f 7744/8104 7745/8105 7746/8106
f 7747/7354 7748/7355 7749/7356
f 7750/7375 7751/7376 7752/7377
f 7753/7378 7754/7379 7755/7380
f 7756/7381 7757/7382 7758/7383
f 7759/7996 7760/7997 7761/7998
f 7762/7993 7763/7994 7764/7995
f 7765/7579 7766/7580 7767/7581
f 7768/7573 7769/7574 7770/7575
f 7771/7576 7772/7577 7773/7578
f 7774/7525 7775/7526 7776/7527
f 7777/7480 7778/7481 7779/7482
f 7780/7483 7781/7484 7782/7485
f 7783/7549 7784/7550 7785/7551
f 7786/7552 7787/7553 7788/7554
f 7789/7468 7790/7469 7791/7470
f 7792/7477 7793/7478 7794/7479
f 7795/7555 7796/7556 7797/7557
f 7798/7564 7799/7565 7800/7566
f 7801/7474 7802/7475 7803/7476
f 7804/7471 7805/7472 7806/7473
f 7807/7657 7808/7658 7809/7659
f 7810/7654 7811/7655 7812/7656
f 7813/7501 7814/7502 7815/7503
f 7816/7498 7817/7499 7818/7500
f 7819/7648 7820/7649 7821/7650
f 7822/7651 7823/7652 7824/7653
f 7825/7507 7826/7508 7827/7509
f 7828/7504 7829/7505 7830/7506
f 7831/7180 7832/7181 7833/7182
f 7834/7183 7835/7184 7836/7185
f 7837/7681 7838/7682 7839/7683
f 7840/7678 7841/7679 7842/7680
f 7843/7171 7844/7172 7845/7173
f 7846/7174 7847/7175 7848/7176
f 7849/7666 7850/7667 7851/7668
f 7852/7669 7853/7670 7854/7671
f 7855/7660 7856/7661 7857/7662
f 7858/7663 7859/7664 7860/7665
f 7861/7186 7862/7187 7863/7188
f 7864/7177 7865/7178 7866/7179
f 7867/7672 7868/7673 7869/7674
f 7870/7675 7871/7676 7872/7677
f 7873/7486 7874/7487 7875/7488
f 7876/7489 7877/7490 7878/7491
f 7879/7492 7880/7493 7881/7494
f 7882/7495 7883/7496 7884/7497
f 7885/8008 7886/8009 7887/8010
f 7888/8005 7889/8006 7890/8007
f 7891/7570 7892/7571 7893/7572
f 7894/7567 7895/7568 7896/7569
f 7897/7561 7898/7562 7899/7563
f 7900/7558 7901/7559 7902/7560
f 7903/7951 7904/7952 7905/7953
f 7906/7948 7907/7949 7908/7950
f 7909/7954 7910/7955 7911/7956
f 7912/7957 7913/7958 7914/7959
f 7915/6964 7916/6965 7917/6966
f 7918/6961 7919/6962 7920/6963
f 7921/6952 7922/6953 7923/6954
f 7924/6946 7925/6947 7926/6948
f 7927/6949 7928/6950 7929/6951
f 7930/6955 7931/6956 7932/6957
f 7933/6958 7934/6959 7935/6960
f 7936/7405 7937/7406 7938/7407
f 7939/7285 7940/7286 7941/7287
f 7942/7279 7943/7280 7944/7281
f 7945/7102 7946/7103 7947/7104
f 7948/7090 7949/7091 7950/7092
f 7951/7282 7952/7283 7953/7284
f 7954/7042 7955/7043 7956/7044
f 7957/7270 7958/7271 7959/7272
f 7960/7105 7961/7106 7962/7107
f 7963/7021 7964/7022 7965/7023
f 7966/7018 7967/7019 7968/7020
f 7969/7261 7970/7262 7971/7263
f 7972/7267 7973/7268 7974/7269
f 7975/7015 7976/7016 7977/7017
f 7978/7012 7979/7013 7980/7014
f 7981/7009 7982/7010 7983/7011
f 7984/7024 7985/7025 7986/7026
f 7987/7399 7988/7400 7989/7401
f 7990/7276 7991/7277 7992/7278
f 7993/7027 7994/7028 7995/7029
f 7996/7030 7997/7031 7998/7032
f 7999/7393 8000/7394 8001/7395
f 8002/7396 8003/7397 8004/7398
f 8005/7033 8006/7034 8007/7035
f 8008/7036 8009/7037 8010/7038
f 8011/7384 8012/7385 8013/7386
f 8014/7390 8015/7391 8016/7392
f 8017/7273 8018/7274 8019/7275
f 8020/7264 8021/7265 8022/7266
f 8023/7039 8024/7040 8025/7041
f 8026/7045 8027/7046 8028/7047
f 8029/7402 8030/7403 8031/7404
f 8032/7387 8033/7388 8034/7389
f 8035/7450 8036/7451 8037/7452
f 8038/7288 8039/7289 8040/7290
f 8041/7453 8042/7454 8043/7455
f 8044/7447 8045/7448 8046/7449
f 8047/7999 8048/8000 8049/8001
f 8050/8002 8051/8003 8052/8004
f 8053/7096 8054/7097 8055/7098
f 8056/7099 8057/7100 8058/7101
f 8059/7087 8060/7088 8061/7089
f 8062/7093 8063/7094 8064/7095
f 8065/4441 8066/4442 8067/4443
f 8068/4438 8069/4439 8070/4440
f 8071/4435 8072/4436 8073/4437
f 8074/4444 8075/4445 8076/4446
f 8077/4447 8078/4448 8079/4449
f 8080/4450 8081/4451 8082/4452
f 8083/4453 8084/4454 8085/4455
f 8086/4456 8087/4457 8088/4458
f 8089/4417 8090/4418 8091/4419
f 8092/4420 8093/4421 8094/4422
f 8095/4423 8096/4424 8097/4425
f 8098/4426 8099/4427 8100/4428
f 8101/4429 8102/4430 8103/4431
f 8104/4432 8105/4433 8106/4434