
mtllib textured.mtl
usemtl mesh

v 0.335032 -0.973311 -0.041027
v 0.326818 -0.974760 -0.057396
v 0.381814 -0.965062 -0.075541
v 0.347825 -0.971056 -0.028037
v 0.335032 -0.973311 -0.041027
v 0.381814 -0.965062 -0.075541
v 0.363945 -0.968213 -0.019696
v 0.347825 -0.971056 -0.028037
v 0.381814 -0.965062 -0.075541
v 0.381814 -0.965062 -0.016822
v 0.363945 -0.968213 -0.019696
v 0.381814 -0.965062 -0.075541
v 0.399683 -0.961911 -0.019696
v 0.381814 -0.965062 -0.016822
v 0.381814 -0.965062 -0.075541
v 0.415804 -0.959069 -0.028037
v 0.399683 -0.961911 -0.019696
v 0.381814 -0.965062 -0.075541
v 0.428597 -0.956813 -0.041027
v 0.415804 -0.959069 -0.028037
v 0.381814 -0.965062 -0.075541
v 0.436810 -0.955365 -0.057396
v 0.428597 -0.956813 -0.041027
v 0.381814 -0.965062 -0.075541
v 0.439640 -0.954866 -0.075541
v 0.436810 -0.955365 -0.057396
v 0.381814 -0.965062 -0.075541
v 0.436810 -0.955365 -0.093686
v 0.439640 -0.954866 -0.075541
v 0.381814 -0.965062 -0.075541
v 0.428597 -0.956813 -0.110054
v 0.436810 -0.955365 -0.093686
v 0.381814 -0.965062 -0.075541
v 0.415804 -0.959069 -0.123045
v 0.428597 -0.956813 -0.110054
v 0.381814 -0.965062 -0.075541
v 0.399683 -0.961911 -0.131385
v 0.415804 -0.959069 -0.123045
v 0.381814 -0.965062 -0.075541
v 0.381814 -0.965062 -0.134259
v 0.399683 -0.961911 -0.131385
v 0.381814 -0.965062 -0.075541
v 0.363945 -0.968213 -0.131385
v 0.381814 -0.965062 -0.134259
v 0.381814 -0.965062 -0.075541
v 0.347825 -0.971056 -0.123045
v 0.363945 -0.968213 -0.131385
v 0.381814 -0.965062 -0.075541
v 0.335032 -0.973311 -0.110054
v 0.347825 -0.971056 -0.123045
v 0.381814 -0.965062 -0.075541
v 0.326818 -0.974760 -0.093686
v 0.335032 -0.973311 -0.110054
v 0.381814 -0.965062 -0.075541
v 0.323988 -0.975259 -0.075541
v 0.326818 -0.974760 -0.093686
v 0.381814 -0.965062 -0.075541
v 0.326818 -0.974760 -0.057396
v 0.323988 -0.975259 -0.075541
v 0.381814 -0.965062 -0.075541
v 0.166614 -0.066195 -0.057396
v 0.174827 -0.064746 -0.041027
v 0.221610 -0.056497 -0.075541
v 0.174827 -0.064746 -0.041027
v 0.187620 -0.062491 -0.028037
v 0.221610 -0.056497 -0.075541
v 0.187620 -0.062491 -0.028037
v 0.203740 -0.059648 -0.019696
v 0.221610 -0.056497 -0.075541
v 0.203740 -0.059648 -0.019696
v 0.221610 -0.056497 -0.016822
v 0.221610 -0.056497 -0.075541
v 0.221610 -0.056497 -0.016822
v 0.239479 -0.053347 -0.019696
v 0.221610 -0.056497 -0.075541
v 0.239479 -0.053347 -0.019696
v 0.255599 -0.050504 -0.028037
v 0.221610 -0.056497 -0.075541
v 0.255599 -0.050504 -0.028037
v 0.268392 -0.048248 -0.041027
v 0.221610 -0.056497 -0.075541
v 0.268392 -0.048248 -0.041027
v 0.276606 -0.046800 -0.057396
v 0.221610 -0.056497 -0.075541
v 0.276606 -0.046800 -0.057396
v 0.279436 -0.046301 -0.075541
v 0.221610 -0.056497 -0.075541
v 0.279436 -0.046301 -0.075541
v 0.276606 -0.046800 -0.093686
v 0.221610 -0.056497 -0.075541
v 0.276606 -0.046800 -0.093686
v 0.268392 -0.048248 -0.110054
v 0.221610 -0.056497 -0.075541
v 0.268392 -0.048248 -0.110054
v 0.255599 -0.050504 -0.123045
v 0.221610 -0.056497 -0.075541
v 0.255599 -0.050504 -0.123045
v 0.239479 -0.053347 -0.131385
v 0.221610 -0.056497 -0.075541
v 0.239479 -0.053347 -0.131385
v 0.221610 -0.056497 -0.134259
v 0.221610 -0.056497 -0.075541
v 0.221610 -0.056497 -0.134259
v 0.203740 -0.059648 -0.131385
v 0.221610 -0.056497 -0.075541
v 0.203740 -0.059648 -0.131385
v 0.187620 -0.062491 -0.123045
v 0.221610 -0.056497 -0.075541
v 0.187620 -0.062491 -0.123045
v 0.174827 -0.064746 -0.110054
v 0.221610 -0.056497 -0.075541
v 0.174827 -0.064746 -0.110054
v 0.166614 -0.066195 -0.093686
v 0.221610 -0.056497 -0.075541
v 0.166614 -0.066195 -0.093686
v 0.163783 -0.066694 -0.075541
v 0.221610 -0.056497 -0.075541
v 0.163783 -0.066694 -0.075541
v 0.166614 -0.066195 -0.057396
v 0.221610 -0.056497 -0.075541
v -0.324196 -0.998053 0.489962
v -0.315982 -0.999501 0.506331
v -0.370978 -0.989804 0.524476
v -0.336989 -0.995797 0.476972
v -0.324196 -0.998053 0.489962
v -0.370978 -0.989804 0.524476
v -0.353109 -0.992954 0.468632
v -0.336989 -0.995797 0.476972
v -0.370978 -0.989804 0.524476
v -0.370978 -0.989804 0.465758
v -0.353109 -0.992954 0.468632
v -0.370978 -0.989804 0.524476
v -0.388847 -0.986653 0.468632
v -0.370978 -0.989804 0.465758
v -0.370978 -0.989804 0.524476
v -0.404967 -0.983810 0.476972
v -0.388847 -0.986653 0.468632
v -0.370978 -0.989804 0.524476
v -0.417760 -0.981555 0.489962
v -0.404967 -0.983810 0.476972
v -0.370978 -0.989804 0.524476
v -0.425974 -0.980106 0.506331
v -0.417760 -0.981555 0.489962
v -0.370978 -0.989804 0.524476
v -0.428804 -0.979607 0.524476
v -0.425974 -0.980106 0.506331
v -0.370978 -0.989804 0.524476
v -0.425974 -0.980106 0.542621
v -0.428804 -0.979607 0.524476
v -0.370978 -0.989804 0.524476
v -0.417760 -0.981555 0.558990
v -0.425974 -0.980106 0.542621
v -0.370978 -0.989804 0.524476
v -0.404967 -0.983810 0.571980
v -0.417760 -0.981555 0.558990
v -0.370978 -0.989804 0.524476
v -0.388847 -0.986653 0.580320
v -0.404967 -0.983810 0.571980
v -0.370978 -0.989804 0.524476
v -0.370978 -0.989804 0.583194
v -0.388847 -0.986653 0.580320
v -0.370978 -0.989804 0.524476
v -0.353109 -0.992954 0.580320
v -0.370978 -0.989804 0.583194
v -0.370978 -0.989804 0.524476
v -0.336989 -0.995797 0.571980
v -0.353109 -0.992954 0.580320
v -0.370978 -0.989804 0.524476
v -0.324196 -0.998053 0.558990
v -0.336989 -0.995797 0.571980
v -0.370978 -0.989804 0.524476
v -0.315982 -0.999501 0.542621
v -0.324196 -0.998053 0.558990
v -0.370978 -0.989804 0.524476
v -0.313152 -1.000000 0.524476
v -0.315982 -0.999501 0.542621
v -0.370978 -0.989804 0.524476
v -0.315982 -0.999501 0.506331
v -0.313152 -1.000000 0.524476
v -0.370978 -0.989804 0.524476
v -0.155777 -0.090936 0.506331
v -0.163991 -0.089488 0.489962
v -0.210774 -0.081239 0.524476
v -0.163991 -0.089488 0.489962
v -0.176784 -0.087232 0.476972
v -0.210774 -0.081239 0.524476
v -0.176784 -0.087232 0.476972
v -0.192904 -0.084389 0.468632
v -0.210774 -0.081239 0.524476
v -0.192904 -0.084389 0.468632
v -0.210774 -0.081239 0.465758
v -0.210774 -0.081239 0.524476
v -0.210774 -0.081239 0.465758
v -0.228643 -0.078088 0.468632
v -0.210774 -0.081239 0.524476
v -0.228643 -0.078088 0.468632
v -0.244763 -0.075245 0.476972
v -0.210774 -0.081239 0.524476
v -0.244763 -0.075245 0.476972
v -0.257556 -0.072990 0.489962
v -0.210774 -0.081239 0.524476
v -0.257556 -0.072990 0.489962
v -0.265770 -0.071541 0.506331
v -0.210774 -0.081239 0.524476
v -0.265770 -0.071541 0.506331
v -0.268600 -0.071042 0.524476
v -0.210774 -0.081239 0.524476
v -0.268600 -0.071042 0.524476
v -0.265770 -0.071541 0.542621
v -0.210774 -0.081239 0.524476
v -0.265770 -0.071541 0.542621
v -0.257556 -0.072990 0.558990
v -0.210774 -0.081239 0.524476
v -0.257556 -0.072990 0.558990
v -0.244763 -0.075245 0.571980
v -0.210774 -0.081239 0.524476
v -0.244763 -0.075245 0.571980
v -0.228643 -0.078088 0.580320
v -0.210774 -0.081239 0.524476
v -0.228643 -0.078088 0.580320
v -0.210774 -0.081239 0.583194
v -0.210774 -0.081239 0.524476
v -0.210774 -0.081239 0.583194
v -0.192904 -0.084389 0.580320
v -0.210774 -0.081239 0.524476
v -0.192904 -0.084389 0.580320
v -0.176784 -0.087232 0.571980
v -0.210774 -0.081239 0.524476
v -0.176784 -0.087232 0.571980
v -0.163991 -0.089488 0.558990
v -0.210774 -0.081239 0.524476
v -0.163991 -0.089488 0.558990
v -0.155778 -0.090936 0.542621
v -0.210774 -0.081239 0.524476
v -0.155778 -0.090936 0.542621
v -0.152947 -0.091435 0.524476
v -0.210774 -0.081239 0.524476
v -0.152947 -0.091435 0.524476
v -0.155777 -0.090936 0.506331
v -0.210774 -0.081239 0.524476
v -0.324196 -0.964428 -0.110054
v -0.315982 -0.965877 -0.093686
v -0.370978 -0.956179 -0.075541
v -0.336989 -0.962173 -0.123045
v -0.324196 -0.964428 -0.110054
v -0.370978 -0.956179 -0.075541
v -0.353109 -0.959330 -0.131385
v -0.336989 -0.962173 -0.123045
v -0.370978 -0.956179 -0.075541
v -0.370978 -0.956179 -0.134259
v -0.353109 -0.959330 -0.131385
v -0.370978 -0.956179 -0.075541
v -0.388847 -0.953029 -0.131385
v -0.370978 -0.956179 -0.134259
v -0.370978 -0.956179 -0.075541
v -0.404967 -0.950186 -0.123045
v -0.388847 -0.953029 -0.131385
v -0.370978 -0.956179 -0.075541
v -0.417760 -0.947930 -0.110054
v -0.404967 -0.950186 -0.123045
v -0.370978 -0.956179 -0.075541
v -0.425974 -0.946482 -0.093686
v -0.417760 -0.947930 -0.110054
v -0.370978 -0.956179 -0.075541
v -0.428804 -0.945983 -0.075541
v -0.425974 -0.946482 -0.093686
v -0.370978 -0.956179 -0.075541
v -0.425974 -0.946482 -0.057396
v -0.428804 -0.945983 -0.075541
v -0.370978 -0.956179 -0.075541
v -0.417760 -0.947930 -0.041027
v -0.425974 -0.946482 -0.057396
v -0.370978 -0.956179 -0.075541
v -0.404967 -0.950186 -0.028037
v -0.417760 -0.947930 -0.041027
v -0.370978 -0.956179 -0.075541
v -0.388847 -0.953029 -0.019696
v -0.404967 -0.950186 -0.028037
v -0.370978 -0.956179 -0.075541
v -0.370978 -0.956179 -0.016822
v -0.388847 -0.953029 -0.019696
v -0.370978 -0.956179 -0.075541
v -0.353109 -0.959330 -0.019696
v -0.370978 -0.956179 -0.016822
v -0.370978 -0.956179 -0.075541
v -0.336989 -0.962173 -0.028037
v -0.353109 -0.959330 -0.019696
v -0.370978 -0.956179 -0.075541
v -0.324196 -0.964428 -0.041027
v -0.336989 -0.962173 -0.028037
v -0.370978 -0.956179 -0.075541
v -0.315982 -0.965877 -0.057396
v -0.324196 -0.964428 -0.041027
v -0.370978 -0.956179 -0.075541
v -0.313152 -0.966376 -0.075541
v -0.315982 -0.965877 -0.057396
v -0.370978 -0.956179 -0.075541
v -0.315982 -0.965877 -0.093686
v -0.313152 -0.966376 -0.075541
v -0.370978 -0.956179 -0.075541
v -0.155777 -0.057312 -0.093686
v -0.163991 -0.055863 -0.110054
v -0.210774 -0.047614 -0.075541
v -0.163991 -0.055863 -0.110054
v -0.176784 -0.053608 -0.123045
v -0.210774 -0.047614 -0.075541
v -0.176784 -0.053608 -0.123045
v -0.192904 -0.050765 -0.131385
v -0.210774 -0.047614 -0.075541
v -0.192904 -0.050765 -0.131385
v -0.210774 -0.047614 -0.134259
v -0.210774 -0.047614 -0.075541
v -0.210774 -0.047614 -0.134259
v -0.228643 -0.044463 -0.131385
v -0.210774 -0.047614 -0.075541
v -0.228643 -0.044463 -0.131385
v -0.244763 -0.041621 -0.123045
v -0.210774 -0.047614 -0.075541
v -0.244763 -0.041621 -0.123045
v -0.257556 -0.039365 -0.110054
v -0.210774 -0.047614 -0.075541
v -0.257556 -0.039365 -0.110054
v -0.265770 -0.037917 -0.093686
v -0.210774 -0.047614 -0.075541
v -0.265770 -0.037917 -0.093686
v -0.268600 -0.037418 -0.075541
v -0.210774 -0.047614 -0.075541
v -0.268600 -0.037418 -0.075541
v -0.265770 -0.037917 -0.057396
v -0.210774 -0.047614 -0.075541
v -0.265770 -0.037917 -0.057396
v -0.257556 -0.039365 -0.041027
v -0.210774 -0.047614 -0.075541
v -0.257556 -0.039365 -0.041027
v -0.244763 -0.041621 -0.028037
v -0.210774 -0.047614 -0.075541
v -0.244763 -0.041621 -0.028037
v -0.228643 -0.044463 -0.019696
v -0.210774 -0.047614 -0.075541
v -0.228643 -0.044463 -0.019696
v -0.210774 -0.047614 -0.016822
v -0.210774 -0.047614 -0.075541
v -0.210774 -0.047614 -0.016822
v -0.192904 -0.050765 -0.019696
v -0.210774 -0.047614 -0.075541
v -0.192904 -0.050765 -0.019696
v -0.176784 -0.053608 -0.028037
v -0.210774 -0.047614 -0.075541
v -0.176784 -0.053608 -0.028037
v -0.163991 -0.055863 -0.041027
v -0.210774 -0.047614 -0.075541
v -0.163991 -0.055863 -0.041027
v -0.155778 -0.057312 -0.057396
v -0.210774 -0.047614 -0.075541
v -0.155778 -0.057312 -0.057396
v -0.152947 -0.057811 -0.075541
v -0.210774 -0.047614 -0.075541
v -0.152947 -0.057811 -0.075541
v -0.155777 -0.057312 -0.093686
v -0.210774 -0.047614 -0.075541
v 0.322085 -0.980625 0.558990
v 0.313871 -0.982073 0.542621
v 0.368867 -0.972376 0.524476
v 0.334878 -0.978369 0.571980
v 0.322085 -0.980625 0.558990
v 0.368867 -0.972376 0.524476
v 0.350998 -0.975527 0.580320
v 0.334878 -0.978369 0.571980
v 0.368867 -0.972376 0.524476
v 0.368867 -0.972376 0.583194
v 0.350998 -0.975527 0.580320
v 0.368867 -0.972376 0.524476
v 0.386736 -0.969225 0.580320
v 0.368867 -0.972376 0.583194
v 0.368867 -0.972376 0.524476
v 0.402857 -0.966383 0.571980
v 0.386736 -0.969225 0.580320
v 0.368867 -0.972376 0.524476
v 0.415650 -0.964127 0.558990
v 0.402857 -0.966383 0.571980
v 0.368867 -0.972376 0.524476
v 0.423863 -0.962679 0.542621
v 0.415650 -0.964127 0.558990
v 0.368867 -0.972376 0.524476
v 0.426693 -0.962180 0.524476
v 0.423863 -0.962679 0.542621
v 0.368867 -0.972376 0.524476
v 0.423863 -0.962679 0.506331
v 0.426693 -0.962180 0.524476
v 0.368867 -0.972376 0.524476
v 0.415650 -0.964127 0.489962
v 0.423863 -0.962679 0.506331
v 0.368867 -0.972376 0.524476
v 0.402857 -0.966383 0.476972
v 0.415650 -0.964127 0.489962
v 0.368867 -0.972376 0.524476
v 0.386736 -0.969225 0.468632
v 0.402857 -0.966383 0.476972
v 0.368867 -0.972376 0.524476
v 0.368867 -0.972376 0.465758
v 0.386736 -0.969225 0.468632
v 0.368867 -0.972376 0.524476
v 0.350998 -0.975527 0.468632
v 0.368867 -0.972376 0.465758
v 0.368867 -0.972376 0.524476
v 0.334878 -0.978369 0.476972
v 0.350998 -0.975527 0.468632
v 0.368867 -0.972376 0.524476
v 0.322085 -0.980625 0.489962
v 0.334878 -0.978369 0.476972
v 0.368867 -0.972376 0.524476
v 0.313871 -0.982073 0.506331
v 0.322085 -0.980625 0.489962
v 0.368867 -0.972376 0.524476
v 0.311041 -0.982572 0.524476
v 0.313871 -0.982073 0.506331
v 0.368867 -0.972376 0.524476
v 0.313871 -0.982073 0.542621
v 0.311041 -0.982572 0.524476
v 0.368867 -0.972376 0.524476
v 0.153667 -0.073508 0.542621
v 0.161880 -0.072060 0.558990
v 0.208663 -0.063811 0.524476
v 0.161880 -0.072060 0.558990
v 0.174673 -0.069804 0.571980
v 0.208663 -0.063811 0.524476
v 0.174673 -0.069804 0.571980
v 0.190793 -0.066962 0.580320
v 0.208663 -0.063811 0.524476
v 0.190793 -0.066962 0.580320
v 0.208663 -0.063811 0.583194
v 0.208663 -0.063811 0.524476
v 0.208663 -0.063811 0.583194
v 0.226532 -0.060660 0.580320
v 0.208663 -0.063811 0.524476
v 0.226532 -0.060660 0.580320
v 0.242652 -0.057818 0.571980
v 0.208663 -0.063811 0.524476
v 0.242652 -0.057818 0.571980
v 0.255445 -0.055562 0.558990
v 0.208663 -0.063811 0.524476
v 0.255445 -0.055562 0.558990
v 0.263659 -0.054114 0.542621
v 0.208663 -0.063811 0.524476
v 0.263659 -0.054114 0.542621
v 0.266489 -0.053615 0.524476
v 0.208663 -0.063811 0.524476
v 0.266489 -0.053615 0.524476
v 0.263659 -0.054114 0.506331
v 0.208663 -0.063811 0.524476
v 0.263659 -0.054114 0.506331
v 0.255445 -0.055562 0.489962
v 0.208663 -0.063811 0.524476
v 0.255445 -0.055562 0.489962
v 0.242652 -0.057818 0.476972
v 0.208663 -0.063811 0.524476
v 0.242652 -0.057818 0.476972
v 0.226532 -0.060660 0.468632
v 0.208663 -0.063811 0.524476
v 0.226532 -0.060660 0.468632
v 0.208663 -0.063811 0.465758
v 0.208663 -0.063811 0.524476
v 0.208663 -0.063811 0.465758
v 0.190793 -0.066962 0.468632
v 0.208663 -0.063811 0.524476
v 0.190793 -0.066962 0.468632
v 0.174673 -0.069804 0.476972
v 0.208663 -0.063811 0.524476
v 0.174673 -0.069804 0.476972
v 0.161880 -0.072060 0.489962
v 0.208663 -0.063811 0.524476
v 0.161880 -0.072060 0.489962
v 0.153667 -0.073508 0.506331
v 0.208663 -0.063811 0.524476
v 0.153667 -0.073508 0.506331
v 0.150836 -0.074008 0.524476
v 0.208663 -0.063811 0.524476
v 0.150836 -0.074008 0.524476
v 0.153667 -0.073508 0.542621
v 0.208663 -0.063811 0.524476
v 0.326818 -0.974760 -0.057396
v 0.335032 -0.973311 -0.041027
v 0.174827 -0.064746 -0.041027
v 0.326818 -0.974760 -0.057396
v 0.174827 -0.064746 -0.041027
v 0.166614 -0.066195 -0.057396
v 0.335032 -0.973311 -0.041027
v 0.347825 -0.971056 -0.028037
v 0.187620 -0.062491 -0.028037
v 0.335032 -0.973311 -0.041027
v 0.187620 -0.062491 -0.028037
v 0.174827 -0.064746 -0.041027
v 0.347825 -0.971056 -0.028037
v 0.363945 -0.968213 -0.019696
v 0.203740 -0.059648 -0.019696
v 0.347825 -0.971056 -0.028037
v 0.203740 -0.059648 -0.019696
v 0.187620 -0.062491 -0.028037
v 0.363945 -0.968213 -0.019696
v 0.381814 -0.965062 -0.016822
v 0.221610 -0.056497 -0.016822
v 0.363945 -0.968213 -0.019696
v 0.221610 -0.056497 -0.016822
v 0.203740 -0.059648 -0.019696
v 0.381814 -0.965062 -0.016822
v 0.399683 -0.961911 -0.019696
v 0.239479 -0.053347 -0.019696
v 0.381814 -0.965062 -0.016822
v 0.239479 -0.053347 -0.019696
v 0.221610 -0.056497 -0.016822
v 0.399683 -0.961911 -0.019696
v 0.415804 -0.959069 -0.028037
v 0.255599 -0.050504 -0.028037
v 0.399683 -0.961911 -0.019696
v 0.255599 -0.050504 -0.028037
v 0.239479 -0.053347 -0.019696
v 0.415804 -0.959069 -0.028037
v 0.428597 -0.956813 -0.041027
v 0.268392 -0.048248 -0.041027
v 0.415804 -0.959069 -0.028037
v 0.268392 -0.048248 -0.041027
v 0.255599 -0.050504 -0.028037
v 0.428597 -0.956813 -0.041027
v 0.436810 -0.955365 -0.057396
v 0.276606 -0.046800 -0.057396
v 0.428597 -0.956813 -0.041027
v 0.276606 -0.046800 -0.057396
v 0.268392 -0.048248 -0.041027
v 0.436810 -0.955365 -0.057396
v 0.439640 -0.954866 -0.075541
v 0.279436 -0.046301 -0.075541
v 0.436810 -0.955365 -0.057396
v 0.279436 -0.046301 -0.075541
v 0.276606 -0.046800 -0.057396
v 0.439640 -0.954866 -0.075541
v 0.436810 -0.955365 -0.093686
v 0.276606 -0.046800 -0.093686
v 0.439640 -0.954866 -0.075541
v 0.276606 -0.046800 -0.093686
v 0.279436 -0.046301 -0.075541
v 0.436810 -0.955365 -0.093686
v 0.428597 -0.956813 -0.110054
v 0.268392 -0.048248 -0.110054
v 0.436810 -0.955365 -0.093686
v 0.268392 -0.048248 -0.110054
v 0.276606 -0.046800 -0.093686
v 0.428597 -0.956813 -0.110054
v 0.415804 -0.959069 -0.123045
v 0.255599 -0.050504 -0.123045
v 0.428597 -0.956813 -0.110054
v 0.255599 -0.050504 -0.123045
v 0.268392 -0.048248 -0.110054
v 0.415804 -0.959069 -0.123045
v 0.399683 -0.961911 -0.131385
v 0.239479 -0.053347 -0.131385
v 0.415804 -0.959069 -0.123045
v 0.239479 -0.053347 -0.131385
v 0.255599 -0.050504 -0.123045
v 0.399683 -0.961911 -0.131385
v 0.381814 -0.965062 -0.134259
v 0.221610 -0.056497 -0.134259
v 0.399683 -0.961911 -0.131385
v 0.221610 -0.056497 -0.134259
v 0.239479 -0.053347 -0.131385
v 0.381814 -0.965062 -0.134259
v 0.363945 -0.968213 -0.131385
v 0.203740 -0.059648 -0.131385
v 0.381814 -0.965062 -0.134259
v 0.203740 -0.059648 -0.131385
v 0.221610 -0.056497 -0.134259
v 0.363945 -0.968213 -0.131385
v 0.347825 -0.971056 -0.123045
v 0.187620 -0.062491 -0.123045
v 0.363945 -0.968213 -0.131385
v 0.187620 -0.062491 -0.123045
v 0.203740 -0.059648 -0.131385
v 0.347825 -0.971056 -0.123045
v 0.335032 -0.973311 -0.110054
v 0.174827 -0.064746 -0.110054
v 0.347825 -0.971056 -0.123045
v 0.174827 -0.064746 -0.110054
v 0.187620 -0.062491 -0.123045
v 0.335032 -0.973311 -0.110054
v 0.326818 -0.974760 -0.093686
v 0.166614 -0.066195 -0.093686
v 0.335032 -0.973311 -0.110054
v 0.166614 -0.066195 -0.093686
v 0.174827 -0.064746 -0.110054
v 0.326818 -0.974760 -0.093686
v 0.323988 -0.975259 -0.075541
v 0.163783 -0.066694 -0.075541
v 0.326818 -0.974760 -0.093686
v 0.163783 -0.066694 -0.075541
v 0.166614 -0.066195 -0.093686
v 0.323988 -0.975259 -0.075541
v 0.326818 -0.974760 -0.057396
v 0.166614 -0.066195 -0.057396
v 0.323988 -0.975259 -0.075541
v 0.166614 -0.066195 -0.057396
v 0.163783 -0.066694 -0.075541
v -0.315982 -0.999501 0.506331
v -0.324196 -0.998053 0.489962
v -0.163991 -0.089488 0.489962
v -0.315982 -0.999501 0.506331
v -0.163991 -0.089488 0.489962
v -0.155777 -0.090936 0.506331
v -0.324196 -0.998053 0.489962
v -0.336989 -0.995797 0.476972
v -0.176784 -0.087232 0.476972
v -0.324196 -0.998053 0.489962
v -0.176784 -0.087232 0.476972
v -0.163991 -0.089488 0.489962
v -0.336989 -0.995797 0.476972
v -0.353109 -0.992954 0.468632
v -0.192904 -0.084389 0.468632
v -0.336989 -0.995797 0.476972
v -0.192904 -0.084389 0.468632
v -0.176784 -0.087232 0.476972
v -0.353109 -0.992954 0.468632
v -0.370978 -0.989804 0.465758
v -0.210774 -0.081239 0.465758
v -0.353109 -0.992954 0.468632
v -0.210774 -0.081239 0.465758
v -0.192904 -0.084389 0.468632
v -0.370978 -0.989804 0.465758
v -0.388847 -0.986653 0.468632
v -0.228643 -0.078088 0.468632
v -0.370978 -0.989804 0.465758
v -0.228643 -0.078088 0.468632
v -0.210774 -0.081239 0.465758
v -0.388847 -0.986653 0.468632
v -0.404967 -0.983810 0.476972
v -0.244763 -0.075245 0.476972
v -0.388847 -0.986653 0.468632
v -0.244763 -0.075245 0.476972
v -0.228643 -0.078088 0.468632
v -0.404967 -0.983810 0.476972
v -0.417760 -0.981555 0.489962
v -0.257556 -0.072990 0.489962
v -0.404967 -0.983810 0.476972
v -0.257556 -0.072990 0.489962
v -0.244763 -0.075245 0.476972
v -0.417760 -0.981555 0.489962
v -0.425974 -0.980106 0.506331
v -0.265770 -0.071541 0.506331
v -0.417760 -0.981555 0.489962
v -0.265770 -0.071541 0.506331
v -0.257556 -0.072990 0.489962
v -0.425974 -0.980106 0.506331
v -0.428804 -0.979607 0.524476
v -0.268600 -0.071042 0.524476
v -0.425974 -0.980106 0.506331
v -0.268600 -0.071042 0.524476
v -0.265770 -0.071541 0.506331
v -0.428804 -0.979607 0.524476
v -0.425974 -0.980106 0.542621
v -0.265770 -0.071541 0.542621
v -0.428804 -0.979607 0.524476
v -0.265770 -0.071541 0.542621
v -0.268600 -0.071042 0.524476
v -0.425974 -0.980106 0.542621
v -0.417760 -0.981555 0.558990
v -0.257556 -0.072990 0.558990
v -0.425974 -0.980106 0.542621
v -0.257556 -0.072990 0.558990
v -0.265770 -0.071541 0.542621
v -0.417760 -0.981555 0.558990
v -0.404967 -0.983810 0.571980
v -0.244763 -0.075245 0.571980
v -0.417760 -0.981555 0.558990
v -0.244763 -0.075245 0.571980
v -0.257556 -0.072990 0.558990
v -0.404967 -0.983810 0.571980
v -0.388847 -0.986653 0.580320
v -0.228643 -0.078088 0.580320
v -0.404967 -0.983810 0.571980
v -0.228643 -0.078088 0.580320
v -0.244763 -0.075245 0.571980
v -0.388847 -0.986653 0.580320
v -0.370978 -0.989804 0.583194
v -0.210774 -0.081239 0.583194
v -0.388847 -0.986653 0.580320
v -0.210774 -0.081239 0.583194
v -0.228643 -0.078088 0.580320
v -0.370978 -0.989804 0.583194
v -0.353109 -0.992954 0.580320
v -0.192904 -0.084389 0.580320
v -0.370978 -0.989804 0.583194
v -0.192904 -0.084389 0.580320
v -0.210774 -0.081239 0.583194
v -0.353109 -0.992954 0.580320
v -0.336989 -0.995797 0.571980
v -0.176784 -0.087232 0.571980
v -0.353109 -0.992954 0.580320
v -0.176784 -0.087232 0.571980
v -0.192904 -0.084389 0.580320
v -0.336989 -0.995797 0.571980
v -0.324196 -0.998053 0.558990
v -0.163991 -0.089488 0.558990
v -0.336989 -0.995797 0.571980
v -0.163991 -0.089488 0.558990
v -0.176784 -0.087232 0.571980
v -0.324196 -0.998053 0.558990
v -0.315982 -0.999501 0.542621
v -0.155778 -0.090936 0.542621
v -0.324196 -0.998053 0.558990
v -0.155778 -0.090936 0.542621
v -0.163991 -0.089488 0.558990
v -0.315982 -0.999501 0.542621
v -0.313152 -1.000000 0.524476
v -0.152947 -0.091435 0.524476
v -0.315982 -0.999501 0.542621
v -0.152947 -0.091435 0.524476
v -0.155778 -0.090936 0.542621
v -0.313152 -1.000000 0.524476
v -0.315982 -0.999501 0.506331
v -0.155777 -0.090936 0.506331
v -0.313152 -1.000000 0.524476
v -0.155777 -0.090936 0.506331
v -0.152947 -0.091435 0.524476
v -0.315982 -0.965877 -0.093686
v -0.324196 -0.964428 -0.110054
v -0.163991 -0.055863 -0.110054
v -0.315982 -0.965877 -0.093686
v -0.163991 -0.055863 -0.110054
v -0.155777 -0.057312 -0.093686
v -0.324196 -0.964428 -0.110054
v -0.336989 -0.962173 -0.123045
v -0.176784 -0.053608 -0.123045
v -0.324196 -0.964428 -0.110054
v -0.176784 -0.053608 -0.123045
v -0.163991 -0.055863 -0.110054
v -0.336989 -0.962173 -0.123045
v -0.353109 -0.959330 -0.131385
v -0.192904 -0.050765 -0.131385
v -0.336989 -0.962173 -0.123045
v -0.192904 -0.050765 -0.131385
v -0.176784 -0.053608 -0.123045
v -0.353109 -0.959330 -0.131385
v -0.370978 -0.956179 -0.134259
v -0.210774 -0.047614 -0.134259
v -0.353109 -0.959330 -0.131385
v -0.210774 -0.047614 -0.134259
v -0.192904 -0.050765 -0.131385
v -0.370978 -0.956179 -0.134259
v -0.388847 -0.953029 -0.131385
v -0.228643 -0.044463 -0.131385
v -0.370978 -0.956179 -0.134259
v -0.228643 -0.044463 -0.131385
v -0.210774 -0.047614 -0.134259
v -0.388847 -0.953029 -0.131385
v -0.404967 -0.950186 -0.123045
v -0.244763 -0.041621 -0.123045
v -0.388847 -0.953029 -0.131385
v -0.244763 -0.041621 -0.123045
v -0.228643 -0.044463 -0.131385
v -0.404967 -0.950186 -0.123045
v -0.417760 -0.947930 -0.110054
v -0.257556 -0.039365 -0.110054
v -0.404967 -0.950186 -0.123045
v -0.257556 -0.039365 -0.110054
v -0.244763 -0.041621 -0.123045
v -0.417760 -0.947930 -0.110054
v -0.425974 -0.946482 -0.093686
v -0.265770 -0.037917 -0.093686
v -0.417760 -0.947930 -0.110054
v -0.265770 -0.037917 -0.093686
v -0.257556 -0.039365 -0.110054
v -0.425974 -0.946482 -0.093686
v -0.428804 -0.945983 -0.075541
v -0.268600 -0.037418 -0.075541
v -0.425974 -0.946482 -0.093686
v -0.268600 -0.037418 -0.075541
v -0.265770 -0.037917 -0.093686
v -0.428804 -0.945983 -0.075541
v -0.425974 -0.946482 -0.057396
v -0.265770 -0.037917 -0.057396
v -0.428804 -0.945983 -0.075541
v -0.265770 -0.037917 -0.057396
v -0.268600 -0.037418 -0.075541
v -0.425974 -0.946482 -0.057396
v -0.417760 -0.947930 -0.041027
v -0.257556 -0.039365 -0.041027
v -0.425974 -0.946482 -0.057396
v -0.257556 -0.039365 -0.041027
v -0.265770 -0.037917 -0.057396
v -0.417760 -0.947930 -0.041027
v -0.404967 -0.950186 -0.028037
v -0.244763 -0.041621 -0.028037
v -0.417760 -0.947930 -0.041027
v -0.244763 -0.041621 -0.028037
v -0.257556 -0.039365 -0.041027
v -0.404967 -0.950186 -0.028037
v -0.388847 -0.953029 -0.019696
v -0.228643 -0.044463 -0.019696
v -0.404967 -0.950186 -0.028037
v -0.228643 -0.044463 -0.019696
v -0.244763 -0.041621 -0.028037
v -0.388847 -0.953029 -0.019696
v -0.370978 -0.956179 -0.016822
v -0.210774 -0.047614 -0.016822
v -0.388847 -0.953029 -0.019696
v -0.210774 -0.047614 -0.016822
v -0.228643 -0.044463 -0.019696
v -0.370978 -0.956179 -0.016822
v -0.353109 -0.959330 -0.019696
v -0.192904 -0.050765 -0.019696
v -0.370978 -0.956179 -0.016822
v -0.192904 -0.050765 -0.019696
v -0.210774 -0.047614 -0.016822
v -0.353109 -0.959330 -0.019696
v -0.336989 -0.962173 -0.028037
v -0.176784 -0.053608 -0.028037
v -0.353109 -0.959330 -0.019696
v -0.176784 -0.053608 -0.028037
v -0.192904 -0.050765 -0.019696
v -0.336989 -0.962173 -0.028037
v -0.324196 -0.964428 -0.041027
v -0.163991 -0.055863 -0.041027
v -0.336989 -0.962173 -0.028037
v -0.163991 -0.055863 -0.041027
v -0.176784 -0.053608 -0.028037
v -0.324196 -0.964428 -0.041027
v -0.315982 -0.965877 -0.057396
v -0.155778 -0.057312 -0.057396
v -0.324196 -0.964428 -0.041027
v -0.155778 -0.057312 -0.057396
v -0.163991 -0.055863 -0.041027
v -0.315982 -0.965877 -0.057396
v -0.313152 -0.966376 -0.075541
v -0.152947 -0.057811 -0.075541
v -0.315982 -0.965877 -0.057396
v -0.152947 -0.057811 -0.075541
v -0.155778 -0.057312 -0.057396
v -0.313152 -0.966376 -0.075541
v -0.315982 -0.965877 -0.093686
v -0.155777 -0.057312 -0.093686
v -0.313152 -0.966376 -0.075541
v -0.155777 -0.057312 -0.093686
v -0.152947 -0.057811 -0.075541
v 0.313871 -0.982073 0.542621
v 0.322085 -0.980625 0.558990
v 0.161880 -0.072060 0.558990
v 0.313871 -0.982073 0.542621
v 0.161880 -0.072060 0.558990
v 0.153667 -0.073508 0.542621
v 0.322085 -0.980625 0.558990
v 0.334878 -0.978369 0.571980
v 0.174673 -0.069804 0.571980
v 0.322085 -0.980625 0.558990
v 0.174673 -0.069804 0.571980
v 0.161880 -0.072060 0.558990
v 0.334878 -0.978369 0.571980
v 0.350998 -0.975527 0.580320
v 0.190793 -0.066962 0.580320
v 0.334878 -0.978369 0.571980
v 0.190793 -0.066962 0.580320
v 0.174673 -0.069804 0.571980
v 0.350998 -0.975527 0.580320
v 0.368867 -0.972376 0.583194
v 0.208663 -0.063811 0.583194
v 0.350998 -0.975527 0.580320
v 0.208663 -0.063811 0.583194
v 0.190793 -0.066962 0.580320
v 0.368867 -0.972376 0.583194
v 0.386736 -0.969225 0.580320
v 0.226532 -0.060660 0.580320
v 0.368867 -0.972376 0.583194
v 0.226532 -0.060660 0.580320
v 0.208663 -0.063811 0.583194
v 0.386736 -0.969225 0.580320
v 0.402857 -0.966383 0.571980
v 0.242652 -0.057818 0.571980
v 0.386736 -0.969225 0.580320
v 0.242652 -0.057818 0.571980
v 0.226532 -0.060660 0.580320
v 0.402857 -0.966383 0.571980
v 0.415650 -0.964127 0.558990
v 0.255445 -0.055562 0.558990
v 0.402857 -0.966383 0.571980
v 0.255445 -0.055562 0.558990
v 0.242652 -0.057818 0.571980
v 0.415650 -0.964127 0.558990
v 0.423863 -0.962679 0.542621
v 0.263659 -0.054114 0.542621
v 0.415650 -0.964127 0.558990
v 0.263659 -0.054114 0.542621
v 0.255445 -0.055562 0.558990
v 0.423863 -0.962679 0.542621
v 0.426693 -0.962180 0.524476
v 0.266489 -0.053615 0.524476
v 0.423863 -0.962679 0.542621
v 0.266489 -0.053615 0.524476
v 0.263659 -0.054114 0.542621
v 0.426693 -0.962180 0.524476
v 0.423863 -0.962679 0.506331
v 0.263659 -0.054114 0.506331
v 0.426693 -0.962180 0.524476
v 0.263659 -0.054114 0.506331
v 0.266489 -0.053615 0.524476
v 0.423863 -0.962679 0.506331
v 0.415650 -0.964127 0.489962
v 0.255445 -0.055562 0.489962
v 0.423863 -0.962679 0.506331
v 0.255445 -0.055562 0.489962
v 0.263659 -0.054114 0.506331
v 0.415650 -0.964127 0.489962
v 0.402857 -0.966383 0.476972
v 0.242652 -0.057818 0.476972
v 0.415650 -0.964127 0.489962
v 0.242652 -0.057818 0.476972
v 0.255445 -0.055562 0.489962
v 0.402857 -0.966383 0.476972
v 0.386736 -0.969225 0.468632
v 0.226532 -0.060660 0.468632
v 0.402857 -0.966383 0.476972
v 0.226532 -0.060660 0.468632
v 0.242652 -0.057818 0.476972
v 0.386736 -0.969225 0.468632
v 0.368867 -0.972376 0.465758
v 0.208663 -0.063811 0.465758
v 0.386736 -0.969225 0.468632
v 0.208663 -0.063811 0.465758
v 0.226532 -0.060660 0.468632
v 0.368867 -0.972376 0.465758
v 0.350998 -0.975527 0.468632
v 0.190793 -0.066962 0.468632
v 0.368867 -0.972376 0.465758
v 0.190793 -0.066962 0.468632
v 0.208663 -0.063811 0.465758
v 0.350998 -0.975527 0.468632
v 0.334878 -0.978369 0.476972
v 0.174673 -0.069804 0.476972
v 0.350998 -0.975527 0.468632
v 0.174673 -0.069804 0.476972
v 0.190793 -0.066962 0.468632
v 0.334878 -0.978369 0.476972
v 0.322085 -0.980625 0.489962
v 0.161880 -0.072060 0.489962
v 0.334878 -0.978369 0.476972
v 0.161880 -0.072060 0.489962
v 0.174673 -0.069804 0.476972
v 0.322085 -0.980625 0.489962
v 0.313871 -0.982073 0.506331
v 0.153667 -0.073508 0.506331
v 0.322085 -0.980625 0.489962
v 0.153667 -0.073508 0.506331
v 0.161880 -0.072060 0.489962
v 0.313871 -0.982073 0.506331
v 0.311041 -0.982572 0.524476
v 0.150836 -0.074008 0.524476
v 0.313871 -0.982073 0.506331
v 0.150836 -0.074008 0.524476
v 0.153667 -0.073508 0.506331
v 0.311041 -0.982572 0.524476
v 0.313871 -0.982073 0.542621
v 0.153667 -0.073508 0.542621
v 0.311041 -0.982572 0.524476
v 0.153667 -0.073508 0.542621
v 0.150836 -0.074008 0.524476
v -0.348865 0.117091 -0.468921
v -0.292091 0.090942 -0.461928
v -0.302003 0.045618 -0.430514
v -0.348865 0.117091 -0.468921
v -0.302003 0.045618 -0.430514
v -0.375642 0.095831 -0.450612
v -0.292091 0.090942 -0.461928
v -0.206992 0.064115 -0.454754
v -0.212112 0.010104 -0.418040
v -0.292091 0.090942 -0.461928
v -0.212112 0.010104 -0.418040
v -0.302003 0.045618 -0.430514
v -0.302003 0.045618 -0.430514
v -0.212112 0.010104 -0.418040
v -0.221857 -0.026098 -0.386652
v -0.302003 0.045618 -0.430514
v -0.221857 -0.026098 -0.386652
v -0.319853 0.016408 -0.403448
v -0.375642 0.095831 -0.450612
v -0.302003 0.045618 -0.430514
v -0.319853 0.016408 -0.403448
v -0.375642 0.095831 -0.450612
v -0.319853 0.016408 -0.403448
v -0.403115 0.075589 -0.428191
v -0.206992 0.064115 -0.454754
v -0.107175 0.045394 -0.449748
v -0.109289 -0.012823 -0.410370
v -0.206992 0.064115 -0.454754
v -0.109289 -0.012823 -0.410370
v -0.212112 0.010104 -0.418040
v -0.107175 0.045394 -0.449748
v 0.000000 0.038061 -0.447787
v 0.000000 -0.021140 -0.407735
v -0.107175 0.045394 -0.449748
v 0.000000 -0.021140 -0.407735
v -0.109289 -0.012823 -0.410370
v -0.109289 -0.012823 -0.410370
v 0.000000 -0.021140 -0.407735
v 0.000000 -0.061161 -0.373577
v -0.109289 -0.012823 -0.410370
v 0.000000 -0.061161 -0.373577
v -0.113515 -0.052206 -0.376781
v -0.212112 0.010104 -0.418040
v -0.109289 -0.012823 -0.410370
v -0.113515 -0.052206 -0.376781
v -0.212112 0.010104 -0.418040
v -0.113515 -0.052206 -0.376781
v -0.221857 -0.026098 -0.386652
v -0.221857 -0.026098 -0.386652
v -0.113515 -0.052206 -0.376781
v -0.117742 -0.072936 -0.349685
v -0.221857 -0.026098 -0.386652
v -0.117742 -0.072936 -0.349685
v -0.230616 -0.045355 -0.360921
v -0.113515 -0.052206 -0.376781
v 0.000000 -0.061161 -0.373577
v 0.000000 -0.082206 -0.346021
v -0.113515 -0.052206 -0.376781
v 0.000000 -0.082206 -0.346021
v -0.117742 -0.072936 -0.349685
v -0.117742 -0.072936 -0.349685
v 0.000000 -0.082206 -0.346021
v 0.000000 -0.084478 -0.325777
v -0.117742 -0.072936 -0.349685
v 0.000000 -0.084478 -0.325777
v -0.119855 -0.075193 -0.329788
v -0.230616 -0.045355 -0.360921
v -0.117742 -0.072936 -0.349685
v -0.119855 -0.075193 -0.329788
v -0.230616 -0.045355 -0.360921
v -0.119855 -0.075193 -0.329788
v -0.234748 -0.047426 -0.341783
v -0.403115 0.075589 -0.428191
v -0.319853 0.016408 -0.403448
v -0.333753 0.000310 -0.379969
v -0.403115 0.075589 -0.428191
v -0.333753 0.000310 -0.379969
v -0.422286 0.063831 -0.407070
v -0.319853 0.016408 -0.403448
v -0.221857 -0.026098 -0.386652
v -0.230616 -0.045355 -0.360921
v -0.319853 0.016408 -0.403448
v -0.230616 -0.045355 -0.360921
v -0.333753 0.000310 -0.379969
v -0.333753 0.000310 -0.379969
v -0.230616 -0.045355 -0.360921
v -0.234748 -0.047426 -0.341783
v -0.333753 0.000310 -0.379969
v -0.234748 -0.047426 -0.341783
v -0.339716 -0.001264 -0.361725
v -0.422286 0.063831 -0.407070
v -0.333753 0.000310 -0.379969
v -0.339716 -0.001264 -0.361725
v -0.422286 0.063831 -0.407070
v -0.339716 -0.001264 -0.361725
v -0.429796 0.063207 -0.389576
v 0.000000 0.038061 -0.447787
v 0.107175 0.045394 -0.449748
v 0.109289 -0.012823 -0.410370
v 0.000000 0.038061 -0.447787
v 0.109289 -0.012823 -0.410370
v 0.000000 -0.021140 -0.407735
v 0.107175 0.045394 -0.449748
v 0.206992 0.064115 -0.454754
v 0.212112 0.010104 -0.418040
v 0.107175 0.045394 -0.449748
v 0.212112 0.010104 -0.418040
v 0.109289 -0.012823 -0.410370
v 0.109289 -0.012823 -0.410370
v 0.212112 0.010104 -0.418040
v 0.221857 -0.026098 -0.386652
v 0.109289 -0.012823 -0.410370
v 0.221857 -0.026098 -0.386652
v 0.113515 -0.052206 -0.376781
v 0.000000 -0.021140 -0.407735
v 0.109289 -0.012823 -0.410370
v 0.113515 -0.052206 -0.376781
v 0.000000 -0.021140 -0.407735
v 0.113515 -0.052206 -0.376781
v 0.000000 -0.061161 -0.373577
v 0.206992 0.064115 -0.454754
v 0.292091 0.090943 -0.461928
v 0.302003 0.045618 -0.430514
v 0.206992 0.064115 -0.454754
v 0.302003 0.045618 -0.430514
v 0.212112 0.010104 -0.418040
v 0.292091 0.090943 -0.461928
v 0.348865 0.117091 -0.468921
v 0.375642 0.095831 -0.450612
v 0.292091 0.090943 -0.461928
v 0.375642 0.095831 -0.450612
v 0.302003 0.045618 -0.430514
v 0.302003 0.045618 -0.430514
v 0.375642 0.095831 -0.450612
v 0.403115 0.075589 -0.428191
v 0.302003 0.045618 -0.430514
v 0.403115 0.075589 -0.428191
v 0.319853 0.016408 -0.403448
v 0.212112 0.010104 -0.418040
v 0.302003 0.045618 -0.430514
v 0.319853 0.016408 -0.403448
v 0.212112 0.010104 -0.418040
v 0.319853 0.016408 -0.403448
v 0.221857 -0.026098 -0.386652
v 0.221857 -0.026098 -0.386652
v 0.319853 0.016408 -0.403448
v 0.333753 0.000310 -0.379969
v 0.221857 -0.026098 -0.386652
v 0.333753 0.000310 -0.379969
v 0.230616 -0.045355 -0.360921
v 0.319853 0.016408 -0.403448
v 0.403115 0.075589 -0.428191
v 0.422286 0.063831 -0.407070
v 0.319853 0.016408 -0.403448
v 0.422286 0.063831 -0.407070
v 0.333753 0.000310 -0.379969
v 0.333753 0.000310 -0.379969
v 0.422286 0.063831 -0.407070
v 0.429796 0.063207 -0.389576
v 0.333753 0.000310 -0.379969
v 0.429796 0.063207 -0.389576
v 0.339716 -0.001264 -0.361725
v 0.230616 -0.045355 -0.360921
v 0.333753 0.000310 -0.379969
v 0.339716 -0.001264 -0.361725
v 0.230616 -0.045355 -0.360921
v 0.339716 -0.001264 -0.361725
v 0.234748 -0.047426 -0.341783
v 0.000000 -0.061161 -0.373577
v 0.113515 -0.052206 -0.376781
v 0.117742 -0.072936 -0.349685
v 0.000000 -0.061161 -0.373577
v 0.117742 -0.072936 -0.349685
v 0.000000 -0.082206 -0.346021
v 0.113515 -0.052206 -0.376781
v 0.221857 -0.026098 -0.386652
v 0.230616 -0.045355 -0.360921
v 0.113515 -0.052206 -0.376781
v 0.230616 -0.045355 -0.360921
v 0.117742 -0.072936 -0.349685
v 0.117742 -0.072936 -0.349685
v 0.230616 -0.045355 -0.360921
v 0.234748 -0.047426 -0.341783
v 0.117742 -0.072936 -0.349685
v 0.234748 -0.047426 -0.341783
v 0.119855 -0.075193 -0.329788
v 0.000000 -0.082206 -0.346021
v 0.117742 -0.072936 -0.349685
v 0.119855 -0.075193 -0.329788
v 0.000000 -0.082206 -0.346021
v 0.119855 -0.075193 -0.329788
v 0.000000 -0.084478 -0.325777
v 0.000000 -0.084478 -0.325777
v 0.119855 -0.075193 -0.329788
v 0.117742 -0.059158 -0.317792
v 0.000000 -0.084478 -0.325777
v 0.117742 -0.059158 -0.317792
v 0.000000 -0.068181 -0.313555
v 0.119855 -0.075193 -0.329788
v 0.234748 -0.047426 -0.341783
v 0.230616 -0.032072 -0.330173
v 0.119855 -0.075193 -0.329788
v 0.230616 -0.032072 -0.330173
v 0.117742 -0.059158 -0.317792
v 0.117742 -0.059158 -0.317792
v 0.230616 -0.032072 -0.330173
v 0.221857 -0.000138 -0.329640
v 0.117742 -0.059158 -0.317792
v 0.221857 -0.000138 -0.329640
v 0.113515 -0.025221 -0.317837
v 0.000000 -0.068181 -0.313555
v 0.117742 -0.059158 -0.317792
v 0.113515 -0.025221 -0.317837
v 0.000000 -0.068181 -0.313555
v 0.113515 -0.025221 -0.317837
v -0.000000 -0.033692 -0.313514
v 0.234748 -0.047426 -0.341783
v 0.339716 -0.001264 -0.361725
v 0.333753 0.013098 -0.350365
v 0.234748 -0.047426 -0.341783
v 0.333753 0.013098 -0.350365
v 0.230616 -0.032072 -0.330173
v 0.339716 -0.001264 -0.361725
v 0.429796 0.063207 -0.389576
v 0.422286 0.076372 -0.378039
v 0.339716 -0.001264 -0.361725
v 0.422286 0.076372 -0.378039
v 0.333753 0.013098 -0.350365
v 0.333753 0.013098 -0.350365
v 0.422286 0.076372 -0.378039
v 0.403115 0.099811 -0.372563
v 0.333753 0.013098 -0.350365
v 0.403115 0.099811 -0.372563
v 0.319853 0.041228 -0.347755
v 0.230616 -0.032072 -0.330173
v 0.333753 0.013098 -0.350365
v 0.319853 0.041228 -0.347755
v 0.230616 -0.032072 -0.330173
v 0.319853 0.041228 -0.347755
v 0.221857 -0.000138 -0.329640
v 0.221857 -0.000138 -0.329640
v 0.319853 0.041228 -0.347755
v 0.302003 0.080958 -0.355757
v 0.221857 -0.000138 -0.329640
v 0.302003 0.080958 -0.355757
v 0.212112 0.047532 -0.343735
v 0.319853 0.041228 -0.347755
v 0.403115 0.099811 -0.372563
v 0.375642 0.130010 -0.373254
v 0.319853 0.041228 -0.347755
v 0.375642 0.130010 -0.373254
v 0.302003 0.080958 -0.355757
v 0.302003 0.080958 -0.355757
v 0.375642 0.130010 -0.373254
v 0.348865 0.157914 -0.379904
v 0.302003 0.080958 -0.355757
v 0.348865 0.157914 -0.379904
v 0.292091 0.134899 -0.372511
v 0.212112 0.047532 -0.343735
v 0.302003 0.080958 -0.355757
v 0.292091 0.134899 -0.372511
v 0.212112 0.047532 -0.343735
v 0.292091 0.134899 -0.372511
v 0.206992 0.111286 -0.367146
v -0.000000 -0.033692 -0.313514
v 0.113515 -0.025221 -0.317837
v 0.109289 0.026231 -0.334061
v -0.000000 -0.033692 -0.313514
v 0.109289 0.026231 -0.334061
v -0.000000 0.018612 -0.329811
v 0.113515 -0.025221 -0.317837
v 0.221857 -0.000138 -0.329640
v 0.212112 0.047532 -0.343735
v 0.113515 -0.025221 -0.317837
v 0.212112 0.047532 -0.343735
v 0.109289 0.026231 -0.334061
v 0.109289 0.026231 -0.334061
v 0.212112 0.047532 -0.343735
v 0.206992 0.111286 -0.367146
v 0.109289 0.026231 -0.334061
v 0.206992 0.111286 -0.367146
v 0.107175 0.094809 -0.360030
v -0.000000 0.018612 -0.329811
v 0.109289 0.026231 -0.334061
v 0.107175 0.094809 -0.360030
v -0.000000 0.018612 -0.329811
v 0.107175 0.094809 -0.360030
v -0.000000 0.088354 -0.356035
v -0.429796 0.063207 -0.389576
v -0.339716 -0.001264 -0.361725
v -0.333753 0.013098 -0.350365
v -0.429796 0.063207 -0.389576
v -0.333753 0.013098 -0.350365
v -0.422286 0.076372 -0.378039
v -0.339716 -0.001264 -0.361725
v -0.234748 -0.047426 -0.341783
v -0.230616 -0.032072 -0.330173
v -0.339716 -0.001264 -0.361725
v -0.230616 -0.032072 -0.330173
v -0.333753 0.013098 -0.350365
v -0.333753 0.013098 -0.350365
v -0.230616 -0.032072 -0.330173
v -0.221857 -0.000137 -0.329640
v -0.333753 0.013098 -0.350365
v -0.221857 -0.000137 -0.329640
v -0.319853 0.041228 -0.347755
v -0.422286 0.076372 -0.378039
v -0.333753 0.013098 -0.350365
v -0.319853 0.041228 -0.347755
v -0.422286 0.076372 -0.378039
v -0.319853 0.041228 -0.347755
v -0.403115 0.099811 -0.372563
v -0.234748 -0.047426 -0.341783
v -0.119855 -0.075193 -0.329788
v -0.117742 -0.059158 -0.317792
v -0.234748 -0.047426 -0.341783
v -0.117742 -0.059158 -0.317792
v -0.230616 -0.032072 -0.330173
v -0.119855 -0.075193 -0.329788
v 0.000000 -0.084478 -0.325777
v 0.000000 -0.068181 -0.313555
v -0.119855 -0.075193 -0.329788
v 0.000000 -0.068181 -0.313555
v -0.117742 -0.059158 -0.317792
v -0.117742 -0.059158 -0.317792
v 0.000000 -0.068181 -0.313555
v -0.000000 -0.033692 -0.313514
v -0.117742 -0.059158 -0.317792
v -0.000000 -0.033692 -0.313514
v -0.113515 -0.025221 -0.317837
v -0.230616 -0.032072 -0.330173
v -0.117742 -0.059158 -0.317792
v -0.113515 -0.025221 -0.317837
v -0.230616 -0.032072 -0.330173
v -0.113515 -0.025221 -0.317837
v -0.221857 -0.000137 -0.329640
v -0.221857 -0.000137 -0.329640
v -0.113515 -0.025221 -0.317837
v -0.109289 0.026231 -0.334061
v -0.221857 -0.000137 -0.329640
v -0.109289 0.026231 -0.334061
v -0.212112 0.047532 -0.343735
v -0.113515 -0.025221 -0.317837
v -0.000000 -0.033692 -0.313514
v -0.000000 0.018612 -0.329811
v -0.113515 -0.025221 -0.317837
v -0.000000 0.018612 -0.329811
v -0.109289 0.026231 -0.334061
v -0.109289 0.026231 -0.334061
v -0.000000 0.018612 -0.329811
v -0.000000 0.088354 -0.356035
v -0.109289 0.026231 -0.334061
v -0.000000 0.088354 -0.356035
v -0.107175 0.094809 -0.360030
v -0.212112 0.047532 -0.343735
v -0.109289 0.026231 -0.334061
v -0.107175 0.094809 -0.360030
v -0.212112 0.047532 -0.343735
v -0.107175 0.094809 -0.360030
v -0.206992 0.111286 -0.367146
v -0.403115 0.099811 -0.372563
v -0.319853 0.041228 -0.347755
v -0.302003 0.080958 -0.355757
v -0.403115 0.099811 -0.372563
v -0.302003 0.080958 -0.355757
v -0.375642 0.130010 -0.373254
v -0.319853 0.041228 -0.347755
v -0.221857 -0.000137 -0.329640
v -0.212112 0.047532 -0.343735
v -0.319853 0.041228 -0.347755
v -0.212112 0.047532 -0.343735
v -0.302003 0.080958 -0.355757
v -0.302003 0.080958 -0.355757
v -0.212112 0.047532 -0.343735
v -0.206992 0.111286 -0.367146
v -0.302003 0.080958 -0.355757
v -0.206992 0.111286 -0.367146
v -0.292091 0.134899 -0.372511
v -0.375642 0.130010 -0.373254
v -0.302003 0.080958 -0.355757
v -0.292091 0.134899 -0.372511
v -0.375642 0.130010 -0.373254
v -0.292091 0.134899 -0.372511
v -0.348865 0.157914 -0.379904
v -0.348865 0.157914 -0.379904
v -0.292091 0.134899 -0.372511
v -0.302003 0.205663 -0.396154
v -0.348865 0.157914 -0.379904
v -0.302003 0.205663 -0.396154
v -0.375642 0.211599 -0.396835
v -0.292091 0.134899 -0.372511
v -0.206992 0.111286 -0.367146
v -0.212112 0.191474 -0.394562
v -0.292091 0.134899 -0.372511
v -0.212112 0.191474 -0.394562
v -0.302003 0.205663 -0.396154
v -0.302003 0.205663 -0.396154
v -0.212112 0.191474 -0.394562
v -0.221857 0.284106 -0.427237
v -0.302003 0.205663 -0.396154
v -0.221857 0.284106 -0.427237
v -0.319853 0.290381 -0.426716
v -0.375642 0.211599 -0.396835
v -0.302003 0.205663 -0.396154
v -0.319853 0.290381 -0.426716
v -0.375642 0.211599 -0.396835
v -0.319853 0.290381 -0.426716
v -0.403115 0.291328 -0.426862
v -0.206992 0.111286 -0.367146
v -0.107175 0.094809 -0.360030
v -0.109289 0.180123 -0.389311
v -0.206992 0.111286 -0.367146
v -0.109289 0.180123 -0.389311
v -0.212112 0.191474 -0.394562
v -0.107175 0.094809 -0.360030
v -0.000000 0.088354 -0.356035
v 0.000000 0.175157 -0.385771
v -0.107175 0.094809 -0.360030
v 0.000000 0.175157 -0.385771
v -0.109289 0.180123 -0.389311
v -0.109289 0.180123 -0.389311
v 0.000000 0.175157 -0.385771
v 0.000000 0.274460 -0.420588
v -0.109289 0.180123 -0.389311
v 0.000000 0.274460 -0.420588
v -0.113515 0.277698 -0.423512
v -0.212112 0.191474 -0.394562
v -0.109289 0.180123 -0.389311
v -0.113515 0.277698 -0.423512
v -0.212112 0.191474 -0.394562
v -0.113515 0.277698 -0.423512
v -0.221857 0.284106 -0.427237
v -0.221857 0.284106 -0.427237
v -0.113515 0.277698 -0.423512
v -0.117742 0.383058 -0.464242
v -0.221857 0.284106 -0.427237
v -0.117742 0.383058 -0.464242
v -0.230616 0.385196 -0.466426
v -0.113515 0.277698 -0.423512
v 0.000000 0.274460 -0.420588
v 0.000000 0.381701 -0.462054
v -0.113515 0.277698 -0.423512
v 0.000000 0.381701 -0.462054
v -0.117742 0.383058 -0.464242
v -0.117742 0.383058 -0.464242
v 0.000000 0.381701 -0.462054
v 0.000000 0.492320 -0.508216
v -0.117742 0.383058 -0.464242
v 0.000000 0.492320 -0.508216
v -0.119855 0.491729 -0.509586
v -0.230616 0.385196 -0.466426
v -0.117742 0.383058 -0.464242
v -0.119855 0.491729 -0.509586
v -0.230616 0.385196 -0.466426
v -0.119855 0.491729 -0.509586
v -0.234748 0.489959 -0.510158
v -0.403115 0.291328 -0.426862
v -0.319853 0.290381 -0.426716
v -0.333753 0.386182 -0.464231
v -0.403115 0.291328 -0.426862
v -0.333753 0.386182 -0.464231
v -0.422286 0.384081 -0.463850
v -0.319853 0.290381 -0.426716
v -0.221857 0.284106 -0.427237
v -0.230616 0.385196 -0.466426
v -0.319853 0.290381 -0.426716
v -0.230616 0.385196 -0.466426
v -0.333753 0.386182 -0.464231
v -0.333753 0.386182 -0.464231
v -0.230616 0.385196 -0.466426
v -0.234748 0.489959 -0.510158
v -0.333753 0.386182 -0.464231
v -0.234748 0.489959 -0.510158
v -0.339716 0.487017 -0.506396
v -0.422286 0.384081 -0.463850
v -0.333753 0.386182 -0.464231
v -0.339716 0.487017 -0.506396
v -0.422286 0.384081 -0.463850
v -0.339716 0.487017 -0.506396
v -0.429796 0.482908 -0.505335
v -0.000000 0.088354 -0.356035
v 0.107175 0.094809 -0.360030
v 0.109289 0.180123 -0.389311
v -0.000000 0.088354 -0.356035
v 0.109289 0.180123 -0.389311
v 0.000000 0.175157 -0.385771
v 0.107175 0.094809 -0.360030
v 0.206992 0.111286 -0.367146
v 0.212112 0.191474 -0.394562
v 0.107175 0.094809 -0.360030
v 0.212112 0.191474 -0.394562
v 0.109289 0.180123 -0.389311
v 0.109289 0.180123 -0.389311
v 0.212112 0.191474 -0.394562
v 0.221857 0.284106 -0.427237
v 0.109289 0.180123 -0.389311
v 0.221857 0.284106 -0.427237
v 0.113515 0.277698 -0.423512
v 0.000000 0.175157 -0.385771
v 0.109289 0.180123 -0.389311
v 0.113515 0.277698 -0.423512
v 0.000000 0.175157 -0.385771
v 0.113515 0.277698 -0.423512
v 0.000000 0.274460 -0.420588
v 0.206992 0.111286 -0.367146
v 0.292091 0.134899 -0.372511
v 0.302003 0.205663 -0.396154
v 0.206992 0.111286 -0.367146
v 0.302003 0.205663 -0.396154
v 0.212112 0.191474 -0.394562
v 0.292091 0.134899 -0.372511
v 0.348865 0.157914 -0.379904
v 0.375642 0.211599 -0.396835
v 0.292091 0.134899 -0.372511
v 0.375642 0.211599 -0.396835
v 0.302003 0.205663 -0.396154
v 0.302003 0.205663 -0.396154
v 0.375642 0.211599 -0.396835
v 0.403115 0.291328 -0.426862
v 0.302003 0.205663 -0.396154
v 0.403115 0.291328 -0.426862
v 0.319853 0.290381 -0.426716
v 0.212112 0.191474 -0.394562
v 0.302003 0.205663 -0.396154
v 0.319853 0.290381 -0.426716
v 0.212112 0.191474 -0.394562
v 0.319853 0.290381 -0.426716
v 0.221857 0.284106 -0.427237
v 0.221857 0.284106 -0.427237
v 0.319853 0.290381 -0.426716
v 0.333753 0.386182 -0.464231
v 0.221857 0.284106 -0.427237
v 0.333753 0.386182 -0.464231
v 0.230616 0.385196 -0.466426
v 0.319853 0.290381 -0.426716
v 0.403115 0.291328 -0.426862
v 0.422286 0.384081 -0.463850
v 0.319853 0.290381 -0.426716
v 0.422286 0.384081 -0.463850
v 0.333753 0.386182 -0.464231
v 0.333753 0.386182 -0.464231
v 0.422286 0.384081 -0.463850
v 0.429796 0.482908 -0.505335
v 0.333753 0.386182 -0.464231
v 0.429796 0.482908 -0.505335
v 0.339716 0.487017 -0.506396
v 0.230616 0.385196 -0.466426
v 0.333753 0.386182 -0.464231
v 0.339716 0.487017 -0.506396
v 0.230616 0.385196 -0.466426
v 0.339716 0.487017 -0.506396
v 0.234748 0.489959 -0.510158
v 0.000000 0.274460 -0.420588
v 0.113515 0.277698 -0.423512
v 0.117742 0.383058 -0.464242
v 0.000000 0.274460 -0.420588
v 0.117742 0.383058 -0.464242
v 0.000000 0.381701 -0.462054
v 0.113515 0.277698 -0.423512
v 0.221857 0.284106 -0.427237
v 0.230616 0.385196 -0.466426
v 0.113515 0.277698 -0.423512
v 0.230616 0.385196 -0.466426
v 0.117742 0.383058 -0.464242
v 0.117742 0.383058 -0.464242
v 0.230616 0.385196 -0.466426
v 0.234748 0.489959 -0.510158
v 0.117742 0.383058 -0.464242
v 0.234748 0.489959 -0.510158
v 0.119855 0.491729 -0.509586
v 0.000000 0.381701 -0.462054
v 0.117742 0.383058 -0.464242
v 0.119855 0.491729 -0.509586
v 0.000000 0.381701 -0.462054
v 0.119855 0.491729 -0.509586
v 0.000000 0.492320 -0.508216
v 0.000000 0.492320 -0.508216
v 0.119855 0.491729 -0.509586
v 0.117742 0.599233 -0.557628
v 0.000000 0.492320 -0.508216
v 0.117742 0.599233 -0.557628
v 0.000000 0.601756 -0.557117
v 0.119855 0.491729 -0.509586
v 0.234748 0.489959 -0.510158
v 0.230616 0.593611 -0.556461
v 0.119855 0.491729 -0.509586
v 0.230616 0.593611 -0.556461
v 0.117742 0.599233 -0.557628
v 0.117742 0.599233 -0.557628
v 0.230616 0.593611 -0.556461
v 0.221857 0.691438 -0.603202
v 0.117742 0.599233 -0.557628
v 0.221857 0.691438 -0.603202
v 0.113515 0.701110 -0.606424
v 0.000000 0.601756 -0.557117
v 0.117742 0.599233 -0.557628
v 0.113515 0.701110 -0.606424
v 0.000000 0.601756 -0.557117
v 0.113515 0.701110 -0.606424
v -0.000000 0.705458 -0.606777
v 0.234748 0.489959 -0.510158
v 0.339716 0.487017 -0.506396
v 0.333753 0.586837 -0.550913
v 0.234748 0.489959 -0.510158
v 0.333753 0.586837 -0.550913
v 0.230616 0.593611 -0.556461
v 0.339716 0.487017 -0.506396
v 0.429796 0.482908 -0.505335
v 0.422286 0.580856 -0.548855
v 0.339716 0.487017 -0.506396
v 0.422286 0.580856 -0.548855
v 0.333753 0.586837 -0.550913
v 0.333753 0.586837 -0.550913
v 0.422286 0.580856 -0.548855
v 0.403115 0.671366 -0.591036
v 0.333753 0.586837 -0.550913
v 0.403115 0.671366 -0.591036
v 0.319853 0.679819 -0.594952
v 0.230616 0.593611 -0.556461
v 0.333753 0.586837 -0.550913
v 0.319853 0.679819 -0.594952
v 0.230616 0.593611 -0.556461
v 0.319853 0.679819 -0.594952
v 0.221857 0.691438 -0.603202
v 0.221857 0.691438 -0.603202
v 0.319853 0.679819 -0.594952
v 0.302003 0.760143 -0.635686
v 0.221857 0.691438 -0.603202
v 0.302003 0.760143 -0.635686
v 0.212112 0.778726 -0.648252
v 0.319853 0.679819 -0.594952
v 0.403115 0.671366 -0.591036
v 0.375642 0.747880 -0.628505
v 0.319853 0.679819 -0.594952
v 0.375642 0.747880 -0.628505
v 0.302003 0.760143 -0.635686
v 0.302003 0.760143 -0.635686
v 0.375642 0.747880 -0.628505
v 0.348865 0.798432 -0.656605
v 0.302003 0.760143 -0.635686
v 0.348865 0.798432 -0.656605
v 0.292091 0.824580 -0.670450
v 0.212112 0.778726 -0.648252
v 0.302003 0.760143 -0.635686
v 0.292091 0.824580 -0.670450
v 0.212112 0.778726 -0.648252
v 0.292091 0.824580 -0.670450
v 0.206992 0.851408 -0.686875
v -0.000000 0.705458 -0.606777
v 0.113515 0.701110 -0.606424
v 0.109289 0.792896 -0.654026
v -0.000000 0.705458 -0.606777
v 0.109289 0.792896 -0.654026
v -0.000000 0.798877 -0.655215
v 0.113515 0.701110 -0.606424
v 0.221857 0.691438 -0.603202
v 0.212112 0.778726 -0.648252
v 0.113515 0.701110 -0.606424
v 0.212112 0.778726 -0.648252
v 0.109289 0.792896 -0.654026
v 0.109289 0.792896 -0.654026
v 0.212112 0.778726 -0.648252
v 0.206992 0.851408 -0.686875
v 0.109289 0.792896 -0.654026
v 0.206992 0.851408 -0.686875
v 0.107175 0.870128 -0.694965
v -0.000000 0.798877 -0.655215
v 0.109289 0.792896 -0.654026
v 0.107175 0.870128 -0.694965
v -0.000000 0.798877 -0.655215
v 0.107175 0.870128 -0.694965
v -0.000000 0.877462 -0.696926
v -0.429796 0.482908 -0.505335
v -0.339716 0.487017 -0.506396
v -0.333753 0.586837 -0.550913
v -0.429796 0.482908 -0.505335
v -0.333753 0.586837 -0.550913
v -0.422286 0.580856 -0.548855
v -0.339716 0.487017 -0.506396
v -0.234748 0.489959 -0.510158
v -0.230616 0.593611 -0.556461
v -0.339716 0.487017 -0.506396
v -0.230616 0.593611 -0.556461
v -0.333753 0.586837 -0.550913
v -0.333753 0.586837 -0.550913
v -0.230616 0.593611 -0.556461
v -0.221857 0.691438 -0.603202
v -0.333753 0.586837 -0.550913
v -0.221857 0.691438 -0.603202
v -0.319853 0.679819 -0.594952
v -0.422286 0.580856 -0.548855
v -0.333753 0.586837 -0.550913
v -0.319853 0.679819 -0.594952
v -0.422286 0.580856 -0.548855
v -0.319853 0.679819 -0.594952
v -0.403115 0.671366 -0.591036
v -0.234748 0.489959 -0.510158
v -0.119855 0.491729 -0.509586
v -0.117742 0.599233 -0.557628
v -0.234748 0.489959 -0.510158
v -0.117742 0.599233 -0.557628
v -0.230616 0.593611 -0.556461
v -0.119855 0.491729 -0.509586
v 0.000000 0.492320 -0.508216
v 0.000000 0.601756 -0.557117
v -0.119855 0.491729 -0.509586
v 0.000000 0.601756 -0.557117
v -0.117742 0.599233 -0.557628
v -0.117742 0.599233 -0.557628
v 0.000000 0.601756 -0.557117
v -0.000000 0.705458 -0.606777
v -0.117742 0.599233 -0.557628
v -0.000000 0.705458 -0.606777
v -0.113515 0.701110 -0.606424
v -0.230616 0.593611 -0.556461
v -0.117742 0.599233 -0.557628
v -0.113515 0.701110 -0.606424
v -0.230616 0.593611 -0.556461
v -0.113515 0.701110 -0.606424
v -0.221857 0.691438 -0.603202
v -0.221857 0.691438 -0.603202
v -0.113515 0.701110 -0.606424
v -0.109289 0.792896 -0.654026
v -0.221857 0.691438 -0.603202
v -0.109289 0.792896 -0.654026
v -0.212112 0.778726 -0.648252
v -0.113515 0.701110 -0.606424
v -0.000000 0.705458 -0.606777
v -0.000000 0.798877 -0.655215
v -0.113515 0.701110 -0.606424
v -0.000000 0.798877 -0.655215
v -0.109289 0.792896 -0.654026
v -0.109289 0.792896 -0.654026
v -0.000000 0.798877 -0.655215
v -0.000000 0.877462 -0.696926
v -0.109289 0.792896 -0.654026
v -0.000000 0.877462 -0.696926
v -0.107175 0.870128 -0.694965
v -0.212112 0.778726 -0.648252
v -0.109289 0.792896 -0.654026
v -0.107175 0.870128 -0.694965
v -0.212112 0.778726 -0.648252
v -0.107175 0.870128 -0.694965
v -0.206992 0.851408 -0.686875
v -0.403115 0.671366 -0.591036
v -0.319853 0.679819 -0.594952
v -0.302003 0.760143 -0.635686
v -0.403115 0.671366 -0.591036
v -0.302003 0.760143 -0.635686
v -0.375642 0.747880 -0.628505
v -0.319853 0.679819 -0.594952
v -0.221857 0.691438 -0.603202
v -0.212112 0.778726 -0.648252
v -0.319853 0.679819 -0.594952
v -0.212112 0.778726 -0.648252
v -0.302003 0.760143 -0.635686
v -0.302003 0.760143 -0.635686
v -0.212112 0.778726 -0.648252
v -0.206992 0.851408 -0.686875
v -0.302003 0.760143 -0.635686
v -0.206992 0.851408 -0.686875
v -0.292091 0.824580 -0.670450
v -0.375642 0.747880 -0.628505
v -0.302003 0.760143 -0.635686
v -0.292091 0.824580 -0.670450
v -0.375642 0.747880 -0.628505
v -0.292091 0.824580 -0.670450
v -0.348865 0.798432 -0.656605
v -0.348865 0.798432 -0.656605
v -0.292091 0.824580 -0.670450
v -0.302003 0.869904 -0.696578
v -0.348865 0.798432 -0.656605
v -0.302003 0.869904 -0.696578
v -0.375642 0.819692 -0.671193
v -0.292091 0.824580 -0.670450
v -0.206992 0.851408 -0.686875
v -0.212112 0.905419 -0.714338
v -0.292091 0.824580 -0.670450
v -0.212112 0.905419 -0.714338
v -0.302003 0.869904 -0.696578
v -0.302003 0.869904 -0.696578
v -0.212112 0.905419 -0.714338
v -0.221857 0.941621 -0.736475
v -0.302003 0.869904 -0.696578
v -0.221857 0.941621 -0.736475
v -0.319853 0.899115 -0.718357
v -0.375642 0.819692 -0.671193
v -0.302003 0.869904 -0.696578
v -0.319853 0.899115 -0.718357
v -0.375642 0.819692 -0.671193
v -0.319853 0.899115 -0.718357
v -0.403115 0.839933 -0.692293
v -0.206992 0.851408 -0.686875
v -0.107175 0.870128 -0.694965
v -0.109289 0.928346 -0.723770
v -0.206992 0.851408 -0.686875
v -0.109289 0.928346 -0.723770
v -0.212112 0.905419 -0.714338
v -0.107175 0.870128 -0.694965
v -0.000000 0.877462 -0.696926
v 0.000000 0.936663 -0.726405
v -0.107175 0.870128 -0.694965
v 0.000000 0.936663 -0.726405
v -0.109289 0.928346 -0.723770
v -0.109289 0.928346 -0.723770
v 0.000000 0.936663 -0.726405
v 0.000000 0.976684 -0.749991
v -0.109289 0.928346 -0.723770
v 0.000000 0.976684 -0.749991
v -0.113515 0.967729 -0.746787
v -0.212112 0.905419 -0.714338
v -0.109289 0.928346 -0.723770
v -0.113515 0.967729 -0.746787
v -0.212112 0.905419 -0.714338
v -0.113515 0.967729 -0.746787
v -0.221857 0.941621 -0.736475
v -0.221857 0.941621 -0.736475
v -0.113515 0.967729 -0.746787
v -0.117742 0.988459 -0.770358
v -0.221857 0.941621 -0.736475
v -0.117742 0.988459 -0.770358
v -0.230616 0.960878 -0.759122
v -0.113515 0.967729 -0.746787
v 0.000000 0.976684 -0.749991
v 0.000000 0.997728 -0.774023
v -0.113515 0.967729 -0.746787
v 0.000000 0.997728 -0.774023
v -0.117742 0.988459 -0.770358
v -0.117742 0.988459 -0.770358
v 0.000000 0.997728 -0.774023
v 0.000000 1.000000 -0.794266
v -0.117742 0.988459 -0.770358
v 0.000000 1.000000 -0.794266
v -0.119855 0.990716 -0.790255
v -0.230616 0.960878 -0.759122
v -0.117742 0.988459 -0.770358
v -0.119855 0.990716 -0.790255
v -0.230616 0.960878 -0.759122
v -0.119855 0.990716 -0.790255
v -0.234748 0.962949 -0.778261
v -0.403115 0.839933 -0.692293
v -0.319853 0.899115 -0.718357
v -0.333753 0.915213 -0.740075
v -0.403115 0.839933 -0.692293
v -0.333753 0.915213 -0.740075
v -0.422286 0.851692 -0.712973
v -0.319853 0.899115 -0.718357
v -0.221857 0.941621 -0.736475
v -0.230616 0.960878 -0.759122
v -0.319853 0.899115 -0.718357
v -0.230616 0.960878 -0.759122
v -0.333753 0.915213 -0.740075
v -0.333753 0.915213 -0.740075
v -0.230616 0.960878 -0.759122
v -0.234748 0.962949 -0.778261
v -0.333753 0.915213 -0.740075
v -0.234748 0.962949 -0.778261
v -0.339716 0.916787 -0.758319
v -0.422286 0.851692 -0.712973
v -0.333753 0.915213 -0.740075
v -0.339716 0.916787 -0.758319
v -0.422286 0.851692 -0.712973
v -0.339716 0.916787 -0.758319
v -0.429796 0.852315 -0.730467
v -0.000000 0.877462 -0.696926
v 0.107175 0.870128 -0.694965
v 0.109289 0.928346 -0.723770
v -0.000000 0.877462 -0.696926
v 0.109289 0.928346 -0.723770
v 0.000000 0.936663 -0.726405
v 0.107175 0.870128 -0.694965
v 0.206992 0.851408 -0.686875
v 0.212112 0.905419 -0.714338
v 0.107175 0.870128 -0.694965
v 0.212112 0.905419 -0.714338
v 0.109289 0.928346 -0.723770
v 0.109289 0.928346 -0.723770
v 0.212112 0.905419 -0.714338
v 0.221857 0.941621 -0.736475
v 0.109289 0.928346 -0.723770
v 0.221857 0.941621 -0.736475
v 0.113515 0.967729 -0.746787
v 0.000000 0.936663 -0.726405
v 0.109289 0.928346 -0.723770
v 0.113515 0.967729 -0.746787
v 0.000000 0.936663 -0.726405
v 0.113515 0.967729 -0.746787
v 0.000000 0.976684 -0.749991
v 0.206992 0.851408 -0.686875
v 0.292091 0.824580 -0.670450
v 0.302003 0.869904 -0.696578
v 0.206992 0.851408 -0.686875
v 0.302003 0.869904 -0.696578
v 0.212112 0.905419 -0.714338
v 0.292091 0.824580 -0.670450
v 0.348865 0.798432 -0.656605
v 0.375642 0.819692 -0.671193
v 0.292091 0.824580 -0.670450
v 0.375642 0.819692 -0.671193
v 0.302003 0.869904 -0.696578
v 0.302003 0.869904 -0.696578
v 0.375642 0.819692 -0.671193
v 0.403115 0.839933 -0.692293
v 0.302003 0.869904 -0.696578
v 0.403115 0.839933 -0.692293
v 0.319853 0.899115 -0.718357
v 0.212112 0.905419 -0.714338
v 0.302003 0.869904 -0.696578
v 0.319853 0.899115 -0.718357
v 0.212112 0.905419 -0.714338
v 0.319853 0.899115 -0.718357
v 0.221857 0.941621 -0.736475
v 0.221857 0.941621 -0.736475
v 0.319853 0.899115 -0.718357
v 0.333753 0.915213 -0.740075
v 0.221857 0.941621 -0.736475
v 0.333753 0.915213 -0.740075
v 0.230616 0.960878 -0.759122
v 0.319853 0.899115 -0.718357
v 0.403115 0.839933 -0.692293
v 0.422286 0.851692 -0.712973
v 0.319853 0.899115 -0.718357
v 0.422286 0.851692 -0.712973
v 0.333753 0.915213 -0.740075
v 0.333753 0.915213 -0.740075
v 0.422286 0.851692 -0.712973
v 0.429796 0.852315 -0.730467
v 0.333753 0.915213 -0.740075
v 0.429796 0.852315 -0.730467
v 0.339716 0.916787 -0.758319
v 0.230616 0.960878 -0.759122
v 0.333753 0.915213 -0.740075
v 0.339716 0.916787 -0.758319
v 0.230616 0.960878 -0.759122
v 0.339716 0.916787 -0.758319
v 0.234748 0.962949 -0.778260
v 0.000000 0.976684 -0.749991
v 0.113515 0.967729 -0.746787
v 0.117742 0.988459 -0.770358
v 0.000000 0.976684 -0.749991
v 0.117742 0.988459 -0.770358
v 0.000000 0.997728 -0.774023
v 0.113515 0.967729 -0.746787
v 0.221857 0.941621 -0.736475
v 0.230616 0.960878 -0.759122
v 0.113515 0.967729 -0.746787
v 0.230616 0.960878 -0.759122
v 0.117742 0.988459 -0.770358
v 0.117742 0.988459 -0.770358
v 0.230616 0.960878 -0.759122
v 0.234748 0.962949 -0.778260
v 0.117742 0.988459 -0.770358
v 0.234748 0.962949 -0.778260
v 0.119855 0.990716 -0.790255
v 0.000000 0.997728 -0.774023
v 0.117742 0.988459 -0.770358
v 0.119855 0.990716 -0.790255
v 0.000000 0.997728 -0.774023
v 0.119855 0.990716 -0.790255
v 0.000000 1.000000 -0.794266
v 0.000000 1.000000 -0.794266
v 0.119855 0.990716 -0.790255
v 0.117742 0.974681 -0.802251
v 0.000000 1.000000 -0.794266
v 0.117742 0.974681 -0.802251
v 0.000000 0.983703 -0.806488
v 0.119855 0.990716 -0.790255
v 0.234748 0.962949 -0.778260
v 0.230616 0.947595 -0.789871
v 0.119855 0.990716 -0.790255
v 0.230616 0.947595 -0.789871
v 0.117742 0.974681 -0.802251
v 0.117742 0.974681 -0.802251
v 0.230616 0.947595 -0.789871
v 0.221857 0.915660 -0.793487
v 0.117742 0.974681 -0.802251
v 0.221857 0.915660 -0.793487
v 0.113515 0.940743 -0.805730
v 0.000000 0.983703 -0.806488
v 0.117742 0.974681 -0.802251
v 0.113515 0.940743 -0.805730
v 0.000000 0.983703 -0.806488
v 0.113515 0.940743 -0.805730
v -0.000000 0.949214 -0.810054
v 0.234748 0.962949 -0.778260
v 0.339716 0.916787 -0.758319
v 0.333753 0.902424 -0.769678
v 0.234748 0.962949 -0.778260
v 0.333753 0.902424 -0.769678
v 0.230616 0.947595 -0.789871
v 0.339716 0.916787 -0.758319
v 0.429796 0.852315 -0.730467
v 0.422286 0.839150 -0.742004
v 0.339716 0.916787 -0.758319
v 0.422286 0.839150 -0.742004
v 0.333753 0.902424 -0.769678
v 0.333753 0.902424 -0.769678
v 0.422286 0.839150 -0.742004
v 0.403115 0.815712 -0.747921
v 0.333753 0.902424 -0.769678
v 0.403115 0.815712 -0.747921
v 0.319853 0.874294 -0.774051
v 0.230616 0.947595 -0.789871
v 0.333753 0.902424 -0.769678
v 0.319853 0.874294 -0.774051
v 0.230616 0.947595 -0.789871
v 0.319853 0.874294 -0.774051
v 0.221857 0.915660 -0.793487
v 0.221857 0.915660 -0.793487
v 0.319853 0.874294 -0.774051
v 0.302003 0.834565 -0.771335
v 0.221857 0.915660 -0.793487
v 0.302003 0.834565 -0.771335
v 0.212112 0.867991 -0.788643
v 0.319853 0.874294 -0.774051
v 0.403115 0.815712 -0.747921
v 0.375642 0.785512 -0.748551
v 0.319853 0.874294 -0.774051
v 0.375642 0.785512 -0.748551
v 0.302003 0.834565 -0.771335
v 0.302003 0.834565 -0.771335
v 0.375642 0.785512 -0.748551
v 0.348865 0.757609 -0.745622
v 0.302003 0.834565 -0.771335
v 0.348865 0.757609 -0.745622
v 0.292091 0.780624 -0.759867
v 0.212112 0.867991 -0.788643
v 0.302003 0.834565 -0.771335
v 0.292091 0.780624 -0.759867
v 0.212112 0.867991 -0.788643
v 0.292091 0.780624 -0.759867
v 0.206992 0.804237 -0.774483
v -0.000000 0.949214 -0.810054
v 0.113515 0.940743 -0.805730
v 0.109289 0.889291 -0.800079
v -0.000000 0.949214 -0.810054
v 0.109289 0.889291 -0.800079
v -0.000000 0.896911 -0.804329
v 0.113515 0.940743 -0.805730
v 0.221857 0.915660 -0.793487
v 0.212112 0.867991 -0.788643
v 0.113515 0.940743 -0.805730
v 0.212112 0.867991 -0.788643
v 0.109289 0.889291 -0.800079
v 0.109289 0.889291 -0.800079
v 0.212112 0.867991 -0.788643
v 0.206992 0.804237 -0.774483
v 0.109289 0.889291 -0.800079
v 0.206992 0.804237 -0.774483
v 0.107175 0.820714 -0.784682
v -0.000000 0.896911 -0.804329
v 0.109289 0.889291 -0.800079
v 0.107175 0.820714 -0.784682
v -0.000000 0.896911 -0.804329
v 0.107175 0.820714 -0.784682
v -0.000000 0.827169 -0.788677
v -0.429796 0.852315 -0.730467
v -0.339716 0.916787 -0.758319
v -0.333753 0.902424 -0.769678
v -0.429796 0.852315 -0.730467
v -0.333753 0.902424 -0.769678
v -0.422286 0.839150 -0.742004
v -0.339716 0.916787 -0.758319
v -0.234748 0.962949 -0.778261
v -0.230616 0.947595 -0.789871
v -0.339716 0.916787 -0.758319
v -0.230616 0.947595 -0.789871
v -0.333753 0.902424 -0.769678
v -0.333753 0.902424 -0.769678
v -0.230616 0.947595 -0.789871
v -0.221857 0.915660 -0.793487
v -0.333753 0.902424 -0.769678
v -0.221857 0.915660 -0.793487
v -0.319853 0.874294 -0.774051
v -0.422286 0.839150 -0.742004
v -0.333753 0.902424 -0.769678
v -0.319853 0.874294 -0.774051
v -0.422286 0.839150 -0.742004
v -0.319853 0.874294 -0.774051
v -0.403115 0.815712 -0.747921
v -0.234748 0.962949 -0.778261
v -0.119855 0.990716 -0.790255
v -0.117742 0.974681 -0.802251
v -0.234748 0.962949 -0.778261
v -0.117742 0.974681 -0.802251
v -0.230616 0.947595 -0.789871
v -0.119855 0.990716 -0.790255
v 0.000000 1.000000 -0.794266
v 0.000000 0.983703 -0.806488
v -0.119855 0.990716 -0.790255
v 0.000000 0.983703 -0.806488
v -0.117742 0.974681 -0.802251
v -0.117742 0.974681 -0.802251
v 0.000000 0.983703 -0.806488
v -0.000000 0.949214 -0.810054
v -0.117742 0.974681 -0.802251
v -0.000000 0.949214 -0.810054
v -0.113515 0.940743 -0.805730
v -0.230616 0.947595 -0.789871
v -0.117742 0.974681 -0.802251
v -0.113515 0.940743 -0.805730
v -0.230616 0.947595 -0.789871
v -0.113515 0.940743 -0.805730
v -0.221857 0.915660 -0.793487
v -0.221857 0.915660 -0.793487
v -0.113515 0.940743 -0.805730
v -0.109289 0.889291 -0.800079
v -0.221857 0.915660 -0.793487
v -0.109289 0.889291 -0.800079
v -0.212112 0.867991 -0.788643
v -0.113515 0.940743 -0.805730
v -0.000000 0.949214 -0.810054
v -0.000000 0.896911 -0.804329
v -0.113515 0.940743 -0.805730
v -0.000000 0.896911 -0.804329
v -0.109289 0.889291 -0.800079
v -0.109289 0.889291 -0.800079
v -0.000000 0.896911 -0.804329
v -0.000000 0.827169 -0.788677
v -0.109289 0.889291 -0.800079
v -0.000000 0.827169 -0.788677
v -0.107175 0.820714 -0.784682
v -0.212112 0.867991 -0.788643
v -0.109289 0.889291 -0.800079
v -0.107175 0.820714 -0.784682
v -0.212112 0.867991 -0.788643
v -0.107175 0.820714 -0.784682
v -0.206992 0.804237 -0.774483
v -0.403115 0.815712 -0.747921
v -0.319853 0.874294 -0.774051
v -0.302003 0.834565 -0.771335
v -0.403115 0.815712 -0.747921
v -0.302003 0.834565 -0.771335
v -0.375642 0.785512 -0.748551
v -0.319853 0.874294 -0.774051
v -0.221857 0.915660 -0.793487
v -0.212112 0.867991 -0.788643
v -0.319853 0.874294 -0.774051
v -0.212112 0.867991 -0.788643
v -0.302003 0.834565 -0.771335
v -0.302003 0.834565 -0.771335
v -0.212112 0.867991 -0.788643
v -0.206992 0.804237 -0.774483
v -0.302003 0.834565 -0.771335
v -0.206992 0.804237 -0.774483
v -0.292091 0.780624 -0.759867
v -0.375642 0.785512 -0.748551
v -0.302003 0.834565 -0.771335
v -0.292091 0.780624 -0.759867
v -0.375642 0.785512 -0.748551
v -0.292091 0.780624 -0.759867
v -0.348865 0.757609 -0.745622
v -0.348865 0.757609 -0.745622
v -0.292091 0.780624 -0.759867
v -0.302003 0.709860 -0.737986
v -0.348865 0.757609 -0.745622
v -0.302003 0.709860 -0.737986
v -0.375642 0.703923 -0.726733
v -0.292091 0.780624 -0.759867
v -0.206992 0.804237 -0.774483
v -0.212112 0.724049 -0.750151
v -0.292091 0.780624 -0.759867
v -0.212112 0.724049 -0.750151
v -0.302003 0.709860 -0.737986
v -0.302003 0.709860 -0.737986
v -0.212112 0.724049 -0.750151
v -0.221857 0.631416 -0.717475
v -0.302003 0.709860 -0.737986
v -0.221857 0.631416 -0.717475
v -0.319853 0.625142 -0.707424
v -0.375642 0.703923 -0.726733
v -0.302003 0.709860 -0.737986
v -0.319853 0.625142 -0.707424
v -0.375642 0.703923 -0.726733
v -0.319853 0.625142 -0.707424
v -0.403115 0.624195 -0.696706
v -0.206992 0.804237 -0.774483
v -0.107175 0.820714 -0.784682
v -0.109289 0.735400 -0.758926
v -0.206992 0.804237 -0.774483
v -0.109289 0.735400 -0.758926
v -0.212112 0.724049 -0.750151
v -0.107175 0.820714 -0.784682
v -0.000000 0.827169 -0.788677
v 0.000000 0.740366 -0.762466
v -0.107175 0.820714 -0.784682
v 0.000000 0.740366 -0.762466
v -0.109289 0.735400 -0.758926
v -0.109289 0.735400 -0.758926
v 0.000000 0.740366 -0.762466
v 0.000000 0.641063 -0.727649
v -0.109289 0.735400 -0.758926
v 0.000000 0.641063 -0.727649
v -0.113515 0.637825 -0.724725
v -0.212112 0.724049 -0.750151
v -0.109289 0.735400 -0.758926
v -0.113515 0.637825 -0.724725
v -0.212112 0.724049 -0.750151
v -0.113515 0.637825 -0.724725
v -0.221857 0.631416 -0.717475
v -0.221857 0.631416 -0.717475
v -0.113515 0.637825 -0.724725
v -0.117742 0.532464 -0.683995
v -0.221857 0.631416 -0.717475
v -0.117742 0.532464 -0.683995
v -0.230616 0.530326 -0.678286
v -0.113515 0.637825 -0.724725
v 0.000000 0.641063 -0.727649
v 0.000000 0.533822 -0.686182
v -0.113515 0.637825 -0.724725
v 0.000000 0.533822 -0.686182
v -0.117742 0.532464 -0.683995
v -0.117742 0.532464 -0.683995
v 0.000000 0.533822 -0.686182
v 0.000000 0.423202 -0.640021
v -0.117742 0.532464 -0.683995
v 0.000000 0.423202 -0.640021
v -0.119855 0.423794 -0.638651
v -0.230616 0.530326 -0.678286
v -0.117742 0.532464 -0.683995
v -0.119855 0.423794 -0.638651
v -0.230616 0.530326 -0.678286
v -0.119855 0.423794 -0.638651
v -0.234748 0.425564 -0.634554
v -0.403115 0.624195 -0.696706
v -0.319853 0.625142 -0.707424
v -0.333753 0.529341 -0.669909
v -0.403115 0.624195 -0.696706
v -0.333753 0.529341 -0.669909
v -0.422286 0.531442 -0.659718
v -0.319853 0.625142 -0.707424
v -0.221857 0.631416 -0.717475
v -0.230616 0.530326 -0.678286
v -0.319853 0.625142 -0.707424
v -0.230616 0.530326 -0.678286
v -0.333753 0.529341 -0.669909
v -0.333753 0.529341 -0.669909
v -0.230616 0.530326 -0.678286
v -0.234748 0.425564 -0.634554
v -0.333753 0.529341 -0.669909
v -0.234748 0.425564 -0.634554
v -0.339716 0.428506 -0.627744
v -0.422286 0.531442 -0.659718
v -0.333753 0.529341 -0.669909
v -0.339716 0.428506 -0.627744
v -0.422286 0.531442 -0.659718
v -0.339716 0.428506 -0.627744
v -0.429796 0.432615 -0.618232
v -0.000000 0.827169 -0.788677
v 0.107175 0.820714 -0.784682
v 0.109289 0.735400 -0.758926
v -0.000000 0.827169 -0.788677
v 0.109289 0.735400 -0.758926
v 0.000000 0.740366 -0.762466
v 0.107175 0.820714 -0.784682
v 0.206992 0.804237 -0.774483
v 0.212112 0.724049 -0.750151
v 0.107175 0.820714 -0.784682
v 0.212112 0.724049 -0.750151
v 0.109289 0.735400 -0.758926
v 0.109289 0.735400 -0.758926
v 0.212112 0.724049 -0.750151
v 0.221857 0.631416 -0.717475
v 0.109289 0.735400 -0.758926
v 0.221857 0.631416 -0.717475
v 0.113515 0.637825 -0.724725
v 0.000000 0.740366 -0.762466
v 0.109289 0.735400 -0.758926
v 0.113515 0.637825 -0.724725
v 0.000000 0.740366 -0.762466
v 0.113515 0.637825 -0.724725
v 0.000000 0.641063 -0.727649
v 0.206992 0.804237 -0.774483
v 0.292091 0.780624 -0.759867
v 0.302003 0.709860 -0.737986
v 0.206992 0.804237 -0.774483
v 0.302003 0.709860 -0.737986
v 0.212112 0.724049 -0.750151
v 0.292091 0.780624 -0.759867
v 0.348865 0.757609 -0.745622
v 0.375642 0.703923 -0.726733
v 0.292091 0.780624 -0.759867
v 0.375642 0.703923 -0.726733
v 0.302003 0.709860 -0.737986
v 0.302003 0.709860 -0.737986
v 0.375642 0.703923 -0.726733
v 0.403115 0.624195 -0.696706
v 0.302003 0.709860 -0.737986
v 0.403115 0.624195 -0.696706
v 0.319853 0.625142 -0.707424
v 0.212112 0.724049 -0.750151
v 0.302003 0.709860 -0.737986
v 0.319853 0.625142 -0.707424
v 0.212112 0.724049 -0.750151
v 0.319853 0.625142 -0.707424
v 0.221857 0.631416 -0.717475
v 0.221857 0.631416 -0.717475
v 0.319853 0.625142 -0.707424
v 0.333753 0.529341 -0.669909
v 0.221857 0.631416 -0.717475
v 0.333753 0.529341 -0.669909
v 0.230616 0.530326 -0.678286
v 0.319853 0.625142 -0.707424
v 0.403115 0.624195 -0.696706
v 0.422286 0.531442 -0.659718
v 0.319853 0.625142 -0.707424
v 0.422286 0.531442 -0.659718
v 0.333753 0.529341 -0.669909
v 0.333753 0.529341 -0.669909
v 0.422286 0.531442 -0.659718
v 0.429796 0.432615 -0.618232
v 0.333753 0.529341 -0.669909
v 0.429796 0.432615 -0.618232
v 0.339716 0.428506 -0.627744
v 0.230616 0.530326 -0.678286
v 0.333753 0.529341 -0.669909
v 0.339716 0.428506 -0.627744
v 0.230616 0.530326 -0.678286
v 0.339716 0.428506 -0.627744
v 0.234748 0.425564 -0.634554
v 0.000000 0.641063 -0.727649
v 0.113515 0.637825 -0.724725
v 0.117742 0.532464 -0.683995
v 0.000000 0.641063 -0.727649
v 0.117742 0.532464 -0.683995
v 0.000000 0.533822 -0.686182
v 0.113515 0.637825 -0.724725
v 0.221857 0.631416 -0.717475
v 0.230616 0.530326 -0.678286
v 0.113515 0.637825 -0.724725
v 0.230616 0.530326 -0.678286
v 0.117742 0.532464 -0.683995
v 0.117742 0.532464 -0.683995
v 0.230616 0.530326 -0.678286
v 0.234748 0.425564 -0.634554
v 0.117742 0.532464 -0.683995
v 0.234748 0.425564 -0.634554
v 0.119855 0.423794 -0.638651
v 0.000000 0.533822 -0.686182
v 0.117742 0.532464 -0.683995
v 0.119855 0.423794 -0.638651
v 0.000000 0.533822 -0.686182
v 0.119855 0.423794 -0.638651
v 0.000000 0.423202 -0.640021
v 0.000000 0.423202 -0.640021
v 0.119855 0.423794 -0.638651
v 0.117742 0.316289 -0.590608
v 0.000000 0.423202 -0.640021
v 0.117742 0.316289 -0.590608
v 0.000000 0.313766 -0.591120
v 0.119855 0.423794 -0.638651
v 0.234748 0.425564 -0.634554
v 0.230616 0.321912 -0.588252
v 0.119855 0.423794 -0.638651
v 0.230616 0.321912 -0.588252
v 0.117742 0.316289 -0.590608
v 0.117742 0.316289 -0.590608
v 0.230616 0.321912 -0.588252
v 0.221857 0.224084 -0.541510
v 0.117742 0.316289 -0.590608
v 0.221857 0.224084 -0.541510
v 0.113515 0.214413 -0.541813
v 0.000000 0.313766 -0.591120
v 0.117742 0.316289 -0.590608
v 0.113515 0.214413 -0.541813
v 0.000000 0.313766 -0.591120
v 0.113515 0.214413 -0.541813
v -0.000000 0.210064 -0.541460
v 0.234748 0.425564 -0.634554
v 0.339716 0.428506 -0.627744
v 0.333753 0.328686 -0.583227
v 0.234748 0.425564 -0.634554
v 0.333753 0.328686 -0.583227
v 0.230616 0.321912 -0.588252
v 0.339716 0.428506 -0.627744
v 0.429796 0.432615 -0.618232
v 0.422286 0.334667 -0.574712
v 0.339716 0.428506 -0.627744
v 0.422286 0.334667 -0.574712
v 0.333753 0.328686 -0.583227
v 0.333753 0.328686 -0.583227
v 0.422286 0.334667 -0.574712
v 0.403115 0.244157 -0.532531
v 0.333753 0.328686 -0.583227
v 0.403115 0.244157 -0.532531
v 0.319853 0.235704 -0.539188
v 0.230616 0.321912 -0.588252
v 0.333753 0.328686 -0.583227
v 0.319853 0.235704 -0.539188
v 0.230616 0.321912 -0.588252
v 0.319853 0.235704 -0.539188
v 0.221857 0.224084 -0.541510
v 0.221857 0.224084 -0.541510
v 0.319853 0.235704 -0.539188
v 0.302003 0.155380 -0.498454
v 0.221857 0.224084 -0.541510
v 0.302003 0.155380 -0.498454
v 0.212112 0.136797 -0.496461
v 0.319853 0.235704 -0.539188
v 0.403115 0.244157 -0.532531
v 0.375642 0.167643 -0.495062
v 0.319853 0.235704 -0.539188
v 0.375642 0.167643 -0.495062
v 0.302003 0.155380 -0.498454
v 0.302003 0.155380 -0.498454
v 0.375642 0.167643 -0.495062
v 0.348865 0.117091 -0.468921
v 0.302003 0.155380 -0.498454
v 0.348865 0.117091 -0.468921
v 0.292091 0.090943 -0.461928
v 0.212112 0.136797 -0.496461
v 0.302003 0.155380 -0.498454
v 0.292091 0.090943 -0.461928
v 0.212112 0.136797 -0.496461
v 0.292091 0.090943 -0.461928
v 0.206992 0.064115 -0.454754
v -0.000000 0.210064 -0.541460
v 0.113515 0.214413 -0.541813
v 0.109289 0.122627 -0.494211
v -0.000000 0.210064 -0.541460
v 0.109289 0.122627 -0.494211
v -0.000000 0.116646 -0.493022
v 0.113515 0.214413 -0.541813
v 0.221857 0.224084 -0.541510
v 0.212112 0.136797 -0.496461
v 0.113515 0.214413 -0.541813
v 0.212112 0.136797 -0.496461
v 0.109289 0.122627 -0.494211
v 0.109289 0.122627 -0.494211
v 0.212112 0.136797 -0.496461
v 0.206992 0.064115 -0.454754
v 0.109289 0.122627 -0.494211
v 0.206992 0.064115 -0.454754
v 0.107175 0.045394 -0.449748
v -0.000000 0.116646 -0.493022
v 0.109289 0.122627 -0.494211
v 0.107175 0.045394 -0.449748
v -0.000000 0.116646 -0.493022
v 0.107175 0.045394 -0.449748
v 0.000000 0.038061 -0.447787
v -0.429796 0.432615 -0.618232
v -0.339716 0.428506 -0.627744
v -0.333753 0.328686 -0.583227
v -0.429796 0.432615 -0.618232
v -0.333753 0.328686 -0.583227
v -0.422286 0.334667 -0.574712
v -0.339716 0.428506 -0.627744
v -0.234748 0.425564 -0.634554
v -0.230616 0.321911 -0.588252
v -0.339716 0.428506 -0.627744
v -0.230616 0.321911 -0.588252
v -0.333753 0.328686 -0.583227
v -0.333753 0.328686 -0.583227
v -0.230616 0.321911 -0.588252
v -0.221857 0.224084 -0.541510
v -0.333753 0.328686 -0.583227
v -0.221857 0.224084 -0.541510
v -0.319853 0.235704 -0.539188
v -0.422286 0.334667 -0.574712
v -0.333753 0.328686 -0.583227
v -0.319853 0.235704 -0.539188
v -0.422286 0.334667 -0.574712
v -0.319853 0.235704 -0.539188
v -0.403115 0.244157 -0.532531
v -0.234748 0.425564 -0.634554
v -0.119855 0.423794 -0.638651
v -0.117742 0.316289 -0.590608
v -0.234748 0.425564 -0.634554
v -0.117742 0.316289 -0.590608
v -0.230616 0.321911 -0.588252
v -0.119855 0.423794 -0.638651
v 0.000000 0.423202 -0.640021
v 0.000000 0.313766 -0.591120
v -0.119855 0.423794 -0.638651
v 0.000000 0.313766 -0.591120
v -0.117742 0.316289 -0.590608
v -0.117742 0.316289 -0.590608
v 0.000000 0.313766 -0.591120
v -0.000000 0.210064 -0.541460
v -0.117742 0.316289 -0.590608
v -0.000000 0.210064 -0.541460
v -0.113515 0.214413 -0.541813
v -0.230616 0.321911 -0.588252
v -0.117742 0.316289 -0.590608
v -0.113515 0.214413 -0.541813
v -0.230616 0.321911 -0.588252
v -0.113515 0.214413 -0.541813
v -0.221857 0.224084 -0.541510
v -0.221857 0.224084 -0.541510
v -0.113515 0.214413 -0.541813
v -0.109289 0.122627 -0.494211
v -0.221857 0.224084 -0.541510
v -0.109289 0.122627 -0.494211
v -0.212112 0.136797 -0.496461
v -0.113515 0.214413 -0.541813
v -0.000000 0.210064 -0.541460
v -0.000000 0.116646 -0.493022
v -0.113515 0.214413 -0.541813
v -0.000000 0.116646 -0.493022
v -0.109289 0.122627 -0.494211
v -0.109289 0.122627 -0.494211
v -0.000000 0.116646 -0.493022
v 0.000000 0.038061 -0.447787
v -0.109289 0.122627 -0.494211
v 0.000000 0.038061 -0.447787
v -0.107175 0.045394 -0.449748
v -0.212112 0.136797 -0.496461
v -0.109289 0.122627 -0.494211
v -0.107175 0.045394 -0.449748
v -0.212112 0.136797 -0.496461
v -0.107175 0.045394 -0.449748
v -0.206992 0.064115 -0.454754
v -0.403115 0.244157 -0.532531
v -0.319853 0.235704 -0.539188
v -0.302003 0.155380 -0.498454
v -0.403115 0.244157 -0.532531
v -0.302003 0.155380 -0.498454
v -0.375642 0.167643 -0.495062
v -0.319853 0.235704 -0.539188
v -0.221857 0.224084 -0.541510
v -0.212112 0.136797 -0.496461
v -0.319853 0.235704 -0.539188
v -0.212112 0.136797 -0.496461
v -0.302003 0.155380 -0.498454
v -0.302003 0.155380 -0.498454
v -0.212112 0.136797 -0.496461
v -0.206992 0.064115 -0.454754
v -0.302003 0.155380 -0.498454
v -0.206992 0.064115 -0.454754
v -0.292091 0.090942 -0.461928
v -0.375642 0.167643 -0.495062
v -0.302003 0.155380 -0.498454
v -0.292091 0.090942 -0.461928
v -0.375642 0.167643 -0.495062
v -0.292091 0.090942 -0.461928
v -0.348865 0.117091 -0.468921
v 0.348865 0.117091 -0.468921
v 0.375642 0.167643 -0.495062
v 0.429708 0.162852 -0.481158
v 0.348865 0.117091 -0.468921
v 0.429708 0.162852 -0.481158
v 0.375642 0.095831 -0.450612
v 0.375642 0.167643 -0.495062
v 0.403115 0.244157 -0.532531
v 0.467257 0.244328 -0.519224
v 0.375642 0.167643 -0.495062
v 0.467257 0.244328 -0.519224
v 0.429708 0.162852 -0.481158
v 0.429708 0.162852 -0.481158
v 0.467257 0.244328 -0.519224
v 0.512939 0.241115 -0.502087
v 0.429708 0.162852 -0.481158
v 0.512939 0.241115 -0.502087
v 0.467257 0.151725 -0.461904
v 0.375642 0.095831 -0.450612
v 0.429708 0.162852 -0.481158
v 0.467257 0.151725 -0.461904
v 0.375642 0.095831 -0.450612
v 0.467257 0.151725 -0.461904
v 0.403115 0.075589 -0.428191
v 0.403115 0.244157 -0.532531
v 0.422286 0.334667 -0.574712
v 0.491346 0.337907 -0.561883
v 0.403115 0.244157 -0.532531
v 0.491346 0.337907 -0.561883
v 0.467257 0.244328 -0.519224
v 0.422286 0.334667 -0.574712
v 0.429796 0.432615 -0.618232
v 0.500026 0.437885 -0.606032
v 0.422286 0.334667 -0.574712
v 0.500026 0.437885 -0.606032
v 0.491346 0.337907 -0.561883
v 0.491346 0.337907 -0.561883
v 0.500026 0.437885 -0.606032
v 0.550312 0.444027 -0.591815
v 0.491346 0.337907 -0.561883
v 0.550312 0.444027 -0.591815
v 0.540820 0.340061 -0.546239
v 0.467257 0.244328 -0.519224
v 0.491346 0.337907 -0.561883
v 0.540820 0.340061 -0.546239
v 0.467257 0.244328 -0.519224
v 0.540820 0.340061 -0.546239
v 0.512939 0.241115 -0.502087
v 0.512939 0.241115 -0.502087
v 0.540820 0.340061 -0.546239
v 0.570596 0.342785 -0.529275
v 0.512939 0.241115 -0.502087
v 0.570596 0.342785 -0.529275
v 0.540820 0.239414 -0.483940
v 0.540820 0.340061 -0.546239
v 0.550312 0.444027 -0.591815
v 0.580558 0.450749 -0.576255
v 0.540820 0.340061 -0.546239
v 0.580558 0.450749 -0.576255
v 0.570596 0.342785 -0.529275
v 0.570596 0.342785 -0.529275
v 0.580558 0.450749 -0.576255
v 0.590672 0.457761 -0.560022
v 0.570596 0.342785 -0.529275
v 0.590672 0.457761 -0.560022
v 0.580558 0.347734 -0.512490
v 0.540820 0.239414 -0.483940
v 0.570596 0.342785 -0.529275
v 0.580558 0.347734 -0.512490
v 0.540820 0.239414 -0.483940
v 0.580558 0.347734 -0.512490
v 0.550312 0.242262 -0.466927
v 0.403115 0.075589 -0.428191
v 0.467257 0.151725 -0.461904
v 0.491346 0.144980 -0.442466
v 0.403115 0.075589 -0.428191
v 0.491346 0.144980 -0.442466
v 0.422286 0.063831 -0.407070
v 0.467257 0.151725 -0.461904
v 0.512939 0.241115 -0.502087
v 0.540820 0.239414 -0.483940
v 0.467257 0.151725 -0.461904
v 0.540820 0.239414 -0.483940
v 0.491346 0.144980 -0.442466
v 0.491346 0.144980 -0.442466
v 0.540820 0.239414 -0.483940
v 0.550312 0.242262 -0.466927
v 0.491346 0.144980 -0.442466
v 0.550312 0.242262 -0.466927
v 0.500026 0.145901 -0.425300
v 0.422286 0.063831 -0.407070
v 0.491346 0.144980 -0.442466
v 0.500026 0.145901 -0.425300
v 0.422286 0.063831 -0.407070
v 0.500026 0.145901 -0.425300
v 0.429796 0.063207 -0.389576
v 0.429796 0.432615 -0.618232
v 0.422286 0.531442 -0.659718
v 0.491346 0.538561 -0.648565
v 0.429796 0.432615 -0.618232
v 0.491346 0.538561 -0.648565
v 0.500026 0.437885 -0.606032
v 0.422286 0.531442 -0.659718
v 0.403115 0.624195 -0.696706
v 0.467257 0.633766 -0.687460
v 0.422286 0.531442 -0.659718
v 0.467257 0.633766 -0.687460
v 0.491346 0.538561 -0.648565
v 0.491346 0.538561 -0.648565
v 0.467257 0.633766 -0.687460
v 0.512939 0.648447 -0.678052
v 0.491346 0.538561 -0.648565
v 0.512939 0.648447 -0.678052
v 0.540820 0.548476 -0.636273
v 0.500026 0.437885 -0.606032
v 0.491346 0.538561 -0.648565
v 0.540820 0.548476 -0.636273
v 0.500026 0.437885 -0.606032
v 0.540820 0.548476 -0.636273
v 0.550312 0.444027 -0.591815
v 0.403115 0.624195 -0.696706
v 0.375642 0.703923 -0.726733
v 0.429708 0.717331 -0.720690
v 0.403115 0.624195 -0.696706
v 0.429708 0.717331 -0.720690
v 0.467257 0.633766 -0.687460
v 0.375642 0.703923 -0.726733
v 0.348865 0.757609 -0.745622
v 0.375642 0.785512 -0.748551
v 0.375642 0.703923 -0.726733
v 0.375642 0.785512 -0.748551
v 0.429708 0.717331 -0.720690
v 0.429708 0.717331 -0.720690
v 0.375642 0.785512 -0.748551
v 0.403115 0.815712 -0.747921
v 0.429708 0.717331 -0.720690
v 0.403115 0.815712 -0.747921
v 0.467257 0.738977 -0.715595
v 0.467257 0.633766 -0.687460
v 0.429708 0.717331 -0.720690
v 0.467257 0.738977 -0.715595
v 0.467257 0.633766 -0.687460
v 0.467257 0.738977 -0.715595
v 0.512939 0.648447 -0.678052
v 0.512939 0.648447 -0.678052
v 0.467257 0.738977 -0.715595
v 0.491346 0.757754 -0.707181
v 0.512939 0.648447 -0.678052
v 0.491346 0.757754 -0.707181
v 0.540820 0.662826 -0.666852
v 0.467257 0.738977 -0.715595
v 0.403115 0.815712 -0.747921
v 0.422286 0.839150 -0.742004
v 0.467257 0.738977 -0.715595
v 0.422286 0.839150 -0.742004
v 0.491346 0.757754 -0.707181
v 0.491346 0.757754 -0.707181
v 0.422286 0.839150 -0.742004
v 0.429796 0.852315 -0.730467
v 0.491346 0.757754 -0.707181
v 0.429796 0.852315 -0.730467
v 0.500026 0.769621 -0.694744
v 0.540820 0.662826 -0.666852
v 0.491346 0.757754 -0.707181
v 0.500026 0.769621 -0.694744
v 0.540820 0.662826 -0.666852
v 0.500026 0.769621 -0.694744
v 0.550312 0.673261 -0.653116
v 0.550312 0.444027 -0.591815
v 0.540820 0.548476 -0.636273
v 0.570596 0.558960 -0.622662
v 0.550312 0.444027 -0.591815
v 0.570596 0.558960 -0.622662
v 0.580558 0.450749 -0.576255
v 0.540820 0.548476 -0.636273
v 0.512939 0.648447 -0.678052
v 0.540820 0.662826 -0.666852
v 0.540820 0.548476 -0.636273
v 0.540820 0.662826 -0.666852
v 0.570596 0.558960 -0.622662
v 0.570596 0.558960 -0.622662
v 0.540820 0.662826 -0.666852
v 0.550312 0.673261 -0.653116
v 0.570596 0.558960 -0.622662
v 0.550312 0.673261 -0.653116
v 0.580558 0.567789 -0.607553
v 0.580558 0.450749 -0.576255
v 0.570596 0.558960 -0.622662
v 0.580558 0.567789 -0.607553
v 0.580558 0.450749 -0.576255
v 0.580558 0.567789 -0.607553
v 0.590672 0.457761 -0.560022
v 0.590672 0.457761 -0.560022
v 0.580558 0.567789 -0.607553
v 0.570596 0.572738 -0.590768
v 0.590672 0.457761 -0.560022
v 0.570596 0.572738 -0.590768
v 0.580558 0.464774 -0.543789
v 0.580558 0.567789 -0.607553
v 0.550312 0.673261 -0.653116
v 0.540820 0.676109 -0.636104
v 0.580558 0.567789 -0.607553
v 0.540820 0.676109 -0.636104
v 0.570596 0.572738 -0.590768
v 0.570596 0.572738 -0.590768
v 0.540820 0.676109 -0.636104
v 0.512939 0.674408 -0.617957
v 0.570596 0.572738 -0.590768
v 0.512939 0.674408 -0.617957
v 0.540820 0.575462 -0.573805
v 0.580558 0.464774 -0.543789
v 0.570596 0.572738 -0.590768
v 0.540820 0.575462 -0.573805
v 0.580558 0.464774 -0.543789
v 0.540820 0.575462 -0.573805
v 0.550312 0.471496 -0.528228
v 0.550312 0.673261 -0.653116
v 0.500026 0.769621 -0.694744
v 0.491346 0.770542 -0.677577
v 0.550312 0.673261 -0.653116
v 0.491346 0.770542 -0.677577
v 0.540820 0.676109 -0.636104
v 0.500026 0.769621 -0.694744
v 0.429796 0.852315 -0.730467
v 0.422286 0.851692 -0.712973
v 0.500026 0.769621 -0.694744
v 0.422286 0.851692 -0.712973
v 0.491346 0.770542 -0.677577
v 0.491346 0.770542 -0.677577
v 0.422286 0.851692 -0.712973
v 0.403115 0.839933 -0.692293
v 0.491346 0.770542 -0.677577
v 0.403115 0.839933 -0.692293
v 0.467257 0.763798 -0.658139
v 0.540820 0.676109 -0.636104
v 0.491346 0.770542 -0.677577
v 0.467257 0.763798 -0.658139
v 0.540820 0.676109 -0.636104
v 0.467257 0.763798 -0.658139
v 0.512939 0.674408 -0.617957
v 0.512939 0.674408 -0.617957
v 0.467257 0.763798 -0.658139
v 0.429708 0.752671 -0.638885
v 0.512939 0.674408 -0.617957
v 0.429708 0.752671 -0.638885
v 0.467257 0.671194 -0.600819
v 0.467257 0.763798 -0.658139
v 0.403115 0.839933 -0.692293
v 0.375642 0.819692 -0.671193
v 0.467257 0.763798 -0.658139
v 0.375642 0.819692 -0.671193
v 0.429708 0.752671 -0.638885
v 0.429708 0.752671 -0.638885
v 0.375642 0.819692 -0.671193
v 0.348865 0.798432 -0.656605
v 0.429708 0.752671 -0.638885
v 0.348865 0.798432 -0.656605
v 0.375642 0.747880 -0.628505
v 0.467257 0.671194 -0.600819
v 0.429708 0.752671 -0.638885
v 0.375642 0.747880 -0.628505
v 0.467257 0.671194 -0.600819
v 0.375642 0.747880 -0.628505
v 0.403115 0.671366 -0.591036
v 0.550312 0.471496 -0.528228
v 0.540820 0.575462 -0.573805
v 0.491346 0.577616 -0.558160
v 0.550312 0.471496 -0.528228
v 0.491346 0.577616 -0.558160
v 0.500026 0.477637 -0.514012
v 0.540820 0.575462 -0.573805
v 0.512939 0.674408 -0.617957
v 0.467257 0.671194 -0.600819
v 0.540820 0.575462 -0.573805
v 0.467257 0.671194 -0.600819
v 0.491346 0.577616 -0.558160
v 0.491346 0.577616 -0.558160
v 0.467257 0.671194 -0.600819
v 0.403115 0.671366 -0.591036
v 0.491346 0.577616 -0.558160
v 0.403115 0.671366 -0.591036
v 0.422286 0.580856 -0.548855
v 0.500026 0.477637 -0.514012
v 0.491346 0.577616 -0.558160
v 0.422286 0.580856 -0.548855
v 0.500026 0.477637 -0.514012
v 0.422286 0.580856 -0.548855
v 0.429796 0.482908 -0.505335
v 0.429796 0.063207 -0.389576
v 0.500026 0.145901 -0.425300
v 0.491346 0.157769 -0.412862
v 0.429796 0.063207 -0.389576
v 0.491346 0.157769 -0.412862
v 0.422286 0.076372 -0.378039
v 0.500026 0.145901 -0.425300
v 0.550312 0.242262 -0.466927
v 0.540820 0.252697 -0.453192
v 0.500026 0.145901 -0.425300
v 0.540820 0.252697 -0.453192
v 0.491346 0.157769 -0.412862
v 0.491346 0.157769 -0.412862
v 0.540820 0.252697 -0.453192
v 0.512939 0.267076 -0.441991
v 0.491346 0.157769 -0.412862
v 0.512939 0.267076 -0.441991
v 0.467257 0.176545 -0.404449
v 0.422286 0.076372 -0.378039
v 0.491346 0.157769 -0.412862
v 0.467257 0.176545 -0.404449
v 0.422286 0.076372 -0.378039
v 0.467257 0.176545 -0.404449
v 0.403115 0.099811 -0.372563
v 0.550312 0.242262 -0.466927
v 0.580558 0.347734 -0.512490
v 0.570596 0.356563 -0.497382
v 0.550312 0.242262 -0.466927
v 0.570596 0.356563 -0.497382
v 0.540820 0.252697 -0.453192
v 0.580558 0.347734 -0.512490
v 0.590672 0.457761 -0.560022
v 0.580558 0.464774 -0.543789
v 0.580558 0.347734 -0.512490
v 0.580558 0.464774 -0.543789
v 0.570596 0.356563 -0.497382
v 0.570596 0.356563 -0.497382
v 0.580558 0.464774 -0.543789
v 0.550312 0.471496 -0.528228
v 0.570596 0.356563 -0.497382
v 0.550312 0.471496 -0.528228
v 0.540820 0.367047 -0.483771
v 0.540820 0.252697 -0.453192
v 0.570596 0.356563 -0.497382
v 0.540820 0.367047 -0.483771
v 0.540820 0.252697 -0.453192
v 0.540820 0.367047 -0.483771
v 0.512939 0.267076 -0.441991
v 0.512939 0.267076 -0.441991
v 0.540820 0.367047 -0.483771
v 0.491346 0.376961 -0.471478
v 0.512939 0.267076 -0.441991
v 0.491346 0.376961 -0.471478
v 0.467257 0.281756 -0.432584
v 0.540820 0.367047 -0.483771
v 0.550312 0.471496 -0.528228
v 0.500026 0.477637 -0.514012
v 0.540820 0.367047 -0.483771
v 0.500026 0.477637 -0.514012
v 0.491346 0.376961 -0.471478
v 0.491346 0.376961 -0.471478
v 0.500026 0.477637 -0.514012
v 0.429796 0.482908 -0.505335
v 0.491346 0.376961 -0.471478
v 0.429796 0.482908 -0.505335
v 0.422286 0.384081 -0.463850
v 0.467257 0.281756 -0.432584
v 0.491346 0.376961 -0.471478
v 0.422286 0.384081 -0.463850
v 0.467257 0.281756 -0.432584
v 0.422286 0.384081 -0.463850
v 0.403115 0.291328 -0.426862
v 0.403115 0.099811 -0.372563
v 0.467257 0.176545 -0.404449
v 0.429708 0.198191 -0.399353
v 0.403115 0.099811 -0.372563
v 0.429708 0.198191 -0.399353
v 0.375642 0.130010 -0.373254
v 0.467257 0.176545 -0.404449
v 0.512939 0.267076 -0.441991
v 0.467257 0.281756 -0.432584
v 0.467257 0.176545 -0.404449
v 0.467257 0.281756 -0.432584
v 0.429708 0.198191 -0.399353
v 0.429708 0.198191 -0.399353
v 0.467257 0.281756 -0.432584
v 0.403115 0.291328 -0.426862
v 0.429708 0.198191 -0.399353
v 0.403115 0.291328 -0.426862
v 0.375642 0.211599 -0.396835
v 0.375642 0.130010 -0.373254
v 0.429708 0.198191 -0.399353
v 0.375642 0.211599 -0.396835
v 0.375642 0.130010 -0.373254
v 0.375642 0.211599 -0.396835
v 0.348865 0.157914 -0.379904
v -0.348865 0.757609 -0.745622
v -0.375642 0.703923 -0.726733
v -0.429708 0.717331 -0.720690
v -0.348865 0.757609 -0.745622
v -0.429708 0.717331 -0.720690
v -0.375642 0.785512 -0.748551
v -0.375642 0.703923 -0.726733
v -0.403115 0.624195 -0.696706
v -0.467257 0.633766 -0.687460
v -0.375642 0.703923 -0.726733
v -0.467257 0.633766 -0.687460
v -0.429708 0.717331 -0.720690
v -0.429708 0.717331 -0.720690
v -0.467257 0.633766 -0.687460
v -0.512939 0.648447 -0.678052
v -0.429708 0.717331 -0.720690
v -0.512939 0.648447 -0.678052
v -0.467257 0.738977 -0.715595
v -0.375642 0.785512 -0.748551
v -0.429708 0.717331 -0.720690
v -0.467257 0.738977 -0.715595
v -0.375642 0.785512 -0.748551
v -0.467257 0.738977 -0.715595
v -0.403115 0.815712 -0.747921
v -0.403115 0.624195 -0.696706
v -0.422286 0.531442 -0.659718
v -0.491346 0.538561 -0.648565
v -0.403115 0.624195 -0.696706
v -0.491346 0.538561 -0.648565
v -0.467257 0.633766 -0.687460
v -0.422286 0.531442 -0.659718
v -0.429796 0.432615 -0.618232
v -0.500026 0.437885 -0.606032
v -0.422286 0.531442 -0.659718
v -0.500026 0.437885 -0.606032
v -0.491346 0.538561 -0.648565
v -0.491346 0.538561 -0.648565
v -0.500026 0.437885 -0.606032
v -0.550312 0.444026 -0.591815
v -0.491346 0.538561 -0.648565
v -0.550312 0.444026 -0.591815
v -0.540820 0.548476 -0.636273
v -0.467257 0.633766 -0.687460
v -0.491346 0.538561 -0.648565
v -0.540820 0.548476 -0.636273
v -0.467257 0.633766 -0.687460
v -0.540820 0.548476 -0.636273
v -0.512939 0.648447 -0.678052
v -0.512939 0.648447 -0.678052
v -0.540820 0.548476 -0.636273
v -0.570596 0.558960 -0.622662
v -0.512939 0.648447 -0.678052
v -0.570596 0.558960 -0.622662
v -0.540820 0.662826 -0.666852
v -0.540820 0.548476 -0.636273
v -0.550312 0.444026 -0.591815
v -0.580558 0.450749 -0.576255
v -0.540820 0.548476 -0.636273
v -0.580558 0.450749 -0.576255
v -0.570596 0.558960 -0.622662
v -0.570596 0.558960 -0.622662
v -0.580558 0.450749 -0.576255
v -0.590672 0.457761 -0.560022
v -0.570596 0.558960 -0.622662
v -0.590672 0.457761 -0.560022
v -0.580558 0.567789 -0.607553
v -0.540820 0.662826 -0.666852
v -0.570596 0.558960 -0.622662
v -0.580558 0.567789 -0.607553
v -0.540820 0.662826 -0.666852
v -0.580558 0.567789 -0.607553
v -0.550312 0.673261 -0.653117
v -0.403115 0.815712 -0.747921
v -0.467257 0.738977 -0.715595
v -0.491346 0.757754 -0.707181
v -0.403115 0.815712 -0.747921
v -0.491346 0.757754 -0.707181
v -0.422286 0.839150 -0.742004
v -0.467257 0.738977 -0.715595
v -0.512939 0.648447 -0.678052
v -0.540820 0.662826 -0.666852
v -0.467257 0.738977 -0.715595
v -0.540820 0.662826 -0.666852
v -0.491346 0.757754 -0.707181
v -0.491346 0.757754 -0.707181
v -0.540820 0.662826 -0.666852
v -0.550312 0.673261 -0.653117
v -0.491346 0.757754 -0.707181
v -0.550312 0.673261 -0.653117
v -0.500026 0.769621 -0.694744
v -0.422286 0.839150 -0.742004
v -0.491346 0.757754 -0.707181
v -0.500026 0.769621 -0.694744
v -0.422286 0.839150 -0.742004
v -0.500026 0.769621 -0.694744
v -0.429796 0.852315 -0.730467
v -0.429796 0.432615 -0.618232
v -0.422286 0.334667 -0.574712
v -0.491346 0.337907 -0.561883
v -0.429796 0.432615 -0.618232
v -0.491346 0.337907 -0.561883
v -0.500026 0.437885 -0.606032
v -0.422286 0.334667 -0.574712
v -0.403115 0.244157 -0.532531
v -0.467257 0.244328 -0.519224
v -0.422286 0.334667 -0.574712
v -0.467257 0.244328 -0.519224
v -0.491346 0.337907 -0.561883
v -0.491346 0.337907 -0.561883
v -0.467257 0.244328 -0.519224
v -0.512939 0.241115 -0.502087
v -0.491346 0.337907 -0.561883
v -0.512939 0.241115 -0.502087
v -0.540820 0.340061 -0.546239
v -0.500026 0.437885 -0.606032
v -0.491346 0.337907 -0.561883
v -0.540820 0.340061 -0.546239
v -0.500026 0.437885 -0.606032
v -0.540820 0.340061 -0.546239
v -0.550312 0.444026 -0.591815
v -0.403115 0.244157 -0.532531
v -0.375642 0.167643 -0.495062
v -0.429708 0.162852 -0.481158
v -0.403115 0.244157 -0.532531
v -0.429708 0.162852 -0.481158
v -0.467257 0.244328 -0.519224
v -0.375642 0.167643 -0.495062
v -0.348865 0.117091 -0.468921
v -0.375642 0.095831 -0.450612
v -0.375642 0.167643 -0.495062
v -0.375642 0.095831 -0.450612
v -0.429708 0.162852 -0.481158
v -0.429708 0.162852 -0.481158
v -0.375642 0.095831 -0.450612
v -0.403115 0.075589 -0.428191
v -0.429708 0.162852 -0.481158
v -0.403115 0.075589 -0.428191
v -0.467257 0.151725 -0.461904
v -0.467257 0.244328 -0.519224
v -0.429708 0.162852 -0.481158
v -0.467257 0.151725 -0.461904
v -0.467257 0.244328 -0.519224
v -0.467257 0.151725 -0.461904
v -0.512939 0.241115 -0.502087
v -0.512939 0.241115 -0.502087
v -0.467257 0.151725 -0.461904
v -0.491346 0.144981 -0.442466
v -0.512939 0.241115 -0.502087
v -0.491346 0.144981 -0.442466
v -0.540820 0.239414 -0.483940
v -0.467257 0.151725 -0.461904
v -0.403115 0.075589 -0.428191
v -0.422286 0.063831 -0.407070
v -0.467257 0.151725 -0.461904
v -0.422286 0.063831 -0.407070
v -0.491346 0.144981 -0.442466
v -0.491346 0.144981 -0.442466
v -0.422286 0.063831 -0.407070
v -0.429796 0.063207 -0.389576
v -0.491346 0.144981 -0.442466
v -0.429796 0.063207 -0.389576
v -0.500026 0.145901 -0.425300
v -0.540820 0.239414 -0.483940
v -0.491346 0.144981 -0.442466
v -0.500026 0.145901 -0.425300
v -0.540820 0.239414 -0.483940
v -0.500026 0.145901 -0.425300
v -0.550312 0.242262 -0.466927
v -0.550312 0.444026 -0.591815
v -0.540820 0.340061 -0.546239
v -0.570596 0.342785 -0.529275
v -0.550312 0.444026 -0.591815
v -0.570596 0.342785 -0.529275
v -0.580558 0.450749 -0.576255
v -0.540820 0.340061 -0.546239
v -0.512939 0.241115 -0.502087
v -0.540820 0.239414 -0.483940
v -0.540820 0.340061 -0.546239
v -0.540820 0.239414 -0.483940
v -0.570596 0.342785 -0.529275
v -0.570596 0.342785 -0.529275
v -0.540820 0.239414 -0.483940
v -0.550312 0.242262 -0.466927
v -0.570596 0.342785 -0.529275
v -0.550312 0.242262 -0.466927
v -0.580558 0.347734 -0.512490
v -0.580558 0.450749 -0.576255
v -0.570596 0.342785 -0.529275
v -0.580558 0.347734 -0.512490
v -0.580558 0.450749 -0.576255
v -0.580558 0.347734 -0.512490
v -0.590672 0.457761 -0.560022
v -0.590672 0.457761 -0.560022
v -0.580558 0.347734 -0.512490
v -0.570596 0.356563 -0.497382
v -0.590672 0.457761 -0.560022
v -0.570596 0.356563 -0.497382
v -0.580558 0.464774 -0.543789
v -0.580558 0.347734 -0.512490
v -0.550312 0.242262 -0.466927
v -0.540820 0.252697 -0.453192
v -0.580558 0.347734 -0.512490
v -0.540820 0.252697 -0.453192
v -0.570596 0.356563 -0.497382
v -0.570596 0.356563 -0.497382
v -0.540820 0.252697 -0.453192
v -0.512939 0.267076 -0.441991
v -0.570596 0.356563 -0.497382
v -0.512939 0.267076 -0.441991
v -0.540820 0.367047 -0.483771
v -0.580558 0.464774 -0.543789
v -0.570596 0.356563 -0.497382
v -0.540820 0.367047 -0.483771
v -0.580558 0.464774 -0.543789
v -0.540820 0.367047 -0.483771
v -0.550312 0.471496 -0.528228
v -0.550312 0.242262 -0.466927
v -0.500026 0.145901 -0.425300
v -0.491346 0.157769 -0.412862
v -0.550312 0.242262 -0.466927
v -0.491346 0.157769 -0.412862
v -0.540820 0.252697 -0.453192
v -0.500026 0.145901 -0.425300
v -0.429796 0.063207 -0.389576
v -0.422286 0.076372 -0.378039
v -0.500026 0.145901 -0.425300
v -0.422286 0.076372 -0.378039
v -0.491346 0.157769 -0.412862
v -0.491346 0.157769 -0.412862
v -0.422286 0.076372 -0.378039
v -0.403115 0.099811 -0.372563
v -0.491346 0.157769 -0.412862
v -0.403115 0.099811 -0.372563
v -0.467257 0.176545 -0.404449
v -0.540820 0.252697 -0.453192
v -0.491346 0.157769 -0.412862
v -0.467257 0.176545 -0.404449
v -0.540820 0.252697 -0.453192
v -0.467257 0.176545 -0.404449
v -0.512939 0.267076 -0.441991
v -0.512939 0.267076 -0.441991
v -0.467257 0.176545 -0.404449
v -0.429708 0.198191 -0.399353
v -0.512939 0.267076 -0.441991
v -0.429708 0.198191 -0.399353
v -0.467257 0.281756 -0.432584
v -0.467257 0.176545 -0.404449
v -0.403115 0.099811 -0.372563
v -0.375642 0.130010 -0.373254
v -0.467257 0.176545 -0.404449
v -0.375642 0.130010 -0.373254
v -0.429708 0.198191 -0.399353
v -0.429708 0.198191 -0.399353
v -0.375642 0.130010 -0.373254
v -0.348865 0.157914 -0.379904
v -0.429708 0.198191 -0.399353
v -0.348865 0.157914 -0.379904
v -0.375642 0.211599 -0.396835
v -0.467257 0.281756 -0.432584
v -0.429708 0.198191 -0.399353
v -0.375642 0.211599 -0.396835
v -0.467257 0.281756 -0.432584
v -0.375642 0.211599 -0.396835
v -0.403115 0.291328 -0.426862
v -0.550312 0.471496 -0.528228
v -0.540820 0.367047 -0.483771
v -0.491346 0.376961 -0.471478
v -0.550312 0.471496 -0.528228
v -0.491346 0.376961 -0.471478
v -0.500026 0.477638 -0.514012
v -0.540820 0.367047 -0.483771
v -0.512939 0.267076 -0.441991
v -0.467257 0.281756 -0.432584
v -0.540820 0.367047 -0.483771
v -0.467257 0.281756 -0.432584
v -0.491346 0.376961 -0.471478
v -0.491346 0.376961 -0.471478
v -0.467257 0.281756 -0.432584
v -0.403115 0.291328 -0.426862
v -0.491346 0.376961 -0.471478
v -0.403115 0.291328 -0.426862
v -0.422286 0.384081 -0.463850
v -0.500026 0.477638 -0.514012
v -0.491346 0.376961 -0.471478
v -0.422286 0.384081 -0.463850
v -0.500026 0.477638 -0.514012
v -0.422286 0.384081 -0.463850
v -0.429796 0.482908 -0.505335
v -0.429796 0.852315 -0.730467
v -0.500026 0.769621 -0.694744
v -0.491346 0.770542 -0.677577
v -0.429796 0.852315 -0.730467
v -0.491346 0.770542 -0.677577
v -0.422286 0.851692 -0.712973
v -0.500026 0.769621 -0.694744
v -0.550312 0.673261 -0.653117
v -0.540820 0.676109 -0.636103
v -0.500026 0.769621 -0.694744
v -0.540820 0.676109 -0.636103
v -0.491346 0.770542 -0.677577
v -0.491346 0.770542 -0.677577
v -0.540820 0.676109 -0.636103
v -0.512939 0.674408 -0.617957
v -0.491346 0.770542 -0.677577
v -0.512939 0.674408 -0.617957
v -0.467257 0.763798 -0.658139
v -0.422286 0.851692 -0.712973
v -0.491346 0.770542 -0.677577
v -0.467257 0.763798 -0.658139
v -0.422286 0.851692 -0.712973
v -0.467257 0.763798 -0.658139
v -0.403115 0.839933 -0.692293
v -0.550312 0.673261 -0.653117
v -0.580558 0.567789 -0.607553
v -0.570596 0.572738 -0.590768
v -0.550312 0.673261 -0.653117
v -0.570596 0.572738 -0.590768
v -0.540820 0.676109 -0.636103
v -0.580558 0.567789 -0.607553
v -0.590672 0.457761 -0.560022
v -0.580558 0.464774 -0.543789
v -0.580558 0.567789 -0.607553
v -0.580558 0.464774 -0.543789
v -0.570596 0.572738 -0.590768
v -0.570596 0.572738 -0.590768
v -0.580558 0.464774 -0.543789
v -0.550312 0.471496 -0.528228
v -0.570596 0.572738 -0.590768
v -0.550312 0.471496 -0.528228
v -0.540820 0.575462 -0.573805
v -0.540820 0.676109 -0.636103
v -0.570596 0.572738 -0.590768
v -0.540820 0.575462 -0.573805
v -0.540820 0.676109 -0.636103
v -0.540820 0.575462 -0.573805
v -0.512939 0.674408 -0.617957
v -0.512939 0.674408 -0.617957
v -0.540820 0.575462 -0.573805
v -0.491346 0.577616 -0.558160
v -0.512939 0.674408 -0.617957
v -0.491346 0.577616 -0.558160
v -0.467257 0.671194 -0.600819
v -0.540820 0.575462 -0.573805
v -0.550312 0.471496 -0.528228
v -0.500026 0.477638 -0.514012
v -0.540820 0.575462 -0.573805
v -0.500026 0.477638 -0.514012
v -0.491346 0.577616 -0.558160
v -0.491346 0.577616 -0.558160
v -0.500026 0.477638 -0.514012
v -0.429796 0.482908 -0.505335
v -0.491346 0.577616 -0.558160
v -0.429796 0.482908 -0.505335
v -0.422286 0.580856 -0.548855
v -0.467257 0.671194 -0.600819
v -0.491346 0.577616 -0.558160
v -0.422286 0.580856 -0.548855
v -0.467257 0.671194 -0.600819
v -0.422286 0.580856 -0.548855
v -0.403115 0.671366 -0.591036
v -0.403115 0.839933 -0.692293
v -0.467257 0.763798 -0.658139
v -0.429708 0.752671 -0.638885
v -0.403115 0.839933 -0.692293
v -0.429708 0.752671 -0.638885
v -0.375642 0.819692 -0.671193
v -0.467257 0.763798 -0.658139
v -0.512939 0.674408 -0.617957
v -0.467257 0.671194 -0.600819
v -0.467257 0.763798 -0.658139
v -0.467257 0.671194 -0.600819
v -0.429708 0.752671 -0.638885
v -0.429708 0.752671 -0.638885
v -0.467257 0.671194 -0.600819
v -0.403115 0.671366 -0.591036
v -0.429708 0.752671 -0.638885
v -0.403115 0.671366 -0.591036
v -0.375642 0.747880 -0.628505
v -0.375642 0.819692 -0.671193
v -0.429708 0.752671 -0.638885
v -0.375642 0.747880 -0.628505
v -0.375642 0.819692 -0.671193
v -0.375642 0.747880 -0.628505
v -0.348865 0.798432 -0.656605
v -0.348865 -0.121629 0.568247
v -0.292091 -0.125579 0.595024
v -0.302003 -0.114715 0.649090
v -0.348865 -0.121629 0.568247
v -0.302003 -0.114715 0.649090
v -0.375642 -0.113253 0.595024
v -0.292091 -0.125579 0.595024
v -0.206992 -0.129633 0.622497
v -0.212112 -0.117349 0.686639
v -0.292091 -0.125579 0.595024
v -0.212112 -0.117349 0.686639
v -0.302003 -0.114715 0.649090
v -0.302003 -0.114715 0.649090
v -0.212112 -0.117349 0.686639
v -0.221857 -0.102891 0.732320
v -0.302003 -0.114715 0.649090
v -0.221857 -0.102891 0.732320
v -0.319853 -0.101453 0.686639
v -0.375642 -0.113253 0.595024
v -0.302003 -0.114715 0.649090
v -0.319853 -0.101453 0.686639
v -0.375642 -0.113253 0.595024
v -0.319853 -0.101453 0.686639
v -0.403115 -0.100698 0.622497
v -0.206992 -0.129633 0.622497
v -0.107175 -0.132461 0.641668
v -0.109289 -0.119399 0.710728
v -0.206992 -0.129633 0.622497
v -0.109289 -0.119399 0.710728
v -0.212112 -0.117349 0.686639
v -0.107175 -0.132461 0.641668
v 0.000000 -0.133569 0.649178
v 0.000000 -0.120279 0.719408
v -0.107175 -0.132461 0.641668
v 0.000000 -0.120279 0.719408
v -0.109289 -0.119399 0.710728
v -0.109289 -0.119399 0.710728
v 0.000000 -0.120279 0.719408
v 0.000000 -0.104793 0.769693
v -0.109289 -0.119399 0.710728
v 0.000000 -0.104793 0.769693
v -0.113515 -0.104183 0.760202
v -0.212112 -0.117349 0.686639
v -0.109289 -0.119399 0.710728
v -0.113515 -0.104183 0.760202
v -0.212112 -0.117349 0.686639
v -0.113515 -0.104183 0.760202
v -0.221857 -0.102891 0.732320
v -0.221857 -0.102891 0.732320
v -0.113515 -0.104183 0.760202
v -0.117742 -0.087530 0.789977
v -0.221857 -0.102891 0.732320
v -0.117742 -0.087530 0.789977
v -0.230616 -0.086907 0.760202
v -0.113515 -0.104183 0.760202
v 0.000000 -0.104793 0.769693
v 0.000000 -0.087842 0.799940
v -0.113515 -0.104183 0.760202
v 0.000000 -0.087842 0.799940
v -0.117742 -0.087530 0.789977
v -0.117742 -0.087530 0.789977
v 0.000000 -0.087842 0.799940
v 0.000000 -0.070159 0.810054
v -0.117742 -0.087530 0.789977
v 0.000000 -0.070159 0.810054
v -0.119855 -0.070159 0.799940
v -0.230616 -0.086907 0.760202
v -0.117742 -0.087530 0.789977
v -0.119855 -0.070159 0.799940
v -0.230616 -0.086907 0.760202
v -0.119855 -0.070159 0.799940
v -0.234748 -0.070159 0.769693
v -0.403115 -0.100698 0.622497
v -0.319853 -0.101453 0.686639
v -0.333753 -0.086283 0.710728
v -0.403115 -0.100698 0.622497
v -0.333753 -0.086283 0.710728
v -0.422286 -0.085971 0.641668
v -0.319853 -0.101453 0.686639
v -0.221857 -0.102891 0.732320
v -0.230616 -0.086907 0.760202
v -0.319853 -0.101453 0.686639
v -0.230616 -0.086907 0.760202
v -0.333753 -0.086283 0.710728
v -0.333753 -0.086283 0.710728
v -0.230616 -0.086907 0.760202
v -0.234748 -0.070159 0.769693
v -0.333753 -0.086283 0.710728
v -0.234748 -0.070159 0.769693
v -0.339716 -0.070159 0.719408
v -0.422286 -0.085971 0.641668
v -0.333753 -0.086283 0.710728
v -0.339716 -0.070159 0.719408
v -0.422286 -0.085971 0.641668
v -0.339716 -0.070159 0.719408
v -0.429796 -0.070159 0.649178
v 0.000000 -0.133569 0.649178
v 0.107175 -0.132461 0.641668
v 0.109289 -0.119399 0.710728
v 0.000000 -0.133569 0.649178
v 0.109289 -0.119399 0.710728
v 0.000000 -0.120279 0.719408
v 0.107175 -0.132461 0.641668
v 0.206992 -0.129633 0.622497
v 0.212112 -0.117349 0.686639
v 0.107175 -0.132461 0.641668
v 0.212112 -0.117349 0.686639
v 0.109289 -0.119399 0.710728
v 0.109289 -0.119399 0.710728
v 0.212112 -0.117349 0.686639
v 0.221857 -0.102891 0.732320
v 0.109289 -0.119399 0.710728
v 0.221857 -0.102891 0.732320
v 0.113515 -0.104183 0.760202
v 0.000000 -0.120279 0.719408
v 0.109289 -0.119399 0.710728
v 0.113515 -0.104183 0.760202
v 0.000000 -0.120279 0.719408
v 0.113515 -0.104183 0.760202
v 0.000000 -0.104793 0.769693
v 0.206992 -0.129633 0.622497
v 0.292091 -0.125579 0.595024
v 0.302003 -0.114715 0.649090
v 0.206992 -0.129633 0.622497
v 0.302003 -0.114715 0.649090
v 0.212112 -0.117349 0.686639
v 0.292091 -0.125579 0.595024
v 0.348865 -0.121629 0.568247
v 0.375642 -0.113253 0.595024
v 0.292091 -0.125579 0.595024
v 0.375642 -0.113253 0.595024
v 0.302003 -0.114715 0.649090
v 0.302003 -0.114715 0.649090
v 0.375642 -0.113253 0.595024
v 0.403115 -0.100698 0.622497
v 0.302003 -0.114715 0.649090
v 0.403115 -0.100698 0.622497
v 0.319853 -0.101453 0.686639
v 0.212112 -0.117349 0.686639
v 0.302003 -0.114715 0.649090
v 0.319853 -0.101453 0.686639
v 0.212112 -0.117349 0.686639
v 0.319853 -0.101453 0.686639
v 0.221857 -0.102891 0.732320
v 0.221857 -0.102891 0.732320
v 0.319853 -0.101453 0.686639
v 0.333753 -0.086283 0.710728
v 0.221857 -0.102891 0.732320
v 0.333753 -0.086283 0.710728
v 0.230616 -0.086907 0.760202
v 0.319853 -0.101453 0.686639
v 0.403115 -0.100698 0.622497
v 0.422286 -0.085971 0.641668
v 0.319853 -0.101453 0.686639
v 0.422286 -0.085971 0.641668
v 0.333753 -0.086283 0.710728
v 0.333753 -0.086283 0.710728
v 0.422286 -0.085971 0.641668
v 0.429796 -0.070159 0.649178
v 0.333753 -0.086283 0.710728
v 0.429796 -0.070159 0.649178
v 0.339716 -0.070159 0.719408
v 0.230616 -0.086907 0.760202
v 0.333753 -0.086283 0.710728
v 0.339716 -0.070159 0.719408
v 0.230616 -0.086907 0.760202
v 0.339716 -0.070159 0.719408
v 0.234748 -0.070159 0.769693
v 0.000000 -0.104793 0.769693
v 0.113515 -0.104183 0.760202
v 0.117742 -0.087530 0.789977
v 0.000000 -0.104793 0.769693
v 0.117742 -0.087530 0.789977
v 0.000000 -0.087842 0.799940
v 0.113515 -0.104183 0.760202
v 0.221857 -0.102891 0.732320
v 0.230616 -0.086907 0.760202
v 0.113515 -0.104183 0.760202
v 0.230616 -0.086907 0.760202
v 0.117742 -0.087530 0.789977
v 0.117742 -0.087530 0.789977
v 0.230616 -0.086907 0.760202
v 0.234748 -0.070159 0.769693
v 0.117742 -0.087530 0.789977
v 0.234748 -0.070159 0.769693
v 0.119855 -0.070159 0.799940
v 0.000000 -0.087842 0.799940
v 0.117742 -0.087530 0.789977
v 0.119855 -0.070159 0.799940
v 0.000000 -0.087842 0.799940
v 0.119855 -0.070159 0.799940
v 0.000000 -0.070159 0.810054
v 0.000000 -0.070159 0.810054
v 0.119855 -0.070159 0.799940
v 0.117742 -0.052788 0.789977
v 0.000000 -0.070159 0.810054
v 0.117742 -0.052788 0.789977
v 0.000000 -0.052476 0.799940
v 0.119855 -0.070159 0.799940
v 0.234748 -0.070159 0.769693
v 0.230616 -0.053412 0.760202
v 0.119855 -0.070159 0.799940
v 0.230616 -0.053412 0.760202
v 0.117742 -0.052788 0.789977
v 0.117742 -0.052788 0.789977
v 0.230616 -0.053412 0.760202
v 0.221857 -0.037428 0.732320
v 0.117742 -0.052788 0.789977
v 0.221857 -0.037428 0.732320
v 0.113515 -0.036135 0.760202
v 0.000000 -0.052476 0.799940
v 0.117742 -0.052788 0.789977
v 0.113515 -0.036135 0.760202
v 0.000000 -0.052476 0.799940
v 0.113515 -0.036135 0.760202
v -0.000000 -0.035526 0.769693
v 0.234748 -0.070159 0.769693
v 0.339716 -0.070159 0.719408
v 0.333753 -0.054035 0.710728
v 0.234748 -0.070159 0.769693
v 0.333753 -0.054035 0.710728
v 0.230616 -0.053412 0.760202
v 0.339716 -0.070159 0.719408
v 0.429796 -0.070159 0.649178
v 0.422286 -0.054347 0.641668
v 0.339716 -0.070159 0.719408
v 0.422286 -0.054347 0.641668
v 0.333753 -0.054035 0.710728
v 0.333753 -0.054035 0.710728
v 0.422286 -0.054347 0.641668
v 0.403115 -0.039621 0.622497
v 0.333753 -0.054035 0.710728
v 0.403115 -0.039621 0.622497
v 0.319853 -0.038865 0.686639
v 0.230616 -0.053412 0.760202
v 0.333753 -0.054035 0.710728
v 0.319853 -0.038865 0.686639
v 0.230616 -0.053412 0.760202
v 0.319853 -0.038865 0.686639
v 0.221857 -0.037428 0.732320
v 0.221857 -0.037428 0.732320
v 0.319853 -0.038865 0.686639
v 0.302003 -0.025603 0.649090
v 0.221857 -0.037428 0.732320
v 0.302003 -0.025603 0.649090
v 0.212112 -0.022970 0.686639
v 0.319853 -0.038865 0.686639
v 0.403115 -0.039621 0.622497
v 0.375642 -0.027066 0.595024
v 0.319853 -0.038865 0.686639
v 0.375642 -0.027066 0.595024
v 0.302003 -0.025603 0.649090
v 0.302003 -0.025603 0.649090
v 0.375642 -0.027066 0.595024
v 0.348865 -0.020124 0.568247
v 0.302003 -0.025603 0.649090
v 0.348865 -0.020124 0.568247
v 0.292091 -0.017967 0.595024
v 0.212112 -0.022970 0.686639
v 0.302003 -0.025603 0.649090
v 0.292091 -0.017967 0.595024
v 0.212112 -0.022970 0.686639
v 0.292091 -0.017967 0.595024
v 0.206992 -0.016335 0.622497
v -0.000000 -0.035526 0.769693
v 0.113515 -0.036135 0.760202
v 0.109289 -0.020919 0.710728
v -0.000000 -0.035526 0.769693
v 0.109289 -0.020919 0.710728
v -0.000000 -0.020039 0.719408
v 0.113515 -0.036135 0.760202
v 0.221857 -0.037428 0.732320
v 0.212112 -0.022970 0.686639
v 0.113515 -0.036135 0.760202
v 0.212112 -0.022970 0.686639
v 0.109289 -0.020919 0.710728
v 0.109289 -0.020919 0.710728
v 0.212112 -0.022970 0.686639
v 0.206992 -0.016335 0.622497
v 0.109289 -0.020919 0.710728
v 0.206992 -0.016335 0.622497
v 0.107175 -0.014314 0.641668
v -0.000000 -0.020039 0.719408
v 0.109289 -0.020919 0.710728
v 0.107175 -0.014314 0.641668
v -0.000000 -0.020039 0.719408
v 0.107175 -0.014314 0.641668
v -0.000000 -0.013206 0.649178
v -0.429796 -0.070159 0.649178
v -0.339716 -0.070159 0.719408
v -0.333753 -0.054035 0.710728
v -0.429796 -0.070159 0.649178
v -0.333753 -0.054035 0.710728
v -0.422286 -0.054347 0.641668
v -0.339716 -0.070159 0.719408
v -0.234748 -0.070159 0.769693
v -0.230616 -0.053412 0.760202
v -0.339716 -0.070159 0.719408
v -0.230616 -0.053412 0.760202
v -0.333753 -0.054035 0.710728
v -0.333753 -0.054035 0.710728
v -0.230616 -0.053412 0.760202
v -0.221857 -0.037428 0.732320
v -0.333753 -0.054035 0.710728
v -0.221857 -0.037428 0.732320
v -0.319853 -0.038865 0.686639
v -0.422286 -0.054347 0.641668
v -0.333753 -0.054035 0.710728
v -0.319853 -0.038865 0.686639
v -0.422286 -0.054347 0.641668
v -0.319853 -0.038865 0.686639
v -0.403115 -0.039621 0.622497
v -0.234748 -0.070159 0.769693
v -0.119855 -0.070159 0.799940
v -0.117742 -0.052788 0.789977
v -0.234748 -0.070159 0.769693
v -0.117742 -0.052788 0.789977
v -0.230616 -0.053412 0.760202
v -0.119855 -0.070159 0.799940
v 0.000000 -0.070159 0.810054
v 0.000000 -0.052476 0.799940
v -0.119855 -0.070159 0.799940
v 0.000000 -0.052476 0.799940
v -0.117742 -0.052788 0.789977
v -0.117742 -0.052788 0.789977
v 0.000000 -0.052476 0.799940
v -0.000000 -0.035526 0.769693
v -0.117742 -0.052788 0.789977
v -0.000000 -0.035526 0.769693
v -0.113515 -0.036135 0.760202
v -0.230616 -0.053412 0.760202
v -0.117742 -0.052788 0.789977
v -0.113515 -0.036135 0.760202
v -0.230616 -0.053412 0.760202
v -0.113515 -0.036135 0.760202
v -0.221857 -0.037428 0.732320
v -0.221857 -0.037428 0.732320
v -0.113515 -0.036135 0.760202
v -0.109289 -0.020919 0.710728
v -0.221857 -0.037428 0.732320
v -0.109289 -0.020919 0.710728
v -0.212112 -0.022970 0.686639
v -0.113515 -0.036135 0.760202
v -0.000000 -0.035526 0.769693
v -0.000000 -0.020039 0.719408
v -0.113515 -0.036135 0.760202
v -0.000000 -0.020039 0.719408
v -0.109289 -0.020919 0.710728
v -0.109289 -0.020919 0.710728
v -0.000000 -0.020039 0.719408
v -0.000000 -0.013206 0.649178
v -0.109289 -0.020919 0.710728
v -0.000000 -0.013206 0.649178
v -0.107175 -0.014314 0.641668
v -0.212112 -0.022970 0.686639
v -0.109289 -0.020919 0.710728
v -0.107175 -0.014314 0.641668
v -0.212112 -0.022970 0.686639
v -0.107175 -0.014314 0.641668
v -0.206992 -0.016335 0.622497
v -0.403115 -0.039621 0.622497
v -0.319853 -0.038865 0.686639
v -0.302003 -0.025603 0.649090
v -0.403115 -0.039621 0.622497
v -0.302003 -0.025603 0.649090
v -0.375642 -0.027066 0.595024
v -0.319853 -0.038865 0.686639
v -0.221857 -0.037428 0.732320
v -0.212112 -0.022970 0.686639
v -0.319853 -0.038865 0.686639
v -0.212112 -0.022970 0.686639
v -0.302003 -0.025603 0.649090
v -0.302003 -0.025603 0.649090
v -0.212112 -0.022970 0.686639
v -0.206992 -0.016335 0.622497
v -0.302003 -0.025603 0.649090
v -0.206992 -0.016335 0.622497
v -0.292091 -0.017967 0.595024
v -0.375642 -0.027066 0.595024
v -0.302003 -0.025603 0.649090
v -0.292091 -0.017967 0.595024
v -0.375642 -0.027066 0.595024
v -0.292091 -0.017967 0.595024
v -0.348865 -0.020124 0.568247
v -0.348865 -0.020124 0.568247
v -0.292091 -0.017967 0.595024
v -0.302003 -0.019675 0.521385
v -0.348865 -0.020124 0.568247
v -0.302003 -0.019675 0.521385
v -0.375642 -0.017967 0.511472
v -0.292091 -0.017967 0.595024
v -0.206992 -0.016335 0.622497
v -0.212112 -0.023819 0.539235
v -0.292091 -0.017967 0.595024
v -0.212112 -0.023819 0.539235
v -0.302003 -0.019675 0.521385
v -0.302003 -0.019675 0.521385
v -0.212112 -0.023819 0.539235
v -0.221857 -0.034027 0.441239
v -0.302003 -0.019675 0.521385
v -0.221857 -0.034027 0.441239
v -0.319853 -0.023819 0.431493
v -0.375642 -0.017967 0.511472
v -0.302003 -0.019675 0.521385
v -0.319853 -0.023819 0.431493
v -0.375642 -0.017967 0.511472
v -0.319853 -0.023819 0.431493
v -0.403115 -0.016335 0.426374
v -0.206992 -0.016335 0.622497
v -0.107175 -0.014314 0.641668
v -0.109289 -0.023493 0.553135
v -0.206992 -0.016335 0.622497
v -0.109289 -0.023493 0.553135
v -0.212112 -0.023819 0.539235
v -0.107175 -0.014314 0.641668
v -0.000000 -0.013206 0.649178
v 0.000000 -0.022213 0.559097
v -0.107175 -0.014314 0.641668
v 0.000000 -0.022213 0.559097
v -0.109289 -0.023493 0.553135
v -0.109289 -0.023493 0.553135
v 0.000000 -0.022213 0.559097
v 0.000000 -0.034163 0.454130
v -0.109289 -0.023493 0.553135
v 0.000000 -0.034163 0.454130
v -0.113515 -0.035563 0.449997
v -0.212112 -0.023819 0.539235
v -0.109289 -0.023493 0.553135
v -0.113515 -0.035563 0.449997
v -0.212112 -0.023819 0.539235
v -0.113515 -0.035563 0.449997
v -0.221857 -0.034027 0.441239
v -0.221857 -0.034027 0.441239
v -0.113515 -0.035563 0.449997
v -0.117742 -0.037626 0.337124
v -0.221857 -0.034027 0.441239
v -0.117742 -0.037626 0.337124
v -0.230616 -0.035563 0.332897
v -0.113515 -0.035563 0.449997
v 0.000000 -0.034163 0.454130
v 0.000000 -0.036156 0.339237
v -0.113515 -0.035563 0.449997
v 0.000000 -0.036156 0.339237
v -0.117742 -0.037626 0.337124
v -0.117742 -0.037626 0.337124
v 0.000000 -0.036156 0.339237
v 0.000000 -0.034664 0.219382
v -0.117742 -0.037626 0.337124
v 0.000000 -0.034664 0.219382
v -0.119855 -0.036156 0.219382
v -0.230616 -0.035563 0.332897
v -0.117742 -0.037626 0.337124
v -0.119855 -0.036156 0.219382
v -0.230616 -0.035563 0.332897
v -0.119855 -0.036156 0.219382
v -0.234748 -0.034163 0.219382
v -0.403115 -0.016335 0.426374
v -0.319853 -0.023819 0.431493
v -0.333753 -0.023494 0.328670
v -0.403115 -0.016335 0.426374
v -0.333753 -0.023494 0.328670
v -0.422286 -0.014314 0.326557
v -0.319853 -0.023819 0.431493
v -0.221857 -0.034027 0.441239
v -0.230616 -0.035563 0.332897
v -0.319853 -0.023819 0.431493
v -0.230616 -0.035563 0.332897
v -0.333753 -0.023494 0.328670
v -0.333753 -0.023494 0.328670
v -0.230616 -0.035563 0.332897
v -0.234748 -0.034163 0.219382
v -0.333753 -0.023494 0.328670
v -0.234748 -0.034163 0.219382
v -0.339716 -0.022213 0.219382
v -0.422286 -0.014314 0.326557
v -0.333753 -0.023494 0.328670
v -0.339716 -0.022213 0.219382
v -0.422286 -0.014314 0.326557
v -0.339716 -0.022213 0.219382
v -0.429796 -0.013206 0.219382
v -0.000000 -0.013206 0.649178
v 0.107175 -0.014314 0.641668
v 0.109289 -0.023493 0.553135
v -0.000000 -0.013206 0.649178
v 0.109289 -0.023493 0.553135
v 0.000000 -0.022213 0.559097
v 0.107175 -0.014314 0.641668
v 0.206992 -0.016335 0.622497
v 0.212112 -0.023819 0.539235
v 0.107175 -0.014314 0.641668
v 0.212112 -0.023819 0.539235
v 0.109289 -0.023493 0.553135
v 0.109289 -0.023493 0.553135
v 0.212112 -0.023819 0.539235
v 0.221857 -0.034027 0.441239
v 0.109289 -0.023493 0.553135
v 0.221857 -0.034027 0.441239
v 0.113515 -0.035563 0.449997
v 0.000000 -0.022213 0.559097
v 0.109289 -0.023493 0.553135
v 0.113515 -0.035563 0.449997
v 0.000000 -0.022213 0.559097
v 0.113515 -0.035563 0.449997
v 0.000000 -0.034163 0.454130
v 0.206992 -0.016335 0.622497
v 0.292091 -0.017967 0.595024
v 0.302003 -0.019675 0.521385
v 0.206992 -0.016335 0.622497
v 0.302003 -0.019675 0.521385
v 0.212112 -0.023819 0.539235
v 0.292091 -0.017967 0.595024
v 0.348865 -0.020124 0.568247
v 0.375642 -0.017967 0.511472
v 0.292091 -0.017967 0.595024
v 0.375642 -0.017967 0.511472
v 0.302003 -0.019675 0.521385
v 0.302003 -0.019675 0.521385
v 0.375642 -0.017967 0.511472
v 0.403115 -0.016335 0.426374
v 0.302003 -0.019675 0.521385
v 0.403115 -0.016335 0.426374
v 0.319853 -0.023819 0.431493
v 0.212112 -0.023819 0.539235
v 0.302003 -0.019675 0.521385
v 0.319853 -0.023819 0.431493
v 0.212112 -0.023819 0.539235
v 0.319853 -0.023819 0.431493
v 0.221857 -0.034027 0.441239
v 0.221857 -0.034027 0.441239
v 0.319853 -0.023819 0.431493
v 0.333753 -0.023493 0.328670
v 0.221857 -0.034027 0.441239
v 0.333753 -0.023493 0.328670
v 0.230616 -0.035563 0.332897
v 0.319853 -0.023819 0.431493
v 0.403115 -0.016335 0.426374
v 0.422286 -0.014314 0.326557
v 0.319853 -0.023819 0.431493
v 0.422286 -0.014314 0.326557
v 0.333753 -0.023493 0.328670
v 0.333753 -0.023493 0.328670
v 0.422286 -0.014314 0.326557
v 0.429796 -0.013206 0.219382
v 0.333753 -0.023493 0.328670
v 0.429796 -0.013206 0.219382
v 0.339716 -0.022213 0.219382
v 0.230616 -0.035563 0.332897
v 0.333753 -0.023493 0.328670
v 0.339716 -0.022213 0.219382
v 0.230616 -0.035563 0.332897
v 0.339716 -0.022213 0.219382
v 0.234748 -0.034163 0.219382
v 0.000000 -0.034163 0.454130
v 0.113515 -0.035563 0.449997
v 0.117742 -0.037626 0.337124
v 0.000000 -0.034163 0.454130
v 0.117742 -0.037626 0.337124
v 0.000000 -0.036156 0.339237
v 0.113515 -0.035563 0.449997
v 0.221857 -0.034027 0.441239
v 0.230616 -0.035563 0.332897
v 0.113515 -0.035563 0.449997
v 0.230616 -0.035563 0.332897
v 0.117742 -0.037626 0.337124
v 0.117742 -0.037626 0.337124
v 0.230616 -0.035563 0.332897
v 0.234748 -0.034163 0.219382
v 0.117742 -0.037626 0.337124
v 0.234748 -0.034163 0.219382
v 0.119855 -0.036156 0.219382
v 0.000000 -0.036156 0.339237
v 0.117742 -0.037626 0.337124
v 0.119855 -0.036156 0.219382
v 0.000000 -0.036156 0.339237
v 0.119855 -0.036156 0.219382
v 0.000000 -0.034664 0.219382
v 0.000000 -0.034664 0.219382
v 0.119855 -0.036156 0.219382
v 0.117742 -0.037626 0.101640
v 0.000000 -0.034664 0.219382
v 0.117742 -0.037626 0.101640
v 0.000000 -0.036156 0.099526
v 0.119855 -0.036156 0.219382
v 0.234748 -0.034163 0.219382
v 0.230616 -0.035563 0.105866
v 0.119855 -0.036156 0.219382
v 0.230616 -0.035563 0.105866
v 0.117742 -0.037626 0.101640
v 0.117742 -0.037626 0.101640
v 0.230616 -0.035563 0.105866
v 0.221857 -0.034027 -0.002476
v 0.117742 -0.037626 0.101640
v 0.221857 -0.034027 -0.002476
v 0.113515 -0.035563 -0.011234
v 0.000000 -0.036156 0.099526
v 0.117742 -0.037626 0.101640
v 0.113515 -0.035563 -0.011234
v 0.000000 -0.036156 0.099526
v 0.113515 -0.035563 -0.011234
v -0.000000 -0.034163 -0.015366
v 0.234748 -0.034163 0.219382
v 0.339716 -0.022213 0.219382
v 0.333753 -0.023493 0.110093
v 0.234748 -0.034163 0.219382
v 0.333753 -0.023493 0.110093
v 0.230616 -0.035563 0.105866
v 0.339716 -0.022213 0.219382
v 0.429796 -0.013206 0.219382
v 0.422286 -0.014314 0.112206
v 0.339716 -0.022213 0.219382
v 0.422286 -0.014314 0.112206
v 0.333753 -0.023493 0.110093
v 0.333753 -0.023493 0.110093
v 0.422286 -0.014314 0.112206
v 0.403115 -0.016335 0.012390
v 0.333753 -0.023493 0.110093
v 0.403115 -0.016335 0.012390
v 0.319853 -0.023819 0.007270
v 0.230616 -0.035563 0.105866
v 0.333753 -0.023493 0.110093
v 0.319853 -0.023819 0.007270
v 0.230616 -0.035563 0.105866
v 0.319853 -0.023819 0.007270
v 0.221857 -0.034027 -0.002476
v 0.221857 -0.034027 -0.002476
v 0.319853 -0.023819 0.007270
v 0.302003 -0.019675 -0.082621
v 0.221857 -0.034027 -0.002476
v 0.302003 -0.019675 -0.082621
v 0.212112 -0.023819 -0.100471
v 0.319853 -0.023819 0.007270
v 0.403115 -0.016335 0.012390
v 0.375642 -0.017967 -0.072709
v 0.319853 -0.023819 0.007270
v 0.375642 -0.017967 -0.072709
v 0.302003 -0.019675 -0.082621
v 0.302003 -0.019675 -0.082621
v 0.375642 -0.017967 -0.072709
v 0.348865 -0.020124 -0.129483
v 0.302003 -0.019675 -0.082621
v 0.348865 -0.020124 -0.129483
v 0.292091 -0.017967 -0.156260
v 0.212112 -0.023819 -0.100471
v 0.302003 -0.019675 -0.082621
v 0.292091 -0.017967 -0.156260
v 0.212112 -0.023819 -0.100471
v 0.292091 -0.017967 -0.156260
v 0.206992 -0.016335 -0.183734
v -0.000000 -0.034163 -0.015366
v 0.113515 -0.035563 -0.011234
v 0.109289 -0.023493 -0.114371
v -0.000000 -0.034163 -0.015366
v 0.109289 -0.023493 -0.114371
v -0.000000 -0.022213 -0.120334
v 0.113515 -0.035563 -0.011234
v 0.221857 -0.034027 -0.002476
v 0.212112 -0.023819 -0.100471
v 0.113515 -0.035563 -0.011234
v 0.212112 -0.023819 -0.100471
v 0.109289 -0.023493 -0.114371
v 0.109289 -0.023493 -0.114371
v 0.212112 -0.023819 -0.100471
v 0.206992 -0.016335 -0.183734
v 0.109289 -0.023493 -0.114371
v 0.206992 -0.016335 -0.183734
v 0.107175 -0.014314 -0.202904
v -0.000000 -0.022213 -0.120334
v 0.109289 -0.023493 -0.114371
v 0.107175 -0.014314 -0.202904
v -0.000000 -0.022213 -0.120334
v 0.107175 -0.014314 -0.202904
v -0.000000 -0.013206 -0.210414
v -0.429796 -0.013206 0.219382
v -0.339716 -0.022213 0.219382
v -0.333753 -0.023493 0.110093
v -0.429796 -0.013206 0.219382
v -0.333753 -0.023493 0.110093
v -0.422286 -0.014314 0.112206
v -0.339716 -0.022213 0.219382
v -0.234748 -0.034163 0.219382
v -0.230616 -0.035563 0.105866
v -0.339716 -0.022213 0.219382
v -0.230616 -0.035563 0.105866
v -0.333753 -0.023493 0.110093
v -0.333753 -0.023493 0.110093
v -0.230616 -0.035563 0.105866
v -0.221857 -0.034027 -0.002476
v -0.333753 -0.023493 0.110093
v -0.221857 -0.034027 -0.002476
v -0.319853 -0.023819 0.007270
v -0.422286 -0.014314 0.112206
v -0.333753 -0.023493 0.110093
v -0.319853 -0.023819 0.007270
v -0.422286 -0.014314 0.112206
v -0.319853 -0.023819 0.007270
v -0.403115 -0.016335 0.012390
v -0.234748 -0.034163 0.219382
v -0.119855 -0.036156 0.219382
v -0.117742 -0.037626 0.101640
v -0.234748 -0.034163 0.219382
v -0.117742 -0.037626 0.101640
v -0.230616 -0.035563 0.105866
v -0.119855 -0.036156 0.219382
v 0.000000 -0.034664 0.219382
v 0.000000 -0.036156 0.099526
v -0.119855 -0.036156 0.219382
v 0.000000 -0.036156 0.099526
v -0.117742 -0.037626 0.101640
v -0.117742 -0.037626 0.101640
v 0.000000 -0.036156 0.099526
v -0.000000 -0.034163 -0.015366
v -0.117742 -0.037626 0.101640
v -0.000000 -0.034163 -0.015366
v -0.113515 -0.035563 -0.011234
v -0.230616 -0.035563 0.105866
v -0.117742 -0.037626 0.101640
v -0.113515 -0.035563 -0.011234
v -0.230616 -0.035563 0.105866
v -0.113515 -0.035563 -0.011234
v -0.221857 -0.034027 -0.002476
v -0.221857 -0.034027 -0.002476
v -0.113515 -0.035563 -0.011234
v -0.109289 -0.023493 -0.114371
v -0.221857 -0.034027 -0.002476
v -0.109289 -0.023493 -0.114371
v -0.212112 -0.023819 -0.100471
v -0.113515 -0.035563 -0.011234
v -0.000000 -0.034163 -0.015366
v -0.000000 -0.022213 -0.120334
v -0.113515 -0.035563 -0.011234
v -0.000000 -0.022213 -0.120334
v -0.109289 -0.023493 -0.114371
v -0.109289 -0.023493 -0.114371
v -0.000000 -0.022213 -0.120334
v -0.000000 -0.013206 -0.210414
v -0.109289 -0.023493 -0.114371
v -0.000000 -0.013206 -0.210414
v -0.107175 -0.014314 -0.202904
v -0.212112 -0.023819 -0.100471
v -0.109289 -0.023493 -0.114371
v -0.107175 -0.014314 -0.202904
v -0.212112 -0.023819 -0.100471
v -0.107175 -0.014314 -0.202904
v -0.206992 -0.016335 -0.183734
v -0.403115 -0.016335 0.012390
v -0.319853 -0.023819 0.007270
v -0.302003 -0.019675 -0.082621
v -0.403115 -0.016335 0.012390
v -0.302003 -0.019675 -0.082621
v -0.375642 -0.017967 -0.072709
v -0.319853 -0.023819 0.007270
v -0.221857 -0.034027 -0.002476
v -0.212112 -0.023819 -0.100471
v -0.319853 -0.023819 0.007270
v -0.212112 -0.023819 -0.100471
v -0.302003 -0.019675 -0.082621
v -0.302003 -0.019675 -0.082621
v -0.212112 -0.023819 -0.100471
v -0.206992 -0.016335 -0.183734
v -0.302003 -0.019675 -0.082621
v -0.206992 -0.016335 -0.183734
v -0.292091 -0.017967 -0.156260
v -0.375642 -0.017967 -0.072709
v -0.302003 -0.019675 -0.082621
v -0.292091 -0.017967 -0.156260
v -0.375642 -0.017967 -0.072709
v -0.292091 -0.017967 -0.156260
v -0.348865 -0.020124 -0.129483
v -0.348865 -0.020124 -0.129483
v -0.292091 -0.017967 -0.156260
v -0.302003 -0.025603 -0.210326
v -0.348865 -0.020124 -0.129483
v -0.302003 -0.025603 -0.210326
v -0.375642 -0.027066 -0.156260
v -0.292091 -0.017967 -0.156260
v -0.206992 -0.016335 -0.183734
v -0.212112 -0.022970 -0.247875
v -0.292091 -0.017967 -0.156260
v -0.212112 -0.022970 -0.247875
v -0.302003 -0.025603 -0.210326
v -0.302003 -0.025603 -0.210326
v -0.212112 -0.022970 -0.247875
v -0.221857 -0.037427 -0.293557
v -0.302003 -0.025603 -0.210326
v -0.221857 -0.037427 -0.293557
v -0.319853 -0.038865 -0.247875
v -0.375642 -0.027066 -0.156260
v -0.302003 -0.025603 -0.210326
v -0.319853 -0.038865 -0.247875
v -0.375642 -0.027066 -0.156260
v -0.319853 -0.038865 -0.247875
v -0.403115 -0.039621 -0.183734
v -0.206992 -0.016335 -0.183734
v -0.107175 -0.014314 -0.202904
v -0.109289 -0.020919 -0.271965
v -0.206992 -0.016335 -0.183734
v -0.109289 -0.020919 -0.271965
v -0.212112 -0.022970 -0.247875
v -0.107175 -0.014314 -0.202904
v -0.000000 -0.013206 -0.210414
v 0.000000 -0.020039 -0.280644
v -0.107175 -0.014314 -0.202904
v 0.000000 -0.020039 -0.280644
v -0.109289 -0.020919 -0.271965
v -0.109289 -0.020919 -0.271965
v 0.000000 -0.020039 -0.280644
v 0.000000 -0.035526 -0.330930
v -0.109289 -0.020919 -0.271965
v 0.000000 -0.035526 -0.330930
v -0.113515 -0.036135 -0.321439
v -0.212112 -0.022970 -0.247875
v -0.109289 -0.020919 -0.271965
v -0.113515 -0.036135 -0.321439
v -0.212112 -0.022970 -0.247875
v -0.113515 -0.036135 -0.321439
v -0.221857 -0.037427 -0.293557
v -0.221857 -0.037427 -0.293557
v -0.113515 -0.036135 -0.321439
v -0.117742 -0.052788 -0.351214
v -0.221857 -0.037427 -0.293557
v -0.117742 -0.052788 -0.351214
v -0.230616 -0.053412 -0.321439
v -0.113515 -0.036135 -0.321439
v 0.000000 -0.035526 -0.330930
v 0.000000 -0.052476 -0.361177
v -0.113515 -0.036135 -0.321439
v 0.000000 -0.052476 -0.361177
v -0.117742 -0.052788 -0.351214
v -0.117742 -0.052788 -0.351214
v 0.000000 -0.052476 -0.361177
v 0.000000 -0.070159 -0.371290
v -0.117742 -0.052788 -0.351214
v 0.000000 -0.070159 -0.371290
v -0.119855 -0.070159 -0.361177
v -0.230616 -0.053412 -0.321439
v -0.117742 -0.052788 -0.351214
v -0.119855 -0.070159 -0.361177
v -0.230616 -0.053412 -0.321439
v -0.119855 -0.070159 -0.361177
v -0.234748 -0.070159 -0.330930
v -0.403115 -0.039621 -0.183734
v -0.319853 -0.038865 -0.247875
v -0.333753 -0.054035 -0.271965
v -0.403115 -0.039621 -0.183734
v -0.333753 -0.054035 -0.271965
v -0.422286 -0.054347 -0.202904
v -0.319853 -0.038865 -0.247875
v -0.221857 -0.037427 -0.293557
v -0.230616 -0.053412 -0.321439
v -0.319853 -0.038865 -0.247875
v -0.230616 -0.053412 -0.321439
v -0.333753 -0.054035 -0.271965
v -0.333753 -0.054035 -0.271965
v -0.230616 -0.053412 -0.321439
v -0.234748 -0.070159 -0.330930
v -0.333753 -0.054035 -0.271965
v -0.234748 -0.070159 -0.330930
v -0.339716 -0.070159 -0.280644
v -0.422286 -0.054347 -0.202904
v -0.333753 -0.054035 -0.271965
v -0.339716 -0.070159 -0.280644
v -0.422286 -0.054347 -0.202904
v -0.339716 -0.070159 -0.280644
v -0.429796 -0.070159 -0.210414
v -0.000000 -0.013206 -0.210414
v 0.107175 -0.014314 -0.202904
v 0.109289 -0.020919 -0.271965
v -0.000000 -0.013206 -0.210414
v 0.109289 -0.020919 -0.271965
v 0.000000 -0.020039 -0.280644
v 0.107175 -0.014314 -0.202904
v 0.206992 -0.016335 -0.183734
v 0.212112 -0.022970 -0.247875
v 0.107175 -0.014314 -0.202904
v 0.212112 -0.022970 -0.247875
v 0.109289 -0.020919 -0.271965
v 0.109289 -0.020919 -0.271965
v 0.212112 -0.022970 -0.247875
v 0.221857 -0.037427 -0.293557
v 0.109289 -0.020919 -0.271965
v 0.221857 -0.037427 -0.293557
v 0.113515 -0.036135 -0.321439
v 0.000000 -0.020039 -0.280644
v 0.109289 -0.020919 -0.271965
v 0.113515 -0.036135 -0.321439
v 0.000000 -0.020039 -0.280644
v 0.113515 -0.036135 -0.321439
v 0.000000 -0.035526 -0.330930
v 0.206992 -0.016335 -0.183734
v 0.292091 -0.017967 -0.156260
v 0.302003 -0.025603 -0.210326
v 0.206992 -0.016335 -0.183734
v 0.302003 -0.025603 -0.210326
v 0.212112 -0.022970 -0.247875
v 0.292091 -0.017967 -0.156260
v 0.348865 -0.020124 -0.129483
v 0.375642 -0.027066 -0.156260
v 0.292091 -0.017967 -0.156260
v 0.375642 -0.027066 -0.156260
v 0.302003 -0.025603 -0.210326
v 0.302003 -0.025603 -0.210326
v 0.375642 -0.027066 -0.156260
v 0.403115 -0.039621 -0.183734
v 0.302003 -0.025603 -0.210326
v 0.403115 -0.039621 -0.183734
v 0.319853 -0.038865 -0.247875
v 0.212112 -0.022970 -0.247875
v 0.302003 -0.025603 -0.210326
v 0.319853 -0.038865 -0.247875
v 0.212112 -0.022970 -0.247875
v 0.319853 -0.038865 -0.247875
v 0.221857 -0.037427 -0.293557
v 0.221857 -0.037427 -0.293557
v 0.319853 -0.038865 -0.247875
v 0.333753 -0.054035 -0.271965
v 0.221857 -0.037427 -0.293557
v 0.333753 -0.054035 -0.271965
v 0.230616 -0.053412 -0.321439
v 0.319853 -0.038865 -0.247875
v 0.403115 -0.039621 -0.183734
v 0.422286 -0.054347 -0.202904
v 0.319853 -0.038865 -0.247875
v 0.422286 -0.054347 -0.202904
v 0.333753 -0.054035 -0.271965
v 0.333753 -0.054035 -0.271965
v 0.422286 -0.054347 -0.202904
v 0.429796 -0.070159 -0.210414
v 0.333753 -0.054035 -0.271965
v 0.429796 -0.070159 -0.210414
v 0.339716 -0.070159 -0.280644
v 0.230616 -0.053412 -0.321439
v 0.333753 -0.054035 -0.271965
v 0.339716 -0.070159 -0.280644
v 0.230616 -0.053412 -0.321439
v 0.339716 -0.070159 -0.280644
v 0.234748 -0.070159 -0.330930
v 0.000000 -0.035526 -0.330930
v 0.113515 -0.036135 -0.321439
v 0.117742 -0.052788 -0.351214
v 0.000000 -0.035526 -0.330930
v 0.117742 -0.052788 -0.351214
v 0.000000 -0.052476 -0.361177
v 0.113515 -0.036135 -0.321439
v 0.221857 -0.037427 -0.293557
v 0.230616 -0.053412 -0.321439
v 0.113515 -0.036135 -0.321439
v 0.230616 -0.053412 -0.321439
v 0.117742 -0.052788 -0.351214
v 0.117742 -0.052788 -0.351214
v 0.230616 -0.053412 -0.321439
v 0.234748 -0.070159 -0.330930
v 0.117742 -0.052788 -0.351214
v 0.234748 -0.070159 -0.330930
v 0.119855 -0.070159 -0.361177
v 0.000000 -0.052476 -0.361177
v 0.117742 -0.052788 -0.351214
v 0.119855 -0.070159 -0.361177
v 0.000000 -0.052476 -0.361177
v 0.119855 -0.070159 -0.361177
v 0.000000 -0.070159 -0.371290
v 0.000000 -0.070159 -0.371290
v 0.119855 -0.070159 -0.361177
v 0.117742 -0.087530 -0.351214
v 0.000000 -0.070159 -0.371290
v 0.117742 -0.087530 -0.351214
v 0.000000 -0.087842 -0.361177
v 0.119855 -0.070159 -0.361177
v 0.234748 -0.070159 -0.330930
v 0.230616 -0.086907 -0.321439
v 0.119855 -0.070159 -0.361177
v 0.230616 -0.086907 -0.321439
v 0.117742 -0.087530 -0.351214
v 0.117742 -0.087530 -0.351214
v 0.230616 -0.086907 -0.321439
v 0.221857 -0.102891 -0.293557
v 0.117742 -0.087530 -0.351214
v 0.221857 -0.102891 -0.293557
v 0.113515 -0.104183 -0.321439
v 0.000000 -0.087842 -0.361177
v 0.117742 -0.087530 -0.351214
v 0.113515 -0.104183 -0.321439
v 0.000000 -0.087842 -0.361177
v 0.113515 -0.104183 -0.321439
v -0.000000 -0.104793 -0.330930
v 0.234748 -0.070159 -0.330930
v 0.339716 -0.070159 -0.280644
v 0.333753 -0.086283 -0.271965
v 0.234748 -0.070159 -0.330930
v 0.333753 -0.086283 -0.271965
v 0.230616 -0.086907 -0.321439
v 0.339716 -0.070159 -0.280644
v 0.429796 -0.070159 -0.210414
v 0.422286 -0.085971 -0.202904
v 0.339716 -0.070159 -0.280644
v 0.422286 -0.085971 -0.202904
v 0.333753 -0.086283 -0.271965
v 0.333753 -0.086283 -0.271965
v 0.422286 -0.085971 -0.202904
v 0.403115 -0.100698 -0.183734
v 0.333753 -0.086283 -0.271965
v 0.403115 -0.100698 -0.183734
v 0.319853 -0.101453 -0.247875
v 0.230616 -0.086907 -0.321439
v 0.333753 -0.086283 -0.271965
v 0.319853 -0.101453 -0.247875
v 0.230616 -0.086907 -0.321439
v 0.319853 -0.101453 -0.247875
v 0.221857 -0.102891 -0.293557
v 0.221857 -0.102891 -0.293557
v 0.319853 -0.101453 -0.247875
v 0.302003 -0.114715 -0.210326
v 0.221857 -0.102891 -0.293557
v 0.302003 -0.114715 -0.210326
v 0.212112 -0.117349 -0.247875
v 0.319853 -0.101453 -0.247875
v 0.403115 -0.100698 -0.183734
v 0.375642 -0.113253 -0.156260
v 0.319853 -0.101453 -0.247875
v 0.375642 -0.113253 -0.156260
v 0.302003 -0.114715 -0.210326
v 0.302003 -0.114715 -0.210326
v 0.375642 -0.113253 -0.156260
v 0.348865 -0.121629 -0.129483
v 0.302003 -0.114715 -0.210326
v 0.348865 -0.121629 -0.129483
v 0.292091 -0.125579 -0.156260
v 0.212112 -0.117349 -0.247875
v 0.302003 -0.114715 -0.210326
v 0.292091 -0.125579 -0.156260
v 0.212112 -0.117349 -0.247875
v 0.292091 -0.125579 -0.156260
v 0.206992 -0.129633 -0.183734
v -0.000000 -0.104793 -0.330930
v 0.113515 -0.104183 -0.321439
v 0.109289 -0.119399 -0.271965
v -0.000000 -0.104793 -0.330930
v 0.109289 -0.119399 -0.271965
v -0.000000 -0.120279 -0.280644
v 0.113515 -0.104183 -0.321439
v 0.221857 -0.102891 -0.293557
v 0.212112 -0.117349 -0.247875
v 0.113515 -0.104183 -0.321439
v 0.212112 -0.117349 -0.247875
v 0.109289 -0.119399 -0.271965
v 0.109289 -0.119399 -0.271965
v 0.212112 -0.117349 -0.247875
v 0.206992 -0.129633 -0.183734
v 0.109289 -0.119399 -0.271965
v 0.206992 -0.129633 -0.183734
v 0.107175 -0.132461 -0.202904
v -0.000000 -0.120279 -0.280644
v 0.109289 -0.119399 -0.271965
v 0.107175 -0.132461 -0.202904
v -0.000000 -0.120279 -0.280644
v 0.107175 -0.132461 -0.202904
v -0.000000 -0.133569 -0.210414
v -0.429796 -0.070159 -0.210414
v -0.339716 -0.070159 -0.280644
v -0.333753 -0.086283 -0.271965
v -0.429796 -0.070159 -0.210414
v -0.333753 -0.086283 -0.271965
v -0.422286 -0.085971 -0.202904
v -0.339716 -0.070159 -0.280644
v -0.234748 -0.070159 -0.330930
v -0.230616 -0.086907 -0.321439
v -0.339716 -0.070159 -0.280644
v -0.230616 -0.086907 -0.321439
v -0.333753 -0.086283 -0.271965
v -0.333753 -0.086283 -0.271965
v -0.230616 -0.086907 -0.321439
v -0.221857 -0.102891 -0.293557
v -0.333753 -0.086283 -0.271965
v -0.221857 -0.102891 -0.293557
v -0.319853 -0.101453 -0.247875
v -0.422286 -0.085971 -0.202904
v -0.333753 -0.086283 -0.271965
v -0.319853 -0.101453 -0.247875
v -0.422286 -0.085971 -0.202904
v -0.319853 -0.101453 -0.247875
v -0.403115 -0.100698 -0.183733
v -0.234748 -0.070159 -0.330930
v -0.119855 -0.070159 -0.361177
v -0.117742 -0.087530 -0.351214
v -0.234748 -0.070159 -0.330930
v -0.117742 -0.087530 -0.351214
v -0.230616 -0.086907 -0.321439
v -0.119855 -0.070159 -0.361177
v 0.000000 -0.070159 -0.371290
v 0.000000 -0.087842 -0.361177
v -0.119855 -0.070159 -0.361177
v 0.000000 -0.087842 -0.361177
v -0.117742 -0.087530 -0.351214
v -0.117742 -0.087530 -0.351214
v 0.000000 -0.087842 -0.361177
v -0.000000 -0.104793 -0.330930
v -0.117742 -0.087530 -0.351214
v -0.000000 -0.104793 -0.330930
v -0.113515 -0.104183 -0.321439
v -0.230616 -0.086907 -0.321439
v -0.117742 -0.087530 -0.351214
v -0.113515 -0.104183 -0.321439
v -0.230616 -0.086907 -0.321439
v -0.113515 -0.104183 -0.321439
v -0.221857 -0.102891 -0.293557
v -0.221857 -0.102891 -0.293557
v -0.113515 -0.104183 -0.321439
v -0.109289 -0.119399 -0.271965
v -0.221857 -0.102891 -0.293557
v -0.109289 -0.119399 -0.271965
v -0.212112 -0.117349 -0.247875
v -0.113515 -0.104183 -0.321439
v -0.000000 -0.104793 -0.330930
v -0.000000 -0.120279 -0.280644
v -0.113515 -0.104183 -0.321439
v -0.000000 -0.120279 -0.280644
v -0.109289 -0.119399 -0.271965
v -0.109289 -0.119399 -0.271965
v -0.000000 -0.120279 -0.280644
v -0.000000 -0.133569 -0.210414
v -0.109289 -0.119399 -0.271965
v -0.000000 -0.133569 -0.210414
v -0.107175 -0.132461 -0.202904
v -0.212112 -0.117349 -0.247875
v -0.109289 -0.119399 -0.271965
v -0.107175 -0.132461 -0.202904
v -0.212112 -0.117349 -0.247875
v -0.107175 -0.132461 -0.202904
v -0.206992 -0.129633 -0.183734
v -0.403115 -0.100698 -0.183733
v -0.319853 -0.101453 -0.247875
v -0.302003 -0.114715 -0.210326
v -0.403115 -0.100698 -0.183733
v -0.302003 -0.114715 -0.210326
v -0.375642 -0.113253 -0.156260
v -0.319853 -0.101453 -0.247875
v -0.221857 -0.102891 -0.293557
v -0.212112 -0.117349 -0.247875
v -0.319853 -0.101453 -0.247875
v -0.212112 -0.117349 -0.247875
v -0.302003 -0.114715 -0.210326
v -0.302003 -0.114715 -0.210326
v -0.212112 -0.117349 -0.247875
v -0.206992 -0.129633 -0.183734
v -0.302003 -0.114715 -0.210326
v -0.206992 -0.129633 -0.183734
v -0.292091 -0.125579 -0.156260
v -0.375642 -0.113253 -0.156260
v -0.302003 -0.114715 -0.210326
v -0.292091 -0.125579 -0.156260
v -0.375642 -0.113253 -0.156260
v -0.292091 -0.125579 -0.156260
v -0.348865 -0.121629 -0.129483
v -0.348865 -0.121629 -0.129483
v -0.292091 -0.125579 -0.156260
v -0.302003 -0.133556 -0.082621
v -0.348865 -0.121629 -0.129483
v -0.302003 -0.133556 -0.082621
v -0.375642 -0.125579 -0.072709
v -0.292091 -0.125579 -0.156260
v -0.206992 -0.129633 -0.183734
v -0.212112 -0.139096 -0.100471
v -0.292091 -0.125579 -0.156260
v -0.212112 -0.139096 -0.100471
v -0.302003 -0.133556 -0.082621
v -0.302003 -0.133556 -0.082621
v -0.212112 -0.139096 -0.100471
v -0.221857 -0.145835 -0.002476
v -0.302003 -0.133556 -0.082621
v -0.221857 -0.145835 -0.002476
v -0.319853 -0.139096 0.007270
v -0.375642 -0.125579 -0.072709
v -0.302003 -0.133556 -0.082621
v -0.319853 -0.139096 0.007270
v -0.375642 -0.125579 -0.072709
v -0.319853 -0.139096 0.007270
v -0.403115 -0.129633 0.012390
v -0.206992 -0.129633 -0.183734
v -0.107175 -0.132461 -0.202904
v -0.109289 -0.142650 -0.114371
v -0.206992 -0.129633 -0.183734
v -0.109289 -0.142650 -0.114371
v -0.212112 -0.139096 -0.100471
v -0.107175 -0.132461 -0.202904
v -0.000000 -0.133569 -0.210414
v 0.000000 -0.143930 -0.120334
v -0.107175 -0.132461 -0.202904
v 0.000000 -0.143930 -0.120334
v -0.109289 -0.142650 -0.114371
v -0.109289 -0.142650 -0.114371
v 0.000000 -0.143930 -0.120334
v 0.000000 -0.151349 -0.015366
v -0.109289 -0.142650 -0.114371
v 0.000000 -0.151349 -0.015366
v -0.113515 -0.149949 -0.011234
v -0.212112 -0.139096 -0.100471
v -0.109289 -0.142650 -0.114371
v -0.113515 -0.149949 -0.011234
v -0.212112 -0.139096 -0.100471
v -0.113515 -0.149949 -0.011234
v -0.221857 -0.145835 -0.002476
v -0.221857 -0.145835 -0.002476
v -0.113515 -0.149949 -0.011234
v -0.117742 -0.154342 0.101640
v -0.221857 -0.145835 -0.002476
v -0.117742 -0.154342 0.101640
v -0.230616 -0.149949 0.105866
v -0.113515 -0.149949 -0.011234
v 0.000000 -0.151349 -0.015366
v 0.000000 -0.155812 0.099526
v -0.113515 -0.149949 -0.011234
v 0.000000 -0.155812 0.099526
v -0.117742 -0.154342 0.101640
v -0.117742 -0.154342 0.101640
v 0.000000 -0.155812 0.099526
v 0.000000 -0.157304 0.219382
v -0.117742 -0.154342 0.101640
v 0.000000 -0.157304 0.219382
v -0.119855 -0.155812 0.219382
v -0.230616 -0.149949 0.105866
v -0.117742 -0.154342 0.101640
v -0.119855 -0.155812 0.219382
v -0.230616 -0.149949 0.105866
v -0.119855 -0.155812 0.219382
v -0.234748 -0.151349 0.219382
v -0.403115 -0.129633 0.012390
v -0.319853 -0.139096 0.007270
v -0.333753 -0.142650 0.110093
v -0.403115 -0.129633 0.012390
v -0.333753 -0.142650 0.110093
v -0.422286 -0.132461 0.112206
v -0.319853 -0.139096 0.007270
v -0.221857 -0.145835 -0.002476
v -0.230616 -0.149949 0.105866
v -0.319853 -0.139096 0.007270
v -0.230616 -0.149949 0.105866
v -0.333753 -0.142650 0.110093
v -0.333753 -0.142650 0.110093
v -0.230616 -0.149949 0.105866
v -0.234748 -0.151349 0.219382
v -0.333753 -0.142650 0.110093
v -0.234748 -0.151349 0.219382
v -0.339716 -0.143930 0.219382
v -0.422286 -0.132461 0.112206
v -0.333753 -0.142650 0.110093
v -0.339716 -0.143930 0.219382
v -0.422286 -0.132461 0.112206
v -0.339716 -0.143930 0.219382
v -0.429796 -0.133569 0.219382
v -0.000000 -0.133569 -0.210414
v 0.107175 -0.132461 -0.202904
v 0.109289 -0.142650 -0.114371
v -0.000000 -0.133569 -0.210414
v 0.109289 -0.142650 -0.114371
v 0.000000 -0.143930 -0.120334
v 0.107175 -0.132461 -0.202904
v 0.206992 -0.129633 -0.183734
v 0.212112 -0.139096 -0.100471
v 0.107175 -0.132461 -0.202904
v 0.212112 -0.139096 -0.100471
v 0.109289 -0.142650 -0.114371
v 0.109289 -0.142650 -0.114371
v 0.212112 -0.139096 -0.100471
v 0.221857 -0.145835 -0.002476
v 0.109289 -0.142650 -0.114371
v 0.221857 -0.145835 -0.002476
v 0.113515 -0.149949 -0.011234
v 0.000000 -0.143930 -0.120334
v 0.109289 -0.142650 -0.114371
v 0.113515 -0.149949 -0.011234
v 0.000000 -0.143930 -0.120334
v 0.113515 -0.149949 -0.011234
v 0.000000 -0.151349 -0.015366
v 0.206992 -0.129633 -0.183734
v 0.292091 -0.125579 -0.156260
v 0.302003 -0.133556 -0.082621
v 0.206992 -0.129633 -0.183734
v 0.302003 -0.133556 -0.082621
v 0.212112 -0.139096 -0.100471
v 0.292091 -0.125579 -0.156260
v 0.348865 -0.121629 -0.129483
v 0.375642 -0.125579 -0.072709
v 0.292091 -0.125579 -0.156260
v 0.375642 -0.125579 -0.072709
v 0.302003 -0.133556 -0.082621
v 0.302003 -0.133556 -0.082621
v 0.375642 -0.125579 -0.072709
v 0.403115 -0.129633 0.012390
v 0.302003 -0.133556 -0.082621
v 0.403115 -0.129633 0.012390
v 0.319853 -0.139096 0.007270
v 0.212112 -0.139096 -0.100471
v 0.302003 -0.133556 -0.082621
v 0.319853 -0.139096 0.007270
v 0.212112 -0.139096 -0.100471
v 0.319853 -0.139096 0.007270
v 0.221857 -0.145835 -0.002476
v 0.221857 -0.145835 -0.002476
v 0.319853 -0.139096 0.007270
v 0.333753 -0.142650 0.110093
v 0.221857 -0.145835 -0.002476
v 0.333753 -0.142650 0.110093
v 0.230616 -0.149949 0.105866
v 0.319853 -0.139096 0.007270
v 0.403115 -0.129633 0.012390
v 0.422286 -0.132461 0.112206
v 0.319853 -0.139096 0.007270
v 0.422286 -0.132461 0.112206
v 0.333753 -0.142650 0.110093
v 0.333753 -0.142650 0.110093
v 0.422286 -0.132461 0.112206
v 0.429796 -0.133569 0.219382
v 0.333753 -0.142650 0.110093
v 0.429796 -0.133569 0.219382
v 0.339716 -0.143930 0.219382
v 0.230616 -0.149949 0.105866
v 0.333753 -0.142650 0.110093
v 0.339716 -0.143930 0.219382
v 0.230616 -0.149949 0.105866
v 0.339716 -0.143930 0.219382
v 0.234748 -0.151349 0.219382
v 0.000000 -0.151349 -0.015366
v 0.113515 -0.149949 -0.011234
v 0.117742 -0.154342 0.101640
v 0.000000 -0.151349 -0.015366
v 0.117742 -0.154342 0.101640
v 0.000000 -0.155812 0.099526
v 0.113515 -0.149949 -0.011234
v 0.221857 -0.145835 -0.002476
v 0.230616 -0.149949 0.105866
v 0.113515 -0.149949 -0.011234
v 0.230616 -0.149949 0.105866
v 0.117742 -0.154342 0.101640
v 0.117742 -0.154342 0.101640
v 0.230616 -0.149949 0.105866
v 0.234748 -0.151349 0.219382
v 0.117742 -0.154342 0.101640
v 0.234748 -0.151349 0.219382
v 0.119855 -0.155812 0.219382
v 0.000000 -0.155812 0.099526
v 0.117742 -0.154342 0.101640
v 0.119855 -0.155812 0.219382
v 0.000000 -0.155812 0.099526
v 0.119855 -0.155812 0.219382
v 0.000000 -0.157304 0.219382
v 0.000000 -0.157304 0.219382
v 0.119855 -0.155812 0.219382
v 0.117742 -0.154342 0.337124
v 0.000000 -0.157304 0.219382
v 0.117742 -0.154342 0.337124
v 0.000000 -0.155812 0.339237
v 0.119855 -0.155812 0.219382
v 0.234748 -0.151349 0.219382
v 0.230616 -0.149949 0.332897
v 0.119855 -0.155812 0.219382
v 0.230616 -0.149949 0.332897
v 0.117742 -0.154342 0.337124
v 0.117742 -0.154342 0.337124
v 0.230616 -0.149949 0.332897
v 0.221857 -0.145835 0.441239
v 0.117742 -0.154342 0.337124
v 0.221857 -0.145835 0.441239
v 0.113515 -0.149949 0.449997
v 0.000000 -0.155812 0.339237
v 0.117742 -0.154342 0.337124
v 0.113515 -0.149949 0.449997
v 0.000000 -0.155812 0.339237
v 0.113515 -0.149949 0.449997
v -0.000000 -0.151349 0.454130
v 0.234748 -0.151349 0.219382
v 0.339716 -0.143930 0.219382
v 0.333753 -0.142650 0.328670
v 0.234748 -0.151349 0.219382
v 0.333753 -0.142650 0.328670
v 0.230616 -0.149949 0.332897
v 0.339716 -0.143930 0.219382
v 0.429796 -0.133569 0.219382
v 0.422286 -0.132461 0.326557
v 0.339716 -0.143930 0.219382
v 0.422286 -0.132461 0.326557
v 0.333753 -0.142650 0.328670
v 0.333753 -0.142650 0.328670
v 0.422286 -0.132461 0.326557
v 0.403115 -0.129633 0.426374
v 0.333753 -0.142650 0.328670
v 0.403115 -0.129633 0.426374
v 0.319853 -0.139096 0.431493
v 0.230616 -0.149949 0.332897
v 0.333753 -0.142650 0.328670
v 0.319853 -0.139096 0.431493
v 0.230616 -0.149949 0.332897
v 0.319853 -0.139096 0.431493
v 0.221857 -0.145835 0.441239
v 0.221857 -0.145835 0.441239
v 0.319853 -0.139096 0.431493
v 0.302003 -0.133556 0.521385
v 0.221857 -0.145835 0.441239
v 0.302003 -0.133556 0.521385
v 0.212112 -0.139096 0.539235
v 0.319853 -0.139096 0.431493
v 0.403115 -0.129633 0.426374
v 0.375642 -0.125579 0.511472
v 0.319853 -0.139096 0.431493
v 0.375642 -0.125579 0.511472
v 0.302003 -0.133556 0.521385
v 0.302003 -0.133556 0.521385
v 0.375642 -0.125579 0.511472
v 0.348865 -0.121629 0.568247
v 0.302003 -0.133556 0.521385
v 0.348865 -0.121629 0.568247
v 0.292091 -0.125579 0.595024
v 0.212112 -0.139096 0.539235
v 0.302003 -0.133556 0.521385
v 0.292091 -0.125579 0.595024
v 0.212112 -0.139096 0.539235
v 0.292091 -0.125579 0.595024
v 0.206992 -0.129633 0.622497
v -0.000000 -0.151349 0.454130
v 0.113515 -0.149949 0.449997
v 0.109289 -0.142650 0.553135
v -0.000000 -0.151349 0.454130
v 0.109289 -0.142650 0.553135
v -0.000000 -0.143930 0.559097
v 0.113515 -0.149949 0.449997
v 0.221857 -0.145835 0.441239
v 0.212112 -0.139096 0.539235
v 0.113515 -0.149949 0.449997
v 0.212112 -0.139096 0.539235
v 0.109289 -0.142650 0.553135
v 0.109289 -0.142650 0.553135
v 0.212112 -0.139096 0.539235
v 0.206992 -0.129633 0.622497
v 0.109289 -0.142650 0.553135
v 0.206992 -0.129633 0.622497
v 0.107175 -0.132461 0.641668
v -0.000000 -0.143930 0.559097
v 0.109289 -0.142650 0.553135
v 0.107175 -0.132461 0.641668
v -0.000000 -0.143930 0.559097
v 0.107175 -0.132461 0.641668
v 0.000000 -0.133569 0.649178
v -0.429796 -0.133569 0.219382
v -0.339716 -0.143930 0.219382
v -0.333753 -0.142650 0.328670
v -0.429796 -0.133569 0.219382
v -0.333753 -0.142650 0.328670
v -0.422286 -0.132461 0.326557
v -0.339716 -0.143930 0.219382
v -0.234748 -0.151349 0.219382
v -0.230616 -0.149949 0.332897
v -0.339716 -0.143930 0.219382
v -0.230616 -0.149949 0.332897
v -0.333753 -0.142650 0.328670
v -0.333753 -0.142650 0.328670
v -0.230616 -0.149949 0.332897
v -0.221857 -0.145835 0.441239
v -0.333753 -0.142650 0.328670
v -0.221857 -0.145835 0.441239
v -0.319853 -0.139096 0.431493
v -0.422286 -0.132461 0.326557
v -0.333753 -0.142650 0.328670
v -0.319853 -0.139096 0.431493
v -0.422286 -0.132461 0.326557
v -0.319853 -0.139096 0.431493
v -0.403115 -0.129633 0.426374
v -0.234748 -0.151349 0.219382
v -0.119855 -0.155812 0.219382
v -0.117742 -0.154342 0.337124
v -0.234748 -0.151349 0.219382
v -0.117742 -0.154342 0.337124
v -0.230616 -0.149949 0.332897
v -0.119855 -0.155812 0.219382
v 0.000000 -0.157304 0.219382
v 0.000000 -0.155812 0.339237
v -0.119855 -0.155812 0.219382
v 0.000000 -0.155812 0.339237
v -0.117742 -0.154342 0.337124
v -0.117742 -0.154342 0.337124
v 0.000000 -0.155812 0.339237
v -0.000000 -0.151349 0.454130
v -0.117742 -0.154342 0.337124
v -0.000000 -0.151349 0.454130
v -0.113515 -0.149949 0.449997
v -0.230616 -0.149949 0.332897
v -0.117742 -0.154342 0.337124
v -0.113515 -0.149949 0.449997
v -0.230616 -0.149949 0.332897
v -0.113515 -0.149949 0.449997
v -0.221857 -0.145835 0.441239
v -0.221857 -0.145835 0.441239
v -0.113515 -0.149949 0.449997
v -0.109289 -0.142650 0.553135
v -0.221857 -0.145835 0.441239
v -0.109289 -0.142650 0.553135
v -0.212112 -0.139096 0.539235
v -0.113515 -0.149949 0.449997
v -0.000000 -0.151349 0.454130
v -0.000000 -0.143930 0.559097
v -0.113515 -0.149949 0.449997
v -0.000000 -0.143930 0.559097
v -0.109289 -0.142650 0.553135
v -0.109289 -0.142650 0.553135
v -0.000000 -0.143930 0.559097
v 0.000000 -0.133569 0.649178
v -0.109289 -0.142650 0.553135
v 0.000000 -0.133569 0.649178
v -0.107175 -0.132461 0.641668
v -0.212112 -0.139096 0.539235
v -0.109289 -0.142650 0.553135
v -0.107175 -0.132461 0.641668
v -0.212112 -0.139096 0.539235
v -0.107175 -0.132461 0.641668
v -0.206992 -0.129633 0.622497
v -0.403115 -0.129633 0.426374
v -0.319853 -0.139096 0.431493
v -0.302003 -0.133556 0.521385
v -0.403115 -0.129633 0.426374
v -0.302003 -0.133556 0.521385
v -0.375642 -0.125579 0.511472
v -0.319853 -0.139096 0.431493
v -0.221857 -0.145835 0.441239
v -0.212112 -0.139096 0.539235
v -0.319853 -0.139096 0.431493
v -0.212112 -0.139096 0.539235
v -0.302003 -0.133556 0.521385
v -0.302003 -0.133556 0.521385
v -0.212112 -0.139096 0.539235
v -0.206992 -0.129633 0.622497
v -0.302003 -0.133556 0.521385
v -0.206992 -0.129633 0.622497
v -0.292091 -0.125579 0.595024
v -0.375642 -0.125579 0.511472
v -0.302003 -0.133556 0.521385
v -0.292091 -0.125579 0.595024
v -0.375642 -0.125579 0.511472
v -0.292091 -0.125579 0.595024
v -0.348865 -0.121629 0.568247
v 0.348865 -0.121629 0.568247
v 0.375642 -0.125579 0.511472
v 0.429708 -0.114715 0.521385
v 0.348865 -0.121629 0.568247
v 0.429708 -0.114715 0.521385
v 0.375642 -0.113253 0.595024
v 0.375642 -0.125579 0.511472
v 0.403115 -0.129633 0.426374
v 0.467257 -0.117349 0.431493
v 0.375642 -0.125579 0.511472
v 0.467257 -0.117349 0.431493
v 0.429708 -0.114715 0.521385
v 0.429708 -0.114715 0.521385
v 0.467257 -0.117349 0.431493
v 0.512939 -0.102891 0.441239
v 0.429708 -0.114715 0.521385
v 0.512939 -0.102891 0.441239
v 0.467257 -0.101453 0.539235
v 0.375642 -0.113253 0.595024
v 0.429708 -0.114715 0.521385
v 0.467257 -0.101453 0.539235
v 0.375642 -0.113253 0.595024
v 0.467257 -0.101453 0.539235
v 0.403115 -0.100698 0.622497
v 0.403115 -0.129633 0.426374
v 0.422286 -0.132461 0.326557
v 0.491346 -0.119399 0.328670
v 0.403115 -0.129633 0.426374
v 0.491346 -0.119399 0.328670
v 0.467257 -0.117349 0.431493
v 0.422286 -0.132461 0.326557
v 0.429796 -0.133569 0.219382
v 0.500026 -0.120279 0.219382
v 0.422286 -0.132461 0.326557
v 0.500026 -0.120279 0.219382
v 0.491346 -0.119399 0.328670
v 0.491346 -0.119399 0.328670
v 0.500026 -0.120279 0.219382
v 0.550312 -0.104793 0.219382
v 0.491346 -0.119399 0.328670
v 0.550312 -0.104793 0.219382
v 0.540820 -0.104183 0.332897
v 0.467257 -0.117349 0.431493
v 0.491346 -0.119399 0.328670
v 0.540820 -0.104183 0.332897
v 0.467257 -0.117349 0.431493
v 0.540820 -0.104183 0.332897
v 0.512939 -0.102891 0.441239
v 0.512939 -0.102891 0.441239
v 0.540820 -0.104183 0.332897
v 0.570596 -0.087530 0.337124
v 0.512939 -0.102891 0.441239
v 0.570596 -0.087530 0.337124
v 0.540820 -0.086907 0.449997
v 0.540820 -0.104183 0.332897
v 0.550312 -0.104793 0.219382
v 0.580558 -0.087842 0.219382
v 0.540820 -0.104183 0.332897
v 0.580558 -0.087842 0.219382
v 0.570596 -0.087530 0.337124
v 0.570596 -0.087530 0.337124
v 0.580558 -0.087842 0.219382
v 0.590672 -0.070159 0.219382
v 0.570596 -0.087530 0.337124
v 0.590672 -0.070159 0.219382
v 0.580558 -0.070159 0.339237
v 0.540820 -0.086907 0.449997
v 0.570596 -0.087530 0.337124
v 0.580558 -0.070159 0.339237
v 0.540820 -0.086907 0.449997
v 0.580558 -0.070159 0.339237
v 0.550312 -0.070159 0.454130
v 0.403115 -0.100698 0.622497
v 0.467257 -0.101453 0.539235
v 0.491346 -0.086283 0.553135
v 0.403115 -0.100698 0.622497
v 0.491346 -0.086283 0.553135
v 0.422286 -0.085971 0.641668
v 0.467257 -0.101453 0.539235
v 0.512939 -0.102891 0.441239
v 0.540820 -0.086907 0.449997
v 0.467257 -0.101453 0.539235
v 0.540820 -0.086907 0.449997
v 0.491346 -0.086283 0.553135
v 0.491346 -0.086283 0.553135
v 0.540820 -0.086907 0.449997
v 0.550312 -0.070159 0.454130
v 0.491346 -0.086283 0.553135
v 0.550312 -0.070159 0.454130
v 0.500026 -0.070159 0.559097
v 0.422286 -0.085971 0.641668
v 0.491346 -0.086283 0.553135
v 0.500026 -0.070159 0.559097
v 0.422286 -0.085971 0.641668
v 0.500026 -0.070159 0.559097
v 0.429796 -0.070159 0.649178
v 0.429796 -0.133569 0.219382
v 0.422286 -0.132461 0.112206
v 0.491346 -0.119399 0.110093
v 0.429796 -0.133569 0.219382
v 0.491346 -0.119399 0.110093
v 0.500026 -0.120279 0.219382
v 0.422286 -0.132461 0.112206
v 0.403115 -0.129633 0.012390
v 0.467257 -0.117349 0.007270
v 0.422286 -0.132461 0.112206
v 0.467257 -0.117349 0.007270
v 0.491346 -0.119399 0.110093
v 0.491346 -0.119399 0.110093
v 0.467257 -0.117349 0.007270
v 0.512939 -0.102891 -0.002476
v 0.491346 -0.119399 0.110093
v 0.512939 -0.102891 -0.002476
v 0.540820 -0.104183 0.105866
v 0.500026 -0.120279 0.219382
v 0.491346 -0.119399 0.110093
v 0.540820 -0.104183 0.105866
v 0.500026 -0.120279 0.219382
v 0.540820 -0.104183 0.105866
v 0.550312 -0.104793 0.219382
v 0.403115 -0.129633 0.012390
v 0.375642 -0.125579 -0.072709
v 0.429708 -0.114715 -0.082621
v 0.403115 -0.129633 0.012390
v 0.429708 -0.114715 -0.082621
v 0.467257 -0.117349 0.007270
v 0.375642 -0.125579 -0.072709
v 0.348865 -0.121629 -0.129483
v 0.375642 -0.113253 -0.156260
v 0.375642 -0.125579 -0.072709
v 0.375642 -0.113253 -0.156260
v 0.429708 -0.114715 -0.082621
v 0.429708 -0.114715 -0.082621
v 0.375642 -0.113253 -0.156260
v 0.403115 -0.100698 -0.183734
v 0.429708 -0.114715 -0.082621
v 0.403115 -0.100698 -0.183734
v 0.467257 -0.101453 -0.100471
v 0.467257 -0.117349 0.007270
v 0.429708 -0.114715 -0.082621
v 0.467257 -0.101453 -0.100471
v 0.467257 -0.117349 0.007270
v 0.467257 -0.101453 -0.100471
v 0.512939 -0.102891 -0.002476
v 0.512939 -0.102891 -0.002476
v 0.467257 -0.101453 -0.100471
v 0.491346 -0.086283 -0.114371
v 0.512939 -0.102891 -0.002476
v 0.491346 -0.086283 -0.114371
v 0.540820 -0.086907 -0.011234
v 0.467257 -0.101453 -0.100471
v 0.403115 -0.100698 -0.183734
v 0.422286 -0.085971 -0.202904
v 0.467257 -0.101453 -0.100471
v 0.422286 -0.085971 -0.202904
v 0.491346 -0.086283 -0.114371
v 0.491346 -0.086283 -0.114371
v 0.422286 -0.085971 -0.202904
v 0.429796 -0.070159 -0.210414
v 0.491346 -0.086283 -0.114371
v 0.429796 -0.070159 -0.210414
v 0.500026 -0.070159 -0.120334
v 0.540820 -0.086907 -0.011234
v 0.491346 -0.086283 -0.114371
v 0.500026 -0.070159 -0.120334
v 0.540820 -0.086907 -0.011234
v 0.500026 -0.070159 -0.120334
v 0.550312 -0.070159 -0.015366
v 0.550312 -0.104793 0.219382
v 0.540820 -0.104183 0.105866
v 0.570596 -0.087530 0.101640
v 0.550312 -0.104793 0.219382
v 0.570596 -0.087530 0.101640
v 0.580558 -0.087842 0.219382
v 0.540820 -0.104183 0.105866
v 0.512939 -0.102891 -0.002476
v 0.540820 -0.086907 -0.011234
v 0.540820 -0.104183 0.105866
v 0.540820 -0.086907 -0.011234
v 0.570596 -0.087530 0.101640
v 0.570596 -0.087530 0.101640
v 0.540820 -0.086907 -0.011234
v 0.550312 -0.070159 -0.015366
v 0.570596 -0.087530 0.101640
v 0.550312 -0.070159 -0.015366
v 0.580558 -0.070159 0.099526
v 0.580558 -0.087842 0.219382
v 0.570596 -0.087530 0.101640
v 0.580558 -0.070159 0.099526
v 0.580558 -0.087842 0.219382
v 0.580558 -0.070159 0.099526
v 0.590672 -0.070159 0.219382
v 0.590672 -0.070159 0.219382
v 0.580558 -0.070159 0.099526
v 0.570596 -0.052788 0.101640
v 0.590672 -0.070159 0.219382
v 0.570596 -0.052788 0.101640
v 0.580558 -0.052476 0.219382
v 0.580558 -0.070159 0.099526
v 0.550312 -0.070159 -0.015366
v 0.540820 -0.053412 -0.011234
v 0.580558 -0.070159 0.099526
v 0.540820 -0.053412 -0.011234
v 0.570596 -0.052788 0.101640
v 0.570596 -0.052788 0.101640
v 0.540820 -0.053412 -0.011234
v 0.512939 -0.037428 -0.002476
v 0.570596 -0.052788 0.101640
v 0.512939 -0.037428 -0.002476
v 0.540820 -0.036135 0.105866
v 0.580558 -0.052476 0.219382
v 0.570596 -0.052788 0.101640
v 0.540820 -0.036135 0.105866
v 0.580558 -0.052476 0.219382
v 0.540820 -0.036135 0.105866
v 0.550312 -0.035526 0.219382
v 0.550312 -0.070159 -0.015366
v 0.500026 -0.070159 -0.120334
v 0.491346 -0.054035 -0.114371
v 0.550312 -0.070159 -0.015366
v 0.491346 -0.054035 -0.114371
v 0.540820 -0.053412 -0.011234
v 0.500026 -0.070159 -0.120334
v 0.429796 -0.070159 -0.210414
v 0.422286 -0.054347 -0.202904
v 0.500026 -0.070159 -0.120334
v 0.422286 -0.054347 -0.202904
v 0.491346 -0.054035 -0.114371
v 0.491346 -0.054035 -0.114371
v 0.422286 -0.054347 -0.202904
v 0.403115 -0.039621 -0.183734
v 0.491346 -0.054035 -0.114371
v 0.403115 -0.039621 -0.183734
v 0.467257 -0.038865 -0.100471
v 0.540820 -0.053412 -0.011234
v 0.491346 -0.054035 -0.114371
v 0.467257 -0.038865 -0.100471
v 0.540820 -0.053412 -0.011234
v 0.467257 -0.038865 -0.100471
v 0.512939 -0.037428 -0.002476
v 0.512939 -0.037428 -0.002476
v 0.467257 -0.038865 -0.100471
v 0.429708 -0.025603 -0.082621
v 0.512939 -0.037428 -0.002476
v 0.429708 -0.025603 -0.082621
v 0.467257 -0.022970 0.007270
v 0.467257 -0.038865 -0.100471
v 0.403115 -0.039621 -0.183734
v 0.375642 -0.027066 -0.156260
v 0.467257 -0.038865 -0.100471
v 0.375642 -0.027066 -0.156260
v 0.429708 -0.025603 -0.082621
v 0.429708 -0.025603 -0.082621
v 0.375642 -0.027066 -0.156260
v 0.348865 -0.020124 -0.129483
v 0.429708 -0.025603 -0.082621
v 0.348865 -0.020124 -0.129483
v 0.375642 -0.017967 -0.072709
v 0.467257 -0.022970 0.007270
v 0.429708 -0.025603 -0.082621
v 0.375642 -0.017967 -0.072709
v 0.467257 -0.022970 0.007270
v 0.375642 -0.017967 -0.072709
v 0.403115 -0.016335 0.012390
v 0.550312 -0.035526 0.219382
v 0.540820 -0.036135 0.105866
v 0.491346 -0.020919 0.110093
v 0.550312 -0.035526 0.219382
v 0.491346 -0.020919 0.110093
v 0.500026 -0.020039 0.219382
v 0.540820 -0.036135 0.105866
v 0.512939 -0.037428 -0.002476
v 0.467257 -0.022970 0.007270
v 0.540820 -0.036135 0.105866
v 0.467257 -0.022970 0.007270
v 0.491346 -0.020919 0.110093
v 0.491346 -0.020919 0.110093
v 0.467257 -0.022970 0.007270
v 0.403115 -0.016335 0.012390
v 0.491346 -0.020919 0.110093
v 0.403115 -0.016335 0.012390
v 0.422286 -0.014314 0.112206
v 0.500026 -0.020039 0.219382
v 0.491346 -0.020919 0.110093
v 0.422286 -0.014314 0.112206
v 0.500026 -0.020039 0.219382
v 0.422286 -0.014314 0.112206
v 0.429796 -0.013206 0.219382
v 0.429796 -0.070159 0.649178
v 0.500026 -0.070159 0.559097
v 0.491346 -0.054035 0.553135
v 0.429796 -0.070159 0.649178
v 0.491346 -0.054035 0.553135
v 0.422286 -0.054347 0.641668
v 0.500026 -0.070159 0.559097
v 0.550312 -0.070159 0.454130
v 0.540820 -0.053412 0.449997
v 0.500026 -0.070159 0.559097
v 0.540820 -0.053412 0.449997
v 0.491346 -0.054035 0.553135
v 0.491346 -0.054035 0.553135
v 0.540820 -0.053412 0.449997
v 0.512939 -0.037428 0.441239
v 0.491346 -0.054035 0.553135
v 0.512939 -0.037428 0.441239
v 0.467257 -0.038865 0.539235
v 0.422286 -0.054347 0.641668
v 0.491346 -0.054035 0.553135
v 0.467257 -0.038865 0.539235
v 0.422286 -0.054347 0.641668
v 0.467257 -0.038865 0.539235
v 0.403115 -0.039621 0.622497
v 0.550312 -0.070159 0.454130
v 0.580558 -0.070159 0.339237
v 0.570596 -0.052788 0.337124
v 0.550312 -0.070159 0.454130
v 0.570596 -0.052788 0.337124
v 0.540820 -0.053412 0.449997
v 0.580558 -0.070159 0.339237
v 0.590672 -0.070159 0.219382
v 0.580558 -0.052476 0.219382
v 0.580558 -0.070159 0.339237
v 0.580558 -0.052476 0.219382
v 0.570596 -0.052788 0.337124
v 0.570596 -0.052788 0.337124
v 0.580558 -0.052476 0.219382
v 0.550312 -0.035526 0.219382
v 0.570596 -0.052788 0.337124
v 0.550312 -0.035526 0.219382
v 0.540820 -0.036135 0.332897
v 0.540820 -0.053412 0.449997
v 0.570596 -0.052788 0.337124
v 0.540820 -0.036135 0.332897
v 0.540820 -0.053412 0.449997
v 0.540820 -0.036135 0.332897
v 0.512939 -0.037428 0.441239
v 0.512939 -0.037428 0.441239
v 0.540820 -0.036135 0.332897
v 0.491346 -0.020919 0.328670
v 0.512939 -0.037428 0.441239
v 0.491346 -0.020919 0.328670
v 0.467257 -0.022970 0.431493
v 0.540820 -0.036135 0.332897
v 0.550312 -0.035526 0.219382
v 0.500026 -0.020039 0.219382
v 0.540820 -0.036135 0.332897
v 0.500026 -0.020039 0.219382
v 0.491346 -0.020919 0.328670
v 0.491346 -0.020919 0.328670
v 0.500026 -0.020039 0.219382
v 0.429796 -0.013206 0.219382
v 0.491346 -0.020919 0.328670
v 0.429796 -0.013206 0.219382
v 0.422286 -0.014314 0.326557
v 0.467257 -0.022970 0.431493
v 0.491346 -0.020919 0.328670
v 0.422286 -0.014314 0.326557
v 0.467257 -0.022970 0.431493
v 0.422286 -0.014314 0.326557
v 0.403115 -0.016335 0.426374
v 0.403115 -0.039621 0.622497
v 0.467257 -0.038865 0.539235
v 0.429708 -0.025603 0.521385
v 0.403115 -0.039621 0.622497
v 0.429708 -0.025603 0.521385
v 0.375642 -0.027066 0.595024
v 0.467257 -0.038865 0.539235
v 0.512939 -0.037428 0.441239
v 0.467257 -0.022970 0.431493
v 0.467257 -0.038865 0.539235
v 0.467257 -0.022970 0.431493
v 0.429708 -0.025603 0.521385
v 0.429708 -0.025603 0.521385
v 0.467257 -0.022970 0.431493
v 0.403115 -0.016335 0.426374
v 0.429708 -0.025603 0.521385
v 0.403115 -0.016335 0.426374
v 0.375642 -0.017967 0.511472
v 0.375642 -0.027066 0.595024
v 0.429708 -0.025603 0.521385
v 0.375642 -0.017967 0.511472
v 0.375642 -0.027066 0.595024
v 0.375642 -0.017967 0.511472
v 0.348865 -0.020124 0.568247
v -0.348865 -0.121629 -0.129483
v -0.375642 -0.125579 -0.072709
v -0.429708 -0.114715 -0.082621
v -0.348865 -0.121629 -0.129483
v -0.429708 -0.114715 -0.082621
v -0.375642 -0.113253 -0.156260
v -0.375642 -0.125579 -0.072709
v -0.403115 -0.129633 0.012390
v -0.467257 -0.117349 0.007270
v -0.375642 -0.125579 -0.072709
v -0.467257 -0.117349 0.007270
v -0.429708 -0.114715 -0.082621
v -0.429708 -0.114715 -0.082621
v -0.467257 -0.117349 0.007270
v -0.512939 -0.102891 -0.002476
v -0.429708 -0.114715 -0.082621
v -0.512939 -0.102891 -0.002476
v -0.467257 -0.101453 -0.100471
v -0.375642 -0.113253 -0.156260
v -0.429708 -0.114715 -0.082621
v -0.467257 -0.101453 -0.100471
v -0.375642 -0.113253 -0.156260
v -0.467257 -0.101453 -0.100471
v -0.403115 -0.100698 -0.183733
v -0.403115 -0.129633 0.012390
v -0.422286 -0.132461 0.112206
v -0.491346 -0.119399 0.110093
v -0.403115 -0.129633 0.012390
v -0.491346 -0.119399 0.110093
v -0.467257 -0.117349 0.007270
v -0.422286 -0.132461 0.112206
v -0.429796 -0.133569 0.219382
v -0.500026 -0.120279 0.219382
v -0.422286 -0.132461 0.112206
v -0.500026 -0.120279 0.219382
v -0.491346 -0.119399 0.110093
v -0.491346 -0.119399 0.110093
v -0.500026 -0.120279 0.219382
v -0.550312 -0.104793 0.219382
v -0.491346 -0.119399 0.110093
v -0.550312 -0.104793 0.219382
v -0.540820 -0.104183 0.105866
v -0.467257 -0.117349 0.007270
v -0.491346 -0.119399 0.110093
v -0.540820 -0.104183 0.105866
v -0.467257 -0.117349 0.007270
v -0.540820 -0.104183 0.105866
v -0.512939 -0.102891 -0.002476
v -0.512939 -0.102891 -0.002476
v -0.540820 -0.104183 0.105866
v -0.570596 -0.087530 0.101640
v -0.512939 -0.102891 -0.002476
v -0.570596 -0.087530 0.101640
v -0.540820 -0.086907 -0.011234
v -0.540820 -0.104183 0.105866
v -0.550312 -0.104793 0.219382
v -0.580558 -0.087842 0.219382
v -0.540820 -0.104183 0.105866
v -0.580558 -0.087842 0.219382
v -0.570596 -0.087530 0.101640
v -0.570596 -0.087530 0.101640
v -0.580558 -0.087842 0.219382
v -0.590672 -0.070159 0.219382
v -0.570596 -0.087530 0.101640
v -0.590672 -0.070159 0.219382
v -0.580558 -0.070159 0.099526
v -0.540820 -0.086907 -0.011234
v -0.570596 -0.087530 0.101640
v -0.580558 -0.070159 0.099526
v -0.540820 -0.086907 -0.011234
v -0.580558 -0.070159 0.099526
v -0.550312 -0.070159 -0.015366
v -0.403115 -0.100698 -0.183733
v -0.467257 -0.101453 -0.100471
v -0.491346 -0.086283 -0.114371
v -0.403115 -0.100698 -0.183733
v -0.491346 -0.086283 -0.114371
v -0.422286 -0.085971 -0.202904
v -0.467257 -0.101453 -0.100471
v -0.512939 -0.102891 -0.002476
v -0.540820 -0.086907 -0.011234
v -0.467257 -0.101453 -0.100471
v -0.540820 -0.086907 -0.011234
v -0.491346 -0.086283 -0.114371
v -0.491346 -0.086283 -0.114371
v -0.540820 -0.086907 -0.011234
v -0.550312 -0.070159 -0.015366
v -0.491346 -0.086283 -0.114371
v -0.550312 -0.070159 -0.015366
v -0.500026 -0.070159 -0.120334
v -0.422286 -0.085971 -0.202904
v -0.491346 -0.086283 -0.114371
v -0.500026 -0.070159 -0.120334
v -0.422286 -0.085971 -0.202904
v -0.500026 -0.070159 -0.120334
v -0.429796 -0.070159 -0.210414
v -0.429796 -0.133569 0.219382
v -0.422286 -0.132461 0.326557
v -0.491346 -0.119399 0.328670
v -0.429796 -0.133569 0.219382
v -0.491346 -0.119399 0.328670
v -0.500026 -0.120279 0.219382
v -0.422286 -0.132461 0.326557
v -0.403115 -0.129633 0.426374
v -0.467257 -0.117349 0.431493
v -0.422286 -0.132461 0.326557
v -0.467257 -0.117349 0.431493
v -0.491346 -0.119399 0.328670
v -0.491346 -0.119399 0.328670
v -0.467257 -0.117349 0.431493
v -0.512939 -0.102891 0.441239
v -0.491346 -0.119399 0.328670
v -0.512939 -0.102891 0.441239
v -0.540820 -0.104183 0.332897
v -0.500026 -0.120279 0.219382
v -0.491346 -0.119399 0.328670
v -0.540820 -0.104183 0.332897
v -0.500026 -0.120279 0.219382
v -0.540820 -0.104183 0.332897
v -0.550312 -0.104793 0.219382
v -0.403115 -0.129633 0.426374
v -0.375642 -0.125579 0.511472
v -0.429708 -0.114715 0.521385
v -0.403115 -0.129633 0.426374
v -0.429708 -0.114715 0.521385
v -0.467257 -0.117349 0.431493
v -0.375642 -0.125579 0.511472
v -0.348865 -0.121629 0.568247
v -0.375642 -0.113253 0.595024
v -0.375642 -0.125579 0.511472
v -0.375642 -0.113253 0.595024
v -0.429708 -0.114715 0.521385
v -0.429708 -0.114715 0.521385
v -0.375642 -0.113253 0.595024
v -0.403115 -0.100698 0.622497
v -0.429708 -0.114715 0.521385
v -0.403115 -0.100698 0.622497
v -0.467257 -0.101453 0.539235
v -0.467257 -0.117349 0.431493
v -0.429708 -0.114715 0.521385
v -0.467257 -0.101453 0.539235
v -0.467257 -0.117349 0.431493
v -0.467257 -0.101453 0.539235
v -0.512939 -0.102891 0.441239
v -0.512939 -0.102891 0.441239
v -0.467257 -0.101453 0.539235
v -0.491346 -0.086283 0.553135
v -0.512939 -0.102891 0.441239
v -0.491346 -0.086283 0.553135
v -0.540820 -0.086907 0.449997
v -0.467257 -0.101453 0.539235
v -0.403115 -0.100698 0.622497
v -0.422286 -0.085971 0.641668
v -0.467257 -0.101453 0.539235
v -0.422286 -0.085971 0.641668
v -0.491346 -0.086283 0.553135
v -0.491346 -0.086283 0.553135
v -0.422286 -0.085971 0.641668
v -0.429796 -0.070159 0.649178
v -0.491346 -0.086283 0.553135
v -0.429796 -0.070159 0.649178
v -0.500026 -0.070159 0.559097
v -0.540820 -0.086907 0.449997
v -0.491346 -0.086283 0.553135
v -0.500026 -0.070159 0.559097
v -0.540820 -0.086907 0.449997
v -0.500026 -0.070159 0.559097
v -0.550312 -0.070159 0.454130
v -0.550312 -0.104793 0.219382
v -0.540820 -0.104183 0.332897
v -0.570596 -0.087530 0.337124
v -0.550312 -0.104793 0.219382
v -0.570596 -0.087530 0.337124
v -0.580558 -0.087842 0.219382
v -0.540820 -0.104183 0.332897
v -0.512939 -0.102891 0.441239
v -0.540820 -0.086907 0.449997
v -0.540820 -0.104183 0.332897
v -0.540820 -0.086907 0.449997
v -0.570596 -0.087530 0.337124
v -0.570596 -0.087530 0.337124
v -0.540820 -0.086907 0.449997
v -0.550312 -0.070159 0.454130
v -0.570596 -0.087530 0.337124
v -0.550312 -0.070159 0.454130
v -0.580558 -0.070159 0.339237
v -0.580558 -0.087842 0.219382
v -0.570596 -0.087530 0.337124
v -0.580558 -0.070159 0.339237
v -0.580558 -0.087842 0.219382
v -0.580558 -0.070159 0.339237
v -0.590672 -0.070159 0.219382
v -0.590672 -0.070159 0.219382
v -0.580558 -0.070159 0.339237
v -0.570596 -0.052788 0.337124
v -0.590672 -0.070159 0.219382
v -0.570596 -0.052788 0.337124
v -0.580558 -0.052476 0.219382
v -0.580558 -0.070159 0.339237
v -0.550312 -0.070159 0.454130
v -0.540820 -0.053412 0.449997
v -0.580558 -0.070159 0.339237
v -0.540820 -0.053412 0.449997
v -0.570596 -0.052788 0.337124
v -0.570596 -0.052788 0.337124
v -0.540820 -0.053412 0.449997
v -0.512939 -0.037428 0.441239
v -0.570596 -0.052788 0.337124
v -0.512939 -0.037428 0.441239
v -0.540820 -0.036135 0.332897
v -0.580558 -0.052476 0.219382
v -0.570596 -0.052788 0.337124
v -0.540820 -0.036135 0.332897
v -0.580558 -0.052476 0.219382
v -0.540820 -0.036135 0.332897
v -0.550312 -0.035526 0.219382
v -0.550312 -0.070159 0.454130
v -0.500026 -0.070159 0.559097
v -0.491346 -0.054035 0.553135
v -0.550312 -0.070159 0.454130
v -0.491346 -0.054035 0.553135
v -0.540820 -0.053412 0.449997
v -0.500026 -0.070159 0.559097
v -0.429796 -0.070159 0.649178
v -0.422286 -0.054347 0.641668
v -0.500026 -0.070159 0.559097
v -0.422286 -0.054347 0.641668
v -0.491346 -0.054035 0.553135
v -0.491346 -0.054035 0.553135
v -0.422286 -0.054347 0.641668
v -0.403115 -0.039621 0.622497
v -0.491346 -0.054035 0.553135
v -0.403115 -0.039621 0.622497
v -0.467257 -0.038865 0.539235
v -0.540820 -0.053412 0.449997
v -0.491346 -0.054035 0.553135
v -0.467257 -0.038865 0.539235
v -0.540820 -0.053412 0.449997
v -0.467257 -0.038865 0.539235
v -0.512939 -0.037428 0.441239
v -0.512939 -0.037428 0.441239
v -0.467257 -0.038865 0.539235
v -0.429708 -0.025603 0.521385
v -0.512939 -0.037428 0.441239
v -0.429708 -0.025603 0.521385
v -0.467257 -0.022970 0.431493
v -0.467257 -0.038865 0.539235
v -0.403115 -0.039621 0.622497
v -0.375642 -0.027066 0.595024
v -0.467257 -0.038865 0.539235
v -0.375642 -0.027066 0.595024
v -0.429708 -0.025603 0.521385
v -0.429708 -0.025603 0.521385
v -0.375642 -0.027066 0.595024
v -0.348865 -0.020124 0.568247
v -0.429708 -0.025603 0.521385
v -0.348865 -0.020124 0.568247
v -0.375642 -0.017967 0.511472
v -0.467257 -0.022970 0.431493
v -0.429708 -0.025603 0.521385
v -0.375642 -0.017967 0.511472
v -0.467257 -0.022970 0.431493
v -0.375642 -0.017967 0.511472
v -0.403115 -0.016335 0.426374
v -0.550312 -0.035526 0.219382
v -0.540820 -0.036135 0.332897
v -0.491346 -0.020919 0.328670
v -0.550312 -0.035526 0.219382
v -0.491346 -0.020919 0.328670
v -0.500026 -0.020039 0.219382
v -0.540820 -0.036135 0.332897
v -0.512939 -0.037428 0.441239
v -0.467257 -0.022970 0.431493
v -0.540820 -0.036135 0.332897
v -0.467257 -0.022970 0.431493
v -0.491346 -0.020919 0.328670
v -0.491346 -0.020919 0.328670
v -0.467257 -0.022970 0.431493
v -0.403115 -0.016335 0.426374
v -0.491346 -0.020919 0.328670
v -0.403115 -0.016335 0.426374
v -0.422286 -0.014314 0.326557
v -0.500026 -0.020039 0.219382
v -0.491346 -0.020919 0.328670
v -0.422286 -0.014314 0.326557
v -0.500026 -0.020039 0.219382
v -0.422286 -0.014314 0.326557
v -0.429796 -0.013206 0.219382
v -0.429796 -0.070159 -0.210414
v -0.500026 -0.070159 -0.120334
v -0.491346 -0.054035 -0.114371
v -0.429796 -0.070159 -0.210414
v -0.491346 -0.054035 -0.114371
v -0.422286 -0.054347 -0.202904
v -0.500026 -0.070159 -0.120334
v -0.550312 -0.070159 -0.015366
v -0.540820 -0.053412 -0.011234
v -0.500026 -0.070159 -0.120334
v -0.540820 -0.053412 -0.011234
v -0.491346 -0.054035 -0.114371
v -0.491346 -0.054035 -0.114371
v -0.540820 -0.053412 -0.011234
v -0.512939 -0.037428 -0.002476
v -0.491346 -0.054035 -0.114371
v -0.512939 -0.037428 -0.002476
v -0.467257 -0.038865 -0.100471
v -0.422286 -0.054347 -0.202904
v -0.491346 -0.054035 -0.114371
v -0.467257 -0.038865 -0.100471
v -0.422286 -0.054347 -0.202904
v -0.467257 -0.038865 -0.100471
v -0.403115 -0.039621 -0.183734
v -0.550312 -0.070159 -0.015366
v -0.580558 -0.070159 0.099526
v -0.570596 -0.052788 0.101640
v -0.550312 -0.070159 -0.015366
v -0.570596 -0.052788 0.101640
v -0.540820 -0.053412 -0.011234
v -0.580558 -0.070159 0.099526
v -0.590672 -0.070159 0.219382
v -0.580558 -0.052476 0.219382
v -0.580558 -0.070159 0.099526
v -0.580558 -0.052476 0.219382
v -0.570596 -0.052788 0.101640
v -0.570596 -0.052788 0.101640
v -0.580558 -0.052476 0.219382
v -0.550312 -0.035526 0.219382
v -0.570596 -0.052788 0.101640
v -0.550312 -0.035526 0.219382
v -0.540820 -0.036135 0.105866
v -0.540820 -0.053412 -0.011234
v -0.570596 -0.052788 0.101640
v -0.540820 -0.036135 0.105866
v -0.540820 -0.053412 -0.011234
v -0.540820 -0.036135 0.105866
v -0.512939 -0.037428 -0.002476
v -0.512939 -0.037428 -0.002476
v -0.540820 -0.036135 0.105866
v -0.491346 -0.020919 0.110093
v -0.512939 -0.037428 -0.002476
v -0.491346 -0.020919 0.110093
v -0.467257 -0.022970 0.007270
v -0.540820 -0.036135 0.105866
v -0.550312 -0.035526 0.219382
v -0.500026 -0.020039 0.219382
v -0.540820 -0.036135 0.105866
v -0.500026 -0.020039 0.219382
v -0.491346 -0.020919 0.110093
v -0.491346 -0.020919 0.110093
v -0.500026 -0.020039 0.219382
v -0.429796 -0.013206 0.219382
v -0.491346 -0.020919 0.110093
v -0.429796 -0.013206 0.219382
v -0.422286 -0.014314 0.112206
v -0.467257 -0.022970 0.007270
v -0.491346 -0.020919 0.110093
v -0.422286 -0.014314 0.112206
v -0.467257 -0.022970 0.007270
v -0.422286 -0.014314 0.112206
v -0.403115 -0.016335 0.012390
v -0.403115 -0.039621 -0.183734
v -0.467257 -0.038865 -0.100471
v -0.429708 -0.025603 -0.082621
v -0.403115 -0.039621 -0.183734
v -0.429708 -0.025603 -0.082621
v -0.375642 -0.027066 -0.156260
v -0.467257 -0.038865 -0.100471
v -0.512939 -0.037428 -0.002476
v -0.467257 -0.022970 0.007270
v -0.467257 -0.038865 -0.100471
v -0.467257 -0.022970 0.007270
v -0.429708 -0.025603 -0.082621
v -0.429708 -0.025603 -0.082621
v -0.467257 -0.022970 0.007270
v -0.403115 -0.016335 0.012390
v -0.429708 -0.025603 -0.082621
v -0.403115 -0.016335 0.012390
v -0.375642 -0.017967 -0.072709
v -0.375642 -0.027066 -0.156260
v -0.429708 -0.025603 -0.082621
v -0.375642 -0.017967 -0.072709
v -0.375642 -0.027066 -0.156260
v -0.375642 -0.017967 -0.072709
v -0.348865 -0.020124 -0.129483
vt 0.981373 0.102437
vt 0.987509 0.102437
vt 0.987509 0.405686
vt 0.981373 0.102437
vt 0.987509 0.405686
vt 0.981373 0.405686
vt 0.987509 0.102437
vt 0.993321 0.405686
vt 0.987509 0.405686
vt 0.987509 0.102437
vt 0.993321 0.102437
vt 0.993321 0.405686
vt 0.975512 0.102437
vt 0.981373 0.102437
vt 0.981373 0.405686
vt 0.975512 0.102437
vt 0.981373 0.405686
vt 0.975512 0.405686
vt 0.531166 0.747307
vt 0.222173 0.753696
vt 0.222173 0.747307
vt 0.531166 0.747307
vt 0.531166 0.753696
vt 0.222173 0.753696
vt 0.531166 0.741213
vt 0.531166 0.747307
vt 0.222173 0.747307
vt 0.531166 0.741213
vt 0.222173 0.747307
vt 0.222173 0.741213
vt 0.531166 0.736011
vt 0.531166 0.741213
vt 0.222173 0.741213
vt 0.531166 0.736011
vt 0.222173 0.741213
vt 0.222173 0.736011
vt 0.531166 0.753696
vt 0.222173 0.759755
vt 0.222173 0.753696
vt 0.531166 0.753696
vt 0.531166 0.759755
vt 0.222173 0.759755
vt 0.531166 0.759755
vt 0.222173 0.764892
vt 0.222173 0.759755
vt 0.531166 0.759755
vt 0.531166 0.764892
vt 0.222173 0.764892
vt 0.956959 0.010379
vt 0.963045 0.010379
vt 0.963045 0.318141
vt 0.956959 0.010379
vt 0.963045 0.318141
vt 0.956959 0.318141
vt 0.951469 0.010379
vt 0.956959 0.010379
vt 0.956959 0.318141
vt 0.951469 0.010379
vt 0.956959 0.318141
vt 0.951469 0.318141
vt 0.963045 0.010379
vt 0.969131 0.318141
vt 0.963045 0.318141
vt 0.963045 0.010379
vt 0.969131 0.010379
vt 0.969131 0.318141
vt 0.969131 0.010379
vt 0.974622 0.318141
vt 0.969131 0.318141
vt 0.969131 0.010379
vt 0.974622 0.010379
vt 0.974622 0.318141
vt 0.503562 0.820411
vt 0.194568 0.826800
vt 0.194568 0.820411
vt 0.503562 0.820411
vt 0.503562 0.826800
vt 0.194568 0.826800
vt 0.503562 0.826800
vt 0.194568 0.832860
vt 0.194568 0.826800
vt 0.503562 0.826800
vt 0.503562 0.832860
vt 0.194568 0.832860
vt 0.503562 0.814317
vt 0.503562 0.820411
vt 0.194568 0.820411
vt 0.503562 0.814317
vt 0.194568 0.820411
vt 0.194568 0.814317
vt 0.503562 0.809116
vt 0.503562 0.814317
vt 0.194568 0.814317
vt 0.503562 0.809116
vt 0.194568 0.814317
vt 0.194568 0.809116
vt 0.503562 0.832860
vt 0.194568 0.837996
vt 0.194568 0.832860
vt 0.503562 0.832860
vt 0.503562 0.837996
vt 0.194568 0.837996
vt 0.700356 0.987389
vt 0.999555 0.993609
vt 0.999555 0.987389
vt 0.700356 0.987389
vt 0.700356 0.993609
vt 0.999555 0.993609
vt 0.700356 0.981498
vt 0.700356 0.987389
vt 0.999555 0.987389
vt 0.700356 0.981498
vt 0.999555 0.987389
vt 0.999555 0.981498
vt 0.700356 0.993609
vt 0.999555 0.999549
vt 0.999555 0.993609
vt 0.700356 0.993609
vt 0.700356 0.999549
vt 0.999555 0.999549
vt 0.765651 0.486011
vt 0.759727 0.486011
vt 0.762689 0.504964
vt 0.771285 0.487866
vt 0.765651 0.486011
vt 0.762689 0.504964
vt 0.776077 0.491395
vt 0.771285 0.487866
vt 0.762689 0.504964
vt 0.779559 0.496252
vt 0.776077 0.491395
vt 0.762689 0.504964
vt 0.781389 0.501962
vt 0.779559 0.496252
vt 0.762689 0.504964
vt 0.781389 0.507966
vt 0.781389 0.501962
vt 0.762689 0.504964
vt 0.779559 0.513676
vt 0.781389 0.507966
vt 0.762689 0.504964
vt 0.776077 0.518533
vt 0.779559 0.513676
vt 0.762689 0.504964
vt 0.771285 0.522062
vt 0.776077 0.518533
vt 0.762689 0.504964
vt 0.765651 0.523917
vt 0.771285 0.522062
vt 0.762689 0.504964
vt 0.759727 0.523917
vt 0.765651 0.523917
vt 0.762689 0.504964
vt 0.754094 0.522062
vt 0.759727 0.523917
vt 0.762689 0.504964
vt 0.749302 0.518533
vt 0.754094 0.522062
vt 0.762689 0.504964
vt 0.745820 0.513676
vt 0.749302 0.518533
vt 0.762689 0.504964
vt 0.743989 0.507966
vt 0.745820 0.513676
vt 0.762689 0.504964
vt 0.743989 0.501962
vt 0.743989 0.507966
vt 0.762689 0.504964
vt 0.745820 0.496252
vt 0.743989 0.501962
vt 0.762689 0.504964
vt 0.749302 0.491395
vt 0.745820 0.496252
vt 0.762689 0.504964
vt 0.754094 0.487866
vt 0.749302 0.491395
vt 0.762689 0.504964
vt 0.759727 0.486011
vt 0.754094 0.487866
vt 0.762689 0.504964
vt 0.724109 0.416516
vt 0.718475 0.418371
vt 0.727070 0.435469
vt 0.730032 0.416516
vt 0.724109 0.416516
vt 0.727070 0.435469
vt 0.735666 0.418371
vt 0.730032 0.416516
vt 0.727070 0.435469
vt 0.740458 0.421900
vt 0.735666 0.418371
vt 0.727070 0.435469
vt 0.743940 0.426758
vt 0.740458 0.421900
vt 0.727070 0.435469
vt 0.745770 0.432467
vt 0.743940 0.426758
vt 0.727070 0.435469
vt 0.745770 0.438471
vt 0.745770 0.432467
vt 0.727070 0.435469
vt 0.743940 0.444181
vt 0.745770 0.438471
vt 0.727070 0.435469
vt 0.740458 0.449038
vt 0.743940 0.444181
vt 0.727070 0.435469
vt 0.735666 0.452567
vt 0.740458 0.449038
vt 0.727070 0.435469
vt 0.730032 0.454422
vt 0.735666 0.452567
vt 0.727070 0.435469
vt 0.724109 0.454422
vt 0.730032 0.454422
vt 0.727070 0.435469
vt 0.718475 0.452567
vt 0.724109 0.454422
vt 0.727070 0.435469
vt 0.713683 0.449038
vt 0.718475 0.452567
vt 0.727070 0.435469
vt 0.710201 0.444181
vt 0.713683 0.449038
vt 0.727070 0.435469
vt 0.708370 0.438471
vt 0.710201 0.444181
vt 0.727070 0.435469
vt 0.708370 0.432467
vt 0.708370 0.438471
vt 0.727070 0.435469
vt 0.710201 0.426758
vt 0.708370 0.432467
vt 0.727070 0.435469
vt 0.713683 0.421900
vt 0.710201 0.426758
vt 0.727070 0.435469
vt 0.718475 0.418371
vt 0.713683 0.421900
vt 0.727070 0.435469
vt 0.039265 0.437274
vt 0.032961 0.750451
vt 0.039265 0.750451
vt 0.039265 0.437274
vt 0.032961 0.437274
vt 0.032961 0.750451
vt 0.045244 0.437274
vt 0.039265 0.437274
vt 0.039265 0.750451
vt 0.045244 0.437274
vt 0.039265 0.750451
vt 0.045244 0.750451
vt 0.032961 0.437274
vt 0.026949 0.750451
vt 0.032961 0.750451
vt 0.032961 0.437274
vt 0.026949 0.437274
vt 0.026949 0.750451
vt 0.026949 0.437274
vt 0.021817 0.750451
vt 0.026949 0.750451
vt 0.026949 0.437274
vt 0.021817 0.437274
vt 0.021817 0.750451
vt 0.050312 0.437274
vt 0.045244 0.437274
vt 0.045244 0.750451
vt 0.050312 0.437274
vt 0.045244 0.750451
vt 0.050312 0.750451
vt 0.174087 0.699472
vt 0.174087 0.705862
vt 0.483081 0.705862
vt 0.174087 0.699472
vt 0.483081 0.705862
vt 0.483081 0.699472
vt 0.174087 0.693379
vt 0.174087 0.699472
vt 0.483081 0.699472
vt 0.174087 0.693379
vt 0.483081 0.699472
vt 0.483081 0.693379
vt 0.174087 0.705862
vt 0.483081 0.711921
vt 0.483081 0.705862
vt 0.174087 0.705862
vt 0.174087 0.711921
vt 0.483081 0.711921
vt 0.174087 0.688177
vt 0.174087 0.693379
vt 0.483081 0.693379
vt 0.174087 0.688177
vt 0.483081 0.693379
vt 0.483081 0.688177
vt 0.174087 0.711921
vt 0.483081 0.717058
vt 0.483081 0.711921
vt 0.174087 0.711921
vt 0.174087 0.717058
vt 0.483081 0.717058
vt 0.314782 0.993609
vt 0.314782 0.987389
vt 0.015583 0.987389
vt 0.314782 0.993609
vt 0.015583 0.987389
vt 0.015583 0.993609
vt 0.314782 0.987389
vt 0.015583 0.981498
vt 0.015583 0.987389
vt 0.314782 0.987389
vt 0.314782 0.981498
vt 0.015583 0.981498
vt 0.314782 0.999549
vt 0.314782 0.993609
vt 0.015583 0.993609
vt 0.314782 0.999549
vt 0.015583 0.993609
vt 0.015583 0.999549
vt 0.091273 0.975031
vt 0.091273 0.968863
vt 0.394924 0.968863
vt 0.091273 0.975031
vt 0.394924 0.968863
vt 0.394924 0.975031
vt 0.091273 0.980596
vt 0.091273 0.975031
vt 0.394924 0.975031
vt 0.091273 0.980596
vt 0.394924 0.975031
vt 0.394924 0.980596
vt 0.091273 0.968863
vt 0.394924 0.962695
vt 0.394924 0.968863
vt 0.091273 0.968863
vt 0.091273 0.962695
vt 0.394924 0.962695
vt 0.091273 0.962695
vt 0.394924 0.957130
vt 0.394924 0.962695
vt 0.091273 0.962695
vt 0.091273 0.957130
vt 0.394924 0.957130
vt 0.699466 0.993658
vt 0.699466 0.987438
vt 0.400267 0.987438
vt 0.699466 0.993658
vt 0.400267 0.987438
vt 0.400267 0.993658
vt 0.699466 0.987438
vt 0.400267 0.981498
vt 0.400267 0.987438
vt 0.699466 0.987438
vt 0.699466 0.981498
vt 0.400267 0.981498
vt 0.699466 0.999549
vt 0.699466 0.993658
vt 0.400267 0.993658
vt 0.699466 0.999549
vt 0.400267 0.993658
vt 0.400267 0.999549
vt 0.515188 0.679741
vt 0.518669 0.684598
vt 0.532057 0.671029
vt 0.513357 0.674031
vt 0.515188 0.679741
vt 0.532057 0.671029
vt 0.513357 0.668027
vt 0.513357 0.674031
vt 0.532057 0.671029
vt 0.515188 0.662317
vt 0.513357 0.668027
vt 0.532057 0.671029
vt 0.518669 0.657460
vt 0.515188 0.662317
vt 0.532057 0.671029
vt 0.523462 0.653931
vt 0.518669 0.657460
vt 0.532057 0.671029
vt 0.529095 0.652076
vt 0.523462 0.653931
vt 0.532057 0.671029
vt 0.535019 0.652076
vt 0.529095 0.652076
vt 0.532057 0.671029
vt 0.540652 0.653931
vt 0.535019 0.652076
vt 0.532057 0.671029
vt 0.545445 0.657460
vt 0.540652 0.653931
vt 0.532057 0.671029
vt 0.548926 0.662317
vt 0.545445 0.657460
vt 0.532057 0.671029
vt 0.550757 0.668027
vt 0.548926 0.662317
vt 0.532057 0.671029
vt 0.550757 0.674031
vt 0.550757 0.668027
vt 0.532057 0.671029
vt 0.548926 0.679741
vt 0.550757 0.674031
vt 0.532057 0.671029
vt 0.545445 0.684598
vt 0.548926 0.679741
vt 0.532057 0.671029
vt 0.540652 0.688127
vt 0.545445 0.684598
vt 0.532057 0.671029
vt 0.535019 0.689982
vt 0.540652 0.688127
vt 0.532057 0.671029
vt 0.529095 0.689982
vt 0.535019 0.689982
vt 0.532057 0.671029
vt 0.523462 0.688127
vt 0.529095 0.689982
vt 0.532057 0.671029
vt 0.518669 0.684598
vt 0.523462 0.688127
vt 0.532057 0.671029
vt 0.506814 0.077216
vt 0.511607 0.080745
vt 0.498219 0.094314
vt 0.501181 0.075361
vt 0.506814 0.077216
vt 0.498219 0.094314
vt 0.495257 0.075361
vt 0.501181 0.075361
vt 0.498219 0.094314
vt 0.489624 0.077216
vt 0.495257 0.075361
vt 0.498219 0.094314
vt 0.484831 0.080745
vt 0.489624 0.077216
vt 0.498219 0.094314
vt 0.481350 0.085602
vt 0.484831 0.080745
vt 0.498219 0.094314
vt 0.479519 0.091312
vt 0.481350 0.085602
vt 0.498219 0.094314
vt 0.479519 0.097316
vt 0.479519 0.091312
vt 0.498219 0.094314
vt 0.481350 0.103026
vt 0.479519 0.097316
vt 0.498219 0.094314
vt 0.484831 0.107883
vt 0.481350 0.103026
vt 0.498219 0.094314
vt 0.489624 0.111412
vt 0.484831 0.107883
vt 0.498219 0.094314
vt 0.495257 0.113267
vt 0.489624 0.111412
vt 0.498219 0.094314
vt 0.501181 0.113267
vt 0.495257 0.113267
vt 0.498219 0.094314
vt 0.506814 0.111412
vt 0.501181 0.113267
vt 0.498219 0.094314
vt 0.511607 0.107883
vt 0.506814 0.111412
vt 0.498219 0.094314
vt 0.515088 0.103026
vt 0.511607 0.107883
vt 0.498219 0.094314
vt 0.516919 0.097316
vt 0.515088 0.103026
vt 0.498219 0.094314
vt 0.516919 0.091312
vt 0.516919 0.097316
vt 0.498219 0.094314
vt 0.515088 0.085602
vt 0.516919 0.091312
vt 0.498219 0.094314
vt 0.511607 0.080745
vt 0.515088 0.085602
vt 0.498219 0.094314
vt 0.413624 0.903415
vt 0.104631 0.897026
vt 0.104631 0.903415
vt 0.413624 0.903415
vt 0.413624 0.897026
vt 0.104631 0.897026
vt 0.413624 0.897026
vt 0.104631 0.890967
vt 0.104631 0.897026
vt 0.413624 0.897026
vt 0.413624 0.890967
vt 0.104631 0.890967
vt 0.413624 0.909509
vt 0.413624 0.903415
vt 0.104631 0.903415
vt 0.413624 0.909509
vt 0.104631 0.903415
vt 0.104631 0.909509
vt 0.413624 0.914711
vt 0.413624 0.909509
vt 0.104631 0.909509
vt 0.413624 0.914711
vt 0.104631 0.909509
vt 0.104630 0.914711
vt 0.413624 0.890967
vt 0.104630 0.885830
vt 0.104631 0.890967
vt 0.413624 0.890967
vt 0.413624 0.885830
vt 0.104630 0.885830
vt 0.947017 0.967058
vt 0.643366 0.973226
vt 0.643366 0.967058
vt 0.947017 0.967058
vt 0.947017 0.973226
vt 0.643366 0.973226
vt 0.947017 0.973226
vt 0.643366 0.978791
vt 0.643366 0.973226
vt 0.947017 0.973226
vt 0.947017 0.978791
vt 0.643366 0.978791
vt 0.947017 0.960889
vt 0.947017 0.967058
vt 0.643366 0.967058
vt 0.947017 0.960889
vt 0.643366 0.967058
vt 0.643366 0.960889
vt 0.947017 0.955325
vt 0.947017 0.960889
vt 0.643366 0.960889
vt 0.947017 0.955325
vt 0.643366 0.960889
vt 0.643366 0.955325
vt 0.974200 0.722473
vt 0.980337 0.722473
vt 0.980337 0.419224
vt 0.974200 0.722473
vt 0.980337 0.419224
vt 0.974200 0.419224
vt 0.980337 0.722473
vt 0.986198 0.419224
vt 0.980337 0.419224
vt 0.980337 0.722473
vt 0.986198 0.722473
vt 0.986198 0.419224
vt 0.968388 0.722473
vt 0.974200 0.722473
vt 0.974200 0.419224
vt 0.968388 0.722473
vt 0.974200 0.419224
vt 0.968388 0.419224
vt 0.015065 0.664711
vt 0.008929 0.967960
vt 0.015065 0.967960
vt 0.015065 0.664711
vt 0.008929 0.664711
vt 0.008929 0.967960
vt 0.008929 0.664711
vt 0.003117 0.967960
vt 0.008929 0.967960
vt 0.008929 0.664711
vt 0.003117 0.664711
vt 0.003117 0.967960
vt 0.020926 0.664711
vt 0.015065 0.664711
vt 0.015065 0.967960
vt 0.020926 0.664711
vt 0.015065 0.967960
vt 0.020926 0.967960
vt 0.071224 0.904783
vt 0.064920 0.904783
vt 0.064920 0.591607
vt 0.071224 0.904783
vt 0.064920 0.591607
vt 0.071224 0.591607
vt 0.077236 0.904783
vt 0.071224 0.904783
vt 0.071224 0.591607
vt 0.077236 0.904783
vt 0.071224 0.591607
vt 0.077236 0.591607
vt 0.064920 0.904783
vt 0.058941 0.591607
vt 0.064920 0.591607
vt 0.064920 0.904783
vt 0.058941 0.904783
vt 0.058941 0.591607
vt 0.082369 0.904783
vt 0.077236 0.904783
vt 0.077236 0.591607
vt 0.082369 0.904783
vt 0.077236 0.591607
vt 0.082369 0.591606
vt 0.058941 0.904783
vt 0.053874 0.591606
vt 0.058941 0.591607
vt 0.058941 0.904783
vt 0.053874 0.904783
vt 0.053874 0.591606
vt 0.610418 0.952912
vt 0.610418 0.946908
vt 0.591719 0.949910
vt 0.608588 0.958621
vt 0.610418 0.952912
vt 0.591719 0.949910
vt 0.605106 0.963479
vt 0.608588 0.958621
vt 0.591719 0.949910
vt 0.600314 0.967008
vt 0.605106 0.963479
vt 0.591719 0.949910
vt 0.594680 0.968863
vt 0.600314 0.967008
vt 0.591719 0.949910
vt 0.588757 0.968863
vt 0.594680 0.968863
vt 0.591719 0.949910
vt 0.583123 0.967008
vt 0.588757 0.968863
vt 0.591719 0.949910
vt 0.578331 0.963479
vt 0.583123 0.967008
vt 0.591719 0.949910
vt 0.574849 0.958622
vt 0.578331 0.963479
vt 0.591719 0.949910
vt 0.573019 0.952912
vt 0.574849 0.958622
vt 0.591719 0.949910
vt 0.573019 0.946908
vt 0.573019 0.952912
vt 0.591719 0.949910
vt 0.574849 0.941198
vt 0.573019 0.946908
vt 0.591719 0.949910
vt 0.578331 0.936341
vt 0.574849 0.941198
vt 0.591719 0.949910
vt 0.583123 0.932812
vt 0.578331 0.936341
vt 0.591719 0.949910
vt 0.588757 0.930957
vt 0.583123 0.932812
vt 0.591719 0.949910
vt 0.594680 0.930957
vt 0.588757 0.930957
vt 0.591719 0.949910
vt 0.600314 0.932812
vt 0.594680 0.930957
vt 0.591719 0.949910
vt 0.605106 0.936341
vt 0.600314 0.932812
vt 0.591719 0.949910
vt 0.608588 0.941198
vt 0.605106 0.936341
vt 0.591719 0.949910
vt 0.610418 0.946908
vt 0.608588 0.941198
vt 0.591719 0.949910
vt 0.041407 0.050385
vt 0.039576 0.056094
vt 0.022707 0.047383
vt 0.041407 0.044381
vt 0.041407 0.050385
vt 0.022707 0.047383
vt 0.039576 0.038671
vt 0.041407 0.044381
vt 0.022707 0.047383
vt 0.036095 0.033814
vt 0.039576 0.038671
vt 0.022707 0.047383
vt 0.031302 0.030285
vt 0.036095 0.033814
vt 0.022707 0.047383
vt 0.025669 0.028430
vt 0.031302 0.030285
vt 0.022707 0.047383
vt 0.019745 0.028430
vt 0.025669 0.028430
vt 0.022707 0.047383
vt 0.014112 0.030285
vt 0.019745 0.028430
vt 0.022707 0.047383
vt 0.009319 0.033814
vt 0.014112 0.030285
vt 0.022707 0.047383
vt 0.005838 0.038671
vt 0.009319 0.033814
vt 0.022707 0.047383
vt 0.004007 0.044381
vt 0.005838 0.038671
vt 0.022707 0.047383
vt 0.004007 0.050385
vt 0.004007 0.044381
vt 0.022707 0.047383
vt 0.005838 0.056094
vt 0.004007 0.050385
vt 0.022707 0.047383
vt 0.009319 0.060952
vt 0.005838 0.056094
vt 0.022707 0.047383
vt 0.014112 0.064480
vt 0.009319 0.060952
vt 0.022707 0.047383
vt 0.019745 0.066336
vt 0.014112 0.064480
vt 0.022707 0.047383
vt 0.025669 0.066336
vt 0.019745 0.066336
vt 0.022707 0.047383
vt 0.031302 0.064480
vt 0.025669 0.066336
vt 0.022707 0.047383
vt 0.036095 0.060952
vt 0.031302 0.064480
vt 0.022707 0.047383
vt 0.039576 0.056094
vt 0.036095 0.060952
vt 0.022707 0.047383
vt 0.451024 0.175247
vt 0.451024 0.181251
vt 0.432324 0.178249
vt 0.449194 0.169537
vt 0.451024 0.175247
vt 0.432324 0.178249
vt 0.445712 0.164680
vt 0.449194 0.169537
vt 0.432324 0.178249
vt 0.440920 0.161151
vt 0.445712 0.164680
vt 0.432324 0.178249
vt 0.435286 0.159296
vt 0.440920 0.161151
vt 0.432324 0.178249
vt 0.429362 0.159296
vt 0.435286 0.159296
vt 0.432324 0.178249
vt 0.423729 0.161151
vt 0.429362 0.159296
vt 0.432324 0.178249
vt 0.418937 0.164680
vt 0.423729 0.161151
vt 0.432324 0.178249
vt 0.415455 0.169537
vt 0.418937 0.164680
vt 0.432324 0.178249
vt 0.413624 0.175247
vt 0.415455 0.169537
vt 0.432324 0.178249
vt 0.413624 0.181251
vt 0.413624 0.175247
vt 0.432324 0.178249
vt 0.415455 0.186961
vt 0.413624 0.181251
vt 0.432324 0.178249
vt 0.418936 0.191818
vt 0.415455 0.186961
vt 0.432324 0.178249
vt 0.423729 0.195347
vt 0.418936 0.191818
vt 0.432324 0.178249
vt 0.429362 0.197202
vt 0.423729 0.195347
vt 0.432324 0.178249
vt 0.435286 0.197202
vt 0.429362 0.197202
vt 0.432324 0.178249
vt 0.440920 0.195347
vt 0.435286 0.197202
vt 0.432324 0.178249
vt 0.445712 0.191818
vt 0.440920 0.195347
vt 0.432324 0.178249
vt 0.449194 0.186961
vt 0.445712 0.191818
vt 0.432324 0.178249
vt 0.451024 0.181251
vt 0.449194 0.186961
vt 0.432324 0.178249
vt 0.954659 0.974278
vt 0.960795 0.974278
vt 0.960795 0.671029
vt 0.954659 0.974278
vt 0.960795 0.671029
vt 0.954659 0.671029
vt 0.948798 0.974278
vt 0.954659 0.974278
vt 0.954659 0.671029
vt 0.948798 0.974278
vt 0.954659 0.671029
vt 0.948798 0.671029
vt 0.960795 0.974278
vt 0.966607 0.671029
vt 0.960795 0.671029
vt 0.960795 0.974278
vt 0.966607 0.974278
vt 0.966607 0.671029
vt 0.140610 0.456228
vt 0.146914 0.769404
vt 0.140610 0.769404
vt 0.140610 0.456228
vt 0.146914 0.456228
vt 0.146914 0.769404
vt 0.134632 0.456228
vt 0.140610 0.456228
vt 0.140610 0.769404
vt 0.134632 0.456228
vt 0.140610 0.769404
vt 0.134632 0.769404
vt 0.146914 0.456228
vt 0.152927 0.769404
vt 0.146914 0.769404
vt 0.146914 0.456228
vt 0.152927 0.456228
vt 0.152927 0.769404
vt 0.152927 0.456228
vt 0.158059 0.769404
vt 0.152927 0.769404
vt 0.152927 0.456228
vt 0.158059 0.456227
vt 0.158059 0.769404
vt 0.129564 0.456227
vt 0.134632 0.456228
vt 0.134632 0.769404
vt 0.129564 0.456227
vt 0.134632 0.769404
vt 0.129564 0.769404
vt 0.109083 0.787992
vt 0.109083 0.781603
vt 0.418077 0.781603
vt 0.109083 0.787992
vt 0.418077 0.781603
vt 0.418077 0.787992
vt 0.109083 0.794051
vt 0.109083 0.787992
vt 0.418077 0.787992
vt 0.109083 0.794051
vt 0.418077 0.787992
vt 0.418076 0.794051
vt 0.109083 0.781603
vt 0.418076 0.775509
vt 0.418077 0.781603
vt 0.109083 0.781603
vt 0.109083 0.775509
vt 0.418076 0.775509
vt 0.109083 0.775509
vt 0.418076 0.770307
vt 0.418076 0.775509
vt 0.109083 0.775509
vt 0.109083 0.770307
vt 0.418076 0.770307
vt 0.109083 0.799188
vt 0.109083 0.794051
vt 0.418076 0.794051
vt 0.109083 0.799188
vt 0.418076 0.794051
vt 0.418076 0.799188
vt 0.936331 0.313628
vt 0.930245 0.005866
vt 0.936331 0.005866
vt 0.936331 0.313628
vt 0.930245 0.313628
vt 0.930245 0.005866
vt 0.930245 0.313628
vt 0.924755 0.005866
vt 0.930245 0.005866
vt 0.930245 0.313628
vt 0.924755 0.313628
vt 0.924755 0.005866
vt 0.942417 0.313628
vt 0.936331 0.313628
vt 0.936331 0.005866
vt 0.942417 0.313628
vt 0.936331 0.005866
vt 0.942417 0.005866
vt 0.947907 0.313628
vt 0.942417 0.313628
vt 0.942417 0.005866
vt 0.947907 0.313628
vt 0.942417 0.005866
vt 0.947907 0.005866
vt 0.014224 0.326264
vt 0.008087 0.629513
vt 0.014224 0.629513
vt 0.014224 0.326264
vt 0.008087 0.326264
vt 0.008087 0.629513
vt 0.020036 0.326264
vt 0.014224 0.326264
vt 0.014224 0.629513
vt 0.020036 0.326264
vt 0.014224 0.629513
vt 0.020036 0.629512
vt 0.008087 0.326264
vt 0.002226 0.629512
vt 0.008087 0.629513
vt 0.008087 0.326264
vt 0.002226 0.326264
vt 0.002226 0.629512
vt 0.512776 0.227938
vt 0.518409 0.226083
vt 0.521371 0.245036
vt 0.507984 0.231467
vt 0.512776 0.227938
vt 0.521371 0.245036
vt 0.504502 0.236324
vt 0.507984 0.231467
vt 0.521371 0.245036
vt 0.502671 0.242034
vt 0.504502 0.236324
vt 0.521371 0.245036
vt 0.502671 0.248038
vt 0.502671 0.242034
vt 0.521371 0.245036
vt 0.504502 0.253748
vt 0.502671 0.248038
vt 0.521371 0.245036
vt 0.507984 0.258605
vt 0.504502 0.253748
vt 0.521371 0.245036
vt 0.512776 0.262134
vt 0.507984 0.258605
vt 0.521371 0.245036
vt 0.518410 0.263989
vt 0.512776 0.262134
vt 0.521371 0.245036
vt 0.524333 0.263989
vt 0.518410 0.263989
vt 0.521371 0.245036
vt 0.529967 0.262134
vt 0.524333 0.263989
vt 0.521371 0.245036
vt 0.534759 0.258605
vt 0.529967 0.262134
vt 0.521371 0.245036
vt 0.538241 0.253748
vt 0.534759 0.258605
vt 0.521371 0.245036
vt 0.540071 0.248038
vt 0.538241 0.253748
vt 0.521371 0.245036
vt 0.540071 0.242034
vt 0.540071 0.248038
vt 0.521371 0.245036
vt 0.538241 0.236324
vt 0.540071 0.242034
vt 0.521371 0.245036
vt 0.534759 0.231467
vt 0.538241 0.236324
vt 0.521371 0.245036
vt 0.529967 0.227938
vt 0.534759 0.231467
vt 0.521371 0.245036
vt 0.524333 0.226083
vt 0.529967 0.227938
vt 0.521371 0.245036
vt 0.518409 0.226083
vt 0.524333 0.226083
vt 0.521371 0.245036
vt 0.775252 0.750730
vt 0.733580 0.786377
vt 0.736830 0.747435
vt 0.771382 0.788928
vt 0.767413 0.825523
vt 0.730911 0.823745
vt 0.771382 0.788928
vt 0.730911 0.823745
vt 0.733580 0.786377
vt 0.775252 0.750730
vt 0.771382 0.788928
vt 0.733580 0.786377
vt 0.736830 0.747435
vt 0.733580 0.786377
vt 0.695893 0.782454
vt 0.736830 0.747435
vt 0.695893 0.782454
vt 0.698409 0.744140
vt 0.733580 0.786377
vt 0.730911 0.823745
vt 0.694635 0.819282
vt 0.733580 0.786377
vt 0.694635 0.819282
vt 0.695893 0.782454
vt 0.812085 0.753889
vt 0.771382 0.788928
vt 0.775252 0.750730
vt 0.807681 0.790658
vt 0.802383 0.825656
vt 0.767413 0.825523
vt 0.807681 0.790658
vt 0.767413 0.825523
vt 0.771382 0.788928
vt 0.812085 0.753889
vt 0.807681 0.790658
vt 0.771382 0.788928
vt 0.695893 0.782454
vt 0.694635 0.819282
vt 0.660142 0.813458
vt 0.695893 0.782454
vt 0.660142 0.813458
vt 0.659825 0.777977
vt 0.698409 0.744140
vt 0.695893 0.782454
vt 0.659825 0.777977
vt 0.698409 0.744140
vt 0.659825 0.777977
vt 0.661579 0.740982
vt 0.740082 0.708493
vt 0.736830 0.747435
vt 0.698409 0.744140
vt 0.743647 0.671202
vt 0.740082 0.708493
vt 0.702281 0.705943
vt 0.743647 0.671202
vt 0.702281 0.705943
vt 0.707146 0.669424
vt 0.740082 0.708493
vt 0.698409 0.744140
vt 0.702281 0.705943
vt 0.702281 0.705943
vt 0.698409 0.744140
vt 0.661579 0.740982
vt 0.707146 0.669424
vt 0.702281 0.705943
vt 0.665983 0.704213
vt 0.707146 0.669424
vt 0.665983 0.704213
vt 0.672178 0.669291
vt 0.702281 0.705943
vt 0.661579 0.740982
vt 0.665983 0.704213
vt 0.779924 0.675666
vt 0.740082 0.708493
vt 0.743647 0.671202
vt 0.777769 0.712417
vt 0.775252 0.750730
vt 0.736830 0.747435
vt 0.777769 0.712417
vt 0.736830 0.747435
vt 0.740082 0.708493
vt 0.779924 0.675666
vt 0.777769 0.712417
vt 0.740082 0.708493
vt 0.814419 0.681490
vt 0.777769 0.712417
vt 0.779924 0.675666
vt 0.813840 0.716893
vt 0.812085 0.753889
vt 0.775252 0.750730
vt 0.813840 0.716893
vt 0.775252 0.750730
vt 0.777769 0.712417
vt 0.814419 0.681490
vt 0.813840 0.716893
vt 0.777769 0.712417
vt 0.747837 0.637212
vt 0.743647 0.671202
vt 0.707146 0.669424
vt 0.747837 0.637212
vt 0.707146 0.669424
vt 0.712641 0.636145
vt 0.712641 0.636145
vt 0.707146 0.669424
vt 0.672178 0.669291
vt 0.712641 0.636145
vt 0.672178 0.669291
vt 0.679304 0.637835
vt 0.782710 0.642154
vt 0.743647 0.671202
vt 0.747837 0.637212
vt 0.782710 0.642154
vt 0.779924 0.675666
vt 0.743647 0.671202
vt 0.815296 0.649498
vt 0.779924 0.675666
vt 0.782710 0.642154
vt 0.815296 0.649498
vt 0.814419 0.681490
vt 0.779924 0.675666
vt 0.785779 0.613447
vt 0.782710 0.642154
vt 0.747837 0.637212
vt 0.785779 0.613447
vt 0.747837 0.637212
vt 0.751625 0.608060
vt 0.751625 0.608060
vt 0.747837 0.637212
vt 0.712641 0.636145
vt 0.751625 0.608060
vt 0.712641 0.636145
vt 0.717065 0.607553
vt 0.717065 0.607553
vt 0.712641 0.636145
vt 0.679304 0.637835
vt 0.717065 0.607553
vt 0.679304 0.637835
vt 0.684547 0.611038
vt 0.817257 0.622420
vt 0.782710 0.642154
vt 0.785779 0.613447
vt 0.843793 0.633685
vt 0.815296 0.649498
vt 0.817257 0.622420
vt 0.817257 0.622420
vt 0.815296 0.649498
vt 0.782710 0.642154
vt 0.767413 0.825523
vt 0.729408 0.857965
vt 0.730911 0.823745
vt 0.767413 0.825523
vt 0.764604 0.859033
vt 0.729408 0.857965
vt 0.802383 0.825656
vt 0.764604 0.859033
vt 0.767413 0.825523
vt 0.802383 0.825656
vt 0.797944 0.857343
vt 0.764604 0.859033
vt 0.730911 0.823745
vt 0.729408 0.857965
vt 0.694535 0.853023
vt 0.730911 0.823745
vt 0.694535 0.853023
vt 0.694635 0.819282
vt 0.694635 0.819282
vt 0.694535 0.853023
vt 0.661952 0.845680
vt 0.694635 0.819282
vt 0.661952 0.845680
vt 0.660142 0.813458
vt 0.729408 0.857965
vt 0.694155 0.881962
vt 0.694535 0.853023
vt 0.729408 0.857965
vt 0.728308 0.887348
vt 0.694155 0.881962
vt 0.764604 0.859033
vt 0.728308 0.887348
vt 0.729408 0.857965
vt 0.764604 0.859033
vt 0.762869 0.887855
vt 0.728308 0.887348
vt 0.797944 0.857343
vt 0.762869 0.887855
vt 0.764604 0.859033
vt 0.797944 0.857343
vt 0.795388 0.884370
vt 0.762869 0.887855
vt 0.694535 0.853023
vt 0.694155 0.881962
vt 0.662678 0.872989
vt 0.661952 0.845680
vt 0.662678 0.872989
vt 0.636145 0.861723
vt 0.694535 0.853023
vt 0.662678 0.872989
vt 0.661952 0.845680
vt 0.843793 0.633685
vt 0.843630 0.657769
vt 0.815296 0.649498
vt 0.843630 0.657769
vt 0.845571 0.687351
vt 0.814419 0.681490
vt 0.843630 0.657769
vt 0.814419 0.681490
vt 0.815296 0.649498
vt 0.661952 0.845680
vt 0.636145 0.861723
vt 0.633621 0.837410
vt 0.660142 0.813458
vt 0.661952 0.845680
vt 0.633621 0.837410
vt 0.660142 0.813458
vt 0.633621 0.837410
vt 0.628994 0.807597
vt 0.827246 0.854015
vt 0.795388 0.884370
vt 0.797944 0.857343
vt 0.827246 0.854015
vt 0.823415 0.877784
vt 0.795388 0.884370
vt 0.684547 0.611038
vt 0.679304 0.637835
vt 0.650005 0.641163
vt 0.684547 0.611038
vt 0.650005 0.641163
vt 0.656523 0.617625
vt 0.679304 0.637835
vt 0.640502 0.669764
vt 0.650005 0.641163
vt 0.679304 0.637835
vt 0.672178 0.669291
vt 0.640502 0.669764
vt 0.672178 0.669291
vt 0.632808 0.702751
vt 0.640502 0.669764
vt 0.640502 0.669764
vt 0.632808 0.702751
vt 0.604820 0.701042
vt 0.640502 0.669764
vt 0.604820 0.701042
vt 0.614065 0.669172
vt 0.632808 0.702751
vt 0.599505 0.735658
vt 0.604820 0.701042
vt 0.632808 0.702751
vt 0.627932 0.738096
vt 0.599505 0.735658
vt 0.665983 0.704213
vt 0.627932 0.738096
vt 0.632808 0.702751
vt 0.665983 0.704213
vt 0.661579 0.740982
vt 0.627932 0.738096
vt 0.672178 0.669291
vt 0.665983 0.704213
vt 0.632808 0.702751
vt 0.659825 0.777977
vt 0.660142 0.813458
vt 0.628994 0.807597
vt 0.661579 0.740982
vt 0.659825 0.777977
vt 0.626879 0.773769
vt 0.661579 0.740982
vt 0.626879 0.773769
vt 0.627932 0.738096
vt 0.627932 0.738096
vt 0.626879 0.773769
vt 0.599006 0.770687
vt 0.627932 0.738096
vt 0.599006 0.770687
vt 0.599505 0.735658
vt 0.626879 0.773769
vt 0.602836 0.803679
vt 0.599006 0.770687
vt 0.626879 0.773769
vt 0.628994 0.807597
vt 0.602836 0.803679
vt 0.659825 0.777977
vt 0.628994 0.807597
vt 0.626879 0.773769
vt 0.628994 0.807597
vt 0.610509 0.832184
vt 0.602836 0.803679
vt 0.628994 0.807597
vt 0.633621 0.837410
vt 0.610509 0.832184
vt 0.633621 0.837410
vt 0.618424 0.851441
vt 0.610509 0.832184
vt 0.633621 0.837410
vt 0.636145 0.861723
vt 0.618424 0.851441
vt 0.650005 0.641163
vt 0.640502 0.669764
vt 0.614065 0.669172
vt 0.650005 0.641163
vt 0.614065 0.669172
vt 0.626355 0.642379
vt 0.656523 0.617625
vt 0.650005 0.641163
vt 0.626355 0.642379
vt 0.614065 0.669172
vt 0.604820 0.701042
vt 0.584084 0.698572
vt 0.614065 0.669172
vt 0.584084 0.698572
vt 0.594820 0.665846
vt 0.604820 0.701042
vt 0.578337 0.733843
vt 0.584084 0.698572
vt 0.604820 0.701042
vt 0.599505 0.735658
vt 0.578337 0.733843
vt 0.626355 0.642379
vt 0.614065 0.669172
vt 0.594820 0.665846
vt 0.599505 0.735658
vt 0.599006 0.770687
vt 0.578155 0.769590
vt 0.599505 0.735658
vt 0.578155 0.769590
vt 0.578337 0.733843
vt 0.599006 0.770687
vt 0.583313 0.803680
vt 0.578155 0.769590
vt 0.599006 0.770687
vt 0.602836 0.803679
vt 0.583313 0.803680
vt 0.602836 0.803679
vt 0.593583 0.833976
vt 0.583313 0.803680
vt 0.602836 0.803679
vt 0.610509 0.832184
vt 0.593583 0.833976
vt 0.834064 0.825184
vt 0.827246 0.854015
vt 0.797944 0.857343
vt 0.834064 0.825184
vt 0.797944 0.857343
vt 0.802383 0.825656
vt 0.840861 0.792120
vt 0.834064 0.825184
vt 0.802383 0.825656
vt 0.869749 0.793906
vt 0.861288 0.825844
vt 0.834064 0.825184
vt 0.869749 0.793906
vt 0.834064 0.825184
vt 0.840861 0.792120
vt 0.875063 0.759290
vt 0.869749 0.793906
vt 0.840861 0.792120
vt 0.875063 0.759290
vt 0.840861 0.792120
vt 0.845736 0.756775
vt 0.845736 0.756775
vt 0.840861 0.792120
vt 0.807681 0.790658
vt 0.845736 0.756775
vt 0.807681 0.790658
vt 0.812085 0.753889
vt 0.840861 0.792120
vt 0.802383 0.825656
vt 0.807681 0.790658
vt 0.845571 0.687351
vt 0.813840 0.716893
vt 0.814419 0.681490
vt 0.846790 0.721102
vt 0.812085 0.753889
vt 0.813840 0.716893
vt 0.846790 0.721102
vt 0.845736 0.756775
vt 0.812085 0.753889
vt 0.875563 0.724262
vt 0.875063 0.759290
vt 0.845736 0.756775
vt 0.875563 0.724262
vt 0.845736 0.756775
vt 0.846790 0.721102
vt 0.872517 0.691337
vt 0.875563 0.724262
vt 0.846790 0.721102
vt 0.872517 0.691337
vt 0.846790 0.721102
vt 0.845571 0.687351
vt 0.845571 0.687351
vt 0.846790 0.721102
vt 0.813840 0.716893
vt 0.861288 0.825844
vt 0.827246 0.854015
vt 0.834064 0.825184
vt 0.851347 0.852838
vt 0.823415 0.877784
vt 0.827246 0.854015
vt 0.861288 0.825844
vt 0.851347 0.852838
vt 0.827246 0.854015
vt 0.867193 0.663033
vt 0.872517 0.691337
vt 0.845571 0.687351
vt 0.867193 0.663033
vt 0.845571 0.687351
vt 0.843630 0.657769
vt 0.893175 0.796607
vt 0.861288 0.825844
vt 0.869749 0.793906
vt 0.898922 0.761336
vt 0.893175 0.796607
vt 0.869749 0.793906
vt 0.898922 0.761336
vt 0.869749 0.793906
vt 0.875063 0.759290
vt 0.893175 0.796607
vt 0.882888 0.829372
vt 0.861288 0.825844
vt 0.882888 0.829372
vt 0.851347 0.852838
vt 0.861288 0.825844
vt 0.899104 0.725589
vt 0.875063 0.759290
vt 0.875563 0.724262
vt 0.894395 0.691538
vt 0.899104 0.725589
vt 0.875563 0.724262
vt 0.894395 0.691538
vt 0.875563 0.724262
vt 0.872517 0.691337
vt 0.885468 0.661357
vt 0.894395 0.691538
vt 0.872517 0.691337
vt 0.899104 0.725589
vt 0.898922 0.761336
vt 0.875063 0.759290
vt 0.885468 0.661357
vt 0.872517 0.691337
vt 0.867193 0.663033
vt 0.861020 0.643925
vt 0.867193 0.663033
vt 0.843630 0.657769
vt 0.861020 0.643925
vt 0.843630 0.657769
vt 0.843793 0.633685
vt 0.870804 0.636002
vt 0.885468 0.661357
vt 0.867193 0.663033
vt 0.870804 0.636002
vt 0.867193 0.663033
vt 0.861020 0.643925
vt 0.916424 0.725691
vt 0.898922 0.761336
vt 0.899104 0.725589
vt 0.916424 0.725691
vt 0.916388 0.762834
vt 0.898922 0.761336
vt 0.910266 0.799455
vt 0.882888 0.829372
vt 0.893175 0.796607
vt 0.916388 0.762834
vt 0.910266 0.799455
vt 0.893175 0.796607
vt 0.916388 0.762834
vt 0.893175 0.796607
vt 0.898922 0.761336
vt 0.910481 0.689728
vt 0.916424 0.725691
vt 0.899104 0.725589
vt 0.910481 0.689728
vt 0.899104 0.725589
vt 0.894395 0.691538
vt 0.910266 0.799455
vt 0.898446 0.833895
vt 0.882888 0.829372
vt 0.851347 0.852838
vt 0.842094 0.870623
vt 0.823415 0.877784
vt 0.898446 0.833895
vt 0.869084 0.857603
vt 0.882888 0.829372
vt 0.882888 0.829372
vt 0.869084 0.857603
vt 0.851347 0.852838
vt 0.869084 0.857603
vt 0.842094 0.870623
vt 0.851347 0.852838
vt 0.898664 0.656647
vt 0.910481 0.689728
vt 0.894395 0.691538
vt 0.898664 0.656647
vt 0.894395 0.691538
vt 0.885468 0.661357
vt 0.656523 0.617625
vt 0.626355 0.642379
vt 0.637350 0.624743
vt 0.637350 0.624743
vt 0.626355 0.642379
vt 0.609966 0.637729
vt 0.626355 0.642379
vt 0.594820 0.665846
vt 0.609966 0.637729
vt 0.610509 0.832184
vt 0.609588 0.859446
vt 0.593583 0.833976
vt 0.610509 0.832184
vt 0.618424 0.851441
vt 0.609588 0.859446
vt 0.850426 0.880100
vt 0.823415 0.877784
vt 0.842094 0.870623
vt 0.869084 0.857603
vt 0.850426 0.880100
vt 0.842094 0.870623
vt 0.609966 0.637729
vt 0.594820 0.665846
vt 0.581618 0.661525
vt 0.594820 0.665846
vt 0.569685 0.695954
vt 0.581618 0.661525
vt 0.594820 0.665846
vt 0.584084 0.698572
vt 0.569685 0.695954
vt 0.584084 0.698572
vt 0.563563 0.732576
vt 0.569685 0.695954
vt 0.584084 0.698572
vt 0.578337 0.733843
vt 0.563563 0.732576
vt 0.578337 0.733843
vt 0.578155 0.769590
vt 0.563526 0.769719
vt 0.578337 0.733843
vt 0.563526 0.769719
vt 0.563563 0.732576
vt 0.578155 0.769590
vt 0.569582 0.805691
vt 0.563526 0.769719
vt 0.578155 0.769590
vt 0.583313 0.803680
vt 0.569582 0.805691
vt 0.583313 0.803680
vt 0.581736 0.838801
vt 0.569582 0.805691
vt 0.583313 0.803680
vt 0.593583 0.833976
vt 0.581736 0.838801
vt 0.629967 0.615347
vt 0.656523 0.617625
vt 0.637350 0.624743
vt 0.637350 0.624743
vt 0.609966 0.637729
vt 0.629967 0.615347
vt 0.848888 0.616430
vt 0.870804 0.636002
vt 0.861020 0.643925
vt 0.848888 0.616430
vt 0.861020 0.643925
vt 0.843793 0.633685
vt 0.631951 0.879056
vt 0.609588 0.859446
vt 0.618424 0.851441
vt 0.631951 0.879056
vt 0.618424 0.851441
vt 0.636145 0.861723
vt 0.850426 0.880100
vt 0.825576 0.895661
vt 0.823415 0.877784
vt 0.629967 0.615347
vt 0.655263 0.599825
vt 0.656523 0.617625
vt 0.881311 0.864493
vt 0.850426 0.880100
vt 0.869084 0.857603
vt 0.898446 0.833895
vt 0.881311 0.864493
vt 0.869084 0.857603
vt 0.880528 0.627846
vt 0.898664 0.656647
vt 0.885468 0.661357
vt 0.880528 0.627846
vt 0.885468 0.661357
vt 0.870804 0.636002
vt 0.821089 0.601759
vt 0.848888 0.616430
vt 0.843793 0.633685
vt 0.821089 0.601759
vt 0.843793 0.633685
vt 0.817257 0.622420
vt 0.788780 0.591105
vt 0.821089 0.601759
vt 0.817257 0.622420
vt 0.788780 0.591105
vt 0.817257 0.622420
vt 0.785779 0.613447
vt 0.753981 0.585280
vt 0.788780 0.591105
vt 0.785779 0.613447
vt 0.753981 0.585280
vt 0.785779 0.613447
vt 0.751625 0.608060
vt 0.718711 0.585096
vt 0.751625 0.608060
vt 0.717065 0.607553
vt 0.718711 0.585096
vt 0.753981 0.585280
vt 0.751625 0.608060
vt 0.685097 0.590096
vt 0.717065 0.607553
vt 0.684547 0.611038
vt 0.685097 0.590096
vt 0.718711 0.585096
vt 0.717065 0.607553
vt 0.655263 0.599825
vt 0.684547 0.611038
vt 0.656523 0.617625
vt 0.655263 0.599825
vt 0.685097 0.590096
vt 0.684547 0.611038
vt 0.659748 0.893727
vt 0.631951 0.879056
vt 0.636145 0.861723
vt 0.659748 0.893727
vt 0.636145 0.861723
vt 0.662678 0.872989
vt 0.692056 0.904381
vt 0.659748 0.893727
vt 0.662678 0.872989
vt 0.692056 0.904381
vt 0.662678 0.872989
vt 0.694155 0.881962
vt 0.726854 0.910205
vt 0.692056 0.904381
vt 0.694155 0.881962
vt 0.726854 0.910205
vt 0.694155 0.881962
vt 0.728308 0.887348
vt 0.762125 0.910390
vt 0.728308 0.887348
vt 0.762869 0.887855
vt 0.762125 0.910390
vt 0.726854 0.910205
vt 0.728308 0.887348
vt 0.795740 0.905390
vt 0.762869 0.887855
vt 0.795388 0.884370
vt 0.795740 0.905390
vt 0.762125 0.910390
vt 0.762869 0.887855
vt 0.825576 0.895661
vt 0.795388 0.884370
vt 0.823415 0.877784
vt 0.825576 0.895661
vt 0.795740 0.905390
vt 0.795388 0.884370
vt 0.629967 0.615347
vt 0.609966 0.637729
vt 0.599088 0.630955
vt 0.609966 0.637729
vt 0.581618 0.661525
vt 0.599088 0.630955
vt 0.593583 0.833976
vt 0.600207 0.867631
vt 0.581736 0.838801
vt 0.593583 0.833976
vt 0.609588 0.859446
vt 0.600207 0.867631
vt 0.629967 0.615347
vt 0.599088 0.630955
vt 0.622076 0.605681
vt 0.622076 0.605681
vt 0.655263 0.599825
vt 0.629967 0.615347
vt 0.622076 0.605681
vt 0.650563 0.587134
vt 0.655263 0.599825
vt 0.881311 0.864493
vt 0.858659 0.889797
vt 0.850426 0.880100
vt 0.858659 0.889797
vt 0.825576 0.895661
vt 0.850426 0.880100
vt 0.625214 0.890765
vt 0.600207 0.867631
vt 0.609588 0.859446
vt 0.625214 0.890765
vt 0.609588 0.859446
vt 0.631951 0.879056
vt 0.858659 0.889797
vt 0.830284 0.908352
vt 0.825576 0.895661
vt 0.855632 0.604721
vt 0.880528 0.627846
vt 0.870804 0.636002
vt 0.855632 0.604721
vt 0.870804 0.636002
vt 0.848888 0.616430
vt 0.650563 0.587134
vt 0.685097 0.590096
vt 0.655263 0.599825
vt 0.650563 0.587134
vt 0.683216 0.574986
vt 0.685097 0.590096
vt 0.683216 0.574986
vt 0.718711 0.585096
vt 0.685097 0.590096
vt 0.683216 0.574986
vt 0.718703 0.568905
vt 0.718711 0.585096
vt 0.718703 0.568905
vt 0.753981 0.585280
vt 0.718711 0.585096
vt 0.718703 0.568905
vt 0.755350 0.568943
vt 0.753981 0.585280
vt 0.755350 0.568943
vt 0.788780 0.591105
vt 0.753981 0.585280
vt 0.755350 0.568943
vt 0.791482 0.575147
vt 0.788780 0.591105
vt 0.791482 0.575147
vt 0.821089 0.601759
vt 0.788780 0.591105
vt 0.791482 0.575147
vt 0.825457 0.587185
vt 0.821089 0.601759
vt 0.825457 0.587185
vt 0.855632 0.604721
vt 0.848888 0.616430
vt 0.825457 0.587185
vt 0.848888 0.616430
vt 0.821089 0.601759
vt 0.830284 0.908352
vt 0.795740 0.905390
vt 0.825576 0.895661
vt 0.830284 0.908352
vt 0.797630 0.920501
vt 0.795740 0.905390
vt 0.797630 0.920501
vt 0.762125 0.910390
vt 0.795740 0.905390
vt 0.797630 0.920501
vt 0.762142 0.926581
vt 0.762125 0.910390
vt 0.762142 0.926581
vt 0.726854 0.910205
vt 0.762125 0.910390
vt 0.762142 0.926581
vt 0.725495 0.926544
vt 0.726854 0.910205
vt 0.725495 0.926544
vt 0.692056 0.904381
vt 0.726854 0.910205
vt 0.725495 0.926544
vt 0.689363 0.920339
vt 0.692056 0.904381
vt 0.689363 0.920339
vt 0.659748 0.893727
vt 0.692056 0.904381
vt 0.689363 0.920339
vt 0.655389 0.908302
vt 0.659748 0.893727
vt 0.655389 0.908302
vt 0.625214 0.890765
vt 0.631951 0.879056
vt 0.655389 0.908302
vt 0.631951 0.879056
vt 0.659748 0.893727
vt 0.888885 0.869691
vt 0.858659 0.889797
vt 0.881311 0.864493
vt 0.907542 0.837541
vt 0.888885 0.869691
vt 0.881311 0.864493
vt 0.907542 0.837541
vt 0.881311 0.864493
vt 0.898446 0.833895
vt 0.888885 0.869691
vt 0.864345 0.896558
vt 0.858659 0.889797
vt 0.864345 0.896558
vt 0.830284 0.908352
vt 0.858659 0.889797
vt 0.864345 0.896558
vt 0.834091 0.916562
vt 0.830284 0.908352
vt 0.622076 0.605681
vt 0.599088 0.630955
vt 0.591971 0.625796
vt 0.599088 0.630955
vt 0.573313 0.657946
vt 0.591971 0.625796
vt 0.599088 0.630955
vt 0.581618 0.661525
vt 0.573313 0.657946
vt 0.622076 0.605681
vt 0.591971 0.625796
vt 0.616511 0.598930
vt 0.616511 0.598930
vt 0.650563 0.587134
vt 0.622076 0.605681
vt 0.616511 0.598930
vt 0.646765 0.578926
vt 0.650563 0.587134
vt 0.920148 0.801686
vt 0.898446 0.833895
vt 0.910266 0.799455
vt 0.920148 0.801686
vt 0.907542 0.837541
vt 0.898446 0.833895
vt 0.834091 0.916562
vt 0.797630 0.920501
vt 0.830284 0.908352
vt 0.834091 0.916562
vt 0.799686 0.929801
vt 0.797630 0.920501
vt 0.646765 0.578926
vt 0.683216 0.574986
vt 0.650563 0.587134
vt 0.646765 0.578926
vt 0.681169 0.565687
vt 0.683216 0.574986
vt 0.926536 0.763705
vt 0.920148 0.801686
vt 0.910266 0.799455
vt 0.926536 0.763705
vt 0.910266 0.799455
vt 0.916388 0.762834
vt 0.926536 0.725175
vt 0.916388 0.762834
vt 0.916424 0.725691
vt 0.926536 0.725175
vt 0.926536 0.763705
vt 0.916388 0.762834
vt 0.920053 0.687683
vt 0.926536 0.725175
vt 0.916424 0.725691
vt 0.920053 0.687683
vt 0.916424 0.725691
vt 0.910481 0.689728
vt 0.906991 0.652813
vt 0.920053 0.687683
vt 0.910481 0.689728
vt 0.906991 0.652813
vt 0.910481 0.689728
vt 0.898664 0.656647
vt 0.887254 0.622149
vt 0.906991 0.652813
vt 0.898664 0.656647
vt 0.887254 0.622149
vt 0.898664 0.656647
vt 0.880528 0.627846
vt 0.860746 0.597277
vt 0.887254 0.622149
vt 0.880528 0.627846
vt 0.860746 0.597277
vt 0.880528 0.627846
vt 0.855632 0.604721
vt 0.829026 0.578367
vt 0.860746 0.597277
vt 0.855632 0.604721
vt 0.829026 0.578367
vt 0.855632 0.604721
vt 0.825457 0.587185
vt 0.681169 0.565687
vt 0.718703 0.568905
vt 0.683216 0.574986
vt 0.681169 0.565687
vt 0.718161 0.559116
vt 0.718703 0.568905
vt 0.799686 0.929801
vt 0.762142 0.926581
vt 0.797630 0.920501
vt 0.799686 0.929801
vt 0.762694 0.936372
vt 0.762142 0.926581
vt 0.793649 0.565590
vt 0.829026 0.578367
vt 0.825457 0.587185
vt 0.793649 0.565590
vt 0.825457 0.587185
vt 0.791482 0.575147
vt 0.718161 0.559116
vt 0.755350 0.568943
vt 0.718703 0.568905
vt 0.718161 0.559116
vt 0.756175 0.559116
vt 0.755350 0.568943
vt 0.756175 0.559116
vt 0.793649 0.565590
vt 0.791482 0.575147
vt 0.756175 0.559116
vt 0.791482 0.575147
vt 0.755350 0.568943
vt 0.762694 0.936372
vt 0.725495 0.926544
vt 0.762142 0.926581
vt 0.762694 0.936372
vt 0.724680 0.936372
vt 0.725495 0.926544
vt 0.651830 0.917121
vt 0.625214 0.890765
vt 0.655389 0.908302
vt 0.651830 0.917121
vt 0.620109 0.898210
vt 0.625214 0.890765
vt 0.620109 0.898210
vt 0.600207 0.867631
vt 0.625214 0.890765
vt 0.620109 0.898210
vt 0.593602 0.873338
vt 0.600207 0.867631
vt 0.581736 0.838801
vt 0.600207 0.867631
vt 0.593602 0.873338
vt 0.581736 0.838801
vt 0.593602 0.873338
vt 0.573865 0.842675
vt 0.569582 0.805691
vt 0.581736 0.838801
vt 0.573865 0.842675
vt 0.569582 0.805691
vt 0.573865 0.842675
vt 0.560802 0.807804
vt 0.687206 0.929898
vt 0.651830 0.917121
vt 0.655389 0.908302
vt 0.687206 0.929898
vt 0.655389 0.908302
vt 0.689363 0.920339
vt 0.724680 0.936372
vt 0.687206 0.929898
vt 0.689363 0.920339
vt 0.724680 0.936372
vt 0.689363 0.920339
vt 0.725495 0.926544
vt 0.581618 0.661525
vt 0.560706 0.693801
vt 0.573313 0.657946
vt 0.581618 0.661525
vt 0.569685 0.695954
vt 0.560706 0.693801
vt 0.563526 0.769719
vt 0.569582 0.805691
vt 0.560802 0.807804
vt 0.563526 0.769719
vt 0.560802 0.807804
vt 0.554319 0.770312
vt 0.563563 0.732576
vt 0.563526 0.769719
vt 0.554319 0.770312
vt 0.563563 0.732576
vt 0.554319 0.770312
vt 0.554319 0.731783
vt 0.569685 0.695954
vt 0.554319 0.731783
vt 0.560706 0.693801
vt 0.569685 0.695954
vt 0.563563 0.732576
vt 0.554319 0.731783
vt 0.739676 0.228531
vt 0.697904 0.192798
vt 0.736417 0.189495
vt 0.739676 0.228531
vt 0.701784 0.231088
vt 0.697904 0.192798
vt 0.777454 0.224598
vt 0.739676 0.228531
vt 0.736417 0.189495
vt 0.777454 0.224598
vt 0.736417 0.189495
vt 0.774931 0.186192
vt 0.774931 0.186192
vt 0.736417 0.189495
vt 0.733159 0.150460
vt 0.774931 0.186192
vt 0.733159 0.150460
vt 0.771051 0.147905
vt 0.736417 0.189495
vt 0.695381 0.154394
vt 0.733159 0.150460
vt 0.736417 0.189495
vt 0.697904 0.192798
vt 0.695381 0.154394
vt 0.742800 0.265952
vt 0.701784 0.231088
vt 0.739676 0.228531
vt 0.742800 0.265952
vt 0.706212 0.267735
vt 0.701784 0.231088
vt 0.779165 0.261478
vt 0.742800 0.265952
vt 0.739676 0.228531
vt 0.779165 0.261478
vt 0.739676 0.228531
vt 0.777454 0.224598
vt 0.701784 0.231088
vt 0.660985 0.195967
vt 0.697904 0.192798
vt 0.701784 0.231088
vt 0.665399 0.232824
vt 0.660985 0.195967
vt 0.706212 0.267735
vt 0.665399 0.232824
vt 0.701784 0.231088
vt 0.706212 0.267735
vt 0.671160 0.267870
vt 0.665399 0.232824
vt 0.697904 0.192798
vt 0.660985 0.195967
vt 0.659226 0.158884
vt 0.697904 0.192798
vt 0.659226 0.158884
vt 0.695381 0.154394
vt 0.813609 0.220113
vt 0.777454 0.224598
vt 0.774931 0.186192
vt 0.813609 0.220113
vt 0.774931 0.186192
vt 0.811850 0.183028
vt 0.813741 0.255642
vt 0.777454 0.224598
vt 0.813609 0.220113
vt 0.813741 0.255642
vt 0.779165 0.261478
vt 0.777454 0.224598
vt 0.811850 0.183028
vt 0.774931 0.186192
vt 0.771051 0.147905
vt 0.811850 0.183028
vt 0.771051 0.147905
vt 0.807436 0.146173
vt 0.771051 0.147905
vt 0.733159 0.150460
vt 0.730035 0.113044
vt 0.771051 0.147905
vt 0.730035 0.113044
vt 0.766624 0.111262
vt 0.807436 0.146173
vt 0.771051 0.147905
vt 0.766624 0.111262
vt 0.807436 0.146173
vt 0.766624 0.111262
vt 0.801676 0.111131
vt 0.733159 0.150460
vt 0.693671 0.117519
vt 0.730035 0.113044
vt 0.733159 0.150460
vt 0.695381 0.154394
vt 0.693671 0.117519
vt 0.695381 0.154394
vt 0.659095 0.123359
vt 0.693671 0.117519
vt 0.695381 0.154394
vt 0.659226 0.158884
vt 0.659095 0.123359
vt 0.745655 0.300142
vt 0.706212 0.267735
vt 0.742800 0.265952
vt 0.745655 0.300142
vt 0.710374 0.301213
vt 0.706212 0.267735
vt 0.710374 0.301213
vt 0.671160 0.267870
vt 0.706212 0.267735
vt 0.710374 0.301213
vt 0.676956 0.299521
vt 0.671160 0.267870
vt 0.780611 0.295189
vt 0.745655 0.300142
vt 0.742800 0.265952
vt 0.780611 0.295189
vt 0.742800 0.265952
vt 0.779165 0.261478
vt 0.813274 0.287830
vt 0.780611 0.295189
vt 0.779165 0.261478
vt 0.813274 0.287830
vt 0.779165 0.261478
vt 0.813741 0.255642
vt 0.665399 0.232824
vt 0.627255 0.198864
vt 0.660985 0.195967
vt 0.665399 0.232824
vt 0.632143 0.234294
vt 0.627255 0.198864
vt 0.671160 0.267870
vt 0.632143 0.234294
vt 0.665399 0.232824
vt 0.671160 0.267870
vt 0.639405 0.267400
vt 0.632143 0.234294
vt 0.676956 0.299521
vt 0.639405 0.267400
vt 0.671160 0.267870
vt 0.676956 0.299521
vt 0.647586 0.296188
vt 0.639405 0.267400
vt 0.660985 0.195967
vt 0.627255 0.198864
vt 0.626200 0.163106
vt 0.660985 0.195967
vt 0.626200 0.163106
vt 0.659226 0.158884
vt 0.659226 0.158884
vt 0.626200 0.163106
vt 0.627871 0.129237
vt 0.659226 0.158884
vt 0.627871 0.129237
vt 0.659095 0.123359
vt 0.846636 0.215898
vt 0.813609 0.220113
vt 0.811850 0.183028
vt 0.846636 0.215898
vt 0.811850 0.183028
vt 0.845581 0.180140
vt 0.844966 0.249771
vt 0.813609 0.220113
vt 0.846636 0.215898
vt 0.844966 0.249771
vt 0.813741 0.255642
vt 0.813609 0.220113
vt 0.841674 0.279542
vt 0.813741 0.255642
vt 0.844966 0.249771
vt 0.841674 0.279542
vt 0.813274 0.287830
vt 0.813741 0.255642
vt 0.845581 0.180140
vt 0.811850 0.183028
vt 0.807436 0.146173
vt 0.845581 0.180140
vt 0.807436 0.146173
vt 0.840693 0.144711
vt 0.840693 0.144711
vt 0.807436 0.146173
vt 0.801676 0.111131
vt 0.840693 0.144711
vt 0.801676 0.111131
vt 0.833431 0.111608
vt 0.766624 0.111262
vt 0.730035 0.113044
vt 0.727181 0.078861
vt 0.766624 0.111262
vt 0.727181 0.078861
vt 0.762461 0.077792
vt 0.801676 0.111131
vt 0.766624 0.111262
vt 0.762461 0.077792
vt 0.801676 0.111131
vt 0.762461 0.077792
vt 0.795880 0.079487
vt 0.833431 0.111608
vt 0.801676 0.111131
vt 0.795880 0.079487
vt 0.833431 0.111608
vt 0.795880 0.079487
vt 0.825251 0.082826
vt 0.730035 0.113044
vt 0.692225 0.083816
vt 0.727181 0.078861
vt 0.730035 0.113044
vt 0.693671 0.117519
vt 0.692225 0.083816
vt 0.693671 0.117519
vt 0.659562 0.091178
vt 0.692225 0.083816
vt 0.693671 0.117519
vt 0.659095 0.123359
vt 0.659562 0.091178
vt 0.659095 0.123359
vt 0.631163 0.099472
vt 0.659562 0.091178
vt 0.659095 0.123359
vt 0.627871 0.129237
vt 0.631163 0.099472
vt 0.748105 0.329485
vt 0.710374 0.301213
vt 0.745655 0.300142
vt 0.748105 0.329485
vt 0.713461 0.329993
vt 0.710374 0.301213
vt 0.713461 0.329993
vt 0.676956 0.299521
vt 0.710374 0.301213
vt 0.713461 0.329993
vt 0.680866 0.326502
vt 0.676956 0.299521
vt 0.680866 0.326502
vt 0.647586 0.296188
vt 0.676956 0.299521
vt 0.680866 0.326502
vt 0.652773 0.319902
vt 0.647586 0.296188
vt 0.782340 0.324086
vt 0.748105 0.329485
vt 0.745655 0.300142
vt 0.782340 0.324086
vt 0.745655 0.300142
vt 0.780611 0.295189
vt 0.813893 0.315093
vt 0.782340 0.324086
vt 0.780611 0.295189
vt 0.813893 0.315093
vt 0.780611 0.295189
vt 0.813274 0.287830
vt 0.840491 0.303803
vt 0.813893 0.315093
vt 0.813274 0.287830
vt 0.840491 0.303803
vt 0.813274 0.287830
vt 0.841674 0.279542
vt 0.632143 0.234294
vt 0.598310 0.201351
vt 0.627255 0.198864
vt 0.632143 0.234294
vt 0.603637 0.236050
vt 0.598310 0.201351
vt 0.639405 0.267400
vt 0.603637 0.236050
vt 0.632143 0.234294
vt 0.639405 0.267400
vt 0.612512 0.268032
vt 0.603637 0.236050
vt 0.647586 0.296188
vt 0.612512 0.268032
vt 0.639405 0.267400
vt 0.647586 0.296188
vt 0.623654 0.294993
vt 0.612512 0.268032
vt 0.652773 0.319902
vt 0.623654 0.294993
vt 0.647586 0.296188
vt 0.652773 0.319902
vt 0.633802 0.312747
vt 0.623654 0.294993
vt 0.627255 0.198864
vt 0.598310 0.201351
vt 0.597809 0.166240
vt 0.627255 0.198864
vt 0.597809 0.166240
vt 0.626200 0.163106
vt 0.626200 0.163106
vt 0.597809 0.166240
vt 0.601255 0.133204
vt 0.626200 0.163106
vt 0.601255 0.133204
vt 0.627871 0.129237
vt 0.627871 0.129237
vt 0.601255 0.133204
vt 0.607770 0.104733
vt 0.627871 0.129237
vt 0.607770 0.104733
vt 0.631163 0.099472
vt 0.875028 0.212775
vt 0.846636 0.215898
vt 0.845581 0.180140
vt 0.875028 0.212775
vt 0.845581 0.180140
vt 0.874527 0.177663
vt 0.871582 0.245814
vt 0.846636 0.215898
vt 0.875028 0.212775
vt 0.871582 0.245814
vt 0.844966 0.249771
vt 0.846636 0.215898
vt 0.865068 0.274289
vt 0.844966 0.249771
vt 0.871582 0.245814
vt 0.865068 0.274289
vt 0.841674 0.279542
vt 0.844966 0.249771
vt 0.858007 0.293519
vt 0.841674 0.279542
vt 0.865068 0.274289
vt 0.858007 0.293519
vt 0.840491 0.303803
vt 0.841674 0.279542
vt 0.874527 0.177663
vt 0.845581 0.180140
vt 0.840693 0.144711
vt 0.874527 0.177663
vt 0.840693 0.144711
vt 0.869200 0.142965
vt 0.869200 0.142965
vt 0.840693 0.144711
vt 0.833431 0.111608
vt 0.869200 0.142965
vt 0.833431 0.111608
vt 0.860325 0.110986
vt 0.860325 0.110986
vt 0.833431 0.111608
vt 0.825251 0.082826
vt 0.860325 0.110986
vt 0.825251 0.082826
vt 0.849184 0.084029
vt 0.762461 0.077792
vt 0.727181 0.078861
vt 0.724732 0.049529
vt 0.762461 0.077792
vt 0.724732 0.049529
vt 0.759376 0.049022
vt 0.795880 0.079487
vt 0.762461 0.077792
vt 0.759376 0.049022
vt 0.795880 0.079487
vt 0.759376 0.049022
vt 0.791972 0.052516
vt 0.825251 0.082826
vt 0.795880 0.079487
vt 0.791972 0.052516
vt 0.825251 0.082826
vt 0.791972 0.052516
vt 0.820064 0.059120
vt 0.849184 0.084029
vt 0.825251 0.082826
vt 0.820064 0.059120
vt 0.849184 0.084029
vt 0.820064 0.059120
vt 0.839036 0.066279
vt 0.727181 0.078861
vt 0.690497 0.054929
vt 0.724732 0.049529
vt 0.727181 0.078861
vt 0.692225 0.083816
vt 0.690497 0.054929
vt 0.692225 0.083816
vt 0.658944 0.063925
vt 0.690497 0.054929
vt 0.692225 0.083816
vt 0.659562 0.091178
vt 0.658944 0.063925
vt 0.659562 0.091178
vt 0.632346 0.075219
vt 0.658944 0.063925
vt 0.659562 0.091178
vt 0.631163 0.099472
vt 0.632346 0.075219
vt 0.631163 0.099472
vt 0.614831 0.085507
vt 0.632346 0.075219
vt 0.631163 0.099472
vt 0.607770 0.104733
vt 0.614831 0.085507
vt 0.784897 0.346527
vt 0.748105 0.329485
vt 0.782340 0.324086
vt 0.784897 0.346527
vt 0.750015 0.352365
vt 0.748105 0.329485
vt 0.817283 0.335849
vt 0.782340 0.324086
vt 0.813893 0.315093
vt 0.817283 0.335849
vt 0.784897 0.346527
vt 0.782340 0.324086
vt 0.845147 0.321143
vt 0.813893 0.315093
vt 0.840491 0.303803
vt 0.845147 0.321143
vt 0.817283 0.335849
vt 0.813893 0.315093
vt 0.750015 0.352365
vt 0.713461 0.329993
vt 0.748105 0.329485
vt 0.750015 0.352365
vt 0.714660 0.352550
vt 0.713461 0.329993
vt 0.714660 0.352550
vt 0.680866 0.326502
vt 0.713461 0.329993
vt 0.714660 0.352550
vt 0.680965 0.347539
vt 0.680866 0.326502
vt 0.680965 0.347539
vt 0.652773 0.319902
vt 0.680866 0.326502
vt 0.680965 0.347539
vt 0.651059 0.337789
vt 0.652773 0.319902
vt 0.598310 0.201351
vt 0.603637 0.236050
vt 0.581504 0.238649
vt 0.598310 0.201351
vt 0.581504 0.238649
vt 0.575743 0.203294
vt 0.603637 0.236050
vt 0.612512 0.268032
vt 0.592040 0.271474
vt 0.603637 0.236050
vt 0.592040 0.271474
vt 0.581504 0.238649
vt 0.612512 0.268032
vt 0.623654 0.294993
vt 0.606550 0.299717
vt 0.612512 0.268032
vt 0.606550 0.299717
vt 0.592040 0.271474
vt 0.597809 0.166240
vt 0.598310 0.201351
vt 0.575743 0.203294
vt 0.597809 0.166240
vt 0.575743 0.203294
vt 0.575561 0.167461
vt 0.601255 0.133204
vt 0.597809 0.166240
vt 0.575561 0.167461
vt 0.601255 0.133204
vt 0.575561 0.167461
vt 0.580506 0.133311
vt 0.607770 0.104733
vt 0.601255 0.133204
vt 0.580506 0.133311
vt 0.607770 0.104733
vt 0.580506 0.133311
vt 0.590127 0.103001
vt 0.623654 0.294993
vt 0.633802 0.312747
vt 0.625926 0.322211
vt 0.623654 0.294993
vt 0.625926 0.322211
vt 0.606550 0.299717
vt 0.651059 0.337789
vt 0.625926 0.322211
vt 0.633802 0.312747
vt 0.651059 0.337789
vt 0.633802 0.312747
vt 0.652773 0.319902
vt 0.724732 0.049529
vt 0.690497 0.054929
vt 0.687941 0.032502
vt 0.724732 0.049529
vt 0.687941 0.032502
vt 0.722823 0.026663
vt 0.690497 0.054929
vt 0.658944 0.063925
vt 0.655555 0.043182
vt 0.690497 0.054929
vt 0.655555 0.043182
vt 0.687941 0.032502
vt 0.658944 0.063925
vt 0.632346 0.075219
vt 0.627691 0.057890
vt 0.658944 0.063925
vt 0.627691 0.057890
vt 0.655555 0.043182
vt 0.759376 0.049022
vt 0.724732 0.049529
vt 0.722823 0.026663
vt 0.759376 0.049022
vt 0.722823 0.026663
vt 0.758177 0.026478
vt 0.791972 0.052516
vt 0.759376 0.049022
vt 0.758177 0.026478
vt 0.791972 0.052516
vt 0.758177 0.026478
vt 0.791873 0.031491
vt 0.820064 0.059120
vt 0.791972 0.052516
vt 0.791873 0.031491
vt 0.820064 0.059120
vt 0.791873 0.031491
vt 0.821779 0.041244
vt 0.632346 0.075219
vt 0.614831 0.085507
vt 0.605498 0.077528
vt 0.632346 0.075219
vt 0.605498 0.077528
vt 0.627691 0.057890
vt 0.614831 0.085507
vt 0.590127 0.103001
vt 0.605498 0.077528
vt 0.614831 0.085507
vt 0.607770 0.104733
vt 0.590127 0.103001
vt 0.874527 0.177663
vt 0.869200 0.142965
vt 0.891334 0.140380
vt 0.874527 0.177663
vt 0.891334 0.140380
vt 0.897095 0.175734
vt 0.869200 0.142965
vt 0.860325 0.110986
vt 0.880798 0.107557
vt 0.869200 0.142965
vt 0.880798 0.107557
vt 0.891334 0.140380
vt 0.860325 0.110986
vt 0.849184 0.084029
vt 0.866288 0.079317
vt 0.860325 0.110986
vt 0.866288 0.079317
vt 0.880798 0.107557
vt 0.875028 0.212775
vt 0.874527 0.177663
vt 0.897095 0.175734
vt 0.875028 0.212775
vt 0.897095 0.175734
vt 0.897277 0.211567
vt 0.871582 0.245814
vt 0.875028 0.212775
vt 0.897277 0.211567
vt 0.871582 0.245814
vt 0.897277 0.211567
vt 0.892333 0.245720
vt 0.865068 0.274289
vt 0.871582 0.245814
vt 0.892333 0.245720
vt 0.865068 0.274289
vt 0.892333 0.245720
vt 0.882711 0.276033
vt 0.867340 0.301506
vt 0.840491 0.303803
vt 0.858007 0.293519
vt 0.867340 0.301506
vt 0.845147 0.321143
vt 0.840491 0.303803
vt 0.858007 0.293519
vt 0.882711 0.276033
vt 0.867340 0.301506
vt 0.858007 0.293519
vt 0.865068 0.274289
vt 0.882711 0.276033
vt 0.849184 0.084029
vt 0.839036 0.066279
vt 0.846912 0.056824
vt 0.849184 0.084029
vt 0.846912 0.056824
vt 0.866288 0.079317
vt 0.839036 0.066279
vt 0.821779 0.041244
vt 0.846912 0.056824
vt 0.839036 0.066279
vt 0.820064 0.059120
vt 0.821779 0.041244
vt 0.787601 0.362531
vt 0.750015 0.352365
vt 0.784897 0.346527
vt 0.787601 0.362531
vt 0.751383 0.368750
vt 0.750015 0.352365
vt 0.821657 0.350465
vt 0.784897 0.346527
vt 0.817283 0.335849
vt 0.821657 0.350465
vt 0.787601 0.362531
vt 0.784897 0.346527
vt 0.751383 0.368750
vt 0.714660 0.352550
vt 0.750015 0.352365
vt 0.751383 0.368750
vt 0.714648 0.368788
vt 0.714660 0.352550
vt 0.714648 0.368788
vt 0.680965 0.347539
vt 0.714660 0.352550
vt 0.714648 0.368788
vt 0.679076 0.362693
vt 0.680965 0.347539
vt 0.851905 0.332888
vt 0.817283 0.335849
vt 0.845147 0.321143
vt 0.851905 0.332888
vt 0.821657 0.350465
vt 0.817283 0.335849
vt 0.876916 0.309703
vt 0.845147 0.321143
vt 0.867340 0.301506
vt 0.876916 0.309703
vt 0.851905 0.332888
vt 0.845147 0.321143
vt 0.679076 0.362693
vt 0.651059 0.337789
vt 0.680965 0.347539
vt 0.679076 0.362693
vt 0.646344 0.350517
vt 0.651059 0.337789
vt 0.867340 0.301506
vt 0.895263 0.280818
vt 0.876916 0.309703
vt 0.867340 0.301506
vt 0.882711 0.276033
vt 0.895263 0.280818
vt 0.882711 0.276033
vt 0.907277 0.247643
vt 0.895263 0.280818
vt 0.882711 0.276033
vt 0.892333 0.245720
vt 0.907277 0.247643
vt 0.892333 0.245720
vt 0.913291 0.211588
vt 0.907277 0.247643
vt 0.892333 0.245720
vt 0.897277 0.211567
vt 0.913291 0.211588
vt 0.897277 0.211567
vt 0.913254 0.174356
vt 0.913291 0.211588
vt 0.897277 0.211567
vt 0.897095 0.175734
vt 0.913254 0.174356
vt 0.897095 0.175734
vt 0.891334 0.140380
vt 0.907118 0.137648
vt 0.897095 0.175734
vt 0.907118 0.137648
vt 0.913254 0.174356
vt 0.891334 0.140380
vt 0.880798 0.107557
vt 0.895213 0.103131
vt 0.891334 0.140380
vt 0.895213 0.103131
vt 0.907118 0.137648
vt 0.880798 0.107557
vt 0.866288 0.079317
vt 0.877869 0.072475
vt 0.880798 0.107557
vt 0.877869 0.072475
vt 0.895213 0.103131
vt 0.866288 0.079317
vt 0.846912 0.056824
vt 0.854994 0.047126
vt 0.866288 0.079317
vt 0.854994 0.047126
vt 0.877869 0.072475
vt 0.846912 0.056824
vt 0.826495 0.028530
vt 0.854994 0.047126
vt 0.846912 0.056824
vt 0.821779 0.041244
vt 0.826495 0.028530
vt 0.821779 0.041244
vt 0.793763 0.016352
vt 0.826495 0.028530
vt 0.821779 0.041244
vt 0.791873 0.031491
vt 0.793763 0.016352
vt 0.791873 0.031491
vt 0.758191 0.010257
vt 0.793763 0.016352
vt 0.791873 0.031491
vt 0.758177 0.026478
vt 0.758191 0.010257
vt 0.758177 0.026478
vt 0.721456 0.010293
vt 0.758191 0.010257
vt 0.758177 0.026478
vt 0.722823 0.026663
vt 0.721456 0.010293
vt 0.722823 0.026663
vt 0.687941 0.032502
vt 0.685238 0.016513
vt 0.722823 0.026663
vt 0.685238 0.016513
vt 0.721456 0.010293
vt 0.687941 0.032502
vt 0.655555 0.043182
vt 0.651182 0.028580
vt 0.687941 0.032502
vt 0.651182 0.028580
vt 0.685238 0.016513
vt 0.655555 0.043182
vt 0.627691 0.057890
vt 0.620935 0.046159
vt 0.655555 0.043182
vt 0.620935 0.046159
vt 0.651182 0.028580
vt 0.627691 0.057890
vt 0.605498 0.077528
vt 0.595924 0.069344
vt 0.627691 0.057890
vt 0.595924 0.069344
vt 0.620935 0.046159
vt 0.575743 0.203294
vt 0.581504 0.238649
vt 0.565721 0.241397
vt 0.575743 0.203294
vt 0.565721 0.241397
vt 0.559585 0.204687
vt 0.581504 0.238649
vt 0.592040 0.271474
vt 0.577627 0.275914
vt 0.581504 0.238649
vt 0.577627 0.275914
vt 0.565721 0.241397
vt 0.575561 0.167461
vt 0.575743 0.203294
vt 0.559585 0.204687
vt 0.575561 0.167461
vt 0.559585 0.204687
vt 0.559548 0.167456
vt 0.580506 0.133311
vt 0.575561 0.167461
vt 0.559548 0.167456
vt 0.580506 0.133311
vt 0.559548 0.167456
vt 0.565562 0.131403
vt 0.592040 0.271474
vt 0.606550 0.299717
vt 0.594970 0.306572
vt 0.592040 0.271474
vt 0.594970 0.306572
vt 0.577627 0.275914
vt 0.606550 0.299717
vt 0.625926 0.322211
vt 0.617845 0.331922
vt 0.606550 0.299717
vt 0.617845 0.331922
vt 0.594970 0.306572
vt 0.646344 0.350517
vt 0.617845 0.331922
vt 0.625926 0.322211
vt 0.646344 0.350517
vt 0.625926 0.322211
vt 0.651059 0.337789
vt 0.590127 0.103001
vt 0.580506 0.133311
vt 0.565562 0.131403
vt 0.590127 0.103001
vt 0.565562 0.131403
vt 0.577577 0.098229
vt 0.605498 0.077528
vt 0.577577 0.098229
vt 0.595924 0.069344
vt 0.605498 0.077528
vt 0.590127 0.103001
vt 0.577577 0.098229
vt 0.883598 0.315426
vt 0.851905 0.332888
vt 0.876916 0.309703
vt 0.883598 0.315426
vt 0.857027 0.340358
vt 0.851905 0.332888
vt 0.857027 0.340358
vt 0.821657 0.350465
vt 0.851905 0.332888
vt 0.857027 0.340358
vt 0.825230 0.359313
vt 0.821657 0.350465
vt 0.876916 0.309703
vt 0.903382 0.284689
vt 0.883598 0.315426
vt 0.876916 0.309703
vt 0.895263 0.280818
vt 0.903382 0.284689
vt 0.825230 0.359313
vt 0.787601 0.362531
vt 0.821657 0.350465
vt 0.825230 0.359313
vt 0.789770 0.372121
vt 0.787601 0.362531
vt 0.895263 0.280818
vt 0.916475 0.249735
vt 0.903382 0.284689
vt 0.895263 0.280818
vt 0.907277 0.247643
vt 0.916475 0.249735
vt 0.907277 0.247643
vt 0.922974 0.212153
vt 0.916475 0.249735
vt 0.907277 0.247643
vt 0.913291 0.211588
vt 0.922974 0.212153
vt 0.789770 0.372121
vt 0.751383 0.368750
vt 0.787601 0.362531
vt 0.789770 0.372121
vt 0.752206 0.378610
vt 0.751383 0.368750
vt 0.594970 0.306572
vt 0.617845 0.331922
vt 0.612207 0.338701
vt 0.594970 0.306572
vt 0.612207 0.338701
vt 0.587608 0.311771
vt 0.642533 0.358753
vt 0.612207 0.338701
vt 0.617845 0.331922
vt 0.642533 0.358753
vt 0.617845 0.331922
vt 0.646344 0.350517
vt 0.677020 0.372024
vt 0.642533 0.358753
vt 0.646344 0.350517
vt 0.677020 0.372024
vt 0.646344 0.350517
vt 0.679076 0.362693
vt 0.577627 0.275914
vt 0.594970 0.306572
vt 0.587608 0.311771
vt 0.577627 0.275914
vt 0.587608 0.311771
vt 0.568906 0.279543
vt 0.714100 0.378610
vt 0.677020 0.372024
vt 0.679076 0.362693
vt 0.714100 0.378610
vt 0.679076 0.362693
vt 0.714648 0.368788
vt 0.752206 0.378610
vt 0.714100 0.378610
vt 0.714648 0.368788
vt 0.752206 0.378610
vt 0.714648 0.368788
vt 0.751383 0.368750
vt 0.565721 0.241397
vt 0.577627 0.275914
vt 0.568906 0.279543
vt 0.565721 0.241397
vt 0.568906 0.279543
vt 0.556269 0.243602
vt 0.559585 0.204687
vt 0.565721 0.241397
vt 0.556269 0.243602
vt 0.559585 0.204687
vt 0.556269 0.243602
vt 0.549866 0.205530
vt 0.877869 0.072475
vt 0.854994 0.047126
vt 0.860634 0.040362
vt 0.877869 0.072475
vt 0.860634 0.040362
vt 0.885232 0.067292
vt 0.895213 0.103131
vt 0.877869 0.072475
vt 0.885232 0.067292
vt 0.895213 0.103131
vt 0.885232 0.067292
vt 0.903934 0.099519
vt 0.907118 0.137648
vt 0.895213 0.103131
vt 0.903934 0.099519
vt 0.907118 0.137648
vt 0.903934 0.099519
vt 0.916571 0.135459
vt 0.854994 0.047126
vt 0.830307 0.020309
vt 0.860634 0.040362
vt 0.854994 0.047126
vt 0.826495 0.028530
vt 0.830307 0.020309
vt 0.913254 0.174356
vt 0.907118 0.137648
vt 0.916571 0.135459
vt 0.913254 0.174356
vt 0.916571 0.135459
vt 0.922974 0.173531
vt 0.913291 0.211588
vt 0.922974 0.173531
vt 0.922974 0.212153
vt 0.913291 0.211588
vt 0.913254 0.174356
vt 0.922974 0.173531
vt 0.826495 0.028530
vt 0.795820 0.007038
vt 0.830307 0.020309
vt 0.826495 0.028530
vt 0.793763 0.016352
vt 0.795820 0.007038
vt 0.620935 0.046159
vt 0.595924 0.069344
vt 0.589243 0.063637
vt 0.620935 0.046159
vt 0.589243 0.063637
vt 0.615814 0.038705
vt 0.651182 0.028580
vt 0.620935 0.046159
vt 0.615814 0.038705
vt 0.651182 0.028580
vt 0.615814 0.038705
vt 0.647610 0.019749
vt 0.595924 0.069344
vt 0.569459 0.094374
vt 0.589243 0.063637
vt 0.595924 0.069344
vt 0.577577 0.098229
vt 0.569459 0.094374
vt 0.577577 0.098229
vt 0.556365 0.129327
vt 0.569459 0.094374
vt 0.577577 0.098229
vt 0.565562 0.131403
vt 0.556365 0.129327
vt 0.685238 0.016513
vt 0.651182 0.028580
vt 0.647610 0.019749
vt 0.685238 0.016513
vt 0.647610 0.019749
vt 0.683071 0.006941
vt 0.565562 0.131403
vt 0.549866 0.166909
vt 0.556365 0.129327
vt 0.565562 0.131403
vt 0.559548 0.167456
vt 0.549866 0.166909
vt 0.559548 0.167456
vt 0.549866 0.205530
vt 0.549866 0.166909
vt 0.559548 0.167456
vt 0.559585 0.204687
vt 0.549866 0.205530
vt 0.793763 0.016352
vt 0.758740 0.000451
vt 0.795820 0.007038
vt 0.793763 0.016352
vt 0.758191 0.010257
vt 0.758740 0.000451
vt 0.721456 0.010293
vt 0.685238 0.016513
vt 0.683071 0.006941
vt 0.721456 0.010293
vt 0.683071 0.006941
vt 0.720635 0.000451
vt 0.758191 0.010257
vt 0.720635 0.000451
vt 0.758740 0.000451
vt 0.758191 0.010257
vt 0.721456 0.010293
vt 0.720635 0.000451
vt 0.234367 0.572254
vt 0.231828 0.536101
vt 0.225735 0.536101
vt 0.234367 0.572254
vt 0.225735 0.536101
vt 0.228238 0.572884
vt 0.241293 0.608511
vt 0.234367 0.572254
vt 0.228238 0.572884
vt 0.241293 0.608511
vt 0.228238 0.572884
vt 0.235127 0.609805
vt 0.251960 0.644622
vt 0.241293 0.608511
vt 0.235127 0.609805
vt 0.251960 0.644622
vt 0.235127 0.609805
vt 0.245826 0.646604
vt 0.231828 0.536101
vt 0.228238 0.499318
vt 0.225735 0.536101
vt 0.231828 0.536101
vt 0.234366 0.499947
vt 0.228238 0.499318
vt 0.234366 0.499947
vt 0.235127 0.462397
vt 0.228238 0.499318
vt 0.234366 0.499947
vt 0.241293 0.463691
vt 0.235127 0.462397
vt 0.241293 0.463691
vt 0.245826 0.425598
vt 0.235127 0.462397
vt 0.241293 0.463691
vt 0.251961 0.427580
vt 0.245826 0.425598
vt 0.251961 0.427580
vt 0.259842 0.389440
vt 0.245826 0.425598
vt 0.251961 0.427580
vt 0.265806 0.392089
vt 0.259842 0.389440
vt 0.265806 0.680113
vt 0.251960 0.644622
vt 0.245826 0.646604
vt 0.265806 0.680113
vt 0.245826 0.646604
vt 0.259842 0.682762
vt 0.920303 0.516245
vt 0.928935 0.552399
vt 0.926396 0.516245
vt 0.920303 0.516245
vt 0.922806 0.553029
vt 0.928935 0.552399
vt 0.922806 0.553029
vt 0.935861 0.588655
vt 0.928935 0.552399
vt 0.922806 0.553029
vt 0.929695 0.589950
vt 0.935861 0.588655
vt 0.929695 0.589950
vt 0.946528 0.624766
vt 0.935861 0.588655
vt 0.929695 0.589950
vt 0.940394 0.626748
vt 0.946528 0.624766
vt 0.922806 0.479462
vt 0.920303 0.516245
vt 0.926396 0.516245
vt 0.922806 0.479462
vt 0.926396 0.516245
vt 0.928934 0.480092
vt 0.929695 0.442541
vt 0.922806 0.479462
vt 0.928934 0.480092
vt 0.929695 0.442541
vt 0.928934 0.480092
vt 0.935861 0.443835
vt 0.940394 0.405743
vt 0.929695 0.442541
vt 0.935861 0.443835
vt 0.940394 0.405743
vt 0.935861 0.443835
vt 0.946529 0.407724
vt 0.954410 0.369585
vt 0.940394 0.405743
vt 0.946529 0.407724
vt 0.954410 0.369585
vt 0.946529 0.407724
vt 0.960374 0.372234
vt 0.940394 0.626748
vt 0.960374 0.660257
vt 0.946528 0.624766
vt 0.940394 0.626748
vt 0.954410 0.662906
vt 0.960374 0.660257
vt 0.913797 0.545179
vt 0.911258 0.509026
vt 0.905165 0.509026
vt 0.913797 0.545179
vt 0.905165 0.509026
vt 0.907668 0.545809
vt 0.920723 0.581436
vt 0.913797 0.545179
vt 0.907668 0.545809
vt 0.920723 0.581436
vt 0.907668 0.545809
vt 0.914557 0.582730
vt 0.931391 0.617547
vt 0.920723 0.581436
vt 0.914557 0.582730
vt 0.931391 0.617547
vt 0.914557 0.582730
vt 0.925256 0.619528
vt 0.907668 0.472242
vt 0.905165 0.509026
vt 0.911258 0.509026
vt 0.907668 0.472242
vt 0.911258 0.509026
vt 0.913796 0.472872
vt 0.914557 0.435321
vt 0.907668 0.472242
vt 0.913796 0.472872
vt 0.914557 0.435321
vt 0.913796 0.472872
vt 0.920723 0.436616
vt 0.925256 0.398523
vt 0.914557 0.435321
vt 0.920723 0.436616
vt 0.925256 0.398523
vt 0.920723 0.436616
vt 0.931391 0.400504
vt 0.939272 0.362365
vt 0.925256 0.398523
vt 0.931391 0.400504
vt 0.939272 0.362365
vt 0.931391 0.400504
vt 0.945236 0.365013
vt 0.945236 0.653037
vt 0.931391 0.617547
vt 0.925256 0.619528
vt 0.945236 0.653037
vt 0.925256 0.619528
vt 0.939272 0.655686
vt 0.531612 0.912906
vt 0.567282 0.921655
vt 0.531612 0.919082
vt 0.531612 0.912906
vt 0.567903 0.915444
vt 0.567282 0.921655
vt 0.567903 0.915444
vt 0.603055 0.928675
vt 0.567282 0.921655
vt 0.567903 0.915444
vt 0.604331 0.922425
vt 0.603055 0.928675
vt 0.604331 0.922425
vt 0.638683 0.939487
vt 0.603055 0.928675
vt 0.604331 0.922425
vt 0.640639 0.933269
vt 0.638683 0.939487
vt 0.531612 0.919082
vt 0.495320 0.915443
vt 0.531612 0.912906
vt 0.531612 0.919082
vt 0.495941 0.921655
vt 0.495320 0.915443
vt 0.495941 0.921655
vt 0.458892 0.922425
vt 0.495320 0.915443
vt 0.495941 0.921655
vt 0.460169 0.928675
vt 0.458892 0.922425
vt 0.460169 0.928675
vt 0.422585 0.933270
vt 0.458892 0.922425
vt 0.460169 0.928675
vt 0.424540 0.939487
vt 0.422585 0.933270
vt 0.424540 0.939487
vt 0.386910 0.947475
vt 0.422585 0.933270
vt 0.424540 0.939487
vt 0.389523 0.953520
vt 0.386910 0.947475
vt 0.640639 0.933269
vt 0.673700 0.953520
vt 0.638683 0.939487
vt 0.640639 0.933269
vt 0.676313 0.947475
vt 0.673700 0.953520
vt 0.212874 0.924363
vt 0.177204 0.921789
vt 0.177204 0.915614
vt 0.212874 0.924363
vt 0.177204 0.915614
vt 0.213496 0.918151
vt 0.248647 0.931382
vt 0.212874 0.924363
vt 0.213496 0.918151
vt 0.248647 0.931382
vt 0.213496 0.918151
vt 0.249924 0.925133
vt 0.284275 0.942194
vt 0.248647 0.931382
vt 0.249924 0.925133
vt 0.284275 0.942194
vt 0.249924 0.925133
vt 0.286231 0.935977
vt 0.177204 0.921789
vt 0.140912 0.918151
vt 0.177204 0.915614
vt 0.177204 0.921789
vt 0.141533 0.924362
vt 0.140912 0.918151
vt 0.141533 0.924362
vt 0.104484 0.925133
vt 0.140912 0.918151
vt 0.141533 0.924362
vt 0.105761 0.931382
vt 0.104484 0.925133
vt 0.105761 0.931382
vt 0.068177 0.935977
vt 0.104484 0.925133
vt 0.105761 0.931382
vt 0.070132 0.942195
vt 0.068177 0.935977
vt 0.070132 0.942195
vt 0.032502 0.950183
vt 0.068177 0.935977
vt 0.070132 0.942195
vt 0.035116 0.956227
vt 0.032502 0.950183
vt 0.319292 0.956227
vt 0.284275 0.942194
vt 0.286231 0.935977
vt 0.319292 0.956227
vt 0.286231 0.935977
vt 0.321906 0.950183
vt 0.859751 0.479242
vt 0.868383 0.515395
vt 0.865844 0.479242
vt 0.859751 0.479242
vt 0.862254 0.516025
vt 0.868383 0.515395
vt 0.862254 0.516025
vt 0.875309 0.551652
vt 0.868383 0.515395
vt 0.862254 0.516025
vt 0.869143 0.552947
vt 0.875309 0.551652
vt 0.869143 0.552947
vt 0.885976 0.587763
vt 0.875309 0.551652
vt 0.869143 0.552947
vt 0.879842 0.589745
vt 0.885976 0.587763
vt 0.862254 0.442459
vt 0.859751 0.479242
vt 0.865844 0.479242
vt 0.862254 0.442459
vt 0.865844 0.479242
vt 0.868382 0.443089
vt 0.869143 0.405538
vt 0.862254 0.442459
vt 0.868382 0.443089
vt 0.869143 0.405538
vt 0.868382 0.443089
vt 0.875309 0.406832
vt 0.879842 0.368739
vt 0.869143 0.405538
vt 0.875309 0.406832
vt 0.879842 0.368739
vt 0.875309 0.406832
vt 0.885977 0.370721
vt 0.893858 0.332581
vt 0.879842 0.368739
vt 0.885977 0.370721
vt 0.893858 0.332581
vt 0.885977 0.370721
vt 0.899822 0.335230
vt 0.879842 0.589745
vt 0.899822 0.623254
vt 0.885976 0.587763
vt 0.879842 0.589745
vt 0.893858 0.625903
vt 0.899822 0.623254
vt 0.886465 0.492780
vt 0.895097 0.528933
vt 0.892558 0.492780
vt 0.886465 0.492780
vt 0.888968 0.529563
vt 0.895097 0.528933
vt 0.888968 0.529563
vt 0.902023 0.565190
vt 0.895097 0.528933
vt 0.888968 0.529563
vt 0.895857 0.566484
vt 0.902023 0.565190
vt 0.895857 0.566484
vt 0.912690 0.601301
vt 0.902023 0.565190
vt 0.895857 0.566484
vt 0.906556 0.603283
vt 0.912690 0.601301
vt 0.892558 0.492780
vt 0.888968 0.455997
vt 0.886465 0.492780
vt 0.892558 0.492780
vt 0.895096 0.456627
vt 0.888968 0.455997
vt 0.895096 0.456627
vt 0.895857 0.419076
vt 0.888968 0.455997
vt 0.895096 0.456627
vt 0.902023 0.420370
vt 0.895857 0.419076
vt 0.902023 0.420370
vt 0.906556 0.382277
vt 0.895857 0.419076
vt 0.902023 0.420370
vt 0.912691 0.384259
vt 0.906556 0.382277
vt 0.912691 0.384259
vt 0.920572 0.346119
vt 0.906556 0.382277
vt 0.912691 0.384259
vt 0.926536 0.348768
vt 0.920572 0.346119
vt 0.906556 0.603283
vt 0.926536 0.636792
vt 0.912690 0.601301
vt 0.906556 0.603283
vt 0.920572 0.639440
vt 0.926536 0.636792
vt 0.568173 0.907215
vt 0.532503 0.904641
vt 0.532503 0.898466
vt 0.568173 0.907215
vt 0.532503 0.898466
vt 0.568795 0.901003
vt 0.603945 0.914234
vt 0.568173 0.907215
vt 0.568795 0.901003
vt 0.603945 0.914234
vt 0.568795 0.901003
vt 0.605222 0.907985
vt 0.639574 0.925046
vt 0.603945 0.914234
vt 0.605222 0.907985
vt 0.639574 0.925046
vt 0.605222 0.907985
vt 0.641529 0.918829
vt 0.496211 0.901003
vt 0.532503 0.898466
vt 0.532503 0.904641
vt 0.496211 0.901003
vt 0.532503 0.904641
vt 0.496832 0.907214
vt 0.459783 0.907985
vt 0.496211 0.901003
vt 0.496832 0.907214
vt 0.459783 0.907985
vt 0.496832 0.907214
vt 0.461060 0.914234
vt 0.423476 0.918829
vt 0.459783 0.907985
vt 0.461060 0.914234
vt 0.423476 0.918829
vt 0.461060 0.914234
vt 0.425431 0.925047
vt 0.387801 0.933034
vt 0.423476 0.918829
vt 0.425431 0.925047
vt 0.387801 0.933034
vt 0.425431 0.925047
vt 0.390414 0.939079
vt 0.674590 0.939079
vt 0.639574 0.925046
vt 0.641529 0.918829
vt 0.674590 0.939079
vt 0.641529 0.918829
vt 0.677204 0.933035
vt 0.462742 0.428474
vt 0.459484 0.467509
vt 0.497997 0.470812
vt 0.462742 0.428474
vt 0.497997 0.470812
vt 0.500520 0.432407
vt 0.459484 0.467509
vt 0.494117 0.509101
vt 0.497997 0.470812
vt 0.459484 0.467509
vt 0.456225 0.506544
vt 0.494117 0.509101
vt 0.420970 0.464206
vt 0.456225 0.506544
vt 0.459484 0.467509
vt 0.420970 0.464206
vt 0.418447 0.502611
vt 0.456225 0.506544
vt 0.424850 0.425917
vt 0.420970 0.464206
vt 0.459484 0.467509
vt 0.424850 0.425917
vt 0.459484 0.467509
vt 0.462742 0.428474
vt 0.418447 0.502611
vt 0.453101 0.543963
vt 0.456225 0.506544
vt 0.418447 0.502611
vt 0.416737 0.539489
vt 0.453101 0.543963
vt 0.456225 0.506544
vt 0.453101 0.543963
vt 0.489690 0.545745
vt 0.456225 0.506544
vt 0.489690 0.545745
vt 0.494117 0.509101
vt 0.494117 0.509101
vt 0.489690 0.545745
vt 0.524742 0.545879
vt 0.494117 0.509101
vt 0.524742 0.545879
vt 0.530502 0.510835
vt 0.497997 0.470812
vt 0.494117 0.509101
vt 0.530502 0.510835
vt 0.497997 0.470812
vt 0.530502 0.510835
vt 0.534916 0.473978
vt 0.500520 0.432407
vt 0.497997 0.470812
vt 0.534916 0.473978
vt 0.500520 0.432407
vt 0.534916 0.473978
vt 0.536675 0.436894
vt 0.429278 0.389273
vt 0.424850 0.425917
vt 0.462742 0.428474
vt 0.429278 0.389273
vt 0.462742 0.428474
vt 0.465866 0.391055
vt 0.465866 0.391055
vt 0.462742 0.428474
vt 0.500520 0.432407
vt 0.465866 0.391055
vt 0.500520 0.432407
vt 0.502230 0.395529
vt 0.502230 0.395529
vt 0.500520 0.432407
vt 0.536675 0.436894
vt 0.502230 0.395529
vt 0.536675 0.436894
vt 0.536806 0.401367
vt 0.394225 0.389139
vt 0.424850 0.425917
vt 0.429278 0.389273
vt 0.394225 0.389139
vt 0.388465 0.424183
vt 0.424850 0.425917
vt 0.388465 0.424183
vt 0.420970 0.464206
vt 0.424850 0.425917
vt 0.388465 0.424183
vt 0.384051 0.461040
vt 0.420970 0.464206
vt 0.384051 0.461040
vt 0.418447 0.502611
vt 0.420970 0.464206
vt 0.384051 0.461040
vt 0.382292 0.498124
vt 0.418447 0.502611
vt 0.382292 0.498124
vt 0.416737 0.539489
vt 0.418447 0.502611
vt 0.382292 0.498124
vt 0.382161 0.533651
vt 0.416737 0.539489
vt 0.362471 0.389613
vt 0.388465 0.424183
vt 0.394225 0.389139
vt 0.362471 0.389613
vt 0.355208 0.422718
vt 0.388465 0.424183
vt 0.335577 0.388986
vt 0.355208 0.422718
vt 0.362471 0.389613
vt 0.346718 0.362027
vt 0.335577 0.388986
vt 0.362471 0.389613
vt 0.346718 0.362027
vt 0.362471 0.389613
vt 0.370651 0.360828
vt 0.370651 0.360828
vt 0.362471 0.389613
vt 0.394225 0.389139
vt 0.356867 0.344275
vt 0.346718 0.362027
vt 0.370651 0.360828
vt 0.356867 0.344275
vt 0.370651 0.360828
vt 0.375838 0.337118
vt 0.375838 0.337118
vt 0.370651 0.360828
vt 0.400021 0.357492
vt 0.370651 0.360828
vt 0.394225 0.389139
vt 0.400021 0.357492
vt 0.400021 0.357492
vt 0.394225 0.389139
vt 0.429278 0.389273
vt 0.400021 0.357492
vt 0.429278 0.389273
vt 0.433440 0.355799
vt 0.375838 0.337118
vt 0.400021 0.357492
vt 0.403930 0.330516
vt 0.403930 0.330516
vt 0.400021 0.357492
vt 0.433440 0.355799
vt 0.335577 0.388986
vt 0.326702 0.420966
vt 0.355208 0.422718
vt 0.355208 0.422718
vt 0.350321 0.458147
vt 0.384051 0.461040
vt 0.355208 0.422718
vt 0.384051 0.461040
vt 0.388465 0.424183
vt 0.350321 0.458147
vt 0.382292 0.498124
vt 0.384051 0.461040
vt 0.350321 0.458147
vt 0.349265 0.493905
vt 0.382292 0.498124
vt 0.320874 0.490777
vt 0.350936 0.527776
vt 0.349265 0.493905
vt 0.349265 0.493905
vt 0.350936 0.527776
vt 0.382161 0.533651
vt 0.321375 0.455665
vt 0.320874 0.490777
vt 0.349265 0.493905
vt 0.321375 0.455665
vt 0.349265 0.493905
vt 0.350321 0.458147
vt 0.326702 0.420966
vt 0.321375 0.455665
vt 0.350321 0.458147
vt 0.326702 0.420966
vt 0.350321 0.458147
vt 0.355208 0.422718
vt 0.349265 0.493905
vt 0.382161 0.533651
vt 0.382292 0.498124
vt 0.320874 0.490777
vt 0.324320 0.523814
vt 0.350936 0.527776
vt 0.324320 0.523814
vt 0.354228 0.557544
vt 0.350936 0.527776
vt 0.350936 0.527776
vt 0.354228 0.557544
vt 0.382628 0.565835
vt 0.350936 0.527776
vt 0.382628 0.565835
vt 0.382161 0.533651
vt 0.354228 0.557544
vt 0.382009 0.593094
vt 0.382628 0.565835
vt 0.382628 0.565835
vt 0.382009 0.593094
vt 0.413562 0.602088
vt 0.403930 0.330516
vt 0.433440 0.355799
vt 0.436526 0.327023
vt 0.436526 0.327023
vt 0.433440 0.355799
vt 0.468720 0.356869
vt 0.436526 0.327023
vt 0.468720 0.356869
vt 0.471170 0.327531
vt 0.471170 0.327531
vt 0.468720 0.356869
vt 0.503677 0.361822
vt 0.471170 0.327531
vt 0.503677 0.361822
vt 0.505405 0.332930
vt 0.505405 0.332930
vt 0.503677 0.361822
vt 0.536339 0.369183
vt 0.503677 0.361822
vt 0.536806 0.401367
vt 0.536339 0.369183
vt 0.433440 0.355799
vt 0.465866 0.391055
vt 0.468720 0.356869
vt 0.468720 0.356869
vt 0.465866 0.391055
vt 0.502230 0.395529
vt 0.468720 0.356869
vt 0.502230 0.395529
vt 0.503677 0.361822
vt 0.433440 0.355799
vt 0.429278 0.389273
vt 0.465866 0.391055
vt 0.503677 0.361822
vt 0.502230 0.395529
vt 0.536806 0.401367
vt 0.505405 0.332930
vt 0.536339 0.369183
vt 0.536958 0.341925
vt 0.324320 0.523814
vt 0.330835 0.552287
vt 0.354228 0.557544
vt 0.330835 0.552287
vt 0.355411 0.581801
vt 0.354228 0.557544
vt 0.354228 0.557544
vt 0.355411 0.581801
vt 0.382009 0.593094
vt 0.536958 0.341925
vt 0.536339 0.369183
vt 0.564739 0.377474
vt 0.536339 0.369183
vt 0.568031 0.407242
vt 0.564739 0.377474
vt 0.536339 0.369183
vt 0.536806 0.401367
vt 0.568031 0.407242
vt 0.564739 0.377474
vt 0.568031 0.407242
vt 0.594647 0.411204
vt 0.568031 0.407242
vt 0.598093 0.444241
vt 0.594647 0.411204
vt 0.536958 0.341925
vt 0.564739 0.377474
vt 0.563556 0.353217
vt 0.563556 0.353217
vt 0.564739 0.377474
vt 0.588133 0.382731
vt 0.564739 0.377474
vt 0.594647 0.411204
vt 0.588133 0.382731
vt 0.568031 0.407242
vt 0.569702 0.441113
vt 0.598093 0.444241
vt 0.536806 0.401367
vt 0.569702 0.441113
vt 0.568031 0.407242
vt 0.563759 0.512300
vt 0.583391 0.546032
vt 0.592265 0.514052
vt 0.534916 0.473978
vt 0.530502 0.510835
vt 0.563759 0.512300
vt 0.536675 0.436894
vt 0.568646 0.476871
vt 0.569702 0.441113
vt 0.536675 0.436894
vt 0.534916 0.473978
vt 0.568646 0.476871
vt 0.534916 0.473978
vt 0.563759 0.512300
vt 0.568646 0.476871
vt 0.568646 0.476871
vt 0.563759 0.512300
vt 0.592265 0.514052
vt 0.568646 0.476871
vt 0.592265 0.514052
vt 0.597592 0.479353
vt 0.569702 0.441113
vt 0.568646 0.476871
vt 0.597592 0.479353
vt 0.569702 0.441113
vt 0.597592 0.479353
vt 0.598093 0.444241
vt 0.536806 0.401367
vt 0.536675 0.436894
vt 0.569702 0.441113
vt 0.563759 0.512300
vt 0.556496 0.545405
vt 0.583391 0.546032
vt 0.556496 0.545405
vt 0.572249 0.572991
vt 0.583391 0.546032
vt 0.530502 0.510835
vt 0.556496 0.545405
vt 0.563759 0.512300
vt 0.530502 0.510835
vt 0.524742 0.545879
vt 0.556496 0.545405
vt 0.556496 0.545405
vt 0.548316 0.574190
vt 0.572249 0.572991
vt 0.524742 0.545879
vt 0.548316 0.574190
vt 0.556496 0.545405
vt 0.548316 0.574190
vt 0.562101 0.590743
vt 0.572249 0.572991
vt 0.548316 0.574190
vt 0.543129 0.597900
vt 0.562101 0.590743
vt 0.518946 0.577526
vt 0.543129 0.597900
vt 0.548316 0.574190
vt 0.524742 0.545879
vt 0.518946 0.577526
vt 0.548316 0.574190
vt 0.489690 0.545745
vt 0.518946 0.577526
vt 0.524742 0.545879
vt 0.489690 0.545745
vt 0.485527 0.579219
vt 0.518946 0.577526
vt 0.485527 0.579219
vt 0.515037 0.604502
vt 0.518946 0.577526
vt 0.518946 0.577526
vt 0.515037 0.604502
vt 0.543129 0.597900
vt 0.485527 0.579219
vt 0.482441 0.607995
vt 0.515037 0.604502
vt 0.382161 0.533651
vt 0.382628 0.565835
vt 0.415290 0.573196
vt 0.382628 0.565835
vt 0.413562 0.602088
vt 0.415290 0.573196
vt 0.415290 0.573196
vt 0.413562 0.602088
vt 0.447797 0.607487
vt 0.415290 0.573196
vt 0.447797 0.607487
vt 0.450247 0.578149
vt 0.450247 0.578149
vt 0.447797 0.607487
vt 0.482441 0.607995
vt 0.450247 0.578149
vt 0.482441 0.607995
vt 0.485527 0.579219
vt 0.453101 0.543963
vt 0.450247 0.578149
vt 0.485527 0.579219
vt 0.453101 0.543963
vt 0.485527 0.579219
vt 0.489690 0.545745
vt 0.416737 0.539489
vt 0.450247 0.578149
vt 0.453101 0.543963
vt 0.416737 0.539489
vt 0.415290 0.573196
vt 0.450247 0.578149
vt 0.382161 0.533651
vt 0.415290 0.573196
vt 0.416737 0.539489
vt 0.563556 0.353217
vt 0.588133 0.382731
vt 0.581072 0.363503
vt 0.581072 0.363503
vt 0.588133 0.382731
vt 0.605775 0.380993
vt 0.588133 0.382731
vt 0.615397 0.411304
vt 0.605775 0.380993
vt 0.594647 0.411204
vt 0.598093 0.444241
vt 0.620342 0.445456
vt 0.588133 0.382731
vt 0.594647 0.411204
vt 0.615397 0.411304
vt 0.594647 0.411204
vt 0.620342 0.445456
vt 0.615397 0.411304
vt 0.581072 0.363503
vt 0.605775 0.380993
vt 0.590404 0.355520
vt 0.590404 0.355520
vt 0.563556 0.353217
vt 0.581072 0.363503
vt 0.590404 0.355520
vt 0.568212 0.335882
vt 0.563556 0.353217
vt 0.568212 0.335882
vt 0.536958 0.341925
vt 0.563556 0.353217
vt 0.568212 0.335882
vt 0.540347 0.321176
vt 0.536958 0.341925
vt 0.330835 0.552287
vt 0.337895 0.571515
vt 0.355411 0.581801
vt 0.313192 0.554025
vt 0.337895 0.571515
vt 0.330835 0.552287
vt 0.303570 0.523714
vt 0.313192 0.554025
vt 0.330835 0.552287
vt 0.298625 0.489562
vt 0.324320 0.523814
vt 0.320874 0.490777
vt 0.303570 0.523714
vt 0.330835 0.552287
vt 0.324320 0.523814
vt 0.298625 0.489562
vt 0.303570 0.523714
vt 0.324320 0.523814
vt 0.313192 0.554025
vt 0.328563 0.579498
vt 0.337895 0.571515
vt 0.328563 0.579498
vt 0.355411 0.581801
vt 0.337895 0.571515
vt 0.328563 0.579498
vt 0.350756 0.599136
vt 0.355411 0.581801
vt 0.350756 0.599136
vt 0.382009 0.593094
vt 0.355411 0.581801
vt 0.350756 0.599136
vt 0.378620 0.613842
vt 0.382009 0.593094
vt 0.540347 0.321176
vt 0.505405 0.332930
vt 0.536958 0.341925
vt 0.540347 0.321176
vt 0.507962 0.310497
vt 0.505405 0.332930
vt 0.378620 0.613842
vt 0.413562 0.602088
vt 0.382009 0.593094
vt 0.378620 0.613842
vt 0.411006 0.624522
vt 0.413562 0.602088
vt 0.411006 0.624522
vt 0.447797 0.607487
vt 0.413562 0.602088
vt 0.411006 0.624522
vt 0.445888 0.630360
vt 0.447797 0.607487
vt 0.507962 0.310497
vt 0.471170 0.327531
vt 0.505405 0.332930
vt 0.507962 0.310497
vt 0.473079 0.304658
vt 0.471170 0.327531
vt 0.473079 0.304658
vt 0.436526 0.327023
vt 0.471170 0.327531
vt 0.473079 0.304658
vt 0.437725 0.304473
vt 0.436526 0.327023
vt 0.437725 0.304473
vt 0.403930 0.330516
vt 0.436526 0.327023
vt 0.404029 0.309485
vt 0.375838 0.337118
vt 0.403930 0.330516
vt 0.437725 0.304473
vt 0.404029 0.309485
vt 0.403930 0.330516
vt 0.404029 0.309485
vt 0.374123 0.319237
vt 0.375838 0.337118
vt 0.374123 0.319237
vt 0.356867 0.344275
vt 0.375838 0.337118
vt 0.374123 0.319237
vt 0.348990 0.334816
vt 0.356867 0.344275
vt 0.348990 0.334816
vt 0.346718 0.362027
vt 0.356867 0.344275
vt 0.348990 0.334816
vt 0.329615 0.357309
vt 0.346718 0.362027
vt 0.329615 0.357309
vt 0.335577 0.388986
vt 0.346718 0.362027
vt 0.329615 0.357309
vt 0.315105 0.385551
vt 0.335577 0.388986
vt 0.445888 0.630360
vt 0.482441 0.607995
vt 0.447797 0.607487
vt 0.445888 0.630360
vt 0.481242 0.630545
vt 0.482441 0.607995
vt 0.481242 0.630545
vt 0.515037 0.604502
vt 0.482441 0.607995
vt 0.514938 0.625533
vt 0.543129 0.597900
vt 0.515037 0.604502
vt 0.481242 0.630545
vt 0.514938 0.625533
vt 0.515037 0.604502
vt 0.514938 0.625533
vt 0.544844 0.615781
vt 0.543129 0.597900
vt 0.544844 0.615781
vt 0.562101 0.590743
vt 0.543129 0.597900
vt 0.544844 0.615781
vt 0.569977 0.600202
vt 0.562101 0.590743
vt 0.572249 0.572991
vt 0.562101 0.590743
vt 0.569977 0.600202
vt 0.572249 0.572991
vt 0.569977 0.600202
vt 0.589352 0.577709
vt 0.583391 0.546032
vt 0.572249 0.572991
vt 0.589352 0.577709
vt 0.583391 0.546032
vt 0.589352 0.577709
vt 0.603862 0.549467
vt 0.598093 0.444241
vt 0.620159 0.481289
vt 0.620342 0.445456
vt 0.598093 0.444241
vt 0.597592 0.479353
vt 0.620159 0.481289
vt 0.597592 0.479353
vt 0.592265 0.514052
vt 0.614399 0.516643
vt 0.597592 0.479353
vt 0.614399 0.516643
vt 0.620159 0.481289
vt 0.592265 0.514052
vt 0.603862 0.549467
vt 0.614399 0.516643
vt 0.592265 0.514052
vt 0.583391 0.546032
vt 0.603862 0.549467
vt 0.298808 0.453729
vt 0.298625 0.489562
vt 0.320874 0.490777
vt 0.298808 0.453729
vt 0.320874 0.490777
vt 0.321375 0.455665
vt 0.304568 0.418375
vt 0.321375 0.455665
vt 0.326702 0.420966
vt 0.304568 0.418375
vt 0.298808 0.453729
vt 0.321375 0.455665
vt 0.315105 0.385551
vt 0.304568 0.418375
vt 0.326702 0.420966
vt 0.315105 0.385551
vt 0.326702 0.420966
vt 0.335577 0.388986
vt 0.590404 0.355520
vt 0.605775 0.380993
vt 0.618326 0.376214
vt 0.590404 0.355520
vt 0.618326 0.376214
vt 0.599979 0.347329
vt 0.599979 0.347329
vt 0.568212 0.335882
vt 0.590404 0.355520
vt 0.599979 0.347329
vt 0.574968 0.324145
vt 0.568212 0.335882
vt 0.605775 0.380993
vt 0.630341 0.409389
vt 0.618326 0.376214
vt 0.605775 0.380993
vt 0.615397 0.411304
vt 0.630341 0.409389
vt 0.549559 0.628502
vt 0.569977 0.600202
vt 0.544844 0.615781
vt 0.549559 0.628502
vt 0.578058 0.609907
vt 0.569977 0.600202
vt 0.589352 0.577709
vt 0.569977 0.600202
vt 0.578058 0.609907
vt 0.589352 0.577709
vt 0.578058 0.609907
vt 0.600933 0.584557
vt 0.516827 0.640680
vt 0.549559 0.628502
vt 0.544844 0.615781
vt 0.516827 0.640680
vt 0.544844 0.615781
vt 0.514938 0.625533
vt 0.369408 0.306516
vt 0.348990 0.334816
vt 0.374123 0.319237
vt 0.369408 0.306516
vt 0.340909 0.325111
vt 0.348990 0.334816
vt 0.340909 0.325111
vt 0.329615 0.357309
vt 0.348990 0.334816
vt 0.340909 0.325111
vt 0.318034 0.350461
vt 0.329615 0.357309
vt 0.402140 0.294338
vt 0.369408 0.306516
vt 0.374123 0.319237
vt 0.402140 0.294338
vt 0.374123 0.319237
vt 0.404029 0.309485
vt 0.300641 0.558804
vt 0.328563 0.579498
vt 0.313192 0.554025
vt 0.300641 0.558804
vt 0.318988 0.587689
vt 0.328563 0.579498
vt 0.318988 0.587689
vt 0.350756 0.599136
vt 0.328563 0.579498
vt 0.318988 0.587689
vt 0.343999 0.610873
vt 0.350756 0.599136
vt 0.288626 0.525629
vt 0.300641 0.558804
vt 0.313192 0.554025
vt 0.288626 0.525629
vt 0.313192 0.554025
vt 0.303570 0.523714
vt 0.615397 0.411304
vt 0.636355 0.445443
vt 0.630341 0.409389
vt 0.615397 0.411304
vt 0.620342 0.445456
vt 0.636355 0.445443
vt 0.481255 0.646775
vt 0.516827 0.640680
vt 0.514938 0.625533
vt 0.481255 0.646775
vt 0.514938 0.625533
vt 0.481242 0.630545
vt 0.282612 0.489575
vt 0.288626 0.525629
vt 0.303570 0.523714
vt 0.282612 0.489575
vt 0.303570 0.523714
vt 0.298625 0.489562
vt 0.437712 0.288243
vt 0.402140 0.294338
vt 0.404029 0.309485
vt 0.437712 0.288243
vt 0.404029 0.309485
vt 0.437725 0.304473
vt 0.474447 0.288281
vt 0.437712 0.288243
vt 0.437725 0.304473
vt 0.474447 0.288281
vt 0.437725 0.304473
vt 0.473079 0.304658
vt 0.510665 0.294500
vt 0.473079 0.304658
vt 0.507962 0.310497
vt 0.510665 0.294500
vt 0.474447 0.288281
vt 0.473079 0.304658
vt 0.544721 0.306566
vt 0.507962 0.310497
vt 0.540347 0.321176
vt 0.544721 0.306566
vt 0.510665 0.294500
vt 0.507962 0.310497
vt 0.574968 0.324145
vt 0.540347 0.321176
vt 0.568212 0.335882
vt 0.574968 0.324145
vt 0.544721 0.306566
vt 0.540347 0.321176
vt 0.620342 0.445456
vt 0.636318 0.482675
vt 0.636355 0.445443
vt 0.620342 0.445456
vt 0.620159 0.481289
vt 0.636318 0.482675
vt 0.620159 0.481289
vt 0.614399 0.516643
vt 0.630182 0.519383
vt 0.620159 0.481289
vt 0.630182 0.519383
vt 0.636318 0.482675
vt 0.614399 0.516643
vt 0.603862 0.549467
vt 0.618276 0.553900
vt 0.614399 0.516643
vt 0.618276 0.553900
vt 0.630182 0.519383
vt 0.603862 0.549467
vt 0.589352 0.577709
vt 0.600933 0.584557
vt 0.603862 0.549467
vt 0.600933 0.584557
vt 0.618276 0.553900
vt 0.444521 0.646737
vt 0.481255 0.646775
vt 0.481242 0.630545
vt 0.444521 0.646737
vt 0.481242 0.630545
vt 0.445888 0.630360
vt 0.408302 0.640518
vt 0.445888 0.630360
vt 0.411006 0.624522
vt 0.408302 0.640518
vt 0.444521 0.646737
vt 0.445888 0.630360
vt 0.374246 0.628452
vt 0.411006 0.624522
vt 0.378620 0.613842
vt 0.374246 0.628452
vt 0.408302 0.640518
vt 0.411006 0.624522
vt 0.343999 0.610873
vt 0.378620 0.613842
vt 0.350756 0.599136
vt 0.343999 0.610873
vt 0.374246 0.628452
vt 0.378620 0.613842
vt 0.282649 0.452343
vt 0.282612 0.489575
vt 0.298625 0.489562
vt 0.282649 0.452343
vt 0.298625 0.489562
vt 0.298808 0.453729
vt 0.288785 0.415635
vt 0.298808 0.453729
vt 0.304568 0.418375
vt 0.288785 0.415635
vt 0.282649 0.452343
vt 0.298808 0.453729
vt 0.300691 0.381118
vt 0.304568 0.418375
vt 0.315105 0.385551
vt 0.300691 0.381118
vt 0.288785 0.415635
vt 0.304568 0.418375
vt 0.318034 0.350461
vt 0.315105 0.385551
vt 0.329615 0.357309
vt 0.318034 0.350461
vt 0.300691 0.381118
vt 0.315105 0.385551
vt 0.335270 0.318339
vt 0.318034 0.350461
vt 0.340909 0.325111
vt 0.335270 0.318339
vt 0.310671 0.345270
vt 0.318034 0.350461
vt 0.310671 0.345270
vt 0.300691 0.381118
vt 0.318034 0.350461
vt 0.310671 0.345270
vt 0.291969 0.377497
vt 0.300691 0.381118
vt 0.365597 0.298287
vt 0.335270 0.318339
vt 0.340909 0.325111
vt 0.365597 0.298287
vt 0.340909 0.325111
vt 0.369408 0.306516
vt 0.291969 0.377497
vt 0.288785 0.415635
vt 0.300691 0.381118
vt 0.291969 0.377497
vt 0.279332 0.413438
vt 0.288785 0.415635
vt 0.400083 0.285016
vt 0.365597 0.298287
vt 0.369408 0.306516
vt 0.400083 0.285016
vt 0.369408 0.306516
vt 0.402140 0.294338
vt 0.606661 0.341614
vt 0.574968 0.324145
vt 0.599979 0.347329
vt 0.606661 0.341614
vt 0.580090 0.316682
vt 0.574968 0.324145
vt 0.580090 0.316682
vt 0.544721 0.306566
vt 0.574968 0.324145
vt 0.580090 0.316682
vt 0.548293 0.297727
vt 0.544721 0.306566
vt 0.599979 0.347329
vt 0.626445 0.372351
vt 0.606661 0.341614
vt 0.599979 0.347329
vt 0.618326 0.376214
vt 0.626445 0.372351
vt 0.548293 0.297727
vt 0.510665 0.294500
vt 0.544721 0.306566
vt 0.548293 0.297727
vt 0.512833 0.284919
vt 0.510665 0.294500
vt 0.618326 0.376214
vt 0.639539 0.407305
vt 0.626445 0.372351
vt 0.618326 0.376214
vt 0.630341 0.409389
vt 0.639539 0.407305
vt 0.437163 0.278430
vt 0.400083 0.285016
vt 0.402140 0.294338
vt 0.437163 0.278430
vt 0.402140 0.294338
vt 0.437712 0.288243
vt 0.512833 0.284919
vt 0.474447 0.288281
vt 0.510665 0.294500
vt 0.512833 0.284919
vt 0.475269 0.278430
vt 0.474447 0.288281
vt 0.475269 0.278430
vt 0.437163 0.278430
vt 0.437712 0.288243
vt 0.475269 0.278430
vt 0.437712 0.288243
vt 0.474447 0.288281
vt 0.630341 0.409389
vt 0.646037 0.444887
vt 0.639539 0.407305
vt 0.630341 0.409389
vt 0.636355 0.445443
vt 0.646037 0.444887
vt 0.600933 0.584557
vt 0.578058 0.609907
vt 0.583697 0.616679
vt 0.600933 0.584557
vt 0.583697 0.616679
vt 0.608296 0.589748
vt 0.618276 0.553900
vt 0.600933 0.584557
vt 0.608296 0.589748
vt 0.618276 0.553900
vt 0.608296 0.589748
vt 0.626998 0.557521
vt 0.630182 0.519383
vt 0.618276 0.553900
vt 0.626998 0.557521
vt 0.630182 0.519383
vt 0.626998 0.557521
vt 0.639635 0.521580
vt 0.553370 0.636731
vt 0.583697 0.616679
vt 0.578058 0.609907
vt 0.553370 0.636731
vt 0.578058 0.609907
vt 0.549559 0.628502
vt 0.518884 0.650002
vt 0.553370 0.636731
vt 0.549559 0.628502
vt 0.518884 0.650002
vt 0.549559 0.628502
vt 0.516827 0.640680
vt 0.636318 0.482675
vt 0.630182 0.519383
vt 0.639635 0.521580
vt 0.636318 0.482675
vt 0.639635 0.521580
vt 0.646037 0.483508
vt 0.636355 0.445443
vt 0.646037 0.483508
vt 0.646037 0.444887
vt 0.636355 0.445443
vt 0.636318 0.482675
vt 0.646037 0.483508
vt 0.312306 0.593404
vt 0.343999 0.610873
vt 0.318988 0.587689
vt 0.312306 0.593404
vt 0.338877 0.618336
vt 0.343999 0.610873
vt 0.338877 0.618336
vt 0.374246 0.628452
vt 0.343999 0.610873
vt 0.338877 0.618336
vt 0.370674 0.637291
vt 0.374246 0.628452
vt 0.292522 0.562667
vt 0.312306 0.593404
vt 0.318988 0.587689
vt 0.292522 0.562667
vt 0.318988 0.587689
vt 0.300641 0.558804
vt 0.370674 0.637291
vt 0.408302 0.640518
vt 0.374246 0.628452
vt 0.370674 0.637291
vt 0.406134 0.650099
vt 0.408302 0.640518
vt 0.279428 0.527713
vt 0.292522 0.562667
vt 0.300641 0.558804
vt 0.279428 0.527713
vt 0.300641 0.558804
vt 0.288626 0.525629
vt 0.481804 0.656588
vt 0.518884 0.650002
vt 0.516827 0.640680
vt 0.481804 0.656588
vt 0.516827 0.640680
vt 0.481255 0.646775
vt 0.272930 0.490131
vt 0.279428 0.527713
vt 0.288626 0.525629
vt 0.272930 0.490131
vt 0.288626 0.525629
vt 0.282612 0.489575
vt 0.279332 0.413438
vt 0.282649 0.452343
vt 0.288785 0.415635
vt 0.279332 0.413438
vt 0.272930 0.451510
vt 0.282649 0.452343
vt 0.272930 0.451510
vt 0.272930 0.490131
vt 0.282612 0.489575
vt 0.272930 0.451510
vt 0.282612 0.489575
vt 0.282649 0.452343
vt 0.406134 0.650099
vt 0.444521 0.646737
vt 0.408302 0.640518
vt 0.406134 0.650099
vt 0.443698 0.656588
vt 0.444521 0.646737
vt 0.443698 0.656588
vt 0.481804 0.656588
vt 0.481255 0.646775
vt 0.443698 0.656588
vt 0.481255 0.646775
vt 0.444521 0.646737
vt 0.148485 0.192834
vt 0.186999 0.189531
vt 0.183740 0.150496
vt 0.148485 0.192834
vt 0.183740 0.150496
vt 0.145963 0.154429
vt 0.186999 0.189531
vt 0.221632 0.147939
vt 0.183740 0.150496
vt 0.186999 0.189531
vt 0.225513 0.186228
vt 0.221632 0.147939
vt 0.190258 0.228566
vt 0.225513 0.186228
vt 0.186999 0.189531
vt 0.190258 0.228566
vt 0.228035 0.224633
vt 0.225513 0.186228
vt 0.152366 0.231122
vt 0.186999 0.189531
vt 0.148485 0.192834
vt 0.152366 0.231122
vt 0.190258 0.228566
vt 0.186999 0.189531
vt 0.111566 0.196000
vt 0.148485 0.192834
vt 0.145963 0.154429
vt 0.111566 0.196000
vt 0.145963 0.154429
vt 0.109808 0.158916
vt 0.115981 0.232856
vt 0.148485 0.192834
vt 0.111566 0.196000
vt 0.115981 0.232856
vt 0.152366 0.231122
vt 0.148485 0.192834
vt 0.145963 0.154429
vt 0.183740 0.150496
vt 0.180616 0.113077
vt 0.145963 0.154429
vt 0.180616 0.113077
vt 0.144252 0.117551
vt 0.109808 0.158916
vt 0.145963 0.154429
vt 0.144252 0.117551
vt 0.109808 0.158916
vt 0.144252 0.117551
vt 0.109676 0.123389
vt 0.183740 0.150496
vt 0.217205 0.111294
vt 0.180616 0.113077
vt 0.183740 0.150496
vt 0.221632 0.147939
vt 0.217205 0.111294
vt 0.156793 0.267767
vt 0.190258 0.228566
vt 0.152366 0.231122
vt 0.156793 0.267767
vt 0.193382 0.265985
vt 0.190258 0.228566
vt 0.121741 0.267900
vt 0.156793 0.267767
vt 0.152366 0.231122
vt 0.121741 0.267900
vt 0.152366 0.231122
vt 0.115981 0.232856
vt 0.193382 0.265985
vt 0.228035 0.224633
vt 0.190258 0.228566
vt 0.193382 0.265985
vt 0.229746 0.261511
vt 0.228035 0.224633
vt 0.228035 0.224633
vt 0.262432 0.183061
vt 0.225513 0.186228
vt 0.228035 0.224633
vt 0.264191 0.220146
vt 0.262432 0.183061
vt 0.229746 0.261511
vt 0.264191 0.220146
vt 0.228035 0.224633
vt 0.229746 0.261511
vt 0.264322 0.255672
vt 0.264191 0.220146
vt 0.225513 0.186228
vt 0.262432 0.183061
vt 0.258018 0.146205
vt 0.225513 0.186228
vt 0.258018 0.146205
vt 0.221632 0.147939
vt 0.221632 0.147939
vt 0.252257 0.111161
vt 0.217205 0.111294
vt 0.221632 0.147939
vt 0.258018 0.146205
vt 0.252257 0.111161
vt 0.196236 0.300171
vt 0.229746 0.261511
vt 0.193382 0.265985
vt 0.196236 0.300171
vt 0.231192 0.295217
vt 0.229746 0.261511
vt 0.231192 0.295217
vt 0.264322 0.255672
vt 0.229746 0.261511
vt 0.231192 0.295217
vt 0.263855 0.287857
vt 0.264322 0.255672
vt 0.160956 0.301241
vt 0.196236 0.300171
vt 0.193382 0.265985
vt 0.160956 0.301241
vt 0.193382 0.265985
vt 0.156793 0.267767
vt 0.127537 0.299548
vt 0.160956 0.301241
vt 0.156793 0.267767
vt 0.127537 0.299548
vt 0.156793 0.267767
vt 0.121741 0.267900
vt 0.264191 0.220146
vt 0.296162 0.180169
vt 0.262432 0.183061
vt 0.264191 0.220146
vt 0.297217 0.215927
vt 0.296162 0.180169
vt 0.264322 0.255672
vt 0.297217 0.215927
vt 0.264191 0.220146
vt 0.264322 0.255672
vt 0.295546 0.249798
vt 0.297217 0.215927
vt 0.263855 0.287857
vt 0.295546 0.249798
vt 0.264322 0.255672
vt 0.263855 0.287857
vt 0.292255 0.279566
vt 0.295546 0.249798
vt 0.262432 0.183061
vt 0.296162 0.180169
vt 0.291274 0.144739
vt 0.262432 0.183061
vt 0.291274 0.144739
vt 0.258018 0.146205
vt 0.258018 0.146205
vt 0.291274 0.144739
vt 0.284012 0.111634
vt 0.258018 0.146205
vt 0.284012 0.111634
vt 0.252257 0.111161
vt 0.180616 0.113077
vt 0.217205 0.111294
vt 0.213043 0.077820
vt 0.180616 0.113077
vt 0.213043 0.077820
vt 0.177762 0.078890
vt 0.217205 0.111294
vt 0.246461 0.079514
vt 0.213043 0.077820
vt 0.217205 0.111294
vt 0.252257 0.111161
vt 0.246461 0.079514
vt 0.252257 0.111161
vt 0.275832 0.082850
vt 0.246461 0.079514
vt 0.252257 0.111161
vt 0.284012 0.111634
vt 0.275832 0.082850
vt 0.144252 0.117551
vt 0.180616 0.113077
vt 0.177762 0.078890
vt 0.144252 0.117551
vt 0.177762 0.078890
vt 0.142806 0.083844
vt 0.109676 0.123389
vt 0.144252 0.117551
vt 0.142806 0.083844
vt 0.109676 0.123389
vt 0.142806 0.083844
vt 0.110143 0.091205
vt 0.077836 0.198893
vt 0.111566 0.196000
vt 0.109808 0.158916
vt 0.077836 0.198893
vt 0.109808 0.158916
vt 0.076781 0.163135
vt 0.076781 0.163135
vt 0.109808 0.158916
vt 0.109676 0.123389
vt 0.076781 0.163135
vt 0.109676 0.123389
vt 0.078452 0.129264
vt 0.078452 0.129264
vt 0.109676 0.123389
vt 0.110143 0.091205
vt 0.078452 0.129264
vt 0.110143 0.091205
vt 0.081743 0.099495
vt 0.082724 0.234322
vt 0.111566 0.196000
vt 0.077836 0.198893
vt 0.082724 0.234322
vt 0.115981 0.232856
vt 0.111566 0.196000
vt 0.089986 0.267427
vt 0.115981 0.232856
vt 0.082724 0.234322
vt 0.089986 0.267427
vt 0.121741 0.267900
vt 0.115981 0.232856
vt 0.098166 0.296211
vt 0.121741 0.267900
vt 0.089986 0.267427
vt 0.098166 0.296211
vt 0.127537 0.299548
vt 0.121741 0.267900
vt 0.048891 0.201375
vt 0.077836 0.198893
vt 0.076781 0.163135
vt 0.048891 0.201375
vt 0.076781 0.163135
vt 0.048390 0.166263
vt 0.048390 0.166263
vt 0.076781 0.163135
vt 0.078452 0.129264
vt 0.048390 0.166263
vt 0.078452 0.129264
vt 0.051836 0.133226
vt 0.051836 0.133226
vt 0.078452 0.129264
vt 0.081743 0.099495
vt 0.051836 0.133226
vt 0.081743 0.099495
vt 0.058350 0.104753
vt 0.054218 0.236074
vt 0.077836 0.198893
vt 0.048891 0.201375
vt 0.054218 0.236074
vt 0.082724 0.234322
vt 0.077836 0.198893
vt 0.063092 0.268054
vt 0.082724 0.234322
vt 0.054218 0.236074
vt 0.063092 0.268054
vt 0.089986 0.267427
vt 0.082724 0.234322
vt 0.074234 0.295012
vt 0.089986 0.267427
vt 0.063092 0.268054
vt 0.074234 0.295012
vt 0.098166 0.296211
vt 0.089986 0.267427
vt 0.142806 0.083844
vt 0.177762 0.078890
vt 0.175313 0.049552
vt 0.142806 0.083844
vt 0.175313 0.049552
vt 0.141078 0.054952
vt 0.110143 0.091205
vt 0.142806 0.083844
vt 0.141078 0.054952
vt 0.110143 0.091205
vt 0.141078 0.054952
vt 0.109525 0.063946
vt 0.081743 0.099495
vt 0.110143 0.091205
vt 0.109525 0.063946
vt 0.081743 0.099495
vt 0.109525 0.063946
vt 0.082926 0.075239
vt 0.058350 0.104753
vt 0.081743 0.099495
vt 0.082926 0.075239
vt 0.058350 0.104753
vt 0.082926 0.075239
vt 0.065411 0.085524
vt 0.177762 0.078890
vt 0.209956 0.049045
vt 0.175313 0.049552
vt 0.177762 0.078890
vt 0.213043 0.077820
vt 0.209956 0.049045
vt 0.213043 0.077820
vt 0.242552 0.052538
vt 0.209956 0.049045
vt 0.213043 0.077820
vt 0.246461 0.079514
vt 0.242552 0.052538
vt 0.246461 0.079514
vt 0.270644 0.059140
vt 0.242552 0.052538
vt 0.246461 0.079514
vt 0.275832 0.082850
vt 0.270644 0.059140
vt 0.296162 0.180169
vt 0.319780 0.142988
vt 0.291274 0.144739
vt 0.296162 0.180169
vt 0.325108 0.177686
vt 0.319780 0.142988
vt 0.291274 0.144739
vt 0.319780 0.142988
vt 0.310906 0.111007
vt 0.291274 0.144739
vt 0.310906 0.111007
vt 0.284012 0.111634
vt 0.284012 0.111634
vt 0.310906 0.111007
vt 0.299764 0.084049
vt 0.284012 0.111634
vt 0.299764 0.084049
vt 0.275832 0.082850
vt 0.275832 0.082850
vt 0.299764 0.084049
vt 0.289616 0.066296
vt 0.275832 0.082850
vt 0.289616 0.066296
vt 0.270644 0.059140
vt 0.297217 0.215927
vt 0.325108 0.177686
vt 0.296162 0.180169
vt 0.297217 0.215927
vt 0.325609 0.212799
vt 0.325108 0.177686
vt 0.295546 0.249798
vt 0.325609 0.212799
vt 0.297217 0.215927
vt 0.295546 0.249798
vt 0.322162 0.245836
vt 0.325609 0.212799
vt 0.292255 0.279566
vt 0.322162 0.245836
vt 0.295546 0.249798
vt 0.292255 0.279566
vt 0.315648 0.274308
vt 0.322162 0.245836
vt 0.198685 0.329509
vt 0.231192 0.295217
vt 0.196236 0.300171
vt 0.198685 0.329509
vt 0.232920 0.324110
vt 0.231192 0.295217
vt 0.232920 0.324110
vt 0.263855 0.287857
vt 0.231192 0.295217
vt 0.232920 0.324110
vt 0.264474 0.315115
vt 0.263855 0.287857
vt 0.264474 0.315115
vt 0.292255 0.279566
vt 0.263855 0.287857
vt 0.264474 0.315115
vt 0.291072 0.303822
vt 0.292255 0.279566
vt 0.291072 0.303822
vt 0.315648 0.274308
vt 0.292255 0.279566
vt 0.291072 0.303822
vt 0.308587 0.293537
vt 0.315648 0.274308
vt 0.164042 0.330017
vt 0.198685 0.329509
vt 0.196236 0.300171
vt 0.164042 0.330017
vt 0.196236 0.300171
vt 0.160956 0.301241
vt 0.131446 0.326524
vt 0.164042 0.330017
vt 0.160956 0.301241
vt 0.131446 0.326524
vt 0.160956 0.301241
vt 0.127537 0.299548
vt 0.103354 0.319921
vt 0.131446 0.326524
vt 0.127537 0.299548
vt 0.103354 0.319921
vt 0.127537 0.299548
vt 0.098166 0.296211
vt 0.084382 0.312765
vt 0.103354 0.319921
vt 0.098166 0.296211
vt 0.084382 0.312765
vt 0.098166 0.296211
vt 0.074234 0.295012
vt 0.325108 0.177686
vt 0.325609 0.212799
vt 0.347857 0.211584
vt 0.325108 0.177686
vt 0.347857 0.211584
vt 0.347675 0.175751
vt 0.325609 0.212799
vt 0.322162 0.245836
vt 0.342913 0.245736
vt 0.325609 0.212799
vt 0.342913 0.245736
vt 0.347857 0.211584
vt 0.322162 0.245836
vt 0.315648 0.274308
vt 0.333291 0.276047
vt 0.322162 0.245836
vt 0.333291 0.276047
vt 0.342913 0.245736
vt 0.319780 0.142988
vt 0.325108 0.177686
vt 0.347675 0.175751
vt 0.319780 0.142988
vt 0.347675 0.175751
vt 0.341914 0.140396
vt 0.310906 0.111007
vt 0.319780 0.142988
vt 0.341914 0.140396
vt 0.310906 0.111007
vt 0.341914 0.140396
vt 0.331378 0.107572
vt 0.299764 0.084049
vt 0.310906 0.111007
vt 0.331378 0.107572
vt 0.299764 0.084049
vt 0.331378 0.107572
vt 0.316868 0.079331
vt 0.175313 0.049552
vt 0.209956 0.049045
vt 0.208758 0.026495
vt 0.175313 0.049552
vt 0.208758 0.026495
vt 0.173403 0.026680
vt 0.209956 0.049045
vt 0.242552 0.052538
vt 0.242453 0.031507
vt 0.209956 0.049045
vt 0.242453 0.031507
vt 0.208758 0.026495
vt 0.242552 0.052538
vt 0.270644 0.059140
vt 0.272360 0.041258
vt 0.242552 0.052538
vt 0.272360 0.041258
vt 0.242453 0.031507
vt 0.141078 0.054952
vt 0.175313 0.049552
vt 0.173403 0.026680
vt 0.141078 0.054952
vt 0.173403 0.026680
vt 0.138521 0.032518
vt 0.109525 0.063946
vt 0.141078 0.054952
vt 0.138521 0.032518
vt 0.109525 0.063946
vt 0.138521 0.032518
vt 0.106135 0.043197
vt 0.082926 0.075239
vt 0.109525 0.063946
vt 0.106135 0.043197
vt 0.082926 0.075239
vt 0.106135 0.043197
vt 0.078271 0.057904
vt 0.270644 0.059140
vt 0.289616 0.066296
vt 0.297492 0.056838
vt 0.270644 0.059140
vt 0.297492 0.056838
vt 0.272360 0.041258
vt 0.289616 0.066296
vt 0.316868 0.079331
vt 0.297492 0.056838
vt 0.289616 0.066296
vt 0.299764 0.084049
vt 0.316868 0.079331
vt 0.048891 0.201375
vt 0.048390 0.166263
vt 0.026141 0.167478
vt 0.048891 0.201375
vt 0.026141 0.167478
vt 0.026323 0.203310
vt 0.048390 0.166263
vt 0.051836 0.133226
vt 0.031086 0.133326
vt 0.048390 0.166263
vt 0.031086 0.133326
vt 0.026141 0.167478
vt 0.051836 0.133226
vt 0.058350 0.104753
vt 0.040707 0.103015
vt 0.051836 0.133226
vt 0.040707 0.103015
vt 0.031086 0.133326
vt 0.054218 0.236074
vt 0.048891 0.201375
vt 0.026323 0.203310
vt 0.054218 0.236074
vt 0.026323 0.203310
vt 0.032084 0.238665
vt 0.063092 0.268054
vt 0.054218 0.236074
vt 0.032084 0.238665
vt 0.063092 0.268054
vt 0.032084 0.238665
vt 0.042620 0.271489
vt 0.074234 0.295012
vt 0.063092 0.268054
vt 0.042620 0.271489
vt 0.074234 0.295012
vt 0.042620 0.271489
vt 0.057130 0.299731
vt 0.058350 0.104753
vt 0.065411 0.085524
vt 0.056078 0.077541
vt 0.058350 0.104753
vt 0.056078 0.077541
vt 0.040707 0.103015
vt 0.065411 0.085524
vt 0.078271 0.057904
vt 0.056078 0.077541
vt 0.065411 0.085524
vt 0.082926 0.075239
vt 0.078271 0.057904
vt 0.165241 0.352567
vt 0.198685 0.329509
vt 0.164042 0.330017
vt 0.165241 0.352567
vt 0.200595 0.352382
vt 0.198685 0.329509
vt 0.131545 0.347555
vt 0.164042 0.330017
vt 0.131446 0.326524
vt 0.131545 0.347555
vt 0.165241 0.352567
vt 0.164042 0.330017
vt 0.101639 0.337803
vt 0.131446 0.326524
vt 0.103354 0.319921
vt 0.101639 0.337803
vt 0.131545 0.347555
vt 0.131446 0.326524
vt 0.200595 0.352382
vt 0.232920 0.324110
vt 0.198685 0.329509
vt 0.200595 0.352382
vt 0.235477 0.346543
vt 0.232920 0.324110
vt 0.235477 0.346543
vt 0.264474 0.315115
vt 0.232920 0.324110
vt 0.235477 0.346543
vt 0.267863 0.335864
vt 0.264474 0.315115
vt 0.267863 0.335864
vt 0.291072 0.303822
vt 0.264474 0.315115
vt 0.267863 0.335864
vt 0.295727 0.321158
vt 0.291072 0.303822
vt 0.315648 0.274308
vt 0.308587 0.293537
vt 0.317920 0.301520
vt 0.315648 0.274308
vt 0.317920 0.301520
vt 0.333291 0.276047
vt 0.295727 0.321158
vt 0.317920 0.301520
vt 0.308587 0.293537
vt 0.295727 0.321158
vt 0.308587 0.293537
vt 0.291072 0.303822
vt 0.076506 0.322224
vt 0.103354 0.319921
vt 0.084382 0.312765
vt 0.076506 0.322224
vt 0.101639 0.337803
vt 0.103354 0.319921
vt 0.084382 0.312765
vt 0.057130 0.299731
vt 0.076506 0.322224
vt 0.084382 0.312765
vt 0.074234 0.295012
vt 0.057130 0.299731
vt 0.173403 0.026680
vt 0.208758 0.026495
vt 0.208771 0.010265
vt 0.173403 0.026680
vt 0.208771 0.010265
vt 0.172036 0.010302
vt 0.208758 0.026495
vt 0.242453 0.031507
vt 0.244343 0.016360
vt 0.208758 0.026495
vt 0.244343 0.016360
vt 0.208771 0.010265
vt 0.138521 0.032518
vt 0.173403 0.026680
vt 0.172036 0.010302
vt 0.138521 0.032518
vt 0.172036 0.010302
vt 0.135818 0.016522
vt 0.106135 0.043197
vt 0.138521 0.032518
vt 0.135818 0.016522
vt 0.106135 0.043197
vt 0.135818 0.016522
vt 0.101762 0.028588
vt 0.242453 0.031507
vt 0.272360 0.041258
vt 0.277074 0.028537
vt 0.242453 0.031507
vt 0.277074 0.028537
vt 0.244343 0.016360
vt 0.272360 0.041258
vt 0.297492 0.056838
vt 0.305574 0.047133
vt 0.272360 0.041258
vt 0.305574 0.047133
vt 0.277074 0.028537
vt 0.078271 0.057904
vt 0.106135 0.043197
vt 0.101762 0.028588
vt 0.078271 0.057904
vt 0.101762 0.028588
vt 0.071514 0.046166
vt 0.297492 0.056838
vt 0.328448 0.072482
vt 0.305574 0.047133
vt 0.297492 0.056838
vt 0.316868 0.079331
vt 0.328448 0.072482
vt 0.316868 0.079331
vt 0.345792 0.103139
vt 0.328448 0.072482
vt 0.316868 0.079331
vt 0.331378 0.107572
vt 0.345792 0.103139
vt 0.331378 0.107572
vt 0.357697 0.137656
vt 0.345792 0.103139
vt 0.331378 0.107572
vt 0.341914 0.140396
vt 0.357697 0.137656
vt 0.341914 0.140396
vt 0.363834 0.174365
vt 0.357697 0.137656
vt 0.341914 0.140396
vt 0.347675 0.175751
vt 0.363834 0.174365
vt 0.347675 0.175751
vt 0.347857 0.211584
vt 0.363870 0.211597
vt 0.347675 0.175751
vt 0.363870 0.211597
vt 0.363834 0.174365
vt 0.347857 0.211584
vt 0.342913 0.245736
vt 0.357857 0.247651
vt 0.347857 0.211584
vt 0.357857 0.247651
vt 0.363870 0.211597
vt 0.342913 0.245736
vt 0.333291 0.276047
vt 0.345842 0.280825
vt 0.342913 0.245736
vt 0.345842 0.280825
vt 0.357857 0.247651
vt 0.333291 0.276047
vt 0.317920 0.301520
vt 0.327495 0.309710
vt 0.333291 0.276047
vt 0.327495 0.309710
vt 0.345842 0.280825
vt 0.302484 0.332895
vt 0.327495 0.309710
vt 0.317920 0.301520
vt 0.302484 0.332895
vt 0.317920 0.301520
vt 0.295727 0.321158
vt 0.272236 0.350473
vt 0.302484 0.332895
vt 0.295727 0.321158
vt 0.272236 0.350473
vt 0.295727 0.321158
vt 0.267863 0.335864
vt 0.238180 0.362540
vt 0.272236 0.350473
vt 0.267863 0.335864
vt 0.238180 0.362540
vt 0.267863 0.335864
vt 0.235477 0.346543
vt 0.201962 0.368759
vt 0.238180 0.362540
vt 0.235477 0.346543
vt 0.201962 0.368759
vt 0.235477 0.346543
vt 0.200595 0.352382
vt 0.165228 0.368796
vt 0.200595 0.352382
vt 0.165241 0.352567
vt 0.165228 0.368796
vt 0.201962 0.368759
vt 0.200595 0.352382
vt 0.129655 0.362701
vt 0.165241 0.352567
vt 0.131545 0.347555
vt 0.129655 0.362701
vt 0.165228 0.368796
vt 0.165241 0.352567
vt 0.096924 0.350524
vt 0.131545 0.347555
vt 0.101639 0.337803
vt 0.096924 0.350524
vt 0.129655 0.362701
vt 0.131545 0.347555
vt 0.068425 0.331929
vt 0.101639 0.337803
vt 0.076506 0.322224
vt 0.068425 0.331929
vt 0.096924 0.350524
vt 0.101639 0.337803
vt 0.026323 0.203310
vt 0.026141 0.167478
vt 0.010128 0.167464
vt 0.026323 0.203310
vt 0.010128 0.167464
vt 0.010165 0.204696
vt 0.026141 0.167478
vt 0.031086 0.133326
vt 0.016142 0.131411
vt 0.026141 0.167478
vt 0.016142 0.131411
vt 0.010128 0.167464
vt 0.032084 0.238665
vt 0.026323 0.203310
vt 0.010165 0.204696
vt 0.032084 0.238665
vt 0.010165 0.204696
vt 0.016301 0.241405
vt 0.042620 0.271489
vt 0.032084 0.238665
vt 0.016301 0.241405
vt 0.042620 0.271489
vt 0.016301 0.241405
vt 0.028206 0.275922
vt 0.031086 0.133326
vt 0.040707 0.103015
vt 0.028156 0.098236
vt 0.031086 0.133326
vt 0.028156 0.098236
vt 0.016142 0.131411
vt 0.040707 0.103015
vt 0.056078 0.077541
vt 0.046503 0.069351
vt 0.040707 0.103015
vt 0.046503 0.069351
vt 0.028156 0.098236
vt 0.056078 0.077541
vt 0.071514 0.046166
vt 0.046503 0.069351
vt 0.056078 0.077541
vt 0.078271 0.057904
vt 0.071514 0.046166
vt 0.057130 0.299731
vt 0.042620 0.271489
vt 0.028206 0.275922
vt 0.057130 0.299731
vt 0.028206 0.275922
vt 0.045550 0.306579
vt 0.076506 0.322224
vt 0.045550 0.306579
vt 0.068425 0.331929
vt 0.076506 0.322224
vt 0.057130 0.299731
vt 0.045550 0.306579
vt 0.277074 0.028537
vt 0.305574 0.047133
vt 0.311213 0.040361
vt 0.277074 0.028537
vt 0.311213 0.040361
vt 0.280886 0.020309
vt 0.244343 0.016360
vt 0.277074 0.028537
vt 0.280886 0.020309
vt 0.244343 0.016360
vt 0.280886 0.020309
vt 0.246399 0.007038
vt 0.305574 0.047133
vt 0.335811 0.067292
vt 0.311213 0.040361
vt 0.305574 0.047133
vt 0.328448 0.072482
vt 0.335811 0.067292
vt 0.208771 0.010265
vt 0.244343 0.016360
vt 0.246399 0.007038
vt 0.208771 0.010265
vt 0.246399 0.007038
vt 0.209319 0.000451
vt 0.328448 0.072482
vt 0.354513 0.099519
vt 0.335811 0.067292
vt 0.328448 0.072482
vt 0.345792 0.103139
vt 0.354513 0.099519
vt 0.345792 0.103139
vt 0.367150 0.135459
vt 0.354513 0.099519
vt 0.345792 0.103139
vt 0.357697 0.137656
vt 0.367150 0.135459
vt 0.345842 0.280825
vt 0.327495 0.309710
vt 0.334176 0.315426
vt 0.345842 0.280825
vt 0.334176 0.315426
vt 0.353961 0.284689
vt 0.357857 0.247651
vt 0.345842 0.280825
vt 0.353961 0.284689
vt 0.357857 0.247651
vt 0.353961 0.284689
vt 0.367054 0.249735
vt 0.363870 0.211597
vt 0.357857 0.247651
vt 0.367054 0.249735
vt 0.363870 0.211597
vt 0.367054 0.249735
vt 0.373553 0.212153
vt 0.307605 0.340357
vt 0.334176 0.315426
vt 0.327495 0.309710
vt 0.307605 0.340357
vt 0.327495 0.309710
vt 0.302484 0.332895
vt 0.275809 0.359313
vt 0.307605 0.340357
vt 0.302484 0.332895
vt 0.275809 0.359313
vt 0.302484 0.332895
vt 0.272236 0.350473
vt 0.363834 0.174365
vt 0.363870 0.211597
vt 0.373553 0.212153
vt 0.363834 0.174365
vt 0.373553 0.212153
vt 0.373553 0.173532
vt 0.357697 0.137656
vt 0.373553 0.173532
vt 0.367150 0.135459
vt 0.357697 0.137656
vt 0.363834 0.174365
vt 0.373553 0.173532
vt 0.240348 0.372121
vt 0.275809 0.359313
vt 0.272236 0.350473
vt 0.240348 0.372121
vt 0.272236 0.350473
vt 0.238180 0.362540
vt 0.172036 0.010302
vt 0.208771 0.010265
vt 0.209319 0.000451
vt 0.172036 0.010302
vt 0.209319 0.000451
vt 0.171214 0.000451
vt 0.062786 0.338701
vt 0.096924 0.350524
vt 0.068425 0.331929
vt 0.062786 0.338701
vt 0.093112 0.358753
vt 0.096924 0.350524
vt 0.093112 0.358753
vt 0.129655 0.362701
vt 0.096924 0.350524
vt 0.093112 0.358753
vt 0.127599 0.372023
vt 0.129655 0.362701
vt 0.127599 0.372023
vt 0.165228 0.368796
vt 0.129655 0.362701
vt 0.127599 0.372023
vt 0.164679 0.378610
vt 0.165228 0.368796
vt 0.068425 0.331929
vt 0.038187 0.311770
vt 0.062786 0.338701
vt 0.068425 0.331929
vt 0.045550 0.306579
vt 0.038187 0.311770
vt 0.045550 0.306579
vt 0.019485 0.279543
vt 0.038187 0.311770
vt 0.045550 0.306579
vt 0.028206 0.275922
vt 0.019485 0.279543
vt 0.164679 0.378610
vt 0.201962 0.368759
vt 0.165228 0.368796
vt 0.164679 0.378610
vt 0.202784 0.378610
vt 0.201962 0.368759
vt 0.202784 0.378610
vt 0.240348 0.372121
vt 0.238180 0.362540
vt 0.202784 0.378610
vt 0.238180 0.362540
vt 0.201962 0.368759
vt 0.028156 0.098236
vt 0.046503 0.069351
vt 0.039822 0.063636
vt 0.028156 0.098236
vt 0.039822 0.063636
vt 0.020037 0.094373
vt 0.016142 0.131411
vt 0.028156 0.098236
vt 0.020037 0.094373
vt 0.016142 0.131411
vt 0.020037 0.094373
vt 0.006944 0.129327
vt 0.046503 0.069351
vt 0.066393 0.038704
vt 0.039822 0.063636
vt 0.046503 0.069351
vt 0.071514 0.046166
vt 0.066393 0.038704
vt 0.071514 0.046166
vt 0.098189 0.019749
vt 0.066393 0.038704
vt 0.071514 0.046166
vt 0.101762 0.028588
vt 0.098189 0.019749
vt 0.010128 0.167464
vt 0.016142 0.131411
vt 0.006944 0.129327
vt 0.010128 0.167464
vt 0.006944 0.129327
vt 0.000445 0.166908
vt 0.101762 0.028588
vt 0.133650 0.006941
vt 0.098189 0.019749
vt 0.101762 0.028588
vt 0.135818 0.016522
vt 0.133650 0.006941
vt 0.135818 0.016522
vt 0.171214 0.000451
vt 0.133650 0.006941
vt 0.135818 0.016522
vt 0.172036 0.010302
vt 0.171214 0.000451
vt 0.028206 0.275922
vt 0.006848 0.243602
vt 0.019485 0.279543
vt 0.028206 0.275922
vt 0.016301 0.241405
vt 0.006848 0.243602
vt 0.010165 0.204696
vt 0.010128 0.167464
vt 0.000445 0.166908
vt 0.010165 0.204696
vt 0.000445 0.166908
vt 0.000445 0.205530
vt 0.016301 0.241405
vt 0.000445 0.205530
vt 0.006848 0.243602
vt 0.016301 0.241405
vt 0.010165 0.204696
vt 0.000445 0.205530
vt 0.302812 0.849453
vt 0.267142 0.846879
vt 0.267142 0.840704
vt 0.302812 0.849453
vt 0.267142 0.840704
vt 0.303433 0.843241
vt 0.338585 0.856473
vt 0.302812 0.849453
vt 0.303433 0.843241
vt 0.338585 0.856473
vt 0.303433 0.843241
vt 0.339861 0.850223
vt 0.374213 0.867285
vt 0.338585 0.856473
vt 0.339861 0.850223
vt 0.374213 0.867285
vt 0.339861 0.850223
vt 0.376168 0.861067
vt 0.230850 0.843241
vt 0.267142 0.840704
vt 0.267142 0.846879
vt 0.230850 0.843241
vt 0.267142 0.846879
vt 0.231471 0.849452
vt 0.194422 0.850223
vt 0.230850 0.843241
vt 0.231471 0.849452
vt 0.194422 0.850223
vt 0.231471 0.849452
vt 0.195699 0.856473
vt 0.158115 0.861067
vt 0.194422 0.850223
vt 0.195699 0.856473
vt 0.158115 0.861067
vt 0.195699 0.856473
vt 0.160070 0.867285
vt 0.122440 0.875273
vt 0.158115 0.861067
vt 0.160070 0.867285
vt 0.122440 0.875273
vt 0.160070 0.867285
vt 0.125053 0.881318
vt 0.409230 0.881318
vt 0.374213 0.867285
vt 0.376168 0.861067
vt 0.409230 0.881318
vt 0.376168 0.861067
vt 0.411843 0.875273
vt 0.084150 0.557762
vt 0.092782 0.593915
vt 0.090243 0.557762
vt 0.084150 0.557762
vt 0.086653 0.594545
vt 0.092782 0.593915
vt 0.086653 0.594545
vt 0.099708 0.630172
vt 0.092782 0.593915
vt 0.086653 0.594545
vt 0.093542 0.631466
vt 0.099708 0.630172
vt 0.093542 0.631466
vt 0.110375 0.666283
vt 0.099708 0.630172
vt 0.093542 0.631466
vt 0.104241 0.668265
vt 0.110375 0.666283
vt 0.090243 0.557762
vt 0.086653 0.520979
vt 0.084150 0.557762
vt 0.090243 0.557762
vt 0.092781 0.521609
vt 0.086653 0.520979
vt 0.092781 0.521609
vt 0.093542 0.484058
vt 0.086653 0.520979
vt 0.092781 0.521609
vt 0.099708 0.485352
vt 0.093542 0.484058
vt 0.099708 0.485352
vt 0.104241 0.447259
vt 0.093542 0.484058
vt 0.099708 0.485352
vt 0.110376 0.449241
vt 0.104241 0.447259
vt 0.110376 0.449241
vt 0.118257 0.411101
vt 0.104241 0.447259
vt 0.110376 0.449241
vt 0.124221 0.413750
vt 0.118257 0.411101
vt 0.104241 0.668265
vt 0.124221 0.701774
vt 0.110375 0.666283
vt 0.104241 0.668265
vt 0.118257 0.704422
vt 0.124221 0.701774
vt 0.191006 0.525271
vt 0.199638 0.561424
vt 0.197099 0.525271
vt 0.191006 0.525271
vt 0.193510 0.562054
vt 0.199638 0.561424
vt 0.193510 0.562054
vt 0.206564 0.597681
vt 0.199638 0.561424
vt 0.193510 0.562054
vt 0.200398 0.598975
vt 0.206564 0.597681
vt 0.200398 0.598975
vt 0.217232 0.633792
vt 0.206564 0.597681
vt 0.200398 0.598975
vt 0.211097 0.635774
vt 0.217232 0.633792
vt 0.193509 0.488487
vt 0.191006 0.525271
vt 0.197099 0.525271
vt 0.193509 0.488487
vt 0.197099 0.525271
vt 0.199638 0.489117
vt 0.200398 0.451567
vt 0.193509 0.488487
vt 0.199638 0.489117
vt 0.200398 0.451567
vt 0.199638 0.489117
vt 0.206564 0.452861
vt 0.211098 0.414768
vt 0.200398 0.451567
vt 0.206564 0.452861
vt 0.211098 0.414768
vt 0.206564 0.452861
vt 0.217232 0.416750
vt 0.225113 0.378610
vt 0.211098 0.414768
vt 0.217232 0.416750
vt 0.225113 0.378610
vt 0.217232 0.416750
vt 0.231077 0.381259
vt 0.211097 0.635774
vt 0.231077 0.669283
vt 0.217232 0.633792
vt 0.211097 0.635774
vt 0.225113 0.671931
vt 0.231077 0.669283
vt 0.235530 0.535199
vt 0.244162 0.571352
vt 0.241623 0.535199
vt 0.235530 0.535199
vt 0.238033 0.571982
vt 0.244162 0.571352
vt 0.238033 0.571982
vt 0.251088 0.607609
vt 0.244162 0.571352
vt 0.238033 0.571982
vt 0.244922 0.608903
vt 0.251088 0.607609
vt 0.244922 0.608903
vt 0.261755 0.643720
vt 0.251088 0.607609
vt 0.244922 0.608903
vt 0.255621 0.645702
vt 0.261755 0.643720
vt 0.238033 0.498416
vt 0.235530 0.535199
vt 0.241623 0.535199
vt 0.238033 0.498416
vt 0.241623 0.535199
vt 0.244161 0.499046
vt 0.244922 0.461495
vt 0.238033 0.498416
vt 0.244161 0.499046
vt 0.244922 0.461495
vt 0.244161 0.499046
vt 0.251088 0.462789
vt 0.255621 0.424696
vt 0.244922 0.461495
vt 0.251088 0.462789
vt 0.255621 0.424696
vt 0.251088 0.462789
vt 0.261756 0.426678
vt 0.269637 0.388538
vt 0.255621 0.424696
vt 0.261756 0.426678
vt 0.269637 0.388538
vt 0.261756 0.426678
vt 0.275601 0.391187
vt 0.255621 0.645702
vt 0.275601 0.679210
vt 0.261755 0.643720
vt 0.255621 0.645702
vt 0.269637 0.681859
vt 0.275601 0.679210
vt 0.178267 0.569546
vt 0.175728 0.533393
vt 0.169635 0.533393
vt 0.178267 0.569546
vt 0.169635 0.533393
vt 0.172138 0.570176
vt 0.185193 0.605803
vt 0.178267 0.569546
vt 0.172138 0.570176
vt 0.185193 0.605803
vt 0.172138 0.570176
vt 0.179027 0.607097
vt 0.195861 0.641914
vt 0.185193 0.605803
vt 0.179027 0.607097
vt 0.195861 0.641914
vt 0.179027 0.607097
vt 0.189726 0.643896
vt 0.175728 0.533393
vt 0.172138 0.496610
vt 0.169635 0.533393
vt 0.175728 0.533393
vt 0.178267 0.497240
vt 0.172138 0.496610
vt 0.178267 0.497240
vt 0.179027 0.459689
vt 0.172138 0.496610
vt 0.178267 0.497240
vt 0.185193 0.460983
vt 0.179027 0.459689
vt 0.185193 0.460983
vt 0.189726 0.422891
vt 0.179027 0.459689
vt 0.185193 0.460983
vt 0.195861 0.424872
vt 0.189726 0.422891
vt 0.195861 0.424872
vt 0.203742 0.386733
vt 0.189726 0.422891
vt 0.195861 0.424872
vt 0.209706 0.389382
vt 0.203742 0.386733
vt 0.209706 0.677405
vt 0.195861 0.641914
vt 0.189726 0.643896
vt 0.209706 0.677405
vt 0.189726 0.643896
vt 0.203742 0.680054
vt 0.221010 0.568644
vt 0.218471 0.532491
vt 0.212378 0.532491
vt 0.221010 0.568644
vt 0.212378 0.532491
vt 0.214881 0.569274
vt 0.227936 0.604901
vt 0.221010 0.568644
vt 0.214881 0.569274
vt 0.227936 0.604901
vt 0.214881 0.569274
vt 0.221770 0.606195
vt 0.238603 0.641012
vt 0.227936 0.604901
vt 0.221770 0.606195
vt 0.238603 0.641012
vt 0.221770 0.606195
vt 0.232469 0.642994
vt 0.214881 0.495708
vt 0.212378 0.532491
vt 0.218471 0.532491
vt 0.214881 0.495708
vt 0.218471 0.532491
vt 0.221009 0.496338
vt 0.221770 0.458787
vt 0.214881 0.495708
vt 0.221009 0.496338
vt 0.221770 0.458787
vt 0.221009 0.496338
vt 0.227936 0.460081
vt 0.232469 0.421988
vt 0.221770 0.458787
vt 0.227936 0.460081
vt 0.232469 0.421988
vt 0.227936 0.460081
vt 0.238604 0.423970
vt 0.246485 0.385830
vt 0.232469 0.421988
vt 0.238604 0.423970
vt 0.246485 0.385830
vt 0.238604 0.423970
vt 0.252449 0.388479
vt 0.252449 0.676503
vt 0.238603 0.641012
vt 0.232469 0.642994
vt 0.252449 0.676503
vt 0.232469 0.642994
vt 0.246485 0.679152
vt 0.872217 0.486462
vt 0.880849 0.522615
vt 0.878310 0.486462
vt 0.872217 0.486462
vt 0.874721 0.523245
vt 0.880849 0.522615
vt 0.874721 0.523245
vt 0.887775 0.558872
vt 0.880849 0.522615
vt 0.874721 0.523245
vt 0.881609 0.560167
vt 0.887775 0.558872
vt 0.881609 0.560167
vt 0.898443 0.594983
vt 0.887775 0.558872
vt 0.881609 0.560167
vt 0.892308 0.596965
vt 0.898443 0.594983
vt 0.878310 0.486462
vt 0.874720 0.449679
vt 0.872217 0.486462
vt 0.878310 0.486462
vt 0.880849 0.450309
vt 0.874720 0.449679
vt 0.880849 0.450309
vt 0.881609 0.412758
vt 0.874720 0.449679
vt 0.880849 0.450309
vt 0.887775 0.414052
vt 0.881609 0.412758
vt 0.887775 0.414052
vt 0.892309 0.375959
vt 0.881609 0.412758
vt 0.887775 0.414052
vt 0.898443 0.377941
vt 0.892309 0.375959
vt 0.898443 0.377941
vt 0.906324 0.339801
vt 0.892309 0.375959
vt 0.898443 0.377941
vt 0.912288 0.342450
vt 0.906324 0.339801
vt 0.892308 0.596965
vt 0.912288 0.630474
vt 0.898443 0.594983
vt 0.892308 0.596965
vt 0.906324 0.633123
vt 0.912288 0.630474
vt 0.496935 0.012810
vt 0.461265 0.010237
vt 0.461265 0.004061
vt 0.496935 0.012810
vt 0.461265 0.004061
vt 0.497556 0.006599
vt 0.532707 0.019830
vt 0.496935 0.012810
vt 0.497556 0.006599
vt 0.532707 0.019830
vt 0.497556 0.006599
vt 0.533984 0.013581
vt 0.568336 0.030642
vt 0.532707 0.019830
vt 0.533984 0.013581
vt 0.568336 0.030642
vt 0.533984 0.013581
vt 0.570291 0.024425
vt 0.461265 0.010237
vt 0.424973 0.006598
vt 0.461265 0.004061
vt 0.461265 0.010237
vt 0.425595 0.012810
vt 0.424973 0.006598
vt 0.425595 0.012810
vt 0.388545 0.013581
vt 0.424973 0.006598
vt 0.425595 0.012810
vt 0.389822 0.019830
vt 0.388545 0.013581
vt 0.389822 0.019830
vt 0.352238 0.024425
vt 0.388545 0.013581
vt 0.389822 0.019830
vt 0.354193 0.030642
vt 0.352238 0.024425
vt 0.354193 0.030642
vt 0.316563 0.038630
vt 0.352238 0.024425
vt 0.354193 0.030642
vt 0.319176 0.044675
vt 0.316563 0.038630
vt 0.603353 0.044675
vt 0.568336 0.030642
vt 0.570291 0.024425
vt 0.603353 0.044675
vt 0.570291 0.024425
vt 0.605966 0.038630
f 1/130 2/131 3/132
f 4/133 5/134 6/135
f 7/136 8/137 9/138
f 10/139 11/140 12/141
f 13/142 14/143 15/144
f 16/145 17/146 18/147
f 19/148 20/149 21/150
f 22/151 23/152 24/153
f 25/154 26/155 27/156
f 28/157 29/158 30/159
f 31/160 32/161 33/162
f 34/163 35/164 36/165
f 37/166 38/167 39/168
f 40/169 41/170 42/171
f 43/172 44/173 45/174
f 46/175 47/176 48/177
f 49/178 50/179 51/180
f 52/121 53/122 54/123
f 55/124 56/125 57/126
f 58/127 59/128 60/129
f 61/223 62/224 63/225
f 64/220 65/221 66/222
f 67/217 68/218 69/219
f 70/214 71/215 72/216
f 73/211 74/212 75/213
f 76/208 77/209 78/210
f 79/205 80/206 81/207
f 82/202 83/203 84/204
f 85/199 86/200 87/201
f 88/196 89/197 90/198
f 91/193 92/194 93/195
f 94/190 95/191 96/192
f 97/187 98/188 99/189
f 100/184 101/185 102/186
f 103/181 104/182 105/183
f 106/238 107/239 108/240
f 109/235 110/236 111/237
f 112/232 113/233 114/234
f 115/229 116/230 117/231
f 118/226 119/227 120/228
f 121/448 122/449 123/450
f 124/451 125/452 126/453
f 127/454 128/455 129/456
f 130/457 131/458 132/459
f 133/460 134/461 135/462
f 136/463 137/464 138/465
f 139/466 140/467 141/468
f 142/469 143/470 144/471
f 145/472 146/473 147/474
f 148/475 149/476 150/477
f 151/478 152/479 153/480
f 154/421 155/422 156/423
f 157/424 158/425 159/426
f 160/427 161/428 162/429
f 163/430 164/431 165/432
f 166/433 167/434 168/435
f 169/436 170/437 171/438
f 172/439 173/440 174/441
f 175/442 176/443 177/444
f 178/445 179/446 180/447
f 181/400 182/401 183/402
f 184/397 185/398 186/399
f 187/394 188/395 189/396
f 190/391 191/392 192/393
f 193/388 194/389 195/390
f 196/385 197/386 198/387
f 199/382 200/383 201/384
f 202/379 203/380 204/381
f 205/376 206/377 207/378
f 208/373 209/374 210/375
f 211/370 212/371 213/372
f 214/367 215/368 216/369
f 217/364 218/365 219/366
f 220/361 221/362 222/363
f 223/418 224/419 225/420
f 226/415 227/416 228/417
f 229/412 230/413 231/414
f 232/409 233/410 234/411
f 235/406 236/407 237/408
f 238/403 239/404 240/405
f 241/685 242/686 243/687
f 244/688 245/689 246/690
f 247/691 248/692 249/693
f 250/694 251/695 252/696
f 253/697 254/698 255/699
f 256/700 257/701 258/702
f 259/703 260/704 261/705
f 262/706 263/707 264/708
f 265/709 266/710 267/711
f 268/712 269/713 270/714
f 271/715 272/716 273/717
f 274/718 275/719 276/720
f 277/661 278/662 279/663
f 280/664 281/665 282/666
f 283/667 284/668 285/669
f 286/670 287/671 288/672
f 289/673 290/674 291/675
f 292/676 293/677 294/678
f 295/679 296/680 297/681
f 298/682 299/683 300/684
f 301/655 302/656 303/657
f 304/652 305/653 306/654
f 307/649 308/650 309/651
f 310/646 311/647 312/648
f 313/643 314/644 315/645
f 316/640 317/641 318/642
f 319/637 320/638 321/639
f 322/634 323/635 324/636
f 325/631 326/632 327/633
f 328/628 329/629 330/630
f 331/625 332/626 333/627
f 334/622 335/623 336/624
f 337/619 338/620 339/621
f 340/616 341/617 342/618
f 343/613 344/614 345/615
f 346/610 347/611 348/612
f 349/607 350/608 351/609
f 352/604 353/605 354/606
f 355/601 356/602 357/603
f 358/658 359/659 360/660
f 361/958 362/959 363/960
f 364/901 365/902 366/903
f 367/904 368/905 369/906
f 370/907 371/908 372/909
f 373/910 374/911 375/912
f 376/913 377/914 378/915
f 379/916 380/917 381/918
f 382/919 383/920 384/921
f 385/922 386/923 387/924
f 388/925 389/926 390/927
f 391/928 392/929 393/930
f 394/931 395/932 396/933
f 397/934 398/935 399/936
f 400/937 401/938 402/939
f 403/940 404/941 405/942
f 406/943 407/944 408/945
f 409/946 410/947 411/948
f 412/949 413/950 414/951
f 415/952 416/953 417/954
f 418/955 419/956 420/957
f 421/775 422/776 423/777
f 424/772 425/773 426/774
f 427/769 428/770 429/771
f 430/766 431/767 432/768
f 433/763 434/764 435/765
f 436/760 437/761 438/762
f 439/757 440/758 441/759
f 442/754 443/755 444/756
f 445/751 446/752 447/753
f 448/748 449/749 450/750
f 451/745 452/746 453/747
f 454/742 455/743 456/744
f 457/739 458/740 459/741
f 460/736 461/737 462/738
f 463/733 464/734 465/735
f 466/730 467/731 468/732
f 469/727 470/728 471/729
f 472/724 473/725 474/726
f 475/721 476/722 477/723
f 478/778 479/779 480/780
f 481/1 482/2 483/3
f 484/4 485/5 486/6
f 487/10 488/11 489/12
f 490/7 491/8 492/9
f 493/31 494/32 495/33
f 496/34 497/35 498/36
f 499/25 500/26 501/27
f 502/28 503/29 504/30
f 505/22 506/23 507/24
f 508/19 509/20 510/21
f 511/40 512/41 513/42
f 514/37 515/38 516/39
f 517/46 518/47 519/48
f 520/43 521/44 522/45
f 523/91 524/92 525/93
f 526/94 527/95 528/96
f 529/85 530/86 531/87
f 532/88 533/89 534/90
f 535/76 536/77 537/78
f 538/73 539/74 540/75
f 541/82 542/83 543/84
f 544/79 545/80 546/81
f 547/100 548/101 549/102
f 550/97 551/98 552/99
f 553/55 554/56 555/57
f 556/58 557/59 558/60
f 559/49 560/50 561/51
f 562/52 563/53 564/54
f 565/64 566/65 567/66
f 568/61 569/62 570/63
f 571/70 572/71 573/72
f 574/67 575/68 576/69
f 577/109 578/110 579/111
f 580/112 581/113 582/114
f 583/106 584/107 585/108
f 586/103 587/104 588/105
f 589/118 590/119 591/120
f 592/115 593/116 594/117
f 595/13 596/14 597/15
f 598/16 599/17 600/18
f 601/262 602/263 603/264
f 604/259 605/260 606/261
f 607/355 608/356 609/357
f 610/358 611/359 612/360
f 613/343 614/344 615/345
f 616/346 617/347 618/348
f 619/352 620/353 621/354
f 622/349 623/350 624/351
f 625/313 626/314 627/315
f 628/316 629/317 630/318
f 631/301 632/302 633/303
f 634/304 635/305 636/306
f 637/310 638/311 639/312
f 640/307 641/308 642/309
f 643/289 644/290 645/291
f 646/292 647/293 648/294
f 649/277 650/278 651/279
f 652/280 653/281 654/282
f 655/271 656/272 657/273
f 658/274 659/275 660/276
f 661/286 662/287 663/288
f 664/283 665/284 666/285
f 667/298 668/299 669/300
f 670/295 671/296 672/297
f 673/325 674/326 675/327
f 676/328 677/329 678/330
f 679/319 680/320 681/321
f 682/322 683/323 684/324
f 685/334 686/335 687/336
f 688/331 689/332 690/333
f 691/340 692/341 693/342
f 694/337 695/338 696/339
f 697/265 698/266 699/267
f 700/268 701/269 702/270
f 703/247 704/248 705/249
f 706/250 707/251 708/252
f 709/244 710/245 711/246
f 712/241 713/242 714/243
f 715/256 716/257 717/258
f 718/253 719/254 720/255
f 721/556 722/557 723/558
f 724/553 725/554 726/555
f 727/562 728/563 729/564
f 730/559 731/560 732/561
f 733/499 734/500 735/501
f 736/502 737/503 738/504
f 739/493 740/494 741/495
f 742/496 743/497 744/498
f 745/484 746/485 747/486
f 748/481 749/482 750/483
f 751/490 752/491 753/492
f 754/487 755/488 756/489
f 757/508 758/509 759/510
f 760/505 761/506 762/507
f 763/589 764/590 765/591
f 766/592 767/593 768/594
f 769/577 770/578 771/579
f 772/580 773/581 774/582
f 775/571 776/572 777/573
f 778/574 779/575 780/576
f 781/586 782/587 783/588
f 784/583 785/584 786/585
f 787/598 788/599 789/600
f 790/595 791/596 792/597
f 793/529 794/530 795/531
f 796/532 797/533 798/534
f 799/523 800/524 801/525
f 802/526 803/527 804/528
f 805/514 806/515 807/516
f 808/511 809/512 810/513
f 811/520 812/521 813/522
f 814/517 815/518 816/519
f 817/547 818/548 819/549
f 820/550 821/551 822/552
f 823/535 824/536 825/537
f 826/538 827/539 828/540
f 829/544 830/545 831/546
f 832/541 833/542 834/543
f 835/565 836/566 837/567
f 838/568 839/569 840/570
f 841/820 842/821 843/822
f 844/817 845/818 846/819
f 847/853 848/854 849/855
f 850/856 851/857 852/858
f 853/835 854/836 855/837
f 856/838 857/839 858/840
f 859/829 860/830 861/831
f 862/832 863/833 864/834
f 865/844 866/845 867/846
f 868/841 869/842 870/843
f 871/850 872/851 873/852
f 874/847 875/848 876/849
f 877/889 878/890 879/891
f 880/892 881/893 882/894
f 883/886 884/887 885/888
f 886/883 887/884 888/885
f 889/898 890/899 891/900
f 892/895 893/896 894/897
f 895/787 896/788 897/789
f 898/790 899/791 900/792
f 901/781 902/782 903/783
f 904/784 905/785 906/786
f 907/796 908/797 909/798
f 910/793 911/794 912/795
f 913/877 914/878 915/879
f 916/880 917/881 918/882
f 919/871 920/872 921/873
f 922/874 923/875 924/876
f 925/862 926/863 927/864
f 928/859 929/860 930/861
f 931/868 932/869 933/870
f 934/865 935/866 936/867
f 937/823 938/824 939/825
f 940/826 941/827 942/828
f 943/805 944/806 945/807
f 946/808 947/809 948/810
f 949/802 950/803 951/804
f 952/799 953/800 954/801
f 955/814 956/815 957/816
f 958/811 959/812 960/813
f 961/2494 962/2495 963/2496
f 964/2491 965/2492 966/2493
f 967/2419 968/2420 969/2421
f 970/2422 971/2423 972/2424
f 973/2596 974/2597 975/2598
f 976/2593 977/2594 978/2595
f 979/2590 980/2591 981/2592
f 982/2587 983/2588 984/2589
f 985/2413 986/2414 987/2415
f 988/2416 989/2417 990/2418
f 991/2407 992/2408 993/2409
f 994/2410 995/2411 996/2412
f 997/2608 998/2609 999/2610
f 1000/2605 1001/2606 1002/2607
f 1003/2602 1004/2603 1005/2604
f 1006/2599 1007/2600 1008/2601
f 1009/2866 1010/2867 1011/2868
f 1012/2863 1013/2864 1014/2865
f 1015/2878 1016/2879 1017/2880
f 1018/2875 1019/2876 1020/2877
f 1021/2920 1022/2921 1023/2922
f 1024/2917 1025/2918 1026/2919
f 1027/2914 1028/2915 1029/2916
f 1030/2911 1031/2912 1032/2913
f 1033/2800 1034/2801 1035/2802
f 1036/2797 1037/2798 1038/2799
f 1039/2818 1040/2819 1041/2820
f 1042/2815 1043/2816 1044/2817
f 1045/2908 1046/2909 1047/2910
f 1048/2905 1049/2906 1050/2907
f 1051/2902 1052/2903 1053/2904
f 1054/2899 1055/2900 1056/2901
f 1057/2389 1058/2390 1059/2391
f 1060/2392 1061/2393 1062/2394
f 1063/2395 1064/2396 1065/2397
f 1066/2398 1067/2399 1068/2400
f 1069/2617 1070/2618 1071/2619
f 1072/2620 1073/2621 1074/2622
f 1075/2611 1076/2612 1077/2613
f 1078/2614 1079/2615 1080/2616
f 1081/2401 1082/2402 1083/2403
f 1084/2404 1085/2405 1086/2406
f 1087/2425 1088/2426 1089/2427
f 1090/2428 1091/2429 1092/2430
f 1093/2629 1094/2630 1095/2631
f 1096/2632 1097/2633 1098/2634
f 1099/2623 1100/2624 1101/2625
f 1102/2626 1103/2627 1104/2628
f 1105/2827 1106/2828 1107/2829
f 1108/2830 1109/2831 1110/2832
f 1111/2821 1112/2822 1113/2823
f 1114/2824 1115/2825 1116/2826
f 1117/3073 1118/3074 1119/3075
f 1120/3076 1121/3077 1122/3078
f 1123/3079 1124/3080 1125/3081
f 1126/3082 1127/3083 1128/3084
f 1129/2869 1130/2870 1131/2871
f 1132/2872 1133/2873 1134/2874
f 1135/2845 1136/2846 1137/2847
f 1138/2848 1139/2849 1140/2850
f 1141/3085 1142/3086 1143/3087
f 1144/3088 1145/3089 1146/3090
f 1147/3115 1148/3116 1149/3117
f 1150/3118 1151/3119 1152/3120
f 1153/2965 1154/2966 1155/2967
f 1156/2968 1157/2969 1158/2970
f 1159/2959 1160/2960 1161/2961
f 1162/2962 1163/2963 1164/2964
f 1165/1768 1166/1769 1167/1770
f 1168/1765 1169/1766 1170/1767
f 1171/1783 1172/1784 1173/1785
f 1174/1786 1175/1787 1176/1788
f 1177/2953 1178/2954 1179/2955
f 1180/2956 1181/2957 1182/2958
f 1183/2947 1184/2948 1185/2949
f 1186/2950 1187/2951 1188/2952
f 1189/1738 1190/1739 1191/1740
f 1192/1729 1193/1730 1194/1731
f 1195/1732 1196/1733 1197/1734
f 1198/1735 1199/1736 1200/1737
f 1201/1534 1202/1535 1203/1536
f 1204/1438 1205/1439 1206/1440
f 1207/1636 1208/1637 1209/1638
f 1210/1531 1211/1532 1212/1533
f 1213/1471 1214/1472 1215/1473
f 1216/1444 1217/1445 1218/1446
f 1219/1441 1220/1442 1221/1443
f 1222/1378 1223/1379 1224/1380
f 1225/1420 1226/1421 1227/1422
f 1228/1423 1229/1424 1230/1425
f 1231/1432 1232/1433 1233/1434
f 1234/1417 1235/1418 1236/1419
f 1237/1375 1238/1376 1239/1377
f 1240/1366 1241/1367 1242/1368
f 1243/1369 1244/1370 1245/1371
f 1246/1372 1247/1373 1248/1374
f 1249/3124 1250/3125 1251/3126
f 1252/3121 1253/3122 1254/3123
f 1255/3130 1256/3131 1257/3132
f 1258/3127 1259/3128 1260/3129
f 1261/1801 1262/1802 1263/1803
f 1264/1804 1265/1805 1266/1806
f 1267/1807 1268/1808 1269/1809
f 1270/1810 1271/1811 1272/1812
f 1273/3136 1274/3137 1275/3138
f 1276/3133 1277/3134 1278/3135
f 1279/3166 1280/3167 1281/3168
f 1282/3163 1283/3164 1284/3165
f 1285/1792 1286/1793 1287/1794
f 1288/1789 1289/1790 1290/1791
f 1291/1795 1292/1796 1293/1797
f 1294/1798 1295/1799 1296/1800
f 1297/1426 1298/1427 1299/1428
f 1300/1429 1301/1430 1302/1431
f 1303/1414 1304/1415 1305/1416
f 1306/1411 1307/1412 1308/1413
f 1309/1393 1310/1394 1311/1395
f 1312/1381 1313/1382 1314/1383
f 1315/1384 1316/1385 1317/1386
f 1318/1387 1319/1388 1320/1389
f 1321/1537 1322/1538 1323/1539
f 1324/1540 1325/1541 1326/1542
f 1327/1447 1328/1448 1329/1449
f 1330/1450 1331/1451 1332/1452
f 1333/1390 1334/1391 1335/1392
f 1336/1396 1337/1397 1338/1398
f 1339/1405 1340/1406 1341/1407
f 1342/1408 1343/1409 1344/1410
f 1345/1399 1346/1400 1347/1401
f 1348/1402 1349/1403 1350/1404
f 1351/1360 1352/1361 1353/1362
f 1354/1363 1355/1364 1356/1365
f 1357/1162 1358/1163 1359/1164
f 1360/1165 1361/1166 1362/1167
f 1363/1159 1364/1160 1365/1161
f 1366/1102 1367/1103 1368/1104
f 1369/1342 1370/1343 1371/1344
f 1372/1345 1373/1346 1374/1347
f 1375/1336 1376/1337 1377/1338
f 1378/1339 1379/1340 1380/1341
f 1381/1333 1382/1334 1383/1335
f 1384/1330 1385/1331 1386/1332
f 1387/1348 1388/1349 1389/1350
f 1390/1327 1391/1328 1392/1329
f 1393/1054 1394/1055 1395/1056
f 1396/1045 1397/1046 1398/1047
f 1399/1048 1400/1049 1401/1050
f 1402/1051 1403/1052 1404/1053
f 1405/1036 1406/1037 1407/1038
f 1408/1039 1409/1040 1410/1041
f 1411/1042 1412/1043 1413/1044
f 1414/1033 1415/1034 1416/1035
f 1417/1105 1418/1106 1419/1107
f 1420/1099 1421/1100 1422/1101
f 1423/1078 1424/1079 1425/1080
f 1426/1075 1427/1076 1428/1077
f 1429/1072 1430/1073 1431/1074
f 1432/1069 1433/1070 1434/1071
f 1435/1081 1436/1082 1437/1083
f 1438/1084 1439/1085 1440/1086
f 1441/1312 1442/1313 1443/1314
f 1444/1315 1445/1316 1446/1317
f 1447/1306 1448/1307 1449/1308
f 1450/1309 1451/1310 1452/1311
f 1453/1303 1454/1304 1455/1305
f 1456/1324 1457/1325 1458/1326
f 1459/1318 1460/1319 1461/1320
f 1462/1321 1463/1322 1464/1323
f 1465/1357 1466/1358 1467/1359
f 1468/1351 1469/1352 1470/1353
f 1471/1435 1472/1436 1473/1437
f 1474/1354 1475/1355 1476/1356
f 1477/1180 1478/1181 1479/1182
f 1480/1177 1481/1178 1482/1179
f 1483/1297 1484/1298 1485/1299
f 1486/1300 1487/1301 1488/1302
f 1489/1117 1490/1118 1491/1119
f 1492/1114 1493/1115 1494/1116
f 1495/1147 1496/1148 1497/1149
f 1498/1144 1499/1145 1500/1146
f 1501/1141 1502/1142 1503/1143
f 1504/1138 1505/1139 1506/1140
f 1507/1111 1508/1112 1509/1113
f 1510/1108 1511/1109 1512/1110
f 1513/994 1514/995 1515/996
f 1516/985 1517/986 1518/987
f 1519/988 1520/989 1521/990
f 1522/991 1523/992 1524/993
f 1525/964 1526/965 1527/966
f 1528/967 1529/968 1530/969
f 1531/970 1532/971 1533/972
f 1534/961 1535/962 1536/963
f 1537/973 1538/974 1539/975
f 1540/976 1541/977 1542/978
f 1543/979 1544/980 1545/981
f 1546/982 1547/983 1548/984
f 1549/997 1550/998 1551/999
f 1552/1000 1553/1001 1554/1002
f 1555/1003 1556/1004 1557/1005
f 1558/1006 1559/1007 1560/1008
f 1561/1120 1562/1121 1563/1122
f 1564/1123 1565/1124 1566/1125
f 1567/1135 1568/1136 1569/1137
f 1570/1132 1571/1133 1572/1134
f 1573/1150 1574/1151 1575/1152
f 1576/1156 1577/1157 1578/1158
f 1579/1126 1580/1127 1581/1128
f 1582/1129 1583/1130 1584/1131
f 1585/1171 1586/1172 1587/1173
f 1588/1174 1589/1175 1590/1176
f 1591/1153 1592/1154 1593/1155
f 1594/1168 1595/1169 1596/1170
f 1597/1252 1598/1253 1599/1254
f 1600/1249 1601/1250 1602/1251
f 1603/1246 1604/1247 1605/1248
f 1606/1243 1607/1244 1608/1245
f 1609/1222 1610/1223 1611/1224
f 1612/1225 1613/1226 1614/1227
f 1615/1219 1616/1220 1617/1221
f 1618/1240 1619/1241 1620/1242
f 1621/1237 1622/1238 1623/1239
f 1624/1234 1625/1235 1626/1236
f 1627/1228 1628/1229 1629/1230
f 1630/1231 1631/1232 1632/1233
f 1633/1087 1634/1088 1635/1089
f 1636/1090 1637/1091 1638/1092
f 1639/1057 1640/1058 1641/1059
f 1642/1060 1643/1061 1644/1062
f 1645/1063 1646/1064 1647/1065
f 1648/1066 1649/1067 1650/1068
f 1651/1093 1652/1094 1653/1095
f 1654/1096 1655/1097 1656/1098
f 1657/1012 1658/1013 1659/1014
f 1660/1015 1661/1016 1662/1017
f 1663/1009 1664/1010 1665/1011
f 1666/1018 1667/1019 1668/1020
f 1669/1021 1670/1022 1671/1023
f 1672/1030 1673/1031 1674/1032
f 1675/1024 1676/1025 1677/1026
f 1678/1027 1679/1028 1680/1029
f 1681/1216 1682/1217 1683/1218
f 1684/1195 1685/1196 1686/1197
f 1687/1213 1688/1214 1689/1215
f 1690/1210 1691/1211 1692/1212
f 1693/1207 1694/1208 1695/1209
f 1696/1204 1697/1205 1698/1206
f 1699/1198 1700/1199 1701/1200
f 1702/1201 1703/1202 1704/1203
f 1705/1183 1706/1184 1707/1185
f 1708/1186 1709/1187 1710/1188
f 1711/1192 1712/1193 1713/1194
f 1714/1189 1715/1190 1716/1191
f 1717/1255 1718/1256 1719/1257
f 1720/1258 1721/1259 1722/1260
f 1723/1261 1724/1262 1725/1263
f 1726/1453 1727/1454 1728/1455
f 1729/1456 1730/1457 1731/1458
f 1732/1510 1733/1511 1734/1512
f 1735/1276 1736/1277 1737/1278
f 1738/1459 1739/1460 1740/1461
f 1741/1474 1742/1475 1743/1476
f 1744/1618 1745/1619 1746/1620
f 1747/1615 1748/1616 1749/1617
f 1750/1627 1751/1628 1752/1629
f 1753/1264 1754/1265 1755/1266
f 1756/1267 1757/1268 1758/1269
f 1759/1273 1760/1274 1761/1275
f 1762/1270 1763/1271 1764/1272
f 1765/1486 1766/1487 1767/1488
f 1768/1483 1769/1484 1770/1485
f 1771/1480 1772/1481 1773/1482
f 1774/1477 1775/1478 1776/1479
f 1777/1900 1778/1901 1779/1902
f 1780/1897 1781/1898 1782/1899
f 1783/1918 1784/1919 1785/1920
f 1786/1915 1787/1916 1788/1917
f 1789/3064 1790/3065 1791/3066
f 1792/3061 1793/3062 1794/3063
f 1795/3058 1796/3059 1797/3060
f 1798/3055 1799/3056 1800/3057
f 1801/1747 1802/1748 1803/1749
f 1804/1756 1805/1757 1806/1758
f 1807/1753 1808/1754 1809/1755
f 1810/1750 1811/1751 1812/1752
f 1813/3052 1814/3053 1815/3054
f 1816/3049 1817/3050 1818/3051
f 1819/3046 1820/3047 1821/3048
f 1822/3043 1823/3044 1824/3045
f 1825/1279 1826/1280 1827/1281
f 1828/1282 1829/1283 1830/1284
f 1831/1288 1832/1289 1833/1290
f 1834/1285 1835/1286 1836/1287
f 1837/1498 1838/1499 1839/1500
f 1840/1495 1841/1496 1842/1497
f 1843/1489 1844/1490 1845/1491
f 1846/1492 1847/1493 1848/1494
f 1849/1294 1850/1295 1851/1296
f 1852/1291 1853/1292 1854/1293
f 1855/1465 1856/1466 1857/1467
f 1858/1462 1859/1463 1860/1464
f 1861/1624 1862/1625 1863/1626
f 1864/1621 1865/1622 1866/1623
f 1867/1504 1868/1505 1869/1506
f 1870/1501 1871/1502 1872/1503
f 1873/1879 1874/1880 1875/1881
f 1876/1882 1877/1883 1878/1884
f 1879/1873 1880/1874 1881/1875
f 1882/1876 1883/1877 1884/1878
f 1885/3217 1886/3218 1887/3219
f 1888/3220 1889/3221 1890/3222
f 1891/3223 1892/3224 1893/3225
f 1894/3226 1895/3227 1896/3228
f 1897/1909 1898/1910 1899/1911
f 1900/1912 1901/1913 1902/1914
f 1903/1903 1904/1904 1905/1905
f 1906/1906 1907/1907 1908/1908
f 1909/3229 1910/3230 1911/3231
f 1912/3232 1913/3233 1914/3234
f 1915/3259 1916/3260 1917/3261
f 1918/3262 1919/3263 1920/3264
f 1921/3013 1922/3014 1923/3015
f 1924/3016 1925/3017 1926/3018
f 1927/3007 1928/3008 1929/3009
f 1930/3010 1931/3011 1932/3012
f 1933/2755 1934/2756 1935/2757
f 1936/2758 1937/2759 1938/2760
f 1939/2761 1940/2762 1941/2763
f 1942/2764 1943/2765 1944/2766
f 1945/3001 1946/3002 1947/3003
f 1948/3004 1949/3005 1950/3006
f 1951/2995 1952/2996 1953/2997
f 1954/2998 1955/2999 1956/3000
f 1957/2737 1958/2738 1959/2739
f 1960/2740 1961/2741 1962/2742
f 1963/2743 1964/2744 1965/2745
f 1966/2746 1967/2747 1968/2748
f 1969/2536 1970/2537 1971/2538
f 1972/2533 1973/2534 1974/2535
f 1975/2671 1976/2672 1977/2673
f 1978/2674 1979/2675 1980/2676
f 1981/2383 1982/2384 1983/2385
f 1984/2386 1985/2387 1986/2388
f 1987/2338 1988/2339 1989/2340
f 1990/2335 1991/2336 1992/2337
f 1993/2512 1994/2513 1995/2514
f 1996/2509 1997/2510 1998/2511
f 1999/2518 2000/2519 2001/2520
f 2002/2515 2003/2516 2004/2517
f 2005/2332 2006/2333 2007/2334
f 2008/2329 2009/2330 2010/2331
f 2011/2326 2012/2327 2013/2328
f 2014/2323 2015/2324 2016/2325
f 2017/3172 2018/3173 2019/3174
f 2020/3169 2021/3170 2022/3171
f 2023/3178 2024/3179 2025/3180
f 2026/3175 2027/3176 2028/3177
f 2029/2698 2030/2699 2031/2700
f 2032/2695 2033/2696 2034/2697
f 2035/2692 2036/2693 2037/2694
f 2038/2689 2039/2690 2040/2691
f 2041/3184 2042/3185 2043/3186
f 2044/3181 2045/3182 2046/3183
f 2047/3214 2048/3215 2049/3216
f 2050/3211 2051/3212 2052/3213
f 2053/2728 2054/2729 2055/2730
f 2056/2725 2057/2726 2058/2727
f 2059/2710 2060/2711 2061/2712
f 2062/2707 2063/2708 2064/2709
f 2065/2506 2066/2507 2067/2508
f 2068/2503 2069/2504 2070/2505
f 2071/2500 2072/2501 2073/2502
f 2074/2497 2075/2498 2076/2499
f 2077/2308 2078/2309 2079/2310
f 2080/2305 2081/2306 2082/2307
f 2083/2314 2084/2315 2085/2316
f 2086/2311 2087/2312 2088/2313
f 2089/2530 2090/2531 2091/2532
f 2092/2527 2093/2528 2094/2529
f 2095/2524 2096/2525 2097/2526
f 2098/2521 2099/2522 2100/2523
f 2101/2320 2102/2321 2103/2322
f 2104/2317 2105/2318 2106/2319
f 2107/2476 2108/2477 2109/2478
f 2110/2473 2111/2474 2112/2475
f 2113/2236 2114/2237 2115/2238
f 2116/2233 2117/2234 2118/2235
f 2119/2167 2120/2168 2121/2169
f 2122/2170 2123/2171 2124/2172
f 2125/2086 2126/2087 2127/2088
f 2128/2083 2129/2084 2130/2085
f 2131/2230 2132/2231 2133/2232
f 2134/2227 2135/2228 2136/2229
f 2137/2161 2138/2162 2139/2163
f 2140/2164 2141/2165 2142/2166
f 2143/2155 2144/2156 2145/2157
f 2146/2158 2147/2159 2148/2160
f 2149/2029 2150/2030 2151/2031
f 2152/2032 2153/2033 2154/2034
f 2155/2035 2156/2036 2157/2037
f 2158/2038 2159/2039 2160/2040
f 2161/1984 2162/1985 2163/1986
f 2164/1981 2165/1982 2166/1983
f 2167/1951 2168/1952 2169/1953
f 2170/1954 2171/1955 2172/1956
f 2173/1927 2174/1928 2175/1929
f 2176/1930 2177/1931 2178/1932
f 2179/1975 2180/1976 2181/1977
f 2182/1978 2183/1979 2184/1980
f 2185/2224 2186/2225 2187/2226
f 2188/2221 2189/2222 2190/2223
f 2191/2080 2192/2081 2193/2082
f 2194/2077 2195/2078 2196/2079
f 2197/2071 2198/2072 2199/2073
f 2200/2074 2201/2075 2202/2076
f 2203/2215 2204/2216 2205/2217
f 2206/2218 2207/2219 2208/2220
f 2209/2140 2210/2141 2211/2142
f 2212/2137 2213/2138 2214/2139
f 2215/2146 2216/2147 2217/2148
f 2218/2143 2219/2144 2220/2145
f 2221/2026 2222/2027 2223/2028
f 2224/2023 2225/2024 2226/2025
f 2227/2020 2228/2021 2229/2022
f 2230/2017 2231/2018 2232/2019
f 2233/2152 2234/2153 2235/2154
f 2236/2149 2237/2150 2238/2151
f 2239/2194 2240/2195 2241/2196
f 2242/2191 2243/2192 2244/2193
f 2245/2188 2246/2189 2247/2190
f 2248/2185 2249/2186 2250/2187
f 2251/2056 2252/2057 2253/2058
f 2254/2053 2255/2054 2256/2055
f 2257/2050 2258/2051 2259/2052
f 2260/2047 2261/2048 2262/2049
f 2263/2182 2264/2183 2265/2184
f 2266/2179 2267/2180 2268/2181
f 2269/2176 2270/2177 2271/2178
f 2272/2173 2273/2174 2274/2175
f 2275/2044 2276/2045 2277/2046
f 2278/2041 2279/2042 2280/2043
f 2281/1948 2282/1949 2283/1950
f 2284/1945 2285/1946 2286/1947
f 2287/1966 2288/1967 2289/1968
f 2290/1963 2291/1964 2292/1965
f 2293/1960 2294/1961 2295/1962
f 2296/1957 2297/1958 2298/1959
f 2299/1924 2300/1925 2301/1926
f 2302/1921 2303/1922 2304/1923
f 2305/1942 2306/1943 2307/1944
f 2308/1939 2309/1940 2310/1941
f 2311/1969 2312/1970 2313/1971
f 2314/1972 2315/1973 2316/1974
f 2317/2014 2318/2015 2319/2016
f 2320/2011 2321/2012 2322/2013
f 2323/2008 2324/2009 2325/2010
f 2326/2005 2327/2006 2328/2007
f 2329/2059 2330/2060 2331/2061
f 2332/2062 2333/2063 2334/2064
f 2335/2197 2336/2198 2337/2199
f 2338/2200 2339/2201 2340/2202
f 2341/2203 2342/2204 2343/2205
f 2344/2206 2345/2207 2346/2208
f 2347/2065 2348/2066 2349/2067
f 2350/2068 2351/2069 2352/2070
f 2353/2134 2354/2135 2355/2136
f 2356/2131 2357/2132 2358/2133
f 2359/2209 2360/2210 2361/2211
f 2362/2212 2363/2213 2364/2214
f 2365/2302 2366/2303 2367/2304
f 2368/2299 2369/2300 2370/2301
f 2371/2296 2372/2297 2373/2298
f 2374/2293 2375/2294 2376/2295
f 2377/2122 2378/2123 2379/2124
f 2380/2119 2381/2120 2382/2121
f 2383/2128 2384/2129 2385/2130
f 2386/2125 2387/2126 2388/2127
f 2389/2290 2390/2291 2391/2292
f 2392/2287 2393/2288 2394/2289
f 2395/2284 2396/2285 2397/2286
f 2398/2281 2399/2282 2400/2283
f 2401/2239 2402/2240 2403/2241
f 2404/2242 2405/2243 2406/2244
f 2407/2089 2408/2090 2409/2091
f 2410/2092 2411/2093 2412/2094
f 2413/2095 2414/2096 2415/2097
f 2416/2098 2417/2099 2418/2100
f 2419/2245 2420/2246 2421/2247
f 2422/2248 2423/2249 2424/2250
f 2425/1987 2426/1988 2427/1989
f 2428/1990 2429/1991 2430/1992
f 2431/1933 2432/1934 2433/1935
f 2434/1936 2435/1937 2436/1938
f 2437/1993 2438/1994 2439/1995
f 2440/1996 2441/1997 2442/1998
f 2443/1999 2444/2000 2445/2001
f 2446/2002 2447/2003 2448/2004
f 2449/2107 2450/2108 2451/2109
f 2452/2110 2453/2111 2454/2112
f 2455/2101 2456/2102 2457/2103
f 2458/2104 2459/2105 2460/2106
f 2461/2257 2462/2258 2463/2259
f 2464/2260 2465/2261 2466/2262
f 2467/2263 2468/2264 2469/2265
f 2470/2266 2471/2267 2472/2268
f 2473/2251 2474/2252 2475/2253
f 2476/2254 2477/2255 2478/2256
f 2479/2113 2480/2114 2481/2115
f 2482/2116 2483/2117 2484/2118
f 2485/2269 2486/2270 2487/2271
f 2488/2272 2489/2273 2490/2274
f 2491/2275 2492/2276 2493/2277
f 2494/2278 2495/2279 2496/2280
f 2497/2434 2498/2435 2499/2436
f 2500/2431 2501/2432 2502/2433
f 2503/2371 2504/2372 2505/2373
f 2506/2374 2507/2375 2508/2376
f 2509/2677 2510/2678 2511/2679
f 2512/2680 2513/2681 2514/2682
f 2515/2686 2516/2687 2517/2688
f 2518/2683 2519/2684 2520/2685
f 2521/2365 2522/2366 2523/2367
f 2524/2368 2525/2369 2526/2370
f 2527/2359 2528/2360 2529/2361
f 2530/2362 2531/2363 2532/2364
f 2533/2647 2534/2648 2535/2649
f 2536/2650 2537/2651 2538/2652
f 2539/2653 2540/2654 2541/2655
f 2542/2656 2543/2657 2544/2658
f 2545/2854 2546/2855 2547/2856
f 2548/2851 2549/2852 2550/2853
f 2551/2860 2552/2861 2553/2862
f 2554/2857 2555/2858 2556/2859
f 2557/3112 2558/3113 2559/3114
f 2560/3109 2561/3110 2562/3111
f 2563/3106 2564/3107 2565/3108
f 2566/3103 2567/3104 2568/3105
f 2569/2836 2570/2837 2571/2838
f 2572/2833 2573/2834 2574/2835
f 2575/2842 2576/2843 2577/2844
f 2578/2839 2579/2840 2580/2841
f 2581/3100 2582/3101 2583/3102
f 2584/3097 2585/3098 2586/3099
f 2587/3094 2588/3095 2589/3096
f 2590/3091 2591/3092 2592/3093
f 2593/2341 2594/2342 2595/2343
f 2596/2344 2597/2345 2598/2346
f 2599/2347 2600/2348 2601/2349
f 2602/2350 2603/2351 2604/2352
f 2605/2641 2606/2642 2607/2643
f 2608/2644 2609/2645 2610/2646
f 2611/2635 2612/2636 2613/2637
f 2614/2638 2615/2639 2616/2640
f 2617/2353 2618/2354 2619/2355
f 2620/2356 2621/2357 2622/2358
f 2623/2377 2624/2378 2625/2379
f 2626/2380 2627/2381 2628/2382
f 2629/2665 2630/2666 2631/2667
f 2632/2668 2633/2669 2634/2670
f 2635/2659 2636/2660 2637/2661
f 2638/2662 2639/2663 2640/2664
f 2641/2749 2642/2750 2643/2751
f 2644/2752 2645/2753 2646/2754
f 2647/2731 2648/2732 2649/2733
f 2650/2734 2651/2735 2652/2736
f 2653/2977 2654/2978 2655/2979
f 2656/2980 2657/2981 2658/2982
f 2659/2983 2660/2984 2661/2985
f 2662/2986 2663/2987 2664/2988
f 2665/2773 2666/2774 2667/2775
f 2668/2776 2669/2777 2670/2778
f 2671/2767 2672/2768 2673/2769
f 2674/2770 2675/2771 2676/2772
f 2677/2989 2678/2990 2679/2991
f 2680/2992 2681/2993 2682/2994
f 2683/3019 2684/3020 2685/3021
f 2686/3022 2687/3023 2688/3024
f 2689/3253 2690/3254 2691/3255
f 2692/3256 2693/3257 2694/3258
f 2695/3247 2696/3248 2697/3249
f 2698/3250 2699/3251 2700/3252
f 2701/1885 2702/1886 2703/1887
f 2704/1888 2705/1889 2706/1890
f 2707/1891 2708/1892 2709/1893
f 2710/1894 2711/1895 2712/1896
f 2713/3241 2714/3242 2715/3243
f 2716/3244 2717/3245 2718/3246
f 2719/3235 2720/3236 2721/3237
f 2722/3238 2723/3239 2724/3240
f 2725/1870 2726/1871 2727/1872
f 2728/1867 2729/1868 2730/1869
f 2731/1864 2732/1865 2733/1866
f 2734/1861 2735/1862 2736/1863
f 2737/1723 2738/1724 2739/1725
f 2740/1726 2741/1727 2742/1728
f 2743/1642 2744/1643 2745/1644
f 2746/1645 2747/1646 2748/1647
f 2749/1519 2750/1520 2751/1521
f 2752/1522 2753/1523 2754/1524
f 2755/1579 2756/1580 2757/1581
f 2758/1582 2759/1583 2760/1584
f 2761/1714 2762/1715 2763/1716
f 2764/1711 2765/1712 2766/1713
f 2767/1720 2768/1721 2769/1722
f 2770/1717 2771/1718 2772/1719
f 2773/1585 2774/1586 2775/1587
f 2776/1588 2777/1589 2778/1590
f 2779/1591 2780/1592 2781/1593
f 2782/1594 2783/1595 2784/1596
f 2785/2932 2786/2933 2787/2934
f 2788/2929 2789/2930 2790/2931
f 2791/2938 2792/2939 2793/2940
f 2794/2935 2795/2936 2796/2937
f 2797/1774 2798/1775 2799/1776
f 2800/1771 2801/1772 2802/1773
f 2803/1744 2804/1745 2805/1746
f 2806/1741 2807/1742 2808/1743
f 2809/2944 2810/2945 2811/2946
f 2812/2941 2813/2942 2814/2943
f 2815/2974 2816/2975 2817/2976
f 2818/2971 2819/2972 2820/2973
f 2821/1858 2822/1859 2823/1860
f 2824/1855 2825/1856 2826/1857
f 2827/1834 2828/1835 2829/1836
f 2830/1831 2831/1832 2832/1833
f 2833/1702 2834/1703 2835/1704
f 2836/1699 2837/1700 2838/1701
f 2839/1708 2840/1709 2841/1710
f 2842/1705 2843/1706 2844/1707
f 2845/1600 2846/1601 2847/1602
f 2848/1597 2849/1598 2850/1599
f 2851/1606 2852/1607 2853/1608
f 2854/1603 2855/1604 2856/1605
f 2857/1648 2858/1649 2859/1650
f 2860/1639 2861/1640 2862/1641
f 2863/1696 2864/1697 2865/1698
f 2866/1693 2867/1694 2868/1695
f 2869/1612 2870/1613 2871/1614
f 2872/1609 2873/1610 2874/1611
f 2875/1525 2876/1526 2877/1527
f 2878/1468 2879/1469 2880/1470
f 2881/2482 2882/2483 2883/2484
f 2884/2479 2885/2480 2886/2481
f 2887/2467 2888/2468 2889/2469
f 2890/2470 2891/2471 2892/2472
f 2893/2548 2894/2549 2895/2550
f 2896/2545 2897/2546 2898/2547
f 2899/2542 2900/2543 2901/2544
f 2902/2539 2903/2540 2904/2541
f 2905/2461 2906/2462 2907/2463
f 2908/2464 2909/2465 2910/2466
f 2911/2455 2912/2456 2913/2457
f 2914/2458 2915/2459 2916/2460
f 2917/2560 2918/2561 2919/2562
f 2920/2557 2921/2558 2922/2559
f 2923/2554 2924/2555 2925/2556
f 2926/2551 2927/2552 2928/2553
f 2929/2722 2930/2723 2931/2724
f 2932/2719 2933/2720 2934/2721
f 2935/2812 2936/2813 2937/2814
f 2938/2809 2939/2810 2940/2811
f 2941/3208 2942/3209 2943/3210
f 2944/3205 2945/3206 2946/3207
f 2947/3202 2948/3203 2949/3204
f 2950/3199 2951/3200 2952/3201
f 2953/2704 2954/2705 2955/2706
f 2956/2701 2957/2702 2958/2703
f 2959/2716 2960/2717 2961/2718
f 2962/2713 2963/2714 2964/2715
f 2965/3196 2966/3197 2967/3198
f 2968/3193 2969/3194 2970/3195
f 2971/3190 2972/3191 2973/3192
f 2974/3187 2975/3188 2976/3189
f 2977/2437 2978/2438 2979/2439
f 2980/2440 2981/2441 2982/2442
f 2983/2443 2984/2444 2985/2445
f 2986/2446 2987/2447 2988/2448
f 2989/2569 2990/2570 2991/2571
f 2992/2572 2993/2573 2994/2574
f 2995/2563 2996/2564 2997/2565
f 2998/2566 2999/2567 3000/2568
f 3001/2449 3002/2450 3003/2451
f 3004/2452 3005/2453 3006/2454
f 3007/2485 3008/2486 3009/2487
f 3010/2488 3011/2489 3012/2490
f 3013/2581 3014/2582 3015/2583
f 3016/2584 3017/2585 3018/2586
f 3019/2575 3020/2576 3021/2577
f 3022/2578 3023/2579 3024/2580
f 3025/2785 3026/2786 3027/2787
f 3028/2788 3029/2789 3030/2790
f 3031/2779 3032/2780 3033/2781
f 3034/2782 3035/2783 3036/2784
f 3037/2881 3038/2882 3039/2883
f 3040/2884 3041/2885 3042/2886
f 3043/2887 3044/2888 3045/2889
f 3046/2890 3047/2891 3048/2892
f 3049/2803 3050/2804 3051/2805
f 3052/2806 3053/2807 3054/2808
f 3055/2791 3056/2792 3057/2793
f 3058/2794 3059/2795 3060/2796
f 3061/2893 3062/2894 3063/2895
f 3064/2896 3065/2897 3066/2898
f 3067/2923 3068/2924 3069/2925
f 3070/2926 3071/2927 3072/2928
f 3073/3157 3074/3158 3075/3159
f 3076/3160 3077/3161 3078/3162
f 3079/3151 3080/3152 3081/3153
f 3082/3154 3083/3155 3084/3156
f 3085/1837 3086/1838 3087/1839
f 3088/1840 3089/1841 3090/1842
f 3091/1849 3092/1850 3093/1851
f 3094/1852 3095/1853 3096/1854
f 3097/3145 3098/3146 3099/3147
f 3100/3148 3101/3149 3102/3150
f 3103/3139 3104/3140 3105/3141
f 3106/3142 3107/3143 3108/3144
f 3109/1813 3110/1814 3111/1815
f 3112/1816 3113/1817 3114/1818
f 3115/1819 3116/1820 3117/1821
f 3118/1822 3119/1823 3120/1824
f 3121/1687 3122/1688 3123/1689
f 3124/1690 3125/1691 3126/1692
f 3127/1651 3128/1652 3129/1653
f 3130/1654 3131/1655 3132/1656
f 3133/1513 3134/1514 3135/1515
f 3136/1516 3137/1517 3138/1518
f 3139/1543 3140/1544 3141/1545
f 3142/1546 3143/1547 3144/1548
f 3145/1678 3146/1679 3147/1680
f 3148/1675 3149/1676 3150/1677
f 3151/1684 3152/1685 3153/1686
f 3154/1681 3155/1682 3156/1683
f 3157/1549 3158/1550 3159/1551
f 3160/1552 3161/1553 3162/1554
f 3163/1555 3164/1556 3165/1557
f 3166/1558 3167/1559 3168/1560
f 3169/3028 3170/3029 3171/3030
f 3172/3025 3173/3026 3174/3027
f 3175/3034 3176/3035 3177/3036
f 3178/3031 3179/3032 3180/3033
f 3181/1780 3182/1781 3183/1782
f 3184/1777 3185/1778 3186/1779
f 3187/1762 3188/1763 3189/1764
f 3190/1759 3191/1760 3192/1761
f 3193/3040 3194/3041 3195/3042
f 3196/3037 3197/3038 3198/3039
f 3199/3070 3200/3071 3201/3072
f 3202/3067 3203/3068 3204/3069
f 3205/1846 3206/1847 3207/1848
f 3208/1843 3209/1844 3210/1845
f 3211/1828 3212/1829 3213/1830
f 3214/1825 3215/1826 3216/1827
f 3217/1666 3218/1667 3219/1668
f 3220/1663 3221/1664 3222/1665
f 3223/1672 3224/1673 3225/1674
f 3226/1669 3227/1670 3228/1671
f 3229/1564 3230/1565 3231/1566
f 3232/1561 3233/1562 3234/1563
f 3235/1570 3236/1571 3237/1572
f 3238/1567 3239/1568 3240/1569
f 3241/1633 3242/1634 3243/1635
f 3244/1630 3245/1631 3246/1632
f 3247/1660 3248/1661 3249/1662
f 3250/1657 3251/1658 3252/1659
f 3253/1576 3254/1577 3255/1578
f 3256/1573 3257/1574 3258/1575
f 3259/1528 3260/1529 3261/1530
f 3262/1507 3263/1508 3264/1509
f 3265/4738 3266/4739 3267/4740
f 3268/4735 3269/4736 3270/4737
f 3271/4675 3272/4676 3273/4677
f 3274/4678 3275/4679 3276/4680
f 3277/4837 3278/4838 3279/4839
f 3280/4840 3281/4841 3282/4842
f 3283/4978 3284/4979 3285/4980
f 3286/4975 3287/4976 3288/4977
f 3289/4669 3290/4670 3291/4671
f 3292/4672 3293/4673 3294/4674
f 3295/4663 3296/4664 3297/4665
f 3298/4666 3299/4667 3300/4668
f 3301/4813 3302/4814 3303/4815
f 3304/4816 3305/4817 3306/4818
f 3307/4819 3308/4820 3309/4821
f 3310/4822 3311/4823 3312/4824
f 3313/5158 3314/5159 3315/5160
f 3316/5155 3317/5156 3318/5157
f 3319/5164 3320/5165 3321/5166
f 3322/5161 3323/5162 3324/5163
f 3325/5416 3326/5417 3327/5418
f 3328/5413 3329/5414 3330/5415
f 3331/5410 3332/5411 3333/5412
f 3334/5407 3335/5408 3336/5409
f 3337/5140 3338/5141 3339/5142
f 3340/5137 3341/5138 3342/5139
f 3343/5146 3344/5147 3345/5148
f 3346/5143 3347/5144 3348/5145
f 3349/5404 3350/5405 3351/5406
f 3352/5401 3353/5402 3354/5403
f 3355/5398 3356/5399 3357/5400
f 3358/5395 3359/5396 3360/5397
f 3361/4645 3362/4646 3363/4647
f 3364/4648 3365/4649 3366/4650
f 3367/4651 3368/4652 3369/4653
f 3370/4654 3371/4655 3372/4656
f 3373/4807 3374/4808 3375/4809
f 3376/4810 3377/4811 3378/4812
f 3379/4801 3380/4802 3381/4803
f 3382/4804 3383/4805 3384/4806
f 3385/4657 3386/4658 3387/4659
f 3388/4660 3389/4661 3390/4662
f 3391/4681 3392/4682 3393/4683
f 3394/4684 3395/4685 3396/4686
f 3397/4831 3398/4832 3399/4833
f 3400/4834 3401/4835 3402/4836
f 3403/4825 3404/4826 3405/4827
f 3406/4828 3407/4829 3408/4830
f 3409/4999 3410/5000 3411/5001
f 3412/5002 3413/5003 3414/5004
f 3415/4993 3416/4994 3417/4995
f 3418/4996 3419/4997 3420/4998
f 3421/5521 3422/5522 3423/5523
f 3424/5524 3425/5525 3426/5526
f 3427/5527 3428/5528 3429/5529
f 3430/5530 3431/5531 3432/5532
f 3433/5077 3434/5078 3435/5079
f 3436/5080 3437/5081 3438/5082
f 3439/5011 3440/5012 3441/5013
f 3442/5014 3443/5015 3444/5016
f 3445/5533 3446/5534 3447/5535
f 3448/5536 3449/5537 3450/5538
f 3451/5563 3452/5564 3453/5565
f 3454/5566 3455/5567 3456/5568
f 3457/5317 3458/5318 3459/5319
f 3460/5320 3461/5321 3462/5322
f 3463/5311 3464/5312 3465/5313
f 3466/5314 3467/5315 3468/5316
f 3469/4195 3470/4196 3471/4197
f 3472/4198 3473/4199 3474/4200
f 3475/4207 3476/4208 3477/4209
f 3478/4210 3479/4211 3480/4212
f 3481/5305 3482/5306 3483/5307
f 3484/5308 3485/5309 3486/5310
f 3487/5299 3488/5300 3489/5301
f 3490/5302 3491/5303 3492/5304
f 3493/4171 3494/4172 3495/4173
f 3496/4174 3497/4175 3498/4176
f 3499/4183 3500/4184 3501/4185
f 3502/4186 3503/4187 3504/4188
f 3505/3907 3506/3908 3507/3909
f 3508/3910 3509/3911 3510/3912
f 3511/3898 3512/3899 3513/3900
f 3514/3895 3515/3896 3516/3897
f 3517/3694 3518/3695 3519/3696
f 3520/3679 3521/3680 3522/3681
f 3523/3682 3524/3683 3525/3684
f 3526/3688 3527/3689 3528/3690
f 3529/4009 3530/4010 3531/4011
f 3532/4012 3533/4013 3534/4014
f 3535/3925 3536/3926 3537/3927
f 3538/3928 3539/3929 3540/3930
f 3541/3691 3542/3692 3543/3693
f 3544/3685 3545/3686 3546/3687
f 3547/3823 3548/3824 3549/3825
f 3550/3826 3551/3827 3552/3828
f 3553/5332 3554/5333 3555/5334
f 3556/5329 3557/5330 3558/5331
f 3559/5338 3560/5339 3561/5340
f 3562/5335 3563/5336 3564/5337
f 3565/4042 3566/4043 3567/4044
f 3568/4039 3569/4040 3570/4041
f 3571/4036 3572/4037 3573/4038
f 3574/4033 3575/4034 3576/4035
f 3577/5344 3578/5345 3579/5346
f 3580/5341 3581/5342 3582/5343
f 3583/5374 3584/5375 3585/5376
f 3586/5371 3587/5372 3588/5373
f 3589/4204 3590/4205 3591/4206
f 3592/4201 3593/4202 3594/4203
f 3595/4054 3596/4055 3597/4056
f 3598/4051 3599/4052 3600/4053
f 3601/4024 3602/4025 3603/4026
f 3604/4021 3605/4022 3606/4023
f 3607/4018 3608/4019 3609/4020
f 3610/4015 3611/4016 3612/4017
f 3613/3832 3614/3833 3615/3834
f 3616/3829 3617/3830 3618/3831
f 3619/3835 3620/3836 3621/3837
f 3622/3838 3623/3839 3624/3840
f 3625/3886 3626/3887 3627/3888
f 3628/3883 3629/3884 3630/3885
f 3631/4030 3632/4031 3633/4032
f 3634/4027 3635/4028 3636/4029
f 3637/3766 3638/3767 3639/3768
f 3640/3763 3641/3764 3642/3765
f 3643/3760 3644/3761 3645/3762
f 3646/3757 3647/3758 3648/3759
f 3649/3379 3650/3380 3651/3381
f 3652/3382 3653/3383 3654/3384
f 3655/3370 3656/3371 3657/3372
f 3658/3373 3659/3374 3660/3375
f 3661/3376 3662/3377 3663/3378
f 3664/3388 3665/3389 3666/3390
f 3667/3385 3668/3386 3669/3387
f 3670/3397 3671/3398 3672/3399
f 3673/3403 3674/3404 3675/3405
f 3676/3367 3677/3368 3678/3369
f 3679/3430 3680/3431 3681/3432
f 3682/3433 3683/3434 3684/3435
f 3685/3406 3686/3407 3687/3408
f 3688/3409 3689/3410 3690/3411
f 3691/3364 3692/3365 3693/3366
f 3694/3361 3695/3362 3696/3363
f 3697/3340 3698/3341 3699/3342
f 3700/3337 3701/3338 3702/3339
f 3703/3346 3704/3347 3705/3348
f 3706/3343 3707/3344 3708/3345
f 3709/3283 3710/3284 3711/3285
f 3712/3286 3713/3287 3714/3288
f 3715/3319 3716/3320 3717/3321
f 3718/3322 3719/3323 3720/3324
f 3721/3400 3722/3401 3723/3402
f 3724/3457 3725/3458 3726/3459
f 3727/3391 3728/3392 3729/3393
f 3730/3394 3731/3395 3732/3396
f 3733/3487 3734/3488 3735/3489
f 3736/3478 3737/3479 3738/3480
f 3739/3460 3740/3461 3741/3462
f 3742/3463 3743/3464 3744/3465
f 3745/3424 3746/3425 3747/3426
f 3748/3427 3749/3428 3750/3429
f 3751/3439 3752/3440 3753/3441
f 3754/3418 3755/3419 3756/3420
f 3757/3421 3758/3422 3759/3423
f 3760/3436 3761/3437 3762/3438
f 3763/3415 3764/3416 3765/3417
f 3766/3412 3767/3413 3768/3414
f 3769/3496 3770/3497 3771/3498
f 3772/3442 3773/3443 3774/3444
f 3775/3676 3776/3677 3777/3678
f 3778/3499 3779/3500 3780/3501
f 3781/3502 3782/3503 3783/3504
f 3784/3451 3785/3452 3786/3453
f 3787/3445 3788/3446 3789/3447
f 3790/3448 3791/3449 3792/3450
f 3793/3610 3794/3611 3795/3612
f 3796/3640 3797/3641 3798/3642
f 3799/3454 3800/3455 3801/3456
f 3802/3613 3803/3614 3804/3615
f 3805/3616 3806/3617 3807/3618
f 3808/3619 3809/3620 3810/3621
f 3811/3637 3812/3638 3813/3639
f 3814/3634 3815/3635 3816/3636
f 3817/3352 3818/3353 3819/3354
f 3820/3349 3821/3350 3822/3351
f 3823/3358 3824/3359 3825/3360
f 3826/3355 3827/3356 3828/3357
f 3829/3292 3830/3293 3831/3294
f 3832/3289 3833/3290 3834/3291
f 3835/3280 3836/3281 3837/3282
f 3838/3277 3839/3278 3840/3279
f 3841/3274 3842/3275 3843/3276
f 3844/3271 3845/3272 3846/3273
f 3847/3295 3848/3296 3849/3297
f 3850/3298 3851/3299 3852/3300
f 3853/3301 3854/3302 3855/3303
f 3856/3304 3857/3305 3858/3306
f 3859/3307 3860/3308 3861/3309
f 3862/3310 3863/3311 3864/3312
f 3865/3628 3866/3629 3867/3630
f 3868/3631 3869/3632 3870/3633
f 3871/3622 3872/3623 3873/3624
f 3874/3625 3875/3626 3876/3627
f 3877/3607 3878/3608 3879/3609
f 3880/3601 3881/3602 3882/3603
f 3883/3598 3884/3599 3885/3600
f 3886/3595 3887/3596 3888/3597
f 3889/3592 3890/3593 3891/3594
f 3892/3580 3893/3581 3894/3582
f 3895/3604 3896/3605 3897/3606
f 3898/3589 3899/3590 3900/3591
f 3901/3586 3902/3587 3903/3588
f 3904/3583 3905/3584 3906/3585
f 3907/3577 3908/3578 3909/3579
f 3910/3568 3911/3569 3912/3570
f 3913/3538 3914/3539 3915/3540
f 3916/3547 3917/3548 3918/3549
f 3919/3574 3920/3575 3921/3576
f 3922/3571 3923/3572 3924/3573
f 3925/3565 3926/3566 3927/3567
f 3928/3535 3929/3536 3930/3537
f 3931/3550 3932/3551 3933/3552
f 3934/3553 3935/3554 3936/3555
f 3937/3466 3938/3467 3939/3468
f 3940/3469 3941/3470 3942/3471
f 3943/3481 3944/3482 3945/3483
f 3946/3484 3947/3485 3948/3486
f 3949/3490 3950/3491 3951/3492
f 3952/3475 3953/3476 3954/3477
f 3955/3472 3956/3473 3957/3474
f 3958/3493 3959/3494 3960/3495
f 3961/3325 3962/3326 3963/3327
f 3964/3328 3965/3329 3966/3330
f 3967/3265 3968/3266 3969/3267
f 3970/3268 3971/3269 3972/3270
f 3973/3313 3974/3314 3975/3315
f 3976/3316 3977/3317 3978/3318
f 3979/3331 3980/3332 3981/3333
f 3982/3334 3983/3335 3984/3336
f 3985/3562 3986/3563 3987/3564
f 3988/3532 3989/3533 3990/3534
f 3991/3544 3992/3545 3993/3546
f 3994/3541 3995/3542 3996/3543
f 3997/3556 3998/3557 3999/3558
f 4000/3559 4001/3560 4002/3561
f 4003/3529 4004/3530 4005/3531
f 4006/3517 4007/3518 4008/3519
f 4009/3505 4010/3506 4011/3507
f 4012/3520 4013/3521 4014/3522
f 4015/3511 4016/3512 4017/3513
f 4018/3508 4019/3509 4020/3510
f 4021/3514 4022/3515 4023/3516
f 4024/3526 4025/3527 4026/3528
f 4027/3523 4028/3524 4029/3525
f 4030/3643 4031/3644 4032/3645
f 4033/3646 4034/3647 4035/3648
f 4036/3661 4037/3662 4038/3663
f 4039/3655 4040/3656 4041/3657
f 4042/3649 4043/3650 4044/3651
f 4045/3856 4046/3857 4047/3858
f 4048/3853 4049/3854 4050/3855
f 4051/3841 4052/3842 4053/3843
f 4054/3844 4055/3845 4056/3846
f 4057/3652 4058/3653 4059/3654
f 4060/3658 4061/3659 4062/3660
f 4063/3808 4064/3809 4065/3810
f 4066/3805 4067/3806 4068/3807
f 4069/3964 4070/3965 4071/3966
f 4072/3961 4073/3962 4074/3963
f 4075/3916 4076/3917 4077/3918
f 4078/3913 4079/3914 4080/3915
f 4081/4114 4082/4115 4083/4116
f 4084/4111 4085/4112 4086/4113
f 4087/4156 4088/4157 4089/4158
f 4090/4153 4091/4154 4092/4155
f 4093/5272 4094/5273 4095/5274
f 4096/5269 4097/5270 4098/5271
f 4099/5266 4100/5267 4101/5268
f 4102/5263 4103/5264 4104/5265
f 4105/4078 4106/4079 4107/4080
f 4108/4075 4109/4076 4110/4077
f 4111/4090 4112/4091 4113/4092
f 4114/4087 4115/4088 4116/4089
f 4117/5260 4118/5261 4119/5262
f 4120/5257 4121/5258 4122/5259
f 4123/5254 4124/5255 4125/5256
f 4126/5251 4127/5252 4128/5253
f 4129/3811 4130/3812 4131/3813
f 4132/3814 4133/3815 4134/3816
f 4135/3820 4136/3821 4137/3822
f 4138/3817 4139/3818 4140/3819
f 4141/3973 4142/3974 4143/3975
f 4144/3976 4145/3977 4146/3978
f 4147/3967 4148/3968 4149/3969
f 4150/3970 4151/3971 4152/3972
f 4153/3799 4154/3800 4155/3801
f 4156/3802 4157/3803 4158/3804
f 4159/3793 4160/3794 4161/3795
f 4162/3796 4163/3797 4164/3798
f 4165/3865 4166/3866 4167/3867
f 4168/3868 4169/3869 4170/3870
f 4171/3979 4172/3980 4173/3981
f 4174/3982 4175/3983 4176/3984
f 4177/4123 4178/4124 4179/4125
f 4180/4126 4181/4127 4182/4128
f 4183/4117 4184/4118 4185/4119
f 4186/4120 4187/4121 4188/4122
f 4189/5185 4190/5186 4191/5187
f 4192/5188 4193/5189 4194/5190
f 4195/5191 4196/5192 4197/5193
f 4198/5194 4199/5195 4200/5196
f 4201/4147 4202/4148 4203/4149
f 4204/4150 4205/4151 4206/4152
f 4207/4129 4208/4130 4209/4131
f 4210/4132 4211/4133 4212/4134
f 4213/5197 4214/5198 4215/5199
f 4216/5200 4217/5201 4218/5202
f 4219/5227 4220/5228 4221/5229
f 4222/5230 4223/5231 4224/5232
f 4225/5461 4226/5462 4227/5463
f 4228/5464 4229/5465 4230/5466
f 4231/5455 4232/5456 4233/5457
f 4234/5458 4235/5459 4236/5460
f 4237/5071 4238/5072 4239/5073
f 4240/5074 4241/5075 4242/5076
f 4243/5119 4244/5120 4245/5121
f 4246/5122 4247/5123 4248/5124
f 4249/5449 4250/5450 4251/5451
f 4252/5452 4253/5453 4254/5454
f 4255/5443 4256/5444 4257/5445
f 4258/5446 4259/5447 4260/5448
f 4261/5047 4262/5048 4263/5049
f 4264/5050 4265/5051 4266/5052
f 4267/5053 4268/5054 4269/5055
f 4270/5056 4271/5057 4272/5058
f 4273/4897 4274/4898 4275/4899
f 4276/4900 4277/4901 4278/4902
f 4279/4891 4280/4892 4281/4893
f 4282/4894 4283/4895 4284/4896
f 4285/4783 4286/4784 4287/4785
f 4288/4786 4289/4787 4290/4788
f 4291/4774 4292/4775 4293/4776
f 4294/4771 4295/4772 4296/4773
f 4297/4909 4298/4910 4299/4911
f 4300/4912 4301/4913 4302/4914
f 4303/4903 4304/4904 4305/4905
f 4306/4906 4307/4907 4308/4908
f 4309/4768 4310/4769 4311/4770
f 4312/4765 4313/4766 4314/4767
f 4315/4762 4316/4763 4317/4764
f 4318/4759 4319/4760 4320/4761
f 4321/5476 4322/5477 4323/5478
f 4324/5473 4325/5474 4326/5475
f 4327/5482 4328/5483 4329/5484
f 4330/5479 4331/5480 4332/5481
f 4333/5092 4334/5093 4335/5094
f 4336/5089 4337/5090 4338/5091
f 4339/5086 4340/5087 4341/5088
f 4342/5083 4343/5084 4344/5085
f 4345/5488 4346/5489 4347/5490
f 4348/5485 4349/5486 4350/5487
f 4351/5518 4352/5519 4353/5520
f 4354/5515 4355/5516 4356/5517
f 4357/5116 4358/5117 4359/5118
f 4360/5113 4361/5114 4362/5115
f 4363/5098 4364/5099 4365/5100
f 4366/5095 4367/5096 4368/5097
f 4369/4924 4370/4925 4371/4926
f 4372/4921 4373/4922 4374/4923
f 4375/4918 4376/4919 4377/4920
f 4378/4915 4379/4916 4380/4917
f 4381/4744 4382/4745 4383/4746
f 4384/4741 4385/4742 4386/4743
f 4387/4750 4388/4751 4389/4752
f 4390/4747 4391/4748 4392/4749
f 4393/4936 4394/4937 4395/4938
f 4396/4933 4397/4934 4398/4935
f 4399/4930 4400/4931 4401/4932
f 4402/4927 4403/4928 4404/4929
f 4405/4756 4406/4757 4407/4758
f 4408/4753 4409/4754 4410/4755
f 4411/4792 4412/4793 4413/4794
f 4414/4789 4415/4790 4416/4791
f 4417/4603 4418/4604 4419/4605
f 4420/4606 4421/4607 4422/4608
f 4423/4597 4424/4598 4425/4599
f 4426/4600 4427/4601 4428/4602
f 4429/4438 4430/4439 4431/4440
f 4432/4435 4433/4436 4434/4437
f 4435/4474 4436/4475 4437/4476
f 4438/4471 4439/4472 4440/4473
f 4441/4591 4442/4592 4443/4593
f 4444/4594 4445/4595 4446/4596
f 4447/4585 4448/4586 4449/4587
f 4450/4588 4451/4589 4452/4590
f 4453/4333 4454/4334 4455/4335
f 4456/4336 4457/4337 4458/4338
f 4459/4339 4460/4340 4461/4341
f 4462/4342 4463/4343 4464/4344
f 4465/4285 4466/4286 4467/4287
f 4468/4288 4469/4289 4470/4290
f 4471/4282 4472/4283 4473/4284
f 4474/4279 4475/4280 4476/4281
f 4477/4246 4478/4247 4479/4248
f 4480/4243 4481/4244 4482/4245
f 4483/4258 4484/4259 4485/4260
f 4486/4255 4487/4256 4488/4257
f 4489/4468 4490/4469 4491/4470
f 4492/4465 4493/4466 4494/4467
f 4495/4432 4496/4433 4497/4434
f 4498/4429 4499/4430 4500/4431
f 4501/4426 4502/4427 4503/4428
f 4504/4423 4505/4424 4506/4425
f 4507/4462 4508/4463 4509/4464
f 4510/4459 4511/4460 4512/4461
f 4513/4564 4514/4565 4515/4566
f 4516/4561 4517/4562 4518/4563
f 4519/4570 4520/4571 4521/4572
f 4522/4567 4523/4568 4524/4569
f 4525/4330 4526/4331 4527/4332
f 4528/4327 4529/4328 4530/4329
f 4531/4324 4532/4325 4533/4326
f 4534/4321 4535/4322 4536/4323
f 4537/4576 4538/4577 4539/4578
f 4540/4573 4541/4574 4542/4575
f 4543/4582 4544/4583 4545/4584
f 4546/4579 4547/4580 4548/4581
f 4549/4558 4550/4559 4551/4560
f 4552/4555 4553/4556 4554/4557
f 4555/4360 4556/4361 4557/4362
f 4558/4357 4559/4358 4560/4359
f 4561/4354 4562/4355 4563/4356
f 4564/4351 4565/4352 4566/4353
f 4567/4552 4568/4553 4569/4554
f 4570/4549 4571/4550 4572/4551
f 4573/4546 4574/4547 4575/4548
f 4576/4543 4577/4544 4578/4545
f 4579/4348 4580/4349 4581/4350
f 4582/4345 4583/4346 4584/4347
f 4585/4294 4586/4295 4587/4296
f 4588/4291 4589/4292 4590/4293
f 4591/4306 4592/4307 4593/4308
f 4594/4303 4595/4304 4596/4305
f 4597/4300 4598/4301 4599/4302
f 4600/4297 4601/4298 4602/4299
f 4603/4240 4604/4241 4605/4242
f 4606/4237 4607/4238 4608/4239
f 4609/4234 4610/4235 4611/4236
f 4612/4231 4613/4232 4614/4233
f 4615/4309 4616/4310 4617/4311
f 4618/4312 4619/4313 4620/4314
f 4621/4318 4622/4319 4623/4320
f 4624/4315 4625/4316 4626/4317
f 4627/4276 4628/4277 4629/4278
f 4630/4273 4631/4274 4632/4275
f 4633/4363 4634/4364 4635/4365
f 4636/4366 4637/4367 4638/4368
f 4639/4522 4640/4523 4641/4524
f 4642/4519 4643/4520 4644/4521
f 4645/4525 4646/4526 4647/4527
f 4648/4528 4649/4529 4650/4530
f 4651/4369 4652/4370 4653/4371
f 4654/4372 4655/4373 4656/4374
f 4657/4390 4658/4391 4659/4392
f 4660/4387 4661/4388 4662/4389
f 4663/4531 4664/4532 4665/4533
f 4666/4534 4667/4535 4668/4536
f 4669/4537 4670/4538 4671/4539
f 4672/4540 4673/4541 4674/4542
f 4675/4516 4676/4517 4677/4518
f 4678/4513 4679/4514 4680/4515
f 4681/4375 4682/4376 4683/4377
f 4684/4378 4685/4379 4686/4380
f 4687/4384 4688/4385 4689/4386
f 4690/4381 4691/4382 4692/4383
f 4693/4510 4694/4511 4695/4512
f 4696/4507 4697/4508 4698/4509
f 4699/4504 4700/4505 4701/4506
f 4702/4501 4703/4502 4704/4503
f 4705/4441 4706/4442 4707/4443
f 4708/4444 4709/4445 4710/4446
f 4711/4405 4712/4406 4713/4407
f 4714/4408 4715/4409 4716/4410
f 4717/4411 4718/4412 4719/4413
f 4720/4414 4721/4415 4722/4416
f 4723/4447 4724/4448 4725/4449
f 4726/4450 4727/4451 4728/4452
f 4729/4249 4730/4250 4731/4251
f 4732/4252 4733/4253 4734/4254
f 4735/4225 4736/4226 4737/4227
f 4738/4228 4739/4229 4740/4230
f 4741/4261 4742/4262 4743/4263
f 4744/4264 4745/4265 4746/4266
f 4747/4267 4748/4268 4749/4269
f 4750/4270 4751/4271 4752/4272
f 4753/4399 4754/4400 4755/4401
f 4756/4402 4757/4403 4758/4404
f 4759/4393 4760/4394 4761/4395
f 4762/4396 4763/4397 4764/4398
f 4765/4477 4766/4478 4767/4479
f 4768/4480 4769/4481 4770/4482
f 4771/4483 4772/4484 4773/4485
f 4774/4486 4775/4487 4776/4488
f 4777/4453 4778/4454 4779/4455
f 4780/4456 4781/4457 4782/4458
f 4783/4417 4784/4418 4785/4419
f 4786/4420 4787/4421 4788/4422
f 4789/4489 4790/4490 4791/4491
f 4792/4492 4793/4493 4794/4494
f 4795/4495 4796/4496 4797/4497
f 4798/4498 4799/4499 4800/4500
f 4801/4690 4802/4691 4803/4692
f 4804/4687 4805/4688 4806/4689
f 4807/4639 4808/4640 4809/4641
f 4810/4642 4811/4643 4812/4644
f 4813/4852 4814/4853 4815/4854
f 4816/4849 4817/4850 4818/4851
f 4819/4846 4820/4847 4821/4848
f 4822/4843 4823/4844 4824/4845
f 4825/4633 4826/4634 4827/4635
f 4828/4636 4829/4637 4830/4638
f 4831/4627 4832/4628 4833/4629
f 4834/4630 4835/4631 4836/4632
f 4837/4864 4838/4865 4839/4866
f 4840/4861 4841/4862 4842/4863
f 4843/4858 4844/4859 4845/4860
f 4846/4855 4847/4856 4848/4857
f 4849/5026 4850/5027 4851/5028
f 4852/5023 4853/5024 4854/5025
f 4855/5068 4856/5069 4857/5070
f 4858/5065 4859/5066 4860/5067
f 4861/5560 4862/5561 4863/5562
f 4864/5557 4865/5558 4866/5559
f 4867/5554 4868/5555 4869/5556
f 4870/5551 4871/5552 4872/5553
f 4873/5008 4874/5009 4875/5010
f 4876/5005 4877/5006 4878/5007
f 4879/5020 4880/5021 4881/5022
f 4882/5017 4883/5018 4884/5019
f 4885/5548 4886/5549 4887/5550
f 4888/5545 4889/5546 4890/5547
f 4891/5542 4892/5543 4893/5544
f 4894/5539 4895/5540 4896/5541
f 4897/4609 4898/4610 4899/4611
f 4900/4612 4901/4613 4902/4614
f 4903/4615 4904/4616 4905/4617
f 4906/4618 4907/4619 4908/4620
f 4909/4873 4910/4874 4911/4875
f 4912/4876 4913/4877 4914/4878
f 4915/4867 4916/4868 4917/4869
f 4918/4870 4919/4871 4920/4872
f 4921/4621 4922/4622 4923/4623
f 4924/4624 4925/4625 4926/4626
f 4927/4777 4928/4778 4929/4779
f 4930/4780 4931/4781 4932/4782
f 4933/4885 4934/4886 4935/4887
f 4936/4888 4937/4889 4938/4890
f 4939/4879 4940/4880 4941/4881
f 4942/4882 4943/4883 4944/4884
f 4945/5035 4946/5036 4947/5037
f 4948/5038 4949/5039 4950/5040
f 4951/5029 4952/5030 4953/5031
f 4954/5032 4955/5033 4956/5034
f 4957/5425 4958/5426 4959/5427
f 4960/5428 4961/5429 4962/5430
f 4963/5431 4964/5432 4965/5433
f 4966/5434 4967/5435 4968/5436
f 4969/5059 4970/5060 4971/5061
f 4972/5062 4973/5063 4974/5064
f 4975/5041 4976/5042 4977/5043
f 4978/5044 4979/5045 4980/5046
f 4981/5437 4982/5438 4983/5439
f 4984/5440 4985/5441 4986/5442
f 4987/5467 4988/5468 4989/5469
f 4990/5470 4991/5471 4992/5472
f 4993/5221 4994/5222 4995/5223
f 4996/5224 4997/5225 4998/5226
f 4999/5215 5000/5216 5001/5217
f 5002/5218 5003/5219 5004/5220
f 5005/4189 5006/4190 5007/4191
f 5008/4192 5009/4193 5010/4194
f 5011/4219 5012/4220 5013/4221
f 5014/4222 5015/4223 5016/4224
f 5017/5209 5018/5210 5019/5211
f 5020/5212 5021/5213 5022/5214
f 5023/5203 5024/5204 5025/5205
f 5026/5206 5027/5207 5028/5208
f 5029/4135 5030/4136 5031/4137
f 5032/4138 5033/4139 5034/4140
f 5035/4141 5036/4142 5037/4143
f 5038/4144 5039/4145 5040/4146
f 5041/3871 5042/3872 5043/3873
f 5044/3874 5045/3875 5046/3876
f 5047/3862 5048/3863 5049/3864
f 5050/3859 5051/3860 5052/3861
f 5053/3790 5054/3791 5055/3792
f 5056/3787 5057/3788 5058/3789
f 5059/3784 5060/3785 5061/3786
f 5062/3778 5063/3779 5064/3780
f 5065/3985 5066/3986 5067/3987
f 5068/3988 5069/3989 5070/3990
f 5071/3919 5072/3920 5073/3921
f 5074/3922 5075/3923 5076/3924
f 5077/3781 5078/3782 5079/3783
f 5080/3775 5081/3776 5082/3777
f 5083/3772 5084/3773 5085/3774
f 5086/3769 5087/3770 5088/3771
f 5089/5284 5090/5285 5091/5286
f 5092/5281 5093/5282 5094/5283
f 5095/5290 5096/5291 5097/5292
f 5098/5287 5099/5288 5100/5289
f 5101/4168 5102/4169 5103/4170
f 5104/4165 5105/4166 5106/4167
f 5107/4162 5108/4163 5109/4164
f 5110/4159 5111/4160 5112/4161
f 5113/5296 5114/5297 5115/5298
f 5116/5293 5117/5294 5118/5295
f 5119/5326 5120/5327 5121/5328
f 5122/5323 5123/5324 5124/5325
f 5125/4216 5126/4217 5127/4218
f 5128/4213 5129/4214 5130/4215
f 5131/4180 5132/4181 5133/4182
f 5134/4177 5135/4178 5136/4179
f 5137/4000 5138/4001 5139/4002
f 5140/3997 5141/3998 5142/3999
f 5143/3994 5144/3995 5145/3996
f 5146/3991 5147/3992 5148/3993
f 5149/3724 5150/3725 5151/3726
f 5152/3721 5153/3722 5154/3723
f 5155/3718 5156/3719 5157/3720
f 5158/3715 5159/3716 5160/3717
f 5161/3904 5162/3905 5163/3906
f 5164/3901 5165/3902 5166/3903
f 5167/4006 5168/4007 5169/4008
f 5170/4003 5171/4004 5172/4005
f 5173/3706 5174/3707 5175/3708
f 5176/3703 5177/3704 5178/3705
f 5179/3700 5180/3701 5181/3702
f 5182/3697 5183/3698 5184/3699
f 5185/4798 5186/4799 5187/4800
f 5188/4795 5189/4796 5190/4797
f 5191/4723 5192/4724 5193/4725
f 5194/4726 5195/4727 5196/4728
f 5197/4981 5198/4982 5199/4983
f 5200/4984 5201/4985 5202/4986
f 5203/4990 5204/4991 5205/4992
f 5206/4987 5207/4988 5208/4989
f 5209/4717 5210/4718 5211/4719
f 5212/4720 5213/4721 5214/4722
f 5215/4711 5216/4712 5217/4713
f 5218/4714 5219/4715 5220/4716
f 5221/4951 5222/4952 5223/4953
f 5224/4954 5225/4955 5226/4956
f 5227/4957 5228/4958 5229/4959
f 5230/4960 5231/4961 5232/4962
f 5233/5170 5234/5171 5235/5172
f 5236/5167 5237/5168 5238/5169
f 5239/5182 5240/5183 5241/5184
f 5242/5179 5243/5180 5244/5181
f 5245/5512 5246/5513 5247/5514
f 5248/5509 5249/5510 5250/5511
f 5251/5506 5252/5507 5253/5508
f 5254/5503 5255/5504 5256/5505
f 5257/5104 5258/5105 5259/5106
f 5260/5101 5261/5102 5262/5103
f 5263/5110 5264/5111 5265/5112
f 5266/5107 5267/5108 5268/5109
f 5269/5500 5270/5501 5271/5502
f 5272/5497 5273/5498 5274/5499
f 5275/5494 5276/5495 5277/5496
f 5278/5491 5279/5492 5280/5493
f 5281/4693 5282/4694 5283/4695
f 5284/4696 5285/4697 5286/4698
f 5287/4699 5288/4700 5289/4701
f 5290/4702 5291/4703 5292/4704
f 5293/4945 5294/4946 5295/4947
f 5296/4948 5297/4949 5298/4950
f 5299/4939 5300/4940 5301/4941
f 5302/4942 5303/4943 5304/4944
f 5305/4705 5306/4706 5307/4707
f 5308/4708 5309/4709 5310/4710
f 5311/4729 5312/4730 5313/4731
f 5314/4732 5315/4733 5316/4734
f 5317/4969 5318/4970 5319/4971
f 5320/4972 5321/4973 5322/4974
f 5323/4963 5324/4964 5325/4965
f 5326/4966 5327/4967 5328/4968
f 5329/5131 5330/5132 5331/5133
f 5332/5134 5333/5135 5334/5136
f 5335/5125 5336/5126 5337/5127
f 5338/5128 5339/5129 5340/5130
f 5341/5377 5342/5378 5343/5379
f 5344/5380 5345/5381 5346/5382
f 5347/5383 5348/5384 5349/5385
f 5350/5386 5351/5387 5352/5388
f 5353/5173 5354/5174 5355/5175
f 5356/5176 5357/5177 5358/5178
f 5359/5149 5360/5150 5361/5151
f 5362/5152 5363/5153 5364/5154
f 5365/5389 5366/5390 5367/5391
f 5368/5392 5369/5393 5370/5394
f 5371/5419 5372/5420 5373/5421
f 5374/5422 5375/5423 5376/5424
f 5377/5365 5378/5366 5379/5367
f 5380/5368 5381/5369 5382/5370
f 5383/5359 5384/5360 5385/5361
f 5386/5362 5387/5363 5388/5364
f 5389/4093 5390/4094 5391/4095
f 5392/4096 5393/4097 5394/4098
f 5395/4105 5396/4106 5397/4107
f 5398/4108 5399/4109 5400/4110
f 5401/5353 5402/5354 5403/5355
f 5404/5356 5405/5357 5406/5358
f 5407/5347 5408/5348 5409/5349
f 5410/5350 5411/5351 5412/5352
f 5413/4045 5414/4046 5415/4047
f 5416/4048 5417/4049 5418/4050
f 5419/4057 5420/4058 5421/4059
f 5422/4060 5423/4061 5424/4062
f 5425/3889 5426/3890 5427/3891
f 5428/3892 5429/3893 5430/3894
f 5431/3880 5432/3881 5433/3882
f 5434/3877 5435/3878 5436/3879
f 5437/3754 5438/3755 5439/3756
f 5440/3751 5441/3752 5442/3753
f 5443/3748 5444/3749 5445/3750
f 5446/3742 5447/3743 5448/3744
f 5449/3937 5450/3938 5451/3939
f 5452/3940 5453/3941 5454/3942
f 5455/3931 5456/3932 5457/3933
f 5458/3934 5459/3935 5460/3936
f 5461/3745 5462/3746 5463/3747
f 5464/3739 5465/3740 5466/3741
f 5467/3736 5468/3737 5469/3738
f 5470/3733 5471/3734 5472/3735
f 5473/5236 5474/5237 5475/5238
f 5476/5233 5477/5234 5478/5235
f 5479/5242 5480/5243 5481/5244
f 5482/5239 5483/5240 5484/5241
f 5485/4072 5486/4073 5487/4074
f 5488/4069 5489/4070 5490/4071
f 5491/4066 5492/4067 5493/4068
f 5494/4063 5495/4064 5496/4065
f 5497/5248 5498/5249 5499/5250
f 5500/5245 5501/5246 5502/5247
f 5503/5278 5504/5279 5505/5280
f 5506/5275 5507/5276 5508/5277
f 5509/4102 5510/4103 5511/4104
f 5512/4099 5513/4100 5514/4101
f 5515/4084 5516/4085 5517/4086
f 5518/4081 5519/4082 5520/4083
f 5521/3952 5522/3953 5523/3954
f 5524/3949 5525/3950 5526/3951
f 5527/3946 5528/3947 5529/3948
f 5530/3943 5531/3944 5532/3945
f 5533/3730 5534/3731 5535/3732
f 5536/3727 5537/3728 5538/3729
f 5539/3712 5540/3713 5541/3714
f 5542/3709 5543/3710 5544/3711
f 5545/3850 5546/3851 5547/3852
f 5548/3847 5549/3848 5550/3849
f 5551/3958 5552/3959 5553/3960
f 5554/3955 5555/3956 5556/3957
f 5557/3673 5558/3674 5559/3675
f 5560/3670 5561/3671 5562/3672
f 5563/3667 5564/3668 5565/3669
f 5566/3664 5567/3665 5568/3666