
mtllib textured.mtl
usemtl mesh

v -0.035826 -0.926953 0.894836
v 0.035801 -0.926953 0.894836
v 0.035798 -0.720963 0.894836
v -0.035826 -0.926953 0.894836
v 0.035798 -0.720963 0.894836
v -0.035824 -0.720963 0.894836
v 0.030346 0.720963 0.795975
v -0.041319 0.720963 0.795975
v -0.035844 0.926953 0.809499
v 0.030346 0.720963 0.795975
v -0.035844 0.926953 0.809499
v 0.035824 0.926953 0.809499
v 0.042669 -0.720963 0.888020
v 0.042669 -0.720963 0.816340
v 0.038545 -0.514974 0.820468
v 0.042669 -0.720963 0.888020
v 0.038545 -0.514974 0.820468
v 0.038545 -0.514974 0.883894
v -0.041319 0.720963 0.881312
v 0.030346 0.720963 0.881312
v 0.035824 0.926953 0.894836
v -0.041319 0.720963 0.881312
v 0.035824 0.926953 0.894836
v -0.035843 0.926953 0.894836
v 0.037192 0.720963 0.874479
v 0.037192 0.720963 0.802833
v 0.042669 0.926953 0.816357
v 0.037192 0.720963 0.874479
v 0.042669 0.926953 0.816357
v 0.042669 0.926953 0.888001
v 0.042669 -0.926953 0.888021
v 0.042669 -0.926953 0.816338
v 0.042669 -0.720963 0.816340
v 0.042669 -0.926953 0.888021
v 0.042669 -0.720963 0.816340
v 0.042669 -0.720963 0.888020
v -0.042669 -0.720963 0.816341
v -0.042669 -0.720963 0.888019
v -0.038545 -0.514974 0.883893
v -0.042669 -0.720963 0.816341
v -0.038545 -0.514974 0.883893
v -0.038545 -0.514974 0.820469
v -0.035824 -0.720963 0.894836
v 0.035798 -0.720963 0.894836
v 0.031666 -0.514974 0.890713
v -0.035824 -0.720963 0.894836
v 0.031666 -0.514974 0.890713
v -0.031695 -0.514974 0.890713
v -0.031695 -0.514974 0.890713
v 0.031666 -0.514974 0.890713
v 0.015660 -0.308984 0.894836
v -0.031695 -0.514974 0.890713
v 0.015660 -0.308984 0.894836
v -0.055937 -0.308984 0.894836
v -0.055937 -0.308984 0.894836
v 0.015660 -0.308984 0.894836
v 0.048744 -0.102995 0.907799
v -0.055937 -0.308984 0.894836
v 0.048744 -0.102995 0.907799
v -0.048787 -0.102995 0.907799
v -0.048787 -0.102995 0.907799
v 0.048744 -0.102995 0.907799
v 0.035797 0.102995 0.907673
v -0.048787 -0.102995 0.907799
v 0.035797 0.102995 0.907673
v -0.035831 0.102995 0.907673
v -0.035831 0.102995 0.907673
v 0.035797 0.102995 0.907673
v 0.035809 0.308984 0.894836
v -0.035831 0.102995 0.907673
v 0.035809 0.308984 0.894836
v -0.035836 0.308984 0.894836
v -0.035836 0.308984 0.894836
v 0.035809 0.308984 0.894836
v 0.027418 0.514974 0.885583
v -0.035836 0.308984 0.894836
v 0.027418 0.514974 0.885583
v -0.044239 0.514974 0.885583
v -0.048145 0.720963 0.802834
v -0.048145 0.720963 0.874478
v -0.042669 0.926953 0.888000
v -0.048145 0.720963 0.802834
v -0.042669 0.926953 0.888000
v -0.042669 0.926953 0.816358
v 0.038545 -0.514974 0.883894
v 0.038545 -0.514974 0.820468
v 0.022550 -0.308984 0.816353
v 0.038545 -0.514974 0.883894
v 0.022550 -0.308984 0.816353
v 0.022550 -0.308984 0.888014
v 0.022550 -0.308984 0.888014
v 0.022550 -0.308984 0.816353
v 0.055631 -0.102995 0.803401
v 0.022550 -0.308984 0.888014
v 0.055631 -0.102995 0.803401
v 0.055631 -0.102995 0.900974
v 0.055631 -0.102995 0.900974
v 0.055631 -0.102995 0.803401
v 0.042669 0.102995 0.829204
v 0.055631 -0.102995 0.900974
v 0.042669 0.102995 0.829204
v 0.042669 0.102995 0.900845
v 0.042669 0.102995 0.900845
v 0.042669 0.102995 0.829204
v 0.042669 0.308984 0.816362
v 0.042669 0.102995 0.900845
v 0.042669 0.308984 0.816362
v 0.042669 0.308984 0.888006
v 0.042669 0.308984 0.888006
v 0.042669 0.308984 0.816362
v 0.034270 0.514974 0.807104
v 0.042669 0.308984 0.888006
v 0.034270 0.514974 0.807104
v 0.034270 0.514974 0.878751
v 0.034270 0.514974 0.878751
v 0.034270 0.514974 0.807104
v 0.037192 0.720963 0.802833
v 0.034270 0.514974 0.878751
v 0.037192 0.720963 0.802833
v 0.037192 0.720963 0.874479
v -0.044239 0.514974 0.885583
v 0.027418 0.514974 0.885583
v 0.030346 0.720963 0.881312
v -0.044239 0.514974 0.885583
v 0.030346 0.720963 0.881312
v -0.041319 0.720963 0.881312
v -0.038545 -0.514974 0.820469
v -0.038545 -0.514974 0.883893
v -0.062787 -0.308984 0.888013
v -0.038545 -0.514974 0.820469
v -0.062787 -0.308984 0.888013
v -0.062787 -0.308984 0.816355
v -0.062787 -0.308984 0.816355
v -0.062787 -0.308984 0.888013
v -0.055631 -0.102995 0.900972
v -0.062787 -0.308984 0.816355
v -0.055631 -0.102995 0.900972
v -0.055631 -0.102995 0.803403
v -0.055631 -0.102995 0.803403
v -0.055631 -0.102995 0.900972
v -0.042669 0.102995 0.900844
v -0.055631 -0.102995 0.803403
v -0.042669 0.102995 0.900844
v -0.042669 0.102995 0.829205
v -0.042669 0.102995 0.829205
v -0.042669 0.102995 0.900844
v -0.042669 0.308984 0.888005
v -0.042669 0.102995 0.829205
v -0.042669 0.308984 0.888005
v -0.042669 0.308984 0.816362
v -0.042669 0.308984 0.816362
v -0.042669 0.308984 0.888005
v -0.051067 0.514974 0.878751
v -0.042669 0.308984 0.816362
v -0.051067 0.514974 0.878751
v -0.051067 0.514974 0.807105
v -0.051067 0.514974 0.807105
v -0.051067 0.514974 0.878751
v -0.048145 0.720963 0.874478
v -0.051067 0.514974 0.807105
v -0.048145 0.720963 0.874478
v -0.048145 0.720963 0.802834
v 0.035801 -0.926953 0.809499
v -0.035826 -0.926953 0.809499
v -0.035824 -0.720963 0.809499
v 0.035801 -0.926953 0.809499
v -0.035824 -0.720963 0.809499
v 0.035798 -0.720963 0.809499
v 0.035798 -0.720963 0.809499
v -0.035824 -0.720963 0.809499
v -0.031696 -0.514974 0.813622
v 0.035798 -0.720963 0.809499
v -0.031696 -0.514974 0.813622
v 0.031666 -0.514974 0.813622
v 0.031666 -0.514974 0.813622
v -0.031696 -0.514974 0.813622
v -0.055937 -0.308984 0.809499
v 0.031666 -0.514974 0.813622
v -0.055937 -0.308984 0.809499
v 0.015661 -0.308984 0.809499
v 0.015661 -0.308984 0.809499
v -0.055937 -0.308984 0.809499
v -0.048788 -0.102995 0.796536
v 0.015661 -0.308984 0.809499
v -0.048788 -0.102995 0.796536
v 0.048745 -0.102995 0.796536
v 0.048745 -0.102995 0.796536
v -0.048788 -0.102995 0.796536
v -0.035832 0.102995 0.822336
v 0.048745 -0.102995 0.796536
v -0.035832 0.102995 0.822336
v 0.035798 0.102995 0.822336
v 0.035798 0.102995 0.822336
v -0.035832 0.102995 0.822336
v -0.035837 0.308984 0.809499
v 0.035798 0.102995 0.822336
v -0.035837 0.308984 0.809499
v 0.035810 0.308984 0.809499
v 0.035810 0.308984 0.809499
v -0.035837 0.308984 0.809499
v -0.044239 0.514974 0.800246
v 0.035810 0.308984 0.809499
v -0.044239 0.514974 0.800246
v 0.027419 0.514974 0.800246
v 0.027419 0.514974 0.800246
v -0.044239 0.514974 0.800246
v -0.041319 0.720963 0.795975
v 0.027419 0.514974 0.800246
v -0.041319 0.720963 0.795975
v 0.030346 0.720963 0.795975
v 0.030346 0.720963 0.795975
v 0.035824 0.926953 0.809499
v 0.042669 0.926953 0.816357
v 0.030346 0.720963 0.795975
v 0.042669 0.926953 0.816357
v 0.037192 0.720963 0.802833
v 0.035798 -0.720963 0.894836
v 0.035801 -0.926953 0.894836
v 0.042669 -0.926953 0.888021
v 0.035798 -0.720963 0.894836
v 0.042669 -0.926953 0.888021
v 0.042669 -0.720963 0.888020
v -0.041319 0.720963 0.881312
v -0.035843 0.926953 0.894836
v -0.042669 0.926953 0.888000
v -0.041319 0.720963 0.881312
v -0.042669 0.926953 0.888000
v -0.048145 0.720963 0.874478
v -0.035824 -0.720963 0.809499
v -0.035826 -0.926953 0.809499
v -0.042669 -0.926953 0.816339
v -0.035824 -0.720963 0.809499
v -0.042669 -0.926953 0.816339
v -0.042669 -0.720963 0.816341
v 0.035801 -0.926953 0.809499
v 0.035798 -0.720963 0.809499
v 0.042669 -0.720963 0.816340
v 0.035801 -0.926953 0.809499
v 0.042669 -0.720963 0.816340
v 0.042669 -0.926953 0.816338
v 0.035798 -0.720963 0.809499
v 0.031666 -0.514974 0.813622
v 0.038545 -0.514974 0.820468
v 0.035798 -0.720963 0.809499
v 0.038545 -0.514974 0.820468
v 0.042669 -0.720963 0.816340
v 0.031666 -0.514974 0.813622
v 0.015661 -0.308984 0.809499
v 0.022550 -0.308984 0.816353
v 0.031666 -0.514974 0.813622
v 0.022550 -0.308984 0.816353
v 0.038545 -0.514974 0.820468
v 0.015661 -0.308984 0.809499
v 0.048745 -0.102995 0.796536
v 0.055631 -0.102995 0.803401
v 0.015661 -0.308984 0.809499
v 0.055631 -0.102995 0.803401
v 0.022550 -0.308984 0.816353
v 0.048745 -0.102995 0.796536
v 0.035798 0.102995 0.822336
v 0.042669 0.102995 0.829204
v 0.048745 -0.102995 0.796536
v 0.042669 0.102995 0.829204
v 0.055631 -0.102995 0.803401
v 0.035798 0.102995 0.822336
v 0.035810 0.308984 0.809499
v 0.042669 0.308984 0.816362
v 0.035798 0.102995 0.822336
v 0.042669 0.308984 0.816362
v 0.042669 0.102995 0.829204
v 0.035810 0.308984 0.809499
v 0.027419 0.514974 0.800246
v 0.034270 0.514974 0.807104
v 0.035810 0.308984 0.809499
v 0.034270 0.514974 0.807104
v 0.042669 0.308984 0.816362
v 0.027419 0.514974 0.800246
v 0.030346 0.720963 0.795975
v 0.037192 0.720963 0.802833
v 0.027419 0.514974 0.800246
v 0.037192 0.720963 0.802833
v 0.034270 0.514974 0.807104
v 0.035824 0.926953 0.894836
v 0.030346 0.720963 0.881312
v 0.037192 0.720963 0.874479
v 0.035824 0.926953 0.894836
v 0.037192 0.720963 0.874479
v 0.042669 0.926953 0.888001
v 0.030346 0.720963 0.881312
v 0.027418 0.514974 0.885583
v 0.034270 0.514974 0.878751
v 0.030346 0.720963 0.881312
v 0.034270 0.514974 0.878751
v 0.037192 0.720963 0.874479
v 0.027418 0.514974 0.885583
v 0.035809 0.308984 0.894836
v 0.042669 0.308984 0.888006
v 0.027418 0.514974 0.885583
v 0.042669 0.308984 0.888006
v 0.034270 0.514974 0.878751
v 0.035809 0.308984 0.894836
v 0.035797 0.102995 0.907673
v 0.042669 0.102995 0.900845
v 0.035809 0.308984 0.894836
v 0.042669 0.102995 0.900845
v 0.042669 0.308984 0.888006
v 0.035797 0.102995 0.907673
v 0.048744 -0.102995 0.907799
v 0.055631 -0.102995 0.900974
v 0.035797 0.102995 0.907673
v 0.055631 -0.102995 0.900974
v 0.042669 0.102995 0.900845
v 0.048744 -0.102995 0.907799
v 0.015660 -0.308984 0.894836
v 0.022550 -0.308984 0.888014
v 0.048744 -0.102995 0.907799
v 0.022550 -0.308984 0.888014
v 0.055631 -0.102995 0.900974
v 0.015660 -0.308984 0.894836
v 0.031666 -0.514974 0.890713
v 0.038545 -0.514974 0.883894
v 0.015660 -0.308984 0.894836
v 0.038545 -0.514974 0.883894
v 0.022550 -0.308984 0.888014
v 0.031666 -0.514974 0.890713
v 0.035798 -0.720963 0.894836
v 0.042669 -0.720963 0.888020
v 0.031666 -0.514974 0.890713
v 0.042669 -0.720963 0.888020
v 0.038545 -0.514974 0.883894
v -0.035826 -0.926953 0.894836
v -0.035824 -0.720963 0.894836
v -0.042669 -0.720963 0.888019
v -0.035826 -0.926953 0.894836
v -0.042669 -0.720963 0.888019
v -0.042669 -0.926953 0.888020
v -0.035824 -0.720963 0.894836
v -0.031695 -0.514974 0.890713
v -0.038545 -0.514974 0.883893
v -0.035824 -0.720963 0.894836
v -0.038545 -0.514974 0.883893
v -0.042669 -0.720963 0.888019
v -0.031695 -0.514974 0.890713
v -0.055937 -0.308984 0.894836
v -0.062787 -0.308984 0.888013
v -0.031695 -0.514974 0.890713
v -0.062787 -0.308984 0.888013
v -0.038545 -0.514974 0.883893
v -0.055937 -0.308984 0.894836
v -0.048787 -0.102995 0.907799
v -0.055631 -0.102995 0.900972
v -0.055937 -0.308984 0.894836
v -0.055631 -0.102995 0.900972
v -0.062787 -0.308984 0.888013
v -0.048787 -0.102995 0.907799
v -0.035831 0.102995 0.907673
v -0.042669 0.102995 0.900844
v -0.048787 -0.102995 0.907799
v -0.042669 0.102995 0.900844
v -0.055631 -0.102995 0.900972
v -0.035831 0.102995 0.907673
v -0.035836 0.308984 0.894836
v -0.042669 0.308984 0.888005
v -0.035831 0.102995 0.907673
v -0.042669 0.308984 0.888005
v -0.042669 0.102995 0.900844
v -0.035836 0.308984 0.894836
v -0.044239 0.514974 0.885583
v -0.051067 0.514974 0.878751
v -0.035836 0.308984 0.894836
v -0.051067 0.514974 0.878751
v -0.042669 0.308984 0.888005
v -0.044239 0.514974 0.885583
v -0.041319 0.720963 0.881312
v -0.048145 0.720963 0.874478
v -0.044239 0.514974 0.885583
v -0.048145 0.720963 0.874478
v -0.051067 0.514974 0.878751
v -0.035844 0.926953 0.809499
v -0.041319 0.720963 0.795975
v -0.048145 0.720963 0.802834
v -0.035844 0.926953 0.809499
v -0.048145 0.720963 0.802834
v -0.042669 0.926953 0.816358
v -0.041319 0.720963 0.795975
v -0.044239 0.514974 0.800246
v -0.051067 0.514974 0.807105
v -0.041319 0.720963 0.795975
v -0.051067 0.514974 0.807105
v -0.048145 0.720963 0.802834
v -0.044239 0.514974 0.800246
v -0.035837 0.308984 0.809499
v -0.042669 0.308984 0.816362
v -0.044239 0.514974 0.800246
v -0.042669 0.308984 0.816362
v -0.051067 0.514974 0.807105
v -0.035837 0.308984 0.809499
v -0.035832 0.102995 0.822336
v -0.042669 0.102995 0.829205
v -0.035837 0.308984 0.809499
v -0.042669 0.102995 0.829205
v -0.042669 0.308984 0.816362
v -0.035832 0.102995 0.822336
v -0.048788 -0.102995 0.796536
v -0.055631 -0.102995 0.803403
v -0.035832 0.102995 0.822336
v -0.055631 -0.102995 0.803403
v -0.042669 0.102995 0.829205
v -0.048788 -0.102995 0.796536
v -0.055937 -0.308984 0.809499
v -0.062787 -0.308984 0.816355
v -0.048788 -0.102995 0.796536
v -0.062787 -0.308984 0.816355
v -0.055631 -0.102995 0.803403
v -0.055937 -0.308984 0.809499
v -0.031696 -0.514974 0.813622
v -0.038545 -0.514974 0.820469
v -0.055937 -0.308984 0.809499
v -0.038545 -0.514974 0.820469
v -0.062787 -0.308984 0.816355
v -0.031696 -0.514974 0.813622
v -0.035824 -0.720963 0.809499
v -0.042669 -0.720963 0.816341
v -0.031696 -0.514974 0.813622
v -0.042669 -0.720963 0.816341
v -0.038545 -0.514974 0.820469
v -0.042669 -0.926953 0.816339
v -0.042669 -0.926953 0.888020
v -0.042669 -0.720963 0.888019
v -0.042669 -0.926953 0.816339
v -0.042669 -0.720963 0.888019
v -0.042669 -0.720963 0.816341
v -0.000000 -0.926953 -0.885607
v -0.000000 -0.340833 -0.786897
v 0.151277 -0.340833 -0.771998
v -0.000000 -0.926953 -0.885607
v 0.151277 -0.340833 -0.771998
v 0.170535 -0.926953 -0.868811
v -0.338501 -0.317917 0.495128
v -0.430830 -0.317917 0.419355
v -0.529068 -0.317917 0.517593
v -0.338501 -0.317917 0.495128
v -0.529068 -0.317917 0.517593
v -0.415686 -0.317917 0.610643
v 0.170535 -0.926953 -0.868811
v 0.151277 -0.340833 -0.771998
v 0.296741 -0.340833 -0.727872
v 0.170535 -0.926953 -0.868811
v 0.296741 -0.340833 -0.727872
v 0.334516 -0.926953 -0.819068
v -0.170533 -0.926953 -0.868811
v -0.151276 -0.340833 -0.771998
v -0.000000 -0.340833 -0.786897
v -0.170533 -0.926953 -0.868811
v -0.000000 -0.340833 -0.786897
v -0.000000 -0.926953 -0.885607
v 0.334516 -0.926953 -0.819068
v 0.296741 -0.340833 -0.727872
v 0.430802 -0.340833 -0.656215
v 0.334516 -0.926953 -0.819068
v 0.430802 -0.340833 -0.656215
v 0.485642 -0.926953 -0.738289
v 0.485642 -0.926953 -0.738289
v 0.430802 -0.340833 -0.656215
v 0.548306 -0.340833 -0.559781
v 0.485642 -0.926953 -0.738289
v 0.548306 -0.340833 -0.559781
v 0.618105 -0.926953 -0.629580
v 0.618105 -0.926953 -0.629580
v 0.548306 -0.340833 -0.559781
v 0.644740 -0.340833 -0.442276
v 0.618105 -0.926953 -0.629580
v 0.644740 -0.340833 -0.442276
v 0.726815 -0.926953 -0.497117
v 0.726815 -0.926953 -0.497117
v 0.644740 -0.340833 -0.442276
v 0.716397 -0.340833 -0.308216
v 0.726815 -0.926953 -0.497117
v 0.716397 -0.340833 -0.308216
v 0.807593 -0.926953 -0.345991
v 0.807593 -0.926953 -0.345991
v 0.716397 -0.340833 -0.308216
v 0.760523 -0.340833 -0.162752
v 0.807593 -0.926953 -0.345991
v 0.760523 -0.340833 -0.162752
v 0.857336 -0.926953 -0.182009
v 0.857336 -0.926953 -0.182009
v 0.760523 -0.340833 -0.162752
v 0.775422 -0.340833 -0.011475
v 0.857336 -0.926953 -0.182009
v 0.775422 -0.340833 -0.011475
v 0.874133 -0.926953 -0.011475
v 0.874133 -0.926953 -0.011475
v 0.775422 -0.340833 -0.011475
v 0.760523 -0.340833 0.139803
v 0.874133 -0.926953 -0.011475
v 0.760523 -0.340833 0.139803
v 0.857336 -0.926953 0.159060
v 0.857336 -0.926953 0.159060
v 0.760523 -0.340833 0.139803
v 0.716397 -0.340833 0.285266
v 0.857336 -0.926953 0.159060
v 0.716397 -0.340833 0.285266
v 0.807593 -0.926953 0.323041
v 0.807593 -0.926953 0.323041
v 0.716397 -0.340833 0.285266
v 0.644740 -0.340833 0.419327
v 0.807593 -0.926953 0.323041
v 0.644740 -0.340833 0.419327
v 0.726815 -0.926953 0.474167
v 0.726815 -0.926953 0.474167
v 0.644740 -0.340833 0.419327
v 0.548306 -0.340833 0.536832
v 0.726815 -0.926953 0.474167
v 0.548306 -0.340833 0.536832
v 0.618105 -0.926953 0.606630
v 0.618105 -0.926953 0.606630
v 0.548306 -0.340833 0.536832
v 0.430802 -0.340833 0.633265
v 0.618105 -0.926953 0.606630
v 0.430802 -0.340833 0.633265
v 0.485642 -0.926953 0.715340
v 0.485642 -0.926953 0.715340
v 0.430802 -0.340833 0.633265
v 0.296741 -0.340833 0.704922
v 0.485642 -0.926953 0.715340
v 0.296741 -0.340833 0.704922
v 0.334516 -0.926953 0.796119
v 0.334516 -0.926953 0.796119
v 0.296741 -0.340833 0.704922
v 0.151277 -0.340833 0.749048
v 0.334516 -0.926953 0.796119
v 0.151277 -0.340833 0.749048
v 0.170535 -0.926953 0.845862
v 0.170535 -0.926953 0.845862
v 0.151277 -0.340833 0.749048
v -0.000000 -0.340833 0.763948
v 0.170535 -0.926953 0.845862
v -0.000000 -0.340833 0.763948
v -0.000000 -0.926953 0.862658
v -0.000000 -0.926953 0.862658
v -0.000000 -0.340833 0.763948
v -0.151278 -0.340833 0.749048
v -0.000000 -0.926953 0.862658
v -0.151278 -0.340833 0.749048
v -0.170535 -0.926953 0.845862
v -0.170535 -0.926953 0.845862
v -0.151278 -0.340833 0.749048
v -0.296742 -0.340833 0.704922
v -0.170535 -0.926953 0.845862
v -0.296742 -0.340833 0.704922
v -0.334516 -0.926953 0.796118
v -0.334516 -0.926953 0.796118
v -0.296742 -0.340833 0.704922
v -0.430802 -0.340833 0.633265
v -0.334516 -0.926953 0.796118
v -0.430802 -0.340833 0.633265
v -0.485642 -0.926953 0.715340
v -0.485642 -0.926953 0.715340
v -0.430802 -0.340833 0.633265
v -0.548307 -0.340833 0.536831
v -0.485642 -0.926953 0.715340
v -0.548307 -0.340833 0.536831
v -0.618105 -0.926953 0.606630
v -0.618105 -0.926953 0.606630
v -0.548307 -0.340833 0.536831
v -0.644740 -0.340833 0.419326
v -0.618105 -0.926953 0.606630
v -0.644740 -0.340833 0.419326
v -0.726815 -0.926953 0.474167
v -0.726815 -0.926953 0.474167
v -0.644740 -0.340833 0.419326
v -0.716397 -0.340833 0.285266
v -0.726815 -0.926953 0.474167
v -0.716397 -0.340833 0.285266
v -0.807594 -0.926953 0.323041
v -0.807594 -0.926953 0.323041
v -0.716397 -0.340833 0.285266
v -0.760523 -0.340833 0.139802
v -0.807594 -0.926953 0.323041
v -0.760523 -0.340833 0.139802
v -0.857336 -0.926953 0.159059
v -0.857336 -0.926953 0.159059
v -0.760523 -0.340833 0.139802
v -0.775422 -0.340833 -0.011476
v -0.857336 -0.926953 0.159059
v -0.775422 -0.340833 -0.011476
v -0.874133 -0.926953 -0.011476
v -0.874133 -0.926953 -0.011476
v -0.775422 -0.340833 -0.011476
v -0.760523 -0.340833 -0.162753
v -0.874133 -0.926953 -0.011476
v -0.760523 -0.340833 -0.162753
v -0.857336 -0.926953 -0.182010
v -0.857336 -0.926953 -0.182010
v -0.760523 -0.340833 -0.162753
v -0.716397 -0.340833 -0.308217
v -0.857336 -0.926953 -0.182010
v -0.716397 -0.340833 -0.308217
v -0.807593 -0.926953 -0.345992
v -0.807593 -0.926953 -0.345992
v -0.716397 -0.340833 -0.308217
v -0.644740 -0.340833 -0.442277
v -0.807593 -0.926953 -0.345992
v -0.644740 -0.340833 -0.442277
v -0.726814 -0.926953 -0.497118
v -0.726814 -0.926953 -0.497118
v -0.644740 -0.340833 -0.442277
v -0.548306 -0.340833 -0.559782
v -0.726814 -0.926953 -0.497118
v -0.548306 -0.340833 -0.559782
v -0.618104 -0.926953 -0.629580
v -0.618104 -0.926953 -0.629580
v -0.548306 -0.340833 -0.559782
v -0.430801 -0.340833 -0.656215
v -0.618104 -0.926953 -0.629580
v -0.430801 -0.340833 -0.656215
v -0.485641 -0.926953 -0.738290
v -0.485641 -0.926953 -0.738290
v -0.430801 -0.340833 -0.656215
v -0.296740 -0.340833 -0.727872
v -0.485641 -0.926953 -0.738290
v -0.296740 -0.340833 -0.727872
v -0.334515 -0.926953 -0.819068
v -0.334515 -0.926953 -0.819068
v -0.296740 -0.340833 -0.727872
v -0.151276 -0.340833 -0.771998
v -0.334515 -0.926953 -0.819068
v -0.151276 -0.340833 -0.771998
v -0.170533 -0.926953 -0.868811
v 0.562907 -0.317917 -0.244638
v 0.597578 -0.317917 -0.130341
v 0.733838 -0.317917 -0.157444
v 0.562907 -0.317917 -0.244638
v 0.733838 -0.317917 -0.157444
v 0.691261 -0.317917 -0.297804
v -0.430830 -0.317917 0.419355
v -0.506603 -0.317917 0.327026
v -0.622118 -0.317917 0.404211
v -0.430830 -0.317917 0.419355
v -0.622118 -0.317917 0.404211
v -0.529068 -0.317917 0.517593
v 0.597578 -0.317917 -0.130341
v 0.609286 -0.317917 -0.011475
v 0.748215 -0.317917 -0.011475
v 0.597578 -0.317917 -0.130341
v 0.748215 -0.317917 -0.011475
v 0.733838 -0.317917 -0.157444
v -0.506603 -0.317917 0.327026
v -0.562907 -0.317917 0.221688
v -0.691261 -0.317917 0.274854
v -0.506603 -0.317917 0.327026
v -0.691261 -0.317917 0.274854
v -0.622118 -0.317917 0.404211
v 0.609286 -0.317917 -0.011475
v 0.597579 -0.317917 0.107391
v 0.733838 -0.317917 0.134495
v 0.609286 -0.317917 -0.011475
v 0.733838 -0.317917 0.134495
v 0.748215 -0.317917 -0.011475
v -0.562907 -0.317917 0.221688
v -0.597579 -0.317917 0.107390
v -0.733839 -0.317917 0.134494
v -0.562907 -0.317917 0.221688
v -0.733839 -0.317917 0.134494
v -0.691261 -0.317917 0.274854
v 0.597579 -0.317917 0.107391
v 0.562907 -0.317917 0.221689
v 0.691261 -0.317917 0.274855
v 0.597579 -0.317917 0.107391
v 0.691261 -0.317917 0.274855
v 0.733838 -0.317917 0.134495
v -0.597579 -0.317917 0.107390
v -0.609286 -0.317917 -0.011475
v -0.748215 -0.317917 -0.011476
v -0.597579 -0.317917 0.107390
v -0.748215 -0.317917 -0.011476
v -0.733839 -0.317917 0.134494
v 0.562907 -0.317917 0.221689
v 0.506603 -0.317917 0.327026
v 0.622118 -0.317917 0.404211
v 0.562907 -0.317917 0.221689
v 0.622118 -0.317917 0.404211
v 0.691261 -0.317917 0.274855
v -0.609286 -0.317917 -0.011475
v -0.597578 -0.317917 -0.130341
v -0.733838 -0.317917 -0.157445
v -0.609286 -0.317917 -0.011475
v -0.733838 -0.317917 -0.157445
v -0.748215 -0.317917 -0.011476
v 0.506603 -0.317917 0.327026
v 0.430830 -0.317917 0.419355
v 0.529068 -0.317917 0.517593
v 0.506603 -0.317917 0.327026
v 0.529068 -0.317917 0.517593
v 0.622118 -0.317917 0.404211
v -0.597578 -0.317917 -0.130341
v -0.562906 -0.317917 -0.244639
v -0.691260 -0.317917 -0.297805
v -0.597578 -0.317917 -0.130341
v -0.691260 -0.317917 -0.297805
v -0.733838 -0.317917 -0.157445
v 0.430830 -0.317917 0.419355
v 0.338501 -0.317917 0.495128
v 0.415686 -0.317917 0.610643
v 0.430830 -0.317917 0.419355
v 0.415686 -0.317917 0.610643
v 0.529068 -0.317917 0.517593
v -0.562906 -0.317917 -0.244639
v -0.506602 -0.317917 -0.349976
v -0.622118 -0.317917 -0.427162
v -0.562906 -0.317917 -0.244639
v -0.622118 -0.317917 -0.427162
v -0.691260 -0.317917 -0.297805
v 0.338501 -0.317917 0.495128
v 0.233163 -0.317917 0.551432
v 0.286329 -0.317917 0.679786
v 0.338501 -0.317917 0.495128
v 0.286329 -0.317917 0.679786
v 0.415686 -0.317917 0.610643
v -0.118865 -0.317917 -0.609054
v -0.000000 -0.317917 -0.620761
v -0.000000 -0.317917 -0.759690
v -0.118865 -0.317917 -0.609054
v -0.000000 -0.317917 -0.759690
v -0.145968 -0.317917 -0.745313
v -0.506602 -0.317917 -0.349976
v -0.430830 -0.317917 -0.442306
v -0.529067 -0.317917 -0.540543
v -0.506602 -0.317917 -0.349976
v -0.529067 -0.317917 -0.540543
v -0.622118 -0.317917 -0.427162
v 0.233163 -0.317917 0.551432
v 0.118866 -0.317917 0.586104
v 0.145969 -0.317917 0.722364
v 0.233163 -0.317917 0.551432
v 0.145969 -0.317917 0.722364
v 0.286329 -0.317917 0.679786
v 0.118866 -0.317917 -0.609053
v 0.233164 -0.317917 -0.574381
v 0.286330 -0.317917 -0.702735
v 0.118866 -0.317917 -0.609053
v 0.286330 -0.317917 -0.702735
v 0.145970 -0.317917 -0.745313
v -0.430830 -0.317917 -0.442306
v -0.338500 -0.317917 -0.518078
v -0.415685 -0.317917 -0.633594
v -0.430830 -0.317917 -0.442306
v -0.415685 -0.317917 -0.633594
v -0.529067 -0.317917 -0.540543
v 0.118866 -0.317917 0.586104
v -0.000000 -0.317917 0.597811
v -0.000000 -0.317917 0.736740
v 0.118866 -0.317917 0.586104
v -0.000000 -0.317917 0.736740
v 0.145969 -0.317917 0.722364
v 0.233164 -0.317917 -0.574381
v 0.338501 -0.317917 -0.518077
v 0.415686 -0.317917 -0.633593
v 0.233164 -0.317917 -0.574381
v 0.415686 -0.317917 -0.633593
v 0.286330 -0.317917 -0.702735
v -0.338500 -0.317917 -0.518078
v -0.233163 -0.317917 -0.574382
v -0.286329 -0.317917 -0.702736
v -0.338500 -0.317917 -0.518078
v -0.286329 -0.317917 -0.702736
v -0.415685 -0.317917 -0.633594
v -0.000000 -0.317917 0.597811
v -0.118866 -0.317917 0.586104
v -0.145970 -0.317917 0.722364
v -0.000000 -0.317917 0.597811
v -0.145970 -0.317917 0.722364
v -0.000000 -0.317917 0.736740
v 0.338501 -0.317917 -0.518077
v 0.430830 -0.317917 -0.442305
v 0.529068 -0.317917 -0.540543
v 0.338501 -0.317917 -0.518077
v 0.529068 -0.317917 -0.540543
v 0.415686 -0.317917 -0.633593
v -0.233163 -0.317917 -0.574382
v -0.118865 -0.317917 -0.609054
v -0.145968 -0.317917 -0.745313
v -0.233163 -0.317917 -0.574382
v -0.145968 -0.317917 -0.745313
v -0.286329 -0.317917 -0.702736
v -0.118866 -0.317917 0.586104
v -0.233164 -0.317917 0.551432
v -0.286330 -0.317917 0.679786
v -0.118866 -0.317917 0.586104
v -0.286330 -0.317917 0.679786
v -0.145970 -0.317917 0.722364
v 0.430830 -0.317917 -0.442305
v 0.506603 -0.317917 -0.349976
v 0.622118 -0.317917 -0.427161
v 0.430830 -0.317917 -0.442305
v 0.622118 -0.317917 -0.427161
v 0.529068 -0.317917 -0.540543
v -0.233164 -0.317917 0.551432
v -0.338501 -0.317917 0.495128
v -0.415686 -0.317917 0.610643
v -0.233164 -0.317917 0.551432
v -0.415686 -0.317917 0.610643
v -0.286330 -0.317917 0.679786
v 0.506603 -0.317917 -0.349976
v 0.562907 -0.317917 -0.244638
v 0.691261 -0.317917 -0.297804
v 0.506603 -0.317917 -0.349976
v 0.691261 -0.317917 -0.297804
v 0.622118 -0.317917 -0.427161
v 0.151277 -0.340833 -0.771998
v -0.000000 -0.340833 -0.786897
v -0.000000 -0.332063 -0.783643
v 0.151277 -0.340833 -0.771998
v -0.000000 -0.332063 -0.783643
v 0.150643 -0.332063 -0.768806
v 0.150643 -0.332063 -0.768806
v -0.000000 -0.332063 -0.783643
v -0.000000 -0.324629 -0.777330
v 0.150643 -0.332063 -0.768806
v -0.000000 -0.324629 -0.777330
v 0.149411 -0.324629 -0.762614
v 0.149411 -0.324629 -0.762614
v -0.000000 -0.324629 -0.777330
v -0.000000 -0.319661 -0.768919
v 0.149411 -0.324629 -0.762614
v -0.000000 -0.319661 -0.768919
v 0.147770 -0.319661 -0.754364
v 0.147770 -0.319661 -0.754364
v -0.000000 -0.319661 -0.768919
v -0.000000 -0.317917 -0.759690
v 0.147770 -0.319661 -0.754364
v -0.000000 -0.317917 -0.759690
v 0.145970 -0.317917 -0.745313
v 0.296741 -0.340833 -0.727872
v 0.151277 -0.340833 -0.771998
v 0.150643 -0.332063 -0.768806
v 0.296741 -0.340833 -0.727872
v 0.150643 -0.332063 -0.768806
v 0.295496 -0.332063 -0.724865
v 0.295496 -0.332063 -0.724865
v 0.150643 -0.332063 -0.768806
v 0.149411 -0.324629 -0.762614
v 0.295496 -0.332063 -0.724865
v 0.149411 -0.324629 -0.762614
v 0.293080 -0.324629 -0.719032
v 0.293080 -0.324629 -0.719032
v 0.149411 -0.324629 -0.762614
v 0.147770 -0.319661 -0.754364
v 0.293080 -0.324629 -0.719032
v 0.147770 -0.319661 -0.754364
v 0.289861 -0.319661 -0.711262
v 0.289861 -0.319661 -0.711262
v 0.147770 -0.319661 -0.754364
v 0.145970 -0.317917 -0.745313
v 0.289861 -0.319661 -0.711262
v 0.145970 -0.317917 -0.745313
v 0.286330 -0.317917 -0.702735
v 0.430802 -0.340833 -0.656215
v 0.296741 -0.340833 -0.727872
v 0.295496 -0.332063 -0.724865
v 0.430802 -0.340833 -0.656215
v 0.295496 -0.332063 -0.724865
v 0.428994 -0.332063 -0.653509
v 0.428994 -0.332063 -0.653509
v 0.295496 -0.332063 -0.724865
v 0.293080 -0.324629 -0.719032
v 0.428994 -0.332063 -0.653509
v 0.293080 -0.324629 -0.719032
v 0.425486 -0.324629 -0.648260
v 0.425486 -0.324629 -0.648260
v 0.293080 -0.324629 -0.719032
v 0.289861 -0.319661 -0.711262
v 0.425486 -0.324629 -0.648260
v 0.289861 -0.319661 -0.711262
v 0.420813 -0.319661 -0.641266
v 0.420813 -0.319661 -0.641266
v 0.289861 -0.319661 -0.711262
v 0.286330 -0.317917 -0.702735
v 0.420813 -0.319661 -0.641266
v 0.286330 -0.317917 -0.702735
v 0.415686 -0.317917 -0.633593
v 0.548306 -0.340833 -0.559781
v 0.430802 -0.340833 -0.656215
v 0.428994 -0.332063 -0.653509
v 0.548306 -0.340833 -0.559781
v 0.428994 -0.332063 -0.653509
v 0.546005 -0.332063 -0.557480
v 0.546005 -0.332063 -0.557480
v 0.428994 -0.332063 -0.653509
v 0.425486 -0.324629 -0.648260
v 0.546005 -0.332063 -0.557480
v 0.425486 -0.324629 -0.648260
v 0.541541 -0.324629 -0.553016
v 0.541541 -0.324629 -0.553016
v 0.425486 -0.324629 -0.648260
v 0.420813 -0.319661 -0.641266
v 0.541541 -0.324629 -0.553016
v 0.420813 -0.319661 -0.641266
v 0.535594 -0.319661 -0.547068
v 0.535594 -0.319661 -0.547068
v 0.420813 -0.319661 -0.641266
v 0.415686 -0.317917 -0.633593
v 0.535594 -0.319661 -0.547068
v 0.415686 -0.317917 -0.633593
v 0.529068 -0.317917 -0.540543
v 0.644740 -0.340833 -0.442276
v 0.548306 -0.340833 -0.559781
v 0.546005 -0.332063 -0.557480
v 0.644740 -0.340833 -0.442276
v 0.546005 -0.332063 -0.557480
v 0.642034 -0.332063 -0.440468
v 0.642034 -0.332063 -0.440468
v 0.546005 -0.332063 -0.557480
v 0.541541 -0.324629 -0.553016
v 0.642034 -0.332063 -0.440468
v 0.541541 -0.324629 -0.553016
v 0.636785 -0.324629 -0.436961
v 0.636785 -0.324629 -0.436961
v 0.541541 -0.324629 -0.553016
v 0.535594 -0.319661 -0.547068
v 0.636785 -0.324629 -0.436961
v 0.535594 -0.319661 -0.547068
v 0.629792 -0.319661 -0.432288
v 0.629792 -0.319661 -0.432288
v 0.535594 -0.319661 -0.547068
v 0.529068 -0.317917 -0.540543
v 0.629792 -0.319661 -0.432288
v 0.529068 -0.317917 -0.540543
v 0.622118 -0.317917 -0.427161
v 0.716397 -0.340833 -0.308216
v 0.644740 -0.340833 -0.442276
v 0.642034 -0.332063 -0.440468
v 0.716397 -0.340833 -0.308216
v 0.642034 -0.332063 -0.440468
v 0.713390 -0.332063 -0.306971
v 0.713390 -0.332063 -0.306971
v 0.642034 -0.332063 -0.440468
v 0.636785 -0.324629 -0.436961
v 0.713390 -0.332063 -0.306971
v 0.636785 -0.324629 -0.436961
v 0.707558 -0.324629 -0.304555
v 0.707558 -0.324629 -0.304555
v 0.636785 -0.324629 -0.436961
v 0.629792 -0.319661 -0.432288
v 0.707558 -0.324629 -0.304555
v 0.629792 -0.319661 -0.432288
v 0.699787 -0.319661 -0.301336
v 0.699787 -0.319661 -0.301336
v 0.629792 -0.319661 -0.432288
v 0.622118 -0.317917 -0.427161
v 0.699787 -0.319661 -0.301336
v 0.622118 -0.317917 -0.427161
v 0.691261 -0.317917 -0.297804
v 0.760523 -0.340833 -0.162752
v 0.716397 -0.340833 -0.308216
v 0.713390 -0.332063 -0.306971
v 0.760523 -0.340833 -0.162752
v 0.713390 -0.332063 -0.306971
v 0.757331 -0.332063 -0.162117
v 0.757331 -0.332063 -0.162117
v 0.713390 -0.332063 -0.306971
v 0.707558 -0.324629 -0.304555
v 0.757331 -0.332063 -0.162117
v 0.707558 -0.324629 -0.304555
v 0.751139 -0.324629 -0.160886
v 0.751139 -0.324629 -0.160886
v 0.707558 -0.324629 -0.304555
v 0.699787 -0.319661 -0.301336
v 0.751139 -0.324629 -0.160886
v 0.699787 -0.319661 -0.301336
v 0.742890 -0.319661 -0.159245
v 0.742890 -0.319661 -0.159245
v 0.699787 -0.319661 -0.301336
v 0.691261 -0.317917 -0.297804
v 0.742890 -0.319661 -0.159245
v 0.691261 -0.317917 -0.297804
v 0.733838 -0.317917 -0.157444
v 0.775422 -0.340833 -0.011475
v 0.760523 -0.340833 -0.162752
v 0.757331 -0.332063 -0.162117
v 0.775422 -0.340833 -0.011475
v 0.757331 -0.332063 -0.162117
v 0.772168 -0.332063 -0.011475
v 0.772168 -0.332063 -0.011475
v 0.757331 -0.332063 -0.162117
v 0.751139 -0.324629 -0.160886
v 0.772168 -0.332063 -0.011475
v 0.751139 -0.324629 -0.160886
v 0.765855 -0.324629 -0.011475
v 0.765855 -0.324629 -0.011475
v 0.751139 -0.324629 -0.160886
v 0.742890 -0.319661 -0.159245
v 0.765855 -0.324629 -0.011475
v 0.742890 -0.319661 -0.159245
v 0.757444 -0.319661 -0.011475
v 0.757444 -0.319661 -0.011475
v 0.742890 -0.319661 -0.159245
v 0.733838 -0.317917 -0.157444
v 0.757444 -0.319661 -0.011475
v 0.733838 -0.317917 -0.157444
v 0.748215 -0.317917 -0.011475
v 0.760523 -0.340833 0.139803
v 0.775422 -0.340833 -0.011475
v 0.772168 -0.332063 -0.011475
v 0.760523 -0.340833 0.139803
v 0.772168 -0.332063 -0.011475
v 0.757331 -0.332063 0.139168
v 0.757331 -0.332063 0.139168
v 0.772168 -0.332063 -0.011475
v 0.765855 -0.324629 -0.011475
v 0.757331 -0.332063 0.139168
v 0.765855 -0.324629 -0.011475
v 0.751139 -0.324629 0.137936
v 0.751139 -0.324629 0.137936
v 0.765855 -0.324629 -0.011475
v 0.757444 -0.319661 -0.011475
v 0.751139 -0.324629 0.137936
v 0.757444 -0.319661 -0.011475
v 0.742890 -0.319661 0.136295
v 0.742890 -0.319661 0.136295
v 0.757444 -0.319661 -0.011475
v 0.748215 -0.317917 -0.011475
v 0.742890 -0.319661 0.136295
v 0.748215 -0.317917 -0.011475
v 0.733838 -0.317917 0.134495
v 0.716397 -0.340833 0.285266
v 0.760523 -0.340833 0.139803
v 0.757331 -0.332063 0.139168
v 0.716397 -0.340833 0.285266
v 0.757331 -0.332063 0.139168
v 0.713390 -0.332063 0.284021
v 0.713390 -0.332063 0.284021
v 0.757331 -0.332063 0.139168
v 0.751139 -0.324629 0.137936
v 0.713390 -0.332063 0.284021
v 0.751139 -0.324629 0.137936
v 0.707558 -0.324629 0.281605
v 0.707558 -0.324629 0.281605
v 0.751139 -0.324629 0.137936
v 0.742890 -0.319661 0.136295
v 0.707558 -0.324629 0.281605
v 0.742890 -0.319661 0.136295
v 0.699787 -0.319661 0.278386
v 0.699787 -0.319661 0.278386
v 0.742890 -0.319661 0.136295
v 0.733838 -0.317917 0.134495
v 0.699787 -0.319661 0.278386
v 0.733838 -0.317917 0.134495
v 0.691261 -0.317917 0.274855
v 0.644740 -0.340833 0.419327
v 0.716397 -0.340833 0.285266
v 0.713390 -0.332063 0.284021
v 0.644740 -0.340833 0.419327
v 0.713390 -0.332063 0.284021
v 0.642034 -0.332063 0.417519
v 0.642034 -0.332063 0.417519
v 0.713390 -0.332063 0.284021
v 0.707558 -0.324629 0.281605
v 0.642034 -0.332063 0.417519
v 0.707558 -0.324629 0.281605
v 0.636785 -0.324629 0.414011
v 0.636785 -0.324629 0.414011
v 0.707558 -0.324629 0.281605
v 0.699787 -0.319661 0.278386
v 0.636785 -0.324629 0.414011
v 0.699787 -0.319661 0.278386
v 0.629792 -0.319661 0.409338
v 0.629792 -0.319661 0.409338
v 0.699787 -0.319661 0.278386
v 0.691261 -0.317917 0.274855
v 0.629792 -0.319661 0.409338
v 0.691261 -0.317917 0.274855
v 0.622118 -0.317917 0.404211
v 0.548306 -0.340833 0.536832
v 0.644740 -0.340833 0.419327
v 0.642034 -0.332063 0.417519
v 0.548306 -0.340833 0.536832
v 0.642034 -0.332063 0.417519
v 0.546005 -0.332063 0.534531
v 0.546005 -0.332063 0.534531
v 0.642034 -0.332063 0.417519
v 0.636785 -0.324629 0.414011
v 0.546005 -0.332063 0.534531
v 0.636785 -0.324629 0.414011
v 0.541541 -0.324629 0.530066
v 0.541541 -0.324629 0.530066
v 0.636785 -0.324629 0.414011
v 0.629792 -0.319661 0.409338
v 0.541541 -0.324629 0.530066
v 0.629792 -0.319661 0.409338
v 0.535594 -0.319661 0.524119
v 0.535594 -0.319661 0.524119
v 0.629792 -0.319661 0.409338
v 0.622118 -0.317917 0.404211
v 0.535594 -0.319661 0.524119
v 0.622118 -0.317917 0.404211
v 0.529068 -0.317917 0.517593
v 0.430802 -0.340833 0.633265
v 0.548306 -0.340833 0.536832
v 0.546005 -0.332063 0.534531
v 0.430802 -0.340833 0.633265
v 0.546005 -0.332063 0.534531
v 0.428994 -0.332063 0.630560
v 0.428994 -0.332063 0.630560
v 0.546005 -0.332063 0.534531
v 0.541541 -0.324629 0.530066
v 0.428994 -0.332063 0.630560
v 0.541541 -0.324629 0.530066
v 0.425486 -0.324629 0.625310
v 0.425486 -0.324629 0.625310
v 0.541541 -0.324629 0.530066
v 0.535594 -0.319661 0.524119
v 0.425486 -0.324629 0.625310
v 0.535594 -0.319661 0.524119
v 0.420813 -0.319661 0.618317
v 0.420813 -0.319661 0.618317
v 0.535594 -0.319661 0.524119
v 0.529068 -0.317917 0.517593
v 0.420813 -0.319661 0.618317
v 0.529068 -0.317917 0.517593
v 0.415686 -0.317917 0.610643
v 0.296741 -0.340833 0.704922
v 0.430802 -0.340833 0.633265
v 0.428994 -0.332063 0.630560
v 0.296741 -0.340833 0.704922
v 0.428994 -0.332063 0.630560
v 0.295496 -0.332063 0.701916
v 0.295496 -0.332063 0.701916
v 0.428994 -0.332063 0.630560
v 0.425486 -0.324629 0.625310
v 0.295496 -0.332063 0.701916
v 0.425486 -0.324629 0.625310
v 0.293080 -0.324629 0.696083
v 0.293080 -0.324629 0.696083
v 0.425486 -0.324629 0.625310
v 0.420813 -0.319661 0.618317
v 0.293080 -0.324629 0.696083
v 0.420813 -0.319661 0.618317
v 0.289861 -0.319661 0.688312
v 0.289861 -0.319661 0.688312
v 0.420813 -0.319661 0.618317
v 0.415686 -0.317917 0.610643
v 0.289861 -0.319661 0.688312
v 0.415686 -0.317917 0.610643
v 0.286329 -0.317917 0.679786
v 0.151277 -0.340833 0.749048
v 0.296741 -0.340833 0.704922
v 0.295496 -0.332063 0.701916
v 0.151277 -0.340833 0.749048
v 0.295496 -0.332063 0.701916
v 0.150642 -0.332063 0.745856
v 0.150642 -0.332063 0.745856
v 0.295496 -0.332063 0.701916
v 0.293080 -0.324629 0.696083
v 0.150642 -0.332063 0.745856
v 0.293080 -0.324629 0.696083
v 0.149411 -0.324629 0.739664
v 0.149411 -0.324629 0.739664
v 0.293080 -0.324629 0.696083
v 0.289861 -0.319661 0.688312
v 0.149411 -0.324629 0.739664
v 0.289861 -0.319661 0.688312
v 0.147770 -0.319661 0.731415
v 0.147770 -0.319661 0.731415
v 0.289861 -0.319661 0.688312
v 0.286329 -0.317917 0.679786
v 0.147770 -0.319661 0.731415
v 0.286329 -0.317917 0.679786
v 0.145969 -0.317917 0.722364
v -0.000000 -0.340833 0.763948
v 0.151277 -0.340833 0.749048
v 0.150642 -0.332063 0.745856
v -0.000000 -0.340833 0.763948
v 0.150642 -0.332063 0.745856
v -0.000000 -0.332063 0.760693
v -0.000000 -0.332063 0.760693
v 0.150642 -0.332063 0.745856
v 0.149411 -0.324629 0.739664
v -0.000000 -0.332063 0.760693
v 0.149411 -0.324629 0.739664
v -0.000000 -0.324629 0.754380
v -0.000000 -0.324629 0.754380
v 0.149411 -0.324629 0.739664
v 0.147770 -0.319661 0.731415
v -0.000000 -0.324629 0.754380
v 0.147770 -0.319661 0.731415
v -0.000000 -0.319661 0.745969
v -0.000000 -0.319661 0.745969
v 0.147770 -0.319661 0.731415
v 0.145969 -0.317917 0.722364
v -0.000000 -0.319661 0.745969
v 0.145969 -0.317917 0.722364
v -0.000000 -0.317917 0.736740
v -0.151278 -0.340833 0.749048
v -0.000000 -0.340833 0.763948
v -0.000000 -0.332063 0.760693
v -0.151278 -0.340833 0.749048
v -0.000000 -0.332063 0.760693
v -0.150643 -0.332063 0.745856
v -0.150643 -0.332063 0.745856
v -0.000000 -0.332063 0.760693
v -0.000000 -0.324629 0.754380
v -0.150643 -0.332063 0.745856
v -0.000000 -0.324629 0.754380
v -0.149411 -0.324629 0.739664
v -0.149411 -0.324629 0.739664
v -0.000000 -0.324629 0.754380
v -0.000000 -0.319661 0.745969
v -0.149411 -0.324629 0.739664
v -0.000000 -0.319661 0.745969
v -0.147770 -0.319661 0.731415
v -0.147770 -0.319661 0.731415
v -0.000000 -0.319661 0.745969
v -0.000000 -0.317917 0.736740
v -0.147770 -0.319661 0.731415
v -0.000000 -0.317917 0.736740
v -0.145970 -0.317917 0.722364
v -0.296742 -0.340833 0.704922
v -0.151278 -0.340833 0.749048
v -0.150643 -0.332063 0.745856
v -0.296742 -0.340833 0.704922
v -0.150643 -0.332063 0.745856
v -0.295496 -0.332063 0.701915
v -0.295496 -0.332063 0.701915
v -0.150643 -0.332063 0.745856
v -0.149411 -0.324629 0.739664
v -0.295496 -0.332063 0.701915
v -0.149411 -0.324629 0.739664
v -0.293080 -0.324629 0.696083
v -0.293080 -0.324629 0.696083
v -0.149411 -0.324629 0.739664
v -0.147770 -0.319661 0.731415
v -0.293080 -0.324629 0.696083
v -0.147770 -0.319661 0.731415
v -0.289862 -0.319661 0.688312
v -0.289862 -0.319661 0.688312
v -0.147770 -0.319661 0.731415
v -0.145970 -0.317917 0.722364
v -0.289862 -0.319661 0.688312
v -0.145970 -0.317917 0.722364
v -0.286330 -0.317917 0.679786
v -0.430802 -0.340833 0.633265
v -0.296742 -0.340833 0.704922
v -0.295496 -0.332063 0.701915
v -0.430802 -0.340833 0.633265
v -0.295496 -0.332063 0.701915
v -0.428994 -0.332063 0.630559
v -0.428994 -0.332063 0.630559
v -0.295496 -0.332063 0.701915
v -0.293080 -0.324629 0.696083
v -0.428994 -0.332063 0.630559
v -0.293080 -0.324629 0.696083
v -0.425487 -0.324629 0.625310
v -0.425487 -0.324629 0.625310
v -0.293080 -0.324629 0.696083
v -0.289862 -0.319661 0.688312
v -0.425487 -0.324629 0.625310
v -0.289862 -0.319661 0.688312
v -0.420814 -0.319661 0.618316
v -0.420814 -0.319661 0.618316
v -0.289862 -0.319661 0.688312
v -0.286330 -0.317917 0.679786
v -0.420814 -0.319661 0.618316
v -0.286330 -0.317917 0.679786
v -0.415686 -0.317917 0.610643
v -0.548307 -0.340833 0.536831
v -0.430802 -0.340833 0.633265
v -0.428994 -0.332063 0.630559
v -0.548307 -0.340833 0.536831
v -0.428994 -0.332063 0.630559
v -0.546006 -0.332063 0.534530
v -0.546006 -0.332063 0.534530
v -0.428994 -0.332063 0.630559
v -0.425487 -0.324629 0.625310
v -0.546006 -0.332063 0.534530
v -0.425487 -0.324629 0.625310
v -0.541542 -0.324629 0.530066
v -0.541542 -0.324629 0.530066
v -0.425487 -0.324629 0.625310
v -0.420814 -0.319661 0.618316
v -0.541542 -0.324629 0.530066
v -0.420814 -0.319661 0.618316
v -0.535594 -0.319661 0.524118
v -0.535594 -0.319661 0.524118
v -0.420814 -0.319661 0.618316
v -0.415686 -0.317917 0.610643
v -0.535594 -0.319661 0.524118
v -0.415686 -0.317917 0.610643
v -0.529068 -0.317917 0.517593
v -0.644740 -0.340833 0.419326
v -0.548307 -0.340833 0.536831
v -0.546006 -0.332063 0.534530
v -0.644740 -0.340833 0.419326
v -0.546006 -0.332063 0.534530
v -0.642035 -0.332063 0.417518
v -0.642035 -0.332063 0.417518
v -0.546006 -0.332063 0.534530
v -0.541542 -0.324629 0.530066
v -0.642035 -0.332063 0.417518
v -0.541542 -0.324629 0.530066
v -0.636785 -0.324629 0.414011
v -0.636785 -0.324629 0.414011
v -0.541542 -0.324629 0.530066
v -0.535594 -0.319661 0.524118
v -0.636785 -0.324629 0.414011
v -0.535594 -0.319661 0.524118
v -0.629792 -0.319661 0.409338
v -0.629792 -0.319661 0.409338
v -0.535594 -0.319661 0.524118
v -0.529068 -0.317917 0.517593
v -0.629792 -0.319661 0.409338
v -0.529068 -0.317917 0.517593
v -0.622118 -0.317917 0.404211
v -0.716397 -0.340833 0.285266
v -0.644740 -0.340833 0.419326
v -0.642035 -0.332063 0.417518
v -0.716397 -0.340833 0.285266
v -0.642035 -0.332063 0.417518
v -0.713391 -0.332063 0.284021
v -0.713391 -0.332063 0.284021
v -0.642035 -0.332063 0.417518
v -0.636785 -0.324629 0.414011
v -0.713391 -0.332063 0.284021
v -0.636785 -0.324629 0.414011
v -0.707558 -0.324629 0.281605
v -0.707558 -0.324629 0.281605
v -0.636785 -0.324629 0.414011
v -0.629792 -0.319661 0.409338
v -0.707558 -0.324629 0.281605
v -0.629792 -0.319661 0.409338
v -0.699787 -0.319661 0.278386
v -0.699787 -0.319661 0.278386
v -0.629792 -0.319661 0.409338
v -0.622118 -0.317917 0.404211
v -0.699787 -0.319661 0.278386
v -0.622118 -0.317917 0.404211
v -0.691261 -0.317917 0.274854
v -0.760523 -0.340833 0.139802
v -0.716397 -0.340833 0.285266
v -0.713391 -0.332063 0.284021
v -0.760523 -0.340833 0.139802
v -0.713391 -0.332063 0.284021
v -0.757331 -0.332063 0.139167
v -0.757331 -0.332063 0.139167
v -0.713391 -0.332063 0.284021
v -0.707558 -0.324629 0.281605
v -0.757331 -0.332063 0.139167
v -0.707558 -0.324629 0.281605
v -0.751139 -0.324629 0.137935
v -0.751139 -0.324629 0.137935
v -0.707558 -0.324629 0.281605
v -0.699787 -0.319661 0.278386
v -0.751139 -0.324629 0.137935
v -0.699787 -0.319661 0.278386
v -0.742890 -0.319661 0.136295
v -0.742890 -0.319661 0.136295
v -0.699787 -0.319661 0.278386
v -0.691261 -0.317917 0.274854
v -0.742890 -0.319661 0.136295
v -0.691261 -0.317917 0.274854
v -0.733839 -0.317917 0.134494
v -0.775422 -0.340833 -0.011476
v -0.760523 -0.340833 0.139802
v -0.757331 -0.332063 0.139167
v -0.775422 -0.340833 -0.011476
v -0.757331 -0.332063 0.139167
v -0.772168 -0.332063 -0.011476
v -0.772168 -0.332063 -0.011476
v -0.757331 -0.332063 0.139167
v -0.751139 -0.324629 0.137935
v -0.772168 -0.332063 -0.011476
v -0.751139 -0.324629 0.137935
v -0.765855 -0.324629 -0.011476
v -0.765855 -0.324629 -0.011476
v -0.751139 -0.324629 0.137935
v -0.742890 -0.319661 0.136295
v -0.765855 -0.324629 -0.011476
v -0.742890 -0.319661 0.136295
v -0.757444 -0.319661 -0.011476
v -0.757444 -0.319661 -0.011476
v -0.742890 -0.319661 0.136295
v -0.733839 -0.317917 0.134494
v -0.757444 -0.319661 -0.011476
v -0.733839 -0.317917 0.134494
v -0.748215 -0.317917 -0.011476
v -0.760523 -0.340833 -0.162753
v -0.775422 -0.340833 -0.011476
v -0.772168 -0.332063 -0.011476
v -0.760523 -0.340833 -0.162753
v -0.772168 -0.332063 -0.011476
v -0.757331 -0.332063 -0.162118
v -0.757331 -0.332063 -0.162118
v -0.772168 -0.332063 -0.011476
v -0.765855 -0.324629 -0.011476
v -0.757331 -0.332063 -0.162118
v -0.765855 -0.324629 -0.011476
v -0.751139 -0.324629 -0.160886
v -0.751139 -0.324629 -0.160886
v -0.765855 -0.324629 -0.011476
v -0.757444 -0.319661 -0.011476
v -0.751139 -0.324629 -0.160886
v -0.757444 -0.319661 -0.011476
v -0.742890 -0.319661 -0.159246
v -0.742890 -0.319661 -0.159246
v -0.757444 -0.319661 -0.011476
v -0.748215 -0.317917 -0.011476
v -0.742890 -0.319661 -0.159246
v -0.748215 -0.317917 -0.011476
v -0.733838 -0.317917 -0.157445
v -0.716397 -0.340833 -0.308217
v -0.760523 -0.340833 -0.162753
v -0.757331 -0.332063 -0.162118
v -0.716397 -0.340833 -0.308217
v -0.757331 -0.332063 -0.162118
v -0.713390 -0.332063 -0.306972
v -0.713390 -0.332063 -0.306972
v -0.757331 -0.332063 -0.162118
v -0.751139 -0.324629 -0.160886
v -0.713390 -0.332063 -0.306972
v -0.751139 -0.324629 -0.160886
v -0.707557 -0.324629 -0.304556
v -0.707557 -0.324629 -0.304556
v -0.751139 -0.324629 -0.160886
v -0.742890 -0.319661 -0.159246
v -0.707557 -0.324629 -0.304556
v -0.742890 -0.319661 -0.159246
v -0.699786 -0.319661 -0.301337
v -0.699786 -0.319661 -0.301337
v -0.742890 -0.319661 -0.159246
v -0.733838 -0.317917 -0.157445
v -0.699786 -0.319661 -0.301337
v -0.733838 -0.317917 -0.157445
v -0.691260 -0.317917 -0.297805
v -0.644740 -0.340833 -0.442277
v -0.716397 -0.340833 -0.308217
v -0.713390 -0.332063 -0.306972
v -0.644740 -0.340833 -0.442277
v -0.713390 -0.332063 -0.306972
v -0.642034 -0.332063 -0.440469
v -0.642034 -0.332063 -0.440469
v -0.713390 -0.332063 -0.306972
v -0.707557 -0.324629 -0.304556
v -0.642034 -0.332063 -0.440469
v -0.707557 -0.324629 -0.304556
v -0.636785 -0.324629 -0.436962
v -0.636785 -0.324629 -0.436962
v -0.707557 -0.324629 -0.304556
v -0.699786 -0.319661 -0.301337
v -0.636785 -0.324629 -0.436962
v -0.699786 -0.319661 -0.301337
v -0.629791 -0.319661 -0.432289
v -0.629791 -0.319661 -0.432289
v -0.699786 -0.319661 -0.301337
v -0.691260 -0.317917 -0.297805
v -0.629791 -0.319661 -0.432289
v -0.691260 -0.317917 -0.297805
v -0.622118 -0.317917 -0.427162
v -0.548306 -0.340833 -0.559782
v -0.644740 -0.340833 -0.442277
v -0.642034 -0.332063 -0.440469
v -0.548306 -0.340833 -0.559782
v -0.642034 -0.332063 -0.440469
v -0.546005 -0.332063 -0.557481
v -0.546005 -0.332063 -0.557481
v -0.642034 -0.332063 -0.440469
v -0.636785 -0.324629 -0.436962
v -0.546005 -0.332063 -0.557481
v -0.636785 -0.324629 -0.436962
v -0.541541 -0.324629 -0.553017
v -0.541541 -0.324629 -0.553017
v -0.636785 -0.324629 -0.436962
v -0.629791 -0.319661 -0.432289
v -0.541541 -0.324629 -0.553017
v -0.629791 -0.319661 -0.432289
v -0.535593 -0.319661 -0.547069
v -0.535593 -0.319661 -0.547069
v -0.629791 -0.319661 -0.432289
v -0.622118 -0.317917 -0.427162
v -0.535593 -0.319661 -0.547069
v -0.622118 -0.317917 -0.427162
v -0.529067 -0.317917 -0.540543
v -0.430801 -0.340833 -0.656215
v -0.548306 -0.340833 -0.559782
v -0.546005 -0.332063 -0.557481
v -0.430801 -0.340833 -0.656215
v -0.546005 -0.332063 -0.557481
v -0.428993 -0.332063 -0.653510
v -0.428993 -0.332063 -0.653510
v -0.546005 -0.332063 -0.557481
v -0.541541 -0.324629 -0.553017
v -0.428993 -0.332063 -0.653510
v -0.541541 -0.324629 -0.553017
v -0.425485 -0.324629 -0.648260
v -0.425485 -0.324629 -0.648260
v -0.541541 -0.324629 -0.553017
v -0.535593 -0.319661 -0.547069
v -0.425485 -0.324629 -0.648260
v -0.535593 -0.319661 -0.547069
v -0.420812 -0.319661 -0.641267
v -0.420812 -0.319661 -0.641267
v -0.535593 -0.319661 -0.547069
v -0.529067 -0.317917 -0.540543
v -0.420812 -0.319661 -0.641267
v -0.529067 -0.317917 -0.540543
v -0.415685 -0.317917 -0.633594
v -0.296740 -0.340833 -0.727872
v -0.430801 -0.340833 -0.656215
v -0.428993 -0.332063 -0.653510
v -0.296740 -0.340833 -0.727872
v -0.428993 -0.332063 -0.653510
v -0.295495 -0.332063 -0.724866
v -0.295495 -0.332063 -0.724866
v -0.428993 -0.332063 -0.653510
v -0.425485 -0.324629 -0.648260
v -0.295495 -0.332063 -0.724866
v -0.425485 -0.324629 -0.648260
v -0.293079 -0.324629 -0.719033
v -0.293079 -0.324629 -0.719033
v -0.425485 -0.324629 -0.648260
v -0.420812 -0.319661 -0.641267
v -0.293079 -0.324629 -0.719033
v -0.420812 -0.319661 -0.641267
v -0.289860 -0.319661 -0.711262
v -0.289860 -0.319661 -0.711262
v -0.420812 -0.319661 -0.641267
v -0.415685 -0.317917 -0.633594
v -0.289860 -0.319661 -0.711262
v -0.415685 -0.317917 -0.633594
v -0.286329 -0.317917 -0.702736
v -0.151276 -0.340833 -0.771998
v -0.296740 -0.340833 -0.727872
v -0.295495 -0.332063 -0.724866
v -0.151276 -0.340833 -0.771998
v -0.295495 -0.332063 -0.724866
v -0.150641 -0.332063 -0.768806
v -0.150641 -0.332063 -0.768806
v -0.295495 -0.332063 -0.724866
v -0.293079 -0.324629 -0.719033
v -0.150641 -0.332063 -0.768806
v -0.293079 -0.324629 -0.719033
v -0.149410 -0.324629 -0.762614
v -0.149410 -0.324629 -0.762614
v -0.293079 -0.324629 -0.719033
v -0.289860 -0.319661 -0.711262
v -0.149410 -0.324629 -0.762614
v -0.289860 -0.319661 -0.711262
v -0.147769 -0.319661 -0.754365
v -0.147769 -0.319661 -0.754365
v -0.289860 -0.319661 -0.711262
v -0.286329 -0.317917 -0.702736
v -0.147769 -0.319661 -0.754365
v -0.286329 -0.317917 -0.702736
v -0.145968 -0.317917 -0.745313
v -0.000000 -0.340833 -0.786897
v -0.151276 -0.340833 -0.771998
v -0.150641 -0.332063 -0.768806
v -0.000000 -0.340833 -0.786897
v -0.150641 -0.332063 -0.768806
v -0.000000 -0.332063 -0.783643
v -0.000000 -0.332063 -0.783643
v -0.150641 -0.332063 -0.768806
v -0.149410 -0.324629 -0.762614
v -0.000000 -0.332063 -0.783643
v -0.149410 -0.324629 -0.762614
v -0.000000 -0.324629 -0.777330
v -0.000000 -0.324629 -0.777330
v -0.149410 -0.324629 -0.762614
v -0.147769 -0.319661 -0.754365
v -0.000000 -0.324629 -0.777330
v -0.147769 -0.319661 -0.754365
v -0.000000 -0.319661 -0.768919
v -0.000000 -0.319661 -0.768919
v -0.147769 -0.319661 -0.754365
v -0.145968 -0.317917 -0.745313
v -0.000000 -0.319661 -0.768919
v -0.145968 -0.317917 -0.745313
v -0.000000 -0.317917 -0.759690
v 0.118866 -0.317917 -0.609053
v -0.000000 -0.317917 -0.620761
v -0.000000 -0.319460 -0.612968
v 0.118866 -0.317917 -0.609053
v -0.000000 -0.319460 -0.612968
v 0.117346 -0.319460 -0.601411
v 0.117346 -0.319460 -0.601411
v -0.000000 -0.319460 -0.612968
v -0.000000 -0.323852 -0.606362
v 0.117346 -0.319460 -0.601411
v -0.000000 -0.323852 -0.606362
v 0.116057 -0.323852 -0.594931
v 0.116057 -0.323852 -0.594931
v -0.000000 -0.323852 -0.606362
v -0.000000 -0.330427 -0.601948
v 0.116057 -0.323852 -0.594931
v -0.000000 -0.330427 -0.601948
v 0.115196 -0.330427 -0.590602
v 0.115196 -0.330427 -0.590602
v -0.000000 -0.330427 -0.601948
v -0.000000 -0.338182 -0.600398
v 0.115196 -0.330427 -0.590602
v -0.000000 -0.338182 -0.600398
v 0.114893 -0.338182 -0.589082
v 0.233164 -0.317917 -0.574381
v 0.118866 -0.317917 -0.609053
v 0.117346 -0.319460 -0.601411
v 0.233164 -0.317917 -0.574381
v 0.117346 -0.319460 -0.601411
v 0.230182 -0.319460 -0.567182
v 0.230182 -0.319460 -0.567182
v 0.117346 -0.319460 -0.601411
v 0.116057 -0.323852 -0.594931
v 0.230182 -0.319460 -0.567182
v 0.116057 -0.323852 -0.594931
v 0.227653 -0.323852 -0.561079
v 0.227653 -0.323852 -0.561079
v 0.116057 -0.323852 -0.594931
v 0.115196 -0.330427 -0.590602
v 0.227653 -0.323852 -0.561079
v 0.115196 -0.330427 -0.590602
v 0.225964 -0.330427 -0.557001
v 0.225964 -0.330427 -0.557001
v 0.115196 -0.330427 -0.590602
v 0.114893 -0.338182 -0.589082
v 0.225964 -0.330427 -0.557001
v 0.114893 -0.338182 -0.589082
v 0.225371 -0.338182 -0.555569
v 0.338501 -0.317917 -0.518077
v 0.233164 -0.317917 -0.574381
v 0.230182 -0.319460 -0.567182
v 0.338501 -0.317917 -0.518077
v 0.230182 -0.319460 -0.567182
v 0.334172 -0.319460 -0.511598
v 0.334172 -0.319460 -0.511598
v 0.230182 -0.319460 -0.567182
v 0.227653 -0.323852 -0.561079
v 0.334172 -0.319460 -0.511598
v 0.227653 -0.323852 -0.561079
v 0.330502 -0.323852 -0.506105
v 0.330502 -0.323852 -0.506105
v 0.227653 -0.323852 -0.561079
v 0.225964 -0.330427 -0.557001
v 0.330502 -0.323852 -0.506105
v 0.225964 -0.330427 -0.557001
v 0.328049 -0.330427 -0.502435
v 0.328049 -0.330427 -0.502435
v 0.225964 -0.330427 -0.557001
v 0.225371 -0.338182 -0.555569
v 0.328049 -0.330427 -0.502435
v 0.225371 -0.338182 -0.555569
v 0.327188 -0.338182 -0.501146
v 0.430830 -0.317917 -0.442305
v 0.338501 -0.317917 -0.518077
v 0.334172 -0.319460 -0.511598
v 0.430830 -0.317917 -0.442305
v 0.334172 -0.319460 -0.511598
v 0.425320 -0.319460 -0.436795
v 0.425320 -0.319460 -0.436795
v 0.334172 -0.319460 -0.511598
v 0.330502 -0.323852 -0.506105
v 0.425320 -0.319460 -0.436795
v 0.330502 -0.323852 -0.506105
v 0.420649 -0.323852 -0.432124
v 0.420649 -0.323852 -0.432124
v 0.330502 -0.323852 -0.506105
v 0.328049 -0.330427 -0.502435
v 0.420649 -0.323852 -0.432124
v 0.328049 -0.330427 -0.502435
v 0.417528 -0.330427 -0.429002
v 0.417528 -0.330427 -0.429002
v 0.328049 -0.330427 -0.502435
v 0.327188 -0.338182 -0.501146
v 0.417528 -0.330427 -0.429002
v 0.327188 -0.338182 -0.501146
v 0.416431 -0.338182 -0.427906
v 0.506603 -0.317917 -0.349976
v 0.430830 -0.317917 -0.442305
v 0.425320 -0.319460 -0.436795
v 0.506603 -0.317917 -0.349976
v 0.425320 -0.319460 -0.436795
v 0.500123 -0.319460 -0.345647
v 0.500123 -0.319460 -0.345647
v 0.425320 -0.319460 -0.436795
v 0.420649 -0.323852 -0.432124
v 0.500123 -0.319460 -0.345647
v 0.420649 -0.323852 -0.432124
v 0.494631 -0.323852 -0.341976
v 0.494631 -0.323852 -0.341976
v 0.420649 -0.323852 -0.432124
v 0.417528 -0.330427 -0.429002
v 0.494631 -0.323852 -0.341976
v 0.417528 -0.330427 -0.429002
v 0.490960 -0.330427 -0.339524
v 0.490960 -0.330427 -0.339524
v 0.417528 -0.330427 -0.429002
v 0.416431 -0.338182 -0.427906
v 0.490960 -0.330427 -0.339524
v 0.416431 -0.338182 -0.427906
v 0.489672 -0.338182 -0.338663
v 0.562907 -0.317917 -0.244638
v 0.506603 -0.317917 -0.349976
v 0.500123 -0.319460 -0.345647
v 0.562907 -0.317917 -0.244638
v 0.500123 -0.319460 -0.345647
v 0.555707 -0.319460 -0.241656
v 0.555707 -0.319460 -0.241656
v 0.500123 -0.319460 -0.345647
v 0.494631 -0.323852 -0.341976
v 0.555707 -0.319460 -0.241656
v 0.494631 -0.323852 -0.341976
v 0.549604 -0.323852 -0.239128
v 0.549604 -0.323852 -0.239128
v 0.494631 -0.323852 -0.341976
v 0.490960 -0.330427 -0.339524
v 0.549604 -0.323852 -0.239128
v 0.490960 -0.330427 -0.339524
v 0.545526 -0.330427 -0.237439
v 0.545526 -0.330427 -0.237439
v 0.490960 -0.330427 -0.339524
v 0.489672 -0.338182 -0.338663
v 0.545526 -0.330427 -0.237439
v 0.489672 -0.338182 -0.338663
v 0.544094 -0.338182 -0.236846
v 0.597578 -0.317917 -0.130341
v 0.562907 -0.317917 -0.244638
v 0.555707 -0.319460 -0.241656
v 0.597578 -0.317917 -0.130341
v 0.555707 -0.319460 -0.241656
v 0.589936 -0.319460 -0.128820
v 0.589936 -0.319460 -0.128820
v 0.555707 -0.319460 -0.241656
v 0.549604 -0.323852 -0.239128
v 0.589936 -0.319460 -0.128820
v 0.549604 -0.323852 -0.239128
v 0.583457 -0.323852 -0.127531
v 0.583457 -0.323852 -0.127531
v 0.549604 -0.323852 -0.239128
v 0.545526 -0.330427 -0.237439
v 0.583457 -0.323852 -0.127531
v 0.545526 -0.330427 -0.237439
v 0.579127 -0.330427 -0.126670
v 0.579127 -0.330427 -0.126670
v 0.545526 -0.330427 -0.237439
v 0.544094 -0.338182 -0.236846
v 0.579127 -0.330427 -0.126670
v 0.544094 -0.338182 -0.236846
v 0.577607 -0.338182 -0.126368
v 0.609286 -0.317917 -0.011475
v 0.597578 -0.317917 -0.130341
v 0.589936 -0.319460 -0.128820
v 0.609286 -0.317917 -0.011475
v 0.589936 -0.319460 -0.128820
v 0.601493 -0.319459 -0.011475
v 0.601493 -0.319459 -0.011475
v 0.589936 -0.319460 -0.128820
v 0.583457 -0.323852 -0.127531
v 0.601493 -0.319459 -0.011475
v 0.583457 -0.323852 -0.127531
v 0.594887 -0.323852 -0.011475
v 0.594887 -0.323852 -0.011475
v 0.583457 -0.323852 -0.127531
v 0.579127 -0.330427 -0.126670
v 0.594887 -0.323852 -0.011475
v 0.579127 -0.330427 -0.126670
v 0.590473 -0.330427 -0.011475
v 0.590473 -0.330427 -0.011475
v 0.579127 -0.330427 -0.126670
v 0.577607 -0.338182 -0.126368
v 0.590473 -0.330427 -0.011475
v 0.577607 -0.338182 -0.126368
v 0.588923 -0.338182 -0.011475
v 0.597579 -0.317917 0.107391
v 0.609286 -0.317917 -0.011475
v 0.601493 -0.319459 -0.011475
v 0.597579 -0.317917 0.107391
v 0.601493 -0.319459 -0.011475
v 0.589936 -0.319459 0.105871
v 0.589936 -0.319459 0.105871
v 0.601493 -0.319459 -0.011475
v 0.594887 -0.323852 -0.011475
v 0.589936 -0.319459 0.105871
v 0.594887 -0.323852 -0.011475
v 0.583457 -0.323852 0.104582
v 0.583457 -0.323852 0.104582
v 0.594887 -0.323852 -0.011475
v 0.590473 -0.330427 -0.011475
v 0.583457 -0.323852 0.104582
v 0.590473 -0.330427 -0.011475
v 0.579127 -0.330427 0.103721
v 0.579127 -0.330427 0.103721
v 0.590473 -0.330427 -0.011475
v 0.588923 -0.338182 -0.011475
v 0.579127 -0.330427 0.103721
v 0.588923 -0.338182 -0.011475
v 0.577607 -0.338182 0.103418
v 0.562907 -0.317917 0.221689
v 0.597579 -0.317917 0.107391
v 0.589936 -0.319459 0.105871
v 0.562907 -0.317917 0.221689
v 0.589936 -0.319459 0.105871
v 0.555707 -0.319459 0.218707
v 0.555707 -0.319459 0.218707
v 0.589936 -0.319459 0.105871
v 0.583457 -0.323852 0.104582
v 0.555707 -0.319459 0.218707
v 0.583457 -0.323852 0.104582
v 0.549604 -0.323852 0.216179
v 0.549604 -0.323852 0.216179
v 0.583457 -0.323852 0.104582
v 0.579127 -0.330427 0.103721
v 0.549604 -0.323852 0.216179
v 0.579127 -0.330427 0.103721
v 0.545526 -0.330427 0.214489
v 0.545526 -0.330427 0.214489
v 0.579127 -0.330427 0.103721
v 0.577607 -0.338182 0.103418
v 0.545526 -0.330427 0.214489
v 0.577607 -0.338182 0.103418
v 0.544094 -0.338182 0.213896
v 0.506603 -0.317917 0.327026
v 0.562907 -0.317917 0.221689
v 0.555707 -0.319459 0.218707
v 0.506603 -0.317917 0.327026
v 0.555707 -0.319459 0.218707
v 0.500123 -0.319459 0.322697
v 0.500123 -0.319459 0.322697
v 0.555707 -0.319459 0.218707
v 0.549604 -0.323852 0.216179
v 0.500123 -0.319459 0.322697
v 0.549604 -0.323852 0.216179
v 0.494631 -0.323852 0.319027
v 0.494631 -0.323852 0.319027
v 0.549604 -0.323852 0.216179
v 0.545526 -0.330427 0.214489
v 0.494631 -0.323852 0.319027
v 0.545526 -0.330427 0.214489
v 0.490960 -0.330427 0.316574
v 0.490960 -0.330427 0.316574
v 0.545526 -0.330427 0.214489
v 0.544094 -0.338182 0.213896
v 0.490960 -0.330427 0.316574
v 0.544094 -0.338182 0.213896
v 0.489672 -0.338182 0.315713
v 0.430830 -0.317917 0.419355
v 0.506603 -0.317917 0.327026
v 0.500123 -0.319459 0.322697
v 0.430830 -0.317917 0.419355
v 0.500123 -0.319459 0.322697
v 0.425320 -0.319459 0.413845
v 0.425320 -0.319459 0.413845
v 0.500123 -0.319459 0.322697
v 0.494631 -0.323852 0.319027
v 0.425320 -0.319459 0.413845
v 0.494631 -0.323852 0.319027
v 0.420649 -0.323852 0.409174
v 0.420649 -0.323852 0.409174
v 0.494631 -0.323852 0.319027
v 0.490960 -0.330427 0.316574
v 0.420649 -0.323852 0.409174
v 0.490960 -0.330427 0.316574
v 0.417528 -0.330427 0.406053
v 0.417528 -0.330427 0.406053
v 0.490960 -0.330427 0.316574
v 0.489672 -0.338182 0.315713
v 0.417528 -0.330427 0.406053
v 0.489672 -0.338182 0.315713
v 0.416431 -0.338182 0.404957
v 0.338501 -0.317917 0.495128
v 0.430830 -0.317917 0.419355
v 0.425320 -0.319459 0.413845
v 0.338501 -0.317917 0.495128
v 0.425320 -0.319459 0.413845
v 0.334172 -0.319459 0.488649
v 0.334172 -0.319459 0.488649
v 0.425320 -0.319459 0.413845
v 0.420649 -0.323852 0.409174
v 0.334172 -0.319459 0.488649
v 0.420649 -0.323852 0.409174
v 0.330502 -0.323852 0.483156
v 0.330502 -0.323852 0.483156
v 0.420649 -0.323852 0.409174
v 0.417528 -0.330427 0.406053
v 0.330502 -0.323852 0.483156
v 0.417528 -0.330427 0.406053
v 0.328049 -0.330427 0.479486
v 0.328049 -0.330427 0.479486
v 0.417528 -0.330427 0.406053
v 0.416431 -0.338182 0.404957
v 0.328049 -0.330427 0.479486
v 0.416431 -0.338182 0.404957
v 0.327188 -0.338181 0.478197
v 0.233163 -0.317917 0.551432
v 0.338501 -0.317917 0.495128
v 0.334172 -0.319459 0.488649
v 0.233163 -0.317917 0.551432
v 0.334172 -0.319459 0.488649
v 0.230181 -0.319459 0.544233
v 0.230181 -0.319459 0.544233
v 0.334172 -0.319459 0.488649
v 0.330502 -0.323852 0.483156
v 0.230181 -0.319459 0.544233
v 0.330502 -0.323852 0.483156
v 0.227653 -0.323852 0.538129
v 0.227653 -0.323852 0.538129
v 0.330502 -0.323852 0.483156
v 0.328049 -0.330427 0.479486
v 0.227653 -0.323852 0.538129
v 0.328049 -0.330427 0.479486
v 0.225964 -0.330427 0.534051
v 0.225964 -0.330427 0.534051
v 0.328049 -0.330427 0.479486
v 0.327188 -0.338181 0.478197
v 0.225964 -0.330427 0.534051
v 0.327188 -0.338181 0.478197
v 0.225371 -0.338181 0.532619
v 0.118866 -0.317917 0.586104
v 0.233163 -0.317917 0.551432
v 0.230181 -0.319459 0.544233
v 0.118866 -0.317917 0.586104
v 0.230181 -0.319459 0.544233
v 0.117345 -0.319459 0.578461
v 0.117345 -0.319459 0.578461
v 0.230181 -0.319459 0.544233
v 0.227653 -0.323852 0.538129
v 0.117345 -0.319459 0.578461
v 0.227653 -0.323852 0.538129
v 0.116057 -0.323852 0.571982
v 0.116057 -0.323852 0.571982
v 0.227653 -0.323852 0.538129
v 0.225964 -0.330427 0.534051
v 0.116057 -0.323852 0.571982
v 0.225964 -0.330427 0.534051
v 0.115195 -0.330427 0.567653
v 0.115195 -0.330427 0.567653
v 0.225964 -0.330427 0.534051
v 0.225371 -0.338181 0.532619
v 0.115195 -0.330427 0.567653
v 0.225371 -0.338181 0.532619
v 0.114893 -0.338181 0.566132
v -0.000000 -0.317917 0.597811
v 0.118866 -0.317917 0.586104
v 0.117345 -0.319459 0.578461
v -0.000000 -0.317917 0.597811
v 0.117345 -0.319459 0.578461
v -0.000000 -0.319459 0.590019
v -0.000000 -0.319459 0.590019
v 0.117345 -0.319459 0.578461
v 0.116057 -0.323852 0.571982
v -0.000000 -0.319459 0.590019
v 0.116057 -0.323852 0.571982
v -0.000000 -0.323852 0.583412
v -0.000000 -0.323852 0.583412
v 0.116057 -0.323852 0.571982
v 0.115195 -0.330427 0.567653
v -0.000000 -0.323852 0.583412
v 0.115195 -0.330427 0.567653
v -0.000000 -0.330427 0.578998
v -0.000000 -0.330427 0.578998
v 0.115195 -0.330427 0.567653
v 0.114893 -0.338181 0.566132
v -0.000000 -0.330427 0.578998
v 0.114893 -0.338181 0.566132
v -0.000000 -0.338181 0.577448
v -0.118866 -0.317917 0.586104
v -0.000000 -0.317917 0.597811
v -0.000000 -0.319459 0.590019
v -0.118866 -0.317917 0.586104
v -0.000000 -0.319459 0.590019
v -0.117346 -0.319459 0.578461
v -0.117346 -0.319459 0.578461
v -0.000000 -0.319459 0.590019
v -0.000000 -0.323852 0.583412
v -0.117346 -0.319459 0.578461
v -0.000000 -0.323852 0.583412
v -0.116057 -0.323852 0.571982
v -0.116057 -0.323852 0.571982
v -0.000000 -0.323852 0.583412
v -0.000000 -0.330427 0.578998
v -0.116057 -0.323852 0.571982
v -0.000000 -0.330427 0.578998
v -0.115196 -0.330427 0.567652
v -0.115196 -0.330427 0.567652
v -0.000000 -0.330427 0.578998
v -0.000000 -0.338181 0.577448
v -0.115196 -0.330427 0.567652
v -0.000000 -0.338181 0.577448
v -0.114893 -0.338181 0.566132
v -0.233164 -0.317917 0.551432
v -0.118866 -0.317917 0.586104
v -0.117346 -0.319459 0.578461
v -0.233164 -0.317917 0.551432
v -0.117346 -0.319459 0.578461
v -0.230182 -0.319459 0.544232
v -0.230182 -0.319459 0.544232
v -0.117346 -0.319459 0.578461
v -0.116057 -0.323852 0.571982
v -0.230182 -0.319459 0.544232
v -0.116057 -0.323852 0.571982
v -0.227654 -0.323852 0.538129
v -0.227654 -0.323852 0.538129
v -0.116057 -0.323852 0.571982
v -0.115196 -0.330427 0.567652
v -0.227654 -0.323852 0.538129
v -0.115196 -0.330427 0.567652
v -0.225964 -0.330427 0.534051
v -0.225964 -0.330427 0.534051
v -0.115196 -0.330427 0.567652
v -0.114893 -0.338181 0.566132
v -0.225964 -0.330427 0.534051
v -0.114893 -0.338181 0.566132
v -0.225371 -0.338181 0.532619
v -0.338501 -0.317917 0.495128
v -0.233164 -0.317917 0.551432
v -0.230182 -0.319459 0.544232
v -0.338501 -0.317917 0.495128
v -0.230182 -0.319459 0.544232
v -0.334172 -0.319459 0.488648
v -0.334172 -0.319459 0.488648
v -0.230182 -0.319459 0.544232
v -0.227654 -0.323852 0.538129
v -0.334172 -0.319459 0.488648
v -0.227654 -0.323852 0.538129
v -0.330502 -0.323852 0.483156
v -0.330502 -0.323852 0.483156
v -0.227654 -0.323852 0.538129
v -0.225964 -0.330427 0.534051
v -0.330502 -0.323852 0.483156
v -0.225964 -0.330427 0.534051
v -0.328050 -0.330427 0.479485
v -0.328050 -0.330427 0.479485
v -0.225964 -0.330427 0.534051
v -0.225371 -0.338181 0.532619
v -0.328050 -0.330427 0.479485
v -0.225371 -0.338181 0.532619
v -0.327188 -0.338181 0.478197
v -0.430830 -0.317917 0.419355
v -0.338501 -0.317917 0.495128
v -0.334172 -0.319459 0.488648
v -0.430830 -0.317917 0.419355
v -0.334172 -0.319459 0.488648
v -0.425320 -0.319459 0.413845
v -0.425320 -0.319459 0.413845
v -0.334172 -0.319459 0.488648
v -0.330502 -0.323852 0.483156
v -0.425320 -0.319459 0.413845
v -0.330502 -0.323852 0.483156
v -0.420649 -0.323852 0.409174
v -0.420649 -0.323852 0.409174
v -0.330502 -0.323852 0.483156
v -0.328050 -0.330427 0.479485
v -0.420649 -0.323852 0.409174
v -0.328050 -0.330427 0.479485
v -0.417528 -0.330427 0.406053
v -0.417528 -0.330427 0.406053
v -0.328050 -0.330427 0.479485
v -0.327188 -0.338181 0.478197
v -0.417528 -0.330427 0.406053
v -0.327188 -0.338181 0.478197
v -0.416432 -0.338182 0.404956
v -0.506603 -0.317917 0.327026
v -0.430830 -0.317917 0.419355
v -0.425320 -0.319459 0.413845
v -0.506603 -0.317917 0.327026
v -0.425320 -0.319459 0.413845
v -0.500124 -0.319459 0.322697
v -0.500124 -0.319459 0.322697
v -0.425320 -0.319459 0.413845
v -0.420649 -0.323852 0.409174
v -0.500124 -0.319459 0.322697
v -0.420649 -0.323852 0.409174
v -0.494631 -0.323852 0.319026
v -0.494631 -0.323852 0.319026
v -0.420649 -0.323852 0.409174
v -0.417528 -0.330427 0.406053
v -0.494631 -0.323852 0.319026
v -0.417528 -0.330427 0.406053
v -0.490961 -0.330427 0.316574
v -0.490961 -0.330427 0.316574
v -0.417528 -0.330427 0.406053
v -0.416432 -0.338182 0.404956
v -0.490961 -0.330427 0.316574
v -0.416432 -0.338182 0.404956
v -0.489672 -0.338182 0.315713
v -0.562907 -0.317917 0.221688
v -0.506603 -0.317917 0.327026
v -0.500124 -0.319459 0.322697
v -0.562907 -0.317917 0.221688
v -0.500124 -0.319459 0.322697
v -0.555707 -0.319459 0.218706
v -0.555707 -0.319459 0.218706
v -0.500124 -0.319459 0.322697
v -0.494631 -0.323852 0.319026
v -0.555707 -0.319459 0.218706
v -0.494631 -0.323852 0.319026
v -0.549604 -0.323852 0.216178
v -0.549604 -0.323852 0.216178
v -0.494631 -0.323852 0.319026
v -0.490961 -0.330427 0.316574
v -0.549604 -0.323852 0.216178
v -0.490961 -0.330427 0.316574
v -0.545526 -0.330427 0.214489
v -0.545526 -0.330427 0.214489
v -0.490961 -0.330427 0.316574
v -0.489672 -0.338182 0.315713
v -0.545526 -0.330427 0.214489
v -0.489672 -0.338182 0.315713
v -0.544094 -0.338182 0.213896
v -0.597579 -0.317917 0.107390
v -0.562907 -0.317917 0.221688
v -0.555707 -0.319459 0.218706
v -0.597579 -0.317917 0.107390
v -0.555707 -0.319459 0.218706
v -0.589936 -0.319459 0.105870
v -0.589936 -0.319459 0.105870
v -0.555707 -0.319459 0.218706
v -0.549604 -0.323852 0.216178
v -0.589936 -0.319459 0.105870
v -0.549604 -0.323852 0.216178
v -0.583457 -0.323852 0.104581
v -0.583457 -0.323852 0.104581
v -0.549604 -0.323852 0.216178
v -0.545526 -0.330427 0.214489
v -0.583457 -0.323852 0.104581
v -0.545526 -0.330427 0.214489
v -0.579127 -0.330427 0.103720
v -0.579127 -0.330427 0.103720
v -0.545526 -0.330427 0.214489
v -0.544094 -0.338182 0.213896
v -0.579127 -0.330427 0.103720
v -0.544094 -0.338182 0.213896
v -0.577607 -0.338182 0.103418
v -0.609286 -0.317917 -0.011475
v -0.597579 -0.317917 0.107390
v -0.589936 -0.319459 0.105870
v -0.609286 -0.317917 -0.011475
v -0.589936 -0.319459 0.105870
v -0.601493 -0.319459 -0.011475
v -0.601493 -0.319459 -0.011475
v -0.589936 -0.319459 0.105870
v -0.583457 -0.323852 0.104581
v -0.601493 -0.319459 -0.011475
v -0.583457 -0.323852 0.104581
v -0.594887 -0.323852 -0.011475
v -0.594887 -0.323852 -0.011475
v -0.583457 -0.323852 0.104581
v -0.579127 -0.330427 0.103720
v -0.594887 -0.323852 -0.011475
v -0.579127 -0.330427 0.103720
v -0.590473 -0.330427 -0.011475
v -0.590473 -0.330427 -0.011475
v -0.579127 -0.330427 0.103720
v -0.577607 -0.338182 0.103418
v -0.590473 -0.330427 -0.011475
v -0.577607 -0.338182 0.103418
v -0.588923 -0.338182 -0.011475
v -0.597578 -0.317917 -0.130341
v -0.609286 -0.317917 -0.011475
v -0.601493 -0.319459 -0.011475
v -0.597578 -0.317917 -0.130341
v -0.601493 -0.319459 -0.011475
v -0.589936 -0.319460 -0.128821
v -0.589936 -0.319460 -0.128821
v -0.601493 -0.319459 -0.011475
v -0.594887 -0.323852 -0.011475
v -0.589936 -0.319460 -0.128821
v -0.594887 -0.323852 -0.011475
v -0.583456 -0.323852 -0.127532
v -0.583456 -0.323852 -0.127532
v -0.594887 -0.323852 -0.011475
v -0.590473 -0.330427 -0.011475
v -0.583456 -0.323852 -0.127532
v -0.590473 -0.330427 -0.011475
v -0.579127 -0.330427 -0.126671
v -0.579127 -0.330427 -0.126671
v -0.590473 -0.330427 -0.011475
v -0.588923 -0.338182 -0.011475
v -0.579127 -0.330427 -0.126671
v -0.588923 -0.338182 -0.011475
v -0.577607 -0.338182 -0.126369
v -0.562906 -0.317917 -0.244639
v -0.597578 -0.317917 -0.130341
v -0.589936 -0.319460 -0.128821
v -0.562906 -0.317917 -0.244639
v -0.589936 -0.319460 -0.128821
v -0.555707 -0.319460 -0.241657
v -0.555707 -0.319460 -0.241657
v -0.589936 -0.319460 -0.128821
v -0.583456 -0.323852 -0.127532
v -0.555707 -0.319460 -0.241657
v -0.583456 -0.323852 -0.127532
v -0.549604 -0.323852 -0.239129
v -0.549604 -0.323852 -0.239129
v -0.583456 -0.323852 -0.127532
v -0.579127 -0.330427 -0.126671
v -0.549604 -0.323852 -0.239129
v -0.579127 -0.330427 -0.126671
v -0.545526 -0.330427 -0.237440
v -0.545526 -0.330427 -0.237440
v -0.579127 -0.330427 -0.126671
v -0.577607 -0.338182 -0.126369
v -0.545526 -0.330427 -0.237440
v -0.577607 -0.338182 -0.126369
v -0.544094 -0.338182 -0.236846
v -0.506602 -0.317917 -0.349976
v -0.562906 -0.317917 -0.244639
v -0.555707 -0.319460 -0.241657
v -0.506602 -0.317917 -0.349976
v -0.555707 -0.319460 -0.241657
v -0.500123 -0.319460 -0.345647
v -0.500123 -0.319460 -0.345647
v -0.555707 -0.319460 -0.241657
v -0.549604 -0.323852 -0.239129
v -0.500123 -0.319460 -0.345647
v -0.549604 -0.323852 -0.239129
v -0.494630 -0.323852 -0.341977
v -0.494630 -0.323852 -0.341977
v -0.549604 -0.323852 -0.239129
v -0.545526 -0.330427 -0.237440
v -0.494630 -0.323852 -0.341977
v -0.545526 -0.330427 -0.237440
v -0.490960 -0.330427 -0.339525
v -0.490960 -0.330427 -0.339525
v -0.545526 -0.330427 -0.237440
v -0.544094 -0.338182 -0.236846
v -0.490960 -0.330427 -0.339525
v -0.544094 -0.338182 -0.236846
v -0.489671 -0.338182 -0.338664
v -0.430830 -0.317917 -0.442306
v -0.506602 -0.317917 -0.349976
v -0.500123 -0.319460 -0.345647
v -0.430830 -0.317917 -0.442306
v -0.500123 -0.319460 -0.345647
v -0.425319 -0.319460 -0.436795
v -0.425319 -0.319460 -0.436795
v -0.500123 -0.319460 -0.345647
v -0.494630 -0.323852 -0.341977
v -0.425319 -0.319460 -0.436795
v -0.494630 -0.323852 -0.341977
v -0.420648 -0.323852 -0.432124
v -0.420648 -0.323852 -0.432124
v -0.494630 -0.323852 -0.341977
v -0.490960 -0.330427 -0.339525
v -0.420648 -0.323852 -0.432124
v -0.490960 -0.330427 -0.339525
v -0.417527 -0.330427 -0.429003
v -0.417527 -0.330427 -0.429003
v -0.490960 -0.330427 -0.339525
v -0.489671 -0.338182 -0.338664
v -0.417527 -0.330427 -0.429003
v -0.489671 -0.338182 -0.338664
v -0.416431 -0.338182 -0.427907
v -0.338500 -0.317917 -0.518078
v -0.430830 -0.317917 -0.442306
v -0.425319 -0.319460 -0.436795
v -0.338500 -0.317917 -0.518078
v -0.425319 -0.319460 -0.436795
v -0.334171 -0.319460 -0.511599
v -0.334171 -0.319460 -0.511599
v -0.425319 -0.319460 -0.436795
v -0.420648 -0.323852 -0.432124
v -0.334171 -0.319460 -0.511599
v -0.420648 -0.323852 -0.432124
v -0.330501 -0.323852 -0.506106
v -0.330501 -0.323852 -0.506106
v -0.420648 -0.323852 -0.432124
v -0.417527 -0.330427 -0.429003
v -0.330501 -0.323852 -0.506106
v -0.417527 -0.330427 -0.429003
v -0.328049 -0.330427 -0.502436
v -0.328049 -0.330427 -0.502436
v -0.417527 -0.330427 -0.429003
v -0.416431 -0.338182 -0.427907
v -0.328049 -0.330427 -0.502436
v -0.416431 -0.338182 -0.427907
v -0.327187 -0.338182 -0.501147
v -0.233163 -0.317917 -0.574382
v -0.338500 -0.317917 -0.518078
v -0.334171 -0.319460 -0.511599
v -0.233163 -0.317917 -0.574382
v -0.334171 -0.319460 -0.511599
v -0.230181 -0.319460 -0.567183
v -0.230181 -0.319460 -0.567183
v -0.334171 -0.319460 -0.511599
v -0.330501 -0.323852 -0.506106
v -0.230181 -0.319460 -0.567183
v -0.330501 -0.323852 -0.506106
v -0.227653 -0.323852 -0.561079
v -0.227653 -0.323852 -0.561079
v -0.330501 -0.323852 -0.506106
v -0.328049 -0.330427 -0.502436
v -0.227653 -0.323852 -0.561079
v -0.328049 -0.330427 -0.502436
v -0.225963 -0.330427 -0.557001
v -0.225963 -0.330427 -0.557001
v -0.328049 -0.330427 -0.502436
v -0.327187 -0.338182 -0.501147
v -0.225963 -0.330427 -0.557001
v -0.327187 -0.338182 -0.501147
v -0.225370 -0.338182 -0.555569
v -0.118865 -0.317917 -0.609054
v -0.233163 -0.317917 -0.574382
v -0.230181 -0.319460 -0.567183
v -0.118865 -0.317917 -0.609054
v -0.230181 -0.319460 -0.567183
v -0.117345 -0.319460 -0.601411
v -0.117345 -0.319460 -0.601411
v -0.230181 -0.319460 -0.567183
v -0.227653 -0.323852 -0.561079
v -0.117345 -0.319460 -0.601411
v -0.227653 -0.323852 -0.561079
v -0.116056 -0.323852 -0.594931
v -0.116056 -0.323852 -0.594931
v -0.227653 -0.323852 -0.561079
v -0.225963 -0.330427 -0.557001
v -0.116056 -0.323852 -0.594931
v -0.225963 -0.330427 -0.557001
v -0.115195 -0.330427 -0.590602
v -0.115195 -0.330427 -0.590602
v -0.225963 -0.330427 -0.557001
v -0.225370 -0.338182 -0.555569
v -0.115195 -0.330427 -0.590602
v -0.225370 -0.338182 -0.555569
v -0.114892 -0.338182 -0.589082
v -0.000000 -0.317917 -0.620761
v -0.118865 -0.317917 -0.609054
v -0.117345 -0.319460 -0.601411
v -0.000000 -0.317917 -0.620761
v -0.117345 -0.319460 -0.601411
v -0.000000 -0.319460 -0.612968
v -0.000000 -0.319460 -0.612968
v -0.117345 -0.319460 -0.601411
v -0.116056 -0.323852 -0.594931
v -0.000000 -0.319460 -0.612968
v -0.116056 -0.323852 -0.594931
v -0.000000 -0.323852 -0.606362
v -0.000000 -0.323852 -0.606362
v -0.116056 -0.323852 -0.594931
v -0.115195 -0.330427 -0.590602
v -0.000000 -0.323852 -0.606362
v -0.115195 -0.330427 -0.590602
v -0.000000 -0.330427 -0.601948
v -0.000000 -0.330427 -0.601948
v -0.115195 -0.330427 -0.590602
v -0.114892 -0.338182 -0.589082
v -0.000000 -0.330427 -0.601948
v -0.114892 -0.338182 -0.589082
v -0.000000 -0.338182 -0.600398
v -0.000000 -0.317917 -0.620761
v 0.118866 -0.317917 -0.609053
v 0.145970 -0.317917 -0.745313
v -0.000000 -0.317917 -0.620761
v 0.145970 -0.317917 -0.745313
v -0.000000 -0.317917 -0.759690
v 0.327188 -0.338182 -0.501146
v 0.225371 -0.338182 -0.555569
v 0.225371 -0.625678 -0.555569
v 0.327188 -0.338182 -0.501146
v 0.225371 -0.625678 -0.555569
v 0.327188 -0.625678 -0.501146
v 0.489672 -0.338182 -0.338663
v 0.416431 -0.338182 -0.427906
v 0.416431 -0.625678 -0.427906
v 0.489672 -0.338182 -0.338663
v 0.416431 -0.625678 -0.427906
v 0.489672 -0.625678 -0.338663
v 0.544094 -0.338182 -0.236846
v 0.489672 -0.338182 -0.338663
v 0.489672 -0.625678 -0.338663
v 0.544094 -0.338182 -0.236846
v 0.489672 -0.625678 -0.338663
v 0.544094 -0.625678 -0.236846
v 0.577607 -0.338182 -0.126368
v 0.544094 -0.338182 -0.236846
v 0.544094 -0.625678 -0.236846
v 0.577607 -0.338182 -0.126368
v 0.544094 -0.625678 -0.236846
v 0.577607 -0.625678 -0.126368
v 0.588923 -0.338182 -0.011475
v 0.577607 -0.338182 -0.126368
v 0.577607 -0.625678 -0.126368
v 0.588923 -0.338182 -0.011475
v 0.577607 -0.625678 -0.126368
v 0.588923 -0.625678 -0.011475
v 0.577607 -0.338182 0.103418
v 0.588923 -0.338182 -0.011475
v 0.588923 -0.625678 -0.011475
v 0.577607 -0.338182 0.103418
v 0.588923 -0.625678 -0.011475
v 0.577607 -0.625678 0.103418
v 0.544094 -0.338182 0.213896
v 0.577607 -0.338182 0.103418
v 0.577607 -0.625678 0.103418
v 0.544094 -0.338182 0.213896
v 0.577607 -0.625678 0.103418
v 0.544094 -0.625678 0.213896
v 0.489672 -0.338182 0.315713
v 0.544094 -0.338182 0.213896
v 0.544094 -0.625678 0.213896
v 0.489672 -0.338182 0.315713
v 0.544094 -0.625678 0.213896
v 0.489672 -0.625678 0.315713
v 0.416431 -0.338182 0.404957
v 0.489672 -0.338182 0.315713
v 0.489672 -0.625678 0.315713
v 0.416431 -0.338182 0.404957
v 0.489672 -0.625678 0.315713
v 0.416431 -0.625678 0.404957
v 0.327188 -0.338181 0.478197
v 0.416431 -0.338182 0.404957
v 0.416431 -0.625678 0.404957
v 0.327188 -0.338181 0.478197
v 0.416431 -0.625678 0.404957
v 0.327188 -0.625678 0.478197
v 0.225371 -0.338181 0.532619
v 0.327188 -0.338181 0.478197
v 0.327188 -0.625678 0.478197
v 0.225371 -0.338181 0.532619
v 0.327188 -0.625678 0.478197
v 0.225371 -0.625678 0.532619
v 0.114893 -0.338181 0.566132
v 0.225371 -0.338181 0.532619
v 0.225371 -0.625678 0.532619
v 0.114893 -0.338181 0.566132
v 0.225371 -0.625678 0.532619
v 0.114893 -0.625678 0.566132
v -0.000000 -0.338181 0.577448
v 0.114893 -0.338181 0.566132
v 0.114893 -0.625678 0.566132
v -0.000000 -0.338181 0.577448
v 0.114893 -0.625678 0.566132
v -0.000000 -0.625678 0.577448
v -0.114893 -0.338181 0.566132
v -0.000000 -0.338181 0.577448
v -0.000000 -0.625678 0.577448
v -0.114893 -0.338181 0.566132
v -0.000000 -0.625678 0.577448
v -0.114893 -0.625678 0.566132
v -0.225371 -0.338181 0.532619
v -0.114893 -0.338181 0.566132
v -0.114893 -0.625678 0.566132
v -0.225371 -0.338181 0.532619
v -0.114893 -0.625678 0.566132
v -0.225371 -0.625678 0.532619
v -0.327188 -0.338181 0.478197
v -0.225371 -0.338181 0.532619
v -0.225371 -0.625678 0.532619
v -0.327188 -0.338181 0.478197
v -0.225371 -0.625678 0.532619
v -0.327188 -0.625678 0.478197
v -0.416432 -0.338182 0.404956
v -0.327188 -0.338181 0.478197
v -0.327188 -0.625678 0.478197
v -0.416432 -0.338182 0.404956
v -0.327188 -0.625678 0.478197
v -0.416432 -0.625678 0.404956
v -0.489672 -0.338182 0.315713
v -0.416432 -0.338182 0.404956
v -0.416432 -0.625678 0.404956
v -0.489672 -0.338182 0.315713
v -0.416432 -0.625678 0.404956
v -0.489672 -0.625678 0.315713
v -0.544094 -0.338182 0.213896
v -0.489672 -0.338182 0.315713
v -0.489672 -0.625678 0.315713
v -0.544094 -0.338182 0.213896
v -0.489672 -0.625678 0.315713
v -0.544094 -0.625678 0.213896
v -0.577607 -0.338182 0.103418
v -0.544094 -0.338182 0.213896
v -0.544094 -0.625678 0.213896
v -0.577607 -0.338182 0.103418
v -0.544094 -0.625678 0.213896
v -0.577607 -0.625678 0.103418
v -0.588923 -0.338182 -0.011475
v -0.577607 -0.338182 0.103418
v -0.577607 -0.625678 0.103418
v -0.588923 -0.338182 -0.011475
v -0.577607 -0.625678 0.103418
v -0.588923 -0.625678 -0.011475
v -0.577607 -0.338182 -0.126369
v -0.588923 -0.338182 -0.011475
v -0.588923 -0.625678 -0.011475
v -0.577607 -0.338182 -0.126369
v -0.588923 -0.625678 -0.011475
v -0.577607 -0.625678 -0.126369
v -0.544094 -0.338182 -0.236846
v -0.577607 -0.338182 -0.126369
v -0.577607 -0.625678 -0.126369
v -0.544094 -0.338182 -0.236846
v -0.577607 -0.625678 -0.126369
v -0.544094 -0.625678 -0.236846
v -0.489671 -0.338182 -0.338664
v -0.544094 -0.338182 -0.236846
v -0.544094 -0.625678 -0.236846
v -0.489671 -0.338182 -0.338664
v -0.544094 -0.625678 -0.236846
v -0.489671 -0.625678 -0.338663
v -0.416431 -0.338182 -0.427907
v -0.489671 -0.338182 -0.338664
v -0.489671 -0.625678 -0.338663
v -0.416431 -0.338182 -0.427907
v -0.489671 -0.625678 -0.338663
v -0.416431 -0.625678 -0.427907
v -0.327187 -0.338182 -0.501147
v -0.416431 -0.338182 -0.427907
v -0.416431 -0.625678 -0.427907
v -0.327187 -0.338182 -0.501147
v -0.416431 -0.625678 -0.427907
v -0.327187 -0.625678 -0.501147
v -0.225370 -0.338182 -0.555569
v -0.327187 -0.338182 -0.501147
v -0.327187 -0.625678 -0.501147
v -0.225370 -0.338182 -0.555569
v -0.327187 -0.625678 -0.501147
v -0.225370 -0.625678 -0.555569
v -0.114892 -0.338182 -0.589082
v -0.225370 -0.338182 -0.555569
v -0.225370 -0.625678 -0.555569
v -0.114892 -0.338182 -0.589082
v -0.225370 -0.625678 -0.555569
v -0.114892 -0.625678 -0.589082
v 0.225371 -0.338182 -0.555569
v 0.114893 -0.338182 -0.589082
v 0.114893 -0.625678 -0.589082
v 0.225371 -0.338182 -0.555569
v 0.114893 -0.625678 -0.589082
v 0.225371 -0.625678 -0.555569
v 0.416431 -0.338182 -0.427906
v 0.327188 -0.338182 -0.501146
v 0.327188 -0.625678 -0.501146
v 0.416431 -0.338182 -0.427906
v 0.327188 -0.625678 -0.501146
v 0.416431 -0.625678 -0.427906
v 0.114893 -0.338182 -0.589082
v -0.000000 -0.338182 -0.600398
v -0.000000 -0.625678 -0.600398
v 0.114893 -0.338182 -0.589082
v -0.000000 -0.625678 -0.600398
v 0.114893 -0.625678 -0.589082
v -0.000000 -0.338182 -0.600398
v -0.114892 -0.338182 -0.589082
v -0.114892 -0.625678 -0.589082
v -0.000000 -0.338182 -0.600398
v -0.114892 -0.625678 -0.589082
v -0.000000 -0.625678 -0.600398
v 0.046170 0.926952 -0.898925
v 0.052380 0.720963 -0.889412
v 0.049630 0.720963 -0.892167
v 0.046170 0.926952 -0.898925
v 0.049630 0.720963 -0.892167
v 0.043418 0.926952 -0.901681
v -0.042486 0.720963 -0.886883
v -0.042486 0.720963 -0.805095
v -0.048695 0.926952 -0.814607
v -0.042486 0.720963 -0.886883
v -0.048695 0.926952 -0.814607
v -0.048695 0.926952 -0.896397
v 0.043546 0.720963 -0.894696
v -0.034659 0.720963 -0.894696
v -0.040868 0.926952 -0.904208
v 0.043546 0.720963 -0.894696
v -0.040868 0.926952 -0.904208
v 0.037336 0.926952 -0.904208
v 0.052380 0.720963 -0.889412
v 0.035610 0.514973 -0.889337
v 0.032862 0.514973 -0.892092
v 0.052380 0.720963 -0.889412
v 0.032862 0.514973 -0.892092
v 0.049630 0.720963 -0.892167
v -0.040887 -0.720963 -0.806818
v 0.040915 -0.720963 -0.806818
v 0.036207 -0.514974 -0.811523
v -0.040887 -0.720963 -0.806818
v 0.036207 -0.514974 -0.811523
v -0.036176 -0.514974 -0.811523
v 0.037368 -0.720963 -0.904208
v -0.040888 -0.720963 -0.904208
v -0.036177 -0.514974 -0.899502
v 0.037368 -0.720963 -0.904208
v -0.036177 -0.514974 -0.899502
v 0.032658 -0.514974 -0.899502
v 0.032658 -0.514974 -0.899502
v -0.036177 -0.514974 -0.899502
v -0.040873 -0.308984 -0.881248
v 0.032658 -0.514974 -0.899502
v -0.040873 -0.308984 -0.881248
v 0.037357 -0.308984 -0.881248
v 0.037357 -0.308984 -0.881248
v -0.040873 -0.308984 -0.881248
v -0.042375 -0.102995 -0.903853
v 0.037357 -0.308984 -0.881248
v -0.042375 -0.102995 -0.903853
v 0.038859 -0.102995 -0.903853
v 0.038859 -0.102995 -0.903853
v -0.042375 -0.102995 -0.903853
v -0.026207 0.102994 -0.904208
v 0.038859 -0.102995 -0.903853
v -0.026207 0.102994 -0.904208
v 0.051993 0.102994 -0.904208
v 0.051993 0.102994 -0.904208
v -0.026207 0.102994 -0.904208
v -0.051200 0.308984 -0.918752
v 0.051993 0.102994 -0.904208
v -0.051200 0.308984 -0.918752
v 0.027001 0.308984 -0.918752
v 0.027001 0.308984 -0.918752
v -0.051200 0.308984 -0.918752
v -0.051428 0.514974 -0.894623
v 0.027001 0.308984 -0.918752
v -0.051428 0.514974 -0.894623
v 0.026778 0.514973 -0.894623
v -0.034658 0.720963 -0.797306
v 0.047105 0.720963 -0.797306
v 0.040894 0.926952 -0.806818
v -0.034658 0.720963 -0.797306
v 0.040894 0.926952 -0.806818
v -0.040867 0.926952 -0.806818
v 0.041479 -0.514974 -0.894185
v 0.046186 -0.720963 -0.898896
v 0.043424 -0.720963 -0.901680
v 0.041479 -0.514974 -0.894185
v 0.043424 -0.720963 -0.901680
v 0.038717 -0.514974 -0.896971
v 0.046183 -0.308984 -0.875922
v 0.041479 -0.514974 -0.894185
v 0.038717 -0.514974 -0.896971
v 0.046183 -0.308984 -0.875922
v 0.038717 -0.514974 -0.896971
v 0.043419 -0.308984 -0.878713
v 0.045830 -0.102995 -0.900407
v 0.046183 -0.308984 -0.875922
v 0.043419 -0.308984 -0.878713
v 0.045830 -0.102995 -0.900407
v 0.043419 -0.308984 -0.878713
v 0.044928 -0.102995 -0.901317
v 0.060823 0.102994 -0.898904
v 0.045830 -0.102995 -0.900407
v 0.044928 -0.102995 -0.901317
v 0.060823 0.102994 -0.898904
v 0.044928 -0.102995 -0.901317
v 0.058072 0.102994 -0.901672
v 0.035832 0.308984 -0.913460
v 0.060823 0.102994 -0.898904
v 0.058072 0.102994 -0.901672
v 0.035832 0.308984 -0.913460
v 0.058072 0.102994 -0.901672
v 0.033086 0.308984 -0.916218
v 0.035610 0.514973 -0.889337
v 0.035832 0.308984 -0.913460
v 0.033086 0.308984 -0.916218
v 0.035610 0.514973 -0.889337
v 0.033086 0.308984 -0.916218
v 0.032862 0.514973 -0.892092
v 0.026778 0.514973 -0.894623
v -0.051428 0.514974 -0.894623
v -0.034659 0.720963 -0.894696
v 0.026778 0.514973 -0.894623
v -0.034659 0.720963 -0.894696
v 0.043546 0.720963 -0.894696
v 0.048695 -0.926953 -0.814627
v 0.048695 -0.926953 -0.892807
v 0.048695 -0.720963 -0.892803
v 0.048695 -0.926953 -0.814627
v 0.048695 -0.720963 -0.892803
v 0.048695 -0.720963 -0.814629
v -0.036176 -0.514974 -0.811523
v 0.036207 -0.514974 -0.811523
v 0.040908 -0.308984 -0.783858
v -0.036176 -0.514974 -0.811523
v 0.040908 -0.308984 -0.783858
v -0.040871 -0.308984 -0.783858
v -0.040871 -0.308984 -0.783858
v 0.040908 -0.308984 -0.783858
v 0.042414 -0.102995 -0.807167
v -0.040871 -0.308984 -0.783858
v 0.042414 -0.102995 -0.807167
v -0.042374 -0.102995 -0.807167
v -0.042374 -0.102995 -0.807167
v 0.042414 -0.102995 -0.807167
v 0.055552 0.102994 -0.806818
v -0.042374 -0.102995 -0.807167
v 0.055552 0.102994 -0.806818
v -0.026206 0.102994 -0.806818
v -0.026206 0.102994 -0.806818
v 0.055552 0.102994 -0.806818
v 0.030562 0.308984 -0.821362
v -0.026206 0.102994 -0.806818
v 0.030562 0.308984 -0.821362
v -0.051199 0.308984 -0.821362
v -0.051199 0.308984 -0.821362
v 0.030562 0.308984 -0.821362
v 0.030338 0.514974 -0.797233
v -0.051199 0.308984 -0.821362
v 0.030338 0.514974 -0.797233
v -0.051427 0.514973 -0.797233
v -0.051427 0.514973 -0.797233
v 0.030338 0.514974 -0.797233
v 0.047105 0.720963 -0.797306
v -0.051427 0.514973 -0.797233
v 0.047105 0.720963 -0.797306
v -0.034658 0.720963 -0.797306
v -0.048695 -0.926953 -0.896371
v -0.048695 -0.926953 -0.814626
v -0.048695 -0.720963 -0.814629
v -0.048695 -0.926953 -0.896371
v -0.048695 -0.720963 -0.814629
v -0.048695 -0.720963 -0.896367
v -0.048695 -0.720963 -0.896367
v -0.048695 -0.720963 -0.814629
v -0.043989 -0.514974 -0.819341
v -0.048695 -0.720963 -0.896367
v -0.043989 -0.514974 -0.819341
v -0.043989 -0.514974 -0.891652
v -0.043989 -0.514974 -0.891652
v -0.043989 -0.514974 -0.819341
v -0.048695 -0.308984 -0.791675
v -0.043989 -0.514974 -0.891652
v -0.048695 -0.308984 -0.791675
v -0.048695 -0.308984 -0.873385
v -0.048695 -0.308984 -0.873385
v -0.048695 -0.308984 -0.791675
v -0.048340 -0.102995 -0.813114
v -0.048695 -0.308984 -0.873385
v -0.048340 -0.102995 -0.813114
v -0.048340 -0.102995 -0.897869
v -0.048340 -0.102995 -0.897869
v -0.048340 -0.102995 -0.813114
v -0.034045 0.102994 -0.814621
v -0.048340 -0.102995 -0.897869
v -0.034045 0.102994 -0.814621
v -0.034045 0.102994 -0.896367
v -0.034045 0.102994 -0.896367
v -0.034045 0.102994 -0.814621
v -0.059032 0.308984 -0.829159
v -0.034045 0.102994 -0.896367
v -0.059032 0.308984 -0.829159
v -0.059032 0.308984 -0.910924
v -0.059032 0.308984 -0.910924
v -0.059032 0.308984 -0.829159
v -0.059255 0.514973 -0.805025
v -0.059032 0.308984 -0.910924
v -0.059255 0.514973 -0.805025
v -0.059255 0.514974 -0.886805
v -0.059255 0.514974 -0.886805
v -0.059255 0.514973 -0.805025
v -0.042486 0.720963 -0.805095
v -0.059255 0.514974 -0.886805
v -0.042486 0.720963 -0.805095
v -0.042486 0.720963 -0.886883
v -0.042486 0.720963 -0.886883
v -0.048695 0.926952 -0.896397
v -0.040868 0.926952 -0.904208
v -0.042486 0.720963 -0.886883
v -0.040868 0.926952 -0.904208
v -0.034659 0.720963 -0.894696
v 0.037370 -0.926953 -0.904208
v -0.040890 -0.926953 -0.904208
v -0.040888 -0.720963 -0.904208
v 0.037370 -0.926953 -0.904208
v -0.040888 -0.720963 -0.904208
v 0.037368 -0.720963 -0.904208
v 0.054905 0.720963 -0.805096
v 0.048695 0.926952 -0.814607
v 0.040894 0.926952 -0.806818
v 0.054905 0.720963 -0.805096
v 0.040894 0.926952 -0.806818
v 0.047105 0.720963 -0.797306
v -0.048695 -0.720963 -0.814629
v -0.048695 -0.926953 -0.814626
v -0.040889 -0.926953 -0.806818
v -0.048695 -0.720963 -0.814629
v -0.040889 -0.926953 -0.806818
v -0.040887 -0.720963 -0.806818
v -0.048695 -0.926953 -0.896371
v -0.048695 -0.720963 -0.896367
v -0.040888 -0.720963 -0.904208
v -0.048695 -0.926953 -0.896371
v -0.040888 -0.720963 -0.904208
v -0.040890 -0.926953 -0.904208
v -0.048695 -0.720963 -0.896367
v -0.043989 -0.514974 -0.891652
v -0.036177 -0.514974 -0.899502
v -0.048695 -0.720963 -0.896367
v -0.036177 -0.514974 -0.899502
v -0.040888 -0.720963 -0.904208
v -0.043989 -0.514974 -0.891652
v -0.048695 -0.308984 -0.873385
v -0.040873 -0.308984 -0.881248
v -0.043989 -0.514974 -0.891652
v -0.040873 -0.308984 -0.881248
v -0.036177 -0.514974 -0.899502
v -0.048695 -0.308984 -0.873385
v -0.048340 -0.102995 -0.897869
v -0.042375 -0.102995 -0.903853
v -0.048695 -0.308984 -0.873385
v -0.042375 -0.102995 -0.903853
v -0.040873 -0.308984 -0.881248
v -0.048340 -0.102995 -0.897869
v -0.034045 0.102994 -0.896367
v -0.026207 0.102994 -0.904208
v -0.048340 -0.102995 -0.897869
v -0.026207 0.102994 -0.904208
v -0.042375 -0.102995 -0.903853
v -0.034045 0.102994 -0.896367
v -0.059032 0.308984 -0.910924
v -0.051200 0.308984 -0.918752
v -0.034045 0.102994 -0.896367
v -0.051200 0.308984 -0.918752
v -0.026207 0.102994 -0.904208
v -0.059032 0.308984 -0.910924
v -0.059255 0.514974 -0.886805
v -0.051428 0.514974 -0.894623
v -0.059032 0.308984 -0.910924
v -0.051428 0.514974 -0.894623
v -0.051200 0.308984 -0.918752
v -0.059255 0.514974 -0.886805
v -0.042486 0.720963 -0.886883
v -0.034659 0.720963 -0.894696
v -0.059255 0.514974 -0.886805
v -0.034659 0.720963 -0.894696
v -0.051428 0.514974 -0.894623
v 0.054905 0.720963 -0.805096
v 0.054905 0.720963 -0.883315
v 0.048695 0.926952 -0.892830
v 0.054905 0.720963 -0.805096
v 0.048695 0.926952 -0.892830
v 0.048695 0.926952 -0.814607
v 0.038135 0.514974 -0.805026
v 0.038135 0.514973 -0.883234
v 0.054905 0.720963 -0.883315
v 0.038135 0.514974 -0.805026
v 0.054905 0.720963 -0.883315
v 0.054905 0.720963 -0.805096
v 0.038358 0.308984 -0.829159
v 0.038358 0.308984 -0.907352
v 0.038135 0.514973 -0.883234
v 0.038358 0.308984 -0.829159
v 0.038135 0.514973 -0.883234
v 0.038135 0.514974 -0.805026
v 0.063345 0.102994 -0.814622
v 0.063345 0.102994 -0.892795
v 0.038358 0.308984 -0.907352
v 0.063345 0.102994 -0.814622
v 0.038358 0.308984 -0.907352
v 0.038358 0.308984 -0.829159
v 0.048346 -0.102995 -0.813114
v 0.048346 -0.102995 -0.894297
v 0.063345 0.102994 -0.892795
v 0.048346 -0.102995 -0.813114
v 0.063345 0.102994 -0.892795
v 0.063345 0.102994 -0.814622
v 0.048695 -0.308984 -0.791676
v 0.048695 -0.308984 -0.869813
v 0.048346 -0.102995 -0.894297
v 0.048695 -0.308984 -0.791676
v 0.048346 -0.102995 -0.894297
v 0.048346 -0.102995 -0.813114
v 0.043989 -0.514974 -0.819341
v 0.043989 -0.514974 -0.888084
v 0.048695 -0.308984 -0.869813
v 0.043989 -0.514974 -0.819341
v 0.048695 -0.308984 -0.869813
v 0.048695 -0.308984 -0.791676
v 0.048695 -0.720963 -0.814629
v 0.048695 -0.720963 -0.892803
v 0.043989 -0.514974 -0.888084
v 0.048695 -0.720963 -0.814629
v 0.043989 -0.514974 -0.888084
v 0.043989 -0.514974 -0.819341
v 0.048695 -0.926953 -0.814627
v 0.048695 -0.720963 -0.814629
v 0.040915 -0.720963 -0.806818
v 0.048695 -0.926953 -0.814627
v 0.040915 -0.720963 -0.806818
v 0.040916 -0.926953 -0.806818
v 0.048695 -0.720963 -0.814629
v 0.043989 -0.514974 -0.819341
v 0.036207 -0.514974 -0.811523
v 0.048695 -0.720963 -0.814629
v 0.036207 -0.514974 -0.811523
v 0.040915 -0.720963 -0.806818
v 0.043989 -0.514974 -0.819341
v 0.048695 -0.308984 -0.791676
v 0.040908 -0.308984 -0.783858
v 0.043989 -0.514974 -0.819341
v 0.040908 -0.308984 -0.783858
v 0.036207 -0.514974 -0.811523
v 0.048695 -0.308984 -0.791676
v 0.048346 -0.102995 -0.813114
v 0.042414 -0.102995 -0.807167
v 0.048695 -0.308984 -0.791676
v 0.042414 -0.102995 -0.807167
v 0.040908 -0.308984 -0.783858
v 0.048346 -0.102995 -0.813114
v 0.063345 0.102994 -0.814622
v 0.055552 0.102994 -0.806818
v 0.048346 -0.102995 -0.813114
v 0.055552 0.102994 -0.806818
v 0.042414 -0.102995 -0.807167
v 0.063345 0.102994 -0.814622
v 0.038358 0.308984 -0.829159
v 0.030562 0.308984 -0.821362
v 0.063345 0.102994 -0.814622
v 0.030562 0.308984 -0.821362
v 0.055552 0.102994 -0.806818
v 0.038358 0.308984 -0.829159
v 0.038135 0.514974 -0.805026
v 0.030338 0.514974 -0.797233
v 0.038358 0.308984 -0.829159
v 0.030338 0.514974 -0.797233
v 0.030562 0.308984 -0.821362
v 0.038135 0.514974 -0.805026
v 0.054905 0.720963 -0.805096
v 0.047105 0.720963 -0.797306
v 0.038135 0.514974 -0.805026
v 0.047105 0.720963 -0.797306
v 0.030338 0.514974 -0.797233
v -0.048695 0.926952 -0.814607
v -0.042486 0.720963 -0.805095
v -0.034658 0.720963 -0.797306
v -0.048695 0.926952 -0.814607
v -0.034658 0.720963 -0.797306
v -0.040867 0.926952 -0.806818
v -0.042486 0.720963 -0.805095
v -0.059255 0.514973 -0.805025
v -0.051427 0.514973 -0.797233
v -0.042486 0.720963 -0.805095
v -0.051427 0.514973 -0.797233
v -0.034658 0.720963 -0.797306
v -0.059255 0.514973 -0.805025
v -0.059032 0.308984 -0.829159
v -0.051199 0.308984 -0.821362
v -0.059255 0.514973 -0.805025
v -0.051199 0.308984 -0.821362
v -0.051427 0.514973 -0.797233
v -0.059032 0.308984 -0.829159
v -0.034045 0.102994 -0.814621
v -0.026206 0.102994 -0.806818
v -0.059032 0.308984 -0.829159
v -0.026206 0.102994 -0.806818
v -0.051199 0.308984 -0.821362
v -0.034045 0.102994 -0.814621
v -0.048340 -0.102995 -0.813114
v -0.042374 -0.102995 -0.807167
v -0.034045 0.102994 -0.814621
v -0.042374 -0.102995 -0.807167
v -0.026206 0.102994 -0.806818
v -0.048340 -0.102995 -0.813114
v -0.048695 -0.308984 -0.791675
v -0.040871 -0.308984 -0.783858
v -0.048340 -0.102995 -0.813114
v -0.040871 -0.308984 -0.783858
v -0.042374 -0.102995 -0.807167
v -0.048695 -0.308984 -0.791675
v -0.043989 -0.514974 -0.819341
v -0.036176 -0.514974 -0.811523
v -0.048695 -0.308984 -0.791675
v -0.036176 -0.514974 -0.811523
v -0.040871 -0.308984 -0.783858
v -0.043989 -0.514974 -0.819341
v -0.048695 -0.720963 -0.814629
v -0.040887 -0.720963 -0.806818
v -0.043989 -0.514974 -0.819341
v -0.040887 -0.720963 -0.806818
v -0.036176 -0.514974 -0.811523
v -0.040889 -0.926953 -0.806818
v 0.040916 -0.926953 -0.806818
v 0.040915 -0.720963 -0.806818
v -0.040889 -0.926953 -0.806818
v 0.040915 -0.720963 -0.806818
v -0.040887 -0.720963 -0.806818
v 0.048695 -0.720963 -0.892803
v 0.048695 -0.926953 -0.892807
v 0.046186 -0.926953 -0.898899
v 0.048695 -0.720963 -0.892803
v 0.046186 -0.926953 -0.898899
v 0.046186 -0.720963 -0.898896
v 0.037370 -0.926953 -0.904208
v 0.037368 -0.720963 -0.904208
v 0.043424 -0.720963 -0.901680
v 0.037370 -0.926953 -0.904208
v 0.043424 -0.720963 -0.901680
v 0.043424 -0.926953 -0.901681
v 0.048695 0.926952 -0.892830
v 0.054905 0.720963 -0.883315
v 0.052380 0.720963 -0.889412
v 0.048695 0.926952 -0.892830
v 0.052380 0.720963 -0.889412
v 0.046170 0.926952 -0.898925
v 0.043546 0.720963 -0.894696
v 0.037336 0.926952 -0.904208
v 0.043418 0.926952 -0.901681
v 0.043546 0.720963 -0.894696
v 0.043418 0.926952 -0.901681
v 0.049630 0.720963 -0.892167
v 0.054905 0.720963 -0.883315
v 0.038135 0.514973 -0.883234
v 0.035610 0.514973 -0.889337
v 0.054905 0.720963 -0.883315
v 0.035610 0.514973 -0.889337
v 0.052380 0.720963 -0.889412
v 0.026778 0.514973 -0.894623
v 0.043546 0.720963 -0.894696
v 0.049630 0.720963 -0.892167
v 0.026778 0.514973 -0.894623
v 0.049630 0.720963 -0.892167
v 0.032862 0.514973 -0.892092
v 0.038135 0.514973 -0.883234
v 0.038358 0.308984 -0.907352
v 0.035832 0.308984 -0.913460
v 0.038135 0.514973 -0.883234
v 0.035832 0.308984 -0.913460
v 0.035610 0.514973 -0.889337
v 0.027001 0.308984 -0.918752
v 0.026778 0.514973 -0.894623
v 0.032862 0.514973 -0.892092
v 0.027001 0.308984 -0.918752
v 0.032862 0.514973 -0.892092
v 0.033086 0.308984 -0.916218
v 0.038358 0.308984 -0.907352
v 0.063345 0.102994 -0.892795
v 0.060823 0.102994 -0.898904
v 0.038358 0.308984 -0.907352
v 0.060823 0.102994 -0.898904
v 0.035832 0.308984 -0.913460
v 0.051993 0.102994 -0.904208
v 0.027001 0.308984 -0.918752
v 0.033086 0.308984 -0.916218
v 0.051993 0.102994 -0.904208
v 0.033086 0.308984 -0.916218
v 0.058072 0.102994 -0.901672
v 0.063345 0.102994 -0.892795
v 0.048346 -0.102995 -0.894297
v 0.045830 -0.102995 -0.900407
v 0.063345 0.102994 -0.892795
v 0.045830 -0.102995 -0.900407
v 0.060823 0.102994 -0.898904
v 0.038859 -0.102995 -0.903853
v 0.051993 0.102994 -0.904208
v 0.058072 0.102994 -0.901672
v 0.038859 -0.102995 -0.903853
v 0.058072 0.102994 -0.901672
v 0.044928 -0.102995 -0.901317
v 0.048346 -0.102995 -0.894297
v 0.048695 -0.308984 -0.869813
v 0.046183 -0.308984 -0.875922
v 0.048346 -0.102995 -0.894297
v 0.046183 -0.308984 -0.875922
v 0.045830 -0.102995 -0.900407
v 0.037357 -0.308984 -0.881248
v 0.038859 -0.102995 -0.903853
v 0.044928 -0.102995 -0.901317
v 0.037357 -0.308984 -0.881248
v 0.044928 -0.102995 -0.901317
v 0.043419 -0.308984 -0.878713
v 0.048695 -0.308984 -0.869813
v 0.043989 -0.514974 -0.888084
v 0.041479 -0.514974 -0.894185
v 0.048695 -0.308984 -0.869813
v 0.041479 -0.514974 -0.894185
v 0.046183 -0.308984 -0.875922
v 0.032658 -0.514974 -0.899502
v 0.037357 -0.308984 -0.881248
v 0.043419 -0.308984 -0.878713
v 0.032658 -0.514974 -0.899502
v 0.043419 -0.308984 -0.878713
v 0.038717 -0.514974 -0.896971
v 0.043989 -0.514974 -0.888084
v 0.048695 -0.720963 -0.892803
v 0.046186 -0.720963 -0.898896
v 0.043989 -0.514974 -0.888084
v 0.046186 -0.720963 -0.898896
v 0.041479 -0.514974 -0.894185
v 0.037368 -0.720963 -0.904208
v 0.032658 -0.514974 -0.899502
v 0.038717 -0.514974 -0.896971
v 0.037368 -0.720963 -0.904208
v 0.038717 -0.514974 -0.896971
v 0.043424 -0.720963 -0.901680
v 0.046186 -0.720963 -0.898896
v 0.046186 -0.926953 -0.898899
v 0.043424 -0.926953 -0.901681
v 0.046186 -0.720963 -0.898896
v 0.043424 -0.926953 -0.901681
v 0.043424 -0.720963 -0.901680
v -0.113161 0.779208 -1.000000
v -0.041534 0.779208 -1.000000
v -0.041537 0.779208 -0.777778
v -0.113161 0.779208 -1.000000
v -0.041537 0.779208 -0.777778
v -0.113159 0.779208 -0.777778
v -0.046989 0.878069 0.777778
v -0.118654 0.878069 0.777778
v -0.113179 0.864545 1.000000
v -0.046989 0.878069 0.777778
v -0.113179 0.864545 1.000000
v -0.041511 0.864545 1.000000
v -0.034667 0.786024 -0.777778
v -0.034667 0.857705 -0.777778
v -0.038790 0.853576 -0.555556
v -0.034667 0.786024 -0.777778
v -0.038790 0.853576 -0.555556
v -0.038790 0.790150 -0.555556
v -0.118654 0.792732 0.777778
v -0.046989 0.792732 0.777778
v -0.041512 0.779208 1.000000
v -0.118654 0.792732 0.777778
v -0.041512 0.779208 1.000000
v -0.113179 0.779208 1.000000
v -0.040143 0.799565 0.777778
v -0.040143 0.871211 0.777778
v -0.034667 0.857687 1.000000
v -0.040143 0.799565 0.777778
v -0.034667 0.857687 1.000000
v -0.034667 0.786043 1.000000
v -0.034667 0.786023 -1.000000
v -0.034667 0.857706 -1.000000
v -0.034667 0.857705 -0.777778
v -0.034667 0.786023 -1.000000
v -0.034667 0.857705 -0.777778
v -0.034667 0.786024 -0.777778
v -0.120004 0.857704 -0.777778
v -0.120004 0.786025 -0.777778
v -0.115881 0.790151 -0.555556
v -0.120004 0.857704 -0.777778
v -0.115881 0.790151 -0.555556
v -0.115881 0.853575 -0.555556
v -0.113159 0.779208 -0.777778
v -0.041537 0.779208 -0.777778
v -0.045669 0.783331 -0.555556
v -0.113159 0.779208 -0.777778
v -0.045669 0.783331 -0.555556
v -0.109030 0.783331 -0.555556
v -0.109030 0.783331 -0.555556
v -0.045669 0.783331 -0.555556
v -0.061675 0.779208 -0.333333
v -0.109030 0.783331 -0.555556
v -0.061675 0.779208 -0.333333
v -0.133272 0.779208 -0.333333
v -0.133272 0.779208 -0.333333
v -0.061675 0.779208 -0.333333
v -0.028591 0.766245 -0.111111
v -0.133272 0.779208 -0.333333
v -0.028591 0.766245 -0.111111
v -0.126122 0.766245 -0.111111
v -0.126122 0.766245 -0.111111
v -0.028591 0.766245 -0.111111
v -0.041538 0.766371 0.111111
v -0.126122 0.766245 -0.111111
v -0.041538 0.766371 0.111111
v -0.113166 0.766371 0.111111
v -0.113166 0.766371 0.111111
v -0.041538 0.766371 0.111111
v -0.041526 0.779208 0.333333
v -0.113166 0.766371 0.111111
v -0.041526 0.779208 0.333333
v -0.113171 0.779208 0.333333
v -0.113171 0.779208 0.333333
v -0.041526 0.779208 0.333333
v -0.049917 0.788461 0.555556
v -0.113171 0.779208 0.333333
v -0.049917 0.788461 0.555556
v -0.121574 0.788461 0.555556
v -0.125480 0.871211 0.777778
v -0.125480 0.799566 0.777778
v -0.120004 0.786044 1.000000
v -0.125480 0.871211 0.777778
v -0.120004 0.786044 1.000000
v -0.120004 0.857686 1.000000
v -0.038790 0.790150 -0.555556
v -0.038790 0.853576 -0.555556
v -0.054785 0.857691 -0.333333
v -0.038790 0.790150 -0.555556
v -0.054785 0.857691 -0.333333
v -0.054785 0.786030 -0.333333
v -0.054785 0.786030 -0.333333
v -0.054785 0.857691 -0.333333
v -0.021704 0.870643 -0.111111
v -0.054785 0.786030 -0.333333
v -0.021704 0.870643 -0.111111
v -0.021704 0.773070 -0.111111
v -0.021704 0.773070 -0.111111
v -0.021704 0.870643 -0.111111
v -0.034667 0.844840 0.111111
v -0.021704 0.773070 -0.111111
v -0.034667 0.844840 0.111111
v -0.034667 0.773199 0.111111
v -0.034667 0.773199 0.111111
v -0.034667 0.844840 0.111111
v -0.034667 0.857682 0.333333
v -0.034667 0.773199 0.111111
v -0.034667 0.857682 0.333333
v -0.034667 0.786039 0.333333
v -0.034667 0.786039 0.333333
v -0.034667 0.857682 0.333333
v -0.043065 0.866940 0.555556
v -0.034667 0.786039 0.333333
v -0.043065 0.866940 0.555556
v -0.043065 0.795293 0.555556
v -0.043065 0.795293 0.555556
v -0.043065 0.866940 0.555556
v -0.040143 0.871211 0.777778
v -0.043065 0.795293 0.555556
v -0.040143 0.871211 0.777778
v -0.040143 0.799565 0.777778
v -0.121574 0.788461 0.555556
v -0.049917 0.788461 0.555556
v -0.046989 0.792732 0.777778
v -0.121574 0.788461 0.555556
v -0.046989 0.792732 0.777778
v -0.118654 0.792732 0.777778
v -0.115881 0.853575 -0.555556
v -0.115881 0.790151 -0.555556
v -0.140122 0.786031 -0.333333
v -0.115881 0.853575 -0.555556
v -0.140122 0.786031 -0.333333
v -0.140122 0.857690 -0.333333
v -0.140122 0.857690 -0.333333
v -0.140122 0.786031 -0.333333
v -0.132966 0.773072 -0.111111
v -0.140122 0.857690 -0.333333
v -0.132966 0.773072 -0.111111
v -0.132966 0.870641 -0.111111
v -0.132966 0.870641 -0.111111
v -0.132966 0.773072 -0.111111
v -0.120004 0.773200 0.111111
v -0.132966 0.870641 -0.111111
v -0.120004 0.773200 0.111111
v -0.120004 0.844839 0.111111
v -0.120004 0.844839 0.111111
v -0.120004 0.773200 0.111111
v -0.120004 0.786039 0.333333
v -0.120004 0.844839 0.111111
v -0.120004 0.786039 0.333333
v -0.120004 0.857682 0.333333
v -0.120004 0.857682 0.333333
v -0.120004 0.786039 0.333333
v -0.128402 0.795293 0.555556
v -0.120004 0.857682 0.333333
v -0.128402 0.795293 0.555556
v -0.128402 0.866939 0.555556
v -0.128402 0.866939 0.555556
v -0.128402 0.795293 0.555556
v -0.125480 0.799566 0.777778
v -0.128402 0.866939 0.555556
v -0.125480 0.799566 0.777778
v -0.125480 0.871211 0.777778
v -0.041534 0.864545 -1.000000
v -0.113162 0.864545 -1.000000
v -0.113160 0.864545 -0.777778
v -0.041534 0.864545 -1.000000
v -0.113160 0.864545 -0.777778
v -0.041537 0.864545 -0.777778
v -0.041537 0.864545 -0.777778
v -0.113160 0.864545 -0.777778
v -0.109031 0.860422 -0.555556
v -0.041537 0.864545 -0.777778
v -0.109031 0.860422 -0.555556
v -0.045669 0.860422 -0.555556
v -0.045669 0.860422 -0.555556
v -0.109031 0.860422 -0.555556
v -0.133272 0.864545 -0.333333
v -0.045669 0.860422 -0.555556
v -0.133272 0.864545 -0.333333
v -0.061675 0.864545 -0.333333
v -0.061675 0.864545 -0.333333
v -0.133272 0.864545 -0.333333
v -0.126123 0.877508 -0.111111
v -0.061675 0.864545 -0.333333
v -0.126123 0.877508 -0.111111
v -0.028590 0.877508 -0.111111
v -0.028590 0.877508 -0.111111
v -0.126123 0.877508 -0.111111
v -0.113167 0.851709 0.111111
v -0.028590 0.877508 -0.111111
v -0.113167 0.851709 0.111111
v -0.041537 0.851709 0.111111
v -0.041537 0.851709 0.111111
v -0.113167 0.851709 0.111111
v -0.113172 0.864545 0.333333
v -0.041537 0.851709 0.111111
v -0.113172 0.864545 0.333333
v -0.041526 0.864545 0.333333
v -0.041526 0.864545 0.333333
v -0.113172 0.864545 0.333333
v -0.121575 0.873798 0.555556
v -0.041526 0.864545 0.333333
v -0.121575 0.873798 0.555556
v -0.049916 0.873798 0.555556
v -0.049916 0.873798 0.555556
v -0.121575 0.873798 0.555556
v -0.118654 0.878069 0.777778
v -0.049916 0.873798 0.555556
v -0.118654 0.878069 0.777778
v -0.046989 0.878069 0.777778
v -0.046989 0.878069 0.777778
v -0.041511 0.864545 1.000000
v -0.034667 0.857687 1.000000
v -0.046989 0.878069 0.777778
v -0.034667 0.857687 1.000000
v -0.040143 0.871211 0.777778
v -0.041537 0.779208 -0.777778
v -0.041534 0.779208 -1.000000
v -0.034667 0.786023 -1.000000
v -0.041537 0.779208 -0.777778
v -0.034667 0.786023 -1.000000
v -0.034667 0.786024 -0.777778
v -0.118654 0.792732 0.777778
v -0.113179 0.779208 1.000000
v -0.120004 0.786044 1.000000
v -0.118654 0.792732 0.777778
v -0.120004 0.786044 1.000000
v -0.125480 0.799566 0.777778
v -0.113160 0.864545 -0.777778
v -0.113162 0.864545 -1.000000
v -0.120004 0.857705 -1.000000
v -0.113160 0.864545 -0.777778
v -0.120004 0.857705 -1.000000
v -0.120004 0.857704 -0.777778
v -0.041534 0.864545 -1.000000
v -0.041537 0.864545 -0.777778
v -0.034667 0.857705 -0.777778
v -0.041534 0.864545 -1.000000
v -0.034667 0.857705 -0.777778
v -0.034667 0.857706 -1.000000
v -0.041537 0.864545 -0.777778
v -0.045669 0.860422 -0.555556
v -0.038790 0.853576 -0.555556
v -0.041537 0.864545 -0.777778
v -0.038790 0.853576 -0.555556
v -0.034667 0.857705 -0.777778
v -0.045669 0.860422 -0.555556
v -0.061675 0.864545 -0.333333
v -0.054785 0.857691 -0.333333
v -0.045669 0.860422 -0.555556
v -0.054785 0.857691 -0.333333
v -0.038790 0.853576 -0.555556
v -0.061675 0.864545 -0.333333
v -0.028590 0.877508 -0.111111
v -0.021704 0.870643 -0.111111
v -0.061675 0.864545 -0.333333
v -0.021704 0.870643 -0.111111
v -0.054785 0.857691 -0.333333
v -0.028590 0.877508 -0.111111
v -0.041537 0.851709 0.111111
v -0.034667 0.844840 0.111111
v -0.028590 0.877508 -0.111111
v -0.034667 0.844840 0.111111
v -0.021704 0.870643 -0.111111
v -0.041537 0.851709 0.111111
v -0.041526 0.864545 0.333333
v -0.034667 0.857682 0.333333
v -0.041537 0.851709 0.111111
v -0.034667 0.857682 0.333333
v -0.034667 0.844840 0.111111
v -0.041526 0.864545 0.333333
v -0.049916 0.873798 0.555556
v -0.043065 0.866940 0.555556
v -0.041526 0.864545 0.333333
v -0.043065 0.866940 0.555556
v -0.034667 0.857682 0.333333
v -0.049916 0.873798 0.555556
v -0.046989 0.878069 0.777778
v -0.040143 0.871211 0.777778
v -0.049916 0.873798 0.555556
v -0.040143 0.871211 0.777778
v -0.043065 0.866940 0.555556
v -0.041512 0.779208 1.000000
v -0.046989 0.792732 0.777778
v -0.040143 0.799565 0.777778
v -0.041512 0.779208 1.000000
v -0.040143 0.799565 0.777778
v -0.034667 0.786043 1.000000
v -0.046989 0.792732 0.777778
v -0.049917 0.788461 0.555556
v -0.043065 0.795293 0.555556
v -0.046989 0.792732 0.777778
v -0.043065 0.795293 0.555556
v -0.040143 0.799565 0.777778
v -0.049917 0.788461 0.555556
v -0.041526 0.779208 0.333333
v -0.034667 0.786039 0.333333
v -0.049917 0.788461 0.555556
v -0.034667 0.786039 0.333333
v -0.043065 0.795293 0.555556
v -0.041526 0.779208 0.333333
v -0.041538 0.766371 0.111111
v -0.034667 0.773199 0.111111
v -0.041526 0.779208 0.333333
v -0.034667 0.773199 0.111111
v -0.034667 0.786039 0.333333
v -0.041538 0.766371 0.111111
v -0.028591 0.766245 -0.111111
v -0.021704 0.773070 -0.111111
v -0.041538 0.766371 0.111111
v -0.021704 0.773070 -0.111111
v -0.034667 0.773199 0.111111
v -0.028591 0.766245 -0.111111
v -0.061675 0.779208 -0.333333
v -0.054785 0.786030 -0.333333
v -0.028591 0.766245 -0.111111
v -0.054785 0.786030 -0.333333
v -0.021704 0.773070 -0.111111
v -0.061675 0.779208 -0.333333
v -0.045669 0.783331 -0.555556
v -0.038790 0.790150 -0.555556
v -0.061675 0.779208 -0.333333
v -0.038790 0.790150 -0.555556
v -0.054785 0.786030 -0.333333
v -0.045669 0.783331 -0.555556
v -0.041537 0.779208 -0.777778
v -0.034667 0.786024 -0.777778
v -0.045669 0.783331 -0.555556
v -0.034667 0.786024 -0.777778
v -0.038790 0.790150 -0.555556
v -0.113161 0.779208 -1.000000
v -0.113159 0.779208 -0.777778
v -0.120004 0.786025 -0.777778
v -0.113161 0.779208 -1.000000
v -0.120004 0.786025 -0.777778
v -0.120004 0.786024 -1.000000
v -0.113159 0.779208 -0.777778
v -0.109030 0.783331 -0.555556
v -0.115881 0.790151 -0.555556
v -0.113159 0.779208 -0.777778
v -0.115881 0.790151 -0.555556
v -0.120004 0.786025 -0.777778
v -0.109030 0.783331 -0.555556
v -0.133272 0.779208 -0.333333
v -0.140122 0.786031 -0.333333
v -0.109030 0.783331 -0.555556
v -0.140122 0.786031 -0.333333
v -0.115881 0.790151 -0.555556
v -0.133272 0.779208 -0.333333
v -0.126122 0.766245 -0.111111
v -0.132966 0.773072 -0.111111
v -0.133272 0.779208 -0.333333
v -0.132966 0.773072 -0.111111
v -0.140122 0.786031 -0.333333
v -0.126122 0.766245 -0.111111
v -0.113166 0.766371 0.111111
v -0.120004 0.773200 0.111111
v -0.126122 0.766245 -0.111111
v -0.120004 0.773200 0.111111
v -0.132966 0.773072 -0.111111
v -0.113166 0.766371 0.111111
v -0.113171 0.779208 0.333333
v -0.120004 0.786039 0.333333
v -0.113166 0.766371 0.111111
v -0.120004 0.786039 0.333333
v -0.120004 0.773200 0.111111
v -0.113171 0.779208 0.333333
v -0.121574 0.788461 0.555556
v -0.128402 0.795293 0.555556
v -0.113171 0.779208 0.333333
v -0.128402 0.795293 0.555556
v -0.120004 0.786039 0.333333
v -0.121574 0.788461 0.555556
v -0.118654 0.792732 0.777778
v -0.125480 0.799566 0.777778
v -0.121574 0.788461 0.555556
v -0.125480 0.799566 0.777778
v -0.128402 0.795293 0.555556
v -0.113179 0.864545 1.000000
v -0.118654 0.878069 0.777778
v -0.125480 0.871211 0.777778
v -0.113179 0.864545 1.000000
v -0.125480 0.871211 0.777778
v -0.120004 0.857686 1.000000
v -0.118654 0.878069 0.777778
v -0.121575 0.873798 0.555556
v -0.128402 0.866939 0.555556
v -0.118654 0.878069 0.777778
v -0.128402 0.866939 0.555556
v -0.125480 0.871211 0.777778
v -0.121575 0.873798 0.555556
v -0.113172 0.864545 0.333333
v -0.120004 0.857682 0.333333
v -0.121575 0.873798 0.555556
v -0.120004 0.857682 0.333333
v -0.128402 0.866939 0.555556
v -0.113172 0.864545 0.333333
v -0.113167 0.851709 0.111111
v -0.120004 0.844839 0.111111
v -0.113172 0.864545 0.333333
v -0.120004 0.844839 0.111111
v -0.120004 0.857682 0.333333
v -0.113167 0.851709 0.111111
v -0.126123 0.877508 -0.111111
v -0.132966 0.870641 -0.111111
v -0.113167 0.851709 0.111111
v -0.132966 0.870641 -0.111111
v -0.120004 0.844839 0.111111
v -0.126123 0.877508 -0.111111
v -0.133272 0.864545 -0.333333
v -0.140122 0.857690 -0.333333
v -0.126123 0.877508 -0.111111
v -0.140122 0.857690 -0.333333
v -0.132966 0.870641 -0.111111
v -0.133272 0.864545 -0.333333
v -0.109031 0.860422 -0.555556
v -0.115881 0.853575 -0.555556
v -0.133272 0.864545 -0.333333
v -0.115881 0.853575 -0.555556
v -0.140122 0.857690 -0.333333
v -0.109031 0.860422 -0.555556
v -0.113160 0.864545 -0.777778
v -0.120004 0.857704 -0.777778
v -0.109031 0.860422 -0.555556
v -0.120004 0.857704 -0.777778
v -0.115881 0.853575 -0.555556
v -0.120004 0.857705 -1.000000
v -0.120004 0.786024 -1.000000
v -0.120004 0.786025 -0.777778
v -0.120004 0.857705 -1.000000
v -0.120004 0.786025 -0.777778
v -0.120004 0.857704 -0.777778
v -0.035843 0.926953 0.894836
v -0.042669 0.926953 0.816358
v -0.042669 0.926953 0.888000
v -0.042669 0.926953 0.816358
v -0.035843 0.926953 0.894836
v -0.035844 0.926953 0.809499
v -0.035844 0.926953 0.809499
v -0.035843 0.926953 0.894836
v 0.035824 0.926953 0.809499
v 0.035824 0.926953 0.809499
v -0.035843 0.926953 0.894836
v 0.035824 0.926953 0.894836
v 0.035824 0.926953 0.809499
v 0.035824 0.926953 0.894836
v 0.042669 0.926953 0.888001
v 0.035824 0.926953 0.809499
v 0.042669 0.926953 0.888001
v 0.042669 0.926953 0.816357
v -0.035826 -0.926953 0.809499
v -0.042669 -0.926953 0.888020
v -0.042669 -0.926953 0.816339
v -0.042669 -0.926953 0.888020
v -0.035826 -0.926953 0.809499
v -0.035826 -0.926953 0.894836
v -0.035826 -0.926953 0.894836
v -0.035826 -0.926953 0.809499
v 0.035801 -0.926953 0.809499
v -0.035826 -0.926953 0.894836
v 0.035801 -0.926953 0.809499
v 0.035801 -0.926953 0.894836
v 0.035801 -0.926953 0.894836
v 0.035801 -0.926953 0.809499
v 0.042669 -0.926953 0.888021
v 0.042669 -0.926953 0.888021
v 0.035801 -0.926953 0.809499
v 0.042669 -0.926953 0.816338
v -0.577607 -0.625678 0.103418
v -0.577607 -0.625678 -0.126369
v -0.588923 -0.625678 -0.011475
v -0.577607 -0.625678 -0.126369
v -0.577607 -0.625678 0.103418
v -0.544094 -0.625678 0.213896
v -0.577607 -0.625678 -0.126369
v -0.544094 -0.625678 0.213896
v -0.544094 -0.625678 -0.236846
v -0.544094 -0.625678 -0.236846
v -0.544094 -0.625678 0.213896
v -0.489672 -0.625678 0.315713
v -0.544094 -0.625678 -0.236846
v -0.489672 -0.625678 0.315713
v -0.489671 -0.625678 -0.338663
v -0.489671 -0.625678 -0.338663
v -0.489672 -0.625678 0.315713
v -0.416432 -0.625678 0.404956
v -0.489671 -0.625678 -0.338663
v -0.416432 -0.625678 0.404956
v -0.416431 -0.625678 -0.427907
v -0.416431 -0.625678 -0.427907
v -0.416432 -0.625678 0.404956
v -0.327188 -0.625678 0.478197
v -0.416431 -0.625678 -0.427907
v -0.327188 -0.625678 0.478197
v -0.327187 -0.625678 -0.501147
v -0.327187 -0.625678 -0.501147
v -0.327188 -0.625678 0.478197
v -0.225371 -0.625678 0.532619
v -0.327187 -0.625678 -0.501147
v -0.225371 -0.625678 0.532619
v -0.225370 -0.625678 -0.555569
v -0.225370 -0.625678 -0.555569
v -0.225371 -0.625678 0.532619
v -0.114893 -0.625678 0.566132
v -0.225370 -0.625678 -0.555569
v -0.114893 -0.625678 0.566132
v -0.114892 -0.625678 -0.589082
v -0.114892 -0.625678 -0.589082
v -0.114893 -0.625678 0.566132
v -0.000000 -0.625678 0.577448
v -0.114892 -0.625678 -0.589082
v -0.000000 -0.625678 0.577448
v -0.000000 -0.625678 -0.600398
v -0.000000 -0.625678 -0.600398
v -0.000000 -0.625678 0.577448
v 0.114893 -0.625678 0.566132
v -0.000000 -0.625678 -0.600398
v 0.114893 -0.625678 0.566132
v 0.114893 -0.625678 -0.589082
v 0.114893 -0.625678 -0.589082
v 0.114893 -0.625678 0.566132
v 0.225371 -0.625678 0.532619
v 0.114893 -0.625678 -0.589082
v 0.225371 -0.625678 0.532619
v 0.225371 -0.625678 -0.555569
v 0.225371 -0.625678 -0.555569
v 0.225371 -0.625678 0.532619
v 0.327188 -0.625678 0.478197
v 0.225371 -0.625678 -0.555569
v 0.327188 -0.625678 0.478197
v 0.327188 -0.625678 -0.501146
v 0.327188 -0.625678 -0.501146
v 0.327188 -0.625678 0.478197
v 0.416431 -0.625678 0.404957
v 0.327188 -0.625678 -0.501146
v 0.416431 -0.625678 0.404957
v 0.416431 -0.625678 -0.427906
v 0.416431 -0.625678 -0.427906
v 0.416431 -0.625678 0.404957
v 0.489672 -0.625678 0.315713
v 0.416431 -0.625678 -0.427906
v 0.489672 -0.625678 0.315713
v 0.489672 -0.625678 -0.338663
v 0.489672 -0.625678 -0.338663
v 0.489672 -0.625678 0.315713
v 0.544094 -0.625678 0.213896
v 0.489672 -0.625678 -0.338663
v 0.544094 -0.625678 0.213896
v 0.544094 -0.625678 -0.236846
v 0.544094 -0.625678 -0.236846
v 0.544094 -0.625678 0.213896
v 0.577607 -0.625678 -0.126368
v 0.577607 -0.625678 -0.126368
v 0.544094 -0.625678 0.213896
v 0.577607 -0.625678 0.103418
v 0.577607 -0.625678 -0.126368
v 0.577607 -0.625678 0.103418
v 0.588923 -0.625678 -0.011475
v -0.048695 0.926952 -0.814607
v -0.040868 0.926952 -0.904208
v -0.048695 0.926952 -0.896397
v -0.040868 0.926952 -0.904208
v -0.048695 0.926952 -0.814607
v -0.040867 0.926952 -0.806818
v -0.040868 0.926952 -0.904208
v -0.040867 0.926952 -0.806818
v 0.037336 0.926952 -0.904208
v 0.037336 0.926952 -0.904208
v -0.040867 0.926952 -0.806818
v 0.040894 0.926952 -0.806818
v 0.037336 0.926952 -0.904208
v 0.040894 0.926952 -0.806818
v 0.043418 0.926952 -0.901681
v 0.043418 0.926952 -0.901681
v 0.040894 0.926952 -0.806818
v 0.048695 0.926952 -0.814607
v 0.043418 0.926952 -0.901681
v 0.048695 0.926952 -0.814607
v 0.046170 0.926952 -0.898925
v 0.046170 0.926952 -0.898925
v 0.048695 0.926952 -0.814607
v 0.048695 0.926952 -0.892830
v -0.040890 -0.926953 -0.904208
v -0.048695 -0.926953 -0.814626
v -0.048695 -0.926953 -0.896371
v -0.048695 -0.926953 -0.814626
v -0.040890 -0.926953 -0.904208
v -0.040889 -0.926953 -0.806818
v -0.040889 -0.926953 -0.806818
v -0.040890 -0.926953 -0.904208
v 0.037370 -0.926953 -0.904208
v -0.040889 -0.926953 -0.806818
v 0.037370 -0.926953 -0.904208
v 0.040916 -0.926953 -0.806818
v 0.040916 -0.926953 -0.806818
v 0.037370 -0.926953 -0.904208
v 0.043424 -0.926953 -0.901681
v 0.040916 -0.926953 -0.806818
v 0.043424 -0.926953 -0.901681
v 0.048695 -0.926953 -0.814627
v 0.048695 -0.926953 -0.814627
v 0.043424 -0.926953 -0.901681
v 0.046186 -0.926953 -0.898899
v 0.048695 -0.926953 -0.814627
v 0.046186 -0.926953 -0.898899
v 0.048695 -0.926953 -0.892807
v -0.034667 0.786043 1.000000
v -0.113179 0.779208 1.000000
v -0.041512 0.779208 1.000000
v -0.113179 0.779208 1.000000
v -0.034667 0.786043 1.000000
v -0.120004 0.786044 1.000000
v -0.120004 0.786044 1.000000
v -0.034667 0.786043 1.000000
v -0.034667 0.857687 1.000000
v -0.120004 0.786044 1.000000
v -0.034667 0.857687 1.000000
v -0.120004 0.857686 1.000000
v -0.120004 0.857686 1.000000
v -0.034667 0.857687 1.000000
v -0.113179 0.864545 1.000000
v -0.113179 0.864545 1.000000
v -0.034667 0.857687 1.000000
v -0.041511 0.864545 1.000000
v -0.120004 0.786024 -1.000000
v -0.041534 0.779208 -1.000000
v -0.113161 0.779208 -1.000000
v -0.041534 0.779208 -1.000000
v -0.120004 0.786024 -1.000000
v -0.034667 0.786023 -1.000000
v -0.034667 0.786023 -1.000000
v -0.120004 0.786024 -1.000000
v -0.034667 0.857706 -1.000000
v -0.034667 0.857706 -1.000000
v -0.120004 0.786024 -1.000000
v -0.120004 0.857705 -1.000000
v -0.034667 0.857706 -1.000000
v -0.120004 0.857705 -1.000000
v -0.113162 0.864545 -1.000000
v -0.034667 0.857706 -1.000000
v -0.113162 0.864545 -1.000000
v -0.041534 0.864545 -1.000000
vt 0.127221 0.116391
vt 0.146106 0.092851
vt 0.146106 0.116391
vt 0.146106 0.116391
vt 0.146106 0.092851
vt 0.147917 0.114511
vt 0.147917 0.114511
vt 0.146106 0.092851
vt 0.147917 0.094737
vt 0.127221 0.116391
vt 0.127221 0.092851
vt 0.146106 0.092851
vt 0.125417 0.114510
vt 0.127221 0.092851
vt 0.127221 0.116391
vt 0.127221 0.092851
vt 0.125417 0.114510
vt 0.125417 0.094738
vt 0.537003 0.972554
vt 0.536986 0.992398
vt 0.483467 0.995905
vt 0.537003 0.972554
vt 0.483467 0.995905
vt 0.483483 0.976060
vt 0.483483 0.976060
vt 0.483467 0.995905
vt 0.429947 0.998439
vt 0.483483 0.976060
vt 0.429947 0.998439
vt 0.429964 0.978593
vt 0.429964 0.978593
vt 0.429947 0.998439
vt 0.376430 0.999564
vt 0.429964 0.978593
vt 0.376430 0.999564
vt 0.376446 0.979719
vt 0.376446 0.979719
vt 0.376430 0.999564
vt 0.322917 0.995754
vt 0.376446 0.979719
vt 0.322917 0.995754
vt 0.322933 0.975909
vt 0.590521 0.972537
vt 0.536986 0.992398
vt 0.537003 0.972554
vt 0.590521 0.972537
vt 0.590498 0.999564
vt 0.536986 0.992398
vt 0.644031 0.976260
vt 0.590498 0.999564
vt 0.590521 0.972537
vt 0.644031 0.976260
vt 0.644015 0.996109
vt 0.590498 0.999564
vt 0.697549 0.977412
vt 0.644015 0.996109
vt 0.644031 0.976260
vt 0.697549 0.977412
vt 0.697534 0.994981
vt 0.644015 0.996109
vt 0.751067 0.976310
vt 0.697534 0.994981
vt 0.697549 0.977412
vt 0.751067 0.976310
vt 0.751050 0.996165
vt 0.697534 0.994981
vt 0.804583 0.976360
vt 0.751050 0.996165
vt 0.751067 0.976310
vt 0.804583 0.976360
vt 0.804567 0.996216
vt 0.751050 0.996165
vt 0.932698 0.225271
vt 0.913750 0.225282
vt 0.917112 0.169290
vt 0.932698 0.225271
vt 0.917112 0.169290
vt 0.936061 0.169278
vt 0.936061 0.169278
vt 0.917112 0.169290
vt 0.919544 0.113296
vt 0.936061 0.169278
vt 0.919544 0.113296
vt 0.938493 0.113284
vt 0.938493 0.113284
vt 0.919544 0.113296
vt 0.920634 0.057306
vt 0.938493 0.113284
vt 0.920634 0.057306
vt 0.939583 0.057294
vt 0.939583 0.057294
vt 0.920634 0.057306
vt 0.917012 0.001320
vt 0.939583 0.057294
vt 0.917012 0.001320
vt 0.935961 0.001308
vt 0.939583 0.281253
vt 0.913750 0.225282
vt 0.932698 0.225271
vt 0.939583 0.281253
vt 0.913777 0.281269
vt 0.913750 0.225282
vt 0.936206 0.337243
vt 0.913777 0.281269
vt 0.939583 0.281253
vt 0.936206 0.337243
vt 0.917253 0.337255
vt 0.913777 0.281269
vt 0.935101 0.393241
vt 0.917253 0.337255
vt 0.936206 0.337243
vt 0.935101 0.393241
vt 0.918326 0.393251
vt 0.917253 0.337255
vt 0.936235 0.449229
vt 0.918326 0.393251
vt 0.935101 0.393241
vt 0.936235 0.449229
vt 0.917277 0.449241
vt 0.918326 0.393251
vt 0.936269 0.505219
vt 0.917277 0.449241
vt 0.936235 0.449229
vt 0.936269 0.505219
vt 0.917310 0.505231
vt 0.917277 0.449241
vt 0.895857 0.492734
vt 0.919583 0.548363
vt 0.900819 0.548639
vt 0.895857 0.492734
vt 0.912463 0.492490
vt 0.919583 0.548363
vt 0.894010 0.436795
vt 0.912463 0.492490
vt 0.895857 0.492734
vt 0.894010 0.436795
vt 0.912781 0.436519
vt 0.912463 0.492490
vt 0.893243 0.380834
vt 0.912781 0.436519
vt 0.894010 0.436795
vt 0.893243 0.380834
vt 0.912016 0.380558
vt 0.912781 0.436519
vt 0.900819 0.548639
vt 0.919583 0.548363
vt 0.918478 0.604370
vt 0.900819 0.548639
vt 0.918478 0.604370
vt 0.892917 0.604746
vt 0.892917 0.604746
vt 0.918478 0.604370
vt 0.915842 0.660344
vt 0.892917 0.604746
vt 0.915842 0.660344
vt 0.897069 0.660620
vt 0.897069 0.660620
vt 0.915842 0.660344
vt 0.916612 0.716323
vt 0.897069 0.660620
vt 0.916612 0.716323
vt 0.897835 0.716599
vt 0.897835 0.716599
vt 0.916612 0.716323
vt 0.919582 0.772264
vt 0.897835 0.716599
vt 0.919582 0.772264
vt 0.900801 0.772541
vt 0.900801 0.772541
vt 0.919582 0.772264
vt 0.919583 0.828243
vt 0.900801 0.772541
vt 0.919583 0.828243
vt 0.900801 0.828519
vt 0.900801 0.828519
vt 0.919583 0.828243
vt 0.918910 0.884205
vt 0.900801 0.828519
vt 0.918910 0.884205
vt 0.900127 0.884481
vt 0.890917 0.282628
vt 0.869556 0.338912
vt 0.888284 0.338639
vt 0.890917 0.282628
vt 0.865417 0.283001
vt 0.869556 0.338912
vt 0.892083 0.226656
vt 0.865417 0.283001
vt 0.890917 0.282628
vt 0.892083 0.226656
vt 0.873364 0.226929
vt 0.865417 0.283001
vt 0.885008 0.170792
vt 0.873364 0.226929
vt 0.892083 0.226656
vt 0.885008 0.170792
vt 0.868441 0.171034
vt 0.873364 0.226929
vt 0.885317 0.114810
vt 0.868441 0.171034
vt 0.885008 0.170792
vt 0.885317 0.114810
vt 0.866591 0.115084
vt 0.868441 0.171034
vt 0.884564 0.058849
vt 0.866591 0.115084
vt 0.885317 0.114810
vt 0.884564 0.058849
vt 0.865837 0.059123
vt 0.866591 0.115084
vt 0.888284 0.338639
vt 0.869556 0.338912
vt 0.870357 0.394889
vt 0.888284 0.338639
vt 0.870357 0.394889
vt 0.889089 0.394615
vt 0.889089 0.394615
vt 0.870357 0.394889
vt 0.873341 0.450830
vt 0.889089 0.394615
vt 0.873341 0.450830
vt 0.892076 0.450556
vt 0.892076 0.450556
vt 0.873341 0.450830
vt 0.873346 0.506807
vt 0.892076 0.450556
vt 0.873346 0.506807
vt 0.892083 0.506533
vt 0.892083 0.506533
vt 0.873346 0.506807
vt 0.872615 0.562772
vt 0.892083 0.506533
vt 0.872615 0.562772
vt 0.891352 0.562499
vt 0.398612 0.438971
vt 0.379716 0.415432
vt 0.398612 0.415432
vt 0.379716 0.438971
vt 0.379716 0.415432
vt 0.398612 0.438971
vt 0.377917 0.437079
vt 0.379716 0.415432
vt 0.379716 0.438971
vt 0.379716 0.415432
vt 0.377917 0.437079
vt 0.377917 0.417317
vt 0.398612 0.438971
vt 0.398612 0.415432
vt 0.400417 0.417317
vt 0.398612 0.438971
vt 0.400417 0.417317
vt 0.400417 0.437079
vt 0.448259 0.385468
vt 0.447045 0.451184
vt 0.446032 0.385489
vt 0.448259 0.385468
vt 0.449268 0.451163
vt 0.447045 0.451184
vt 0.449268 0.451163
vt 0.450679 0.516836
vt 0.447045 0.451184
vt 0.449268 0.451163
vt 0.452900 0.516815
vt 0.450679 0.516836
vt 0.452900 0.516815
vt 0.450697 0.582531
vt 0.450679 0.516836
vt 0.452900 0.516815
vt 0.452917 0.582511
vt 0.450697 0.582531
vt 0.452917 0.582511
vt 0.449759 0.648213
vt 0.450697 0.582531
vt 0.452917 0.582511
vt 0.451978 0.648192
vt 0.449759 0.648213
vt 0.443482 0.319887
vt 0.448259 0.385468
vt 0.446032 0.385489
vt 0.443482 0.319887
vt 0.446032 0.385489
vt 0.441250 0.319908
vt 0.452917 0.254044
vt 0.443482 0.319887
vt 0.441250 0.319908
vt 0.452917 0.254044
vt 0.441250 0.319908
vt 0.450683 0.254065
vt 0.446923 0.188434
vt 0.452917 0.254044
vt 0.450683 0.254065
vt 0.444747 0.122782
vt 0.444693 0.188454
vt 0.442520 0.122803
vt 0.444747 0.122782
vt 0.446923 0.188434
vt 0.444693 0.188454
vt 0.446923 0.188434
vt 0.450683 0.254065
vt 0.444693 0.188454
vt 0.443842 0.057105
vt 0.444747 0.122782
vt 0.442520 0.122803
vt 0.443842 0.057105
vt 0.442520 0.122803
vt 0.441616 0.057126
vt 0.839471 0.372491
vt 0.841512 0.304256
vt 0.839425 0.304260
vt 0.839471 0.372491
vt 0.839425 0.304260
vt 0.837383 0.372495
vt 0.841512 0.304256
vt 0.842497 0.236043
vt 0.839425 0.304260
vt 0.844583 0.236039
vt 0.843774 0.167829
vt 0.841689 0.167833
vt 0.844583 0.236039
vt 0.841689 0.167833
vt 0.842497 0.236043
vt 0.841512 0.304256
vt 0.844583 0.236039
vt 0.842497 0.236043
vt 0.839171 0.440652
vt 0.839471 0.372491
vt 0.837383 0.372495
vt 0.839171 0.440652
vt 0.837383 0.372495
vt 0.837083 0.440656
vt 0.844583 0.508714
vt 0.839171 0.440652
vt 0.837083 0.440656
vt 0.844583 0.508714
vt 0.837083 0.440656
vt 0.842495 0.508718
vt 0.969378 0.189112
vt 0.972075 0.245176
vt 0.972061 0.189112
vt 0.965417 0.133023
vt 0.969378 0.189112
vt 0.972061 0.189112
vt 0.965417 0.133023
vt 0.972061 0.189112
vt 0.968103 0.133023
vt 0.969378 0.189112
vt 0.969394 0.245176
vt 0.972075 0.245176
vt 0.969394 0.245176
vt 0.972083 0.301220
vt 0.972075 0.245176
vt 0.969394 0.245176
vt 0.969403 0.301221
vt 0.972083 0.301220
vt 0.969397 0.076286
vt 0.965417 0.133023
vt 0.968103 0.133023
vt 0.969397 0.076286
vt 0.968103 0.133023
vt 0.972083 0.076286
vt 0.455367 0.530065
vt 0.454583 0.465655
vt 0.456894 0.465634
vt 0.455367 0.530065
vt 0.456894 0.465634
vt 0.457678 0.530044
vt 0.454583 0.465655
vt 0.458106 0.401205
vt 0.460418 0.401185
vt 0.454583 0.465655
vt 0.460418 0.401185
vt 0.456894 0.465634
vt 0.458106 0.401205
vt 0.462998 0.336740
vt 0.460418 0.401185
vt 0.458106 0.401205
vt 0.460686 0.336761
vt 0.462998 0.336740
vt 0.460686 0.336761
vt 0.463750 0.272314
vt 0.462998 0.336740
vt 0.460686 0.336761
vt 0.461438 0.272335
vt 0.463750 0.272314
vt 0.461438 0.272335
vt 0.458824 0.207934
vt 0.463750 0.272314
vt 0.461438 0.272335
vt 0.456511 0.207955
vt 0.458824 0.207934
vt 0.460154 0.594446
vt 0.455367 0.530065
vt 0.457678 0.530044
vt 0.460154 0.594446
vt 0.457678 0.530044
vt 0.462464 0.594425
vt 0.461442 0.658865
vt 0.460154 0.594446
vt 0.462464 0.594425
vt 0.461442 0.658865
vt 0.462464 0.594425
vt 0.463750 0.658844
vt 0.460764 0.723290
vt 0.461442 0.658865
vt 0.463750 0.658844
vt 0.460764 0.723290
vt 0.463750 0.658844
vt 0.463072 0.723269
vt 0.461296 0.787707
vt 0.460764 0.723290
vt 0.463072 0.723269
vt 0.461296 0.787707
vt 0.463072 0.723269
vt 0.463603 0.787686
vt 0.959583 0.330916
vt 0.955619 0.274784
vt 0.952917 0.274784
vt 0.959583 0.330916
vt 0.952917 0.274784
vt 0.956880 0.330916
vt 0.955619 0.274784
vt 0.956883 0.218396
vt 0.952917 0.274784
vt 0.955619 0.274784
vt 0.959583 0.218396
vt 0.956883 0.218396
vt 0.957036 0.387533
vt 0.959583 0.330916
vt 0.956880 0.330916
vt 0.957036 0.387533
vt 0.956880 0.330916
vt 0.954334 0.387533
vt 0.995379 0.166474
vt 0.997653 0.222540
vt 0.998117 0.166503
vt 0.995379 0.166474
vt 0.994914 0.222511
vt 0.997653 0.222540
vt 0.994914 0.222511
vt 0.999583 0.278553
vt 0.997653 0.222540
vt 0.994914 0.222511
vt 0.996842 0.278524
vt 0.999583 0.278553
vt 0.994583 0.110526
vt 0.995379 0.166474
vt 0.998117 0.166503
vt 0.994583 0.110526
vt 0.998117 0.166503
vt 0.997320 0.110555
vt 0.996846 0.054490
vt 0.994583 0.110526
vt 0.997320 0.110555
vt 0.996846 0.054490
vt 0.997320 0.110555
vt 0.999583 0.054519
vt 0.324583 0.164342
vt 0.324581 0.220587
vt 0.321251 0.220587
vt 0.324583 0.164342
vt 0.321251 0.220587
vt 0.321250 0.164342
vt 0.324581 0.220587
vt 0.321251 0.276809
vt 0.321251 0.220587
vt 0.324581 0.220587
vt 0.324581 0.276809
vt 0.321251 0.276809
vt 0.174146 0.418919
vt 0.087128 0.719032
vt 0.114806 0.731026
vt 0.174146 0.418919
vt 0.114806 0.731026
vt 0.203528 0.425033
vt 0.203528 0.425033
vt 0.114806 0.731026
vt 0.144188 0.737140
vt 0.203528 0.425033
vt 0.144188 0.737140
vt 0.231205 0.437028
vt 0.231205 0.437028
vt 0.144188 0.737140
vt 0.174146 0.737140
vt 0.231205 0.437028
vt 0.174146 0.737140
vt 0.256114 0.454440
vt 0.256114 0.454440
vt 0.174146 0.737140
vt 0.203528 0.731026
vt 0.256114 0.454440
vt 0.203528 0.731026
vt 0.277297 0.476602
vt 0.277297 0.476602
vt 0.203528 0.731026
vt 0.231205 0.719032
vt 0.277297 0.476602
vt 0.231205 0.719032
vt 0.293941 0.502662
vt 0.293941 0.502662
vt 0.231205 0.719032
vt 0.256114 0.701619
vt 0.293941 0.502662
vt 0.256114 0.701619
vt 0.305405 0.531619
vt 0.305405 0.531619
vt 0.256114 0.701619
vt 0.277298 0.679457
vt 0.305405 0.531619
vt 0.277298 0.679457
vt 0.311250 0.562359
vt 0.311250 0.562359
vt 0.277298 0.679457
vt 0.311250 0.593701
vt 0.311250 0.593701
vt 0.277298 0.679457
vt 0.293941 0.653397
vt 0.311250 0.593701
vt 0.293941 0.653397
vt 0.305405 0.624440
vt 0.024392 0.502662
vt 0.007083 0.562358
vt 0.007083 0.593701
vt 0.007083 0.562358
vt 0.024392 0.502662
vt 0.012928 0.531619
vt 0.024392 0.502662
vt 0.007083 0.593701
vt 0.041036 0.476602
vt 0.041036 0.476602
vt 0.007083 0.593701
vt 0.012928 0.624440
vt 0.041036 0.476602
vt 0.012928 0.624440
vt 0.062219 0.454440
vt 0.062219 0.454440
vt 0.012928 0.624440
vt 0.024392 0.653397
vt 0.062219 0.454440
vt 0.024392 0.653397
vt 0.087128 0.437027
vt 0.087128 0.437027
vt 0.024392 0.653397
vt 0.041036 0.679457
vt 0.087128 0.437027
vt 0.041036 0.679457
vt 0.114806 0.425033
vt 0.114806 0.425033
vt 0.041036 0.679457
vt 0.062219 0.701619
vt 0.114806 0.425033
vt 0.062219 0.701619
vt 0.144188 0.418919
vt 0.144188 0.418919
vt 0.062219 0.701619
vt 0.087128 0.719032
vt 0.144188 0.418919
vt 0.087128 0.719032
vt 0.174146 0.418919
vt 0.098783 0.338274
vt 0.124789 0.356453
vt 0.107639 0.390021
vt 0.098783 0.338274
vt 0.107639 0.390021
vt 0.075703 0.367696
vt 0.076667 0.315135
vt 0.098783 0.338274
vt 0.075703 0.367696
vt 0.076667 0.315135
vt 0.075703 0.367696
vt 0.048544 0.339281
vt 0.059290 0.287928
vt 0.076667 0.315135
vt 0.048544 0.339281
vt 0.059290 0.287928
vt 0.048544 0.339281
vt 0.027205 0.305870
vt 0.047321 0.257696
vt 0.059290 0.287928
vt 0.027205 0.305870
vt 0.047321 0.257696
vt 0.027205 0.305870
vt 0.012507 0.268745
vt 0.041219 0.225603
vt 0.047321 0.257696
vt 0.012507 0.268745
vt 0.041219 0.225603
vt 0.012507 0.268745
vt 0.005014 0.229333
vt 0.041219 0.192880
vt 0.041219 0.225603
vt 0.005014 0.229333
vt 0.041219 0.192880
vt 0.005014 0.229333
vt 0.005014 0.189150
vt 0.047321 0.160787
vt 0.041219 0.192880
vt 0.005014 0.189150
vt 0.047321 0.160787
vt 0.005014 0.189150
vt 0.012507 0.149738
vt 0.059290 0.130555
vt 0.047321 0.160787
vt 0.012507 0.149738
vt 0.059290 0.130555
vt 0.012507 0.149738
vt 0.027205 0.112613
vt 0.076667 0.103348
vt 0.059290 0.130555
vt 0.027205 0.112613
vt 0.076667 0.103348
vt 0.027205 0.112613
vt 0.048544 0.079202
vt 0.098783 0.080209
vt 0.076667 0.103348
vt 0.048544 0.079202
vt 0.098783 0.080209
vt 0.048544 0.079202
vt 0.075703 0.050787
vt 0.124789 0.062030
vt 0.098783 0.080209
vt 0.075703 0.050787
vt 0.124789 0.062030
vt 0.075703 0.050787
vt 0.107639 0.028462
vt 0.153685 0.049507
vt 0.124789 0.062030
vt 0.107639 0.028462
vt 0.153685 0.049507
vt 0.107639 0.028462
vt 0.143124 0.013085
vt 0.184361 0.043124
vt 0.153685 0.049507
vt 0.143124 0.013085
vt 0.184361 0.043124
vt 0.143124 0.013085
vt 0.180795 0.005245
vt 0.215639 0.043123
vt 0.184361 0.043124
vt 0.180795 0.005245
vt 0.215639 0.043123
vt 0.180795 0.005245
vt 0.219204 0.005245
vt 0.246315 0.049507
vt 0.215639 0.043123
vt 0.219204 0.005245
vt 0.246315 0.049507
vt 0.219204 0.005245
vt 0.256875 0.013085
vt 0.275211 0.062030
vt 0.246315 0.049507
vt 0.256875 0.013085
vt 0.275211 0.062030
vt 0.256875 0.013085
vt 0.292361 0.028462
vt 0.301217 0.080209
vt 0.275211 0.062030
vt 0.292361 0.028462
vt 0.301217 0.080209
vt 0.292361 0.028462
vt 0.324297 0.050787
vt 0.323333 0.103347
vt 0.301217 0.080209
vt 0.324297 0.050787
vt 0.323333 0.103347
vt 0.324297 0.050787
vt 0.351456 0.079201
vt 0.340710 0.130555
vt 0.323333 0.103347
vt 0.351456 0.079201
vt 0.340710 0.130555
vt 0.351456 0.079201
vt 0.372795 0.112613
vt 0.352679 0.160787
vt 0.340710 0.130555
vt 0.372795 0.112613
vt 0.352679 0.160787
vt 0.372795 0.112613
vt 0.387493 0.149738
vt 0.358781 0.192880
vt 0.352679 0.160787
vt 0.387493 0.149738
vt 0.358781 0.192880
vt 0.387493 0.149738
vt 0.394986 0.189150
vt 0.358781 0.225603
vt 0.358781 0.192880
vt 0.394986 0.189150
vt 0.358781 0.225603
vt 0.394986 0.189150
vt 0.394986 0.229333
vt 0.352679 0.257696
vt 0.358781 0.225603
vt 0.394986 0.229333
vt 0.352679 0.257696
vt 0.394986 0.229333
vt 0.387493 0.268745
vt 0.340710 0.287928
vt 0.352679 0.257696
vt 0.387493 0.268745
vt 0.340710 0.287928
vt 0.387493 0.268745
vt 0.372795 0.305870
vt 0.323333 0.315136
vt 0.340710 0.287928
vt 0.372795 0.305870
vt 0.323333 0.315136
vt 0.372795 0.305870
vt 0.351456 0.339282
vt 0.301217 0.338274
vt 0.323333 0.315136
vt 0.351456 0.339282
vt 0.301217 0.338274
vt 0.351456 0.339282
vt 0.324297 0.367696
vt 0.275211 0.356453
vt 0.301217 0.338274
vt 0.324297 0.367696
vt 0.275211 0.356453
vt 0.324297 0.367696
vt 0.292361 0.390021
vt 0.246315 0.368976
vt 0.275211 0.356453
vt 0.292361 0.390021
vt 0.246315 0.368976
vt 0.292361 0.390021
vt 0.256875 0.405398
vt 0.215639 0.375360
vt 0.246315 0.368976
vt 0.256875 0.405398
vt 0.215639 0.375360
vt 0.256875 0.405398
vt 0.219204 0.413238
vt 0.184361 0.375359
vt 0.215639 0.375360
vt 0.219204 0.413238
vt 0.184361 0.375359
vt 0.219204 0.413238
vt 0.180795 0.413238
vt 0.153685 0.368976
vt 0.184361 0.375359
vt 0.180795 0.413238
vt 0.153685 0.368976
vt 0.180795 0.413238
vt 0.143124 0.405398
vt 0.124789 0.356453
vt 0.153685 0.368976
vt 0.143124 0.405398
vt 0.124789 0.356453
vt 0.143124 0.405398
vt 0.107639 0.390021
vt 0.046676 0.077598
vt 0.075703 0.050787
vt 0.048544 0.079202
vt 0.046676 0.077598
vt 0.074170 0.048833
vt 0.075703 0.050787
vt 0.025074 0.111421
vt 0.046676 0.077598
vt 0.048544 0.079202
vt 0.025074 0.111421
vt 0.048544 0.079202
vt 0.027205 0.112613
vt 0.010194 0.149004
vt 0.027205 0.112613
vt 0.012507 0.149738
vt 0.010194 0.149004
vt 0.025074 0.111421
vt 0.027205 0.112613
vt 0.002609 0.188902
vt 0.012507 0.149738
vt 0.005014 0.189150
vt 0.002609 0.188902
vt 0.010194 0.149004
vt 0.012507 0.149738
vt 0.002609 0.229581
vt 0.002609 0.188902
vt 0.005014 0.189150
vt 0.002609 0.229581
vt 0.005014 0.189150
vt 0.005014 0.229333
vt 0.010194 0.269479
vt 0.002609 0.229581
vt 0.005014 0.229333
vt 0.010194 0.269479
vt 0.005014 0.229333
vt 0.012507 0.268745
vt 0.025074 0.307062
vt 0.010194 0.269479
vt 0.012507 0.268745
vt 0.025074 0.307062
vt 0.012507 0.268745
vt 0.027205 0.305870
vt 0.046676 0.340885
vt 0.027205 0.305870
vt 0.048544 0.339281
vt 0.046676 0.340885
vt 0.025074 0.307062
vt 0.027205 0.305870
vt 0.074170 0.369650
vt 0.048544 0.339281
vt 0.075703 0.367696
vt 0.074170 0.369650
vt 0.046676 0.340885
vt 0.048544 0.339281
vt 0.106500 0.392250
vt 0.074170 0.369650
vt 0.075703 0.367696
vt 0.106500 0.392250
vt 0.075703 0.367696
vt 0.107639 0.390021
vt 0.142423 0.407818
vt 0.106500 0.392250
vt 0.107639 0.390021
vt 0.142423 0.407818
vt 0.107639 0.390021
vt 0.143124 0.405398
vt 0.180559 0.415754
vt 0.143124 0.405398
vt 0.180795 0.413238
vt 0.180559 0.415754
vt 0.142423 0.407818
vt 0.143124 0.405398
vt 0.219441 0.415754
vt 0.180795 0.413238
vt 0.219204 0.413238
vt 0.219441 0.415754
vt 0.180559 0.415754
vt 0.180795 0.413238
vt 0.257577 0.407818
vt 0.219441 0.415754
vt 0.219204 0.413238
vt 0.257577 0.407818
vt 0.219204 0.413238
vt 0.256875 0.405398
vt 0.293500 0.392250
vt 0.256875 0.405398
vt 0.292361 0.390021
vt 0.293500 0.392250
vt 0.257577 0.407818
vt 0.256875 0.405398
vt 0.325830 0.369650
vt 0.292361 0.390021
vt 0.324297 0.367696
vt 0.325830 0.369650
vt 0.293500 0.392250
vt 0.292361 0.390021
vt 0.353324 0.340886
vt 0.325830 0.369650
vt 0.324297 0.367696
vt 0.353324 0.340886
vt 0.324297 0.367696
vt 0.351456 0.339282
vt 0.374926 0.307062
vt 0.351456 0.339282
vt 0.372795 0.305870
vt 0.374926 0.307062
vt 0.353324 0.340886
vt 0.351456 0.339282
vt 0.389806 0.269479
vt 0.374926 0.307062
vt 0.372795 0.305870
vt 0.389806 0.269479
vt 0.372795 0.305870
vt 0.387493 0.268745
vt 0.397391 0.229581
vt 0.387493 0.268745
vt 0.394986 0.229333
vt 0.397391 0.229581
vt 0.389806 0.269479
vt 0.387493 0.268745
vt 0.397391 0.188902
vt 0.394986 0.229333
vt 0.394986 0.189150
vt 0.397391 0.188902
vt 0.397391 0.229581
vt 0.394986 0.229333
vt 0.389806 0.149004
vt 0.397391 0.188902
vt 0.394986 0.189150
vt 0.389806 0.149004
vt 0.394986 0.189150
vt 0.387493 0.149738
vt 0.374926 0.111421
vt 0.389806 0.149004
vt 0.387493 0.149738
vt 0.374926 0.111421
vt 0.387493 0.149738
vt 0.372795 0.112613
vt 0.353324 0.077598
vt 0.374926 0.111421
vt 0.372795 0.112613
vt 0.353324 0.077598
vt 0.372795 0.112613
vt 0.351456 0.079201
vt 0.325830 0.048833
vt 0.353324 0.077598
vt 0.351456 0.079201
vt 0.325830 0.048833
vt 0.351456 0.079201
vt 0.324297 0.050787
vt 0.293500 0.026233
vt 0.324297 0.050787
vt 0.292361 0.028462
vt 0.293500 0.026233
vt 0.325830 0.048833
vt 0.324297 0.050787
vt 0.257577 0.010665
vt 0.292361 0.028462
vt 0.256875 0.013085
vt 0.257577 0.010665
vt 0.293500 0.026233
vt 0.292361 0.028462
vt 0.219441 0.002729
vt 0.257577 0.010665
vt 0.256875 0.013085
vt 0.219441 0.002729
vt 0.256875 0.013085
vt 0.219204 0.005245
vt 0.180559 0.002729
vt 0.219204 0.005245
vt 0.180795 0.005245
vt 0.180559 0.002729
vt 0.219441 0.002729
vt 0.219204 0.005245
vt 0.142423 0.010665
vt 0.180559 0.002729
vt 0.180795 0.005245
vt 0.142423 0.010665
vt 0.180795 0.005245
vt 0.143124 0.013085
vt 0.074170 0.048833
vt 0.107639 0.028462
vt 0.075703 0.050787
vt 0.074170 0.048833
vt 0.106500 0.026233
vt 0.107639 0.028462
vt 0.106500 0.026233
vt 0.143124 0.013085
vt 0.107639 0.028462
vt 0.106500 0.026233
vt 0.142423 0.010665
vt 0.143124 0.013085
vt 0.059290 0.287928
vt 0.047321 0.257696
vt 0.049273 0.257077
vt 0.059290 0.287928
vt 0.049273 0.257077
vt 0.061090 0.286921
vt 0.047321 0.257696
vt 0.043250 0.225393
vt 0.049273 0.257077
vt 0.047321 0.257696
vt 0.041219 0.225603
vt 0.043250 0.225393
vt 0.076667 0.315135
vt 0.059290 0.287928
vt 0.061090 0.286921
vt 0.076667 0.315135
vt 0.061090 0.286921
vt 0.078244 0.313781
vt 0.041219 0.225603
vt 0.043250 0.193090
vt 0.043250 0.225393
vt 0.041219 0.225603
vt 0.041219 0.192880
vt 0.043250 0.193090
vt 0.041219 0.192880
vt 0.049273 0.161407
vt 0.043250 0.193090
vt 0.041219 0.192880
vt 0.047321 0.160787
vt 0.049273 0.161407
vt 0.098783 0.338274
vt 0.076667 0.315135
vt 0.078244 0.313781
vt 0.098783 0.338274
vt 0.078244 0.313781
vt 0.100077 0.336623
vt 0.124789 0.356453
vt 0.098783 0.338274
vt 0.100077 0.336623
vt 0.124789 0.356453
vt 0.100077 0.336623
vt 0.125751 0.354571
vt 0.153685 0.368976
vt 0.124789 0.356453
vt 0.125751 0.354571
vt 0.153685 0.368976
vt 0.125751 0.354571
vt 0.154278 0.366933
vt 0.184361 0.375359
vt 0.153685 0.368976
vt 0.154278 0.366933
vt 0.184361 0.375359
vt 0.154278 0.366933
vt 0.184561 0.373235
vt 0.215639 0.375360
vt 0.184361 0.375359
vt 0.184561 0.373235
vt 0.215639 0.375360
vt 0.184561 0.373235
vt 0.215439 0.373235
vt 0.246315 0.368976
vt 0.215639 0.375360
vt 0.215439 0.373235
vt 0.246315 0.368976
vt 0.215439 0.373235
vt 0.245722 0.366933
vt 0.275211 0.356453
vt 0.246315 0.368976
vt 0.245722 0.366933
vt 0.275211 0.356453
vt 0.245722 0.366933
vt 0.274249 0.354571
vt 0.301217 0.338274
vt 0.275211 0.356453
vt 0.274249 0.354571
vt 0.301217 0.338274
vt 0.274249 0.354571
vt 0.299922 0.336624
vt 0.323333 0.315136
vt 0.301217 0.338274
vt 0.299922 0.336624
vt 0.323333 0.315136
vt 0.299922 0.336624
vt 0.321756 0.313781
vt 0.340710 0.287928
vt 0.323333 0.315136
vt 0.321756 0.313781
vt 0.340710 0.287928
vt 0.321756 0.313781
vt 0.338910 0.286922
vt 0.352679 0.257696
vt 0.340710 0.287928
vt 0.338910 0.286922
vt 0.352679 0.257696
vt 0.338910 0.286922
vt 0.350727 0.257077
vt 0.358781 0.225603
vt 0.352679 0.257696
vt 0.350727 0.257077
vt 0.358781 0.225603
vt 0.350727 0.257077
vt 0.356750 0.225393
vt 0.358781 0.192880
vt 0.358781 0.225603
vt 0.356750 0.225393
vt 0.358781 0.192880
vt 0.356750 0.225393
vt 0.356750 0.193090
vt 0.352679 0.160787
vt 0.358781 0.192880
vt 0.356750 0.193090
vt 0.352679 0.160787
vt 0.356750 0.193090
vt 0.350727 0.161406
vt 0.340710 0.130555
vt 0.352679 0.160787
vt 0.350727 0.161406
vt 0.340710 0.130555
vt 0.350727 0.161406
vt 0.338910 0.131562
vt 0.323333 0.103347
vt 0.340710 0.130555
vt 0.338910 0.131562
vt 0.323333 0.103347
vt 0.338910 0.131562
vt 0.321756 0.104702
vt 0.301217 0.080209
vt 0.323333 0.103347
vt 0.321756 0.104702
vt 0.301217 0.080209
vt 0.321756 0.104702
vt 0.299923 0.081859
vt 0.275211 0.062030
vt 0.301217 0.080209
vt 0.299923 0.081859
vt 0.275211 0.062030
vt 0.299923 0.081859
vt 0.274249 0.063912
vt 0.246315 0.049507
vt 0.275211 0.062030
vt 0.274249 0.063912
vt 0.246315 0.049507
vt 0.274249 0.063912
vt 0.245722 0.051550
vt 0.215639 0.043123
vt 0.246315 0.049507
vt 0.245722 0.051550
vt 0.215639 0.043123
vt 0.245722 0.051550
vt 0.215439 0.045248
vt 0.184361 0.043124
vt 0.215639 0.043123
vt 0.215439 0.045248
vt 0.184361 0.043124
vt 0.215439 0.045248
vt 0.184561 0.045248
vt 0.153685 0.049507
vt 0.184361 0.043124
vt 0.184561 0.045248
vt 0.153685 0.049507
vt 0.184561 0.045248
vt 0.154278 0.051550
vt 0.124789 0.062030
vt 0.153685 0.049507
vt 0.154278 0.051550
vt 0.124789 0.062030
vt 0.154278 0.051550
vt 0.125751 0.063912
vt 0.098783 0.080209
vt 0.124789 0.062030
vt 0.125751 0.063912
vt 0.098783 0.080209
vt 0.125751 0.063912
vt 0.100077 0.081860
vt 0.076667 0.103348
vt 0.098783 0.080209
vt 0.100077 0.081860
vt 0.076667 0.103348
vt 0.100077 0.081860
vt 0.078244 0.104702
vt 0.059290 0.130555
vt 0.076667 0.103348
vt 0.078244 0.104702
vt 0.059290 0.130555
vt 0.078244 0.104702
vt 0.061090 0.131562
vt 0.047321 0.160787
vt 0.061090 0.131562
vt 0.049273 0.161407
vt 0.047321 0.160787
vt 0.059290 0.130555
vt 0.061090 0.131562
vt 0.008086 0.270148
vt 0.002609 0.229581
vt 0.010194 0.269479
vt 0.008086 0.270148
vt 0.000417 0.229807
vt 0.002609 0.229581
vt 0.023132 0.308148
vt 0.008086 0.270148
vt 0.010194 0.269479
vt 0.023132 0.308148
vt 0.010194 0.269479
vt 0.025074 0.307062
vt 0.044973 0.342347
vt 0.025074 0.307062
vt 0.046676 0.340885
vt 0.044973 0.342347
vt 0.023132 0.308148
vt 0.025074 0.307062
vt 0.072773 0.371431
vt 0.044973 0.342347
vt 0.046676 0.340885
vt 0.072773 0.371431
vt 0.046676 0.340885
vt 0.074170 0.369650
vt 0.105462 0.394283
vt 0.074170 0.369650
vt 0.106500 0.392250
vt 0.105462 0.394283
vt 0.072773 0.371431
vt 0.074170 0.369650
vt 0.141784 0.410023
vt 0.105462 0.394283
vt 0.106500 0.392250
vt 0.141784 0.410023
vt 0.106500 0.392250
vt 0.142423 0.407818
vt 0.180343 0.418047
vt 0.141784 0.410023
vt 0.142423 0.407818
vt 0.180343 0.418047
vt 0.142423 0.407818
vt 0.180559 0.415754
vt 0.219657 0.418047
vt 0.180343 0.418047
vt 0.180559 0.415754
vt 0.219657 0.418047
vt 0.180559 0.415754
vt 0.219441 0.415754
vt 0.258216 0.410023
vt 0.219441 0.415754
vt 0.257577 0.407818
vt 0.258216 0.410023
vt 0.219657 0.418047
vt 0.219441 0.415754
vt 0.294538 0.394283
vt 0.257577 0.407818
vt 0.293500 0.392250
vt 0.294538 0.394283
vt 0.258216 0.410023
vt 0.257577 0.407818
vt 0.327227 0.371431
vt 0.294538 0.394283
vt 0.293500 0.392250
vt 0.327227 0.371431
vt 0.293500 0.392250
vt 0.325830 0.369650
vt 0.355026 0.342347
vt 0.325830 0.369650
vt 0.353324 0.340886
vt 0.355026 0.342347
vt 0.327227 0.371431
vt 0.325830 0.369650
vt 0.376868 0.308148
vt 0.355026 0.342347
vt 0.353324 0.340886
vt 0.376868 0.308148
vt 0.353324 0.340886
vt 0.374926 0.307062
vt 0.391914 0.270148
vt 0.374926 0.307062
vt 0.389806 0.269479
vt 0.391914 0.270148
vt 0.376868 0.308148
vt 0.374926 0.307062
vt 0.399583 0.229807
vt 0.391914 0.270148
vt 0.389806 0.269479
vt 0.399583 0.229807
vt 0.389806 0.269479
vt 0.397391 0.229581
vt 0.399583 0.188676
vt 0.399583 0.229807
vt 0.397391 0.229581
vt 0.399583 0.188676
vt 0.397391 0.229581
vt 0.397391 0.188902
vt 0.391914 0.148335
vt 0.397391 0.188902
vt 0.389806 0.149004
vt 0.391914 0.148335
vt 0.399583 0.188676
vt 0.397391 0.188902
vt 0.376868 0.110335
vt 0.391914 0.148335
vt 0.389806 0.149004
vt 0.376868 0.110335
vt 0.389806 0.149004
vt 0.374926 0.111421
vt 0.355027 0.076136
vt 0.374926 0.111421
vt 0.353324 0.077598
vt 0.355027 0.076136
vt 0.376868 0.110335
vt 0.374926 0.111421
vt 0.327227 0.047052
vt 0.353324 0.077598
vt 0.325830 0.048833
vt 0.327227 0.047052
vt 0.355027 0.076136
vt 0.353324 0.077598
vt 0.294538 0.024200
vt 0.327227 0.047052
vt 0.325830 0.048833
vt 0.294538 0.024200
vt 0.325830 0.048833
vt 0.293500 0.026233
vt 0.258216 0.008460
vt 0.293500 0.026233
vt 0.257577 0.010665
vt 0.258216 0.008460
vt 0.294538 0.024200
vt 0.293500 0.026233
vt 0.219657 0.000436
vt 0.258216 0.008460
vt 0.257577 0.010665
vt 0.219657 0.000436
vt 0.257577 0.010665
vt 0.219441 0.002729
vt 0.180343 0.000436
vt 0.219657 0.000436
vt 0.219441 0.002729
vt 0.180343 0.000436
vt 0.219441 0.002729
vt 0.180559 0.002729
vt 0.141784 0.008460
vt 0.180559 0.002729
vt 0.142423 0.010665
vt 0.141784 0.008460
vt 0.180343 0.000436
vt 0.180559 0.002729
vt 0.105462 0.024200
vt 0.142423 0.010665
vt 0.106500 0.026233
vt 0.105462 0.024200
vt 0.141784 0.008460
vt 0.142423 0.010665
vt 0.072773 0.047052
vt 0.105462 0.024200
vt 0.106500 0.026233
vt 0.072773 0.047052
vt 0.106500 0.026233
vt 0.074170 0.048833
vt 0.044973 0.076136
vt 0.074170 0.048833
vt 0.046676 0.077598
vt 0.044973 0.076136
vt 0.072773 0.047052
vt 0.074170 0.048833
vt 0.023131 0.110335
vt 0.044973 0.076136
vt 0.046676 0.077598
vt 0.023131 0.110335
vt 0.046676 0.077598
vt 0.025074 0.111421
vt 0.008086 0.148335
vt 0.025074 0.111421
vt 0.010194 0.149004
vt 0.008086 0.148335
vt 0.023131 0.110335
vt 0.025074 0.111421
vt 0.000417 0.188676
vt 0.008086 0.148335
vt 0.010194 0.149004
vt 0.000417 0.188676
vt 0.010194 0.149004
vt 0.002609 0.188902
vt 0.000417 0.229807
vt 0.002609 0.188902
vt 0.002609 0.229581
vt 0.000417 0.229807
vt 0.000417 0.188676
vt 0.002609 0.188902
vt 0.100077 0.336623
vt 0.078244 0.313781
vt 0.079581 0.312633
vt 0.100077 0.336623
vt 0.079581 0.312633
vt 0.101175 0.335224
vt 0.078244 0.313781
vt 0.062615 0.286068
vt 0.079581 0.312633
vt 0.078244 0.313781
vt 0.061090 0.286921
vt 0.062615 0.286068
vt 0.125751 0.354571
vt 0.100077 0.336623
vt 0.101175 0.335224
vt 0.125751 0.354571
vt 0.101175 0.335224
vt 0.126566 0.352974
vt 0.154278 0.366933
vt 0.125751 0.354571
vt 0.126566 0.352974
vt 0.154278 0.366933
vt 0.126566 0.352974
vt 0.154780 0.365201
vt 0.184561 0.373235
vt 0.154278 0.366933
vt 0.154780 0.365201
vt 0.184561 0.373235
vt 0.154780 0.365201
vt 0.184731 0.371434
vt 0.061090 0.286921
vt 0.049273 0.257077
vt 0.050929 0.256551
vt 0.061090 0.286921
vt 0.050929 0.256551
vt 0.062615 0.286068
vt 0.049273 0.257077
vt 0.043250 0.225393
vt 0.044971 0.225216
vt 0.049273 0.257077
vt 0.044971 0.225216
vt 0.050929 0.256551
vt 0.043250 0.225393
vt 0.044971 0.193267
vt 0.044971 0.225216
vt 0.043250 0.225393
vt 0.043250 0.193090
vt 0.044971 0.193267
vt 0.043250 0.193090
vt 0.050929 0.161932
vt 0.044971 0.193267
vt 0.043250 0.193090
vt 0.049273 0.161407
vt 0.050929 0.161932
vt 0.049273 0.161407
vt 0.061090 0.131562
vt 0.062615 0.132415
vt 0.049273 0.161407
vt 0.062615 0.132415
vt 0.050929 0.161932
vt 0.061090 0.131562
vt 0.079581 0.105850
vt 0.062615 0.132415
vt 0.061090 0.131562
vt 0.078244 0.104702
vt 0.079581 0.105850
vt 0.215439 0.373235
vt 0.184561 0.373235
vt 0.184731 0.371434
vt 0.215439 0.373235
vt 0.184731 0.371434
vt 0.215269 0.371434
vt 0.245722 0.366933
vt 0.215439 0.373235
vt 0.215269 0.371434
vt 0.245722 0.366933
vt 0.215269 0.371434
vt 0.245220 0.365201
vt 0.274249 0.354571
vt 0.245722 0.366933
vt 0.245220 0.365201
vt 0.274249 0.354571
vt 0.245220 0.365201
vt 0.273434 0.352975
vt 0.299922 0.336624
vt 0.274249 0.354571
vt 0.273434 0.352975
vt 0.299922 0.336624
vt 0.273434 0.352975
vt 0.298825 0.335225
vt 0.321756 0.313781
vt 0.299922 0.336624
vt 0.298825 0.335225
vt 0.321756 0.313781
vt 0.298825 0.335225
vt 0.320419 0.312633
vt 0.338910 0.286922
vt 0.321756 0.313781
vt 0.320419 0.312633
vt 0.338910 0.286922
vt 0.320419 0.312633
vt 0.337385 0.286068
vt 0.350727 0.257077
vt 0.338910 0.286922
vt 0.337385 0.286068
vt 0.350727 0.257077
vt 0.337385 0.286068
vt 0.349071 0.256551
vt 0.356750 0.225393
vt 0.350727 0.257077
vt 0.349071 0.256551
vt 0.356750 0.225393
vt 0.349071 0.256551
vt 0.355029 0.225216
vt 0.356750 0.193090
vt 0.356750 0.225393
vt 0.355029 0.225216
vt 0.356750 0.193090
vt 0.355029 0.225216
vt 0.355029 0.193267
vt 0.350727 0.161406
vt 0.356750 0.193090
vt 0.355029 0.193267
vt 0.350727 0.161406
vt 0.355029 0.193267
vt 0.349071 0.161932
vt 0.338910 0.131562
vt 0.350727 0.161406
vt 0.349071 0.161932
vt 0.338910 0.131562
vt 0.349071 0.161932
vt 0.337385 0.132415
vt 0.321756 0.104702
vt 0.338910 0.131562
vt 0.337385 0.132415
vt 0.321756 0.104702
vt 0.337385 0.132415
vt 0.320419 0.105850
vt 0.299923 0.081859
vt 0.321756 0.104702
vt 0.320419 0.105850
vt 0.299923 0.081859
vt 0.320419 0.105850
vt 0.298825 0.083259
vt 0.274249 0.063912
vt 0.299923 0.081859
vt 0.298825 0.083259
vt 0.274249 0.063912
vt 0.298825 0.083259
vt 0.273434 0.065509
vt 0.245722 0.051550
vt 0.274249 0.063912
vt 0.273434 0.065509
vt 0.245722 0.051550
vt 0.273434 0.065509
vt 0.245220 0.053282
vt 0.078244 0.104702
vt 0.100077 0.081860
vt 0.101175 0.083259
vt 0.078244 0.104702
vt 0.101175 0.083259
vt 0.079581 0.105850
vt 0.100077 0.081860
vt 0.126566 0.065509
vt 0.101175 0.083259
vt 0.100077 0.081860
vt 0.125751 0.063912
vt 0.126566 0.065509
vt 0.215439 0.045248
vt 0.245722 0.051550
vt 0.245220 0.053282
vt 0.215439 0.045248
vt 0.245220 0.053282
vt 0.215269 0.047049
vt 0.184561 0.045248
vt 0.215439 0.045248
vt 0.215269 0.047049
vt 0.184561 0.045248
vt 0.215269 0.047049
vt 0.184731 0.047049
vt 0.154278 0.051550
vt 0.184561 0.045248
vt 0.184731 0.047049
vt 0.154278 0.051550
vt 0.184731 0.047049
vt 0.154780 0.053282
vt 0.125751 0.063912
vt 0.154278 0.051550
vt 0.154780 0.053282
vt 0.125751 0.063912
vt 0.154780 0.053282
vt 0.126566 0.065509
vt 0.584288 0.959876
vt 0.623750 0.959201
vt 0.623750 0.961751
vt 0.584288 0.959876
vt 0.623750 0.961751
vt 0.584367 0.962425
vt 0.623750 0.797297
vt 0.623750 0.959201
vt 0.584288 0.959876
vt 0.623750 0.797297
vt 0.584288 0.959876
vt 0.579257 0.798058
vt 0.668243 0.798058
vt 0.623750 0.959201
vt 0.623750 0.797297
vt 0.668243 0.798058
vt 0.663212 0.959876
vt 0.623750 0.959201
vt 0.623750 0.959201
vt 0.663212 0.959876
vt 0.663133 0.962425
vt 0.623750 0.959201
vt 0.663133 0.962425
vt 0.623750 0.961751
vt 0.712689 0.800340
vt 0.663212 0.959876
vt 0.668243 0.798058
vt 0.712689 0.800340
vt 0.702633 0.961900
vt 0.663212 0.959876
vt 0.663212 0.959876
vt 0.702633 0.961900
vt 0.702475 0.964444
vt 0.663212 0.959876
vt 0.702475 0.964444
vt 0.663133 0.962425
vt 0.757040 0.804140
vt 0.702633 0.961900
vt 0.712689 0.800340
vt 0.757040 0.804140
vt 0.741969 0.965271
vt 0.702633 0.961900
vt 0.702633 0.961900
vt 0.741731 0.967804
vt 0.702475 0.964444
vt 0.702633 0.961900
vt 0.741969 0.965271
vt 0.741731 0.967804
vt 0.579257 0.798058
vt 0.584288 0.959876
vt 0.544867 0.961900
vt 0.579257 0.798058
vt 0.544867 0.961900
vt 0.534811 0.800340
vt 0.544867 0.961900
vt 0.584288 0.959876
vt 0.584367 0.962425
vt 0.544867 0.961900
vt 0.584367 0.962425
vt 0.545025 0.964444
vt 0.534811 0.800340
vt 0.544867 0.961900
vt 0.505531 0.965271
vt 0.534811 0.800340
vt 0.505531 0.965271
vt 0.490460 0.804140
vt 0.505531 0.965271
vt 0.544867 0.961900
vt 0.545025 0.964444
vt 0.505531 0.965271
vt 0.545025 0.964444
vt 0.505769 0.967804
vt 0.801250 0.809455
vt 0.741969 0.965271
vt 0.757040 0.804140
vt 0.801250 0.809455
vt 0.781182 0.969996
vt 0.741969 0.965271
vt 0.741969 0.965271
vt 0.780821 0.972527
vt 0.741731 0.967804
vt 0.741969 0.965271
vt 0.781182 0.969996
vt 0.780821 0.972527
vt 0.623750 0.961751
vt 0.663133 0.962425
vt 0.663050 0.965091
vt 0.623750 0.961751
vt 0.663050 0.965091
vt 0.623750 0.964419
vt 0.584367 0.962425
vt 0.623750 0.961751
vt 0.623750 0.964419
vt 0.584367 0.962425
vt 0.623750 0.964419
vt 0.584449 0.965091
vt 0.663133 0.962425
vt 0.702309 0.967106
vt 0.663050 0.965091
vt 0.663133 0.962425
vt 0.702475 0.964444
vt 0.702309 0.967106
vt 0.545025 0.964444
vt 0.584367 0.962425
vt 0.584449 0.965091
vt 0.545025 0.964444
vt 0.584449 0.965091
vt 0.545190 0.967106
vt 0.702475 0.964444
vt 0.741731 0.967804
vt 0.741482 0.970453
vt 0.702475 0.964444
vt 0.741482 0.970453
vt 0.702309 0.967106
vt 0.490460 0.804140
vt 0.505531 0.965271
vt 0.466318 0.969996
vt 0.490460 0.804140
vt 0.466318 0.969996
vt 0.446250 0.809455
vt 0.466318 0.969996
vt 0.505531 0.965271
vt 0.505769 0.967804
vt 0.466318 0.969996
vt 0.505769 0.967804
vt 0.466679 0.972527
vt 0.505769 0.967804
vt 0.545025 0.964444
vt 0.545190 0.967106
vt 0.505769 0.967804
vt 0.545190 0.967106
vt 0.506018 0.970453
vt 0.741731 0.967804
vt 0.780821 0.972527
vt 0.780371 0.975153
vt 0.741731 0.967804
vt 0.780371 0.975153
vt 0.741482 0.970453
vt 0.466679 0.972527
vt 0.505769 0.967804
vt 0.506018 0.970453
vt 0.466679 0.972527
vt 0.506018 0.970453
vt 0.467129 0.975153
vt 0.193454 0.900591
vt 0.232917 0.899916
vt 0.232917 0.902466
vt 0.193454 0.900591
vt 0.232917 0.902466
vt 0.193533 0.903140
vt 0.232917 0.738012
vt 0.232917 0.899916
vt 0.193454 0.900591
vt 0.232917 0.738012
vt 0.193454 0.900591
vt 0.188424 0.738773
vt 0.277410 0.738773
vt 0.232917 0.899916
vt 0.232917 0.738012
vt 0.277410 0.738773
vt 0.272379 0.900591
vt 0.232917 0.899916
vt 0.232917 0.899916
vt 0.272300 0.903140
vt 0.232917 0.902466
vt 0.232917 0.899916
vt 0.272379 0.900591
vt 0.272300 0.903140
vt 0.321856 0.741055
vt 0.272379 0.900591
vt 0.277410 0.738773
vt 0.321856 0.741055
vt 0.311799 0.902615
vt 0.272379 0.900591
vt 0.272379 0.900591
vt 0.311799 0.902615
vt 0.311641 0.905159
vt 0.272379 0.900591
vt 0.311641 0.905159
vt 0.272300 0.903140
vt 0.366207 0.744855
vt 0.311799 0.902615
vt 0.321856 0.741055
vt 0.366207 0.744855
vt 0.351135 0.905986
vt 0.311799 0.902615
vt 0.311799 0.902615
vt 0.351135 0.905986
vt 0.350897 0.908518
vt 0.311799 0.902615
vt 0.350897 0.908518
vt 0.311641 0.905159
vt 0.188424 0.738773
vt 0.193454 0.900591
vt 0.154034 0.902615
vt 0.188424 0.738773
vt 0.154034 0.902615
vt 0.143978 0.741055
vt 0.154034 0.902615
vt 0.193454 0.900591
vt 0.193533 0.903140
vt 0.154034 0.902615
vt 0.193533 0.903140
vt 0.154192 0.905159
vt 0.143978 0.741055
vt 0.154034 0.902615
vt 0.114698 0.905986
vt 0.143978 0.741055
vt 0.114698 0.905986
vt 0.099627 0.744855
vt 0.114698 0.905986
vt 0.154034 0.902615
vt 0.154192 0.905159
vt 0.114698 0.905986
vt 0.154192 0.905159
vt 0.114936 0.908519
vt 0.410417 0.750170
vt 0.351135 0.905986
vt 0.366207 0.744855
vt 0.410417 0.750170
vt 0.390349 0.910711
vt 0.351135 0.905986
vt 0.351135 0.905986
vt 0.389988 0.913242
vt 0.350897 0.908518
vt 0.351135 0.905986
vt 0.390349 0.910711
vt 0.389988 0.913242
vt 0.232917 0.902466
vt 0.272300 0.903140
vt 0.272217 0.905806
vt 0.232917 0.902466
vt 0.272217 0.905806
vt 0.232916 0.905134
vt 0.193533 0.903140
vt 0.232917 0.902466
vt 0.232916 0.905134
vt 0.193533 0.903140
vt 0.232916 0.905134
vt 0.193616 0.905806
vt 0.272300 0.903140
vt 0.311641 0.905159
vt 0.311476 0.907821
vt 0.272300 0.903140
vt 0.311476 0.907821
vt 0.272217 0.905806
vt 0.154192 0.905159
vt 0.193533 0.903140
vt 0.193616 0.905806
vt 0.154192 0.905159
vt 0.193616 0.905806
vt 0.154357 0.907821
vt 0.311641 0.905159
vt 0.350648 0.911168
vt 0.311476 0.907821
vt 0.311641 0.905159
vt 0.350897 0.908518
vt 0.350648 0.911168
vt 0.099627 0.744855
vt 0.114698 0.905986
vt 0.075484 0.910711
vt 0.099627 0.744855
vt 0.075484 0.910711
vt 0.055417 0.750170
vt 0.075484 0.910711
vt 0.114698 0.905986
vt 0.114936 0.908519
vt 0.075484 0.910711
vt 0.114936 0.908519
vt 0.075845 0.913242
vt 0.114936 0.908519
vt 0.154192 0.905159
vt 0.154357 0.907821
vt 0.114936 0.908519
vt 0.154357 0.907821
vt 0.115184 0.911168
vt 0.350897 0.908518
vt 0.389988 0.913242
vt 0.389537 0.915868
vt 0.350897 0.908518
vt 0.389537 0.915868
vt 0.350648 0.911168
vt 0.075845 0.913242
vt 0.114936 0.908519
vt 0.115184 0.911168
vt 0.075845 0.913242
vt 0.115184 0.911168
vt 0.076296 0.915868
vt 0.734148 0.565951
vt 0.733503 0.607237
vt 0.735941 0.607236
vt 0.734148 0.565951
vt 0.735941 0.607236
vt 0.736584 0.566033
vt 0.578750 0.607237
vt 0.733503 0.607237
vt 0.734148 0.565951
vt 0.578750 0.607237
vt 0.734148 0.565951
vt 0.579477 0.560688
vt 0.579477 0.653785
vt 0.733503 0.607237
vt 0.578750 0.607237
vt 0.579477 0.653785
vt 0.734148 0.648522
vt 0.733503 0.607237
vt 0.733503 0.607237
vt 0.734148 0.648522
vt 0.736584 0.648439
vt 0.733503 0.607237
vt 0.736584 0.648439
vt 0.735941 0.607236
vt 0.581658 0.700285
vt 0.734148 0.648522
vt 0.579477 0.653785
vt 0.581658 0.700285
vt 0.736083 0.689764
vt 0.734148 0.648522
vt 0.734148 0.648522
vt 0.738515 0.689598
vt 0.736584 0.648439
vt 0.734148 0.648522
vt 0.736083 0.689764
vt 0.738515 0.689598
vt 0.585291 0.746685
vt 0.736083 0.689764
vt 0.581658 0.700285
vt 0.585291 0.746685
vt 0.739305 0.730918
vt 0.736083 0.689764
vt 0.736083 0.689764
vt 0.739305 0.730918
vt 0.741726 0.730668
vt 0.736083 0.689764
vt 0.741726 0.730668
vt 0.738515 0.689598
vt 0.579477 0.560688
vt 0.734148 0.565951
vt 0.736083 0.524709
vt 0.579477 0.560688
vt 0.736083 0.524709
vt 0.581658 0.514188
vt 0.736083 0.524709
vt 0.734148 0.565951
vt 0.736584 0.566033
vt 0.736083 0.524709
vt 0.736584 0.566033
vt 0.738515 0.524874
vt 0.581658 0.514188
vt 0.736083 0.524709
vt 0.739305 0.483555
vt 0.581658 0.514188
vt 0.739305 0.483555
vt 0.585291 0.467787
vt 0.739305 0.483555
vt 0.736083 0.524709
vt 0.738515 0.524874
vt 0.739305 0.483555
vt 0.738515 0.524874
vt 0.741726 0.483804
vt 0.590371 0.792938
vt 0.739305 0.730918
vt 0.585291 0.746685
vt 0.590371 0.792938
vt 0.743822 0.771943
vt 0.739305 0.730918
vt 0.739305 0.730918
vt 0.746240 0.771566
vt 0.741726 0.730668
vt 0.739305 0.730918
vt 0.743822 0.771943
vt 0.746240 0.771566
vt 0.735941 0.607236
vt 0.736584 0.648439
vt 0.739133 0.648352
vt 0.735941 0.607236
vt 0.739133 0.648352
vt 0.738490 0.607236
vt 0.736584 0.566033
vt 0.735941 0.607236
vt 0.738490 0.607236
vt 0.736584 0.566033
vt 0.738490 0.607236
vt 0.739133 0.566120
vt 0.736584 0.648439
vt 0.738515 0.689598
vt 0.741059 0.689425
vt 0.736584 0.648439
vt 0.741059 0.689425
vt 0.739133 0.648352
vt 0.738515 0.524874
vt 0.736584 0.566033
vt 0.739133 0.566120
vt 0.738515 0.524874
vt 0.739133 0.566120
vt 0.741059 0.525047
vt 0.738515 0.689598
vt 0.744258 0.730408
vt 0.741059 0.689425
vt 0.738515 0.689598
vt 0.741726 0.730668
vt 0.744258 0.730408
vt 0.585291 0.467787
vt 0.739305 0.483555
vt 0.743822 0.442529
vt 0.585291 0.467787
vt 0.743822 0.442529
vt 0.590371 0.421534
vt 0.743822 0.442529
vt 0.739305 0.483555
vt 0.741726 0.483804
vt 0.743822 0.442529
vt 0.741726 0.483804
vt 0.746240 0.442907
vt 0.741726 0.483804
vt 0.738515 0.524874
vt 0.741059 0.525047
vt 0.741726 0.483804
vt 0.741059 0.525047
vt 0.744258 0.484064
vt 0.741726 0.730668
vt 0.746240 0.771566
vt 0.748750 0.771094
vt 0.741726 0.730668
vt 0.748750 0.771094
vt 0.744258 0.730408
vt 0.746240 0.442907
vt 0.741726 0.483804
vt 0.744258 0.484064
vt 0.746240 0.442907
vt 0.744258 0.484064
vt 0.748750 0.443378
vt 0.729148 0.186700
vt 0.728503 0.227986
vt 0.730941 0.227986
vt 0.729148 0.186700
vt 0.730941 0.227986
vt 0.731584 0.186783
vt 0.573750 0.227986
vt 0.728503 0.227986
vt 0.729148 0.186700
vt 0.573750 0.227986
vt 0.729148 0.186700
vt 0.574477 0.181437
vt 0.574477 0.274535
vt 0.728503 0.227986
vt 0.573750 0.227986
vt 0.574477 0.274535
vt 0.729148 0.269272
vt 0.728503 0.227986
vt 0.728503 0.227986
vt 0.729148 0.269272
vt 0.731584 0.269189
vt 0.728503 0.227986
vt 0.731584 0.269189
vt 0.730941 0.227986
vt 0.576658 0.321035
vt 0.729148 0.269272
vt 0.574477 0.274535
vt 0.576658 0.321035
vt 0.731083 0.310514
vt 0.729148 0.269272
vt 0.729148 0.269272
vt 0.733515 0.310348
vt 0.731584 0.269189
vt 0.729148 0.269272
vt 0.731083 0.310514
vt 0.733515 0.310348
vt 0.580291 0.367435
vt 0.731083 0.310514
vt 0.576658 0.321035
vt 0.580291 0.367435
vt 0.734305 0.351667
vt 0.731083 0.310514
vt 0.731083 0.310514
vt 0.736726 0.351418
vt 0.733515 0.310348
vt 0.731083 0.310514
vt 0.734305 0.351667
vt 0.736726 0.351418
vt 0.574477 0.181437
vt 0.729148 0.186700
vt 0.731083 0.145458
vt 0.574477 0.181437
vt 0.731083 0.145458
vt 0.576658 0.134938
vt 0.731083 0.145458
vt 0.729148 0.186700
vt 0.731584 0.186783
vt 0.731083 0.145458
vt 0.731584 0.186783
vt 0.733515 0.145624
vt 0.576658 0.134938
vt 0.731083 0.145458
vt 0.734305 0.104305
vt 0.576658 0.134938
vt 0.734305 0.104305
vt 0.580291 0.088537
vt 0.734305 0.104305
vt 0.731083 0.145458
vt 0.733515 0.145624
vt 0.734305 0.104305
vt 0.733515 0.145624
vt 0.736726 0.104554
vt 0.585371 0.413688
vt 0.734305 0.351667
vt 0.580291 0.367435
vt 0.585371 0.413688
vt 0.738822 0.392693
vt 0.734305 0.351667
vt 0.734305 0.351667
vt 0.741240 0.392316
vt 0.736726 0.351418
vt 0.734305 0.351667
vt 0.738822 0.392693
vt 0.741240 0.392316
vt 0.730941 0.227986
vt 0.731584 0.269189
vt 0.734133 0.269102
vt 0.730941 0.227986
vt 0.734133 0.269102
vt 0.733490 0.227986
vt 0.731584 0.186783
vt 0.730941 0.227986
vt 0.733490 0.227986
vt 0.731584 0.186783
vt 0.733490 0.227986
vt 0.734133 0.186869
vt 0.731584 0.269189
vt 0.736059 0.310175
vt 0.734133 0.269102
vt 0.731584 0.269189
vt 0.733515 0.310348
vt 0.736059 0.310175
vt 0.733515 0.145624
vt 0.731584 0.186783
vt 0.734133 0.186869
vt 0.733515 0.145624
vt 0.734133 0.186869
vt 0.736059 0.145796
vt 0.733515 0.310348
vt 0.736726 0.351418
vt 0.739258 0.351158
vt 0.733515 0.310348
vt 0.739258 0.351158
vt 0.736059 0.310175
vt 0.580291 0.088537
vt 0.734305 0.104305
vt 0.738822 0.063279
vt 0.580291 0.088537
vt 0.738822 0.063279
vt 0.585371 0.042284
vt 0.738822 0.063279
vt 0.734305 0.104305
vt 0.736726 0.104554
vt 0.738822 0.063279
vt 0.736726 0.104554
vt 0.741241 0.063657
vt 0.736726 0.104554
vt 0.733515 0.145624
vt 0.736059 0.145796
vt 0.736726 0.104554
vt 0.736059 0.145796
vt 0.739258 0.104814
vt 0.736726 0.351418
vt 0.741240 0.392316
vt 0.743750 0.391844
vt 0.736726 0.351418
vt 0.743750 0.391844
vt 0.739258 0.351158
vt 0.741241 0.063657
vt 0.736726 0.104554
vt 0.739258 0.104814
vt 0.741241 0.063657
vt 0.739258 0.104814
vt 0.743750 0.064128
vt 0.922469 0.749560
vt 0.924529 0.780896
vt 0.924530 0.749560
vt 0.922469 0.749560
vt 0.922468 0.780896
vt 0.924529 0.780896
vt 0.924530 0.749560
vt 0.924529 0.780896
vt 0.999558 0.780896
vt 0.924530 0.749560
vt 0.999558 0.780896
vt 0.999559 0.749567
vt 0.924529 0.780896
vt 0.999560 0.812224
vt 0.999558 0.780896
vt 0.924529 0.780896
vt 0.924531 0.812233
vt 0.999560 0.812224
vt 0.922468 0.780896
vt 0.924531 0.812233
vt 0.924529 0.780896
vt 0.922468 0.780896
vt 0.922470 0.812233
vt 0.924531 0.812233
vt 0.924531 0.812233
vt 0.999565 0.843553
vt 0.999560 0.812224
vt 0.924531 0.812233
vt 0.924536 0.843571
vt 0.999565 0.843553
vt 0.922470 0.812233
vt 0.924536 0.843571
vt 0.924531 0.812233
vt 0.922470 0.812233
vt 0.922471 0.843572
vt 0.924536 0.843571
vt 0.924535 0.718223
vt 0.924530 0.749560
vt 0.999559 0.749567
vt 0.924535 0.718223
vt 0.999559 0.749567
vt 0.999564 0.718239
vt 0.922473 0.718223
vt 0.924530 0.749560
vt 0.924535 0.718223
vt 0.922473 0.718223
vt 0.922469 0.749560
vt 0.924530 0.749560
vt 0.924536 0.843571
vt 0.999574 0.874881
vt 0.999565 0.843553
vt 0.924536 0.843571
vt 0.924552 0.874905
vt 0.999574 0.874881
vt 0.922471 0.843572
vt 0.924552 0.874905
vt 0.924536 0.843571
vt 0.922471 0.843572
vt 0.922494 0.874905
vt 0.924552 0.874905
vt 0.924542 0.686885
vt 0.924535 0.718223
vt 0.999564 0.718239
vt 0.924542 0.686885
vt 0.999564 0.718239
vt 0.999572 0.686910
vt 0.922476 0.686884
vt 0.922473 0.718223
vt 0.924535 0.718223
vt 0.922476 0.686884
vt 0.924535 0.718223
vt 0.924542 0.686885
vt 0.924552 0.874905
vt 0.999583 0.906210
vt 0.999574 0.874881
vt 0.924552 0.874905
vt 0.924564 0.906235
vt 0.999583 0.906210
vt 0.922494 0.874905
vt 0.924564 0.906235
vt 0.924552 0.874905
vt 0.922494 0.874905
vt 0.922503 0.906277
vt 0.924564 0.906235
vt 0.920417 0.780897
vt 0.922470 0.812233
vt 0.922468 0.780896
vt 0.920417 0.780897
vt 0.920419 0.812234
vt 0.922470 0.812233
vt 0.920419 0.749560
vt 0.922468 0.780896
vt 0.922469 0.749560
vt 0.920419 0.749560
vt 0.920417 0.780897
vt 0.922468 0.780896
vt 0.920419 0.812234
vt 0.922471 0.843572
vt 0.922470 0.812233
vt 0.920419 0.812234
vt 0.920417 0.843573
vt 0.922471 0.843572
vt 0.924564 0.655552
vt 0.924542 0.686885
vt 0.999572 0.686910
vt 0.924564 0.655552
vt 0.999572 0.686910
vt 0.999583 0.655582
vt 0.922511 0.655509
vt 0.922476 0.686884
vt 0.924542 0.686885
vt 0.922511 0.655509
vt 0.924542 0.686885
vt 0.924564 0.655552
vt 0.920423 0.718223
vt 0.920419 0.749560
vt 0.922469 0.749560
vt 0.920423 0.718223
vt 0.922469 0.749560
vt 0.922473 0.718223
vt 0.920421 0.686884
vt 0.920423 0.718223
vt 0.922473 0.718223
vt 0.920421 0.686884
vt 0.922473 0.718223
vt 0.922476 0.686884
vt 0.920417 0.843573
vt 0.922494 0.874905
vt 0.922471 0.843572
vt 0.920417 0.843573
vt 0.920443 0.875024
vt 0.922494 0.874905
vt 0.920448 0.655389
vt 0.922476 0.686884
vt 0.922511 0.655509
vt 0.920448 0.655389
vt 0.920421 0.686884
vt 0.922476 0.686884
vt 0.923800 0.623801
vt 0.920448 0.655389
vt 0.922511 0.655509
vt 0.923800 0.623801
vt 0.922511 0.655509
vt 0.925847 0.624155
vt 0.127288 0.918887
vt 0.157241 0.921042
vt 0.127288 0.921043
vt 0.127288 0.918887
vt 0.157241 0.918885
vt 0.157241 0.921042
vt 0.127288 0.921043
vt 0.157241 0.921042
vt 0.157240 0.999538
vt 0.127288 0.921043
vt 0.157240 0.999538
vt 0.127295 0.999539
vt 0.157241 0.921042
vt 0.187185 0.999540
vt 0.157240 0.999538
vt 0.157241 0.921042
vt 0.187193 0.921044
vt 0.187185 0.999540
vt 0.157241 0.918885
vt 0.187193 0.921044
vt 0.157241 0.921042
vt 0.157241 0.918885
vt 0.187193 0.918887
vt 0.187193 0.921044
vt 0.187193 0.921044
vt 0.217129 0.999545
vt 0.187185 0.999540
vt 0.187193 0.921044
vt 0.217146 0.921049
vt 0.217129 0.999545
vt 0.187193 0.918887
vt 0.217146 0.921049
vt 0.187193 0.921044
vt 0.187193 0.918887
vt 0.217147 0.918889
vt 0.217146 0.921049
vt 0.097336 0.921048
vt 0.127288 0.921043
vt 0.127295 0.999539
vt 0.097336 0.921048
vt 0.127295 0.999539
vt 0.097351 0.999544
vt 0.097336 0.918891
vt 0.127288 0.921043
vt 0.097336 0.921048
vt 0.097336 0.918891
vt 0.127288 0.918887
vt 0.127288 0.921043
vt 0.217146 0.921049
vt 0.247074 0.999554
vt 0.217129 0.999545
vt 0.217146 0.921049
vt 0.247096 0.921066
vt 0.247074 0.999554
vt 0.217147 0.918889
vt 0.247096 0.921066
vt 0.217146 0.921049
vt 0.217147 0.918889
vt 0.247097 0.918912
vt 0.247096 0.921066
vt 0.067382 0.921056
vt 0.097336 0.921048
vt 0.097351 0.999544
vt 0.067382 0.921056
vt 0.097351 0.999544
vt 0.067406 0.999552
vt 0.067381 0.918894
vt 0.097336 0.921048
vt 0.067382 0.921056
vt 0.067381 0.918894
vt 0.097336 0.918891
vt 0.097336 0.921048
vt 0.247096 0.921066
vt 0.277019 0.999564
vt 0.247074 0.999554
vt 0.247096 0.921066
vt 0.277043 0.921078
vt 0.277019 0.999564
vt 0.247097 0.918912
vt 0.277043 0.921078
vt 0.247096 0.921066
vt 0.247097 0.918912
vt 0.277083 0.918922
vt 0.277043 0.921078
vt 0.157241 0.916740
vt 0.187193 0.918887
vt 0.157241 0.918885
vt 0.157241 0.916740
vt 0.187193 0.916742
vt 0.187193 0.918887
vt 0.127288 0.916741
vt 0.157241 0.916740
vt 0.157241 0.918885
vt 0.127288 0.916741
vt 0.157241 0.918885
vt 0.127288 0.918887
vt 0.187193 0.916742
vt 0.217147 0.918889
vt 0.187193 0.918887
vt 0.187193 0.916742
vt 0.217148 0.916739
vt 0.217147 0.918889
vt 0.037433 0.921078
vt 0.067382 0.921056
vt 0.067406 0.999552
vt 0.037433 0.921078
vt 0.067406 0.999552
vt 0.037461 0.999564
vt 0.037391 0.918930
vt 0.067381 0.918894
vt 0.067382 0.921056
vt 0.037391 0.918930
vt 0.067382 0.921056
vt 0.037433 0.921078
vt 0.097336 0.916746
vt 0.127288 0.918887
vt 0.097336 0.918891
vt 0.097336 0.916746
vt 0.127288 0.916741
vt 0.127288 0.918887
vt 0.067380 0.916743
vt 0.097336 0.918891
vt 0.067381 0.918894
vt 0.067380 0.916743
vt 0.097336 0.916746
vt 0.097336 0.918891
vt 0.217148 0.916739
vt 0.247097 0.918912
vt 0.217147 0.918889
vt 0.217148 0.916739
vt 0.247211 0.916767
vt 0.247097 0.918912
vt 0.037277 0.916772
vt 0.067380 0.916743
vt 0.067381 0.918894
vt 0.037277 0.916772
vt 0.067381 0.918894
vt 0.037391 0.918930
vt 0.007083 0.920279
vt 0.037277 0.916772
vt 0.037391 0.918930
vt 0.007083 0.920279
vt 0.037391 0.918930
vt 0.007422 0.922421
vt 0.317469 0.538575
vt 0.319529 0.569912
vt 0.319530 0.538575
vt 0.317469 0.538575
vt 0.317468 0.569912
vt 0.319529 0.569912
vt 0.319530 0.538575
vt 0.319529 0.569912
vt 0.394558 0.569911
vt 0.319530 0.538575
vt 0.394558 0.569911
vt 0.394559 0.538583
vt 0.319529 0.569912
vt 0.394560 0.601239
vt 0.394558 0.569911
vt 0.319529 0.569912
vt 0.319531 0.601248
vt 0.394560 0.601239
vt 0.317468 0.569912
vt 0.319531 0.601248
vt 0.319529 0.569912
vt 0.317468 0.569912
vt 0.317470 0.601248
vt 0.319531 0.601248
vt 0.319531 0.601248
vt 0.394565 0.632568
vt 0.394560 0.601239
vt 0.319531 0.601248
vt 0.319536 0.632586
vt 0.394565 0.632568
vt 0.317470 0.601248
vt 0.319536 0.632586
vt 0.319531 0.601248
vt 0.317470 0.601248
vt 0.317471 0.632587
vt 0.319536 0.632586
vt 0.319535 0.507239
vt 0.319530 0.538575
vt 0.394559 0.538583
vt 0.319535 0.507239
vt 0.394559 0.538583
vt 0.394564 0.507254
vt 0.317474 0.507239
vt 0.317469 0.538575
vt 0.319530 0.538575
vt 0.317474 0.507239
vt 0.319530 0.538575
vt 0.319535 0.507239
vt 0.319536 0.632586
vt 0.394574 0.663896
vt 0.394565 0.632568
vt 0.319536 0.632586
vt 0.319552 0.663920
vt 0.394574 0.663896
vt 0.317471 0.632587
vt 0.319552 0.663920
vt 0.319536 0.632586
vt 0.317471 0.632587
vt 0.317493 0.663920
vt 0.319552 0.663920
vt 0.319542 0.475901
vt 0.319535 0.507239
vt 0.394564 0.507254
vt 0.319542 0.475901
vt 0.394564 0.507254
vt 0.394572 0.475926
vt 0.317476 0.475900
vt 0.317474 0.507239
vt 0.319535 0.507239
vt 0.317476 0.475900
vt 0.319535 0.507239
vt 0.319542 0.475901
vt 0.319552 0.663920
vt 0.394583 0.695225
vt 0.394574 0.663896
vt 0.319552 0.663920
vt 0.319564 0.695250
vt 0.394583 0.695225
vt 0.317493 0.663920
vt 0.319564 0.695250
vt 0.319552 0.663920
vt 0.317493 0.663920
vt 0.317503 0.695292
vt 0.319564 0.695250
vt 0.315417 0.569912
vt 0.317470 0.601248
vt 0.317468 0.569912
vt 0.315417 0.569912
vt 0.315419 0.601249
vt 0.317470 0.601248
vt 0.315419 0.538575
vt 0.315417 0.569912
vt 0.317468 0.569912
vt 0.315419 0.538575
vt 0.317468 0.569912
vt 0.317469 0.538575
vt 0.315419 0.601249
vt 0.317471 0.632587
vt 0.317470 0.601248
vt 0.315419 0.601249
vt 0.315417 0.632588
vt 0.317471 0.632587
vt 0.319564 0.444568
vt 0.319542 0.475901
vt 0.394572 0.475926
vt 0.319564 0.444568
vt 0.394572 0.475926
vt 0.394583 0.444597
vt 0.317511 0.444525
vt 0.319542 0.475901
vt 0.319564 0.444568
vt 0.317511 0.444525
vt 0.317476 0.475900
vt 0.319542 0.475901
vt 0.315423 0.507239
vt 0.317469 0.538575
vt 0.317474 0.507239
vt 0.315423 0.507239
vt 0.315419 0.538575
vt 0.317469 0.538575
vt 0.315421 0.475899
vt 0.317474 0.507239
vt 0.317476 0.475900
vt 0.315421 0.475899
vt 0.315423 0.507239
vt 0.317474 0.507239
vt 0.315417 0.632588
vt 0.317493 0.663920
vt 0.317471 0.632587
vt 0.315417 0.632588
vt 0.315443 0.664039
vt 0.317493 0.663920
vt 0.315448 0.444405
vt 0.315421 0.475899
vt 0.317476 0.475900
vt 0.315448 0.444405
vt 0.317476 0.475900
vt 0.317511 0.444525
vt 0.318800 0.412816
vt 0.315448 0.444405
vt 0.317511 0.444525
vt 0.318800 0.412816
vt 0.317511 0.444525
vt 0.320847 0.413170
vt 0.166455 0.217056
vt 0.196407 0.219211
vt 0.166455 0.219212
vt 0.166455 0.217056
vt 0.196407 0.217055
vt 0.196407 0.219211
vt 0.166455 0.219212
vt 0.196407 0.219211
vt 0.196407 0.297707
vt 0.166455 0.219212
vt 0.196407 0.297707
vt 0.166462 0.297708
vt 0.196407 0.219211
vt 0.226351 0.297709
vt 0.196407 0.297707
vt 0.196407 0.219211
vt 0.226360 0.219213
vt 0.226351 0.297709
vt 0.196407 0.217055
vt 0.226360 0.219213
vt 0.196407 0.219211
vt 0.196407 0.217055
vt 0.226360 0.217056
vt 0.226360 0.219213
vt 0.226360 0.219213
vt 0.256296 0.297714
vt 0.226351 0.297709
vt 0.226360 0.219213
vt 0.256313 0.219218
vt 0.256296 0.297714
vt 0.226360 0.217056
vt 0.256313 0.219218
vt 0.226360 0.219213
vt 0.226360 0.217056
vt 0.256314 0.217058
vt 0.256313 0.219218
vt 0.136502 0.219217
vt 0.166455 0.219212
vt 0.166462 0.297708
vt 0.136502 0.219217
vt 0.166462 0.297708
vt 0.136517 0.297713
vt 0.136502 0.217060
vt 0.166455 0.217056
vt 0.166455 0.219212
vt 0.136502 0.217060
vt 0.166455 0.219212
vt 0.136502 0.219217
vt 0.256313 0.219218
vt 0.286241 0.297723
vt 0.256296 0.297714
vt 0.256313 0.219218
vt 0.286263 0.219235
vt 0.286241 0.297723
vt 0.256314 0.217058
vt 0.286263 0.219235
vt 0.256313 0.219218
vt 0.256314 0.217058
vt 0.286264 0.217081
vt 0.286263 0.219235
vt 0.106549 0.219225
vt 0.136502 0.219217
vt 0.136517 0.297713
vt 0.106549 0.219225
vt 0.136517 0.297713
vt 0.106572 0.297721
vt 0.106548 0.217063
vt 0.136502 0.219217
vt 0.106549 0.219225
vt 0.106548 0.217063
vt 0.136502 0.217060
vt 0.136502 0.219217
vt 0.286263 0.219235
vt 0.316186 0.297733
vt 0.286241 0.297723
vt 0.286263 0.219235
vt 0.316209 0.219247
vt 0.316186 0.297733
vt 0.286264 0.217081
vt 0.316209 0.219247
vt 0.286263 0.219235
vt 0.286264 0.217081
vt 0.316250 0.217091
vt 0.316209 0.219247
vt 0.196408 0.214909
vt 0.226360 0.217056
vt 0.196407 0.217055
vt 0.196408 0.214909
vt 0.226360 0.214911
vt 0.226360 0.217056
vt 0.166455 0.214911
vt 0.196408 0.214909
vt 0.196407 0.217055
vt 0.166455 0.214911
vt 0.196407 0.217055
vt 0.166455 0.217056
vt 0.226360 0.214911
vt 0.256314 0.217058
vt 0.226360 0.217056
vt 0.226360 0.214911
vt 0.256315 0.214908
vt 0.256314 0.217058
vt 0.076599 0.219247
vt 0.106549 0.219225
vt 0.106572 0.297721
vt 0.076599 0.219247
vt 0.106572 0.297721
vt 0.076627 0.297733
vt 0.076558 0.217099
vt 0.106548 0.217063
vt 0.106549 0.219225
vt 0.076558 0.217099
vt 0.106549 0.219225
vt 0.076599 0.219247
vt 0.136502 0.214915
vt 0.166455 0.217056
vt 0.136502 0.217060
vt 0.136502 0.214915
vt 0.166455 0.214911
vt 0.166455 0.217056
vt 0.106547 0.214912
vt 0.136502 0.217060
vt 0.106548 0.217063
vt 0.106547 0.214912
vt 0.136502 0.214915
vt 0.136502 0.217060
vt 0.256315 0.214908
vt 0.286264 0.217081
vt 0.256314 0.217058
vt 0.256315 0.214908
vt 0.286377 0.214936
vt 0.286264 0.217081
vt 0.076443 0.214941
vt 0.106547 0.214912
vt 0.106548 0.217063
vt 0.076443 0.214941
vt 0.106548 0.217063
vt 0.076558 0.217099
vt 0.046250 0.218448
vt 0.076443 0.214941
vt 0.076558 0.217099
vt 0.046250 0.218448
vt 0.076558 0.217099
vt 0.046589 0.220590
vt 0.867324 0.593297
vt 0.841250 0.649044
vt 0.862640 0.649231
vt 0.867324 0.593297
vt 0.845141 0.593103
vt 0.841250 0.649044
vt 0.862640 0.649231
vt 0.841250 0.649044
vt 0.847359 0.705068
vt 0.862640 0.649231
vt 0.847359 0.705068
vt 0.868750 0.705255
vt 0.867346 0.537329
vt 0.845141 0.593103
vt 0.867324 0.593297
vt 0.867346 0.537329
vt 0.845950 0.537142
vt 0.845141 0.593103
vt 0.868750 0.705255
vt 0.847359 0.705068
vt 0.846923 0.761045
vt 0.868750 0.705255
vt 0.846923 0.761045
vt 0.868315 0.761233
vt 0.868315 0.761233
vt 0.846923 0.761045
vt 0.842083 0.816978
vt 0.868315 0.761233
vt 0.842083 0.816978
vt 0.863475 0.817165
vt 0.863475 0.817165
vt 0.842083 0.816978
vt 0.843270 0.872960
vt 0.863475 0.817165
vt 0.843270 0.872960
vt 0.864661 0.873147
vt 0.866617 0.481341
vt 0.845950 0.537142
vt 0.867346 0.537329
vt 0.866617 0.481341
vt 0.847680 0.481175
vt 0.845950 0.537142
vt 0.868296 0.425382
vt 0.847680 0.481175
vt 0.866617 0.481341
vt 0.868296 0.425382
vt 0.846894 0.425195
vt 0.847680 0.481175
vt 0.868750 0.369411
vt 0.846894 0.425195
vt 0.868296 0.425382
vt 0.868750 0.369411
vt 0.847347 0.369224
vt 0.846894 0.425195
vt 0.833360 0.713790
vt 0.817030 0.658022
vt 0.839100 0.657749
vt 0.833360 0.713790
vt 0.812083 0.714053
vt 0.817030 0.658022
vt 0.838742 0.769696
vt 0.812083 0.714053
vt 0.833360 0.713790
vt 0.838742 0.769696
vt 0.819913 0.769929
vt 0.812083 0.714053
vt 0.840614 0.825641
vt 0.819913 0.769929
vt 0.838742 0.769696
vt 0.840614 0.825641
vt 0.819330 0.825903
vt 0.819913 0.769929
vt 0.841250 0.881603
vt 0.819330 0.825903
vt 0.840614 0.825641
vt 0.841250 0.881603
vt 0.819965 0.881866
vt 0.819330 0.825903
vt 0.839100 0.657749
vt 0.817030 0.658022
vt 0.816759 0.602062
vt 0.839100 0.657749
vt 0.816759 0.602062
vt 0.838045 0.601800
vt 0.838045 0.601800
vt 0.816759 0.602062
vt 0.819959 0.546040
vt 0.838045 0.601800
vt 0.819959 0.546040
vt 0.841250 0.545777
vt 0.841250 0.545777
vt 0.819959 0.546040
vt 0.813040 0.490155
vt 0.841250 0.545777
vt 0.813040 0.490155
vt 0.834335 0.489892
vt 0.834335 0.489892
vt 0.813040 0.490155
vt 0.812391 0.434202
vt 0.834335 0.489892
vt 0.812391 0.434202
vt 0.833687 0.433939
vt 0.833687 0.433939
vt 0.812391 0.434202
vt 0.814245 0.378205
vt 0.833687 0.433939
vt 0.814245 0.378205
vt 0.835542 0.377942
vt 0.806959 0.315848
vt 0.789646 0.372034
vt 0.810452 0.372034
vt 0.806959 0.315848
vt 0.785346 0.315848
vt 0.789646 0.372034
vt 0.810452 0.372034
vt 0.789646 0.372034
vt 0.782917 0.428222
vt 0.810452 0.372034
vt 0.782917 0.428222
vt 0.803723 0.428222
vt 0.806684 0.259659
vt 0.785346 0.315848
vt 0.806959 0.315848
vt 0.806684 0.259659
vt 0.785870 0.259659
vt 0.785346 0.315848
vt 0.805331 0.203477
vt 0.785870 0.259659
vt 0.806684 0.259659
vt 0.805331 0.203477
vt 0.787018 0.203477
vt 0.785870 0.259659
vt 0.806558 0.147293
vt 0.787018 0.203477
vt 0.805331 0.203477
vt 0.806558 0.147293
vt 0.785737 0.147293
vt 0.787018 0.203477
vt 0.806557 0.091108
vt 0.785737 0.147293
vt 0.806558 0.147293
vt 0.806557 0.091108
vt 0.785736 0.091108
vt 0.785737 0.147293
vt 0.803723 0.428222
vt 0.782917 0.428222
vt 0.782991 0.484402
vt 0.803723 0.428222
vt 0.782991 0.484402
vt 0.803798 0.484402
vt 0.803798 0.484402
vt 0.782991 0.484402
vt 0.787453 0.540587
vt 0.803798 0.484402
vt 0.787453 0.540587
vt 0.808260 0.540587
vt 0.808260 0.540587
vt 0.787453 0.540587
vt 0.785749 0.596774
vt 0.808260 0.540587
vt 0.785749 0.596774
vt 0.806555 0.596774
vt 0.808260 0.540587
vt 0.806555 0.596774
vt 0.808188 0.596774
vt 0.808260 0.540587
vt 0.808188 0.596774
vt 0.809892 0.540587
vt 0.803798 0.484402
vt 0.808260 0.540587
vt 0.809892 0.540587
vt 0.803798 0.484402
vt 0.809892 0.540587
vt 0.805431 0.484401
vt 0.803723 0.428222
vt 0.803798 0.484402
vt 0.805431 0.484401
vt 0.803723 0.428222
vt 0.805431 0.484401
vt 0.805356 0.428221
vt 0.810452 0.372034
vt 0.803723 0.428222
vt 0.805356 0.428221
vt 0.810452 0.372034
vt 0.805356 0.428221
vt 0.812083 0.372033
vt 0.806959 0.315848
vt 0.810452 0.372034
vt 0.812083 0.372033
vt 0.806959 0.315848
vt 0.812083 0.372033
vt 0.808587 0.315848
vt 0.806684 0.259659
vt 0.806959 0.315848
vt 0.808587 0.315848
vt 0.806684 0.259659
vt 0.808587 0.315848
vt 0.808311 0.259658
vt 0.805331 0.203477
vt 0.806684 0.259659
vt 0.808311 0.259658
vt 0.805331 0.203477
vt 0.808311 0.259658
vt 0.806957 0.203477
vt 0.806558 0.147293
vt 0.805331 0.203477
vt 0.806957 0.203477
vt 0.806558 0.147293
vt 0.806957 0.203477
vt 0.808183 0.147292
vt 0.806557 0.091108
vt 0.806558 0.147293
vt 0.808183 0.147292
vt 0.806557 0.091108
vt 0.808183 0.147292
vt 0.808182 0.091107
vt 0.752083 0.472366
vt 0.778732 0.416050
vt 0.757143 0.416310
vt 0.752083 0.472366
vt 0.772870 0.472115
vt 0.778732 0.416050
vt 0.760090 0.528296
vt 0.772870 0.472115
vt 0.752083 0.472366
vt 0.760090 0.528296
vt 0.778382 0.528074
vt 0.772870 0.472115
vt 0.759484 0.584343
vt 0.778382 0.528074
vt 0.760090 0.528296
vt 0.759484 0.584343
vt 0.780289 0.584089
vt 0.778382 0.528074
vt 0.760145 0.640366
vt 0.780289 0.584089
vt 0.759484 0.584343
vt 0.760145 0.640366
vt 0.780953 0.640109
vt 0.780289 0.584089
vt 0.757143 0.416310
vt 0.778732 0.416050
vt 0.777682 0.359949
vt 0.757143 0.416310
vt 0.777682 0.359949
vt 0.756903 0.360187
vt 0.756903 0.360187
vt 0.777682 0.359949
vt 0.780962 0.303556
vt 0.756903 0.360187
vt 0.780962 0.303556
vt 0.760180 0.303785
vt 0.760180 0.303785
vt 0.780962 0.303556
vt 0.773959 0.247688
vt 0.760180 0.303785
vt 0.773959 0.247688
vt 0.753177 0.247921
vt 0.753177 0.247921
vt 0.773959 0.247688
vt 0.773362 0.191584
vt 0.753177 0.247921
vt 0.773362 0.191584
vt 0.752584 0.191816
vt 0.752584 0.191816
vt 0.773362 0.191584
vt 0.775309 0.135624
vt 0.752584 0.191816
vt 0.775309 0.135624
vt 0.754530 0.135849
vt 0.780289 0.584089
vt 0.780953 0.640109
vt 0.782706 0.640088
vt 0.780289 0.584089
vt 0.782706 0.640088
vt 0.782042 0.584058
vt 0.778382 0.528074
vt 0.780289 0.584089
vt 0.782042 0.584058
vt 0.778382 0.528074
vt 0.782042 0.584058
vt 0.780137 0.528046
vt 0.772870 0.472115
vt 0.778382 0.528074
vt 0.780137 0.528046
vt 0.772870 0.472115
vt 0.780137 0.528046
vt 0.774627 0.472103
vt 0.778732 0.416050
vt 0.772870 0.472115
vt 0.774627 0.472103
vt 0.778732 0.416050
vt 0.774627 0.472103
vt 0.780491 0.416060
vt 0.777682 0.359949
vt 0.778732 0.416050
vt 0.780491 0.416060
vt 0.777682 0.359949
vt 0.780491 0.416060
vt 0.779436 0.359917
vt 0.780962 0.303556
vt 0.777682 0.359949
vt 0.779436 0.359917
vt 0.780962 0.303556
vt 0.779436 0.359917
vt 0.782718 0.303492
vt 0.773959 0.247688
vt 0.780962 0.303556
vt 0.782718 0.303492
vt 0.773959 0.247688
vt 0.782718 0.303492
vt 0.775714 0.247687
vt 0.773362 0.191584
vt 0.773959 0.247688
vt 0.775714 0.247687
vt 0.773362 0.191584
vt 0.775714 0.247687
vt 0.775113 0.191585
vt 0.775309 0.135624
vt 0.773362 0.191584
vt 0.775113 0.191585
vt 0.775309 0.135624
vt 0.775113 0.191585
vt 0.777063 0.135590
vt 0.779436 0.359917
vt 0.780491 0.416060
vt 0.780832 0.416070
vt 0.779436 0.359917
vt 0.780832 0.416070
vt 0.780472 0.359896
vt 0.782718 0.303492
vt 0.779436 0.359917
vt 0.780472 0.359896
vt 0.782718 0.303492
vt 0.780472 0.359896
vt 0.783750 0.303428
vt 0.782042 0.584058
vt 0.782706 0.640088
vt 0.783750 0.640075
vt 0.782042 0.584058
vt 0.783750 0.640075
vt 0.783085 0.584033
vt 0.780137 0.528046
vt 0.782042 0.584058
vt 0.783085 0.584033
vt 0.780137 0.528046
vt 0.783085 0.584033
vt 0.781181 0.528016
vt 0.774627 0.472103
vt 0.780137 0.528046
vt 0.781181 0.528016
vt 0.774627 0.472103
vt 0.781181 0.528016
vt 0.775671 0.472103
vt 0.780491 0.416060
vt 0.774627 0.472103
vt 0.775671 0.472103
vt 0.780491 0.416060
vt 0.775671 0.472103
vt 0.780832 0.416070
vt 0.775714 0.247687
vt 0.782718 0.303492
vt 0.783750 0.303428
vt 0.775714 0.247687
vt 0.783750 0.303428
vt 0.776747 0.247687
vt 0.775113 0.191585
vt 0.775714 0.247687
vt 0.776747 0.247687
vt 0.775113 0.191585
vt 0.776747 0.247687
vt 0.776146 0.191600
vt 0.777063 0.135590
vt 0.775113 0.191585
vt 0.776146 0.191600
vt 0.777063 0.135590
vt 0.776146 0.191600
vt 0.778099 0.135571
vt 0.418321 0.893200
vt 0.439079 0.920227
vt 0.440020 0.893200
vt 0.418321 0.893200
vt 0.418320 0.920227
vt 0.439079 0.920227
vt 0.416250 0.895367
vt 0.418320 0.920227
vt 0.418321 0.893200
vt 0.418320 0.920227
vt 0.416250 0.895367
vt 0.416250 0.918052
vt 0.440020 0.893200
vt 0.440685 0.919526
vt 0.442083 0.895367
vt 0.442083 0.895367
vt 0.440685 0.919526
vt 0.441418 0.918753
vt 0.442083 0.895367
vt 0.441418 0.918753
vt 0.442083 0.917063
vt 0.440020 0.893200
vt 0.439079 0.920227
vt 0.440685 0.919526
vt 0.980737 0.436356
vt 0.959993 0.463383
vt 0.981681 0.463383
vt 0.959993 0.436356
vt 0.959993 0.463383
vt 0.980737 0.436356
vt 0.959993 0.436356
vt 0.957917 0.461221
vt 0.959993 0.463383
vt 0.957917 0.461221
vt 0.959993 0.436356
vt 0.957917 0.438523
vt 0.982350 0.437057
vt 0.983750 0.461221
vt 0.983080 0.437822
vt 0.983080 0.437822
vt 0.983750 0.461221
vt 0.983750 0.439513
vt 0.982350 0.437057
vt 0.981681 0.463383
vt 0.983750 0.461221
vt 0.980737 0.436356
vt 0.981681 0.463383
vt 0.982350 0.437057
vt 0.438009 0.377755
vt 0.436911 0.311897
vt 0.439359 0.311870
vt 0.438009 0.377755
vt 0.439359 0.311870
vt 0.439877 0.377735
vt 0.431250 0.443715
vt 0.438009 0.377755
vt 0.439877 0.377735
vt 0.431250 0.443715
vt 0.439877 0.377735
vt 0.433705 0.443689
vt 0.437596 0.509519
vt 0.431250 0.443715
vt 0.433705 0.443689
vt 0.439739 0.575369
vt 0.440047 0.509492
vt 0.442186 0.575342
vt 0.439739 0.575369
vt 0.437596 0.509519
vt 0.440047 0.509492
vt 0.437596 0.509519
vt 0.433705 0.443689
vt 0.440047 0.509492
vt 0.440470 0.641238
vt 0.439739 0.575369
vt 0.442186 0.575342
vt 0.440470 0.641238
vt 0.442186 0.575342
vt 0.442917 0.641212
vt 0.436911 0.311897
vt 0.442917 0.245937
vt 0.439359 0.311870
vt 0.436911 0.311897
vt 0.440473 0.245963
vt 0.442917 0.245937
vt 0.440473 0.245963
vt 0.434806 0.180157
vt 0.442917 0.245937
vt 0.440473 0.245963
vt 0.432365 0.180183
vt 0.434806 0.180157
vt 0.432365 0.180183
vt 0.434205 0.114294
vt 0.434806 0.180157
vt 0.432365 0.180183
vt 0.431766 0.114320
vt 0.434205 0.114294
vt 0.431766 0.114320
vt 0.436344 0.048387
vt 0.434205 0.114294
vt 0.431766 0.114320
vt 0.433905 0.048413
vt 0.436344 0.048387
vt 0.428371 0.441964
vt 0.425464 0.374959
vt 0.426440 0.441986
vt 0.428371 0.441964
vt 0.427998 0.374930
vt 0.425464 0.374959
vt 0.422121 0.509079
vt 0.428371 0.441964
vt 0.426440 0.441986
vt 0.422121 0.509079
vt 0.426440 0.441986
vt 0.419583 0.509107
vt 0.432046 0.576002
vt 0.422121 0.509079
vt 0.419583 0.509107
vt 0.432046 0.576002
vt 0.419583 0.509107
vt 0.429508 0.576031
vt 0.431280 0.643053
vt 0.432046 0.576002
vt 0.429508 0.576031
vt 0.431280 0.643053
vt 0.429508 0.576031
vt 0.428744 0.643082
vt 0.432083 0.710085
vt 0.431280 0.643053
vt 0.428744 0.643082
vt 0.432083 0.710085
vt 0.428744 0.643082
vt 0.429548 0.710113
vt 0.427998 0.374930
vt 0.429552 0.307865
vt 0.425464 0.374959
vt 0.427998 0.374930
vt 0.432083 0.307837
vt 0.429552 0.307865
vt 0.432083 0.307837
vt 0.420812 0.240926
vt 0.429552 0.307865
vt 0.432083 0.307837
vt 0.423342 0.240898
vt 0.420812 0.240926
vt 0.423342 0.240898
vt 0.419960 0.173898
vt 0.420812 0.240926
vt 0.423342 0.240898
vt 0.422488 0.173870
vt 0.419960 0.173898
vt 0.422488 0.173870
vt 0.422311 0.106829
vt 0.419960 0.173898
vt 0.422488 0.173870
vt 0.424840 0.106800
vt 0.422311 0.106829
vt 0.571908 0.506195
vt 0.570824 0.444992
vt 0.572830 0.444964
vt 0.571908 0.506195
vt 0.572830 0.444964
vt 0.574541 0.506159
vt 0.570824 0.444992
vt 0.578750 0.383669
vt 0.572830 0.444964
vt 0.570824 0.444992
vt 0.576114 0.383705
vt 0.578750 0.383669
vt 0.567083 0.567496
vt 0.571908 0.506195
vt 0.574541 0.506159
vt 0.567083 0.567496
vt 0.574541 0.506159
vt 0.569714 0.567459
vt 0.574493 0.628637
vt 0.567083 0.567496
vt 0.569714 0.567459
vt 0.574493 0.628637
vt 0.569714 0.567459
vt 0.577123 0.628601
vt 0.576122 0.689832
vt 0.574493 0.628637
vt 0.577123 0.628601
vt 0.576122 0.689832
vt 0.577123 0.628601
vt 0.578750 0.689796
vt 0.573785 0.751090
vt 0.576122 0.689832
vt 0.578750 0.689796
vt 0.573785 0.751090
vt 0.578750 0.689796
vt 0.576414 0.751054
vt 0.576114 0.383705
vt 0.570611 0.322533
vt 0.578750 0.383669
vt 0.576114 0.383705
vt 0.567976 0.322569
vt 0.570611 0.322533
vt 0.567976 0.322569
vt 0.570974 0.261306
vt 0.570611 0.322533
vt 0.567976 0.322569
vt 0.568341 0.261342
vt 0.570974 0.261306
vt 0.568341 0.261342
vt 0.570294 0.200087
vt 0.570974 0.261306
vt 0.568341 0.261342
vt 0.567662 0.200123
vt 0.570294 0.200087
vt 0.214583 0.329855
vt 0.193894 0.331735
vt 0.212779 0.331735
vt 0.193894 0.331735
vt 0.214583 0.329855
vt 0.192083 0.329855
vt 0.192083 0.329855
vt 0.214583 0.329855
vt 0.192083 0.310082
vt 0.192083 0.310082
vt 0.214583 0.329855
vt 0.214583 0.310082
vt 0.192083 0.310082
vt 0.214583 0.310082
vt 0.212779 0.308195
vt 0.192083 0.310082
vt 0.212779 0.308195
vt 0.193894 0.308195
vt 0.540433 0.365652
vt 0.559401 0.365636
vt 0.562752 0.305284
vt 0.540433 0.365652
vt 0.562752 0.305284
vt 0.543784 0.305300
vt 0.543784 0.305300
vt 0.562752 0.305284
vt 0.565175 0.244932
vt 0.543784 0.305300
vt 0.565175 0.244932
vt 0.546205 0.244948
vt 0.546205 0.244948
vt 0.565175 0.244932
vt 0.566250 0.184583
vt 0.547281 0.184598
vt 0.566250 0.184583
vt 0.562608 0.124237
vt 0.547281 0.184598
vt 0.562608 0.124237
vt 0.543639 0.124253
vt 0.546205 0.244948
vt 0.566250 0.184583
vt 0.547281 0.184598
vt 0.540417 0.426002
vt 0.559401 0.365636
vt 0.540433 0.365652
vt 0.540417 0.426002
vt 0.566250 0.425980
vt 0.559401 0.365636
vt 0.543975 0.486344
vt 0.566250 0.425980
vt 0.540417 0.426002
vt 0.543975 0.486344
vt 0.562948 0.486328
vt 0.566250 0.425980
vt 0.545076 0.546694
vt 0.562948 0.486328
vt 0.543975 0.486344
vt 0.545076 0.546694
vt 0.561869 0.546680
vt 0.562948 0.486328
vt 0.544023 0.607044
vt 0.561869 0.546680
vt 0.545076 0.546694
vt 0.544023 0.607044
vt 0.563001 0.607028
vt 0.561869 0.546680
vt 0.544071 0.667393
vt 0.563001 0.607028
vt 0.544023 0.607044
vt 0.544071 0.667393
vt 0.563050 0.667377
vt 0.563001 0.607028
vt 0.532698 0.370868
vt 0.513750 0.370879
vt 0.517112 0.310528
vt 0.532698 0.370868
vt 0.517112 0.310528
vt 0.536061 0.310517
vt 0.536061 0.310517
vt 0.517112 0.310528
vt 0.519544 0.250174
vt 0.536061 0.310517
vt 0.519544 0.250174
vt 0.538493 0.250163
vt 0.538493 0.250163
vt 0.519544 0.250174
vt 0.520634 0.189825
vt 0.538493 0.250163
vt 0.520634 0.189825
vt 0.539583 0.189814
vt 0.539583 0.189814
vt 0.520634 0.189825
vt 0.517012 0.129479
vt 0.539583 0.189814
vt 0.517012 0.129479
vt 0.535961 0.129468
vt 0.539583 0.431210
vt 0.513750 0.370879
vt 0.532698 0.370868
vt 0.539583 0.431210
vt 0.513777 0.431225
vt 0.513750 0.370879
vt 0.536206 0.491559
vt 0.513777 0.431225
vt 0.539583 0.431210
vt 0.536206 0.491559
vt 0.517254 0.491570
vt 0.513777 0.431225
vt 0.535101 0.551916
vt 0.517254 0.491570
vt 0.536206 0.491559
vt 0.535101 0.551916
vt 0.518326 0.551926
vt 0.517254 0.491570
vt 0.536235 0.612264
vt 0.518326 0.551926
vt 0.535101 0.551916
vt 0.536235 0.612264
vt 0.517277 0.612275
vt 0.518326 0.551926
vt 0.536269 0.672613
vt 0.517277 0.612275
vt 0.536235 0.612264
vt 0.536269 0.672613
vt 0.517310 0.672624
vt 0.517277 0.612275
vt 0.467524 0.433852
vt 0.491250 0.373741
vt 0.472485 0.373485
vt 0.467524 0.433852
vt 0.484130 0.434078
vt 0.491250 0.373741
vt 0.465677 0.494251
vt 0.484130 0.434078
vt 0.467524 0.433852
vt 0.465677 0.494251
vt 0.484448 0.494507
vt 0.484130 0.434078
vt 0.464910 0.554670
vt 0.484448 0.494507
vt 0.465677 0.494251
vt 0.464910 0.554670
vt 0.483683 0.554926
vt 0.484448 0.494507
vt 0.472485 0.373485
vt 0.491250 0.373741
vt 0.490145 0.313279
vt 0.472485 0.373485
vt 0.490145 0.313279
vt 0.464583 0.312930
vt 0.464583 0.312930
vt 0.490145 0.313279
vt 0.487509 0.252848
vt 0.464583 0.312930
vt 0.487509 0.252848
vt 0.468736 0.252592
vt 0.468736 0.252592
vt 0.487509 0.252848
vt 0.488279 0.192411
vt 0.468736 0.252592
vt 0.488279 0.192411
vt 0.469501 0.192155
vt 0.469501 0.192155
vt 0.488279 0.192411
vt 0.491249 0.132010
vt 0.469501 0.192155
vt 0.491249 0.132010
vt 0.472468 0.131754
vt 0.472468 0.131754
vt 0.491249 0.132010
vt 0.491250 0.071575
vt 0.472468 0.131754
vt 0.491250 0.071575
vt 0.472468 0.071319
vt 0.472468 0.071319
vt 0.491250 0.071575
vt 0.490577 0.011154
vt 0.472468 0.071319
vt 0.490577 0.011154
vt 0.471794 0.010898
vt 0.513417 0.481962
vt 0.492056 0.421340
vt 0.510784 0.421593
vt 0.513417 0.481962
vt 0.487917 0.481616
vt 0.492056 0.421340
vt 0.514583 0.542295
vt 0.487917 0.481616
vt 0.513417 0.481962
vt 0.514583 0.542295
vt 0.495864 0.542041
vt 0.487917 0.481616
vt 0.507508 0.602527
vt 0.495864 0.542041
vt 0.514583 0.542295
vt 0.507508 0.602527
vt 0.490941 0.602302
vt 0.495864 0.542041
vt 0.507817 0.662868
vt 0.490941 0.602302
vt 0.507508 0.602527
vt 0.507817 0.662868
vt 0.489091 0.662615
vt 0.490941 0.602302
vt 0.507064 0.723191
vt 0.489091 0.662615
vt 0.507817 0.662868
vt 0.507064 0.723191
vt 0.488336 0.722937
vt 0.489091 0.662615
vt 0.510784 0.421593
vt 0.492056 0.421340
vt 0.492857 0.361002
vt 0.510784 0.421593
vt 0.492857 0.361002
vt 0.511589 0.361256
vt 0.511589 0.361256
vt 0.492857 0.361002
vt 0.495841 0.300699
vt 0.511589 0.361256
vt 0.495841 0.300699
vt 0.514576 0.300953
vt 0.514576 0.300953
vt 0.495841 0.300699
vt 0.495846 0.240361
vt 0.514576 0.300953
vt 0.495846 0.240361
vt 0.514583 0.240615
vt 0.514583 0.240615
vt 0.495846 0.240361
vt 0.495115 0.180035
vt 0.514583 0.240615
vt 0.495115 0.180035
vt 0.513853 0.180288
vt 0.399719 0.674368
vt 0.399719 0.697908
vt 0.418608 0.697908
vt 0.397917 0.676251
vt 0.399719 0.697908
vt 0.399719 0.674368
vt 0.399719 0.697908
vt 0.397917 0.676251
vt 0.397917 0.696019
vt 0.418608 0.674368
vt 0.418608 0.697908
vt 0.420417 0.676250
vt 0.420417 0.676250
vt 0.418608 0.697908
vt 0.420417 0.696020
vt 0.399719 0.674368
vt 0.418608 0.697908
vt 0.418608 0.674368
vt 0.404093 0.288461
vt 0.402878 0.217518
vt 0.401865 0.288442
vt 0.404093 0.288461
vt 0.405102 0.217537
vt 0.402878 0.217518
vt 0.405102 0.217537
vt 0.406513 0.146633
vt 0.402878 0.217518
vt 0.405102 0.217537
vt 0.408734 0.146652
vt 0.406513 0.146633
vt 0.408734 0.146652
vt 0.406531 0.075707
vt 0.406513 0.146633
vt 0.408734 0.146652
vt 0.408750 0.075727
vt 0.406531 0.075707
vt 0.408750 0.075727
vt 0.405593 0.004795
vt 0.406531 0.075707
vt 0.408750 0.075727
vt 0.407812 0.004814
vt 0.405593 0.004795
vt 0.399316 0.359281
vt 0.404093 0.288461
vt 0.401865 0.288442
vt 0.399316 0.359281
vt 0.401865 0.288442
vt 0.397083 0.359261
vt 0.408750 0.430343
vt 0.399316 0.359281
vt 0.397083 0.359261
vt 0.408750 0.430343
vt 0.397083 0.359261
vt 0.406517 0.430323
vt 0.402756 0.501189
vt 0.408750 0.430343
vt 0.406517 0.430323
vt 0.402756 0.501189
vt 0.406517 0.430323
vt 0.400526 0.501170
vt 0.400581 0.572074
vt 0.402756 0.501189
vt 0.400526 0.501170
vt 0.400581 0.572074
vt 0.400526 0.501170
vt 0.398354 0.572055
vt 0.399675 0.642982
vt 0.400581 0.572074
vt 0.398354 0.572055
vt 0.399675 0.642982
vt 0.398354 0.572055
vt 0.397449 0.642962
vt 0.769864 0.032576
vt 0.699479 0.034712
vt 0.699483 0.032528
vt 0.769864 0.032576
vt 0.699483 0.032528
vt 0.769867 0.030392
vt 0.699479 0.034712
vt 0.629115 0.035743
vt 0.699483 0.032528
vt 0.629112 0.037925
vt 0.558750 0.037078
vt 0.558753 0.034897
vt 0.629112 0.037925
vt 0.558753 0.034897
vt 0.629115 0.035743
vt 0.699479 0.034712
vt 0.629112 0.037925
vt 0.629115 0.035743
vt 0.840182 0.032263
vt 0.769864 0.032576
vt 0.769867 0.030392
vt 0.840182 0.032263
vt 0.769867 0.030392
vt 0.840186 0.030078
vt 0.910413 0.037925
vt 0.840182 0.032263
vt 0.840186 0.030078
vt 0.910413 0.037925
vt 0.840186 0.030078
vt 0.910417 0.035740
vt 0.476044 0.679059
vt 0.478742 0.739497
vt 0.478728 0.679059
vt 0.472083 0.618600
vt 0.476044 0.679059
vt 0.478728 0.679059
vt 0.472083 0.618600
vt 0.478728 0.679059
vt 0.474770 0.618600
vt 0.476044 0.679059
vt 0.476061 0.739497
vt 0.478742 0.739497
vt 0.476061 0.739497
vt 0.478750 0.799913
vt 0.478742 0.739497
vt 0.476061 0.739497
vt 0.476069 0.799913
vt 0.478750 0.799913
vt 0.476064 0.557541
vt 0.472083 0.618600
vt 0.474770 0.618600
vt 0.476064 0.557541
vt 0.474770 0.618600
vt 0.478750 0.557541
vt 0.410367 0.372163
vt 0.409583 0.302714
vt 0.411894 0.302695
vt 0.410367 0.372163
vt 0.411894 0.302695
vt 0.412678 0.372143
vt 0.409583 0.302714
vt 0.413106 0.233230
vt 0.415418 0.233211
vt 0.409583 0.302714
vt 0.415418 0.233211
vt 0.411894 0.302695
vt 0.413106 0.233230
vt 0.417998 0.163731
vt 0.415418 0.233211
vt 0.413106 0.233230
vt 0.415686 0.163750
vt 0.417998 0.163731
vt 0.415686 0.163750
vt 0.418750 0.094268
vt 0.417998 0.163731
vt 0.415686 0.163750
vt 0.416438 0.094287
vt 0.418750 0.094268
vt 0.416438 0.094287
vt 0.413824 0.024847
vt 0.418750 0.094268
vt 0.416438 0.094287
vt 0.411511 0.024867
vt 0.413824 0.024847
vt 0.415154 0.441583
vt 0.410367 0.372163
vt 0.412678 0.372143
vt 0.415154 0.441583
vt 0.412678 0.372143
vt 0.417464 0.441564
vt 0.416442 0.511040
vt 0.415154 0.441583
vt 0.417464 0.441564
vt 0.416442 0.511040
vt 0.417464 0.441564
vt 0.418750 0.511021
vt 0.415764 0.580502
vt 0.416442 0.511040
vt 0.418750 0.511021
vt 0.415764 0.580502
vt 0.418750 0.511021
vt 0.418071 0.580483
vt 0.416296 0.649956
vt 0.415764 0.580502
vt 0.418071 0.580483
vt 0.416296 0.649956
vt 0.418071 0.580483
vt 0.418603 0.649937
vt 0.657989 0.010898
vt 0.600150 0.006750
vt 0.600150 0.003923
vt 0.657989 0.010898
vt 0.600150 0.003923
vt 0.657989 0.008070
vt 0.600150 0.006750
vt 0.542083 0.008073
vt 0.600150 0.003923
vt 0.600150 0.006750
vt 0.542083 0.010898
vt 0.542083 0.008073
vt 0.716250 0.008233
vt 0.657989 0.010898
vt 0.657989 0.008070
vt 0.716250 0.008233
vt 0.657989 0.008070
vt 0.716250 0.005407
vt 0.892046 0.870923
vt 0.894319 0.931345
vt 0.894783 0.870950
vt 0.892046 0.870923
vt 0.891580 0.931318
vt 0.894319 0.931345
vt 0.891580 0.931318
vt 0.896250 0.991718
vt 0.894319 0.931345
vt 0.891580 0.931318
vt 0.893509 0.991691
vt 0.896250 0.991718
vt 0.891250 0.810611
vt 0.892046 0.870923
vt 0.894783 0.870950
vt 0.891250 0.810611
vt 0.894783 0.870950
vt 0.893987 0.810638
vt 0.893513 0.750218
vt 0.891250 0.810611
vt 0.893987 0.810638
vt 0.893513 0.750218
vt 0.893987 0.810638
vt 0.896250 0.750245
vt 0.427083 0.676983
vt 0.427082 0.737587
vt 0.423752 0.737587
vt 0.427083 0.676983
vt 0.423752 0.737587
vt 0.423750 0.676983
vt 0.427082 0.737587
vt 0.423753 0.798169
vt 0.423752 0.737587
vt 0.427082 0.737587
vt 0.427083 0.798169
vt 0.423753 0.798169
f 1/208 2/209 3/210
f 4/205 5/206 6/207
f 7/175 8/176 9/177
f 10/178 11/179 12/180
f 13/64 14/65 15/66
f 16/61 17/62 18/63
f 19/229 20/230 21/231
f 22/232 23/233 24/234
f 25/37 26/38 27/39
f 28/40 29/41 30/42
f 31/70 32/71 33/72
f 34/67 35/68 36/69
f 37/118 38/119 39/120
f 40/115 41/116 42/117
f 43/202 44/203 45/204
f 46/199 47/200 48/201
f 49/196 50/197 51/198
f 52/193 53/194 54/195
f 55/190 56/191 57/192
f 58/187 59/188 60/189
f 61/184 62/185 63/186
f 64/181 65/182 66/183
f 67/211 68/212 69/213
f 70/214 71/215 72/216
f 73/217 74/218 75/219
f 76/220 77/221 78/222
f 79/91 80/92 81/93
f 82/94 83/95 84/96
f 85/58 86/59 87/60
f 88/55 89/56 90/57
f 91/52 92/53 93/54
f 94/49 95/50 96/51
f 97/46 98/47 99/48
f 100/43 101/44 102/45
f 103/19 104/20 105/21
f 106/22 107/23 108/24
f 109/25 110/26 111/27
f 112/28 113/29 114/30
f 115/31 116/32 117/33
f 118/34 119/35 120/36
f 121/223 122/224 123/225
f 124/226 125/227 126/228
f 127/112 128/113 129/114
f 130/109 131/110 132/111
f 133/106 134/107 135/108
f 136/103 137/104 138/105
f 139/100 140/101 141/102
f 142/97 143/98 144/99
f 145/73 146/74 147/75
f 148/76 149/77 150/78
f 151/79 152/80 153/81
f 154/82 155/83 156/84
f 157/85 158/86 159/87
f 160/88 161/89 162/90
f 163/142 164/143 165/144
f 166/139 167/140 168/141
f 169/136 170/137 171/138
f 172/133 173/134 174/135
f 175/130 176/131 177/132
f 178/127 179/128 180/129
f 181/145 182/146 183/147
f 184/148 185/149 186/150
f 187/151 188/152 189/153
f 190/154 191/155 192/156
f 193/157 194/158 195/159
f 196/160 197/161 198/162
f 199/163 200/164 201/165
f 202/166 203/167 204/168
f 205/169 206/170 207/171
f 208/172 209/173 210/174
f 211/274 212/275 213/276
f 214/271 215/272 216/273
f 217/352 218/353 219/354
f 220/349 221/350 222/351
f 223/388 224/389 225/390
f 226/385 227/386 228/387
f 229/466 230/467 231/468
f 232/463 233/464 234/465
f 235/301 236/302 237/303
f 238/304 239/305 240/306
f 241/295 242/296 243/297
f 244/292 245/293 246/294
f 247/289 248/290 249/291
f 250/298 251/299 252/300
f 253/283 254/284 255/285
f 256/286 257/287 258/288
f 259/277 260/278 261/279
f 262/280 263/281 264/282
f 265/256 266/257 267/258
f 268/253 269/254 270/255
f 271/262 272/263 273/264
f 274/259 275/260 276/261
f 277/268 278/269 279/270
f 280/265 281/266 282/267
f 283/331 284/332 285/333
f 286/334 287/335 288/336
f 289/325 290/326 291/327
f 292/328 293/329 294/330
f 295/307 296/308 297/309
f 298/310 299/311 300/312
f 301/322 302/323 303/324
f 304/313 305/314 306/315
f 307/316 308/317 309/318
f 310/319 311/320 312/321
f 313/355 314/356 315/357
f 316/358 317/359 318/360
f 319/340 320/341 321/342
f 322/343 323/344 324/345
f 325/346 326/347 327/348
f 328/337 329/338 330/339
f 331/409 332/410 333/411
f 334/412 335/413 336/414
f 337/403 338/404 339/405
f 340/406 341/407 342/408
f 343/397 344/398 345/399
f 346/400 347/401 348/402
f 349/391 350/392 351/393
f 352/394 353/395 354/396
f 355/361 356/362 357/363
f 358/364 359/365 360/366
f 361/367 362/368 363/369
f 364/370 365/371 366/372
f 367/376 368/377 369/378
f 370/373 371/374 372/375
f 373/382 374/383 375/384
f 376/379 377/380 378/381
f 379/451 380/452 381/453
f 382/454 383/455 384/456
f 385/445 386/446 387/447
f 388/448 389/449 390/450
f 391/436 392/437 393/438
f 394/433 395/434 396/435
f 397/442 398/443 399/444
f 400/439 401/440 402/441
f 403/427 404/428 405/429
f 406/430 407/431 408/432
f 409/415 410/416 411/417
f 412/418 413/419 414/420
f 415/424 416/425 417/426
f 418/421 419/422 420/423
f 421/457 422/458 423/459
f 424/460 425/461 426/462
f 427/124 428/125 429/126
f 430/121 431/122 432/123
f 433/1813 434/1814 435/1815
f 436/1816 437/1817 438/1818
f 439/661 440/662 441/663
f 442/664 443/665 444/666
f 445/1855 446/1856 447/1857
f 448/1858 449/1859 450/1860
f 451/1822 452/1823 453/1824
f 454/1819 455/1820 456/1821
f 457/1867 458/1868 459/1869
f 460/1870 461/1871 462/1872
f 463/1921 464/1922 465/1923
f 466/1924 467/1925 468/1926
f 469/2026 470/2027 471/2028
f 472/2023 473/2024 474/2025
f 475/1990 476/1991 477/1992
f 478/1987 479/1988 480/1989
f 481/1978 482/1979 483/1980
f 484/1975 485/1976 486/1977
f 487/1966 488/1967 489/1968
f 490/1963 491/1964 492/1965
f 493/1957 494/1958 495/1959
f 496/1960 497/1961 498/1962
f 499/1999 500/2000 501/2001
f 502/2002 503/2003 504/2004
f 505/2011 506/2012 507/2013
f 508/2014 509/2015 510/2016
f 511/2065 512/2066 513/2067
f 514/2068 515/2069 516/2070
f 517/1594 518/1595 519/1596
f 520/1591 521/1592 522/1593
f 523/1558 524/1559 525/1560
f 526/1555 527/1556 528/1557
f 529/1546 530/1547 531/1548
f 532/1543 533/1544 534/1545
f 535/1534 536/1535 537/1536
f 538/1531 539/1532 540/1533
f 541/1525 542/1526 543/1527
f 544/1528 545/1529 546/1530
f 547/1567 548/1568 549/1569
f 550/1570 551/1571 552/1572
f 553/1579 554/1580 555/1581
f 556/1582 557/1583 558/1584
f 559/1633 560/1634 561/1635
f 562/1636 563/1637 564/1638
f 565/1738 566/1739 567/1740
f 568/1735 569/1736 570/1737
f 571/1702 572/1703 573/1704
f 574/1699 575/1700 576/1701
f 577/1690 578/1691 579/1692
f 580/1687 581/1688 582/1689
f 583/1678 584/1679 585/1680
f 586/1675 587/1676 588/1677
f 589/1669 590/1670 591/1671
f 592/1672 593/1673 594/1674
f 595/1711 596/1712 597/1713
f 598/1714 599/1715 600/1716
f 601/1723 602/1724 603/1725
f 604/1726 605/1727 606/1728
f 607/1777 608/1778 609/1779
f 610/1780 611/1781 612/1782
f 613/1882 614/1883 615/1884
f 616/1879 617/1880 618/1881
f 619/1846 620/1847 621/1848
f 622/1843 623/1844 624/1845
f 625/1834 626/1835 627/1836
f 628/1831 629/1832 630/1833
f 631/739 632/740 633/741
f 634/742 635/743 636/744
f 637/655 638/656 639/657
f 640/658 641/659 642/660
f 643/733 644/734 645/735
f 646/736 647/737 648/738
f 649/649 650/650 651/651
f 652/652 653/653 654/654
f 655/727 656/728 657/729
f 658/730 659/731 660/732
f 661/643 662/644 663/645
f 664/646 665/647 666/648
f 667/721 668/722 669/723
f 670/724 671/725 672/726
f 673/637 674/638 675/639
f 676/640 677/641 678/642
f 679/715 680/716 681/717
f 682/718 683/719 684/720
f 685/631 686/632 687/633
f 688/634 689/635 690/636
f 691/709 692/710 693/711
f 694/712 695/713 696/714
f 697/625 698/626 699/627
f 700/628 701/629 702/630
f 703/703 704/704 705/705
f 706/706 707/707 708/708
f 709/619 710/620 711/621
f 712/622 713/623 714/624
f 715/697 716/698 717/699
f 718/700 719/701 720/702
f 721/589 722/590 723/591
f 724/592 725/593 726/594
f 727/613 728/614 729/615
f 730/616 731/617 732/618
f 733/691 734/692 735/693
f 736/694 737/695 738/696
f 739/577 740/578 741/579
f 742/580 743/581 744/582
f 745/607 746/608 747/609
f 748/610 749/611 750/612
f 751/685 752/686 753/687
f 754/688 755/689 756/690
f 757/571 758/572 759/573
f 760/574 761/575 762/576
f 763/601 764/602 765/603
f 766/604 767/605 768/606
f 769/679 770/680 771/681
f 772/682 773/683 774/684
f 775/565 776/566 777/567
f 778/568 779/569 780/570
f 781/595 782/596 783/597
f 784/598 785/599 786/600
f 787/673 788/674 789/675
f 790/676 791/677 792/678
f 793/559 794/560 795/561
f 796/562 797/563 798/564
f 799/667 800/668 801/669
f 802/670 803/671 804/672
f 805/745 806/746 807/747
f 808/748 809/749 810/750
f 811/1807 812/1808 813/1809
f 814/1810 815/1811 816/1812
f 817/1897 818/1898 819/1899
f 820/1900 821/1901 822/1902
f 823/1138 824/1139 825/1140
f 826/1135 827/1136 828/1137
f 829/781 830/782 831/783
f 832/784 833/785 834/786
f 835/1861 836/1862 837/1863
f 838/1864 839/1865 840/1866
f 841/1909 842/1910 843/1911
f 844/1912 845/1913 846/1914
f 847/1141 848/1142 849/1143
f 850/1144 851/1145 852/1146
f 853/787 854/788 855/789
f 856/790 857/791 858/792
f 859/1873 860/1874 861/1875
f 862/1876 863/1877 864/1878
f 865/1933 866/1934 867/1935
f 868/1936 869/1937 870/1938
f 871/1150 872/1151 873/1152
f 874/1147 875/1148 876/1149
f 877/796 878/797 879/798
f 880/793 881/794 882/795
f 883/1927 884/1928 885/1929
f 886/1930 887/1931 888/1932
f 889/1945 890/1946 891/1947
f 892/1948 893/1949 894/1950
f 895/1153 896/1154 897/1155
f 898/1156 899/1157 900/1158
f 901/802 902/803 903/804
f 904/799 905/800 906/801
f 907/2032 908/2033 909/2034
f 910/2029 911/2030 912/2031
f 913/2083 914/2084 915/2085
f 916/2086 917/2087 918/2088
f 919/1162 920/1163 921/1164
f 922/1159 923/1160 924/1161
f 925/805 926/806 927/807
f 928/808 929/809 930/810
f 931/1996 932/1997 933/1998
f 934/1993 935/1994 936/1995
f 937/2059 938/2060 939/2061
f 940/2062 941/2063 942/2064
f 943/1165 944/1166 945/1167
f 946/1168 947/1169 948/1170
f 949/811 950/812 951/813
f 952/814 953/815 954/816
f 955/1984 956/1985 957/1986
f 958/1981 959/1982 960/1983
f 961/2050 962/2051 963/2052
f 964/2047 965/2048 966/2049
f 967/1171 968/1172 969/1173
f 970/1174 971/1175 972/1176
f 973/820 974/821 975/822
f 976/817 977/818 978/819
f 979/1969 980/1970 981/1971
f 982/1972 983/1973 984/1974
f 985/2035 986/2036 987/2037
f 988/2038 989/2039 990/2040
f 991/1177 992/1178 993/1179
f 994/1180 995/1181 996/1182
f 997/826 998/827 999/828
f 1000/823 1001/824 1002/825
f 1003/1951 1004/1952 1005/1953
f 1006/1954 1007/1955 1008/1956
f 1009/2041 1010/2042 1011/2043
f 1012/2044 1013/2045 1014/2046
f 1015/1186 1016/1187 1017/1188
f 1018/1183 1019/1184 1020/1185
f 1021/829 1022/830 1023/831
f 1024/832 1025/833 1026/834
f 1027/2005 1028/2006 1029/2007
f 1030/2008 1031/2009 1032/2010
f 1033/2053 1034/2054 1035/2055
f 1036/2056 1037/2057 1038/2058
f 1039/1192 1040/1193 1041/1194
f 1042/1189 1043/1190 1044/1191
f 1045/838 1046/839 1047/840
f 1048/835 1049/836 1050/837
f 1051/2017 1052/2018 1053/2019
f 1054/2020 1055/2021 1056/2022
f 1057/2077 1058/2078 1059/2079
f 1060/2080 1061/2081 1062/2082
f 1063/1195 1064/1196 1065/1197
f 1066/1198 1067/1199 1068/1200
f 1069/844 1070/845 1071/846
f 1072/841 1073/842 1074/843
f 1075/2071 1076/2072 1077/2073
f 1078/2074 1079/2075 1080/2076
f 1081/2089 1082/2090 1083/2091
f 1084/2092 1085/2093 1086/2094
f 1087/1204 1088/1205 1089/1206
f 1090/1201 1091/1202 1092/1203
f 1093/847 1094/848 1095/849
f 1096/850 1097/851 1098/852
f 1099/1600 1100/1601 1101/1602
f 1102/1597 1103/1598 1104/1599
f 1105/1651 1106/1652 1107/1653
f 1108/1654 1109/1655 1110/1656
f 1111/1207 1112/1208 1113/1209
f 1114/1210 1115/1211 1116/1212
f 1117/856 1118/857 1119/858
f 1120/853 1121/854 1122/855
f 1123/1564 1124/1565 1125/1566
f 1126/1561 1127/1562 1128/1563
f 1129/1627 1130/1628 1131/1629
f 1132/1630 1133/1631 1134/1632
f 1135/1216 1136/1217 1137/1218
f 1138/1213 1139/1214 1140/1215
f 1141/859 1142/860 1143/861
f 1144/862 1145/863 1146/864
f 1147/1549 1148/1550 1149/1551
f 1150/1552 1151/1553 1152/1554
f 1153/1618 1154/1619 1155/1620
f 1156/1615 1157/1616 1158/1617
f 1159/1219 1160/1220 1161/1221
f 1162/1222 1163/1223 1164/1224
f 1165/868 1166/869 1167/870
f 1168/865 1169/866 1170/867
f 1171/1537 1172/1538 1173/1539
f 1174/1540 1175/1541 1176/1542
f 1177/1603 1178/1604 1179/1605
f 1180/1606 1181/1607 1182/1608
f 1183/1225 1184/1226 1185/1227
f 1186/1228 1187/1229 1188/1230
f 1189/874 1190/875 1191/876
f 1192/871 1193/872 1194/873
f 1195/1519 1196/1520 1197/1521
f 1198/1522 1199/1523 1200/1524
f 1201/1609 1202/1610 1203/1611
f 1204/1612 1205/1613 1206/1614
f 1207/1234 1208/1235 1209/1236
f 1210/1231 1211/1232 1212/1233
f 1213/877 1214/878 1215/879
f 1216/880 1217/881 1218/882
f 1219/1573 1220/1574 1221/1575
f 1222/1576 1223/1577 1224/1578
f 1225/1621 1226/1622 1227/1623
f 1228/1624 1229/1625 1230/1626
f 1231/1237 1232/1238 1233/1239
f 1234/1240 1235/1241 1236/1242
f 1237/883 1238/884 1239/885
f 1240/886 1241/887 1242/888
f 1243/1585 1244/1586 1245/1587
f 1246/1588 1247/1589 1248/1590
f 1249/1645 1250/1646 1251/1647
f 1252/1648 1253/1649 1254/1650
f 1255/1246 1256/1247 1257/1248
f 1258/1243 1259/1244 1260/1245
f 1261/889 1262/890 1263/891
f 1264/892 1265/893 1266/894
f 1267/1639 1268/1640 1269/1641
f 1270/1642 1271/1643 1272/1644
f 1273/1657 1274/1658 1275/1659
f 1276/1660 1277/1661 1278/1662
f 1279/1252 1280/1253 1281/1254
f 1282/1249 1283/1250 1284/1251
f 1285/895 1286/896 1287/897
f 1288/898 1289/899 1290/900
f 1291/1744 1292/1745 1293/1746
f 1294/1741 1295/1742 1296/1743
f 1297/1795 1298/1796 1299/1797
f 1300/1798 1301/1799 1302/1800
f 1303/1255 1304/1256 1305/1257
f 1306/1258 1307/1259 1308/1260
f 1309/904 1310/905 1311/906
f 1312/901 1313/902 1314/903
f 1315/1705 1316/1706 1317/1707
f 1318/1708 1319/1709 1320/1710
f 1321/1774 1322/1775 1323/1776
f 1324/1771 1325/1772 1326/1773
f 1327/1264 1328/1265 1329/1266
f 1330/1261 1331/1262 1332/1263
f 1333/910 1334/911 1335/912
f 1336/907 1337/908 1338/909
f 1339/1693 1340/1694 1341/1695
f 1342/1696 1343/1697 1344/1698
f 1345/1759 1346/1760 1347/1761
f 1348/1762 1349/1763 1350/1764
f 1351/1267 1352/1268 1353/1269
f 1354/1270 1355/1271 1356/1272
f 1357/913 1358/914 1359/915
f 1360/916 1361/917 1362/918
f 1363/1684 1364/1685 1365/1686
f 1366/1681 1367/1682 1368/1683
f 1369/1747 1370/1748 1371/1749
f 1372/1750 1373/1751 1374/1752
f 1375/1273 1376/1274 1377/1275
f 1378/1276 1379/1277 1380/1278
f 1381/922 1382/923 1383/924
f 1384/919 1385/920 1386/921
f 1387/1663 1388/1664 1389/1665
f 1390/1666 1391/1667 1392/1668
f 1393/1753 1394/1754 1395/1755
f 1396/1756 1397/1757 1398/1758
f 1399/1282 1400/1283 1401/1284
f 1402/1279 1403/1280 1404/1281
f 1405/925 1406/926 1407/927
f 1408/928 1409/929 1410/930
f 1411/1717 1412/1718 1413/1719
f 1414/1720 1415/1721 1416/1722
f 1417/1765 1418/1766 1419/1767
f 1420/1768 1421/1769 1422/1770
f 1423/1288 1424/1289 1425/1290
f 1426/1285 1427/1286 1428/1287
f 1429/940 1430/941 1431/942
f 1432/937 1433/938 1434/939
f 1435/1729 1436/1730 1437/1731
f 1438/1732 1439/1733 1440/1734
f 1441/1789 1442/1790 1443/1791
f 1444/1792 1445/1793 1446/1794
f 1447/1291 1448/1292 1449/1293
f 1450/1294 1451/1295 1452/1296
f 1453/934 1454/935 1455/936
f 1456/931 1457/932 1458/933
f 1459/1783 1460/1784 1461/1785
f 1462/1786 1463/1787 1464/1788
f 1465/1801 1466/1802 1467/1803
f 1468/1804 1469/1805 1470/1806
f 1471/1300 1472/1301 1473/1302
f 1474/1297 1475/1298 1476/1299
f 1477/754 1478/755 1479/756
f 1480/751 1481/752 1482/753
f 1483/1888 1484/1889 1485/1890
f 1486/1885 1487/1886 1488/1887
f 1489/1939 1490/1940 1491/1941
f 1492/1942 1493/1943 1494/1944
f 1495/1303 1496/1304 1497/1305
f 1498/1306 1499/1307 1500/1308
f 1501/757 1502/758 1503/759
f 1504/760 1505/761 1506/762
f 1507/1849 1508/1850 1509/1851
f 1510/1852 1511/1853 1512/1854
f 1513/1918 1514/1919 1515/1920
f 1516/1915 1517/1916 1518/1917
f 1519/1312 1520/1313 1521/1314
f 1522/1309 1523/1310 1524/1311
f 1525/766 1526/767 1527/768
f 1528/763 1529/764 1530/765
f 1531/1840 1532/1841 1533/1842
f 1534/1837 1535/1838 1536/1839
f 1537/1903 1538/1904 1539/1905
f 1540/1906 1541/1907 1542/1908
f 1543/1315 1544/1316 1545/1317
f 1546/1318 1547/1319 1548/1320
f 1549/772 1550/773 1551/774
f 1552/769 1553/770 1554/771
f 1555/1825 1556/1826 1557/1827
f 1558/1828 1559/1829 1560/1830
f 1561/1891 1562/1892 1563/1893
f 1564/1894 1565/1895 1566/1896
f 1567/1324 1568/1325 1569/1326
f 1570/1321 1571/1322 1572/1323
f 1573/775 1574/776 1575/777
f 1576/778 1577/779 1578/780
f 1579/952 1580/953 1581/954
f 1582/949 1583/950 1584/951
f 1585/1363 1586/1364 1587/1365
f 1588/1366 1589/1367 1590/1368
f 1591/2329 1592/2330 1593/2331
f 1594/2332 1595/2333 1596/2334
f 1597/2242 1598/2243 1599/2244
f 1600/2239 1601/2240 1602/2241
f 1603/943 1604/944 1605/945
f 1606/946 1607/947 1608/948
f 1609/1357 1610/1358 1611/1359
f 1612/1360 1613/1361 1614/1362
f 1615/2356 1616/2357 1617/2358
f 1618/2353 1619/2354 1620/2355
f 1621/2284 1622/2285 1623/2286
f 1624/2281 1625/2282 1626/2283
f 1627/955 1628/956 1629/957
f 1630/958 1631/959 1632/960
f 1633/1336 1634/1337 1635/1338
f 1636/1333 1637/1334 1638/1335
f 1639/2362 1640/2363 1641/2364
f 1642/2359 1643/2360 1644/2361
f 1645/2308 1646/2309 1647/2310
f 1648/2305 1649/2306 1650/2307
f 1651/973 1652/974 1653/975
f 1654/976 1655/977 1656/978
f 1657/1327 1658/1328 1659/1329
f 1660/1330 1661/1331 1662/1332
f 1663/2371 1664/2372 1665/2373
f 1666/2374 1667/2375 1668/2376
f 1669/2347 1670/2348 1671/2349
f 1672/2350 1673/2351 1674/2352
f 1675/979 1676/980 1677/981
f 1678/982 1679/983 1680/984
f 1681/1339 1682/1340 1683/1341
f 1684/1342 1685/1343 1686/1344
f 1687/2377 1688/2378 1689/2379
f 1690/2380 1691/2381 1692/2382
f 1693/2608 1694/2609 1695/2610
f 1696/2605 1697/2606 1698/2607
f 1699/985 1700/986 1701/987
f 1702/988 1703/989 1704/990
f 1705/1345 1706/1346 1707/1347
f 1708/1348 1709/1349 1710/1350
f 1711/2656 1712/2657 1713/2658
f 1714/2653 1715/2654 1716/2655
f 1717/2584 1718/2585 1719/2586
f 1720/2581 1721/2582 1722/2583
f 1723/991 1724/992 1725/993
f 1726/994 1727/995 1728/996
f 1729/1351 1730/1352 1731/1353
f 1732/1354 1733/1355 1734/1356
f 1735/2626 1736/2627 1737/2628
f 1738/2623 1739/2624 1740/2625
f 1741/2560 1742/2561 1743/2562
f 1744/2557 1745/2558 1746/2559
f 1747/997 1748/998 1749/999
f 1750/1000 1751/1001 1752/1002
f 1753/1393 1754/1394 1755/1395
f 1756/1396 1757/1397 1758/1398
f 1759/2614 1760/2615 1761/2616
f 1762/2611 1763/2612 1764/2613
f 1765/2548 1766/2549 1767/2550
f 1768/2545 1769/2546 1770/2547
f 1771/1003 1772/1004 1773/1005
f 1774/1006 1775/1007 1776/1008
f 1777/1399 1778/1400 1779/1401
f 1780/1402 1781/1403 1782/1404
f 1783/2617 1784/2618 1785/2619
f 1786/2620 1787/2621 1788/2622
f 1789/2530 1790/2531 1791/2532
f 1792/2527 1793/2528 1794/2529
f 1795/1009 1796/1010 1797/1011
f 1798/1012 1799/1013 1800/1014
f 1801/1405 1802/1406 1803/1407
f 1804/1408 1805/1409 1806/1410
f 1807/2644 1808/2645 1809/2646
f 1810/2641 1811/2642 1812/2643
f 1813/2569 1814/2570 1815/2571
f 1816/2572 1817/2573 1818/2574
f 1819/1015 1820/1016 1821/1017
f 1822/1018 1823/1019 1824/1020
f 1825/1411 1826/1412 1827/1413
f 1828/1414 1829/1415 1830/1416
f 1831/2650 1832/2651 1833/2652
f 1834/2647 1835/2648 1836/2649
f 1837/2596 1838/2597 1839/2598
f 1840/2593 1841/2594 1842/2595
f 1843/1021 1844/1022 1845/1023
f 1846/1024 1847/1025 1848/1026
f 1849/1417 1850/1418 1851/1419
f 1852/1420 1853/1421 1854/1422
f 1855/2659 1856/2660 1857/2661
f 1858/2662 1859/2663 1860/2664
f 1861/2635 1862/2636 1863/2637
f 1864/2638 1865/2639 1866/2640
f 1867/1027 1868/1028 1869/1029
f 1870/1030 1871/1031 1872/1032
f 1873/1423 1874/1424 1875/1425
f 1876/1426 1877/1427 1878/1428
f 1879/2665 1880/2666 1881/2667
f 1882/2668 1883/2669 1884/2670
f 1885/2176 1886/2177 1887/2178
f 1888/2173 1889/2174 1890/2175
f 1891/1033 1892/1034 1893/1035
f 1894/1036 1895/1037 1896/1038
f 1897/1429 1898/1430 1899/1431
f 1900/1432 1901/1433 1902/1434
f 1903/2224 1904/2225 1905/2226
f 1906/2221 1907/2222 1908/2223
f 1909/2152 1910/2153 1911/2154
f 1912/2149 1913/2150 1914/2151
f 1915/1039 1916/1040 1917/1041
f 1918/1042 1919/1043 1920/1044
f 1921/1435 1922/1436 1923/1437
f 1924/1438 1925/1439 1926/1440
f 1927/2194 1928/2195 1929/2196
f 1930/2191 1931/2192 1932/2193
f 1933/2128 1934/2129 1935/2130
f 1936/2125 1937/2126 1938/2127
f 1939/1045 1940/1046 1941/1047
f 1942/1048 1943/1049 1944/1050
f 1945/1441 1946/1442 1947/1443
f 1948/1444 1949/1445 1950/1446
f 1951/2182 1952/2183 1953/2184
f 1954/2179 1955/2180 1956/2181
f 1957/2116 1958/2117 1959/2118
f 1960/2113 1961/2114 1962/2115
f 1963/1051 1964/1052 1965/1053
f 1966/1054 1967/1055 1968/1056
f 1969/1447 1970/1448 1971/1449
f 1972/1450 1973/1451 1974/1452
f 1975/2188 1976/2189 1977/2190
f 1978/2185 1979/2186 1980/2187
f 1981/2098 1982/2099 1983/2100
f 1984/2095 1985/2096 1986/2097
f 1987/1057 1988/1058 1989/1059
f 1990/1060 1991/1061 1992/1062
f 1993/1453 1994/1454 1995/1455
f 1996/1456 1997/1457 1998/1458
f 1999/2209 2000/2210 2001/2211
f 2002/2212 2003/2213 2004/2214
f 2005/2140 2006/2141 2007/2142
f 2008/2137 2009/2138 2010/2139
f 2011/1063 2012/1064 2013/1065
f 2014/1066 2015/1067 2016/1068
f 2017/1459 2018/1460 2019/1461
f 2020/1462 2021/1463 2022/1464
f 2023/2215 2024/2216 2025/2217
f 2026/2218 2027/2219 2028/2220
f 2029/2161 2030/2162 2031/2163
f 2032/2164 2033/2165 2034/2166
f 2035/1069 2036/1070 2037/1071
f 2038/1072 2039/1073 2040/1074
f 2041/1465 2042/1466 2043/1467
f 2044/1468 2045/1469 2046/1470
f 2047/2230 2048/2231 2049/2232
f 2050/2227 2051/2228 2052/2229
f 2053/2203 2054/2204 2055/2205
f 2056/2206 2057/2207 2058/2208
f 2059/1075 2060/1076 2061/1077
f 2062/1078 2063/1079 2064/1080
f 2065/1471 2066/1472 2067/1473
f 2068/1474 2069/1475 2070/1476
f 2071/2233 2072/2234 2073/2235
f 2074/2236 2075/2237 2076/2238
f 2077/2464 2078/2465 2079/2466
f 2080/2461 2081/2462 2082/2463
f 2083/1081 2084/1082 2085/1083
f 2086/1084 2087/1085 2088/1086
f 2089/1477 2090/1478 2091/1479
f 2092/1480 2093/1481 2094/1482
f 2095/2512 2096/2513 2097/2514
f 2098/2509 2099/2510 2100/2511
f 2101/2440 2102/2441 2103/2442
f 2104/2437 2105/2438 2106/2439
f 2107/1087 2108/1088 2109/1089
f 2110/1090 2111/1091 2112/1092
f 2113/1495 2114/1496 2115/1497
f 2116/1498 2117/1499 2118/1500
f 2119/2482 2120/2483 2121/2484
f 2122/2479 2123/2480 2124/2481
f 2125/2416 2126/2417 2127/2418
f 2128/2413 2129/2414 2130/2415
f 2131/1093 2132/1094 2133/1095
f 2134/1096 2135/1097 2136/1098
f 2137/1501 2138/1502 2139/1503
f 2140/1504 2141/1505 2142/1506
f 2143/2470 2144/2471 2145/2472
f 2146/2467 2147/2468 2148/2469
f 2149/2404 2150/2405 2151/2406
f 2152/2401 2153/2402 2154/2403
f 2155/1099 2156/1100 2157/1101
f 2158/1102 2159/1103 2160/1104
f 2161/1507 2162/1508 2163/1509
f 2164/1510 2165/1511 2166/1512
f 2167/2473 2168/2474 2169/2475
f 2170/2476 2171/2477 2172/2478
f 2173/2386 2174/2387 2175/2388
f 2176/2383 2177/2384 2178/2385
f 2179/1105 2180/1106 2181/1107
f 2182/1108 2183/1109 2184/1110
f 2185/1513 2186/1514 2187/1515
f 2188/1516 2189/1517 2190/1518
f 2191/2500 2192/2501 2193/2502
f 2194/2497 2195/2498 2196/2499
f 2197/2425 2198/2426 2199/2427
f 2200/2428 2201/2429 2202/2430
f 2203/1111 2204/1112 2205/1113
f 2206/1114 2207/1115 2208/1116
f 2209/1492 2210/1493 2211/1494
f 2212/1489 2213/1490 2214/1491
f 2215/2506 2216/2507 2217/2508
f 2218/2503 2219/2504 2220/2505
f 2221/2449 2222/2450 2223/2451
f 2224/2452 2225/2453 2226/2454
f 2227/1117 2228/1118 2229/1119
f 2230/1120 2231/1121 2232/1122
f 2233/1483 2234/1484 2235/1485
f 2236/1486 2237/1487 2238/1488
f 2239/2515 2240/2516 2241/2517
f 2242/2518 2243/2519 2244/2520
f 2245/2494 2246/2495 2247/2496
f 2248/2491 2249/2492 2250/2493
f 2251/1123 2252/1124 2253/1125
f 2254/1126 2255/1127 2256/1128
f 2257/1390 2258/1391 2259/1392
f 2260/1387 2261/1388 2262/1389
f 2263/2521 2264/2522 2265/2523
f 2266/2524 2267/2525 2268/2526
f 2269/2320 2270/2321 2271/2322
f 2272/2317 2273/2318 2274/2319
f 2275/1132 2276/1133 2277/1134
f 2278/1129 2279/1130 2280/1131
f 2281/1381 2282/1382 2283/1383
f 2284/1384 2285/1385 2286/1386
f 2287/2368 2288/2369 2289/2370
f 2290/2365 2291/2366 2292/2367
f 2293/2296 2294/2297 2295/2298
f 2296/2293 2297/2294 2298/2295
f 2299/970 2300/971 2301/972
f 2302/967 2303/968 2304/969
f 2305/1378 2306/1379 2307/1380
f 2308/1375 2309/1376 2310/1377
f 2311/2338 2312/2339 2313/2340
f 2314/2335 2315/2336 2316/2337
f 2317/2272 2318/2273 2319/2274
f 2320/2269 2321/2270 2322/2271
f 2323/964 2324/965 2325/966
f 2326/961 2327/962 2328/963
f 2329/1372 2330/1373 2331/1374
f 2332/1369 2333/1370 2334/1371
f 2335/2326 2336/2327 2337/2328
f 2338/2323 2339/2324 2340/2325
f 2341/2260 2342/2261 2343/2262
f 2344/2257 2345/2258 2346/2259
f 2347/583 2348/584 2349/585
f 2350/586 2351/587 2352/588
f 2353/2299 2354/2300 2355/2301
f 2356/2302 2357/2303 2358/2304
f 2359/2602 2360/2603 2361/2604
f 2362/2599 2363/2600 2364/2601
f 2365/2578 2366/2579 2367/2580
f 2368/2575 2369/2576 2370/2577
f 2371/2554 2372/2555 2373/2556
f 2374/2551 2375/2552 2376/2553
f 2377/2542 2378/2543 2379/2544
f 2380/2539 2381/2540 2382/2541
f 2383/2533 2384/2534 2385/2535
f 2386/2536 2387/2537 2388/2538
f 2389/2563 2390/2564 2391/2565
f 2392/2566 2393/2567 2394/2568
f 2395/2587 2396/2588 2397/2589
f 2398/2590 2399/2591 2400/2592
f 2401/2629 2402/2630 2403/2631
f 2404/2632 2405/2633 2406/2634
f 2407/2170 2408/2171 2409/2172
f 2410/2167 2411/2168 2412/2169
f 2413/2146 2414/2147 2415/2148
f 2416/2143 2417/2144 2418/2145
f 2419/2122 2420/2123 2421/2124
f 2422/2119 2423/2120 2424/2121
f 2425/2110 2426/2111 2427/2112
f 2428/2107 2429/2108 2430/2109
f 2431/2101 2432/2102 2433/2103
f 2434/2104 2435/2105 2436/2106
f 2437/2131 2438/2132 2439/2133
f 2440/2134 2441/2135 2442/2136
f 2443/2155 2444/2156 2445/2157
f 2446/2158 2447/2159 2448/2160
f 2449/2197 2450/2198 2451/2199
f 2452/2200 2453/2201 2454/2202
f 2455/2458 2456/2459 2457/2460
f 2458/2455 2459/2456 2460/2457
f 2461/2434 2462/2435 2463/2436
f 2464/2431 2465/2432 2466/2433
f 2467/2410 2468/2411 2469/2412
f 2470/2407 2471/2408 2472/2409
f 2473/2398 2474/2399 2475/2400
f 2476/2395 2477/2396 2478/2397
f 2479/2389 2480/2390 2481/2391
f 2482/2392 2483/2393 2484/2394
f 2485/2419 2486/2420 2487/2421
f 2488/2422 2489/2423 2490/2424
f 2491/2443 2492/2444 2493/2445
f 2494/2446 2495/2447 2496/2448
f 2497/2485 2498/2486 2499/2487
f 2500/2488 2501/2489 2502/2490
f 2503/2314 2504/2315 2505/2316
f 2506/2311 2507/2312 2508/2313
f 2509/2290 2510/2291 2511/2292
f 2512/2287 2513/2288 2514/2289
f 2515/2266 2516/2267 2517/2268
f 2518/2263 2519/2264 2520/2265
f 2521/2275 2522/2276 2523/2277
f 2524/2278 2525/2279 2526/2280
f 2527/2341 2528/2342 2529/2343
f 2530/2344 2531/2345 2532/2346
f 2533/2245 2534/2246 2535/2247
f 2536/2248 2537/2249 2538/2250
f 2539/2254 2540/2255 2541/2256
f 2542/2251 2543/2252 2544/2253
f 2545/3043 2546/3044 2547/3045
f 2548/3046 2549/3047 2550/3048
f 2551/2773 2552/2774 2553/2775
f 2554/2776 2555/2777 2556/2778
f 2557/2827 2558/2828 2559/2829
f 2560/2830 2561/2831 2562/2832
f 2563/3037 2564/3038 2565/3039
f 2566/3040 2567/3041 2568/3042
f 2569/2716 2570/2717 2571/2718
f 2572/2713 2573/2714 2574/2715
f 2575/2806 2576/2807 2577/2808
f 2578/2803 2579/2804 2580/2805
f 2581/2800 2582/2801 2583/2802
f 2584/2797 2585/2798 2586/2799
f 2587/2794 2588/2795 2589/2796
f 2590/2791 2591/2792 2592/2793
f 2593/2782 2594/2783 2595/2784
f 2596/2779 2597/2780 2598/2781
f 2599/2785 2600/2786 2601/2787
f 2602/2788 2603/2789 2604/2790
f 2605/2815 2606/2816 2607/2817
f 2608/2818 2609/2819 2610/2820
f 2611/2701 2612/2702 2613/2703
f 2614/2704 2615/2705 2616/2706
f 2617/3013 2618/3014 2619/3015
f 2620/3016 2621/3017 2622/3018
f 2623/3019 2624/3020 2625/3021
f 2626/3022 2627/3023 2628/3024
f 2629/3025 2630/3026 2631/3027
f 2632/3028 2633/3029 2634/3030
f 2635/2995 2636/2996 2637/2997
f 2638/2998 2639/2999 2640/3000
f 2641/3001 2642/3002 2643/3003
f 2644/3004 2645/3005 2646/3006
f 2647/3031 2648/3032 2649/3033
f 2650/3034 2651/3035 2652/3036
f 2653/2821 2654/2822 2655/2823
f 2656/2824 2657/2825 2658/2826
f 2659/2908 2660/2909 2661/2910
f 2662/2905 2663/2906 2664/2907
f 2665/2710 2666/2711 2667/2712
f 2668/2707 2669/2708 2670/2709
f 2671/2686 2672/2687 2673/2688
f 2674/2683 2675/2684 2676/2685
f 2677/2674 2678/2675 2679/2676
f 2680/2671 2681/2672 2682/2673
f 2683/2677 2684/2678 2685/2679
f 2686/2680 2687/2681 2688/2682
f 2689/2689 2690/2690 2691/2691
f 2692/2692 2693/2693 2694/2694
f 2695/2695 2696/2696 2697/2697
f 2698/2698 2699/2699 2700/2700
f 2701/2746 2702/2747 2703/2748
f 2704/2743 2705/2744 2706/2745
f 2707/2740 2708/2741 2709/2742
f 2710/2737 2711/2738 2712/2739
f 2713/2734 2714/2735 2715/2736
f 2716/2731 2717/2732 2718/2733
f 2719/2728 2720/2729 2721/2730
f 2722/2725 2723/2726 2724/2727
f 2725/2749 2726/2750 2727/2751
f 2728/2752 2729/2753 2730/2754
f 2731/2755 2732/2756 2733/2757
f 2734/2758 2735/2759 2736/2760
f 2737/2761 2738/2762 2739/2763
f 2740/2764 2741/2765 2742/2766
f 2743/2767 2744/2768 2745/2769
f 2746/2770 2747/2771 2748/2772
f 2749/3148 2750/3149 2751/3150
f 2752/3145 2753/3146 2754/3147
f 2755/2812 2756/2813 2757/2814
f 2758/2809 2759/2810 2760/2811
f 2761/3202 2762/3203 2763/3204
f 2764/3199 2765/3200 2766/3201
f 2767/3256 2768/3257 2769/3258
f 2770/3253 2771/3254 2772/3255
f 2773/3121 2774/3122 2775/3123
f 2776/3124 2777/3125 2778/3126
f 2779/3115 2780/3116 2781/3117
f 2782/3112 2783/3113 2784/3114
f 2785/3109 2786/3110 2787/3111
f 2788/3118 2789/3119 2790/3120
f 2791/3103 2792/3104 2793/3105
f 2794/3106 2795/3107 2796/3108
f 2797/3097 2798/3098 2799/3099
f 2800/3100 2801/3101 2802/3102
f 2803/3130 2804/3131 2805/3132
f 2806/3127 2807/3128 2808/3129
f 2809/3136 2810/3137 2811/3138
f 2812/3133 2813/3134 2814/3135
f 2815/3142 2816/3143 2817/3144
f 2818/3139 2819/3140 2820/3141
f 2821/2935 2822/2936 2823/2937
f 2824/2938 2825/2939 2826/2940
f 2827/2929 2828/2930 2829/2931
f 2830/2932 2831/2933 2832/2934
f 2833/2923 2834/2924 2835/2925
f 2836/2926 2837/2927 2838/2928
f 2839/2917 2840/2918 2841/2919
f 2842/2920 2843/2921 2844/2922
f 2845/2911 2846/2912 2847/2913
f 2848/2914 2849/2915 2850/2916
f 2851/2890 2852/2891 2853/2892
f 2854/2887 2855/2888 2856/2889
f 2857/2896 2858/2897 2859/2898
f 2860/2893 2861/2894 2862/2895
f 2863/2902 2864/2903 2865/2904
f 2866/2899 2867/2900 2868/2901
f 2869/3175 2870/3176 2871/3177
f 2872/3178 2873/3179 2874/3180
f 2875/3169 2876/3170 2877/3171
f 2878/3172 2879/3173 2880/3174
f 2881/3163 2882/3164 2883/3165
f 2884/3166 2885/3167 2886/3168
f 2887/3157 2888/3158 2889/3159
f 2890/3160 2891/3161 2892/3162
f 2893/3154 2894/3155 2895/3156
f 2896/3151 2897/3152 2898/3153
f 2899/3184 2900/3185 2901/3186
f 2902/3181 2903/3182 2904/3183
f 2905/3190 2906/3191 2907/3192
f 2908/3187 2909/3188 2910/3189
f 2911/3196 2912/3197 2913/3198
f 2914/3193 2915/3194 2916/3195
f 2917/3235 2918/3236 2919/3237
f 2920/3238 2921/3239 2922/3240
f 2923/3229 2924/3230 2925/3231
f 2926/3232 2927/3233 2928/3234
f 2929/3223 2930/3224 2931/3225
f 2932/3226 2933/3227 2934/3228
f 2935/3217 2936/3218 2937/3219
f 2938/3220 2939/3221 2940/3222
f 2941/3205 2942/3206 2943/3207
f 2944/3208 2945/3209 2946/3210
f 2947/3214 2948/3215 2949/3216
f 2950/3211 2951/3212 2952/3213
f 2953/3244 2954/3245 2955/3246
f 2956/3241 2957/3242 2958/3243
f 2959/3250 2960/3251 2961/3252
f 2962/3247 2963/3248 2964/3249
f 2965/2722 2966/2723 2967/2724
f 2968/2719 2969/2720 2970/2721
f 2971/2941 2972/2942 2973/2943
f 2974/2944 2975/2945 2976/2946
f 2977/2881 2978/2882 2979/2883
f 2980/2884 2981/2885 2982/2886
f 2983/2989 2984/2990 2985/2991
f 2986/2992 2987/2993 2988/2994
f 2989/2833 2990/2834 2991/2835
f 2992/2836 2993/2837 2994/2838
f 2995/2983 2996/2984 2997/2985
f 2998/2986 2999/2987 3000/2988
f 3001/2839 3002/2840 3003/2841
f 3004/2842 3005/2843 3006/2844
f 3007/2977 3008/2978 3009/2979
f 3010/2980 3011/2981 3012/2982
f 3013/2845 3014/2846 3015/2847
f 3016/2848 3017/2849 3018/2850
f 3019/2971 3020/2972 3021/2973
f 3022/2974 3023/2975 3024/2976
f 3025/2851 3026/2852 3027/2853
f 3028/2854 3029/2855 3030/2856
f 3031/2965 3032/2966 3033/2967
f 3034/2968 3035/2969 3036/2970
f 3037/2857 3038/2858 3039/2859
f 3040/2860 3041/2861 3042/2862
f 3043/2959 3044/2960 3045/2961
f 3046/2962 3047/2963 3048/2964
f 3049/2863 3050/2864 3051/2865
f 3052/2866 3053/2867 3054/2868
f 3055/2953 3056/2954 3057/2955
f 3058/2956 3059/2957 3060/2958
f 3061/2869 3062/2870 3063/2871
f 3064/2872 3065/2873 3066/2874
f 3067/2947 3068/2948 3069/2949
f 3070/2950 3071/2951 3072/2952
f 3073/2875 3074/2876 3075/2877
f 3076/2878 3077/2879 3078/2880
f 3079/3007 3080/3008 3081/3009
f 3082/3010 3083/3011 3084/3012
f 3085/3466 3086/3467 3087/3468
f 3088/3463 3089/3464 3090/3465
f 3091/3433 3092/3434 3093/3435
f 3094/3436 3095/3437 3096/3438
f 3097/3322 3098/3323 3099/3324
f 3100/3319 3101/3320 3102/3321
f 3103/3487 3104/3488 3105/3489
f 3106/3490 3107/3491 3108/3492
f 3109/3292 3110/3293 3111/3294
f 3112/3295 3113/3296 3114/3297
f 3115/3328 3116/3329 3117/3330
f 3118/3325 3119/3326 3120/3327
f 3121/3376 3122/3377 3123/3378
f 3124/3373 3125/3374 3126/3375
f 3127/3460 3128/3461 3129/3462
f 3130/3457 3131/3458 3132/3459
f 3133/3454 3134/3455 3135/3456
f 3136/3451 3137/3452 3138/3453
f 3139/3448 3140/3449 3141/3450
f 3142/3445 3143/3446 3144/3447
f 3145/3442 3146/3443 3147/3444
f 3148/3439 3149/3440 3150/3441
f 3151/3469 3152/3470 3153/3471
f 3154/3472 3155/3473 3156/3474
f 3157/3475 3158/3476 3159/3477
f 3160/3478 3161/3479 3162/3480
f 3163/3349 3164/3350 3165/3351
f 3166/3352 3167/3353 3168/3354
f 3169/3316 3170/3317 3171/3318
f 3172/3313 3173/3314 3174/3315
f 3175/3310 3176/3311 3177/3312
f 3178/3307 3179/3308 3180/3309
f 3181/3304 3182/3305 3183/3306
f 3184/3301 3185/3302 3186/3303
f 3187/3277 3188/3278 3189/3279
f 3190/3280 3191/3281 3192/3282
f 3193/3283 3194/3284 3195/3285
f 3196/3286 3197/3287 3198/3288
f 3199/3289 3200/3290 3201/3291
f 3202/3298 3203/3299 3204/3300
f 3205/3481 3206/3482 3207/3483
f 3208/3484 3209/3485 3210/3486
f 3211/3370 3212/3371 3213/3372
f 3214/3367 3215/3368 3216/3369
f 3217/3364 3218/3365 3219/3366
f 3220/3361 3221/3362 3222/3363
f 3223/3358 3224/3359 3225/3360
f 3226/3355 3227/3356 3228/3357
f 3229/3331 3230/3332 3231/3333
f 3232/3334 3233/3335 3234/3336
f 3235/3337 3236/3338 3237/3339
f 3238/3340 3239/3341 3240/3342
f 3241/3343 3242/3344 3243/3345
f 3244/3346 3245/3347 3246/3348
f 3247/3400 3248/3401 3249/3402
f 3250/3397 3251/3398 3252/3399
f 3253/3394 3254/3395 3255/3396
f 3256/3391 3257/3392 3258/3393
f 3259/3388 3260/3389 3261/3390
f 3262/3385 3263/3386 3264/3387
f 3265/3403 3266/3404 3267/3405
f 3268/3406 3269/3407 3270/3408
f 3271/3409 3272/3410 3273/3411
f 3274/3412 3275/3413 3276/3414
f 3277/3415 3278/3416 3279/3417
f 3280/3418 3281/3419 3282/3420
f 3283/3421 3284/3422 3285/3423
f 3286/3424 3287/3425 3288/3426
f 3289/3427 3290/3428 3291/3429
f 3292/3430 3293/3431 3294/3432
f 3295/3532 3296/3533 3297/3534
f 3298/3529 3299/3530 3300/3531
f 3301/3610 3302/3611 3303/3612
f 3304/3607 3305/3608 3306/3609
f 3307/3646 3308/3647 3309/3648
f 3310/3643 3311/3644 3312/3645
f 3313/3724 3314/3725 3315/3726
f 3316/3721 3317/3722 3318/3723
f 3319/3559 3320/3560 3321/3561
f 3322/3562 3323/3563 3324/3564
f 3325/3553 3326/3554 3327/3555
f 3328/3556 3329/3557 3330/3558
f 3331/3547 3332/3548 3333/3549
f 3334/3550 3335/3551 3336/3552
f 3337/3541 3338/3542 3339/3543
f 3340/3544 3341/3545 3342/3546
f 3343/3535 3344/3536 3345/3537
f 3346/3538 3347/3539 3348/3540
f 3349/3514 3350/3515 3351/3516
f 3352/3511 3353/3512 3354/3513
f 3355/3520 3356/3521 3357/3522
f 3358/3517 3359/3518 3360/3519
f 3361/3526 3362/3527 3363/3528
f 3364/3523 3365/3524 3366/3525
f 3367/3589 3368/3590 3369/3591
f 3370/3592 3371/3593 3372/3594
f 3373/3583 3374/3584 3375/3585
f 3376/3586 3377/3587 3378/3588
f 3379/3565 3380/3566 3381/3567
f 3382/3568 3383/3569 3384/3570
f 3385/3580 3386/3581 3387/3582
f 3388/3571 3389/3572 3390/3573
f 3391/3574 3392/3575 3393/3576
f 3394/3577 3395/3578 3396/3579
f 3397/3613 3398/3614 3399/3615
f 3400/3616 3401/3617 3402/3618
f 3403/3598 3404/3599 3405/3600
f 3406/3601 3407/3602 3408/3603
f 3409/3604 3410/3605 3411/3606
f 3412/3595 3413/3596 3414/3597
f 3415/3667 3416/3668 3417/3669
f 3418/3670 3419/3671 3420/3672
f 3421/3661 3422/3662 3423/3663
f 3424/3664 3425/3665 3426/3666
f 3427/3655 3428/3656 3429/3657
f 3430/3658 3431/3659 3432/3660
f 3433/3649 3434/3650 3435/3651
f 3436/3652 3437/3653 3438/3654
f 3439/3619 3440/3620 3441/3621
f 3442/3622 3443/3623 3444/3624
f 3445/3625 3446/3626 3447/3627
f 3448/3628 3449/3629 3450/3630
f 3451/3634 3452/3635 3453/3636
f 3454/3631 3455/3632 3456/3633
f 3457/3640 3458/3641 3459/3642
f 3460/3637 3461/3638 3462/3639
f 3463/3709 3464/3710 3465/3711
f 3466/3712 3467/3713 3468/3714
f 3469/3703 3470/3704 3471/3705
f 3472/3706 3473/3707 3474/3708
f 3475/3694 3476/3695 3477/3696
f 3478/3691 3479/3692 3480/3693
f 3481/3700 3482/3701 3483/3702
f 3484/3697 3485/3698 3486/3699
f 3487/3685 3488/3686 3489/3687
f 3490/3688 3491/3689 3492/3690
f 3493/3673 3494/3674 3495/3675
f 3496/3676 3497/3677 3498/3678
f 3499/3682 3500/3683 3501/3684
f 3502/3679 3503/3680 3504/3681
f 3505/3715 3506/3716 3507/3717
f 3508/3718 3509/3719 3510/3720
f 3511/3382 3512/3383 3513/3384
f 3514/3379 3515/3380 3516/3381
f 3517/244 3518/245 3519/246
f 3520/241 3521/242 3522/243
f 3523/238 3524/239 3525/240
f 3526/235 3527/236 3528/237
f 3529/247 3530/248 3531/249
f 3532/250 3533/251 3534/252
f 3535/16 3536/17 3537/18
f 3538/13 3539/14 3540/15
f 3541/10 3542/11 3543/12
f 3544/1 3545/2 3546/3
f 3547/4 3548/5 3549/6
f 3550/7 3551/8 3552/9
f 3553/523 3554/524 3555/525
f 3556/520 3557/521 3558/522
f 3559/526 3560/527 3561/528
f 3562/529 3563/530 3564/531
f 3565/532 3566/533 3567/534
f 3568/535 3569/536 3570/537
f 3571/538 3572/539 3573/540
f 3574/541 3575/542 3576/543
f 3577/544 3578/545 3579/546
f 3580/547 3581/548 3582/549
f 3583/550 3584/551 3585/552
f 3586/553 3587/554 3588/555
f 3589/556 3590/557 3591/558
f 3592/469 3593/470 3594/471
f 3595/472 3596/473 3597/474
f 3598/475 3599/476 3600/477
f 3601/478 3602/479 3603/480
f 3604/481 3605/482 3606/483
f 3607/484 3608/485 3609/486
f 3610/487 3611/488 3612/489
f 3613/490 3614/491 3615/492
f 3616/493 3617/494 3618/495
f 3619/496 3620/497 3621/498
f 3622/499 3623/500 3624/501
f 3625/502 3626/503 3627/504
f 3628/505 3629/506 3630/507
f 3631/508 3632/509 3633/510
f 3634/511 3635/512 3636/513
f 3637/514 3638/515 3639/516
f 3640/517 3641/518 3642/519
f 3643/3082 3644/3083 3645/3084
f 3646/3079 3647/3080 3648/3081
f 3649/3076 3650/3077 3651/3078
f 3652/3073 3653/3074 3654/3075
f 3655/3094 3656/3095 3657/3096
f 3658/3091 3659/3092 3660/3093
f 3661/3085 3662/3086 3663/3087
f 3664/3088 3665/3089 3666/3090
f 3667/3058 3668/3059 3669/3060
f 3670/3055 3671/3056 3672/3057
f 3673/3052 3674/3053 3675/3054
f 3676/3049 3677/3050 3678/3051
f 3679/3070 3680/3071 3681/3072
f 3682/3061 3683/3062 3684/3063
f 3685/3064 3686/3065 3687/3066
f 3688/3067 3689/3068 3690/3069
f 3691/3499 3692/3500 3693/3501
f 3694/3496 3695/3497 3696/3498
f 3697/3493 3698/3494 3699/3495
f 3700/3508 3701/3509 3702/3510
f 3703/3502 3704/3503 3705/3504
f 3706/3505 3707/3506 3708/3507
f 3709/3259 3710/3260 3711/3261
f 3712/3262 3713/3263 3714/3264
f 3715/3265 3716/3266 3717/3267
f 3718/3268 3719/3269 3720/3270
f 3721/3271 3722/3272 3723/3273
f 3724/3274 3725/3275 3726/3276