
mtllib textured.mtl
usemtl mesh

v 0.094033 0.459235 0.442008
v -0.023164 0.473137 0.464968
v 0.053080 0.384646 0.635059
v 0.439306 0.478646 0.027161
v 0.522296 0.445029 0.059816
v 0.554752 0.426855 -0.065421
v 0.203713 0.181452 0.446737
v 0.116669 0.107330 0.620187
v 0.165909 0.156342 0.325058
v 0.365507 0.147131 0.158269
v 0.639817 0.106426 0.111597
v 0.471990 0.176581 0.198270
v 0.549034 0.225764 -0.223618
v 0.401997 0.270941 -0.240546
v 0.518300 0.337214 -0.211953
v 0.207329 0.472318 0.075459
v 0.425100 0.452831 0.116326
v 0.335173 0.497486 0.012355
v 0.033564 0.449910 0.093747
v -0.091720 0.413144 0.061367
v -0.059940 0.475382 0.175463
v -0.004696 0.380127 0.022879
v 0.103129 0.453840 -0.040701
v 0.034697 0.403210 -0.078466
v -0.173541 0.349108 0.545570
v -0.191191 0.214412 0.624812
v -0.123701 0.219037 0.752808
v -0.156823 0.391583 0.138849
v -0.203332 0.371906 0.303478
v -0.114595 0.460853 0.379370
v 0.055649 0.325425 0.129086
v 0.206729 0.337043 0.204655
v 0.122245 0.386702 0.150714
v 0.043555 0.288287 -0.117982
v 0.042499 0.235859 -0.020871
v -0.002840 0.322542 -0.040510
v 0.556008 0.388481 0.147174
v 0.616267 0.239447 0.188489
v 0.773247 0.216049 0.107230
v 0.249433 0.416351 0.149258
v 0.122245 0.386702 0.150714
v 0.353166 0.361325 0.217310
v 0.549034 0.225764 -0.223618
v 0.628893 0.118900 -0.132245
v 0.449925 0.152469 -0.181010
v 0.629864 0.402782 0.005076
v 0.556008 0.388481 0.147174
v 0.732474 0.291266 0.073176
v 0.776120 0.254680 -0.046162
v 0.794085 0.237230 0.038008
v 0.900463 0.036176 -0.039302
v 0.758241 0.154201 0.125023
v 0.529061 0.225545 0.218423
v 0.701170 0.118320 0.121912
v 0.091435 0.044159 0.818624
v 0.202238 0.223642 0.617742
v 0.121160 0.219208 0.752808
v -0.191191 0.214412 0.624812
v -0.118448 0.139786 0.761895
v -0.123701 0.219037 0.752808
v 0.223837 0.239818 0.310243
v 0.220773 0.319012 0.249766
v 0.238776 0.256602 0.417031
v 0.037085 0.482671 0.181381
v -0.015124 0.498742 0.316809
v 0.081530 0.482852 0.300005
v 0.802953 -0.054540 -0.098771
v 0.850994 0.001770 -0.090055
v 0.853230 -0.166637 -0.137878
v 0.813086 0.034473 0.087600
v 0.812715 -0.062533 0.100303
v 0.918151 -0.124961 0.108638
v -0.118448 0.139786 0.761895
v -0.191191 0.214412 0.624812
v -0.127640 0.116141 0.667449
v -0.114500 -0.141422 0.918094
v -0.028055 -0.245689 0.998211
v -0.059198 -0.121184 0.957382
v 0.038779 0.034549 0.897304
v 0.111027 -0.138587 0.923946
v 0.091435 0.044159 0.818624
v 0.850994 0.001770 -0.090055
v 0.968933 -0.077519 -0.037703
v 0.922471 -0.100003 -0.096297
v 0.864705 0.085407 0.037722
v 0.918151 -0.124961 0.108638
v 0.981703 -0.142907 0.039816
v 0.802953 -0.054540 -0.098771
v 0.853230 -0.166637 -0.137878
v 0.766377 -0.200283 -0.129628
v 0.906714 -0.362162 0.037865
v 0.914222 -0.358556 -0.050986
v 0.972083 -0.326452 0.026837
v 0.771991 0.099680 -0.119742
v 0.723635 0.253025 -0.138706
v 0.900463 0.036176 -0.039302
v 0.677877 0.365769 -0.040225
v 0.656306 0.229741 -0.182627
v 0.650141 0.287878 -0.170324
v 0.042499 0.235859 -0.020871
v 0.055896 0.249152 0.086316
v -0.001147 0.304282 0.032813
v -0.127288 -0.297546 0.884373
v -0.025163 -0.369755 0.893241
v -0.031471 -0.331219 0.964642
v 0.143425 -0.189454 0.824371
v 0.095612 -0.026690 0.829385
v 0.111027 -0.138587 0.923946
v 0.298055 0.328736 -0.227082
v 0.145585 0.367034 -0.178774
v 0.340739 0.416237 -0.180429
v 0.218509 0.255518 -0.208946
v 0.159258 0.194345 -0.121151
v 0.043555 0.288287 -0.117982
v 0.095612 -0.026690 0.829385
v 0.143425 -0.189454 0.824371
v 0.079693 -0.033293 0.770792
v -0.068989 0.243414 0.783133
v -0.021633 0.371982 0.656459
v -0.137459 0.374151 0.582165
v 0.091435 0.044159 0.818624
v 0.121160 0.219208 0.752808
v 0.038779 0.034549 0.897304
v 0.221573 0.350154 0.342823
v 0.210668 0.333960 0.528300
v 0.238776 0.256602 0.417031
v 0.202238 0.223642 0.617742
v 0.210668 0.333960 0.528300
v 0.160562 0.286527 0.660817
v -0.040044 0.093552 0.859386
v -0.084013 0.060040 0.826502
v -0.114500 -0.141422 0.918094
v -0.063118 -0.335796 0.800678
v -0.127288 -0.297546 0.884373
v -0.116954 -0.259457 0.772010
v -0.098324 -0.052466 0.800545
v -0.108286 -0.206563 0.738317
v -0.145490 -0.203594 0.824790
v -0.133387 0.327765 0.057029
v -0.207595 0.333570 0.209251
v -0.156823 0.391583 0.138849
v 0.003468 0.377748 -0.007236
v -0.091720 0.413144 0.061367
v 0.033564 0.449910 0.093747
v 0.554752 0.426855 -0.065421
v 0.469554 0.402687 -0.167765
v 0.406422 0.468427 -0.093652
v 0.145585 0.367034 -0.178774
v 0.173740 0.456476 -0.095926
v 0.340739 0.416237 -0.180429
v 0.831745 -0.367339 0.007417
v 0.822468 -0.339193 -0.076572
v 0.914222 -0.358556 -0.050986
v 0.143444 -0.257792 0.853535
v 0.120703 -0.283749 0.921653
v 0.090740 -0.331629 0.835837
v 0.868616 -0.222567 0.146584
v 0.897627 -0.310201 0.108705
v 0.959742 -0.255993 0.083623
v 0.055649 0.325425 0.129086
v 0.063280 0.411270 0.089913
v -0.004696 0.380127 0.022879
v -0.004696 0.380127 0.022879
v 0.063280 0.411270 0.089913
v 0.103129 0.453840 -0.040701
v -0.156823 0.391583 0.138849
v -0.114595 0.460853 0.379370
v -0.059940 0.475382 0.175463
v -0.100693 0.436218 0.512020
v -0.021633 0.371982 0.656459
v -0.023164 0.473137 0.464968
v 0.723635 0.253025 -0.138706
v 0.771991 0.099680 -0.119742
v 0.656306 0.229741 -0.182627
v 0.549034 0.225764 -0.223618
v 0.771991 0.099680 -0.119742
v 0.698192 0.069374 -0.090369
v 0.042033 0.307603 -0.005333
v 0.079655 0.406198 0.036609
v 0.141275 0.305519 0.060216
v 0.144710 0.443735 0.308064
v 0.179326 0.368918 0.153959
v 0.086402 0.454040 0.143616
v -0.133387 0.327765 0.057029
v -0.091720 0.413144 0.061367
v -0.049930 0.390032 0.005619
v 0.194683 0.196838 0.143482
v 0.365507 0.147131 0.158269
v 0.321005 0.224613 0.217728
v 0.340739 0.416237 -0.180429
v 0.406422 0.468427 -0.093652
v 0.469554 0.402687 -0.167765
v 0.400989 0.372810 -0.209888
v 0.518300 0.337214 -0.211953
v 0.401997 0.270941 -0.240546
v 0.698192 0.069374 -0.090369
v 0.771991 0.099680 -0.119742
v 0.753921 0.014358 -0.079494
v 0.054735 0.298592 0.736547
v 0.034240 0.176114 0.822449
v 0.121160 0.219208 0.752808
v 0.121246 0.346729 0.630397
v 0.160562 0.286527 0.660817
v 0.210668 0.333960 0.528300
v 0.091435 0.044159 0.818624
v 0.086592 0.056719 0.727279
v 0.202238 0.223642 0.617742
v 0.086592 0.056719 0.727279
v 0.095612 -0.026690 0.829385
v 0.079693 -0.033293 0.770792
v 0.179326 0.368918 0.153959
v 0.141275 0.305519 0.060216
v 0.079655 0.406198 0.036609
v 0.194074 0.259676 0.184978
v 0.141275 0.305519 0.060216
v 0.220773 0.319012 0.249766
v 0.173740 0.456476 -0.095926
v 0.298673 0.482490 -0.082605
v 0.340739 0.416237 -0.180429
v 0.172246 0.481025 0.028103
v 0.335173 0.497486 0.012355
v 0.195853 0.482338 -0.045972
v -0.123701 0.219037 0.752808
v -0.118448 0.139786 0.761895
v -0.040044 0.093552 0.859386
v -0.068989 0.243414 0.783133
v 0.034240 0.176114 0.822449
v 0.054735 0.298592 0.736547
v 0.812715 -0.062533 0.100303
v 0.774131 -0.178255 0.123349
v 0.868616 -0.222567 0.146584
v 0.868616 -0.222567 0.146584
v 0.775273 -0.256755 0.123206
v 0.897627 -0.310201 0.108705
v -0.127640 0.116141 0.667449
v -0.055506 0.024910 0.725823
v -0.087334 0.044121 0.764540
v 0.040244 0.017108 0.711389
v 0.086592 0.056719 0.727279
v 0.079693 -0.033293 0.770792
v -0.214684 0.195820 0.452294
v -0.127640 0.116141 0.667449
v -0.191191 0.214412 0.624812
v -0.207595 0.333570 0.209251
v -0.193846 0.257497 0.183874
v -0.230212 0.253453 0.331196
v 0.071786 -0.293587 0.971502
v -0.031471 -0.331219 0.964642
v 0.055858 -0.355730 0.913794
v -0.028055 -0.245689 0.998211
v 0.057894 -0.210540 0.995461
v 0.006551 -0.104552 0.977097
v 0.723635 0.253025 -0.138706
v 0.656306 0.229741 -0.182627
v 0.677877 0.365769 -0.040225
v 0.794085 0.237230 0.038008
v 0.776120 0.254680 -0.046162
v 0.677877 0.365769 -0.040225
v -0.171352 0.406769 0.450714
v -0.233333 0.318955 0.369456
v -0.230926 0.279648 0.476947
v -0.230926 0.279648 0.476947
v -0.233333 0.318955 0.369456
v -0.230212 0.253453 0.331196
v 0.968933 -0.077519 -0.037703
v 0.981703 -0.142907 0.039816
v 1.000000 -0.222938 -0.067390
v 0.339978 0.217438 -0.218623
v 0.401997 0.270941 -0.240546
v 0.549034 0.225764 -0.223618
v 0.159258 0.194345 -0.121151
v 0.218509 0.255518 -0.208946
v 0.301594 0.175534 -0.174302
v 0.773247 0.216049 0.107230
v 0.616267 0.239447 0.188489
v 0.758241 0.154201 0.125023
v 0.794085 0.237230 0.038008
v 0.864705 0.085407 0.037722
v 0.900463 0.036176 -0.039302
v 0.221573 0.350154 0.342823
v 0.187042 0.409490 0.405185
v 0.210668 0.333960 0.528300
v 0.187042 0.409490 0.405185
v 0.121246 0.346729 0.630397
v 0.210668 0.333960 0.528300
v 1.000000 -0.222938 -0.067390
v 0.922471 -0.100003 -0.096297
v 0.968933 -0.077519 -0.037703
v 0.914783 -0.291056 -0.122226
v 0.914222 -0.358556 -0.050986
v 0.822468 -0.339193 -0.076572
v 0.206729 0.337043 0.204655
v 0.152807 0.264015 0.179373
v 0.354822 0.273891 0.234161
v 0.556008 0.388481 0.147174
v 0.459544 0.318346 0.222724
v 0.616267 0.239447 0.188489
v 0.813086 0.034473 0.087600
v 0.701170 0.118320 0.121912
v 0.742789 0.024444 0.069741
v -0.114500 -0.141422 0.918094
v -0.098324 -0.052466 0.800545
v -0.145490 -0.203594 0.824790
v -0.114500 -0.141422 0.918094
v -0.127288 -0.297546 0.884373
v -0.082015 -0.268230 0.955308
v 1.000000 -0.222938 -0.067390
v 0.972083 -0.326452 0.026837
v 0.959580 -0.317689 -0.067438
v 0.914783 -0.291056 -0.122226
v 1.000000 -0.222938 -0.067390
v 0.959580 -0.317689 -0.067438
v 0.354822 0.273891 0.234161
v 0.529061 0.225545 0.218423
v 0.459544 0.318346 0.222724
v 0.529061 0.225545 0.218423
v 0.471990 0.176581 0.198270
v 0.701170 0.118320 0.121912
v 0.057894 -0.210540 0.995461
v -0.028055 -0.245689 0.998211
v 0.071786 -0.293587 0.971502
v 0.120703 -0.283749 0.921653
v 0.143444 -0.257792 0.853535
v 0.111027 -0.138587 0.923946
v 0.079655 0.406198 0.036609
v 0.042033 0.307603 -0.005333
v 0.003468 0.377748 -0.007236
v -0.049930 0.390032 0.005619
v -0.051319 0.290543 0.005057
v -0.133387 0.327765 0.057029
v 0.103129 0.453840 -0.040701
v 0.063280 0.411270 0.089913
v 0.172246 0.481025 0.028103
v 0.249433 0.416351 0.149258
v 0.207329 0.472318 0.075459
v 0.122245 0.386702 0.150714
v 0.918151 -0.124961 0.108638
v 0.959742 -0.255993 0.083623
v 0.981703 -0.142907 0.039816
v 1.000000 -0.222938 -0.067390
v 0.981703 -0.142907 0.039816
v 0.997697 -0.259799 0.022974
v -0.023164 0.473137 0.464968
v -0.015124 0.498742 0.316809
v -0.114595 0.460853 0.379370
v -0.015124 0.498742 0.316809
v -0.023164 0.473137 0.464968
v 0.094033 0.459235 0.442008
v -0.025163 -0.369755 0.893241
v -0.127288 -0.297546 0.884373
v -0.063118 -0.335796 0.800678
v 0.110475 0.327490 -0.169991
v 0.218509 0.255518 -0.208946
v 0.043555 0.288287 -0.117982
v 0.043555 0.288287 -0.117982
v -0.002840 0.322542 -0.040510
v 0.034697 0.403210 -0.078466
v -0.133387 0.327765 0.057029
v -0.051319 0.290543 0.005057
v -0.133073 0.252045 0.092101
v 0.006551 -0.104552 0.977097
v 0.054307 -0.120337 0.972701
v 0.038779 0.034549 0.897304
v -0.068989 0.243414 0.783133
v -0.040044 0.093552 0.859386
v 0.034240 0.176114 0.822449
v 0.159258 0.194345 -0.121151
v 0.042499 0.235859 -0.020871
v 0.043555 0.288287 -0.117982
v 0.723635 0.253025 -0.138706
v 0.677877 0.365769 -0.040225
v 0.776120 0.254680 -0.046162
v 0.776120 0.254680 -0.046162
v 0.900463 0.036176 -0.039302
v 0.723635 0.253025 -0.138706
v 0.959742 -0.255993 0.083623
v 0.918151 -0.124961 0.108638
v 0.868616 -0.222567 0.146584
v 0.812715 -0.062533 0.100303
v 0.868616 -0.222567 0.146584
v 0.918151 -0.124961 0.108638
v 0.354822 0.273891 0.234161
v 0.353166 0.361325 0.217310
v 0.206729 0.337043 0.204655
v 0.206729 0.337043 0.204655
v 0.353166 0.361325 0.217310
v 0.122245 0.386702 0.150714
v 0.034697 0.403210 -0.078466
v 0.173740 0.456476 -0.095926
v 0.145585 0.367034 -0.178774
v 0.034697 0.403210 -0.078466
v 0.110475 0.327490 -0.169991
v 0.043555 0.288287 -0.117982
v 0.034240 0.176114 0.822449
v -0.040044 0.093552 0.859386
v 0.006551 -0.104552 0.977097
v -0.114500 -0.141422 0.918094
v -0.059198 -0.121184 0.957382
v -0.040044 0.093552 0.859386
v 0.439306 0.478646 0.027161
v 0.554752 0.426855 -0.065421
v 0.406422 0.468427 -0.093652
v 0.195853 0.482338 -0.045972
v 0.335173 0.497486 0.012355
v 0.298673 0.482490 -0.082605
v 0.079655 0.406198 0.036609
v 0.003468 0.377748 -0.007236
v 0.033564 0.449910 0.093747
v 0.079655 0.406198 0.036609
v 0.086402 0.454040 0.143616
v 0.179326 0.368918 0.153959
v 0.775273 -0.256755 0.123206
v 0.839186 -0.322646 0.094689
v 0.897627 -0.310201 0.108705
v 0.906714 -0.362162 0.037865
v 0.831745 -0.367339 0.007417
v 0.914222 -0.358556 -0.050986
v 0.238776 0.256602 0.417031
v 0.210668 0.333960 0.528300
v 0.202238 0.223642 0.617742
v 0.199250 0.194516 0.590709
v 0.116669 0.107330 0.620187
v 0.203713 0.181452 0.446737
v 0.339978 0.217438 -0.218623
v 0.218509 0.255518 -0.208946
v 0.401997 0.270941 -0.240546
v 0.145585 0.367034 -0.178774
v 0.298055 0.328736 -0.227082
v 0.218509 0.255518 -0.208946
v -0.116954 -0.259457 0.772010
v -0.127288 -0.297546 0.884373
v -0.145490 -0.203594 0.824790
v -0.114500 -0.141422 0.918094
v -0.145490 -0.203594 0.824790
v -0.127288 -0.297546 0.884373
v 0.522296 0.445029 0.059816
v 0.439306 0.478646 0.027161
v 0.425100 0.452831 0.116326
v 0.556008 0.388481 0.147174
v 0.629864 0.402782 0.005076
v 0.522296 0.445029 0.059816
v 0.459544 0.318346 0.222724
v 0.556008 0.388481 0.147174
v 0.471990 0.378367 0.180696
v 0.556008 0.388481 0.147174
v 0.522296 0.445029 0.059816
v 0.425100 0.452831 0.116326
v 1.000000 -0.222938 -0.067390
v 0.914783 -0.291056 -0.122226
v 0.908950 -0.190311 -0.129590
v 0.853230 -0.166637 -0.137878
v 0.845904 -0.261522 -0.144462
v 0.766377 -0.200283 -0.129628
v 0.020614 -0.361097 0.824114
v -0.025163 -0.369755 0.893241
v -0.063118 -0.335796 0.800678
v 0.090740 -0.331629 0.835837
v 0.120703 -0.283749 0.921653
v 0.055858 -0.355730 0.913794
v 0.141275 0.305519 0.060216
v 0.179326 0.368918 0.153959
v 0.220773 0.319012 0.249766
v 0.179326 0.368918 0.153959
v 0.187042 0.409490 0.405185
v 0.221573 0.350154 0.342823
v 0.090740 -0.331629 0.835837
v 0.120684 -0.254033 0.769479
v 0.143444 -0.257792 0.853535
v 0.143425 -0.189454 0.824371
v 0.123263 -0.186305 0.766167
v 0.079693 -0.033293 0.770792
v 0.358019 0.429872 0.132959
v 0.376706 0.346130 0.164872
v 0.417145 0.432507 0.153835
v 0.249433 0.416351 0.149258
v 0.425100 0.452831 0.116326
v 0.207329 0.472318 0.075459
v -0.193846 0.257497 0.183874
v -0.207595 0.333570 0.209251
v -0.133387 0.327765 0.057029
v -0.193846 0.257497 0.183874
v -0.133387 0.327765 0.057029
v -0.133073 0.252045 0.092101
v 0.656306 0.229741 -0.182627
v 0.771991 0.099680 -0.119742
v 0.549034 0.225764 -0.223618
v 0.656306 0.229741 -0.182627
v 0.549034 0.225764 -0.223618
v 0.518300 0.337214 -0.211953
v -0.021633 0.371982 0.656459
v -0.068989 0.243414 0.783133
v 0.054735 0.298592 0.736547
v -0.023164 0.473137 0.464968
v -0.021633 0.371982 0.656459
v 0.053080 0.384646 0.635059
v 0.404405 0.315415 0.216282
v 0.417145 0.432507 0.153835
v 0.376706 0.346130 0.164872
v 0.353166 0.361325 0.217310
v 0.376706 0.346130 0.164872
v 0.358019 0.429872 0.132959
v 0.203713 0.181452 0.446737
v 0.165909 0.156342 0.325058
v 0.223837 0.239818 0.310243
v -0.051319 0.290543 0.005057
v 0.003468 0.377748 -0.007236
v 0.042033 0.307603 -0.005333
v -0.203332 0.371906 0.303478
v -0.171352 0.406769 0.450714
v -0.114595 0.460853 0.379370
v -0.114595 0.460853 0.379370
v -0.100693 0.436218 0.512020
v -0.023164 0.473137 0.464968
v 0.353166 0.361325 0.217310
v 0.404405 0.315415 0.216282
v 0.376706 0.346130 0.164872
v 0.353166 0.361325 0.217310
v 0.354822 0.273891 0.234161
v 0.404405 0.315415 0.216282
v 0.054307 -0.120337 0.972701
v 0.111027 -0.138587 0.923946
v 0.038779 0.034549 0.897304
v -0.087334 0.044121 0.764540
v -0.055506 0.024910 0.725823
v -0.098324 -0.052466 0.800545
v -0.114500 -0.141422 0.918094
v -0.087334 0.044121 0.764540
v -0.098324 -0.052466 0.800545
v -0.015124 0.498742 0.316809
v 0.037085 0.482671 0.181381
v -0.059940 0.475382 0.175463
v -0.015124 0.498742 0.316809
v -0.059940 0.475382 0.175463
v -0.114595 0.460853 0.379370
v 0.471990 0.176581 0.198270
v 0.529061 0.225545 0.218423
v 0.321005 0.224613 0.217728
v 0.321005 0.224613 0.217728
v 0.365507 0.147131 0.158269
v 0.471990 0.176581 0.198270
v 0.094033 0.459235 0.442008
v 0.053080 0.384646 0.635059
v 0.141675 0.402050 0.519023
v 0.187042 0.409490 0.405185
v 0.179326 0.368918 0.153959
v 0.144710 0.443735 0.308064
v 0.206729 0.337043 0.204655
v 0.055649 0.325425 0.129086
v 0.152807 0.264015 0.179373
v -0.001147 0.304282 0.032813
v 0.055896 0.249152 0.086316
v 0.055649 0.325425 0.129086
v 0.773247 0.216049 0.107230
v 0.822487 0.098281 0.073223
v 0.864705 0.085407 0.037722
v 0.918151 -0.124961 0.108638
v 0.864705 0.085407 0.037722
v 0.822487 0.098281 0.073223
v 0.152807 0.264015 0.179373
v 0.055649 0.325425 0.129086
v 0.055896 0.249152 0.086316
v 0.094033 0.459235 0.442008
v 0.081530 0.482852 0.300005
v -0.015124 0.498742 0.316809
v 0.144710 0.443735 0.308064
v 0.094033 0.459235 0.442008
v 0.141675 0.402050 0.519023
v 0.773247 0.216049 0.107230
v 0.758241 0.154201 0.125023
v 0.822487 0.098281 0.073223
v 0.758241 0.154201 0.125023
v 0.701170 0.118320 0.121912
v 0.813086 0.034473 0.087600
v 0.149734 0.217914 0.156927
v 0.194074 0.259676 0.184978
v 0.165909 0.156342 0.325058
v 0.141275 0.305519 0.060216
v 0.194074 0.259676 0.184978
v 0.149734 0.217914 0.156927
v 0.086592 0.056719 0.727279
v 0.116669 0.107330 0.620187
v 0.199250 0.194516 0.590709
v 0.742789 0.024444 0.069741
v 0.812715 -0.062533 0.100303
v 0.813086 0.034473 0.087600
v 0.194683 0.196838 0.143482
v 0.321005 0.224613 0.217728
v 0.152807 0.264015 0.179373
v 0.055896 0.249152 0.086316
v 0.194683 0.196838 0.143482
v 0.152807 0.264015 0.179373
v -0.180496 0.164715 0.350682
v -0.127640 0.116141 0.667449
v -0.214684 0.195820 0.452294
v -0.230212 0.253453 0.331196
v -0.193846 0.257497 0.183874
v -0.180496 0.164715 0.350682
v 0.554752 0.426855 -0.065421
v 0.522296 0.445029 0.059816
v 0.677877 0.365769 -0.040225
v 0.677877 0.365769 -0.040225
v 0.586970 0.376378 -0.128696
v 0.554752 0.426855 -0.065421
v 0.121246 0.346729 0.630397
v 0.054735 0.298592 0.736547
v 0.121160 0.219208 0.752808
v 0.054735 0.298592 0.736547
v 0.053080 0.384646 0.635059
v -0.021633 0.371982 0.656459
v 0.850994 0.001770 -0.090055
v 0.753921 0.014358 -0.079494
v 0.771991 0.099680 -0.119742
v 0.771991 0.099680 -0.119742
v 0.900463 0.036176 -0.039302
v 0.850994 0.001770 -0.090055
v 0.238776 0.256602 0.417031
v 0.203713 0.181452 0.446737
v 0.223837 0.239818 0.310243
v 0.203713 0.181452 0.446737
v 0.238776 0.256602 0.417031
v 0.199250 0.194516 0.590709
v -0.191191 0.214412 0.624812
v -0.230926 0.279648 0.476947
v -0.214684 0.195820 0.452294
v -0.230926 0.279648 0.476947
v -0.191191 0.214412 0.624812
v -0.173541 0.349108 0.545570
v 0.897627 -0.310201 0.108705
v 0.839186 -0.322646 0.094689
v 0.906714 -0.362162 0.037865
v 0.972083 -0.326452 0.026837
v 0.897627 -0.310201 0.108705
v 0.906714 -0.362162 0.037865
v -0.068989 0.243414 0.783133
v -0.173541 0.349108 0.545570
v -0.123701 0.219037 0.752808
v -0.040044 0.093552 0.859386
v -0.068989 0.243414 0.783133
v -0.123701 0.219037 0.752808
v 0.071786 -0.293587 0.971502
v -0.028055 -0.245689 0.998211
v -0.031471 -0.331219 0.964642
v -0.031471 -0.331219 0.964642
v -0.082015 -0.268230 0.955308
v -0.127288 -0.297546 0.884373
v 0.751876 -0.064731 0.061168
v 0.774131 -0.178255 0.123349
v 0.812715 -0.062533 0.100303
v 0.742789 0.024444 0.069741
v 0.751876 -0.064731 0.061168
v 0.812715 -0.062533 0.100303
v -0.002840 0.322542 -0.040510
v -0.004696 0.380127 0.022879
v 0.034697 0.403210 -0.078466
v -0.001147 0.304282 0.032813
v 0.055649 0.325425 0.129086
v -0.004696 0.380127 0.022879
v 0.831745 -0.367339 0.007417
v 0.906714 -0.362162 0.037865
v 0.839186 -0.322646 0.094689
v 0.850994 0.001770 -0.090055
v 0.900463 0.036176 -0.039302
v 0.968933 -0.077519 -0.037703
v 0.968933 -0.077519 -0.037703
v 0.900463 0.036176 -0.039302
v 0.864705 0.085407 0.037722
v 0.773247 0.216049 0.107230
v 0.864705 0.085407 0.037722
v 0.794085 0.237230 0.038008
v 0.732474 0.291266 0.073176
v 0.556008 0.388481 0.147174
v 0.773247 0.216049 0.107230
v 0.141675 0.402050 0.519023
v 0.187042 0.409490 0.405185
v 0.144710 0.443735 0.308064
v 0.187042 0.409490 0.405185
v 0.141675 0.402050 0.519023
v 0.121246 0.346729 0.630397
v -0.084013 0.060040 0.826502
v -0.087334 0.044121 0.764540
v -0.114500 -0.141422 0.918094
v -0.127640 0.116141 0.667449
v -0.087334 0.044121 0.764540
v -0.084013 0.060040 0.826502
v -0.031471 -0.331219 0.964642
v -0.025163 -0.369755 0.893241
v 0.055858 -0.355730 0.913794
v 0.020614 -0.361097 0.824114
v 0.055858 -0.355730 0.913794
v -0.025163 -0.369755 0.893241
v -0.230926 0.279648 0.476947
v -0.230212 0.253453 0.331196
v -0.214684 0.195820 0.452294
v -0.180496 0.164715 0.350682
v -0.214684 0.195820 0.452294
v -0.230212 0.253453 0.331196
v -0.207595 0.333570 0.209251
v -0.203332 0.371906 0.303478
v -0.156823 0.391583 0.138849
v -0.207595 0.333570 0.209251
v -0.230212 0.253453 0.331196
v -0.233333 0.318955 0.369456
v 0.122245 0.386702 0.150714
v 0.207329 0.472318 0.075459
v 0.063280 0.411270 0.089913
v 0.055649 0.325425 0.129086
v 0.122245 0.386702 0.150714
v 0.063280 0.411270 0.089913
v 0.518300 0.337214 -0.211953
v 0.650141 0.287878 -0.170324
v 0.656306 0.229741 -0.182627
v 0.650141 0.287878 -0.170324
v 0.586970 0.376378 -0.128696
v 0.677877 0.365769 -0.040225
v 0.055858 -0.355730 0.913794
v 0.120703 -0.283749 0.921653
v 0.071786 -0.293587 0.971502
v 0.529061 0.225545 0.218423
v 0.354822 0.273891 0.234161
v 0.321005 0.224613 0.217728
v 0.152807 0.264015 0.179373
v 0.321005 0.224613 0.217728
v 0.354822 0.273891 0.234161
v 0.802953 -0.054540 -0.098771
v 0.766377 -0.200283 -0.129628
v 0.742284 -0.073047 -0.057010
v 0.753921 0.014358 -0.079494
v 0.802953 -0.054540 -0.098771
v 0.742284 -0.073047 -0.057010
v 0.850994 0.001770 -0.090055
v 0.802953 -0.054540 -0.098771
v 0.753921 0.014358 -0.079494
v 0.586970 0.376378 -0.128696
v 0.650141 0.287878 -0.170324
v 0.518300 0.337214 -0.211953
v 0.469554 0.402687 -0.167765
v 0.518300 0.337214 -0.211953
v 0.400989 0.372810 -0.209888
v 0.055858 -0.355730 0.913794
v 0.020614 -0.361097 0.824114
v 0.090740 -0.331629 0.835837
v 0.425100 0.452831 0.116326
v 0.417145 0.432507 0.153835
v 0.556008 0.388481 0.147174
v 0.417145 0.432507 0.153835
v 0.425100 0.452831 0.116326
v 0.358019 0.429872 0.132959
v -0.173541 0.349108 0.545570
v -0.171352 0.406769 0.450714
v -0.230926 0.279648 0.476947
v -0.171352 0.406769 0.450714
v -0.100693 0.436218 0.512020
v -0.114595 0.460853 0.379370
v -0.137459 0.374151 0.582165
v -0.021633 0.371982 0.656459
v -0.100693 0.436218 0.512020
v -0.171352 0.406769 0.450714
v -0.137459 0.374151 0.582165
v -0.100693 0.436218 0.512020
v 0.249433 0.416351 0.149258
v 0.353166 0.361325 0.217310
v 0.358019 0.429872 0.132959
v 0.249433 0.416351 0.149258
v 0.358019 0.429872 0.132959
v 0.425100 0.452831 0.116326
v 0.897627 -0.310201 0.108705
v 0.972083 -0.326452 0.026837
v 0.959742 -0.255993 0.083623
v 1.000000 -0.222938 -0.067390
v 0.997697 -0.259799 0.022974
v 0.972083 -0.326452 0.026837
v 0.922471 -0.100003 -0.096297
v 1.000000 -0.222938 -0.067390
v 0.908950 -0.190311 -0.129590
v 0.908950 -0.190311 -0.129590
v 0.850994 0.001770 -0.090055
v 0.922471 -0.100003 -0.096297
v -0.156823 0.391583 0.138849
v -0.059940 0.475382 0.175463
v -0.091720 0.413144 0.061367
v -0.091720 0.413144 0.061367
v -0.133387 0.327765 0.057029
v -0.156823 0.391583 0.138849
v 0.794085 0.237230 0.038008
v 0.677877 0.365769 -0.040225
v 0.629864 0.402782 0.005076
v 0.522296 0.445029 0.059816
v 0.629864 0.402782 0.005076
v 0.677877 0.365769 -0.040225
v 0.404405 0.315415 0.216282
v 0.354822 0.273891 0.234161
v 0.459544 0.318346 0.222724
v 0.404405 0.315415 0.216282
v 0.459544 0.318346 0.222724
v 0.451181 0.394847 0.205254
v 0.121246 0.346729 0.630397
v 0.053080 0.384646 0.635059
v 0.054735 0.298592 0.736547
v 0.053080 0.384646 0.635059
v 0.121246 0.346729 0.630397
v 0.141675 0.402050 0.519023
v 0.095612 -0.026690 0.829385
v 0.086592 0.056719 0.727279
v 0.091435 0.044159 0.818624
v 0.095612 -0.026690 0.829385
v 0.091435 0.044159 0.818624
v 0.111027 -0.138587 0.923946
v 0.401997 0.270941 -0.240546
v 0.298055 0.328736 -0.227082
v 0.400989 0.372810 -0.209888
v 0.298055 0.328736 -0.227082
v 0.401997 0.270941 -0.240546
v 0.218509 0.255518 -0.208946
v 0.103129 0.453840 -0.040701
v 0.173740 0.456476 -0.095926
v 0.034697 0.403210 -0.078466
v 0.103129 0.453840 -0.040701
v 0.172246 0.481025 0.028103
v 0.195853 0.482338 -0.045972
v 0.086402 0.454040 0.143616
v 0.081530 0.482852 0.300005
v 0.144710 0.443735 0.308064
v 0.144710 0.443735 0.308064
v 0.081530 0.482852 0.300005
v 0.094033 0.459235 0.442008
v 0.981703 -0.142907 0.039816
v 0.959742 -0.255993 0.083623
v 0.997697 -0.259799 0.022974
v 0.997697 -0.259799 0.022974
v 0.959742 -0.255993 0.083623
v 0.972083 -0.326452 0.026837
v 0.868616 -0.222567 0.146584
v 0.774131 -0.178255 0.123349
v 0.775273 -0.256755 0.123206
v 0.006551 -0.104552 0.977097
v -0.059198 -0.121184 0.957382
v -0.028055 -0.245689 0.998211
v -0.040044 0.093552 0.859386
v -0.059198 -0.121184 0.957382
v 0.006551 -0.104552 0.977097
v -0.002840 0.322542 -0.040510
v 0.042499 0.235859 -0.020871
v -0.001147 0.304282 0.032813
v -0.004696 0.380127 0.022879
v -0.002840 0.322542 -0.040510
v -0.001147 0.304282 0.032813
v 0.908950 -0.190311 -0.129590
v 0.914783 -0.291056 -0.122226
v 0.845904 -0.261522 -0.144462
v 0.845904 -0.261522 -0.144462
v 0.914783 -0.291056 -0.122226
v 0.822468 -0.339193 -0.076572
v 0.202238 0.223642 0.617742
v 0.086592 0.056719 0.727279
v 0.199250 0.194516 0.590709
v 0.202238 0.223642 0.617742
v 0.199250 0.194516 0.590709
v 0.238776 0.256602 0.417031
v 0.586970 0.376378 -0.128696
v 0.469554 0.402687 -0.167765
v 0.554752 0.426855 -0.065421
v 0.518300 0.337214 -0.211953
v 0.469554 0.402687 -0.167765
v 0.586970 0.376378 -0.128696
v 0.339978 0.217438 -0.218623
v 0.549034 0.225764 -0.223618
v 0.449925 0.152469 -0.181010
v 0.034240 0.176114 0.822449
v 0.006551 -0.104552 0.977097
v 0.038779 0.034549 0.897304
v 0.034240 0.176114 0.822449
v 0.038779 0.034549 0.897304
v 0.121160 0.219208 0.752808
v -0.173541 0.349108 0.545570
v -0.137459 0.374151 0.582165
v -0.171352 0.406769 0.450714
v -0.173541 0.349108 0.545570
v -0.068989 0.243414 0.783133
v -0.137459 0.374151 0.582165
v 0.959580 -0.317689 -0.067438
v 0.914222 -0.358556 -0.050986
v 0.914783 -0.291056 -0.122226
v 0.914222 -0.358556 -0.050986
v 0.959580 -0.317689 -0.067438
v 0.972083 -0.326452 0.026837
v -0.082015 -0.268230 0.955308
v -0.028055 -0.245689 0.998211
v -0.114500 -0.141422 0.918094
v -0.028055 -0.245689 0.998211
v -0.082015 -0.268230 0.955308
v -0.031471 -0.331219 0.964642
v 0.639817 0.106426 0.111597
v 0.742789 0.024444 0.069741
v 0.701170 0.118320 0.121912
v 0.471990 0.176581 0.198270
v 0.639817 0.106426 0.111597
v 0.701170 0.118320 0.121912
v -0.207595 0.333570 0.209251
v -0.233333 0.318955 0.369456
v -0.203332 0.371906 0.303478
v -0.233333 0.318955 0.369456
v -0.171352 0.406769 0.450714
v -0.203332 0.371906 0.303478
v 0.301594 0.175534 -0.174302
v 0.339978 0.217438 -0.218623
v 0.449925 0.152469 -0.181010
v 0.339978 0.217438 -0.218623
v 0.301594 0.175534 -0.174302
v 0.218509 0.255518 -0.208946
v 0.123263 -0.186305 0.766167
v 0.051101 -0.058080 0.743188
v 0.079693 -0.033293 0.770792
v 0.040244 0.017108 0.711389
v 0.079693 -0.033293 0.770792
v 0.051101 -0.058080 0.743188
v 0.794085 0.237230 0.038008
v 0.629864 0.402782 0.005076
v 0.732474 0.291266 0.073176
v 0.794085 0.237230 0.038008
v 0.732474 0.291266 0.073176
v 0.773247 0.216049 0.107230
v 0.425100 0.452831 0.116326
v 0.439306 0.478646 0.027161
v 0.335173 0.497486 0.012355
v 0.439306 0.478646 0.027161
v 0.406422 0.468427 -0.093652
v 0.335173 0.497486 0.012355
v 0.822487 0.098281 0.073223
v 0.813086 0.034473 0.087600
v 0.918151 -0.124961 0.108638
v 0.758241 0.154201 0.125023
v 0.813086 0.034473 0.087600
v 0.822487 0.098281 0.073223
v 0.406422 0.468427 -0.093652
v 0.298673 0.482490 -0.082605
v 0.335173 0.497486 0.012355
v 0.340739 0.416237 -0.180429
v 0.298673 0.482490 -0.082605
v 0.406422 0.468427 -0.093652
v 0.223837 0.239818 0.310243
v 0.165909 0.156342 0.325058
v 0.194074 0.259676 0.184978
v 0.223837 0.239818 0.310243
v 0.194074 0.259676 0.184978
v 0.220773 0.319012 0.249766
v 0.160562 0.286527 0.660817
v 0.121246 0.346729 0.630397
v 0.121160 0.219208 0.752808
v 0.160562 0.286527 0.660817
v 0.121160 0.219208 0.752808
v 0.202238 0.223642 0.617742
v 0.034697 0.403210 -0.078466
v 0.145585 0.367034 -0.178774
v 0.110475 0.327490 -0.169991
v 0.145585 0.367034 -0.178774
v 0.218509 0.255518 -0.208946
v 0.110475 0.327490 -0.169991
v 0.143425 -0.189454 0.824371
v 0.143444 -0.257792 0.853535
v 0.120684 -0.254033 0.769479
v 0.111027 -0.138587 0.923946
v 0.143444 -0.257792 0.853535
v 0.143425 -0.189454 0.824371
v -0.118448 0.139786 0.761895
v -0.084013 0.060040 0.826502
v -0.040044 0.093552 0.859386
v -0.118448 0.139786 0.761895
v -0.127640 0.116141 0.667449
v -0.084013 0.060040 0.826502
v 0.221573 0.350154 0.342823
v 0.238776 0.256602 0.417031
v 0.220773 0.319012 0.249766
v 0.220773 0.319012 0.249766
v 0.179326 0.368918 0.153959
v 0.221573 0.350154 0.342823
v 0.459544 0.318346 0.222724
v 0.529061 0.225545 0.218423
v 0.616267 0.239447 0.188489
v 0.616267 0.239447 0.188489
v 0.529061 0.225545 0.218423
v 0.758241 0.154201 0.125023
v 0.063280 0.411270 0.089913
v 0.207329 0.472318 0.075459
v 0.172246 0.481025 0.028103
v 0.172246 0.481025 0.028103
v 0.207329 0.472318 0.075459
v 0.335173 0.497486 0.012355
v 0.469554 0.402687 -0.167765
v 0.400989 0.372810 -0.209888
v 0.340739 0.416237 -0.180429
v 0.340739 0.416237 -0.180429
v 0.400989 0.372810 -0.209888
v 0.298055 0.328736 -0.227082
v 0.033564 0.449910 0.093747
v 0.086402 0.454040 0.143616
v 0.079655 0.406198 0.036609
v 0.037085 0.482671 0.181381
v 0.081530 0.482852 0.300005
v 0.086402 0.454040 0.143616
v -0.049930 0.390032 0.005619
v -0.091720 0.413144 0.061367
v 0.003468 0.377748 -0.007236
v 0.003468 0.377748 -0.007236
v -0.051319 0.290543 0.005057
v -0.049930 0.390032 0.005619
v 0.417145 0.432507 0.153835
v 0.471990 0.378367 0.180696
v 0.556008 0.388481 0.147174
v 0.451181 0.394847 0.205254
v 0.417145 0.432507 0.153835
v 0.404405 0.315415 0.216282
v 0.103129 0.453840 -0.040701
v 0.195853 0.482338 -0.045972
v 0.173740 0.456476 -0.095926
v 0.195853 0.482338 -0.045972
v 0.298673 0.482490 -0.082605
v 0.173740 0.456476 -0.095926
v 0.417145 0.432507 0.153835
v 0.451181 0.394847 0.205254
v 0.471990 0.378367 0.180696
v 0.471990 0.378367 0.180696
v 0.451181 0.394847 0.205254
v 0.459544 0.318346 0.222724
v 0.086402 0.454040 0.143616
v 0.033564 0.449910 0.093747
v 0.037085 0.482671 0.181381
v -0.059940 0.475382 0.175463
v 0.037085 0.482671 0.181381
v 0.033564 0.449910 0.093747
v -0.145490 -0.203594 0.824790
v -0.108286 -0.206563 0.738317
v -0.116954 -0.259457 0.772010
v 0.549034 0.225764 -0.223618
v 0.698192 0.069374 -0.090369
v 0.628893 0.118900 -0.132245
v 0.143425 -0.189454 0.824371
v 0.120684 -0.254033 0.769479
v 0.123263 -0.186305 0.766167
v 0.054307 -0.120337 0.972701
v 0.057894 -0.210540 0.995461
v 0.111027 -0.138587 0.923946
v 0.057894 -0.210540 0.995461
v 0.054307 -0.120337 0.972701
v 0.006551 -0.104552 0.977097
v 0.853230 -0.166637 -0.137878
v 0.908950 -0.190311 -0.129590
v 0.845904 -0.261522 -0.144462
v 0.850994 0.001770 -0.090055
v 0.908950 -0.190311 -0.129590
v 0.853230 -0.166637 -0.137878
v 0.123263 -0.186305 0.766167
v 0.120684 -0.254033 0.769479
v 0.092510 -0.205944 0.722760
v 0.051101 -0.058080 0.743188
v 0.123263 -0.186305 0.766167
v 0.092510 -0.205944 0.722760
v 0.057894 -0.210540 0.995461
v 0.071786 -0.293587 0.971502
v 0.120703 -0.283749 0.921653
v 0.120703 -0.283749 0.921653
v 0.111027 -0.138587 0.923946
v 0.057894 -0.210540 0.995461
v 0.864705 0.085407 0.037722
v 0.981703 -0.142907 0.039816
v 0.968933 -0.077519 -0.037703
v -0.170638 0.180482 0.720647
v -0.477709 0.241340 0.572707
v -0.432902 0.144667 0.660246
v -0.299225 0.354588 0.095079
v -0.123767 0.390251 -0.000785
v -0.171485 0.388985 -0.110246
v -0.194236 0.195420 -0.622947
v -0.160001 0.246450 -0.696574
v -0.125080 0.116816 -0.758926
v 0.699705 -0.271493 0.626962
v 0.690979 -0.347319 0.581461
v 0.809537 -0.291104 0.446604
v -0.919379 -0.217162 0.287160
v -0.910035 -0.297774 0.244609
v -0.846503 -0.275785 0.443949
v 0.735243 0.142755 -0.346229
v 0.814628 0.028621 -0.387924
v 0.617628 0.200406 -0.511887
v 0.159487 -0.497410 -0.023374
v -0.042661 -0.498066 0.162703
v 0.018226 -0.498104 -0.144662
v 0.457974 -0.442346 -0.547359
v 0.257235 -0.441099 -0.599568
v 0.398610 -0.390945 -0.792667
v -0.624478 0.203337 -0.429981
v -0.715661 0.004577 -0.575847
v -0.753598 0.064921 -0.381882
v -0.204312 0.110594 -0.795673
v -0.072976 -0.055806 -0.902166
v -0.285438 -0.047014 -0.890463
v 0.238528 0.292959 -0.572279
v 0.312308 0.357481 -0.433540
v 0.375717 0.245926 -0.605915
v 0.912490 -0.085179 -0.027256
v 0.901947 -0.066310 -0.275875
v 0.803476 0.100584 -0.186471
v -0.169601 0.380403 0.315277
v -0.309187 0.355131 0.453531
v -0.182523 0.331210 0.477956
v 0.545009 0.250018 0.524313
v 0.653928 0.162708 0.436527
v 0.624564 0.251379 0.316695
v 0.489022 -0.043845 0.799784
v 0.658000 -0.079803 0.680265
v 0.580490 0.101783 0.638094
v -0.120703 -0.394409 -0.909616
v -0.074403 -0.444363 -0.704167
v -0.324564 -0.402383 -0.802229
v -0.753598 0.064921 -0.381882
v -0.715661 0.004577 -0.575847
v -0.833515 -0.097387 -0.416584
v 0.699705 -0.271493 0.626962
v 0.576066 -0.281142 0.731609
v 0.484169 -0.395475 0.706270
v -0.543829 -0.460091 0.302041
v -0.320748 -0.472737 0.364051
v -0.451856 -0.441118 0.552801
v -0.517044 -0.470996 0.173207
v -0.135861 -0.498742 -0.069636
v -0.042661 -0.498066 0.162703
v -0.625516 -0.401469 -0.493913
v -0.744949 -0.380165 -0.450990
v -0.668143 -0.330268 -0.569900
v -0.170638 0.180482 0.720647
v -0.321871 0.050411 0.781620
v -0.177965 0.037680 0.821907
v -0.203018 -0.286670 0.879758
v -0.040596 -0.388034 0.842840
v -0.011537 -0.266270 0.903194
v 0.358456 0.060953 -0.765558
v 0.307065 -0.100508 -0.868064
v 0.203332 0.102106 -0.781306
v 0.588807 -0.380755 -0.670684
v 0.465739 -0.350383 -0.790440
v 0.578483 -0.286080 -0.743512
v -0.883536 -0.185810 0.391455
v -0.846503 -0.275785 0.443949
v -0.753008 -0.086292 0.581318
v -0.193684 -0.371202 0.855028
v -0.268910 -0.315358 0.884097
v -0.439011 -0.398120 0.731571
v 0.502904 0.311714 -0.438754
v 0.657753 0.217743 -0.396031
v 0.617628 0.200406 -0.511887
v 0.484046 0.337766 0.303707
v 0.534380 0.304396 0.150152
v 0.334431 0.381554 0.198651
v 0.178317 0.344445 -0.549243
v 0.225978 0.297717 -0.481134
v 0.202276 0.222243 -0.601899
v -0.223647 0.266384 -0.529299
v -0.210002 0.340535 -0.516939
v -0.160001 0.246450 -0.696574
v 0.206948 0.371069 -0.310624
v 0.156290 0.421755 -0.465834
v 0.090445 0.465686 -0.211515
v -0.062338 0.283359 -0.562868
v -0.110884 0.359203 -0.396060
v 0.089399 0.341952 -0.409467
v -0.468821 0.100479 -0.726375
v -0.311185 0.124257 -0.751229
v -0.369760 0.031162 -0.817406
v -0.189745 0.207476 -0.265932
v -0.134443 0.207942 -0.158478
v -0.167479 0.277098 -0.120523
v -0.108619 0.101278 -0.628304
v -0.152113 0.140861 -0.378885
v -0.209650 0.189864 -0.414928
v 0.018892 0.484907 -0.426803
v -0.048246 0.403401 -0.613013
v -0.095612 0.460796 -0.427678
v -0.045468 0.290942 -0.753541
v 0.030938 0.251074 -0.784598
v -0.033517 -0.017013 -0.933128
v -0.565123 0.261198 0.045963
v -0.381140 0.345777 0.101959
v -0.487899 0.302294 -0.078751
v -0.621976 0.197837 0.508671
v -0.835646 0.008954 0.355402
v -0.687078 -0.028498 0.638466
v 0.823163 -0.105455 -0.486206
v 0.846874 -0.271455 -0.451618
v 0.647905 -0.111098 -0.707298
v 0.892185 -0.296394 0.179202
v 0.917600 -0.203156 0.114500
v 0.873431 -0.200083 0.338617
v 0.164378 0.307261 -0.105917
v 0.209860 0.252568 -0.235122
v 0.205169 0.349936 -0.204845
v 0.232696 0.236792 -0.419267
v 0.192390 0.195801 -0.291118
v 0.202999 0.181062 -0.489688
v -0.734159 0.189340 0.257892
v -0.800650 0.123810 0.122311
v -0.806216 0.093742 0.182998
v -0.908180 -0.081401 0.000918
v -0.941121 -0.256203 -0.051681
v -0.947220 -0.209293 0.147641
v -0.000195 -0.109556 -0.981978
v 0.030938 0.251074 -0.784598
v 0.053137 0.108025 -0.851917
v 0.925449 -0.337956 -0.065373
v 0.940845 -0.243138 0.029425
v 0.920892 -0.312056 0.055877
v 0.627029 -0.438616 0.160724
v 0.787652 -0.404609 0.293887
v 0.588597 -0.435666 0.447584
v 0.407820 -0.162327 -0.853554
v 0.307065 -0.100508 -0.868064
v 0.473512 -0.065844 -0.799032
v 0.823163 -0.105455 -0.486206
v 0.666430 -0.011218 -0.639141
v 0.642310 0.124000 -0.559005
v -0.088580 0.022722 -0.836674
v -0.087772 0.187009 -0.796321
v -0.033517 -0.017013 -0.933128
v 0.053137 0.108025 -0.851917
v 0.038541 -0.190206 -0.996518
v -0.000195 -0.109556 -0.981978
v -0.097287 -0.038879 -0.828710
v -0.126650 -0.172327 -0.906362
v -0.144405 -0.202385 -0.839966
v -0.123767 0.390251 -0.000785
v 0.112949 0.391983 -0.148164
v -0.103728 0.394466 -0.191924
v 0.450829 0.372905 -0.223457
v 0.397544 0.349821 -0.117440
v 0.574239 0.313978 -0.122368
v -0.188888 0.359041 -0.170258
v -0.200230 0.387758 -0.378276
v -0.225911 0.327965 -0.308911
v -0.036124 0.482623 -0.185082
v 0.017389 0.498199 -0.314107
v -0.076420 0.483156 -0.291118
v 0.210878 0.360688 0.493561
v 0.152950 0.397692 0.310291
v 0.122559 0.310743 0.577084
v 0.321576 0.128196 0.736461
v 0.376544 0.014396 0.823619
v 0.387934 0.217914 0.653033
v -0.474597 -0.111165 -0.830679
v -0.639208 0.005386 -0.669532
v -0.468821 0.100479 -0.726375
v -0.611833 -0.189531 -0.723264
v -0.698068 -0.269124 -0.604782
v -0.783713 -0.235403 -0.530298
v -0.474597 -0.111165 -0.830679
v -0.458184 -0.264490 -0.842564
v -0.611833 -0.189531 -0.723264
v -0.097030 -0.210759 -0.960551
v -0.305533 -0.216315 -0.917895
v -0.226501 -0.119500 -0.932985
v 0.091321 -0.248258 -0.959228
v 0.073956 -0.337880 -0.925840
v 0.007522 -0.315101 -0.984100
v -0.394404 0.374465 -0.360293
v -0.653966 0.249028 -0.119181
v -0.461961 0.333684 -0.176576
v -0.405461 0.364227 -0.401407
v -0.288378 0.405875 -0.324069
v -0.321195 0.335463 -0.556379
v -0.076201 -0.471633 0.429096
v -0.233248 -0.422678 0.702749
v -0.451856 -0.441118 0.552801
v 0.588597 -0.435666 0.447584
v 0.775644 -0.379071 0.391055
v 0.642614 -0.392411 0.561717
v 0.867779 -0.393201 -0.205311
v 0.756424 -0.431442 -0.099323
v 0.677182 -0.439606 -0.365022
v 0.588807 -0.380755 -0.670684
v 0.457974 -0.442346 -0.547359
v 0.398610 -0.390945 -0.792667
v 0.237672 -0.242406 -0.905487
v 0.235084 -0.363847 -0.889330
v 0.067619 -0.284938 -0.981103
v -0.228557 -0.314587 -0.919978
v -0.063556 -0.273558 -0.980523
v -0.173664 -0.373742 -0.921805
v -0.351168 -0.233738 0.871823
v -0.193313 -0.172955 0.902080
v -0.416470 -0.143906 0.841822
v -0.753008 -0.086292 0.581318
v -0.846503 -0.275785 0.443949
v -0.683596 -0.269552 0.636344
v 0.156832 0.142574 -0.380931
v 0.107163 0.102411 -0.618474
v 0.202999 0.181062 -0.489688
v 0.109124 -0.108681 -0.913584
v 0.090541 0.070059 -0.807244
v 0.090969 -0.012836 -0.814466
v -0.169601 0.380403 0.315277
v -0.334764 0.400004 0.294315
v -0.309187 0.355131 0.453531
v -0.582717 0.309335 0.121560
v -0.381140 0.345777 0.101959
v -0.565123 0.261198 0.045963
v -0.033517 -0.017013 -0.933128
v -0.091112 -0.099337 -0.926639
v -0.088580 0.022722 -0.836674
v -0.000195 -0.109556 -0.981978
v 0.038541 -0.190206 -0.996518
v -0.065801 -0.196914 -0.998211
v 0.303212 -0.415123 0.761857
v 0.252002 -0.360916 0.863107
v 0.020557 -0.414467 0.833658
v 0.303212 -0.415123 0.761857
v 0.020557 -0.414467 0.833658
v 0.098467 -0.449520 0.673158
v 0.107163 0.102411 -0.618474
v 0.132159 0.126122 -0.693491
v 0.202999 0.181062 -0.489688
v 0.110256 0.217229 -0.778194
v 0.140152 0.170120 -0.743541
v 0.053137 0.108025 -0.851917
v -0.483646 0.336044 0.416479
v -0.334764 0.400004 0.294315
v -0.607256 0.321961 0.278920
v -0.685755 0.186229 0.374955
v -0.734159 0.189340 0.257892
v -0.824999 0.036957 0.283126
v -0.704900 0.190787 0.031138
v -0.784665 0.130575 0.056477
v -0.721447 0.230246 0.112834
v -0.682254 0.214803 -0.200297
v -0.653966 0.249028 -0.119181
v -0.554876 0.300134 -0.331262
v 0.904307 -0.148492 0.192028
v 0.848853 -0.031714 0.225712
v 0.856532 -0.098700 0.328684
v 0.689400 0.013397 0.591280
v 0.653928 0.162708 0.436527
v 0.580490 0.101783 0.638094
v 0.085897 -0.072048 0.904412
v 0.244751 -0.101031 0.919950
v 0.174149 0.107454 0.796035
v -0.203018 -0.286670 0.879758
v -0.011537 -0.266270 0.903194
v -0.193313 -0.172955 0.902080
v -0.091112 0.427645 -0.096640
v -0.123796 0.454934 -0.262288
v -0.188888 0.359041 -0.170258
v -0.066353 0.263881 -0.032327
v -0.031195 0.341496 0.003326
v -0.115147 0.332666 -0.044021
v -0.144405 -0.202385 -0.839966
v -0.126650 -0.172327 -0.906362
v -0.122292 -0.285709 -0.914155
v 0.204160 0.416769 0.238176
v 0.318474 0.399452 0.310339
v 0.334431 0.381554 0.198651
v 0.148345 0.392382 -0.081473
v 0.130447 0.390555 0.115537
v 0.242154 0.367405 -0.044088
v -0.708830 -0.376416 0.516559
v -0.678790 -0.438445 0.365669
v -0.575543 -0.422945 0.484645
v -0.653480 -0.343779 0.584753
v -0.708830 -0.376416 0.516559
v -0.575543 -0.422945 0.484645
v -0.268910 -0.315358 0.884097
v -0.490906 -0.340763 0.760220
v -0.439011 -0.398120 0.731571
v -0.351168 -0.233738 0.871823
v -0.416470 -0.143906 0.841822
v -0.599882 -0.202138 0.739725
v 0.202276 0.222243 -0.601899
v 0.110256 0.217229 -0.778194
v 0.178317 0.344445 -0.549243
v 0.028065 0.371516 -0.656896
v 0.140228 0.374589 -0.584572
v 0.085583 0.275471 -0.743255
v -0.076201 -0.471633 0.429096
v 0.098467 -0.449520 0.673158
v -0.233248 -0.422678 0.702749
v 0.239670 -0.489065 0.158792
v 0.167184 -0.471300 0.517758
v -0.042661 -0.498066 0.162703
v 0.089399 0.341952 -0.409467
v 0.312308 0.357481 -0.433540
v 0.104547 0.310458 -0.507843
v 0.285847 0.404752 -0.160219
v 0.397544 0.349821 -0.117440
v 0.450829 0.372905 -0.223457
v 0.011442 0.383019 0.003135
v 0.130447 0.390555 0.115537
v 0.148345 0.392382 -0.081473
v -0.106374 0.386378 0.098609
v -0.229156 0.417854 0.202162
v -0.109599 0.396360 0.263458
v 0.106374 0.418682 -0.082386
v 0.164378 0.307261 -0.105917
v 0.205169 0.349936 -0.204845
v -0.115147 0.332666 -0.044021
v -0.031195 0.341496 0.003326
v -0.072091 0.415066 -0.035467
v -0.941121 -0.256203 -0.051681
v -0.925040 -0.323550 0.079693
v -0.947220 -0.209293 0.147641
v -0.744949 -0.380165 -0.450990
v -0.625516 -0.401469 -0.493913
v -0.791420 -0.395713 -0.342804
v 0.090445 0.465686 -0.211515
v 0.117278 0.460082 -0.385270
v 0.017389 0.498199 -0.314107
v 0.018892 0.484907 -0.426803
v 0.090493 0.437902 -0.524437
v -0.048246 0.403401 -0.613013
v 0.901947 -0.066310 -0.275875
v 0.912490 -0.085179 -0.027256
v 0.940303 -0.150414 -0.205787
v 0.877322 -0.161604 -0.409038
v 0.920207 -0.217486 -0.296218
v 0.846874 -0.271455 -0.451618
v 0.122559 0.310743 0.577084
v 0.100189 0.320810 0.419514
v 0.057932 0.255746 0.560870
v 0.014858 0.075064 0.779089
v 0.085935 0.183384 0.763598
v 0.024458 0.176533 0.697221
v 0.867779 -0.393201 -0.205311
v 0.846874 -0.271455 -0.451618
v 0.911063 -0.290143 -0.264638
v 0.795864 -0.384313 -0.403834
v 0.867779 -0.393201 -0.205311
v 0.677182 -0.439606 -0.365022
v -0.103728 0.394466 -0.191924
v -0.171485 0.388985 -0.110246
v -0.123767 0.390251 -0.000785
v -0.182570 0.368966 -0.463093
v -0.156480 0.403639 -0.304763
v -0.110884 0.359203 -0.396060
v -0.783313 -0.388167 0.395127
v -0.872432 -0.399109 0.107163
v -0.678790 -0.438445 0.365669
v -0.675546 -0.449691 0.091035
v -0.317637 -0.483575 -0.125432
v -0.517044 -0.470996 0.173207
v 0.624564 0.251379 0.316695
v 0.452389 0.336614 0.438963
v 0.545009 0.250018 0.524313
v 0.227634 0.299658 0.640645
v 0.199374 0.219218 0.738183
v 0.387934 0.217914 0.653033
v -0.062338 0.283359 -0.562868
v -0.182570 0.368966 -0.463093
v -0.110884 0.359203 -0.396060
v -0.046096 0.094475 -0.816759
v -0.041900 0.012636 -0.849177
v -0.204312 0.110594 -0.795673
v 0.085897 -0.072048 0.904412
v 0.147260 -0.210331 0.949770
v 0.244751 -0.101031 0.919950
v 0.518424 -0.166837 0.793961
v 0.658000 -0.079803 0.680265
v 0.489022 -0.043845 0.799784
v -0.783713 -0.235403 -0.530298
v -0.849158 -0.161680 -0.411474
v -0.731704 -0.098690 -0.604687
v -0.878084 -0.392363 -0.155928
v -0.941121 -0.256203 -0.051681
v -0.883336 -0.330734 -0.267369
v 0.091321 -0.248258 -0.959228
v 0.142864 -0.265708 -0.877465
v 0.073956 -0.337880 -0.925840
v 0.090969 -0.012836 -0.814466
v 0.141751 -0.178132 -0.836103
v 0.109124 -0.108681 -0.913584
v -0.628465 0.123001 0.567835
v -0.432902 0.144667 0.660246
v -0.477709 0.241340 0.572707
v -0.674195 0.250731 0.308607
v -0.565295 0.243167 0.492419
v -0.483646 0.336044 0.416479
v 0.026152 -0.366758 -0.906143
v -0.052699 -0.358870 -0.912490
v 0.007522 -0.315101 -0.984100
v -0.081692 -0.337338 -0.842526
v -0.001051 -0.363942 -0.829319
v -0.084556 -0.293435 -0.769003
v 0.235084 -0.363847 -0.889330
v 0.314107 -0.287678 -0.886837
v 0.465739 -0.350383 -0.790440
v 0.398610 -0.390945 -0.792667
v 0.257235 -0.441099 -0.599568
v 0.137497 -0.395665 -0.905306
v 0.689400 0.013397 0.591280
v 0.810574 -0.090726 0.449972
v 0.773589 0.049650 0.383738
v 0.699305 -0.177941 0.647048
v 0.658000 -0.079803 0.680265
v 0.518424 -0.166837 0.793961
v 0.809537 -0.291104 0.446604
v 0.780221 -0.208408 0.533828
v 0.699705 -0.271493 0.626962
v 0.658000 -0.079803 0.680265
v 0.699305 -0.177941 0.647048
v 0.781639 -0.126198 0.534066
v 0.378552 -0.199702 0.889321
v 0.244751 -0.101031 0.919950
v 0.147260 -0.210331 0.949770
v 0.484169 -0.395475 0.706270
v 0.378552 -0.199702 0.889321
v 0.392063 -0.293987 0.843125
v 0.748555 0.208589 -0.103110
v 0.708868 0.189835 -0.035877
v 0.815141 0.067386 -0.017807
v 0.397544 0.349821 -0.117440
v 0.565352 0.264899 -0.049369
v 0.574239 0.313978 -0.122368
v -0.152113 0.140861 -0.378885
v -0.134443 0.207942 -0.158478
v -0.189745 0.207476 -0.265932
v -0.554876 0.300134 -0.331262
v -0.624478 0.203337 -0.429981
v -0.682254 0.214803 -0.200297
v -0.405461 0.364227 -0.401407
v -0.321195 0.335463 -0.556379
v -0.507491 0.287307 -0.493599
v 0.378552 -0.199702 0.889321
v 0.147260 -0.210331 0.949770
v 0.236473 -0.315072 0.906001
v 0.236473 -0.315072 0.906001
v 0.094223 -0.303835 0.918665
v 0.020557 -0.414467 0.833658
v 0.314107 -0.287678 -0.886837
v 0.575086 -0.217257 -0.761258
v 0.465739 -0.350383 -0.790440
v 0.473512 -0.065844 -0.799032
v 0.647905 -0.111098 -0.707298
v 0.407820 -0.162327 -0.853554
v 0.358456 0.060953 -0.765558
v 0.203332 0.102106 -0.781306
v 0.375717 0.245926 -0.605915
v 0.642310 0.124000 -0.559005
v 0.666430 -0.011218 -0.639141
v 0.546008 0.012760 -0.719144
v 0.100189 0.320810 0.419514
v 0.122559 0.310743 0.577084
v 0.152950 0.397692 0.310291
v -0.106374 0.386378 0.098609
v 0.092881 0.349032 0.312261
v 0.076963 0.383495 0.162161
v -0.131722 -0.469616 -0.539861
v 0.255627 -0.481129 -0.310900
v 0.018226 -0.498104 -0.144662
v -0.545475 -0.443021 -0.447375
v -0.317637 -0.483575 -0.125432
v -0.630578 -0.438530 -0.168621
v -0.941121 -0.256203 -0.051681
v -0.894240 -0.137873 -0.228985
v -0.883336 -0.330734 -0.267369
v -0.816359 0.033845 -0.225302
v -0.894240 -0.137873 -0.228985
v -0.916125 -0.182775 -0.108952
v 0.669694 -0.450805 -0.068704
v 0.420618 -0.472509 0.079218
v 0.537045 -0.469911 -0.163274
v 0.255627 -0.481129 -0.310900
v 0.159487 -0.497410 -0.023374
v 0.018226 -0.498104 -0.144662
v -0.052699 -0.358870 -0.912490
v 0.026152 -0.366758 -0.906143
v -0.001051 -0.363942 -0.829319
v 0.082976 -0.335891 -0.839386
v 0.073956 -0.337880 -0.925840
v 0.142864 -0.265708 -0.877465
v 0.533115 0.217362 -0.564010
v 0.502904 0.311714 -0.438754
v 0.617628 0.200406 -0.511887
v 0.508252 0.159006 -0.622813
v 0.642310 0.124000 -0.559005
v 0.546008 0.012760 -0.719144
v -0.381140 0.345777 0.101959
v -0.582717 0.309335 0.121560
v -0.313441 0.400632 0.152369
v -0.299225 0.354588 0.095079
v -0.313441 0.400632 0.152369
v -0.217786 0.385436 0.097734
v 0.114852 0.209693 -0.703282
v 0.375717 0.245926 -0.605915
v 0.203332 0.102106 -0.781306
v -0.016913 0.157627 -0.761924
v -0.141779 0.236792 -0.731628
v -0.041633 0.232967 -0.661825
v 0.848853 -0.031714 0.225712
v 0.773589 0.049650 0.383738
v 0.856532 -0.098700 0.328684
v 0.624564 0.251379 0.316695
v 0.773589 0.049650 0.383738
v 0.792867 0.082391 0.199155
v -0.294791 -0.460234 -0.552573
v -0.335382 -0.474297 -0.350663
v -0.545475 -0.443021 -0.447375
v -0.525379 -0.371858 -0.717326
v -0.429610 -0.415256 -0.701332
v -0.487566 -0.421898 -0.585410
v -0.786663 0.085217 -0.108162
v -0.818405 0.059108 0.013240
v -0.720742 0.157303 -0.036571
v -0.916125 -0.182775 -0.108952
v -0.908180 -0.081401 0.000918
v -0.860623 -0.041333 -0.133149
v -0.209650 0.189864 -0.414928
v -0.194236 0.195420 -0.622947
v -0.108619 0.101278 -0.628304
v -0.237425 0.255365 -0.418905
v -0.210002 0.340535 -0.516939
v -0.223647 0.266384 -0.529299
v -0.194236 0.195420 -0.622947
v -0.125080 0.116816 -0.758926
v -0.081520 0.054645 -0.714053
v 0.342671 -0.441975 0.676726
v 0.309244 -0.458626 0.548805
v 0.486148 -0.422792 0.575019
v 0.699705 -0.271493 0.626962
v 0.484169 -0.395475 0.706270
v 0.585324 -0.347005 0.650702
v 0.104547 0.310458 -0.507843
v 0.312308 0.357481 -0.433540
v 0.238528 0.292959 -0.572279
v -0.041633 0.232967 -0.661825
v 0.114852 0.209693 -0.703282
v -0.016913 0.157627 -0.761924
v -0.487899 0.302294 -0.078751
v -0.653966 0.249028 -0.119181
v -0.546065 0.266003 -0.065897
v -0.653966 0.249028 -0.119181
v -0.765663 0.128082 -0.169877
v -0.644489 0.222243 -0.001461
v -0.687078 -0.028498 0.638466
v -0.599882 -0.202138 0.739725
v -0.513228 -0.068718 0.770563
v -0.628465 0.123001 0.567835
v -0.687078 -0.028498 0.638466
v -0.562754 -0.001037 0.719486
v 0.711465 0.163469 0.036847
v 0.654441 0.248933 0.131741
v 0.819899 0.048451 0.071986
v 0.551859 0.259238 0.062547
v 0.482514 0.305062 0.091844
v 0.534380 0.304396 0.150152
v -0.579862 -0.338917 -0.679333
v -0.525379 -0.371858 -0.717326
v -0.487566 -0.421898 -0.585410
v -0.173664 -0.373742 -0.921805
v -0.396164 -0.376083 -0.817939
v -0.228557 -0.314587 -0.919978
v 0.671255 -0.262825 -0.658990
v 0.647905 -0.111098 -0.707298
v 0.846874 -0.271455 -0.451618
v 0.647905 -0.111098 -0.707298
v 0.575086 -0.217257 -0.761258
v 0.407820 -0.162327 -0.853554
v 0.100189 0.320810 0.419514
v -0.097287 0.337176 0.378466
v 0.006960 0.254576 0.533124
v -0.055440 0.368728 0.285790
v 0.092881 0.349032 0.312261
v -0.106374 0.386378 0.098609
v -0.783313 -0.388167 0.395127
v -0.880310 -0.361192 0.206967
v -0.872432 -0.399109 0.107163
v -0.941121 -0.256203 -0.051681
v -0.878084 -0.392363 -0.155928
v -0.925040 -0.323550 0.079693
v -0.111017 0.303045 0.474350
v -0.118039 0.250027 0.650721
v -0.070445 0.248448 0.530669
v -0.033736 0.136484 0.715623
v -0.170638 0.180482 0.720647
v -0.019920 0.041790 0.814485
v -0.846503 -0.275785 0.443949
v -0.880310 -0.361192 0.206967
v -0.783313 -0.388167 0.395127
v -0.683596 -0.269552 0.636344
v -0.846503 -0.275785 0.443949
v -0.708830 -0.376416 0.516559
v 0.565352 0.264899 -0.049369
v 0.397544 0.349821 -0.117440
v 0.391797 0.338242 0.091007
v 0.130447 0.390555 0.115537
v 0.283925 0.371668 0.055497
v 0.242154 0.367405 -0.044088
v -0.525379 -0.371858 -0.717326
v -0.582117 -0.282721 -0.729106
v -0.458184 -0.264490 -0.842564
v -0.611833 -0.189531 -0.723264
v -0.458184 -0.264490 -0.842564
v -0.582117 -0.282721 -0.729106
v 0.867779 -0.393201 -0.205311
v 0.795864 -0.384313 -0.403834
v 0.846874 -0.271455 -0.451618
v 0.671255 -0.262825 -0.658990
v 0.846874 -0.271455 -0.451618
v 0.712636 -0.378024 -0.523419
v 0.137497 -0.395665 -0.905306
v 0.016276 -0.366159 -0.954033
v 0.067619 -0.284938 -0.981103
v 0.031804 -0.419985 -0.821583
v -0.074403 -0.444363 -0.704167
v -0.120703 -0.394409 -0.909616
v -0.925040 -0.323550 0.079693
v -0.878084 -0.392363 -0.155928
v -0.872432 -0.399109 0.107163
v -0.630578 -0.438530 -0.168621
v -0.317637 -0.483575 -0.125432
v -0.675546 -0.449691 0.091035
v -0.177965 0.037680 0.821907
v -0.019920 0.041790 0.814485
v -0.170638 0.180482 0.720647
v -0.193313 -0.172955 0.902080
v -0.011537 -0.266270 0.903194
v 0.005752 -0.090317 0.886495
v 0.809537 -0.291104 0.446604
v 0.690979 -0.347319 0.581461
v 0.775644 -0.379071 0.391055
v 0.865057 -0.395960 0.129952
v 0.925449 -0.337956 -0.065373
v 0.920892 -0.312056 0.055877
v 0.005752 -0.090317 0.886495
v -0.011537 -0.266270 0.903194
v 0.147260 -0.210331 0.949770
v 0.094223 -0.303835 0.918665
v -0.011537 -0.266270 0.903194
v -0.040596 -0.388034 0.842840
v -0.253429 0.397930 -0.120903
v -0.288378 0.405875 -0.324069
v -0.394404 0.374465 -0.360293
v -0.103728 0.394466 -0.191924
v -0.206767 0.418986 -0.242515
v -0.253429 0.397930 -0.120903
v 0.106374 0.418682 -0.082386
v -0.037180 0.449330 -0.097924
v 0.001128 0.379423 0.002193
v -0.036124 0.482623 -0.185082
v 0.031918 0.477199 -0.169487
v 0.017389 0.498199 -0.314107
v 0.244751 -0.101031 0.919950
v 0.376544 0.014396 0.823619
v 0.275561 0.085398 0.793181
v 0.376544 0.014396 0.823619
v 0.244751 -0.101031 0.919950
v 0.441751 -0.126084 0.854258
v 0.093119 0.067376 -0.717070
v 0.090969 -0.012836 -0.814466
v 0.090541 0.070059 -0.807244
v -0.118039 0.250027 0.650721
v -0.309187 0.355131 0.453531
v -0.332480 0.254081 0.606514
v -0.565295 0.243167 0.492419
v -0.477709 0.241340 0.572707
v -0.483646 0.336044 0.416479
v 0.420238 0.344398 -0.438830
v 0.413225 0.248562 -0.561118
v 0.310567 0.353447 -0.398220
v 0.290671 0.387786 -0.342338
v 0.221601 0.417150 -0.216197
v 0.348161 0.401574 -0.272031
v 0.314107 -0.287678 -0.886837
v 0.407820 -0.162327 -0.853554
v 0.575086 -0.217257 -0.761258
v 0.307065 -0.100508 -0.868064
v 0.407820 -0.162327 -0.853554
v 0.314107 -0.287678 -0.886837
v 0.948124 -0.219541 -0.150133
v 0.940845 -0.243138 0.029425
v 0.925449 -0.337956 -0.065373
v 0.940303 -0.150414 -0.205787
v 0.912490 -0.085179 -0.027256
v 0.940845 -0.243138 0.029425
v 0.372462 -0.471186 0.334659
v 0.588597 -0.435666 0.447584
v 0.309244 -0.458626 0.548805
v 0.309244 -0.458626 0.548805
v 0.588597 -0.435666 0.447584
v 0.486148 -0.422792 0.575019
v 0.545009 0.250018 0.524313
v 0.452389 0.336614 0.438963
v 0.309435 0.333180 0.573849
v 0.204160 0.416769 0.238176
v 0.301233 0.388700 0.427174
v 0.318474 0.399452 0.310339
v -0.133425 0.342913 -0.628618
v -0.160001 0.246450 -0.696574
v -0.210002 0.340535 -0.516939
v -0.087772 0.187009 -0.796321
v -0.045468 0.290942 -0.753541
v -0.033517 -0.017013 -0.933128
v 0.122559 0.310743 0.577084
v 0.168640 0.260684 0.705071
v 0.227634 0.299658 0.640645
v 0.024458 0.176533 0.697221
v 0.085935 0.183384 0.763598
v 0.122559 0.310743 0.577084
v -0.411731 0.203118 -0.656858
v -0.531136 0.225773 -0.580167
v -0.252601 0.304882 -0.645859
v -0.106174 0.303312 -0.586551
v -0.041633 0.232967 -0.661825
v -0.141779 0.236792 -0.731628
v -0.126650 -0.172327 -0.906362
v -0.065801 -0.196914 -0.998211
v -0.122292 -0.285709 -0.914155
v -0.065801 -0.196914 -0.998211
v -0.091112 -0.099337 -0.926639
v -0.033517 -0.017013 -0.933128
v -0.591233 -0.378367 0.640911
v -0.653480 -0.343779 0.584753
v -0.575543 -0.422945 0.484645
v -0.439011 -0.398120 0.731571
v -0.451856 -0.441118 0.552801
v -0.233248 -0.422678 0.702749
v 0.107810 0.336653 -0.038179
v 0.106374 0.418682 -0.082386
v 0.052119 0.393220 -0.012517
v -0.332442 -0.443592 -0.676983
v -0.324564 -0.402383 -0.802229
v -0.074403 -0.444363 -0.704167
v 0.082367 -0.472746 -0.417383
v -0.131722 -0.469616 -0.539861
v -0.074403 -0.444363 -0.704167
v 0.691740 0.270171 -0.188983
v 0.450829 0.372905 -0.223457
v 0.574239 0.313978 -0.122368
v 0.708868 0.189835 -0.035877
v 0.748555 0.208589 -0.103110
v 0.574239 0.313978 -0.122368
v 0.537045 -0.469911 -0.163274
v 0.159487 -0.497410 -0.023374
v 0.255627 -0.481129 -0.310900
v 0.257235 -0.441099 -0.599568
v 0.457974 -0.442346 -0.547359
v 0.082367 -0.472746 -0.417383
v 0.561365 0.333341 -0.329359
v 0.657753 0.217743 -0.396031
v 0.502904 0.311714 -0.438754
v 0.420238 0.344398 -0.438830
v 0.290671 0.387786 -0.342338
v 0.348161 0.401574 -0.272031
v -0.582717 0.309335 0.121560
v -0.607256 0.321961 0.278920
v -0.429191 0.381297 0.217386
v -0.721447 0.230246 0.112834
v -0.784665 0.130575 0.056477
v -0.754901 0.199407 0.171152
v -0.613137 0.110384 -0.586095
v -0.531136 0.225773 -0.580167
v -0.532458 0.142050 -0.657353
v -0.531136 0.225773 -0.580167
v -0.411731 0.203118 -0.656858
v -0.468821 0.100479 -0.726375
v -0.474597 -0.111165 -0.830679
v -0.468821 0.100479 -0.726375
v -0.369760 0.031162 -0.817406
v -0.405632 -0.156599 -0.877922
v -0.226501 -0.119500 -0.932985
v -0.305533 -0.216315 -0.917895
v -0.130551 -0.278858 -0.838958
v -0.084556 -0.293435 -0.769003
v -0.124414 -0.207476 -0.760744
v 0.156832 0.142574 -0.380931
v 0.202999 0.181062 -0.489688
v 0.192390 0.195801 -0.291118
v 0.166071 -0.165667 -0.920863
v 0.237672 -0.242406 -0.905487
v 0.103966 -0.232482 -0.972264
v 0.152493 -0.045044 -0.868920
v 0.078666 -0.050563 -0.922719
v 0.040054 0.065311 -0.854248
v 0.266503 0.397977 0.113053
v 0.130447 0.390555 0.115537
v 0.204160 0.416769 0.238176
v 0.092881 0.349032 0.312261
v 0.152950 0.397692 0.310291
v 0.076963 0.383495 0.162161
v -0.198422 -0.006166 0.842726
v -0.193313 -0.172955 0.902080
v 0.005752 -0.090317 0.886495
v -0.198422 -0.006166 0.842726
v -0.243876 -0.102078 0.876333
v -0.193313 -0.172955 0.902080
v -0.133425 0.342913 -0.628618
v -0.210002 0.340535 -0.516939
v -0.158916 0.418606 -0.454596
v -0.188888 0.359041 -0.170258
v -0.123796 0.454934 -0.262288
v -0.200230 0.387758 -0.378276
v 0.901947 -0.066310 -0.275875
v 0.940303 -0.150414 -0.205787
v 0.877322 -0.161604 -0.409038
v 0.823163 -0.105455 -0.486206
v 0.642310 0.124000 -0.559005
v 0.814628 0.028621 -0.387924
v 0.545009 0.250018 0.524313
v 0.290100 0.298326 0.627343
v 0.508081 0.176704 0.641558
v 0.580490 0.101783 0.638094
v 0.653928 0.162708 0.436527
v 0.545009 0.250018 0.524313
v -0.683596 -0.269552 0.636344
v -0.591233 -0.378367 0.640911
v -0.561479 -0.289715 0.749240
v -0.599882 -0.202138 0.739725
v -0.753008 -0.086292 0.581318
v -0.683596 -0.269552 0.636344
v 0.112949 0.391983 -0.148164
v 0.058465 0.376140 -0.288568
v -0.069874 0.370279 -0.269919
v 0.148345 0.392382 -0.081473
v 0.397544 0.349821 -0.117440
v 0.285847 0.404752 -0.160219
v 0.096840 0.274196 -0.043270
v 0.107810 0.336653 -0.038179
v 0.027427 0.305338 0.001984
v 0.141284 0.233861 -0.128582
v 0.209860 0.252568 -0.235122
v 0.164378 0.307261 -0.105917
v -0.883336 -0.330734 -0.267369
v -0.793656 -0.353095 -0.431580
v -0.878084 -0.392363 -0.155928
v -0.698068 -0.269124 -0.604782
v -0.793656 -0.353095 -0.431580
v -0.783713 -0.235403 -0.530298
v -0.793656 -0.353095 -0.431580
v -0.873944 -0.247582 -0.348884
v -0.783713 -0.235403 -0.530298
v -0.873944 -0.247582 -0.348884
v -0.849158 -0.161680 -0.411474
v -0.783713 -0.235403 -0.530298
v 0.233314 0.330610 -0.366183
v 0.225978 0.297717 -0.481134
v 0.156290 0.421755 -0.465834
v 0.232696 0.283787 -0.326705
v 0.205169 0.349936 -0.204845
v 0.209860 0.252568 -0.235122
v -0.607256 0.321961 0.278920
v -0.674195 0.250731 0.308607
v -0.483646 0.336044 0.416479
v -0.674195 0.250731 0.308607
v -0.607256 0.321961 0.278920
v -0.680893 0.277573 0.196215
v 0.085935 0.183384 0.763598
v 0.076677 0.057281 0.819918
v 0.174149 0.107454 0.796035
v 0.199374 0.219218 0.738183
v 0.321576 0.128196 0.736461
v 0.387934 0.217914 0.653033
v 0.109124 -0.108681 -0.913584
v 0.142864 -0.265708 -0.877465
v 0.091321 -0.248258 -0.959228
v 0.053137 0.108025 -0.851917
v 0.109124 -0.108681 -0.913584
v 0.038541 -0.190206 -0.996518
v -0.396164 -0.376083 -0.817939
v -0.429610 -0.415256 -0.701332
v -0.525379 -0.371858 -0.717326
v -0.458184 -0.264490 -0.842564
v -0.396164 -0.376083 -0.817939
v -0.525379 -0.371858 -0.717326
v -0.416470 -0.143906 0.841822
v -0.513228 -0.068718 0.770563
v -0.599882 -0.202138 0.739725
v -0.220897 0.006936 0.819214
v -0.513228 -0.068718 0.770563
v -0.424006 -0.066158 0.814266
v -0.156480 0.403639 -0.304763
v -0.103728 0.394466 -0.191924
v -0.110884 0.359203 -0.396060
v -0.069874 0.370279 -0.269919
v -0.103728 0.394466 -0.191924
v 0.112949 0.391983 -0.148164
v 0.642614 -0.392411 0.561717
v 0.486148 -0.422792 0.575019
v 0.588597 -0.435666 0.447584
v 0.585324 -0.347005 0.650702
v 0.690979 -0.347319 0.581461
v 0.699705 -0.271493 0.626962
v -0.432902 0.144667 0.660246
v -0.628465 0.123001 0.567835
v -0.480582 0.043931 0.728164
v -0.220897 0.006936 0.819214
v -0.321871 0.050411 0.781620
v -0.480582 0.043931 0.728164
v -0.908180 -0.081401 0.000918
v -0.818405 0.059108 0.013240
v -0.860623 -0.041333 -0.133149
v -0.908180 -0.081401 0.000918
v -0.806216 0.093742 0.182998
v -0.818405 0.059108 0.013240
v 0.125975 -0.234042 -0.759935
v 0.082976 -0.335891 -0.839386
v 0.142864 -0.265708 -0.877465
v 0.090969 -0.012836 -0.814466
v 0.125975 -0.234042 -0.759935
v 0.141751 -0.178132 -0.836103
v -0.123796 0.454934 -0.262288
v -0.091112 0.427645 -0.096640
v -0.036124 0.482623 -0.185082
v 0.001128 0.379423 0.002193
v -0.037180 0.449330 -0.097924
v -0.091112 0.427645 -0.096640
v 0.925449 -0.337956 -0.065373
v 0.867779 -0.393201 -0.205311
v 0.911063 -0.290143 -0.264638
v 0.865057 -0.395960 0.129952
v 0.869634 -0.406189 -0.068123
v 0.925449 -0.337956 -0.065373
v -0.081520 0.054645 -0.714053
v -0.088580 0.022722 -0.836674
v -0.097287 -0.038879 -0.828710
v -0.088580 0.022722 -0.836674
v -0.091112 -0.099337 -0.926639
v -0.097287 -0.038879 -0.828710
v 0.803476 0.100584 -0.186471
v 0.901947 -0.066310 -0.275875
v 0.735243 0.142755 -0.346229
v 0.493123 0.355121 -0.279738
v 0.691740 0.270171 -0.188983
v 0.614897 0.279277 -0.298711
v 0.457974 -0.442346 -0.547359
v 0.541621 -0.460586 -0.307579
v 0.255627 -0.481129 -0.310900
v 0.712636 -0.378024 -0.523419
v 0.677182 -0.439606 -0.365022
v 0.571499 -0.425371 -0.481096
v -0.715661 0.004577 -0.575847
v -0.731704 -0.098690 -0.604687
v -0.833515 -0.097387 -0.416584
v -0.639208 0.005386 -0.669532
v -0.474597 -0.111165 -0.830679
v -0.612176 -0.115437 -0.727764
v -0.923232 -0.103505 0.235569
v -0.806216 0.093742 0.182998
v -0.908180 -0.081401 0.000918
v -0.845114 -0.116626 0.448469
v -0.753008 -0.086292 0.581318
v -0.835646 0.008954 0.355402
v 0.655916 -0.350868 -0.586599
v 0.712636 -0.378024 -0.523419
v 0.571499 -0.425371 -0.481096
v 0.671255 -0.262825 -0.658990
v 0.712636 -0.378024 -0.523419
v 0.655916 -0.350868 -0.586599
v 0.781639 -0.126198 0.534066
v 0.689400 0.013397 0.591280
v 0.658000 -0.079803 0.680265
v 0.580490 0.101783 0.638094
v 0.658000 -0.079803 0.680265
v 0.689400 0.013397 0.591280
v 0.202276 0.222243 -0.601899
v 0.202999 0.181062 -0.489688
v 0.132159 0.126122 -0.693491
v 0.232696 0.236792 -0.419267
v 0.202999 0.181062 -0.489688
v 0.202276 0.222243 -0.601899
v -0.072091 0.415066 -0.035467
v -0.188888 0.359041 -0.170258
v -0.115147 0.332666 -0.044021
v -0.167479 0.277098 -0.120523
v -0.188888 0.359041 -0.170258
v -0.215768 0.262692 -0.254523
v 0.588807 -0.380755 -0.670684
v 0.655916 -0.350868 -0.586599
v 0.571499 -0.425371 -0.481096
v 0.655916 -0.350868 -0.586599
v 0.588807 -0.380755 -0.670684
v 0.671255 -0.262825 -0.658990
v 0.007484 -0.178293 -0.982530
v 0.078666 -0.050563 -0.922719
v 0.166071 -0.165667 -0.920863
v -0.041900 0.012636 -0.849177
v 0.040054 0.065311 -0.854248
v 0.078666 -0.050563 -0.922719
v -0.033736 0.136484 0.715623
v -0.118039 0.250027 0.650721
v -0.170638 0.180482 0.720647
v -0.118039 0.250027 0.650721
v -0.332480 0.254081 0.606514
v -0.170638 0.180482 0.720647
v -0.685755 0.186229 0.374955
v -0.824999 0.036957 0.283126
v -0.835646 0.008954 0.355402
v -0.923232 -0.103505 0.235569
v -0.835646 0.008954 0.355402
v -0.824999 0.036957 0.283126
v -0.653966 0.249028 -0.119181
v -0.394404 0.374465 -0.360293
v -0.554876 0.300134 -0.331262
v -0.554876 0.300134 -0.331262
v -0.478070 0.332713 -0.377258
v -0.624478 0.203337 -0.429981
v -0.072976 -0.055806 -0.902166
v -0.097030 -0.210759 -0.960551
v -0.285438 -0.047014 -0.890463
v 0.007484 -0.178293 -0.982530
v -0.072976 -0.055806 -0.902166
v 0.078666 -0.050563 -0.922719
v 0.815141 0.067386 -0.017807
v 0.803476 0.100584 -0.186471
v 0.798804 0.125818 -0.092120
v 0.803476 0.100584 -0.186471
v 0.735243 0.142755 -0.346229
v 0.753056 0.196353 -0.209450
v -0.072976 -0.055806 -0.902166
v 0.007484 -0.178293 -0.982530
v -0.097030 -0.210759 -0.960551
v 0.016276 -0.366159 -0.954033
v -0.063556 -0.273558 -0.980523
v 0.067619 -0.284938 -0.981103
v -0.397420 0.347395 0.452065
v -0.334764 0.400004 0.294315
v -0.483646 0.336044 0.416479
v -0.483646 0.336044 0.416479
v -0.477709 0.241340 0.572707
v -0.397420 0.347395 0.452065
v -0.919379 -0.217162 0.287160
v -0.947220 -0.209293 0.147641
v -0.910035 -0.297774 0.244609
v -0.835646 0.008954 0.355402
v -0.923232 -0.103505 0.235569
v -0.845114 -0.116626 0.448469
v 0.745129 0.157512 0.142721
v 0.819899 0.048451 0.071986
v 0.654441 0.248933 0.131741
v 0.792867 0.082391 0.199155
v 0.773589 0.049650 0.383738
v 0.848853 -0.031714 0.225712
v 0.131874 0.399366 -0.252439
v 0.058465 0.376140 -0.288568
v 0.112949 0.391983 -0.148164
v 0.312308 0.357481 -0.433540
v 0.089399 0.341952 -0.409467
v 0.131874 0.399366 -0.252439
v -0.591233 -0.378367 0.640911
v -0.439011 -0.398120 0.731571
v -0.490906 -0.340763 0.760220
v -0.591233 -0.378367 0.640911
v -0.451856 -0.441118 0.552801
v -0.439011 -0.398120 0.731571
v 0.038541 -0.190206 -0.996518
v 0.007522 -0.315101 -0.984100
v -0.065801 -0.196914 -0.998211
v -0.065411 -0.301523 -0.974642
v -0.122292 -0.285709 -0.914155
v -0.065801 -0.196914 -0.998211
v -0.332442 -0.443592 -0.676983
v -0.074403 -0.444363 -0.704167
v -0.131722 -0.469616 -0.539861
v -0.487566 -0.421898 -0.585410
v -0.332442 -0.443592 -0.676983
v -0.294791 -0.460234 -0.552573
v 0.812753 -0.419082 0.068199
v 0.787652 -0.404609 0.293887
v 0.627029 -0.438616 0.160724
v 0.865057 -0.395960 0.129952
v 0.812753 -0.419082 0.068199
v 0.869634 -0.406189 -0.068123
v -0.182570 0.368966 -0.463093
v -0.321195 0.335463 -0.556379
v -0.288378 0.405875 -0.324069
v -0.252601 0.304882 -0.645859
v -0.106174 0.303312 -0.586551
v -0.141779 0.236792 -0.731628
v 0.883107 -0.064531 0.094423
v 0.803476 0.100584 -0.186471
v 0.815141 0.067386 -0.017807
v 0.883107 -0.064531 0.094423
v 0.819899 0.048451 0.071986
v 0.745129 0.157512 0.142721
v -0.833515 -0.097387 -0.416584
v -0.873944 -0.247582 -0.348884
v -0.894240 -0.137873 -0.228985
v -0.816359 0.033845 -0.225302
v -0.833515 -0.097387 -0.416584
v -0.894240 -0.137873 -0.228985
v -0.294791 -0.460234 -0.552573
v -0.545475 -0.443021 -0.447375
v -0.487566 -0.421898 -0.585410
v -0.791420 -0.395713 -0.342804
v -0.487566 -0.421898 -0.585410
v -0.545475 -0.443021 -0.447375
v -0.624478 0.203337 -0.429981
v -0.478070 0.332713 -0.377258
v -0.507491 0.287307 -0.493599
v -0.531136 0.225773 -0.580167
v -0.613137 0.110384 -0.586095
v -0.624478 0.203337 -0.429981
v -0.135861 -0.498742 -0.069636
v -0.335382 -0.474297 -0.350663
v -0.131722 -0.469616 -0.539861
v -0.135861 -0.498742 -0.069636
v -0.517044 -0.470996 0.173207
v -0.317637 -0.483575 -0.125432
v -0.097287 0.337176 0.378466
v -0.169601 0.380403 0.315277
v -0.182523 0.331210 0.477956
v -0.055440 0.368728 0.285790
v -0.097287 0.337176 0.378466
v 0.100189 0.320810 0.419514
v 0.484046 0.337766 0.303707
v 0.624564 0.251379 0.316695
v 0.654441 0.248933 0.131741
v 0.654441 0.248933 0.131741
v 0.624564 0.251379 0.316695
v 0.745129 0.157512 0.142721
v 0.809537 -0.291104 0.446604
v 0.881452 -0.339012 0.237215
v 0.873431 -0.200083 0.338617
v 0.809537 -0.291104 0.446604
v 0.787652 -0.404609 0.293887
v 0.881452 -0.339012 0.237215
v -0.228557 -0.314587 -0.919978
v -0.396164 -0.376083 -0.817939
v -0.458184 -0.264490 -0.842564
v -0.458184 -0.264490 -0.842564
v -0.405632 -0.156599 -0.877922
v -0.305533 -0.216315 -0.917895
v -0.351168 -0.233738 0.871823
v -0.599882 -0.202138 0.739725
v -0.561479 -0.289715 0.749240
v -0.599882 -0.202138 0.739725
v -0.683596 -0.269552 0.636344
v -0.561479 -0.289715 0.749240
v 0.925449 -0.337956 -0.065373
v 0.911063 -0.290143 -0.264638
v 0.948124 -0.219541 -0.150133
v 0.940303 -0.150414 -0.205787
v 0.920207 -0.217486 -0.296218
v 0.877322 -0.161604 -0.409038
v 0.085897 -0.072048 0.904412
v 0.174149 0.107454 0.796035
v 0.076677 0.057281 0.819918
v 0.005752 -0.090317 0.886495
v -0.019920 0.041790 0.814485
v -0.198422 -0.006166 0.842726
v -0.872432 -0.399109 0.107163
v -0.675546 -0.449691 0.091035
v -0.678790 -0.438445 0.365669
v -0.838368 -0.417198 -0.025619
v -0.872432 -0.399109 0.107163
v -0.878084 -0.392363 -0.155928
v -0.878084 -0.392363 -0.155928
v -0.791420 -0.395713 -0.342804
v -0.838368 -0.417198 -0.025619
v -0.793656 -0.353095 -0.431580
v -0.791420 -0.395713 -0.342804
v -0.878084 -0.392363 -0.155928
v 0.137497 -0.395665 -0.905306
v -0.120703 -0.394409 -0.909616
v 0.016276 -0.366159 -0.954033
v 0.016276 -0.366159 -0.954033
v -0.173664 -0.373742 -0.921805
v -0.063556 -0.273558 -0.980523
v -0.123796 0.454934 -0.262288
v -0.158916 0.418606 -0.454596
v -0.200230 0.387758 -0.378276
v 0.018892 0.484907 -0.426803
v -0.095612 0.460796 -0.427678
v -0.076420 0.483156 -0.291118
v -0.188888 0.359041 -0.170258
v -0.225911 0.327965 -0.308911
v -0.215768 0.262692 -0.254523
v -0.209650 0.189864 -0.414928
v -0.237425 0.255365 -0.418905
v -0.194236 0.195420 -0.622947
v -0.753598 0.064921 -0.381882
v -0.833515 -0.097387 -0.416584
v -0.816359 0.033845 -0.225302
v -0.786663 0.085217 -0.108162
v -0.720742 0.157303 -0.036571
v -0.765663 0.128082 -0.169877
v 0.484169 -0.395475 0.706270
v 0.486148 -0.422792 0.575019
v 0.585324 -0.347005 0.650702
v 0.585324 -0.347005 0.650702
v 0.486148 -0.422792 0.575019
v 0.642614 -0.392411 0.561717
v -0.678790 -0.438445 0.365669
v -0.543829 -0.460091 0.302041
v -0.575543 -0.422945 0.484645
v -0.678790 -0.438445 0.365669
v -0.675546 -0.449691 0.091035
v -0.517044 -0.470996 0.173207
v 0.452389 0.336614 0.438963
v 0.301233 0.388700 0.427174
v 0.309435 0.333180 0.573849
v 0.122559 0.310743 0.577084
v 0.227634 0.299658 0.640645
v 0.210878 0.360688 0.493561
v -0.579862 -0.338917 -0.679333
v -0.625516 -0.401469 -0.493913
v -0.668143 -0.330268 -0.569900
v -0.582117 -0.282721 -0.729106
v -0.698068 -0.269124 -0.604782
v -0.611833 -0.189531 -0.723264
v -0.209650 0.189864 -0.414928
v -0.152113 0.140861 -0.378885
v -0.189745 0.207476 -0.265932
v -0.215768 0.262692 -0.254523
v -0.237425 0.255365 -0.418905
v -0.209650 0.189864 -0.414928
v -0.753598 0.064921 -0.381882
v -0.816359 0.033845 -0.225302
v -0.765663 0.128082 -0.169877
v -0.765663 0.128082 -0.169877
v -0.624478 0.203337 -0.429981
v -0.753598 0.064921 -0.381882
v -0.625516 -0.401469 -0.493913
v -0.487566 -0.421898 -0.585410
v -0.791420 -0.395713 -0.342804
v -0.625516 -0.401469 -0.493913
v -0.579862 -0.338917 -0.679333
v -0.487566 -0.421898 -0.585410
v 0.669694 -0.450805 -0.068704
v 0.537045 -0.469911 -0.163274
v 0.677182 -0.439606 -0.365022
v 0.571499 -0.425371 -0.481096
v 0.677182 -0.439606 -0.365022
v 0.541621 -0.460586 -0.307579
v 0.109124 -0.108681 -0.913584
v 0.053137 0.108025 -0.851917
v 0.090541 0.070059 -0.807244
v 0.140152 0.170120 -0.743541
v 0.090541 0.070059 -0.807244
v 0.053137 0.108025 -0.851917
v -0.591233 -0.378367 0.640911
v -0.575543 -0.422945 0.484645
v -0.451856 -0.441118 0.552801
v -0.575543 -0.422945 0.484645
v -0.543829 -0.460091 0.302041
v -0.451856 -0.441118 0.552801
v 0.823163 -0.105455 -0.486206
v 0.814628 0.028621 -0.387924
v 0.901947 -0.066310 -0.275875
v 0.735243 0.142755 -0.346229
v 0.901947 -0.066310 -0.275875
v 0.814628 0.028621 -0.387924
v 0.106374 0.418682 -0.082386
v 0.206948 0.371069 -0.310624
v 0.090445 0.465686 -0.211515
v 0.031918 0.477199 -0.169487
v -0.037180 0.449330 -0.097924
v 0.106374 0.418682 -0.082386
v 0.803476 0.100584 -0.186471
v 0.883107 -0.064531 0.094423
v 0.912490 -0.085179 -0.027256
v 0.883107 -0.064531 0.094423
v 0.940845 -0.243138 0.029425
v 0.912490 -0.085179 -0.027256
v -0.252601 0.304882 -0.645859
v -0.141779 0.236792 -0.731628
v -0.283658 0.215583 -0.719525
v -0.311185 0.124257 -0.751229
v -0.204312 0.110594 -0.795673
v -0.285438 -0.047014 -0.890463
v 0.541621 -0.460586 -0.307579
v 0.457974 -0.442346 -0.547359
v 0.571499 -0.425371 -0.481096
v 0.571499 -0.425371 -0.481096
v 0.457974 -0.442346 -0.547359
v 0.588807 -0.380755 -0.670684
v -0.704900 0.190787 0.031138
v -0.721447 0.230246 0.112834
v -0.582717 0.309335 0.121560
v -0.582717 0.309335 0.121560
v -0.680893 0.277573 0.196215
v -0.607256 0.321961 0.278920
v 0.940845 -0.243138 0.029425
v 0.917600 -0.203156 0.114500
v 0.892185 -0.296394 0.179202
v 0.883107 -0.064531 0.094423
v 0.917600 -0.203156 0.114500
v 0.940845 -0.243138 0.029425
v -0.731704 -0.098690 -0.604687
v -0.715661 0.004577 -0.575847
v -0.639208 0.005386 -0.669532
v -0.532458 0.142050 -0.657353
v -0.639208 0.005386 -0.669532
v -0.613137 0.110384 -0.586095
v 0.441751 -0.126084 0.854258
v 0.489022 -0.043845 0.799784
v 0.376544 0.014396 0.823619
v 0.508081 0.176704 0.641558
v 0.376544 0.014396 0.823619
v 0.489022 -0.043845 0.799784
v 0.067619 -0.284938 -0.981103
v -0.063556 -0.273558 -0.980523
v 0.007484 -0.178293 -0.982530
v 0.007484 -0.178293 -0.982530
v 0.166071 -0.165667 -0.920863
v 0.103966 -0.232482 -0.972264
v -0.947220 -0.209293 0.147641
v -0.919379 -0.217162 0.287160
v -0.923232 -0.103505 0.235569
v -0.923232 -0.103505 0.235569
v -0.908180 -0.081401 0.000918
v -0.947220 -0.209293 0.147641
v -0.203018 -0.286670 0.879758
v -0.268910 -0.315358 0.884097
v -0.040596 -0.388034 0.842840
v -0.561479 -0.289715 0.749240
v -0.268910 -0.315358 0.884097
v -0.351168 -0.233738 0.871823
v -0.066353 0.263881 -0.032327
v -0.167479 0.277098 -0.120523
v -0.134443 0.207942 -0.158478
v -0.683596 -0.269552 0.636344
v -0.708830 -0.376416 0.516559
v -0.653480 -0.343779 0.584753
v -0.683596 -0.269552 0.636344
v -0.653480 -0.343779 0.584753
v -0.591233 -0.378367 0.640911
v -0.081692 -0.337338 -0.842526
v -0.052699 -0.358870 -0.912490
v -0.001051 -0.363942 -0.829319
v -0.122292 -0.285709 -0.914155
v -0.065411 -0.301523 -0.974642
v -0.052699 -0.358870 -0.912490
v -0.016913 0.157627 -0.761924
v 0.114852 0.209693 -0.703282
v 0.040054 0.065311 -0.854248
v -0.046096 0.094475 -0.816759
v 0.040054 0.065311 -0.854248
v -0.041900 0.012636 -0.849177
v -0.133425 0.342913 -0.628618
v -0.045468 0.290942 -0.753541
v -0.160001 0.246450 -0.696574
v -0.045468 0.290942 -0.753541
v 0.028065 0.371516 -0.656896
v 0.030938 0.251074 -0.784598
v 0.508252 0.159006 -0.622813
v 0.546008 0.012760 -0.719144
v 0.358456 0.060953 -0.765558
v 0.473512 -0.065844 -0.799032
v 0.307065 -0.100508 -0.868064
v 0.358456 0.060953 -0.765558
v -0.394404 0.374465 -0.360293
v -0.461961 0.333684 -0.176576
v -0.253429 0.397930 -0.120903
v -0.487899 0.302294 -0.078751
v -0.381140 0.345777 0.101959
v -0.282935 0.377225 -0.082443
v -0.204312 0.110594 -0.795673
v -0.283658 0.215583 -0.719525
v -0.177851 0.173745 -0.771724
v -0.177851 0.173745 -0.771724
v -0.046096 0.094475 -0.816759
v -0.204312 0.110594 -0.795673
v -0.048246 0.403401 -0.613013
v 0.090493 0.437902 -0.524437
v 0.028065 0.371516 -0.656896
v -0.045468 0.290942 -0.753541
v -0.048246 0.403401 -0.613013
v 0.028065 0.371516 -0.656896
v -0.283658 0.215583 -0.719525
v -0.411731 0.203118 -0.656858
v -0.252601 0.304882 -0.645859
v -0.283658 0.215583 -0.719525
v -0.204312 0.110594 -0.795673
v -0.311185 0.124257 -0.751229
v -0.791420 -0.395713 -0.342804
v -0.545475 -0.443021 -0.447375
v -0.630578 -0.438530 -0.168621
v -0.791420 -0.395713 -0.342804
v -0.630578 -0.438530 -0.168621
v -0.838368 -0.417198 -0.025619
v -0.731704 -0.098690 -0.604687
v -0.611833 -0.189531 -0.723264
v -0.783713 -0.235403 -0.530298
v -0.731704 -0.098690 -0.604687
v -0.639208 0.005386 -0.669532
v -0.612176 -0.115437 -0.727764
v 0.420618 -0.472509 0.079218
v 0.239670 -0.489065 0.158792
v 0.537045 -0.469911 -0.163274
v 0.167184 -0.471300 0.517758
v 0.239670 -0.489065 0.158792
v 0.372462 -0.471186 0.334659
v 0.391797 0.338242 0.091007
v 0.397544 0.349821 -0.117440
v 0.283925 0.371668 0.055497
v 0.534380 0.304396 0.150152
v 0.482514 0.305062 0.091844
v 0.334431 0.381554 0.198651
v -0.072976 -0.055806 -0.902166
v -0.041900 0.012636 -0.849177
v 0.078666 -0.050563 -0.922719
v -0.204312 0.110594 -0.795673
v -0.041900 0.012636 -0.849177
v -0.072976 -0.055806 -0.902166
v 0.252002 -0.360916 0.863107
v 0.303212 -0.415123 0.761857
v 0.484169 -0.395475 0.706270
v 0.484169 -0.395475 0.706270
v 0.342671 -0.441975 0.676726
v 0.486148 -0.422792 0.575019
v 0.093119 0.067376 -0.717070
v 0.132159 0.126122 -0.693491
v 0.107163 0.102411 -0.618474
v 0.085935 0.183384 0.763598
v 0.168640 0.260684 0.705071
v 0.122559 0.310743 0.577084
v 0.199374 0.219218 0.738183
v 0.085935 0.183384 0.763598
v 0.174149 0.107454 0.796035
v -0.182523 0.331210 0.477956
v -0.118039 0.250027 0.650721
v -0.111017 0.303045 0.474350
v -0.182523 0.331210 0.477956
v -0.309187 0.355131 0.453531
v -0.118039 0.250027 0.650721
v -0.122292 -0.285709 -0.914155
v -0.052699 -0.358870 -0.912490
v -0.081692 -0.337338 -0.842526
v -0.144405 -0.202385 -0.839966
v -0.122292 -0.285709 -0.914155
v -0.130551 -0.278858 -0.838958
v 0.753056 0.196353 -0.209450
v 0.798804 0.125818 -0.092120
v 0.803476 0.100584 -0.186471
v 0.574239 0.313978 -0.122368
v 0.748555 0.208589 -0.103110
v 0.691740 0.270171 -0.188983
v -0.226501 -0.119500 -0.932985
v -0.405632 -0.156599 -0.877922
v -0.285438 -0.047014 -0.890463
v -0.097030 -0.210759 -0.960551
v -0.226501 -0.119500 -0.932985
v -0.285438 -0.047014 -0.890463
v 0.809537 -0.291104 0.446604
v 0.873431 -0.200083 0.338617
v 0.808519 -0.164163 0.474312
v 0.873431 -0.200083 0.338617
v 0.904307 -0.148492 0.192028
v 0.856532 -0.098700 0.328684
v 0.202276 0.222243 -0.601899
v 0.225978 0.297717 -0.481134
v 0.232696 0.236792 -0.419267
v 0.233314 0.330610 -0.366183
v 0.232696 0.236792 -0.419267
v 0.225978 0.297717 -0.481134
v -0.194236 0.195420 -0.622947
v -0.081520 0.054645 -0.714053
v -0.108619 0.101278 -0.628304
v 0.237672 -0.242406 -0.905487
v 0.314107 -0.287678 -0.886837
v 0.235084 -0.363847 -0.889330
v 0.307065 -0.100508 -0.868064
v 0.314107 -0.287678 -0.886837
v 0.237672 -0.242406 -0.905487
v -0.845114 -0.116626 0.448469
v -0.923232 -0.103505 0.235569
v -0.883536 -0.185810 0.391455
v -0.883536 -0.185810 0.391455
v -0.753008 -0.086292 0.581318
v -0.845114 -0.116626 0.448469
v 0.318474 0.399452 0.310339
v 0.301233 0.388700 0.427174
v 0.452389 0.336614 0.438963
v 0.484046 0.337766 0.303707
v 0.334431 0.381554 0.198651
v 0.318474 0.399452 0.310339
v -0.873944 -0.247582 -0.348884
v -0.883336 -0.330734 -0.267369
v -0.894240 -0.137873 -0.228985
v -0.873944 -0.247582 -0.348884
v -0.793656 -0.353095 -0.431580
v -0.883336 -0.330734 -0.267369
v 0.358456 0.060953 -0.765558
v 0.375717 0.245926 -0.605915
v 0.508252 0.159006 -0.622813
v 0.310567 0.353447 -0.398220
v 0.413225 0.248562 -0.561118
v 0.375717 0.245926 -0.605915
v 0.005752 -0.090317 0.886495
v 0.147260 -0.210331 0.949770
v 0.085897 -0.072048 0.904412
v 0.085897 -0.072048 0.904412
v -0.019920 0.041790 0.814485
v 0.005752 -0.090317 0.886495
v -0.158916 0.418606 -0.454596
v -0.210002 0.340535 -0.516939
v -0.200230 0.387758 -0.378276
v -0.200230 0.387758 -0.378276
v -0.210002 0.340535 -0.516939
v -0.225911 0.327965 -0.308911
v 0.810574 -0.090726 0.449972
v 0.808519 -0.164163 0.474312
v 0.873431 -0.200083 0.338617
v 0.689400 0.013397 0.591280
v 0.808519 -0.164163 0.474312
v 0.810574 -0.090726 0.449972
v 0.147260 -0.210331 0.949770
v -0.011537 -0.266270 0.903194
v 0.094223 -0.303835 0.918665
v 0.094223 -0.303835 0.918665
v 0.236473 -0.315072 0.906001
v 0.147260 -0.210331 0.949770
v -0.074403 -0.444363 -0.704167
v 0.031804 -0.419985 -0.821583
v 0.142959 -0.437978 -0.627780
v -0.074403 -0.444363 -0.704167
v 0.142959 -0.437978 -0.627780
v 0.082367 -0.472746 -0.417383
v 0.156290 0.421755 -0.465834
v 0.225978 0.297717 -0.481134
v 0.178317 0.344445 -0.549243
v 0.028065 0.371516 -0.656896
v 0.090493 0.437902 -0.524437
v 0.140228 0.374589 -0.584572
v 0.007484 -0.178293 -0.982530
v -0.063556 -0.273558 -0.980523
v -0.097030 -0.210759 -0.960551
v -0.228557 -0.314587 -0.919978
v -0.097030 -0.210759 -0.960551
v -0.063556 -0.273558 -0.980523
v -0.220897 0.006936 0.819214
v -0.562754 -0.001037 0.719486
v -0.513228 -0.068718 0.770563
v -0.513228 -0.068718 0.770563
v -0.562754 -0.001037 0.719486
v -0.687078 -0.028498 0.638466
v 0.106374 0.418682 -0.082386
v 0.205169 0.349936 -0.204845
v 0.206948 0.371069 -0.310624
v 0.232696 0.283787 -0.326705
v 0.206948 0.371069 -0.310624
v 0.205169 0.349936 -0.204845
v 0.452389 0.336614 0.438963
v 0.624564 0.251379 0.316695
v 0.484046 0.337766 0.303707
v 0.318474 0.399452 0.310339
v 0.452389 0.336614 0.438963
v 0.484046 0.337766 0.303707
v 0.666430 -0.011218 -0.639141
v 0.823163 -0.105455 -0.486206
v 0.647905 -0.111098 -0.707298
v 0.666430 -0.011218 -0.639141
v 0.647905 -0.111098 -0.707298
v 0.546008 0.012760 -0.719144
v -0.042661 -0.498066 0.162703
v -0.320748 -0.472737 0.364051
v -0.517044 -0.470996 0.173207
v 0.167184 -0.471300 0.517758
v -0.076201 -0.471633 0.429096
v -0.042661 -0.498066 0.162703
v -0.565295 0.243167 0.492419
v -0.621976 0.197837 0.508671
v -0.477709 0.241340 0.572707
v -0.565295 0.243167 0.492419
v -0.734159 0.189340 0.257892
v -0.685755 0.186229 0.374955
v -0.193684 -0.371202 0.855028
v -0.040596 -0.388034 0.842840
v -0.268910 -0.315358 0.884097
v -0.133634 -0.415295 0.802296
v 0.098467 -0.449520 0.673158
v 0.020557 -0.414467 0.833658
v 0.112949 0.391983 -0.148164
v 0.285847 0.404752 -0.160219
v 0.221601 0.417150 -0.216197
v 0.285847 0.404752 -0.160219
v 0.348161 0.401574 -0.272031
v 0.221601 0.417150 -0.216197
v -0.674195 0.250731 0.308607
v -0.734159 0.189340 0.257892
v -0.565295 0.243167 0.492419
v -0.754901 0.199407 0.171152
v -0.674195 0.250731 0.308607
v -0.680893 0.277573 0.196215
v -0.321871 0.050411 0.781620
v -0.170638 0.180482 0.720647
v -0.432902 0.144667 0.660246
v -0.432902 0.144667 0.660246
v -0.480582 0.043931 0.728164
v -0.321871 0.050411 0.781620
v -0.160001 0.246450 -0.696574
v -0.087772 0.187009 -0.796321
v -0.125080 0.116816 -0.758926
v -0.087772 0.187009 -0.796321
v -0.160001 0.246450 -0.696574
v -0.045468 0.290942 -0.753541
v -0.458184 -0.264490 -0.842564
v -0.305533 -0.216315 -0.917895
v -0.228557 -0.314587 -0.919978
v -0.305533 -0.216315 -0.917895
v -0.097030 -0.210759 -0.960551
v -0.228557 -0.314587 -0.919978
v 0.082976 -0.335891 -0.839386
v -0.001051 -0.363942 -0.829319
v 0.026152 -0.366758 -0.906143
v -0.097287 -0.038879 -0.828710
v -0.144405 -0.202385 -0.839966
v -0.124414 -0.207476 -0.760744
v -0.144405 -0.202385 -0.839966
v -0.130551 -0.278858 -0.838958
v -0.124414 -0.207476 -0.760744
v 0.614897 0.279277 -0.298711
v 0.561365 0.333341 -0.329359
v 0.493123 0.355121 -0.279738
v 0.561365 0.333341 -0.329359
v 0.420238 0.344398 -0.438830
v 0.348161 0.401574 -0.272031
v 0.348161 0.401574 -0.272031
v 0.285847 0.404752 -0.160219
v 0.450829 0.372905 -0.223457
v 0.348161 0.401574 -0.272031
v 0.493123 0.355121 -0.279738
v 0.561365 0.333341 -0.329359
v 0.372462 -0.471186 0.334659
v 0.239670 -0.489065 0.158792
v 0.420618 -0.472509 0.079218
v 0.372462 -0.471186 0.334659
v 0.420618 -0.472509 0.079218
v 0.588597 -0.435666 0.447584
v -0.106374 0.386378 0.098609
v -0.313441 0.400632 0.152369
v -0.229156 0.417854 0.202162
v -0.607256 0.321961 0.278920
v -0.334764 0.400004 0.294315
v -0.429191 0.381297 0.217386
v -0.565295 0.243167 0.492419
v -0.685755 0.186229 0.374955
v -0.621976 0.197837 0.508671
v -0.835646 0.008954 0.355402
v -0.621976 0.197837 0.508671
v -0.685755 0.186229 0.374955
v -0.206767 0.418986 -0.242515
v -0.288378 0.405875 -0.324069
v -0.253429 0.397930 -0.120903
v -0.288378 0.405875 -0.324069
v -0.156480 0.403639 -0.304763
v -0.182570 0.368966 -0.463093
v 0.387934 0.217914 0.653033
v 0.376544 0.014396 0.823619
v 0.508081 0.176704 0.641558
v 0.227634 0.299658 0.640645
v 0.387934 0.217914 0.653033
v 0.508081 0.176704 0.641558
v -0.048246 0.403401 -0.613013
v -0.045468 0.290942 -0.753541
v -0.133425 0.342913 -0.628618
v -0.133425 0.342913 -0.628618
v -0.158916 0.418606 -0.454596
v -0.048246 0.403401 -0.613013
v 0.865057 -0.395960 0.129952
v 0.787652 -0.404609 0.293887
v 0.812753 -0.419082 0.068199
v 0.787652 -0.404609 0.293887
v 0.865057 -0.395960 0.129952
v 0.881452 -0.339012 0.237215
v 0.090969 -0.012836 -0.814466
v 0.073594 0.011856 -0.749640
v 0.067267 -0.052428 -0.756395
v 0.090969 -0.012836 -0.814466
v 0.067267 -0.052428 -0.756395
v 0.125975 -0.234042 -0.759935
v 0.518424 -0.166837 0.793961
v 0.576066 -0.281142 0.731609
v 0.699305 -0.177941 0.647048
v 0.576066 -0.281142 0.731609
v 0.438107 -0.273406 0.821926
v 0.484169 -0.395475 0.706270
v -0.351168 -0.233738 0.871823
v -0.268910 -0.315358 0.884097
v -0.203018 -0.286670 0.879758
v -0.193313 -0.172955 0.902080
v -0.351168 -0.233738 0.871823
v -0.203018 -0.286670 0.879758
v 0.137497 -0.395665 -0.905306
v 0.067619 -0.284938 -0.981103
v 0.235084 -0.363847 -0.889330
v 0.235084 -0.363847 -0.889330
v 0.398610 -0.390945 -0.792667
v 0.137497 -0.395665 -0.905306
v 0.130618 0.087891 -0.799451
v 0.040054 0.065311 -0.854248
v 0.114852 0.209693 -0.703282
v 0.040054 0.065311 -0.854248
v 0.130618 0.087891 -0.799451
v 0.152493 -0.045044 -0.868920
v -0.229156 0.417854 0.202162
v -0.429191 0.381297 0.217386
v -0.334764 0.400004 0.294315
v -0.229156 0.417854 0.202162
v -0.334764 0.400004 0.294315
v -0.169601 0.380403 0.315277
v 0.518424 -0.166837 0.793961
v 0.438107 -0.273406 0.821926
v 0.576066 -0.281142 0.731609
v 0.244751 -0.101031 0.919950
v 0.378552 -0.199702 0.889321
v 0.441751 -0.126084 0.854258
v -0.678790 -0.438445 0.365669
v -0.708830 -0.376416 0.516559
v -0.783313 -0.388167 0.395127
v -0.783313 -0.388167 0.395127
v -0.708830 -0.376416 0.516559
v -0.846503 -0.275785 0.443949
v -0.031195 0.341496 0.003326
v 0.001128 0.379423 0.002193
v -0.072091 0.415066 -0.035467
v 0.027427 0.305338 0.001984
v 0.107810 0.336653 -0.038179
v 0.052119 0.393220 -0.012517
v -0.765663 0.128082 -0.169877
v -0.720742 0.157303 -0.036571
v -0.644489 0.222243 -0.001461
v -0.565123 0.261198 0.045963
v -0.704900 0.190787 0.031138
v -0.582717 0.309335 0.121560
v 0.091321 -0.248258 -0.959228
v 0.007522 -0.315101 -0.984100
v 0.038541 -0.190206 -0.996518
v 0.109124 -0.108681 -0.913584
v 0.091321 -0.248258 -0.959228
v 0.038541 -0.190206 -0.996518
v 0.307065 -0.100508 -0.868064
v 0.237672 -0.242406 -0.905487
v 0.166071 -0.165667 -0.920863
v 0.152493 -0.045044 -0.868920
v 0.203332 0.102106 -0.781306
v 0.307065 -0.100508 -0.868064
v -0.507491 0.287307 -0.493599
v -0.252601 0.304882 -0.645859
v -0.531136 0.225773 -0.580167
v -0.531136 0.225773 -0.580167
v -0.624478 0.203337 -0.429981
v -0.507491 0.287307 -0.493599
v 0.575086 -0.217257 -0.761258
v 0.647905 -0.111098 -0.707298
v 0.671255 -0.262825 -0.658990
v 0.671255 -0.262825 -0.658990
v 0.588807 -0.380755 -0.670684
v 0.578483 -0.286080 -0.743512
v -0.182570 0.368966 -0.463093
v -0.252601 0.304882 -0.645859
v -0.321195 0.335463 -0.556379
v -0.507491 0.287307 -0.493599
v -0.321195 0.335463 -0.556379
v -0.252601 0.304882 -0.645859
v -0.818405 0.059108 0.013240
v -0.806216 0.093742 0.182998
v -0.800650 0.123810 0.122311
v -0.704900 0.190787 0.031138
v -0.818405 0.059108 0.013240
v -0.784665 0.130575 0.056477
v 0.053137 0.108025 -0.851917
v 0.030938 0.251074 -0.784598
v 0.110256 0.217229 -0.778194
v 0.028065 0.371516 -0.656896
v 0.085583 0.275471 -0.743255
v 0.030938 0.251074 -0.784598
v 0.657753 0.217743 -0.396031
v 0.735243 0.142755 -0.346229
v 0.617628 0.200406 -0.511887
v 0.657753 0.217743 -0.396031
v 0.753056 0.196353 -0.209450
v 0.735243 0.142755 -0.346229
v 0.712636 -0.378024 -0.523419
v 0.795864 -0.384313 -0.403834
v 0.677182 -0.439606 -0.365022
v 0.712636 -0.378024 -0.523419
v 0.846874 -0.271455 -0.451618
v 0.795864 -0.384313 -0.403834
v 0.117278 0.460082 -0.385270
v 0.018892 0.484907 -0.426803
v 0.017389 0.498199 -0.314107
v 0.018892 0.484907 -0.426803
v -0.076420 0.483156 -0.291118
v 0.017389 0.498199 -0.314107
v 0.202276 0.222243 -0.601899
v 0.132159 0.126122 -0.693491
v 0.140152 0.170120 -0.743541
v 0.140152 0.170120 -0.743541
v 0.110256 0.217229 -0.778194
v 0.202276 0.222243 -0.601899
v -0.225911 0.327965 -0.308911
v -0.210002 0.340535 -0.516939
v -0.237425 0.255365 -0.418905
v -0.237425 0.255365 -0.418905
v -0.215768 0.262692 -0.254523
v -0.225911 0.327965 -0.308911
v 0.109124 -0.108681 -0.913584
v 0.141751 -0.178132 -0.836103
v 0.142864 -0.265708 -0.877465
v 0.142864 -0.265708 -0.877465
v 0.141751 -0.178132 -0.836103
v 0.125975 -0.234042 -0.759935
v 0.058465 0.376140 -0.288568
v -0.110884 0.359203 -0.396060
v -0.069874 0.370279 -0.269919
v -0.069874 0.370279 -0.269919
v -0.110884 0.359203 -0.396060
v -0.103728 0.394466 -0.191924
v -0.065411 -0.301523 -0.974642
v -0.065801 -0.196914 -0.998211
v 0.007522 -0.315101 -0.984100
v -0.065411 -0.301523 -0.974642
v 0.007522 -0.315101 -0.984100
v -0.052699 -0.358870 -0.912490
v -0.073509 -0.071905 -0.758917
v -0.097287 -0.038879 -0.828710
v -0.124414 -0.207476 -0.760744
v -0.081520 0.054645 -0.714053
v -0.097287 -0.038879 -0.828710
v -0.071853 -0.002816 -0.758812
v -0.182570 0.368966 -0.463093
v -0.106174 0.303312 -0.586551
v -0.252601 0.304882 -0.645859
v -0.182570 0.368966 -0.463093
v -0.062338 0.283359 -0.562868
v -0.106174 0.303312 -0.586551
v 0.112949 0.391983 -0.148164
v -0.123767 0.390251 -0.000785
v 0.011442 0.383019 0.003135
v -0.106374 0.386378 0.098609
v -0.217786 0.385436 0.097734
v -0.313441 0.400632 0.152369
v 0.775644 -0.379071 0.391055
v 0.787652 -0.404609 0.293887
v 0.809537 -0.291104 0.446604
v 0.588597 -0.435666 0.447584
v 0.787652 -0.404609 0.293887
v 0.775644 -0.379071 0.391055
v 0.006960 0.254576 0.533124
v -0.111017 0.303045 0.474350
v -0.070445 0.248448 0.530669
v -0.070445 0.248448 0.530669
v -0.118039 0.250027 0.650721
v -0.010433 0.207704 0.627057
v 0.156290 0.421755 -0.465834
v 0.140228 0.374589 -0.584572
v 0.090493 0.437902 -0.524437
v 0.090493 0.437902 -0.524437
v 0.018892 0.484907 -0.426803
v 0.117278 0.460082 -0.385270
v 0.006960 0.254576 0.533124
v -0.070445 0.248448 0.530669
v -0.010433 0.207704 0.627057
v 0.122559 0.310743 0.577084
v 0.057932 0.255746 0.560870
v 0.024458 0.176533 0.697221
v -0.947220 -0.209293 0.147641
v -0.925040 -0.323550 0.079693
v -0.910035 -0.297774 0.244609
v -0.872432 -0.399109 0.107163
v -0.880310 -0.361192 0.206967
v -0.925040 -0.323550 0.079693
v 0.283925 0.371668 0.055497
v 0.334431 0.381554 0.198651
v 0.391797 0.338242 0.091007
v 0.130447 0.390555 0.115537
v 0.266503 0.397977 0.113053
v 0.283925 0.371668 0.055497
v -0.033736 0.136484 0.715623
v 0.014858 0.075064 0.779089
v 0.024458 0.176533 0.697221
v 0.006960 0.254576 0.533124
v -0.010433 0.207704 0.627057
v 0.024458 0.176533 0.697221
v -0.786663 0.085217 -0.108162
v -0.860623 -0.041333 -0.133149
v -0.818405 0.059108 0.013240
v -0.786663 0.085217 -0.108162
v -0.765663 0.128082 -0.169877
v -0.816359 0.033845 -0.225302
v 0.148345 0.392382 -0.081473
v 0.285847 0.404752 -0.160219
v 0.112949 0.391983 -0.148164
v 0.112949 0.391983 -0.148164
v 0.011442 0.383019 0.003135
v 0.148345 0.392382 -0.081473
v 0.420238 0.344398 -0.438830
v 0.561365 0.333341 -0.329359
v 0.502904 0.311714 -0.438754
v 0.413225 0.248562 -0.561118
v 0.420238 0.344398 -0.438830
v 0.502904 0.311714 -0.438754
v -0.461961 0.333684 -0.176576
v -0.653966 0.249028 -0.119181
v -0.487899 0.302294 -0.078751
v -0.461961 0.333684 -0.176576
v -0.487899 0.302294 -0.078751
v -0.282935 0.377225 -0.082443
v -0.753008 -0.086292 0.581318
v -0.599882 -0.202138 0.739725
v -0.687078 -0.028498 0.638466
v -0.835646 0.008954 0.355402
v -0.753008 -0.086292 0.581318
v -0.687078 -0.028498 0.638466
v 0.058465 0.376140 -0.288568
v 0.131874 0.399366 -0.252439
v 0.089399 0.341952 -0.409467
v 0.058465 0.376140 -0.288568
v 0.089399 0.341952 -0.409467
v -0.110884 0.359203 -0.396060
v -0.253429 0.397930 -0.120903
v -0.461961 0.333684 -0.176576
v -0.282935 0.377225 -0.082443
v -0.171485 0.388985 -0.110246
v -0.103728 0.394466 -0.191924
v -0.253429 0.397930 -0.120903
v -0.109599 0.396360 0.263458
v -0.097287 0.337176 0.378466
v -0.055440 0.368728 0.285790
v -0.106374 0.386378 0.098609
v -0.109599 0.396360 0.263458
v -0.055440 0.368728 0.285790
v 0.753056 0.196353 -0.209450
v 0.691740 0.270171 -0.188983
v 0.748555 0.208589 -0.103110
v 0.691740 0.270171 -0.188983
v 0.753056 0.196353 -0.209450
v 0.657753 0.217743 -0.396031
v -0.838368 -0.417198 -0.025619
v -0.630578 -0.438530 -0.168621
v -0.675546 -0.449691 0.091035
v -0.838368 -0.417198 -0.025619
v -0.675546 -0.449691 0.091035
v -0.872432 -0.399109 0.107163
v 0.502904 0.311714 -0.438754
v 0.533115 0.217362 -0.564010
v 0.413225 0.248562 -0.561118
v 0.375717 0.245926 -0.605915
v 0.413225 0.248562 -0.561118
v 0.508252 0.159006 -0.622813
v 0.780221 -0.208408 0.533828
v 0.699305 -0.177941 0.647048
v 0.699705 -0.271493 0.626962
v 0.576066 -0.281142 0.731609
v 0.699705 -0.271493 0.626962
v 0.699305 -0.177941 0.647048
v 0.131874 0.399366 -0.252439
v 0.310567 0.353447 -0.398220
v 0.312308 0.357481 -0.433540
v 0.312308 0.357481 -0.433540
v 0.310567 0.353447 -0.398220
v 0.375717 0.245926 -0.605915
v 0.152950 0.397692 0.310291
v 0.301233 0.388700 0.427174
v 0.204160 0.416769 0.238176
v 0.076963 0.383495 0.162161
v 0.152950 0.397692 0.310291
v 0.204160 0.416769 0.238176
v 0.691740 0.270171 -0.188983
v 0.657753 0.217743 -0.396031
v 0.614897 0.279277 -0.298711
v 0.614897 0.279277 -0.298711
v 0.657753 0.217743 -0.396031
v 0.561365 0.333341 -0.329359
v -0.087772 0.187009 -0.796321
v -0.088580 0.022722 -0.836674
v -0.125080 0.116816 -0.758926
v -0.088580 0.022722 -0.836674
v -0.081520 0.054645 -0.714053
v -0.125080 0.116816 -0.758926
v 0.819899 0.048451 0.071986
v 0.883107 -0.064531 0.094423
v 0.815141 0.067386 -0.017807
v 0.819899 0.048451 0.071986
v 0.815141 0.067386 -0.017807
v 0.711465 0.163469 0.036847
v 0.024458 0.176533 0.697221
v -0.010433 0.207704 0.627057
v -0.033736 0.136484 0.715623
v -0.118039 0.250027 0.650721
v -0.033736 0.136484 0.715623
v -0.010433 0.207704 0.627057
v -0.019920 0.041790 0.814485
v 0.014858 0.075064 0.779089
v -0.033736 0.136484 0.715623
v 0.085897 -0.072048 0.904412
v 0.076677 0.057281 0.819918
v -0.019920 0.041790 0.814485
v -0.369760 0.031162 -0.817406
v -0.311185 0.124257 -0.751229
v -0.285438 -0.047014 -0.890463
v -0.285438 -0.047014 -0.890463
v -0.474597 -0.111165 -0.830679
v -0.369760 0.031162 -0.817406
v 0.823163 -0.105455 -0.486206
v 0.877322 -0.161604 -0.409038
v 0.846874 -0.271455 -0.451618
v 0.877322 -0.161604 -0.409038
v 0.823163 -0.105455 -0.486206
v 0.901947 -0.066310 -0.275875
v 0.465739 -0.350383 -0.790440
v 0.588807 -0.380755 -0.670684
v 0.398610 -0.390945 -0.792667
v 0.235084 -0.363847 -0.889330
v 0.465739 -0.350383 -0.790440
v 0.398610 -0.390945 -0.792667
v 0.148345 0.392382 -0.081473
v 0.242154 0.367405 -0.044088
v 0.397544 0.349821 -0.117440
v 0.242154 0.367405 -0.044088
v 0.283925 0.371668 0.055497
v 0.397544 0.349821 -0.117440
v -0.115147 0.332666 -0.044021
v -0.188888 0.359041 -0.170258
v -0.167479 0.277098 -0.120523
v -0.115147 0.332666 -0.044021
v -0.167479 0.277098 -0.120523
v -0.066353 0.263881 -0.032327
v -0.786663 0.085217 -0.108162
v -0.816359 0.033845 -0.225302
v -0.860623 -0.041333 -0.133149
v -0.816359 0.033845 -0.225302
v -0.916125 -0.182775 -0.108952
v -0.860623 -0.041333 -0.133149
v -0.582117 -0.282721 -0.729106
v -0.579862 -0.338917 -0.679333
v -0.698068 -0.269124 -0.604782
v -0.582117 -0.282721 -0.729106
v -0.525379 -0.371858 -0.717326
v -0.579862 -0.338917 -0.679333
v 0.482514 0.305062 0.091844
v 0.551859 0.259238 0.062547
v 0.565352 0.264899 -0.049369
v 0.551859 0.259238 0.062547
v 0.654441 0.248933 0.131741
v 0.643509 0.222291 -0.004429
v -0.016913 0.157627 -0.761924
v -0.046096 0.094475 -0.816759
v -0.141779 0.236792 -0.731628
v 0.040054 0.065311 -0.854248
v -0.046096 0.094475 -0.816759
v -0.016913 0.157627 -0.761924
v -0.332480 0.254081 0.606514
v -0.477709 0.241340 0.572707
v -0.170638 0.180482 0.720647
v -0.477709 0.241340 0.572707
v -0.332480 0.254081 0.606514
v -0.397420 0.347395 0.452065
v 0.546008 0.012760 -0.719144
v 0.647905 -0.111098 -0.707298
v 0.473512 -0.065844 -0.799032
v 0.546008 0.012760 -0.719144
v 0.473512 -0.065844 -0.799032
v 0.358456 0.060953 -0.765558
v 0.167184 -0.471300 0.517758
v 0.342671 -0.441975 0.676726
v 0.098467 -0.449520 0.673158
v -0.076201 -0.471633 0.429096
v 0.167184 -0.471300 0.517758
v 0.098467 -0.449520 0.673158
v 0.808519 -0.164163 0.474312
v 0.689400 0.013397 0.591280
v 0.781639 -0.126198 0.534066
v 0.808519 -0.164163 0.474312
v 0.781639 -0.126198 0.534066
v 0.809537 -0.291104 0.446604
v 0.438107 -0.273406 0.821926
v 0.378552 -0.199702 0.889321
v 0.484169 -0.395475 0.706270
v 0.438107 -0.273406 0.821926
v 0.518424 -0.166837 0.793961
v 0.378552 -0.199702 0.889321
v -0.229156 0.417854 0.202162
v -0.313441 0.400632 0.152369
v -0.429191 0.381297 0.217386
v -0.582717 0.309335 0.121560
v -0.429191 0.381297 0.217386
v -0.313441 0.400632 0.152369
v 0.533115 0.217362 -0.564010
v 0.642310 0.124000 -0.559005
v 0.508252 0.159006 -0.622813
v 0.413225 0.248562 -0.561118
v 0.533115 0.217362 -0.564010
v 0.508252 0.159006 -0.622813
v 0.708868 0.189835 -0.035877
v 0.574239 0.313978 -0.122368
v 0.565352 0.264899 -0.049369
v 0.551859 0.259238 0.062547
v 0.643509 0.222291 -0.004429
v 0.565352 0.264899 -0.049369
v -0.131722 -0.469616 -0.539861
v -0.294791 -0.460234 -0.552573
v -0.332442 -0.443592 -0.676983
v -0.131722 -0.469616 -0.539861
v -0.335382 -0.474297 -0.350663
v -0.294791 -0.460234 -0.552573
v 0.117278 0.460082 -0.385270
v 0.156290 0.421755 -0.465834
v 0.090493 0.437902 -0.524437
v 0.156290 0.421755 -0.465834
v 0.117278 0.460082 -0.385270
v 0.090445 0.465686 -0.211515
v 0.090541 0.070059 -0.807244
v 0.140152 0.170120 -0.743541
v 0.132159 0.126122 -0.693491
v 0.132159 0.126122 -0.693491
v 0.093119 0.067376 -0.717070
v 0.090541 0.070059 -0.807244
v -0.040596 -0.388034 0.842840
v -0.193684 -0.371202 0.855028
v -0.133634 -0.415295 0.802296
v -0.193684 -0.371202 0.855028
v -0.439011 -0.398120 0.731571
v -0.133634 -0.415295 0.802296
v 0.199374 0.219218 0.738183
v 0.174149 0.107454 0.796035
v 0.275561 0.085398 0.793181
v 0.174149 0.107454 0.796035
v 0.244751 -0.101031 0.919950
v 0.275561 0.085398 0.793181
v 0.925449 -0.337956 -0.065373
v 0.869634 -0.406189 -0.068123
v 0.867779 -0.393201 -0.205311
v 0.869634 -0.406189 -0.068123
v 0.756424 -0.431442 -0.099323
v 0.867779 -0.393201 -0.205311
v 0.303212 -0.415123 0.761857
v 0.342671 -0.441975 0.676726
v 0.484169 -0.395475 0.706270
v 0.342671 -0.441975 0.676726
v 0.303212 -0.415123 0.761857
v 0.098467 -0.449520 0.673158
v 0.152493 -0.045044 -0.868920
v 0.307065 -0.100508 -0.868064
v 0.166071 -0.165667 -0.920863
v 0.166071 -0.165667 -0.920863
v 0.078666 -0.050563 -0.922719
v 0.152493 -0.045044 -0.868920
v -0.320748 -0.472737 0.364051
v -0.076201 -0.471633 0.429096
v -0.451856 -0.441118 0.552801
v -0.042661 -0.498066 0.162703
v -0.076201 -0.471633 0.429096
v -0.320748 -0.472737 0.364051
v -0.091112 0.427645 -0.096640
v -0.072091 0.415066 -0.035467
v 0.001128 0.379423 0.002193
v -0.188888 0.359041 -0.170258
v -0.072091 0.415066 -0.035467
v -0.091112 0.427645 -0.096640
v 0.565352 0.264899 -0.049369
v 0.643509 0.222291 -0.004429
v 0.708868 0.189835 -0.035877
v 0.711465 0.163469 0.036847
v 0.815141 0.067386 -0.017807
v 0.708868 0.189835 -0.035877
v 0.642614 -0.392411 0.561717
v 0.775644 -0.379071 0.391055
v 0.690979 -0.347319 0.581461
v 0.690979 -0.347319 0.581461
v 0.585324 -0.347005 0.650702
v 0.642614 -0.392411 0.561717
v -0.033517 -0.017013 -0.933128
v -0.000195 -0.109556 -0.981978
v -0.065801 -0.196914 -0.998211
v -0.033517 -0.017013 -0.933128
v 0.030938 0.251074 -0.784598
v -0.000195 -0.109556 -0.981978
v -0.424006 -0.066158 0.814266
v -0.243876 -0.102078 0.876333
v -0.198422 -0.006166 0.842726
v -0.416470 -0.143906 0.841822
v -0.193313 -0.172955 0.902080
v -0.243876 -0.102078 0.876333
v -0.130551 -0.278858 -0.838958
v -0.081692 -0.337338 -0.842526
v -0.084556 -0.293435 -0.769003
v -0.130551 -0.278858 -0.838958
v -0.122292 -0.285709 -0.914155
v -0.081692 -0.337338 -0.842526
v -0.613137 0.110384 -0.586095
v -0.715661 0.004577 -0.575847
v -0.624478 0.203337 -0.429981
v -0.613137 0.110384 -0.586095
v -0.639208 0.005386 -0.669532
v -0.715661 0.004577 -0.575847
v -0.106374 0.386378 0.098609
v 0.076963 0.383495 0.162161
v 0.130447 0.390555 0.115537
v 0.130447 0.390555 0.115537
v 0.076963 0.383495 0.162161
v 0.204160 0.416769 0.238176
v -0.734159 0.189340 0.257892
v -0.674195 0.250731 0.308607
v -0.754901 0.199407 0.171152
v -0.754901 0.199407 0.171152
v -0.784665 0.130575 0.056477
v -0.734159 0.189340 0.257892
v 0.484169 -0.395475 0.706270
v 0.392063 -0.293987 0.843125
v 0.252002 -0.360916 0.863107
v 0.392063 -0.293987 0.843125
v 0.378552 -0.199702 0.889321
v 0.236473 -0.315072 0.906001
v 0.114852 0.209693 -0.703282
v 0.203332 0.102106 -0.781306
v 0.130618 0.087891 -0.799451
v 0.130618 0.087891 -0.799451
v 0.203332 0.102106 -0.781306
v 0.152493 -0.045044 -0.868920
v -0.513228 -0.068718 0.770563
v -0.416470 -0.143906 0.841822
v -0.424006 -0.066158 0.814266
v -0.243876 -0.102078 0.876333
v -0.424006 -0.066158 0.814266
v -0.416470 -0.143906 0.841822
v 0.236473 -0.315072 0.906001
v 0.020557 -0.414467 0.833658
v 0.252002 -0.360916 0.863107
v 0.392063 -0.293987 0.843125
v 0.236473 -0.315072 0.906001
v 0.252002 -0.360916 0.863107
v -0.411731 0.203118 -0.656858
v -0.311185 0.124257 -0.751229
v -0.468821 0.100479 -0.726375
v -0.411731 0.203118 -0.656858
v -0.283658 0.215583 -0.719525
v -0.311185 0.124257 -0.751229
v -0.288378 0.405875 -0.324069
v -0.366173 0.370279 -0.374451
v -0.394404 0.374465 -0.360293
v -0.366173 0.370279 -0.374451
v -0.554876 0.300134 -0.331262
v -0.394404 0.374465 -0.360293
v 0.653928 0.162708 0.436527
v 0.773589 0.049650 0.383738
v 0.624564 0.251379 0.316695
v 0.653928 0.162708 0.436527
v 0.689400 0.013397 0.591280
v 0.773589 0.049650 0.383738
v -0.396164 -0.376083 -0.817939
v -0.173664 -0.373742 -0.921805
v -0.324564 -0.402383 -0.802229
v -0.396164 -0.376083 -0.817939
v -0.324564 -0.402383 -0.802229
v -0.429610 -0.415256 -0.701332
v 0.020557 -0.414467 0.833658
v -0.040596 -0.388034 0.842840
v -0.133634 -0.415295 0.802296
v 0.094223 -0.303835 0.918665
v -0.040596 -0.388034 0.842840
v 0.020557 -0.414467 0.833658
v -0.182523 0.331210 0.477956
v -0.111017 0.303045 0.474350
v -0.097287 0.337176 0.378466
v -0.111017 0.303045 0.474350
v 0.006960 0.254576 0.533124
v -0.097287 0.337176 0.378466
v -0.806216 0.093742 0.182998
v -0.824999 0.036957 0.283126
v -0.734159 0.189340 0.257892
v -0.923232 -0.103505 0.235569
v -0.824999 0.036957 0.283126
v -0.806216 0.093742 0.182998
v 0.011442 0.383019 0.003135
v -0.106374 0.386378 0.098609
v 0.130447 0.390555 0.115537
v -0.106374 0.386378 0.098609
v 0.011442 0.383019 0.003135
v -0.123767 0.390251 -0.000785
v -0.123767 0.390251 -0.000785
v -0.299225 0.354588 0.095079
v -0.217786 0.385436 0.097734
v -0.123767 0.390251 -0.000785
v -0.217786 0.385436 0.097734
v -0.106374 0.386378 0.098609
v 0.164378 0.307261 -0.105917
v 0.096840 0.274196 -0.043270
v 0.141284 0.233861 -0.128582
v 0.210878 0.360688 0.493561
v 0.309435 0.333180 0.573849
v 0.301233 0.388700 0.427174
v 0.210878 0.360688 0.493561
v 0.301233 0.388700 0.427174
v 0.152950 0.397692 0.310291
v 0.865057 -0.395960 0.129952
v 0.892185 -0.296394 0.179202
v 0.881452 -0.339012 0.237215
v 0.873431 -0.200083 0.338617
v 0.881452 -0.339012 0.237215
v 0.892185 -0.296394 0.179202
v -0.288378 0.405875 -0.324069
v -0.405461 0.364227 -0.401407
v -0.366173 0.370279 -0.374451
v -0.366173 0.370279 -0.374451
v -0.478070 0.332713 -0.377258
v -0.554876 0.300134 -0.331262
v -0.282935 0.377225 -0.082443
v -0.299225 0.354588 0.095079
v -0.171485 0.388985 -0.110246
v -0.171485 0.388985 -0.110246
v -0.253429 0.397930 -0.120903
v -0.282935 0.377225 -0.082443
v 0.904307 -0.148492 0.192028
v 0.917600 -0.203156 0.114500
v 0.848853 -0.031714 0.225712
v 0.873431 -0.200083 0.338617
v 0.917600 -0.203156 0.114500
v 0.904307 -0.148492 0.192028
v 0.545009 0.250018 0.524313
v 0.508081 0.176704 0.641558
v 0.580490 0.101783 0.638094
v 0.508081 0.176704 0.641558
v 0.489022 -0.043845 0.799784
v 0.580490 0.101783 0.638094
v 0.087914 0.249276 -0.662929
v 0.238528 0.292959 -0.572279
v 0.375717 0.245926 -0.605915
v -0.041633 0.232967 -0.661825
v 0.238528 0.292959 -0.572279
v 0.087914 0.249276 -0.662929
v -0.131722 -0.469616 -0.539861
v 0.018226 -0.498104 -0.144662
v -0.135861 -0.498742 -0.069636
v 0.018226 -0.498104 -0.144662
v -0.042661 -0.498066 0.162703
v -0.135861 -0.498742 -0.069636
v 0.232696 0.236792 -0.419267
v 0.209860 0.252568 -0.235122
v 0.192390 0.195801 -0.291118
v 0.192390 0.195801 -0.291118
v 0.209860 0.252568 -0.235122
v 0.141284 0.233861 -0.128582
v 0.883107 -0.064531 0.094423
v 0.792867 0.082391 0.199155
v 0.848853 -0.031714 0.225712
v 0.883107 -0.064531 0.094423
v 0.848853 -0.031714 0.225712
v 0.917600 -0.203156 0.114500
v -0.091112 -0.099337 -0.926639
v -0.065801 -0.196914 -0.998211
v -0.126650 -0.172327 -0.906362
v -0.126650 -0.172327 -0.906362
v -0.097287 -0.038879 -0.828710
v -0.091112 -0.099337 -0.926639
v 0.221601 0.417150 -0.216197
v 0.290671 0.387786 -0.342338
v 0.131874 0.399366 -0.252439
v 0.112949 0.391983 -0.148164
v 0.221601 0.417150 -0.216197
v 0.131874 0.399366 -0.252439
v 0.131874 0.399366 -0.252439
v 0.290671 0.387786 -0.342338
v 0.310567 0.353447 -0.398220
v 0.420238 0.344398 -0.438830
v 0.310567 0.353447 -0.398220
v 0.290671 0.387786 -0.342338
v -0.076420 0.483156 -0.291118
v -0.123796 0.454934 -0.262288
v -0.036124 0.482623 -0.185082
v -0.095612 0.460796 -0.427678
v -0.123796 0.454934 -0.262288
v -0.076420 0.483156 -0.291118
v 0.892185 -0.296394 0.179202
v 0.920892 -0.312056 0.055877
v 0.940845 -0.243138 0.029425
v 0.865057 -0.395960 0.129952
v 0.920892 -0.312056 0.055877
v 0.892185 -0.296394 0.179202
v 0.255627 -0.481129 -0.310900
v 0.541621 -0.460586 -0.307579
v 0.537045 -0.469911 -0.163274
v 0.537045 -0.469911 -0.163274
v 0.541621 -0.460586 -0.307579
v 0.677182 -0.439606 -0.365022
v -0.223647 0.266384 -0.529299
v -0.160001 0.246450 -0.696574
v -0.194236 0.195420 -0.622947
v -0.223647 0.266384 -0.529299
v -0.194236 0.195420 -0.622947
v -0.237425 0.255365 -0.418905
v 0.745129 0.157512 0.142721
v 0.792867 0.082391 0.199155
v 0.883107 -0.064531 0.094423
v 0.745129 0.157512 0.142721
v 0.624564 0.251379 0.316695
v 0.792867 0.082391 0.199155
v 0.812753 -0.419082 0.068199
v 0.756424 -0.431442 -0.099323
v 0.869634 -0.406189 -0.068123
v 0.756424 -0.431442 -0.099323
v 0.812753 -0.419082 0.068199
v 0.627029 -0.438616 0.160724
v 0.014858 0.075064 0.779089
v 0.076677 0.057281 0.819918
v 0.085935 0.183384 0.763598
v 0.014858 0.075064 0.779089
v -0.019920 0.041790 0.814485
v 0.076677 0.057281 0.819918
v 0.309244 -0.458626 0.548805
v 0.167184 -0.471300 0.517758
v 0.372462 -0.471186 0.334659
v 0.342671 -0.441975 0.676726
v 0.167184 -0.471300 0.517758
v 0.309244 -0.458626 0.548805
v -0.167479 0.277098 -0.120523
v -0.215768 0.262692 -0.254523
v -0.189745 0.207476 -0.265932
v -0.189745 0.207476 -0.265932
v -0.215768 0.262692 -0.254523
v -0.209650 0.189864 -0.414928
v 0.027427 0.305338 0.001984
v 0.001128 0.379423 0.002193
v -0.031195 0.341496 0.003326
v -0.158916 0.418606 -0.454596
v -0.123796 0.454934 -0.262288
v -0.095612 0.460796 -0.427678
v -0.095612 0.460796 -0.427678
v -0.048246 0.403401 -0.613013
v -0.158916 0.418606 -0.454596
v 0.940303 -0.150414 -0.205787
v 0.940845 -0.243138 0.029425
v 0.948124 -0.219541 -0.150133
v 0.940303 -0.150414 -0.205787
v 0.948124 -0.219541 -0.150133
v 0.920207 -0.217486 -0.296218
v -0.765663 0.128082 -0.169877
v -0.653966 0.249028 -0.119181
v -0.682254 0.214803 -0.200297
v -0.765663 0.128082 -0.169877
v -0.682254 0.214803 -0.200297
v -0.624478 0.203337 -0.429981
v -0.687078 -0.028498 0.638466
v -0.628465 0.123001 0.567835
v -0.621976 0.197837 0.508671
v -0.628465 0.123001 0.567835
v -0.477709 0.241340 0.572707
v -0.621976 0.197837 0.508671
v 0.104547 0.310458 -0.507843
v 0.238528 0.292959 -0.572279
v -0.041633 0.232967 -0.661825
v -0.041633 0.232967 -0.661825
v -0.106174 0.303312 -0.586551
v -0.062338 0.283359 -0.562868
v -0.439011 -0.398120 0.731571
v -0.233248 -0.422678 0.702749
v -0.133634 -0.415295 0.802296
v -0.133634 -0.415295 0.802296
v -0.233248 -0.422678 0.702749
v 0.098467 -0.449520 0.673158
v 0.450829 0.372905 -0.223457
v 0.691740 0.270171 -0.188983
v 0.493123 0.355121 -0.279738
v 0.493123 0.355121 -0.279738
v 0.348161 0.401574 -0.272031
v 0.450829 0.372905 -0.223457
v 0.911063 -0.290143 -0.264638
v 0.846874 -0.271455 -0.451618
v 0.920207 -0.217486 -0.296218
v 0.948124 -0.219541 -0.150133
v 0.911063 -0.290143 -0.264638
v 0.920207 -0.217486 -0.296218
v 0.073594 0.011856 -0.749640
v 0.090969 -0.012836 -0.814466
v 0.093119 0.067376 -0.717070
v -0.109599 0.396360 0.263458
v -0.229156 0.417854 0.202162
v -0.169601 0.380403 0.315277
v -0.109599 0.396360 0.263458
v -0.169601 0.380403 0.315277
v -0.097287 0.337176 0.378466
v 0.204160 0.416769 0.238176
v 0.334431 0.381554 0.198651
v 0.266503 0.397977 0.113053
v 0.266503 0.397977 0.113053
v 0.334431 0.381554 0.198651
v 0.283925 0.371668 0.055497
v 0.164378 0.307261 -0.105917
v 0.106374 0.418682 -0.082386
v 0.107810 0.336653 -0.038179
v 0.164378 0.307261 -0.105917
v 0.107810 0.336653 -0.038179
v 0.096840 0.274196 -0.043270
v -0.744949 -0.380165 -0.450990
v -0.698068 -0.269124 -0.604782
v -0.668143 -0.330268 -0.569900
v -0.668143 -0.330268 -0.569900
v -0.698068 -0.269124 -0.604782
v -0.579862 -0.338917 -0.679333
v 0.206948 0.371069 -0.310624
v 0.233314 0.330610 -0.366183
v 0.156290 0.421755 -0.465834
v 0.232696 0.283787 -0.326705
v 0.233314 0.330610 -0.366183
v 0.206948 0.371069 -0.310624
v 0.227634 0.299658 0.640645
v 0.168640 0.260684 0.705071
v 0.199374 0.219218 0.738183
v 0.168640 0.260684 0.705071
v 0.085935 0.183384 0.763598
v 0.199374 0.219218 0.738183
v -0.381140 0.345777 0.101959
v -0.313441 0.400632 0.152369
v -0.299225 0.354588 0.095079
v -0.381140 0.345777 0.101959
v -0.299225 0.354588 0.095079
v -0.282935 0.377225 -0.082443
v 0.534380 0.304396 0.150152
v 0.654441 0.248933 0.131741
v 0.551859 0.259238 0.062547
v 0.534380 0.304396 0.150152
v 0.484046 0.337766 0.303707
v 0.654441 0.248933 0.131741
v -0.883536 -0.185810 0.391455
v -0.923232 -0.103505 0.235569
v -0.919379 -0.217162 0.287160
v -0.919379 -0.217162 0.287160
v -0.846503 -0.275785 0.443949
v -0.883536 -0.185810 0.391455
v -0.800650 0.123810 0.122311
v -0.784665 0.130575 0.056477
v -0.818405 0.059108 0.013240
v -0.734159 0.189340 0.257892
v -0.784665 0.130575 0.056477
v -0.800650 0.123810 0.122311
v -0.545475 -0.443021 -0.447375
v -0.335382 -0.474297 -0.350663
v -0.317637 -0.483575 -0.125432
v -0.335382 -0.474297 -0.350663
v -0.135861 -0.498742 -0.069636
v -0.317637 -0.483575 -0.125432
v 0.067619 -0.284938 -0.981103
v 0.007484 -0.178293 -0.982530
v 0.103966 -0.232482 -0.972264
v 0.103966 -0.232482 -0.972264
v 0.237672 -0.242406 -0.905487
v 0.067619 -0.284938 -0.981103
v -0.071853 -0.002816 -0.758812
v -0.097287 -0.038879 -0.828710
v -0.073509 -0.071905 -0.758917
v 0.100189 0.320810 0.419514
v 0.092881 0.349032 0.312261
v -0.055440 0.368728 0.285790
v 0.152950 0.397692 0.310291
v 0.092881 0.349032 0.312261
v 0.100189 0.320810 0.419514
v 0.669694 -0.450805 -0.068704
v 0.627029 -0.438616 0.160724
v 0.420618 -0.472509 0.079218
v 0.420618 -0.472509 0.079218
v 0.627029 -0.438616 0.160724
v 0.588597 -0.435666 0.447584
v -0.019920 0.041790 0.814485
v -0.220897 0.006936 0.819214
v -0.198422 -0.006166 0.842726
v -0.198422 -0.006166 0.842726
v -0.220897 0.006936 0.819214
v -0.424006 -0.066158 0.814266
v -0.206767 0.418986 -0.242515
v -0.156480 0.403639 -0.304763
v -0.288378 0.405875 -0.324069
v -0.156480 0.403639 -0.304763
v -0.206767 0.418986 -0.242515
v -0.103728 0.394466 -0.191924
v 0.810574 -0.090726 0.449972
v 0.873431 -0.200083 0.338617
v 0.856532 -0.098700 0.328684
v 0.810574 -0.090726 0.449972
v 0.856532 -0.098700 0.328684
v 0.773589 0.049650 0.383738
v 0.748555 0.208589 -0.103110
v 0.815141 0.067386 -0.017807
v 0.798804 0.125818 -0.092120
v 0.753056 0.196353 -0.209450
v 0.748555 0.208589 -0.103110
v 0.798804 0.125818 -0.092120
v 0.781639 -0.126198 0.534066
v 0.780221 -0.208408 0.533828
v 0.809537 -0.291104 0.446604
v 0.780221 -0.208408 0.533828
v 0.781639 -0.126198 0.534066
v 0.699305 -0.177941 0.647048
v -0.309187 0.355131 0.453531
v -0.397420 0.347395 0.452065
v -0.332480 0.254081 0.606514
v -0.309187 0.355131 0.453531
v -0.334764 0.400004 0.294315
v -0.397420 0.347395 0.452065
v -0.283658 0.215583 -0.719525
v -0.141779 0.236792 -0.731628
v -0.177851 0.173745 -0.771724
v -0.141779 0.236792 -0.731628
v -0.046096 0.094475 -0.816759
v -0.177851 0.173745 -0.771724
v 0.669694 -0.450805 -0.068704
v 0.756424 -0.431442 -0.099323
v 0.627029 -0.438616 0.160724
v 0.756424 -0.431442 -0.099323
v 0.669694 -0.450805 -0.068704
v 0.677182 -0.439606 -0.365022
v 0.057932 0.255746 0.560870
v 0.006960 0.254576 0.533124
v 0.024458 0.176533 0.697221
v 0.100189 0.320810 0.419514
v 0.006960 0.254576 0.533124
v 0.057932 0.255746 0.560870
v 0.073956 -0.337880 -0.925840
v 0.026152 -0.366758 -0.906143
v 0.007522 -0.315101 -0.984100
v 0.073956 -0.337880 -0.925840
v 0.082976 -0.335891 -0.839386
v 0.026152 -0.366758 -0.906143
v -0.916125 -0.182775 -0.108952
v -0.894240 -0.137873 -0.228985
v -0.941121 -0.256203 -0.051681
v -0.908180 -0.081401 0.000918
v -0.916125 -0.182775 -0.108952
v -0.941121 -0.256203 -0.051681
v -0.173664 -0.373742 -0.921805
v -0.120703 -0.394409 -0.909616
v -0.324564 -0.402383 -0.802229
v 0.016276 -0.366159 -0.954033
v -0.120703 -0.394409 -0.909616
v -0.173664 -0.373742 -0.921805
v 0.578483 -0.286080 -0.743512
v 0.465739 -0.350383 -0.790440
v 0.575086 -0.217257 -0.761258
v 0.575086 -0.217257 -0.761258
v 0.671255 -0.262825 -0.658990
v 0.578483 -0.286080 -0.743512
v -0.561479 -0.289715 0.749240
v -0.490906 -0.340763 0.760220
v -0.268910 -0.315358 0.884097
v -0.561479 -0.289715 0.749240
v -0.591233 -0.378367 0.640911
v -0.490906 -0.340763 0.760220
v -0.019920 0.041790 0.814485
v -0.177965 0.037680 0.821907
v -0.220897 0.006936 0.819214
v -0.220897 0.006936 0.819214
v -0.177965 0.037680 0.821907
v -0.321871 0.050411 0.781620
v -0.131722 -0.469616 -0.539861
v 0.082367 -0.472746 -0.417383
v 0.255627 -0.481129 -0.310900
v 0.255627 -0.481129 -0.310900
v 0.082367 -0.472746 -0.417383
v 0.457974 -0.442346 -0.547359
v -0.731704 -0.098690 -0.604687
v -0.612176 -0.115437 -0.727764
v -0.611833 -0.189531 -0.723264
v -0.612176 -0.115437 -0.727764
v -0.474597 -0.111165 -0.830679
v -0.611833 -0.189531 -0.723264
v 0.087914 0.249276 -0.662929
v 0.114852 0.209693 -0.703282
v -0.041633 0.232967 -0.661825
v 0.087914 0.249276 -0.662929
v 0.375717 0.245926 -0.605915
v 0.114852 0.209693 -0.703282
v 0.814628 0.028621 -0.387924
v 0.642310 0.124000 -0.559005
v 0.617628 0.200406 -0.511887
v 0.533115 0.217362 -0.564010
v 0.617628 0.200406 -0.511887
v 0.642310 0.124000 -0.559005
v -0.517044 -0.470996 0.173207
v -0.320748 -0.472737 0.364051
v -0.543829 -0.460091 0.302041
v -0.543829 -0.460091 0.302041
v -0.678790 -0.438445 0.365669
v -0.517044 -0.470996 0.173207
v -0.546065 0.266003 -0.065897
v -0.565123 0.261198 0.045963
v -0.487899 0.302294 -0.078751
v -0.546065 0.266003 -0.065897
v -0.653966 0.249028 -0.119181
v -0.644489 0.222243 -0.001461
v -0.925040 -0.323550 0.079693
v -0.880310 -0.361192 0.206967
v -0.910035 -0.297774 0.244609
v -0.846503 -0.275785 0.443949
v -0.910035 -0.297774 0.244609
v -0.880310 -0.361192 0.206967
v -0.480582 0.043931 0.728164
v -0.628465 0.123001 0.567835
v -0.562754 -0.001037 0.719486
v -0.562754 -0.001037 0.719486
v -0.220897 0.006936 0.819214
v -0.480582 0.043931 0.728164
v 0.199374 0.219218 0.738183
v 0.275561 0.085398 0.793181
v 0.321576 0.128196 0.736461
v 0.376544 0.014396 0.823619
v 0.321576 0.128196 0.736461
v 0.275561 0.085398 0.793181
v -0.565123 0.261198 0.045963
v -0.546065 0.266003 -0.065897
v -0.644489 0.222243 -0.001461
v -0.704900 0.190787 0.031138
v -0.565123 0.261198 0.045963
v -0.644489 0.222243 -0.001461
v 0.106374 0.418682 -0.082386
v 0.001128 0.379423 0.002193
v 0.052119 0.393220 -0.012517
v 0.052119 0.393220 -0.012517
v 0.001128 0.379423 0.002193
v 0.027427 0.305338 0.001984
v 0.085583 0.275471 -0.743255
v 0.110256 0.217229 -0.778194
v 0.030938 0.251074 -0.784598
v -0.429610 -0.415256 -0.701332
v -0.324564 -0.402383 -0.802229
v -0.332442 -0.443592 -0.676983
v -0.429610 -0.415256 -0.701332
v -0.332442 -0.443592 -0.676983
v -0.487566 -0.421898 -0.585410
v -0.720742 0.157303 -0.036571
v -0.818405 0.059108 0.013240
v -0.704900 0.190787 0.031138
v -0.720742 0.157303 -0.036571
v -0.704900 0.190787 0.031138
v -0.644489 0.222243 -0.001461
v 0.178317 0.344445 -0.549243
v 0.140228 0.374589 -0.584572
v 0.156290 0.421755 -0.465834
v 0.085583 0.275471 -0.743255
v 0.140228 0.374589 -0.584572
v 0.178317 0.344445 -0.549243
v -0.721447 0.230246 0.112834
v -0.680893 0.277573 0.196215
v -0.582717 0.309335 0.121560
v -0.680893 0.277573 0.196215
v -0.721447 0.230246 0.112834
v -0.754901 0.199407 0.171152
v -0.405632 -0.156599 -0.877922
v -0.474597 -0.111165 -0.830679
v -0.285438 -0.047014 -0.890463
v -0.405632 -0.156599 -0.877922
v -0.458184 -0.264490 -0.842564
v -0.474597 -0.111165 -0.830679
v 0.106374 0.418682 -0.082386
v 0.090445 0.465686 -0.211515
v 0.031918 0.477199 -0.169487
v 0.017389 0.498199 -0.314107
v 0.031918 0.477199 -0.169487
v 0.090445 0.465686 -0.211515
v 0.391797 0.338242 0.091007
v 0.482514 0.305062 0.091844
v 0.565352 0.264899 -0.049369
v 0.391797 0.338242 0.091007
v 0.334431 0.381554 0.198651
v 0.482514 0.305062 0.091844
v 0.209860 0.252568 -0.235122
v 0.232696 0.236792 -0.419267
v 0.232696 0.283787 -0.326705
v 0.232696 0.283787 -0.326705
v 0.232696 0.236792 -0.419267
v 0.233314 0.330610 -0.366183
v -0.062338 0.283359 -0.562868
v 0.089399 0.341952 -0.409467
v 0.104547 0.310458 -0.507843
v -0.062338 0.283359 -0.562868
v 0.104547 0.310458 -0.507843
v -0.041633 0.232967 -0.661825
v 0.489022 -0.043845 0.799784
v 0.441751 -0.126084 0.854258
v 0.518424 -0.166837 0.793961
v 0.441751 -0.126084 0.854258
v 0.378552 -0.199702 0.889321
v 0.518424 -0.166837 0.793961
v 0.239670 -0.489065 0.158792
v -0.042661 -0.498066 0.162703
v 0.159487 -0.497410 -0.023374
v 0.537045 -0.469911 -0.163274
v 0.239670 -0.489065 0.158792
v 0.159487 -0.497410 -0.023374
v 0.137497 -0.395665 -0.905306
v 0.257235 -0.441099 -0.599568
v 0.031804 -0.419985 -0.821583
v -0.120703 -0.394409 -0.909616
v 0.137497 -0.395665 -0.905306
v 0.031804 -0.419985 -0.821583
v 0.031918 0.477199 -0.169487
v -0.036124 0.482623 -0.185082
v -0.037180 0.449330 -0.097924
v -0.037180 0.449330 -0.097924
v -0.036124 0.482623 -0.185082
v -0.091112 0.427645 -0.096640
v 0.210878 0.360688 0.493561
v 0.227634 0.299658 0.640645
v 0.309435 0.333180 0.573849
v 0.309435 0.333180 0.573849
v 0.290100 0.298326 0.627343
v 0.545009 0.250018 0.524313
v -0.744949 -0.380165 -0.450990
v -0.791420 -0.395713 -0.342804
v -0.793656 -0.353095 -0.431580
v -0.698068 -0.269124 -0.604782
v -0.744949 -0.380165 -0.450990
v -0.793656 -0.353095 -0.431580
v 0.082367 -0.472746 -0.417383
v 0.142959 -0.437978 -0.627780
v 0.257235 -0.441099 -0.599568
v 0.257235 -0.441099 -0.599568
v 0.142959 -0.437978 -0.627780
v 0.031804 -0.419985 -0.821583
v 0.654441 0.248933 0.131741
v 0.711465 0.163469 0.036847
v 0.643509 0.222291 -0.004429
v 0.643509 0.222291 -0.004429
v 0.711465 0.163469 0.036847
v 0.708868 0.189835 -0.035877
v 0.290100 0.298326 0.627343
v 0.309435 0.333180 0.573849
v 0.227634 0.299658 0.640645
v 0.290100 0.298326 0.627343
v 0.227634 0.299658 0.640645
v 0.508081 0.176704 0.641558
v -0.507491 0.287307 -0.493599
v -0.478070 0.332713 -0.377258
v -0.405461 0.364227 -0.401407
v -0.478070 0.332713 -0.377258
v -0.366173 0.370279 -0.374451
v -0.405461 0.364227 -0.401407
v -0.849158 -0.161680 -0.411474
v -0.833515 -0.097387 -0.416584
v -0.731704 -0.098690 -0.604687
v -0.833515 -0.097387 -0.416584
v -0.849158 -0.161680 -0.411474
v -0.873944 -0.247582 -0.348884
v -0.532458 0.142050 -0.657353
v -0.531136 0.225773 -0.580167
v -0.468821 0.100479 -0.726375
v -0.639208 0.005386 -0.669532
v -0.532458 0.142050 -0.657353
v -0.468821 0.100479 -0.726375
v 0.178317 0.344445 -0.549243
v 0.110256 0.217229 -0.778194
v 0.085583 0.275471 -0.743255
v -0.303478 0.490188 0.057162
v -0.133844 0.471138 0.049797
v -0.294448 0.495659 -0.030405
v -0.313364 0.359222 -0.216216
v -0.383747 0.458759 -0.120884
v -0.130704 0.393905 -0.155338
v -0.642015 0.130337 0.141313
v -0.404557 0.133630 0.139505
v -0.404785 0.189493 0.206881
v -0.799403 0.069308 0.100360
v -0.669038 0.187799 0.173636
v -0.756490 0.221320 0.114319
v -0.754416 0.141936 -0.128106
v -0.753360 0.220436 -0.126079
v -0.622547 0.217400 -0.195168
v -0.148088 0.216782 0.135547
v -0.063936 0.277716 0.122597
v -0.167755 0.266032 0.185558
v -0.598788 0.409880 0.048284
v -0.416432 0.465753 0.089561
v -0.427631 0.481824 -0.034487
v -0.622547 0.217400 -0.195168
v -0.753360 0.220436 -0.126079
v -0.548510 0.346719 -0.176395
v -0.364413 0.386416 0.201039
v -0.314906 0.325663 0.225797
v -0.148211 0.356073 0.183788
v -0.615220 0.367500 0.113053
v -0.517786 0.336348 0.209441
v -0.429353 0.415666 0.167613
v -0.904240 0.030239 0.035905
v -0.745567 0.294187 0.045097
v -0.783827 0.246317 -0.068837
v -0.783827 0.246317 -0.068837
v -0.861822 0.090108 -0.041890
v -0.904240 0.030239 0.035905
v -0.642015 0.130337 0.141313
v -0.607361 0.093181 0.079855
v -0.404557 0.133630 0.139505
v -0.798956 -0.220664 -0.143730
v -0.877418 -0.200911 -0.144624
v -0.804694 -0.058537 -0.102130
v -0.756490 0.221320 0.114319
v -0.904240 0.030239 0.035905
v -0.799403 0.069308 0.100360
v -0.819623 -0.216877 0.144263
v -0.849928 -0.004444 0.088162
v -0.909845 -0.206039 0.130494
v -0.884849 -0.286936 -0.128991
v -0.786101 -0.290181 -0.108952
v -0.853021 -0.340934 -0.083528
v -0.294448 0.495659 -0.030405
v -0.133844 0.471138 0.049797
v -0.163141 0.470006 -0.068894
v -0.971598 -0.324521 -0.004401
v -0.915839 -0.358299 0.051253
v -0.966726 -0.299411 0.070112
v -0.861822 0.090108 -0.041890
v -0.917818 -0.126113 -0.112111
v -0.976755 -0.145657 -0.049654
v -0.819623 -0.216877 0.144263
v -0.909845 -0.206039 0.130494
v -0.905135 -0.287431 0.121674
v -0.747670 -0.065302 -0.060473
v -0.747242 -0.205678 -0.115898
v -0.804694 -0.058537 -0.102130
v -0.754416 0.141936 -0.128106
v -0.457118 0.210302 -0.226349
v -0.681816 0.116084 -0.125252
v -0.979847 -0.109395 -0.002973
v -1.000000 -0.253101 -0.021918
v -0.994262 -0.223271 0.063413
v -0.849928 -0.004444 0.088162
v -0.963300 -0.093162 0.048855
v -0.933651 -0.128805 0.096307
v 0.005495 0.307689 0.038769
v 0.004477 0.379623 -0.004268
v -0.037285 0.408501 0.074175
v -0.167755 0.266032 0.185558
v -0.063936 0.277716 0.122597
v -0.148211 0.356073 0.183788
v -0.364413 0.386416 0.201039
v -0.517786 0.336348 0.209441
v -0.314906 0.325663 0.225797
v -0.571537 0.218133 0.212828
v -0.642015 0.130337 0.141313
v -0.404785 0.189493 0.206881
v -0.478584 0.427331 -0.149439
v -0.359855 0.325881 -0.235683
v -0.462799 0.295823 -0.232077
v -0.622547 0.217400 -0.195168
v -0.457118 0.210302 -0.226349
v -0.754416 0.141936 -0.128106
v -0.065801 0.311476 -0.144424
v -0.216549 0.338470 -0.211391
v -0.130704 0.393905 -0.155338
v -0.133844 0.471138 0.049797
v -0.027751 0.397359 -0.074584
v -0.163141 0.470006 -0.068894
v -0.462799 0.295823 -0.232077
v -0.359855 0.325881 -0.235683
v -0.457118 0.210302 -0.226349
v -0.065801 0.311476 -0.144424
v -0.176947 0.243776 -0.187680
v -0.216549 0.338470 -0.211391
v -0.745567 0.294187 0.045097
v -0.652700 0.373485 -0.029321
v -0.783827 0.246317 -0.068837
v -0.615220 0.367500 0.113053
v -0.756490 0.221320 0.114319
v -0.627971 0.293778 0.177470
v -0.917818 -0.126113 -0.112111
v -0.955622 -0.253596 -0.088057
v -0.976755 -0.145657 -0.049654
v -0.884849 -0.286936 -0.128991
v -0.853021 -0.340934 -0.083528
v -0.939646 -0.329783 -0.070997
v -0.163141 0.470006 -0.068894
v -0.383747 0.458759 -0.120884
v -0.294448 0.495659 -0.030405
v -0.427631 0.481824 -0.034487
v -0.478584 0.427331 -0.149439
v -0.567550 0.418606 -0.072985
v -0.133844 0.471138 0.049797
v -0.256997 0.454011 0.122682
v -0.148211 0.356073 0.183788
v -0.148211 0.356073 0.183788
v -0.046667 0.341125 0.114985
v -0.037285 0.408501 0.074175
v -0.760287 0.024359 -0.083709
v -0.754416 0.141936 -0.128106
v -0.681816 0.116084 -0.125252
v -0.917818 -0.126113 -0.112111
v -0.817682 0.061030 -0.089989
v -0.804694 -0.058537 -0.102130
v -0.262659 0.160681 0.131779
v -0.148088 0.216782 0.135547
v -0.304144 0.189759 0.188394
v -0.900177 -0.366520 -0.028502
v -0.915839 -0.358299 0.051253
v -0.971598 -0.324521 -0.004401
v -0.176947 0.243776 -0.187680
v -0.322052 0.194897 -0.200516
v -0.318255 0.271075 -0.233628
v -0.799403 0.069308 0.100360
v -0.721799 0.065911 0.090398
v -0.669038 0.187799 0.173636
v -0.784855 -0.019259 0.078628
v -0.849928 -0.004444 0.088162
v -0.819623 -0.216877 0.144263
v -0.799403 0.069308 0.100360
v -0.784855 -0.019259 0.078628
v -0.721799 0.065911 0.090398
v -0.409191 0.258515 0.236112
v -0.517786 0.336348 0.209441
v -0.571537 0.218133 0.212828
v -0.756490 0.221320 0.114319
v -0.669038 0.187799 0.173636
v -0.627971 0.293778 0.177470
v -0.804694 -0.058537 -0.102130
v -0.877418 -0.200911 -0.144624
v -0.917818 -0.126113 -0.112111
v -0.955622 -0.253596 -0.088057
v -0.917818 -0.126113 -0.112111
v -0.877418 -0.200911 -0.144624
v -0.383747 0.458759 -0.120884
v -0.163141 0.470006 -0.068894
v -0.130704 0.393905 -0.155338
v -0.027751 0.397359 -0.074584
v -0.130704 0.393905 -0.155338
v -0.163141 0.470006 -0.068894
v -0.861822 0.090108 -0.041890
v -0.979847 -0.109395 -0.002973
v -0.904240 0.030239 0.035905
v -0.979847 -0.109395 -0.002973
v -0.994262 -0.223271 0.063413
v -0.963300 -0.093162 0.048855
v -0.615220 0.367500 0.113053
v -0.745567 0.294187 0.045097
v -0.756490 0.221320 0.114319
v -0.745567 0.294187 0.045097
v -0.904240 0.030239 0.035905
v -0.756490 0.221320 0.114319
v -0.743293 -0.217819 0.114566
v -0.840328 -0.301428 0.116146
v -0.803495 -0.334626 0.067162
v -0.915839 -0.358299 0.051253
v -0.827425 -0.364199 -0.009996
v -0.803495 -0.334626 0.067162
v -0.745567 0.294187 0.045097
v -0.598788 0.409880 0.048284
v -0.652700 0.373485 -0.029321
v -0.598788 0.409880 0.048284
v -0.427631 0.481824 -0.034487
v -0.567550 0.418606 -0.072985
v -0.933651 -0.128805 0.096307
v -0.963300 -0.093162 0.048855
v -0.994262 -0.223271 0.063413
v -0.966726 -0.299411 0.070112
v -0.905135 -0.287431 0.121674
v -0.909845 -0.206039 0.130494
v -0.148211 0.356073 0.183788
v -0.314906 0.325663 0.225797
v -0.282212 0.261208 0.219926
v -0.404785 0.189493 0.206881
v -0.409191 0.258515 0.236112
v -0.571537 0.218133 0.212828
v -0.065801 0.311476 -0.144424
v -0.130704 0.393905 -0.155338
v -0.027751 0.397359 -0.074584
v 0.005495 0.307689 0.038769
v -0.002193 0.301104 -0.054098
v 0.004477 0.379623 -0.004268
v -0.148211 0.356073 0.183788
v -0.037285 0.408501 0.074175
v -0.133844 0.471138 0.049797
v 0.004477 0.379623 -0.004268
v -0.133844 0.471138 0.049797
v -0.037285 0.408501 0.074175
v -0.148088 0.216782 0.135547
v -0.167755 0.266032 0.185558
v -0.304144 0.189759 0.188394
v -0.282212 0.261208 0.219926
v -0.409191 0.258515 0.236112
v -0.404785 0.189493 0.206881
v -0.148211 0.356073 0.183788
v -0.256997 0.454011 0.122682
v -0.364413 0.386416 0.201039
v -0.615220 0.367500 0.113053
v -0.429353 0.415666 0.167613
v -0.416432 0.465753 0.089561
v -0.915839 -0.358299 0.051253
v -0.905135 -0.287431 0.121674
v -0.966726 -0.299411 0.070112
v -0.803495 -0.334626 0.067162
v -0.840328 -0.301428 0.116146
v -0.915839 -0.358299 0.051253
v -0.462799 0.295823 -0.232077
v -0.548510 0.346719 -0.176395
v -0.478584 0.427331 -0.149439
v -0.478584 0.427331 -0.149439
v -0.580652 0.374741 -0.141675
v -0.567550 0.418606 -0.072985
v -0.760287 0.024359 -0.083709
v -0.747670 -0.065302 -0.060473
v -0.804694 -0.058537 -0.102130
v -0.804694 -0.058537 -0.102130
v -0.817682 0.061030 -0.089989
v -0.760287 0.024359 -0.083709
v -0.462799 0.295823 -0.232077
v -0.622547 0.217400 -0.195168
v -0.548510 0.346719 -0.176395
v -0.462799 0.295823 -0.232077
v -0.457118 0.210302 -0.226349
v -0.622547 0.217400 -0.195168
v -0.065801 0.311476 -0.144424
v -0.027751 0.397359 -0.074584
v -0.002193 0.301104 -0.054098
v -0.256997 0.454011 0.122682
v -0.133844 0.471138 0.049797
v -0.303478 0.490188 0.057162
v -0.429353 0.415666 0.167613
v -0.256997 0.454011 0.122682
v -0.416432 0.465753 0.089561
v -0.817682 0.061030 -0.089989
v -0.861822 0.090108 -0.041890
v -0.753360 0.220436 -0.126079
v -0.917818 -0.126113 -0.112111
v -0.861822 0.090108 -0.041890
v -0.817682 0.061030 -0.089989
v -0.322052 0.194897 -0.200516
v -0.457118 0.210302 -0.226349
v -0.318255 0.271075 -0.233628
v -0.422816 0.154144 -0.177994
v -0.681816 0.116084 -0.125252
v -0.457118 0.210302 -0.226349
v -0.743293 -0.217819 0.114566
v -0.819623 -0.216877 0.144263
v -0.840328 -0.301428 0.116146
v -0.743293 -0.217819 0.114566
v -0.784855 -0.019259 0.078628
v -0.819623 -0.216877 0.144263
v -0.955622 -0.253596 -0.088057
v -0.877418 -0.200911 -0.144624
v -0.884849 -0.286936 -0.128991
v -0.877418 -0.200911 -0.144624
v -0.798956 -0.220664 -0.143730
v -0.884849 -0.286936 -0.128991
v -0.548510 0.346719 -0.176395
v -0.753360 0.220436 -0.126079
v -0.783827 0.246317 -0.068837
v -0.783827 0.246317 -0.068837
v -0.753360 0.220436 -0.126079
v -0.861822 0.090108 -0.041890
v -0.884849 -0.286936 -0.128991
v -0.798956 -0.220664 -0.143730
v -0.786101 -0.290181 -0.108952
v 0.005495 0.307689 0.038769
v -0.037285 0.408501 0.074175
v -0.046667 0.341125 0.114985
v -0.409191 0.258515 0.236112
v -0.282212 0.261208 0.219926
v -0.314906 0.325663 0.225797
v -0.314906 0.325663 0.225797
v -0.517786 0.336348 0.209441
v -0.409191 0.258515 0.236112
v -0.955622 -0.253596 -0.088057
v -0.884849 -0.286936 -0.128991
v -0.939646 -0.329783 -0.070997
v -0.971598 -0.324521 -0.004401
v -0.966726 -0.299411 0.070112
v -1.000000 -0.253101 -0.021918
v -0.427631 0.481824 -0.034487
v -0.303478 0.490188 0.057162
v -0.294448 0.495659 -0.030405
v -0.427631 0.481824 -0.034487
v -0.294448 0.495659 -0.030405
v -0.383747 0.458759 -0.120884
v 0.004477 0.379623 -0.004268
v -0.027751 0.397359 -0.074584
v -0.133844 0.471138 0.049797
v -0.002193 0.301104 -0.054098
v -0.027751 0.397359 -0.074584
v 0.004477 0.379623 -0.004268
v -0.318255 0.271075 -0.233628
v -0.457118 0.210302 -0.226349
v -0.359855 0.325881 -0.235683
v -0.313364 0.359222 -0.216216
v -0.130704 0.393905 -0.155338
v -0.216549 0.338470 -0.211391
v -0.909845 -0.206039 0.130494
v -0.994262 -0.223271 0.063413
v -0.966726 -0.299411 0.070112
v -0.966726 -0.299411 0.070112
v -0.994262 -0.223271 0.063413
v -1.000000 -0.253101 -0.021918
v -0.642015 0.130337 0.141313
v -0.669038 0.187799 0.173636
v -0.721799 0.065911 0.090398
v -0.607361 0.093181 0.079855
v -0.642015 0.130337 0.141313
v -0.721799 0.065911 0.090398
v -0.681816 0.116084 -0.125252
v -0.422816 0.154144 -0.177994
v -0.618294 0.105408 -0.110075
v -0.618294 0.105408 -0.110075
v -0.717469 0.021647 -0.047837
v -0.681816 0.116084 -0.125252
v -0.303478 0.490188 0.057162
v -0.416432 0.465753 0.089561
v -0.256997 0.454011 0.122682
v -0.303478 0.490188 0.057162
v -0.427631 0.481824 -0.034487
v -0.416432 0.465753 0.089561
v -1.000000 -0.253101 -0.021918
v -0.955622 -0.253596 -0.088057
v -0.939646 -0.329783 -0.070997
v -1.000000 -0.253101 -0.021918
v -0.976755 -0.145657 -0.049654
v -0.955622 -0.253596 -0.088057
v -0.216549 0.338470 -0.211391
v -0.176947 0.243776 -0.187680
v -0.318255 0.271075 -0.233628
v -0.313364 0.359222 -0.216216
v -0.216549 0.338470 -0.211391
v -0.318255 0.271075 -0.233628
v -0.717469 0.021647 -0.047837
v -0.747670 -0.065302 -0.060473
v -0.760287 0.024359 -0.083709
v -0.760287 0.024359 -0.083709
v -0.681816 0.116084 -0.125252
v -0.717469 0.021647 -0.047837
v -0.979847 -0.109395 -0.002973
v -0.963300 -0.093162 0.048855
v -0.904240 0.030239 0.035905
v -0.904240 0.030239 0.035905
v -0.963300 -0.093162 0.048855
v -0.849928 -0.004444 0.088162
v -0.939646 -0.329783 -0.070997
v -0.971598 -0.324521 -0.004401
v -1.000000 -0.253101 -0.021918
v -0.939646 -0.329783 -0.070997
v -0.900177 -0.366520 -0.028502
v -0.971598 -0.324521 -0.004401
v -0.827425 -0.364199 -0.009996
v -0.853021 -0.340934 -0.083528
v -0.786101 -0.290181 -0.108952
v -0.900177 -0.366520 -0.028502
v -0.827425 -0.364199 -0.009996
v -0.915839 -0.358299 0.051253
v -0.416432 0.465753 0.089561
v -0.598788 0.409880 0.048284
v -0.615220 0.367500 0.113053
v -0.598788 0.409880 0.048284
v -0.745567 0.294187 0.045097
v -0.615220 0.367500 0.113053
v -0.517786 0.336348 0.209441
v -0.615220 0.367500 0.113053
v -0.627971 0.293778 0.177470
v -0.571537 0.218133 0.212828
v -0.517786 0.336348 0.209441
v -0.627971 0.293778 0.177470
v -0.904240 0.030239 0.035905
v -0.849928 -0.004444 0.088162
v -0.799403 0.069308 0.100360
v -0.784855 -0.019259 0.078628
v -0.799403 0.069308 0.100360
v -0.849928 -0.004444 0.088162
v -0.383747 0.458759 -0.120884
v -0.478584 0.427331 -0.149439
v -0.427631 0.481824 -0.034487
v -0.313364 0.359222 -0.216216
v -0.478584 0.427331 -0.149439
v -0.383747 0.458759 -0.120884
v -0.760287 0.024359 -0.083709
v -0.817682 0.061030 -0.089989
v -0.754416 0.141936 -0.128106
v -0.753360 0.220436 -0.126079
v -0.754416 0.141936 -0.128106
v -0.817682 0.061030 -0.089989
v -0.827425 -0.364199 -0.009996
v -0.900177 -0.366520 -0.028502
v -0.853021 -0.340934 -0.083528
v -0.939646 -0.329783 -0.070997
v -0.853021 -0.340934 -0.083528
v -0.900177 -0.366520 -0.028502
v -0.627971 0.293778 0.177470
v -0.669038 0.187799 0.173636
v -0.571537 0.218133 0.212828
v -0.669038 0.187799 0.173636
v -0.642015 0.130337 0.141313
v -0.571537 0.218133 0.212828
v -0.429353 0.415666 0.167613
v -0.517786 0.336348 0.209441
v -0.364413 0.386416 0.201039
v -0.364413 0.386416 0.201039
v -0.256997 0.454011 0.122682
v -0.429353 0.415666 0.167613
v -0.548510 0.346719 -0.176395
v -0.580652 0.374741 -0.141675
v -0.478584 0.427331 -0.149439
v -0.580652 0.374741 -0.141675
v -0.548510 0.346719 -0.176395
v -0.783827 0.246317 -0.068837
v -0.819623 -0.216877 0.144263
v -0.905135 -0.287431 0.121674
v -0.840328 -0.301428 0.116146
v -0.905135 -0.287431 0.121674
v -0.915839 -0.358299 0.051253
v -0.840328 -0.301428 0.116146
v -0.063936 0.277716 0.122597
v -0.046667 0.341125 0.114985
v -0.148211 0.356073 0.183788
v 0.005495 0.307689 0.038769
v -0.046667 0.341125 0.114985
v -0.063936 0.277716 0.122597
v -0.262659 0.160681 0.131779
v -0.304144 0.189759 0.188394
v -0.404557 0.133630 0.139505
v -0.652700 0.373485 -0.029321
v -0.567550 0.418606 -0.072985
v -0.580652 0.374741 -0.141675
v -0.598788 0.409880 0.048284
v -0.567550 0.418606 -0.072985
v -0.652700 0.373485 -0.029321
v -0.909845 -0.206039 0.130494
v -0.849928 -0.004444 0.088162
v -0.933651 -0.128805 0.096307
v -0.909845 -0.206039 0.130494
v -0.933651 -0.128805 0.096307
v -0.994262 -0.223271 0.063413
v -0.976755 -0.145657 -0.049654
v -1.000000 -0.253101 -0.021918
v -0.979847 -0.109395 -0.002973
v -0.976755 -0.145657 -0.049654
v -0.979847 -0.109395 -0.002973
v -0.861822 0.090108 -0.041890
v -0.743293 -0.217819 0.114566
v -0.750867 -0.036823 0.052813
v -0.784855 -0.019259 0.078628
v -0.721799 0.065911 0.090398
v -0.784855 -0.019259 0.078628
v -0.750867 -0.036823 0.052813
v -0.457118 0.210302 -0.226349
v -0.322052 0.194897 -0.200516
v -0.422816 0.154144 -0.177994
v -0.167755 0.266032 0.185558
v -0.148211 0.356073 0.183788
v -0.282212 0.261208 0.219926
v -0.282212 0.261208 0.219926
v -0.304144 0.189759 0.188394
v -0.167755 0.266032 0.185558
v -0.304144 0.189759 0.188394
v -0.404785 0.189493 0.206881
v -0.404557 0.133630 0.139505
v -0.304144 0.189759 0.188394
v -0.282212 0.261208 0.219926
v -0.404785 0.189493 0.206881
v -0.747242 -0.205678 -0.115898
v -0.786101 -0.290181 -0.108952
v -0.798956 -0.220664 -0.143730
v -0.804694 -0.058537 -0.102130
v -0.747242 -0.205678 -0.115898
v -0.798956 -0.220664 -0.143730
v -0.313364 0.359222 -0.216216
v -0.318255 0.271075 -0.233628
v -0.359855 0.325881 -0.235683
v -0.313364 0.359222 -0.216216
v -0.359855 0.325881 -0.235683
v -0.478584 0.427331 -0.149439
v -0.783827 0.246317 -0.068837
v -0.652700 0.373485 -0.029321
v -0.580652 0.374741 -0.141675
vt 0.889322 0.392581
vt 0.904165 0.361576
vt 0.908805 0.392892
vt 0.896107 0.430965
vt 0.889322 0.392581
vt 0.908805 0.392892
vt 0.889322 0.392581
vt 0.888648 0.365821
vt 0.904165 0.361576
vt 0.899117 0.329488
vt 0.904165 0.361576
vt 0.888648 0.365821
vt 0.899117 0.329488
vt 0.916897 0.329073
vt 0.904165 0.361576
vt 0.916897 0.329073
vt 0.899117 0.329488
vt 0.917923 0.297406
vt 0.916897 0.329073
vt 0.917923 0.297406
vt 0.930243 0.310231
vt 0.908805 0.392892
vt 0.918706 0.448428
vt 0.896107 0.430965
vt 0.908780 0.468307
vt 0.896107 0.430965
vt 0.918706 0.448428
vt 0.908780 0.468307
vt 0.918706 0.448428
vt 0.923377 0.488819
vt 0.918706 0.448428
vt 0.930243 0.475867
vt 0.923377 0.488819
vt 0.925058 0.372897
vt 0.908805 0.392892
vt 0.904165 0.361576
vt 0.904165 0.361576
vt 0.916897 0.329073
vt 0.925058 0.372897
vt 0.925058 0.372897
vt 0.918706 0.448428
vt 0.908805 0.392892
vt 0.388101 0.894669
vt 0.431848 0.908450
vt 0.364463 0.912319
vt 0.418278 0.883500
vt 0.431848 0.908450
vt 0.388101 0.894669
vt 0.458565 0.914580
vt 0.431848 0.908450
vt 0.418278 0.883500
vt 0.388101 0.894669
vt 0.364463 0.912319
vt 0.354865 0.890449
vt 0.354865 0.890449
vt 0.364463 0.912319
vt 0.327569 0.899206
vt 0.325151 0.914580
vt 0.327569 0.899206
vt 0.364463 0.912319
vt 0.376374 0.878397
vt 0.388101 0.894669
vt 0.354865 0.890449
vt 0.388101 0.894669
vt 0.376374 0.878397
vt 0.418278 0.883500
vt 0.422254 0.876118
vt 0.418278 0.883500
vt 0.376374 0.878397
vt 0.299393 0.906449
vt 0.327569 0.899206
vt 0.325151 0.914580
vt 0.422254 0.876118
vt 0.458565 0.914580
vt 0.418278 0.883500
vt 0.478770 0.910163
vt 0.458565 0.914580
vt 0.422254 0.876118
vt 0.259772 0.926436
vt 0.259219 0.939949
vt 0.224101 0.942009
vt 0.222315 0.928050
vt 0.259772 0.926436
vt 0.224101 0.942009
vt 0.259772 0.926436
vt 0.274349 0.939372
vt 0.259219 0.939949
vt 0.259772 0.926436
vt 0.274489 0.919179
vt 0.274349 0.939372
vt 0.259219 0.939949
vt 0.274349 0.939372
vt 0.263227 0.952147
vt 0.228424 0.951858
vt 0.259219 0.939949
vt 0.263227 0.952147
vt 0.259219 0.939949
vt 0.228424 0.951858
vt 0.224101 0.942009
vt 0.204073 0.952147
vt 0.222315 0.928050
vt 0.224101 0.942009
vt 0.222315 0.928050
vt 0.204073 0.952147
vt 0.206475 0.931219
vt 0.222315 0.928050
vt 0.206475 0.931219
vt 0.245860 0.904449
vt 0.259772 0.926436
vt 0.222315 0.928050
vt 0.245860 0.904449
vt 0.245860 0.904449
vt 0.274489 0.919179
vt 0.259772 0.926436
vt 0.278596 0.902057
vt 0.274489 0.919179
vt 0.245860 0.904449
vt 0.445735 0.586638
vt 0.408139 0.584999
vt 0.425811 0.565737
vt 0.425811 0.565737
vt 0.408139 0.584999
vt 0.356769 0.580294
vt 0.445735 0.586638
vt 0.425811 0.565737
vt 0.457796 0.556592
vt 0.425811 0.565737
vt 0.356769 0.580294
vt 0.390769 0.568639
vt 0.356769 0.580294
vt 0.352380 0.569856
vt 0.390769 0.568639
vt 0.483769 0.570496
vt 0.445735 0.586638
vt 0.457796 0.556592
vt 0.457796 0.556592
vt 0.486914 0.552917
vt 0.483769 0.570496
vt 0.331712 0.572779
vt 0.352380 0.569856
vt 0.356769 0.580294
vt 0.327250 0.593448
vt 0.331712 0.572779
vt 0.356769 0.580294
vt 0.425811 0.565737
vt 0.390769 0.568639
vt 0.439179 0.542487
vt 0.457796 0.556592
vt 0.425811 0.565737
vt 0.439179 0.542487
vt 0.408139 0.584999
vt 0.356985 0.596230
vt 0.356769 0.580294
vt 0.356769 0.580294
vt 0.356985 0.596230
vt 0.327250 0.593448
vt 0.445735 0.586638
vt 0.483769 0.570496
vt 0.499777 0.597048
vt 0.499777 0.597048
vt 0.483769 0.570496
vt 0.519497 0.586558
vt 0.331712 0.572779
vt 0.327250 0.593448
vt 0.312334 0.572509
vt 0.312334 0.572509
vt 0.327250 0.593448
vt 0.307192 0.597048
vt 0.382370 0.803126
vt 0.393651 0.773590
vt 0.424042 0.783049
vt 0.357945 0.793406
vt 0.393651 0.773590
vt 0.382370 0.803126
vt 0.357945 0.793406
vt 0.382370 0.803126
vt 0.344296 0.809569
vt 0.357945 0.793406
vt 0.361330 0.772943
vt 0.393651 0.773590
vt 0.363649 0.818938
vt 0.344296 0.809569
vt 0.382370 0.803126
vt 0.363649 0.818938
vt 0.336172 0.828074
vt 0.344296 0.809569
vt 0.336172 0.828074
vt 0.305052 0.830069
vt 0.344296 0.809569
vt 0.305052 0.830069
vt 0.320297 0.809227
vt 0.344296 0.809569
vt 0.344296 0.809569
vt 0.320297 0.809227
vt 0.357945 0.793406
vt 0.320297 0.809227
vt 0.361330 0.772943
vt 0.357945 0.793406
vt 0.361330 0.772943
vt 0.320297 0.809227
vt 0.337346 0.775175
vt 0.337346 0.775175
vt 0.320297 0.809227
vt 0.302053 0.788967
vt 0.286851 0.810357
vt 0.302053 0.788967
vt 0.320297 0.809227
vt 0.320297 0.809227
vt 0.305052 0.830069
vt 0.286851 0.810357
vt 0.424042 0.783049
vt 0.393651 0.773590
vt 0.425337 0.762797
vt 0.425337 0.762797
vt 0.452616 0.760733
vt 0.424042 0.783049
vt 0.490342 0.782496
vt 0.424042 0.783049
vt 0.452616 0.760733
vt 0.490342 0.782496
vt 0.452616 0.760733
vt 0.508597 0.770095
vt 0.508597 0.770095
vt 0.532447 0.807953
vt 0.490342 0.782496
vt 0.542031 0.792456
vt 0.532447 0.807953
vt 0.508597 0.770095
vt 0.542031 0.792456
vt 0.558840 0.806357
vt 0.532447 0.807953
vt 0.553684 0.834973
vt 0.532447 0.807953
vt 0.558840 0.806357
vt 0.558840 0.806357
vt 0.567158 0.825481
vt 0.553684 0.834973
vt 0.279479 0.834973
vt 0.286851 0.810357
vt 0.305052 0.830069
vt 0.286851 0.810357
vt 0.279479 0.834973
vt 0.269064 0.820346
vt 0.526390 0.622703
vt 0.519081 0.597077
vt 0.503692 0.620482
vt 0.545494 0.607295
vt 0.519081 0.597077
vt 0.526390 0.622703
vt 0.543652 0.625671
vt 0.545494 0.607295
vt 0.526390 0.622703
vt 0.519081 0.597077
vt 0.545494 0.607295
vt 0.544473 0.588998
vt 0.503692 0.620482
vt 0.519081 0.597077
vt 0.495138 0.603537
vt 0.495138 0.603537
vt 0.492634 0.625671
vt 0.503692 0.620482
vt 0.887906 0.483751
vt 0.892003 0.459246
vt 0.872555 0.469365
vt 0.904398 0.471961
vt 0.892003 0.459246
vt 0.887906 0.483751
vt 0.887906 0.483751
vt 0.906846 0.492397
vt 0.904398 0.471961
vt 0.872555 0.469365
vt 0.892003 0.459246
vt 0.877538 0.451252
vt 0.872555 0.469365
vt 0.872061 0.492397
vt 0.887906 0.483751
vt 0.872061 0.492397
vt 0.872555 0.469365
vt 0.856835 0.479710
vt 0.877538 0.451252
vt 0.853986 0.461229
vt 0.872555 0.469365
vt 0.853986 0.461229
vt 0.856835 0.479710
vt 0.872555 0.469365
vt 0.715075 0.834911
vt 0.679847 0.818207
vt 0.695055 0.808987
vt 0.695055 0.808987
vt 0.679847 0.818207
vt 0.655325 0.800773
vt 0.679847 0.818207
vt 0.655781 0.815518
vt 0.655325 0.800773
vt 0.655325 0.800773
vt 0.655781 0.815518
vt 0.611148 0.833765
vt 0.611148 0.833765
vt 0.606566 0.818769
vt 0.655325 0.800773
vt 0.611148 0.833765
vt 0.578025 0.827368
vt 0.606566 0.818769
vt 0.583737 0.842551
vt 0.578025 0.827368
vt 0.611148 0.833765
vt 0.611148 0.833765
vt 0.589767 0.861520
vt 0.583737 0.842551
vt 0.611148 0.833765
vt 0.614304 0.859386
vt 0.589767 0.861520
vt 0.748334 0.823520
vt 0.715075 0.834911
vt 0.695055 0.808987
vt 0.749470 0.849693
vt 0.715075 0.834911
vt 0.748334 0.823520
vt 0.748334 0.823520
vt 0.772347 0.827268
vt 0.749470 0.849693
vt 0.772347 0.827268
vt 0.773753 0.858088
vt 0.749470 0.849693
vt 0.748334 0.823520
vt 0.746239 0.810406
vt 0.772347 0.827268
vt 0.748334 0.823520
vt 0.692811 0.793828
vt 0.746239 0.810406
vt 0.692811 0.793828
vt 0.748334 0.823520
vt 0.695055 0.808987
vt 0.655325 0.800773
vt 0.692811 0.793828
vt 0.695055 0.808987
vt 0.773753 0.858088
vt 0.772347 0.827268
vt 0.793523 0.854727
vt 0.611148 0.833765
vt 0.642630 0.838298
vt 0.614304 0.859386
vt 0.611148 0.833765
vt 0.662869 0.828072
vt 0.642630 0.838298
vt 0.655781 0.815518
vt 0.662869 0.828072
vt 0.611148 0.833765
vt 0.807332 0.873435
vt 0.773753 0.858088
vt 0.793523 0.854727
vt 0.807332 0.873435
vt 0.793523 0.854727
vt 0.830010 0.867134
vt 0.772347 0.827268
vt 0.746239 0.810406
vt 0.768346 0.805239
vt 0.793523 0.854727
vt 0.772347 0.827268
vt 0.794877 0.820870
vt 0.772347 0.827268
vt 0.768346 0.805239
vt 0.794877 0.820870
vt 0.830010 0.867134
vt 0.793523 0.854727
vt 0.794877 0.820870
vt 0.830010 0.867134
vt 0.794877 0.820870
vt 0.839311 0.837738
vt 0.566291 0.844664
vt 0.583737 0.842551
vt 0.589767 0.861520
vt 0.578025 0.827368
vt 0.583737 0.842551
vt 0.566291 0.844664
vt 0.642630 0.838298
vt 0.629699 0.873435
vt 0.614304 0.859386
vt 0.830010 0.867134
vt 0.839311 0.837738
vt 0.853120 0.865325
vt 0.864385 0.867791
vt 0.892114 0.860018
vt 0.892114 0.872540
vt 0.420016 0.728533
vt 0.414645 0.740161
vt 0.440641 0.740161
vt 0.545494 0.353669
vt 0.557626 0.337925
vt 0.547720 0.334973
vt 0.545494 0.353669
vt 0.557626 0.360912
vt 0.557626 0.337925
vt 0.140924 0.904330
vt 0.110657 0.910420
vt 0.108113 0.888619
vt 0.108113 0.888619
vt 0.138405 0.877963
vt 0.140924 0.904330
vt 0.083085 0.908432
vt 0.108113 0.888619
vt 0.110657 0.910420
vt 0.140924 0.904330
vt 0.138405 0.877963
vt 0.182965 0.884989
vt 0.140924 0.904330
vt 0.182965 0.884989
vt 0.162889 0.911430
vt 0.182965 0.884989
vt 0.189174 0.902092
vt 0.162889 0.911430
vt 0.138405 0.877963
vt 0.184449 0.866824
vt 0.182965 0.884989
vt 0.145989 0.857335
vt 0.184449 0.866824
vt 0.138405 0.877963
vt 0.189174 0.902092
vt 0.182965 0.884989
vt 0.213213 0.882890
vt 0.189174 0.902092
vt 0.213213 0.882890
vt 0.229203 0.901164
vt 0.203783 0.912154
vt 0.189174 0.902092
vt 0.229203 0.901164
vt 0.189174 0.902092
vt 0.203783 0.912154
vt 0.174838 0.929785
vt 0.142202 0.929697
vt 0.189174 0.902092
vt 0.174838 0.929785
vt 0.142202 0.929697
vt 0.162889 0.911430
vt 0.189174 0.902092
vt 0.117381 0.926132
vt 0.110657 0.910420
vt 0.140924 0.904330
vt 0.117381 0.926132
vt 0.140924 0.904330
vt 0.162889 0.911430
vt 0.162889 0.911430
vt 0.142202 0.929697
vt 0.117381 0.926132
vt 0.077433 0.923281
vt 0.110657 0.910420
vt 0.117381 0.926132
vt 0.083085 0.908432
vt 0.110657 0.910420
vt 0.077433 0.923281
vt 0.108113 0.888619
vt 0.083085 0.908432
vt 0.075285 0.887439
vt 0.077433 0.923281
vt 0.063217 0.914285
vt 0.083085 0.908432
vt 0.075285 0.887439
vt 0.083085 0.908432
vt 0.063217 0.914285
vt 0.063217 0.914285
vt 0.077433 0.923281
vt 0.050832 0.929785
vt 0.115714 0.861920
vt 0.145989 0.857335
vt 0.138405 0.877963
vt 0.138405 0.877963
vt 0.108113 0.888619
vt 0.115714 0.861920
vt 0.108113 0.888619
vt 0.075285 0.887439
vt 0.115714 0.861920
vt 0.063217 0.914285
vt 0.044837 0.889151
vt 0.075285 0.887439
vt 0.034229 0.915941
vt 0.044837 0.889151
vt 0.063217 0.914285
vt 0.050832 0.929785
vt 0.034229 0.915941
vt 0.063217 0.914285
vt 0.034305 0.902649
vt 0.044837 0.889151
vt 0.034229 0.915941
vt 0.832515 0.490771
vt 0.854575 0.497690
vt 0.840156 0.517296
vt 0.837982 0.480098
vt 0.854575 0.497690
vt 0.832515 0.490771
vt 0.854575 0.497690
vt 0.837982 0.480098
vt 0.854853 0.478086
vt 0.840156 0.517296
vt 0.854575 0.497690
vt 0.854853 0.527210
vt 0.840156 0.517296
vt 0.822481 0.504514
vt 0.832515 0.490771
vt 0.822481 0.504514
vt 0.840156 0.517296
vt 0.820191 0.528531
vt 0.840156 0.517296
vt 0.826944 0.551431
vt 0.820191 0.528531
vt 0.943578 0.807490
vt 0.927285 0.800795
vt 0.947349 0.843622
vt 0.927285 0.800795
vt 0.933478 0.841630
vt 0.947349 0.843622
vt 0.927285 0.800795
vt 0.943578 0.807490
vt 0.939188 0.751109
vt 0.926776 0.742179
vt 0.927285 0.800795
vt 0.939188 0.751109
vt 0.926776 0.742179
vt 0.939188 0.751109
vt 0.948091 0.719589
vt 0.948091 0.719589
vt 0.939188 0.751109
vt 0.957972 0.732957
vt 0.947755 0.762660
vt 0.957972 0.732957
vt 0.939188 0.751109
vt 0.957972 0.882449
vt 0.947349 0.843622
vt 0.933478 0.841630
vt 0.936997 0.878712
vt 0.957972 0.882449
vt 0.933478 0.841630
vt 0.936997 0.878712
vt 0.957889 0.911002
vt 0.957972 0.882449
vt 0.957889 0.911002
vt 0.936997 0.878712
vt 0.937986 0.904151
vt 0.892324 0.144223
vt 0.918324 0.150698
vt 0.912713 0.127946
vt 0.892324 0.144223
vt 0.912713 0.127946
vt 0.890686 0.114913
vt 0.916833 0.178329
vt 0.918324 0.150698
vt 0.892324 0.144223
vt 0.890686 0.114913
vt 0.879320 0.131585
vt 0.892324 0.144223
vt 0.890686 0.114913
vt 0.873149 0.102469
vt 0.879320 0.131585
vt 0.891788 0.190049
vt 0.916833 0.178329
vt 0.892324 0.144223
vt 0.919231 0.212393
vt 0.916833 0.178329
vt 0.891788 0.190049
vt 0.927937 0.172013
vt 0.918324 0.150698
vt 0.916833 0.178329
vt 0.929072 0.193327
vt 0.927937 0.172013
vt 0.916833 0.178329
vt 0.929072 0.193327
vt 0.916833 0.178329
vt 0.919231 0.212393
vt 0.872184 0.157565
vt 0.891788 0.190049
vt 0.892324 0.144223
vt 0.892324 0.144223
vt 0.879320 0.131585
vt 0.872184 0.157565
vt 0.912049 0.093086
vt 0.890686 0.114913
vt 0.912713 0.127946
vt 0.893938 0.085854
vt 0.890686 0.114913
vt 0.912049 0.093086
vt 0.873149 0.102469
vt 0.890686 0.114913
vt 0.893938 0.085854
vt 0.893938 0.085854
vt 0.874243 0.067274
vt 0.873149 0.102469
vt 0.909522 0.060376
vt 0.893938 0.085854
vt 0.912049 0.093086
vt 0.874243 0.067274
vt 0.893938 0.085854
vt 0.909522 0.060376
vt 0.927937 0.172013
vt 0.937427 0.140603
vt 0.918324 0.150698
vt 0.912713 0.127946
vt 0.918324 0.150698
vt 0.937427 0.140603
vt 0.937542 0.116938
vt 0.912713 0.127946
vt 0.937427 0.140603
vt 0.937542 0.116938
vt 0.912049 0.093086
vt 0.912713 0.127946
vt 0.944182 0.176325
vt 0.937427 0.140603
vt 0.927937 0.172013
vt 0.929072 0.193327
vt 0.944182 0.176325
vt 0.927937 0.172013
vt 0.937542 0.116938
vt 0.941621 0.095161
vt 0.912049 0.093086
vt 0.912049 0.093086
vt 0.941621 0.095161
vt 0.909522 0.060376
vt 0.944182 0.176325
vt 0.955326 0.168278
vt 0.937427 0.140603
vt 0.955326 0.168278
vt 0.958839 0.115923
vt 0.937427 0.140603
vt 0.958839 0.115923
vt 0.937542 0.116938
vt 0.937427 0.140603
vt 0.941621 0.095161
vt 0.937542 0.116938
vt 0.958839 0.115923
vt 0.929072 0.193327
vt 0.958839 0.206387
vt 0.944182 0.176325
vt 0.958839 0.206387
vt 0.955326 0.168278
vt 0.944182 0.176325
vt 0.942908 0.224061
vt 0.958839 0.206387
vt 0.929072 0.193327
vt 0.942908 0.224061
vt 0.929072 0.193327
vt 0.919231 0.212393
vt 0.941621 0.095161
vt 0.923845 0.070776
vt 0.909522 0.060376
vt 0.885988 0.766786
vt 0.899638 0.758507
vt 0.881533 0.738324
vt 0.899638 0.758507
vt 0.885988 0.766786
vt 0.900856 0.792689
vt 0.904852 0.724037
vt 0.881533 0.738324
vt 0.899638 0.758507
vt 0.881533 0.738324
vt 0.904852 0.724037
vt 0.890093 0.693626
vt 0.885988 0.766786
vt 0.880580 0.813720
vt 0.900856 0.792689
vt 0.885988 0.766786
vt 0.872184 0.779664
vt 0.880580 0.813720
vt 0.885988 0.766786
vt 0.881533 0.738324
vt 0.872184 0.779664
vt 0.880580 0.813720
vt 0.910114 0.834384
vt 0.900856 0.792689
vt 0.880580 0.813720
vt 0.923152 0.851259
vt 0.910114 0.834384
vt 0.880580 0.813720
vt 0.912531 0.867174
vt 0.923152 0.851259
vt 0.923152 0.851259
vt 0.912531 0.867174
vt 0.933709 0.865557
vt 0.904852 0.724037
vt 0.914184 0.688990
vt 0.890093 0.693626
vt 0.874966 0.708182
vt 0.881533 0.738324
vt 0.890093 0.693626
vt 0.890093 0.693626
vt 0.914184 0.688990
vt 0.898196 0.673243
vt 0.898196 0.673243
vt 0.914184 0.688990
vt 0.913771 0.666816
vt 0.914184 0.688990
vt 0.933709 0.674365
vt 0.913771 0.666816
vt 0.434221 0.820243
vt 0.463827 0.839567
vt 0.422685 0.834692
vt 0.463827 0.839567
vt 0.434221 0.820243
vt 0.497675 0.828008
vt 0.463827 0.839567
vt 0.497675 0.828008
vt 0.492184 0.845152
vt 0.492184 0.845152
vt 0.497675 0.828008
vt 0.524770 0.837148
vt 0.492184 0.845152
vt 0.524770 0.837148
vt 0.518317 0.853013
vt 0.549465 0.859346
vt 0.518317 0.853013
vt 0.524770 0.837148
vt 0.518317 0.853013
vt 0.549465 0.859346
vt 0.528220 0.871405
vt 0.528220 0.871405
vt 0.492184 0.845152
vt 0.518317 0.853013
vt 0.492184 0.845152
vt 0.528220 0.871405
vt 0.516365 0.875452
vt 0.549465 0.859346
vt 0.544187 0.885977
vt 0.528220 0.871405
vt 0.516365 0.875452
vt 0.528220 0.871405
vt 0.528321 0.892348
vt 0.528220 0.871405
vt 0.544187 0.885977
vt 0.528321 0.892348
vt 0.422685 0.834692
vt 0.463827 0.839567
vt 0.402953 0.852286
vt 0.422685 0.834692
vt 0.402953 0.852286
vt 0.382321 0.834932
vt 0.382321 0.834932
vt 0.413914 0.824167
vt 0.422685 0.834692
vt 0.402953 0.852286
vt 0.369355 0.864696
vt 0.382321 0.834932
vt 0.355338 0.843695
vt 0.382321 0.834932
vt 0.369355 0.864696
vt 0.369355 0.864696
vt 0.341515 0.866873
vt 0.355338 0.843695
vt 0.516365 0.875452
vt 0.528321 0.892348
vt 0.506358 0.893113
vt 0.492322 0.862228
vt 0.516365 0.875452
vt 0.506358 0.893113
vt 0.492322 0.862228
vt 0.492184 0.845152
vt 0.516365 0.875452
vt 0.492184 0.845152
vt 0.492322 0.862228
vt 0.474268 0.858189
vt 0.492184 0.845152
vt 0.474268 0.858189
vt 0.463827 0.839567
vt 0.544187 0.885977
vt 0.549465 0.859346
vt 0.559359 0.879871
vt 0.341515 0.866873
vt 0.369355 0.864696
vt 0.334876 0.892622
vt 0.304971 0.880204
vt 0.341515 0.866873
vt 0.334876 0.892622
vt 0.304971 0.880204
vt 0.334876 0.892622
vt 0.302860 0.893113
vt 0.448885 0.802067
vt 0.497675 0.828008
vt 0.434221 0.820243
vt 0.434221 0.820243
vt 0.418606 0.789356
vt 0.448885 0.802067
vt 0.434221 0.820243
vt 0.422685 0.834692
vt 0.418606 0.789356
vt 0.418606 0.789356
vt 0.422685 0.834692
vt 0.413914 0.824167
vt 0.762104 0.434786
vt 0.731248 0.428837
vt 0.747078 0.441900
vt 0.742865 0.460197
vt 0.747078 0.441900
vt 0.731248 0.428837
vt 0.731248 0.428837
vt 0.762104 0.434786
vt 0.749633 0.395973
vt 0.731248 0.428837
vt 0.749633 0.395973
vt 0.724109 0.364914
vt 0.762104 0.434786
vt 0.766434 0.408328
vt 0.749633 0.395973
vt 0.724109 0.364914
vt 0.749633 0.395973
vt 0.737020 0.357566
vt 0.713605 0.383054
vt 0.731248 0.428837
vt 0.724109 0.364914
vt 0.724109 0.364914
vt 0.737020 0.357566
vt 0.731208 0.335393
vt 0.724109 0.364914
vt 0.731208 0.335393
vt 0.723798 0.324958
vt 0.737020 0.357566
vt 0.743285 0.326689
vt 0.731208 0.335393
vt 0.749633 0.395973
vt 0.766434 0.408328
vt 0.737020 0.357566
vt 0.785529 0.445367
vt 0.766434 0.408328
vt 0.762104 0.434786
vt 0.757772 0.286752
vt 0.723798 0.324958
vt 0.731208 0.335393
vt 0.723798 0.324958
vt 0.757772 0.286752
vt 0.743963 0.270533
vt 0.757772 0.286752
vt 0.767093 0.257206
vt 0.743963 0.270533
vt 0.767093 0.257206
vt 0.757772 0.286752
vt 0.781598 0.278081
vt 0.781598 0.278081
vt 0.785529 0.255778
vt 0.767093 0.257206
vt 0.743963 0.270533
vt 0.767093 0.257206
vt 0.755825 0.246401
vt 0.785529 0.255778
vt 0.768915 0.237038
vt 0.767093 0.257206
vt 0.755825 0.246401
vt 0.767093 0.257206
vt 0.768915 0.237038
vt 0.768915 0.237038
vt 0.785529 0.255778
vt 0.785413 0.235689
vt 0.747078 0.441900
vt 0.751224 0.449028
vt 0.762104 0.434786
vt 0.981085 0.136791
vt 0.993669 0.111300
vt 0.974306 0.097004
vt 0.981085 0.136791
vt 0.974306 0.097004
vt 0.959705 0.118771
vt 0.976750 0.158812
vt 0.981085 0.136791
vt 0.959705 0.118771
vt 0.972116 0.173077
vt 0.976750 0.158812
vt 0.959705 0.118771
vt 0.992859 0.160498
vt 0.981085 0.136791
vt 0.976750 0.158812
vt 0.974306 0.097004
vt 0.993669 0.111300
vt 0.996967 0.093758
vt 0.996967 0.140761
vt 0.993669 0.111300
vt 0.981085 0.136791
vt 0.992859 0.160498
vt 0.996967 0.140761
vt 0.981085 0.136791
vt 0.974306 0.097004
vt 0.996967 0.093758
vt 0.973741 0.074291
vt 0.996967 0.093758
vt 0.987518 0.074083
vt 0.973741 0.074291
vt 0.973741 0.074291
vt 0.987518 0.074083
vt 0.977493 0.054507
vt 0.995673 0.053220
vt 0.977493 0.054507
vt 0.987518 0.074083
vt 0.065425 0.408183
vt 0.060363 0.430373
vt 0.040295 0.420706
vt 0.040295 0.420706
vt 0.053506 0.390806
vt 0.065425 0.408183
vt 0.040295 0.420706
vt 0.043214 0.385957
vt 0.053506 0.390806
vt 0.060363 0.430373
vt 0.048271 0.444991
vt 0.040295 0.420706
vt 0.048271 0.444991
vt 0.060363 0.430373
vt 0.065425 0.444167
vt 0.875650 0.822976
vt 0.875650 0.858229
vt 0.859185 0.828637
vt 0.862319 0.809034
vt 0.875650 0.822976
vt 0.859185 0.828637
vt 0.027461 0.662015
vt 0.027782 0.621393
vt 0.007366 0.634709
vt 0.027461 0.662015
vt 0.007366 0.634709
vt 0.012304 0.674671
vt 0.007366 0.634709
vt 0.027782 0.621393
vt 0.013384 0.598889
vt 0.032489 0.697832
vt 0.027461 0.662015
vt 0.012304 0.674671
vt 0.027782 0.621393
vt 0.033362 0.557647
vt 0.013384 0.598889
vt 0.013384 0.598889
vt 0.033362 0.557647
vt 0.027996 0.544275
vt 0.012304 0.674671
vt 0.013380 0.703199
vt 0.032489 0.697832
vt 0.033362 0.719589
vt 0.032489 0.697832
vt 0.013380 0.703199
vt 0.355719 0.034277
vt 0.355893 0.053244
vt 0.373880 0.040546
vt 0.355893 0.053244
vt 0.373886 0.062029
vt 0.373880 0.040546
vt 0.355719 0.034277
vt 0.373880 0.040546
vt 0.365362 0.019634
vt 0.373880 0.040546
vt 0.384142 0.031416
vt 0.365362 0.019634
vt 0.394058 0.046327
vt 0.373880 0.040546
vt 0.373886 0.062029
vt 0.384142 0.031416
vt 0.373880 0.040546
vt 0.394058 0.046327
vt 0.397314 0.063953
vt 0.394058 0.046327
vt 0.373886 0.062029
vt 0.397314 0.010686
vt 0.365362 0.019634
vt 0.384142 0.031416
vt 0.397314 0.010686
vt 0.375169 0.005814
vt 0.365362 0.019634
vt 0.661043 0.974074
vt 0.605497 0.985035
vt 0.616271 0.964329
vt 0.616271 0.964329
vt 0.645049 0.958870
vt 0.661043 0.974074
vt 0.696936 0.966887
vt 0.661043 0.974074
vt 0.645049 0.958870
vt 0.698262 0.984027
vt 0.661043 0.974074
vt 0.696936 0.966887
vt 0.696936 0.966887
vt 0.715611 0.972590
vt 0.698262 0.984027
vt 0.699161 0.946962
vt 0.696936 0.966887
vt 0.645049 0.958870
vt 0.696936 0.966887
vt 0.699161 0.946962
vt 0.731721 0.943202
vt 0.696936 0.966887
vt 0.731721 0.943202
vt 0.746262 0.951740
vt 0.696936 0.966887
vt 0.746262 0.951740
vt 0.715611 0.972590
vt 0.616271 0.964329
vt 0.605497 0.985035
vt 0.582850 0.964815
vt 0.582850 0.964815
vt 0.605497 0.985035
vt 0.579289 0.987030
vt 0.746262 0.951740
vt 0.761261 0.985286
vt 0.715611 0.972590
vt 0.761261 0.985286
vt 0.746262 0.951740
vt 0.772312 0.962892
vt 0.761261 0.985286
vt 0.772312 0.962892
vt 0.793129 0.977031
vt 0.793129 0.977031
vt 0.793328 0.987030
vt 0.761261 0.985286
vt 0.956773 0.977438
vt 0.988146 0.976177
vt 0.967764 0.966124
vt 0.975833 0.988214
vt 0.988146 0.976177
vt 0.956773 0.977438
vt 0.988814 0.961025
vt 0.967764 0.966124
vt 0.988146 0.976177
vt 0.956773 0.977438
vt 0.957549 0.990608
vt 0.975833 0.988214
vt 0.956773 0.977438
vt 0.945841 0.966972
vt 0.957549 0.990608
vt 0.965318 0.964569
vt 0.945841 0.966972
vt 0.956773 0.977438
vt 0.945841 0.966972
vt 0.965318 0.964569
vt 0.957366 0.932080
vt 0.957366 0.932080
vt 0.965318 0.964569
vt 0.969848 0.910500
vt 0.979803 0.938007
vt 0.969848 0.910500
vt 0.965318 0.964569
vt 0.979803 0.938007
vt 0.997834 0.924589
vt 0.969848 0.910500
vt 0.979803 0.938007
vt 0.997834 0.974508
vt 0.997834 0.924589
vt 0.969848 0.910500
vt 0.997834 0.924589
vt 0.980595 0.894023
vt 0.979803 0.938007
vt 0.965318 0.964569
vt 0.988814 0.961025
vt 0.979803 0.938007
vt 0.988814 0.961025
vt 0.997834 0.974508
vt 0.959912 0.892235
vt 0.969848 0.910500
vt 0.980595 0.894023
vt 0.959912 0.892235
vt 0.980595 0.894023
vt 0.981136 0.871456
vt 0.964873 0.867174
vt 0.959912 0.892235
vt 0.981136 0.871456
vt 0.985598 0.797406
vt 0.980301 0.810823
vt 0.961438 0.802345
vt 0.985598 0.797406
vt 0.994367 0.810823
vt 0.980301 0.810823
vt 0.194541 0.643560
vt 0.194541 0.654293
vt 0.180676 0.645037
vt 0.522097 0.776834
vt 0.514298 0.761925
vt 0.522097 0.758050
vt 0.112326 0.175699
vt 0.178687 0.169640
vt 0.166706 0.209888
vt 0.117245 0.103786
vt 0.178687 0.169640
vt 0.112326 0.175699
vt 0.112326 0.175699
vt 0.087626 0.115822
vt 0.117245 0.103786
vt 0.046310 0.154941
vt 0.087626 0.115822
vt 0.112326 0.175699
vt 0.100235 0.276858
vt 0.112326 0.175699
vt 0.166706 0.209888
vt 0.100235 0.276858
vt 0.166706 0.209888
vt 0.195256 0.235045
vt 0.195256 0.235045
vt 0.156142 0.301993
vt 0.100235 0.276858
vt 0.100235 0.276858
vt 0.156142 0.301993
vt 0.111873 0.311971
vt 0.112326 0.175699
vt 0.105871 0.221342
vt 0.046310 0.154941
vt 0.053319 0.201577
vt 0.046310 0.154941
vt 0.105871 0.221342
vt 0.100235 0.276858
vt 0.105871 0.221342
vt 0.112326 0.175699
vt 0.105871 0.221342
vt 0.057629 0.227981
vt 0.053319 0.201577
vt 0.100235 0.276858
vt 0.111873 0.311971
vt 0.089951 0.331034
vt 0.089951 0.331034
vt 0.061796 0.280087
vt 0.100235 0.276858
vt 0.105871 0.221342
vt 0.100235 0.276858
vt 0.061796 0.280087
vt 0.061796 0.280087
vt 0.057629 0.227981
vt 0.105871 0.221342
vt 0.061796 0.280087
vt 0.028268 0.268905
vt 0.057629 0.227981
vt 0.053319 0.201577
vt 0.057629 0.227981
vt 0.028268 0.268905
vt 0.156142 0.301993
vt 0.195256 0.235045
vt 0.199960 0.277918
vt 0.178687 0.169640
vt 0.233785 0.194735
vt 0.166706 0.209888
vt 0.166706 0.209888
vt 0.233785 0.194735
vt 0.195256 0.235045
vt 0.208273 0.136438
vt 0.233785 0.194735
vt 0.178687 0.169640
vt 0.117245 0.103786
vt 0.208273 0.136438
vt 0.178687 0.169640
vt 0.195256 0.235045
vt 0.277636 0.292414
vt 0.199960 0.277918
vt 0.277636 0.292414
vt 0.195256 0.235045
vt 0.233785 0.194735
vt 0.233785 0.194735
vt 0.298858 0.234336
vt 0.277636 0.292414
vt 0.208273 0.136438
vt 0.287022 0.118879
vt 0.233785 0.194735
vt 0.233785 0.194735
vt 0.290619 0.177557
vt 0.298858 0.234336
vt 0.287022 0.118879
vt 0.290619 0.177557
vt 0.233785 0.194735
vt 0.287022 0.118879
vt 0.208273 0.136438
vt 0.232075 0.092748
vt 0.275055 0.333173
vt 0.199960 0.277918
vt 0.277636 0.292414
vt 0.277636 0.292414
vt 0.298858 0.234336
vt 0.306146 0.286479
vt 0.280947 0.086275
vt 0.287022 0.118879
vt 0.232075 0.092748
vt 0.232075 0.092748
vt 0.208273 0.136438
vt 0.176325 0.105854
vt 0.176325 0.105854
vt 0.208273 0.136438
vt 0.117245 0.103786
vt 0.124470 0.067345
vt 0.176325 0.105854
vt 0.117245 0.103786
vt 0.218723 0.347690
vt 0.199960 0.277918
vt 0.275055 0.333173
vt 0.154927 0.354890
vt 0.156142 0.301993
vt 0.199960 0.277918
vt 0.154927 0.354890
vt 0.199960 0.277918
vt 0.218723 0.347690
vt 0.111873 0.311971
vt 0.156142 0.301993
vt 0.154927 0.354890
vt 0.265925 0.378260
vt 0.218723 0.347690
vt 0.275055 0.333173
vt 0.290619 0.177557
vt 0.287022 0.118879
vt 0.324710 0.118947
vt 0.117245 0.103786
vt 0.087626 0.115822
vt 0.064180 0.092471
vt 0.124470 0.067345
vt 0.117245 0.103786
vt 0.064180 0.092471
vt 0.304123 0.067800
vt 0.287022 0.118879
vt 0.280947 0.086275
vt 0.287022 0.118879
vt 0.304123 0.067800
vt 0.324710 0.118947
vt 0.306146 0.286479
vt 0.298858 0.234336
vt 0.348892 0.244564
vt 0.298858 0.234336
vt 0.290619 0.177557
vt 0.348892 0.244564
vt 0.306146 0.286479
vt 0.331147 0.309271
vt 0.277636 0.292414
vt 0.331147 0.309271
vt 0.275055 0.333173
vt 0.277636 0.292414
vt 0.290619 0.177557
vt 0.324710 0.118947
vt 0.360546 0.185356
vt 0.371991 0.155458
vt 0.360546 0.185356
vt 0.324710 0.118947
vt 0.290619 0.177557
vt 0.360546 0.185356
vt 0.348892 0.244564
vt 0.232075 0.092748
vt 0.235876 0.036862
vt 0.280947 0.086275
vt 0.124470 0.067345
vt 0.174489 0.054884
vt 0.176325 0.105854
vt 0.232075 0.092748
vt 0.176325 0.105854
vt 0.235876 0.036862
vt 0.176325 0.105854
vt 0.174489 0.054884
vt 0.235876 0.036862
vt 0.197730 0.398087
vt 0.218723 0.347690
vt 0.265925 0.378260
vt 0.197730 0.398087
vt 0.154927 0.354890
vt 0.218723 0.347690
vt 0.174489 0.054884
vt 0.187155 0.008529
vt 0.235876 0.036862
vt 0.139289 0.024341
vt 0.187155 0.008529
vt 0.174489 0.054884
vt 0.110469 0.051596
vt 0.139289 0.024341
vt 0.174489 0.054884
vt 0.124470 0.067345
vt 0.110469 0.051596
vt 0.174489 0.054884
vt 0.110469 0.051596
vt 0.124470 0.067345
vt 0.064180 0.092471
vt 0.385182 0.225741
vt 0.360546 0.185356
vt 0.371991 0.155458
vt 0.385182 0.225741
vt 0.348892 0.244564
vt 0.360546 0.185356
vt 0.371991 0.155458
vt 0.324710 0.118947
vt 0.364806 0.120343
vt 0.046310 0.154941
vt 0.053319 0.201577
vt 0.000546 0.189833
vt 0.001301 0.254723
vt 0.053319 0.201577
vt 0.028268 0.268905
vt 0.000546 0.189833
vt 0.053319 0.201577
vt 0.001301 0.254723
vt 0.139289 0.024341
vt 0.110469 0.051596
vt 0.106496 0.024519
vt 0.304123 0.067800
vt 0.280947 0.086275
vt 0.271317 0.045634
vt 0.280947 0.086275
vt 0.235876 0.036862
vt 0.271317 0.045634
vt 0.048717 0.124667
vt 0.064180 0.092471
vt 0.087626 0.115822
vt 0.087626 0.115822
vt 0.046310 0.154941
vt 0.048717 0.124667
vt 0.121521 0.356288
vt 0.089951 0.331034
vt 0.111873 0.311971
vt 0.111873 0.311971
vt 0.154927 0.354890
vt 0.121521 0.356288
vt 0.197730 0.398087
vt 0.121521 0.356288
vt 0.154927 0.354890
vt 0.296186 0.374202
vt 0.275055 0.333173
vt 0.331147 0.309271
vt 0.265925 0.378260
vt 0.275055 0.333173
vt 0.296186 0.374202
vt 0.331147 0.309271
vt 0.306146 0.286479
vt 0.346926 0.276908
vt 0.346926 0.276908
vt 0.306146 0.286479
vt 0.348892 0.244564
vt 0.325598 0.067507
vt 0.364806 0.120343
vt 0.324710 0.118947
vt 0.304123 0.067800
vt 0.325598 0.067507
vt 0.324710 0.118947
vt 0.106496 0.024519
vt 0.110469 0.051596
vt 0.078478 0.037000
vt 0.078478 0.037000
vt 0.110469 0.051596
vt 0.064180 0.092471
vt 0.028268 0.268905
vt 0.061796 0.280087
vt 0.023346 0.309029
vt 0.023346 0.309029
vt 0.001301 0.254723
vt 0.028268 0.268905
vt 0.023346 0.309029
vt 0.061796 0.280087
vt 0.062953 0.341835
vt 0.089951 0.331034
vt 0.062953 0.341835
vt 0.061796 0.280087
vt 0.243259 0.399374
vt 0.197730 0.398087
vt 0.265925 0.378260
vt 0.092864 0.354263
vt 0.089951 0.331034
vt 0.121521 0.356288
vt 0.092864 0.354263
vt 0.062953 0.341835
vt 0.089951 0.331034
vt 0.048717 0.124667
vt 0.046310 0.154941
vt 0.007385 0.138684
vt 0.007385 0.138684
vt 0.046310 0.154941
vt 0.000546 0.189833
vt 0.254413 0.013264
vt 0.271317 0.045634
vt 0.235876 0.036862
vt 0.298909 0.033790
vt 0.304123 0.067800
vt 0.271317 0.045634
vt 0.325598 0.067507
vt 0.304123 0.067800
vt 0.298909 0.033790
vt 0.147017 0.006883
vt 0.187155 0.008529
vt 0.139289 0.024341
vt 0.147017 0.006883
vt 0.139289 0.024341
vt 0.106496 0.024519
vt 0.381605 0.266268
vt 0.346926 0.276908
vt 0.348892 0.244564
vt 0.381605 0.266268
vt 0.348892 0.244564
vt 0.385182 0.225741
vt 0.235876 0.036862
vt 0.208129 0.000447
vt 0.254413 0.013264
vt 0.235876 0.036862
vt 0.187155 0.008529
vt 0.208129 0.000447
vt 0.043941 0.069588
vt 0.078478 0.037000
vt 0.064180 0.092471
vt 0.026347 0.097638
vt 0.043941 0.069588
vt 0.064180 0.092471
vt 0.026347 0.097638
vt 0.064180 0.092471
vt 0.048717 0.124667
vt 0.065135 0.359572
vt 0.062953 0.341835
vt 0.092864 0.354263
vt 0.096879 0.378125
vt 0.092864 0.354263
vt 0.121521 0.356288
vt 0.065135 0.359572
vt 0.092864 0.354263
vt 0.096879 0.378125
vt 0.265925 0.378260
vt 0.296186 0.374202
vt 0.243259 0.399374
vt 0.065135 0.359572
vt 0.024150 0.322251
vt 0.062953 0.341835
vt 0.024150 0.322251
vt 0.023346 0.309029
vt 0.062953 0.341835
vt 0.015757 0.114740
vt 0.026347 0.097638
vt 0.048717 0.124667
vt 0.007385 0.138684
vt 0.015757 0.114740
vt 0.048717 0.124667
vt 0.152125 0.377762
vt 0.121521 0.356288
vt 0.197730 0.398087
vt 0.152125 0.377762
vt 0.109024 0.389494
vt 0.121521 0.356288
vt 0.109024 0.389494
vt 0.096879 0.378125
vt 0.121521 0.356288
vt 0.171609 0.399218
vt 0.152125 0.377762
vt 0.197730 0.398087
vt 0.001301 0.254723
vt 0.023346 0.309029
vt 0.000433 0.285361
vt 0.298909 0.033790
vt 0.271317 0.045634
vt 0.279796 0.013229
vt 0.279796 0.013229
vt 0.271317 0.045634
vt 0.254413 0.013264
vt 0.109024 0.389494
vt 0.152125 0.377762
vt 0.138581 0.399374
vt 0.152125 0.377762
vt 0.171609 0.399218
vt 0.138581 0.399374
vt 0.000433 0.285361
vt 0.023346 0.309029
vt 0.024150 0.322251
vt 0.530931 0.170412
vt 0.502050 0.190605
vt 0.514307 0.135663
vt 0.530931 0.170412
vt 0.514307 0.135663
vt 0.558571 0.145196
vt 0.570702 0.157812
vt 0.530931 0.170412
vt 0.558571 0.145196
vt 0.558571 0.145196
vt 0.585010 0.121118
vt 0.570702 0.157812
vt 0.502050 0.190605
vt 0.530931 0.170412
vt 0.522930 0.201451
vt 0.570702 0.157812
vt 0.522930 0.201451
vt 0.530931 0.170412
vt 0.522930 0.201451
vt 0.495140 0.215878
vt 0.502050 0.190605
vt 0.522930 0.201451
vt 0.570702 0.157812
vt 0.566228 0.209715
vt 0.566228 0.209715
vt 0.543896 0.219434
vt 0.522930 0.201451
vt 0.491751 0.235651
vt 0.522930 0.201451
vt 0.543896 0.219434
vt 0.522930 0.201451
vt 0.491751 0.235651
vt 0.495140 0.215878
vt 0.530857 0.242898
vt 0.491751 0.235651
vt 0.543896 0.219434
vt 0.484678 0.252973
vt 0.491751 0.235651
vt 0.530857 0.242898
vt 0.502050 0.190605
vt 0.500198 0.144617
vt 0.514307 0.135663
vt 0.502050 0.190605
vt 0.467569 0.131772
vt 0.500198 0.144617
vt 0.543896 0.219434
vt 0.566228 0.209715
vt 0.541659 0.238481
vt 0.543896 0.219434
vt 0.541659 0.238481
vt 0.530857 0.242898
vt 0.566228 0.209715
vt 0.570450 0.236278
vt 0.541659 0.238481
vt 0.464403 0.166650
vt 0.467569 0.131772
vt 0.502050 0.190605
vt 0.444678 0.122681
vt 0.467569 0.131772
vt 0.464403 0.166650
vt 0.464403 0.166650
vt 0.440642 0.168840
vt 0.444678 0.122681
vt 0.570702 0.157812
vt 0.585010 0.121118
vt 0.592380 0.138456
vt 0.570702 0.157812
vt 0.592380 0.138456
vt 0.594299 0.160157
vt 0.594299 0.160157
vt 0.598129 0.179332
vt 0.570702 0.157812
vt 0.570702 0.157812
vt 0.598129 0.179332
vt 0.586160 0.207040
vt 0.586160 0.207040
vt 0.566228 0.209715
vt 0.570702 0.157812
vt 0.598129 0.179332
vt 0.611073 0.224301
vt 0.586160 0.207040
vt 0.586160 0.207040
vt 0.611073 0.224301
vt 0.566228 0.209715
vt 0.514307 0.135663
vt 0.500198 0.144617
vt 0.493430 0.110760
vt 0.523399 0.105904
vt 0.514307 0.135663
vt 0.493430 0.110760
vt 0.500198 0.144617
vt 0.475029 0.116481
vt 0.493430 0.110760
vt 0.467569 0.131772
vt 0.475029 0.116481
vt 0.500198 0.144617
vt 0.475029 0.116481
vt 0.467569 0.131772
vt 0.444678 0.122681
vt 0.475029 0.116481
vt 0.461985 0.077488
vt 0.493430 0.110760
vt 0.441478 0.090857
vt 0.461985 0.077488
vt 0.475029 0.116481
vt 0.493430 0.110760
vt 0.461985 0.077488
vt 0.486356 0.081976
vt 0.441478 0.090857
vt 0.475029 0.116481
vt 0.415949 0.102873
vt 0.444678 0.122681
vt 0.415949 0.102873
vt 0.475029 0.116481
vt 0.441478 0.090857
vt 0.431387 0.064174
vt 0.461985 0.077488
vt 0.441478 0.090857
vt 0.410061 0.075808
vt 0.431387 0.064174
vt 0.415949 0.102873
vt 0.410061 0.075808
vt 0.441478 0.090857
vt 0.415949 0.102873
vt 0.390255 0.083831
vt 0.410061 0.075808
vt 0.585010 0.121118
vt 0.611873 0.115437
vt 0.592380 0.138456
vt 0.611873 0.115437
vt 0.585010 0.121118
vt 0.608907 0.089545
vt 0.623754 0.083728
vt 0.611873 0.115437
vt 0.608907 0.089545
vt 0.611873 0.115437
vt 0.623754 0.083728
vt 0.639026 0.072213
vt 0.608907 0.089545
vt 0.619542 0.030924
vt 0.623754 0.083728
vt 0.619542 0.030924
vt 0.608907 0.089545
vt 0.597109 0.053135
vt 0.598129 0.179332
vt 0.627407 0.180534
vt 0.611073 0.224301
vt 0.598129 0.179332
vt 0.594299 0.160157
vt 0.627407 0.180534
vt 0.645217 0.131897
vt 0.627407 0.180534
vt 0.594299 0.160157
vt 0.627407 0.180534
vt 0.645217 0.131897
vt 0.650734 0.183724
vt 0.653687 0.224836
vt 0.627407 0.180534
vt 0.650734 0.183724
vt 0.653687 0.224836
vt 0.611073 0.224301
vt 0.627407 0.180534
vt 0.650734 0.183724
vt 0.645217 0.131897
vt 0.673354 0.158133
vt 0.650734 0.183724
vt 0.673354 0.158133
vt 0.678931 0.227356
vt 0.653687 0.224836
vt 0.650734 0.183724
vt 0.678931 0.227356
vt 0.678931 0.227356
vt 0.673354 0.158133
vt 0.685875 0.198004
vt 0.493430 0.110760
vt 0.486356 0.081976
vt 0.510481 0.085145
vt 0.493430 0.110760
vt 0.510481 0.085145
vt 0.523399 0.105904
vt 0.498392 0.044941
vt 0.510481 0.085145
vt 0.486356 0.081976
vt 0.498392 0.044941
vt 0.534167 0.042460
vt 0.510481 0.085145
vt 0.534167 0.042460
vt 0.498392 0.044941
vt 0.546644 0.015390
vt 0.534167 0.042460
vt 0.543715 0.056968
vt 0.510481 0.085145
vt 0.537842 0.078046
vt 0.510481 0.085145
vt 0.543715 0.056968
vt 0.537811 0.105204
vt 0.510481 0.085145
vt 0.537842 0.078046
vt 0.523399 0.105904
vt 0.510481 0.085145
vt 0.537811 0.105204
vt 0.514307 0.135663
vt 0.523399 0.105904
vt 0.537811 0.105204
vt 0.537842 0.078046
vt 0.543715 0.056968
vt 0.579164 0.045801
vt 0.486356 0.081976
vt 0.468317 0.042863
vt 0.498392 0.044941
vt 0.486356 0.081976
vt 0.461985 0.077488
vt 0.468317 0.042863
vt 0.468317 0.042863
vt 0.461985 0.077488
vt 0.431387 0.064174
vt 0.639026 0.072213
vt 0.652617 0.109734
vt 0.611873 0.115437
vt 0.652617 0.109734
vt 0.623327 0.132125
vt 0.611873 0.115437
vt 0.623327 0.132125
vt 0.592380 0.138456
vt 0.611873 0.115437
vt 0.592380 0.138456
vt 0.623327 0.132125
vt 0.594299 0.160157
vt 0.537842 0.078046
vt 0.582295 0.091360
vt 0.537811 0.105204
vt 0.579164 0.045801
vt 0.582295 0.091360
vt 0.537842 0.078046
vt 0.556605 0.121046
vt 0.537811 0.105204
vt 0.582295 0.091360
vt 0.514307 0.135663
vt 0.537811 0.105204
vt 0.556605 0.121046
vt 0.558571 0.145196
vt 0.514307 0.135663
vt 0.556605 0.121046
vt 0.558571 0.145196
vt 0.556605 0.121046
vt 0.582295 0.091360
vt 0.558571 0.145196
vt 0.582295 0.091360
vt 0.585010 0.121118
vt 0.585010 0.121118
vt 0.582295 0.091360
vt 0.608907 0.089545
vt 0.608907 0.089545
vt 0.582295 0.091360
vt 0.597109 0.053135
vt 0.582295 0.091360
vt 0.579164 0.045801
vt 0.597109 0.053135
vt 0.586759 0.229390
vt 0.570450 0.236278
vt 0.566228 0.209715
vt 0.586759 0.229390
vt 0.566228 0.209715
vt 0.611073 0.224301
vt 0.570450 0.236278
vt 0.586759 0.229390
vt 0.582418 0.259322
vt 0.570450 0.236278
vt 0.582418 0.259322
vt 0.541659 0.238481
vt 0.582418 0.259322
vt 0.586759 0.229390
vt 0.619361 0.245356
vt 0.619361 0.245356
vt 0.586759 0.229390
vt 0.611073 0.224301
vt 0.653687 0.224836
vt 0.619361 0.245356
vt 0.611073 0.224301
vt 0.619361 0.245356
vt 0.631722 0.281833
vt 0.582418 0.259322
vt 0.619361 0.245356
vt 0.656139 0.273302
vt 0.631722 0.281833
vt 0.593355 0.290837
vt 0.582418 0.259322
vt 0.631722 0.281833
vt 0.541659 0.238481
vt 0.582418 0.259322
vt 0.582717 0.285647
vt 0.582717 0.285647
vt 0.538912 0.289681
vt 0.541659 0.238481
vt 0.541659 0.238481
vt 0.538912 0.289681
vt 0.530857 0.242898
vt 0.538912 0.289681
vt 0.515487 0.290535
vt 0.530857 0.242898
vt 0.538912 0.289681
vt 0.512923 0.331144
vt 0.515487 0.290535
vt 0.515487 0.290535
vt 0.484678 0.252973
vt 0.530857 0.242898
vt 0.582717 0.285647
vt 0.512923 0.331144
vt 0.538912 0.289681
vt 0.512923 0.331144
vt 0.582717 0.285647
vt 0.564763 0.321817
vt 0.483324 0.300997
vt 0.484678 0.252973
vt 0.515487 0.290535
vt 0.619361 0.245356
vt 0.653663 0.237161
vt 0.656139 0.273302
vt 0.619361 0.245356
vt 0.653687 0.224836
vt 0.653663 0.237161
vt 0.678931 0.227356
vt 0.653663 0.237161
vt 0.653687 0.224836
vt 0.656139 0.273302
vt 0.653663 0.237161
vt 0.685846 0.254671
vt 0.653663 0.237161
vt 0.678931 0.227356
vt 0.685846 0.254671
vt 0.502050 0.190605
vt 0.495140 0.215878
vt 0.476542 0.232149
vt 0.491751 0.235651
vt 0.476542 0.232149
vt 0.495140 0.215878
vt 0.484678 0.252973
vt 0.476542 0.232149
vt 0.491751 0.235651
vt 0.502050 0.190605
vt 0.476542 0.232149
vt 0.471723 0.210824
vt 0.471723 0.210824
vt 0.476542 0.232149
vt 0.455445 0.252382
vt 0.471723 0.210824
vt 0.455445 0.252382
vt 0.446173 0.227065
vt 0.430440 0.287989
vt 0.446173 0.227065
vt 0.455445 0.252382
vt 0.409946 0.252241
vt 0.446173 0.227065
vt 0.430440 0.287989
vt 0.408107 0.231050
vt 0.446173 0.227065
vt 0.409946 0.252241
vt 0.413331 0.211671
vt 0.446173 0.227065
vt 0.408107 0.231050
vt 0.451130 0.190129
vt 0.446173 0.227065
vt 0.413331 0.211671
vt 0.471723 0.210824
vt 0.446173 0.227065
vt 0.451130 0.190129
vt 0.466439 0.181092
vt 0.471723 0.210824
vt 0.451130 0.190129
vt 0.502050 0.190605
vt 0.471723 0.210824
vt 0.466439 0.181092
vt 0.502050 0.190605
vt 0.466439 0.181092
vt 0.464403 0.166650
vt 0.466439 0.181092
vt 0.440642 0.168840
vt 0.464403 0.166650
vt 0.466439 0.181092
vt 0.451130 0.190129
vt 0.440642 0.168840
vt 0.451130 0.190129
vt 0.413331 0.211671
vt 0.414686 0.182086
vt 0.440642 0.168840
vt 0.451130 0.190129
vt 0.414686 0.182086
vt 0.414686 0.182086
vt 0.413331 0.211671
vt 0.378678 0.155793
vt 0.464447 0.294594
vt 0.455445 0.252382
vt 0.476542 0.232149
vt 0.464447 0.294594
vt 0.430440 0.287989
vt 0.455445 0.252382
vt 0.484678 0.252973
vt 0.464447 0.294594
vt 0.476542 0.232149
vt 0.464447 0.294594
vt 0.484678 0.252973
vt 0.483324 0.300997
vt 0.464447 0.294594
vt 0.442485 0.311838
vt 0.430440 0.287989
vt 0.652617 0.109734
vt 0.639026 0.072213
vt 0.659310 0.091073
vt 0.414686 0.182086
vt 0.418118 0.164977
vt 0.440642 0.168840
vt 0.414686 0.182086
vt 0.378678 0.155793
vt 0.418118 0.164977
vt 0.418118 0.164977
vt 0.410889 0.133895
vt 0.440642 0.168840
vt 0.444678 0.122681
vt 0.440642 0.168840
vt 0.410889 0.133895
vt 0.444678 0.122681
vt 0.410889 0.133895
vt 0.409218 0.120901
vt 0.415949 0.102873
vt 0.444678 0.122681
vt 0.409218 0.120901
vt 0.409218 0.120901
vt 0.410889 0.133895
vt 0.373706 0.118080
vt 0.410889 0.133895
vt 0.387707 0.130944
vt 0.373706 0.118080
vt 0.410889 0.133895
vt 0.405774 0.150068
vt 0.387707 0.130944
vt 0.410889 0.133895
vt 0.418118 0.164977
vt 0.405774 0.150068
vt 0.418118 0.164977
vt 0.378678 0.155793
vt 0.405774 0.150068
vt 0.405774 0.150068
vt 0.378678 0.155793
vt 0.387707 0.130944
vt 0.415949 0.102873
vt 0.409218 0.120901
vt 0.373706 0.118080
vt 0.593355 0.290837
vt 0.631722 0.281833
vt 0.610423 0.322264
vt 0.457371 0.329624
vt 0.442485 0.311838
vt 0.464447 0.294594
vt 0.507909 0.304292
vt 0.483324 0.300997
vt 0.515487 0.290535
vt 0.515487 0.290535
vt 0.512923 0.331144
vt 0.507909 0.304292
vt 0.483324 0.300997
vt 0.507909 0.304292
vt 0.487639 0.323234
vt 0.507909 0.304292
vt 0.512923 0.331144
vt 0.487639 0.323234
vt 0.476595 0.335868
vt 0.483324 0.300997
vt 0.487639 0.323234
vt 0.483324 0.300997
vt 0.476595 0.335868
vt 0.464447 0.294594
vt 0.476595 0.335868
vt 0.457371 0.329624
vt 0.464447 0.294594
vt 0.453403 0.012319
vt 0.468317 0.042863
vt 0.431387 0.064174
vt 0.555924 0.041623
vt 0.543715 0.056968
vt 0.534167 0.042460
vt 0.534167 0.042460
vt 0.546644 0.015390
vt 0.555924 0.041623
vt 0.610423 0.322264
vt 0.631722 0.281833
vt 0.656139 0.273302
vt 0.610423 0.322264
vt 0.656139 0.273302
vt 0.630600 0.335868
vt 0.366118 0.098846
vt 0.390255 0.083831
vt 0.415949 0.102873
vt 0.373706 0.118080
vt 0.366118 0.098846
vt 0.415949 0.102873
vt 0.417032 0.062644
vt 0.431387 0.064174
vt 0.410061 0.075808
vt 0.431387 0.064174
vt 0.417032 0.062644
vt 0.453403 0.012319
vt 0.453403 0.012319
vt 0.417032 0.062644
vt 0.422703 0.006708
vt 0.594299 0.160157
vt 0.637604 0.129560
vt 0.645217 0.131897
vt 0.582418 0.259322
vt 0.588065 0.281015
vt 0.582717 0.285647
vt 0.818837 0.914310
vt 0.813956 0.961853
vt 0.834583 0.936063
vt 0.818837 0.914310
vt 0.834583 0.936063
vt 0.829627 0.888373
vt 0.834583 0.936063
vt 0.865864 0.941933
vt 0.829627 0.888373
vt 0.793187 0.956047
vt 0.813956 0.961853
vt 0.818837 0.914310
vt 0.865864 0.941933
vt 0.849980 0.885361
vt 0.829627 0.888373
vt 0.900358 0.929736
vt 0.849980 0.885361
vt 0.865864 0.941933
vt 0.900358 0.929736
vt 0.884289 0.878248
vt 0.849980 0.885361
vt 0.900358 0.929736
vt 0.865864 0.941933
vt 0.880557 0.977445
vt 0.834583 0.936063
vt 0.880557 0.977445
vt 0.865864 0.941933
vt 0.833443 0.976731
vt 0.880557 0.977445
vt 0.834583 0.936063
vt 0.833443 0.976731
vt 0.834583 0.936063
vt 0.813956 0.961853
vt 0.908579 0.953223
vt 0.900358 0.929736
vt 0.880557 0.977445
vt 0.813956 0.961853
vt 0.819604 0.993942
vt 0.833443 0.976731
vt 0.813956 0.961853
vt 0.801225 0.982198
vt 0.819604 0.993942
vt 0.813956 0.961853
vt 0.793187 0.956047
vt 0.801225 0.982198
vt 0.880557 0.977445
vt 0.894609 0.999553
vt 0.908579 0.953223
vt 0.884289 0.878248
vt 0.900358 0.929736
vt 0.908579 0.866279
vt 0.793187 0.956047
vt 0.818837 0.914310
vt 0.793446 0.925239
vt 0.763865 0.912090
vt 0.793187 0.956047
vt 0.793446 0.925239
vt 0.793446 0.925239
vt 0.818837 0.914310
vt 0.782761 0.909987
vt 0.793446 0.925239
vt 0.782761 0.909987
vt 0.763865 0.912090
vt 0.791325 0.882849
vt 0.818837 0.914310
vt 0.829627 0.888373
vt 0.782761 0.909987
vt 0.818837 0.914310
vt 0.791325 0.882849
vt 0.750569 0.130316
vt 0.767200 0.176376
vt 0.778746 0.125541
vt 0.778746 0.125541
vt 0.767200 0.176376
vt 0.794183 0.139368
vt 0.750569 0.130316
vt 0.778746 0.125541
vt 0.765674 0.090088
vt 0.765674 0.090088
vt 0.721435 0.075936
vt 0.750569 0.130316
vt 0.721435 0.075936
vt 0.731250 0.154307
vt 0.750569 0.130316
vt 0.767200 0.176376
vt 0.750569 0.130316
vt 0.731250 0.154307
vt 0.716261 0.124040
vt 0.731250 0.154307
vt 0.721435 0.075936
vt 0.721435 0.075936
vt 0.765674 0.090088
vt 0.756240 0.057465
vt 0.767200 0.176376
vt 0.731250 0.154307
vt 0.748792 0.187218
vt 0.767200 0.176376
vt 0.804544 0.170373
vt 0.794183 0.139368
vt 0.804544 0.170373
vt 0.767200 0.176376
vt 0.748792 0.187218
vt 0.696465 0.078180
vt 0.716261 0.124040
vt 0.721435 0.075936
vt 0.756240 0.057465
vt 0.737497 0.026386
vt 0.721435 0.075936
vt 0.731250 0.154307
vt 0.716261 0.124040
vt 0.691831 0.160183
vt 0.696465 0.078180
vt 0.679809 0.143740
vt 0.716261 0.124040
vt 0.679809 0.143740
vt 0.691831 0.160183
vt 0.716261 0.124040
vt 0.699691 0.180553
vt 0.731250 0.154307
vt 0.691831 0.160183
vt 0.732539 0.181477
vt 0.731250 0.154307
vt 0.699691 0.180553
vt 0.732539 0.181477
vt 0.748792 0.187218
vt 0.731250 0.154307
vt 0.722243 0.230220
vt 0.732539 0.181477
vt 0.699691 0.180553
vt 0.699957 0.223832
vt 0.722243 0.230220
vt 0.699691 0.180553
vt 0.748792 0.187218
vt 0.796033 0.241516
vt 0.804544 0.170373
vt 0.796033 0.241516
vt 0.817978 0.188157
vt 0.804544 0.170373
vt 0.825819 0.223426
vt 0.817978 0.188157
vt 0.796033 0.241516
vt 0.806582 0.121007
vt 0.794183 0.139368
vt 0.804544 0.170373
vt 0.804544 0.170373
vt 0.838621 0.137198
vt 0.806582 0.121007
vt 0.817978 0.188157
vt 0.838621 0.137198
vt 0.804544 0.170373
vt 0.820158 0.091562
vt 0.806582 0.121007
vt 0.838621 0.137198
vt 0.766837 0.063310
vt 0.794183 0.139368
vt 0.806582 0.121007
vt 0.794183 0.139368
vt 0.766837 0.063310
vt 0.778746 0.125541
vt 0.766837 0.063310
vt 0.765674 0.090088
vt 0.778746 0.125541
vt 0.766837 0.063310
vt 0.756240 0.057465
vt 0.765674 0.090088
vt 0.838263 0.072867
vt 0.820158 0.091562
vt 0.838621 0.137198
vt 0.838263 0.072867
vt 0.838621 0.137198
vt 0.857282 0.126824
vt 0.796033 0.241516
vt 0.822389 0.275045
vt 0.825819 0.223426
vt 0.825819 0.223426
vt 0.822389 0.275045
vt 0.841469 0.238303
vt 0.838621 0.137198
vt 0.817978 0.188157
vt 0.856515 0.165798
vt 0.838621 0.137198
vt 0.856515 0.165798
vt 0.857282 0.126824
vt 0.817978 0.188157
vt 0.861050 0.222969
vt 0.856515 0.165798
vt 0.841469 0.238303
vt 0.861050 0.222969
vt 0.817978 0.188157
vt 0.841469 0.238303
vt 0.817978 0.188157
vt 0.825819 0.223426
vt 0.841469 0.238303
vt 0.822389 0.275045
vt 0.848565 0.263656
vt 0.848565 0.263656
vt 0.861050 0.222969
vt 0.841469 0.238303
vt 0.857282 0.126824
vt 0.855229 0.052581
vt 0.838263 0.072867
vt 0.857282 0.126824
vt 0.867851 0.109839
vt 0.855229 0.052581
vt 0.848565 0.263656
vt 0.867851 0.271640
vt 0.861050 0.222969
vt 0.737497 0.026386
vt 0.756240 0.057465
vt 0.766837 0.063310
vt 0.420404 0.438972
vt 0.404216 0.435035
vt 0.431867 0.407068
vt 0.431867 0.407068
vt 0.404216 0.435035
vt 0.407190 0.380718
vt 0.377097 0.412059
vt 0.407190 0.380718
vt 0.404216 0.435035
vt 0.368185 0.374423
vt 0.407190 0.380718
vt 0.377097 0.412059
vt 0.431867 0.407068
vt 0.407190 0.380718
vt 0.443012 0.379603
vt 0.341763 0.386214
vt 0.368185 0.374423
vt 0.377097 0.412059
vt 0.328255 0.424392
vt 0.341763 0.386214
vt 0.377097 0.412059
vt 0.377097 0.412059
vt 0.344920 0.456621
vt 0.328255 0.424392
vt 0.377097 0.412059
vt 0.404216 0.435035
vt 0.344920 0.456621
vt 0.405719 0.471372
vt 0.344920 0.456621
vt 0.404216 0.435035
vt 0.405719 0.471372
vt 0.404216 0.435035
vt 0.420404 0.438972
vt 0.403887 0.485695
vt 0.344920 0.456621
vt 0.405719 0.471372
vt 0.420404 0.438972
vt 0.443899 0.439881
vt 0.405719 0.471372
vt 0.443899 0.439881
vt 0.420404 0.438972
vt 0.431867 0.407068
vt 0.328255 0.424392
vt 0.298404 0.407484
vt 0.341763 0.386214
vt 0.313294 0.436505
vt 0.298404 0.407484
vt 0.328255 0.424392
vt 0.313294 0.436505
vt 0.292461 0.428230
vt 0.298404 0.407484
vt 0.431867 0.407068
vt 0.450892 0.410387
vt 0.443899 0.439881
vt 0.443012 0.379603
vt 0.450892 0.410387
vt 0.431867 0.407068
vt 0.298404 0.407484
vt 0.311831 0.373369
vt 0.341763 0.386214
vt 0.311831 0.373369
vt 0.329764 0.351710
vt 0.341763 0.386214
vt 0.341763 0.386214
vt 0.329764 0.351710
vt 0.368185 0.374423
vt 0.391773 0.359753
vt 0.407190 0.380718
vt 0.368185 0.374423
vt 0.368185 0.374423
vt 0.329764 0.351710
vt 0.391773 0.359753
vt 0.403887 0.485695
vt 0.363540 0.484908
vt 0.344920 0.456621
vt 0.363540 0.484908
vt 0.330333 0.503614
vt 0.344920 0.456621
vt 0.440357 0.472139
vt 0.405719 0.471372
vt 0.443899 0.439881
vt 0.443899 0.439881
vt 0.455574 0.458435
vt 0.440357 0.472139
vt 0.440357 0.472139
vt 0.455574 0.458435
vt 0.457415 0.502835
vt 0.457415 0.502835
vt 0.455574 0.458435
vt 0.472216 0.491081
vt 0.429926 0.499980
vt 0.405719 0.471372
vt 0.440357 0.472139
vt 0.440357 0.472139
vt 0.457415 0.502835
vt 0.429926 0.499980
vt 0.403887 0.485695
vt 0.405719 0.471372
vt 0.429926 0.499980
vt 0.472216 0.491081
vt 0.455574 0.458435
vt 0.484629 0.480252
vt 0.455574 0.458435
vt 0.464592 0.440865
vt 0.484629 0.480252
vt 0.455574 0.458435
vt 0.443899 0.439881
vt 0.464592 0.440865
vt 0.464592 0.440865
vt 0.443899 0.439881
vt 0.450892 0.410387
vt 0.484629 0.480252
vt 0.464592 0.440865
vt 0.479051 0.426951
vt 0.479051 0.426951
vt 0.464592 0.440865
vt 0.450892 0.410387
vt 0.484629 0.480252
vt 0.479051 0.426951
vt 0.518540 0.451410
vt 0.479051 0.426951
vt 0.500467 0.396941
vt 0.518540 0.451410
vt 0.477675 0.390517
vt 0.479051 0.426951
vt 0.450892 0.410387
vt 0.479051 0.426951
vt 0.477675 0.390517
vt 0.500467 0.396941
vt 0.477675 0.390517
vt 0.450892 0.410387
vt 0.443012 0.379603
vt 0.477675 0.390517
vt 0.443012 0.379603
vt 0.464468 0.370877
vt 0.487351 0.514964
vt 0.457415 0.502835
vt 0.472216 0.491081
vt 0.484629 0.480252
vt 0.487351 0.514964
vt 0.472216 0.491081
vt 0.470571 0.536481
vt 0.457415 0.502835
vt 0.487351 0.514964
vt 0.443012 0.379603
vt 0.434269 0.356967
vt 0.464468 0.370877
vt 0.407190 0.380718
vt 0.434269 0.356967
vt 0.443012 0.379603
vt 0.407190 0.380718
vt 0.421301 0.341218
vt 0.434269 0.356967
vt 0.407190 0.380718
vt 0.391773 0.359753
vt 0.421301 0.341218
vt 0.331763 0.457657
vt 0.313294 0.436505
vt 0.328255 0.424392
vt 0.344920 0.456621
vt 0.331763 0.457657
vt 0.328255 0.424392
vt 0.296423 0.468604
vt 0.313294 0.436505
vt 0.331763 0.457657
vt 0.313294 0.436505
vt 0.296423 0.468604
vt 0.292461 0.428230
vt 0.331763 0.457657
vt 0.308674 0.484681
vt 0.296423 0.468604
vt 0.487351 0.514964
vt 0.484629 0.480252
vt 0.503297 0.498974
vt 0.503297 0.498974
vt 0.484629 0.480252
vt 0.518540 0.451410
vt 0.525632 0.480965
vt 0.503297 0.498974
vt 0.518540 0.451410
vt 0.536422 0.513632
vt 0.503297 0.498974
vt 0.525632 0.480965
vt 0.513255 0.534258
vt 0.503297 0.498974
vt 0.536422 0.513632
vt 0.513255 0.534258
vt 0.487351 0.514964
vt 0.503297 0.498974
vt 0.487351 0.514964
vt 0.513255 0.534258
vt 0.470571 0.536481
vt 0.513255 0.534258
vt 0.533568 0.560376
vt 0.470571 0.536481
vt 0.533568 0.560376
vt 0.513255 0.534258
vt 0.536422 0.513632
vt 0.544024 0.536073
vt 0.533568 0.560376
vt 0.536422 0.513632
vt 0.322654 0.507564
vt 0.331763 0.457657
vt 0.344920 0.456621
vt 0.308674 0.484681
vt 0.331763 0.457657
vt 0.322654 0.507564
vt 0.308674 0.484681
vt 0.322654 0.507564
vt 0.317039 0.522268
vt 0.334522 0.560376
vt 0.317039 0.522268
vt 0.322654 0.507564
vt 0.329764 0.351710
vt 0.355977 0.334373
vt 0.391773 0.359753
vt 0.421301 0.341218
vt 0.391773 0.359753
vt 0.355977 0.334373
vt 0.477675 0.390517
vt 0.500480 0.380490
vt 0.500467 0.396941
vt 0.538240 0.392134
vt 0.500467 0.396941
vt 0.500480 0.380490
vt 0.581243 0.522714
vt 0.544024 0.536073
vt 0.536422 0.513632
vt 0.562312 0.466040
vt 0.581243 0.522714
vt 0.536422 0.513632
vt 0.562312 0.466040
vt 0.536422 0.513632
vt 0.525632 0.480965
vt 0.518540 0.451410
vt 0.562312 0.466040
vt 0.525632 0.480965
vt 0.554081 0.445365
vt 0.562312 0.466040
vt 0.518540 0.451410
vt 0.515376 0.429100
vt 0.554081 0.445365
vt 0.518540 0.451410
vt 0.500467 0.396941
vt 0.515376 0.429100
vt 0.518540 0.451410
vt 0.554081 0.445365
vt 0.515376 0.429100
vt 0.540999 0.420445
vt 0.500467 0.396941
vt 0.540999 0.420445
vt 0.515376 0.429100
vt 0.540999 0.420445
vt 0.500467 0.396941
vt 0.538240 0.392134
vt 0.477033 0.363366
vt 0.477675 0.390517
vt 0.464468 0.370877
vt 0.477033 0.363366
vt 0.500480 0.380490
vt 0.477675 0.390517
vt 0.464468 0.370877
vt 0.434269 0.356967
vt 0.477033 0.363366
vt 0.434269 0.356967
vt 0.443050 0.329879
vt 0.477033 0.363366
vt 0.434269 0.356967
vt 0.421301 0.341218
vt 0.443050 0.329879
vt 0.421301 0.341218
vt 0.355977 0.334373
vt 0.389078 0.313506
vt 0.358791 0.318349
vt 0.389078 0.313506
vt 0.355977 0.334373
vt 0.443050 0.329879
vt 0.421301 0.341218
vt 0.389078 0.313506
vt 0.579003 0.431157
vt 0.554081 0.445365
vt 0.540999 0.420445
vt 0.579003 0.431157
vt 0.540999 0.420445
vt 0.538240 0.392134
vt 0.496975 0.352535
vt 0.500480 0.380490
vt 0.477033 0.363366
vt 0.496975 0.352535
vt 0.534979 0.373680
vt 0.500480 0.380490
vt 0.538240 0.392134
vt 0.500480 0.380490
vt 0.534979 0.373680
vt 0.534979 0.373680
vt 0.583622 0.401303
vt 0.538240 0.392134
vt 0.538240 0.392134
vt 0.583622 0.401303
vt 0.579003 0.431157
vt 0.537559 0.676843
vt 0.496933 0.658164
vt 0.525099 0.645893
vt 0.525099 0.645893
vt 0.496933 0.658164
vt 0.492820 0.640739
vt 0.496933 0.658164
vt 0.455292 0.649774
vt 0.492820 0.640739
vt 0.537559 0.676843
vt 0.503461 0.686083
vt 0.496933 0.658164
vt 0.503461 0.686083
vt 0.455292 0.649774
vt 0.496933 0.658164
vt 0.503461 0.686083
vt 0.457568 0.679542
vt 0.455292 0.649774
vt 0.467538 0.625487
vt 0.492820 0.640739
vt 0.455292 0.649774
vt 0.514800 0.628107
vt 0.525099 0.645893
vt 0.492820 0.640739
vt 0.514800 0.628107
vt 0.492820 0.640739
vt 0.467538 0.625487
vt 0.525099 0.645893
vt 0.562623 0.660566
vt 0.537559 0.676843
vt 0.537559 0.676843
vt 0.562623 0.660566
vt 0.564501 0.678109
vt 0.537559 0.676843
vt 0.532553 0.696233
vt 0.503461 0.686083
vt 0.575801 0.704383
vt 0.532553 0.696233
vt 0.537559 0.676843
vt 0.575801 0.704383
vt 0.537559 0.676843
vt 0.564501 0.678109
vt 0.575801 0.704383
vt 0.564501 0.678109
vt 0.592264 0.684069
vt 0.592264 0.684069
vt 0.564501 0.678109
vt 0.562623 0.660566
vt 0.575801 0.704383
vt 0.592264 0.684069
vt 0.602177 0.697519
vt 0.562623 0.660566
vt 0.584112 0.658290
vt 0.592264 0.684069
vt 0.592264 0.684069
vt 0.584112 0.658290
vt 0.633016 0.673653
vt 0.633016 0.673653
vt 0.602177 0.697519
vt 0.592264 0.684069
vt 0.633016 0.673653
vt 0.584112 0.658290
vt 0.604565 0.651673
vt 0.446527 0.612254
vt 0.467538 0.625487
vt 0.455292 0.649774
vt 0.446527 0.612254
vt 0.455292 0.649774
vt 0.384843 0.614084
vt 0.396400 0.648767
vt 0.384843 0.614084
vt 0.455292 0.649774
vt 0.365478 0.638751
vt 0.384843 0.614084
vt 0.396400 0.648767
vt 0.365478 0.638751
vt 0.396400 0.648767
vt 0.368905 0.654609
vt 0.425326 0.677706
vt 0.455292 0.649774
vt 0.457568 0.679542
vt 0.396400 0.648767
vt 0.455292 0.649774
vt 0.425326 0.677706
vt 0.396400 0.648767
vt 0.382243 0.678386
vt 0.368905 0.654609
vt 0.406280 0.673002
vt 0.382243 0.678386
vt 0.396400 0.648767
vt 0.396400 0.648767
vt 0.425326 0.677706
vt 0.406280 0.673002
vt 0.382243 0.678386
vt 0.344011 0.673006
vt 0.368905 0.654609
vt 0.344011 0.673006
vt 0.382243 0.678386
vt 0.332773 0.686976
vt 0.289685 0.688685
vt 0.344011 0.673006
vt 0.332773 0.686976
vt 0.289685 0.688685
vt 0.332773 0.686976
vt 0.270656 0.702877
vt 0.270656 0.702877
vt 0.243630 0.681162
vt 0.289685 0.688685
vt 0.270656 0.702877
vt 0.240468 0.704383
vt 0.243630 0.681162
vt 0.650308 0.389455
vt 0.631849 0.432419
vt 0.639285 0.455119
vt 0.623520 0.376519
vt 0.631849 0.432419
vt 0.650308 0.389455
vt 0.623520 0.376519
vt 0.617138 0.423033
vt 0.631849 0.432419
vt 0.618671 0.460774
vt 0.631849 0.432419
vt 0.617138 0.423033
vt 0.639285 0.455119
vt 0.631849 0.432419
vt 0.618671 0.460774
vt 0.618671 0.460774
vt 0.635742 0.515273
vt 0.639285 0.455119
vt 0.650308 0.389455
vt 0.659964 0.360238
vt 0.623520 0.376519
vt 0.648374 0.326662
vt 0.623520 0.376519
vt 0.659964 0.360238
vt 0.650308 0.389455
vt 0.639285 0.455119
vt 0.675846 0.392959
vt 0.675846 0.392959
vt 0.659964 0.360238
vt 0.650308 0.389455
vt 0.659964 0.360238
vt 0.675846 0.392959
vt 0.691075 0.361236
vt 0.665054 0.340180
vt 0.659964 0.360238
vt 0.691075 0.361236
vt 0.648374 0.326662
vt 0.659964 0.360238
vt 0.665054 0.340180
vt 0.648374 0.326662
vt 0.665054 0.340180
vt 0.679894 0.326195
vt 0.679894 0.326195
vt 0.665054 0.340180
vt 0.691075 0.361236
vt 0.648374 0.326662
vt 0.679894 0.326195
vt 0.669562 0.295617
vt 0.602686 0.490568
vt 0.635742 0.515273
vt 0.618671 0.460774
vt 0.635742 0.515273
vt 0.602686 0.490568
vt 0.621821 0.540946
vt 0.621821 0.540946
vt 0.634707 0.582481
vt 0.635742 0.515273
vt 0.634707 0.582481
vt 0.644491 0.561972
vt 0.635742 0.515273
vt 0.646325 0.589555
vt 0.644491 0.561972
vt 0.634707 0.582481
vt 0.631238 0.633152
vt 0.646325 0.589555
vt 0.634707 0.582481
vt 0.646325 0.589555
vt 0.631238 0.633152
vt 0.647123 0.625073
vt 0.647123 0.625073
vt 0.631238 0.633152
vt 0.659930 0.655961
vt 0.648635 0.669657
vt 0.659930 0.655961
vt 0.631238 0.633152
vt 0.648635 0.669657
vt 0.673341 0.667183
vt 0.659930 0.655961
vt 0.673341 0.667183
vt 0.648635 0.669657
vt 0.661272 0.707961
vt 0.661272 0.707961
vt 0.691075 0.701911
vt 0.673341 0.667183
vt 0.146195 0.708319
vt 0.150714 0.738100
vt 0.133350 0.767306
vt 0.150714 0.738100
vt 0.146195 0.708319
vt 0.170858 0.742773
vt 0.146195 0.708319
vt 0.208514 0.750278
vt 0.170858 0.742773
vt 0.208514 0.750278
vt 0.146195 0.708319
vt 0.173404 0.701236
vt 0.173404 0.701236
vt 0.228336 0.706059
vt 0.208514 0.750278
vt 0.228336 0.706059
vt 0.173404 0.701236
vt 0.212753 0.684881
vt 0.133350 0.767306
vt 0.121886 0.746710
vt 0.146195 0.708319
vt 0.146195 0.708319
vt 0.121886 0.746710
vt 0.116600 0.717838
vt 0.121886 0.746710
vt 0.081298 0.741442
vt 0.116600 0.717838
vt 0.116600 0.717838
vt 0.081298 0.741442
vt 0.093355 0.703423
vt 0.123796 0.688208
vt 0.116600 0.717838
vt 0.093355 0.703423
vt 0.065506 0.709648
vt 0.093355 0.703423
vt 0.081298 0.741442
vt 0.031744 0.743197
vt 0.065506 0.709648
vt 0.081298 0.741442
vt 0.092700 0.798260
vt 0.081298 0.741442
vt 0.121886 0.746710
vt 0.133350 0.767306
vt 0.092700 0.798260
vt 0.121886 0.746710
vt 0.066580 0.777128
vt 0.081298 0.741442
vt 0.092700 0.798260
vt 0.044555 0.806901
vt 0.066580 0.777128
vt 0.092700 0.798260
vt 0.066580 0.777128
vt 0.031744 0.743197
vt 0.081298 0.741442
vt 0.133788 0.796628
vt 0.092700 0.798260
vt 0.133350 0.767306
vt 0.031744 0.743197
vt 0.066580 0.777128
vt 0.017603 0.773576
vt 0.017603 0.773576
vt 0.066580 0.777128
vt 0.044555 0.806901
vt 0.146195 0.708319
vt 0.116600 0.717838
vt 0.141198 0.675607
vt 0.123796 0.688208
vt 0.141198 0.675607
vt 0.116600 0.717838
vt 0.146195 0.708319
vt 0.141198 0.675607
vt 0.160084 0.665027
vt 0.146195 0.708319
vt 0.160084 0.665027
vt 0.173404 0.701236
vt 0.212753 0.684881
vt 0.173404 0.701236
vt 0.160084 0.665027
vt 0.212753 0.684881
vt 0.160084 0.665027
vt 0.200079 0.669257
vt 0.065506 0.709648
vt 0.089355 0.680247
vt 0.093355 0.703423
vt 0.089355 0.680247
vt 0.123796 0.688208
vt 0.093355 0.703423
vt 0.150714 0.738100
vt 0.170858 0.742773
vt 0.157003 0.775162
vt 0.157003 0.775162
vt 0.170858 0.742773
vt 0.173835 0.780770
vt 0.065506 0.709648
vt 0.057467 0.694143
vt 0.089355 0.680247
vt 0.031744 0.743197
vt 0.057467 0.694143
vt 0.065506 0.709648
vt 0.170858 0.742773
vt 0.208514 0.750278
vt 0.187857 0.755921
vt 0.157003 0.775162
vt 0.133788 0.796628
vt 0.150714 0.738100
vt 0.133350 0.767306
vt 0.150714 0.738100
vt 0.133788 0.796628
vt 0.133788 0.796628
vt 0.157003 0.775162
vt 0.164770 0.797003
vt 0.164770 0.797003
vt 0.157003 0.775162
vt 0.173835 0.780770
vt 0.044555 0.806901
vt 0.014298 0.797129
vt 0.017603 0.773576
vt 0.092700 0.798260
vt 0.060418 0.837657
vt 0.044555 0.806901
vt 0.060418 0.837657
vt 0.092700 0.798260
vt 0.091180 0.835673
vt 0.091180 0.835673
vt 0.092700 0.798260
vt 0.133788 0.796628
vt 0.191299 0.777306
vt 0.170858 0.742773
vt 0.187857 0.755921
vt 0.191299 0.777306
vt 0.173835 0.780770
vt 0.170858 0.742773
vt 0.173704 0.817811
vt 0.164770 0.797003
vt 0.173835 0.780770
vt 0.149447 0.819289
vt 0.164770 0.797003
vt 0.173704 0.817811
vt 0.149447 0.819289
vt 0.133788 0.796628
vt 0.164770 0.797003
vt 0.142943 0.837657
vt 0.149447 0.819289
vt 0.173704 0.817811
vt 0.173835 0.780770
vt 0.191299 0.777306
vt 0.192125 0.822900
vt 0.173835 0.780770
vt 0.192125 0.822900
vt 0.173704 0.817811
vt 0.192125 0.822900
vt 0.191299 0.777306
vt 0.209242 0.796623
vt 0.057467 0.694143
vt 0.031744 0.743197
vt 0.044250 0.704850
vt 0.854806 0.410014
vt 0.849776 0.374229
vt 0.829503 0.378813
vt 0.831670 0.431523
vt 0.854806 0.410014
vt 0.829503 0.378813
vt 0.829503 0.378813
vt 0.808664 0.392347
vt 0.831670 0.431523
vt 0.831670 0.431523
vt 0.857799 0.446959
vt 0.854806 0.410014
vt 0.857799 0.446959
vt 0.831670 0.431523
vt 0.843603 0.469141
vt 0.825065 0.454785
vt 0.843603 0.469141
vt 0.831670 0.431523
vt 0.831670 0.431523
vt 0.808664 0.392347
vt 0.804855 0.440452
vt 0.804855 0.440452
vt 0.825065 0.454785
vt 0.831670 0.431523
vt 0.834954 0.347262
vt 0.829503 0.378813
vt 0.849776 0.374229
vt 0.834954 0.347262
vt 0.816619 0.347534
vt 0.829503 0.378813
vt 0.808664 0.392347
vt 0.829503 0.378813
vt 0.816619 0.347534
vt 0.853587 0.326845
vt 0.834954 0.347262
vt 0.849776 0.374229
vt 0.816619 0.347534
vt 0.834954 0.347262
vt 0.853587 0.326845
vt 0.825094 0.332272
vt 0.816619 0.347534
vt 0.853587 0.326845
vt 0.853587 0.326845
vt 0.833798 0.297674
vt 0.825094 0.332272
vt 0.849776 0.374229
vt 0.867478 0.366737
vt 0.853587 0.326845
vt 0.853587 0.326845
vt 0.866562 0.276593
vt 0.833798 0.297674
vt 0.816619 0.347534
vt 0.785529 0.373007
vt 0.808664 0.392347
vt 0.853587 0.326845
vt 0.867478 0.366737
vt 0.876964 0.319869
vt 0.876964 0.319869
vt 0.886049 0.298285
vt 0.853587 0.326845
vt 0.853587 0.326845
vt 0.886049 0.298285
vt 0.866562 0.276593
vt 0.886049 0.298285
vt 0.885815 0.256261
vt 0.866562 0.276593
vt 0.872798 0.394926
vt 0.867478 0.366737
vt 0.849776 0.374229
vt 0.854806 0.410014
vt 0.857799 0.446959
vt 0.886049 0.419906
vt 0.849776 0.374229
vt 0.854806 0.410014
vt 0.886049 0.419906
vt 0.849776 0.374229
vt 0.886049 0.419906
vt 0.872798 0.394926
vt 0.867478 0.366737
vt 0.872798 0.394926
vt 0.882414 0.369720
vt 0.882414 0.369720
vt 0.876964 0.319869
vt 0.867478 0.366737
vt 0.857799 0.446959
vt 0.843603 0.469141
vt 0.886049 0.419906
vt 0.134571 0.838356
vt 0.074406 0.866143
vt 0.148226 0.854677
vt 0.170932 0.844435
vt 0.134571 0.838356
vt 0.148226 0.854677
vt 0.134571 0.838356
vt 0.116954 0.826607
vt 0.074406 0.866143
vt 0.116954 0.826607
vt 0.062345 0.854697
vt 0.074406 0.866143
vt 0.036828 0.884168
vt 0.074406 0.866143
vt 0.062345 0.854697
vt 0.045292 0.852804
vt 0.036828 0.884168
vt 0.062345 0.854697
vt 0.185426 0.849253
vt 0.170932 0.844435
vt 0.148226 0.854677
vt 0.204007 0.822451
vt 0.170932 0.844435
vt 0.185426 0.849253
vt 0.237769 0.828109
vt 0.204007 0.822451
vt 0.185426 0.849253
vt 0.237769 0.828109
vt 0.185426 0.849253
vt 0.240946 0.841638
vt 0.251838 0.870006
vt 0.240946 0.841638
vt 0.185426 0.849253
vt 0.240946 0.841638
vt 0.251838 0.870006
vt 0.294194 0.884168
vt 0.294194 0.884168
vt 0.273974 0.843557
vt 0.240946 0.841638
vt 0.273974 0.843557
vt 0.237769 0.828109
vt 0.240946 0.841638
vt 0.746751 0.564972
vt 0.700797 0.545688
vt 0.712967 0.568354
vt 0.746751 0.564972
vt 0.712967 0.568354
vt 0.716565 0.590708
vt 0.746751 0.564972
vt 0.752960 0.530071
vt 0.700797 0.545688
vt 0.700797 0.545688
vt 0.752960 0.530071
vt 0.704840 0.522257
vt 0.752960 0.530071
vt 0.722223 0.499845
vt 0.704840 0.522257
vt 0.672979 0.539546
vt 0.700797 0.545688
vt 0.704840 0.522257
vt 0.672979 0.539546
vt 0.682080 0.565634
vt 0.700797 0.545688
vt 0.682080 0.565634
vt 0.712967 0.568354
vt 0.700797 0.545688
vt 0.660905 0.545858
vt 0.682080 0.565634
vt 0.672979 0.539546
vt 0.746751 0.564972
vt 0.776791 0.550288
vt 0.752960 0.530071
vt 0.746751 0.564972
vt 0.716565 0.590708
vt 0.750041 0.583840
vt 0.750041 0.583840
vt 0.776791 0.550288
vt 0.746751 0.564972
vt 0.750041 0.583840
vt 0.716565 0.590708
vt 0.730172 0.631402
vt 0.730172 0.631402
vt 0.769350 0.629047
vt 0.750041 0.583840
vt 0.730172 0.631402
vt 0.753153 0.640982
vt 0.769350 0.629047
vt 0.742765 0.684060
vt 0.753153 0.640982
vt 0.730172 0.631402
vt 0.753153 0.640982
vt 0.742765 0.684060
vt 0.761288 0.681810
vt 0.761288 0.681810
vt 0.769350 0.629047
vt 0.753153 0.640982
vt 0.782201 0.666069
vt 0.769350 0.629047
vt 0.761288 0.681810
vt 0.750041 0.583840
vt 0.789603 0.586893
vt 0.776791 0.550288
vt 0.769350 0.629047
vt 0.789603 0.586893
vt 0.750041 0.583840
vt 0.739971 0.707066
vt 0.761288 0.681810
vt 0.742765 0.684060
vt 0.722223 0.499845
vt 0.690328 0.510113
vt 0.704840 0.522257
vt 0.672979 0.539546
vt 0.704840 0.522257
vt 0.690328 0.510113
vt 0.690328 0.510113
vt 0.722223 0.499845
vt 0.664280 0.493274
vt 0.672979 0.539546
vt 0.690328 0.510113
vt 0.664280 0.493274
vt 0.664280 0.493274
vt 0.722223 0.499845
vt 0.671581 0.465132
vt 0.671581 0.465132
vt 0.722223 0.499845
vt 0.731377 0.472329
vt 0.752956 0.483902
vt 0.731377 0.472329
vt 0.722223 0.499845
vt 0.722223 0.499845
vt 0.752960 0.530071
vt 0.752956 0.483902
vt 0.752960 0.530071
vt 0.771483 0.498121
vt 0.752956 0.483902
vt 0.771483 0.498121
vt 0.752960 0.530071
vt 0.776791 0.550288
vt 0.645940 0.529952
vt 0.664280 0.493274
vt 0.671581 0.465132
vt 0.645940 0.529952
vt 0.672979 0.539546
vt 0.664280 0.493274
vt 0.645940 0.529952
vt 0.660905 0.545858
vt 0.672979 0.539546
vt 0.645147 0.515371
vt 0.645940 0.529952
vt 0.671581 0.465132
vt 0.671581 0.465132
vt 0.731377 0.472329
vt 0.685600 0.446210
vt 0.731377 0.472329
vt 0.725235 0.424683
vt 0.685600 0.446210
vt 0.685600 0.446210
vt 0.725235 0.424683
vt 0.697447 0.414580
vt 0.771483 0.498121
vt 0.776791 0.550288
vt 0.798979 0.528623
vt 0.730172 0.631402
vt 0.724813 0.637367
vt 0.742765 0.684060
vt 0.716565 0.590708
vt 0.724813 0.637367
vt 0.730172 0.631402
vt 0.704962 0.584112
vt 0.716565 0.590708
vt 0.712967 0.568354
vt 0.704962 0.584112
vt 0.712967 0.568354
vt 0.682080 0.565634
vt 0.716565 0.590708
vt 0.704962 0.584112
vt 0.686627 0.598058
vt 0.686627 0.598058
vt 0.704962 0.584112
vt 0.675890 0.585353
vt 0.704962 0.584112
vt 0.682080 0.565634
vt 0.675890 0.585353
vt 0.686627 0.598058
vt 0.685467 0.631228
vt 0.716565 0.590708
vt 0.686627 0.598058
vt 0.661865 0.623282
vt 0.685467 0.631228
vt 0.661865 0.623282
vt 0.686627 0.598058
vt 0.660730 0.596309
vt 0.675890 0.585353
vt 0.660730 0.596309
vt 0.686627 0.598058
vt 0.724813 0.637367
vt 0.739971 0.707066
vt 0.742765 0.684060
vt 0.795011 0.631923
vt 0.789603 0.586893
vt 0.769350 0.629047
vt 0.769350 0.629047
vt 0.782201 0.666069
vt 0.795011 0.631923
vt 0.782201 0.666069
vt 0.800997 0.647457
vt 0.795011 0.631923
vt 0.795011 0.631923
vt 0.800997 0.647457
vt 0.820191 0.594917
vt 0.795011 0.631923
vt 0.820191 0.594917
vt 0.789603 0.586893
vt 0.776791 0.550288
vt 0.789603 0.586893
vt 0.797777 0.561451
vt 0.797777 0.561451
vt 0.798979 0.528623
vt 0.776791 0.550288
vt 0.797777 0.561451
vt 0.789603 0.586893
vt 0.820191 0.594917
vt 0.793601 0.490697
vt 0.771483 0.498121
vt 0.798979 0.528623
vt 0.815259 0.630229
vt 0.820191 0.594917
vt 0.800997 0.647457
vt 0.820191 0.456427
vt 0.771483 0.498121
vt 0.793601 0.490697
vt 0.934575 0.363041
vt 0.939775 0.356440
vt 0.939775 0.411896
vt 0.198873 0.660555
vt 0.231802 0.660555
vt 0.221141 0.658766
vt 0.136838 0.565284
vt 0.173502 0.562113
vt 0.179041 0.588478
vt 0.179041 0.588478
vt 0.113813 0.601963
vt 0.136838 0.565284
vt 0.179041 0.588478
vt 0.164790 0.612279
vt 0.113813 0.601963
vt 0.126135 0.634874
vt 0.113813 0.601963
vt 0.164790 0.612279
vt 0.113813 0.601963
vt 0.097008 0.545870
vt 0.136838 0.565284
vt 0.136838 0.565284
vt 0.139435 0.525016
vt 0.173502 0.562113
vt 0.136838 0.565284
vt 0.097008 0.545870
vt 0.139435 0.525016
vt 0.173502 0.562113
vt 0.139435 0.525016
vt 0.181856 0.521077
vt 0.082979 0.575538
vt 0.097008 0.545870
vt 0.113813 0.601963
vt 0.074775 0.606876
vt 0.082979 0.575538
vt 0.113813 0.601963
vt 0.074775 0.606876
vt 0.113813 0.601963
vt 0.089003 0.627114
vt 0.082979 0.575538
vt 0.070643 0.546630
vt 0.097008 0.545870
vt 0.059996 0.585474
vt 0.070643 0.546630
vt 0.082979 0.575538
vt 0.082979 0.575538
vt 0.074775 0.606876
vt 0.059996 0.585474
vt 0.164790 0.612279
vt 0.178839 0.627746
vt 0.126135 0.634874
vt 0.179041 0.588478
vt 0.178839 0.627746
vt 0.164790 0.612279
vt 0.113813 0.601963
vt 0.109142 0.647961
vt 0.089003 0.627114
vt 0.126135 0.634874
vt 0.109142 0.647961
vt 0.113813 0.601963
vt 0.173502 0.562113
vt 0.181856 0.521077
vt 0.209531 0.515291
vt 0.173502 0.562113
vt 0.209531 0.515291
vt 0.197455 0.547967
vt 0.209531 0.515291
vt 0.229284 0.542271
vt 0.197455 0.547967
vt 0.229284 0.542271
vt 0.223539 0.580145
vt 0.197455 0.547967
vt 0.194957 0.581878
vt 0.197455 0.547967
vt 0.223539 0.580145
vt 0.194957 0.581878
vt 0.173502 0.562113
vt 0.197455 0.547967
vt 0.194957 0.581878
vt 0.179041 0.588478
vt 0.173502 0.562113
vt 0.229284 0.542271
vt 0.259197 0.596632
vt 0.223539 0.580145
vt 0.281424 0.547306
vt 0.259197 0.596632
vt 0.229284 0.542271
vt 0.194957 0.581878
vt 0.223539 0.580145
vt 0.204438 0.608187
vt 0.194957 0.581878
vt 0.204438 0.608187
vt 0.179041 0.588478
vt 0.204438 0.608187
vt 0.223539 0.580145
vt 0.217229 0.620267
vt 0.281424 0.547306
vt 0.284154 0.588473
vt 0.259197 0.596632
vt 0.259197 0.596632
vt 0.284154 0.588473
vt 0.269929 0.627683
vt 0.281424 0.547306
vt 0.301449 0.585151
vt 0.284154 0.588473
vt 0.296234 0.639395
vt 0.284154 0.588473
vt 0.301449 0.585151
vt 0.296234 0.639395
vt 0.269929 0.627683
vt 0.284154 0.588473
vt 0.269929 0.627683
vt 0.244495 0.600158
vt 0.259197 0.596632
vt 0.223539 0.580145
vt 0.259197 0.596632
vt 0.244495 0.600158
vt 0.209531 0.515291
vt 0.181856 0.521077
vt 0.225201 0.500034
vt 0.229284 0.542271
vt 0.209531 0.515291
vt 0.225201 0.500034
vt 0.229284 0.542271
vt 0.225201 0.500034
vt 0.266635 0.519078
vt 0.281424 0.547306
vt 0.229284 0.542271
vt 0.266635 0.519078
vt 0.179041 0.588478
vt 0.204438 0.608187
vt 0.205451 0.632746
vt 0.178839 0.627746
vt 0.179041 0.588478
vt 0.205451 0.632746
vt 0.204438 0.608187
vt 0.217229 0.620267
vt 0.205451 0.632746
vt 0.244495 0.600158
vt 0.229402 0.600174
vt 0.223539 0.580145
vt 0.217229 0.620267
vt 0.223539 0.580145
vt 0.229402 0.600174
vt 0.217229 0.620267
vt 0.229402 0.600174
vt 0.235843 0.629419
vt 0.269929 0.627683
vt 0.229402 0.600174
vt 0.244495 0.600158
vt 0.235843 0.629419
vt 0.229402 0.600174
vt 0.250729 0.622175
vt 0.251129 0.647709
vt 0.235843 0.629419
vt 0.250729 0.622175
vt 0.250729 0.622175
vt 0.277005 0.649737
vt 0.251129 0.647709
vt 0.269929 0.627683
vt 0.277005 0.649737
vt 0.250729 0.622175
vt 0.277005 0.649737
vt 0.266155 0.670637
vt 0.251129 0.647709
vt 0.301449 0.585151
vt 0.325390 0.656709
vt 0.296234 0.639395
vt 0.089003 0.627114
vt 0.109142 0.647961
vt 0.097049 0.662290
vt 0.097008 0.545870
vt 0.094611 0.522394
vt 0.139435 0.525016
vt 0.094611 0.522394
vt 0.097008 0.545870
vt 0.070643 0.546630
vt 0.142912 0.511152
vt 0.139435 0.525016
vt 0.094611 0.522394
vt 0.319778 0.673077
vt 0.296234 0.639395
vt 0.325390 0.656709
vt 0.319778 0.673077
vt 0.269929 0.627683
vt 0.296234 0.639395
vt 0.277005 0.649737
vt 0.269929 0.627683
vt 0.319778 0.673077
vt 0.139435 0.525016
vt 0.158811 0.493756
vt 0.181856 0.521077
vt 0.139435 0.525016
vt 0.142912 0.511152
vt 0.158811 0.493756
vt 0.115267 0.493107
vt 0.142912 0.511152
vt 0.094611 0.522394
vt 0.158811 0.493756
vt 0.142912 0.511152
vt 0.115267 0.493107
vt 0.158811 0.493756
vt 0.178224 0.476486
vt 0.181856 0.521077
vt 0.225201 0.500034
vt 0.181856 0.521077
vt 0.178224 0.476486
vt 0.094611 0.522394
vt 0.070643 0.546630
vt 0.057650 0.518022
vt 0.266635 0.519078
vt 0.297913 0.523703
vt 0.281424 0.547306
vt 0.070643 0.546630
vt 0.019179 0.518546
vt 0.057650 0.518022
vt 0.094611 0.522394
vt 0.057650 0.518022
vt 0.058689 0.500887
vt 0.094611 0.522394
vt 0.058689 0.500887
vt 0.115267 0.493107
vt 0.057650 0.518022
vt 0.019179 0.518546
vt 0.058689 0.500887
vt 0.019179 0.518546
vt 0.015265 0.482544
vt 0.058689 0.500887
vt 0.000433 0.507506
vt 0.015265 0.482544
vt 0.019179 0.518546
vt 0.136963 0.466458
vt 0.158811 0.493756
vt 0.115267 0.493107
vt 0.158811 0.493756
vt 0.136963 0.466458
vt 0.178224 0.476486
vt 0.297913 0.523703
vt 0.266635 0.519078
vt 0.292530 0.502924
vt 0.266635 0.519078
vt 0.257042 0.489810
vt 0.292530 0.502924
vt 0.225201 0.500034
vt 0.257042 0.489810
vt 0.266635 0.519078
vt 0.058689 0.500887
vt 0.015265 0.482544
vt 0.053402 0.478850
vt 0.053402 0.478850
vt 0.091430 0.482864
vt 0.058689 0.500887
vt 0.058689 0.500887
vt 0.091430 0.482864
vt 0.115267 0.493107
vt 0.091430 0.482864
vt 0.136963 0.466458
vt 0.115267 0.493107
vt 0.109142 0.647961
vt 0.099147 0.673077
vt 0.097049 0.662290
vt 0.099147 0.673077
vt 0.109142 0.647961
vt 0.126135 0.634874
vt 0.558492 0.368810
vt 0.566291 0.338551
vt 0.566291 0.387746
vt 0.930243 0.401163
vt 0.930243 0.448569
vt 0.925910 0.407475
vt 0.970543 0.311844
vt 0.971214 0.256020
vt 0.951640 0.291239
vt 0.971214 0.256020
vt 0.959426 0.241420
vt 0.951640 0.291239
vt 0.970543 0.311844
vt 0.951640 0.291239
vt 0.961413 0.335202
vt 0.941729 0.310121
vt 0.961413 0.335202
vt 0.951640 0.291239
vt 0.973570 0.232249
vt 0.959426 0.241420
vt 0.971214 0.256020
vt 0.959426 0.241420
vt 0.973570 0.232249
vt 0.968612 0.212433
vt 0.941729 0.310121
vt 0.952061 0.351242
vt 0.961413 0.335202
vt 0.952061 0.351242
vt 0.941729 0.310121
vt 0.938123 0.333487
vt 0.968612 0.212433
vt 0.947342 0.232174
vt 0.959426 0.241420
vt 0.938042 0.267978
vt 0.959426 0.241420
vt 0.947342 0.232174
vt 0.938042 0.267978
vt 0.951640 0.291239
vt 0.959426 0.241420
vt 0.941729 0.310121
vt 0.951640 0.291239
vt 0.938042 0.267978
vt 0.961413 0.335202
vt 0.952061 0.351242
vt 0.970201 0.374022
vt 0.970201 0.374022
vt 0.952061 0.351242
vt 0.955469 0.384714
vt 0.955469 0.384714
vt 0.973570 0.397585
vt 0.970201 0.374022
vt 0.196700 0.410948
vt 0.182833 0.439876
vt 0.173102 0.420933
vt 0.208231 0.443832
vt 0.182833 0.439876
vt 0.196700 0.410948
vt 0.173102 0.420933
vt 0.168224 0.408159
vt 0.196700 0.410948
vt 0.222991 0.438456
vt 0.208231 0.443832
vt 0.196700 0.410948
vt 0.173102 0.420933
vt 0.182833 0.439876
vt 0.151346 0.442110
vt 0.151346 0.442110
vt 0.113361 0.418896
vt 0.173102 0.420933
vt 0.116069 0.433799
vt 0.113361 0.418896
vt 0.151346 0.442110
vt 0.124957 0.407428
vt 0.168224 0.408159
vt 0.173102 0.420933
vt 0.173102 0.420933
vt 0.113361 0.418896
vt 0.124957 0.407428
vt 0.113361 0.418896
vt 0.116069 0.433799
vt 0.082528 0.427989
vt 0.116069 0.433799
vt 0.088671 0.442832
vt 0.082528 0.427989
vt 0.049827 0.470036
vt 0.082528 0.427989
vt 0.088671 0.442832
vt 0.151346 0.442110
vt 0.182833 0.439876
vt 0.189404 0.458449
vt 0.208231 0.443832
vt 0.189404 0.458449
vt 0.182833 0.439876
vt 0.212750 0.456842
vt 0.189404 0.458449
vt 0.208231 0.443832
vt 0.212750 0.456842
vt 0.208231 0.443832
vt 0.222991 0.438456
vt 0.212750 0.456842
vt 0.222991 0.438456
vt 0.243753 0.450381
vt 0.212750 0.456842
vt 0.243753 0.450381
vt 0.230997 0.470036
vt 0.263868 0.467099
vt 0.230997 0.470036
vt 0.243753 0.450381
vt 0.222991 0.438456
vt 0.196700 0.410948
vt 0.255113 0.414774
vt 0.196700 0.410948
vt 0.217476 0.405635
vt 0.255113 0.414774
vt 0.278596 0.435020
vt 0.222991 0.438456
vt 0.255113 0.414774
vt 0.278596 0.435020
vt 0.243753 0.450381
vt 0.222991 0.438456
vt 0.110087 0.967978
vt 0.105541 0.986394
vt 0.077850 0.974472
vt 0.161992 0.987441
vt 0.105541 0.986394
vt 0.110087 0.967978
vt 0.110087 0.967978
vt 0.154973 0.959270
vt 0.161992 0.987441
vt 0.154973 0.959270
vt 0.183057 0.995081
vt 0.161992 0.987441
vt 0.154973 0.959270
vt 0.189171 0.975945
vt 0.183057 0.995081
vt 0.211005 0.994251
vt 0.183057 0.995081
vt 0.189171 0.975945
vt 0.077850 0.974472
vt 0.071988 0.961664
vt 0.110087 0.967978
vt 0.071988 0.961664
vt 0.107550 0.952012
vt 0.110087 0.967978
vt 0.110087 0.967978
vt 0.107550 0.952012
vt 0.154973 0.959270
vt 0.042077 0.972883
vt 0.071988 0.961664
vt 0.077850 0.974472
vt 0.077850 0.974472
vt 0.054547 0.987744
vt 0.042077 0.972883
vt 0.105541 0.986394
vt 0.054547 0.987744
vt 0.077850 0.974472
vt 0.131529 0.945886
vt 0.154973 0.959270
vt 0.107550 0.952012
vt 0.021103 0.995081
vt 0.042077 0.972883
vt 0.054547 0.987744
vt 0.018219 0.975671
vt 0.042077 0.972883
vt 0.021103 0.995081
vt 0.021103 0.995081
vt 0.001300 0.989461
vt 0.018219 0.975671
vt 0.858892 0.606939
vt 0.882978 0.615907
vt 0.887693 0.584033
vt 0.858892 0.606939
vt 0.887693 0.584033
vt 0.865982 0.583021
vt 0.885117 0.557588
vt 0.865982 0.583021
vt 0.887693 0.584033
vt 0.858892 0.606939
vt 0.860191 0.653643
vt 0.882978 0.615907
vt 0.882978 0.615907
vt 0.860191 0.653643
vt 0.895139 0.629717
vt 0.877276 0.668750
vt 0.895139 0.629717
vt 0.860191 0.653643
vt 0.877276 0.668750
vt 0.903380 0.654072
vt 0.895139 0.629717
vt 0.860191 0.653643
vt 0.850140 0.692460
vt 0.877276 0.668750
vt 0.858892 0.606939
vt 0.837364 0.625253
vt 0.860191 0.653643
vt 0.860191 0.653643
vt 0.837364 0.625253
vt 0.841518 0.660634
vt 0.850140 0.692460
vt 0.860191 0.653643
vt 0.841518 0.660634
vt 0.850140 0.692460
vt 0.841518 0.660634
vt 0.830287 0.698698
vt 0.841518 0.660634
vt 0.820891 0.684676
vt 0.830287 0.698698
vt 0.877276 0.668750
vt 0.850140 0.692460
vt 0.880465 0.695914
vt 0.877276 0.668750
vt 0.880465 0.695914
vt 0.903380 0.654072
vt 0.859065 0.718694
vt 0.880465 0.695914
vt 0.850140 0.692460
vt 0.841518 0.660634
vt 0.820191 0.639744
vt 0.820891 0.684676
vt 0.841518 0.660634
vt 0.837364 0.625253
vt 0.820191 0.639744
vt 0.885117 0.557588
vt 0.870889 0.550209
vt 0.865982 0.583021
vt 0.837364 0.625253
vt 0.858892 0.606939
vt 0.839144 0.592810
vt 0.839144 0.592810
vt 0.858892 0.606939
vt 0.865982 0.583021
vt 0.839144 0.592810
vt 0.824420 0.609914
vt 0.837364 0.625253
vt 0.824420 0.609914
vt 0.820191 0.639744
vt 0.837364 0.625253
vt 0.855098 0.555518
vt 0.839144 0.592810
vt 0.865982 0.583021
vt 0.865982 0.583021
vt 0.870889 0.550209
vt 0.855098 0.555518
vt 0.870889 0.550209
vt 0.885117 0.557588
vt 0.889967 0.535905
vt 0.858341 0.522910
vt 0.855098 0.555518
vt 0.870889 0.550209
vt 0.870889 0.550209
vt 0.889967 0.535905
vt 0.858341 0.522910
vt 0.858341 0.522910
vt 0.889967 0.535905
vt 0.886226 0.505814
vt 0.858341 0.522910
vt 0.886226 0.505814
vt 0.873709 0.507836
vt 0.886226 0.505814
vt 0.889967 0.535905
vt 0.903380 0.534940
vt 0.330201 0.967450
vt 0.342920 0.937740
vt 0.372514 0.953097
vt 0.307013 0.947642
vt 0.342920 0.937740
vt 0.330201 0.967450
vt 0.330201 0.967450
vt 0.292982 0.951933
vt 0.307013 0.947642
vt 0.330201 0.967450
vt 0.372514 0.953097
vt 0.360975 0.970580
vt 0.342920 0.937740
vt 0.386398 0.938051
vt 0.372514 0.953097
vt 0.386398 0.938051
vt 0.342920 0.937740
vt 0.376560 0.922630
vt 0.376560 0.922630
vt 0.342920 0.937740
vt 0.345433 0.923994
vt 0.342920 0.937740
vt 0.307013 0.947642
vt 0.320159 0.924571
vt 0.345433 0.923994
vt 0.342920 0.937740
vt 0.320159 0.924571
vt 0.302442 0.935297
vt 0.320159 0.924571
vt 0.307013 0.947642
vt 0.386398 0.938051
vt 0.404623 0.956095
vt 0.372514 0.953097
vt 0.372514 0.953097
vt 0.404623 0.956095
vt 0.360975 0.970580
vt 0.360975 0.970580
vt 0.404623 0.956095
vt 0.387985 0.981495
vt 0.387985 0.981495
vt 0.404623 0.956095
vt 0.411486 0.972467
vt 0.292982 0.951933
vt 0.330201 0.967450
vt 0.298685 0.972557
vt 0.411486 0.972467
vt 0.404623 0.956095
vt 0.451768 0.963418
vt 0.411486 0.972467
vt 0.451768 0.963418
vt 0.437941 0.981100
vt 0.298685 0.972557
vt 0.330201 0.967450
vt 0.319153 0.986013
vt 0.319153 0.986013
vt 0.330201 0.967450
vt 0.351073 0.987030
vt 0.330201 0.967450
vt 0.360975 0.970580
vt 0.351073 0.987030
vt 0.387985 0.981495
vt 0.351073 0.987030
vt 0.360975 0.970580
vt 0.437941 0.981100
vt 0.451768 0.963418
vt 0.477036 0.987030
vt 0.298685 0.972557
vt 0.277920 0.966516
vt 0.292982 0.951933
vt 0.277920 0.966516
vt 0.273397 0.956044
vt 0.292982 0.951933
vt 0.572628 0.615042
vt 0.581585 0.580763
vt 0.563191 0.599388
vt 0.581585 0.580763
vt 0.572628 0.615042
vt 0.587940 0.618712
vt 0.575791 0.567378
vt 0.563191 0.599388
vt 0.581585 0.580763
vt 0.599227 0.551384
vt 0.575791 0.567378
vt 0.581585 0.580763
vt 0.587940 0.618712
vt 0.572628 0.615042
vt 0.575007 0.640322
vt 0.587940 0.618712
vt 0.575007 0.640322
vt 0.591631 0.635605
vt 0.581585 0.580763
vt 0.587940 0.618712
vt 0.605286 0.615312
vt 0.587940 0.618712
vt 0.591631 0.635605
vt 0.605286 0.615312
vt 0.599526 0.582826
vt 0.581585 0.580763
vt 0.605286 0.615312
vt 0.595222 0.567801
vt 0.581585 0.580763
vt 0.599526 0.582826
vt 0.599227 0.551384
vt 0.581585 0.580763
vt 0.595222 0.567801
vt 0.572628 0.615042
vt 0.549827 0.623923
vt 0.575007 0.640322
vt 0.563191 0.599388
vt 0.549827 0.623923
vt 0.572628 0.615042
vt 0.557505 0.647138
vt 0.575007 0.640322
vt 0.549827 0.623923
vt 0.549827 0.623923
vt 0.563191 0.599388
vt 0.552202 0.579472
vt 0.552202 0.579472
vt 0.563191 0.599388
vt 0.575791 0.567378
vt 0.575791 0.567378
vt 0.579034 0.528147
vt 0.552202 0.579472
vt 0.579034 0.528147
vt 0.575791 0.567378
vt 0.592470 0.543221
vt 0.605286 0.511181
vt 0.579034 0.528147
vt 0.592470 0.543221
vt 0.988244 0.616726
vt 0.977938 0.589969
vt 0.970515 0.607340
vt 0.968637 0.559720
vt 0.970515 0.607340
vt 0.977938 0.589969
vt 0.977938 0.589969
vt 0.991768 0.552854
vt 0.968637 0.559720
vt 0.968637 0.559720
vt 0.991768 0.552854
vt 0.991768 0.530747
vt 0.968637 0.559720
vt 0.991768 0.530747
vt 0.970581 0.526018
vt 0.968637 0.559720
vt 0.970581 0.526018
vt 0.952773 0.533360
vt 0.970581 0.526018
vt 0.991768 0.530747
vt 0.982275 0.507418
vt 0.970581 0.526018
vt 0.982275 0.507418
vt 0.962771 0.502236
vt 0.696452 0.244605
vt 0.697133 0.266572
vt 0.713748 0.256795
vt 0.684142 0.261331
vt 0.697133 0.266572
vt 0.696452 0.244605
vt 0.713748 0.256795
vt 0.714471 0.244851
vt 0.696452 0.244605
vt 0.696452 0.244605
vt 0.714471 0.244851
vt 0.708415 0.236583
vt 0.685731 0.284507
vt 0.697133 0.266572
vt 0.684142 0.261331
vt 0.697133 0.266572
vt 0.714471 0.278234
vt 0.713748 0.256795
vt 0.685731 0.284507
vt 0.714471 0.278234
vt 0.697133 0.266572
vt 0.714471 0.278234
vt 0.685731 0.284507
vt 0.690682 0.309034
vt 0.765250 0.777152
vt 0.777749 0.766842
vt 0.781219 0.788001
vt 0.777749 0.766842
vt 0.792085 0.773525
vt 0.781219 0.788001
vt 0.765250 0.777152
vt 0.781219 0.788001
vt 0.752188 0.792039
vt 0.749034 0.771155
vt 0.765250 0.777152
vt 0.752188 0.792039
vt 0.749034 0.771155
vt 0.752188 0.792039
vt 0.729203 0.788521
vt 0.749034 0.771155
vt 0.759225 0.755726
vt 0.765250 0.777152
vt 0.759225 0.755726
vt 0.777749 0.766842
vt 0.765250 0.777152
vt 0.759225 0.755726
vt 0.777374 0.748211
vt 0.777749 0.766842
vt 0.777374 0.748211
vt 0.794385 0.752337
vt 0.777749 0.766842
vt 0.792085 0.773525
vt 0.777749 0.766842
vt 0.794385 0.752337
vt 0.804593 0.771481
vt 0.792085 0.773525
vt 0.794385 0.752337
vt 0.801069 0.792039
vt 0.781219 0.788001
vt 0.792085 0.773525
vt 0.804593 0.771481
vt 0.801069 0.792039
vt 0.792085 0.773525
vt 0.957800 0.635469
vt 0.957813 0.660170
vt 0.974298 0.632826
vt 0.981097 0.661772
vt 0.974298 0.632826
vt 0.957813 0.660170
vt 0.972319 0.680159
vt 0.981097 0.661772
vt 0.957813 0.660170
vt 0.965292 0.703916
vt 0.972319 0.680159
vt 0.957813 0.660170
vt 0.965292 0.703916
vt 0.981650 0.772966
vt 0.972319 0.680159
vt 0.965130 0.784884
vt 0.981650 0.772966
vt 0.965292 0.703916
vt 0.972319 0.680159
vt 0.981650 0.772966
vt 0.985997 0.737052
vt 0.985997 0.737052
vt 0.981650 0.772966
vt 0.999567 0.766444
vt 0.994945 0.782116
vt 0.999567 0.766444
vt 0.981650 0.772966
vt 0.985997 0.737052
vt 0.981097 0.661772
vt 0.972319 0.680159
vt 0.985997 0.737052
vt 0.999567 0.686144
vt 0.981097 0.661772
vt 0.954506 0.759925
vt 0.965130 0.784884
vt 0.965292 0.703916
vt 0.994478 0.647286
vt 0.974298 0.632826
vt 0.981097 0.661772
vt 0.242201 0.739169
vt 0.218804 0.785874
vt 0.238749 0.778807
vt 0.242201 0.739169
vt 0.226300 0.742976
vt 0.218804 0.785874
vt 0.241755 0.800707
vt 0.238749 0.778807
vt 0.218804 0.785874
vt 0.242201 0.739169
vt 0.230136 0.728688
vt 0.226300 0.742976
vt 0.230136 0.728688
vt 0.242201 0.739169
vt 0.229910 0.713327
vt 0.218804 0.785874
vt 0.225606 0.816153
vt 0.241755 0.800707
vt 0.225606 0.816153
vt 0.242201 0.826029
vt 0.241755 0.800707
vt 0.991768 0.854651
vt 0.978684 0.847496
vt 0.959705 0.854651
vt 0.937175 0.254936
vt 0.891670 0.261580
vt 0.937175 0.274379
vt 0.891670 0.261580
vt 0.887782 0.276834
vt 0.937175 0.274379
vt 0.937175 0.254936
vt 0.894664 0.251789
vt 0.891670 0.261580
vt 0.858594 0.040462
vt 0.917654 0.027305
vt 0.858757 0.021408
vt 0.858757 0.021408
vt 0.833366 0.040451
vt 0.858594 0.040462
vt 0.930352 0.014870
vt 0.858757 0.021408
vt 0.917654 0.027305
vt 0.893750 0.006787
vt 0.858757 0.021408
vt 0.930352 0.014870
vt 0.917654 0.027305
vt 0.858594 0.040462
vt 0.906139 0.037223
vt 0.906139 0.037223
vt 0.936460 0.049642
vt 0.917654 0.027305
vt 0.943405 0.041167
vt 0.930352 0.014870
vt 0.917654 0.027305
vt 0.943405 0.041167
vt 0.917654 0.027305
vt 0.936460 0.049642
vt 0.943405 0.041167
vt 0.951906 0.027843
vt 0.930352 0.014870
vt 0.833366 0.040451
vt 0.858757 0.021408
vt 0.824709 0.022965
vt 0.799954 0.046958
vt 0.833366 0.040451
vt 0.824709 0.022965
vt 0.799149 0.022602
vt 0.799954 0.046958
vt 0.824709 0.022965
vt 0.773397 0.049642
vt 0.799954 0.046958
vt 0.799149 0.022602
vt 0.824709 0.022965
vt 0.858757 0.021408
vt 0.828640 0.008209
vt 0.852550 0.004025
vt 0.828640 0.008209
vt 0.858757 0.021408
vt 0.852550 0.004025
vt 0.858757 0.021408
vt 0.893750 0.006787
vt 0.983731 0.440216
vt 0.975303 0.418444
vt 0.993918 0.413723
vt 0.982313 0.360929
vt 0.993918 0.413723
vt 0.975303 0.418444
vt 0.982313 0.360929
vt 0.999567 0.364929
vt 0.993918 0.413723
vt 0.999567 0.446271
vt 0.983731 0.440216
vt 0.993918 0.413723
vt 0.999567 0.446271
vt 0.998717 0.474508
vt 0.983731 0.440216
vt 0.999567 0.364929
vt 0.982313 0.360929
vt 0.994741 0.338551
vt 0.730178 0.719445
vt 0.751956 0.734576
vt 0.728057 0.743716
vt 0.728057 0.743716
vt 0.702248 0.726499
vt 0.730178 0.719445
vt 0.766145 0.713327
vt 0.751956 0.734576
vt 0.730178 0.719445
vt 0.794475 0.734549
vt 0.751956 0.734576
vt 0.766145 0.713327
vt 0.766145 0.713327
vt 0.820248 0.724381
vt 0.794475 0.734549
vt 0.820248 0.724381
vt 0.813099 0.740461
vt 0.794475 0.734549
vt 0.820248 0.724381
vt 0.842781 0.740416
vt 0.813099 0.740461
vt 0.813099 0.740461
vt 0.842781 0.740416
vt 0.839399 0.753090
vt 0.839399 0.753090
vt 0.842781 0.740416
vt 0.860339 0.760589
vt 0.842165 0.769326
vt 0.839399 0.753090
vt 0.860339 0.760589
vt 0.842165 0.769326
vt 0.813099 0.740461
vt 0.839399 0.753090
vt 0.690168 0.757721
vt 0.702248 0.726499
vt 0.728057 0.743716
vt 0.662436 0.755192
vt 0.702248 0.726499
vt 0.690168 0.757721
vt 0.664457 0.734943
vt 0.702248 0.726499
vt 0.662436 0.755192
vt 0.829580 0.781027
vt 0.813099 0.740461
vt 0.842165 0.769326
vt 0.842165 0.769326
vt 0.860339 0.760589
vt 0.863864 0.776344
vt 0.863864 0.776344
vt 0.850057 0.781159
vt 0.842165 0.769326
vt 0.829580 0.781027
vt 0.842165 0.769326
vt 0.850057 0.781159
vt 0.673321 0.717744
vt 0.702248 0.726499
vt 0.664457 0.734943
vt 0.829580 0.781027
vt 0.850057 0.781159
vt 0.843581 0.790679
vt 0.690168 0.757721
vt 0.662878 0.773259
vt 0.662436 0.755192
vt 0.622209 0.768104
vt 0.662436 0.755192
vt 0.662878 0.773259
vt 0.664457 0.734943
vt 0.662436 0.755192
vt 0.622209 0.768104
vt 0.636463 0.786153
vt 0.622209 0.768104
vt 0.662878 0.773259
vt 0.622209 0.768104
vt 0.628819 0.728940
vt 0.664457 0.734943
vt 0.820415 0.794215
vt 0.829580 0.781027
vt 0.843581 0.790679
vt 0.636463 0.786153
vt 0.608856 0.798131
vt 0.622209 0.768104
vt 0.608856 0.798131
vt 0.597989 0.786023
vt 0.622209 0.768104
vt 0.820415 0.794215
vt 0.843581 0.790679
vt 0.845324 0.803667
vt 0.850057 0.781159
vt 0.864385 0.792284
vt 0.843581 0.790679
vt 0.864385 0.792284
vt 0.850057 0.781159
vt 0.863864 0.776344
vt 0.845324 0.803667
vt 0.843581 0.790679
vt 0.864385 0.792284
vt 0.622209 0.768104
vt 0.597989 0.786023
vt 0.582490 0.774412
vt 0.581474 0.803667
vt 0.597989 0.786023
vt 0.608856 0.798131
vt 0.581474 0.803667
vt 0.582490 0.774412
vt 0.597989 0.786023
vt 0.581474 0.803667
vt 0.565425 0.790307
vt 0.582490 0.774412
vt 0.396133 0.701899
vt 0.383694 0.714321
vt 0.359292 0.713571
vt 0.383694 0.714321
vt 0.396133 0.701899
vt 0.419578 0.725675
vt 0.359292 0.713571
vt 0.354893 0.698111
vt 0.396133 0.701899
vt 0.318019 0.731922
vt 0.354893 0.698111
vt 0.359292 0.713571
vt 0.354893 0.698111
vt 0.318019 0.731922
vt 0.303281 0.720449
vt 0.392490 0.686494
vt 0.396133 0.701899
vt 0.354893 0.698111
vt 0.318019 0.731922
vt 0.292577 0.743215
vt 0.303281 0.720449
vt 0.292577 0.743215
vt 0.318019 0.731922
vt 0.313716 0.750309
vt 0.280996 0.730680
vt 0.303281 0.720449
vt 0.292577 0.743215
vt 0.292577 0.743215
vt 0.313716 0.750309
vt 0.299044 0.761261
vt 0.419578 0.725675
vt 0.396133 0.701899
vt 0.450130 0.710793
vt 0.459488 0.735575
vt 0.419578 0.725675
vt 0.450130 0.710793
vt 0.450130 0.710793
vt 0.396133 0.701899
vt 0.392490 0.686494
vt 0.459488 0.735575
vt 0.450130 0.710793
vt 0.473532 0.702085
vt 0.450130 0.710793
vt 0.447724 0.698270
vt 0.473532 0.702085
vt 0.447724 0.698270
vt 0.450130 0.710793
vt 0.392490 0.686494
vt 0.473532 0.702085
vt 0.482880 0.742700
vt 0.459488 0.735575
vt 0.496366 0.739874
vt 0.482880 0.742700
vt 0.473532 0.702085
vt 0.292577 0.743215
vt 0.299044 0.761261
vt 0.280371 0.755133
vt 0.280996 0.730680
vt 0.292577 0.743215
vt 0.280371 0.755133
vt 0.496366 0.739874
vt 0.473532 0.702085
vt 0.497045 0.703769
vt 0.496366 0.739874
vt 0.497045 0.703769
vt 0.539756 0.745749
vt 0.496366 0.739874
vt 0.539756 0.745749
vt 0.514763 0.753579
vt 0.496366 0.739874
vt 0.514763 0.753579
vt 0.486696 0.758577
vt 0.496366 0.739874
vt 0.486696 0.758577
vt 0.482880 0.742700
vt 0.313716 0.750309
vt 0.322536 0.764921
vt 0.299044 0.761261
vt 0.322536 0.764921
vt 0.313716 0.750309
vt 0.345628 0.736479
vt 0.345628 0.736479
vt 0.313716 0.750309
vt 0.318019 0.731922
vt 0.318019 0.731922
vt 0.359292 0.713571
vt 0.345628 0.736479
vt 0.345628 0.736479
vt 0.359292 0.713571
vt 0.364363 0.727526
vt 0.345628 0.736479
vt 0.334510 0.769678
vt 0.322536 0.764921
vt 0.497045 0.703769
vt 0.546364 0.718969
vt 0.539756 0.745749
vt 0.550913 0.767230
vt 0.514763 0.753579
vt 0.539756 0.745749
vt 0.357348 0.746552
vt 0.334510 0.769678
vt 0.345628 0.736479
vt 0.364363 0.727526
vt 0.357348 0.746552
vt 0.345628 0.736479
vt 0.373563 0.735162
vt 0.357348 0.746552
vt 0.364363 0.727526
vt 0.550913 0.767230
vt 0.539756 0.745749
vt 0.569094 0.746685
vt 0.569094 0.746685
vt 0.539756 0.745749
vt 0.546364 0.718969
vt 0.280371 0.755133
vt 0.269064 0.743341
vt 0.280996 0.730680
vt 0.550913 0.767230
vt 0.569094 0.746685
vt 0.576389 0.769678
vt 0.576389 0.769678
vt 0.569094 0.746685
vt 0.587088 0.750410
vt 0.644132 0.909587
vt 0.672465 0.913957
vt 0.649069 0.931704
vt 0.649069 0.931704
vt 0.625476 0.934258
vt 0.644132 0.909587
vt 0.644132 0.909587
vt 0.625476 0.934258
vt 0.609619 0.912490
vt 0.699409 0.928325
vt 0.649069 0.931704
vt 0.672465 0.913957
vt 0.625476 0.934258
vt 0.599807 0.928767
vt 0.609619 0.912490
vt 0.590043 0.899297
vt 0.609619 0.912490
vt 0.599807 0.928767
vt 0.548094 0.903882
vt 0.590043 0.899297
vt 0.599807 0.928767
vt 0.606948 0.883557
vt 0.644132 0.909587
vt 0.609619 0.912490
vt 0.606948 0.883557
vt 0.609619 0.912490
vt 0.590043 0.899297
vt 0.606948 0.883557
vt 0.650572 0.881734
vt 0.644132 0.909587
vt 0.674002 0.894424
vt 0.644132 0.909587
vt 0.650572 0.881734
vt 0.644132 0.909587
vt 0.674002 0.894424
vt 0.672465 0.913957
vt 0.564691 0.878663
vt 0.606948 0.883557
vt 0.590043 0.899297
vt 0.564691 0.878663
vt 0.590043 0.899297
vt 0.548094 0.903882
vt 0.674002 0.894424
vt 0.708997 0.903025
vt 0.672465 0.913957
vt 0.672465 0.913957
vt 0.708997 0.903025
vt 0.699409 0.928325
vt 0.687429 0.879938
vt 0.708997 0.903025
vt 0.674002 0.894424
vt 0.674002 0.894424
vt 0.650572 0.881734
vt 0.687429 0.879938
vt 0.651120 0.859801
vt 0.687429 0.879938
vt 0.650572 0.881734
vt 0.667217 0.851968
vt 0.687429 0.879938
vt 0.651120 0.859801
vt 0.708997 0.903025
vt 0.732935 0.934258
vt 0.699409 0.928325
vt 0.743068 0.919146
vt 0.732935 0.934258
vt 0.708997 0.903025
vt 0.743068 0.919146
vt 0.708997 0.903025
vt 0.733998 0.899439
vt 0.708997 0.903025
vt 0.687429 0.879938
vt 0.719213 0.865021
vt 0.719213 0.865021
vt 0.733998 0.899439
vt 0.708997 0.903025
vt 0.602832 0.347885
vt 0.586698 0.347831
vt 0.592883 0.362926
vt 0.602832 0.347885
vt 0.592883 0.362926
vt 0.605006 0.378332
vt 0.574678 0.356733
vt 0.592883 0.362926
vt 0.586698 0.347831
vt 0.582161 0.376433
vt 0.592883 0.362926
vt 0.574678 0.356733
vt 0.582161 0.376433
vt 0.605006 0.378332
vt 0.592883 0.362926
vt 0.582161 0.376433
vt 0.598658 0.395874
vt 0.605006 0.378332
vt 0.612218 0.399374
vt 0.605006 0.378332
vt 0.598658 0.395874
vt 0.574678 0.356733
vt 0.586698 0.347831
vt 0.569757 0.340030
vt 0.586698 0.347831
vt 0.586040 0.329606
vt 0.569757 0.340030
vt 0.586698 0.347831
vt 0.602832 0.347885
vt 0.586040 0.329606
vt 0.586040 0.329606
vt 0.602832 0.347885
vt 0.612218 0.330224
vt 0.489542 0.927403
vt 0.483828 0.911285
vt 0.521286 0.906530
vt 0.458114 0.924354
vt 0.483828 0.911285
vt 0.489542 0.927403
vt 0.469520 0.938794
vt 0.458114 0.924354
vt 0.489542 0.927403
vt 0.458114 0.924354
vt 0.469520 0.938794
vt 0.435470 0.938187
vt 0.521286 0.906530
vt 0.545449 0.924422
vt 0.489542 0.927403
vt 0.545197 0.907888
vt 0.545449 0.924422
vt 0.521286 0.906530
vt 0.545449 0.924422
vt 0.545197 0.907888
vt 0.568890 0.934812
vt 0.584197 0.925934
vt 0.568890 0.934812
vt 0.545197 0.907888
vt 0.437223 0.954830
vt 0.435470 0.938187
vt 0.469520 0.938794
vt 0.437223 0.954830
vt 0.415511 0.953430
vt 0.435470 0.938187
vt 0.584197 0.925934
vt 0.589123 0.945451
vt 0.568890 0.934812
vt 0.589123 0.945451
vt 0.584197 0.925934
vt 0.600953 0.935768
vt 0.568890 0.934812
vt 0.589123 0.945451
vt 0.584498 0.954830
vt 0.948477 0.483164
vt 0.922986 0.549999
vt 0.905113 0.528343
vt 0.905113 0.528343
vt 0.926955 0.493728
vt 0.948477 0.483164
vt 0.926955 0.493728
vt 0.955373 0.446780
vt 0.948477 0.483164
vt 0.922986 0.549999
vt 0.948477 0.483164
vt 0.944946 0.542099
vt 0.930647 0.587535
vt 0.922986 0.549999
vt 0.944946 0.542099
vt 0.930647 0.587535
vt 0.944946 0.542099
vt 0.951714 0.578861
vt 0.913210 0.592067
vt 0.922986 0.549999
vt 0.930647 0.587535
vt 0.955373 0.605857
vt 0.930647 0.587535
vt 0.951714 0.578861
vt 0.930647 0.587535
vt 0.955373 0.605857
vt 0.939679 0.629551
vt 0.930647 0.587535
vt 0.939679 0.629551
vt 0.918640 0.633721
vt 0.918640 0.633721
vt 0.913210 0.592067
vt 0.930647 0.587535
vt 0.026575 0.401870
vt 0.019538 0.434427
vt 0.039429 0.429166
vt 0.015165 0.408994
vt 0.019538 0.434427
vt 0.026575 0.401870
vt 0.026575 0.401870
vt 0.039429 0.429166
vt 0.039037 0.398545
vt 0.026575 0.401870
vt 0.039037 0.398545
vt 0.040295 0.367291
vt 0.015165 0.408994
vt 0.026575 0.401870
vt 0.016731 0.349284
vt 0.040295 0.447639
vt 0.039429 0.429166
vt 0.019538 0.434427
vt 0.022949 0.452042
vt 0.040295 0.447639
vt 0.019538 0.434427
vt 0.022949 0.452042
vt 0.036985 0.465564
vt 0.040295 0.447639
vt 0.711872 0.621199
vt 0.711872 0.642665
vt 0.695407 0.629884
f 1/403 2/404 3/405
f 4/610 5/611 6/612
f 7/43 8/44 9/45
f 10/919 11/920 12/921
f 13/736 14/737 15/738
f 16/619 17/620 18/621
f 19/472 20/473 21/474
f 22/637 23/638 24/639
f 25/313 26/314 27/315
f 28/364 29/365 30/366
f 31/535 32/536 33/537
f 34/682 35/683 36/684
f 37/793 38/794 39/795
f 40/1027 41/1028 42/1029
f 43/664 44/665 45/666
f 46/991 47/992 48/993
f 49/973 50/974 51/975
f 52/514 53/515 54/516
f 55/217 56/218 57/219
f 58/286 59/287 60/288
f 61/181 62/182 63/183
f 64/400 65/401 66/402
f 67/751 68/752 69/753
f 70/856 71/857 72/858
f 73/25 74/26 75/27
f 76/301 77/302 78/303
f 79/223 80/224 81/225
f 82/703 83/704 84/705
f 85/823 86/824 87/825
f 88/748 89/749 90/750
f 91/937 92/938 93/939
f 94/694 95/695 96/696
f 97/781 98/782 99/783
f 100/688 101/689 102/690
f 103/253 104/254 105/255
f 106/109 107/110 108/111
f 109/568 110/569 111/570
f 112/652 113/653 114/654
f 115/82 116/83 117/84
f 118/157 119/158 120/159
f 121/220 122/221 123/222
f 124/172 125/173 126/174
f 127/211 128/212 129/213
f 130/295 131/296 132/297
f 133/244 134/245 135/246
f 136/376 137/377 138/378
f 139/502 140/503 141/504
f 142/475 143/476 144/477
f 145/574 146/575 147/576
f 148/553 149/554 150/555
f 151/934 152/935 153/936
f 154/265 155/266 156/267
f 157/832 158/833 159/834
f 160/1048 161/1049 162/1050
f 163/634 164/635 165/636
f 166/367 167/368 168/369
f 169/415 170/416 171/417
f 172/691 173/692 174/693
f 175/670 176/671 177/672
f 178/238 179/239 180/240
f 181/202 182/203 183/204
f 184/496 185/497 186/498
f 187/907 188/908 189/909
f 190/541 191/542 192/543
f 193/739 194/740 195/741
f 196/673 197/674 198/675
f 199/148 200/149 201/150
f 202/427 203/428 204/429
f 205/76 206/77 207/78
f 208/100 209/101 210/102
f 211/208 212/209 213/210
f 214/187 215/188 216/189
f 217/544 218/545 219/546
f 220/604 221/605 222/606
f 223/289 224/290 225/291
f 226/124 227/125 228/126
f 229/850 230/851 231/852
f 232/874 233/875 234/876
f 235/382 236/383 237/384
f 238/391 239/392 240/393
f 241/22 242/23 243/24
f 244/13 245/14 246/15
f 247/280 248/281 249/282
f 250/142 251/143 252/144
f 253/778 254/779 255/780
f 256/976 257/977 258/978
f 259/322 260/323 261/324
f 262/7 263/8 264/9
f 265/985 266/986 267/987
f 268/658 269/659 270/660
f 271/649 272/650 273/651
f 274/799 275/800 276/801
f 277/964 278/965 279/966
f 280/178 281/179 282/180
f 283/430 284/431 285/432
f 286/706 287/707 288/708
f 289/943 290/944 291/945
f 292/529 293/530 294/531
f 295/790 296/791 297/792
f 298/520 299/521 300/522
f 301/340 302/341 303/342
f 304/307 305/308 306/309
f 307/952 308/953 309/954
f 310/760 311/761 312/762
f 313/817 314/818 315/819
f 316/511 317/512 318/513
f 319/163 320/164 321/165
f 322/115 323/116 324/117
f 325/241 326/242 327/243
f 328/484 329/485 330/486
f 331/628 332/629 333/630
f 334/1030 335/1031 336/1032
f 337/826 338/827 339/828
f 340/988 341/989 342/990
f 343/466 344/467 345/468
f 346/397 347/398 348/399
f 349/247 350/248 351/249
f 352/679 353/680 354/681
f 355/886 356/887 357/888
f 358/493 359/494 360/495
f 361/130 362/131 363/132
f 364/118 365/119 366/120
f 367/676 368/677 369/678
f 370/775 371/776 372/777
f 373/772 374/773 375/774
f 376/829 377/830 378/831
f 379/853 380/854 381/855
f 382/1021 383/1022 384/1023
f 385/1024 386/1025 387/1026
f 388/556 389/557 390/558
f 391/889 392/890 393/891
f 394/121 395/122 396/123
f 397/298 398/299 399/300
f 400/601 401/602 402/603
f 403/592 404/593 405/594
f 406/478 407/479 408/480
f 409/205 410/206 411/207
f 412/877 413/878 414/879
f 415/931 416/932 417/933
f 418/169 419/170 420/171
f 421/46 422/47 423/48
f 424/661 425/662 426/663
f 427/766 428/767 429/768
f 430/256 431/257 432/258
f 433/310 434/311 435/312
f 436/625 437/626 438/627
f 439/994 440/995 441/996
f 442/784 443/785 444/786
f 445/997 446/998 447/999
f 448/718 449/719 450/720
f 451/745 452/746 453/747
f 454/250 455/251 456/252
f 457/262 458/263 459/264
f 460/190 461/191 462/192
f 463/196 464/197 465/198
f 466/268 467/269 468/270
f 469/79 470/80 471/81
f 472/1009 473/1010 474/1011
f 475/1033 476/1034 477/1035
f 478/16 479/17 480/18
f 481/19 482/20 483/21
f 484/727 485/728 486/729
f 487/730 488/731 489/732
f 490/133 491/134 492/135
f 493/412 494/413 495/414
f 496/1003 497/1004 498/1005
f 499/1054 500/1055 501/1056
f 502/52 503/53 504/54
f 505/490 506/491 507/492
f 508/358 509/359 510/360
f 511/463 512/464 513/465
f 514/1057 515/1058 516/1059
f 517/1018 518/1019 519/1020
f 520/226 521/227 522/228
f 523/385 524/386 525/387
f 526/343 527/344 528/345
f 529/451 530/452 531/453
f 532/469 533/470 534/471
f 535/505 536/506 537/507
f 538/913 539/914 540/915
f 541/406 542/407 543/408
f 544/199 545/200 546/201
f 547/532 548/533 549/534
f 550/928 551/929 552/930
f 553/808 554/809 555/810
f 556/820 557/821 558/822
f 559/925 560/926 561/927
f 562/394 563/395 564/396
f 565/439 566/440 567/441
f 568/805 569/806 570/807
f 571/517 572/518 573/519
f 574/58 575/59 576/60
f 577/70 578/71 579/72
f 580/49 581/50 582/51
f 583/862 584/863 585/864
f 586/910 587/911 588/912
f 589/916 590/917 591/918
f 592/40 593/41 594/42
f 595/37 596/38 597/39
f 598/613 599/614 600/615
f 601/586 602/587 603/588
f 604/421 605/422 606/423
f 607/136 608/137 609/138
f 610/757 611/758 612/759
f 613/697 614/698 615/699
f 616/61 617/62 618/63
f 619/64 620/65 621/66
f 622/4 623/5 624/6
f 625/316 626/317 627/318
f 628/880 629/881 630/882
f 631/844 632/845 633/846
f 634/331 635/332 636/333
f 637/334 638/335 639/336
f 640/166 641/167 642/168
f 643/370 644/371 645/372
f 646/868 647/869 648/870
f 649/871 650/872 651/873
f 652/895 653/896 654/897
f 655/1051 656/1052 657/1053
f 658/883 659/884 660/885
f 661/700 662/701 663/702
f 664/961 665/962 666/963
f 667/967 668/968 669/969
f 670/802 671/803 672/804
f 673/442 674/443 675/444
f 676/433 677/434 678/435
f 679/346 680/347 681/348
f 682/31 683/32 684/33
f 685/283 686/284 687/285
f 688/277 689/278 690/279
f 691/1 692/2 693/3
f 694/34 695/35 696/36
f 697/352 698/353 699/354
f 700/10 701/11 702/12
f 703/1036 704/1037 705/1038
f 706/1045 707/1046 708/1047
f 709/733 710/734 711/735
f 712/589 713/590 714/591
f 715/271 716/272 717/273
f 718/508 719/509 720/510
f 721/526 722/527 723/528
f 724/901 725/902 726/903
f 727/904 728/905 729/906
f 730/754 731/755 732/756
f 733/583 734/584 735/585
f 736/550 737/551 738/552
f 739/274 740/275 741/276
f 742/1000 743/1001 744/1002
f 745/1060 746/1061 747/1062
f 748/319 749/320 750/321
f 751/361 752/362 753/363
f 754/160 755/161 756/162
f 757/355 758/356 759/357
f 760/1039 761/1040 762/1041
f 763/1042 764/1043 765/1044
f 766/838 767/839 768/840
f 769/955 770/956 771/957
f 772/709 773/710 774/711
f 775/712 776/713 777/714
f 778/379 779/380 780/381
f 781/499 782/500 783/501
f 784/979 785/980 786/981
f 787/640 788/641 789/642
f 790/1015 791/1016 792/1017
f 793/1012 794/1013 795/1014
f 796/418 797/419 798/420
f 799/409 800/410 801/411
f 802/103 803/104 804/105
f 805/106 806/107 807/108
f 808/742 809/743 810/744
f 811/763 812/764 813/765
f 814/565 815/566 816/567
f 817/607 818/608 819/609
f 820/445 821/446 822/447
f 823/436 824/437 825/438
f 826/835 827/836 828/837
f 829/841 830/842 831/843
f 832/865 833/866 834/867
f 835/154 836/155 837/156
f 838/151 839/152 840/153
f 841/685 842/686 843/687
f 844/898 845/899 846/900
f 847/724 848/725 849/726
f 850/949 851/950 852/951
f 853/73 854/74 855/75
f 856/67 857/68 858/69
f 859/577 860/578 861/579
f 862/580 863/581 864/582
f 865/655 866/656 867/657
f 868/127 869/128 870/129
f 871/145 872/146 873/147
f 874/325 875/326 876/327
f 877/328 878/329 879/330
f 880/946 881/947 882/948
f 883/940 884/941 885/942
f 886/304 887/305 888/306
f 889/373 890/374 891/375
f 892/523 893/524 894/525
f 895/922 896/923 897/924
f 898/349 899/350 900/351
f 901/337 902/338 903/339
f 904/646 905/647 906/648
f 907/643 908/644 909/645
f 910/97 911/98 912/99
f 913/388 914/389 915/390
f 916/982 917/983 918/984
f 919/970 920/971 921/972
f 922/622 923/623 924/624
f 925/598 926/599 927/600
f 928/859 929/860 930/861
f 931/811 932/812 933/813
f 934/595 935/596 936/597
f 937/538 938/539 939/540
f 940/55 941/56 942/57
f 943/184 944/185 945/186
f 946/424 947/425 948/426
f 949/214 950/215 951/216
f 952/892 953/893 954/894
f 955/769 956/770 957/771
f 958/88 959/89 960/90
f 961/112 962/113 963/114
f 964/292 965/293 966/294
f 967/28 968/29 969/30
f 970/175 971/176 972/177
f 973/193 974/194 975/195
f 976/796 977/797 978/798
f 979/814 980/815 981/816
f 982/631 983/632 984/633
f 985/616 986/617 987/618
f 988/547 989/548 990/549
f 991/571 992/572 993/573
f 994/460 995/461 996/462
f 997/448 998/449 999/450
f 1000/481 1001/482 1002/483
f 1003/487 1004/488 1005/489
f 1006/787 1007/788 1008/789
f 1009/1006 1010/1007 1011/1008
f 1012/562 1013/563 1014/564
f 1015/559 1016/560 1017/561
f 1018/1063 1019/1064 1020/1065
f 1021/847 1022/848 1023/849
f 1024/454 1025/455 1026/456
f 1027/457 1028/458 1029/459
f 1030/259 1031/260 1032/261
f 1033/667 1034/668 1035/669
f 1036/85 1037/86 1038/87
f 1039/229 1040/230 1041/231
f 1042/139 1043/140 1044/141
f 1045/721 1046/722 1047/723
f 1048/715 1049/716 1050/717
f 1051/91 1052/92 1053/93
f 1054/94 1055/95 1056/96
f 1057/235 1058/236 1059/237
f 1060/232 1061/233 1062/234
f 1063/958 1064/959 1065/960
f 1066/2032 1067/2033 1068/2034
f 1069/1468 1070/1469 1071/1470
f 1072/3718 1073/3719 1074/3720
f 1075/2857 1076/2858 1077/2859
f 1078/2155 1079/2156 1080/2157
f 1081/1957 1082/1958 1083/1959
f 1084/1123 1085/1124 1086/1125
f 1087/1267 1088/1268 1089/1269
f 1090/3148 1091/3149 1092/3150
f 1093/2278 1094/2279 1095/2280
f 1096/2236 1097/2237 1098/2238
f 1099/2668 1100/2669 1101/2670
f 1102/1822 1103/1823 1104/1824
f 1105/2704 1106/2705 1107/2706
f 1108/3052 1109/3053 1110/3054
f 1111/1330 1112/1331 1113/1332
f 1114/3154 1115/3155 1116/3156
f 1117/2884 1118/2885 1119/2886
f 1120/1204 1121/1205 1122/1206
f 1123/1138 1124/1139 1125/1140
f 1126/1435 1127/1436 1128/1437
f 1129/2041 1130/2042 1131/2043
f 1132/3109 1133/3110 1134/3111
f 1135/2167 1136/2168 1137/2169
f 1138/2554 1139/2555 1140/2556
f 1141/2137 1142/2138 1143/2139
f 1144/2905 1145/2906 1146/2907
f 1147/2014 1148/2015 1149/2016
f 1150/1624 1151/1625 1152/1626
f 1153/3457 1154/3458 1155/3459
f 1156/3700 1157/3701 1158/3702
f 1159/3502 1160/3503 1161/3504
f 1162/1600 1163/1601 1164/1602
f 1165/2341 1166/2342 1167/2343
f 1168/3544 1169/3545 1170/3546
f 1171/3517 1172/3518 1173/3519
f 1174/3571 1175/3572 1176/3573
f 1177/3886 1178/3887 1179/3888
f 1180/1753 1181/1754 1182/1755
f 1183/2083 1184/2084 1185/2085
f 1186/2527 1187/2528 1188/2529
f 1189/2515 1190/2516 1191/2517
f 1192/3499 1193/3500 1194/3501
f 1195/3409 1196/3410 1197/3411
f 1198/3241 1199/3242 1200/3243
f 1201/3253 1202/3254 1203/3255
f 1204/3889 1205/3890 1206/3891
f 1207/2491 1208/2492 1209/2493
f 1210/1243 1211/1244 1212/1245
f 1213/2227 1214/2228 1215/2229
f 1216/1969 1217/1970 1218/1971
f 1219/3775 1220/3776 1221/3777
f 1222/3898 1223/3899 1224/3900
f 1225/3730 1226/3731 1227/3732
f 1228/1462 1229/1463 1230/1464
f 1231/1693 1232/1694 1233/1695
f 1234/3664 1235/3665 1236/3666
f 1237/3568 1238/3569 1239/3570
f 1240/1549 1241/1550 1242/1551
f 1243/3013 1244/3014 1245/3015
f 1246/2389 1247/2390 1248/2391
f 1249/3382 1250/3383 1251/3384
f 1252/3355 1253/3356 1254/3357
f 1255/2410 1256/2411 1257/2412
f 1258/3805 1259/3806 1260/3807
f 1261/1747 1262/1748 1263/1749
f 1264/1726 1265/1727 1266/1728
f 1267/1222 1268/1223 1269/1224
f 1270/1372 1271/1373 1272/1374
f 1273/1321 1274/1322 1275/1323
f 1276/1348 1277/1349 1278/1350
f 1279/2425 1280/2426 1281/2427
f 1282/2452 1283/2453 1284/2454
f 1285/2995 1286/2996 1287/2997
f 1288/2134 1289/2135 1290/2136
f 1291/3400 1292/3401 1293/3402
f 1294/3787 1295/3788 1296/3789
f 1297/1801 1298/1802 1299/1803
f 1300/1840 1301/1841 1302/1842
f 1303/3772 1304/3773 1305/3774
f 1306/3877 1307/3878 1308/3879
f 1309/2929 1310/2930 1311/2931
f 1312/1312 1313/1313 1314/1314
f 1315/3403 1316/3404 1317/3405
f 1318/3472 1319/3473 1320/3474
f 1321/1792 1322/1793 1323/1794
f 1324/3238 1325/3239 1326/3240
f 1327/3274 1328/3275 1329/3276
f 1330/3178 1331/3179 1332/3180
f 1333/2686 1334/2687 1335/2688
f 1336/2713 1337/2714 1338/2715
f 1339/2947 1340/2948 1341/2949
f 1342/3097 1343/3098 1344/3099
f 1345/3658 1346/3659 1347/3660
f 1348/3559 1349/3560 1350/3561
f 1351/3739 1352/3740 1353/3741
f 1354/1615 1355/1616 1356/1617
f 1357/1681 1358/1682 1359/1683
f 1360/2602 1361/2603 1362/2604
f 1363/2605 1364/2606 1365/2607
f 1366/2908 1367/2909 1368/2910
f 1369/2116 1370/2117 1371/2118
f 1372/3460 1373/3461 1374/3462
f 1375/3610 1376/3611 1377/3612
f 1378/1216 1379/1217 1380/1218
f 1381/1144 1382/1145 1383/1146
f 1384/1594 1385/1595 1386/1596
f 1387/1690 1388/1691 1389/1692
f 1390/1444 1391/1445 1392/1446
f 1393/1810 1394/1811 1395/1812
f 1396/3829 1397/3830 1398/3831
f 1399/3721 1400/3722 1401/3723
f 1402/3373 1403/3374 1404/3375
f 1405/1420 1406/1421 1407/1422
f 1408/3631 1409/3632 1410/3633
f 1411/3586 1412/3587 1413/3588
f 1414/2671 1415/2672 1416/2673
f 1417/2479 1418/2480 1419/2481
f 1420/1864 1421/1865 1422/1866
f 1423/3079 1424/3080 1425/3081
f 1426/2473 1427/2474 1428/2475
f 1429/1378 1430/1379 1431/1380
f 1432/1465 1433/1466 1434/1467
f 1435/1714 1436/1715 1437/1716
f 1438/2596 1439/2597 1440/2598
f 1441/1156 1442/1157 1443/1158
f 1444/2773 1445/2774 1446/2775
f 1447/3040 1448/3041 1449/3042
f 1450/1717 1451/1718 1452/1719
f 1453/2263 1454/2264 1455/2265
f 1456/2968 1457/2969 1458/2970
f 1459/2830 1460/2831 1461/2832
f 1462/3325 1463/3326 1464/3327
f 1465/2623 1466/2624 1467/2625
f 1468/3802 1469/3803 1470/3804
f 1471/3790 1472/3791 1473/3792
f 1474/2035 1475/2036 1476/2037
f 1477/2077 1478/2078 1479/2079
f 1480/3859 1481/3860 1482/3861
f 1483/3838 1484/3839 1485/3840
f 1486/2437 1487/2438 1488/2439
f 1489/1273 1490/1274 1491/1275
f 1492/2692 1493/2693 1494/2694
f 1495/2818 1496/2819 1497/2820
f 1498/2845 1499/2846 1500/2847
f 1501/2842 1502/2843 1503/2844
f 1504/3034 1505/3035 1506/3036
f 1507/3127 1508/3128 1509/3129
f 1510/2785 1511/2786 1512/2787
f 1513/1696 1514/1697 1515/1698
f 1516/3547 1517/3548 1518/3549
f 1519/3145 1520/3146 1521/3147
f 1522/1888 1523/1889 1524/1890
f 1525/3058 1526/3059 1527/3060
f 1528/2923 1529/2924 1530/2925
f 1531/2431 1532/2432 1533/2433
f 1534/2230 1535/2231 1536/2232
f 1537/2185 1538/2186 1539/2187
f 1540/2218 1541/2219 1542/2220
f 1543/1552 1544/1553 1545/1554
f 1546/1483 1547/1484 1548/1485
f 1549/1078 1550/1079 1551/1080
f 1552/1180 1553/1181 1554/1182
f 1555/3334 1556/3335 1557/3336
f 1558/3190 1559/3191 1560/3192
f 1561/1171 1562/1172 1563/1173
f 1564/1066 1565/1067 1566/1068
f 1567/3835 1568/3836 1569/3837
f 1570/3928 1571/3929 1572/3930
f 1573/2326 1574/2327 1575/2328
f 1576/2203 1577/2204 1578/2205
f 1579/1837 1580/1838 1581/1839
f 1582/1774 1583/1775 1584/1776
f 1585/2188 1586/2189 1587/2190
f 1588/2254 1589/2255 1590/2256
f 1591/2683 1592/2684 1593/2685
f 1594/2695 1595/2696 1596/2697
f 1597/1183 1598/1184 1599/1185
f 1600/1390 1601/1391 1602/1392
f 1603/3217 1604/3218 1605/3219
f 1606/3196 1607/3197 1608/3198
f 1609/3520 1610/3521 1611/3522
f 1612/3694 1613/3695 1614/3696
f 1615/3526 1616/3527 1617/3528
f 1618/1279 1619/1280 1620/1281
f 1621/2887 1622/2888 1623/2889
f 1624/1603 1625/1604 1626/1605
f 1627/2251 1628/2252 1629/2253
f 1630/1897 1631/1898 1632/1899
f 1633/3262 1634/3263 1635/3264
f 1636/2095 1637/2096 1638/2097
f 1639/2047 1640/2048 1641/2049
f 1642/2758 1643/2759 1644/2760
f 1645/1918 1646/1919 1647/1920
f 1648/1417 1649/1418 1650/1419
f 1651/2455 1652/2456 1653/2457
f 1654/2530 1655/2531 1656/2532
f 1657/2374 1658/2375 1659/2376
f 1660/1858 1661/1859 1662/1860
f 1663/1495 1664/1496 1665/1497
f 1666/2572 1667/2573 1668/2574
f 1669/2620 1670/2621 1671/2622
f 1672/1879 1673/1880 1674/1881
f 1675/3082 1676/3083 1677/3084
f 1678/2575 1679/2576 1680/2577
f 1681/2593 1682/2594 1683/2595
f 1684/1672 1685/1673 1686/1674
f 1687/1678 1688/1679 1689/1680
f 1690/2650 1691/2651 1692/2652
f 1693/3376 1694/3377 1695/3378
f 1696/2476 1697/2477 1698/2478
f 1699/2542 1700/2543 1701/2544
f 1702/2569 1703/2570 1704/2571
f 1705/1324 1706/1325 1707/1326
f 1708/2587 1709/2588 1710/2589
f 1711/1174 1712/1175 1713/1176
f 1714/2056 1715/2057 1716/2058
f 1717/3001 1718/3002 1719/3003
f 1720/2866 1721/2867 1722/2868
f 1723/2500 1724/2501 1725/2502
f 1726/2998 1727/2999 1728/3000
f 1729/3118 1730/3119 1731/3120
f 1732/1729 1733/1730 1734/1731
f 1735/1492 1736/1493 1737/1494
f 1738/3646 1739/3647 1740/3648
f 1741/3616 1742/3617 1743/3618
f 1744/2953 1745/2954 1746/2955
f 1747/3028 1748/3029 1749/3030
f 1750/3784 1751/3785 1752/3786
f 1753/2062 1754/2063 1755/2064
f 1756/2071 1757/2072 1758/2073
f 1759/2365 1760/2366 1761/2367
f 1762/1663 1763/1664 1764/1665
f 1765/2377 1766/2378 1767/2379
f 1768/2314 1769/2315 1770/2316
f 1771/2488 1772/2489 1773/2490
f 1774/2731 1775/2732 1776/2733
f 1777/1225 1778/1226 1779/1227
f 1780/1282 1781/1283 1782/1284
f 1783/1915 1784/1916 1785/1917
f 1786/1546 1787/1547 1788/1548
f 1789/3604 1790/3605 1791/3606
f 1792/3904 1793/3905 1794/3906
f 1795/1564 1796/1565 1797/1566
f 1798/1933 1799/1934 1800/1935
f 1801/2353 1802/2354 1803/2355
f 1804/1768 1805/1769 1806/1770
f 1807/3760 1808/3761 1809/3762
f 1810/3769 1811/3770 1812/3771
f 1813/2614 1814/2615 1815/2616
f 1816/1261 1817/1262 1818/1263
f 1819/3823 1820/3824 1821/3825
f 1822/1333 1823/1334 1824/1335
f 1825/1108 1826/1109 1827/1110
f 1828/1582 1829/1583 1830/1584
f 1831/2800 1832/2801 1833/2802
f 1834/1069 1835/1070 1836/1071
f 1837/1093 1838/1094 1839/1095
f 1840/2017 1841/2018 1842/2019
f 1843/1660 1844/1661 1845/1662
f 1846/1834 1847/1835 1848/1836
f 1849/3280 1850/3281 1851/3282
f 1852/3175 1853/3176 1854/3177
f 1855/2356 1856/2357 1857/2358
f 1858/2392 1859/2393 1860/2394
f 1861/2407 1862/2408 1863/2409
f 1864/3844 1865/3845 1866/3846
f 1867/3406 1868/3407 1869/3408
f 1870/2305 1871/2306 1872/2307
f 1873/2212 1874/2213 1875/2214
f 1876/1528 1877/1529 1878/1530
f 1879/1534 1880/1535 1881/1536
f 1882/2980 1883/2981 1884/2982
f 1885/2983 1886/2984 1887/2985
f 1888/3580 1889/3581 1890/3582
f 1891/3655 1892/3656 1893/3657
f 1894/1996 1895/1997 1896/1998
f 1897/1966 1898/1967 1899/1968
f 1900/1942 1901/1943 1902/1944
f 1903/2716 1904/2717 1905/2718
f 1906/2617 1907/2618 1908/2619
f 1909/2128 1910/2129 1911/2130
f 1912/1513 1913/1514 1914/1515
f 1915/1687 1916/1688 1917/1689
f 1918/3811 1919/3812 1920/3813
f 1921/3439 1922/3440 1923/3441
f 1924/2626 1925/2627 1926/2628
f 1927/3385 1928/3386 1929/3387
f 1930/3361 1931/3362 1932/3363
f 1933/3328 1934/3329 1935/3330
f 1936/3448 1937/3449 1938/3450
f 1939/3496 1940/3497 1941/3498
f 1942/2080 1943/2081 1944/2082
f 1945/3292 1946/3293 1947/3294
f 1948/2962 1949/2963 1950/2964
f 1951/3016 1952/3017 1953/3018
f 1954/3796 1955/3797 1956/3798
f 1957/3901 1958/3902 1959/3903
f 1960/1393 1961/1394 1962/1395
f 1963/2653 1964/2654 1965/2655
f 1966/2101 1967/2102 1968/2103
f 1969/3094 1970/3095 1971/3096
f 1972/1702 1973/1703 1974/1704
f 1975/1516 1976/1517 1977/1518
f 1978/1351 1979/1352 1980/1353
f 1981/2878 1982/2879 1983/2880
f 1984/2020 1985/2021 1986/2022
f 1987/2110 1988/2111 1989/2112
f 1990/3199 1991/3200 1992/3201
f 1993/3211 1994/3212 1995/3213
f 1996/3925 1997/3926 1998/3927
f 1999/3910 2000/3911 2001/3912
f 2002/3676 2003/3677 2004/3678
f 2005/3652 2006/3653 2007/3654
f 2008/2470 2009/2471 2010/2472
f 2011/2497 2012/2498 2013/2499
f 2014/3736 2015/3737 2016/3738
f 2017/3733 2018/3734 2019/3735
f 2020/1978 2021/1979 2022/1980
f 2023/2005 2024/2006 2025/2007
f 2026/1075 2027/1076 2028/1077
f 2029/1384 2030/1385 2031/1386
f 2032/3301 2033/3302 2034/3303
f 2035/3343 2036/3344 2037/3345
f 2038/3214 2039/3215 2040/3216
f 2041/2089 2042/2090 2043/2091
f 2044/1405 2045/1406 2046/1407
f 2047/2551 2048/2552 2049/2553
f 2050/2863 2051/2864 2052/2865
f 2053/3055 2054/3056 2055/3057
f 2056/3430 2057/3431 2058/3432
f 2059/3433 2060/3434 2061/3435
f 2062/3697 2063/3698 2064/3699
f 2065/3709 2066/3710 2067/3711
f 2068/1408 2069/1409 2070/1410
f 2071/2548 2072/2549 2073/2550
f 2074/2290 2075/2291 2076/2292
f 2077/2269 2078/2270 2079/2271
f 2080/3085 2081/3086 2082/3087
f 2083/2053 2084/2054 2085/2055
f 2086/3235 2087/3236 2088/3237
f 2089/3232 2090/3233 2091/3234
f 2092/1750 2093/1751 2094/1752
f 2095/3187 2096/3188 2097/3189
f 2098/2281 2099/2282 2100/2283
f 2101/2284 2102/2285 2103/2286
f 2104/2755 2105/2756 2106/2757
f 2107/1981 2108/1982 2109/1983
f 2110/2287 2111/2288 2112/2289
f 2113/2446 2114/2447 2115/2448
f 2116/1795 2117/1796 2118/1797
f 2119/2068 2120/2069 2121/2070
f 2122/3367 2123/3368 2124/3369
f 2125/2122 2126/2123 2127/2124
f 2128/2761 2129/2762 2130/2763
f 2131/2680 2132/2681 2133/2682
f 2134/1510 2135/1511 2136/1512
f 2137/1591 2138/1592 2139/1593
f 2140/2911 2141/2912 2142/2913
f 2143/1369 2144/1370 2145/1371
f 2146/3874 2147/3875 2148/3876
f 2149/3766 2150/3767 2151/3768
f 2152/1105 2153/1106 2154/1107
f 2155/1291 2156/1292 2157/1293
f 2158/1246 2159/1247 2160/1248
f 2161/1363 2162/1364 2163/1365
f 2164/1720 2165/1721 2166/1722
f 2167/1765 2168/1766 2169/1767
f 2170/2662 2171/2663 2172/2664
f 2173/2656 2174/2657 2175/2658
f 2176/3319 2177/3320 2178/3321
f 2179/3157 2180/3158 2181/3159
f 2182/1294 2183/1295 2184/1296
f 2185/1297 2186/1298 2187/1299
f 2188/3184 2189/3185 2190/3186
f 2191/3163 2192/3164 2193/3165
f 2194/1084 2195/1085 2196/1086
f 2197/1135 2198/1136 2199/1137
f 2200/1825 2201/1826 2202/1827
f 2203/1501 2204/1502 2205/1503
f 2206/2779 2207/2780 2208/2781
f 2209/2710 2210/2711 2211/2712
f 2212/2860 2213/2861 2214/2862
f 2215/2872 2216/2873 2217/2874
f 2218/2458 2219/2459 2220/2460
f 2221/2440 2222/2441 2223/2442
f 2224/2119 2225/2120 2226/2121
f 2227/2131 2228/2132 2229/2133
f 2230/2461 2231/2462 2232/2463
f 2233/2485 2234/2486 2235/2487
f 2236/2941 2237/2942 2238/2943
f 2239/2977 2240/2978 2241/2979
f 2242/1300 2243/1301 2244/1302
f 2245/1396 2246/1397 2247/1398
f 2248/1336 2249/1337 2250/1338
f 2251/2629 2252/2630 2253/2631
f 2254/1423 2255/1424 2256/1425
f 2257/2449 2258/2450 2259/2451
f 2260/3667 2261/3668 2262/3669
f 2263/3562 2264/3563 2265/3564
f 2266/3712 2267/3713 2268/3714
f 2269/3538 2270/3539 2271/3540
f 2272/3151 2273/3152 2274/3153
f 2275/3220 2276/3221 2277/3222
f 2278/1426 2279/1427 2280/1428
f 2281/1429 2282/1430 2283/1431
f 2284/1306 2285/1307 2286/1308
f 2287/1213 2288/1214 2289/1215
f 2290/1654 2291/1655 2292/1656
f 2293/1561 2294/1562 2295/1563
f 2296/1432 2297/1433 2298/1434
f 2299/3379 2300/3380 2301/3381
f 2302/3514 2303/3515 2304/3516
f 2305/3535 2306/3536 2307/3537
f 2308/3136 2309/3137 2310/3138
f 2311/3139 2312/3140 2313/3141
f 2314/1411 2315/1412 2316/1413
f 2317/1414 2318/1415 2319/1416
f 2320/1195 2321/1196 2322/1197
f 2323/1285 2324/1286 2325/1287
f 2326/3478 2327/3479 2328/3480
f 2329/3475 2330/3476 2331/3477
f 2332/1366 2333/1367 2334/1368
f 2335/1309 2336/1310 2337/1311
f 2338/1972 2339/1973 2340/1974
f 2341/1975 2342/1976 2343/1977
f 2344/3508 2345/3509 2346/3510
f 2347/3643 2348/3644 2349/3645
f 2350/2665 2351/2666 2352/2667
f 2353/2728 2354/2729 2355/2730
f 2356/2302 2357/2303 2358/2304
f 2359/2335 2360/2336 2361/2337
f 2362/1288 2363/1289 2364/1290
f 2365/1345 2366/1346 2367/1347
f 2368/1912 2369/1913 2370/1914
f 2371/1843 2372/1844 2373/1845
f 2374/2512 2375/2513 2376/2514
f 2377/2725 2378/2726 2379/2727
f 2380/3304 2381/3305 2382/3306
f 2383/3172 2384/3173 2385/3174
f 2386/3025 2387/3026 2388/3027
f 2389/3022 2390/3023 2391/3024
f 2392/2419 2393/2420 2394/2421
f 2395/2293 2396/2294 2397/2295
f 2398/3340 2399/3341 2400/3342
f 2401/3256 2402/3257 2403/3258
f 2404/3106 2405/3107 2406/3108
f 2407/2149 2408/2150 2409/2151
f 2410/3553 2411/3554 2412/3555
f 2413/2608 2414/2609 2415/2610
f 2416/2611 2417/2612 2418/2613
f 2419/3832 2420/3833 2421/3834
f 2422/3853 2423/3854 2424/3855
f 2425/2239 2426/2240 2427/2241
f 2428/2266 2429/2267 2430/2268
f 2431/3601 2432/3602 2433/3603
f 2434/3595 2435/3596 2436/3597
f 2437/2179 2438/2180 2439/2181
f 2440/2170 2441/2171 2442/2172
f 2443/1732 2444/1733 2445/1734
f 2446/1744 2447/1745 2448/1746
f 2449/2299 2450/2300 2451/2301
f 2452/2260 2453/2261 2454/2262
f 2455/3589 2456/3590 2457/3591
f 2458/3592 2459/3593 2460/3594
f 2461/2350 2462/2351 2463/2352
f 2464/2332 2465/2333 2466/2334
f 2467/1240 2468/1241 2469/1242
f 2470/1237 2471/1238 2472/1239
f 2473/3349 2474/3350 2475/3351
f 2476/3337 2477/3338 2478/3339
f 2479/1168 2480/1169 2481/1170
f 2482/1153 2483/1154 2484/1155
f 2485/1669 2486/1670 2487/1671
f 2488/1630 2489/1631 2490/1632
f 2491/2275 2492/2276 2493/2277
f 2494/2272 2495/2273 2496/2274
f 2497/2932 2498/2933 2499/2934
f 2500/1354 2501/1355 2502/1356
f 2503/3412 2504/3413 2505/3414
f 2506/1930 2507/1931 2508/1932
f 2509/2959 2510/2960 2511/2961
f 2512/1852 2513/1853 2514/1854
f 2515/1828 2516/1829 2517/1830
f 2518/3850 2519/3851 2520/3852
f 2521/3742 2522/3743 2523/3744
f 2524/1987 2525/1988 2526/1989
f 2527/2806 2528/2807 2529/2808
f 2530/2401 2531/2402 2532/2403
f 2533/2404 2534/2405 2535/2406
f 2536/2854 2537/2855 2538/2856
f 2539/2740 2540/2741 2541/2742
f 2542/3481 2543/3482 2544/3483
f 2545/3484 2546/3485 2547/3486
f 2548/3523 2549/3524 2550/3525
f 2551/2428 2552/2429 2553/2430
f 2554/2311 2555/2312 2556/2313
f 2557/2125 2558/2126 2559/2127
f 2560/2140 2561/2141 2562/2142
f 2563/1651 2564/1652 2565/1653
f 2566/1621 2567/1622 2568/1623
f 2569/3331 2570/3332 2571/3333
f 2572/3364 2573/3365 2574/3366
f 2575/2182 2576/2183 2577/2184
f 2578/2362 2579/2363 2580/2364
f 2581/2974 2582/2975 2583/2976
f 2584/2971 2585/2972 2586/2973
f 2587/3685 2588/3686 2589/3687
f 2590/3688 2591/3689 2592/3690
f 2593/2749 2594/2750 2595/2751
f 2596/2752 2597/2753 2598/2754
f 2599/3112 2600/3113 2601/3114
f 2602/3115 2603/3116 2604/3117
f 2605/1114 2606/1115 2607/1116
f 2608/1111 2609/1112 2610/1113
f 2611/3445 2612/3446 2613/3447
f 2614/3613 2615/3614 2616/3615
f 2617/2380 2618/2381 2619/2382
f 2620/2383 2621/2384 2622/2385
f 2623/2104 2624/2105 2625/2106
f 2626/2092 2627/2093 2628/2094
f 2629/3511 2630/3512 2631/3513
f 2632/3493 2633/3494 2634/3495
f 2635/2776 2636/2777 2637/2778
f 2638/1648 2639/1649 2640/1650
f 2641/1999 2642/2000 2643/2001
f 2644/2221 2645/2222 2646/2223
f 2647/1141 2648/1142 2649/1143
f 2650/1150 2651/1151 2652/1152
f 2653/2074 2654/2075 2655/2076
f 2656/3313 2657/3314 2658/3315
f 2659/3124 2660/3125 2661/3126
f 2662/1264 2663/1265 2664/1266
f 2665/1504 2666/1505 2667/1506
f 2668/1567 2669/1568 2670/1569
f 2671/3316 2672/3317 2673/3318
f 2674/3286 2675/3287 2676/3288
f 2677/2029 2678/2030 2679/2031
f 2680/2026 2681/2027 2682/2028
f 2683/3781 2684/3782 2685/3783
f 2686/3607 2687/3608 2688/3609
f 2689/2443 2690/2444 2691/2445
f 2692/2413 2693/2414 2694/2415
f 2695/3865 2696/3866 2697/3867
f 2698/3745 2699/3746 2700/3747
f 2701/3748 2702/3749 2703/3750
f 2704/2011 2705/2012 2706/2013
f 2707/1657 2708/1658 2709/1659
f 2710/1570 2711/1571 2712/1572
f 2713/1576 2714/1577 2715/1578
f 2716/1165 2717/1166 2718/1167
f 2719/1231 2720/1232 2721/1233
f 2722/1780 2723/1781 2724/1782
f 2725/1789 2726/1790 2727/1791
f 2728/3310 2729/3311 2730/3312
f 2731/3295 2732/3296 2733/3297
f 2734/1708 2735/1709 2736/1710
f 2737/1711 2738/1712 2739/1713
f 2740/3019 2741/3020 2742/3021
f 2743/3037 2744/3038 2745/3039
f 2746/3583 2747/3584 2748/3585
f 2749/3577 2750/3578 2751/3579
f 2752/1360 2753/1361 2754/1362
f 2755/2875 2756/2876 2757/2877
f 2758/3919 2759/3920 2760/3921
f 2761/3913 2762/3914 2763/3915
f 2764/2815 2765/2816 2766/2817
f 2767/2881 2768/2882 2769/2883
f 2770/3103 2771/3104 2772/3105
f 2773/3100 2774/3101 2775/3102
f 2776/2566 2777/2567 2778/2568
f 2779/2563 2780/2564 2781/2565
f 2782/2197 2783/2198 2784/2199
f 2785/2200 2786/2201 2787/2202
f 2788/1786 2789/1787 2790/1788
f 2791/1804 2792/1805 2793/1806
f 2794/2821 2795/2822 2796/2823
f 2797/3031 2798/3032 2799/3033
f 2800/2599 2801/2600 2802/2601
f 2803/2590 2804/2591 2805/2592
f 2806/3724 2807/3725 2808/3726
f 2809/3808 2810/3809 2811/3810
f 2812/3259 2813/3260 2814/3261
f 2815/1909 2816/1910 2817/1911
f 2818/3907 2819/3908 2820/3909
f 2821/3799 2822/3800 2823/3801
f 2824/2308 2825/2309 2826/2310
f 2827/2164 2828/2165 2829/2166
f 2830/1927 2831/1928 2832/1929
f 2833/3166 2834/3167 2835/3168
f 2836/2533 2837/2534 2838/2535
f 2839/2545 2840/2546 2841/2547
f 2842/1723 2843/1724 2844/1725
f 2845/1924 2846/1925 2847/1926
f 2848/3244 2849/3245 2850/3246
f 2851/3271 2852/3272 2853/3273
f 2854/3892 2855/3893 2856/3894
f 2857/3598 2858/3599 2859/3600
f 2860/1954 2861/1955 2862/1956
f 2863/1951 2864/1952 2865/1953
f 2866/1381 2867/1382 2868/1383
f 2869/2539 2870/2540 2871/2541
f 2872/3622 2873/3623 2874/3624
f 2875/3565 2876/3566 2877/3567
f 2878/3427 2879/3428 2880/3429
f 2881/3463 2882/3464 2883/3465
f 2884/3691 2885/3692 2886/3693
f 2887/3715 2888/3716 2889/3717
f 2890/3793 2891/3794 2892/3795
f 2893/3916 2894/3917 2895/3918
f 2896/1519 2897/1520 2898/1521
f 2899/1522 2900/1523 2901/1524
f 2902/3871 2903/3872 2904/3873
f 2905/3856 2906/3857 2907/3858
f 2908/3751 2909/3752 2910/3753
f 2911/3757 2912/3758 2913/3759
f 2914/1756 2915/1757 2916/1758
f 2917/1759 2918/1760 2919/1761
f 2920/1456 2921/1457 2922/1458
f 2923/1771 2924/1772 2925/1773
f 2926/2869 2927/2870 2928/2871
f 2929/1375 2930/1376 2931/1377
f 2932/1876 2933/1877 2934/1878
f 2935/1882 2936/1883 2937/1884
f 2938/3628 2939/3629 2940/3630
f 2941/3619 2942/3620 2943/3621
f 2944/1873 2945/1874 2946/1875
f 2947/1885 2948/1886 2949/1887
f 2950/3370 2951/3371 2952/3372
f 2953/2584 2954/2585 2955/2586
f 2956/1636 2957/1637 2958/1638
f 2959/1642 2960/1643 2961/1644
f 2962/3076 2963/3077 2964/3078
f 2965/1870 2966/1871 2967/1872
f 2968/3202 2969/3203 2970/3204
f 2971/3208 2972/3209 2973/3210
f 2974/1450 2975/1451 2976/1452
f 2977/1447 2978/1448 2979/1449
f 2980/1846 2981/1847 2982/1848
f 2983/2329 2984/2330 2985/2331
f 2986/1741 2987/1742 2988/1743
f 2989/1738 2990/1739 2991/1740
f 2992/2098 2993/2099 2994/2100
f 2995/2086 2996/2087 2997/2088
f 2998/1588 2999/1589 3000/1590
f 3001/1585 3002/1586 3003/1587
f 3004/1735 3005/1736 3006/1737
f 3007/1486 3008/1487 3009/1488
f 3010/1816 3011/1817 3012/1818
f 3013/1813 3014/1814 3015/1815
f 3016/1993 3017/1994 3018/1995
f 3019/1960 3020/1961 3021/1962
f 3022/1186 3023/1187 3024/1188
f 3025/1303 3026/1304 3027/1305
f 3028/2323 3029/2324 3030/2325
f 3031/2320 3032/2321 3033/2322
f 3034/2836 3035/2837 3036/2838
f 3037/2812 3038/2813 3039/2814
f 3040/1945 3041/1946 3042/1947
f 3043/3130 3044/3131 3045/3132
f 3046/1540 3047/1541 3048/1542
f 3049/1531 3050/1532 3051/1533
f 3052/2002 3053/2003 3054/2004
f 3055/2008 3056/2009 3057/2010
f 3058/3778 3059/3779 3060/3780
f 3061/3529 3062/3530 3063/3531
f 3064/2659 3065/2660 3066/2661
f 3067/2743 3068/2744 3069/2745
f 3070/3091 3071/3092 3072/3093
f 3073/3088 3074/3089 3075/3090
f 3076/3073 3077/3074 3078/3075
f 3079/2944 3080/2945 3081/2946
f 3082/2338 3083/2339 3084/2340
f 3085/2395 3086/2396 3087/2397
f 3088/2524 3089/2525 3090/2526
f 3091/1984 3092/1985 3093/1986
f 3094/2557 3095/2558 3096/2559
f 3097/2560 3098/2561 3099/2562
f 3100/1684 3101/1685 3102/1686
f 3103/1675 3104/1676 3105/1677
f 3106/3706 3107/3707 3108/3708
f 3109/3556 3110/3557 3111/3558
f 3112/3205 3113/3206 3114/3207
f 3115/3193 3116/3194 3117/3195
f 3118/2644 3119/2645 3120/2646
f 3121/2647 3122/2648 3123/2649
f 3124/2797 3125/2798 3126/2799
f 3127/2794 3128/2795 3129/2796
f 3130/2245 3131/2246 3132/2247
f 3133/2242 3134/2243 3135/2244
f 3136/2038 3137/2039 3138/2040
f 3139/2059 3140/2060 3141/2061
f 3142/2224 3143/2225 3144/2226
f 3145/2176 3146/2177 3147/2178
f 3148/1201 3149/1202 3150/1203
f 3151/1189 3152/1190 3153/1191
f 3154/2809 3155/2810 3156/2811
f 3157/2851 3158/2852 3159/2853
f 3160/2896 3161/2897 3162/2898
f 3163/2824 3164/2825 3165/2826
f 3166/1783 3167/1784 3168/1785
f 3169/1831 3170/1832 3171/1833
f 3172/2206 3173/2207 3174/2208
f 3175/2317 3176/2318 3177/2319
f 3178/2803 3179/2804 3180/2805
f 3181/2791 3182/2792 3183/2793
f 3184/1102 3185/1103 3186/1104
f 3187/1087 3188/1088 3189/1089
f 3190/3625 3191/3626 3192/3627
f 3193/3505 3194/3506 3195/3507
f 3196/3424 3197/3425 3198/3426
f 3199/3415 3200/3416 3201/3417
f 3202/2902 3203/2903 3204/2904
f 3205/2899 3206/2900 3207/2901
f 3208/2956 3209/2957 3210/2958
f 3211/2950 3212/2951 3213/2952
f 3214/2494 3215/2495 3216/2496
f 3217/1318 3218/1319 3219/1320
f 3220/1357 3221/1358 3222/1359
f 3223/1315 3224/1316 3225/1317
f 3226/2173 3227/2174 3228/2175
f 3229/2215 3230/2216 3231/2217
f 3232/1207 3233/1208 3234/1209
f 3235/1147 3236/1148 3237/1149
f 3238/3931 3239/3932 3240/3933
f 3241/3661 3242/3662 3243/3663
f 3244/2788 3245/2789 3246/2790
f 3247/2746 3248/2747 3249/2748
f 3250/2893 3251/2894 3252/2895
f 3253/2890 3254/2891 3255/2892
f 3256/3880 3257/3881 3258/3882
f 3259/3883 3260/3884 3261/3885
f 3262/2986 3263/2987 3264/2988
f 3265/2992 3266/2993 3267/2994
f 3268/3841 3269/3842 3270/3843
f 3271/3847 3272/3848 3273/3849
f 3274/3160 3275/3161 3276/3162
f 3277/3169 3278/3170 3279/3171
f 3280/1480 3281/1481 3282/1482
f 3283/1525 3284/1526 3285/1527
f 3286/3289 3287/3290 3288/3291
f 3289/3394 3290/3395 3291/3396
f 3292/2935 3293/2936 3294/2937
f 3295/3121 3296/3122 3297/3123
f 3298/2191 3299/2192 3300/2193
f 3301/2161 3302/2162 3303/2163
f 3304/3004 3305/3005 3306/3006
f 3307/2989 3308/2990 3309/2991
f 3310/2926 3311/2927 3312/2928
f 3313/2938 3314/2939 3315/2940
f 3316/2344 3317/2345 3318/2346
f 3319/2347 3320/2348 3321/2349
f 3322/1948 3323/1949 3324/1950
f 3325/3397 3326/3398 3327/3399
f 3328/2701 3329/2702 3330/2703
f 3331/2707 3332/2708 3333/2709
f 3334/1399 3335/1400 3336/1401
f 3337/1387 3338/1388 3339/1389
f 3340/2917 3341/2918 3342/2919
f 3343/2920 3344/2921 3345/2922
f 3346/1849 3347/1850 3348/1851
f 3349/1855 3350/1856 3351/1857
f 3352/3229 3353/3230 3354/3231
f 3355/3226 3356/3227 3357/3228
f 3358/1441 3359/1442 3360/1443
f 3361/1453 3362/1454 3363/1455
f 3364/1471 3365/1472 3366/1473
f 3367/1459 3368/1460 3369/1461
f 3370/3442 3371/3443 3372/3444
f 3373/1555 3374/1556 3375/1557
f 3376/1543 3377/1544 3378/1545
f 3379/2509 3380/2510 3381/2511
f 3382/2518 3383/2519 3384/2520
f 3385/3133 3386/3134 3387/3135
f 3388/3391 3389/3392 3390/3393
f 3391/1474 3392/1475 3393/1476
f 3394/1489 3395/1490 3396/1491
f 3397/2722 3398/2723 3399/2724
f 3400/2521 3401/2522 3402/2523
f 3403/2770 3404/2771 3405/2772
f 3406/3049 3407/3050 3408/3051
f 3409/2233 3410/2234 3411/2235
f 3412/1612 3413/1613 3414/1614
f 3415/1081 3416/1082 3417/1083
f 3418/1126 3419/1127 3420/1128
f 3421/3418 3422/3419 3423/3420
f 3424/3436 3425/3437 3426/3438
f 3427/2677 3428/2678 3429/2679
f 3430/2719 3431/2720 3432/2721
f 3433/3763 3434/3764 3435/3765
f 3436/3727 3437/3728 3438/3729
f 3439/1666 3440/1667 3441/1668
f 3442/1507 3443/1508 3444/1509
f 3445/2371 3446/2372 3447/2373
f 3448/2368 3449/2369 3450/2370
f 3451/3679 3452/3680 3453/3681
f 3454/3673 3455/3674 3456/3675
f 3457/2506 3458/2507 3459/2508
f 3460/2503 3461/2504 3462/2505
f 3463/1072 3464/1073 3465/1074
f 3466/1192 3467/1193 3468/1194
f 3469/3703 3470/3704 3471/3705
f 3472/3550 3473/3551 3474/3552
f 3475/2674 3476/2675 3477/2676
f 3478/2698 3479/2699 3480/2700
f 3481/1276 3482/1277 3483/1278
f 3484/1249 3485/1250 3486/1251
f 3487/3070 3488/3071 3489/3072
f 3490/3067 3491/3068 3492/3069
f 3493/1162 3494/1163 3495/1164
f 3496/1198 3497/1199 3498/1200
f 3499/3541 3500/3542 3501/3543
f 3502/3532 3503/3533 3504/3534
f 3505/3817 3506/3818 3507/3819
f 3508/3670 3509/3671 3510/3672
f 3511/3574 3512/3575 3513/3576
f 3514/2734 3515/2735 3516/2736
f 3517/2482 3518/2483 3519/2484
f 3520/3181 3521/3182 3522/3183
f 3523/3142 3524/3143 3525/3144
f 3526/2050 3527/2051 3528/2052
f 3529/2044 3530/2045 3531/2046
f 3532/1606 3533/1607 3534/1608
f 3535/1762 3536/1763 3537/1764
f 3538/1258 3539/1259 3540/1260
f 3541/1219 3542/1220 3543/1221
f 3544/1579 3545/1580 3546/1581
f 3547/1573 3548/1574 3549/1575
f 3550/2467 3551/2468 3552/2469
f 3553/2464 3554/2465 3555/2466
f 3556/3922 3557/3923 3558/3924
f 3559/1807 3560/1808 3561/1809
f 3562/1819 3563/1820 3564/1821
f 3565/1618 3566/1619 3567/1620
f 3568/1639 3569/1640 3570/1641
f 3571/3826 3572/3827 3573/3828
f 3574/3820 3575/3821 3576/3822
f 3577/2638 3578/2639 3579/2640
f 3580/2641 3581/2642 3582/2643
f 3583/3454 3584/3455 3585/3456
f 3586/3490 3587/3491 3588/3492
f 3589/3043 3590/3044 3591/3045
f 3592/2965 3593/2966 3594/2967
f 3595/1777 3596/1778 3597/1779
f 3598/1477 3599/1478 3600/1479
f 3601/1921 3602/1922 3603/1923
f 3604/1627 3605/1628 3606/1629
f 3607/2143 3608/2144 3609/2145
f 3610/2146 3611/2147 3612/2148
f 3613/3268 3614/3269 3615/3270
f 3616/3277 3617/3278 3618/3279
f 3619/1177 3620/1178 3621/1179
f 3622/1120 3623/1121 3624/1122
f 3625/2416 3626/2417 3627/2418
f 3628/2422 3629/2423 3630/2424
f 3631/3754 3632/3755 3633/3756
f 3634/1498 3635/1499 3636/1500
f 3637/1537 3638/1538 3639/1539
f 3640/1228 3641/1229 3642/1230
f 3643/1234 3644/1235 3645/1236
f 3646/3064 3647/3065 3648/3066
f 3649/3061 3650/3062 3651/3063
f 3652/1705 3653/1706 3654/1707
f 3655/1699 3656/1700 3657/1701
f 3658/2737 3659/2738 3660/2739
f 3661/2689 3662/2690 3663/2691
f 3664/2782 3665/2783 3666/2784
f 3667/1990 3668/1991 3669/1992
f 3670/2848 3671/2849 3672/2850
f 3673/2839 3674/2840 3675/2841
f 3676/2065 3677/2066 3678/2067
f 3679/1798 3680/1799 3681/1800
f 3682/2296 3683/2297 3684/2298
f 3685/2248 3686/2249 3687/2250
f 3688/1252 3689/1253 3690/1254
f 3691/1255 3692/1256 3693/1257
f 3694/1867 3695/1868 3696/1869
f 3697/1861 3698/1862 3699/1863
f 3700/3862 3701/3863 3702/3864
f 3703/3868 3704/3869 3705/3870
f 3706/3247 3707/3248 3708/3249
f 3709/3250 3710/3251 3711/3252
f 3712/1402 3713/1403 3714/1404
f 3715/1438 3716/1439 3717/1440
f 3718/2434 3719/2435 3720/2436
f 3721/2536 3722/2537 3723/2538
f 3724/2152 3725/2153 3726/2154
f 3727/2914 3728/2915 3729/2916
f 3730/2158 3731/2159 3732/2160
f 3733/2113 3734/2114 3735/2115
f 3736/1096 3737/1097 3738/1098
f 3739/1090 3740/1091 3741/1092
f 3742/3346 3743/3347 3744/3348
f 3745/3352 3746/3353 3747/3354
f 3748/2257 3749/2258 3750/2259
f 3751/2194 3752/2195 3753/2196
f 3754/1963 3755/1964 3756/1965
f 3757/2209 3758/2210 3759/2211
f 3760/1159 3761/1160 3762/1161
f 3763/1210 3764/1211 3765/1212
f 3766/1894 3767/1895 3768/1896
f 3769/1903 3770/1904 3771/1905
f 3772/2581 3773/2582 3774/2583
f 3775/2578 3776/2579 3777/2580
f 3778/2023 3779/2024 3780/2025
f 3781/2107 3782/2108 3783/2109
f 3784/3010 3785/3011 3786/3012
f 3787/3007 3788/3008 3789/3009
f 3790/1900 3791/1901 3792/1902
f 3793/1906 3794/1907 3795/1908
f 3796/3649 3797/3650 3798/3651
f 3799/3814 3800/3815 3801/3816
f 3802/3895 3803/3896 3804/3897
f 3805/1342 3806/1343 3807/1344
f 3808/1339 3809/1340 3810/1341
f 3811/3223 3812/3224 3813/3225
f 3814/3265 3815/3266 3816/3267
f 3817/3451 3818/3452 3819/3453
f 3820/3466 3821/3467 3822/3468
f 3823/1891 3824/1892 3825/1893
f 3826/3283 3827/3284 3828/3285
f 3829/2398 3830/2399 3831/2400
f 3832/3358 3833/3359 3834/3360
f 3835/3640 3836/3641 3837/3642
f 3838/3634 3839/3635 3840/3636
f 3841/1645 3842/1646 3843/1647
f 3844/1633 3845/1634 3846/1635
f 3847/3421 3848/3422 3849/3423
f 3850/3487 3851/3488 3852/3489
f 3853/1597 3854/1598 3855/1599
f 3856/1609 3857/1610 3858/1611
f 3859/2833 3860/2834 3861/2835
f 3862/2827 3863/2828 3864/2829
f 3865/1129 3866/1130 3867/1131
f 3868/1132 3869/1133 3870/1134
f 3871/1270 3872/1271 3873/1272
f 3874/1327 3875/1328 3876/1329
f 3877/3637 3878/3638 3879/3639
f 3880/3682 3881/3683 3882/3684
f 3883/1558 3884/1559 3885/1560
f 3886/1939 3887/1940 3888/1941
f 3889/2632 3890/2633 3891/2634
f 3892/2635 3893/2636 3894/2637
f 3895/1099 3896/1100 3897/1101
f 3898/1117 3899/1118 3900/1119
f 3901/2764 3902/2765 3903/2766
f 3904/2767 3905/2768 3906/2769
f 3907/1936 3908/1937 3909/1938
f 3910/3046 3911/3047 3912/3048
f 3913/3298 3914/3299 3915/3300
f 3916/3388 3917/3389 3918/3390
f 3919/3307 3920/3308 3921/3309
f 3922/3322 3923/3323 3924/3324
f 3925/2359 3926/2360 3927/2361
f 3928/2386 3929/2387 3930/2388
f 3931/3469 3932/3470 3933/3471
f 3934/4282 3935/4283 3936/4284
f 3937/4180 3938/4181 3939/4182
f 3940/3994 3941/3995 3942/3996
f 3943/4018 3944/4019 3945/4020
f 3946/4120 3947/4121 3948/4122
f 3949/4375 3950/4376 3951/4377
f 3952/4267 3953/4268 3954/4269
f 3955/4147 3956/4148 3957/4149
f 3958/4075 3959/4076 3960/4077
f 3961/4411 3962/4412 3963/4413
f 3964/4387 3965/4388 3966/4389
f 3967/4390 3968/4391 3969/4392
f 3970/3997 3971/3998 3972/3999
f 3973/4195 3974/4196 3975/4197
f 3976/4021 3977/4022 3978/4023
f 3979/4051 3980/4052 3981/4053
f 3982/4327 3983/4328 3984/4329
f 3985/4285 3986/4286 3987/4287
f 3988/4441 3989/4442 3990/4443
f 3991/4129 3992/4130 3993/4131
f 3994/4060 3995/4061 3996/4062
f 3997/4216 3998/4217 3999/4218
f 4000/3949 4001/3950 4002/3951
f 4003/4420 4004/4421 4005/4422
f 4006/4030 4007/4031 4008/4032
f 4009/4114 4010/4115 4011/4116
f 4012/4087 4013/4088 4014/4089
f 4015/4048 4016/4049 4017/4050
f 4018/4360 4019/4361 4020/4362
f 4021/4165 4022/4166 4023/4167
f 4024/3952 4025/3953 4026/3954
f 4027/4213 4028/4214 4029/4215
f 4030/4300 4031/4301 4032/4302
f 4033/3985 4034/3986 4035/3987
f 4036/3979 4037/3980 4038/3981
f 4039/4279 4040/4280 4041/4281
f 4042/4402 4043/4403 4044/4404
f 4045/4135 4046/4136 4047/4137
f 4048/4324 4049/4325 4050/4326
f 4051/4249 4052/4250 4053/4251
f 4054/4246 4055/4247 4056/4248
f 4057/4309 4058/4310 4059/4311
f 4060/4105 4061/4106 4062/4107
f 4063/3961 4064/3962 4065/3963
f 4066/4201 4067/4202 4068/4203
f 4069/4003 4070/4004 4071/4005
f 4072/4339 4073/4340 4074/4341
f 4075/3973 4076/3974 4077/3975
f 4078/4369 4079/4370 4080/4371
f 4081/3937 4082/3938 4083/3939
f 4084/4378 4085/4379 4086/4380
f 4087/4042 4088/4043 4089/4044
f 4090/4015 4091/4016 4092/4017
f 4093/4198 4094/4199 4095/4200
f 4096/4138 4097/4139 4098/4140
f 4099/4210 4100/4211 4101/4212
f 4102/4228 4103/4229 4104/4230
f 4105/4393 4106/4394 4107/4395
f 4108/4426 4109/4427 4110/4428
f 4111/4399 4112/4400 4113/4401
f 4114/4396 4115/4397 4116/4398
f 4117/4093 4118/4094 4119/4095
f 4120/4345 4121/4346 4122/4347
f 4123/4276 4124/4277 4125/4278
f 4126/4261 4127/4262 4128/4263
f 4129/4033 4130/4034 4131/4035
f 4132/4057 4133/4058 4134/4059
f 4135/4072 4136/4073 4137/4074
f 4138/4348 4139/4349 4140/4350
f 4141/4225 4142/4226 4143/4227
f 4144/4444 4145/4445 4146/4446
f 4147/4312 4148/4313 4149/4314
f 4150/4306 4151/4307 4152/4308
f 4153/4372 4154/4373 4155/4374
f 4156/4351 4157/4352 4158/4353
f 4159/4081 4160/4082 4161/4083
f 4162/4414 4163/4415 4164/4416
f 4165/4099 4166/4100 4167/4101
f 4168/4102 4169/4103 4170/4104
f 4171/4156 4172/4157 4173/4158
f 4174/4252 4175/4253 4176/4254
f 4177/4219 4178/4220 4179/4221
f 4180/4204 4181/4205 4182/4206
f 4183/4150 4184/4151 4185/4152
f 4186/3988 4187/3989 4188/3990
f 4189/4234 4190/4235 4191/4236
f 4192/4288 4193/4289 4194/4290
f 4195/4294 4196/4295 4197/4296
f 4198/4123 4199/4124 4200/4125
f 4201/4126 4202/4127 4203/4128
f 4204/3970 4205/3971 4206/3972
f 4207/3943 4208/3944 4209/3945
f 4210/4084 4211/4085 4212/4086
f 4213/3934 4214/3935 4215/3936
f 4216/4144 4217/4145 4218/4146
f 4219/4192 4220/4193 4221/4194
f 4222/4153 4223/4154 4224/4155
f 4225/4132 4226/4133 4227/4134
f 4228/4330 4229/4331 4230/4332
f 4231/4111 4232/4112 4233/4113
f 4234/4069 4235/4070 4236/4071
f 4237/4045 4238/4046 4239/4047
f 4240/4171 4241/4172 4242/4173
f 4243/4438 4244/4439 4245/4440
f 4246/4273 4247/4274 4248/4275
f 4249/4240 4250/4241 4251/4242
f 4252/4303 4253/4304 4254/4305
f 4255/4237 4256/4238 4257/4239
f 4258/3982 4259/3983 4260/3984
f 4261/4183 4262/4184 4263/4185
f 4264/4054 4265/4055 4266/4056
f 4267/4435 4268/4436 4269/4437
f 4270/4366 4271/4367 4272/4368
f 4273/4006 4274/4007 4275/4008
f 4276/3955 4277/3956 4278/3957
f 4279/3958 4280/3959 4281/3960
f 4282/4291 4283/4292 4284/4293
f 4285/4270 4286/4271 4287/4272
f 4288/4174 4289/4175 4290/4176
f 4291/4141 4292/4142 4293/4143
f 4294/3976 4295/3977 4296/3978
f 4297/4186 4298/4187 4299/4188
f 4300/4222 4301/4223 4302/4224
f 4303/3964 4304/3965 4305/3966
f 4306/4429 4307/4430 4308/4431
f 4309/4027 4310/4028 4311/4029
f 4312/4231 4313/4232 4314/4233
f 4315/4336 4316/4337 4317/4338
f 4318/4318 4319/4319 4320/4320
f 4321/4342 4322/4343 4323/4344
f 4324/4417 4325/4418 4326/4419
f 4327/4405 4328/4406 4329/4407
f 4330/4408 4331/4409 4332/4410
f 4333/4012 4334/4013 4335/4014
f 4336/4024 4337/4025 4338/4026
f 4339/4381 4340/4382 4341/4383
f 4342/4243 4343/4244 4344/4245
f 4345/4177 4346/4178 4347/4179
f 4348/3967 4349/3968 4350/3969
f 4351/4117 4352/4118 4353/4119
f 4354/4315 4355/4316 4356/4317
f 4357/4321 4358/4322 4359/4323
f 4360/4009 4361/4010 4362/4011
f 4363/4363 4364/4364 4365/4365
f 4366/4063 4367/4064 4368/4065
f 4369/4297 4370/4298 4371/4299
f 4372/4159 4373/4160 4374/4161
f 4375/4162 4376/4163 4377/4164
f 4378/4066 4379/4067 4380/4068
f 4381/4096 4382/4097 4383/4098
f 4384/4090 4385/4091 4386/4092
f 4387/4108 4388/4109 4389/4110
f 4390/4000 4391/4001 4392/4002
f 4393/4255 4394/4256 4395/4257
f 4396/4264 4397/4265 4398/4266
f 4399/4039 4400/4040 4401/4041
f 4402/4036 4403/4037 4404/4038
f 4405/4423 4406/4424 4407/4425
f 4408/4432 4409/4433 4410/4434
f 4411/3940 4412/3941 4413/3942
f 4414/4384 4415/4385 4416/4386
f 4417/3946 4418/3947 4419/3948
f 4420/4078 4421/4079 4422/4080
f 4423/4357 4424/4358 4425/4359
f 4426/3991 4427/3992 4428/3993
f 4429/4354 4430/4355 4431/4356
f 4432/4333 4433/4334 4434/4335
f 4435/4207 4436/4208 4437/4209
f 4438/4189 4439/4190 4440/4191
f 4441/4168 4442/4169 4443/4170
f 4444/4258 4445/4259 4446/4260