
mtllib textured.mtl
usemtl mesh

v 0.791281 0.976018 -0.257103
v 0.832001 0.976018 0.000000
v 0.898365 0.697848 0.000000
v 0.791281 0.976018 -0.257103
v 0.898365 0.697848 0.000000
v 0.854397 0.697848 -0.277611
v 0.832001 0.976018 0.000000
v 0.791281 0.976018 -0.257103
v 0.757361 0.998188 -0.246082
v 0.832001 0.976018 0.000000
v 0.757361 0.998188 -0.246082
v 0.796336 0.998188 0.000000
v 0.673104 0.976018 -0.489038
v 0.791281 0.976018 -0.257103
v 0.854397 0.697848 -0.277611
v 0.673104 0.976018 -0.489038
v 0.854397 0.697848 -0.277611
v 0.726794 0.697848 -0.528047
v 0.489038 0.976018 -0.673104
v 0.673104 0.976018 -0.489038
v 0.726794 0.697848 -0.528047
v 0.489038 0.976018 -0.673104
v 0.726794 0.697848 -0.528047
v 0.528047 0.697848 -0.726794
v 0.257103 0.976018 -0.791281
v 0.489038 0.976018 -0.673104
v 0.528047 0.697848 -0.726794
v 0.257103 0.976018 -0.791281
v 0.528047 0.697848 -0.726794
v 0.277611 0.697848 -0.854397
v 0.000000 0.976018 -0.832002
v 0.257103 0.976018 -0.791281
v 0.277611 0.697848 -0.854397
v 0.000000 0.976018 -0.832002
v 0.277611 0.697848 -0.854397
v 0.000000 0.697848 -0.898366
v -0.257103 0.976018 -0.791280
v 0.000000 0.976018 -0.832002
v 0.000000 0.697848 -0.898366
v -0.257103 0.976018 -0.791280
v 0.000000 0.697848 -0.898366
v -0.277611 0.697848 -0.854397
v -0.489038 0.976018 -0.673103
v -0.257103 0.976018 -0.791280
v -0.277611 0.697848 -0.854397
v -0.489038 0.976018 -0.673103
v -0.277611 0.697848 -0.854397
v -0.528046 0.697848 -0.726793
v -0.673103 0.976018 -0.489038
v -0.489038 0.976018 -0.673103
v -0.528046 0.697848 -0.726793
v -0.673103 0.976018 -0.489038
v -0.528046 0.697848 -0.726793
v -0.726793 0.697848 -0.528046
v -0.791280 0.976018 -0.257102
v -0.673103 0.976018 -0.489038
v -0.726793 0.697848 -0.528046
v -0.791280 0.976018 -0.257102
v -0.726793 0.697848 -0.528046
v -0.854397 0.697848 -0.277611
v -0.832002 0.976018 0.000000
v -0.791280 0.976018 -0.257102
v -0.854397 0.697848 -0.277611
v -0.832002 0.976018 0.000000
v -0.854397 0.697848 -0.277611
v -0.898365 0.697848 0.000000
v -0.791280 0.976018 0.257102
v -0.832002 0.976018 0.000000
v -0.898365 0.697848 0.000000
v -0.791280 0.976018 0.257102
v -0.898365 0.697848 0.000000
v -0.854397 0.697848 0.277611
v -0.673103 0.976018 0.489038
v -0.791280 0.976018 0.257102
v -0.854397 0.697848 0.277611
v -0.673103 0.976018 0.489038
v -0.854397 0.697848 0.277611
v -0.726793 0.697848 0.528046
v -0.489038 0.976018 0.673103
v -0.673103 0.976018 0.489038
v -0.726793 0.697848 0.528046
v -0.489038 0.976018 0.673103
v -0.726793 0.697848 0.528046
v -0.528046 0.697848 0.726793
v -0.257102 0.976018 0.791280
v -0.489038 0.976018 0.673103
v -0.528046 0.697848 0.726793
v -0.257102 0.976018 0.791280
v -0.528046 0.697848 0.726793
v -0.277611 0.697848 0.854397
v 0.000000 0.976018 0.832002
v -0.257102 0.976018 0.791280
v -0.277611 0.697848 0.854397
v 0.000000 0.976018 0.832002
v -0.277611 0.697848 0.854397
v 0.000000 0.697848 0.898365
v 0.257102 0.976018 0.791280
v 0.000000 0.976018 0.832002
v 0.000000 0.697848 0.898365
v 0.257102 0.976018 0.791280
v 0.000000 0.697848 0.898365
v 0.277611 0.697848 0.854397
v 0.489038 0.976018 0.673103
v 0.257102 0.976018 0.791280
v 0.277611 0.697848 0.854397
v 0.489038 0.976018 0.673103
v 0.277611 0.697848 0.854397
v 0.528046 0.697848 0.726793
v 0.673103 0.976018 0.489038
v 0.489038 0.976018 0.673103
v 0.528046 0.697848 0.726793
v 0.673103 0.976018 0.489038
v 0.528046 0.697848 0.726793
v 0.726793 0.697848 0.528046
v 0.791280 0.976018 0.257102
v 0.673103 0.976018 0.489038
v 0.726793 0.697848 0.528046
v 0.791280 0.976018 0.257102
v 0.726793 0.697848 0.528046
v 0.854397 0.697848 0.277611
v 0.832001 0.976018 0.000000
v 0.791280 0.976018 0.257102
v 0.854397 0.697848 0.277611
v 0.832001 0.976018 0.000000
v 0.854397 0.697848 0.277611
v 0.898365 0.697848 0.000000
v 0.757361 0.998188 -0.246082
v 0.644250 0.998188 -0.468075
v 0.600829 1.000000 -0.436528
v 0.757361 0.998188 -0.246082
v 0.600829 1.000000 -0.436528
v 0.706317 1.000000 -0.229496
v 0.644250 0.998188 -0.468075
v 0.468075 0.998188 -0.644250
v 0.436528 1.000000 -0.600829
v 0.644250 0.998188 -0.468075
v 0.436528 1.000000 -0.600829
v 0.600829 1.000000 -0.436528
v 0.468075 0.998188 -0.644250
v 0.246082 0.998188 -0.757361
v 0.229496 1.000000 -0.706317
v 0.468075 0.998188 -0.644250
v 0.229496 1.000000 -0.706317
v 0.436528 1.000000 -0.600829
v 0.246082 0.998188 -0.757361
v 0.000000 0.998188 -0.796336
v 0.000000 1.000000 -0.742665
v 0.246082 0.998188 -0.757361
v 0.000000 1.000000 -0.742665
v 0.229496 1.000000 -0.706317
v 0.000000 0.998188 -0.796336
v -0.246081 0.998188 -0.757361
v -0.229496 1.000000 -0.706317
v 0.000000 0.998188 -0.796336
v -0.229496 1.000000 -0.706317
v 0.000000 1.000000 -0.742665
v -0.246081 0.998188 -0.757361
v -0.468075 0.998188 -0.644250
v -0.436528 1.000000 -0.600829
v -0.246081 0.998188 -0.757361
v -0.436528 1.000000 -0.600829
v -0.229496 1.000000 -0.706317
v -0.468075 0.998188 -0.644250
v -0.644250 0.998188 -0.468074
v -0.600829 1.000000 -0.436528
v -0.468075 0.998188 -0.644250
v -0.600829 1.000000 -0.436528
v -0.436528 1.000000 -0.600829
v -0.644250 0.998188 -0.468074
v -0.757361 0.998188 -0.246081
v -0.706317 1.000000 -0.229496
v -0.644250 0.998188 -0.468074
v -0.706317 1.000000 -0.229496
v -0.600829 1.000000 -0.436528
v -0.757361 0.998188 -0.246081
v -0.796336 0.998188 0.000000
v -0.742665 1.000000 0.000000
v -0.757361 0.998188 -0.246081
v -0.742665 1.000000 0.000000
v -0.706317 1.000000 -0.229496
v -0.796336 0.998188 0.000000
v -0.757361 0.998188 0.246081
v -0.706317 1.000000 0.229496
v -0.796336 0.998188 0.000000
v -0.706317 1.000000 0.229496
v -0.742665 1.000000 0.000000
v -0.757361 0.998188 0.246081
v -0.644250 0.998188 0.468074
v -0.600829 1.000000 0.436528
v -0.757361 0.998188 0.246081
v -0.600829 1.000000 0.436528
v -0.706317 1.000000 0.229496
v -0.644250 0.998188 0.468074
v -0.468074 0.998188 0.644250
v -0.436528 1.000000 0.600829
v -0.644250 0.998188 0.468074
v -0.436528 1.000000 0.600829
v -0.600829 1.000000 0.436528
v -0.468074 0.998188 0.644250
v -0.246081 0.998188 0.757361
v -0.229496 1.000000 0.706317
v -0.468074 0.998188 0.644250
v -0.229496 1.000000 0.706317
v -0.436528 1.000000 0.600829
v -0.246081 0.998188 0.757361
v 0.000000 0.998188 0.796336
v 0.000000 1.000000 0.742665
v -0.246081 0.998188 0.757361
v 0.000000 1.000000 0.742665
v -0.229496 1.000000 0.706317
v 0.000000 0.998188 0.796336
v 0.246081 0.998188 0.757361
v 0.229496 1.000000 0.706317
v 0.000000 0.998188 0.796336
v 0.229496 1.000000 0.706317
v 0.000000 1.000000 0.742665
v 0.246081 0.998188 0.757361
v 0.468074 0.998188 0.644250
v 0.436528 1.000000 0.600828
v 0.246081 0.998188 0.757361
v 0.436528 1.000000 0.600828
v 0.229496 1.000000 0.706317
v 0.468074 0.998188 0.644250
v 0.644250 0.998188 0.468074
v 0.600828 1.000000 0.436528
v 0.468074 0.998188 0.644250
v 0.600828 1.000000 0.436528
v 0.436528 1.000000 0.600828
v 0.644250 0.998188 0.468074
v 0.757361 0.998188 0.246081
v 0.706317 1.000000 0.229496
v 0.644250 0.998188 0.468074
v 0.706317 1.000000 0.229496
v 0.600828 1.000000 0.436528
v 0.757361 0.998188 0.246081
v 0.796336 0.998188 0.000000
v 0.742665 1.000000 0.000000
v 0.757361 0.998188 0.246081
v 0.742665 1.000000 0.000000
v 0.706317 1.000000 0.229496
v 0.796336 0.998188 0.000000
v 0.757361 0.998188 -0.246082
v 0.706317 1.000000 -0.229496
v 0.796336 0.998188 0.000000
v 0.706317 1.000000 -0.229496
v 0.742665 1.000000 0.000000
v 0.545489 0.896230 -0.396321
v 0.641261 0.896230 -0.208358
v 0.706317 1.000000 -0.229496
v 0.545489 0.896230 -0.396321
v 0.706317 1.000000 -0.229496
v 0.600829 1.000000 -0.436528
v 0.396321 0.896230 -0.545489
v 0.545489 0.896230 -0.396321
v 0.600829 1.000000 -0.436528
v 0.396321 0.896230 -0.545489
v 0.600829 1.000000 -0.436528
v 0.436528 1.000000 -0.600829
v 0.208358 0.896230 -0.641261
v 0.396321 0.896230 -0.545489
v 0.436528 1.000000 -0.600829
v 0.208358 0.896230 -0.641261
v 0.436528 1.000000 -0.600829
v 0.229496 1.000000 -0.706317
v 0.000000 0.896230 -0.674261
v 0.208358 0.896230 -0.641261
v 0.229496 1.000000 -0.706317
v 0.000000 0.896230 -0.674261
v 0.229496 1.000000 -0.706317
v 0.000000 1.000000 -0.742665
v -0.208358 0.896230 -0.641261
v 0.000000 0.896230 -0.674261
v 0.000000 1.000000 -0.742665
v -0.208358 0.896230 -0.641261
v 0.000000 1.000000 -0.742665
v -0.229496 1.000000 -0.706317
v -0.396320 0.896230 -0.545489
v -0.208358 0.896230 -0.641261
v -0.229496 1.000000 -0.706317
v -0.396320 0.896230 -0.545489
v -0.229496 1.000000 -0.706317
v -0.436528 1.000000 -0.600829
v -0.545489 0.896230 -0.396320
v -0.396320 0.896230 -0.545489
v -0.436528 1.000000 -0.600829
v -0.545489 0.896230 -0.396320
v -0.436528 1.000000 -0.600829
v -0.600829 1.000000 -0.436528
v -0.641260 0.896230 -0.208358
v -0.545489 0.896230 -0.396320
v -0.600829 1.000000 -0.436528
v -0.641260 0.896230 -0.208358
v -0.600829 1.000000 -0.436528
v -0.706317 1.000000 -0.229496
v -0.674261 0.896230 0.000000
v -0.641260 0.896230 -0.208358
v -0.706317 1.000000 -0.229496
v -0.674261 0.896230 0.000000
v -0.706317 1.000000 -0.229496
v -0.742665 1.000000 0.000000
v -0.641260 0.896230 0.208358
v -0.674261 0.896230 0.000000
v -0.742665 1.000000 0.000000
v -0.641260 0.896230 0.208358
v -0.742665 1.000000 0.000000
v -0.706317 1.000000 0.229496
v -0.545489 0.896230 0.396320
v -0.641260 0.896230 0.208358
v -0.706317 1.000000 0.229496
v -0.545489 0.896230 0.396320
v -0.706317 1.000000 0.229496
v -0.600829 1.000000 0.436528
v -0.396320 0.896230 0.545489
v -0.545489 0.896230 0.396320
v -0.600829 1.000000 0.436528
v -0.396320 0.896230 0.545489
v -0.600829 1.000000 0.436528
v -0.436528 1.000000 0.600829
v -0.208358 0.896230 0.641260
v -0.396320 0.896230 0.545489
v -0.436528 1.000000 0.600829
v -0.208358 0.896230 0.641260
v -0.436528 1.000000 0.600829
v -0.229496 1.000000 0.706317
v 0.000000 0.896230 0.674261
v -0.208358 0.896230 0.641260
v -0.229496 1.000000 0.706317
v 0.000000 0.896230 0.674261
v -0.229496 1.000000 0.706317
v 0.000000 1.000000 0.742665
v 0.208358 0.896230 0.641260
v 0.000000 0.896230 0.674261
v 0.000000 1.000000 0.742665
v 0.208358 0.896230 0.641260
v 0.000000 1.000000 0.742665
v 0.229496 1.000000 0.706317
v 0.396320 0.896230 0.545489
v 0.208358 0.896230 0.641260
v 0.229496 1.000000 0.706317
v 0.396320 0.896230 0.545489
v 0.229496 1.000000 0.706317
v 0.436528 1.000000 0.600828
v 0.545489 0.896230 0.396320
v 0.396320 0.896230 0.545489
v 0.436528 1.000000 0.600828
v 0.545489 0.896230 0.396320
v 0.436528 1.000000 0.600828
v 0.600828 1.000000 0.436528
v 0.641260 0.896230 0.208358
v 0.545489 0.896230 0.396320
v 0.600828 1.000000 0.436528
v 0.641260 0.896230 0.208358
v 0.600828 1.000000 0.436528
v 0.706317 1.000000 0.229496
v 0.674261 0.896230 0.000000
v 0.641260 0.896230 0.208358
v 0.706317 1.000000 0.229496
v 0.674261 0.896230 0.000000
v 0.706317 1.000000 0.229496
v 0.742665 1.000000 0.000000
v 0.641261 0.896230 -0.208358
v 0.674261 0.896230 0.000000
v 0.742665 1.000000 0.000000
v 0.641261 0.896230 -0.208358
v 0.742665 1.000000 0.000000
v 0.706317 1.000000 -0.229496
v 0.644250 0.998188 -0.468075
v 0.757361 0.998188 -0.246082
v 0.791281 0.976018 -0.257103
v 0.644250 0.998188 -0.468075
v 0.791281 0.976018 -0.257103
v 0.673104 0.976018 -0.489038
v 0.468075 0.998188 -0.644250
v 0.644250 0.998188 -0.468075
v 0.673104 0.976018 -0.489038
v 0.468075 0.998188 -0.644250
v 0.673104 0.976018 -0.489038
v 0.489038 0.976018 -0.673104
v 0.246082 0.998188 -0.757361
v 0.468075 0.998188 -0.644250
v 0.489038 0.976018 -0.673104
v 0.246082 0.998188 -0.757361
v 0.489038 0.976018 -0.673104
v 0.257103 0.976018 -0.791281
v 0.000000 0.998188 -0.796336
v 0.246082 0.998188 -0.757361
v 0.257103 0.976018 -0.791281
v 0.000000 0.998188 -0.796336
v 0.257103 0.976018 -0.791281
v 0.000000 0.976018 -0.832002
v -0.246081 0.998188 -0.757361
v 0.000000 0.998188 -0.796336
v 0.000000 0.976018 -0.832002
v -0.246081 0.998188 -0.757361
v 0.000000 0.976018 -0.832002
v -0.257103 0.976018 -0.791280
v -0.468075 0.998188 -0.644250
v -0.246081 0.998188 -0.757361
v -0.257103 0.976018 -0.791280
v -0.468075 0.998188 -0.644250
v -0.257103 0.976018 -0.791280
v -0.489038 0.976018 -0.673103
v -0.644250 0.998188 -0.468074
v -0.468075 0.998188 -0.644250
v -0.489038 0.976018 -0.673103
v -0.644250 0.998188 -0.468074
v -0.489038 0.976018 -0.673103
v -0.673103 0.976018 -0.489038
v -0.757361 0.998188 -0.246081
v -0.644250 0.998188 -0.468074
v -0.673103 0.976018 -0.489038
v -0.757361 0.998188 -0.246081
v -0.673103 0.976018 -0.489038
v -0.791280 0.976018 -0.257102
v -0.796336 0.998188 0.000000
v -0.757361 0.998188 -0.246081
v -0.791280 0.976018 -0.257102
v -0.796336 0.998188 0.000000
v -0.791280 0.976018 -0.257102
v -0.832002 0.976018 0.000000
v -0.757361 0.998188 0.246081
v -0.796336 0.998188 0.000000
v -0.832002 0.976018 0.000000
v -0.757361 0.998188 0.246081
v -0.832002 0.976018 0.000000
v -0.791280 0.976018 0.257102
v -0.644250 0.998188 0.468074
v -0.757361 0.998188 0.246081
v -0.791280 0.976018 0.257102
v -0.644250 0.998188 0.468074
v -0.791280 0.976018 0.257102
v -0.673103 0.976018 0.489038
v -0.468074 0.998188 0.644250
v -0.644250 0.998188 0.468074
v -0.673103 0.976018 0.489038
v -0.468074 0.998188 0.644250
v -0.673103 0.976018 0.489038
v -0.489038 0.976018 0.673103
v -0.246081 0.998188 0.757361
v -0.468074 0.998188 0.644250
v -0.489038 0.976018 0.673103
v -0.246081 0.998188 0.757361
v -0.489038 0.976018 0.673103
v -0.257102 0.976018 0.791280
v 0.000000 0.998188 0.796336
v -0.246081 0.998188 0.757361
v -0.257102 0.976018 0.791280
v 0.000000 0.998188 0.796336
v -0.257102 0.976018 0.791280
v 0.000000 0.976018 0.832002
v 0.246081 0.998188 0.757361
v 0.000000 0.998188 0.796336
v 0.000000 0.976018 0.832002
v 0.246081 0.998188 0.757361
v 0.000000 0.976018 0.832002
v 0.257102 0.976018 0.791280
v 0.468074 0.998188 0.644250
v 0.246081 0.998188 0.757361
v 0.257102 0.976018 0.791280
v 0.468074 0.998188 0.644250
v 0.257102 0.976018 0.791280
v 0.489038 0.976018 0.673103
v 0.644250 0.998188 0.468074
v 0.468074 0.998188 0.644250
v 0.489038 0.976018 0.673103
v 0.644250 0.998188 0.468074
v 0.489038 0.976018 0.673103
v 0.673103 0.976018 0.489038
v 0.757361 0.998188 0.246081
v 0.644250 0.998188 0.468074
v 0.673103 0.976018 0.489038
v 0.757361 0.998188 0.246081
v 0.673103 0.976018 0.489038
v 0.791280 0.976018 0.257102
v 0.832001 0.976018 0.000000
v 0.796336 0.998188 0.000000
v 0.757361 0.998188 0.246081
v 0.832001 0.976018 0.000000
v 0.757361 0.998188 0.246081
v 0.791280 0.976018 0.257102
v 0.864239 0.685260 0.000000
v 0.821940 0.685260 -0.267064
v 0.854397 0.697848 -0.277611
v 0.864239 0.685260 0.000000
v 0.854397 0.697848 -0.277611
v 0.898365 0.697848 0.000000
v 0.821940 0.685260 -0.267064
v 0.699184 0.685260 -0.507987
v 0.726794 0.697848 -0.528047
v 0.821940 0.685260 -0.267064
v 0.726794 0.697848 -0.528047
v 0.854397 0.697848 -0.277611
v 0.699184 0.685260 -0.507987
v 0.507987 0.685260 -0.699184
v 0.528047 0.697848 -0.726794
v 0.699184 0.685260 -0.507987
v 0.528047 0.697848 -0.726794
v 0.726794 0.697848 -0.528047
v 0.507987 0.685260 -0.699184
v 0.267064 0.685260 -0.821940
v 0.277611 0.697848 -0.854397
v 0.507987 0.685260 -0.699184
v 0.277611 0.697848 -0.854397
v 0.528047 0.697848 -0.726794
v 0.267064 0.685260 -0.821940
v 0.000000 0.685260 -0.864239
v 0.000000 0.697848 -0.898366
v 0.267064 0.685260 -0.821940
v 0.000000 0.697848 -0.898366
v 0.277611 0.697848 -0.854397
v 0.000000 0.685260 -0.864239
v -0.267064 0.685260 -0.821940
v -0.277611 0.697848 -0.854397
v 0.000000 0.685260 -0.864239
v -0.277611 0.697848 -0.854397
v 0.000000 0.697848 -0.898366
v -0.267064 0.685260 -0.821940
v -0.507987 0.685260 -0.699184
v -0.528046 0.697848 -0.726793
v -0.267064 0.685260 -0.821940
v -0.528046 0.697848 -0.726793
v -0.277611 0.697848 -0.854397
v -0.507987 0.685260 -0.699184
v -0.699184 0.685260 -0.507987
v -0.726793 0.697848 -0.528046
v -0.507987 0.685260 -0.699184
v -0.726793 0.697848 -0.528046
v -0.528046 0.697848 -0.726793
v -0.699184 0.685260 -0.507987
v -0.821940 0.685260 -0.267064
v -0.854397 0.697848 -0.277611
v -0.699184 0.685260 -0.507987
v -0.854397 0.697848 -0.277611
v -0.726793 0.697848 -0.528046
v -0.821940 0.685260 -0.267064
v -0.864239 0.685260 0.000000
v -0.898365 0.697848 0.000000
v -0.821940 0.685260 -0.267064
v -0.898365 0.697848 0.000000
v -0.854397 0.697848 -0.277611
v -0.864239 0.685260 0.000000
v -0.821940 0.685260 0.267064
v -0.854397 0.697848 0.277611
v -0.864239 0.685260 0.000000
v -0.854397 0.697848 0.277611
v -0.898365 0.697848 0.000000
v -0.821940 0.685260 0.267064
v -0.699184 0.685260 0.507987
v -0.726793 0.697848 0.528046
v -0.821940 0.685260 0.267064
v -0.726793 0.697848 0.528046
v -0.854397 0.697848 0.277611
v -0.699184 0.685260 0.507987
v -0.507987 0.685260 0.699184
v -0.528046 0.697848 0.726793
v -0.699184 0.685260 0.507987
v -0.528046 0.697848 0.726793
v -0.726793 0.697848 0.528046
v -0.507987 0.685260 0.699184
v -0.267064 0.685260 0.821940
v -0.277611 0.697848 0.854397
v -0.507987 0.685260 0.699184
v -0.277611 0.697848 0.854397
v -0.528046 0.697848 0.726793
v -0.267064 0.685260 0.821940
v 0.000000 0.685260 0.864239
v 0.000000 0.697848 0.898365
v -0.267064 0.685260 0.821940
v 0.000000 0.697848 0.898365
v -0.277611 0.697848 0.854397
v 0.000000 0.685260 0.864239
v 0.267064 0.685260 0.821940
v 0.277611 0.697848 0.854397
v 0.000000 0.685260 0.864239
v 0.277611 0.697848 0.854397
v 0.000000 0.697848 0.898365
v 0.267064 0.685260 0.821940
v 0.507987 0.685260 0.699184
v 0.528046 0.697848 0.726793
v 0.267064 0.685260 0.821940
v 0.528046 0.697848 0.726793
v 0.277611 0.697848 0.854397
v 0.507987 0.685260 0.699184
v 0.699184 0.685260 0.507987
v 0.726793 0.697848 0.528046
v 0.507987 0.685260 0.699184
v 0.726793 0.697848 0.528046
v 0.528046 0.697848 0.726793
v 0.699184 0.685260 0.507987
v 0.821940 0.685260 0.267064
v 0.854397 0.697848 0.277611
v 0.699184 0.685260 0.507987
v 0.854397 0.697848 0.277611
v 0.726793 0.697848 0.528046
v 0.821940 0.685260 0.267064
v 0.864239 0.685260 0.000000
v 0.898365 0.697848 0.000000
v 0.821940 0.685260 0.267064
v 0.898365 0.697848 0.000000
v 0.854397 0.697848 0.277611
v 0.686617 -0.145310 0.000000
v 0.653012 -0.145310 -0.212176
v 0.910650 -0.143118 -0.295888
v 0.686617 -0.145310 0.000000
v 0.910650 -0.143118 -0.295888
v 0.957513 -0.143118 -0.000000
v 0.653011 -0.145310 0.212176
v 0.686617 -0.145310 0.000000
v 0.957513 -0.143118 -0.000000
v 0.653011 -0.145310 0.212176
v 0.957513 -0.143118 -0.000000
v 0.910649 -0.143118 0.295888
v 0.555484 -0.145310 0.403583
v 0.653011 -0.145310 0.212176
v 0.910649 -0.143118 0.295888
v 0.555484 -0.145310 0.403583
v 0.910649 -0.143118 0.295888
v 0.774644 -0.143118 0.562812
v 0.403583 -0.145310 0.555485
v 0.555484 -0.145310 0.403583
v 0.774644 -0.143118 0.562812
v 0.403583 -0.145310 0.555485
v 0.774644 -0.143118 0.562812
v 0.562812 -0.143118 0.774644
v 0.212176 -0.145310 0.653011
v 0.403583 -0.145310 0.555485
v 0.562812 -0.143118 0.774644
v 0.212176 -0.145310 0.653011
v 0.562812 -0.143118 0.774644
v 0.295888 -0.143118 0.910649
v 0.000000 -0.145310 0.686617
v 0.212176 -0.145310 0.653011
v 0.295888 -0.143118 0.910649
v 0.000000 -0.145310 0.686617
v 0.295888 -0.143118 0.910649
v 0.000000 -0.143118 0.957513
v -0.212176 -0.145310 0.653011
v 0.000000 -0.145310 0.686617
v 0.000000 -0.143118 0.957513
v -0.212176 -0.145310 0.653011
v 0.000000 -0.143118 0.957513
v -0.295888 -0.143118 0.910649
v -0.403583 -0.145310 0.555485
v -0.212176 -0.145310 0.653011
v -0.295888 -0.143118 0.910649
v -0.403583 -0.145310 0.555485
v -0.295888 -0.143118 0.910649
v -0.562812 -0.143118 0.774644
v -0.555484 -0.145310 0.403583
v -0.403583 -0.145310 0.555485
v -0.562812 -0.143118 0.774644
v -0.555484 -0.145310 0.403583
v -0.562812 -0.143118 0.774644
v -0.774644 -0.143118 0.562812
v -0.653012 -0.145310 0.212176
v -0.555484 -0.145310 0.403583
v -0.774644 -0.143118 0.562812
v -0.653012 -0.145310 0.212176
v -0.774644 -0.143118 0.562812
v -0.910649 -0.143118 0.295888
v -0.686617 -0.145310 0.000000
v -0.653012 -0.145310 0.212176
v -0.910649 -0.143118 0.295888
v -0.686617 -0.145310 0.000000
v -0.910649 -0.143118 0.295888
v -0.957513 -0.143118 -0.000000
v -0.653012 -0.145310 -0.212176
v -0.686617 -0.145310 0.000000
v -0.957513 -0.143118 -0.000000
v -0.653012 -0.145310 -0.212176
v -0.957513 -0.143118 -0.000000
v -0.910649 -0.143118 -0.295888
v -0.555484 -0.145310 -0.403583
v -0.653012 -0.145310 -0.212176
v -0.910649 -0.143118 -0.295888
v -0.555484 -0.145310 -0.403583
v -0.910649 -0.143118 -0.295888
v -0.774644 -0.143118 -0.562812
v -0.403583 -0.145310 -0.555484
v -0.555484 -0.145310 -0.403583
v -0.774644 -0.143118 -0.562812
v -0.403583 -0.145310 -0.555484
v -0.774644 -0.143118 -0.562812
v -0.562812 -0.143118 -0.774644
v -0.212176 -0.145310 -0.653012
v -0.403583 -0.145310 -0.555484
v -0.562812 -0.143118 -0.774644
v -0.212176 -0.145310 -0.653012
v -0.562812 -0.143118 -0.774644
v -0.295888 -0.143118 -0.910650
v 0.000000 -0.145310 -0.686617
v -0.212176 -0.145310 -0.653012
v -0.295888 -0.143118 -0.910650
v 0.000000 -0.145310 -0.686617
v -0.295888 -0.143118 -0.910650
v 0.000000 -0.143118 -0.957513
v 0.212176 -0.145310 -0.653012
v 0.000000 -0.145310 -0.686617
v 0.000000 -0.143118 -0.957513
v 0.212176 -0.145310 -0.653012
v 0.000000 -0.143118 -0.957513
v 0.295888 -0.143118 -0.910650
v 0.403583 -0.145310 -0.555484
v 0.212176 -0.145310 -0.653012
v 0.295888 -0.143118 -0.910650
v 0.403583 -0.145310 -0.555484
v 0.295888 -0.143118 -0.910650
v 0.562813 -0.143118 -0.774644
v 0.774645 -0.143118 -0.562813
v 0.555484 -0.145310 -0.403583
v 0.403583 -0.145310 -0.555484
v 0.774645 -0.143118 -0.562813
v 0.403583 -0.145310 -0.555484
v 0.562813 -0.143118 -0.774644
v 0.403583 0.143498 -0.555484
v 0.555484 0.143498 -0.403583
v 0.774645 0.141306 -0.562813
v 0.403583 0.143498 -0.555484
v 0.774645 0.141306 -0.562813
v 0.562813 0.141306 -0.774644
v 0.212176 0.143498 -0.653012
v 0.403583 0.143498 -0.555484
v 0.562813 0.141306 -0.774644
v 0.212176 0.143498 -0.653012
v 0.562813 0.141306 -0.774644
v 0.295888 0.141306 -0.910650
v 0.000000 0.143498 -0.686617
v 0.212176 0.143498 -0.653012
v 0.295888 0.141306 -0.910650
v 0.000000 0.143498 -0.686617
v 0.295888 0.141306 -0.910650
v 0.000000 0.141306 -0.957513
v -0.212176 0.143498 -0.653012
v 0.000000 0.143498 -0.686617
v 0.000000 0.141306 -0.957513
v -0.212176 0.143498 -0.653012
v 0.000000 0.141306 -0.957513
v -0.295888 0.141306 -0.910650
v -0.403583 0.143498 -0.555484
v -0.212176 0.143498 -0.653012
v -0.295888 0.141306 -0.910650
v -0.403583 0.143498 -0.555484
v -0.295888 0.141306 -0.910650
v -0.562812 0.141306 -0.774644
v -0.555484 0.143498 -0.403583
v -0.403583 0.143498 -0.555484
v -0.562812 0.141306 -0.774644
v -0.555484 0.143498 -0.403583
v -0.562812 0.141306 -0.774644
v -0.774644 0.141306 -0.562812
v -0.653012 0.143498 -0.212176
v -0.555484 0.143498 -0.403583
v -0.774644 0.141306 -0.562812
v -0.653012 0.143498 -0.212176
v -0.774644 0.141306 -0.562812
v -0.910649 0.141306 -0.295888
v -0.686617 0.143498 0.000000
v -0.653012 0.143498 -0.212176
v -0.910649 0.141306 -0.295888
v -0.686617 0.143498 0.000000
v -0.910649 0.141306 -0.295888
v -0.957513 0.141306 -0.000000
v -0.653012 0.143498 0.212176
v -0.686617 0.143498 0.000000
v -0.957513 0.141306 -0.000000
v -0.653012 0.143498 0.212176
v -0.957513 0.141306 -0.000000
v -0.910649 0.141306 0.295888
v -0.555484 0.143498 0.403583
v -0.653012 0.143498 0.212176
v -0.910649 0.141306 0.295888
v -0.555484 0.143498 0.403583
v -0.910649 0.141306 0.295888
v -0.774644 0.141306 0.562812
v -0.403583 0.143498 0.555485
v -0.555484 0.143498 0.403583
v -0.774644 0.141306 0.562812
v -0.403583 0.143498 0.555485
v -0.774644 0.141306 0.562812
v -0.562812 0.141306 0.774644
v -0.212176 0.143498 0.653011
v -0.403583 0.143498 0.555485
v -0.562812 0.141306 0.774644
v -0.212176 0.143498 0.653011
v -0.562812 0.141306 0.774644
v -0.295888 0.141306 0.910649
v 0.000000 0.143498 0.686617
v -0.212176 0.143498 0.653011
v -0.295888 0.141306 0.910649
v 0.000000 0.143498 0.686617
v -0.295888 0.141306 0.910649
v 0.000000 0.141306 0.957513
v 0.212176 0.143498 0.653011
v 0.000000 0.143498 0.686617
v 0.000000 0.141306 0.957513
v 0.212176 0.143498 0.653011
v 0.000000 0.141306 0.957513
v 0.295888 0.141306 0.910649
v 0.403583 0.143498 0.555485
v 0.212176 0.143498 0.653011
v 0.295888 0.141306 0.910649
v 0.403583 0.143498 0.555485
v 0.295888 0.141306 0.910649
v 0.562812 0.141306 0.774644
v 0.555484 0.143498 0.403583
v 0.403583 0.143498 0.555485
v 0.562812 0.141306 0.774644
v 0.555484 0.143498 0.403583
v 0.562812 0.141306 0.774644
v 0.774644 0.141306 0.562812
v 0.653011 0.143498 0.212176
v 0.555484 0.143498 0.403583
v 0.774644 0.141306 0.562812
v 0.653011 0.143498 0.212176
v 0.774644 0.141306 0.562812
v 0.910649 0.141306 0.295888
v 0.686617 0.143498 0.000000
v 0.653011 0.143498 0.212176
v 0.910649 0.141306 0.295888
v 0.686617 0.143498 0.000000
v 0.910649 0.141306 0.295888
v 0.957513 0.141306 -0.000000
v 0.910650 0.141306 -0.295888
v 0.653012 0.143498 -0.212176
v 0.686617 0.143498 0.000000
v 0.910650 0.141306 -0.295888
v 0.686617 0.143498 0.000000
v 0.957513 0.141306 -0.000000
v 0.910650 -0.143118 -0.295888
v 0.774645 -0.143118 -0.562813
v 0.774645 0.141306 -0.562813
v 0.910650 -0.143118 -0.295888
v 0.774645 0.141306 -0.562813
v 0.910650 0.141306 -0.295888
v 0.774645 -0.143118 -0.562813
v 0.910650 -0.143118 -0.295888
v 0.653012 -0.145310 -0.212176
v 0.774645 -0.143118 -0.562813
v 0.653012 -0.145310 -0.212176
v 0.555484 -0.145310 -0.403583
v 0.910650 0.141306 -0.295888
v 0.774645 0.141306 -0.562813
v 0.555484 0.143498 -0.403583
v 0.910650 0.141306 -0.295888
v 0.555484 0.143498 -0.403583
v 0.653012 0.143498 -0.212176
v 0.910650 -0.143118 -0.295888
v 0.910650 0.141306 -0.295888
v 0.957513 0.141306 -0.000000
v 0.910650 -0.143118 -0.295888
v 0.957513 0.141306 -0.000000
v 0.957513 -0.143118 -0.000000
v 0.957513 -0.143118 -0.000000
v 0.957513 0.141306 -0.000000
v 0.910649 0.141306 0.295888
v 0.957513 -0.143118 -0.000000
v 0.910649 0.141306 0.295888
v 0.910649 -0.143118 0.295888
v 0.910649 0.141306 0.295888
v 0.774644 0.141306 0.562812
v 0.774644 -0.143118 0.562812
v 0.910649 0.141306 0.295888
v 0.774644 -0.143118 0.562812
v 0.910649 -0.143118 0.295888
v 0.774644 0.141306 0.562812
v 0.562812 0.141306 0.774644
v 0.562812 -0.143118 0.774644
v 0.774644 0.141306 0.562812
v 0.562812 -0.143118 0.774644
v 0.774644 -0.143118 0.562812
v 0.562812 0.141306 0.774644
v 0.295888 0.141306 0.910649
v 0.295888 -0.143118 0.910649
v 0.562812 0.141306 0.774644
v 0.295888 -0.143118 0.910649
v 0.562812 -0.143118 0.774644
v 0.295888 0.141306 0.910649
v 0.000000 0.141306 0.957513
v 0.000000 -0.143118 0.957513
v 0.295888 0.141306 0.910649
v 0.000000 -0.143118 0.957513
v 0.295888 -0.143118 0.910649
v 0.000000 0.141306 0.957513
v -0.295888 0.141306 0.910649
v -0.295888 -0.143118 0.910649
v 0.000000 0.141306 0.957513
v -0.295888 -0.143118 0.910649
v 0.000000 -0.143118 0.957513
v -0.295888 0.141306 0.910649
v -0.562812 0.141306 0.774644
v -0.562812 -0.143118 0.774644
v -0.295888 0.141306 0.910649
v -0.562812 -0.143118 0.774644
v -0.295888 -0.143118 0.910649
v -0.562812 0.141306 0.774644
v -0.774644 0.141306 0.562812
v -0.774644 -0.143118 0.562812
v -0.562812 0.141306 0.774644
v -0.774644 -0.143118 0.562812
v -0.562812 -0.143118 0.774644
v -0.774644 0.141306 0.562812
v -0.910649 0.141306 0.295888
v -0.910649 -0.143118 0.295888
v -0.774644 0.141306 0.562812
v -0.910649 -0.143118 0.295888
v -0.774644 -0.143118 0.562812
v -0.910649 0.141306 0.295888
v -0.957513 0.141306 -0.000000
v -0.957513 -0.143118 -0.000000
v -0.910649 0.141306 0.295888
v -0.957513 -0.143118 -0.000000
v -0.910649 -0.143118 0.295888
v -0.957513 0.141306 -0.000000
v -0.910649 0.141306 -0.295888
v -0.910649 -0.143118 -0.295888
v -0.957513 0.141306 -0.000000
v -0.910649 -0.143118 -0.295888
v -0.957513 -0.143118 -0.000000
v -0.910649 0.141306 -0.295888
v -0.774644 0.141306 -0.562812
v -0.774644 -0.143118 -0.562812
v -0.910649 0.141306 -0.295888
v -0.774644 -0.143118 -0.562812
v -0.910649 -0.143118 -0.295888
v -0.774644 0.141306 -0.562812
v -0.562812 0.141306 -0.774644
v -0.562812 -0.143118 -0.774644
v -0.774644 0.141306 -0.562812
v -0.562812 -0.143118 -0.774644
v -0.774644 -0.143118 -0.562812
v -0.562812 0.141306 -0.774644
v -0.295888 0.141306 -0.910650
v -0.295888 -0.143118 -0.910650
v -0.562812 0.141306 -0.774644
v -0.295888 -0.143118 -0.910650
v -0.562812 -0.143118 -0.774644
v -0.295888 0.141306 -0.910650
v 0.000000 0.141306 -0.957513
v 0.000000 -0.143118 -0.957513
v -0.295888 0.141306 -0.910650
v 0.000000 -0.143118 -0.957513
v -0.295888 -0.143118 -0.910650
v 0.000000 0.141306 -0.957513
v 0.295888 0.141306 -0.910650
v 0.295888 -0.143118 -0.910650
v 0.000000 0.141306 -0.957513
v 0.295888 -0.143118 -0.910650
v 0.000000 -0.143118 -0.957513
v 0.295888 0.141306 -0.910650
v 0.562813 0.141306 -0.774644
v 0.562813 -0.143118 -0.774644
v 0.295888 0.141306 -0.910650
v 0.562813 -0.143118 -0.774644
v 0.295888 -0.143118 -0.910650
v 0.562813 0.141306 -0.774644
v 0.774645 0.141306 -0.562813
v 0.774645 -0.143118 -0.562813
v 0.562813 0.141306 -0.774644
v 0.774645 -0.143118 -0.562813
v 0.562813 -0.143118 -0.774644
v 0.854397 -0.697424 -0.277611
v 0.726794 -0.697424 -0.528047
v 0.699184 -0.684836 -0.507987
v 0.854397 -0.697424 -0.277611
v 0.699184 -0.684836 -0.507987
v 0.821940 -0.684836 -0.267064
v 0.726794 -0.697424 -0.528047
v 0.854397 -0.697424 -0.277611
v 0.787432 -0.981462 -0.255852
v 0.726794 -0.697424 -0.528047
v 0.787432 -0.981462 -0.255852
v 0.669829 -0.981462 -0.486660
v 0.528047 -0.697424 -0.726794
v 0.726794 -0.697424 -0.528047
v 0.669829 -0.981462 -0.486660
v 0.528047 -0.697424 -0.726794
v 0.669829 -0.981462 -0.486660
v 0.486660 -0.981462 -0.669829
v 0.277611 -0.697424 -0.854397
v 0.528047 -0.697424 -0.726794
v 0.486660 -0.981462 -0.669829
v 0.277611 -0.697424 -0.854397
v 0.486660 -0.981462 -0.669829
v 0.255852 -0.981462 -0.787432
v 0.000000 -0.697424 -0.898366
v 0.277611 -0.697424 -0.854397
v 0.255852 -0.981462 -0.787432
v 0.000000 -0.697424 -0.898366
v 0.255852 -0.981462 -0.787432
v 0.000000 -0.981462 -0.827954
v -0.277611 -0.697424 -0.854397
v 0.000000 -0.697424 -0.898366
v 0.000000 -0.981462 -0.827954
v -0.277611 -0.697424 -0.854397
v 0.000000 -0.981462 -0.827954
v -0.255852 -0.981462 -0.787431
v -0.528046 -0.697424 -0.726793
v -0.277611 -0.697424 -0.854397
v -0.255852 -0.981462 -0.787431
v -0.528046 -0.697424 -0.726793
v -0.255852 -0.981462 -0.787431
v -0.486660 -0.981462 -0.669829
v -0.726793 -0.697424 -0.528046
v -0.528046 -0.697424 -0.726793
v -0.486660 -0.981462 -0.669829
v -0.726793 -0.697424 -0.528046
v -0.486660 -0.981462 -0.669829
v -0.669829 -0.981462 -0.486660
v -0.854397 -0.697424 -0.277611
v -0.726793 -0.697424 -0.528046
v -0.669829 -0.981462 -0.486660
v -0.854397 -0.697424 -0.277611
v -0.669829 -0.981462 -0.486660
v -0.787431 -0.981462 -0.255852
v -0.898365 -0.697424 -0.000000
v -0.854397 -0.697424 -0.277611
v -0.787431 -0.981462 -0.255852
v -0.898365 -0.697424 -0.000000
v -0.787431 -0.981462 -0.255852
v -0.827954 -0.981462 -0.000000
v -0.854397 -0.697424 0.277611
v -0.898365 -0.697424 -0.000000
v -0.827954 -0.981462 -0.000000
v -0.854397 -0.697424 0.277611
v -0.827954 -0.981462 -0.000000
v -0.787431 -0.981462 0.255852
v -0.726793 -0.697424 0.528046
v -0.854397 -0.697424 0.277611
v -0.787431 -0.981462 0.255852
v -0.726793 -0.697424 0.528046
v -0.787431 -0.981462 0.255852
v -0.669829 -0.981462 0.486660
v -0.528046 -0.697424 0.726793
v -0.726793 -0.697424 0.528046
v -0.669829 -0.981462 0.486660
v -0.528046 -0.697424 0.726793
v -0.669829 -0.981462 0.486660
v -0.486660 -0.981462 0.669829
v -0.277611 -0.697424 0.854397
v -0.528046 -0.697424 0.726793
v -0.486660 -0.981462 0.669829
v -0.277611 -0.697424 0.854397
v -0.486660 -0.981462 0.669829
v -0.255852 -0.981462 0.787431
v 0.000000 -0.697424 0.898365
v -0.277611 -0.697424 0.854397
v -0.255852 -0.981462 0.787431
v 0.000000 -0.697424 0.898365
v -0.255852 -0.981462 0.787431
v 0.000000 -0.981462 0.827954
v 0.277611 -0.697424 0.854397
v 0.000000 -0.697424 0.898365
v 0.000000 -0.981462 0.827954
v 0.277611 -0.697424 0.854397
v 0.000000 -0.981462 0.827954
v 0.255852 -0.981462 0.787431
v 0.528046 -0.697424 0.726793
v 0.277611 -0.697424 0.854397
v 0.255852 -0.981462 0.787431
v 0.528046 -0.697424 0.726793
v 0.255852 -0.981462 0.787431
v 0.486660 -0.981462 0.669829
v 0.726793 -0.697424 0.528046
v 0.528046 -0.697424 0.726793
v 0.486660 -0.981462 0.669829
v 0.726793 -0.697424 0.528046
v 0.486660 -0.981462 0.669829
v 0.669829 -0.981462 0.486660
v 0.854397 -0.697424 0.277611
v 0.726793 -0.697424 0.528046
v 0.669829 -0.981462 0.486660
v 0.854397 -0.697424 0.277611
v 0.669829 -0.981462 0.486660
v 0.787431 -0.981462 0.255852
v 0.644250 -1.000000 -0.468075
v 0.757361 -1.000000 -0.246082
v 0.702674 -0.997780 -0.228312
v 0.644250 -1.000000 -0.468075
v 0.702674 -0.997780 -0.228312
v 0.597730 -0.997780 -0.434276
v 0.468075 -1.000000 -0.644250
v 0.644250 -1.000000 -0.468075
v 0.597730 -0.997780 -0.434276
v 0.468075 -1.000000 -0.644250
v 0.597730 -0.997780 -0.434276
v 0.434276 -0.997780 -0.597730
v 0.246082 -1.000000 -0.757361
v 0.468075 -1.000000 -0.644250
v 0.434276 -0.997780 -0.597730
v 0.246082 -1.000000 -0.757361
v 0.434276 -0.997780 -0.597730
v 0.228312 -0.997780 -0.702674
v 0.000000 -1.000000 -0.796336
v 0.246082 -1.000000 -0.757361
v 0.228312 -0.997780 -0.702674
v 0.000000 -1.000000 -0.796336
v 0.228312 -0.997780 -0.702674
v 0.000000 -0.997780 -0.738834
v -0.246081 -1.000000 -0.757361
v 0.000000 -1.000000 -0.796336
v 0.000000 -0.997780 -0.738834
v -0.246081 -1.000000 -0.757361
v 0.000000 -0.997780 -0.738834
v -0.228312 -0.997780 -0.702674
v -0.468075 -1.000000 -0.644250
v -0.246081 -1.000000 -0.757361
v -0.228312 -0.997780 -0.702674
v -0.468075 -1.000000 -0.644250
v -0.228312 -0.997780 -0.702674
v -0.434276 -0.997780 -0.597730
v -0.644250 -1.000000 -0.468074
v -0.468075 -1.000000 -0.644250
v -0.434276 -0.997780 -0.597730
v -0.644250 -1.000000 -0.468074
v -0.434276 -0.997780 -0.597730
v -0.597730 -0.997780 -0.434276
v -0.757361 -1.000000 -0.246081
v -0.644250 -1.000000 -0.468074
v -0.597730 -0.997780 -0.434276
v -0.757361 -1.000000 -0.246081
v -0.597730 -0.997780 -0.434276
v -0.702673 -0.997780 -0.228312
v -0.796336 -1.000000 -0.000000
v -0.757361 -1.000000 -0.246081
v -0.702673 -0.997780 -0.228312
v -0.796336 -1.000000 -0.000000
v -0.702673 -0.997780 -0.228312
v -0.738834 -0.997780 -0.000000
v -0.757361 -1.000000 0.246081
v -0.796336 -1.000000 -0.000000
v -0.738834 -0.997780 -0.000000
v -0.757361 -1.000000 0.246081
v -0.738834 -0.997780 -0.000000
v -0.702673 -0.997780 0.228312
v -0.644250 -1.000000 0.468074
v -0.757361 -1.000000 0.246081
v -0.702673 -0.997780 0.228312
v -0.644250 -1.000000 0.468074
v -0.702673 -0.997780 0.228312
v -0.597730 -0.997780 0.434276
v -0.468074 -1.000000 0.644250
v -0.644250 -1.000000 0.468074
v -0.597730 -0.997780 0.434276
v -0.468074 -1.000000 0.644250
v -0.597730 -0.997780 0.434276
v -0.434276 -0.997780 0.597730
v -0.246081 -1.000000 0.757361
v -0.468074 -1.000000 0.644250
v -0.434276 -0.997780 0.597730
v -0.246081 -1.000000 0.757361
v -0.434276 -0.997780 0.597730
v -0.228312 -0.997780 0.702673
v 0.000000 -1.000000 0.796336
v -0.246081 -1.000000 0.757361
v -0.228312 -0.997780 0.702673
v 0.000000 -1.000000 0.796336
v -0.228312 -0.997780 0.702673
v 0.000000 -0.997780 0.738834
v 0.246081 -1.000000 0.757361
v 0.000000 -1.000000 0.796336
v 0.000000 -0.997780 0.738834
v 0.246081 -1.000000 0.757361
v 0.000000 -0.997780 0.738834
v 0.228312 -0.997780 0.702673
v 0.468074 -1.000000 0.644250
v 0.246081 -1.000000 0.757361
v 0.228312 -0.997780 0.702673
v 0.468074 -1.000000 0.644250
v 0.228312 -0.997780 0.702673
v 0.434276 -0.997780 0.597730
v 0.644250 -1.000000 0.468074
v 0.468074 -1.000000 0.644250
v 0.434276 -0.997780 0.597730
v 0.644250 -1.000000 0.468074
v 0.434276 -0.997780 0.597730
v 0.597730 -0.997780 0.434276
v 0.757361 -1.000000 0.246081
v 0.644250 -1.000000 0.468074
v 0.597730 -0.997780 0.434276
v 0.757361 -1.000000 0.246081
v 0.597730 -0.997780 0.434276
v 0.702673 -0.997780 0.228312
v 0.796336 -1.000000 -0.000000
v 0.757361 -1.000000 0.246081
v 0.702673 -0.997780 0.228312
v 0.796336 -1.000000 -0.000000
v 0.702673 -0.997780 0.228312
v 0.738834 -0.997780 -0.000000
v 0.597730 -0.997780 -0.434276
v 0.702674 -0.997780 -0.228312
v 0.647314 -0.898042 -0.210325
v 0.597730 -0.997780 -0.434276
v 0.647314 -0.898042 -0.210325
v 0.550638 -0.898042 -0.400062
v 0.434276 -0.997780 -0.597730
v 0.597730 -0.997780 -0.434276
v 0.550638 -0.898042 -0.400062
v 0.434276 -0.997780 -0.597730
v 0.550638 -0.898042 -0.400062
v 0.400062 -0.898042 -0.550638
v 0.228312 -0.997780 -0.702674
v 0.434276 -0.997780 -0.597730
v 0.400062 -0.898042 -0.550638
v 0.228312 -0.997780 -0.702674
v 0.400062 -0.898042 -0.550638
v 0.210325 -0.898042 -0.647314
v 0.000000 -0.997780 -0.738834
v 0.228312 -0.997780 -0.702674
v 0.210325 -0.898042 -0.647314
v 0.000000 -0.997780 -0.738834
v 0.210325 -0.898042 -0.647314
v 0.000000 -0.898042 -0.680626
v -0.228312 -0.997780 -0.702674
v 0.000000 -0.997780 -0.738834
v 0.000000 -0.898042 -0.680626
v -0.228312 -0.997780 -0.702674
v 0.000000 -0.898042 -0.680626
v -0.210325 -0.898042 -0.647314
v -0.434276 -0.997780 -0.597730
v -0.228312 -0.997780 -0.702674
v -0.210325 -0.898042 -0.647314
v -0.434276 -0.997780 -0.597730
v -0.210325 -0.898042 -0.647314
v -0.400062 -0.898042 -0.550638
v -0.597730 -0.997780 -0.434276
v -0.434276 -0.997780 -0.597730
v -0.400062 -0.898042 -0.550638
v -0.597730 -0.997780 -0.434276
v -0.400062 -0.898042 -0.550638
v -0.550638 -0.898042 -0.400062
v -0.702673 -0.997780 -0.228312
v -0.597730 -0.997780 -0.434276
v -0.550638 -0.898042 -0.400062
v -0.702673 -0.997780 -0.228312
v -0.550638 -0.898042 -0.400062
v -0.647313 -0.898042 -0.210325
v -0.738834 -0.997780 -0.000000
v -0.702673 -0.997780 -0.228312
v -0.647313 -0.898042 -0.210325
v -0.738834 -0.997780 -0.000000
v -0.647313 -0.898042 -0.210325
v -0.680626 -0.898042 -0.000000
v -0.702673 -0.997780 0.228312
v -0.738834 -0.997780 -0.000000
v -0.680626 -0.898042 -0.000000
v -0.702673 -0.997780 0.228312
v -0.680626 -0.898042 -0.000000
v -0.647313 -0.898042 0.210325
v -0.597730 -0.997780 0.434276
v -0.702673 -0.997780 0.228312
v -0.647313 -0.898042 0.210325
v -0.597730 -0.997780 0.434276
v -0.647313 -0.898042 0.210325
v -0.550638 -0.898042 0.400062
v -0.434276 -0.997780 0.597730
v -0.597730 -0.997780 0.434276
v -0.550638 -0.898042 0.400062
v -0.434276 -0.997780 0.597730
v -0.550638 -0.898042 0.400062
v -0.400062 -0.898042 0.550638
v -0.228312 -0.997780 0.702673
v -0.434276 -0.997780 0.597730
v -0.400062 -0.898042 0.550638
v -0.228312 -0.997780 0.702673
v -0.400062 -0.898042 0.550638
v -0.210325 -0.898042 0.647313
v 0.000000 -0.997780 0.738834
v -0.228312 -0.997780 0.702673
v -0.210325 -0.898042 0.647313
v 0.000000 -0.997780 0.738834
v -0.210325 -0.898042 0.647313
v 0.000000 -0.898042 0.680626
v 0.228312 -0.997780 0.702673
v 0.000000 -0.997780 0.738834
v 0.000000 -0.898042 0.680626
v 0.228312 -0.997780 0.702673
v 0.000000 -0.898042 0.680626
v 0.210325 -0.898042 0.647313
v 0.434276 -0.997780 0.597730
v 0.228312 -0.997780 0.702673
v 0.210325 -0.898042 0.647313
v 0.434276 -0.997780 0.597730
v 0.210325 -0.898042 0.647313
v 0.400062 -0.898042 0.550638
v 0.597730 -0.997780 0.434276
v 0.434276 -0.997780 0.597730
v 0.400062 -0.898042 0.550638
v 0.597730 -0.997780 0.434276
v 0.400062 -0.898042 0.550638
v 0.550638 -0.898042 0.400062
v 0.702673 -0.997780 0.228312
v 0.597730 -0.997780 0.434276
v 0.550638 -0.898042 0.400062
v 0.702673 -0.997780 0.228312
v 0.550638 -0.898042 0.400062
v 0.647313 -0.898042 0.210325
v 0.738834 -0.997780 -0.000000
v 0.702673 -0.997780 0.228312
v 0.647313 -0.898042 0.210325
v 0.738834 -0.997780 -0.000000
v 0.647313 -0.898042 0.210325
v 0.680626 -0.898042 -0.000000
v 0.702674 -0.997780 -0.228312
v 0.738834 -0.997780 -0.000000
v 0.680626 -0.898042 -0.000000
v 0.702674 -0.997780 -0.228312
v 0.680626 -0.898042 -0.000000
v 0.647314 -0.898042 -0.210325
v 0.757361 -1.000000 -0.246082
v 0.644250 -1.000000 -0.468075
v 0.669829 -0.981462 -0.486660
v 0.757361 -1.000000 -0.246082
v 0.669829 -0.981462 -0.486660
v 0.787432 -0.981462 -0.255852
v 0.854397 -0.697424 -0.277611
v 0.821940 -0.684836 -0.267064
v 0.864239 -0.684836 -0.000000
v 0.854397 -0.697424 -0.277611
v 0.864239 -0.684836 -0.000000
v 0.898365 -0.697424 -0.000000
v 0.796336 -1.000000 -0.000000
v 0.757361 -1.000000 -0.246082
v 0.787432 -0.981462 -0.255852
v 0.796336 -1.000000 -0.000000
v 0.787432 -0.981462 -0.255852
v 0.827954 -0.981462 -0.000000
v 0.644250 -1.000000 -0.468075
v 0.468075 -1.000000 -0.644250
v 0.486660 -0.981462 -0.669829
v 0.644250 -1.000000 -0.468075
v 0.486660 -0.981462 -0.669829
v 0.669829 -0.981462 -0.486660
v 0.507987 -0.684836 -0.699184
v 0.699184 -0.684836 -0.507987
v 0.726794 -0.697424 -0.528047
v 0.507987 -0.684836 -0.699184
v 0.726794 -0.697424 -0.528047
v 0.528047 -0.697424 -0.726794
v 0.468075 -1.000000 -0.644250
v 0.246082 -1.000000 -0.757361
v 0.255852 -0.981462 -0.787432
v 0.468075 -1.000000 -0.644250
v 0.255852 -0.981462 -0.787432
v 0.486660 -0.981462 -0.669829
v 0.267064 -0.684836 -0.821940
v 0.507987 -0.684836 -0.699184
v 0.528047 -0.697424 -0.726794
v 0.267064 -0.684836 -0.821940
v 0.528047 -0.697424 -0.726794
v 0.277611 -0.697424 -0.854397
v 0.246082 -1.000000 -0.757361
v 0.000000 -1.000000 -0.796336
v 0.000000 -0.981462 -0.827954
v 0.246082 -1.000000 -0.757361
v 0.000000 -0.981462 -0.827954
v 0.255852 -0.981462 -0.787432
v 0.000000 -0.684836 -0.864239
v 0.267064 -0.684836 -0.821940
v 0.277611 -0.697424 -0.854397
v 0.000000 -0.684836 -0.864239
v 0.277611 -0.697424 -0.854397
v 0.000000 -0.697424 -0.898366
v 0.000000 -1.000000 -0.796336
v -0.246081 -1.000000 -0.757361
v -0.255852 -0.981462 -0.787431
v 0.000000 -1.000000 -0.796336
v -0.255852 -0.981462 -0.787431
v 0.000000 -0.981462 -0.827954
v -0.267064 -0.684836 -0.821940
v 0.000000 -0.684836 -0.864239
v 0.000000 -0.697424 -0.898366
v -0.267064 -0.684836 -0.821940
v 0.000000 -0.697424 -0.898366
v -0.277611 -0.697424 -0.854397
v -0.246081 -1.000000 -0.757361
v -0.468075 -1.000000 -0.644250
v -0.486660 -0.981462 -0.669829
v -0.246081 -1.000000 -0.757361
v -0.486660 -0.981462 -0.669829
v -0.255852 -0.981462 -0.787431
v -0.507987 -0.684836 -0.699184
v -0.267064 -0.684836 -0.821940
v -0.277611 -0.697424 -0.854397
v -0.507987 -0.684836 -0.699184
v -0.277611 -0.697424 -0.854397
v -0.528046 -0.697424 -0.726793
v -0.468075 -1.000000 -0.644250
v -0.644250 -1.000000 -0.468074
v -0.669829 -0.981462 -0.486660
v -0.468075 -1.000000 -0.644250
v -0.669829 -0.981462 -0.486660
v -0.486660 -0.981462 -0.669829
v -0.699184 -0.684836 -0.507987
v -0.507987 -0.684836 -0.699184
v -0.528046 -0.697424 -0.726793
v -0.699184 -0.684836 -0.507987
v -0.528046 -0.697424 -0.726793
v -0.726793 -0.697424 -0.528046
v -0.644250 -1.000000 -0.468074
v -0.757361 -1.000000 -0.246081
v -0.787431 -0.981462 -0.255852
v -0.644250 -1.000000 -0.468074
v -0.787431 -0.981462 -0.255852
v -0.669829 -0.981462 -0.486660
v -0.821940 -0.684836 -0.267064
v -0.699184 -0.684836 -0.507987
v -0.726793 -0.697424 -0.528046
v -0.821940 -0.684836 -0.267064
v -0.726793 -0.697424 -0.528046
v -0.854397 -0.697424 -0.277611
v -0.757361 -1.000000 -0.246081
v -0.796336 -1.000000 -0.000000
v -0.827954 -0.981462 -0.000000
v -0.757361 -1.000000 -0.246081
v -0.827954 -0.981462 -0.000000
v -0.787431 -0.981462 -0.255852
v -0.864239 -0.684836 -0.000000
v -0.821940 -0.684836 -0.267064
v -0.854397 -0.697424 -0.277611
v -0.864239 -0.684836 -0.000000
v -0.854397 -0.697424 -0.277611
v -0.898365 -0.697424 -0.000000
v -0.796336 -1.000000 -0.000000
v -0.757361 -1.000000 0.246081
v -0.787431 -0.981462 0.255852
v -0.796336 -1.000000 -0.000000
v -0.787431 -0.981462 0.255852
v -0.827954 -0.981462 -0.000000
v -0.821940 -0.684836 0.267064
v -0.864239 -0.684836 -0.000000
v -0.898365 -0.697424 -0.000000
v -0.821940 -0.684836 0.267064
v -0.898365 -0.697424 -0.000000
v -0.854397 -0.697424 0.277611
v -0.757361 -1.000000 0.246081
v -0.644250 -1.000000 0.468074
v -0.669829 -0.981462 0.486660
v -0.757361 -1.000000 0.246081
v -0.669829 -0.981462 0.486660
v -0.787431 -0.981462 0.255852
v -0.699184 -0.684836 0.507987
v -0.821940 -0.684836 0.267064
v -0.854397 -0.697424 0.277611
v -0.699184 -0.684836 0.507987
v -0.854397 -0.697424 0.277611
v -0.726793 -0.697424 0.528046
v -0.644250 -1.000000 0.468074
v -0.468074 -1.000000 0.644250
v -0.486660 -0.981462 0.669829
v -0.644250 -1.000000 0.468074
v -0.486660 -0.981462 0.669829
v -0.669829 -0.981462 0.486660
v -0.507987 -0.684836 0.699184
v -0.699184 -0.684836 0.507987
v -0.726793 -0.697424 0.528046
v -0.507987 -0.684836 0.699184
v -0.726793 -0.697424 0.528046
v -0.528046 -0.697424 0.726793
v -0.468074 -1.000000 0.644250
v -0.246081 -1.000000 0.757361
v -0.255852 -0.981462 0.787431
v -0.468074 -1.000000 0.644250
v -0.255852 -0.981462 0.787431
v -0.486660 -0.981462 0.669829
v -0.267064 -0.684836 0.821940
v -0.507987 -0.684836 0.699184
v -0.528046 -0.697424 0.726793
v -0.267064 -0.684836 0.821940
v -0.528046 -0.697424 0.726793
v -0.277611 -0.697424 0.854397
v -0.246081 -1.000000 0.757361
v 0.000000 -1.000000 0.796336
v 0.000000 -0.981462 0.827954
v -0.246081 -1.000000 0.757361
v 0.000000 -0.981462 0.827954
v -0.255852 -0.981462 0.787431
v 0.000000 -0.684836 0.864239
v -0.267064 -0.684836 0.821940
v -0.277611 -0.697424 0.854397
v 0.000000 -0.684836 0.864239
v -0.277611 -0.697424 0.854397
v 0.000000 -0.697424 0.898365
v 0.000000 -1.000000 0.796336
v 0.246081 -1.000000 0.757361
v 0.255852 -0.981462 0.787431
v 0.000000 -1.000000 0.796336
v 0.255852 -0.981462 0.787431
v 0.000000 -0.981462 0.827954
v 0.267064 -0.684836 0.821940
v 0.000000 -0.684836 0.864239
v 0.000000 -0.697424 0.898365
v 0.267064 -0.684836 0.821940
v 0.000000 -0.697424 0.898365
v 0.277611 -0.697424 0.854397
v 0.246081 -1.000000 0.757361
v 0.468074 -1.000000 0.644250
v 0.486660 -0.981462 0.669829
v 0.246081 -1.000000 0.757361
v 0.486660 -0.981462 0.669829
v 0.255852 -0.981462 0.787431
v 0.507987 -0.684836 0.699184
v 0.267064 -0.684836 0.821940
v 0.277611 -0.697424 0.854397
v 0.507987 -0.684836 0.699184
v 0.277611 -0.697424 0.854397
v 0.528046 -0.697424 0.726793
v 0.468074 -1.000000 0.644250
v 0.644250 -1.000000 0.468074
v 0.669829 -0.981462 0.486660
v 0.468074 -1.000000 0.644250
v 0.669829 -0.981462 0.486660
v 0.486660 -0.981462 0.669829
v 0.699184 -0.684836 0.507987
v 0.507987 -0.684836 0.699184
v 0.528046 -0.697424 0.726793
v 0.699184 -0.684836 0.507987
v 0.528046 -0.697424 0.726793
v 0.726793 -0.697424 0.528046
v 0.644250 -1.000000 0.468074
v 0.757361 -1.000000 0.246081
v 0.787431 -0.981462 0.255852
v 0.644250 -1.000000 0.468074
v 0.787431 -0.981462 0.255852
v 0.669829 -0.981462 0.486660
v 0.821940 -0.684836 0.267064
v 0.699184 -0.684836 0.507987
v 0.726793 -0.697424 0.528046
v 0.821940 -0.684836 0.267064
v 0.726793 -0.697424 0.528046
v 0.854397 -0.697424 0.277611
v 0.757361 -1.000000 0.246081
v 0.796336 -1.000000 -0.000000
v 0.827954 -0.981462 -0.000000
v 0.757361 -1.000000 0.246081
v 0.827954 -0.981462 -0.000000
v 0.787431 -0.981462 0.255852
v 0.864239 -0.684836 -0.000000
v 0.821940 -0.684836 0.267064
v 0.854397 -0.697424 0.277611
v 0.864239 -0.684836 -0.000000
v 0.854397 -0.697424 0.277611
v 0.898365 -0.697424 -0.000000
v 0.796336 -1.000000 -0.000000
v 0.738834 -0.997780 -0.000000
v 0.702674 -0.997780 -0.228312
v 0.796336 -1.000000 -0.000000
v 0.702674 -0.997780 -0.228312
v 0.757361 -1.000000 -0.246082
v 0.827954 -0.981462 -0.000000
v 0.787432 -0.981462 -0.255852
v 0.854397 -0.697424 -0.277611
v 0.827954 -0.981462 -0.000000
v 0.854397 -0.697424 -0.277611
v 0.898365 -0.697424 -0.000000
v 0.854397 -0.697424 0.277611
v 0.787431 -0.981462 0.255852
v 0.827954 -0.981462 -0.000000
v 0.854397 -0.697424 0.277611
v 0.827954 -0.981462 -0.000000
v 0.898365 -0.697424 -0.000000
v 0.642094 0.920474 -0.208629
v 0.546198 0.920474 -0.396835
v 0.000000 0.920474 0.000000
v 0.546198 0.920474 -0.396835
v 0.396835 0.920474 -0.546197
v 0.000000 0.920474 0.000000
v 0.396835 0.920474 -0.546197
v 0.208629 0.920474 -0.642094
v 0.000000 0.920474 0.000000
v 0.208629 0.920474 -0.642094
v 0.000000 0.920474 -0.675137
v 0.000000 0.920474 0.000000
v 0.000000 0.920474 -0.675137
v -0.208629 0.920474 -0.642094
v 0.000000 0.920474 0.000000
v -0.208629 0.920474 -0.642094
v -0.396835 0.920474 -0.546197
v 0.000000 0.920474 0.000000
v -0.396835 0.920474 -0.546197
v -0.546197 0.920474 -0.396835
v 0.000000 0.920474 0.000000
v -0.546197 0.920474 -0.396835
v -0.642093 0.920474 -0.208629
v 0.000000 0.920474 0.000000
v -0.642093 0.920474 -0.208629
v -0.675137 0.920474 0.000000
v 0.000000 0.920474 0.000000
v -0.675137 0.920474 0.000000
v -0.642093 0.920474 0.208629
v 0.000000 0.920474 0.000000
v -0.642093 0.920474 0.208629
v -0.546197 0.920474 0.396835
v 0.000000 0.920474 0.000000
v -0.546197 0.920474 0.396835
v -0.396835 0.920474 0.546197
v 0.000000 0.920474 0.000000
v -0.396835 0.920474 0.546197
v -0.208629 0.920474 0.642093
v 0.000000 0.920474 0.000000
v -0.208629 0.920474 0.642093
v 0.000000 0.920474 0.675137
v 0.000000 0.920474 0.000000
v 0.000000 0.920474 0.675137
v 0.208629 0.920474 0.642093
v 0.000000 0.920474 0.000000
v 0.208629 0.920474 0.642093
v 0.396835 0.920474 0.546197
v 0.000000 0.920474 0.000000
v 0.396835 0.920474 0.546197
v 0.546197 0.920474 0.396835
v 0.000000 0.920474 0.000000
v 0.546197 0.920474 0.396835
v 0.642093 0.920474 0.208629
v 0.000000 0.920474 0.000000
v 0.642093 0.920474 0.208629
v 0.675137 0.920474 0.000000
v 0.000000 0.920474 0.000000
v 0.675137 0.920474 0.000000
v 0.642094 0.920474 -0.208629
v 0.000000 0.920474 0.000000
v 0.546198 -0.921827 -0.396835
v 0.642094 -0.921827 -0.208629
v 0.000000 -0.921827 -0.000000
v 0.396835 -0.921827 -0.546197
v 0.546198 -0.921827 -0.396835
v 0.000000 -0.921827 -0.000000
v 0.208629 -0.921827 -0.642094
v 0.396835 -0.921827 -0.546197
v 0.000000 -0.921827 -0.000000
v 0.000000 -0.921827 -0.675137
v 0.208629 -0.921827 -0.642094
v 0.000000 -0.921827 -0.000000
v -0.208629 -0.921827 -0.642094
v 0.000000 -0.921827 -0.675137
v 0.000000 -0.921827 -0.000000
v -0.396835 -0.921827 -0.546197
v -0.208629 -0.921827 -0.642094
v 0.000000 -0.921827 -0.000000
v -0.546197 -0.921827 -0.396835
v -0.396835 -0.921827 -0.546197
v 0.000000 -0.921827 -0.000000
v -0.642093 -0.921827 -0.208629
v -0.546197 -0.921827 -0.396835
v 0.000000 -0.921827 -0.000000
v -0.675137 -0.921827 -0.000000
v -0.642093 -0.921827 -0.208629
v 0.000000 -0.921827 -0.000000
v -0.642093 -0.921827 0.208629
v -0.675137 -0.921827 -0.000000
v 0.000000 -0.921827 -0.000000
v -0.546197 -0.921827 0.396835
v -0.642093 -0.921827 0.208629
v 0.000000 -0.921827 -0.000000
v -0.396835 -0.921827 0.546197
v -0.546197 -0.921827 0.396835
v 0.000000 -0.921827 -0.000000
v -0.208629 -0.921827 0.642093
v -0.396835 -0.921827 0.546197
v 0.000000 -0.921827 -0.000000
v 0.000000 -0.921827 0.675137
v -0.208629 -0.921827 0.642093
v 0.000000 -0.921827 -0.000000
v 0.208629 -0.921827 0.642093
v 0.000000 -0.921827 0.675137
v 0.000000 -0.921827 -0.000000
v 0.396835 -0.921827 0.546197
v 0.208629 -0.921827 0.642093
v 0.000000 -0.921827 -0.000000
v 0.546197 -0.921827 0.396835
v 0.396835 -0.921827 0.546197
v 0.000000 -0.921827 -0.000000
v 0.642093 -0.921827 0.208629
v 0.546197 -0.921827 0.396835
v 0.000000 -0.921827 -0.000000
v 0.675137 -0.921827 -0.000000
v 0.642093 -0.921827 0.208629
v 0.000000 -0.921827 -0.000000
v 0.642094 -0.921827 -0.208629
v 0.675137 -0.921827 -0.000000
v 0.000000 -0.921827 -0.000000
v 0.546198 0.920474 -0.396835
v 0.642094 0.920474 -0.208629
v 0.652717 0.909441 -0.212080
v 0.546198 0.920474 -0.396835
v 0.652717 0.909441 -0.212080
v 0.555234 0.909441 -0.403401
v 0.396835 0.920474 -0.546197
v 0.546198 0.920474 -0.396835
v 0.555234 0.909441 -0.403401
v 0.396835 0.920474 -0.546197
v 0.555234 0.909441 -0.403401
v 0.403401 0.909441 -0.555234
v 0.208629 0.920474 -0.642094
v 0.396835 0.920474 -0.546197
v 0.403401 0.909441 -0.555234
v 0.208629 0.920474 -0.642094
v 0.403401 0.909441 -0.555234
v 0.212080 0.909441 -0.652717
v 0.000000 0.920474 -0.675137
v 0.208629 0.920474 -0.642094
v 0.212080 0.909441 -0.652717
v 0.000000 0.920474 -0.675137
v 0.212080 0.909441 -0.652717
v 0.000000 0.909441 -0.686307
v -0.208629 0.920474 -0.642094
v 0.000000 0.920474 -0.675137
v 0.000000 0.909441 -0.686307
v -0.208629 0.920474 -0.642094
v 0.000000 0.909441 -0.686307
v -0.212080 0.909441 -0.652717
v -0.396835 0.920474 -0.546197
v -0.208629 0.920474 -0.642094
v -0.212080 0.909441 -0.652717
v -0.396835 0.920474 -0.546197
v -0.212080 0.909441 -0.652717
v -0.403401 0.909441 -0.555234
v -0.546197 0.920474 -0.396835
v -0.396835 0.920474 -0.546197
v -0.403401 0.909441 -0.555234
v -0.546197 0.920474 -0.396835
v -0.403401 0.909441 -0.555234
v -0.555234 0.909441 -0.403401
v -0.642093 0.920474 -0.208629
v -0.546197 0.920474 -0.396835
v -0.555234 0.909441 -0.403401
v -0.642093 0.920474 -0.208629
v -0.555234 0.909441 -0.403401
v -0.652717 0.909441 -0.212080
v -0.675137 0.920474 0.000000
v -0.642093 0.920474 -0.208629
v -0.652717 0.909441 -0.212080
v -0.675137 0.920474 0.000000
v -0.652717 0.909441 -0.212080
v -0.686307 0.909441 0.000000
v -0.642093 0.920474 0.208629
v -0.675137 0.920474 0.000000
v -0.686307 0.909441 0.000000
v -0.642093 0.920474 0.208629
v -0.686307 0.909441 0.000000
v -0.652717 0.909441 0.212080
v -0.546197 0.920474 0.396835
v -0.642093 0.920474 0.208629
v -0.652717 0.909441 0.212080
v -0.546197 0.920474 0.396835
v -0.652717 0.909441 0.212080
v -0.555234 0.909441 0.403401
v -0.396835 0.920474 0.546197
v -0.546197 0.920474 0.396835
v -0.555234 0.909441 0.403401
v -0.396835 0.920474 0.546197
v -0.555234 0.909441 0.403401
v -0.403401 0.909441 0.555234
v -0.208629 0.920474 0.642093
v -0.396835 0.920474 0.546197
v -0.403401 0.909441 0.555234
v -0.208629 0.920474 0.642093
v -0.403401 0.909441 0.555234
v -0.212080 0.909441 0.652717
v 0.000000 0.920474 0.675137
v -0.208629 0.920474 0.642093
v -0.212080 0.909441 0.652717
v 0.000000 0.920474 0.675137
v -0.212080 0.909441 0.652717
v 0.000000 0.909441 0.686307
v 0.208629 0.920474 0.642093
v 0.000000 0.920474 0.675137
v 0.000000 0.909441 0.686307
v 0.208629 0.920474 0.642093
v 0.000000 0.909441 0.686307
v 0.212080 0.909441 0.652717
v 0.396835 0.920474 0.546197
v 0.208629 0.920474 0.642093
v 0.212080 0.909441 0.652717
v 0.396835 0.920474 0.546197
v 0.212080 0.909441 0.652717
v 0.403401 0.909441 0.555234
v 0.546197 0.920474 0.396835
v 0.396835 0.920474 0.546197
v 0.403401 0.909441 0.555234
v 0.546197 0.920474 0.396835
v 0.403401 0.909441 0.555234
v 0.555234 0.909441 0.403401
v 0.642093 0.920474 0.208629
v 0.546197 0.920474 0.396835
v 0.555234 0.909441 0.403401
v 0.642093 0.920474 0.208629
v 0.555234 0.909441 0.403401
v 0.652717 0.909441 0.212080
v 0.675137 0.920474 0.000000
v 0.642093 0.920474 0.208629
v 0.652717 0.909441 0.212080
v 0.675137 0.920474 0.000000
v 0.652717 0.909441 0.212080
v 0.686307 0.909441 0.000000
v 0.675137 0.920474 0.000000
v 0.686307 0.909441 0.000000
v 0.652717 0.909441 -0.212080
v 0.675137 0.920474 0.000000
v 0.652717 0.909441 -0.212080
v 0.642094 0.920474 -0.208629
v 0.866953 0.680550 0.000000
v 0.922093 0.170095 0.000000
v 0.876963 0.170095 -0.284942
v 0.866953 0.680550 0.000000
v 0.876963 0.170095 -0.284942
v 0.824521 0.680550 -0.267903
v 0.824521 0.680550 0.267903
v 0.876963 0.170095 0.284942
v 0.922093 0.170095 0.000000
v 0.824521 0.680550 0.267903
v 0.922093 0.170095 0.000000
v 0.866953 0.680550 0.000000
v 0.701379 0.680550 0.509582
v 0.745989 0.170095 0.541993
v 0.876963 0.170095 0.284942
v 0.701379 0.680550 0.509582
v 0.876963 0.170095 0.284942
v 0.824521 0.680550 0.267903
v 0.509582 0.680550 0.701379
v 0.541993 0.170095 0.745989
v 0.745989 0.170095 0.541993
v 0.509582 0.680550 0.701379
v 0.745989 0.170095 0.541993
v 0.701379 0.680550 0.509582
v 0.267903 0.680550 0.824521
v 0.284942 0.170095 0.876963
v 0.541993 0.170095 0.745989
v 0.267903 0.680550 0.824521
v 0.541993 0.170095 0.745989
v 0.509582 0.680550 0.701379
v 0.000000 0.680550 0.866953
v 0.000000 0.170095 0.922093
v 0.284942 0.170095 0.876963
v 0.000000 0.680550 0.866953
v 0.284942 0.170095 0.876963
v 0.267903 0.680550 0.824521
v -0.267903 0.680550 0.824521
v -0.284942 0.170095 0.876963
v 0.000000 0.170095 0.922093
v -0.267903 0.680550 0.824521
v 0.000000 0.170095 0.922093
v 0.000000 0.680550 0.866953
v -0.509582 0.680550 0.701379
v -0.541993 0.170095 0.745989
v -0.284942 0.170095 0.876963
v -0.509582 0.680550 0.701379
v -0.284942 0.170095 0.876963
v -0.267903 0.680550 0.824521
v -0.701379 0.680550 0.509582
v -0.745989 0.170095 0.541993
v -0.541993 0.170095 0.745989
v -0.701379 0.680550 0.509582
v -0.541993 0.170095 0.745989
v -0.509582 0.680550 0.701379
v -0.824521 0.680550 0.267903
v -0.876963 0.170095 0.284942
v -0.745989 0.170095 0.541993
v -0.824521 0.680550 0.267903
v -0.745989 0.170095 0.541993
v -0.701379 0.680550 0.509582
v -0.866953 0.680550 0.000000
v -0.922093 0.170095 0.000000
v -0.876963 0.170095 0.284942
v -0.866953 0.680550 0.000000
v -0.876963 0.170095 0.284942
v -0.824521 0.680550 0.267903
v -0.824521 0.680550 -0.267903
v -0.876963 0.170095 -0.284942
v -0.922093 0.170095 0.000000
v -0.824521 0.680550 -0.267903
v -0.922093 0.170095 0.000000
v -0.866953 0.680550 0.000000
v -0.701379 0.680550 -0.509582
v -0.745989 0.170095 -0.541993
v -0.876963 0.170095 -0.284942
v -0.701379 0.680550 -0.509582
v -0.876963 0.170095 -0.284942
v -0.824521 0.680550 -0.267903
v -0.509582 0.680550 -0.701379
v -0.541993 0.170095 -0.745989
v -0.745989 0.170095 -0.541993
v -0.509582 0.680550 -0.701379
v -0.745989 0.170095 -0.541993
v -0.701379 0.680550 -0.509582
v -0.267903 0.680550 -0.824521
v -0.284942 0.170095 -0.876963
v -0.541993 0.170095 -0.745989
v -0.267903 0.680550 -0.824521
v -0.541993 0.170095 -0.745989
v -0.509582 0.680550 -0.701379
v 0.000000 0.680550 -0.866953
v 0.000000 0.170095 -0.922094
v -0.284942 0.170095 -0.876963
v 0.000000 0.680550 -0.866953
v -0.284942 0.170095 -0.876963
v -0.267903 0.680550 -0.824521
v 0.267903 0.680550 -0.824521
v 0.284943 0.170095 -0.876963
v 0.000000 0.170095 -0.922094
v 0.267903 0.680550 -0.824521
v 0.000000 0.170095 -0.922094
v 0.000000 0.680550 -0.866953
v 0.509582 0.680550 -0.701380
v 0.541993 0.170095 -0.745990
v 0.284943 0.170095 -0.876963
v 0.509582 0.680550 -0.701380
v 0.284943 0.170095 -0.876963
v 0.267903 0.680550 -0.824521
v 0.701380 0.680550 -0.509582
v 0.745990 0.170095 -0.541993
v 0.541993 0.170095 -0.745990
v 0.701380 0.680550 -0.509582
v 0.541993 0.170095 -0.745990
v 0.509582 0.680550 -0.701380
v 0.824521 0.680550 -0.267903
v 0.876963 0.170095 -0.284942
v 0.745990 0.170095 -0.541993
v 0.824521 0.680550 -0.267903
v 0.745990 0.170095 -0.541993
v 0.701380 0.680550 -0.509582
v 0.866953 0.680550 0.000000
v 0.824521 0.680550 -0.267903
v 0.798911 0.704315 -0.259582
v 0.866953 0.680550 0.000000
v 0.798911 0.704315 -0.259582
v 0.840024 0.704315 0.000000
v 0.824521 0.680550 0.267903
v 0.866953 0.680550 0.000000
v 0.840024 0.704315 0.000000
v 0.824521 0.680550 0.267903
v 0.840024 0.704315 0.000000
v 0.798911 0.704315 0.259582
v 0.679595 0.704315 -0.493755
v 0.798911 0.704315 -0.259582
v 0.824521 0.680550 -0.267903
v 0.679595 0.704315 -0.493755
v 0.824521 0.680550 -0.267903
v 0.701380 0.680550 -0.509582
v 0.493755 0.704315 -0.679594
v 0.679595 0.704315 -0.493755
v 0.701380 0.680550 -0.509582
v 0.493755 0.704315 -0.679594
v 0.701380 0.680550 -0.509582
v 0.509582 0.680550 -0.701380
v 0.259582 0.704315 -0.798911
v 0.493755 0.704315 -0.679594
v 0.509582 0.680550 -0.701380
v 0.259582 0.704315 -0.798911
v 0.509582 0.680550 -0.701380
v 0.267903 0.680550 -0.824521
v 0.000000 0.704315 -0.840025
v 0.259582 0.704315 -0.798911
v 0.267903 0.680550 -0.824521
v 0.000000 0.704315 -0.840025
v 0.267903 0.680550 -0.824521
v 0.000000 0.680550 -0.866953
v -0.259582 0.704315 -0.798911
v 0.000000 0.704315 -0.840025
v 0.000000 0.680550 -0.866953
v -0.259582 0.704315 -0.798911
v 0.000000 0.680550 -0.866953
v -0.267903 0.680550 -0.824521
v -0.493754 0.704315 -0.679594
v -0.259582 0.704315 -0.798911
v -0.267903 0.680550 -0.824521
v -0.493754 0.704315 -0.679594
v -0.267903 0.680550 -0.824521
v -0.509582 0.680550 -0.701379
v -0.679594 0.704315 -0.493754
v -0.493754 0.704315 -0.679594
v -0.509582 0.680550 -0.701379
v -0.679594 0.704315 -0.493754
v -0.509582 0.680550 -0.701379
v -0.701379 0.680550 -0.509582
v -0.798911 0.704315 -0.259582
v -0.679594 0.704315 -0.493754
v -0.701379 0.680550 -0.509582
v -0.798911 0.704315 -0.259582
v -0.701379 0.680550 -0.509582
v -0.824521 0.680550 -0.267903
v -0.840024 0.704315 0.000000
v -0.798911 0.704315 -0.259582
v -0.824521 0.680550 -0.267903
v -0.840024 0.704315 0.000000
v -0.824521 0.680550 -0.267903
v -0.866953 0.680550 0.000000
v -0.798911 0.704315 0.259582
v -0.840024 0.704315 0.000000
v -0.866953 0.680550 0.000000
v -0.798911 0.704315 0.259582
v -0.866953 0.680550 0.000000
v -0.824521 0.680550 0.267903
v -0.679594 0.704315 0.493754
v -0.798911 0.704315 0.259582
v -0.824521 0.680550 0.267903
v -0.679594 0.704315 0.493754
v -0.824521 0.680550 0.267903
v -0.701379 0.680550 0.509582
v -0.493754 0.704315 0.679594
v -0.679594 0.704315 0.493754
v -0.701379 0.680550 0.509582
v -0.493754 0.704315 0.679594
v -0.701379 0.680550 0.509582
v -0.509582 0.680550 0.701379
v -0.259582 0.704315 0.798911
v -0.493754 0.704315 0.679594
v -0.509582 0.680550 0.701379
v -0.259582 0.704315 0.798911
v -0.509582 0.680550 0.701379
v -0.267903 0.680550 0.824521
v 0.000000 0.704315 0.840024
v -0.259582 0.704315 0.798911
v -0.267903 0.680550 0.824521
v 0.000000 0.704315 0.840024
v -0.267903 0.680550 0.824521
v 0.000000 0.680550 0.866953
v 0.259582 0.704315 0.798911
v 0.000000 0.704315 0.840024
v 0.000000 0.680550 0.866953
v 0.259582 0.704315 0.798911
v 0.000000 0.680550 0.866953
v 0.267903 0.680550 0.824521
v 0.493754 0.704315 0.679594
v 0.259582 0.704315 0.798911
v 0.267903 0.680550 0.824521
v 0.493754 0.704315 0.679594
v 0.267903 0.680550 0.824521
v 0.509582 0.680550 0.701379
v 0.679594 0.704315 0.493754
v 0.493754 0.704315 0.679594
v 0.509582 0.680550 0.701379
v 0.679594 0.704315 0.493754
v 0.509582 0.680550 0.701379
v 0.701379 0.680550 0.509582
v 0.824521 0.680550 0.267903
v 0.798911 0.704315 0.259582
v 0.679594 0.704315 0.493754
v 0.824521 0.680550 0.267903
v 0.679594 0.704315 0.493754
v 0.701379 0.680550 0.509582
v 0.745990 0.170095 -0.541993
v 0.876963 0.170095 -0.284942
v 0.854079 0.143498 -0.277507
v 0.745990 0.170095 -0.541993
v 0.854079 0.143498 -0.277507
v 0.726523 0.143498 -0.527850
v 0.541993 0.170095 -0.745990
v 0.745990 0.170095 -0.541993
v 0.726523 0.143498 -0.527850
v 0.541993 0.170095 -0.745990
v 0.726523 0.143498 -0.527850
v 0.527850 0.143498 -0.726522
v 0.898032 0.143498 0.000000
v 0.854079 0.143498 -0.277507
v 0.876963 0.170095 -0.284942
v 0.898032 0.143498 0.000000
v 0.876963 0.170095 -0.284942
v 0.922093 0.170095 0.000000
v 0.854078 0.143498 0.277507
v 0.898032 0.143498 0.000000
v 0.922093 0.170095 0.000000
v 0.854078 0.143498 0.277507
v 0.922093 0.170095 0.000000
v 0.876963 0.170095 0.284942
v 0.726522 0.143498 0.527849
v 0.854078 0.143498 0.277507
v 0.876963 0.170095 0.284942
v 0.726522 0.143498 0.527849
v 0.876963 0.170095 0.284942
v 0.745989 0.170095 0.541993
v 0.527849 0.143498 0.726522
v 0.726522 0.143498 0.527849
v 0.745989 0.170095 0.541993
v 0.527849 0.143498 0.726522
v 0.745989 0.170095 0.541993
v 0.541993 0.170095 0.745989
v 0.277507 0.143498 0.854079
v 0.527849 0.143498 0.726522
v 0.541993 0.170095 0.745989
v 0.277507 0.143498 0.854079
v 0.541993 0.170095 0.745989
v 0.284942 0.170095 0.876963
v 0.000000 0.143498 0.898032
v 0.277507 0.143498 0.854079
v 0.284942 0.170095 0.876963
v 0.000000 0.143498 0.898032
v 0.284942 0.170095 0.876963
v 0.000000 0.170095 0.922093
v -0.277507 0.143498 0.854078
v 0.000000 0.143498 0.898032
v 0.000000 0.170095 0.922093
v -0.277507 0.143498 0.854078
v 0.000000 0.170095 0.922093
v -0.284942 0.170095 0.876963
v -0.527849 0.143498 0.726522
v -0.277507 0.143498 0.854078
v -0.284942 0.170095 0.876963
v -0.527849 0.143498 0.726522
v -0.284942 0.170095 0.876963
v -0.541993 0.170095 0.745989
v -0.726522 0.143498 0.527850
v -0.527849 0.143498 0.726522
v -0.541993 0.170095 0.745989
v -0.726522 0.143498 0.527850
v -0.541993 0.170095 0.745989
v -0.745989 0.170095 0.541993
v -0.854079 0.143498 0.277507
v -0.726522 0.143498 0.527850
v -0.745989 0.170095 0.541993
v -0.854079 0.143498 0.277507
v -0.745989 0.170095 0.541993
v -0.876963 0.170095 0.284942
v -0.898032 0.143498 0.000000
v -0.854079 0.143498 0.277507
v -0.876963 0.170095 0.284942
v -0.898032 0.143498 0.000000
v -0.876963 0.170095 0.284942
v -0.922093 0.170095 0.000000
v -0.854079 0.143498 -0.277507
v -0.898032 0.143498 0.000000
v -0.922093 0.170095 0.000000
v -0.854079 0.143498 -0.277507
v -0.922093 0.170095 0.000000
v -0.876963 0.170095 -0.284942
v -0.726522 0.143498 -0.527849
v -0.854079 0.143498 -0.277507
v -0.876963 0.170095 -0.284942
v -0.726522 0.143498 -0.527849
v -0.876963 0.170095 -0.284942
v -0.745989 0.170095 -0.541993
v -0.527850 0.143498 -0.726522
v -0.726522 0.143498 -0.527849
v -0.745989 0.170095 -0.541993
v -0.527850 0.143498 -0.726522
v -0.745989 0.170095 -0.541993
v -0.541993 0.170095 -0.745989
v -0.277507 0.143498 -0.854079
v -0.527850 0.143498 -0.726522
v -0.541993 0.170095 -0.745989
v -0.277507 0.143498 -0.854079
v -0.541993 0.170095 -0.745989
v -0.284942 0.170095 -0.876963
v 0.000000 0.143498 -0.898032
v -0.277507 0.143498 -0.854079
v -0.284942 0.170095 -0.876963
v 0.000000 0.143498 -0.898032
v -0.284942 0.170095 -0.876963
v 0.000000 0.170095 -0.922094
v 0.277507 0.143498 -0.854079
v 0.000000 0.143498 -0.898032
v 0.000000 0.170095 -0.922094
v 0.277507 0.143498 -0.854079
v 0.000000 0.170095 -0.922094
v 0.284943 0.170095 -0.876963
v 0.541993 0.170095 -0.745990
v 0.527850 0.143498 -0.726522
v 0.277507 0.143498 -0.854079
v 0.541993 0.170095 -0.745990
v 0.277507 0.143498 -0.854079
v 0.284943 0.170095 -0.876963
v 0.509579 -0.675547 -0.701479
v 0.541991 -0.171941 -0.748204
v 0.745988 -0.171922 -0.543603
v 0.509579 -0.675547 -0.701479
v 0.745988 -0.171922 -0.543603
v 0.701377 -0.675526 -0.509656
v 0.267901 -0.675563 -0.824637
v 0.284941 -0.171959 -0.879565
v 0.541991 -0.171941 -0.748204
v 0.267901 -0.675563 -0.824637
v 0.541991 -0.171941 -0.748204
v 0.509579 -0.675547 -0.701479
v 0.000000 -0.675567 -0.867073
v 0.000000 -0.171969 -0.924828
v 0.284941 -0.171959 -0.879565
v 0.000000 -0.675567 -0.867073
v 0.284941 -0.171959 -0.879565
v 0.267901 -0.675563 -0.824637
v -0.267901 -0.675557 -0.824637
v -0.284941 -0.171966 -0.879564
v 0.000000 -0.171969 -0.924828
v -0.267901 -0.675557 -0.824637
v 0.000000 -0.171969 -0.924828
v 0.000000 -0.675567 -0.867073
v -0.509579 -0.675538 -0.701479
v -0.541990 -0.171953 -0.748203
v -0.284941 -0.171966 -0.879564
v -0.509579 -0.675538 -0.701479
v -0.284941 -0.171966 -0.879564
v -0.267901 -0.675557 -0.824637
v -0.701378 -0.675517 -0.509656
v -0.745987 -0.171933 -0.543602
v -0.541990 -0.171953 -0.748203
v -0.701378 -0.675517 -0.509656
v -0.541990 -0.171953 -0.748203
v -0.509579 -0.675538 -0.701479
v -0.824521 -0.675500 -0.267943
v -0.876962 -0.171916 -0.285789
v -0.745987 -0.171933 -0.543602
v -0.824521 -0.675500 -0.267943
v -0.745987 -0.171933 -0.543602
v -0.701378 -0.675517 -0.509656
v -0.866953 -0.675497 -0.000000
v -0.922093 -0.171906 -0.000000
v -0.876962 -0.171916 -0.285789
v -0.866953 -0.675497 -0.000000
v -0.876962 -0.171916 -0.285789
v -0.824521 -0.675500 -0.267943
v -0.824520 -0.675506 0.267943
v -0.876963 -0.171909 0.285790
v -0.922093 -0.171906 -0.000000
v -0.824520 -0.675506 0.267943
v -0.922093 -0.171906 -0.000000
v -0.866953 -0.675497 -0.000000
v -0.701377 -0.675526 0.509656
v -0.745988 -0.171922 0.543603
v -0.876963 -0.171909 0.285790
v -0.701377 -0.675526 0.509656
v -0.876963 -0.171909 0.285790
v -0.824520 -0.675506 0.267943
v -0.509579 -0.675547 0.701479
v -0.541991 -0.171941 0.748204
v -0.745988 -0.171922 0.543603
v -0.509579 -0.675547 0.701479
v -0.745988 -0.171922 0.543603
v -0.701377 -0.675526 0.509656
v -0.267901 -0.675563 0.824636
v -0.284941 -0.171959 0.879564
v -0.541991 -0.171941 0.748204
v -0.267901 -0.675563 0.824636
v -0.541991 -0.171941 0.748204
v -0.509579 -0.675547 0.701479
v 0.000000 -0.675567 0.867073
v 0.000000 -0.171969 0.924828
v -0.284941 -0.171959 0.879564
v 0.000000 -0.675567 0.867073
v -0.284941 -0.171959 0.879564
v -0.267901 -0.675563 0.824636
v 0.267901 -0.675557 0.824637
v 0.284941 -0.171966 0.879564
v 0.000000 -0.171969 0.924828
v 0.267901 -0.675557 0.824637
v 0.000000 -0.171969 0.924828
v 0.000000 -0.675567 0.867073
v 0.509579 -0.675538 0.701479
v 0.541990 -0.171953 0.748203
v 0.284941 -0.171966 0.879564
v 0.509579 -0.675538 0.701479
v 0.284941 -0.171966 0.879564
v 0.267901 -0.675557 0.824637
v 0.701378 -0.675517 0.509656
v 0.745987 -0.171933 0.543602
v 0.541990 -0.171953 0.748203
v 0.701378 -0.675517 0.509656
v 0.541990 -0.171953 0.748203
v 0.509579 -0.675538 0.701479
v 0.824521 -0.675500 0.267943
v 0.876962 -0.171916 0.285789
v 0.745987 -0.171933 0.543602
v 0.824521 -0.675500 0.267943
v 0.745987 -0.171933 0.543602
v 0.701378 -0.675517 0.509656
v 0.866953 -0.675497 -0.000000
v 0.922093 -0.171906 -0.000000
v 0.876962 -0.171916 0.285789
v 0.866953 -0.675497 -0.000000
v 0.876962 -0.171916 0.285789
v 0.824521 -0.675500 0.267943
v 0.824521 -0.675506 -0.267943
v 0.876963 -0.171909 -0.285790
v 0.922093 -0.171906 -0.000000
v 0.824521 -0.675506 -0.267943
v 0.922093 -0.171906 -0.000000
v 0.866953 -0.675497 -0.000000
v 0.701377 -0.675526 -0.509656
v 0.745988 -0.171922 -0.543603
v 0.876963 -0.171909 -0.285790
v 0.701377 -0.675526 -0.509656
v 0.876963 -0.171909 -0.285790
v 0.824521 -0.675506 -0.267943
v 0.701377 -0.675526 -0.509656
v 0.824521 -0.675506 -0.267943
v 0.798919 -0.699262 -0.259585
v 0.701377 -0.675526 -0.509656
v 0.798919 -0.699262 -0.259585
v 0.679614 -0.699262 -0.493768
v 0.509579 -0.675547 -0.701479
v 0.701377 -0.675526 -0.509656
v 0.679614 -0.699262 -0.493768
v 0.509579 -0.675547 -0.701479
v 0.679614 -0.699262 -0.493768
v 0.493778 -0.699262 -0.679628
v 0.840024 -0.699262 -0.000000
v 0.798919 -0.699262 -0.259585
v 0.824521 -0.675506 -0.267943
v 0.840024 -0.699262 -0.000000
v 0.824521 -0.675506 -0.267943
v 0.866953 -0.675497 -0.000000
v 0.267901 -0.675563 -0.824637
v 0.509579 -0.675547 -0.701479
v 0.493778 -0.699262 -0.679628
v 0.267901 -0.675563 -0.824637
v 0.493778 -0.699262 -0.679628
v 0.259599 -0.699262 -0.798962
v 0.000000 -0.675567 -0.867073
v 0.267901 -0.675563 -0.824637
v 0.259599 -0.699262 -0.798962
v 0.000000 -0.675567 -0.867073
v 0.259599 -0.699262 -0.798962
v 0.000000 -0.699262 -0.840082
v -0.267901 -0.675557 -0.824637
v 0.000000 -0.675567 -0.867073
v 0.000000 -0.699262 -0.840082
v -0.267901 -0.675557 -0.824637
v 0.000000 -0.699262 -0.840082
v -0.259597 -0.699262 -0.798957
v -0.509579 -0.675538 -0.701479
v -0.267901 -0.675557 -0.824637
v -0.259597 -0.699262 -0.798957
v -0.509579 -0.675538 -0.701479
v -0.259597 -0.699262 -0.798957
v -0.493772 -0.699262 -0.679620
v -0.701378 -0.675517 -0.509656
v -0.509579 -0.675538 -0.701479
v -0.493772 -0.699262 -0.679620
v -0.701378 -0.675517 -0.509656
v -0.493772 -0.699262 -0.679620
v -0.679606 -0.699262 -0.493763
v -0.824521 -0.675500 -0.267943
v -0.701378 -0.675517 -0.509656
v -0.679606 -0.699262 -0.493763
v -0.824521 -0.675500 -0.267943
v -0.679606 -0.699262 -0.493763
v -0.798913 -0.699262 -0.259583
v -0.866953 -0.675497 -0.000000
v -0.824521 -0.675500 -0.267943
v -0.798913 -0.699262 -0.259583
v -0.866953 -0.675497 -0.000000
v -0.798913 -0.699262 -0.259583
v -0.840024 -0.699262 -0.000000
v -0.824520 -0.675506 0.267943
v -0.866953 -0.675497 -0.000000
v -0.840024 -0.699262 -0.000000
v -0.824520 -0.675506 0.267943
v -0.840024 -0.699262 -0.000000
v -0.798918 -0.699262 0.259585
v -0.701377 -0.675526 0.509656
v -0.824520 -0.675506 0.267943
v -0.798918 -0.699262 0.259585
v -0.701377 -0.675526 0.509656
v -0.798918 -0.699262 0.259585
v -0.679613 -0.699262 0.493768
v -0.509579 -0.675547 0.701479
v -0.701377 -0.675526 0.509656
v -0.679613 -0.699262 0.493768
v -0.509579 -0.675547 0.701479
v -0.679613 -0.699262 0.493768
v -0.493778 -0.699262 0.679628
v -0.267901 -0.675563 0.824636
v -0.509579 -0.675547 0.701479
v -0.493778 -0.699262 0.679628
v -0.267901 -0.675563 0.824636
v -0.493778 -0.699262 0.679628
v -0.259598 -0.699262 0.798962
v 0.000000 -0.675567 0.867073
v -0.267901 -0.675563 0.824636
v -0.259598 -0.699262 0.798962
v 0.000000 -0.675567 0.867073
v -0.259598 -0.699262 0.798962
v 0.000000 -0.699262 0.840081
v 0.267901 -0.675557 0.824637
v 0.000000 -0.675567 0.867073
v 0.000000 -0.699262 0.840081
v 0.267901 -0.675557 0.824637
v 0.000000 -0.699262 0.840081
v 0.259597 -0.699262 0.798956
v 0.509579 -0.675538 0.701479
v 0.267901 -0.675557 0.824637
v 0.259597 -0.699262 0.798956
v 0.509579 -0.675538 0.701479
v 0.259597 -0.699262 0.798956
v 0.493772 -0.699262 0.679620
v 0.701378 -0.675517 0.509656
v 0.509579 -0.675538 0.701479
v 0.493772 -0.699262 0.679620
v 0.701378 -0.675517 0.509656
v 0.493772 -0.699262 0.679620
v 0.679605 -0.699262 0.493763
v 0.824521 -0.675500 0.267943
v 0.701378 -0.675517 0.509656
v 0.679605 -0.699262 0.493763
v 0.824521 -0.675500 0.267943
v 0.679605 -0.699262 0.493763
v 0.798913 -0.699262 0.259583
v 0.824521 -0.675500 0.267943
v 0.798913 -0.699262 0.259583
v 0.840024 -0.699262 -0.000000
v 0.824521 -0.675500 0.267943
v 0.840024 -0.699262 -0.000000
v 0.866953 -0.675497 -0.000000
v 0.876963 -0.171909 -0.285790
v 0.745988 -0.171922 -0.543603
v 0.726483 -0.145310 -0.529564
v 0.876963 -0.171909 -0.285790
v 0.726483 -0.145310 -0.529564
v 0.854070 -0.145310 -0.278420
v 0.527791 -0.145310 -0.728841
v 0.726483 -0.145310 -0.529564
v 0.745988 -0.171922 -0.543603
v 0.527791 -0.145310 -0.728841
v 0.745988 -0.171922 -0.543603
v 0.541991 -0.171941 -0.748204
v 0.277463 -0.145310 -0.856763
v 0.527791 -0.145310 -0.728841
v 0.541991 -0.171941 -0.748204
v 0.277463 -0.145310 -0.856763
v 0.541991 -0.171941 -0.748204
v 0.284941 -0.171959 -0.879565
v 0.000000 -0.145310 -0.900835
v 0.277463 -0.145310 -0.856763
v 0.284941 -0.171959 -0.879565
v 0.000000 -0.145310 -0.900835
v 0.284941 -0.171959 -0.879565
v 0.000000 -0.171969 -0.924828
v -0.277460 -0.145310 -0.856757
v 0.000000 -0.145310 -0.900835
v 0.000000 -0.171969 -0.924828
v -0.277460 -0.145310 -0.856757
v 0.000000 -0.171969 -0.924828
v -0.284941 -0.171966 -0.879564
v -0.527784 -0.145310 -0.728832
v -0.277460 -0.145310 -0.856757
v -0.284941 -0.171966 -0.879564
v -0.527784 -0.145310 -0.728832
v -0.284941 -0.171966 -0.879564
v -0.541990 -0.171953 -0.748203
v -0.726473 -0.145310 -0.529557
v -0.527784 -0.145310 -0.728832
v -0.541990 -0.171953 -0.748203
v -0.726473 -0.145310 -0.529557
v -0.541990 -0.171953 -0.748203
v -0.745987 -0.171933 -0.543602
v -0.854062 -0.145310 -0.278418
v -0.726473 -0.145310 -0.529557
v -0.745987 -0.171933 -0.543602
v -0.854062 -0.145310 -0.278418
v -0.745987 -0.171933 -0.543602
v -0.876962 -0.171916 -0.285789
v -0.898034 -0.145310 -0.000000
v -0.854062 -0.145310 -0.278418
v -0.876962 -0.171916 -0.285789
v -0.898034 -0.145310 -0.000000
v -0.876962 -0.171916 -0.285789
v -0.922093 -0.171906 -0.000000
v -0.854069 -0.145310 0.278420
v -0.898034 -0.145310 -0.000000
v -0.922093 -0.171906 -0.000000
v -0.854069 -0.145310 0.278420
v -0.922093 -0.171906 -0.000000
v -0.876963 -0.171909 0.285790
v -0.726483 -0.145310 0.529564
v -0.854069 -0.145310 0.278420
v -0.876963 -0.171909 0.285790
v -0.726483 -0.145310 0.529564
v -0.876963 -0.171909 0.285790
v -0.745988 -0.171922 0.543603
v -0.527790 -0.145310 0.728841
v -0.726483 -0.145310 0.529564
v -0.745988 -0.171922 0.543603
v -0.527790 -0.145310 0.728841
v -0.745988 -0.171922 0.543603
v -0.541991 -0.171941 0.748204
v -0.277463 -0.145310 0.856762
v -0.527790 -0.145310 0.728841
v -0.541991 -0.171941 0.748204
v -0.277463 -0.145310 0.856762
v -0.541991 -0.171941 0.748204
v -0.284941 -0.171959 0.879564
v 0.000000 -0.145310 0.900835
v -0.277463 -0.145310 0.856762
v -0.284941 -0.171959 0.879564
v 0.000000 -0.145310 0.900835
v -0.284941 -0.171959 0.879564
v 0.000000 -0.171969 0.924828
v 0.277460 -0.145310 0.856756
v 0.000000 -0.145310 0.900835
v 0.000000 -0.171969 0.924828
v 0.277460 -0.145310 0.856756
v 0.000000 -0.171969 0.924828
v 0.284941 -0.171966 0.879564
v 0.527784 -0.145310 0.728832
v 0.277460 -0.145310 0.856756
v 0.284941 -0.171966 0.879564
v 0.527784 -0.145310 0.728832
v 0.284941 -0.171966 0.879564
v 0.541990 -0.171953 0.748203
v 0.726473 -0.145310 0.529557
v 0.527784 -0.145310 0.728832
v 0.541990 -0.171953 0.748203
v 0.726473 -0.145310 0.529557
v 0.541990 -0.171953 0.748203
v 0.745987 -0.171933 0.543602
v 0.854062 -0.145310 0.278418
v 0.726473 -0.145310 0.529557
v 0.745987 -0.171933 0.543602
v 0.854062 -0.145310 0.278418
v 0.745987 -0.171933 0.543602
v 0.876962 -0.171916 0.285789
v 0.898034 -0.145310 -0.000000
v 0.854062 -0.145310 0.278418
v 0.876962 -0.171916 0.285789
v 0.898034 -0.145310 -0.000000
v 0.876962 -0.171916 0.285789
v 0.922093 -0.171906 -0.000000
v 0.876963 -0.171909 -0.285790
v 0.854070 -0.145310 -0.278420
v 0.898034 -0.145310 -0.000000
v 0.876963 -0.171909 -0.285790
v 0.898034 -0.145310 -0.000000
v 0.922093 -0.171906 -0.000000
v 0.675137 -0.921827 -0.000000
v 0.642094 -0.921827 -0.208629
v 0.652717 -0.910794 -0.212080
v 0.675137 -0.921827 -0.000000
v 0.652717 -0.910794 -0.212080
v 0.686307 -0.910794 -0.000000
v 0.555234 -0.910794 -0.403401
v 0.652717 -0.910794 -0.212080
v 0.642094 -0.921827 -0.208629
v 0.555234 -0.910794 -0.403401
v 0.642094 -0.921827 -0.208629
v 0.546198 -0.921827 -0.396835
v 0.403401 -0.910794 -0.555234
v 0.555234 -0.910794 -0.403401
v 0.546198 -0.921827 -0.396835
v 0.403401 -0.910794 -0.555234
v 0.546198 -0.921827 -0.396835
v 0.396835 -0.921827 -0.546197
v 0.212080 -0.910794 -0.652717
v 0.403401 -0.910794 -0.555234
v 0.396835 -0.921827 -0.546197
v 0.212080 -0.910794 -0.652717
v 0.396835 -0.921827 -0.546197
v 0.208629 -0.921827 -0.642094
v 0.000000 -0.910794 -0.686307
v 0.212080 -0.910794 -0.652717
v 0.208629 -0.921827 -0.642094
v 0.000000 -0.910794 -0.686307
v 0.208629 -0.921827 -0.642094
v 0.000000 -0.921827 -0.675137
v -0.212080 -0.910794 -0.652717
v 0.000000 -0.910794 -0.686307
v 0.000000 -0.921827 -0.675137
v -0.212080 -0.910794 -0.652717
v 0.000000 -0.921827 -0.675137
v -0.208629 -0.921827 -0.642094
v -0.403401 -0.910794 -0.555234
v -0.212080 -0.910794 -0.652717
v -0.208629 -0.921827 -0.642094
v -0.403401 -0.910794 -0.555234
v -0.208629 -0.921827 -0.642094
v -0.396835 -0.921827 -0.546197
v -0.555234 -0.910794 -0.403401
v -0.403401 -0.910794 -0.555234
v -0.396835 -0.921827 -0.546197
v -0.555234 -0.910794 -0.403401
v -0.396835 -0.921827 -0.546197
v -0.546197 -0.921827 -0.396835
v -0.652717 -0.910794 -0.212080
v -0.555234 -0.910794 -0.403401
v -0.546197 -0.921827 -0.396835
v -0.652717 -0.910794 -0.212080
v -0.546197 -0.921827 -0.396835
v -0.642093 -0.921827 -0.208629
v -0.686307 -0.910794 -0.000000
v -0.652717 -0.910794 -0.212080
v -0.642093 -0.921827 -0.208629
v -0.686307 -0.910794 -0.000000
v -0.642093 -0.921827 -0.208629
v -0.675137 -0.921827 -0.000000
v -0.652717 -0.910794 0.212080
v -0.686307 -0.910794 -0.000000
v -0.675137 -0.921827 -0.000000
v -0.652717 -0.910794 0.212080
v -0.675137 -0.921827 -0.000000
v -0.642093 -0.921827 0.208629
v -0.555234 -0.910794 0.403401
v -0.652717 -0.910794 0.212080
v -0.642093 -0.921827 0.208629
v -0.555234 -0.910794 0.403401
v -0.642093 -0.921827 0.208629
v -0.546197 -0.921827 0.396835
v -0.403401 -0.910794 0.555234
v -0.555234 -0.910794 0.403401
v -0.546197 -0.921827 0.396835
v -0.403401 -0.910794 0.555234
v -0.546197 -0.921827 0.396835
v -0.396835 -0.921827 0.546197
v -0.212080 -0.910794 0.652717
v -0.403401 -0.910794 0.555234
v -0.396835 -0.921827 0.546197
v -0.212080 -0.910794 0.652717
v -0.396835 -0.921827 0.546197
v -0.208629 -0.921827 0.642093
v 0.000000 -0.910794 0.686307
v -0.212080 -0.910794 0.652717
v -0.208629 -0.921827 0.642093
v 0.000000 -0.910794 0.686307
v -0.208629 -0.921827 0.642093
v 0.000000 -0.921827 0.675137
v 0.212080 -0.910794 0.652717
v 0.000000 -0.910794 0.686307
v 0.000000 -0.921827 0.675137
v 0.212080 -0.910794 0.652717
v 0.000000 -0.921827 0.675137
v 0.208629 -0.921827 0.642093
v 0.403401 -0.910794 0.555234
v 0.212080 -0.910794 0.652717
v 0.208629 -0.921827 0.642093
v 0.403401 -0.910794 0.555234
v 0.208629 -0.921827 0.642093
v 0.396835 -0.921827 0.546197
v 0.555234 -0.910794 0.403401
v 0.403401 -0.910794 0.555234
v 0.396835 -0.921827 0.546197
v 0.555234 -0.910794 0.403401
v 0.396835 -0.921827 0.546197
v 0.546197 -0.921827 0.396835
v 0.652717 -0.910794 0.212080
v 0.555234 -0.910794 0.403401
v 0.546197 -0.921827 0.396835
v 0.652717 -0.910794 0.212080
v 0.546197 -0.921827 0.396835
v 0.642093 -0.921827 0.208629
v 0.675137 -0.921827 -0.000000
v 0.686307 -0.910794 -0.000000
v 0.652717 -0.910794 0.212080
v 0.675137 -0.921827 -0.000000
v 0.652717 -0.910794 0.212080
v 0.642093 -0.921827 0.208629
vt 0.825762 0.693569
vt 0.804278 0.729223
vt 0.816637 0.692161
vt 0.825762 0.651783
vt 0.825762 0.693569
vt 0.816637 0.692161
vt 0.825762 0.651783
vt 0.816637 0.692161
vt 0.816637 0.653191
vt 0.812510 0.612042
vt 0.825762 0.651783
vt 0.816637 0.653191
vt 0.812510 0.612042
vt 0.816637 0.653191
vt 0.804278 0.616129
vt 0.787302 0.578237
vt 0.812510 0.612042
vt 0.804278 0.616129
vt 0.787302 0.578237
vt 0.804278 0.616129
vt 0.780770 0.584602
vt 0.752607 0.553676
vt 0.787302 0.578237
vt 0.780770 0.584602
vt 0.752607 0.553676
vt 0.780770 0.584602
vt 0.748413 0.561696
vt 0.711821 0.540764
vt 0.752607 0.553676
vt 0.748413 0.561696
vt 0.711821 0.540764
vt 0.748413 0.561696
vt 0.710375 0.549654
vt 0.668935 0.540764
vt 0.711821 0.540764
vt 0.710375 0.549654
vt 0.668935 0.540764
vt 0.710375 0.549654
vt 0.670380 0.549654
vt 0.628149 0.553676
vt 0.668935 0.540764
vt 0.670380 0.549654
vt 0.628149 0.553676
vt 0.670380 0.549654
vt 0.632343 0.561696
vt 0.593454 0.578237
vt 0.628149 0.553676
vt 0.632343 0.561696
vt 0.593454 0.578237
vt 0.632343 0.561696
vt 0.599986 0.584602
vt 0.568246 0.612043
vt 0.593454 0.578237
vt 0.599986 0.584602
vt 0.568246 0.612043
vt 0.599986 0.584602
vt 0.576478 0.616129
vt 0.554994 0.651783
vt 0.568246 0.612043
vt 0.576478 0.616129
vt 0.554994 0.651783
vt 0.576478 0.616129
vt 0.564119 0.653192
vt 0.554994 0.693569
vt 0.554994 0.651783
vt 0.564119 0.653192
vt 0.554994 0.693569
vt 0.564119 0.653192
vt 0.564119 0.692161
vt 0.568246 0.733310
vt 0.554994 0.693569
vt 0.564119 0.692161
vt 0.568246 0.733310
vt 0.564119 0.692161
vt 0.576478 0.729223
vt 0.593454 0.767115
vt 0.568246 0.733310
vt 0.576478 0.729223
vt 0.593454 0.767115
vt 0.576478 0.729223
vt 0.599986 0.760750
vt 0.628149 0.791676
vt 0.593454 0.767115
vt 0.599986 0.760750
vt 0.628149 0.791676
vt 0.599986 0.760750
vt 0.632343 0.783656
vt 0.668935 0.804589
vt 0.628149 0.791676
vt 0.632343 0.783656
vt 0.668935 0.804589
vt 0.632343 0.783656
vt 0.670380 0.795698
vt 0.711821 0.804589
vt 0.668935 0.804589
vt 0.670380 0.795698
vt 0.711821 0.804589
vt 0.670380 0.795698
vt 0.710376 0.795698
vt 0.752607 0.791676
vt 0.711821 0.804589
vt 0.710376 0.795698
vt 0.752607 0.791676
vt 0.710376 0.795698
vt 0.748413 0.783656
vt 0.787302 0.767115
vt 0.752607 0.791676
vt 0.748413 0.783656
vt 0.787302 0.767115
vt 0.748413 0.783656
vt 0.780770 0.760750
vt 0.812510 0.733310
vt 0.787302 0.767115
vt 0.780770 0.760750
vt 0.812510 0.733310
vt 0.780770 0.760750
vt 0.804278 0.729223
vt 0.825762 0.693569
vt 0.812510 0.733310
vt 0.804278 0.729223
vt 0.812510 0.733310
vt 0.825762 0.693569
vt 0.831826 0.694505
vt 0.812510 0.733310
vt 0.831826 0.694505
vt 0.817980 0.736025
vt 0.825762 0.693569
vt 0.831826 0.650848
vt 0.831826 0.694505
vt 0.825762 0.693569
vt 0.825762 0.651783
vt 0.831826 0.650848
vt 0.825762 0.651783
vt 0.817980 0.609327
vt 0.831826 0.650848
vt 0.825762 0.651783
vt 0.812510 0.612042
vt 0.817980 0.609327
vt 0.812510 0.612042
vt 0.787302 0.578237
vt 0.791643 0.574007
vt 0.812510 0.612042
vt 0.791643 0.574007
vt 0.817980 0.609327
vt 0.755394 0.548347
vt 0.791643 0.574007
vt 0.787302 0.578237
vt 0.755394 0.548347
vt 0.787302 0.578237
vt 0.752607 0.553676
vt 0.755394 0.548347
vt 0.752607 0.553676
vt 0.711821 0.540764
vt 0.755394 0.548347
vt 0.711821 0.540764
vt 0.712781 0.534856
vt 0.711821 0.540764
vt 0.668935 0.540764
vt 0.667975 0.534856
vt 0.711821 0.540764
vt 0.667975 0.534856
vt 0.712781 0.534856
vt 0.668935 0.540764
vt 0.625362 0.548347
vt 0.667975 0.534856
vt 0.668935 0.540764
vt 0.628149 0.553676
vt 0.625362 0.548347
vt 0.628149 0.553676
vt 0.589113 0.574008
vt 0.625362 0.548347
vt 0.628149 0.553676
vt 0.593454 0.578237
vt 0.589113 0.574008
vt 0.593454 0.578237
vt 0.568246 0.612043
vt 0.562777 0.609327
vt 0.593454 0.578237
vt 0.562777 0.609327
vt 0.589113 0.574008
vt 0.568246 0.612043
vt 0.548931 0.650848
vt 0.562777 0.609327
vt 0.568246 0.612043
vt 0.554994 0.651783
vt 0.548931 0.650848
vt 0.554994 0.651783
vt 0.554994 0.693569
vt 0.548931 0.694505
vt 0.554994 0.651783
vt 0.548931 0.694505
vt 0.548931 0.650848
vt 0.554994 0.693569
vt 0.562777 0.736026
vt 0.548931 0.694505
vt 0.554994 0.693569
vt 0.568246 0.733310
vt 0.562777 0.736026
vt 0.568246 0.733310
vt 0.589113 0.771345
vt 0.562777 0.736026
vt 0.568246 0.733310
vt 0.593454 0.767115
vt 0.589113 0.771345
vt 0.593454 0.767115
vt 0.628149 0.791676
vt 0.625362 0.797006
vt 0.593454 0.767115
vt 0.625362 0.797006
vt 0.589113 0.771345
vt 0.628149 0.791676
vt 0.667975 0.810497
vt 0.625362 0.797006
vt 0.628149 0.791676
vt 0.668935 0.804589
vt 0.667975 0.810497
vt 0.668935 0.804589
vt 0.711821 0.804589
vt 0.712781 0.810497
vt 0.668935 0.804589
vt 0.712781 0.810497
vt 0.667975 0.810497
vt 0.711821 0.804589
vt 0.755394 0.797006
vt 0.712781 0.810497
vt 0.711821 0.804589
vt 0.752607 0.791676
vt 0.755394 0.797006
vt 0.752607 0.791676
vt 0.787302 0.767115
vt 0.791643 0.771345
vt 0.752607 0.791676
vt 0.791643 0.771345
vt 0.755394 0.797006
vt 0.787302 0.767115
vt 0.812510 0.733310
vt 0.817980 0.736025
vt 0.787302 0.767115
vt 0.817980 0.736025
vt 0.791643 0.771345
vt 0.172452 0.991372
vt 0.217777 0.991372
vt 0.219591 0.942708
vt 0.172452 0.991372
vt 0.219591 0.942708
vt 0.170651 0.942708
vt 0.217777 0.991372
vt 0.266060 0.945769
vt 0.219591 0.942708
vt 0.217777 0.991372
vt 0.260814 0.994207
vt 0.266060 0.945769
vt 0.129276 0.994207
vt 0.172452 0.991372
vt 0.170651 0.942708
vt 0.129276 0.994207
vt 0.170651 0.942708
vt 0.124030 0.945769
vt 0.092474 0.999599
vt 0.129276 0.994207
vt 0.124030 0.945769
vt 0.092474 0.999599
vt 0.124030 0.945769
vt 0.084293 0.951592
vt 0.260814 0.994207
vt 0.305510 0.951592
vt 0.266060 0.945769
vt 0.260814 0.994207
vt 0.297349 0.999599
vt 0.305510 0.951592
vt 0.674587 0.188488
vt 0.629262 0.188488
vt 0.627448 0.139824
vt 0.674587 0.188488
vt 0.627448 0.139824
vt 0.676389 0.139824
vt 0.717764 0.191322
vt 0.674587 0.188488
vt 0.676389 0.139824
vt 0.717764 0.191322
vt 0.676389 0.139824
vt 0.723009 0.142885
vt 0.629262 0.188488
vt 0.580979 0.142885
vt 0.627448 0.139824
vt 0.629262 0.188488
vt 0.586226 0.191322
vt 0.580979 0.142885
vt 0.754565 0.196715
vt 0.717764 0.191322
vt 0.723009 0.142885
vt 0.754565 0.196715
vt 0.723009 0.142885
vt 0.762747 0.148707
vt 0.586226 0.191322
vt 0.541530 0.148707
vt 0.580979 0.142885
vt 0.586226 0.191322
vt 0.549690 0.196715
vt 0.541530 0.148707
vt 0.415873 0.672462
vt 0.461198 0.672462
vt 0.463012 0.623798
vt 0.415873 0.672462
vt 0.463012 0.623798
vt 0.414072 0.623798
vt 0.461198 0.672462
vt 0.509481 0.626859
vt 0.463012 0.623798
vt 0.461198 0.672462
vt 0.504235 0.675297
vt 0.509481 0.626859
vt 0.372697 0.675297
vt 0.415873 0.672462
vt 0.414072 0.623798
vt 0.372697 0.675297
vt 0.414072 0.623798
vt 0.367451 0.626859
vt 0.335895 0.680689
vt 0.372697 0.675297
vt 0.367451 0.626859
vt 0.335895 0.680689
vt 0.367451 0.626859
vt 0.327714 0.632681
vt 0.504235 0.675297
vt 0.548931 0.632681
vt 0.509481 0.626859
vt 0.504235 0.675297
vt 0.540770 0.680689
vt 0.548931 0.632681
vt 0.768337 0.978552
vt 0.723012 0.978552
vt 0.721199 0.929888
vt 0.768337 0.978552
vt 0.721199 0.929888
vt 0.770139 0.929888
vt 0.723012 0.978552
vt 0.674729 0.932949
vt 0.721199 0.929888
vt 0.723012 0.978552
vt 0.679976 0.981387
vt 0.674729 0.932949
vt 0.811514 0.981387
vt 0.768337 0.978552
vt 0.770139 0.929888
vt 0.811514 0.981387
vt 0.770139 0.929888
vt 0.816760 0.932949
vt 0.848316 0.986779
vt 0.811514 0.981387
vt 0.816760 0.932949
vt 0.848316 0.986779
vt 0.816760 0.932949
vt 0.856497 0.938771
vt 0.679976 0.981387
vt 0.635280 0.938771
vt 0.674729 0.932949
vt 0.679976 0.981387
vt 0.643440 0.986779
vt 0.635280 0.938771
vt 0.855588 0.179367
vt 0.852559 0.145433
vt 0.831826 0.145433
vt 0.855588 0.179367
vt 0.831826 0.145433
vt 0.835163 0.182810
vt 0.864588 0.212295
vt 0.855588 0.179367
vt 0.835163 0.182810
vt 0.864588 0.212295
vt 0.835163 0.182810
vt 0.845075 0.219079
vt 0.879291 0.243241
vt 0.864588 0.212295
vt 0.845075 0.219079
vt 0.879291 0.243241
vt 0.845075 0.219079
vt 0.861269 0.253164
vt 0.899260 0.271286
vt 0.879291 0.243241
vt 0.861269 0.253164
vt 0.899260 0.271286
vt 0.861269 0.253164
vt 0.883265 0.284054
vt 0.852559 0.145433
vt 0.835163 0.108056
vt 0.831826 0.145433
vt 0.852559 0.145433
vt 0.855588 0.111498
vt 0.835163 0.108056
vt 0.855588 0.111498
vt 0.845075 0.071787
vt 0.835163 0.108056
vt 0.855588 0.111498
vt 0.864588 0.078570
vt 0.845075 0.071787
vt 0.864588 0.078570
vt 0.861269 0.037702
vt 0.845075 0.071787
vt 0.864588 0.078570
vt 0.879290 0.047624
vt 0.861269 0.037702
vt 0.879290 0.047624
vt 0.883265 0.006811
vt 0.861269 0.037702
vt 0.879290 0.047624
vt 0.899260 0.019579
vt 0.883265 0.006811
vt 0.760100 0.845022
vt 0.725097 0.845022
vt 0.723321 0.824920
vt 0.760100 0.845022
vt 0.723321 0.824920
vt 0.761876 0.824920
vt 0.725097 0.845022
vt 0.685339 0.831391
vt 0.723321 0.824920
vt 0.725097 0.845022
vt 0.690613 0.850897
vt 0.685339 0.831391
vt 0.690613 0.850897
vt 0.649054 0.844142
vt 0.685339 0.831391
vt 0.690613 0.850897
vt 0.657670 0.862473
vt 0.649054 0.844142
vt 0.794585 0.850897
vt 0.760100 0.845022
vt 0.761876 0.824920
vt 0.794585 0.850897
vt 0.761876 0.824920
vt 0.799859 0.831391
vt 0.657670 0.862473
vt 0.615543 0.862793
vt 0.649054 0.844142
vt 0.657670 0.862473
vt 0.627245 0.879407
vt 0.615543 0.862793
vt 0.827527 0.862473
vt 0.794585 0.850897
vt 0.799859 0.831391
vt 0.827527 0.862473
vt 0.799859 0.831391
vt 0.836143 0.844142
vt 0.857952 0.879407
vt 0.827527 0.862473
vt 0.836143 0.844142
vt 0.857952 0.879407
vt 0.836143 0.844142
vt 0.869655 0.862793
vt 0.893409 0.888716
vt 0.893409 0.848480
vt 0.875411 0.846185
vt 0.893409 0.888716
vt 0.875411 0.846185
vt 0.875411 0.890503
vt 0.893409 0.848480
vt 0.889180 0.803984
vt 0.875411 0.846185
vt 0.893409 0.848480
vt 0.905910 0.810166
vt 0.889180 0.803984
vt 0.905910 0.926933
vt 0.893409 0.888716
vt 0.875411 0.890503
vt 0.905910 0.926933
vt 0.875411 0.890503
vt 0.889180 0.932597
vt 0.929688 0.959392
vt 0.905910 0.926933
vt 0.889180 0.932597
vt 0.929688 0.959392
vt 0.889180 0.932597
vt 0.915370 0.968349
vt 0.905910 0.810166
vt 0.915370 0.768029
vt 0.889180 0.803984
vt 0.905910 0.810166
vt 0.929688 0.777523
vt 0.915370 0.768029
vt 0.476717 0.582911
vt 0.520810 0.568951
vt 0.523466 0.574031
vt 0.476717 0.582911
vt 0.523466 0.574031
vt 0.477632 0.588542
vt 0.430355 0.582911
vt 0.476717 0.582911
vt 0.477632 0.588542
vt 0.430355 0.582911
vt 0.477632 0.588542
vt 0.429440 0.588542
vt 0.520810 0.568951
vt 0.562455 0.546431
vt 0.523466 0.574031
vt 0.520810 0.568951
vt 0.558317 0.542399
vt 0.562455 0.546431
vt 0.558317 0.542399
vt 0.590782 0.508442
vt 0.562455 0.546431
vt 0.558317 0.542399
vt 0.585568 0.505853
vt 0.590782 0.508442
vt 0.585568 0.505853
vt 0.605674 0.463783
vt 0.590782 0.508442
vt 0.585568 0.505853
vt 0.599895 0.462891
vt 0.605674 0.463783
vt 0.599895 0.462891
vt 0.605674 0.416826
vt 0.605674 0.463783
vt 0.599895 0.462891
vt 0.599895 0.417718
vt 0.605674 0.416826
vt 0.599895 0.417718
vt 0.590782 0.372167
vt 0.605674 0.416826
vt 0.599895 0.417718
vt 0.585568 0.374756
vt 0.590782 0.372167
vt 0.585568 0.374756
vt 0.562455 0.334178
vt 0.590782 0.372167
vt 0.585568 0.374756
vt 0.558317 0.338210
vt 0.562455 0.334178
vt 0.558317 0.338210
vt 0.523466 0.306578
vt 0.562455 0.334178
vt 0.558317 0.338210
vt 0.520810 0.311658
vt 0.523466 0.306578
vt 0.520810 0.311658
vt 0.477632 0.292067
vt 0.523466 0.306578
vt 0.520810 0.311658
vt 0.476717 0.297698
vt 0.477632 0.292067
vt 0.476717 0.297698
vt 0.429440 0.292067
vt 0.477632 0.292067
vt 0.476717 0.297698
vt 0.430355 0.297698
vt 0.429440 0.292067
vt 0.430355 0.297698
vt 0.383606 0.306578
vt 0.429440 0.292067
vt 0.430355 0.297698
vt 0.386262 0.311658
vt 0.383606 0.306578
vt 0.386262 0.311658
vt 0.344617 0.334178
vt 0.383606 0.306578
vt 0.386262 0.311658
vt 0.348755 0.338210
vt 0.344617 0.334178
vt 0.348755 0.338210
vt 0.316290 0.372167
vt 0.344617 0.334178
vt 0.348755 0.338210
vt 0.321504 0.374756
vt 0.316290 0.372167
vt 0.321504 0.374756
vt 0.301398 0.416826
vt 0.316290 0.372167
vt 0.321504 0.374756
vt 0.307177 0.417718
vt 0.301398 0.416826
vt 0.307177 0.417718
vt 0.301398 0.463783
vt 0.301398 0.416826
vt 0.307177 0.417718
vt 0.307177 0.462891
vt 0.301398 0.463783
vt 0.307177 0.462891
vt 0.316290 0.508442
vt 0.301398 0.463783
vt 0.307177 0.462891
vt 0.321504 0.505853
vt 0.316290 0.508442
vt 0.321504 0.505853
vt 0.344617 0.546431
vt 0.316290 0.508442
vt 0.321504 0.505853
vt 0.348755 0.542399
vt 0.344617 0.546431
vt 0.348755 0.542399
vt 0.383606 0.574031
vt 0.344617 0.546431
vt 0.348755 0.542399
vt 0.386262 0.568951
vt 0.383606 0.574031
vt 0.386262 0.568951
vt 0.429440 0.588542
vt 0.383606 0.574031
vt 0.386262 0.568951
vt 0.430355 0.582911
vt 0.429440 0.588542
vt 0.669931 0.268911
vt 0.634346 0.268911
vt 0.627326 0.312099
vt 0.669931 0.268911
vt 0.627326 0.312099
vt 0.676951 0.312099
vt 0.703775 0.258196
vt 0.669931 0.268911
vt 0.676951 0.312099
vt 0.703775 0.258196
vt 0.676951 0.312099
vt 0.724147 0.297157
vt 0.732564 0.237816
vt 0.703775 0.258196
vt 0.724147 0.297157
vt 0.732564 0.237816
vt 0.724147 0.297157
vt 0.764295 0.268736
vt 0.753481 0.209765
vt 0.732564 0.237816
vt 0.764295 0.268736
vt 0.753481 0.209765
vt 0.764295 0.268736
vt 0.793464 0.229618
vt 0.764477 0.176789
vt 0.753481 0.209765
vt 0.793464 0.229618
vt 0.764477 0.176789
vt 0.793464 0.229618
vt 0.808799 0.183632
vt 0.764477 0.142116
vt 0.764477 0.176789
vt 0.808799 0.183632
vt 0.764477 0.142116
vt 0.808799 0.183632
vt 0.808799 0.135279
vt 0.753481 0.109140
vt 0.764477 0.142116
vt 0.808799 0.135279
vt 0.753481 0.109140
vt 0.808799 0.135279
vt 0.793464 0.089292
vt 0.732564 0.081089
vt 0.753481 0.109140
vt 0.793464 0.089292
vt 0.732564 0.081089
vt 0.793464 0.089292
vt 0.764295 0.050174
vt 0.703775 0.060708
vt 0.732564 0.081089
vt 0.764295 0.050174
vt 0.703775 0.060708
vt 0.764295 0.050174
vt 0.724147 0.021753
vt 0.669931 0.049994
vt 0.703775 0.060708
vt 0.724147 0.021753
vt 0.669931 0.049994
vt 0.724147 0.021753
vt 0.676951 0.006811
vt 0.634346 0.049994
vt 0.669931 0.049994
vt 0.676951 0.006811
vt 0.634346 0.049994
vt 0.676951 0.006811
vt 0.627326 0.006811
vt 0.600502 0.060708
vt 0.634346 0.049994
vt 0.627326 0.006811
vt 0.600502 0.060708
vt 0.627326 0.006811
vt 0.580129 0.021753
vt 0.571712 0.081088
vt 0.600502 0.060708
vt 0.580129 0.021753
vt 0.571712 0.081088
vt 0.580129 0.021753
vt 0.539981 0.050174
vt 0.550796 0.109140
vt 0.571712 0.081088
vt 0.539981 0.050174
vt 0.550796 0.109140
vt 0.539981 0.050174
vt 0.510812 0.089292
vt 0.539799 0.142116
vt 0.550796 0.109140
vt 0.510812 0.089292
vt 0.539799 0.142116
vt 0.510812 0.089292
vt 0.495477 0.135279
vt 0.495477 0.183632
vt 0.539799 0.142116
vt 0.495477 0.135279
vt 0.495477 0.183632
vt 0.539799 0.176789
vt 0.539799 0.142116
vt 0.495477 0.183632
vt 0.550796 0.209765
vt 0.539799 0.176789
vt 0.495477 0.183632
vt 0.510812 0.229618
vt 0.550796 0.209765
vt 0.571712 0.237816
vt 0.550796 0.209765
vt 0.510812 0.229618
vt 0.571712 0.237816
vt 0.510812 0.229618
vt 0.539981 0.268736
vt 0.600502 0.258196
vt 0.571712 0.237816
vt 0.539981 0.268736
vt 0.600502 0.258196
vt 0.539981 0.268736
vt 0.580129 0.297157
vt 0.634346 0.268911
vt 0.600502 0.258196
vt 0.580129 0.297157
vt 0.634346 0.268911
vt 0.580129 0.297157
vt 0.627326 0.312099
vt 0.054605 0.648747
vt 0.054605 0.614074
vt 0.010280 0.607234
vt 0.054605 0.648747
vt 0.010280 0.607234
vt 0.010280 0.655587
vt 0.065601 0.681723
vt 0.054605 0.648747
vt 0.010280 0.655587
vt 0.065601 0.681723
vt 0.010280 0.655587
vt 0.025615 0.701573
vt 0.086518 0.709774
vt 0.065601 0.681723
vt 0.025615 0.701573
vt 0.086518 0.709774
vt 0.025615 0.701573
vt 0.054784 0.740691
vt 0.115307 0.730154
vt 0.086518 0.709774
vt 0.054784 0.740691
vt 0.115307 0.730154
vt 0.054784 0.740691
vt 0.094932 0.769113
vt 0.149151 0.740869
vt 0.115307 0.730154
vt 0.094932 0.769113
vt 0.149151 0.740869
vt 0.094932 0.769113
vt 0.142128 0.784054
vt 0.184737 0.740869
vt 0.149151 0.740869
vt 0.142128 0.784054
vt 0.184737 0.740869
vt 0.142128 0.784054
vt 0.191754 0.784054
vt 0.218580 0.730154
vt 0.184737 0.740869
vt 0.191754 0.784054
vt 0.218580 0.730154
vt 0.191754 0.784054
vt 0.238950 0.769113
vt 0.247370 0.709774
vt 0.218580 0.730154
vt 0.238950 0.769113
vt 0.247370 0.709774
vt 0.238950 0.769113
vt 0.279098 0.740691
vt 0.268286 0.681723
vt 0.247370 0.709774
vt 0.279098 0.740691
vt 0.268286 0.681723
vt 0.279098 0.740691
vt 0.308267 0.701573
vt 0.279283 0.648747
vt 0.268286 0.681723
vt 0.308267 0.701573
vt 0.279283 0.648747
vt 0.308267 0.701573
vt 0.323602 0.655587
vt 0.279283 0.614074
vt 0.279283 0.648747
vt 0.323602 0.655587
vt 0.279283 0.614074
vt 0.323602 0.655587
vt 0.323602 0.607234
vt 0.268286 0.581098
vt 0.279283 0.614074
vt 0.323602 0.607234
vt 0.268286 0.581098
vt 0.323602 0.607234
vt 0.308267 0.561248
vt 0.247370 0.553047
vt 0.268286 0.581098
vt 0.308267 0.561248
vt 0.247370 0.553047
vt 0.308267 0.561248
vt 0.279098 0.522129
vt 0.218580 0.532666
vt 0.247370 0.553047
vt 0.279098 0.522129
vt 0.218580 0.532666
vt 0.279098 0.522129
vt 0.238950 0.493708
vt 0.184737 0.521952
vt 0.218580 0.532666
vt 0.238950 0.493708
vt 0.184737 0.521952
vt 0.238950 0.493708
vt 0.191754 0.478766
vt 0.142128 0.478766
vt 0.184737 0.521952
vt 0.191754 0.478766
vt 0.142128 0.478766
vt 0.149151 0.521952
vt 0.184737 0.521952
vt 0.142128 0.478766
vt 0.115307 0.532666
vt 0.149151 0.521952
vt 0.142128 0.478766
vt 0.094932 0.493708
vt 0.115307 0.532666
vt 0.086518 0.553047
vt 0.115307 0.532666
vt 0.094932 0.493708
vt 0.086518 0.553047
vt 0.094932 0.493708
vt 0.054784 0.522129
vt 0.065601 0.581098
vt 0.086518 0.553047
vt 0.054784 0.522129
vt 0.065601 0.581098
vt 0.054784 0.522129
vt 0.025615 0.561247
vt 0.054605 0.614074
vt 0.065601 0.581098
vt 0.025615 0.561247
vt 0.054605 0.614074
vt 0.025615 0.561247
vt 0.010280 0.607234
vt 0.487869 0.921875
vt 0.435653 0.970625
vt 0.487868 0.970625
vt 0.487869 0.921875
vt 0.435655 0.921875
vt 0.435653 0.970625
vt 0.537670 0.921919
vt 0.487869 0.921875
vt 0.487868 0.970625
vt 0.537670 0.921919
vt 0.487868 0.970625
vt 0.537669 0.970669
vt 0.435655 0.921875
vt 0.386135 0.970669
vt 0.435653 0.970625
vt 0.435655 0.921875
vt 0.386136 0.921919
vt 0.386135 0.970669
vt 0.580181 0.922003
vt 0.537670 0.921919
vt 0.537669 0.970669
vt 0.580181 0.922003
vt 0.537669 0.970669
vt 0.580180 0.970753
vt 0.386136 0.921919
vt 0.344161 0.970753
vt 0.386135 0.970669
vt 0.386136 0.921919
vt 0.344162 0.922003
vt 0.344161 0.970753
vt 0.420863 0.917466
vt 0.420844 0.868990
vt 0.473055 0.868990
vt 0.420863 0.917466
vt 0.473055 0.868990
vt 0.473074 0.917466
vt 0.371065 0.918157
vt 0.420844 0.868990
vt 0.420863 0.917466
vt 0.371065 0.918157
vt 0.371046 0.869681
vt 0.420844 0.868990
vt 0.473055 0.868990
vt 0.522587 0.918157
vt 0.473074 0.917466
vt 0.473055 0.868990
vt 0.522568 0.869681
vt 0.522587 0.918157
vt 0.371065 0.918157
vt 0.328536 0.870995
vt 0.371046 0.869681
vt 0.371065 0.918157
vt 0.328555 0.919471
vt 0.328536 0.870995
vt 0.522568 0.869681
vt 0.564556 0.919471
vt 0.522587 0.918157
vt 0.522568 0.869681
vt 0.564537 0.870995
vt 0.564556 0.919471
vt 0.155223 0.889824
vt 0.207439 0.938574
vt 0.155224 0.938574
vt 0.155223 0.889824
vt 0.207438 0.889824
vt 0.207439 0.938574
vt 0.207438 0.889824
vt 0.256957 0.938618
vt 0.207439 0.938574
vt 0.207438 0.889824
vt 0.256956 0.889868
vt 0.256957 0.938618
vt 0.105422 0.889868
vt 0.155223 0.889824
vt 0.155224 0.938574
vt 0.105422 0.889868
vt 0.155224 0.938574
vt 0.105424 0.938618
vt 0.062911 0.889952
vt 0.105422 0.889868
vt 0.105424 0.938618
vt 0.062911 0.889952
vt 0.105424 0.938618
vt 0.062912 0.938702
vt 0.256956 0.889868
vt 0.298931 0.938702
vt 0.256957 0.938618
vt 0.256956 0.889868
vt 0.298930 0.889952
vt 0.298931 0.938702
vt 0.778165 0.880208
vt 0.725949 0.928959
vt 0.778164 0.928959
vt 0.778165 0.880208
vt 0.725950 0.880208
vt 0.725949 0.928959
vt 0.725950 0.880208
vt 0.676431 0.929003
vt 0.725949 0.928959
vt 0.725950 0.880208
vt 0.676433 0.880252
vt 0.676431 0.929003
vt 0.827966 0.880252
vt 0.778165 0.880208
vt 0.778164 0.928959
vt 0.827966 0.880252
vt 0.778164 0.928959
vt 0.827965 0.929003
vt 0.870477 0.880336
vt 0.827966 0.880252
vt 0.827965 0.929003
vt 0.870477 0.880336
vt 0.827965 0.929003
vt 0.870476 0.929087
vt 0.676433 0.880252
vt 0.634457 0.929087
vt 0.676431 0.929003
vt 0.676433 0.880252
vt 0.634458 0.880336
vt 0.634457 0.929087
vt 0.056687 0.135469
vt 0.053244 0.176317
vt 0.065420 0.139804
vt 0.081649 0.101992
vt 0.056687 0.135469
vt 0.065420 0.139804
vt 0.081649 0.101992
vt 0.065420 0.139804
vt 0.088580 0.108745
vt 0.116007 0.077669
vt 0.081649 0.101992
vt 0.088580 0.108745
vt 0.116007 0.077669
vt 0.088580 0.108745
vt 0.120457 0.086178
vt 0.156397 0.064882
vt 0.116007 0.077669
vt 0.120457 0.086178
vt 0.156397 0.064882
vt 0.120457 0.086178
vt 0.157930 0.074315
vt 0.198866 0.064882
vt 0.156397 0.064882
vt 0.157930 0.074315
vt 0.198866 0.064882
vt 0.157930 0.074315
vt 0.197332 0.074315
vt 0.198866 0.064882
vt 0.197332 0.074315
vt 0.234806 0.086178
vt 0.198866 0.064882
vt 0.234806 0.086178
vt 0.239256 0.077669
vt 0.273614 0.101991
vt 0.239256 0.077669
vt 0.234806 0.086178
vt 0.273614 0.101991
vt 0.234806 0.086178
vt 0.266683 0.108744
vt 0.298576 0.135468
vt 0.273614 0.101991
vt 0.266683 0.108744
vt 0.298576 0.135468
vt 0.266683 0.108744
vt 0.289843 0.139804
vt 0.311700 0.174823
vt 0.298576 0.135468
vt 0.289843 0.139804
vt 0.311700 0.174823
vt 0.289843 0.139804
vt 0.302019 0.176317
vt 0.311700 0.216203
vt 0.311700 0.174823
vt 0.302019 0.176317
vt 0.311700 0.216203
vt 0.302019 0.176317
vt 0.302019 0.214709
vt 0.298576 0.255557
vt 0.311700 0.216203
vt 0.302019 0.214709
vt 0.298576 0.255557
vt 0.302019 0.214709
vt 0.289843 0.251221
vt 0.273614 0.289034
vt 0.298576 0.255557
vt 0.289843 0.251221
vt 0.273614 0.289034
vt 0.289843 0.251221
vt 0.266683 0.282281
vt 0.239256 0.313357
vt 0.273614 0.289034
vt 0.266683 0.282281
vt 0.239256 0.313357
vt 0.266683 0.282281
vt 0.234806 0.304847
vt 0.198866 0.326144
vt 0.239256 0.313357
vt 0.234806 0.304847
vt 0.198866 0.326144
vt 0.234806 0.304847
vt 0.197333 0.316711
vt 0.156397 0.326144
vt 0.198866 0.326144
vt 0.197333 0.316711
vt 0.156397 0.326144
vt 0.197333 0.316711
vt 0.157930 0.316711
vt 0.116007 0.313357
vt 0.156397 0.326144
vt 0.157930 0.316711
vt 0.116007 0.313357
vt 0.157930 0.316711
vt 0.120457 0.304847
vt 0.081649 0.289034
vt 0.116007 0.313357
vt 0.120457 0.304847
vt 0.081649 0.289034
vt 0.120457 0.304847
vt 0.088580 0.282281
vt 0.056687 0.255557
vt 0.081649 0.289034
vt 0.088580 0.282281
vt 0.056687 0.255557
vt 0.088580 0.282281
vt 0.065420 0.251222
vt 0.043563 0.216203
vt 0.056687 0.255557
vt 0.065420 0.251222
vt 0.043563 0.216203
vt 0.065420 0.251222
vt 0.053244 0.214709
vt 0.043563 0.174823
vt 0.043563 0.216203
vt 0.053244 0.214709
vt 0.043563 0.174823
vt 0.053244 0.214709
vt 0.053244 0.176317
vt 0.056687 0.135469
vt 0.043563 0.174823
vt 0.053244 0.176317
vt 0.311700 0.216203
vt 0.298576 0.255557
vt 0.303378 0.257941
vt 0.311700 0.216203
vt 0.303378 0.257941
vt 0.317023 0.217024
vt 0.298576 0.255557
vt 0.277425 0.292747
vt 0.303378 0.257941
vt 0.298576 0.255557
vt 0.273614 0.289034
vt 0.277425 0.292747
vt 0.273614 0.289034
vt 0.239256 0.313357
vt 0.241703 0.318035
vt 0.273614 0.289034
vt 0.241703 0.318035
vt 0.277425 0.292747
vt 0.239256 0.313357
vt 0.199709 0.331330
vt 0.241703 0.318035
vt 0.239256 0.313357
vt 0.198866 0.326144
vt 0.199709 0.331330
vt 0.198866 0.326144
vt 0.155554 0.331330
vt 0.199709 0.331330
vt 0.198866 0.326144
vt 0.156397 0.326144
vt 0.155554 0.331330
vt 0.156397 0.326144
vt 0.116007 0.313357
vt 0.113560 0.318035
vt 0.156397 0.326144
vt 0.113560 0.318035
vt 0.155554 0.331330
vt 0.116007 0.313357
vt 0.081649 0.289034
vt 0.077838 0.292747
vt 0.116007 0.313357
vt 0.077838 0.292747
vt 0.113560 0.318035
vt 0.081649 0.289034
vt 0.056687 0.255557
vt 0.051885 0.257941
vt 0.081649 0.289034
vt 0.051885 0.257941
vt 0.077838 0.292747
vt 0.056687 0.255557
vt 0.038240 0.217024
vt 0.051885 0.257941
vt 0.056687 0.255557
vt 0.043563 0.216203
vt 0.038240 0.217024
vt 0.043563 0.216203
vt 0.038240 0.174002
vt 0.038240 0.217024
vt 0.043563 0.216203
vt 0.043563 0.174823
vt 0.038240 0.174002
vt 0.043563 0.174823
vt 0.056687 0.135469
vt 0.051885 0.133084
vt 0.043563 0.174823
vt 0.051885 0.133084
vt 0.038240 0.174002
vt 0.056687 0.135469
vt 0.081649 0.101992
vt 0.077838 0.098278
vt 0.056687 0.135469
vt 0.077838 0.098278
vt 0.051885 0.133084
vt 0.081649 0.101992
vt 0.116007 0.077669
vt 0.113560 0.072990
vt 0.081649 0.101992
vt 0.113560 0.072990
vt 0.077838 0.098278
vt 0.116007 0.077669
vt 0.155554 0.059696
vt 0.113560 0.072990
vt 0.116007 0.077669
vt 0.156397 0.064882
vt 0.155554 0.059696
vt 0.156397 0.064882
vt 0.199709 0.059696
vt 0.155554 0.059696
vt 0.156397 0.064882
vt 0.198866 0.064882
vt 0.199709 0.059696
vt 0.198866 0.064882
vt 0.239256 0.077669
vt 0.241703 0.072990
vt 0.198866 0.064882
vt 0.241703 0.072990
vt 0.199709 0.059696
vt 0.239256 0.077669
vt 0.277425 0.098278
vt 0.241703 0.072990
vt 0.239256 0.077669
vt 0.273614 0.101991
vt 0.277425 0.098278
vt 0.273614 0.101991
vt 0.303378 0.133084
vt 0.277425 0.098278
vt 0.273614 0.101991
vt 0.298576 0.135468
vt 0.303378 0.133084
vt 0.298576 0.135468
vt 0.311700 0.174823
vt 0.317023 0.174001
vt 0.298576 0.135468
vt 0.317023 0.174001
vt 0.303378 0.133084
vt 0.311700 0.174823
vt 0.317023 0.217024
vt 0.317023 0.174001
vt 0.311700 0.174823
vt 0.311700 0.216203
vt 0.317023 0.217024
vt 0.939556 0.558502
vt 0.990837 0.512680
vt 0.990837 0.556627
vt 0.939556 0.558502
vt 0.939556 0.510816
vt 0.990837 0.512680
vt 0.939556 0.510816
vt 0.993852 0.470818
vt 0.990837 0.512680
vt 0.939556 0.510816
vt 0.942828 0.465395
vt 0.993852 0.470818
vt 0.942828 0.603783
vt 0.939556 0.558502
vt 0.990837 0.556627
vt 0.942828 0.603783
vt 0.990837 0.556627
vt 0.993852 0.598360
vt 0.942828 0.465395
vt 0.999589 0.435140
vt 0.993852 0.470818
vt 0.942828 0.465395
vt 0.949052 0.426683
vt 0.999589 0.435140
vt 0.949052 0.642228
vt 0.942828 0.603783
vt 0.993852 0.598360
vt 0.949052 0.642228
vt 0.993852 0.598360
vt 0.999589 0.633791
vt 0.196282 0.653947
vt 0.196282 0.609999
vt 0.145148 0.608111
vt 0.196282 0.653947
vt 0.145148 0.608111
vt 0.145148 0.655797
vt 0.147860 0.701237
vt 0.196282 0.653947
vt 0.145148 0.655797
vt 0.147860 0.701237
vt 0.198782 0.695825
vt 0.196282 0.653947
vt 0.147860 0.701237
vt 0.203536 0.731535
vt 0.198782 0.695825
vt 0.147860 0.701237
vt 0.153019 0.739984
vt 0.203536 0.731535
vt 0.147860 0.562849
vt 0.145148 0.608111
vt 0.196282 0.609999
vt 0.147860 0.562849
vt 0.196282 0.609999
vt 0.198782 0.568283
vt 0.153019 0.524439
vt 0.147860 0.562849
vt 0.198782 0.568283
vt 0.153019 0.524439
vt 0.198782 0.568283
vt 0.203536 0.532884
vt 0.932155 0.869399
vt 0.983435 0.823577
vt 0.983435 0.867525
vt 0.932155 0.869399
vt 0.932155 0.821714
vt 0.983435 0.823577
vt 0.932155 0.821714
vt 0.986451 0.781715
vt 0.983435 0.823577
vt 0.932155 0.821714
vt 0.935427 0.776292
vt 0.986451 0.781715
vt 0.935427 0.914680
vt 0.932155 0.869399
vt 0.983435 0.867525
vt 0.935427 0.914680
vt 0.983435 0.867525
vt 0.986451 0.909257
vt 0.935427 0.776292
vt 0.992188 0.746037
vt 0.986451 0.781715
vt 0.935427 0.776292
vt 0.941651 0.737580
vt 0.992188 0.746037
vt 0.941651 0.953125
vt 0.935427 0.914680
vt 0.986451 0.909257
vt 0.941651 0.953125
vt 0.986451 0.909257
vt 0.992188 0.944688
vt 0.929688 0.099351
vt 0.980968 0.145173
vt 0.980968 0.101225
vt 0.929688 0.099351
vt 0.929688 0.147036
vt 0.980968 0.145173
vt 0.929688 0.147036
vt 0.983984 0.187035
vt 0.980968 0.145173
vt 0.929688 0.147036
vt 0.932960 0.192458
vt 0.983984 0.187035
vt 0.932960 0.054070
vt 0.929688 0.099351
vt 0.980968 0.101225
vt 0.932960 0.054070
vt 0.980968 0.101225
vt 0.983984 0.059493
vt 0.932960 0.192458
vt 0.989720 0.222713
vt 0.983984 0.187035
vt 0.932960 0.192458
vt 0.939184 0.231170
vt 0.989720 0.222713
vt 0.939184 0.015625
vt 0.932960 0.054070
vt 0.983984 0.059493
vt 0.939184 0.015625
vt 0.983984 0.059493
vt 0.989720 0.024062
vt 0.458272 0.487580
vt 0.418224 0.510224
vt 0.458005 0.504498
vt 0.458272 0.487580
vt 0.415088 0.493796
vt 0.418224 0.510224
vt 0.501557 0.493796
vt 0.458272 0.487580
vt 0.458005 0.504498
vt 0.501557 0.493796
vt 0.458005 0.504498
vt 0.497880 0.510225
vt 0.415088 0.493796
vt 0.382430 0.526843
vt 0.418224 0.510224
vt 0.415088 0.493796
vt 0.376234 0.511836
vt 0.382430 0.526843
vt 0.540707 0.511836
vt 0.501557 0.493796
vt 0.497880 0.510225
vt 0.540707 0.511836
vt 0.497880 0.510225
vt 0.533946 0.526843
vt 0.886102 0.108344
vt 0.905228 0.144193
vt 0.905228 0.109814
vt 0.886102 0.108344
vt 0.886102 0.145663
vt 0.905228 0.144193
vt 0.886102 0.145663
vt 0.910790 0.178143
vt 0.905228 0.144193
vt 0.886102 0.145663
vt 0.892140 0.182517
vt 0.910790 0.178143
vt 0.892140 0.182517
vt 0.921775 0.210822
vt 0.910790 0.178143
vt 0.892140 0.182517
vt 0.904064 0.217991
vt 0.921775 0.210822
vt 0.904064 0.217991
vt 0.937911 0.241417
vt 0.921775 0.210822
vt 0.904064 0.217991
vt 0.921580 0.251202
vt 0.937911 0.241417
vt 0.892140 0.071489
vt 0.886102 0.108344
vt 0.905228 0.109814
vt 0.892140 0.071489
vt 0.905228 0.109814
vt 0.910790 0.075863
vt 0.904064 0.036016
vt 0.892140 0.071489
vt 0.910790 0.075863
vt 0.904064 0.036016
vt 0.910790 0.075863
vt 0.921775 0.043184
vt 0.921580 0.002804
vt 0.904064 0.036016
vt 0.921775 0.043184
vt 0.921580 0.002804
vt 0.921775 0.043184
vt 0.937911 0.012589
vt 0.003701 0.851362
vt 0.025941 0.885711
vt 0.023118 0.851362
vt 0.003701 0.851362
vt 0.006765 0.888649
vt 0.025941 0.885711
vt 0.006765 0.814076
vt 0.003701 0.851362
vt 0.023118 0.851362
vt 0.006765 0.814076
vt 0.023118 0.851362
vt 0.025942 0.817013
vt 0.015883 0.777717
vt 0.006765 0.814076
vt 0.025942 0.817013
vt 0.015883 0.777717
vt 0.025942 0.817013
vt 0.034341 0.783519
vt 0.030828 0.743189
vt 0.015883 0.777717
vt 0.034341 0.783519
vt 0.030828 0.743189
vt 0.034341 0.783519
vt 0.048109 0.751711
vt 0.006765 0.888649
vt 0.034341 0.919206
vt 0.025941 0.885711
vt 0.006765 0.888649
vt 0.015883 0.925008
vt 0.034341 0.919206
vt 0.015883 0.925008
vt 0.048109 0.951013
vt 0.034341 0.919206
vt 0.015883 0.925008
vt 0.030828 0.959535
vt 0.048109 0.951013
vt 0.494715 0.974760
vt 0.532006 0.994124
vt 0.496243 0.994124
vt 0.494715 0.974760
vt 0.533536 0.974760
vt 0.532006 0.994124
vt 0.533536 0.974760
vt 0.565884 0.999599
vt 0.532006 0.994124
vt 0.533536 0.974760
vt 0.570312 0.980703
vt 0.565884 0.999599
vt 0.457648 0.980703
vt 0.494715 0.974760
vt 0.496243 0.994124
vt 0.457648 0.980703
vt 0.496243 0.994124
vt 0.462096 0.999599
vt 0.309253 0.259058
vt 0.282002 0.295604
vt 0.286139 0.299636
vt 0.309253 0.259058
vt 0.286139 0.299636
vt 0.314466 0.261647
vt 0.282002 0.295604
vt 0.247151 0.327236
vt 0.286139 0.299636
vt 0.282002 0.295604
vt 0.244494 0.322156
vt 0.247151 0.327236
vt 0.244494 0.322156
vt 0.201317 0.341747
vt 0.247151 0.327236
vt 0.244494 0.322156
vt 0.200401 0.336116
vt 0.201317 0.341747
vt 0.200401 0.336116
vt 0.153124 0.341747
vt 0.201317 0.341747
vt 0.200401 0.336116
vt 0.154039 0.336116
vt 0.153124 0.341747
vt 0.107290 0.327236
vt 0.153124 0.341747
vt 0.154039 0.336116
vt 0.107290 0.327236
vt 0.154039 0.336116
vt 0.109946 0.322156
vt 0.107290 0.327236
vt 0.109946 0.322156
vt 0.072439 0.295604
vt 0.107290 0.327236
vt 0.072439 0.295604
vt 0.068301 0.299636
vt 0.072439 0.295604
vt 0.039974 0.261647
vt 0.068301 0.299636
vt 0.072439 0.295604
vt 0.045188 0.259058
vt 0.039974 0.261647
vt 0.045188 0.259058
vt 0.025082 0.216988
vt 0.039974 0.261647
vt 0.045188 0.259058
vt 0.030861 0.216096
vt 0.025082 0.216988
vt 0.030861 0.216096
vt 0.025082 0.170031
vt 0.025082 0.216988
vt 0.030861 0.216096
vt 0.030861 0.170923
vt 0.025082 0.170031
vt 0.030861 0.170923
vt 0.039974 0.125372
vt 0.025082 0.170031
vt 0.030861 0.170923
vt 0.045188 0.127961
vt 0.039974 0.125372
vt 0.045188 0.127961
vt 0.068301 0.087383
vt 0.039974 0.125372
vt 0.045188 0.127961
vt 0.072439 0.091415
vt 0.068301 0.087383
vt 0.072439 0.091415
vt 0.107290 0.059783
vt 0.068301 0.087383
vt 0.072439 0.091415
vt 0.109946 0.064863
vt 0.107290 0.059783
vt 0.109946 0.064863
vt 0.153124 0.045272
vt 0.107290 0.059783
vt 0.109946 0.064863
vt 0.154039 0.050903
vt 0.153124 0.045272
vt 0.154039 0.050903
vt 0.201317 0.045272
vt 0.153124 0.045272
vt 0.154039 0.050903
vt 0.200401 0.050903
vt 0.201317 0.045272
vt 0.200401 0.050903
vt 0.247151 0.059783
vt 0.201317 0.045272
vt 0.200401 0.050903
vt 0.244494 0.064863
vt 0.247151 0.059783
vt 0.244494 0.064863
vt 0.286139 0.087383
vt 0.247151 0.059783
vt 0.244494 0.064863
vt 0.282002 0.091415
vt 0.286139 0.087383
vt 0.282002 0.091415
vt 0.314466 0.125372
vt 0.286139 0.087383
vt 0.282002 0.091415
vt 0.309253 0.127961
vt 0.314466 0.125372
vt 0.309253 0.127961
vt 0.329359 0.170031
vt 0.314466 0.125372
vt 0.309253 0.127961
vt 0.323579 0.170923
vt 0.329359 0.170031
vt 0.323579 0.170923
vt 0.329359 0.216988
vt 0.329359 0.170031
vt 0.323579 0.170923
vt 0.323579 0.216096
vt 0.329359 0.216988
vt 0.323579 0.216096
vt 0.309253 0.259058
vt 0.314466 0.261647
vt 0.323579 0.216096
vt 0.314466 0.261647
vt 0.329359 0.216988
vt 0.678205 0.562901
vt 0.644883 0.573450
vt 0.695724 0.670673
vt 0.713243 0.562901
vt 0.678205 0.562901
vt 0.695724 0.670673
vt 0.746565 0.573450
vt 0.713243 0.562901
vt 0.695724 0.670673
vt 0.774911 0.593517
vt 0.746565 0.573450
vt 0.695724 0.670673
vt 0.795505 0.621136
vt 0.774911 0.593517
vt 0.695724 0.670673
vt 0.806332 0.653604
vt 0.795505 0.621136
vt 0.695724 0.670673
vt 0.806332 0.687743
vt 0.806332 0.653604
vt 0.695724 0.670673
vt 0.795505 0.720211
vt 0.806332 0.687743
vt 0.695724 0.670673
vt 0.774910 0.747830
vt 0.795505 0.720211
vt 0.695724 0.670673
vt 0.746565 0.767896
vt 0.774910 0.747830
vt 0.695724 0.670673
vt 0.713242 0.778446
vt 0.746565 0.767896
vt 0.695724 0.670673
vt 0.678205 0.778446
vt 0.713242 0.778446
vt 0.695724 0.670673
vt 0.644882 0.767896
vt 0.678205 0.778446
vt 0.695724 0.670673
vt 0.616537 0.747829
vt 0.644882 0.767896
vt 0.695724 0.670673
vt 0.595942 0.720210
vt 0.616537 0.747829
vt 0.695724 0.670673
vt 0.585115 0.687742
vt 0.595942 0.720210
vt 0.695724 0.670673
vt 0.585115 0.653603
vt 0.585115 0.687742
vt 0.695724 0.670673
vt 0.595942 0.621135
vt 0.585115 0.653603
vt 0.695724 0.670673
vt 0.616537 0.593516
vt 0.595942 0.621135
vt 0.695724 0.670673
vt 0.644883 0.573450
vt 0.616537 0.593516
vt 0.695724 0.670673
vt 0.923690 0.463523
vt 0.899213 0.496349
vt 0.900771 0.497866
vt 0.923690 0.463523
vt 0.900771 0.497866
vt 0.925653 0.464498
vt 0.899213 0.496349
vt 0.866524 0.522110
vt 0.900771 0.497866
vt 0.899213 0.496349
vt 0.865524 0.520198
vt 0.866524 0.522110
vt 0.865524 0.520198
vt 0.826265 0.534856
vt 0.866524 0.522110
vt 0.865524 0.520198
vt 0.825920 0.532736
vt 0.826265 0.534856
vt 0.825920 0.532736
vt 0.783933 0.534856
vt 0.826265 0.534856
vt 0.825920 0.532736
vt 0.784277 0.532736
vt 0.783933 0.534856
vt 0.784277 0.532736
vt 0.743674 0.522110
vt 0.783933 0.534856
vt 0.784277 0.532736
vt 0.744673 0.520198
vt 0.743674 0.522110
vt 0.710984 0.496349
vt 0.743674 0.522110
vt 0.744673 0.520198
vt 0.710984 0.496349
vt 0.709427 0.497866
vt 0.743674 0.522110
vt 0.710984 0.496349
vt 0.684545 0.464498
vt 0.709427 0.497866
vt 0.710984 0.496349
vt 0.686507 0.463523
vt 0.684545 0.464498
vt 0.686507 0.463523
vt 0.671464 0.425270
vt 0.684545 0.464498
vt 0.686507 0.463523
vt 0.673639 0.424935
vt 0.671464 0.425270
vt 0.673639 0.424935
vt 0.671464 0.384024
vt 0.671464 0.425270
vt 0.673639 0.424935
vt 0.673639 0.384360
vt 0.671464 0.384024
vt 0.673639 0.384360
vt 0.684545 0.344797
vt 0.671464 0.384024
vt 0.673639 0.384360
vt 0.686507 0.345771
vt 0.684545 0.344797
vt 0.686507 0.345771
vt 0.709427 0.311429
vt 0.684545 0.344797
vt 0.686507 0.345771
vt 0.710984 0.312946
vt 0.709427 0.311429
vt 0.710984 0.312946
vt 0.743673 0.287185
vt 0.709427 0.311429
vt 0.710984 0.312946
vt 0.744673 0.289097
vt 0.743673 0.287185
vt 0.744673 0.289097
vt 0.783933 0.274439
vt 0.743673 0.287185
vt 0.744673 0.289097
vt 0.784277 0.276558
vt 0.783933 0.274439
vt 0.784277 0.276558
vt 0.826264 0.274439
vt 0.783933 0.274439
vt 0.784277 0.276558
vt 0.825920 0.276558
vt 0.826264 0.274439
vt 0.825920 0.276558
vt 0.866524 0.287185
vt 0.826264 0.274439
vt 0.825920 0.276558
vt 0.865524 0.289097
vt 0.866524 0.287185
vt 0.865524 0.289097
vt 0.900771 0.311429
vt 0.866524 0.287185
vt 0.865524 0.289097
vt 0.899213 0.312946
vt 0.900771 0.311429
vt 0.899213 0.312946
vt 0.925653 0.344797
vt 0.900771 0.311429
vt 0.899213 0.312946
vt 0.923690 0.345771
vt 0.925653 0.344797
vt 0.923690 0.345771
vt 0.938734 0.384024
vt 0.925653 0.344797
vt 0.923690 0.345771
vt 0.936558 0.384360
vt 0.938734 0.384024
vt 0.936558 0.384360
vt 0.938734 0.425270
vt 0.938734 0.384024
vt 0.936558 0.384360
vt 0.936558 0.424935
vt 0.938734 0.425270
vt 0.936558 0.424935
vt 0.925653 0.464498
vt 0.938734 0.425270
vt 0.936558 0.424935
vt 0.923690 0.463523
vt 0.925653 0.464498
vt 0.848538 0.319444
vt 0.815216 0.308894
vt 0.797697 0.416667
vt 0.876884 0.339510
vt 0.848538 0.319444
vt 0.797697 0.416667
vt 0.897479 0.367129
vt 0.876884 0.339510
vt 0.797697 0.416667
vt 0.908306 0.399597
vt 0.897479 0.367129
vt 0.797697 0.416667
vt 0.908306 0.433736
vt 0.908306 0.399597
vt 0.797697 0.416667
vt 0.897479 0.466204
vt 0.908306 0.433736
vt 0.797697 0.416667
vt 0.876884 0.493823
vt 0.897479 0.466204
vt 0.797697 0.416667
vt 0.848539 0.513890
vt 0.876884 0.493823
vt 0.797697 0.416667
vt 0.815216 0.524439
vt 0.848539 0.513890
vt 0.797697 0.416667
vt 0.780179 0.524439
vt 0.815216 0.524439
vt 0.797697 0.416667
vt 0.746856 0.513890
vt 0.780179 0.524439
vt 0.797697 0.416667
vt 0.718511 0.493823
vt 0.746856 0.513890
vt 0.797697 0.416667
vt 0.697916 0.466204
vt 0.718511 0.493823
vt 0.797697 0.416667
vt 0.687089 0.433736
vt 0.697916 0.466204
vt 0.797697 0.416667
vt 0.687089 0.399597
vt 0.687089 0.433736
vt 0.797697 0.416667
vt 0.697916 0.367129
vt 0.687089 0.399597
vt 0.797697 0.416667
vt 0.718510 0.339510
vt 0.697916 0.367129
vt 0.797697 0.416667
vt 0.746856 0.319444
vt 0.718510 0.339510
vt 0.797697 0.416667
vt 0.780179 0.308894
vt 0.746856 0.319444
vt 0.797697 0.416667
vt 0.815216 0.308894
vt 0.780179 0.308894
vt 0.797697 0.416667
vt 0.363210 0.341076
vt 0.340290 0.375419
vt 0.364767 0.342593
vt 0.363210 0.341076
vt 0.338328 0.374445
vt 0.340290 0.375419
vt 0.338328 0.374445
vt 0.327422 0.414008
vt 0.340290 0.375419
vt 0.338328 0.374445
vt 0.325247 0.413672
vt 0.327422 0.414008
vt 0.397456 0.316832
vt 0.363210 0.341076
vt 0.364767 0.342593
vt 0.397456 0.316832
vt 0.364767 0.342593
vt 0.398456 0.318744
vt 0.437716 0.304087
vt 0.397456 0.316832
vt 0.398456 0.318744
vt 0.437716 0.304087
vt 0.398456 0.318744
vt 0.438061 0.306206
vt 0.480047 0.304087
vt 0.437716 0.304087
vt 0.438061 0.306206
vt 0.480047 0.304087
vt 0.438061 0.306206
vt 0.479703 0.306206
vt 0.520307 0.316832
vt 0.480047 0.304087
vt 0.479703 0.306206
vt 0.520307 0.316832
vt 0.479703 0.306206
vt 0.519307 0.318744
vt 0.552997 0.342593
vt 0.520307 0.316832
vt 0.519307 0.318744
vt 0.552997 0.342593
vt 0.554554 0.341076
vt 0.520307 0.316832
vt 0.552997 0.342593
vt 0.579435 0.374445
vt 0.554554 0.341076
vt 0.552997 0.342593
vt 0.577473 0.375419
vt 0.579435 0.374445
vt 0.592516 0.413672
vt 0.579435 0.374445
vt 0.577473 0.375419
vt 0.592516 0.413672
vt 0.577473 0.375419
vt 0.590342 0.414008
vt 0.592516 0.454918
vt 0.592516 0.413672
vt 0.590342 0.414008
vt 0.592516 0.454918
vt 0.590342 0.414008
vt 0.590341 0.454582
vt 0.579435 0.494145
vt 0.592516 0.454918
vt 0.590341 0.454582
vt 0.579435 0.494145
vt 0.590341 0.454582
vt 0.577473 0.493171
vt 0.554554 0.527514
vt 0.579435 0.494145
vt 0.577473 0.493171
vt 0.554554 0.527514
vt 0.577473 0.493171
vt 0.552996 0.525997
vt 0.520307 0.551758
vt 0.554554 0.527514
vt 0.552996 0.525997
vt 0.520307 0.551758
vt 0.552996 0.525997
vt 0.519307 0.549846
vt 0.480047 0.564503
vt 0.520307 0.551758
vt 0.519307 0.549846
vt 0.480047 0.564503
vt 0.519307 0.549846
vt 0.479703 0.562384
vt 0.437716 0.564503
vt 0.480047 0.564503
vt 0.479703 0.562384
vt 0.437716 0.564503
vt 0.479703 0.562384
vt 0.438060 0.562384
vt 0.397456 0.551758
vt 0.437716 0.564503
vt 0.438060 0.562384
vt 0.397456 0.551758
vt 0.438060 0.562384
vt 0.398456 0.549846
vt 0.363210 0.527514
vt 0.397456 0.551758
vt 0.398456 0.549846
vt 0.363210 0.527514
vt 0.398456 0.549846
vt 0.364767 0.525997
vt 0.338328 0.494145
vt 0.363210 0.527514
vt 0.364767 0.525997
vt 0.338328 0.494145
vt 0.364767 0.525997
vt 0.340290 0.493171
vt 0.325247 0.454918
vt 0.338328 0.494145
vt 0.340290 0.493171
vt 0.325247 0.454918
vt 0.340290 0.493171
vt 0.327422 0.454582
vt 0.325247 0.413672
vt 0.325247 0.454918
vt 0.327422 0.454582
vt 0.325247 0.413672
vt 0.327422 0.454582
vt 0.327422 0.414008
vt 0.203035 0.152575
vt 0.154317 0.239984
vt 0.155824 0.152575
vt 0.203035 0.152575
vt 0.204530 0.239984
vt 0.154317 0.239984
vt 0.248021 0.151218
vt 0.204530 0.239984
vt 0.203035 0.152575
vt 0.248021 0.151218
vt 0.252377 0.238541
vt 0.204530 0.239984
vt 0.155824 0.152575
vt 0.154317 0.239984
vt 0.106651 0.238541
vt 0.155824 0.152575
vt 0.106651 0.238541
vt 0.111009 0.151218
vt 0.286378 0.148638
vt 0.252377 0.238541
vt 0.248021 0.151218
vt 0.286378 0.148638
vt 0.293174 0.235797
vt 0.252377 0.238541
vt 0.111009 0.151218
vt 0.106651 0.238541
vt 0.066201 0.235797
vt 0.111009 0.151218
vt 0.066201 0.235797
vt 0.072977 0.148638
vt 0.849024 0.627492
vt 0.938734 0.674961
vt 0.849024 0.673492
vt 0.849024 0.627492
vt 0.938734 0.626034
vt 0.938734 0.674961
vt 0.847632 0.583659
vt 0.938734 0.626034
vt 0.849024 0.627492
vt 0.847632 0.583659
vt 0.937253 0.579414
vt 0.938734 0.626034
vt 0.849024 0.673492
vt 0.938734 0.674961
vt 0.937253 0.721404
vt 0.849024 0.673492
vt 0.937253 0.721404
vt 0.847632 0.717158
vt 0.844984 0.546286
vt 0.937253 0.579414
vt 0.847632 0.583659
vt 0.844984 0.546286
vt 0.934436 0.539663
vt 0.937253 0.579414
vt 0.847632 0.717158
vt 0.937253 0.721404
vt 0.934436 0.760817
vt 0.847632 0.717158
vt 0.934436 0.760817
vt 0.844984 0.754215
vt 0.491437 0.139335
vt 0.401727 0.091866
vt 0.491437 0.093335
vt 0.491437 0.139335
vt 0.401727 0.140792
vt 0.401727 0.091866
vt 0.491437 0.093335
vt 0.401727 0.091866
vt 0.403208 0.045423
vt 0.491437 0.093335
vt 0.403208 0.045423
vt 0.492829 0.049669
vt 0.492829 0.183168
vt 0.401727 0.140792
vt 0.491437 0.139335
vt 0.492829 0.183168
vt 0.403208 0.187413
vt 0.401727 0.140792
vt 0.495477 0.220541
vt 0.403208 0.187413
vt 0.492829 0.183168
vt 0.495477 0.220541
vt 0.406024 0.227163
vt 0.403208 0.187413
vt 0.492829 0.049669
vt 0.403208 0.045423
vt 0.406024 0.006010
vt 0.492829 0.049669
vt 0.406024 0.006010
vt 0.495477 0.012612
vt 0.170140 0.367318
vt 0.121422 0.454728
vt 0.122929 0.367318
vt 0.170140 0.367318
vt 0.171636 0.454728
vt 0.121422 0.454728
vt 0.122929 0.367318
vt 0.121422 0.454728
vt 0.073757 0.453285
vt 0.122929 0.367318
vt 0.073757 0.453285
vt 0.078114 0.365962
vt 0.215126 0.365962
vt 0.171636 0.454728
vt 0.170140 0.367318
vt 0.215126 0.365962
vt 0.219483 0.453285
vt 0.171636 0.454728
vt 0.253483 0.363381
vt 0.219483 0.453285
vt 0.215126 0.365962
vt 0.253483 0.363381
vt 0.260280 0.450540
vt 0.219483 0.453285
vt 0.078114 0.365962
vt 0.073757 0.453285
vt 0.033306 0.450540
vt 0.078114 0.365962
vt 0.033306 0.450540
vt 0.040082 0.363381
vt 0.482077 0.616689
vt 0.536367 0.599501
vt 0.538586 0.603746
vt 0.482077 0.616689
vt 0.538586 0.603746
vt 0.482842 0.621394
vt 0.424994 0.616689
vt 0.482077 0.616689
vt 0.482842 0.621394
vt 0.424994 0.616689
vt 0.482842 0.621394
vt 0.424230 0.621394
vt 0.536367 0.599501
vt 0.586005 0.570178
vt 0.538586 0.603746
vt 0.536367 0.599501
vt 0.582548 0.566809
vt 0.586005 0.570178
vt 0.582548 0.566809
vt 0.620457 0.523975
vt 0.586005 0.570178
vt 0.582548 0.566809
vt 0.616101 0.521812
vt 0.620457 0.523975
vt 0.638569 0.469661
vt 0.620457 0.523975
vt 0.616101 0.521812
vt 0.638569 0.469661
vt 0.616101 0.521812
vt 0.633740 0.468915
vt 0.638569 0.412551
vt 0.638569 0.469661
vt 0.633740 0.468915
vt 0.638569 0.412551
vt 0.633740 0.468915
vt 0.633740 0.413295
vt 0.638569 0.412551
vt 0.633740 0.413295
vt 0.616101 0.360398
vt 0.638569 0.412551
vt 0.616101 0.360398
vt 0.620457 0.358236
vt 0.616101 0.360398
vt 0.586005 0.312033
vt 0.620457 0.358236
vt 0.616101 0.360398
vt 0.582548 0.315401
vt 0.586005 0.312033
vt 0.582548 0.315401
vt 0.538586 0.278465
vt 0.586005 0.312033
vt 0.582548 0.315401
vt 0.536367 0.282708
vt 0.538586 0.278465
vt 0.536367 0.282708
vt 0.482842 0.260817
vt 0.538586 0.278465
vt 0.536367 0.282708
vt 0.482077 0.265521
vt 0.482842 0.260817
vt 0.482077 0.265521
vt 0.424230 0.260817
vt 0.482842 0.260817
vt 0.482077 0.265521
vt 0.424994 0.265521
vt 0.424230 0.260817
vt 0.424994 0.265521
vt 0.368486 0.278465
vt 0.424230 0.260817
vt 0.424994 0.265521
vt 0.370705 0.282708
vt 0.368486 0.278465
vt 0.370705 0.282708
vt 0.321067 0.312033
vt 0.368486 0.278465
vt 0.370705 0.282708
vt 0.324524 0.315401
vt 0.321067 0.312033
vt 0.324524 0.315401
vt 0.286616 0.358236
vt 0.321067 0.312033
vt 0.324524 0.315401
vt 0.290971 0.360398
vt 0.286616 0.358236
vt 0.290971 0.360398
vt 0.268503 0.412551
vt 0.286616 0.358236
vt 0.290971 0.360398
vt 0.273331 0.413295
vt 0.268503 0.412551
vt 0.273331 0.413295
vt 0.268503 0.469661
vt 0.268503 0.412551
vt 0.273331 0.413295
vt 0.273332 0.468915
vt 0.268503 0.469661
vt 0.273332 0.468915
vt 0.286616 0.523975
vt 0.268503 0.469661
vt 0.273332 0.468915
vt 0.290971 0.521812
vt 0.286616 0.523975
vt 0.290971 0.521812
vt 0.321067 0.570178
vt 0.286616 0.523975
vt 0.290971 0.521812
vt 0.324524 0.566809
vt 0.321067 0.570178
vt 0.324524 0.566809
vt 0.368486 0.603746
vt 0.321067 0.570178
vt 0.324524 0.566809
vt 0.370705 0.599502
vt 0.368486 0.603746
vt 0.370705 0.599502
vt 0.424994 0.616689
vt 0.424230 0.621394
vt 0.370705 0.599502
vt 0.424230 0.621394
vt 0.368486 0.603746
vt 0.599768 0.510076
vt 0.615368 0.463295
vt 0.620477 0.464084
vt 0.599768 0.510076
vt 0.620477 0.464084
vt 0.604377 0.512364
vt 0.570095 0.549869
vt 0.599768 0.510076
vt 0.604377 0.512364
vt 0.570095 0.549869
vt 0.604377 0.512364
vt 0.573753 0.553433
vt 0.615368 0.463295
vt 0.620477 0.413320
vt 0.620477 0.464084
vt 0.615368 0.463295
vt 0.615368 0.414108
vt 0.620477 0.413320
vt 0.615368 0.414108
vt 0.604377 0.365040
vt 0.620477 0.413320
vt 0.615368 0.414108
vt 0.599768 0.367328
vt 0.604377 0.365040
vt 0.573753 0.323971
vt 0.604377 0.365040
vt 0.599768 0.367328
vt 0.573753 0.323971
vt 0.599768 0.367328
vt 0.570095 0.327534
vt 0.531603 0.294133
vt 0.573753 0.323971
vt 0.570095 0.327534
vt 0.531603 0.294133
vt 0.570095 0.327534
vt 0.529255 0.298623
vt 0.531603 0.294133
vt 0.529255 0.298623
vt 0.481244 0.283423
vt 0.531603 0.294133
vt 0.481244 0.283423
vt 0.482053 0.278446
vt 0.481244 0.283423
vt 0.429953 0.278446
vt 0.482053 0.278446
vt 0.481244 0.283423
vt 0.430762 0.283423
vt 0.429953 0.278446
vt 0.430762 0.283423
vt 0.380403 0.294133
vt 0.429953 0.278446
vt 0.430762 0.283423
vt 0.382751 0.298623
vt 0.380403 0.294133
vt 0.382751 0.298623
vt 0.338253 0.323971
vt 0.380403 0.294133
vt 0.382751 0.298623
vt 0.341910 0.327534
vt 0.338253 0.323971
vt 0.341910 0.327534
vt 0.307629 0.365040
vt 0.338253 0.323971
vt 0.341910 0.327534
vt 0.312237 0.367328
vt 0.307629 0.365040
vt 0.312237 0.367328
vt 0.291530 0.413320
vt 0.307629 0.365040
vt 0.312237 0.367328
vt 0.296638 0.414108
vt 0.291530 0.413320
vt 0.296638 0.414108
vt 0.291530 0.464084
vt 0.291530 0.413320
vt 0.296638 0.414108
vt 0.296638 0.463295
vt 0.291530 0.464084
vt 0.296638 0.463295
vt 0.307629 0.512364
vt 0.291530 0.464084
vt 0.296638 0.463295
vt 0.312237 0.510076
vt 0.307629 0.512364
vt 0.312237 0.510076
vt 0.338253 0.553433
vt 0.307629 0.512364
vt 0.312237 0.510076
vt 0.341910 0.549869
vt 0.338253 0.553433
vt 0.341910 0.549869
vt 0.380403 0.583271
vt 0.338253 0.553433
vt 0.341910 0.549869
vt 0.382751 0.578781
vt 0.380403 0.583271
vt 0.382751 0.578781
vt 0.429953 0.598958
vt 0.380403 0.583271
vt 0.382751 0.578781
vt 0.430762 0.593980
vt 0.429953 0.598958
vt 0.430762 0.593980
vt 0.482053 0.598958
vt 0.429953 0.598958
vt 0.430762 0.593980
vt 0.481244 0.593980
vt 0.482053 0.598958
vt 0.481244 0.593980
vt 0.531603 0.583271
vt 0.482053 0.598958
vt 0.481244 0.593980
vt 0.529255 0.578781
vt 0.531603 0.583271
vt 0.529255 0.578781
vt 0.573753 0.553433
vt 0.531603 0.583271
vt 0.529255 0.578781
vt 0.570095 0.549869
vt 0.573753 0.553433
vt 0.474888 0.481963
vt 0.425990 0.395433
vt 0.427636 0.481963
vt 0.474888 0.481963
vt 0.476385 0.395434
vt 0.425990 0.395433
vt 0.427636 0.481963
vt 0.425990 0.395433
vt 0.378161 0.396902
vt 0.427636 0.481963
vt 0.378161 0.396902
vt 0.382786 0.483347
vt 0.519916 0.483346
vt 0.476385 0.395434
vt 0.474888 0.481963
vt 0.519916 0.483346
vt 0.524416 0.396906
vt 0.476385 0.395434
vt 0.558311 0.485978
vt 0.524416 0.396906
vt 0.519916 0.483346
vt 0.558311 0.485978
vt 0.565378 0.399705
vt 0.524416 0.396906
vt 0.382786 0.483347
vt 0.378161 0.396902
vt 0.337582 0.399698
vt 0.382786 0.483347
vt 0.337582 0.399698
vt 0.344727 0.485978
vt 0.410803 0.769623
vt 0.459701 0.683093
vt 0.458055 0.769624
vt 0.410803 0.769623
vt 0.409305 0.683094
vt 0.459701 0.683093
vt 0.458055 0.769624
vt 0.459701 0.683093
vt 0.507530 0.684563
vt 0.458055 0.769624
vt 0.507530 0.684563
vt 0.502905 0.771007
vt 0.365775 0.771007
vt 0.409305 0.683094
vt 0.410803 0.769623
vt 0.365775 0.771007
vt 0.361275 0.684566
vt 0.409305 0.683094
vt 0.327380 0.773638
vt 0.361275 0.684566
vt 0.365775 0.771007
vt 0.327380 0.773638
vt 0.320312 0.687365
vt 0.361275 0.684566
vt 0.502905 0.771007
vt 0.507530 0.684563
vt 0.548109 0.687359
vt 0.502905 0.771007
vt 0.548109 0.687359
vt 0.540964 0.773638
vt 0.175860 0.876837
vt 0.127213 0.790466
vt 0.128653 0.876837
vt 0.175860 0.876837
vt 0.177426 0.790465
vt 0.127213 0.790466
vt 0.220838 0.878275
vt 0.177426 0.790465
vt 0.175860 0.876837
vt 0.220838 0.878275
vt 0.225262 0.791997
vt 0.177426 0.790465
vt 0.128653 0.876837
vt 0.127213 0.790466
vt 0.079536 0.792001
vt 0.128653 0.876837
vt 0.079536 0.792001
vt 0.083836 0.878274
vt 0.259184 0.881010
vt 0.225262 0.791997
vt 0.220838 0.878275
vt 0.259184 0.881010
vt 0.266036 0.794914
vt 0.225262 0.791997
vt 0.083836 0.878274
vt 0.079536 0.792001
vt 0.039062 0.794921
vt 0.083836 0.878274
vt 0.039062 0.794921
vt 0.045797 0.881010
vt 0.389929 0.862414
vt 0.438577 0.776043
vt 0.437137 0.862413
vt 0.389929 0.862414
vt 0.388363 0.776042
vt 0.438577 0.776043
vt 0.344951 0.863851
vt 0.388363 0.776042
vt 0.389929 0.862414
vt 0.344951 0.863851
vt 0.340528 0.777574
vt 0.388363 0.776042
vt 0.437137 0.862413
vt 0.438577 0.776043
vt 0.486254 0.777578
vt 0.437137 0.862413
vt 0.486254 0.777578
vt 0.481953 0.863851
vt 0.306606 0.866587
vt 0.340528 0.777574
vt 0.344951 0.863851
vt 0.306606 0.866587
vt 0.299753 0.780491
vt 0.340528 0.777574
vt 0.481953 0.863851
vt 0.486254 0.777578
vt 0.526727 0.780498
vt 0.481953 0.863851
vt 0.526727 0.780498
vt 0.519992 0.866587
vt 0.214293 0.005105
vt 0.157073 0.005106
vt 0.156319 0.000401
vt 0.214293 0.005105
vt 0.156319 0.000401
vt 0.215054 0.000401
vt 0.268729 0.022298
vt 0.214293 0.005105
vt 0.215054 0.000401
vt 0.268729 0.022298
vt 0.215054 0.000401
vt 0.270931 0.018049
vt 0.157073 0.005106
vt 0.100476 0.018049
vt 0.156319 0.000401
vt 0.157073 0.005106
vt 0.102675 0.022298
vt 0.100476 0.018049
vt 0.102675 0.022298
vt 0.052990 0.051617
vt 0.100476 0.018049
vt 0.102675 0.022298
vt 0.056425 0.054993
vt 0.052990 0.051617
vt 0.056425 0.054993
vt 0.018510 0.097819
vt 0.052990 0.051617
vt 0.056425 0.054993
vt 0.022847 0.099986
vt 0.018510 0.097819
vt 0.022847 0.099986
vt 0.000411 0.152134
vt 0.018510 0.097819
vt 0.022847 0.099986
vt 0.005223 0.152875
vt 0.000411 0.152134
vt 0.005223 0.152875
vt 0.000464 0.209243
vt 0.000411 0.152134
vt 0.005223 0.152875
vt 0.005274 0.208485
vt 0.000464 0.209243
vt 0.005274 0.208485
vt 0.018665 0.263558
vt 0.000464 0.209243
vt 0.005274 0.208485
vt 0.022998 0.261379
vt 0.018665 0.263558
vt 0.022998 0.261379
vt 0.053231 0.309761
vt 0.018665 0.263558
vt 0.022998 0.261379
vt 0.056665 0.306381
vt 0.053231 0.309761
vt 0.100780 0.343329
vt 0.053231 0.309761
vt 0.056665 0.306381
vt 0.100780 0.343329
vt 0.056665 0.306381
vt 0.102983 0.339081
vt 0.100780 0.343329
vt 0.102983 0.339081
vt 0.157419 0.356274
vt 0.100780 0.343329
vt 0.157419 0.356274
vt 0.156657 0.360978
vt 0.157419 0.356274
vt 0.215391 0.360978
vt 0.156657 0.360978
vt 0.157419 0.356274
vt 0.214639 0.356273
vt 0.215391 0.360978
vt 0.214639 0.356273
vt 0.271235 0.343330
vt 0.215391 0.360978
vt 0.214639 0.356273
vt 0.269037 0.339081
vt 0.271235 0.343330
vt 0.315047 0.054998
vt 0.268729 0.022298
vt 0.270931 0.018049
vt 0.315047 0.054998
vt 0.270931 0.018049
vt 0.318479 0.051618
vt 0.269037 0.339081
vt 0.318720 0.309761
vt 0.271235 0.343330
vt 0.269037 0.339081
vt 0.315287 0.306386
vt 0.318720 0.309761
vt 0.348714 0.100000
vt 0.315047 0.054998
vt 0.318479 0.051618
vt 0.348714 0.100000
vt 0.318479 0.051618
vt 0.353046 0.097821
vt 0.315287 0.306386
vt 0.353200 0.263559
vt 0.318720 0.309761
vt 0.315287 0.306386
vt 0.348864 0.261392
vt 0.353200 0.263559
vt 0.366438 0.152894
vt 0.348714 0.100000
vt 0.353046 0.097821
vt 0.366438 0.152894
vt 0.353046 0.097821
vt 0.371246 0.152135
vt 0.348864 0.261392
vt 0.371299 0.209245
vt 0.353200 0.263559
vt 0.348864 0.261392
vt 0.366489 0.208504
vt 0.371299 0.209245
vt 0.366489 0.208504
vt 0.366438 0.152894
vt 0.371246 0.152135
vt 0.366489 0.208504
vt 0.371246 0.152135
vt 0.371299 0.209245
vt 0.029627 0.262581
vt 0.063833 0.299995
vt 0.034236 0.260300
vt 0.029627 0.262581
vt 0.060172 0.303547
vt 0.063833 0.299995
vt 0.013569 0.214422
vt 0.029627 0.262581
vt 0.034236 0.260300
vt 0.013569 0.214422
vt 0.034236 0.260300
vt 0.018677 0.213634
vt 0.013571 0.163785
vt 0.013569 0.214422
vt 0.018677 0.213634
vt 0.013571 0.163785
vt 0.018677 0.213634
vt 0.018680 0.164566
vt 0.029632 0.115626
vt 0.013571 0.163785
vt 0.018680 0.164566
vt 0.029632 0.115626
vt 0.018680 0.164566
vt 0.034242 0.117902
vt 0.060180 0.074660
vt 0.029632 0.115626
vt 0.034242 0.117902
vt 0.060180 0.074660
vt 0.034242 0.117902
vt 0.063841 0.078210
vt 0.102226 0.044895
vt 0.060180 0.074660
vt 0.063841 0.078210
vt 0.102226 0.044895
vt 0.063841 0.078210
vt 0.104576 0.049373
vt 0.102226 0.044895
vt 0.104576 0.049373
vt 0.152461 0.034212
vt 0.102226 0.044895
vt 0.152461 0.034212
vt 0.151653 0.029247
vt 0.152461 0.034212
vt 0.203623 0.029247
vt 0.151653 0.029247
vt 0.152461 0.034212
vt 0.202809 0.034211
vt 0.203623 0.029247
vt 0.253049 0.044895
vt 0.203623 0.029247
vt 0.202809 0.034211
vt 0.253049 0.044895
vt 0.202809 0.034211
vt 0.250695 0.049371
vt 0.295092 0.074659
vt 0.253049 0.044895
vt 0.250695 0.049371
vt 0.295092 0.074659
vt 0.250695 0.049371
vt 0.291431 0.078210
vt 0.325637 0.115625
vt 0.295092 0.074659
vt 0.291431 0.078210
vt 0.325637 0.115625
vt 0.291431 0.078210
vt 0.321028 0.117905
vt 0.341694 0.163783
vt 0.325637 0.115625
vt 0.321028 0.117905
vt 0.341694 0.163783
vt 0.321028 0.117905
vt 0.336588 0.164571
vt 0.341692 0.214420
vt 0.341694 0.163783
vt 0.336588 0.164571
vt 0.341692 0.214420
vt 0.336588 0.164571
vt 0.336585 0.213639
vt 0.325631 0.262579
vt 0.341692 0.214420
vt 0.336585 0.213639
vt 0.325631 0.262579
vt 0.336585 0.213639
vt 0.321022 0.260303
vt 0.295083 0.303546
vt 0.325631 0.262579
vt 0.321022 0.260303
vt 0.295083 0.303546
vt 0.321022 0.260303
vt 0.291424 0.299995
vt 0.060172 0.303547
vt 0.104569 0.328833
vt 0.063833 0.299995
vt 0.060172 0.303547
vt 0.102215 0.333311
vt 0.104569 0.328833
vt 0.253037 0.333310
vt 0.295083 0.303546
vt 0.291424 0.299995
vt 0.253037 0.333310
vt 0.291424 0.299995
vt 0.250689 0.328832
vt 0.102215 0.333311
vt 0.152455 0.343993
vt 0.104569 0.328833
vt 0.102215 0.333311
vt 0.151640 0.348958
vt 0.152455 0.343993
vt 0.151640 0.348958
vt 0.202804 0.343993
vt 0.152455 0.343993
vt 0.151640 0.348958
vt 0.203610 0.348958
vt 0.202804 0.343993
vt 0.203610 0.348958
vt 0.253037 0.333310
vt 0.250689 0.328832
vt 0.203610 0.348958
vt 0.250689 0.328832
vt 0.202804 0.343993
f 1/277 2/278 3/279
f 4/280 5/281 6/282
f 7/145 8/146 9/147
f 10/148 11/149 12/150
f 13/289 14/290 15/291
f 16/292 17/293 18/294
f 19/268 20/269 21/270
f 22/265 23/266 24/267
f 25/250 26/251 27/252
f 28/247 29/248 30/249
f 31/241 32/242 33/243
f 34/244 35/245 36/246
f 37/253 38/254 39/255
f 40/256 41/257 42/258
f 43/259 44/260 45/261
f 46/262 47/263 48/264
f 49/328 50/329 51/330
f 52/325 53/326 54/327
f 55/310 56/311 57/312
f 58/307 59/308 60/309
f 61/301 62/302 63/303
f 64/304 65/305 66/306
f 67/313 68/314 69/315
f 70/316 71/317 72/318
f 73/319 74/320 75/321
f 76/322 77/323 78/324
f 79/358 80/359 81/360
f 82/355 83/356 84/357
f 85/340 86/341 87/342
f 88/337 89/338 90/339
f 91/331 92/332 93/333
f 94/334 95/335 96/336
f 97/343 98/344 99/345
f 100/346 101/347 102/348
f 103/349 104/350 105/351
f 106/352 107/353 108/354
f 109/298 110/299 111/300
f 112/295 113/296 114/297
f 115/286 116/287 117/288
f 118/283 119/284 120/285
f 121/271 122/272 123/273
f 124/274 125/275 126/276
f 127/16 128/17 129/18
f 130/19 131/20 132/21
f 133/10 134/11 135/12
f 136/13 137/14 138/15
f 139/4 140/5 141/6
f 142/7 143/8 144/9
f 145/118 146/119 147/120
f 148/1 149/2 150/3
f 151/112 152/113 153/114
f 154/115 155/116 156/117
f 157/106 158/107 159/108
f 160/109 161/110 162/111
f 163/100 164/101 165/102
f 166/103 167/104 168/105
f 169/94 170/95 171/96
f 172/97 173/98 174/99
f 175/88 176/89 177/90
f 178/91 179/92 180/93
f 181/82 182/83 183/84
f 184/85 185/86 186/87
f 187/76 188/77 189/78
f 190/79 191/80 192/81
f 193/70 194/71 195/72
f 196/73 197/74 198/75
f 199/64 200/65 201/66
f 202/67 203/68 204/69
f 205/58 206/59 207/60
f 208/61 209/62 210/63
f 211/52 212/53 213/54
f 214/55 215/56 216/57
f 217/46 218/47 219/48
f 220/49 221/50 222/51
f 223/40 224/41 225/42
f 226/43 227/44 228/45
f 229/34 230/35 231/36
f 232/37 233/38 234/39
f 235/28 236/29 237/30
f 238/31 239/32 240/33
f 241/22 242/23 243/24
f 244/25 245/26 246/27
f 247/427 248/428 249/429
f 250/430 251/431 252/432
f 253/439 254/440 255/441
f 256/442 257/443 258/444
f 259/445 260/446 261/447
f 262/448 263/449 264/450
f 265/406 266/407 267/408
f 268/403 269/404 270/405
f 271/400 272/401 273/402
f 274/397 275/398 276/399
f 277/394 278/395 279/396
f 280/391 281/392 282/393
f 283/388 284/389 285/390
f 286/385 287/386 288/387
f 289/361 290/362 291/363
f 292/364 293/365 294/366
f 295/367 296/368 297/369
f 298/370 299/371 300/372
f 301/373 302/374 303/375
f 304/376 305/377 306/378
f 307/379 308/380 309/381
f 310/382 311/383 312/384
f 313/478 314/479 315/480
f 316/475 317/476 318/477
f 319/460 320/461 321/462
f 322/457 323/458 324/459
f 325/451 326/452 327/453
f 328/454 329/455 330/456
f 331/463 332/464 333/465
f 334/466 335/467 336/468
f 337/469 338/470 339/471
f 340/472 341/473 342/474
f 343/436 344/437 345/438
f 346/433 347/434 348/435
f 349/424 350/425 351/426
f 352/421 353/422 354/423
f 355/418 356/419 357/420
f 358/415 359/416 360/417
f 361/409 362/410 363/411
f 364/412 365/413 366/414
f 367/139 368/140 369/141
f 370/142 371/143 372/144
f 373/136 374/137 375/138
f 376/133 377/134 378/135
f 379/130 380/131 381/132
f 382/127 383/128 384/129
f 385/121 386/122 387/123
f 388/124 389/125 390/126
f 391/235 392/236 393/237
f 394/238 395/239 396/240
f 397/229 398/230 399/231
f 400/232 401/233 402/234
f 403/226 404/227 405/228
f 406/223 407/224 408/225
f 409/217 410/218 411/219
f 412/220 413/221 414/222
f 415/214 416/215 417/216
f 418/211 419/212 420/213
f 421/205 422/206 423/207
f 424/208 425/209 426/210
f 427/202 428/203 429/204
f 430/199 431/200 432/201
f 433/196 434/197 435/198
f 436/193 437/194 438/195
f 439/187 440/188 441/189
f 442/190 443/191 444/192
f 445/184 446/185 447/186
f 448/181 449/182 450/183
f 451/175 452/176 453/177
f 454/178 455/179 456/180
f 457/172 458/173 459/174
f 460/169 461/170 462/171
f 463/166 464/167 465/168
f 466/163 467/164 468/165
f 469/157 470/158 471/159
f 472/160 473/161 474/162
f 475/151 476/152 477/153
f 478/154 479/155 480/156
f 481/502 482/503 483/504
f 484/499 485/500 486/501
f 487/508 488/509 489/510
f 490/505 491/506 492/507
f 493/514 494/515 495/516
f 496/511 497/512 498/513
f 499/520 500/521 501/522
f 502/517 503/518 504/519
f 505/526 506/527 507/528
f 508/523 509/524 510/525
f 511/532 512/533 513/534
f 514/529 515/530 516/531
f 517/538 518/539 519/540
f 520/535 521/536 522/537
f 523/544 524/545 525/546
f 526/541 527/542 528/543
f 529/550 530/551 531/552
f 532/547 533/548 534/549
f 535/556 536/557 537/558
f 538/553 539/554 540/555
f 541/562 542/563 543/564
f 544/559 545/560 546/561
f 547/568 548/569 549/570
f 550/565 551/566 552/567
f 553/574 554/575 555/576
f 556/571 557/572 558/573
f 559/580 560/581 561/582
f 562/577 563/578 564/579
f 565/586 566/587 567/588
f 568/583 569/584 570/585
f 571/592 572/593 573/594
f 574/589 575/590 576/591
f 577/598 578/599 579/600
f 580/595 581/596 582/597
f 583/487 584/488 585/489
f 586/490 587/491 588/492
f 589/481 590/482 591/483
f 592/484 593/485 594/486
f 595/496 596/497 597/498
f 598/493 599/494 600/495
f 601/703 602/704 603/705
f 604/706 605/707 606/708
f 607/709 608/710 609/711
f 610/712 611/713 612/714
f 613/715 614/716 615/717
f 616/718 617/719 618/720
f 619/601 620/602 621/603
f 622/604 623/605 624/606
f 625/607 626/608 627/609
f 628/610 629/611 630/612
f 631/613 632/614 633/615
f 634/616 635/617 636/618
f 637/619 638/620 639/621
f 640/622 641/623 642/624
f 643/625 644/626 645/627
f 646/628 647/629 648/630
f 649/631 650/632 651/633
f 652/634 653/635 654/636
f 655/637 656/638 657/639
f 658/640 659/641 660/642
f 661/643 662/644 663/645
f 664/646 665/647 666/648
f 667/649 668/650 669/651
f 670/652 671/653 672/654
f 673/655 674/656 675/657
f 676/658 677/659 678/660
f 679/661 680/662 681/663
f 682/664 683/665 684/666
f 685/667 686/668 687/669
f 688/670 689/671 690/672
f 691/673 692/674 693/675
f 694/676 695/677 696/678
f 697/679 698/680 699/681
f 700/682 701/683 702/684
f 703/685 704/686 705/687
f 706/688 707/689 708/690
f 709/694 710/695 711/696
f 712/691 713/692 714/693
f 715/823 716/824 717/825
f 718/826 719/827 720/828
f 721/829 722/830 723/831
f 724/832 725/833 726/834
f 727/835 728/836 729/837
f 730/838 731/839 732/840
f 733/721 734/722 735/723
f 736/724 737/725 738/726
f 739/727 740/728 741/729
f 742/730 743/731 744/732
f 745/733 746/734 747/735
f 748/736 749/737 750/738
f 751/739 752/740 753/741
f 754/742 755/743 756/744
f 757/745 758/746 759/747
f 760/748 761/749 762/750
f 763/751 764/752 765/753
f 766/754 767/755 768/756
f 769/757 770/758 771/759
f 772/760 773/761 774/762
f 775/763 776/764 777/765
f 778/766 779/767 780/768
f 781/769 782/770 783/771
f 784/772 785/773 786/774
f 787/775 788/776 789/777
f 790/778 791/779 792/780
f 793/781 794/782 795/783
f 796/784 797/785 798/786
f 799/787 800/788 801/789
f 802/790 803/791 804/792
f 805/793 806/794 807/795
f 808/796 809/797 810/798
f 811/799 812/800 813/801
f 814/802 815/803 816/804
f 817/805 818/806 819/807
f 820/808 821/809 822/810
f 823/814 824/815 825/816
f 826/811 827/812 828/813
f 829/892 830/893 831/894
f 832/889 833/890 834/891
f 835/700 836/701 837/702
f 838/697 839/698 840/699
f 841/820 842/821 843/822
f 844/817 845/818 846/819
f 847/880 848/881 849/882
f 850/877 851/878 852/879
f 853/871 854/872 855/873
f 856/874 857/875 858/876
f 859/886 860/887 861/888
f 862/883 863/884 864/885
f 865/898 866/899 867/900
f 868/895 869/896 870/897
f 871/919 872/920 873/921
f 874/922 875/923 876/924
f 877/913 878/914 879/915
f 880/916 881/917 882/918
f 883/904 884/905 885/906
f 886/901 887/902 888/903
f 889/910 890/911 891/912
f 892/907 893/908 894/909
f 895/928 896/929 897/930
f 898/925 899/926 900/927
f 901/949 902/950 903/951
f 904/952 905/953 906/954
f 907/943 908/944 909/945
f 910/946 911/947 912/948
f 913/934 914/935 915/936
f 916/931 917/932 918/933
f 919/940 920/941 921/942
f 922/937 923/938 924/939
f 925/958 926/959 927/960
f 928/955 929/956 930/957
f 931/859 932/860 933/861
f 934/862 935/863 936/864
f 937/847 938/848 939/849
f 940/850 941/851 942/852
f 943/844 944/845 945/846
f 946/841 947/842 948/843
f 949/856 950/857 951/858
f 952/853 953/854 954/855
f 955/868 956/869 957/870
f 958/865 959/866 960/867
f 961/1465 962/1466 963/1467
f 964/1468 965/1469 966/1470
f 967/1249 968/1250 969/1251
f 970/1252 971/1253 972/1254
f 973/1255 974/1256 975/1257
f 976/1258 977/1259 978/1260
f 979/1222 980/1223 981/1224
f 982/1219 983/1220 984/1221
f 985/1210 986/1211 987/1212
f 988/1207 989/1208 990/1209
f 991/1204 992/1205 993/1206
f 994/1201 995/1202 996/1203
f 997/1213 998/1214 999/1215
f 1000/1216 1001/1217 1002/1218
f 1003/1225 1004/1226 1005/1227
f 1006/1228 1007/1229 1008/1230
f 1009/1282 1010/1283 1011/1284
f 1012/1279 1013/1280 1014/1281
f 1015/1270 1016/1271 1017/1272
f 1018/1267 1019/1268 1020/1269
f 1021/1264 1022/1265 1023/1266
f 1024/1261 1025/1262 1026/1263
f 1027/1273 1028/1274 1029/1275
f 1030/1276 1031/1277 1032/1278
f 1033/1285 1034/1286 1035/1287
f 1036/1288 1037/1289 1038/1290
f 1039/1312 1040/1313 1041/1314
f 1042/1309 1043/1310 1044/1311
f 1045/1300 1046/1301 1047/1302
f 1048/1297 1049/1298 1050/1299
f 1051/1294 1052/1295 1053/1296
f 1054/1291 1055/1292 1056/1293
f 1057/1303 1058/1304 1059/1305
f 1060/1306 1061/1307 1062/1308
f 1063/1315 1064/1316 1065/1317
f 1066/1318 1067/1319 1068/1320
f 1069/1246 1070/1247 1071/1248
f 1072/1243 1073/1244 1074/1245
f 1075/994 1076/995 1077/996
f 1078/997 1079/998 1080/999
f 1081/1000 1082/1001 1083/1002
f 1084/1003 1085/1004 1086/1005
f 1087/1006 1088/1007 1089/1008
f 1090/1009 1091/1010 1092/1011
f 1093/1012 1094/1013 1095/1014
f 1096/1015 1097/1016 1098/1017
f 1099/1018 1100/1019 1101/1020
f 1102/1021 1103/1022 1104/1023
f 1105/1024 1106/1025 1107/1026
f 1108/1027 1109/1028 1110/1029
f 1111/1030 1112/1031 1113/1032
f 1114/1033 1115/1034 1116/1035
f 1117/1036 1118/1037 1119/1038
f 1120/1039 1121/1040 1122/1041
f 1123/1042 1124/1043 1125/1044
f 1126/1045 1127/1046 1128/1047
f 1129/1048 1130/1049 1131/1050
f 1132/1051 1133/1052 1134/1053
f 1135/1054 1136/1055 1137/1056
f 1138/1057 1139/1058 1140/1059
f 1141/1060 1142/1061 1143/1062
f 1144/1063 1145/1064 1146/1065
f 1147/1066 1148/1067 1149/1068
f 1150/1069 1151/1070 1152/1071
f 1153/1072 1154/1073 1155/1074
f 1156/1075 1157/1076 1158/1077
f 1159/1078 1160/1079 1161/1080
f 1162/961 1163/962 1164/963
f 1165/964 1166/965 1167/966
f 1168/967 1169/968 1170/969
f 1171/970 1172/971 1173/972
f 1174/973 1175/974 1176/975
f 1177/976 1178/977 1179/978
f 1180/979 1181/980 1182/981
f 1183/982 1184/983 1185/984
f 1186/985 1187/986 1188/987
f 1189/1405 1190/1406 1191/1407
f 1192/1408 1193/1409 1194/1410
f 1195/1432 1196/1433 1197/1434
f 1198/1429 1199/1430 1200/1431
f 1201/1426 1202/1427 1203/1428
f 1204/1423 1205/1424 1206/1425
f 1207/1435 1208/1436 1209/1437
f 1210/1438 1211/1439 1212/1440
f 1213/1336 1214/1337 1215/1338
f 1216/1333 1217/1334 1218/1335
f 1219/1324 1220/1325 1221/1326
f 1222/1321 1223/1322 1224/1323
f 1225/1327 1226/1328 1227/1329
f 1228/1330 1229/1331 1230/1332
f 1231/1339 1232/1340 1233/1341
f 1234/1342 1235/1343 1236/1344
f 1237/1366 1238/1367 1239/1368
f 1240/1363 1241/1364 1242/1365
f 1243/1360 1244/1361 1245/1362
f 1246/1357 1247/1358 1248/1359
f 1249/1354 1250/1355 1251/1356
f 1252/1351 1253/1352 1254/1353
f 1255/1348 1256/1349 1257/1350
f 1258/1345 1259/1346 1260/1347
f 1261/1369 1262/1370 1263/1371
f 1264/1372 1265/1373 1266/1374
f 1267/1375 1268/1376 1269/1377
f 1270/1378 1271/1379 1272/1380
f 1273/1381 1274/1382 1275/1383
f 1276/1384 1277/1385 1278/1386
f 1279/1420 1280/1421 1281/1422
f 1282/1417 1283/1418 1284/1419
f 1285/1414 1286/1415 1287/1416
f 1288/1411 1289/1412 1290/1413
f 1291/1390 1292/1391 1293/1392
f 1294/1387 1295/1388 1296/1389
f 1297/1393 1298/1394 1299/1395
f 1300/1396 1301/1397 1302/1398
f 1303/1399 1304/1400 1305/1401
f 1306/1402 1307/1403 1308/1404
f 1309/1180 1310/1181 1311/1182
f 1312/1177 1313/1178 1314/1179
f 1315/1471 1316/1472 1317/1473
f 1318/1474 1319/1475 1320/1476
f 1321/1171 1322/1172 1323/1173
f 1324/1174 1325/1175 1326/1176
f 1327/1186 1328/1187 1329/1188
f 1330/1183 1331/1184 1332/1185
f 1333/1462 1334/1463 1335/1464
f 1336/1459 1337/1460 1338/1461
f 1339/1189 1340/1190 1341/1191
f 1342/1192 1343/1193 1344/1194
f 1345/1456 1346/1457 1347/1458
f 1348/1453 1349/1454 1350/1455
f 1351/1198 1352/1199 1353/1200
f 1354/1195 1355/1196 1356/1197
f 1357/1450 1358/1451 1359/1452
f 1360/1447 1361/1448 1362/1449
f 1363/1081 1364/1082 1365/1083
f 1366/1084 1367/1085 1368/1086
f 1369/1441 1370/1442 1371/1443
f 1372/1444 1373/1445 1374/1446
f 1375/1090 1376/1091 1377/1092
f 1378/1087 1379/1088 1380/1089
f 1381/1555 1382/1556 1383/1557
f 1384/1558 1385/1559 1386/1560
f 1387/1093 1388/1094 1389/1095
f 1390/1096 1391/1097 1392/1098
f 1393/1552 1394/1553 1395/1554
f 1396/1549 1397/1550 1398/1551
f 1399/1102 1400/1103 1401/1104
f 1402/1099 1403/1100 1404/1101
f 1405/1546 1406/1547 1407/1548
f 1408/1543 1409/1544 1410/1545
f 1411/1108 1412/1109 1413/1110
f 1414/1105 1415/1106 1416/1107
f 1417/1540 1418/1541 1419/1542
f 1420/1537 1421/1538 1422/1539
f 1423/1111 1424/1112 1425/1113
f 1426/1114 1427/1115 1428/1116
f 1429/1534 1430/1535 1431/1536
f 1432/1531 1433/1532 1434/1533
f 1435/1117 1436/1118 1437/1119
f 1438/1120 1439/1121 1440/1122
f 1441/1528 1442/1529 1443/1530
f 1444/1525 1445/1526 1446/1527
f 1447/1123 1448/1124 1449/1125
f 1450/1126 1451/1127 1452/1128
f 1453/1522 1454/1523 1455/1524
f 1456/1519 1457/1520 1458/1521
f 1459/1132 1460/1133 1461/1134
f 1462/1129 1463/1130 1464/1131
f 1465/1516 1466/1517 1467/1518
f 1468/1513 1469/1514 1470/1515
f 1471/1138 1472/1139 1473/1140
f 1474/1135 1475/1136 1476/1137
f 1477/1510 1478/1511 1479/1512
f 1480/1507 1481/1508 1482/1509
f 1483/1141 1484/1142 1485/1143
f 1486/1144 1487/1145 1488/1146
f 1489/1504 1490/1505 1491/1506
f 1492/1501 1493/1502 1494/1503
f 1495/1147 1496/1148 1497/1149
f 1498/1150 1499/1151 1500/1152
f 1501/1498 1502/1499 1503/1500
f 1504/1495 1505/1496 1506/1497
f 1507/1153 1508/1154 1509/1155
f 1510/1156 1511/1157 1512/1158
f 1513/1492 1514/1493 1515/1494
f 1516/1489 1517/1490 1518/1491
f 1519/1162 1520/1163 1521/1164
f 1522/1159 1523/1160 1524/1161
f 1525/1486 1526/1487 1527/1488
f 1528/1483 1529/1484 1530/1485
f 1531/1168 1532/1169 1533/1170
f 1534/1165 1535/1166 1536/1167
f 1537/1480 1538/1481 1539/1482
f 1540/1477 1541/1478 1542/1479
f 1543/988 1544/989 1545/990
f 1546/991 1547/992 1548/993
f 1549/1231 1550/1232 1551/1233
f 1552/1234 1553/1235 1554/1236
f 1555/1240 1556/1241 1557/1242
f 1558/1237 1559/1238 1560/1239
f 1561/1585 1562/1586 1563/1587
f 1564/1582 1565/1583 1566/1584
f 1567/1579 1568/1580 1569/1581
f 1570/1576 1571/1577 1572/1578
f 1573/1573 1574/1574 1575/1575
f 1576/1570 1577/1571 1578/1572
f 1579/1567 1580/1568 1581/1569
f 1582/1564 1583/1565 1584/1566
f 1585/1561 1586/1562 1587/1563
f 1588/1618 1589/1619 1590/1620
f 1591/1615 1592/1616 1593/1617
f 1594/1612 1595/1613 1596/1614
f 1597/1609 1598/1610 1599/1611
f 1600/1606 1601/1607 1602/1608
f 1603/1603 1604/1604 1605/1605
f 1606/1600 1607/1601 1608/1602
f 1609/1597 1610/1598 1611/1599
f 1612/1594 1613/1595 1614/1596
f 1615/1591 1616/1592 1617/1593
f 1618/1588 1619/1589 1620/1590
f 1621/1777 1622/1778 1623/1779
f 1624/1780 1625/1781 1626/1782
f 1627/1783 1628/1784 1629/1785
f 1630/1786 1631/1787 1632/1788
f 1633/1789 1634/1790 1635/1791
f 1636/1792 1637/1793 1638/1794
f 1639/1795 1640/1796 1641/1797
f 1642/1798 1643/1799 1644/1800
f 1645/1741 1646/1742 1647/1743
f 1648/1744 1649/1745 1650/1746
f 1651/1747 1652/1748 1653/1749
f 1654/1750 1655/1751 1656/1752
f 1657/1753 1658/1754 1659/1755
f 1660/1756 1661/1757 1662/1758
f 1663/1759 1664/1760 1665/1761
f 1666/1762 1667/1763 1668/1764
f 1669/1765 1670/1766 1671/1767
f 1672/1768 1673/1769 1674/1770
f 1675/1771 1676/1772 1677/1773
f 1678/1774 1679/1775 1680/1776
f 1681/1648 1682/1649 1683/1650
f 1684/1645 1685/1646 1686/1647
f 1687/1642 1688/1643 1689/1644
f 1690/1639 1691/1640 1692/1641
f 1693/1636 1694/1637 1695/1638
f 1696/1633 1697/1634 1698/1635
f 1699/1630 1700/1631 1701/1632
f 1702/1627 1703/1628 1704/1629
f 1705/1621 1706/1622 1707/1623
f 1708/1624 1709/1625 1710/1626
f 1711/1738 1712/1739 1713/1740
f 1714/1735 1715/1736 1716/1737
f 1717/1732 1718/1733 1719/1734
f 1720/1729 1721/1730 1722/1731
f 1723/1726 1724/1727 1725/1728
f 1726/1723 1727/1724 1728/1725
f 1729/1720 1730/1721 1731/1722
f 1732/1717 1733/1718 1734/1719
f 1735/1714 1736/1715 1737/1716
f 1738/1711 1739/1712 1740/1713
f 1741/1708 1742/1709 1743/1710
f 1744/1705 1745/1706 1746/1707
f 1747/1702 1748/1703 1749/1704
f 1750/1699 1751/1700 1752/1701
f 1753/1696 1754/1697 1755/1698
f 1756/1693 1757/1694 1758/1695
f 1759/1690 1760/1691 1761/1692
f 1762/1687 1763/1688 1764/1689
f 1765/1684 1766/1685 1767/1686
f 1768/1681 1769/1682 1770/1683
f 1771/1678 1772/1679 1773/1680
f 1774/1675 1775/1676 1776/1677
f 1777/1672 1778/1673 1779/1674
f 1780/1669 1781/1670 1782/1671
f 1783/1666 1784/1667 1785/1668
f 1786/1663 1787/1664 1788/1665
f 1789/1660 1790/1661 1791/1662
f 1792/1657 1793/1658 1794/1659
f 1795/1654 1796/1655 1797/1656
f 1798/1651 1799/1652 1800/1653
f 1801/2014 1802/2015 1803/2016
f 1804/2011 1805/2012 1806/2013
f 1807/2026 1808/2027 1809/2028
f 1810/2023 1811/2024 1812/2025
f 1813/2032 1814/2033 1815/2034
f 1816/2029 1817/2030 1818/2031
f 1819/1945 1820/1946 1821/1947
f 1822/1948 1823/1949 1824/1950
f 1825/1933 1826/1934 1827/1935
f 1828/1936 1829/1937 1830/1938
f 1831/1924 1832/1925 1833/1926
f 1834/1921 1835/1922 1836/1923
f 1837/1930 1838/1931 1839/1932
f 1840/1927 1841/1928 1842/1929
f 1843/1942 1844/1943 1845/1944
f 1846/1939 1847/1940 1848/1941
f 1849/1975 1850/1976 1851/1977
f 1852/1978 1853/1979 1854/1980
f 1855/1963 1856/1964 1857/1965
f 1858/1966 1859/1967 1860/1968
f 1861/1954 1862/1955 1863/1956
f 1864/1951 1865/1952 1866/1953
f 1867/1960 1868/1961 1869/1962
f 1870/1957 1871/1958 1872/1959
f 1873/1972 1874/1973 1875/1974
f 1876/1969 1877/1970 1878/1971
f 1879/2005 1880/2006 1881/2007
f 1882/2008 1883/2009 1884/2010
f 1885/1987 1886/1988 1887/1989
f 1888/1990 1889/1991 1890/1992
f 1891/1984 1892/1985 1893/1986
f 1894/1981 1895/1982 1896/1983
f 1897/1996 1898/1997 1899/1998
f 1900/1993 1901/1994 1902/1995
f 1903/2002 1904/2003 1905/2004
f 1906/1999 1907/2000 1908/2001
f 1909/2035 1910/2036 1911/2037
f 1912/2038 1913/2039 1914/2040
f 1915/2017 1916/2018 1917/2019
f 1918/2020 1919/2021 1920/2022
f 1921/2185 1922/2186 1923/2187
f 1924/2188 1925/2189 1926/2190
f 1927/2191 1928/2192 1929/2193
f 1930/2194 1931/2195 1932/2196
f 1933/2182 1934/2183 1935/2184
f 1936/2179 1937/2180 1938/2181
f 1939/2176 1940/2177 1941/2178
f 1942/2173 1943/2174 1944/2175
f 1945/2161 1946/2162 1947/2163
f 1948/2164 1949/2165 1950/2166
f 1951/2167 1952/2168 1953/2169
f 1954/2170 1955/2171 1956/2172
f 1957/2278 1958/2279 1959/2280
f 1960/2275 1961/2276 1962/2277
f 1963/2272 1964/2273 1965/2274
f 1966/2269 1967/2270 1968/2271
f 1969/2266 1970/2267 1971/2268
f 1972/2263 1973/2264 1974/2265
f 1975/2260 1976/2261 1977/2262
f 1978/2257 1979/2258 1980/2259
f 1981/2254 1982/2255 1983/2256
f 1984/2251 1985/2252 1986/2253
f 1987/2248 1988/2249 1989/2250
f 1990/2245 1991/2246 1992/2247
f 1993/2242 1994/2243 1995/2244
f 1996/2239 1997/2240 1998/2241
f 1999/2236 2000/2237 2001/2238
f 2002/2233 2003/2234 2004/2235
f 2005/2230 2006/2231 2007/2232
f 2008/2227 2009/2228 2010/2229
f 2011/2224 2012/2225 2013/2226
f 2014/2221 2015/2222 2016/2223
f 2017/2218 2018/2219 2019/2220
f 2020/2215 2021/2216 2022/2217
f 2023/2212 2024/2213 2025/2214
f 2026/2209 2027/2210 2028/2211
f 2029/2206 2030/2207 2031/2208
f 2032/2203 2033/2204 2034/2205
f 2035/2197 2036/2198 2037/2199
f 2038/2200 2039/2201 2040/2202
f 2041/2065 2042/2066 2043/2067
f 2044/2068 2045/2069 2046/2070
f 2047/2071 2048/2072 2049/2073
f 2050/2074 2051/2075 2052/2076
f 2053/2062 2054/2063 2055/2064
f 2056/2059 2057/2060 2058/2061
f 2059/2056 2060/2057 2061/2058
f 2062/2053 2063/2054 2064/2055
f 2065/2041 2066/2042 2067/2043
f 2068/2044 2069/2045 2070/2046
f 2071/2047 2072/2048 2073/2049
f 2074/2050 2075/2051 2076/2052
f 2077/2155 2078/2156 2079/2157
f 2080/2158 2081/2159 2082/2160
f 2083/2152 2084/2153 2085/2154
f 2086/2149 2087/2150 2088/2151
f 2089/2146 2090/2147 2091/2148
f 2092/2143 2093/2144 2094/2145
f 2095/2140 2096/2141 2097/2142
f 2098/2137 2099/2138 2100/2139
f 2101/2134 2102/2135 2103/2136
f 2104/2131 2105/2132 2106/2133
f 2107/2128 2108/2129 2109/2130
f 2110/2125 2111/2126 2112/2127
f 2113/2122 2114/2123 2115/2124
f 2116/2119 2117/2120 2118/2121
f 2119/2116 2120/2117 2121/2118
f 2122/2113 2123/2114 2124/2115
f 2125/2110 2126/2111 2127/2112
f 2128/2107 2129/2108 2130/2109
f 2131/2104 2132/2105 2133/2106
f 2134/2101 2135/2102 2136/2103
f 2137/2098 2138/2099 2139/2100
f 2140/2095 2141/2096 2142/2097
f 2143/2092 2144/2093 2145/2094
f 2146/2089 2147/2090 2148/2091
f 2149/2086 2150/2087 2151/2088
f 2152/2083 2153/2084 2154/2085
f 2155/2077 2156/2078 2157/2079
f 2158/2080 2159/2081 2160/2082
f 2161/2365 2162/2366 2163/2367
f 2164/2368 2165/2369 2166/2370
f 2167/2353 2168/2354 2169/2355
f 2170/2356 2171/2357 2172/2358
f 2173/2344 2174/2345 2175/2346
f 2176/2341 2177/2342 2178/2343
f 2179/2350 2180/2351 2181/2352
f 2182/2347 2183/2348 2184/2349
f 2185/2362 2186/2363 2187/2364
f 2188/2359 2189/2360 2190/2361
f 2191/2305 2192/2306 2193/2307
f 2194/2308 2195/2309 2196/2310
f 2197/2287 2198/2288 2199/2289
f 2200/2290 2201/2291 2202/2292
f 2203/2284 2204/2285 2205/2286
f 2206/2281 2207/2282 2208/2283
f 2209/2296 2210/2297 2211/2298
f 2212/2293 2213/2294 2214/2295
f 2215/2302 2216/2303 2217/2304
f 2218/2299 2219/2300 2220/2301
f 2221/2395 2222/2396 2223/2397
f 2224/2398 2225/2399 2226/2400
f 2227/2383 2228/2384 2229/2385
f 2230/2386 2231/2387 2232/2388
f 2233/2374 2234/2375 2235/2376
f 2236/2371 2237/2372 2238/2373
f 2239/2380 2240/2381 2241/2382
f 2242/2377 2243/2378 2244/2379
f 2245/2392 2246/2393 2247/2394
f 2248/2389 2249/2390 2250/2391
f 2251/2335 2252/2336 2253/2337
f 2254/2338 2255/2339 2256/2340
f 2257/2317 2258/2318 2259/2319
f 2260/2320 2261/2321 2262/2322
f 2263/2314 2264/2315 2265/2316
f 2266/2311 2267/2312 2268/2313
f 2269/2326 2270/2327 2271/2328
f 2272/2323 2273/2324 2274/2325
f 2275/2332 2276/2333 2277/2334
f 2278/2329 2279/2330 2280/2331
f 2281/2569 2282/2570 2283/2571
f 2284/2572 2285/2573 2286/2574
f 2287/2575 2288/2576 2289/2577
f 2290/2578 2291/2579 2292/2580
f 2293/2566 2294/2567 2295/2568
f 2296/2563 2297/2564 2298/2565
f 2299/2581 2300/2582 2301/2583
f 2302/2584 2303/2585 2304/2586
f 2305/2587 2306/2588 2307/2589
f 2308/2590 2309/2591 2310/2592
f 2311/2593 2312/2594 2313/2595
f 2314/2596 2315/2597 2316/2598
f 2317/2599 2318/2600 2319/2601
f 2320/2602 2321/2603 2322/2604
f 2323/2605 2324/2606 2325/2607
f 2326/2608 2327/2609 2328/2610
f 2329/2617 2330/2618 2331/2619
f 2332/2620 2333/2621 2334/2622
f 2335/2635 2336/2636 2337/2637
f 2338/2638 2339/2639 2340/2640
f 2341/2632 2342/2633 2343/2634
f 2344/2629 2345/2630 2346/2631
f 2347/2626 2348/2627 2349/2628
f 2350/2623 2351/2624 2352/2625
f 2353/2614 2354/2615 2355/2616
f 2356/2611 2357/2612 2358/2613
f 2359/2524 2360/2525 2361/2526
f 2362/2521 2363/2522 2364/2523
f 2365/2527 2366/2528 2367/2529
f 2368/2530 2369/2531 2370/2532
f 2371/2533 2372/2534 2373/2535
f 2374/2536 2375/2537 2376/2538
f 2377/2539 2378/2540 2379/2541
f 2380/2542 2381/2543 2382/2544
f 2383/2545 2384/2546 2385/2547
f 2386/2548 2387/2549 2388/2550
f 2389/2551 2390/2552 2391/2553
f 2392/2554 2393/2555 2394/2556
f 2395/2557 2396/2558 2397/2559
f 2398/2560 2399/2561 2400/2562
f 2401/2455 2402/2456 2403/2457
f 2404/2458 2405/2459 2406/2460
f 2407/2452 2408/2453 2409/2454
f 2410/2449 2411/2450 2412/2451
f 2413/2446 2414/2447 2415/2448
f 2416/2443 2417/2444 2418/2445
f 2419/2440 2420/2441 2421/2442
f 2422/2437 2423/2438 2424/2439
f 2425/2434 2426/2435 2427/2436
f 2428/2431 2429/2432 2430/2433
f 2431/2428 2432/2429 2433/2430
f 2434/2425 2435/2426 2436/2427
f 2437/2422 2438/2423 2439/2424
f 2440/2419 2441/2420 2442/2421
f 2443/2416 2444/2417 2445/2418
f 2446/2413 2447/2414 2448/2415
f 2449/2401 2450/2402 2451/2403
f 2452/2404 2453/2405 2454/2406
f 2455/2407 2456/2408 2457/2409
f 2458/2410 2459/2411 2460/2412
f 2461/2479 2462/2480 2463/2481
f 2464/2482 2465/2483 2466/2484
f 2467/2491 2468/2492 2469/2493
f 2470/2494 2471/2495 2472/2496
f 2473/2503 2474/2504 2475/2505
f 2476/2506 2477/2507 2478/2508
f 2479/2515 2480/2516 2481/2517
f 2482/2518 2483/2519 2484/2520
f 2485/2512 2486/2513 2487/2514
f 2488/2509 2489/2510 2490/2511
f 2491/2500 2492/2501 2493/2502
f 2494/2497 2495/2498 2496/2499
f 2497/2488 2498/2489 2499/2490
f 2500/2485 2501/2486 2502/2487
f 2503/2476 2504/2477 2505/2478
f 2506/2473 2507/2474 2508/2475
f 2509/2470 2510/2471 2511/2472
f 2512/2467 2513/2468 2514/2469
f 2515/2461 2516/2462 2517/2463
f 2518/2464 2519/2465 2520/2466
f 2521/1846 2522/1847 2523/1848
f 2524/1843 2525/1844 2526/1845
f 2527/1849 2528/1850 2529/1851
f 2530/1852 2531/1853 2532/1854
f 2533/1855 2534/1856 2535/1857
f 2536/1858 2537/1859 2538/1860
f 2539/1861 2540/1862 2541/1863
f 2542/1864 2543/1865 2544/1866
f 2545/1867 2546/1868 2547/1869
f 2548/1870 2549/1871 2550/1872
f 2551/1873 2552/1874 2553/1875
f 2554/1876 2555/1877 2556/1878
f 2557/1879 2558/1880 2559/1881
f 2560/1882 2561/1883 2562/1884
f 2563/1885 2564/1886 2565/1887
f 2566/1888 2567/1889 2568/1890
f 2569/1891 2570/1892 2571/1893
f 2572/1894 2573/1895 2574/1896
f 2575/1897 2576/1898 2577/1899
f 2578/1900 2579/1901 2580/1902
f 2581/1903 2582/1904 2583/1905
f 2584/1906 2585/1907 2586/1908
f 2587/1909 2588/1910 2589/1911
f 2590/1912 2591/1913 2592/1914
f 2593/1915 2594/1916 2595/1917
f 2596/1918 2597/1919 2598/1920
f 2599/1810 2600/1811 2601/1812
f 2602/1807 2603/1808 2604/1809
f 2605/1804 2606/1805 2607/1806
f 2608/1801 2609/1802 2610/1803
f 2611/1813 2612/1814 2613/1815
f 2614/1816 2615/1817 2616/1818
f 2617/1819 2618/1820 2619/1821
f 2620/1822 2621/1823 2622/1824
f 2623/1825 2624/1826 2625/1827
f 2626/1828 2627/1829 2628/1830
f 2629/1831 2630/1832 2631/1833
f 2632/1834 2633/1835 2634/1836
f 2635/1840 2636/1841 2637/1842
f 2638/1837 2639/1838 2640/1839