
mtllib textured.mtl
usemtl mesh

v -0.714008 -0.138365 0.323829
v -0.709138 -0.211419 0.323829
v -0.200995 0.071677 0.323829
v -0.709138 -0.211419 0.323829
v -0.694922 -0.273024 0.323829
v -0.200995 0.071677 0.323829
v -0.694922 -0.273024 0.323829
v -0.671723 -0.324061 0.323829
v -0.200995 0.071677 0.323829
v -0.671723 -0.324061 0.323829
v -0.639745 -0.365175 0.323829
v -0.200995 0.071677 0.323829
v -0.639745 -0.365175 0.323829
v -0.598631 -0.397153 0.323829
v -0.200995 0.071677 0.323829
v -0.598631 -0.397153 0.323829
v -0.547595 -0.420351 0.323829
v -0.200995 0.071677 0.323829
v -0.547595 -0.420351 0.323829
v -0.485989 -0.434568 0.323829
v -0.200995 0.071677 0.323829
v -0.485989 -0.434568 0.323829
v -0.412935 -0.439438 0.323829
v -0.200995 0.071677 0.323829
v -0.412935 -0.439438 0.323829
v 0.010944 -0.439438 0.323829
v -0.200995 0.071677 0.323829
v 0.010944 -0.439438 0.323829
v 0.083999 -0.434568 0.323829
v -0.200995 0.071677 0.323829
v 0.083999 -0.434568 0.323829
v 0.145603 -0.420351 0.323829
v -0.200995 0.071677 0.323829
v 0.145603 -0.420351 0.323829
v 0.196640 -0.397153 0.323829
v -0.200995 0.071677 0.323829
v 0.196640 -0.397153 0.323829
v 0.237754 -0.365175 0.323829
v -0.200995 0.071677 0.323829
v 0.237754 -0.365175 0.323829
v 0.269732 -0.324061 0.323829
v -0.200995 0.071677 0.323829
v 0.269732 -0.324061 0.323829
v 0.292930 -0.273024 0.323829
v -0.200995 0.071677 0.323829
v 0.292930 -0.273024 0.323829
v 0.307147 -0.211419 0.323829
v -0.200995 0.071677 0.323829
v 0.307147 -0.211419 0.323829
v 0.312017 -0.138365 0.323829
v -0.200995 0.071677 0.323829
v 0.312017 -0.138365 0.323829
v 0.312017 0.281720 0.323829
v -0.200995 0.071677 0.323829
v 0.312017 0.281720 0.323829
v 0.307147 0.354774 0.323829
v -0.200995 0.071677 0.323829
v 0.307147 0.354774 0.323829
v 0.292930 0.416379 0.323829
v -0.200995 0.071677 0.323829
v 0.292930 0.416379 0.323829
v 0.269732 0.467416 0.323829
v -0.200995 0.071677 0.323829
v 0.269732 0.467416 0.323829
v 0.237754 0.508530 0.323829
v -0.200995 0.071677 0.323829
v 0.237754 0.508530 0.323829
v 0.196640 0.540508 0.323829
v -0.200995 0.071677 0.323829
v 0.196640 0.540508 0.323829
v 0.145603 0.563706 0.323829
v -0.200995 0.071677 0.323829
v 0.145603 0.563706 0.323829
v 0.083999 0.577923 0.323829
v -0.200995 0.071677 0.323829
v 0.083999 0.577923 0.323829
v 0.010944 0.582793 0.323829
v -0.200995 0.071677 0.323829
v 0.010944 0.582793 0.323829
v -0.412935 0.582793 0.323829
v -0.200995 0.071677 0.323829
v -0.412935 0.582793 0.323829
v -0.485989 0.577923 0.323829
v -0.200995 0.071677 0.323829
v -0.485989 0.577923 0.323829
v -0.547595 0.563706 0.323829
v -0.200995 0.071677 0.323829
v -0.547595 0.563706 0.323829
v -0.598631 0.540508 0.323829
v -0.200995 0.071677 0.323829
v -0.598631 0.540508 0.323829
v -0.639745 0.508530 0.323829
v -0.200995 0.071677 0.323829
v -0.639745 0.508530 0.323829
v -0.671723 0.467416 0.323829
v -0.200995 0.071677 0.323829
v -0.671723 0.467416 0.323829
v -0.694922 0.416379 0.323829
v -0.200995 0.071677 0.323829
v -0.694922 0.416379 0.323829
v -0.709138 0.354774 0.323829
v -0.200995 0.071677 0.323829
v -0.709138 0.354774 0.323829
v -0.714008 0.281720 0.323829
v -0.200995 0.071677 0.323829
v -0.714008 0.281720 0.323829
v -0.714008 -0.138365 0.323829
v -0.200995 0.071677 0.323829
v -0.201266 0.401380 0.329897
v -0.201113 0.411143 0.329897
v -0.210584 0.401380 0.329897
v -0.191480 0.401380 0.329897
v -0.199928 0.411143 0.329897
v -0.199823 0.401380 0.329897
v -0.181929 0.070082 0.329897
v -0.183081 0.076616 0.329897
v -0.201032 0.070082 0.329897
v -0.183081 0.076616 0.329897
v -0.186398 0.082361 0.329897
v -0.201032 0.070082 0.329897
v -0.186398 0.082361 0.329897
v -0.191480 0.086626 0.329897
v -0.201032 0.070082 0.329897
v -0.191480 0.086626 0.329897
v -0.197715 0.088895 0.329897
v -0.201032 0.070082 0.329897
v -0.197715 0.088895 0.329897
v -0.204349 0.088895 0.329897
v -0.201032 0.070082 0.329897
v -0.204349 0.088895 0.329897
v -0.210584 0.086626 0.329897
v -0.201032 0.070082 0.329897
v -0.210584 0.086626 0.329897
v -0.215666 0.082361 0.329897
v -0.201032 0.070082 0.329897
v -0.215666 0.082361 0.329897
v -0.218984 0.076616 0.329897
v -0.201032 0.070082 0.329897
v -0.218984 0.076616 0.329897
v -0.220136 0.070082 0.329897
v -0.201032 0.070082 0.329897
v -0.220136 0.070082 0.329897
v -0.218984 0.063548 0.329897
v -0.201032 0.070082 0.329897
v -0.218984 0.063548 0.329897
v -0.215666 0.057802 0.329897
v -0.201032 0.070082 0.329897
v -0.215666 0.057802 0.329897
v -0.210584 0.053538 0.329897
v -0.201032 0.070082 0.329897
v -0.210584 0.053538 0.329897
v -0.204349 0.051268 0.329897
v -0.201032 0.070082 0.329897
v -0.204349 0.051268 0.329897
v -0.197715 0.051268 0.329897
v -0.201032 0.070082 0.329897
v -0.197715 0.051268 0.329897
v -0.191480 0.053538 0.329897
v -0.201032 0.070082 0.329897
v -0.191480 0.053538 0.329897
v -0.186398 0.057802 0.329897
v -0.201032 0.070082 0.329897
v -0.186398 0.057802 0.329897
v -0.183081 0.063548 0.329897
v -0.201032 0.070082 0.329897
v -0.183081 0.063548 0.329897
v -0.181929 0.070082 0.329897
v -0.201032 0.070082 0.329897
v -0.181929 0.070082 0.329897
v -0.181929 0.070082 0.327212
v -0.183081 0.076616 0.327212
v -0.181929 0.070082 0.329897
v -0.183081 0.076616 0.327212
v -0.183081 0.076616 0.329897
v -0.183081 0.076616 0.329897
v -0.183081 0.076616 0.327212
v -0.186398 0.082361 0.327212
v -0.183081 0.076616 0.329897
v -0.186398 0.082361 0.327212
v -0.186398 0.082361 0.329897
v -0.186398 0.082361 0.329897
v -0.186398 0.082361 0.327212
v -0.191480 0.086626 0.327212
v -0.186398 0.082361 0.329897
v -0.191480 0.086626 0.327212
v -0.191480 0.086626 0.329897
v -0.191480 0.401380 0.329897
v -0.191480 0.401380 0.327212
v -0.199928 0.411143 0.327212
v -0.191480 0.401380 0.329897
v -0.199928 0.411143 0.327212
v -0.199928 0.411143 0.329897
v -0.199928 0.411143 0.329897
v -0.199928 0.411143 0.327212
v -0.201113 0.411143 0.327212
v -0.199928 0.411143 0.329897
v -0.201113 0.411143 0.327212
v -0.201113 0.411143 0.329897
v -0.201113 0.411143 0.329897
v -0.201113 0.411143 0.327212
v -0.210584 0.401380 0.327212
v -0.201113 0.411143 0.329897
v -0.210584 0.401380 0.327212
v -0.210584 0.401380 0.329897
v -0.210584 0.086626 0.329897
v -0.210584 0.086626 0.327212
v -0.215666 0.082361 0.327212
v -0.210584 0.086626 0.329897
v -0.215666 0.082361 0.327212
v -0.215666 0.082361 0.329897
v -0.215666 0.082361 0.329897
v -0.215666 0.082361 0.327212
v -0.218984 0.076616 0.327212
v -0.215666 0.082361 0.329897
v -0.218984 0.076616 0.327212
v -0.218984 0.076616 0.329897
v -0.218984 0.076616 0.329897
v -0.218984 0.076616 0.327212
v -0.220136 0.070082 0.327212
v -0.218984 0.076616 0.329897
v -0.220136 0.070082 0.327212
v -0.220136 0.070082 0.329897
v -0.218984 0.063548 0.327212
v -0.218984 0.063548 0.329897
v -0.220136 0.070082 0.329897
v -0.218984 0.063548 0.327212
v -0.220136 0.070082 0.329897
v -0.220136 0.070082 0.327212
v -0.215666 0.057802 0.327212
v -0.215666 0.057802 0.329897
v -0.218984 0.063548 0.329897
v -0.215666 0.057802 0.327212
v -0.218984 0.063548 0.329897
v -0.218984 0.063548 0.327212
v -0.210584 0.053538 0.327212
v -0.210584 0.053538 0.329897
v -0.215666 0.057802 0.329897
v -0.210584 0.053538 0.327212
v -0.215666 0.057802 0.329897
v -0.215666 0.057802 0.327212
v -0.204349 0.051268 0.327212
v -0.204349 0.051268 0.329897
v -0.210584 0.053538 0.329897
v -0.204349 0.051268 0.327212
v -0.210584 0.053538 0.329897
v -0.210584 0.053538 0.327212
v -0.197715 0.051268 0.327212
v -0.197715 0.051268 0.329897
v -0.204349 0.051268 0.329897
v -0.197715 0.051268 0.327212
v -0.204349 0.051268 0.329897
v -0.204349 0.051268 0.327212
v -0.191480 0.053538 0.327212
v -0.191480 0.053538 0.329897
v -0.197715 0.051268 0.329897
v -0.191480 0.053538 0.327212
v -0.197715 0.051268 0.329897
v -0.197715 0.051268 0.327212
v -0.186398 0.057802 0.327212
v -0.186398 0.057802 0.329897
v -0.191480 0.053538 0.329897
v -0.186398 0.057802 0.327212
v -0.191480 0.053538 0.329897
v -0.191480 0.053538 0.327212
v -0.183081 0.063548 0.327212
v -0.183081 0.063548 0.329897
v -0.186398 0.057802 0.329897
v -0.183081 0.063548 0.327212
v -0.186398 0.057802 0.329897
v -0.186398 0.057802 0.327212
v -0.181929 0.070082 0.327212
v -0.181929 0.070082 0.329897
v -0.183081 0.063548 0.329897
v -0.181929 0.070082 0.327212
v -0.183081 0.063548 0.329897
v -0.183081 0.063548 0.327212
v -0.210584 0.086626 0.327212
v -0.210584 0.086626 0.329897
v -0.210584 0.401380 0.329897
v -0.210584 0.086626 0.327212
v -0.210584 0.401380 0.329897
v -0.210584 0.401380 0.327212
v -0.199823 0.401380 0.329897
v -0.199928 0.411143 0.329897
v -0.201113 0.411143 0.329897
v -0.199823 0.401380 0.329897
v -0.201113 0.411143 0.329897
v -0.201266 0.401380 0.329897
v -0.191480 0.086626 0.329897
v -0.191480 0.086626 0.327212
v -0.191480 0.401380 0.327212
v -0.191480 0.086626 0.329897
v -0.191480 0.401380 0.327212
v -0.191480 0.401380 0.329897
v -0.204349 0.088895 0.329897
v -0.201266 0.401380 0.329897
v -0.210584 0.401380 0.329897
v -0.204349 0.088895 0.329897
v -0.210584 0.401380 0.329897
v -0.210584 0.086626 0.329897
v -0.197715 0.088895 0.329897
v -0.199823 0.401380 0.329897
v -0.201266 0.401380 0.329897
v -0.197715 0.088895 0.329897
v -0.201266 0.401380 0.329897
v -0.204349 0.088895 0.329897
v -0.191480 0.086626 0.329897
v -0.191480 0.401380 0.329897
v -0.199823 0.401380 0.329897
v -0.191480 0.086626 0.329897
v -0.199823 0.401380 0.329897
v -0.197715 0.088895 0.329897
v -0.382833 0.175000 0.327154
v -0.391212 0.180014 0.327154
v -0.387492 0.166930 0.327154
v -0.377941 0.183474 0.327154
v -0.390619 0.181040 0.327154
v -0.382112 0.176249 0.327154
v -0.191090 0.086626 0.327154
v -0.197325 0.088895 0.327154
v -0.200642 0.070082 0.327154
v -0.197325 0.088895 0.327154
v -0.203960 0.088895 0.327154
v -0.200642 0.070082 0.327154
v -0.203960 0.088895 0.327154
v -0.210194 0.086626 0.327154
v -0.200642 0.070082 0.327154
v -0.210194 0.086626 0.327154
v -0.215276 0.082361 0.327154
v -0.200642 0.070082 0.327154
v -0.215276 0.082361 0.327154
v -0.218594 0.076615 0.327154
v -0.200642 0.070082 0.327154
v -0.218594 0.076615 0.327154
v -0.219746 0.070082 0.327154
v -0.200642 0.070082 0.327154
v -0.219746 0.070082 0.327154
v -0.218594 0.063548 0.327154
v -0.200642 0.070082 0.327154
v -0.218594 0.063548 0.327154
v -0.215276 0.057802 0.327154
v -0.200642 0.070082 0.327154
v -0.215276 0.057802 0.327154
v -0.210194 0.053538 0.327154
v -0.200642 0.070082 0.327154
v -0.210194 0.053538 0.327154
v -0.203960 0.051268 0.327154
v -0.200642 0.070082 0.327154
v -0.203960 0.051268 0.327154
v -0.197325 0.051268 0.327154
v -0.200642 0.070082 0.327154
v -0.197325 0.051268 0.327154
v -0.191090 0.053538 0.327154
v -0.200642 0.070082 0.327154
v -0.191090 0.053538 0.327154
v -0.186008 0.057802 0.327154
v -0.200642 0.070082 0.327154
v -0.186008 0.057802 0.327154
v -0.182691 0.063548 0.327154
v -0.200642 0.070082 0.327154
v -0.182691 0.063548 0.327154
v -0.181539 0.070082 0.327154
v -0.200642 0.070082 0.327154
v -0.181539 0.070082 0.327154
v -0.182691 0.076616 0.327154
v -0.200642 0.070082 0.327154
v -0.182691 0.076616 0.327154
v -0.186008 0.082361 0.327154
v -0.200642 0.070082 0.327154
v -0.186008 0.082361 0.327154
v -0.191090 0.086626 0.327154
v -0.200642 0.070082 0.327154
v -0.191090 0.086626 0.327154
v -0.191090 0.086626 0.324469
v -0.197325 0.088895 0.324469
v -0.191090 0.086626 0.327154
v -0.197325 0.088895 0.324469
v -0.197325 0.088895 0.327154
v -0.197325 0.088895 0.327154
v -0.197325 0.088895 0.324469
v -0.203960 0.088895 0.324469
v -0.197325 0.088895 0.327154
v -0.203960 0.088895 0.324469
v -0.203960 0.088895 0.327154
v -0.203960 0.088895 0.327154
v -0.203960 0.088895 0.324469
v -0.210194 0.086626 0.324469
v -0.203960 0.088895 0.327154
v -0.210194 0.086626 0.324469
v -0.210194 0.086626 0.327154
v -0.377941 0.183474 0.327154
v -0.377941 0.183474 0.324469
v -0.390619 0.181040 0.324469
v -0.377941 0.183474 0.327154
v -0.390619 0.181040 0.324469
v -0.390619 0.181040 0.327154
v -0.390619 0.181040 0.327154
v -0.390619 0.181040 0.324469
v -0.391212 0.180014 0.324469
v -0.390619 0.181040 0.327154
v -0.391212 0.180014 0.324469
v -0.391212 0.180014 0.327154
v -0.391212 0.180014 0.327154
v -0.391212 0.180014 0.324469
v -0.387492 0.166930 0.324469
v -0.391212 0.180014 0.327154
v -0.387492 0.166930 0.324469
v -0.387492 0.166930 0.327154
v -0.219746 0.070082 0.327154
v -0.219746 0.070082 0.324469
v -0.218594 0.063548 0.324469
v -0.219746 0.070082 0.327154
v -0.218594 0.063548 0.324469
v -0.218594 0.063548 0.327154
v -0.218594 0.063548 0.327154
v -0.218594 0.063548 0.324469
v -0.215276 0.057802 0.324469
v -0.218594 0.063548 0.327154
v -0.215276 0.057802 0.324469
v -0.215276 0.057802 0.327154
v -0.215276 0.057802 0.327154
v -0.215276 0.057802 0.324469
v -0.210194 0.053538 0.324469
v -0.215276 0.057802 0.327154
v -0.210194 0.053538 0.324469
v -0.210194 0.053538 0.327154
v -0.203960 0.051268 0.324469
v -0.203960 0.051268 0.327154
v -0.210194 0.053538 0.327154
v -0.203960 0.051268 0.324469
v -0.210194 0.053538 0.327154
v -0.210194 0.053538 0.324469
v -0.197325 0.051268 0.324469
v -0.197325 0.051268 0.327154
v -0.203960 0.051268 0.327154
v -0.197325 0.051268 0.324469
v -0.203960 0.051268 0.327154
v -0.203960 0.051268 0.324469
v -0.191090 0.053538 0.324469
v -0.191090 0.053538 0.327154
v -0.197325 0.051268 0.327154
v -0.191090 0.053538 0.324469
v -0.197325 0.051268 0.327154
v -0.197325 0.051268 0.324469
v -0.186008 0.057802 0.324469
v -0.186008 0.057802 0.327154
v -0.191090 0.053538 0.327154
v -0.186008 0.057802 0.324469
v -0.191090 0.053538 0.327154
v -0.191090 0.053538 0.324469
v -0.182691 0.063548 0.324469
v -0.182691 0.063548 0.327154
v -0.186008 0.057802 0.327154
v -0.182691 0.063548 0.324469
v -0.186008 0.057802 0.327154
v -0.186008 0.057802 0.324469
v -0.181539 0.070082 0.324469
v -0.181539 0.070082 0.327154
v -0.182691 0.063548 0.327154
v -0.181539 0.070082 0.324469
v -0.182691 0.063548 0.327154
v -0.182691 0.063548 0.324469
v -0.182691 0.076616 0.324469
v -0.182691 0.076616 0.327154
v -0.181539 0.070082 0.327154
v -0.182691 0.076616 0.324469
v -0.181539 0.070082 0.327154
v -0.181539 0.070082 0.324469
v -0.186008 0.082361 0.324469
v -0.186008 0.082361 0.327154
v -0.182691 0.076616 0.327154
v -0.186008 0.082361 0.324469
v -0.182691 0.076616 0.327154
v -0.182691 0.076616 0.324469
v -0.191090 0.086626 0.324469
v -0.191090 0.086626 0.327154
v -0.186008 0.082361 0.327154
v -0.191090 0.086626 0.324469
v -0.186008 0.082361 0.327154
v -0.186008 0.082361 0.324469
v -0.387492 0.166930 0.327154
v -0.387492 0.166930 0.324469
v -0.219746 0.070082 0.324469
v -0.387492 0.166930 0.327154
v -0.219746 0.070082 0.324469
v -0.219746 0.070082 0.327154
v -0.382112 0.176249 0.327154
v -0.390619 0.181040 0.327154
v -0.391212 0.180014 0.327154
v -0.382112 0.176249 0.327154
v -0.391212 0.180014 0.327154
v -0.382833 0.175000 0.327154
v -0.210194 0.086626 0.327154
v -0.210194 0.086626 0.324469
v -0.377941 0.183474 0.324469
v -0.210194 0.086626 0.327154
v -0.377941 0.183474 0.324469
v -0.377941 0.183474 0.327154
v -0.218594 0.076615 0.327154
v -0.382833 0.175000 0.327154
v -0.387492 0.166930 0.327154
v -0.218594 0.076615 0.327154
v -0.387492 0.166930 0.327154
v -0.219746 0.070082 0.327154
v -0.215276 0.082361 0.327154
v -0.382112 0.176249 0.327154
v -0.382833 0.175000 0.327154
v -0.215276 0.082361 0.327154
v -0.382833 0.175000 0.327154
v -0.218594 0.076615 0.327154
v -0.210194 0.086626 0.327154
v -0.377941 0.183474 0.327154
v -0.382112 0.176249 0.327154
v -0.210194 0.086626 0.327154
v -0.382112 0.176249 0.327154
v -0.215276 0.082361 0.327154
v 0.567631 -0.792586 0.143547
v 0.564423 -0.792586 0.131578
v 0.599968 -0.792586 0.128468
v 0.564423 -0.792586 0.131578
v 0.565503 -0.792586 0.119233
v 0.599968 -0.792586 0.128468
v 0.565503 -0.792586 0.119233
v 0.570740 -0.792586 0.108003
v 0.599968 -0.792586 0.128468
v 0.570740 -0.792586 0.108003
v 0.579503 -0.792586 0.099240
v 0.599968 -0.792586 0.128468
v 0.579503 -0.792586 0.099240
v 0.590733 -0.792586 0.094003
v 0.599968 -0.792586 0.128468
v 0.590733 -0.792586 0.094003
v 0.603078 -0.792586 0.092923
v 0.599968 -0.792586 0.128468
v 0.603078 -0.792586 0.092923
v 0.615047 -0.792586 0.096131
v 0.599968 -0.792586 0.128468
v 0.615047 -0.792586 0.096131
v 0.625198 -0.792586 0.103238
v 0.599968 -0.792586 0.128468
v 0.625198 -0.792586 0.103238
v 0.632306 -0.792586 0.113389
v 0.599968 -0.792586 0.128468
v 0.632306 -0.792586 0.113389
v 0.635513 -0.792586 0.125358
v 0.599968 -0.792586 0.128468
v 0.635513 -0.792586 0.125358
v 0.634433 -0.792586 0.137703
v 0.599968 -0.792586 0.128468
v 0.634433 -0.792586 0.137703
v 0.629196 -0.792586 0.148934
v 0.599968 -0.792586 0.128468
v 0.629196 -0.792586 0.148934
v 0.620434 -0.792586 0.157696
v 0.599968 -0.792586 0.128468
v 0.620434 -0.792586 0.157696
v 0.609203 -0.792586 0.162933
v 0.599968 -0.792586 0.128468
v 0.609203 -0.792586 0.162933
v 0.596858 -0.792586 0.164013
v 0.599968 -0.792586 0.128468
v 0.596858 -0.792586 0.164013
v 0.584889 -0.792586 0.160806
v 0.599968 -0.792586 0.128468
v 0.584889 -0.792586 0.160806
v 0.574738 -0.792586 0.153698
v 0.599968 -0.792586 0.128468
v 0.574738 -0.792586 0.153698
v 0.567631 -0.792586 0.143547
v 0.599968 -0.792586 0.128468
v 0.567630 -0.792586 -0.197553
v 0.564423 -0.792586 -0.209522
v 0.599968 -0.792586 -0.212632
v 0.564423 -0.792586 -0.209522
v 0.565503 -0.792586 -0.221867
v 0.599968 -0.792586 -0.212632
v 0.565503 -0.792586 -0.221867
v 0.570740 -0.792586 -0.233097
v 0.599968 -0.792586 -0.212632
v 0.570740 -0.792586 -0.233097
v 0.579503 -0.792586 -0.241860
v 0.599968 -0.792586 -0.212632
v 0.579503 -0.792586 -0.241860
v 0.590733 -0.792586 -0.247097
v 0.599968 -0.792586 -0.212632
v 0.590733 -0.792586 -0.247097
v 0.603078 -0.792586 -0.248177
v 0.599968 -0.792586 -0.212632
v 0.603078 -0.792586 -0.248177
v 0.615047 -0.792586 -0.244969
v 0.599968 -0.792586 -0.212632
v 0.615047 -0.792586 -0.244969
v 0.625198 -0.792586 -0.237862
v 0.599968 -0.792586 -0.212632
v 0.625198 -0.792586 -0.237862
v 0.632306 -0.792586 -0.227711
v 0.599968 -0.792586 -0.212632
v 0.632306 -0.792586 -0.227711
v 0.635513 -0.792586 -0.215742
v 0.599968 -0.792586 -0.212632
v 0.635513 -0.792586 -0.215742
v 0.634433 -0.792586 -0.203397
v 0.599968 -0.792586 -0.212632
v 0.634433 -0.792586 -0.203397
v 0.629196 -0.792586 -0.192166
v 0.599968 -0.792586 -0.212632
v 0.629196 -0.792586 -0.192166
v 0.620434 -0.792586 -0.183404
v 0.599968 -0.792586 -0.212632
v 0.620434 -0.792586 -0.183404
v 0.609203 -0.792586 -0.178167
v 0.599968 -0.792586 -0.212632
v 0.609203 -0.792586 -0.178167
v 0.596858 -0.792586 -0.177087
v 0.599968 -0.792586 -0.212632
v 0.596858 -0.792586 -0.177087
v 0.584889 -0.792586 -0.180294
v 0.599968 -0.792586 -0.212632
v 0.584889 -0.792586 -0.180294
v 0.574738 -0.792586 -0.187402
v 0.599968 -0.792586 -0.212632
v 0.574738 -0.792586 -0.187402
v 0.567630 -0.792586 -0.197553
v 0.599968 -0.792586 -0.212632
v 0.553552 -0.690616 0.150112
v 0.548948 -0.690616 0.132932
v 0.564423 -0.792586 0.131578
v 0.553552 -0.690616 0.150112
v 0.564423 -0.792586 0.131578
v 0.567631 -0.792586 0.143547
v 0.563754 -0.690616 0.164683
v 0.553552 -0.690616 0.150112
v 0.567631 -0.792586 0.143547
v 0.563754 -0.690616 0.164683
v 0.567631 -0.792586 0.143547
v 0.574738 -0.792586 0.153698
v 0.563754 -0.690616 0.164683
v 0.574738 -0.792586 0.153698
v 0.584889 -0.792586 0.160806
v 0.563754 -0.690616 0.164683
v 0.584889 -0.792586 0.160806
v 0.578324 -0.690616 0.174885
v 0.578324 -0.690616 0.174885
v 0.584889 -0.792586 0.160806
v 0.596858 -0.792586 0.164013
v 0.578324 -0.690616 0.174885
v 0.596858 -0.792586 0.164013
v 0.595505 -0.690616 0.179488
v 0.595505 -0.690616 0.179488
v 0.596858 -0.792586 0.164013
v 0.609203 -0.792586 0.162933
v 0.595505 -0.690616 0.179488
v 0.609203 -0.792586 0.162933
v 0.613223 -0.690616 0.177938
v 0.613223 -0.690616 0.177938
v 0.609203 -0.792586 0.162933
v 0.620434 -0.792586 0.157696
v 0.613223 -0.690616 0.177938
v 0.620434 -0.792586 0.157696
v 0.629344 -0.690616 0.170421
v 0.620434 -0.792586 0.157696
v 0.629196 -0.792586 0.148934
v 0.641921 -0.690616 0.157844
v 0.620434 -0.792586 0.157696
v 0.641921 -0.690616 0.157844
v 0.629344 -0.690616 0.170421
v 0.629196 -0.792586 0.148934
v 0.634433 -0.792586 0.137703
v 0.649438 -0.690616 0.141723
v 0.629196 -0.792586 0.148934
v 0.649438 -0.690616 0.141723
v 0.641921 -0.690616 0.157844
v 0.634433 -0.792586 0.137703
v 0.635513 -0.792586 0.125358
v 0.650988 -0.690616 0.124004
v 0.634433 -0.792586 0.137703
v 0.650988 -0.690616 0.124004
v 0.649438 -0.690616 0.141723
v 0.635513 -0.792586 0.125358
v 0.632306 -0.792586 0.113389
v 0.646385 -0.690616 0.106824
v 0.635513 -0.792586 0.125358
v 0.646385 -0.690616 0.106824
v 0.650988 -0.690616 0.124004
v 0.632306 -0.792586 0.113389
v 0.625198 -0.792586 0.103238
v 0.636183 -0.690616 0.092254
v 0.632306 -0.792586 0.113389
v 0.636183 -0.690616 0.092254
v 0.646385 -0.690616 0.106824
v 0.615047 -0.792586 0.096131
v 0.621612 -0.690616 0.082052
v 0.636183 -0.690616 0.092254
v 0.615047 -0.792586 0.096131
v 0.636183 -0.690616 0.092254
v 0.625198 -0.792586 0.103238
v 0.603078 -0.792586 0.092923
v 0.604432 -0.690616 0.077448
v 0.621612 -0.690616 0.082052
v 0.603078 -0.792586 0.092923
v 0.621612 -0.690616 0.082052
v 0.615047 -0.792586 0.096131
v 0.590733 -0.792586 0.094003
v 0.586713 -0.690616 0.078998
v 0.604432 -0.690616 0.077448
v 0.590733 -0.792586 0.094003
v 0.604432 -0.690616 0.077448
v 0.603078 -0.792586 0.092923
v 0.579503 -0.792586 0.099240
v 0.570592 -0.690616 0.086515
v 0.586713 -0.690616 0.078998
v 0.579503 -0.792586 0.099240
v 0.586713 -0.690616 0.078998
v 0.590733 -0.792586 0.094003
v 0.558015 -0.690616 0.099092
v 0.570592 -0.690616 0.086515
v 0.579503 -0.792586 0.099240
v 0.558015 -0.690616 0.099092
v 0.579503 -0.792586 0.099240
v 0.570740 -0.792586 0.108003
v 0.550498 -0.690616 0.115213
v 0.558015 -0.690616 0.099092
v 0.570740 -0.792586 0.108003
v 0.550498 -0.690616 0.115213
v 0.570740 -0.792586 0.108003
v 0.565503 -0.792586 0.119233
v 0.548948 -0.690616 0.132932
v 0.550498 -0.690616 0.115213
v 0.565503 -0.792586 0.119233
v 0.548948 -0.690616 0.132932
v 0.565503 -0.792586 0.119233
v 0.564423 -0.792586 0.131578
v 0.553551 -0.690616 -0.190987
v 0.548948 -0.690616 -0.208168
v 0.564423 -0.792586 -0.209522
v 0.553551 -0.690616 -0.190987
v 0.564423 -0.792586 -0.209522
v 0.567630 -0.792586 -0.197553
v 0.563754 -0.690616 -0.176417
v 0.553551 -0.690616 -0.190987
v 0.567630 -0.792586 -0.197553
v 0.563754 -0.690616 -0.176417
v 0.567630 -0.792586 -0.197553
v 0.574738 -0.792586 -0.187402
v 0.563754 -0.690616 -0.176417
v 0.574738 -0.792586 -0.187402
v 0.584889 -0.792586 -0.180294
v 0.563754 -0.690616 -0.176417
v 0.584889 -0.792586 -0.180294
v 0.578324 -0.690616 -0.166215
v 0.578324 -0.690616 -0.166215
v 0.584889 -0.792586 -0.180294
v 0.596858 -0.792586 -0.177087
v 0.578324 -0.690616 -0.166215
v 0.596858 -0.792586 -0.177087
v 0.595504 -0.690616 -0.161612
v 0.595504 -0.690616 -0.161612
v 0.596858 -0.792586 -0.177087
v 0.609203 -0.792586 -0.178167
v 0.595504 -0.690616 -0.161612
v 0.609203 -0.792586 -0.178167
v 0.613223 -0.690616 -0.163162
v 0.613223 -0.690616 -0.163162
v 0.609203 -0.792586 -0.178167
v 0.620434 -0.792586 -0.183404
v 0.613223 -0.690616 -0.163162
v 0.620434 -0.792586 -0.183404
v 0.629344 -0.690616 -0.170679
v 0.620434 -0.792586 -0.183404
v 0.629196 -0.792586 -0.192166
v 0.641921 -0.690616 -0.183256
v 0.620434 -0.792586 -0.183404
v 0.641921 -0.690616 -0.183256
v 0.629344 -0.690616 -0.170679
v 0.629196 -0.792586 -0.192166
v 0.634433 -0.792586 -0.203397
v 0.649438 -0.690616 -0.199376
v 0.629196 -0.792586 -0.192166
v 0.649438 -0.690616 -0.199376
v 0.641921 -0.690616 -0.183256
v 0.634433 -0.792586 -0.203397
v 0.635513 -0.792586 -0.215742
v 0.650988 -0.690616 -0.217096
v 0.634433 -0.792586 -0.203397
v 0.650988 -0.690616 -0.217096
v 0.649438 -0.690616 -0.199376
v 0.635513 -0.792586 -0.215742
v 0.632306 -0.792586 -0.227711
v 0.646385 -0.690616 -0.234276
v 0.635513 -0.792586 -0.215742
v 0.646385 -0.690616 -0.234276
v 0.650988 -0.690616 -0.217096
v 0.632306 -0.792586 -0.227711
v 0.625198 -0.792586 -0.237862
v 0.636183 -0.690616 -0.248846
v 0.632306 -0.792586 -0.227711
v 0.636183 -0.690616 -0.248846
v 0.646385 -0.690616 -0.234276
v 0.615047 -0.792586 -0.244969
v 0.621612 -0.690616 -0.259048
v 0.636183 -0.690616 -0.248846
v 0.615047 -0.792586 -0.244969
v 0.636183 -0.690616 -0.248846
v 0.625198 -0.792586 -0.237862
v 0.603078 -0.792586 -0.248177
v 0.604432 -0.690616 -0.263652
v 0.621612 -0.690616 -0.259048
v 0.603078 -0.792586 -0.248177
v 0.621612 -0.690616 -0.259048
v 0.615047 -0.792586 -0.244969
v 0.590733 -0.792586 -0.247097
v 0.586713 -0.690616 -0.262102
v 0.604432 -0.690616 -0.263652
v 0.590733 -0.792586 -0.247097
v 0.604432 -0.690616 -0.263652
v 0.603078 -0.792586 -0.248177
v 0.579503 -0.792586 -0.241860
v 0.570592 -0.690616 -0.254585
v 0.586713 -0.690616 -0.262102
v 0.579503 -0.792586 -0.241860
v 0.586713 -0.690616 -0.262102
v 0.590733 -0.792586 -0.247097
v 0.558015 -0.690616 -0.242008
v 0.570592 -0.690616 -0.254585
v 0.579503 -0.792586 -0.241860
v 0.558015 -0.690616 -0.242008
v 0.579503 -0.792586 -0.241860
v 0.570740 -0.792586 -0.233097
v 0.550498 -0.690616 -0.225887
v 0.558015 -0.690616 -0.242008
v 0.570740 -0.792586 -0.233097
v 0.550498 -0.690616 -0.225887
v 0.570740 -0.792586 -0.233097
v 0.565503 -0.792586 -0.221867
v 0.548948 -0.690616 -0.208168
v 0.550498 -0.690616 -0.225887
v 0.565503 -0.792586 -0.221867
v 0.548948 -0.690616 -0.208168
v 0.565503 -0.792586 -0.221867
v 0.564423 -0.792586 -0.209522
v -0.548828 -0.792586 0.143547
v -0.552035 -0.792586 0.131578
v -0.516490 -0.792586 0.128468
v -0.552035 -0.792586 0.131578
v -0.550955 -0.792586 0.119233
v -0.516490 -0.792586 0.128468
v -0.550955 -0.792586 0.119233
v -0.545718 -0.792586 0.108003
v -0.516490 -0.792586 0.128468
v -0.545718 -0.792586 0.108003
v -0.536955 -0.792586 0.099240
v -0.516490 -0.792586 0.128468
v -0.536955 -0.792586 0.099240
v -0.525725 -0.792586 0.094003
v -0.516490 -0.792586 0.128468
v -0.525725 -0.792586 0.094003
v -0.513380 -0.792586 0.092923
v -0.516490 -0.792586 0.128468
v -0.513380 -0.792586 0.092923
v -0.501411 -0.792586 0.096131
v -0.516490 -0.792586 0.128468
v -0.501411 -0.792586 0.096131
v -0.491260 -0.792586 0.103238
v -0.516490 -0.792586 0.128468
v -0.491260 -0.792586 0.103238
v -0.484152 -0.792586 0.113389
v -0.516490 -0.792586 0.128468
v -0.484152 -0.792586 0.113389
v -0.480945 -0.792586 0.125358
v -0.516490 -0.792586 0.128468
v -0.480945 -0.792586 0.125358
v -0.482025 -0.792586 0.137703
v -0.516490 -0.792586 0.128468
v -0.482025 -0.792586 0.137703
v -0.487262 -0.792586 0.148934
v -0.516490 -0.792586 0.128468
v -0.487262 -0.792586 0.148934
v -0.496024 -0.792586 0.157696
v -0.516490 -0.792586 0.128468
v -0.496024 -0.792586 0.157696
v -0.507255 -0.792586 0.162933
v -0.516490 -0.792586 0.128468
v -0.507255 -0.792586 0.162933
v -0.519600 -0.792586 0.164013
v -0.516490 -0.792586 0.128468
v -0.519600 -0.792586 0.164013
v -0.531569 -0.792586 0.160806
v -0.516490 -0.792586 0.128468
v -0.531569 -0.792586 0.160806
v -0.541720 -0.792586 0.153698
v -0.516490 -0.792586 0.128468
v -0.541720 -0.792586 0.153698
v -0.548828 -0.792586 0.143547
v -0.516490 -0.792586 0.128468
v -0.548828 -0.792586 -0.197553
v -0.552035 -0.792586 -0.209522
v -0.516490 -0.792586 -0.212632
v -0.552035 -0.792586 -0.209522
v -0.550955 -0.792586 -0.221867
v -0.516490 -0.792586 -0.212632
v -0.550955 -0.792586 -0.221867
v -0.545718 -0.792586 -0.233097
v -0.516490 -0.792586 -0.212632
v -0.545718 -0.792586 -0.233097
v -0.536955 -0.792586 -0.241860
v -0.516490 -0.792586 -0.212632
v -0.536955 -0.792586 -0.241860
v -0.525725 -0.792586 -0.247096
v -0.516490 -0.792586 -0.212632
v -0.525725 -0.792586 -0.247096
v -0.513380 -0.792586 -0.248177
v -0.516490 -0.792586 -0.212632
v -0.513380 -0.792586 -0.248177
v -0.501411 -0.792586 -0.244969
v -0.516490 -0.792586 -0.212632
v -0.501411 -0.792586 -0.244969
v -0.491260 -0.792586 -0.237862
v -0.516490 -0.792586 -0.212632
v -0.491260 -0.792586 -0.237862
v -0.484152 -0.792586 -0.227711
v -0.516490 -0.792586 -0.212632
v -0.484152 -0.792586 -0.227711
v -0.480945 -0.792586 -0.215742
v -0.516490 -0.792586 -0.212632
v -0.480945 -0.792586 -0.215742
v -0.482025 -0.792586 -0.203397
v -0.516490 -0.792586 -0.212632
v -0.482025 -0.792586 -0.203397
v -0.487262 -0.792586 -0.192166
v -0.516490 -0.792586 -0.212632
v -0.487262 -0.792586 -0.192166
v -0.496024 -0.792586 -0.183404
v -0.516490 -0.792586 -0.212632
v -0.496024 -0.792586 -0.183404
v -0.507255 -0.792586 -0.178167
v -0.516490 -0.792586 -0.212632
v -0.507255 -0.792586 -0.178167
v -0.519600 -0.792586 -0.177087
v -0.516490 -0.792586 -0.212632
v -0.519600 -0.792586 -0.177087
v -0.531569 -0.792586 -0.180294
v -0.516490 -0.792586 -0.212632
v -0.531569 -0.792586 -0.180294
v -0.541720 -0.792586 -0.187402
v -0.516490 -0.792586 -0.212632
v -0.541720 -0.792586 -0.187402
v -0.548828 -0.792586 -0.197553
v -0.516490 -0.792586 -0.212632
v -0.562907 -0.690616 0.150113
v -0.567510 -0.690616 0.132932
v -0.552035 -0.792586 0.131578
v -0.562907 -0.690616 0.150113
v -0.552035 -0.792586 0.131578
v -0.548828 -0.792586 0.143547
v -0.552704 -0.690616 0.164683
v -0.562907 -0.690616 0.150113
v -0.548828 -0.792586 0.143547
v -0.552704 -0.690616 0.164683
v -0.548828 -0.792586 0.143547
v -0.541720 -0.792586 0.153698
v -0.552704 -0.690616 0.164683
v -0.541720 -0.792586 0.153698
v -0.531569 -0.792586 0.160806
v -0.552704 -0.690616 0.164683
v -0.531569 -0.792586 0.160806
v -0.538134 -0.690616 0.174885
v -0.538134 -0.690616 0.174885
v -0.531569 -0.792586 0.160806
v -0.519600 -0.792586 0.164013
v -0.538134 -0.690616 0.174885
v -0.519600 -0.792586 0.164013
v -0.520954 -0.690616 0.179488
v -0.520954 -0.690616 0.179488
v -0.519600 -0.792586 0.164013
v -0.507255 -0.792586 0.162933
v -0.520954 -0.690616 0.179488
v -0.507255 -0.792586 0.162933
v -0.503235 -0.690616 0.177938
v -0.503235 -0.690616 0.177938
v -0.507255 -0.792586 0.162933
v -0.496024 -0.792586 0.157696
v -0.503235 -0.690616 0.177938
v -0.496024 -0.792586 0.157696
v -0.487114 -0.690616 0.170421
v -0.496024 -0.792586 0.157696
v -0.487262 -0.792586 0.148934
v -0.474537 -0.690616 0.157844
v -0.496024 -0.792586 0.157696
v -0.474537 -0.690616 0.157844
v -0.487114 -0.690616 0.170421
v -0.487262 -0.792586 0.148934
v -0.482025 -0.792586 0.137703
v -0.467020 -0.690616 0.141724
v -0.487262 -0.792586 0.148934
v -0.467020 -0.690616 0.141724
v -0.474537 -0.690616 0.157844
v -0.482025 -0.792586 0.137703
v -0.480945 -0.792586 0.125358
v -0.465470 -0.690616 0.124004
v -0.482025 -0.792586 0.137703
v -0.465470 -0.690616 0.124004
v -0.467020 -0.690616 0.141724
v -0.480945 -0.792586 0.125358
v -0.484152 -0.792586 0.113389
v -0.470073 -0.690616 0.106824
v -0.480945 -0.792586 0.125358
v -0.470073 -0.690616 0.106824
v -0.465470 -0.690616 0.124004
v -0.484152 -0.792586 0.113389
v -0.491260 -0.792586 0.103238
v -0.480276 -0.690616 0.092254
v -0.484152 -0.792586 0.113389
v -0.480276 -0.690616 0.092254
v -0.470073 -0.690616 0.106824
v -0.501411 -0.792586 0.096131
v -0.494846 -0.690616 0.082052
v -0.480276 -0.690616 0.092254
v -0.501411 -0.792586 0.096131
v -0.480276 -0.690616 0.092254
v -0.491260 -0.792586 0.103238
v -0.513380 -0.792586 0.092923
v -0.512026 -0.690616 0.077448
v -0.494846 -0.690616 0.082052
v -0.513380 -0.792586 0.092923
v -0.494846 -0.690616 0.082052
v -0.501411 -0.792586 0.096131
v -0.525725 -0.792586 0.094003
v -0.529745 -0.690616 0.078998
v -0.512026 -0.690616 0.077448
v -0.525725 -0.792586 0.094003
v -0.512026 -0.690616 0.077448
v -0.513380 -0.792586 0.092923
v -0.536955 -0.792586 0.099240
v -0.545866 -0.690616 0.086515
v -0.529745 -0.690616 0.078998
v -0.536955 -0.792586 0.099240
v -0.529745 -0.690616 0.078998
v -0.525725 -0.792586 0.094003
v -0.558443 -0.690616 0.099092
v -0.545866 -0.690616 0.086515
v -0.536955 -0.792586 0.099240
v -0.558443 -0.690616 0.099092
v -0.536955 -0.792586 0.099240
v -0.545718 -0.792586 0.108003
v -0.565960 -0.690616 0.115213
v -0.558443 -0.690616 0.099092
v -0.545718 -0.792586 0.108003
v -0.565960 -0.690616 0.115213
v -0.545718 -0.792586 0.108003
v -0.550955 -0.792586 0.119233
v -0.567510 -0.690616 0.132932
v -0.565960 -0.690616 0.115213
v -0.550955 -0.792586 0.119233
v -0.567510 -0.690616 0.132932
v -0.550955 -0.792586 0.119233
v -0.552035 -0.792586 0.131578
v -0.562907 -0.690616 -0.190987
v -0.567510 -0.690616 -0.208168
v -0.552035 -0.792586 -0.209522
v -0.562907 -0.690616 -0.190987
v -0.552035 -0.792586 -0.209522
v -0.548828 -0.792586 -0.197553
v -0.552704 -0.690616 -0.176417
v -0.562907 -0.690616 -0.190987
v -0.548828 -0.792586 -0.197553
v -0.552704 -0.690616 -0.176417
v -0.548828 -0.792586 -0.197553
v -0.541720 -0.792586 -0.187402
v -0.552704 -0.690616 -0.176417
v -0.541720 -0.792586 -0.187402
v -0.531569 -0.792586 -0.180294
v -0.552704 -0.690616 -0.176417
v -0.531569 -0.792586 -0.180294
v -0.538134 -0.690616 -0.166215
v -0.538134 -0.690616 -0.166215
v -0.531569 -0.792586 -0.180294
v -0.519600 -0.792586 -0.177087
v -0.538134 -0.690616 -0.166215
v -0.519600 -0.792586 -0.177087
v -0.520954 -0.690616 -0.161612
v -0.520954 -0.690616 -0.161612
v -0.519600 -0.792586 -0.177087
v -0.507255 -0.792586 -0.178167
v -0.520954 -0.690616 -0.161612
v -0.507255 -0.792586 -0.178167
v -0.503235 -0.690616 -0.163162
v -0.503235 -0.690616 -0.163162
v -0.507255 -0.792586 -0.178167
v -0.496024 -0.792586 -0.183404
v -0.503235 -0.690616 -0.163162
v -0.496024 -0.792586 -0.183404
v -0.487114 -0.690616 -0.170679
v -0.496024 -0.792586 -0.183404
v -0.487262 -0.792586 -0.192166
v -0.474537 -0.690616 -0.183256
v -0.496024 -0.792586 -0.183404
v -0.474537 -0.690616 -0.183256
v -0.487114 -0.690616 -0.170679
v -0.487262 -0.792586 -0.192166
v -0.482025 -0.792586 -0.203397
v -0.467020 -0.690616 -0.199376
v -0.487262 -0.792586 -0.192166
v -0.467020 -0.690616 -0.199376
v -0.474537 -0.690616 -0.183256
v -0.482025 -0.792586 -0.203397
v -0.480945 -0.792586 -0.215742
v -0.465470 -0.690616 -0.217095
v -0.482025 -0.792586 -0.203397
v -0.465470 -0.690616 -0.217095
v -0.467020 -0.690616 -0.199376
v -0.480945 -0.792586 -0.215742
v -0.484152 -0.792586 -0.227711
v -0.470073 -0.690616 -0.234276
v -0.480945 -0.792586 -0.215742
v -0.470073 -0.690616 -0.234276
v -0.465470 -0.690616 -0.217095
v -0.484152 -0.792586 -0.227711
v -0.491260 -0.792586 -0.237862
v -0.480276 -0.690616 -0.248846
v -0.484152 -0.792586 -0.227711
v -0.480276 -0.690616 -0.248846
v -0.470073 -0.690616 -0.234276
v -0.501411 -0.792586 -0.244969
v -0.494846 -0.690616 -0.259048
v -0.480276 -0.690616 -0.248846
v -0.501411 -0.792586 -0.244969
v -0.480276 -0.690616 -0.248846
v -0.491260 -0.792586 -0.237862
v -0.513380 -0.792586 -0.248177
v -0.512026 -0.690616 -0.263652
v -0.494846 -0.690616 -0.259048
v -0.513380 -0.792586 -0.248177
v -0.494846 -0.690616 -0.259048
v -0.501411 -0.792586 -0.244969
v -0.525725 -0.792586 -0.247096
v -0.529745 -0.690616 -0.262102
v -0.512026 -0.690616 -0.263652
v -0.525725 -0.792586 -0.247096
v -0.512026 -0.690616 -0.263652
v -0.513380 -0.792586 -0.248177
v -0.536955 -0.792586 -0.241860
v -0.545866 -0.690616 -0.254585
v -0.529745 -0.690616 -0.262102
v -0.536955 -0.792586 -0.241860
v -0.529745 -0.690616 -0.262102
v -0.525725 -0.792586 -0.247096
v -0.558443 -0.690616 -0.242007
v -0.545866 -0.690616 -0.254585
v -0.536955 -0.792586 -0.241860
v -0.558443 -0.690616 -0.242007
v -0.536955 -0.792586 -0.241860
v -0.545718 -0.792586 -0.233097
v -0.565960 -0.690616 -0.225887
v -0.558443 -0.690616 -0.242007
v -0.545718 -0.792586 -0.233097
v -0.565960 -0.690616 -0.225887
v -0.545718 -0.792586 -0.233097
v -0.550955 -0.792586 -0.221867
v -0.567510 -0.690616 -0.208168
v -0.565960 -0.690616 -0.225887
v -0.550955 -0.792586 -0.221867
v -0.567510 -0.690616 -0.208168
v -0.550955 -0.792586 -0.221867
v -0.552035 -0.792586 -0.209522
v -0.585133 -0.693922 -0.289010
v 0.655488 -0.693922 -0.289009
v 0.035178 -0.693922 -0.034620
v 0.655488 -0.693922 -0.289009
v 0.677097 -0.693922 -0.285922
v 0.035178 -0.693922 -0.034620
v 0.677097 -0.693922 -0.285922
v 0.692532 -0.693922 -0.276661
v 0.035178 -0.693922 -0.034620
v 0.692532 -0.693922 -0.276661
v 0.701793 -0.693922 -0.261226
v 0.035178 -0.693922 -0.034620
v 0.701793 -0.693922 -0.261226
v 0.704880 -0.693922 -0.239617
v 0.035178 -0.693922 -0.034620
v 0.704880 -0.693922 -0.239617
v 0.704880 -0.693922 0.170378
v 0.035178 -0.693922 -0.034620
v 0.704880 -0.693922 0.170378
v 0.701793 -0.693922 0.191987
v 0.035178 -0.693922 -0.034620
v 0.701793 -0.693922 0.191987
v 0.692532 -0.693922 0.207422
v 0.035178 -0.693922 -0.034620
v 0.692532 -0.693922 0.207422
v 0.677097 -0.693922 0.216683
v 0.035178 -0.693922 -0.034620
v 0.677097 -0.693922 0.216683
v 0.655488 -0.693922 0.219770
v 0.035178 -0.693922 -0.034620
v 0.655488 -0.693922 0.219770
v -0.585133 -0.693922 0.219770
v 0.035178 -0.693922 -0.034620
v -0.585133 -0.693922 0.219770
v -0.606742 -0.693922 0.216683
v 0.035178 -0.693922 -0.034620
v -0.606742 -0.693922 0.216683
v -0.622177 -0.693922 0.207422
v 0.035178 -0.693922 -0.034620
v -0.622177 -0.693922 0.207422
v -0.631438 -0.693922 0.191987
v 0.035178 -0.693922 -0.034620
v -0.631438 -0.693922 0.191987
v -0.634525 -0.693922 0.170377
v 0.035178 -0.693922 -0.034620
v -0.634525 -0.693922 0.170377
v -0.634525 -0.693922 -0.239618
v 0.035178 -0.693922 -0.034620
v -0.634525 -0.693922 -0.239618
v -0.631438 -0.693922 -0.261227
v 0.035178 -0.693922 -0.034620
v -0.631438 -0.693922 -0.261227
v -0.622177 -0.693922 -0.276662
v 0.035178 -0.693922 -0.034620
v -0.622177 -0.693922 -0.276662
v -0.606742 -0.693922 -0.285923
v 0.035178 -0.693922 -0.034620
v -0.606742 -0.693922 -0.285923
v -0.585133 -0.693922 -0.289010
v 0.035178 -0.693922 -0.034620
v -0.585133 -0.693922 -0.289010
v -0.585133 -0.618494 -0.289010
v 0.655488 -0.618494 -0.289009
v -0.585133 -0.693922 -0.289010
v 0.655488 -0.618494 -0.289009
v 0.655488 -0.693922 -0.289009
v -0.585133 -0.618494 0.219770
v -0.585133 -0.693922 0.219770
v 0.655488 -0.693922 0.219770
v -0.585133 -0.618494 0.219770
v 0.655488 -0.693922 0.219770
v 0.655488 -0.618494 0.219770
v 0.704880 -0.618494 0.170378
v 0.704880 -0.693922 0.170378
v 0.704880 -0.693922 -0.239617
v 0.704880 -0.618494 0.170378
v 0.704880 -0.693922 -0.239617
v 0.704880 -0.618494 -0.239617
v -0.634525 -0.693922 0.170377
v -0.634525 -0.618494 0.170377
v -0.634525 -0.618494 -0.239618
v -0.634525 -0.693922 0.170377
v -0.634525 -0.618494 -0.239618
v -0.634525 -0.693922 -0.239618
v -0.606742 -0.693922 -0.285923
v -0.606742 -0.618494 -0.285923
v -0.585133 -0.618494 -0.289010
v -0.606742 -0.693922 -0.285923
v -0.585133 -0.618494 -0.289010
v -0.585133 -0.693922 -0.289010
v -0.622177 -0.693922 -0.276662
v -0.622177 -0.618494 -0.276662
v -0.606742 -0.618494 -0.285923
v -0.622177 -0.693922 -0.276662
v -0.606742 -0.618494 -0.285923
v -0.606742 -0.693922 -0.285923
v 0.655488 -0.693922 -0.289009
v 0.655488 -0.618494 -0.289009
v 0.677097 -0.618494 -0.285922
v 0.655488 -0.693922 -0.289009
v 0.677097 -0.618494 -0.285922
v 0.677097 -0.693922 -0.285922
v 0.677097 -0.693922 -0.285922
v 0.677097 -0.618494 -0.285922
v 0.692532 -0.618494 -0.276661
v 0.677097 -0.693922 -0.285922
v 0.692532 -0.618494 -0.276661
v 0.692532 -0.693922 -0.276661
v 0.655488 -0.618494 0.219770
v 0.655488 -0.693922 0.219770
v 0.677097 -0.693922 0.216683
v 0.655488 -0.618494 0.219770
v 0.677097 -0.693922 0.216683
v 0.677097 -0.618494 0.216683
v 0.677097 -0.618494 0.216683
v 0.677097 -0.693922 0.216683
v 0.692532 -0.693922 0.207422
v 0.677097 -0.618494 0.216683
v 0.692532 -0.693922 0.207422
v 0.692532 -0.618494 0.207422
v -0.606742 -0.618494 0.216683
v -0.606742 -0.693922 0.216683
v -0.585133 -0.693922 0.219770
v -0.606742 -0.618494 0.216683
v -0.585133 -0.693922 0.219770
v -0.585133 -0.618494 0.219770
v -0.622177 -0.618494 0.207422
v -0.622177 -0.693922 0.207422
v -0.606742 -0.693922 0.216683
v -0.622177 -0.618494 0.207422
v -0.606742 -0.693922 0.216683
v -0.606742 -0.618494 0.216683
v 0.701793 -0.693922 -0.261226
v 0.701793 -0.618494 -0.261226
v 0.704880 -0.618494 -0.239617
v 0.701793 -0.693922 -0.261226
v 0.704880 -0.618494 -0.239617
v 0.704880 -0.693922 -0.239617
v 0.692532 -0.693922 -0.276661
v 0.692532 -0.618494 -0.276661
v 0.701793 -0.618494 -0.261226
v 0.692532 -0.693922 -0.276661
v 0.701793 -0.618494 -0.261226
v 0.701793 -0.693922 -0.261226
v 0.701793 -0.618494 0.191987
v 0.701793 -0.693922 0.191987
v 0.704880 -0.693922 0.170378
v 0.701793 -0.618494 0.191987
v 0.704880 -0.693922 0.170378
v 0.704880 -0.618494 0.170378
v 0.692532 -0.618494 0.207422
v 0.692532 -0.693922 0.207422
v 0.701793 -0.693922 0.191987
v 0.692532 -0.618494 0.207422
v 0.701793 -0.693922 0.191987
v 0.701793 -0.618494 0.191987
v -0.634525 -0.693922 -0.239618
v -0.634525 -0.618494 -0.239618
v -0.631438 -0.618494 -0.261227
v -0.634525 -0.693922 -0.239618
v -0.631438 -0.618494 -0.261227
v -0.631438 -0.693922 -0.261227
v -0.631438 -0.693922 -0.261227
v -0.631438 -0.618494 -0.261227
v -0.622177 -0.618494 -0.276662
v -0.631438 -0.693922 -0.261227
v -0.622177 -0.618494 -0.276662
v -0.622177 -0.693922 -0.276662
v -0.634525 -0.618494 0.170377
v -0.634525 -0.693922 0.170377
v -0.631438 -0.693922 0.191987
v -0.634525 -0.618494 0.170377
v -0.631438 -0.693922 0.191987
v -0.631438 -0.618494 0.191987
v -0.631438 -0.618494 0.191987
v -0.631438 -0.693922 0.191987
v -0.622177 -0.693922 0.207422
v -0.631438 -0.618494 0.191987
v -0.622177 -0.693922 0.207422
v -0.622177 -0.618494 0.207422
v -0.714008 -0.138365 0.340526
v -0.709138 -0.211419 0.340526
v -0.200996 0.071677 0.340526
v -0.709138 -0.211419 0.340526
v -0.694921 -0.273024 0.340526
v -0.200996 0.071677 0.340526
v -0.694921 -0.273024 0.340526
v -0.671723 -0.324061 0.340526
v -0.200996 0.071677 0.340526
v -0.671723 -0.324061 0.340526
v -0.639745 -0.365175 0.340526
v -0.200996 0.071677 0.340526
v -0.639745 -0.365175 0.340526
v -0.598631 -0.397153 0.340526
v -0.200996 0.071677 0.340526
v -0.598631 -0.397153 0.340526
v -0.547594 -0.420351 0.340526
v -0.200996 0.071677 0.340526
v -0.547594 -0.420351 0.340526
v -0.485990 -0.434568 0.340526
v -0.200996 0.071677 0.340526
v -0.485990 -0.434568 0.340526
v -0.412935 -0.439438 0.340526
v -0.200996 0.071677 0.340526
v -0.412935 -0.439438 0.340526
v 0.010944 -0.439438 0.340526
v -0.200996 0.071677 0.340526
v 0.010944 -0.439438 0.340526
v 0.083998 -0.434568 0.340526
v -0.200996 0.071677 0.340526
v 0.083998 -0.434568 0.340526
v 0.145603 -0.420351 0.340526
v -0.200996 0.071677 0.340526
v 0.145603 -0.420351 0.340526
v 0.196640 -0.397153 0.340526
v -0.200996 0.071677 0.340526
v 0.196640 -0.397153 0.340526
v 0.237754 -0.365175 0.340526
v -0.200996 0.071677 0.340526
v 0.237754 -0.365175 0.340526
v 0.269732 -0.324061 0.340526
v -0.200996 0.071677 0.340526
v 0.269732 -0.324061 0.340526
v 0.292930 -0.273024 0.340526
v -0.200996 0.071677 0.340526
v 0.292930 -0.273024 0.340526
v 0.307147 -0.211419 0.340526
v -0.200996 0.071677 0.340526
v 0.307147 -0.211419 0.340526
v 0.312017 -0.138365 0.340526
v -0.200996 0.071677 0.340526
v 0.312017 -0.138365 0.340526
v 0.312017 0.281720 0.340526
v -0.200996 0.071677 0.340526
v 0.312017 0.281720 0.340526
v 0.307147 0.354774 0.340526
v -0.200996 0.071677 0.340526
v 0.307147 0.354774 0.340526
v 0.292930 0.416379 0.340526
v -0.200996 0.071677 0.340526
v 0.292930 0.416379 0.340526
v 0.269732 0.467416 0.340526
v -0.200996 0.071677 0.340526
v 0.269732 0.467416 0.340526
v 0.237754 0.508530 0.340526
v -0.200996 0.071677 0.340526
v 0.237754 0.508530 0.340526
v 0.196640 0.540508 0.340526
v -0.200996 0.071677 0.340526
v 0.196640 0.540508 0.340526
v 0.145603 0.563706 0.340526
v -0.200996 0.071677 0.340526
v 0.145603 0.563706 0.340526
v 0.083998 0.577923 0.340526
v -0.200996 0.071677 0.340526
v 0.083998 0.577923 0.340526
v 0.010944 0.582793 0.340526
v -0.200996 0.071677 0.340526
v 0.010944 0.582793 0.340526
v -0.412935 0.582793 0.340526
v -0.200996 0.071677 0.340526
v -0.412935 0.582793 0.340526
v -0.485990 0.577923 0.340526
v -0.200996 0.071677 0.340526
v -0.485990 0.577923 0.340526
v -0.547594 0.563706 0.340526
v -0.200996 0.071677 0.340526
v -0.547594 0.563706 0.340526
v -0.598631 0.540508 0.340526
v -0.200996 0.071677 0.340526
v -0.598631 0.540508 0.340526
v -0.639745 0.508530 0.340526
v -0.200996 0.071677 0.340526
v -0.639745 0.508530 0.340526
v -0.671723 0.467416 0.340526
v -0.200996 0.071677 0.340526
v -0.671723 0.467416 0.340526
v -0.694921 0.416379 0.340526
v -0.200996 0.071677 0.340526
v -0.694921 0.416379 0.340526
v -0.709138 0.354774 0.340526
v -0.200996 0.071677 0.340526
v -0.709138 0.354774 0.340526
v -0.714008 0.281720 0.340526
v -0.200996 0.071677 0.340526
v -0.714008 0.281720 0.340526
v -0.714008 -0.138365 0.340526
v -0.200996 0.071677 0.340526
v -0.709138 -0.211419 0.336440
v -0.714008 -0.138365 0.336440
v -0.200995 0.071677 0.336440
v -0.714008 -0.138365 0.336440
v -0.714008 0.281720 0.336440
v -0.200995 0.071677 0.336440
v -0.714008 0.281720 0.336440
v -0.709138 0.354774 0.336440
v -0.200995 0.071677 0.336440
v -0.709138 0.354774 0.336440
v -0.694921 0.416379 0.336440
v -0.200995 0.071677 0.336440
v -0.694921 0.416379 0.336440
v -0.671723 0.467416 0.336440
v -0.200995 0.071677 0.336440
v -0.671723 0.467416 0.336440
v -0.639745 0.508530 0.336440
v -0.200995 0.071677 0.336440
v -0.639745 0.508530 0.336440
v -0.598631 0.540508 0.336440
v -0.200995 0.071677 0.336440
v -0.598631 0.540508 0.336440
v -0.547595 0.563706 0.336440
v -0.200995 0.071677 0.336440
v -0.547595 0.563706 0.336440
v -0.485990 0.577923 0.336440
v -0.200995 0.071677 0.336440
v -0.485990 0.577923 0.336440
v -0.412935 0.582793 0.336440
v -0.200995 0.071677 0.336440
v -0.412935 0.582793 0.336440
v 0.010944 0.582793 0.336440
v -0.200995 0.071677 0.336440
v 0.010944 0.582793 0.336440
v 0.083998 0.577923 0.336440
v -0.200995 0.071677 0.336440
v 0.083998 0.577923 0.336440
v 0.145603 0.563706 0.336440
v -0.200995 0.071677 0.336440
v 0.145603 0.563706 0.336440
v 0.196640 0.540508 0.336440
v -0.200995 0.071677 0.336440
v 0.196640 0.540508 0.336440
v 0.237754 0.508530 0.336440
v -0.200995 0.071677 0.336440
v 0.237754 0.508530 0.336440
v 0.269732 0.467416 0.336440
v -0.200995 0.071677 0.336440
v 0.269732 0.467416 0.336440
v 0.292930 0.416379 0.336440
v -0.200995 0.071677 0.336440
v 0.292930 0.416379 0.336440
v 0.307147 0.354774 0.336440
v -0.200995 0.071677 0.336440
v 0.307147 0.354774 0.336440
v 0.312017 0.281720 0.336440
v -0.200995 0.071677 0.336440
v 0.312017 0.281720 0.336440
v 0.312017 -0.138365 0.336440
v -0.200995 0.071677 0.336440
v 0.312017 -0.138365 0.336440
v 0.307147 -0.211419 0.336440
v -0.200995 0.071677 0.336440
v 0.307147 -0.211419 0.336440
v 0.292930 -0.273024 0.336440
v -0.200995 0.071677 0.336440
v 0.292930 -0.273024 0.336440
v 0.269732 -0.324061 0.336440
v -0.200995 0.071677 0.336440
v 0.269732 -0.324061 0.336440
v 0.237754 -0.365175 0.336440
v -0.200995 0.071677 0.336440
v 0.237754 -0.365175 0.336440
v 0.196640 -0.397153 0.336440
v -0.200995 0.071677 0.336440
v 0.196640 -0.397153 0.336440
v 0.145603 -0.420351 0.336440
v -0.200995 0.071677 0.336440
v 0.145603 -0.420351 0.336440
v 0.083998 -0.434568 0.336440
v -0.200995 0.071677 0.336440
v 0.083998 -0.434568 0.336440
v 0.010944 -0.439438 0.336440
v -0.200995 0.071677 0.336440
v 0.010944 -0.439438 0.336440
v -0.412935 -0.439438 0.336440
v -0.200995 0.071677 0.336440
v -0.412935 -0.439438 0.336440
v -0.485990 -0.434568 0.336440
v -0.200995 0.071677 0.336440
v -0.485990 -0.434568 0.336440
v -0.547595 -0.420351 0.336440
v -0.200995 0.071677 0.336440
v -0.547595 -0.420351 0.336440
v -0.598631 -0.397153 0.336440
v -0.200995 0.071677 0.336440
v -0.598631 -0.397153 0.336440
v -0.639745 -0.365175 0.336440
v -0.200995 0.071677 0.336440
v -0.639745 -0.365175 0.336440
v -0.671723 -0.324061 0.336440
v -0.200995 0.071677 0.336440
v -0.671723 -0.324061 0.336440
v -0.694921 -0.273024 0.336440
v -0.200995 0.071677 0.336440
v -0.694921 -0.273024 0.336440
v -0.709138 -0.211419 0.336440
v -0.200995 0.071677 0.336440
v -0.709138 -0.211419 0.336440
v -0.709138 -0.211419 0.340526
v -0.714008 -0.138365 0.340526
v -0.709138 -0.211419 0.336440
v -0.714008 -0.138365 0.340526
v -0.714008 -0.138365 0.336440
v -0.694921 -0.273024 0.336440
v -0.694921 -0.273024 0.340526
v -0.709138 -0.211419 0.340526
v -0.694921 -0.273024 0.336440
v -0.709138 -0.211419 0.340526
v -0.709138 -0.211419 0.336440
v -0.671723 -0.324061 0.336440
v -0.671723 -0.324061 0.340526
v -0.694921 -0.273024 0.340526
v -0.671723 -0.324061 0.336440
v -0.694921 -0.273024 0.340526
v -0.694921 -0.273024 0.336440
v -0.639745 -0.365175 0.336440
v -0.639745 -0.365175 0.340526
v -0.671723 -0.324061 0.340526
v -0.639745 -0.365175 0.336440
v -0.671723 -0.324061 0.340526
v -0.671723 -0.324061 0.336440
v -0.598631 -0.397153 0.336440
v -0.598631 -0.397153 0.340526
v -0.639745 -0.365175 0.340526
v -0.598631 -0.397153 0.336440
v -0.639745 -0.365175 0.340526
v -0.639745 -0.365175 0.336440
v -0.547595 -0.420351 0.336440
v -0.547594 -0.420351 0.340526
v -0.598631 -0.397153 0.340526
v -0.547595 -0.420351 0.336440
v -0.598631 -0.397153 0.340526
v -0.598631 -0.397153 0.336440
v -0.485990 -0.434568 0.336440
v -0.485990 -0.434568 0.340526
v -0.547594 -0.420351 0.340526
v -0.485990 -0.434568 0.336440
v -0.547594 -0.420351 0.340526
v -0.547595 -0.420351 0.336440
v -0.412935 -0.439438 0.336440
v -0.412935 -0.439438 0.340526
v -0.485990 -0.434568 0.340526
v -0.412935 -0.439438 0.336440
v -0.485990 -0.434568 0.340526
v -0.485990 -0.434568 0.336440
v 0.010944 -0.439438 0.336440
v 0.010944 -0.439438 0.340526
v -0.412935 -0.439438 0.340526
v 0.010944 -0.439438 0.336440
v -0.412935 -0.439438 0.340526
v -0.412935 -0.439438 0.336440
v 0.083998 -0.434568 0.336440
v 0.083998 -0.434568 0.340526
v 0.010944 -0.439438 0.340526
v 0.083998 -0.434568 0.336440
v 0.010944 -0.439438 0.340526
v 0.010944 -0.439438 0.336440
v 0.145603 -0.420351 0.336440
v 0.145603 -0.420351 0.340526
v 0.083998 -0.434568 0.340526
v 0.145603 -0.420351 0.336440
v 0.083998 -0.434568 0.340526
v 0.083998 -0.434568 0.336440
v 0.196640 -0.397153 0.336440
v 0.196640 -0.397153 0.340526
v 0.145603 -0.420351 0.340526
v 0.196640 -0.397153 0.336440
v 0.145603 -0.420351 0.340526
v 0.145603 -0.420351 0.336440
v 0.237754 -0.365175 0.336440
v 0.237754 -0.365175 0.340526
v 0.196640 -0.397153 0.340526
v 0.237754 -0.365175 0.336440
v 0.196640 -0.397153 0.340526
v 0.196640 -0.397153 0.336440
v 0.269732 -0.324061 0.336440
v 0.269732 -0.324061 0.340526
v 0.237754 -0.365175 0.340526
v 0.269732 -0.324061 0.336440
v 0.237754 -0.365175 0.340526
v 0.237754 -0.365175 0.336440
v 0.292930 -0.273024 0.336440
v 0.292930 -0.273024 0.340526
v 0.269732 -0.324061 0.340526
v 0.292930 -0.273024 0.336440
v 0.269732 -0.324061 0.340526
v 0.269732 -0.324061 0.336440
v 0.307147 -0.211419 0.336440
v 0.307147 -0.211419 0.340526
v 0.292930 -0.273024 0.340526
v 0.307147 -0.211419 0.336440
v 0.292930 -0.273024 0.340526
v 0.292930 -0.273024 0.336440
v 0.312017 -0.138365 0.336440
v 0.312017 -0.138365 0.340526
v 0.307147 -0.211419 0.340526
v 0.312017 -0.138365 0.336440
v 0.307147 -0.211419 0.340526
v 0.307147 -0.211419 0.336440
v 0.312017 0.281720 0.336440
v 0.312017 0.281720 0.340526
v 0.312017 -0.138365 0.340526
v 0.312017 0.281720 0.336440
v 0.312017 -0.138365 0.340526
v 0.312017 -0.138365 0.336440
v 0.312017 0.281720 0.340526
v 0.312017 0.281720 0.336440
v 0.307147 0.354774 0.336440
v 0.312017 0.281720 0.340526
v 0.307147 0.354774 0.336440
v 0.307147 0.354774 0.340526
v 0.307147 0.354774 0.340526
v 0.307147 0.354774 0.336440
v 0.292930 0.416379 0.336440
v 0.307147 0.354774 0.340526
v 0.292930 0.416379 0.336440
v 0.292930 0.416379 0.340526
v 0.292930 0.416379 0.340526
v 0.292930 0.416379 0.336440
v 0.269732 0.467416 0.336440
v 0.292930 0.416379 0.340526
v 0.269732 0.467416 0.336440
v 0.269732 0.467416 0.340526
v 0.269732 0.467416 0.340526
v 0.269732 0.467416 0.336440
v 0.237754 0.508530 0.336440
v 0.269732 0.467416 0.340526
v 0.237754 0.508530 0.336440
v 0.237754 0.508530 0.340526
v 0.237754 0.508530 0.340526
v 0.237754 0.508530 0.336440
v 0.196640 0.540508 0.336440
v 0.237754 0.508530 0.340526
v 0.196640 0.540508 0.336440
v 0.196640 0.540508 0.340526
v 0.196640 0.540508 0.340526
v 0.196640 0.540508 0.336440
v 0.145603 0.563706 0.336440
v 0.196640 0.540508 0.340526
v 0.145603 0.563706 0.336440
v 0.145603 0.563706 0.340526
v 0.145603 0.563706 0.340526
v 0.145603 0.563706 0.336440
v 0.083998 0.577923 0.336440
v 0.145603 0.563706 0.340526
v 0.083998 0.577923 0.336440
v 0.083998 0.577923 0.340526
v 0.083998 0.577923 0.340526
v 0.083998 0.577923 0.336440
v 0.010944 0.582793 0.336440
v 0.083998 0.577923 0.340526
v 0.010944 0.582793 0.336440
v 0.010944 0.582793 0.340526
v 0.010944 0.582793 0.340526
v 0.010944 0.582793 0.336440
v -0.412935 0.582793 0.336440
v 0.010944 0.582793 0.340526
v -0.412935 0.582793 0.336440
v -0.412935 0.582793 0.340526
v -0.412935 0.582793 0.340526
v -0.412935 0.582793 0.336440
v -0.485990 0.577923 0.336440
v -0.412935 0.582793 0.340526
v -0.485990 0.577923 0.336440
v -0.485990 0.577923 0.340526
v -0.485990 0.577923 0.340526
v -0.485990 0.577923 0.336440
v -0.547595 0.563706 0.336440
v -0.485990 0.577923 0.340526
v -0.547595 0.563706 0.336440
v -0.547594 0.563706 0.340526
v -0.547594 0.563706 0.340526
v -0.547595 0.563706 0.336440
v -0.598631 0.540508 0.336440
v -0.547594 0.563706 0.340526
v -0.598631 0.540508 0.336440
v -0.598631 0.540508 0.340526
v -0.598631 0.540508 0.340526
v -0.598631 0.540508 0.336440
v -0.639745 0.508530 0.336440
v -0.598631 0.540508 0.340526
v -0.639745 0.508530 0.336440
v -0.639745 0.508530 0.340526
v -0.639745 0.508530 0.340526
v -0.639745 0.508530 0.336440
v -0.671723 0.467416 0.336440
v -0.639745 0.508530 0.340526
v -0.671723 0.467416 0.336440
v -0.671723 0.467416 0.340526
v -0.671723 0.467416 0.340526
v -0.671723 0.467416 0.336440
v -0.694921 0.416379 0.336440
v -0.671723 0.467416 0.340526
v -0.694921 0.416379 0.336440
v -0.694921 0.416379 0.340526
v -0.694921 0.416379 0.340526
v -0.694921 0.416379 0.336440
v -0.709138 0.354774 0.336440
v -0.694921 0.416379 0.340526
v -0.709138 0.354774 0.336440
v -0.709138 0.354774 0.340526
v -0.709138 0.354774 0.340526
v -0.709138 0.354774 0.336440
v -0.714008 0.281720 0.336440
v -0.709138 0.354774 0.340526
v -0.714008 0.281720 0.336440
v -0.714008 0.281720 0.340526
v -0.714008 0.281720 0.340526
v -0.714008 0.281720 0.336440
v -0.714008 -0.138365 0.336440
v -0.714008 0.281720 0.340526
v -0.714008 -0.138365 0.336440
v -0.714008 -0.138365 0.340526
v 0.011677 -0.461429 0.278233
v 0.011677 -0.461429 0.337294
v -0.413668 -0.461429 0.337294
v 0.011677 -0.461429 0.278233
v -0.413668 -0.461429 0.337294
v -0.413668 -0.461429 0.278233
v 0.334008 0.282452 0.278233
v 0.334008 0.282452 0.337294
v 0.334008 -0.139097 0.337294
v 0.334008 0.282452 0.278233
v 0.334008 -0.139097 0.337294
v 0.334008 -0.139097 0.278233
v 0.011677 0.604783 0.337294
v 0.011677 0.604784 0.278233
v -0.413668 0.604784 0.278233
v 0.011677 0.604783 0.337294
v -0.413668 0.604784 0.278233
v -0.413668 0.604783 0.337294
v -0.735999 0.282452 0.337294
v -0.735999 0.282452 0.278233
v -0.735999 -0.139097 0.278233
v -0.735999 0.282452 0.337294
v -0.735999 -0.139097 0.278233
v -0.735999 -0.139097 0.337294
v 0.087223 -0.456392 0.278233
v 0.087223 -0.456392 0.337294
v 0.011677 -0.461429 0.337294
v 0.087223 -0.456392 0.278233
v 0.011677 -0.461429 0.337294
v 0.011677 -0.461429 0.278233
v 0.152696 -0.441283 0.278233
v 0.152696 -0.441283 0.337294
v 0.087223 -0.456392 0.337294
v 0.152696 -0.441283 0.278233
v 0.087223 -0.456392 0.337294
v 0.087223 -0.456392 0.278233
v 0.208097 -0.416101 0.278233
v 0.208097 -0.416101 0.337294
v 0.152696 -0.441283 0.337294
v 0.208097 -0.416101 0.278233
v 0.152696 -0.441283 0.337294
v 0.152696 -0.441283 0.278233
v 0.253425 -0.380846 0.278233
v 0.253425 -0.380846 0.337294
v 0.208097 -0.416101 0.337294
v 0.253425 -0.380846 0.278233
v 0.208097 -0.416101 0.337294
v 0.208097 -0.416101 0.278233
v -0.413668 -0.461429 0.278233
v -0.413668 -0.461429 0.337294
v -0.489214 -0.456392 0.337294
v -0.413668 -0.461429 0.278233
v -0.489214 -0.456392 0.337294
v -0.489214 -0.456392 0.278233
v -0.489214 -0.456392 0.278233
v -0.489214 -0.456392 0.337294
v -0.554688 -0.441283 0.337294
v -0.489214 -0.456392 0.278233
v -0.554688 -0.441283 0.337294
v -0.554688 -0.441283 0.278233
v -0.554688 -0.441283 0.278233
v -0.554688 -0.441283 0.337294
v -0.610088 -0.416101 0.337294
v -0.554688 -0.441283 0.278233
v -0.610088 -0.416101 0.337294
v -0.610088 -0.416101 0.278233
v -0.610088 -0.416101 0.278233
v -0.610088 -0.416101 0.337294
v -0.655416 -0.380846 0.337294
v -0.610088 -0.416101 0.278233
v -0.655416 -0.380846 0.337294
v -0.655416 -0.380846 0.278233
v 0.334008 0.282452 0.337294
v 0.334008 0.282452 0.278233
v 0.328971 0.357998 0.278233
v 0.334008 0.282452 0.337294
v 0.328971 0.357998 0.278233
v 0.328971 0.357998 0.337294
v 0.328971 0.357998 0.337294
v 0.328971 0.357998 0.278233
v 0.313862 0.423472 0.278233
v 0.328971 0.357998 0.337294
v 0.313862 0.423472 0.278233
v 0.313862 0.423472 0.337294
v 0.313862 0.423472 0.337294
v 0.313862 0.423472 0.278233
v 0.288680 0.478873 0.278233
v 0.313862 0.423472 0.337294
v 0.288680 0.478873 0.278233
v 0.288680 0.478873 0.337293
v 0.288680 0.478873 0.337293
v 0.288680 0.478873 0.278233
v 0.253425 0.524201 0.278233
v 0.288680 0.478873 0.337293
v 0.253425 0.524201 0.278233
v 0.253425 0.524201 0.337294
v 0.334008 -0.139097 0.278233
v 0.334008 -0.139097 0.337294
v 0.328971 -0.214644 0.337294
v 0.334008 -0.139097 0.278233
v 0.328971 -0.214644 0.337294
v 0.328971 -0.214644 0.278233
v 0.328971 -0.214644 0.278233
v 0.328971 -0.214644 0.337294
v 0.313862 -0.280117 0.337293
v 0.328971 -0.214644 0.278233
v 0.313862 -0.280117 0.337293
v 0.313862 -0.280117 0.278233
v 0.313862 -0.280117 0.278233
v 0.313862 -0.280117 0.337293
v 0.288680 -0.335518 0.337293
v 0.313862 -0.280117 0.278233
v 0.288680 -0.335518 0.337293
v 0.288680 -0.335518 0.278233
v 0.288680 -0.335518 0.278233
v 0.288680 -0.335518 0.337293
v 0.253425 -0.380846 0.337294
v 0.288680 -0.335518 0.278233
v 0.253425 -0.380846 0.337294
v 0.253425 -0.380846 0.278233
v -0.413668 0.604783 0.337294
v -0.413668 0.604784 0.278233
v -0.489214 0.599747 0.278233
v -0.413668 0.604783 0.337294
v -0.489214 0.599747 0.278233
v -0.489214 0.599747 0.337294
v -0.489214 0.599747 0.337294
v -0.489214 0.599747 0.278233
v -0.554688 0.584638 0.278233
v -0.489214 0.599747 0.337294
v -0.554688 0.584638 0.278233
v -0.554688 0.584638 0.337294
v -0.554688 0.584638 0.337294
v -0.554688 0.584638 0.278233
v -0.610088 0.559456 0.278233
v -0.554688 0.584638 0.337294
v -0.610088 0.559456 0.278233
v -0.610088 0.559456 0.337294
v -0.610088 0.559456 0.337294
v -0.610088 0.559456 0.278233
v -0.655416 0.524201 0.278233
v -0.610088 0.559456 0.337294
v -0.655416 0.524201 0.278233
v -0.655416 0.524201 0.337294
v 0.087223 0.599747 0.337294
v 0.087223 0.599747 0.278233
v 0.011677 0.604784 0.278233
v 0.087223 0.599747 0.337294
v 0.011677 0.604784 0.278233
v 0.011677 0.604783 0.337294
v 0.152696 0.584638 0.337294
v 0.152696 0.584638 0.278233
v 0.087223 0.599747 0.278233
v 0.152696 0.584638 0.337294
v 0.087223 0.599747 0.278233
v 0.087223 0.599747 0.337294
v 0.208097 0.559456 0.337294
v 0.208097 0.559456 0.278233
v 0.152696 0.584638 0.278233
v 0.208097 0.559456 0.337294
v 0.152696 0.584638 0.278233
v 0.152696 0.584638 0.337294
v 0.253425 0.524201 0.337294
v 0.253425 0.524201 0.278233
v 0.208097 0.559456 0.278233
v 0.253425 0.524201 0.337294
v 0.208097 0.559456 0.278233
v 0.208097 0.559456 0.337294
v -0.730963 -0.214644 0.278233
v -0.730963 -0.214644 0.337294
v -0.735999 -0.139097 0.337294
v -0.730963 -0.214644 0.278233
v -0.735999 -0.139097 0.337294
v -0.735999 -0.139097 0.278233
v -0.715853 -0.280117 0.278233
v -0.715853 -0.280117 0.337294
v -0.730963 -0.214644 0.337294
v -0.715853 -0.280117 0.278233
v -0.730963 -0.214644 0.337294
v -0.730963 -0.214644 0.278233
v -0.690671 -0.335518 0.278233
v -0.690671 -0.335518 0.337294
v -0.715853 -0.280117 0.337294
v -0.690671 -0.335518 0.278233
v -0.715853 -0.280117 0.337294
v -0.715853 -0.280117 0.278233
v -0.655416 -0.380846 0.278233
v -0.655416 -0.380846 0.337294
v -0.690671 -0.335518 0.337294
v -0.655416 -0.380846 0.278233
v -0.690671 -0.335518 0.337294
v -0.690671 -0.335518 0.278233
v -0.730963 0.357998 0.337294
v -0.730963 0.357998 0.278233
v -0.735999 0.282452 0.278233
v -0.730963 0.357998 0.337294
v -0.735999 0.282452 0.278233
v -0.735999 0.282452 0.337294
v -0.715853 0.423472 0.337294
v -0.715853 0.423472 0.278233
v -0.730963 0.357998 0.278233
v -0.715853 0.423472 0.337294
v -0.730963 0.357998 0.278233
v -0.730963 0.357998 0.337294
v -0.690671 0.478873 0.337294
v -0.690671 0.478873 0.278233
v -0.715853 0.423472 0.278233
v -0.690671 0.478873 0.337294
v -0.715853 0.423472 0.278233
v -0.715853 0.423472 0.337294
v -0.655416 0.524201 0.337294
v -0.655416 0.524201 0.278233
v -0.690671 0.478873 0.278233
v -0.655416 0.524201 0.337294
v -0.690671 0.478873 0.278233
v -0.690671 0.478873 0.337294
v -0.709138 -0.211419 0.341275
v -0.714008 -0.138365 0.341275
v -0.732018 -0.139097 0.341275
v -0.709138 -0.211419 0.341275
v -0.732018 -0.139097 0.341275
v -0.727011 -0.214060 0.341275
v -0.694922 -0.273024 0.341275
v -0.709138 -0.211419 0.341275
v -0.727011 -0.214060 0.341275
v -0.694922 -0.273024 0.341275
v -0.727011 -0.214060 0.341275
v -0.712064 -0.278833 0.341275
v -0.687241 -0.333444 0.341275
v -0.671723 -0.324061 0.341275
v -0.694922 -0.273024 0.341275
v -0.687241 -0.333444 0.341275
v -0.694922 -0.273024 0.341275
v -0.712064 -0.278833 0.341275
v -0.652579 -0.378009 0.341275
v -0.639745 -0.365175 0.341275
v -0.671723 -0.324061 0.341275
v -0.652579 -0.378009 0.341275
v -0.671723 -0.324061 0.341275
v -0.687241 -0.333444 0.341275
v -0.608014 -0.412670 0.341275
v -0.598631 -0.397153 0.341275
v -0.639745 -0.365175 0.341275
v -0.608014 -0.412670 0.341275
v -0.639745 -0.365175 0.341275
v -0.652579 -0.378009 0.341275
v -0.553403 -0.437493 0.341275
v -0.547595 -0.420351 0.341275
v -0.598631 -0.397153 0.341275
v -0.553403 -0.437493 0.341275
v -0.598631 -0.397153 0.341275
v -0.608014 -0.412670 0.341275
v -0.488630 -0.452441 0.341275
v -0.485989 -0.434568 0.341275
v -0.547595 -0.420351 0.341275
v -0.488630 -0.452441 0.341275
v -0.547595 -0.420351 0.341275
v -0.553403 -0.437493 0.341275
v -0.413403 -0.457456 0.341275
v -0.412935 -0.439438 0.341275
v -0.485989 -0.434568 0.341275
v -0.413403 -0.457456 0.341275
v -0.485989 -0.434568 0.341275
v -0.488630 -0.452441 0.341275
v 0.011677 -0.457447 0.341275
v 0.010944 -0.439438 0.341275
v -0.412935 -0.439438 0.341275
v 0.011677 -0.457447 0.341275
v -0.412935 -0.439438 0.341275
v -0.413403 -0.457456 0.341275
v 0.086639 -0.452441 0.341275
v 0.083999 -0.434568 0.341275
v 0.010944 -0.439438 0.341275
v 0.086639 -0.452441 0.341275
v 0.010944 -0.439438 0.341275
v 0.011677 -0.457447 0.341275
v 0.151412 -0.437493 0.341275
v 0.145603 -0.420351 0.341275
v 0.083999 -0.434568 0.341275
v 0.151412 -0.437493 0.341275
v 0.083999 -0.434568 0.341275
v 0.086639 -0.452441 0.341275
v 0.206023 -0.412670 0.341275
v 0.196640 -0.397153 0.341275
v 0.145603 -0.420351 0.341275
v 0.206023 -0.412670 0.341275
v 0.145603 -0.420351 0.341275
v 0.151412 -0.437493 0.341275
v 0.250588 -0.378009 0.341275
v 0.237754 -0.365175 0.341275
v 0.196640 -0.397153 0.341275
v 0.250588 -0.378009 0.341275
v 0.196640 -0.397153 0.341275
v 0.206023 -0.412670 0.341275
v 0.285249 -0.333444 0.341275
v 0.269732 -0.324061 0.341275
v 0.237754 -0.365175 0.341275
v 0.285249 -0.333444 0.341275
v 0.237754 -0.365175 0.341275
v 0.250588 -0.378009 0.341275
v 0.310072 -0.278833 0.341275
v 0.292930 -0.273024 0.341275
v 0.269732 -0.324061 0.341275
v 0.310072 -0.278833 0.341275
v 0.269732 -0.324061 0.341275
v 0.285249 -0.333444 0.341275
v 0.310072 -0.278833 0.341275
v 0.325020 -0.214060 0.341275
v 0.307147 -0.211419 0.341275
v 0.310072 -0.278833 0.341275
v 0.307147 -0.211419 0.341275
v 0.292930 -0.273024 0.341275
v 0.325020 -0.214060 0.341275
v 0.330035 -0.138832 0.341275
v 0.312017 -0.138365 0.341275
v 0.325020 -0.214060 0.341275
v 0.312017 -0.138365 0.341275
v 0.307147 -0.211419 0.341275
v 0.330035 -0.138832 0.341275
v 0.330026 0.282452 0.341275
v 0.312017 0.281720 0.341275
v 0.330035 -0.138832 0.341275
v 0.312017 0.281720 0.341275
v 0.312017 -0.138365 0.341275
v 0.330026 0.282452 0.341275
v 0.325020 0.357415 0.341275
v 0.307147 0.354774 0.341275
v 0.330026 0.282452 0.341275
v 0.307147 0.354774 0.341275
v 0.312017 0.281720 0.341275
v 0.325020 0.357415 0.341275
v 0.310072 0.422188 0.341275
v 0.292930 0.416379 0.341275
v 0.325020 0.357415 0.341275
v 0.292930 0.416379 0.341275
v 0.307147 0.354774 0.341275
v 0.292930 0.416379 0.341275
v 0.310072 0.422188 0.341275
v 0.285249 0.476798 0.341275
v 0.292930 0.416379 0.341275
v 0.285249 0.476798 0.341275
v 0.269732 0.467416 0.341275
v 0.269732 0.467416 0.341275
v 0.285249 0.476798 0.341275
v 0.250588 0.521363 0.341275
v 0.269732 0.467416 0.341275
v 0.250588 0.521363 0.341275
v 0.237754 0.508530 0.341275
v 0.237754 0.508530 0.341275
v 0.250588 0.521363 0.341275
v 0.206023 0.556025 0.341275
v 0.237754 0.508530 0.341275
v 0.206023 0.556025 0.341275
v 0.196640 0.540508 0.341275
v 0.196640 0.540508 0.341275
v 0.206023 0.556025 0.341275
v 0.151412 0.580848 0.341275
v 0.196640 0.540508 0.341275
v 0.151412 0.580848 0.341275
v 0.145603 0.563706 0.341275
v 0.145603 0.563706 0.341275
v 0.151412 0.580848 0.341275
v 0.086639 0.595796 0.341275
v 0.145603 0.563706 0.341275
v 0.086639 0.595796 0.341275
v 0.083999 0.577923 0.341275
v 0.083999 0.577923 0.341275
v 0.086639 0.595796 0.341275
v 0.011412 0.600811 0.341275
v 0.083999 0.577923 0.341275
v 0.011412 0.600811 0.341275
v 0.010944 0.582793 0.341275
v 0.010944 0.582793 0.341275
v 0.011412 0.600811 0.341275
v -0.413668 0.600802 0.341275
v 0.010944 0.582793 0.341275
v -0.413668 0.600802 0.341275
v -0.412935 0.582793 0.341275
v -0.412935 0.582793 0.341275
v -0.413668 0.600802 0.341275
v -0.488630 0.595796 0.341275
v -0.412935 0.582793 0.341275
v -0.488630 0.595796 0.341275
v -0.485989 0.577923 0.341275
v -0.485989 0.577923 0.341275
v -0.488630 0.595796 0.341275
v -0.553403 0.580848 0.341275
v -0.485989 0.577923 0.341275
v -0.553403 0.580848 0.341275
v -0.547595 0.563706 0.341275
v -0.547595 0.563706 0.341275
v -0.553403 0.580848 0.341275
v -0.608014 0.556025 0.341275
v -0.547595 0.563706 0.341275
v -0.608014 0.556025 0.341275
v -0.598631 0.540508 0.341275
v -0.598631 0.540508 0.341275
v -0.608014 0.556025 0.341275
v -0.652579 0.521363 0.341275
v -0.598631 0.540508 0.341275
v -0.652579 0.521363 0.341275
v -0.639745 0.508530 0.341275
v -0.639745 0.508530 0.341275
v -0.652579 0.521363 0.341275
v -0.687241 0.476798 0.341275
v -0.639745 0.508530 0.341275
v -0.687241 0.476798 0.341275
v -0.671723 0.467416 0.341275
v -0.671723 0.467416 0.341275
v -0.687241 0.476798 0.341275
v -0.712064 0.422188 0.341275
v -0.671723 0.467416 0.341275
v -0.712064 0.422188 0.341275
v -0.694922 0.416379 0.341275
v -0.709138 0.354774 0.341275
v -0.694922 0.416379 0.341275
v -0.712064 0.422188 0.341275
v -0.709138 0.354774 0.341275
v -0.712064 0.422188 0.341275
v -0.727011 0.357415 0.341275
v -0.714008 0.281720 0.341275
v -0.709138 0.354774 0.341275
v -0.727011 0.357415 0.341275
v -0.714008 0.281720 0.341275
v -0.727011 0.357415 0.341275
v -0.732026 0.282187 0.341275
v -0.714008 -0.138365 0.341275
v -0.714008 0.281720 0.341275
v -0.732026 0.282187 0.341275
v -0.714008 -0.138365 0.341275
v -0.732026 0.282187 0.341275
v -0.732018 -0.139097 0.341275
v -0.709138 -0.211419 0.341275
v -0.709138 -0.211419 0.323829
v -0.714008 -0.138365 0.323829
v -0.709138 -0.211419 0.341275
v -0.714008 -0.138365 0.323829
v -0.714008 -0.138365 0.341275
v -0.694922 -0.273024 0.341275
v -0.694922 -0.273024 0.323829
v -0.709138 -0.211419 0.323829
v -0.694922 -0.273024 0.341275
v -0.709138 -0.211419 0.323829
v -0.709138 -0.211419 0.341275
v -0.671723 -0.324061 0.341275
v -0.671723 -0.324061 0.323829
v -0.694922 -0.273024 0.323829
v -0.671723 -0.324061 0.341275
v -0.694922 -0.273024 0.323829
v -0.694922 -0.273024 0.341275
v -0.639745 -0.365175 0.341275
v -0.639745 -0.365175 0.323829
v -0.671723 -0.324061 0.323829
v -0.639745 -0.365175 0.341275
v -0.671723 -0.324061 0.323829
v -0.671723 -0.324061 0.341275
v -0.598631 -0.397153 0.341275
v -0.598631 -0.397153 0.323829
v -0.639745 -0.365175 0.323829
v -0.598631 -0.397153 0.341275
v -0.639745 -0.365175 0.323829
v -0.639745 -0.365175 0.341275
v -0.547595 -0.420351 0.341275
v -0.547595 -0.420351 0.323829
v -0.598631 -0.397153 0.323829
v -0.547595 -0.420351 0.341275
v -0.598631 -0.397153 0.323829
v -0.598631 -0.397153 0.341275
v -0.485989 -0.434568 0.341275
v -0.485989 -0.434568 0.323829
v -0.547595 -0.420351 0.323829
v -0.485989 -0.434568 0.341275
v -0.547595 -0.420351 0.323829
v -0.547595 -0.420351 0.341275
v -0.412935 -0.439438 0.341275
v -0.412935 -0.439438 0.323829
v -0.485989 -0.434568 0.323829
v -0.412935 -0.439438 0.341275
v -0.485989 -0.434568 0.323829
v -0.485989 -0.434568 0.341275
v 0.010944 -0.439438 0.341275
v 0.010944 -0.439438 0.323829
v -0.412935 -0.439438 0.323829
v 0.010944 -0.439438 0.341275
v -0.412935 -0.439438 0.323829
v -0.412935 -0.439438 0.341275
v 0.083999 -0.434568 0.341275
v 0.083999 -0.434568 0.323829
v 0.010944 -0.439438 0.323829
v 0.083999 -0.434568 0.341275
v 0.010944 -0.439438 0.323829
v 0.010944 -0.439438 0.341275
v 0.145603 -0.420351 0.341275
v 0.145603 -0.420351 0.323829
v 0.083999 -0.434568 0.323829
v 0.145603 -0.420351 0.341275
v 0.083999 -0.434568 0.323829
v 0.083999 -0.434568 0.341275
v 0.196640 -0.397153 0.341275
v 0.196640 -0.397153 0.323829
v 0.145603 -0.420351 0.323829
v 0.196640 -0.397153 0.341275
v 0.145603 -0.420351 0.323829
v 0.145603 -0.420351 0.341275
v 0.237754 -0.365175 0.341275
v 0.237754 -0.365175 0.323829
v 0.196640 -0.397153 0.323829
v 0.237754 -0.365175 0.341275
v 0.196640 -0.397153 0.323829
v 0.196640 -0.397153 0.341275
v 0.269732 -0.324061 0.341275
v 0.269732 -0.324061 0.323829
v 0.237754 -0.365175 0.323829
v 0.269732 -0.324061 0.341275
v 0.237754 -0.365175 0.323829
v 0.237754 -0.365175 0.341275
v 0.292930 -0.273024 0.341275
v 0.292930 -0.273024 0.323829
v 0.269732 -0.324061 0.323829
v 0.292930 -0.273024 0.341275
v 0.269732 -0.324061 0.323829
v 0.269732 -0.324061 0.341275
v 0.307147 -0.211419 0.341275
v 0.307147 -0.211419 0.323829
v 0.292930 -0.273024 0.323829
v 0.307147 -0.211419 0.341275
v 0.292930 -0.273024 0.323829
v 0.292930 -0.273024 0.341275
v 0.312017 -0.138365 0.341275
v 0.312017 -0.138365 0.323829
v 0.307147 -0.211419 0.323829
v 0.312017 -0.138365 0.341275
v 0.307147 -0.211419 0.323829
v 0.307147 -0.211419 0.341275
v 0.312017 0.281720 0.341275
v 0.312017 0.281720 0.323829
v 0.312017 -0.138365 0.323829
v 0.312017 0.281720 0.341275
v 0.312017 -0.138365 0.323829
v 0.312017 -0.138365 0.341275
v 0.312017 0.281720 0.323829
v 0.312017 0.281720 0.341275
v 0.307147 0.354774 0.341275
v 0.312017 0.281720 0.323829
v 0.307147 0.354774 0.341275
v 0.307147 0.354774 0.323829
v 0.307147 0.354774 0.323829
v 0.307147 0.354774 0.341275
v 0.292930 0.416379 0.341275
v 0.307147 0.354774 0.323829
v 0.292930 0.416379 0.341275
v 0.292930 0.416379 0.323829
v 0.292930 0.416379 0.323829
v 0.292930 0.416379 0.341275
v 0.269732 0.467416 0.341275
v 0.292930 0.416379 0.323829
v 0.269732 0.467416 0.341275
v 0.269732 0.467416 0.323829
v 0.269732 0.467416 0.323829
v 0.269732 0.467416 0.341275
v 0.237754 0.508530 0.341275
v 0.269732 0.467416 0.323829
v 0.237754 0.508530 0.341275
v 0.237754 0.508530 0.323829
v 0.237754 0.508530 0.323829
v 0.237754 0.508530 0.341275
v 0.196640 0.540508 0.341275
v 0.237754 0.508530 0.323829
v 0.196640 0.540508 0.341275
v 0.196640 0.540508 0.323829
v 0.196640 0.540508 0.323829
v 0.196640 0.540508 0.341275
v 0.145603 0.563706 0.341275
v 0.196640 0.540508 0.323829
v 0.145603 0.563706 0.341275
v 0.145603 0.563706 0.323829
v 0.145603 0.563706 0.323829
v 0.145603 0.563706 0.341275
v 0.083999 0.577923 0.341275
v 0.145603 0.563706 0.323829
v 0.083999 0.577923 0.341275
v 0.083999 0.577923 0.323829
v 0.083999 0.577923 0.323829
v 0.083999 0.577923 0.341275
v 0.010944 0.582793 0.341275
v 0.083999 0.577923 0.323829
v 0.010944 0.582793 0.341275
v 0.010944 0.582793 0.323829
v 0.010944 0.582793 0.323829
v 0.010944 0.582793 0.341275
v -0.412935 0.582793 0.341275
v 0.010944 0.582793 0.323829
v -0.412935 0.582793 0.341275
v -0.412935 0.582793 0.323829
v -0.412935 0.582793 0.323829
v -0.412935 0.582793 0.341275
v -0.485989 0.577923 0.341275
v -0.412935 0.582793 0.323829
v -0.485989 0.577923 0.341275
v -0.485989 0.577923 0.323829
v -0.485989 0.577923 0.323829
v -0.485989 0.577923 0.341275
v -0.547595 0.563706 0.341275
v -0.485989 0.577923 0.323829
v -0.547595 0.563706 0.341275
v -0.547595 0.563706 0.323829
v -0.547595 0.563706 0.323829
v -0.547595 0.563706 0.341275
v -0.598631 0.540508 0.341275
v -0.547595 0.563706 0.323829
v -0.598631 0.540508 0.341275
v -0.598631 0.540508 0.323829
v -0.598631 0.540508 0.323829
v -0.598631 0.540508 0.341275
v -0.639745 0.508530 0.341275
v -0.598631 0.540508 0.323829
v -0.639745 0.508530 0.341275
v -0.639745 0.508530 0.323829
v -0.639745 0.508530 0.323829
v -0.639745 0.508530 0.341275
v -0.671723 0.467416 0.341275
v -0.639745 0.508530 0.323829
v -0.671723 0.467416 0.341275
v -0.671723 0.467416 0.323829
v -0.671723 0.467416 0.323829
v -0.671723 0.467416 0.341275
v -0.694922 0.416379 0.341275
v -0.671723 0.467416 0.323829
v -0.694922 0.416379 0.341275
v -0.694922 0.416379 0.323829
v -0.694922 0.416379 0.323829
v -0.694922 0.416379 0.341275
v -0.709138 0.354774 0.341275
v -0.694922 0.416379 0.323829
v -0.709138 0.354774 0.341275
v -0.709138 0.354774 0.323829
v -0.709138 0.354774 0.323829
v -0.709138 0.354774 0.341275
v -0.714008 0.281720 0.341275
v -0.709138 0.354774 0.323829
v -0.714008 0.281720 0.341275
v -0.714008 0.281720 0.323829
v -0.714008 0.281720 0.323829
v -0.714008 0.281720 0.341275
v -0.714008 -0.138365 0.341275
v -0.714008 0.281720 0.323829
v -0.714008 -0.138365 0.341275
v -0.714008 -0.138365 0.323829
v 0.011677 -0.461429 0.337294
v 0.011677 -0.460433 0.340280
v -0.413602 -0.460436 0.340280
v 0.011677 -0.461429 0.337294
v -0.413602 -0.460436 0.340280
v -0.413668 -0.461429 0.337294
v 0.334008 -0.139097 0.337294
v 0.334008 0.282452 0.337294
v 0.333012 0.282452 0.340280
v 0.334008 -0.139097 0.337294
v 0.333012 0.282452 0.340280
v 0.333015 -0.139031 0.340280
v 0.011610 0.603790 0.340280
v 0.011677 0.604783 0.337294
v -0.413668 0.604783 0.337294
v 0.011610 0.603790 0.340280
v -0.413668 0.604783 0.337294
v -0.413668 0.603788 0.340280
v -0.735003 -0.139097 0.340280
v -0.735006 0.282386 0.340280
v -0.735999 0.282452 0.337294
v -0.735003 -0.139097 0.340280
v -0.735999 0.282452 0.337294
v -0.735999 -0.139097 0.337294
v 0.087223 -0.456392 0.337294
v 0.087076 -0.455404 0.340280
v 0.011677 -0.460433 0.340280
v 0.087223 -0.456392 0.337294
v 0.011677 -0.460433 0.340280
v 0.011677 -0.461429 0.337294
v 0.152696 -0.441283 0.337294
v 0.152375 -0.440336 0.340280
v 0.087076 -0.455404 0.340280
v 0.152696 -0.441283 0.337294
v 0.087076 -0.455404 0.340280
v 0.087223 -0.456392 0.337294
v 0.208097 -0.416101 0.337294
v 0.207578 -0.415243 0.340280
v 0.152375 -0.440336 0.340280
v 0.208097 -0.416101 0.337294
v 0.152375 -0.440336 0.340280
v 0.152696 -0.441283 0.337294
v 0.253425 -0.380846 0.337294
v 0.252716 -0.380137 0.340280
v 0.207578 -0.415243 0.340280
v 0.253425 -0.380846 0.337294
v 0.207578 -0.415243 0.340280
v 0.208097 -0.416101 0.337294
v -0.413668 -0.461429 0.337294
v -0.413602 -0.460436 0.340280
v -0.489068 -0.455404 0.340280
v -0.413668 -0.461429 0.337294
v -0.489068 -0.455404 0.340280
v -0.489214 -0.456392 0.337294
v -0.489214 -0.456392 0.337294
v -0.489068 -0.455404 0.340280
v -0.554367 -0.440336 0.340280
v -0.489214 -0.456392 0.337294
v -0.554367 -0.440336 0.340280
v -0.554688 -0.441283 0.337294
v -0.554688 -0.441283 0.337294
v -0.554367 -0.440336 0.340280
v -0.609570 -0.415243 0.340280
v -0.554688 -0.441283 0.337294
v -0.609570 -0.415243 0.340280
v -0.610088 -0.416101 0.337294
v -0.610088 -0.416101 0.337294
v -0.609570 -0.415243 0.340280
v -0.654707 -0.380137 0.340280
v -0.610088 -0.416101 0.337294
v -0.654707 -0.380137 0.340280
v -0.655416 -0.380846 0.337294
v 0.333012 0.282452 0.340280
v 0.334008 0.282452 0.337294
v 0.328971 0.357998 0.337294
v 0.333012 0.282452 0.340280
v 0.328971 0.357998 0.337294
v 0.327984 0.357853 0.340280
v 0.327984 0.357853 0.340280
v 0.328971 0.357998 0.337294
v 0.313862 0.423472 0.337294
v 0.327984 0.357853 0.340280
v 0.313862 0.423472 0.337294
v 0.312915 0.423151 0.340280
v 0.312915 0.423151 0.340280
v 0.313862 0.423472 0.337294
v 0.288680 0.478873 0.337293
v 0.312915 0.423151 0.340280
v 0.288680 0.478873 0.337293
v 0.287822 0.478354 0.340280
v 0.287822 0.478354 0.340280
v 0.288680 0.478873 0.337293
v 0.253425 0.524201 0.337294
v 0.287822 0.478354 0.340280
v 0.253425 0.524201 0.337294
v 0.252716 0.523491 0.340280
v 0.334008 -0.139097 0.337294
v 0.333015 -0.139031 0.340280
v 0.327984 -0.214498 0.340280
v 0.334008 -0.139097 0.337294
v 0.327984 -0.214498 0.340280
v 0.328971 -0.214644 0.337294
v 0.328971 -0.214644 0.337294
v 0.327984 -0.214498 0.340280
v 0.312915 -0.279796 0.340280
v 0.328971 -0.214644 0.337294
v 0.312915 -0.279796 0.340280
v 0.313862 -0.280117 0.337293
v 0.313862 -0.280117 0.337293
v 0.312915 -0.279796 0.340280
v 0.287822 -0.334999 0.340280
v 0.313862 -0.280117 0.337293
v 0.287822 -0.334999 0.340280
v 0.288680 -0.335518 0.337293
v 0.288680 -0.335518 0.337293
v 0.287822 -0.334999 0.340280
v 0.252716 -0.380137 0.340280
v 0.288680 -0.335518 0.337293
v 0.252716 -0.380137 0.340280
v 0.253425 -0.380846 0.337294
v -0.413668 0.603788 0.340280
v -0.413668 0.604783 0.337294
v -0.489214 0.599747 0.337294
v -0.413668 0.603788 0.340280
v -0.489214 0.599747 0.337294
v -0.489068 0.598759 0.340280
v -0.489068 0.598759 0.340280
v -0.489214 0.599747 0.337294
v -0.554688 0.584638 0.337294
v -0.489068 0.598759 0.340280
v -0.554688 0.584638 0.337294
v -0.554367 0.583690 0.340280
v -0.554367 0.583690 0.340280
v -0.554688 0.584638 0.337294
v -0.610088 0.559456 0.337294
v -0.554367 0.583690 0.340280
v -0.610088 0.559456 0.337294
v -0.609570 0.558598 0.340280
v -0.609570 0.558598 0.340280
v -0.610088 0.559456 0.337294
v -0.655416 0.524201 0.337294
v -0.609570 0.558598 0.340280
v -0.655416 0.524201 0.337294
v -0.654707 0.523491 0.340280
v 0.087076 0.598759 0.340280
v 0.087223 0.599747 0.337294
v 0.011677 0.604783 0.337294
v 0.087076 0.598759 0.340280
v 0.011677 0.604783 0.337294
v 0.011610 0.603790 0.340280
v 0.152375 0.583690 0.340280
v 0.152696 0.584638 0.337294
v 0.087223 0.599747 0.337294
v 0.152375 0.583690 0.340280
v 0.087223 0.599747 0.337294
v 0.087076 0.598759 0.340280
v 0.207578 0.558598 0.340280
v 0.208097 0.559456 0.337294
v 0.152696 0.584638 0.337294
v 0.207578 0.558598 0.340280
v 0.152696 0.584638 0.337294
v 0.152375 0.583690 0.340280
v 0.252716 0.523491 0.340280
v 0.253425 0.524201 0.337294
v 0.208097 0.559456 0.337294
v 0.252716 0.523491 0.340280
v 0.208097 0.559456 0.337294
v 0.207578 0.558598 0.340280
v -0.730963 -0.214644 0.337294
v -0.729975 -0.214498 0.340280
v -0.735003 -0.139097 0.340280
v -0.730963 -0.214644 0.337294
v -0.735003 -0.139097 0.340280
v -0.735999 -0.139097 0.337294
v -0.715853 -0.280117 0.337294
v -0.714906 -0.279796 0.340280
v -0.729975 -0.214498 0.340280
v -0.715853 -0.280117 0.337294
v -0.729975 -0.214498 0.340280
v -0.730963 -0.214644 0.337294
v -0.690671 -0.335518 0.337294
v -0.689813 -0.334999 0.340280
v -0.714906 -0.279796 0.340280
v -0.690671 -0.335518 0.337294
v -0.714906 -0.279796 0.340280
v -0.715853 -0.280117 0.337294
v -0.655416 -0.380846 0.337294
v -0.654707 -0.380137 0.340280
v -0.689813 -0.334999 0.340280
v -0.655416 -0.380846 0.337294
v -0.689813 -0.334999 0.340280
v -0.690671 -0.335518 0.337294
v -0.729975 0.357853 0.340280
v -0.730963 0.357998 0.337294
v -0.735999 0.282452 0.337294
v -0.729975 0.357853 0.340280
v -0.735999 0.282452 0.337294
v -0.735006 0.282386 0.340280
v -0.714906 0.423151 0.340280
v -0.715853 0.423472 0.337294
v -0.730963 0.357998 0.337294
v -0.714906 0.423151 0.340280
v -0.730963 0.357998 0.337294
v -0.729975 0.357853 0.340280
v -0.689813 0.478354 0.340280
v -0.690671 0.478873 0.337294
v -0.715853 0.423472 0.337294
v -0.689813 0.478354 0.340280
v -0.715853 0.423472 0.337294
v -0.714906 0.423151 0.340280
v -0.654707 0.523491 0.340280
v -0.655416 0.524201 0.337294
v -0.690671 0.478873 0.337294
v -0.654707 0.523491 0.340280
v -0.690671 0.478873 0.337294
v -0.689813 0.478354 0.340280
v -0.729975 -0.214498 0.340280
v -0.727011 -0.214060 0.341275
v -0.732018 -0.139097 0.341275
v -0.729975 -0.214498 0.340280
v -0.732018 -0.139097 0.341275
v -0.735003 -0.139097 0.340280
v -0.714906 -0.279796 0.340280
v -0.712064 -0.278833 0.341275
v -0.727011 -0.214060 0.341275
v -0.714906 -0.279796 0.340280
v -0.727011 -0.214060 0.341275
v -0.729975 -0.214498 0.340280
v -0.689813 -0.334999 0.340280
v -0.687241 -0.333444 0.341275
v -0.712064 -0.278833 0.341275
v -0.689813 -0.334999 0.340280
v -0.712064 -0.278833 0.341275
v -0.714906 -0.279796 0.340280
v -0.654707 -0.380137 0.340280
v -0.652579 -0.378009 0.341275
v -0.687241 -0.333444 0.341275
v -0.654707 -0.380137 0.340280
v -0.687241 -0.333444 0.341275
v -0.689813 -0.334999 0.340280
v -0.609570 -0.415243 0.340280
v -0.608014 -0.412670 0.341275
v -0.652579 -0.378009 0.341275
v -0.609570 -0.415243 0.340280
v -0.652579 -0.378009 0.341275
v -0.654707 -0.380137 0.340280
v -0.554367 -0.440336 0.340280
v -0.553403 -0.437493 0.341275
v -0.608014 -0.412670 0.341275
v -0.554367 -0.440336 0.340280
v -0.608014 -0.412670 0.341275
v -0.609570 -0.415243 0.340280
v -0.489068 -0.455404 0.340280
v -0.488630 -0.452441 0.341275
v -0.553403 -0.437493 0.341275
v -0.489068 -0.455404 0.340280
v -0.553403 -0.437493 0.341275
v -0.554367 -0.440336 0.340280
v -0.413602 -0.460436 0.340280
v -0.413403 -0.457456 0.341275
v -0.488630 -0.452441 0.341275
v -0.413602 -0.460436 0.340280
v -0.488630 -0.452441 0.341275
v -0.489068 -0.455404 0.340280
v 0.011677 -0.460433 0.340280
v 0.011677 -0.457447 0.341275
v -0.413403 -0.457456 0.341275
v 0.011677 -0.460433 0.340280
v -0.413403 -0.457456 0.341275
v -0.413602 -0.460436 0.340280
v 0.087076 -0.455404 0.340280
v 0.086639 -0.452441 0.341275
v 0.011677 -0.457447 0.341275
v 0.087076 -0.455404 0.340280
v 0.011677 -0.457447 0.341275
v 0.011677 -0.460433 0.340280
v 0.152375 -0.440336 0.340280
v 0.151412 -0.437493 0.341275
v 0.086639 -0.452441 0.341275
v 0.152375 -0.440336 0.340280
v 0.086639 -0.452441 0.341275
v 0.087076 -0.455404 0.340280
v 0.207578 -0.415243 0.340280
v 0.206023 -0.412670 0.341275
v 0.151412 -0.437493 0.341275
v 0.207578 -0.415243 0.340280
v 0.151412 -0.437493 0.341275
v 0.152375 -0.440336 0.340280
v 0.252716 -0.380137 0.340280
v 0.250588 -0.378009 0.341275
v 0.206023 -0.412670 0.341275
v 0.252716 -0.380137 0.340280
v 0.206023 -0.412670 0.341275
v 0.207578 -0.415243 0.340280
v 0.287822 -0.334999 0.340280
v 0.285249 -0.333444 0.341275
v 0.250588 -0.378009 0.341275
v 0.287822 -0.334999 0.340280
v 0.250588 -0.378009 0.341275
v 0.252716 -0.380137 0.340280
v 0.312915 -0.279796 0.340280
v 0.310072 -0.278833 0.341275
v 0.285249 -0.333444 0.341275
v 0.312915 -0.279796 0.340280
v 0.285249 -0.333444 0.341275
v 0.287822 -0.334999 0.340280
v 0.327984 -0.214498 0.340280
v 0.325020 -0.214060 0.341275
v 0.310072 -0.278833 0.341275
v 0.327984 -0.214498 0.340280
v 0.310072 -0.278833 0.341275
v 0.312915 -0.279796 0.340280
v 0.333015 -0.139031 0.340280
v 0.330035 -0.138832 0.341275
v 0.325020 -0.214060 0.341275
v 0.333015 -0.139031 0.340280
v 0.325020 -0.214060 0.341275
v 0.327984 -0.214498 0.340280
v 0.333015 -0.139031 0.340280
v 0.333012 0.282452 0.340280
v 0.330026 0.282452 0.341275
v 0.333015 -0.139031 0.340280
v 0.330026 0.282452 0.341275
v 0.330035 -0.138832 0.341275
v 0.330026 0.282452 0.341275
v 0.333012 0.282452 0.340280
v 0.327984 0.357853 0.340280
v 0.330026 0.282452 0.341275
v 0.327984 0.357853 0.340280
v 0.325020 0.357415 0.341275
v 0.325020 0.357415 0.341275
v 0.327984 0.357853 0.340280
v 0.312915 0.423151 0.340280
v 0.325020 0.357415 0.341275
v 0.312915 0.423151 0.340280
v 0.310072 0.422188 0.341275
v 0.310072 0.422188 0.341275
v 0.312915 0.423151 0.340280
v 0.287822 0.478354 0.340280
v 0.310072 0.422188 0.341275
v 0.287822 0.478354 0.340280
v 0.285249 0.476798 0.341275
v 0.285249 0.476798 0.341275
v 0.287822 0.478354 0.340280
v 0.252716 0.523491 0.340280
v 0.285249 0.476798 0.341275
v 0.252716 0.523491 0.340280
v 0.250588 0.521363 0.341275
v 0.250588 0.521363 0.341275
v 0.252716 0.523491 0.340280
v 0.207578 0.558598 0.340280
v 0.250588 0.521363 0.341275
v 0.207578 0.558598 0.340280
v 0.206023 0.556025 0.341275
v 0.206023 0.556025 0.341275
v 0.207578 0.558598 0.340280
v 0.152375 0.583690 0.340280
v 0.206023 0.556025 0.341275
v 0.152375 0.583690 0.340280
v 0.151412 0.580848 0.341275
v 0.151412 0.580848 0.341275
v 0.152375 0.583690 0.340280
v 0.087076 0.598759 0.340280
v 0.151412 0.580848 0.341275
v 0.087076 0.598759 0.340280
v 0.086639 0.595796 0.341275
v 0.086639 0.595796 0.341275
v 0.087076 0.598759 0.340280
v 0.011610 0.603790 0.340280
v 0.086639 0.595796 0.341275
v 0.011610 0.603790 0.340280
v 0.011412 0.600811 0.341275
v 0.011412 0.600811 0.341275
v 0.011610 0.603790 0.340280
v -0.413668 0.603788 0.340280
v 0.011412 0.600811 0.341275
v -0.413668 0.603788 0.340280
v -0.413668 0.600802 0.341275
v -0.413668 0.600802 0.341275
v -0.413668 0.603788 0.340280
v -0.489068 0.598759 0.340280
v -0.413668 0.600802 0.341275
v -0.489068 0.598759 0.340280
v -0.488630 0.595796 0.341275
v -0.488630 0.595796 0.341275
v -0.489068 0.598759 0.340280
v -0.554367 0.583690 0.340280
v -0.488630 0.595796 0.341275
v -0.554367 0.583690 0.340280
v -0.553403 0.580848 0.341275
v -0.553403 0.580848 0.341275
v -0.554367 0.583690 0.340280
v -0.609570 0.558598 0.340280
v -0.553403 0.580848 0.341275
v -0.609570 0.558598 0.340280
v -0.608014 0.556025 0.341275
v -0.608014 0.556025 0.341275
v -0.609570 0.558598 0.340280
v -0.654707 0.523491 0.340280
v -0.608014 0.556025 0.341275
v -0.654707 0.523491 0.340280
v -0.652579 0.521363 0.341275
v -0.652579 0.521363 0.341275
v -0.654707 0.523491 0.340280
v -0.689813 0.478354 0.340280
v -0.652579 0.521363 0.341275
v -0.689813 0.478354 0.340280
v -0.687241 0.476798 0.341275
v -0.687241 0.476798 0.341275
v -0.689813 0.478354 0.340280
v -0.714906 0.423151 0.340280
v -0.687241 0.476798 0.341275
v -0.714906 0.423151 0.340280
v -0.712064 0.422188 0.341275
v -0.712064 0.422188 0.341275
v -0.714906 0.423151 0.340280
v -0.729975 0.357853 0.340280
v -0.712064 0.422188 0.341275
v -0.729975 0.357853 0.340280
v -0.727011 0.357415 0.341275
v -0.727011 0.357415 0.341275
v -0.729975 0.357853 0.340280
v -0.735006 0.282386 0.340280
v -0.727011 0.357415 0.341275
v -0.735006 0.282386 0.340280
v -0.732026 0.282187 0.341275
v -0.732018 -0.139097 0.341275
v -0.732026 0.282187 0.341275
v -0.735006 0.282386 0.340280
v -0.732018 -0.139097 0.341275
v -0.735006 0.282386 0.340280
v -0.735003 -0.139097 0.340280
v 0.711839 -0.241323 0.242665
v 0.711838 -0.241323 0.311878
v 0.492758 -0.241323 0.311878
v 0.711839 -0.241323 0.242665
v 0.492758 -0.241323 0.311878
v 0.492758 -0.241323 0.242665
v 0.732443 -0.220718 0.242665
v 0.732443 0.382035 0.242665
v 0.732443 0.382035 0.311878
v 0.732443 -0.220718 0.242665
v 0.732443 0.382035 0.311878
v 0.732443 -0.220718 0.311878
v 0.711838 0.402640 0.311878
v 0.711839 0.402640 0.242665
v 0.492758 0.402640 0.242665
v 0.711838 0.402640 0.311878
v 0.492758 0.402640 0.242665
v 0.492758 0.402640 0.311878
v 0.472154 0.382035 0.242665
v 0.472154 -0.220718 0.242665
v 0.472153 -0.220718 0.311878
v 0.472154 0.382035 0.242665
v 0.472153 -0.220718 0.311878
v 0.472153 0.382035 0.311878
v 0.720853 -0.240035 0.242665
v 0.720853 -0.240035 0.311878
v 0.711838 -0.241323 0.311878
v 0.720853 -0.240035 0.242665
v 0.711838 -0.241323 0.311878
v 0.711839 -0.241323 0.242665
v 0.727292 -0.236172 0.242665
v 0.727292 -0.236172 0.311878
v 0.720853 -0.240035 0.311878
v 0.727292 -0.236172 0.242665
v 0.720853 -0.240035 0.311878
v 0.720853 -0.240035 0.242665
v 0.492758 -0.241323 0.242665
v 0.492758 -0.241323 0.311878
v 0.483743 -0.240035 0.311878
v 0.492758 -0.241323 0.242665
v 0.483743 -0.240035 0.311878
v 0.483744 -0.240035 0.242665
v 0.483744 -0.240035 0.242665
v 0.483743 -0.240035 0.311878
v 0.477305 -0.236172 0.311878
v 0.483744 -0.240035 0.242665
v 0.477305 -0.236172 0.311878
v 0.477305 -0.236172 0.242665
v 0.732443 0.382035 0.311878
v 0.732443 0.382035 0.242665
v 0.731155 0.391050 0.242665
v 0.732443 0.382035 0.311878
v 0.731155 0.391050 0.242665
v 0.731155 0.391050 0.311878
v 0.731155 0.391050 0.311878
v 0.731155 0.391050 0.242665
v 0.727292 0.397489 0.242665
v 0.731155 0.391050 0.311878
v 0.727292 0.397489 0.242665
v 0.727292 0.397489 0.311878
v 0.732443 -0.220718 0.242665
v 0.732443 -0.220718 0.311878
v 0.731155 -0.229733 0.311878
v 0.732443 -0.220718 0.242665
v 0.731155 -0.229733 0.311878
v 0.731155 -0.229733 0.242665
v 0.731155 -0.229733 0.242665
v 0.731155 -0.229733 0.311878
v 0.727292 -0.236172 0.311878
v 0.731155 -0.229733 0.242665
v 0.727292 -0.236172 0.311878
v 0.727292 -0.236172 0.242665
v 0.492758 0.402640 0.311878
v 0.492758 0.402640 0.242665
v 0.483744 0.401352 0.242665
v 0.492758 0.402640 0.311878
v 0.483744 0.401352 0.242665
v 0.483743 0.401352 0.311878
v 0.483743 0.401352 0.311878
v 0.483744 0.401352 0.242665
v 0.477305 0.397489 0.242665
v 0.483743 0.401352 0.311878
v 0.477305 0.397489 0.242665
v 0.477305 0.397489 0.311878
v 0.720853 0.401352 0.311878
v 0.720853 0.401352 0.242665
v 0.711839 0.402640 0.242665
v 0.720853 0.401352 0.311878
v 0.711839 0.402640 0.242665
v 0.711838 0.402640 0.311878
v 0.727292 0.397489 0.311878
v 0.727292 0.397489 0.242665
v 0.720853 0.401352 0.242665
v 0.727292 0.397489 0.311878
v 0.720853 0.401352 0.242665
v 0.720853 0.401352 0.311878
v 0.473441 -0.229733 0.242665
v 0.473441 -0.229733 0.311878
v 0.472153 -0.220718 0.311878
v 0.473441 -0.229733 0.242665
v 0.472153 -0.220718 0.311878
v 0.472154 -0.220718 0.242665
v 0.477305 -0.236172 0.242665
v 0.477305 -0.236172 0.311878
v 0.473441 -0.229733 0.311878
v 0.477305 -0.236172 0.242665
v 0.473441 -0.229733 0.311878
v 0.473441 -0.229733 0.242665
v 0.473441 0.391050 0.311878
v 0.473441 0.391050 0.242665
v 0.472154 0.382035 0.242665
v 0.473441 0.391050 0.311878
v 0.472154 0.382035 0.242665
v 0.472153 0.382035 0.311878
v 0.477305 0.397489 0.311878
v 0.477305 0.397489 0.242665
v 0.473441 0.391050 0.242665
v 0.477305 0.397489 0.311878
v 0.473441 0.391050 0.242665
v 0.473441 0.391050 0.311878
v 0.492884 -0.220592 0.313653
v 0.492884 0.381909 0.313653
v 0.480760 0.381909 0.313653
v 0.492884 -0.220592 0.313653
v 0.480760 0.381909 0.313653
v 0.483070 -0.220592 0.313653
v 0.711838 -0.241323 0.311878
v 0.711807 -0.240879 0.313209
v 0.492789 -0.240879 0.313209
v 0.711838 -0.241323 0.311878
v 0.492789 -0.240879 0.313209
v 0.492758 -0.241323 0.311878
v 0.732443 -0.220718 0.311878
v 0.732443 0.382035 0.311878
v 0.731999 0.382004 0.313209
v 0.732443 -0.220718 0.311878
v 0.731999 0.382004 0.313209
v 0.731999 -0.220687 0.313209
v 0.711807 0.402196 0.313209
v 0.711838 0.402640 0.311878
v 0.492758 0.402640 0.311878
v 0.711807 0.402196 0.313209
v 0.492758 0.402640 0.311878
v 0.492789 0.402196 0.313209
v 0.472597 -0.220687 0.313209
v 0.472597 0.382004 0.313209
v 0.472153 0.382035 0.311878
v 0.472597 -0.220687 0.313209
v 0.472153 0.382035 0.311878
v 0.472153 -0.220718 0.311878
v 0.720853 -0.240035 0.311878
v 0.720701 -0.239609 0.313209
v 0.711807 -0.240879 0.313209
v 0.720853 -0.240035 0.311878
v 0.711807 -0.240879 0.313209
v 0.711838 -0.241323 0.311878
v 0.727292 -0.236172 0.311878
v 0.726968 -0.235849 0.313209
v 0.720701 -0.239609 0.313209
v 0.727292 -0.236172 0.311878
v 0.720701 -0.239609 0.313209
v 0.720853 -0.240035 0.311878
v 0.492758 -0.241323 0.311878
v 0.492789 -0.240879 0.313209
v 0.483895 -0.239609 0.313209
v 0.492758 -0.241323 0.311878
v 0.483895 -0.239609 0.313209
v 0.483743 -0.240035 0.311878
v 0.483743 -0.240035 0.311878
v 0.483895 -0.239609 0.313209
v 0.477628 -0.235849 0.313209
v 0.483743 -0.240035 0.311878
v 0.477628 -0.235849 0.313209
v 0.477305 -0.236172 0.311878
v 0.731999 0.382004 0.313209
v 0.732443 0.382035 0.311878
v 0.731155 0.391050 0.311878
v 0.731999 0.382004 0.313209
v 0.731155 0.391050 0.311878
v 0.730729 0.390898 0.313209
v 0.730729 0.390898 0.313209
v 0.731155 0.391050 0.311878
v 0.727292 0.397489 0.311878
v 0.730729 0.390898 0.313209
v 0.727292 0.397489 0.311878
v 0.726968 0.397165 0.313209
v 0.732443 -0.220718 0.311878
v 0.731999 -0.220687 0.313209
v 0.730729 -0.229582 0.313209
v 0.732443 -0.220718 0.311878
v 0.730729 -0.229582 0.313209
v 0.731155 -0.229733 0.311878
v 0.731155 -0.229733 0.311878
v 0.730729 -0.229582 0.313209
v 0.726968 -0.235849 0.313209
v 0.731155 -0.229733 0.311878
v 0.726968 -0.235849 0.313209
v 0.727292 -0.236172 0.311878
v 0.492789 0.402196 0.313209
v 0.492758 0.402640 0.311878
v 0.483743 0.401352 0.311878
v 0.492789 0.402196 0.313209
v 0.483743 0.401352 0.311878
v 0.483895 0.400926 0.313209
v 0.483895 0.400926 0.313209
v 0.483743 0.401352 0.311878
v 0.477305 0.397489 0.311878
v 0.483895 0.400926 0.313209
v 0.477305 0.397489 0.311878
v 0.477628 0.397165 0.313209
v 0.720701 0.400926 0.313209
v 0.720853 0.401352 0.311878
v 0.711838 0.402640 0.311878
v 0.720701 0.400926 0.313209
v 0.711838 0.402640 0.311878
v 0.711807 0.402196 0.313209
v 0.726968 0.397165 0.313209
v 0.727292 0.397489 0.311878
v 0.720853 0.401352 0.311878
v 0.726968 0.397165 0.313209
v 0.720853 0.401352 0.311878
v 0.720701 0.400926 0.313209
v 0.473441 -0.229733 0.311878
v 0.473868 -0.229582 0.313209
v 0.472597 -0.220687 0.313209
v 0.473441 -0.229733 0.311878
v 0.472597 -0.220687 0.313209
v 0.472153 -0.220718 0.311878
v 0.477305 -0.236172 0.311878
v 0.477628 -0.235849 0.313209
v 0.473868 -0.229582 0.313209
v 0.477305 -0.236172 0.311878
v 0.473868 -0.229582 0.313209
v 0.473441 -0.229733 0.311878
v 0.473868 0.390898 0.313209
v 0.473441 0.391050 0.311878
v 0.472153 0.382035 0.311878
v 0.473868 0.390898 0.313209
v 0.472153 0.382035 0.311878
v 0.472597 0.382004 0.313209
v 0.477628 0.397165 0.313209
v 0.477305 0.397489 0.311878
v 0.473441 0.391050 0.311878
v 0.477628 0.397165 0.313209
v 0.473441 0.391050 0.311878
v 0.473868 0.390898 0.313209
v 0.475147 -0.229127 0.313653
v 0.473928 -0.220592 0.313653
v 0.472597 -0.220687 0.313209
v 0.475147 -0.229127 0.313653
v 0.472597 -0.220687 0.313209
v 0.473868 -0.229582 0.313209
v 0.477628 -0.235849 0.313209
v 0.478598 -0.234878 0.313653
v 0.475147 -0.229127 0.313653
v 0.477628 -0.235849 0.313209
v 0.475147 -0.229127 0.313653
v 0.473868 -0.229582 0.313209
v 0.483895 -0.239609 0.313209
v 0.484349 -0.238329 0.313653
v 0.478598 -0.234878 0.313653
v 0.483895 -0.239609 0.313209
v 0.478598 -0.234878 0.313653
v 0.477628 -0.235849 0.313209
v 0.492789 -0.240879 0.313209
v 0.492884 -0.239548 0.313653
v 0.484349 -0.238329 0.313653
v 0.492789 -0.240879 0.313209
v 0.484349 -0.238329 0.313653
v 0.483895 -0.239609 0.313209
v 0.711807 -0.240879 0.313209
v 0.711712 -0.239548 0.313653
v 0.492884 -0.239548 0.313653
v 0.711807 -0.240879 0.313209
v 0.492884 -0.239548 0.313653
v 0.492789 -0.240879 0.313209
v 0.720701 -0.239609 0.313209
v 0.720247 -0.238329 0.313653
v 0.711712 -0.239548 0.313653
v 0.720701 -0.239609 0.313209
v 0.711712 -0.239548 0.313653
v 0.711807 -0.240879 0.313209
v 0.726968 -0.235849 0.313209
v 0.725998 -0.234878 0.313653
v 0.720247 -0.238329 0.313653
v 0.726968 -0.235849 0.313209
v 0.720247 -0.238329 0.313653
v 0.720701 -0.239609 0.313209
v 0.730729 -0.229582 0.313209
v 0.729449 -0.229127 0.313653
v 0.725998 -0.234878 0.313653
v 0.730729 -0.229582 0.313209
v 0.725998 -0.234878 0.313653
v 0.726968 -0.235849 0.313209
v 0.730729 -0.229582 0.313209
v 0.731999 -0.220687 0.313209
v 0.730668 -0.220592 0.313653
v 0.730729 -0.229582 0.313209
v 0.730668 -0.220592 0.313653
v 0.729449 -0.229127 0.313653
v 0.731999 -0.220687 0.313209
v 0.731999 0.382004 0.313209
v 0.730668 0.381909 0.313653
v 0.731999 -0.220687 0.313209
v 0.730668 0.381909 0.313653
v 0.730668 -0.220592 0.313653
v 0.731999 0.382004 0.313209
v 0.730729 0.390898 0.313209
v 0.729449 0.390444 0.313653
v 0.731999 0.382004 0.313209
v 0.729449 0.390444 0.313653
v 0.730668 0.381909 0.313653
v 0.729449 0.390444 0.313653
v 0.730729 0.390898 0.313209
v 0.726968 0.397165 0.313209
v 0.729449 0.390444 0.313653
v 0.726968 0.397165 0.313209
v 0.725998 0.396195 0.313653
v 0.725998 0.396195 0.313653
v 0.726968 0.397165 0.313209
v 0.720701 0.400926 0.313209
v 0.725998 0.396195 0.313653
v 0.720701 0.400926 0.313209
v 0.720247 0.399646 0.313653
v 0.720247 0.399646 0.313653
v 0.720701 0.400926 0.313209
v 0.711807 0.402196 0.313209
v 0.720247 0.399646 0.313653
v 0.711807 0.402196 0.313209
v 0.711712 0.400865 0.313653
v 0.711712 0.400865 0.313653
v 0.711807 0.402196 0.313209
v 0.492789 0.402196 0.313209
v 0.711712 0.400865 0.313653
v 0.492789 0.402196 0.313209
v 0.492884 0.400865 0.313653
v 0.492884 0.400865 0.313653
v 0.492789 0.402196 0.313209
v 0.483895 0.400926 0.313209
v 0.492884 0.400865 0.313653
v 0.483895 0.400926 0.313209
v 0.484349 0.399646 0.313653
v 0.484349 0.399646 0.313653
v 0.483895 0.400926 0.313209
v 0.477628 0.397165 0.313209
v 0.484349 0.399646 0.313653
v 0.477628 0.397165 0.313209
v 0.478598 0.396195 0.313653
v 0.478598 0.396195 0.313653
v 0.477628 0.397165 0.313209
v 0.473868 0.390898 0.313209
v 0.478598 0.396195 0.313653
v 0.473868 0.390898 0.313209
v 0.475147 0.390444 0.313653
v 0.473928 0.381909 0.313653
v 0.475147 0.390444 0.313653
v 0.473868 0.390898 0.313209
v 0.473928 0.381909 0.313653
v 0.473868 0.390898 0.313209
v 0.472597 0.382004 0.313209
v 0.473928 -0.220592 0.313653
v 0.473928 0.381909 0.313653
v 0.472597 0.382004 0.313209
v 0.473928 -0.220592 0.313653
v 0.472597 0.382004 0.313209
v 0.472597 -0.220687 0.313209
v 0.492884 0.381909 0.313653
v 0.492884 0.391535 0.313653
v 0.487212 0.391049 0.313653
v 0.492884 0.381909 0.313653
v 0.487212 0.391049 0.313653
v 0.483366 0.389570 0.313653
v 0.484543 -0.229592 0.313653
v 0.492884 -0.220592 0.313653
v 0.483070 -0.220592 0.313653
v 0.484543 -0.229592 0.313653
v 0.483070 -0.220592 0.313653
v 0.482787 -0.226441 0.313653
v 0.721257 -0.220592 0.313653
v 0.722475 0.381909 0.313653
v 0.711712 0.381909 0.313653
v 0.721257 -0.220592 0.313653
v 0.711712 0.381909 0.313653
v 0.711712 -0.220592 0.313653
v 0.720365 0.390970 0.313653
v 0.716347 0.392544 0.313653
v 0.711712 0.393496 0.313653
v 0.720365 0.390970 0.313653
v 0.711712 0.393496 0.313653
v 0.711712 0.381909 0.313653
v 0.711712 0.381909 0.313653
v 0.711712 0.393496 0.313653
v 0.492884 0.391535 0.313653
v 0.711712 0.381909 0.313653
v 0.492884 0.391535 0.313653
v 0.492884 0.381909 0.313653
v 0.711712 -0.220592 0.313653
v 0.711712 0.381909 0.313653
v 0.492884 0.381909 0.313653
v 0.711712 -0.220592 0.313653
v 0.492884 0.381909 0.313653
v 0.492884 -0.220592 0.313653
v 0.711712 -0.231391 0.313653
v 0.711712 -0.220592 0.313653
v 0.492884 -0.220592 0.313653
v 0.711712 -0.231391 0.313653
v 0.492884 -0.220592 0.313653
v 0.492884 -0.231308 0.313653
v 0.715602 -0.229763 0.313653
v 0.718062 -0.226942 0.313653
v 0.711712 -0.220592 0.313653
v 0.715602 -0.229763 0.313653
v 0.711712 -0.220592 0.313653
v 0.711712 -0.231391 0.313653
v 0.720247 -0.238329 0.313653
v 0.725998 -0.234878 0.313653
v 0.718062 -0.226942 0.313653
v 0.720247 -0.238329 0.313653
v 0.718062 -0.226942 0.313653
v 0.715602 -0.229763 0.313653
v 0.725998 -0.234878 0.313653
v 0.729449 -0.229127 0.313653
v 0.720407 -0.224252 0.313653
v 0.725998 -0.234878 0.313653
v 0.720407 -0.224252 0.313653
v 0.718062 -0.226942 0.313653
v 0.720407 -0.224252 0.313653
v 0.721257 -0.220592 0.313653
v 0.711712 -0.220592 0.313653
v 0.720407 -0.224252 0.313653
v 0.711712 -0.220592 0.313653
v 0.718062 -0.226942 0.313653
v 0.729449 -0.229127 0.313653
v 0.730668 -0.220592 0.313653
v 0.721257 -0.220592 0.313653
v 0.729449 -0.229127 0.313653
v 0.721257 -0.220592 0.313653
v 0.720407 -0.224252 0.313653
v 0.730668 -0.220592 0.313653
v 0.730668 0.381909 0.313653
v 0.722475 0.381909 0.313653
v 0.730668 -0.220592 0.313653
v 0.722475 0.381909 0.313653
v 0.721257 -0.220592 0.313653
v 0.720365 0.390970 0.313653
v 0.725998 0.396195 0.313653
v 0.720247 0.399646 0.313653
v 0.720365 0.390970 0.313653
v 0.720247 0.399646 0.313653
v 0.716347 0.392544 0.313653
v 0.711712 0.393496 0.313653
v 0.711712 0.400865 0.313653
v 0.492884 0.400865 0.313653
v 0.711712 0.393496 0.313653
v 0.492884 0.400865 0.313653
v 0.492884 0.391535 0.313653
v 0.481132 0.385603 0.313653
v 0.483366 0.389570 0.313653
v 0.478598 0.396195 0.313653
v 0.481132 0.385603 0.313653
v 0.478598 0.396195 0.313653
v 0.475147 0.390444 0.313653
v 0.483070 -0.220592 0.313653
v 0.480760 0.381909 0.313653
v 0.473928 0.381909 0.313653
v 0.483070 -0.220592 0.313653
v 0.473928 0.381909 0.313653
v 0.473928 -0.220592 0.313653
v 0.487520 -0.231147 0.313653
v 0.484543 -0.229592 0.313653
v 0.478598 -0.234878 0.313653
v 0.487520 -0.231147 0.313653
v 0.478598 -0.234878 0.313653
v 0.484349 -0.238329 0.313653
v 0.711712 -0.239548 0.313653
v 0.711712 -0.231391 0.313653
v 0.492884 -0.231308 0.313653
v 0.711712 -0.239548 0.313653
v 0.492884 -0.231308 0.313653
v 0.492884 -0.239548 0.313653
v 0.720247 -0.238329 0.313653
v 0.715602 -0.229763 0.313653
v 0.711712 -0.231391 0.313653
v 0.720247 -0.238329 0.313653
v 0.711712 -0.231391 0.313653
v 0.711712 -0.239548 0.313653
v 0.716347 0.392544 0.313653
v 0.720247 0.399646 0.313653
v 0.711712 0.400865 0.313653
v 0.716347 0.392544 0.313653
v 0.711712 0.400865 0.313653
v 0.711712 0.393496 0.313653
v 0.730668 0.381909 0.313653
v 0.729449 0.390444 0.313653
v 0.722846 0.387358 0.313653
v 0.730668 0.381909 0.313653
v 0.722846 0.387358 0.313653
v 0.722475 0.381909 0.313653
v 0.729449 0.390444 0.313653
v 0.725998 0.396195 0.313653
v 0.720365 0.390970 0.313653
v 0.729449 0.390444 0.313653
v 0.720365 0.390970 0.313653
v 0.722846 0.387358 0.313653
v 0.722475 0.381909 0.313653
v 0.722846 0.387358 0.313653
v 0.720365 0.390970 0.313653
v 0.722475 0.381909 0.313653
v 0.720365 0.390970 0.313653
v 0.711712 0.381909 0.313653
v 0.482787 -0.226441 0.313653
v 0.483070 -0.220592 0.313653
v 0.473928 -0.220592 0.313653
v 0.482787 -0.226441 0.313653
v 0.473928 -0.220592 0.313653
v 0.475147 -0.229127 0.313653
v 0.492884 -0.239548 0.313653
v 0.492884 -0.231308 0.313653
v 0.487520 -0.231147 0.313653
v 0.492884 -0.239548 0.313653
v 0.487520 -0.231147 0.313653
v 0.484349 -0.238329 0.313653
v 0.484543 -0.229592 0.313653
v 0.482787 -0.226441 0.313653
v 0.475147 -0.229127 0.313653
v 0.484543 -0.229592 0.313653
v 0.475147 -0.229127 0.313653
v 0.478598 -0.234878 0.313653
v 0.492884 -0.231308 0.313653
v 0.492884 -0.220592 0.313653
v 0.484543 -0.229592 0.313653
v 0.492884 -0.231308 0.313653
v 0.484543 -0.229592 0.313653
v 0.487520 -0.231147 0.313653
v 0.492884 0.391535 0.313653
v 0.492884 0.400865 0.313653
v 0.484349 0.399646 0.313653
v 0.492884 0.391535 0.313653
v 0.484349 0.399646 0.313653
v 0.487212 0.391049 0.313653
v 0.480760 0.381909 0.313653
v 0.481132 0.385603 0.313653
v 0.475147 0.390444 0.313653
v 0.480760 0.381909 0.313653
v 0.475147 0.390444 0.313653
v 0.473928 0.381909 0.313653
v 0.487212 0.391049 0.313653
v 0.484349 0.399646 0.313653
v 0.478598 0.396195 0.313653
v 0.487212 0.391049 0.313653
v 0.478598 0.396195 0.313653
v 0.483366 0.389570 0.313653
v 0.492884 0.381909 0.313653
v 0.483366 0.389570 0.313653
v 0.481132 0.385603 0.313653
v 0.492884 0.381909 0.313653
v 0.481132 0.385603 0.313653
v 0.480760 0.381909 0.313653
v 0.633966 0.212126 0.386332
v 0.632948 0.223763 0.386332
v 0.600460 0.215058 0.386332
v 0.632948 0.223763 0.386332
v 0.628012 0.234349 0.386332
v 0.600460 0.215058 0.386332
v 0.628012 0.234349 0.386332
v 0.619752 0.242609 0.386332
v 0.600460 0.215058 0.386332
v 0.619752 0.242609 0.386332
v 0.609165 0.247545 0.386332
v 0.600460 0.215058 0.386332
v 0.609165 0.247545 0.386332
v 0.597529 0.248564 0.386332
v 0.600460 0.215058 0.386332
v 0.597529 0.248564 0.386332
v 0.586246 0.245540 0.386332
v 0.600460 0.215058 0.386332
v 0.586246 0.245540 0.386332
v 0.576678 0.238840 0.386332
v 0.600460 0.215058 0.386332
v 0.576678 0.238840 0.386332
v 0.569978 0.229272 0.386332
v 0.600460 0.215058 0.386332
v 0.569978 0.229272 0.386332
v 0.566955 0.217989 0.386332
v 0.600460 0.215058 0.386332
v 0.566955 0.217989 0.386332
v 0.567973 0.206353 0.386332
v 0.600460 0.215058 0.386332
v 0.567973 0.206353 0.386332
v 0.572909 0.195766 0.386332
v 0.600460 0.215058 0.386332
v 0.572909 0.195766 0.386332
v 0.581169 0.187507 0.386332
v 0.600460 0.215058 0.386332
v 0.581169 0.187507 0.386332
v 0.591755 0.182570 0.386332
v 0.600460 0.215058 0.386332
v 0.591755 0.182570 0.386332
v 0.603392 0.181552 0.386332
v 0.600460 0.215058 0.386332
v 0.603392 0.181552 0.386332
v 0.614675 0.184575 0.386332
v 0.600460 0.215058 0.386332
v 0.614675 0.184575 0.386332
v 0.624243 0.191275 0.386332
v 0.600460 0.215058 0.386332
v 0.624243 0.191275 0.386332
v 0.630943 0.200843 0.386332
v 0.600460 0.215058 0.386332
v 0.630943 0.200843 0.386332
v 0.633966 0.212126 0.386332
v 0.600460 0.215058 0.386332
v 0.651005 0.228601 0.315009
v 0.652589 0.210497 0.315009
v 0.600461 0.215058 0.315009
v 0.652589 0.210497 0.315009
v 0.647886 0.192943 0.315009
v 0.600461 0.215058 0.315009
v 0.647886 0.192943 0.315009
v 0.637462 0.178057 0.315009
v 0.600461 0.215058 0.315009
v 0.637462 0.178057 0.315009
v 0.622575 0.167633 0.315009
v 0.600461 0.215058 0.315009
v 0.622575 0.167633 0.315009
v 0.605021 0.162929 0.315009
v 0.600461 0.215058 0.315009
v 0.605021 0.162929 0.315009
v 0.586917 0.164513 0.315009
v 0.600461 0.215058 0.315009
v 0.586917 0.164513 0.315009
v 0.570447 0.172194 0.315009
v 0.600461 0.215058 0.315009
v 0.570447 0.172194 0.315009
v 0.557596 0.185044 0.315009
v 0.600461 0.215058 0.315009
v 0.557596 0.185044 0.315009
v 0.549916 0.201514 0.315009
v 0.600461 0.215058 0.315009
v 0.549916 0.201514 0.315009
v 0.548332 0.219618 0.315009
v 0.600461 0.215058 0.315009
v 0.548332 0.219618 0.315009
v 0.553036 0.237172 0.315009
v 0.600461 0.215058 0.315009
v 0.553036 0.237172 0.315009
v 0.563459 0.252059 0.315009
v 0.600461 0.215058 0.315009
v 0.563459 0.252059 0.315009
v 0.578346 0.262483 0.315009
v 0.600461 0.215058 0.315009
v 0.578346 0.262483 0.315009
v 0.595900 0.267186 0.315009
v 0.600461 0.215058 0.315009
v 0.595900 0.267186 0.315009
v 0.614004 0.265602 0.315009
v 0.600461 0.215058 0.315009
v 0.614004 0.265602 0.315009
v 0.630474 0.257922 0.315009
v 0.600461 0.215058 0.315009
v 0.630474 0.257922 0.315009
v 0.643325 0.245072 0.315009
v 0.600461 0.215058 0.315009
v 0.643325 0.245072 0.315009
v 0.651005 0.228601 0.315009
v 0.600461 0.215058 0.315009
v 0.633966 -0.044776 0.386332
v 0.632948 -0.033139 0.386332
v 0.600461 -0.041844 0.386332
v 0.632948 -0.033139 0.386332
v 0.628012 -0.022553 0.386332
v 0.600461 -0.041844 0.386332
v 0.628012 -0.022553 0.386332
v 0.619752 -0.014293 0.386332
v 0.600461 -0.041844 0.386332
v 0.619752 -0.014293 0.386332
v 0.609166 -0.009356 0.386332
v 0.600461 -0.041844 0.386332
v 0.609166 -0.009356 0.386332
v 0.597529 -0.008338 0.386332
v 0.600461 -0.041844 0.386332
v 0.597529 -0.008338 0.386332
v 0.586246 -0.011362 0.386332
v 0.600461 -0.041844 0.386332
v 0.586246 -0.011362 0.386332
v 0.576678 -0.018062 0.386332
v 0.600461 -0.041844 0.386332
v 0.576678 -0.018062 0.386332
v 0.569978 -0.027630 0.386332
v 0.600461 -0.041844 0.386332
v 0.569978 -0.027630 0.386332
v 0.566955 -0.038913 0.386332
v 0.600461 -0.041844 0.386332
v 0.566955 -0.038913 0.386332
v 0.567973 -0.050549 0.386332
v 0.600461 -0.041844 0.386332
v 0.567973 -0.050549 0.386332
v 0.572909 -0.061136 0.386332
v 0.600461 -0.041844 0.386332
v 0.572909 -0.061136 0.386332
v 0.581169 -0.069395 0.386332
v 0.600461 -0.041844 0.386332
v 0.581169 -0.069395 0.386332
v 0.591756 -0.074332 0.386332
v 0.600461 -0.041844 0.386332
v 0.591756 -0.074332 0.386332
v 0.603392 -0.075350 0.386332
v 0.600461 -0.041844 0.386332
v 0.603392 -0.075350 0.386332
v 0.614675 -0.072327 0.386332
v 0.600461 -0.041844 0.386332
v 0.614675 -0.072327 0.386332
v 0.624243 -0.065627 0.386332
v 0.600461 -0.041844 0.386332
v 0.624243 -0.065627 0.386332
v 0.630943 -0.056059 0.386332
v 0.600461 -0.041844 0.386332
v 0.630943 -0.056059 0.386332
v 0.633966 -0.044776 0.386332
v 0.600461 -0.041844 0.386332
v 0.651005 -0.028301 0.315009
v 0.652589 -0.046405 0.315009
v 0.600461 -0.041844 0.315009
v 0.652589 -0.046405 0.315009
v 0.647886 -0.063959 0.315009
v 0.600461 -0.041844 0.315009
v 0.647886 -0.063959 0.315009
v 0.637462 -0.078845 0.315009
v 0.600461 -0.041844 0.315009
v 0.637462 -0.078845 0.315009
v 0.622575 -0.089269 0.315009
v 0.600461 -0.041844 0.315009
v 0.622575 -0.089269 0.315009
v 0.605021 -0.093973 0.315009
v 0.600461 -0.041844 0.315009
v 0.605021 -0.093973 0.315009
v 0.586917 -0.092389 0.315009
v 0.600461 -0.041844 0.315009
v 0.586917 -0.092389 0.315009
v 0.570447 -0.084708 0.315009
v 0.600461 -0.041844 0.315009
v 0.570447 -0.084708 0.315009
v 0.557596 -0.071858 0.315009
v 0.600461 -0.041844 0.315009
v 0.557596 -0.071858 0.315009
v 0.549916 -0.055388 0.315009
v 0.600461 -0.041844 0.315009
v 0.549916 -0.055388 0.315009
v 0.548332 -0.037284 0.315009
v 0.600461 -0.041844 0.315009
v 0.548332 -0.037284 0.315009
v 0.553036 -0.019730 0.315009
v 0.600461 -0.041844 0.315009
v 0.553036 -0.019730 0.315009
v 0.563459 -0.004843 0.315009
v 0.600461 -0.041844 0.315009
v 0.563459 -0.004843 0.315009
v 0.578346 0.005581 0.315009
v 0.600461 -0.041844 0.315009
v 0.578346 0.005581 0.315009
v 0.595900 0.010284 0.315009
v 0.600461 -0.041844 0.315009
v 0.595900 0.010284 0.315009
v 0.614004 0.008700 0.315009
v 0.600461 -0.041844 0.315009
v 0.614004 0.008700 0.315009
v 0.630475 0.001020 0.315009
v 0.600461 -0.041844 0.315009
v 0.630475 0.001020 0.315009
v 0.643325 -0.011830 0.315009
v 0.600461 -0.041844 0.315009
v 0.643325 -0.011830 0.315009
v 0.651005 -0.028301 0.315009
v 0.600461 -0.041844 0.315009
v 0.651005 0.228601 0.374474
v 0.652589 0.210497 0.374474
v 0.652589 0.210497 0.315009
v 0.651005 0.228601 0.374474
v 0.652589 0.210497 0.315009
v 0.651005 0.228601 0.315009
v 0.643325 0.245072 0.374474
v 0.651005 0.228601 0.374474
v 0.651005 0.228601 0.315009
v 0.643325 0.245072 0.374474
v 0.651005 0.228601 0.315009
v 0.643325 0.245072 0.315009
v 0.630474 0.257922 0.374474
v 0.643325 0.245072 0.374474
v 0.643325 0.245072 0.315009
v 0.630474 0.257922 0.374474
v 0.643325 0.245072 0.315009
v 0.630474 0.257922 0.315009
v 0.614004 0.265602 0.374474
v 0.630474 0.257922 0.374474
v 0.630474 0.257922 0.315009
v 0.614004 0.265602 0.374474
v 0.630474 0.257922 0.315009
v 0.614004 0.265602 0.315009
v 0.595900 0.267186 0.374474
v 0.614004 0.265602 0.374474
v 0.614004 0.265602 0.315009
v 0.595900 0.267186 0.374474
v 0.614004 0.265602 0.315009
v 0.595900 0.267186 0.315009
v 0.578346 0.262483 0.374474
v 0.595900 0.267186 0.374474
v 0.595900 0.267186 0.315009
v 0.578346 0.262483 0.374474
v 0.595900 0.267186 0.315009
v 0.578346 0.262483 0.315009
v 0.563459 0.252059 0.374474
v 0.578346 0.262483 0.374474
v 0.578346 0.262483 0.315009
v 0.563459 0.252059 0.374474
v 0.578346 0.262483 0.315009
v 0.563459 0.252059 0.315009
v 0.553036 0.237172 0.374474
v 0.563459 0.252059 0.374474
v 0.563459 0.252059 0.315009
v 0.553036 0.237172 0.374474
v 0.563459 0.252059 0.315009
v 0.553036 0.237172 0.315009
v 0.548332 0.219618 0.374474
v 0.553036 0.237172 0.374474
v 0.553036 0.237172 0.315009
v 0.548332 0.219618 0.374474
v 0.553036 0.237172 0.315009
v 0.548332 0.219618 0.315009
v 0.549916 0.201514 0.374474
v 0.548332 0.219618 0.374474
v 0.548332 0.219618 0.315009
v 0.549916 0.201514 0.374474
v 0.548332 0.219618 0.315009
v 0.549916 0.201514 0.315009
v 0.557596 0.185044 0.374474
v 0.549916 0.201514 0.374474
v 0.549916 0.201514 0.315009
v 0.557596 0.185044 0.374474
v 0.549916 0.201514 0.315009
v 0.557596 0.185044 0.315009
v 0.570447 0.172194 0.374474
v 0.557596 0.185044 0.374474
v 0.557596 0.185044 0.315009
v 0.570447 0.172194 0.374474
v 0.557596 0.185044 0.315009
v 0.570447 0.172194 0.315009
v 0.586917 0.164513 0.374474
v 0.570447 0.172194 0.374474
v 0.570447 0.172194 0.315009
v 0.586917 0.164513 0.374474
v 0.570447 0.172194 0.315009
v 0.586917 0.164513 0.315009
v 0.605021 0.162929 0.374474
v 0.586917 0.164513 0.374474
v 0.586917 0.164513 0.315009
v 0.605021 0.162929 0.374474
v 0.586917 0.164513 0.315009
v 0.605021 0.162929 0.315009
v 0.622575 0.167633 0.374474
v 0.605021 0.162929 0.374474
v 0.605021 0.162929 0.315009
v 0.622575 0.167633 0.374474
v 0.605021 0.162929 0.315009
v 0.622575 0.167633 0.315009
v 0.637462 0.178057 0.374474
v 0.622575 0.167633 0.374474
v 0.622575 0.167633 0.315009
v 0.637462 0.178057 0.374474
v 0.622575 0.167633 0.315009
v 0.637462 0.178057 0.315009
v 0.647885 0.192943 0.374474
v 0.637462 0.178057 0.374474
v 0.637462 0.178057 0.315009
v 0.647885 0.192943 0.374474
v 0.637462 0.178057 0.315009
v 0.647886 0.192943 0.315009
v 0.652589 0.210497 0.374474
v 0.647885 0.192943 0.374474
v 0.647886 0.192943 0.315009
v 0.652589 0.210497 0.374474
v 0.647886 0.192943 0.315009
v 0.652589 0.210497 0.315009
v 0.651005 0.228601 0.374474
v 0.642584 0.226345 0.374474
v 0.643904 0.211257 0.374474
v 0.651005 0.228601 0.374474
v 0.643904 0.211257 0.374474
v 0.652589 0.210497 0.374474
v 0.643325 0.245072 0.374474
v 0.636183 0.240071 0.374474
v 0.642584 0.226345 0.374474
v 0.643325 0.245072 0.374474
v 0.642584 0.226345 0.374474
v 0.651005 0.228601 0.374474
v 0.630474 0.257922 0.374474
v 0.625474 0.250781 0.374474
v 0.636183 0.240071 0.374474
v 0.630474 0.257922 0.374474
v 0.636183 0.240071 0.374474
v 0.643325 0.245072 0.374474
v 0.630474 0.257922 0.374474
v 0.614004 0.265602 0.374474
v 0.611747 0.257181 0.374474
v 0.630474 0.257922 0.374474
v 0.611747 0.257181 0.374474
v 0.625474 0.250781 0.374474
v 0.611747 0.257181 0.374474
v 0.614004 0.265602 0.374474
v 0.595900 0.267186 0.374474
v 0.611747 0.257181 0.374474
v 0.595900 0.267186 0.374474
v 0.596660 0.258501 0.374474
v 0.595900 0.267186 0.374474
v 0.578346 0.262483 0.374474
v 0.582030 0.254582 0.374474
v 0.595900 0.267186 0.374474
v 0.582030 0.254582 0.374474
v 0.596660 0.258501 0.374474
v 0.582030 0.254582 0.374474
v 0.578346 0.262483 0.374474
v 0.563459 0.252059 0.374474
v 0.582030 0.254582 0.374474
v 0.563459 0.252059 0.374474
v 0.569624 0.245894 0.374474
v 0.569624 0.245894 0.374474
v 0.563459 0.252059 0.374474
v 0.553036 0.237172 0.374474
v 0.569624 0.245894 0.374474
v 0.553036 0.237172 0.374474
v 0.560937 0.233488 0.374474
v 0.560937 0.233488 0.374474
v 0.553036 0.237172 0.374474
v 0.548332 0.219618 0.374474
v 0.560937 0.233488 0.374474
v 0.548332 0.219618 0.374474
v 0.557017 0.218859 0.374474
v 0.557017 0.218859 0.374474
v 0.548332 0.219618 0.374474
v 0.549916 0.201514 0.374474
v 0.557017 0.218859 0.374474
v 0.549916 0.201514 0.374474
v 0.558337 0.203771 0.374474
v 0.564738 0.190044 0.374474
v 0.558337 0.203771 0.374474
v 0.549916 0.201514 0.374474
v 0.564738 0.190044 0.374474
v 0.549916 0.201514 0.374474
v 0.557596 0.185044 0.374474
v 0.575447 0.179335 0.374474
v 0.564738 0.190044 0.374474
v 0.557596 0.185044 0.374474
v 0.575447 0.179335 0.374474
v 0.557596 0.185044 0.374474
v 0.570447 0.172194 0.374474
v 0.589174 0.172934 0.374474
v 0.575447 0.179335 0.374474
v 0.570447 0.172194 0.374474
v 0.589174 0.172934 0.374474
v 0.570447 0.172194 0.374474
v 0.586917 0.164513 0.374474
v 0.589174 0.172934 0.374474
v 0.586917 0.164513 0.374474
v 0.605021 0.162929 0.374474
v 0.589174 0.172934 0.374474
v 0.605021 0.162929 0.374474
v 0.604261 0.171614 0.374474
v 0.622575 0.167633 0.374474
v 0.618891 0.175534 0.374474
v 0.604261 0.171614 0.374474
v 0.622575 0.167633 0.374474
v 0.604261 0.171614 0.374474
v 0.605021 0.162929 0.374474
v 0.637462 0.178057 0.374474
v 0.631297 0.184221 0.374474
v 0.618891 0.175534 0.374474
v 0.637462 0.178057 0.374474
v 0.618891 0.175534 0.374474
v 0.622575 0.167633 0.374474
v 0.647885 0.192943 0.374474
v 0.639984 0.196627 0.374474
v 0.631297 0.184221 0.374474
v 0.647885 0.192943 0.374474
v 0.631297 0.184221 0.374474
v 0.637462 0.178057 0.374474
v 0.647885 0.192943 0.374474
v 0.652589 0.210497 0.374474
v 0.643904 0.211257 0.374474
v 0.647885 0.192943 0.374474
v 0.643904 0.211257 0.374474
v 0.639984 0.196627 0.374474
v 0.632948 0.223763 0.386332
v 0.633966 0.212126 0.386332
v 0.643904 0.211257 0.374474
v 0.632948 0.223763 0.386332
v 0.643904 0.211257 0.374474
v 0.642584 0.226345 0.374474
v 0.628012 0.234349 0.386332
v 0.632948 0.223763 0.386332
v 0.642584 0.226345 0.374474
v 0.628012 0.234349 0.386332
v 0.642584 0.226345 0.374474
v 0.636183 0.240071 0.374474
v 0.619752 0.242609 0.386332
v 0.628012 0.234349 0.386332
v 0.636183 0.240071 0.374474
v 0.619752 0.242609 0.386332
v 0.636183 0.240071 0.374474
v 0.625474 0.250781 0.374474
v 0.609165 0.247545 0.386332
v 0.619752 0.242609 0.386332
v 0.625474 0.250781 0.374474
v 0.609165 0.247545 0.386332
v 0.625474 0.250781 0.374474
v 0.611747 0.257181 0.374474
v 0.597529 0.248564 0.386332
v 0.609165 0.247545 0.386332
v 0.611747 0.257181 0.374474
v 0.597529 0.248564 0.386332
v 0.611747 0.257181 0.374474
v 0.596660 0.258501 0.374474
v 0.586246 0.245540 0.386332
v 0.597529 0.248564 0.386332
v 0.596660 0.258501 0.374474
v 0.586246 0.245540 0.386332
v 0.596660 0.258501 0.374474
v 0.582030 0.254582 0.374474
v 0.576678 0.238840 0.386332
v 0.586246 0.245540 0.386332
v 0.582030 0.254582 0.374474
v 0.576678 0.238840 0.386332
v 0.582030 0.254582 0.374474
v 0.569624 0.245894 0.374474
v 0.569978 0.229272 0.386332
v 0.576678 0.238840 0.386332
v 0.569624 0.245894 0.374474
v 0.569978 0.229272 0.386332
v 0.569624 0.245894 0.374474
v 0.560937 0.233488 0.374474
v 0.566955 0.217989 0.386332
v 0.569978 0.229272 0.386332
v 0.560937 0.233488 0.374474
v 0.566955 0.217989 0.386332
v 0.560937 0.233488 0.374474
v 0.557017 0.218859 0.374474
v 0.567973 0.206353 0.386332
v 0.566955 0.217989 0.386332
v 0.557017 0.218859 0.374474
v 0.567973 0.206353 0.386332
v 0.557017 0.218859 0.374474
v 0.558337 0.203771 0.374474
v 0.572909 0.195766 0.386332
v 0.567973 0.206353 0.386332
v 0.558337 0.203771 0.374474
v 0.572909 0.195766 0.386332
v 0.558337 0.203771 0.374474
v 0.564738 0.190044 0.374474
v 0.581169 0.187507 0.386332
v 0.572909 0.195766 0.386332
v 0.564738 0.190044 0.374474
v 0.581169 0.187507 0.386332
v 0.564738 0.190044 0.374474
v 0.575447 0.179335 0.374474
v 0.591755 0.182570 0.386332
v 0.581169 0.187507 0.386332
v 0.575447 0.179335 0.374474
v 0.591755 0.182570 0.386332
v 0.575447 0.179335 0.374474
v 0.589174 0.172934 0.374474
v 0.603392 0.181552 0.386332
v 0.591755 0.182570 0.386332
v 0.589174 0.172934 0.374474
v 0.603392 0.181552 0.386332
v 0.589174 0.172934 0.374474
v 0.604261 0.171614 0.374474
v 0.614675 0.184575 0.386332
v 0.603392 0.181552 0.386332
v 0.604261 0.171614 0.374474
v 0.614675 0.184575 0.386332
v 0.604261 0.171614 0.374474
v 0.618891 0.175534 0.374474
v 0.624243 0.191275 0.386332
v 0.614675 0.184575 0.386332
v 0.618891 0.175534 0.374474
v 0.624243 0.191275 0.386332
v 0.618891 0.175534 0.374474
v 0.631297 0.184221 0.374474
v 0.630943 0.200843 0.386332
v 0.624243 0.191275 0.386332
v 0.631297 0.184221 0.374474
v 0.630943 0.200843 0.386332
v 0.631297 0.184221 0.374474
v 0.639984 0.196627 0.374474
v 0.633966 0.212126 0.386332
v 0.630943 0.200843 0.386332
v 0.639984 0.196627 0.374474
v 0.633966 0.212126 0.386332
v 0.639984 0.196627 0.374474
v 0.643904 0.211257 0.374474
v 0.651005 -0.028301 0.374474
v 0.652589 -0.046405 0.374474
v 0.652589 -0.046405 0.315009
v 0.651005 -0.028301 0.374474
v 0.652589 -0.046405 0.315009
v 0.651005 -0.028301 0.315009
v 0.643325 -0.011830 0.374474
v 0.651005 -0.028301 0.374474
v 0.651005 -0.028301 0.315009
v 0.643325 -0.011830 0.374474
v 0.651005 -0.028301 0.315009
v 0.643325 -0.011830 0.315009
v 0.630474 0.001020 0.374474
v 0.643325 -0.011830 0.374474
v 0.643325 -0.011830 0.315009
v 0.630474 0.001020 0.374474
v 0.643325 -0.011830 0.315009
v 0.630475 0.001020 0.315009
v 0.614004 0.008700 0.374474
v 0.630474 0.001020 0.374474
v 0.630475 0.001020 0.315009
v 0.614004 0.008700 0.374474
v 0.630475 0.001020 0.315009
v 0.614004 0.008700 0.315009
v 0.595900 0.010284 0.374474
v 0.614004 0.008700 0.374474
v 0.614004 0.008700 0.315009
v 0.595900 0.010284 0.374474
v 0.614004 0.008700 0.315009
v 0.595900 0.010284 0.315009
v 0.578346 0.005581 0.374474
v 0.595900 0.010284 0.374474
v 0.595900 0.010284 0.315009
v 0.578346 0.005581 0.374474
v 0.595900 0.010284 0.315009
v 0.578346 0.005581 0.315009
v 0.563459 -0.004843 0.374474
v 0.578346 0.005581 0.374474
v 0.578346 0.005581 0.315009
v 0.563459 -0.004843 0.374474
v 0.578346 0.005581 0.315009
v 0.563459 -0.004843 0.315009
v 0.553036 -0.019730 0.374474
v 0.563459 -0.004843 0.374474
v 0.563459 -0.004843 0.315009
v 0.553036 -0.019730 0.374474
v 0.563459 -0.004843 0.315009
v 0.553036 -0.019730 0.315009
v 0.548332 -0.037284 0.374474
v 0.553036 -0.019730 0.374474
v 0.553036 -0.019730 0.315009
v 0.548332 -0.037284 0.374474
v 0.553036 -0.019730 0.315009
v 0.548332 -0.037284 0.315009
v 0.549916 -0.055388 0.374474
v 0.548332 -0.037284 0.374474
v 0.548332 -0.037284 0.315009
v 0.549916 -0.055388 0.374474
v 0.548332 -0.037284 0.315009
v 0.549916 -0.055388 0.315009
v 0.557596 -0.071858 0.374474
v 0.549916 -0.055388 0.374474
v 0.549916 -0.055388 0.315009
v 0.557596 -0.071858 0.374474
v 0.549916 -0.055388 0.315009
v 0.557596 -0.071858 0.315009
v 0.570447 -0.084708 0.374474
v 0.557596 -0.071858 0.374474
v 0.557596 -0.071858 0.315009
v 0.570447 -0.084708 0.374474
v 0.557596 -0.071858 0.315009
v 0.570447 -0.084708 0.315009
v 0.586917 -0.092389 0.374474
v 0.570447 -0.084708 0.374474
v 0.570447 -0.084708 0.315009
v 0.586917 -0.092389 0.374474
v 0.570447 -0.084708 0.315009
v 0.586917 -0.092389 0.315009
v 0.605021 -0.093973 0.374474
v 0.586917 -0.092389 0.374474
v 0.586917 -0.092389 0.315009
v 0.605021 -0.093973 0.374474
v 0.586917 -0.092389 0.315009
v 0.605021 -0.093973 0.315009
v 0.622575 -0.089269 0.374474
v 0.605021 -0.093973 0.374474
v 0.605021 -0.093973 0.315009
v 0.622575 -0.089269 0.374474
v 0.605021 -0.093973 0.315009
v 0.622575 -0.089269 0.315009
v 0.637462 -0.078845 0.374474
v 0.622575 -0.089269 0.374474
v 0.622575 -0.089269 0.315009
v 0.637462 -0.078845 0.374474
v 0.622575 -0.089269 0.315009
v 0.637462 -0.078845 0.315009
v 0.647886 -0.063959 0.374474
v 0.637462 -0.078845 0.374474
v 0.637462 -0.078845 0.315009
v 0.647886 -0.063959 0.374474
v 0.637462 -0.078845 0.315009
v 0.647886 -0.063959 0.315009
v 0.652589 -0.046405 0.374474
v 0.647886 -0.063959 0.374474
v 0.647886 -0.063959 0.315009
v 0.652589 -0.046405 0.374474
v 0.647886 -0.063959 0.315009
v 0.652589 -0.046405 0.315009
v 0.651005 -0.028301 0.374474
v 0.642584 -0.030557 0.374474
v 0.643904 -0.045645 0.374474
v 0.651005 -0.028301 0.374474
v 0.643904 -0.045645 0.374474
v 0.652589 -0.046405 0.374474
v 0.643325 -0.011830 0.374474
v 0.636183 -0.016831 0.374474
v 0.642584 -0.030557 0.374474
v 0.643325 -0.011830 0.374474
v 0.642584 -0.030557 0.374474
v 0.651005 -0.028301 0.374474
v 0.630474 0.001020 0.374474
v 0.625474 -0.006121 0.374474
v 0.636183 -0.016831 0.374474
v 0.630474 0.001020 0.374474
v 0.636183 -0.016831 0.374474
v 0.643325 -0.011830 0.374474
v 0.630474 0.001020 0.374474
v 0.614004 0.008700 0.374474
v 0.611748 0.000279 0.374474
v 0.630474 0.001020 0.374474
v 0.611748 0.000279 0.374474
v 0.625474 -0.006121 0.374474
v 0.611748 0.000279 0.374474
v 0.614004 0.008700 0.374474
v 0.595900 0.010284 0.374474
v 0.611748 0.000279 0.374474
v 0.595900 0.010284 0.374474
v 0.596660 0.001599 0.374474
v 0.595900 0.010284 0.374474
v 0.578346 0.005581 0.374474
v 0.582030 -0.002320 0.374474
v 0.595900 0.010284 0.374474
v 0.582030 -0.002320 0.374474
v 0.596660 0.001599 0.374474
v 0.582030 -0.002320 0.374474
v 0.578346 0.005581 0.374474
v 0.563459 -0.004843 0.374474
v 0.582030 -0.002320 0.374474
v 0.563459 -0.004843 0.374474
v 0.569624 -0.011008 0.374474
v 0.569624 -0.011008 0.374474
v 0.563459 -0.004843 0.374474
v 0.553036 -0.019730 0.374474
v 0.569624 -0.011008 0.374474
v 0.553036 -0.019730 0.374474
v 0.560937 -0.023414 0.374474
v 0.553036 -0.019730 0.374474
v 0.548332 -0.037284 0.374474
v 0.557017 -0.038043 0.374474
v 0.553036 -0.019730 0.374474
v 0.557017 -0.038043 0.374474
v 0.560937 -0.023414 0.374474
v 0.557017 -0.038043 0.374474
v 0.548332 -0.037284 0.374474
v 0.549916 -0.055388 0.374474
v 0.557017 -0.038043 0.374474
v 0.549916 -0.055388 0.374474
v 0.558337 -0.053131 0.374474
v 0.564738 -0.066858 0.374474
v 0.558337 -0.053131 0.374474
v 0.549916 -0.055388 0.374474
v 0.564738 -0.066858 0.374474
v 0.549916 -0.055388 0.374474
v 0.557596 -0.071858 0.374474
v 0.575447 -0.077567 0.374474
v 0.564738 -0.066858 0.374474
v 0.557596 -0.071858 0.374474
v 0.575447 -0.077567 0.374474
v 0.557596 -0.071858 0.374474
v 0.570447 -0.084708 0.374474
v 0.589174 -0.083968 0.374474
v 0.575447 -0.077567 0.374474
v 0.570447 -0.084708 0.374474
v 0.589174 -0.083968 0.374474
v 0.570447 -0.084708 0.374474
v 0.586917 -0.092389 0.374474
v 0.589174 -0.083968 0.374474
v 0.586917 -0.092389 0.374474
v 0.605021 -0.093973 0.374474
v 0.589174 -0.083968 0.374474
v 0.605021 -0.093973 0.374474
v 0.604261 -0.085288 0.374474
v 0.622575 -0.089269 0.374474
v 0.618891 -0.081368 0.374474
v 0.604261 -0.085288 0.374474
v 0.622575 -0.089269 0.374474
v 0.604261 -0.085288 0.374474
v 0.605021 -0.093973 0.374474
v 0.637462 -0.078845 0.374474
v 0.631297 -0.072681 0.374474
v 0.618891 -0.081368 0.374474
v 0.637462 -0.078845 0.374474
v 0.618891 -0.081368 0.374474
v 0.622575 -0.089269 0.374474
v 0.647886 -0.063959 0.374474
v 0.639984 -0.060274 0.374474
v 0.631297 -0.072681 0.374474
v 0.647886 -0.063959 0.374474
v 0.631297 -0.072681 0.374474
v 0.637462 -0.078845 0.374474
v 0.652589 -0.046405 0.374474
v 0.643904 -0.045645 0.374474
v 0.639984 -0.060274 0.374474
v 0.652589 -0.046405 0.374474
v 0.639984 -0.060274 0.374474
v 0.647886 -0.063959 0.374474
v 0.632948 -0.033139 0.386332
v 0.633966 -0.044776 0.386332
v 0.643904 -0.045645 0.374474
v 0.632948 -0.033139 0.386332
v 0.643904 -0.045645 0.374474
v 0.642584 -0.030557 0.374474
v 0.628012 -0.022553 0.386332
v 0.632948 -0.033139 0.386332
v 0.642584 -0.030557 0.374474
v 0.628012 -0.022553 0.386332
v 0.642584 -0.030557 0.374474
v 0.636183 -0.016831 0.374474
v 0.619752 -0.014293 0.386332
v 0.628012 -0.022553 0.386332
v 0.636183 -0.016831 0.374474
v 0.619752 -0.014293 0.386332
v 0.636183 -0.016831 0.374474
v 0.625474 -0.006121 0.374474
v 0.609166 -0.009356 0.386332
v 0.619752 -0.014293 0.386332
v 0.625474 -0.006121 0.374474
v 0.609166 -0.009356 0.386332
v 0.625474 -0.006121 0.374474
v 0.611748 0.000279 0.374474
v 0.597529 -0.008338 0.386332
v 0.609166 -0.009356 0.386332
v 0.611748 0.000279 0.374474
v 0.597529 -0.008338 0.386332
v 0.611748 0.000279 0.374474
v 0.596660 0.001599 0.374474
v 0.586246 -0.011362 0.386332
v 0.597529 -0.008338 0.386332
v 0.596660 0.001599 0.374474
v 0.586246 -0.011362 0.386332
v 0.596660 0.001599 0.374474
v 0.582030 -0.002320 0.374474
v 0.576678 -0.018062 0.386332
v 0.586246 -0.011362 0.386332
v 0.582030 -0.002320 0.374474
v 0.576678 -0.018062 0.386332
v 0.582030 -0.002320 0.374474
v 0.569624 -0.011008 0.374474
v 0.569978 -0.027630 0.386332
v 0.576678 -0.018062 0.386332
v 0.569624 -0.011008 0.374474
v 0.569978 -0.027630 0.386332
v 0.569624 -0.011008 0.374474
v 0.560937 -0.023414 0.374474
v 0.566955 -0.038913 0.386332
v 0.569978 -0.027630 0.386332
v 0.560937 -0.023414 0.374474
v 0.566955 -0.038913 0.386332
v 0.560937 -0.023414 0.374474
v 0.557017 -0.038043 0.374474
v 0.567973 -0.050549 0.386332
v 0.566955 -0.038913 0.386332
v 0.557017 -0.038043 0.374474
v 0.567973 -0.050549 0.386332
v 0.557017 -0.038043 0.374474
v 0.558337 -0.053131 0.374474
v 0.572909 -0.061136 0.386332
v 0.567973 -0.050549 0.386332
v 0.558337 -0.053131 0.374474
v 0.572909 -0.061136 0.386332
v 0.558337 -0.053131 0.374474
v 0.564738 -0.066858 0.374474
v 0.581169 -0.069395 0.386332
v 0.572909 -0.061136 0.386332
v 0.564738 -0.066858 0.374474
v 0.581169 -0.069395 0.386332
v 0.564738 -0.066858 0.374474
v 0.575447 -0.077567 0.374474
v 0.591756 -0.074332 0.386332
v 0.581169 -0.069395 0.386332
v 0.575447 -0.077567 0.374474
v 0.591756 -0.074332 0.386332
v 0.575447 -0.077567 0.374474
v 0.589174 -0.083968 0.374474
v 0.603392 -0.075350 0.386332
v 0.591756 -0.074332 0.386332
v 0.589174 -0.083968 0.374474
v 0.603392 -0.075350 0.386332
v 0.589174 -0.083968 0.374474
v 0.604261 -0.085288 0.374474
v 0.614675 -0.072327 0.386332
v 0.603392 -0.075350 0.386332
v 0.604261 -0.085288 0.374474
v 0.614675 -0.072327 0.386332
v 0.604261 -0.085288 0.374474
v 0.618891 -0.081368 0.374474
v 0.624243 -0.065627 0.386332
v 0.614675 -0.072327 0.386332
v 0.618891 -0.081368 0.374474
v 0.624243 -0.065627 0.386332
v 0.618891 -0.081368 0.374474
v 0.631297 -0.072681 0.374474
v 0.630943 -0.056059 0.386332
v 0.624243 -0.065627 0.386332
v 0.631297 -0.072681 0.374474
v 0.630943 -0.056059 0.386332
v 0.631297 -0.072681 0.374474
v 0.639984 -0.060274 0.374474
v 0.633966 -0.044776 0.386332
v 0.630943 -0.056059 0.386332
v 0.639984 -0.060274 0.374474
v 0.633966 -0.044776 0.386332
v 0.639984 -0.060274 0.374474
v 0.643904 -0.045645 0.374474
v 0.699338 -0.548655 0.290619
v 0.768821 -0.542338 0.290619
v 0.000000 0.070241 0.290619
v 0.768821 -0.542338 0.290619
v 0.817131 -0.526234 0.290619
v 0.000000 0.070241 0.290619
v 0.817131 -0.526234 0.290619
v 0.850381 -0.502485 0.290619
v 0.000000 0.070241 0.290619
v 0.850381 -0.502485 0.290619
v 0.874131 -0.469235 0.290619
v 0.000000 0.070241 0.290619
v 0.874131 -0.469235 0.290619
v 0.890235 -0.420924 0.290619
v 0.000000 0.070241 0.290619
v 0.890235 -0.420924 0.290619
v 0.896551 -0.351441 0.290619
v 0.000000 0.070241 0.290619
v 0.896551 -0.351441 0.290619
v 0.896551 0.491924 0.290619
v 0.000000 0.070241 0.290619
v 0.896551 0.491924 0.290619
v 0.890235 0.561407 0.290619
v 0.000000 0.070241 0.290619
v 0.890235 0.561407 0.290619
v 0.874131 0.609717 0.290619
v 0.000000 0.070241 0.290619
v 0.874131 0.609717 0.290619
v 0.850381 0.642967 0.290619
v 0.000000 0.070241 0.290619
v 0.850381 0.642967 0.290619
v 0.817131 0.666717 0.290619
v 0.000000 0.070241 0.290619
v 0.817131 0.666717 0.290619
v 0.768821 0.682820 0.290619
v 0.000000 0.070241 0.290619
v 0.768821 0.682820 0.290619
v 0.699338 0.689137 0.290619
v 0.000000 0.070241 0.290619
v 0.699338 0.689137 0.290619
v -0.699338 0.689137 0.290619
v 0.000000 0.070241 0.290619
v -0.699338 0.689137 0.290619
v -0.768821 0.682820 0.290619
v 0.000000 0.070241 0.290619
v -0.768821 0.682820 0.290619
v -0.817131 0.666717 0.290619
v 0.000000 0.070241 0.290619
v -0.817131 0.666717 0.290619
v -0.850381 0.642967 0.290619
v 0.000000 0.070241 0.290619
v -0.850381 0.642967 0.290619
v -0.874131 0.609717 0.290619
v 0.000000 0.070241 0.290619
v -0.874131 0.609717 0.290619
v -0.890234 0.561407 0.290619
v 0.000000 0.070241 0.290619
v -0.890234 0.561407 0.290619
v -0.896551 0.491924 0.290619
v 0.000000 0.070241 0.290619
v -0.896551 0.491924 0.290619
v -0.896551 -0.351441 0.290619
v 0.000000 0.070241 0.290619
v -0.896551 -0.351441 0.290619
v -0.890234 -0.420924 0.290619
v 0.000000 0.070241 0.290619
v -0.890234 -0.420924 0.290619
v -0.874131 -0.469235 0.290619
v 0.000000 0.070241 0.290619
v -0.874131 -0.469235 0.290619
v -0.850381 -0.502485 0.290619
v 0.000000 0.070241 0.290619
v -0.850381 -0.502485 0.290619
v -0.817131 -0.526234 0.290619
v 0.000000 0.070241 0.290619
v -0.817131 -0.526234 0.290619
v -0.768821 -0.542338 0.290619
v 0.000000 0.070241 0.290619
v -0.768821 -0.542338 0.290619
v -0.699338 -0.548655 0.290619
v 0.000000 0.070241 0.290619
v -0.699338 -0.548655 0.290619
v 0.699338 -0.548655 0.290619
v 0.000000 0.070241 0.290619
v 0.896551 -0.351441 -0.354044
v 0.890235 -0.420924 -0.354044
v 0.000000 0.070241 -0.354044
v 0.890235 -0.420924 -0.354044
v 0.874131 -0.469235 -0.354044
v 0.000000 0.070241 -0.354044
v 0.874131 -0.469235 -0.354044
v 0.850381 -0.502485 -0.354044
v 0.000000 0.070241 -0.354044
v 0.850381 -0.502485 -0.354044
v 0.817131 -0.526235 -0.354044
v 0.000000 0.070241 -0.354044
v 0.817131 -0.526235 -0.354044
v 0.768821 -0.542338 -0.354044
v 0.000000 0.070241 -0.354044
v 0.768821 -0.542338 -0.354044
v 0.699338 -0.548655 -0.354044
v 0.000000 0.070241 -0.354044
v 0.699338 -0.548655 -0.354044
v -0.699338 -0.548655 -0.354044
v 0.000000 0.070241 -0.354044
v -0.699338 -0.548655 -0.354044
v -0.768821 -0.542338 -0.354044
v 0.000000 0.070241 -0.354044
v -0.768821 -0.542338 -0.354044
v -0.817131 -0.526235 -0.354044
v 0.000000 0.070241 -0.354044
v -0.817131 -0.526235 -0.354044
v -0.850381 -0.502485 -0.354044
v 0.000000 0.070241 -0.354044
v -0.850381 -0.502485 -0.354044
v -0.874131 -0.469235 -0.354044
v 0.000000 0.070241 -0.354044
v -0.874131 -0.469235 -0.354044
v -0.890234 -0.420924 -0.354044
v 0.000000 0.070241 -0.354044
v -0.890234 -0.420924 -0.354044
v -0.896551 -0.351441 -0.354044
v 0.000000 0.070241 -0.354044
v -0.896551 -0.351441 -0.354044
v -0.896551 0.491924 -0.354044
v 0.000000 0.070241 -0.354044
v -0.896551 0.491924 -0.354044
v -0.890234 0.561407 -0.354044
v 0.000000 0.070241 -0.354044
v -0.890234 0.561407 -0.354044
v -0.874131 0.609717 -0.354044
v 0.000000 0.070241 -0.354044
v -0.874131 0.609717 -0.354044
v -0.850381 0.642967 -0.354044
v 0.000000 0.070241 -0.354044
v -0.850381 0.642967 -0.354044
v -0.817131 0.666717 -0.354044
v 0.000000 0.070241 -0.354044
v -0.817131 0.666717 -0.354044
v -0.768821 0.682820 -0.354044
v 0.000000 0.070241 -0.354044
v -0.768821 0.682820 -0.354044
v -0.699338 0.689137 -0.354044
v 0.000000 0.070241 -0.354044
v -0.699338 0.689137 -0.354044
v 0.699338 0.689137 -0.354044
v 0.000000 0.070241 -0.354044
v 0.699338 0.689137 -0.354044
v 0.768821 0.682820 -0.354044
v 0.000000 0.070241 -0.354044
v 0.768821 0.682820 -0.354044
v 0.817131 0.666717 -0.354044
v 0.000000 0.070241 -0.354044
v 0.817131 0.666717 -0.354044
v 0.850381 0.642967 -0.354044
v 0.000000 0.070241 -0.354044
v 0.850381 0.642967 -0.354044
v 0.874131 0.609717 -0.354044
v 0.000000 0.070241 -0.354044
v 0.874131 0.609717 -0.354044
v 0.890235 0.561407 -0.354044
v 0.000000 0.070241 -0.354044
v 0.890235 0.561407 -0.354044
v 0.896551 0.491924 -0.354044
v 0.000000 0.070241 -0.354044
v 0.896551 0.491924 -0.354044
v 0.896551 -0.351441 -0.354044
v 0.000000 0.070241 -0.354044
v -0.702533 -0.619098 0.224412
v -0.702533 -0.619098 -0.287837
v 0.702533 -0.619098 -0.287837
v -0.702533 -0.619098 0.224412
v 0.702533 -0.619098 -0.287837
v 0.702533 -0.619098 0.224412
v -0.966994 0.495119 -0.287837
v -0.966994 -0.354637 -0.287837
v -0.966994 -0.354637 0.224412
v -0.966994 0.495119 -0.287837
v -0.966994 -0.354637 0.224412
v -0.966994 0.495119 0.224412
v -0.702533 0.759580 -0.287837
v -0.702533 0.759580 0.224412
v 0.702533 0.759580 0.224412
v -0.702533 0.759580 -0.287837
v 0.702533 0.759580 0.224412
v 0.702533 0.759580 -0.287837
v 0.966994 -0.354637 -0.287837
v 0.966994 0.495119 -0.287837
v 0.966994 0.495119 0.224412
v 0.966994 -0.354637 -0.287837
v 0.966994 0.495119 0.224412
v 0.966994 -0.354637 0.224412
v -0.783341 -0.611752 0.224412
v -0.783341 -0.611752 -0.287837
v -0.702533 -0.619098 -0.287837
v -0.783341 -0.611752 0.224412
v -0.702533 -0.619098 -0.287837
v -0.702533 -0.619098 0.224412
v -0.849456 -0.589713 0.224412
v -0.849456 -0.589713 -0.287837
v -0.783341 -0.611752 -0.287837
v -0.849456 -0.589713 0.224412
v -0.783341 -0.611752 -0.287837
v -0.783341 -0.611752 0.224412
v -0.900879 -0.552983 0.224412
v -0.900879 -0.552983 -0.287837
v -0.849456 -0.589713 -0.287837
v -0.900879 -0.552983 0.224412
v -0.849456 -0.589713 -0.287837
v -0.849456 -0.589713 0.224412
v 0.702533 -0.619098 0.224412
v 0.702533 -0.619098 -0.287837
v 0.783341 -0.611752 -0.287837
v 0.702533 -0.619098 0.224412
v 0.783341 -0.611752 -0.287837
v 0.783341 -0.611752 0.224412
v 0.783341 -0.611752 0.224412
v 0.783341 -0.611752 -0.287837
v 0.849456 -0.589713 -0.287837
v 0.783341 -0.611752 0.224412
v 0.849456 -0.589713 -0.287837
v 0.849456 -0.589713 0.224412
v 0.849456 -0.589713 0.224412
v 0.849456 -0.589713 -0.287837
v 0.900879 -0.552983 -0.287837
v 0.849456 -0.589713 0.224412
v 0.900879 -0.552983 -0.287837
v 0.900879 -0.552983 0.224412
v -0.966994 0.495119 -0.287837
v -0.966994 0.495119 0.224412
v -0.959648 0.575927 0.224412
v -0.966994 0.495119 -0.287837
v -0.959648 0.575927 0.224412
v -0.959648 0.575927 -0.287837
v -0.959648 0.575927 -0.287837
v -0.959648 0.575927 0.224412
v -0.937610 0.642042 0.224412
v -0.959648 0.575927 -0.287837
v -0.937610 0.642042 0.224412
v -0.937610 0.642042 -0.287837
v -0.937610 0.642042 -0.287837
v -0.937610 0.642042 0.224412
v -0.900879 0.693465 0.224412
v -0.937610 0.642042 -0.287837
v -0.900879 0.693465 0.224412
v -0.900879 0.693465 -0.287837
v -0.966994 -0.354637 0.224412
v -0.966994 -0.354637 -0.287837
v -0.959648 -0.435444 -0.287837
v -0.966994 -0.354637 0.224412
v -0.959648 -0.435444 -0.287837
v -0.959648 -0.435444 0.224412
v -0.959648 -0.435444 0.224412
v -0.959648 -0.435444 -0.287837
v -0.937610 -0.501560 -0.287837
v -0.959648 -0.435444 0.224412
v -0.937610 -0.501560 -0.287837
v -0.937610 -0.501559 0.224412
v -0.937610 -0.501559 0.224412
v -0.937610 -0.501560 -0.287837
v -0.900879 -0.552983 -0.287837
v -0.937610 -0.501559 0.224412
v -0.900879 -0.552983 -0.287837
v -0.900879 -0.552983 0.224412
v 0.702533 0.759580 -0.287837
v 0.702533 0.759580 0.224412
v 0.783341 0.752234 0.224412
v 0.702533 0.759580 -0.287837
v 0.783341 0.752234 0.224412
v 0.783341 0.752234 -0.287837
v 0.783341 0.752234 -0.287837
v 0.783341 0.752234 0.224412
v 0.849456 0.730196 0.224412
v 0.783341 0.752234 -0.287837
v 0.849456 0.730196 0.224412
v 0.849456 0.730196 -0.287837
v 0.849456 0.730196 -0.287837
v 0.849456 0.730196 0.224412
v 0.900879 0.693465 0.224412
v 0.849456 0.730196 -0.287837
v 0.900879 0.693465 0.224412
v 0.900879 0.693465 -0.287837
v -0.783341 0.752234 -0.287837
v -0.783341 0.752234 0.224412
v -0.702533 0.759580 0.224412
v -0.783341 0.752234 -0.287837
v -0.702533 0.759580 0.224412
v -0.702533 0.759580 -0.287837
v -0.849456 0.730196 -0.287837
v -0.849456 0.730196 0.224412
v -0.783341 0.752234 0.224412
v -0.849456 0.730196 -0.287837
v -0.783341 0.752234 0.224412
v -0.783341 0.752234 -0.287837
v -0.900879 0.693465 -0.287837
v -0.900879 0.693465 0.224412
v -0.849456 0.730196 0.224412
v -0.900879 0.693465 -0.287837
v -0.849456 0.730196 0.224412
v -0.849456 0.730196 -0.287837
v 0.959648 -0.435444 0.224412
v 0.959648 -0.435444 -0.287837
v 0.966994 -0.354637 -0.287837
v 0.959648 -0.435444 0.224412
v 0.966994 -0.354637 -0.287837
v 0.966994 -0.354637 0.224412
v 0.937610 -0.501559 0.224412
v 0.937610 -0.501560 -0.287837
v 0.959648 -0.435444 -0.287837
v 0.937610 -0.501559 0.224412
v 0.959648 -0.435444 -0.287837
v 0.959648 -0.435444 0.224412
v 0.900879 -0.552983 0.224412
v 0.900879 -0.552983 -0.287837
v 0.937610 -0.501560 -0.287837
v 0.900879 -0.552983 0.224412
v 0.937610 -0.501560 -0.287837
v 0.937610 -0.501559 0.224412
v 0.959648 0.575927 -0.287837
v 0.959648 0.575927 0.224412
v 0.966994 0.495119 0.224412
v 0.959648 0.575927 -0.287837
v 0.966994 0.495119 0.224412
v 0.966994 0.495119 -0.287837
v 0.937610 0.642042 -0.287837
v 0.937610 0.642042 0.224412
v 0.959648 0.575927 0.224412
v 0.937610 0.642042 -0.287837
v 0.959648 0.575927 0.224412
v 0.959648 0.575927 -0.287837
v 0.900879 0.693465 -0.287837
v 0.900879 0.693465 0.224412
v 0.937610 0.642042 0.224412
v 0.900879 0.693465 -0.287837
v 0.937610 0.642042 0.224412
v 0.937610 0.642042 -0.287837
v 0.700608 -0.562631 0.322799
v 0.703329 -0.638153 0.322906
v 0.787028 -0.629708 0.321283
v 0.700608 -0.562631 0.322799
v 0.787028 -0.629708 0.321283
v 0.771713 -0.556165 0.322655
v 0.771713 -0.556165 0.322655
v 0.787028 -0.629708 0.321283
v 0.857809 -0.606115 0.321063
v 0.771713 -0.556165 0.322655
v 0.857809 -0.606115 0.321063
v 0.823570 -0.538878 0.322573
v 0.823570 -0.538878 0.322573
v 0.857809 -0.606115 0.321063
v 0.913928 -0.566031 0.320967
v 0.823570 -0.538878 0.322573
v 0.913928 -0.566031 0.320967
v 0.860439 -0.512543 0.322559
v 0.886775 -0.475673 0.322573
v 0.860439 -0.512543 0.322559
v 0.913928 -0.566031 0.320967
v 0.886775 -0.475673 0.322573
v 0.913928 -0.566031 0.320967
v 0.954012 -0.509913 0.321063
v 0.904062 -0.423817 0.322655
v 0.886775 -0.475673 0.322573
v 0.954012 -0.509913 0.321063
v 0.904062 -0.423817 0.322655
v 0.954012 -0.509913 0.321063
v 0.977605 -0.439131 0.321283
v 0.910585 -0.351441 0.322806
v 0.904062 -0.423817 0.322655
v 0.977605 -0.439131 0.321283
v 0.910585 -0.351441 0.322806
v 0.977605 -0.439131 0.321283
v 0.986050 -0.355432 0.322906
v 0.910527 0.493194 0.322799
v 0.910585 -0.351441 0.322806
v 0.986050 -0.355432 0.322906
v 0.910527 0.493194 0.322799
v 0.986050 -0.355432 0.322906
v 0.986050 0.495915 0.322906
v 0.904062 0.564299 0.322655
v 0.910527 0.493194 0.322799
v 0.986050 0.495915 0.322906
v 0.904062 0.564299 0.322655
v 0.986050 0.495915 0.322906
v 0.977605 0.579614 0.321283
v 0.886775 0.616156 0.322573
v 0.904062 0.564299 0.322655
v 0.977605 0.579614 0.321283
v 0.886775 0.616156 0.322573
v 0.977605 0.579614 0.321283
v 0.954012 0.650395 0.321063
v 0.860439 0.653025 0.322559
v 0.886775 0.616156 0.322573
v 0.954012 0.650395 0.321063
v 0.860439 0.653025 0.322559
v 0.954012 0.650395 0.321063
v 0.913928 0.706514 0.320967
v 0.857809 0.746598 0.321062
v 0.823570 0.679361 0.322573
v 0.860439 0.653025 0.322559
v 0.857809 0.746598 0.321062
v 0.860439 0.653025 0.322559
v 0.913928 0.706514 0.320967
v 0.787028 0.770190 0.321283
v 0.771713 0.696648 0.322655
v 0.823570 0.679361 0.322573
v 0.787028 0.770190 0.321283
v 0.823570 0.679361 0.322573
v 0.857809 0.746598 0.321062
v 0.703329 0.778636 0.322906
v 0.699338 0.703171 0.322806
v 0.771713 0.696648 0.322655
v 0.703329 0.778636 0.322906
v 0.771713 0.696648 0.322655
v 0.787028 0.770190 0.321283
v -0.703328 0.778636 0.322906
v -0.700608 0.703113 0.322799
v 0.699338 0.703171 0.322806
v -0.703328 0.778636 0.322906
v 0.699338 0.703171 0.322806
v 0.703329 0.778636 0.322906
v -0.787027 0.770190 0.321283
v -0.771713 0.696648 0.322655
v -0.700608 0.703113 0.322799
v -0.787027 0.770190 0.321283
v -0.700608 0.703113 0.322799
v -0.703328 0.778636 0.322906
v -0.857809 0.746598 0.321063
v -0.823569 0.679361 0.322573
v -0.771713 0.696648 0.322655
v -0.857809 0.746598 0.321063
v -0.771713 0.696648 0.322655
v -0.787027 0.770190 0.321283
v -0.913927 0.706514 0.320967
v -0.860439 0.653025 0.322559
v -0.823569 0.679361 0.322573
v -0.913927 0.706514 0.320967
v -0.823569 0.679361 0.322573
v -0.857809 0.746598 0.321063
v -0.913927 0.706514 0.320967
v -0.954012 0.650395 0.321063
v -0.886775 0.616156 0.322573
v -0.913927 0.706514 0.320967
v -0.886775 0.616156 0.322573
v -0.860439 0.653025 0.322559
v -0.954012 0.650395 0.321063
v -0.977604 0.579614 0.321283
v -0.904062 0.564299 0.322655
v -0.954012 0.650395 0.321063
v -0.904062 0.564299 0.322655
v -0.886775 0.616156 0.322573
v -0.977604 0.579614 0.321283
v -0.986049 0.495915 0.322906
v -0.910585 0.491924 0.322806
v -0.977604 0.579614 0.321283
v -0.910585 0.491924 0.322806
v -0.904062 0.564299 0.322655
v -0.986049 0.495915 0.322906
v -0.986049 -0.355432 0.322906
v -0.910527 -0.352712 0.322799
v -0.986049 0.495915 0.322906
v -0.910527 -0.352712 0.322799
v -0.910585 0.491924 0.322806
v -0.986049 -0.355432 0.322906
v -0.977604 -0.439131 0.321283
v -0.904062 -0.423817 0.322655
v -0.986049 -0.355432 0.322906
v -0.904062 -0.423817 0.322655
v -0.910527 -0.352712 0.322799
v -0.977604 -0.439131 0.321283
v -0.954012 -0.509913 0.321064
v -0.886775 -0.475673 0.322573
v -0.977604 -0.439131 0.321283
v -0.886775 -0.475673 0.322573
v -0.904062 -0.423817 0.322655
v -0.954012 -0.509913 0.321064
v -0.913927 -0.566031 0.320967
v -0.860439 -0.512543 0.322559
v -0.954012 -0.509913 0.321064
v -0.860439 -0.512543 0.322559
v -0.886775 -0.475673 0.322573
v -0.860439 -0.512543 0.322559
v -0.913927 -0.566031 0.320967
v -0.857809 -0.606115 0.321063
v -0.860439 -0.512543 0.322559
v -0.857809 -0.606115 0.321063
v -0.823569 -0.538878 0.322573
v -0.823569 -0.538878 0.322573
v -0.857809 -0.606115 0.321063
v -0.787027 -0.629708 0.321283
v -0.823569 -0.538878 0.322573
v -0.787027 -0.629708 0.321283
v -0.771713 -0.556165 0.322655
v -0.771713 -0.556165 0.322655
v -0.787027 -0.629708 0.321283
v -0.703328 -0.638153 0.322906
v -0.771713 -0.556165 0.322655
v -0.703328 -0.638153 0.322906
v -0.699338 -0.562688 0.322806
v -0.699338 -0.562688 0.322806
v -0.703328 -0.638153 0.322906
v 0.703329 -0.638153 0.322906
v -0.699338 -0.562688 0.322806
v 0.703329 -0.638153 0.322906
v 0.700608 -0.562631 0.322799
v -0.704033 -0.652091 0.308819
v -0.704003 -0.651426 0.238446
v 0.703996 -0.651427 0.238446
v -0.704033 -0.652091 0.308819
v 0.703996 -0.651427 0.238446
v 0.703774 -0.652103 0.308822
v -1.000000 -0.355877 0.308822
v -0.999987 0.496620 0.308818
v -0.999323 0.496589 0.238445
v -1.000000 -0.355877 0.308822
v -0.999323 0.496589 0.238445
v -0.999323 -0.356099 0.238446
v -0.703996 0.791909 0.238445
v -0.703773 0.792586 0.308821
v 0.704034 0.792574 0.308818
v -0.703996 0.791909 0.238445
v 0.704034 0.792574 0.308818
v 0.704003 0.791909 0.238445
v 0.999323 -0.356107 0.238445
v 0.999323 0.496582 0.238445
v 1.000000 0.496360 0.308821
v 0.999323 -0.356107 0.238445
v 1.000000 0.496360 0.308821
v 0.999988 -0.356137 0.308819
v -0.789781 -0.643534 0.307057
v -0.789991 -0.643535 0.238446
v -0.704003 -0.651426 0.238446
v -0.789781 -0.643534 0.307057
v -0.704003 -0.651426 0.238446
v -0.704033 -0.652091 0.308819
v -0.864217 -0.618775 0.306752
v -0.864247 -0.618760 0.238446
v -0.789991 -0.643535 0.238446
v -0.864217 -0.618775 0.306752
v -0.789991 -0.643535 0.238446
v -0.789781 -0.643534 0.307057
v -0.923977 -0.576098 0.306641
v -0.923986 -0.576089 0.238446
v -0.864247 -0.618760 0.238446
v -0.923977 -0.576098 0.306641
v -0.864247 -0.618760 0.238446
v -0.864217 -0.618775 0.306752
v 0.703774 -0.652103 0.308822
v 0.703996 -0.651427 0.238446
v 0.789987 -0.643536 0.238446
v 0.703774 -0.652103 0.308822
v 0.789987 -0.643536 0.238446
v 0.789940 -0.643501 0.307054
v 0.789940 -0.643501 0.307054
v 0.789987 -0.643536 0.238446
v 0.864247 -0.618760 0.238446
v 0.789940 -0.643501 0.307054
v 0.864247 -0.618760 0.238446
v 0.864235 -0.618765 0.306752
v 0.864235 -0.618765 0.306752
v 0.864247 -0.618760 0.238446
v 0.923986 -0.576089 0.238446
v 0.864235 -0.618765 0.306752
v 0.923986 -0.576089 0.238446
v 0.923995 -0.576080 0.306641
v -0.999323 0.496589 0.238445
v -0.999987 0.496620 0.308818
v -0.991430 0.582368 0.307057
v -0.999323 0.496589 0.238445
v -0.991430 0.582368 0.307057
v -0.991431 0.582578 0.238446
v -0.991431 0.582578 0.238446
v -0.991430 0.582368 0.307057
v -0.966671 0.656803 0.306753
v -0.991431 0.582578 0.238446
v -0.966671 0.656803 0.306753
v -0.966656 0.656833 0.238446
v -0.966656 0.656833 0.238446
v -0.966671 0.656803 0.306753
v -0.923994 0.716563 0.306641
v -0.966656 0.656833 0.238446
v -0.923994 0.716563 0.306641
v -0.923985 0.716572 0.238446
v -1.000000 -0.355877 0.308822
v -0.999323 -0.356099 0.238446
v -0.991432 -0.442090 0.238446
v -1.000000 -0.355877 0.308822
v -0.991432 -0.442090 0.238446
v -0.991397 -0.442043 0.307054
v -0.991397 -0.442043 0.307054
v -0.991432 -0.442090 0.238446
v -0.966656 -0.516351 0.238446
v -0.991397 -0.442043 0.307054
v -0.966656 -0.516351 0.238446
v -0.966662 -0.516339 0.306753
v -0.966662 -0.516339 0.306753
v -0.966656 -0.516351 0.238446
v -0.923986 -0.576089 0.238446
v -0.966662 -0.516339 0.306753
v -0.923986 -0.576089 0.238446
v -0.923977 -0.576098 0.306641
v 0.704003 0.791909 0.238445
v 0.704034 0.792574 0.308818
v 0.789782 0.784017 0.307056
v 0.704003 0.791909 0.238445
v 0.789782 0.784017 0.307056
v 0.789992 0.784017 0.238445
v 0.789992 0.784017 0.238445
v 0.789782 0.784017 0.307056
v 0.864217 0.759258 0.306752
v 0.789992 0.784017 0.238445
v 0.864217 0.759258 0.306752
v 0.864247 0.759242 0.238446
v 0.864247 0.759242 0.238446
v 0.864217 0.759258 0.306752
v 0.923977 0.716581 0.306641
v 0.864247 0.759242 0.238446
v 0.923977 0.716581 0.306641
v 0.923986 0.716572 0.238446
v -0.789987 0.784019 0.238446
v -0.789939 0.783983 0.307054
v -0.703773 0.792586 0.308821
v -0.789987 0.784019 0.238446
v -0.703773 0.792586 0.308821
v -0.703996 0.791909 0.238445
v -0.864247 0.759242 0.238446
v -0.864235 0.759248 0.306752
v -0.789939 0.783983 0.307054
v -0.864247 0.759242 0.238446
v -0.789939 0.783983 0.307054
v -0.789987 0.784019 0.238446
v -0.923985 0.716572 0.238446
v -0.923994 0.716563 0.306641
v -0.864235 0.759248 0.306752
v -0.923985 0.716572 0.238446
v -0.864235 0.759248 0.306752
v -0.864247 0.759242 0.238446
v 0.991431 -0.441885 0.307057
v 0.991431 -0.442095 0.238446
v 0.999323 -0.356107 0.238445
v 0.991431 -0.441885 0.307057
v 0.999323 -0.356107 0.238445
v 0.999988 -0.356137 0.308819
v 0.966672 -0.516320 0.306753
v 0.966656 -0.516351 0.238446
v 0.991431 -0.442095 0.238446
v 0.966672 -0.516320 0.306753
v 0.991431 -0.442095 0.238446
v 0.991431 -0.441885 0.307057
v 0.923995 -0.576080 0.306641
v 0.923986 -0.576089 0.238446
v 0.966656 -0.516351 0.238446
v 0.923995 -0.576080 0.306641
v 0.966656 -0.516351 0.238446
v 0.966672 -0.516320 0.306753
v 0.991432 0.582573 0.238446
v 0.991397 0.582526 0.307054
v 1.000000 0.496360 0.308821
v 0.991432 0.582573 0.238446
v 1.000000 0.496360 0.308821
v 0.999323 0.496582 0.238445
v 0.966656 0.656833 0.238445
v 0.966662 0.656821 0.306753
v 0.991397 0.582526 0.307054
v 0.966656 0.656833 0.238445
v 0.991397 0.582526 0.307054
v 0.991432 0.582573 0.238446
v 0.923986 0.716572 0.238446
v 0.923977 0.716581 0.306641
v 0.966662 0.656821 0.306753
v 0.923986 0.716572 0.238446
v 0.966662 0.656821 0.306753
v 0.966656 0.656833 0.238445
v 0.699338 -0.548655 0.290619
v 0.699338 -0.548655 0.308818
v 0.768821 -0.542338 0.308818
v 0.699338 -0.548655 0.290619
v 0.768821 -0.542338 0.308818
v 0.768821 -0.542338 0.290619
v -0.699338 -0.548655 0.290619
v -0.699338 -0.548655 0.308818
v 0.699338 -0.548655 0.308818
v -0.699338 -0.548655 0.290619
v 0.699338 -0.548655 0.308818
v 0.699338 -0.548655 0.290619
v -0.768821 -0.542338 0.290619
v -0.768821 -0.542338 0.308818
v -0.699338 -0.548655 0.308818
v -0.768821 -0.542338 0.290619
v -0.699338 -0.548655 0.308818
v -0.699338 -0.548655 0.290619
v -0.817131 -0.526234 0.290619
v -0.817131 -0.526234 0.308818
v -0.768821 -0.542338 0.308818
v -0.817131 -0.526234 0.290619
v -0.768821 -0.542338 0.308818
v -0.768821 -0.542338 0.290619
v -0.850381 -0.502485 0.290619
v -0.850381 -0.502485 0.308818
v -0.817131 -0.526234 0.308818
v -0.850381 -0.502485 0.290619
v -0.817131 -0.526234 0.308818
v -0.817131 -0.526234 0.290619
v -0.874131 -0.469235 0.290619
v -0.874131 -0.469235 0.308818
v -0.850381 -0.502485 0.308818
v -0.874131 -0.469235 0.290619
v -0.850381 -0.502485 0.308818
v -0.850381 -0.502485 0.290619
v -0.890234 -0.420924 0.290619
v -0.890234 -0.420924 0.308818
v -0.874131 -0.469235 0.308818
v -0.890234 -0.420924 0.290619
v -0.874131 -0.469235 0.308818
v -0.874131 -0.469235 0.290619
v -0.896551 -0.351441 0.290619
v -0.896551 -0.351441 0.308818
v -0.890234 -0.420924 0.308818
v -0.896551 -0.351441 0.290619
v -0.890234 -0.420924 0.308818
v -0.890234 -0.420924 0.290619
v -0.896551 0.491924 0.290619
v -0.896551 0.491924 0.308818
v -0.896551 -0.351441 0.308818
v -0.896551 0.491924 0.290619
v -0.896551 -0.351441 0.308818
v -0.896551 -0.351441 0.290619
v -0.896551 0.491924 0.308818
v -0.896551 0.491924 0.290619
v -0.890234 0.561407 0.290619
v -0.896551 0.491924 0.308818
v -0.890234 0.561407 0.290619
v -0.890234 0.561407 0.308818
v -0.890234 0.561407 0.308818
v -0.890234 0.561407 0.290619
v -0.874131 0.609717 0.290619
v -0.890234 0.561407 0.308818
v -0.874131 0.609717 0.290619
v -0.874131 0.609717 0.308818
v -0.874131 0.609717 0.308818
v -0.874131 0.609717 0.290619
v -0.850381 0.642967 0.290619
v -0.874131 0.609717 0.308818
v -0.850381 0.642967 0.290619
v -0.850381 0.642967 0.308818
v -0.850381 0.642967 0.308818
v -0.850381 0.642967 0.290619
v -0.817131 0.666717 0.290619
v -0.850381 0.642967 0.308818
v -0.817131 0.666717 0.290619
v -0.817131 0.666717 0.308818
v -0.817131 0.666717 0.308818
v -0.817131 0.666717 0.290619
v -0.768821 0.682820 0.290619
v -0.817131 0.666717 0.308818
v -0.768821 0.682820 0.290619
v -0.768821 0.682820 0.308818
v -0.768821 0.682820 0.308818
v -0.768821 0.682820 0.290619
v -0.699338 0.689137 0.290619
v -0.768821 0.682820 0.308818
v -0.699338 0.689137 0.290619
v -0.699338 0.689137 0.308818
v -0.699338 0.689137 0.308818
v -0.699338 0.689137 0.290619
v 0.699338 0.689137 0.290619
v -0.699338 0.689137 0.308818
v 0.699338 0.689137 0.290619
v 0.699338 0.689137 0.308818
v 0.699338 0.689137 0.308818
v 0.699338 0.689137 0.290619
v 0.768821 0.682820 0.290619
v 0.699338 0.689137 0.308818
v 0.768821 0.682820 0.290619
v 0.768821 0.682820 0.308818
v 0.768821 0.682820 0.308818
v 0.768821 0.682820 0.290619
v 0.817131 0.666717 0.290619
v 0.768821 0.682820 0.308818
v 0.817131 0.666717 0.290619
v 0.817131 0.666717 0.308818
v 0.817131 0.666717 0.308818
v 0.817131 0.666717 0.290619
v 0.850381 0.642967 0.290619
v 0.817131 0.666717 0.308818
v 0.850381 0.642967 0.290619
v 0.850381 0.642967 0.308818
v 0.850381 0.642967 0.308818
v 0.850381 0.642967 0.290619
v 0.874131 0.609717 0.290619
v 0.850381 0.642967 0.308818
v 0.874131 0.609717 0.290619
v 0.874131 0.609717 0.308818
v 0.874131 0.609717 0.308818
v 0.874131 0.609717 0.290619
v 0.890235 0.561407 0.290619
v 0.874131 0.609717 0.308818
v 0.890235 0.561407 0.290619
v 0.890235 0.561407 0.308818
v 0.890235 0.561407 0.308818
v 0.890235 0.561407 0.290619
v 0.896551 0.491924 0.290619
v 0.890235 0.561407 0.308818
v 0.896551 0.491924 0.290619
v 0.896551 0.491924 0.308818
v 0.896551 0.491924 0.308818
v 0.896551 0.491924 0.290619
v 0.896551 -0.351441 0.290619
v 0.896551 0.491924 0.308818
v 0.896551 -0.351441 0.290619
v 0.896551 -0.351441 0.308818
v 0.890235 -0.420924 0.290619
v 0.890235 -0.420924 0.308818
v 0.896551 -0.351441 0.308818
v 0.890235 -0.420924 0.290619
v 0.896551 -0.351441 0.308818
v 0.896551 -0.351441 0.290619
v 0.874131 -0.469235 0.290619
v 0.874131 -0.469235 0.308818
v 0.890235 -0.420924 0.308818
v 0.874131 -0.469235 0.290619
v 0.890235 -0.420924 0.308818
v 0.890235 -0.420924 0.290619
v 0.850381 -0.502485 0.290619
v 0.850381 -0.502485 0.308818
v 0.874131 -0.469235 0.308818
v 0.850381 -0.502485 0.290619
v 0.874131 -0.469235 0.308818
v 0.874131 -0.469235 0.290619
v 0.817131 -0.526234 0.290619
v 0.817131 -0.526234 0.308818
v 0.850381 -0.502485 0.308818
v 0.817131 -0.526234 0.290619
v 0.850381 -0.502485 0.308818
v 0.850381 -0.502485 0.290619
v 0.768821 -0.542338 0.290619
v 0.768821 -0.542338 0.308818
v 0.817131 -0.526234 0.308818
v 0.768821 -0.542338 0.290619
v 0.817131 -0.526234 0.308818
v 0.817131 -0.526234 0.290619
v -0.703995 -0.637297 0.224412
v -0.702533 -0.619098 0.224412
v 0.702533 -0.619098 0.224412
v -0.703995 -0.637297 0.224412
v 0.702533 -0.619098 0.224412
v 0.702725 -0.637355 0.224412
v 0.702725 -0.637355 0.224412
v 0.702533 -0.619098 0.224412
v 0.783341 -0.611752 0.224412
v 0.702725 -0.637355 0.224412
v 0.783341 -0.611752 0.224412
v 0.787092 -0.629685 0.224412
v 0.787092 -0.629685 0.224412
v 0.783341 -0.611752 0.224412
v 0.849456 -0.589713 0.224412
v 0.787092 -0.629685 0.224412
v 0.849456 -0.589713 0.224412
v 0.857807 -0.606113 0.224412
v 0.857807 -0.606113 0.224412
v 0.849456 -0.589713 0.224412
v 0.900879 -0.552983 0.224412
v 0.857807 -0.606113 0.224412
v 0.900879 -0.552983 0.224412
v 0.913925 -0.566029 0.224412
v 0.913925 -0.566029 0.224412
v 0.900879 -0.552983 0.224412
v 0.937610 -0.501559 0.224412
v 0.913925 -0.566029 0.224412
v 0.937610 -0.501559 0.224412
v 0.954010 -0.509911 0.224412
v 0.954010 -0.509911 0.224412
v 0.937610 -0.501559 0.224412
v 0.959648 -0.435444 0.224412
v 0.954010 -0.509911 0.224412
v 0.959648 -0.435444 0.224412
v 0.977582 -0.439195 0.224412
v 0.959648 -0.435444 0.224412
v 0.966994 -0.354637 0.224412
v 0.985194 -0.356099 0.224412
v 0.959648 -0.435444 0.224412
v 0.985194 -0.356099 0.224412
v 0.977582 -0.439195 0.224412
v 0.966994 -0.354637 0.224412
v 0.966994 0.495119 0.224412
v 0.985251 0.495311 0.224412
v 0.966994 -0.354637 0.224412
v 0.985251 0.495311 0.224412
v 0.985194 -0.356099 0.224412
v 0.966994 0.495119 0.224412
v 0.959648 0.575927 0.224412
v 0.977582 0.579678 0.224412
v 0.966994 0.495119 0.224412
v 0.977582 0.579678 0.224412
v 0.985251 0.495311 0.224412
v 0.937610 0.642042 0.224412
v 0.954010 0.650393 0.224412
v 0.977582 0.579678 0.224412
v 0.937610 0.642042 0.224412
v 0.977582 0.579678 0.224412
v 0.959648 0.575927 0.224412
v 0.900879 0.693465 0.224412
v 0.913926 0.706511 0.224412
v 0.954010 0.650393 0.224412
v 0.900879 0.693465 0.224412
v 0.954010 0.650393 0.224412
v 0.937610 0.642042 0.224412
v 0.849456 0.730196 0.224412
v 0.857807 0.746596 0.224412
v 0.913926 0.706511 0.224412
v 0.849456 0.730196 0.224412
v 0.913926 0.706511 0.224412
v 0.900879 0.693465 0.224412
v 0.783341 0.752234 0.224412
v 0.787092 0.770168 0.224412
v 0.857807 0.746596 0.224412
v 0.783341 0.752234 0.224412
v 0.857807 0.746596 0.224412
v 0.849456 0.730196 0.224412
v 0.702533 0.759580 0.224412
v 0.703995 0.777780 0.224412
v 0.787092 0.770168 0.224412
v 0.702533 0.759580 0.224412
v 0.787092 0.770168 0.224412
v 0.783341 0.752234 0.224412
v -0.702533 0.759580 0.224412
v -0.702725 0.777837 0.224412
v 0.703995 0.777780 0.224412
v -0.702533 0.759580 0.224412
v 0.703995 0.777780 0.224412
v 0.702533 0.759580 0.224412
v -0.783341 0.752234 0.224412
v -0.787092 0.770168 0.224412
v -0.702725 0.777837 0.224412
v -0.783341 0.752234 0.224412
v -0.702725 0.777837 0.224412
v -0.702533 0.759580 0.224412
v -0.849456 0.730196 0.224412
v -0.857807 0.746596 0.224412
v -0.787092 0.770168 0.224412
v -0.849456 0.730196 0.224412
v -0.787092 0.770168 0.224412
v -0.783341 0.752234 0.224412
v -0.900879 0.693465 0.224412
v -0.913925 0.706512 0.224412
v -0.857807 0.746596 0.224412
v -0.900879 0.693465 0.224412
v -0.857807 0.746596 0.224412
v -0.849456 0.730196 0.224412
v -0.937610 0.642042 0.224412
v -0.954010 0.650393 0.224412
v -0.913925 0.706512 0.224412
v -0.937610 0.642042 0.224412
v -0.913925 0.706512 0.224412
v -0.900879 0.693465 0.224412
v -0.959648 0.575927 0.224412
v -0.977581 0.579678 0.224412
v -0.954010 0.650393 0.224412
v -0.959648 0.575927 0.224412
v -0.954010 0.650393 0.224412
v -0.937610 0.642042 0.224412
v -0.985194 0.496581 0.224412
v -0.977581 0.579678 0.224412
v -0.959648 0.575927 0.224412
v -0.985194 0.496581 0.224412
v -0.959648 0.575927 0.224412
v -0.966994 0.495119 0.224412
v -0.985251 -0.354828 0.224412
v -0.985194 0.496581 0.224412
v -0.966994 0.495119 0.224412
v -0.985251 -0.354828 0.224412
v -0.966994 0.495119 0.224412
v -0.966994 -0.354637 0.224412
v -0.977581 -0.439195 0.224412
v -0.985251 -0.354828 0.224412
v -0.966994 -0.354637 0.224412
v -0.977581 -0.439195 0.224412
v -0.966994 -0.354637 0.224412
v -0.959648 -0.435444 0.224412
v -0.977581 -0.439195 0.224412
v -0.959648 -0.435444 0.224412
v -0.937610 -0.501559 0.224412
v -0.977581 -0.439195 0.224412
v -0.937610 -0.501559 0.224412
v -0.954010 -0.509911 0.224412
v -0.954010 -0.509911 0.224412
v -0.937610 -0.501559 0.224412
v -0.900879 -0.552983 0.224412
v -0.954010 -0.509911 0.224412
v -0.900879 -0.552983 0.224412
v -0.913926 -0.566029 0.224412
v -0.913926 -0.566029 0.224412
v -0.900879 -0.552983 0.224412
v -0.849456 -0.589713 0.224412
v -0.913926 -0.566029 0.224412
v -0.849456 -0.589713 0.224412
v -0.857807 -0.606113 0.224412
v -0.857807 -0.606113 0.224412
v -0.849456 -0.589713 0.224412
v -0.783341 -0.611752 0.224412
v -0.857807 -0.606113 0.224412
v -0.783341 -0.611752 0.224412
v -0.787092 -0.629685 0.224412
v -0.787092 -0.629685 0.224412
v -0.783341 -0.611752 0.224412
v -0.702533 -0.619098 0.224412
v -0.787092 -0.629685 0.224412
v -0.702533 -0.619098 0.224412
v -0.703995 -0.637297 0.224412
v 0.703329 -0.638153 0.322906
v 0.703793 -0.648657 0.319358
v 0.789234 -0.640059 0.317628
v 0.703329 -0.638153 0.322906
v 0.789234 -0.640059 0.317628
v 0.787028 -0.629708 0.321283
v 0.787028 -0.629708 0.321283
v 0.789234 -0.640059 0.317628
v 0.862635 -0.615600 0.317347
v 0.787028 -0.629708 0.321283
v 0.862635 -0.615600 0.317347
v 0.857809 -0.606115 0.321063
v 0.857809 -0.606115 0.321063
v 0.862635 -0.615600 0.317347
v 0.921473 -0.573572 0.317239
v 0.857809 -0.606115 0.321063
v 0.921473 -0.573572 0.317239
v 0.913928 -0.566031 0.320967
v 0.913928 -0.566031 0.320967
v 0.921473 -0.573572 0.317239
v 0.963499 -0.514733 0.317347
v 0.913928 -0.566031 0.320967
v 0.963499 -0.514733 0.317347
v 0.954012 -0.509913 0.321063
v 0.954012 -0.509913 0.321063
v 0.963499 -0.514733 0.317347
v 0.987964 -0.441298 0.317629
v 0.954012 -0.509913 0.321063
v 0.987964 -0.441298 0.317629
v 0.977605 -0.439131 0.321283
v 0.986050 -0.355432 0.322906
v 0.977605 -0.439131 0.321283
v 0.987964 -0.441298 0.317629
v 0.986050 -0.355432 0.322906
v 0.987964 -0.441298 0.317629
v 0.996551 -0.355961 0.319357
v 0.986050 0.495915 0.322906
v 0.986050 -0.355432 0.322906
v 0.996551 -0.355961 0.319357
v 0.986050 0.495915 0.322906
v 0.996551 -0.355961 0.319357
v 0.996554 0.496379 0.319358
v 0.977605 0.579614 0.321283
v 0.986050 0.495915 0.322906
v 0.996554 0.496379 0.319358
v 0.977605 0.579614 0.321283
v 0.996554 0.496379 0.319358
v 0.987956 0.581820 0.317628
v 0.963497 0.655221 0.317347
v 0.954012 0.650395 0.321063
v 0.977605 0.579614 0.321283
v 0.963497 0.655221 0.317347
v 0.977605 0.579614 0.321283
v 0.987956 0.581820 0.317628
v 0.921469 0.714060 0.317239
v 0.913928 0.706514 0.320967
v 0.954012 0.650395 0.321063
v 0.921469 0.714060 0.317239
v 0.954012 0.650395 0.321063
v 0.963497 0.655221 0.317347
v 0.862630 0.756085 0.317346
v 0.857809 0.746598 0.321062
v 0.913928 0.706514 0.320967
v 0.862630 0.756085 0.317346
v 0.913928 0.706514 0.320967
v 0.921469 0.714060 0.317239
v 0.789195 0.780550 0.317628
v 0.787028 0.770190 0.321283
v 0.857809 0.746598 0.321062
v 0.789195 0.780550 0.317628
v 0.857809 0.746598 0.321062
v 0.862630 0.756085 0.317346
v 0.703858 0.789137 0.319357
v 0.703329 0.778636 0.322906
v 0.787028 0.770190 0.321283
v 0.703858 0.789137 0.319357
v 0.787028 0.770190 0.321283
v 0.789195 0.780550 0.317628
v -0.703792 0.789140 0.319358
v -0.703328 0.778636 0.322906
v 0.703329 0.778636 0.322906
v -0.703792 0.789140 0.319358
v 0.703329 0.778636 0.322906
v 0.703858 0.789137 0.319357
v -0.789234 0.780542 0.317628
v -0.787027 0.770190 0.321283
v -0.703328 0.778636 0.322906
v -0.789234 0.780542 0.317628
v -0.703328 0.778636 0.322906
v -0.703792 0.789140 0.319358
v -0.862635 0.756083 0.317346
v -0.857809 0.746598 0.321063
v -0.787027 0.770190 0.321283
v -0.862635 0.756083 0.317346
v -0.787027 0.770190 0.321283
v -0.789234 0.780542 0.317628
v -0.921473 0.714055 0.317239
v -0.913927 0.706514 0.320967
v -0.857809 0.746598 0.321063
v -0.921473 0.714055 0.317239
v -0.857809 0.746598 0.321063
v -0.862635 0.756083 0.317346
v -0.963499 0.655216 0.317347
v -0.954012 0.650395 0.321063
v -0.913927 0.706514 0.320967
v -0.963499 0.655216 0.317347
v -0.913927 0.706514 0.320967
v -0.921473 0.714055 0.317239
v -0.987964 0.581781 0.317629
v -0.977604 0.579614 0.321283
v -0.954012 0.650395 0.321063
v -0.987964 0.581781 0.317629
v -0.954012 0.650395 0.321063
v -0.963499 0.655216 0.317347
v -0.987964 0.581781 0.317629
v -0.996551 0.496444 0.319357
v -0.986049 0.495915 0.322906
v -0.987964 0.581781 0.317629
v -0.986049 0.495915 0.322906
v -0.977604 0.579614 0.321283
v -0.996551 0.496444 0.319357
v -0.996554 -0.355896 0.319358
v -0.986049 -0.355432 0.322906
v -0.996551 0.496444 0.319357
v -0.986049 -0.355432 0.322906
v -0.986049 0.495915 0.322906
v -0.996554 -0.355896 0.319358
v -0.987955 -0.441337 0.317628
v -0.977604 -0.439131 0.321283
v -0.996554 -0.355896 0.319358
v -0.977604 -0.439131 0.321283
v -0.986049 -0.355432 0.322906
v -0.977604 -0.439131 0.321283
v -0.987955 -0.441337 0.317628
v -0.963496 -0.514738 0.317348
v -0.977604 -0.439131 0.321283
v -0.963496 -0.514738 0.317348
v -0.954012 -0.509913 0.321064
v -0.954012 -0.509913 0.321064
v -0.963496 -0.514738 0.317348
v -0.921469 -0.573577 0.317240
v -0.954012 -0.509913 0.321064
v -0.921469 -0.573577 0.317240
v -0.913927 -0.566031 0.320967
v -0.913927 -0.566031 0.320967
v -0.921469 -0.573577 0.317240
v -0.862630 -0.615602 0.317347
v -0.913927 -0.566031 0.320967
v -0.862630 -0.615602 0.317347
v -0.857809 -0.606115 0.321063
v -0.857809 -0.606115 0.321063
v -0.862630 -0.615602 0.317347
v -0.789194 -0.640067 0.317629
v -0.857809 -0.606115 0.321063
v -0.789194 -0.640067 0.317629
v -0.787027 -0.629708 0.321283
v -0.787027 -0.629708 0.321283
v -0.789194 -0.640067 0.317629
v -0.703857 -0.648654 0.319357
v -0.787027 -0.629708 0.321283
v -0.703857 -0.648654 0.319357
v -0.703328 -0.638153 0.322906
v -0.703328 -0.638153 0.322906
v -0.703857 -0.648654 0.319357
v 0.703793 -0.648657 0.319358
v -0.703328 -0.638153 0.322906
v 0.703793 -0.648657 0.319358
v 0.703329 -0.638153 0.322906
v -0.703857 -0.648654 0.319357
v -0.704033 -0.652091 0.308819
v 0.703774 -0.652103 0.308822
v -0.703857 -0.648654 0.319357
v 0.703774 -0.652103 0.308822
v 0.703793 -0.648657 0.319358
v -0.704003 -0.651426 0.238446
v -0.703997 -0.647846 0.227921
v 0.703678 -0.647861 0.227920
v -0.704003 -0.651426 0.238446
v 0.703678 -0.647861 0.227920
v 0.703996 -0.651427 0.238446
v -0.999987 0.496620 0.308818
v -1.000000 -0.355877 0.308822
v -0.996554 -0.355896 0.319358
v -0.999987 0.496620 0.308818
v -0.996554 -0.355896 0.319358
v -0.996551 0.496444 0.319357
v -0.999323 -0.356099 0.238446
v -0.999323 0.496589 0.238445
v -0.995743 0.496584 0.227920
v -0.999323 -0.356099 0.238446
v -0.995743 0.496584 0.227920
v -0.995757 -0.355781 0.227920
v -0.703773 0.792586 0.308821
v -0.703792 0.789140 0.319358
v 0.703858 0.789137 0.319357
v -0.703773 0.792586 0.308821
v 0.703858 0.789137 0.319357
v 0.704034 0.792574 0.308818
v -0.703678 0.788343 0.227920
v -0.703996 0.791909 0.238445
v 0.704003 0.791909 0.238445
v -0.703678 0.788343 0.227920
v 0.704003 0.791909 0.238445
v 0.703997 0.788329 0.227920
v 0.996554 0.496379 0.319358
v 0.996551 -0.355961 0.319357
v 0.999988 -0.356137 0.308819
v 0.996554 0.496379 0.319358
v 0.999988 -0.356137 0.308819
v 1.000000 0.496360 0.308821
v 0.995743 -0.356101 0.227920
v 0.995757 0.496264 0.227920
v 0.999323 0.496582 0.238445
v 0.995743 -0.356101 0.227920
v 0.999323 0.496582 0.238445
v 0.999323 -0.356107 0.238445
v -0.789194 -0.640067 0.317629
v -0.789781 -0.643534 0.307057
v -0.704033 -0.652091 0.308819
v -0.789194 -0.640067 0.317629
v -0.704033 -0.652091 0.308819
v -0.703857 -0.648654 0.319357
v -0.789991 -0.643535 0.238446
v -0.789263 -0.640062 0.227921
v -0.703997 -0.647846 0.227921
v -0.789991 -0.643535 0.238446
v -0.703997 -0.647846 0.227921
v -0.704003 -0.651426 0.238446
v -0.862630 -0.615602 0.317347
v -0.864217 -0.618775 0.306752
v -0.789781 -0.643534 0.307057
v -0.862630 -0.615602 0.317347
v -0.789781 -0.643534 0.307057
v -0.789194 -0.640067 0.317629
v -0.864247 -0.618760 0.238446
v -0.862637 -0.615598 0.227921
v -0.789263 -0.640062 0.227921
v -0.864247 -0.618760 0.238446
v -0.789263 -0.640062 0.227921
v -0.789991 -0.643535 0.238446
v -0.921469 -0.573577 0.317240
v -0.923977 -0.576098 0.306641
v -0.864217 -0.618775 0.306752
v -0.921469 -0.573577 0.317240
v -0.864217 -0.618775 0.306752
v -0.862630 -0.615602 0.317347
v -0.923986 -0.576089 0.238446
v -0.921471 -0.573574 0.227921
v -0.862637 -0.615598 0.227921
v -0.923986 -0.576089 0.238446
v -0.862637 -0.615598 0.227921
v -0.864247 -0.618760 0.238446
v 0.703793 -0.648657 0.319358
v 0.703774 -0.652103 0.308822
v 0.789940 -0.643501 0.307054
v 0.703793 -0.648657 0.319358
v 0.789940 -0.643501 0.307054
v 0.789234 -0.640059 0.317628
v 0.703996 -0.651427 0.238446
v 0.703678 -0.647861 0.227920
v 0.789262 -0.640062 0.227921
v 0.703996 -0.651427 0.238446
v 0.789262 -0.640062 0.227921
v 0.789987 -0.643536 0.238446
v 0.789234 -0.640059 0.317628
v 0.789940 -0.643501 0.307054
v 0.864235 -0.618765 0.306752
v 0.789234 -0.640059 0.317628
v 0.864235 -0.618765 0.306752
v 0.862635 -0.615600 0.317347
v 0.789987 -0.643536 0.238446
v 0.789262 -0.640062 0.227921
v 0.862637 -0.615598 0.227920
v 0.789987 -0.643536 0.238446
v 0.862637 -0.615598 0.227920
v 0.864247 -0.618760 0.238446
v 0.862635 -0.615600 0.317347
v 0.864235 -0.618765 0.306752
v 0.923995 -0.576080 0.306641
v 0.862635 -0.615600 0.317347
v 0.923995 -0.576080 0.306641
v 0.921473 -0.573572 0.317239
v 0.864247 -0.618760 0.238446
v 0.862637 -0.615598 0.227920
v 0.921471 -0.573574 0.227920
v 0.864247 -0.618760 0.238446
v 0.921471 -0.573574 0.227920
v 0.923986 -0.576089 0.238446
v -0.999987 0.496620 0.308818
v -0.996551 0.496444 0.319357
v -0.987964 0.581781 0.317629
v -0.999987 0.496620 0.308818
v -0.987964 0.581781 0.317629
v -0.991430 0.582368 0.307057
v -0.995743 0.496584 0.227920
v -0.999323 0.496589 0.238445
v -0.991431 0.582578 0.238446
v -0.995743 0.496584 0.227920
v -0.991431 0.582578 0.238446
v -0.987958 0.581849 0.227920
v -0.991430 0.582368 0.307057
v -0.987964 0.581781 0.317629
v -0.963499 0.655216 0.317347
v -0.991430 0.582368 0.307057
v -0.963499 0.655216 0.317347
v -0.966671 0.656803 0.306753
v -0.987958 0.581849 0.227920
v -0.991431 0.582578 0.238446
v -0.966656 0.656833 0.238446
v -0.987958 0.581849 0.227920
v -0.966656 0.656833 0.238446
v -0.963494 0.655223 0.227920
v -0.966671 0.656803 0.306753
v -0.963499 0.655216 0.317347
v -0.921473 0.714055 0.317239
v -0.966671 0.656803 0.306753
v -0.921473 0.714055 0.317239
v -0.923994 0.716563 0.306641
v -0.963494 0.655223 0.227920
v -0.966656 0.656833 0.238446
v -0.923985 0.716572 0.238446
v -0.963494 0.655223 0.227920
v -0.923985 0.716572 0.238446
v -0.921470 0.714057 0.227920
v -0.996554 -0.355896 0.319358
v -1.000000 -0.355877 0.308822
v -0.991397 -0.442043 0.307054
v -0.996554 -0.355896 0.319358
v -0.991397 -0.442043 0.307054
v -0.987955 -0.441337 0.317628
v -0.999323 -0.356099 0.238446
v -0.995757 -0.355781 0.227920
v -0.987958 -0.441365 0.227921
v -0.999323 -0.356099 0.238446
v -0.987958 -0.441365 0.227921
v -0.991432 -0.442090 0.238446
v -0.987955 -0.441337 0.317628
v -0.991397 -0.442043 0.307054
v -0.966662 -0.516339 0.306753
v -0.987955 -0.441337 0.317628
v -0.966662 -0.516339 0.306753
v -0.963496 -0.514738 0.317348
v -0.991432 -0.442090 0.238446
v -0.987958 -0.441365 0.227921
v -0.963494 -0.514740 0.227921
v -0.991432 -0.442090 0.238446
v -0.963494 -0.514740 0.227921
v -0.966656 -0.516351 0.238446
v -0.963496 -0.514738 0.317348
v -0.966662 -0.516339 0.306753
v -0.923977 -0.576098 0.306641
v -0.963496 -0.514738 0.317348
v -0.923977 -0.576098 0.306641
v -0.921469 -0.573577 0.317240
v -0.966656 -0.516351 0.238446
v -0.963494 -0.514740 0.227921
v -0.921471 -0.573574 0.227921
v -0.966656 -0.516351 0.238446
v -0.921471 -0.573574 0.227921
v -0.923986 -0.576089 0.238446
v 0.704034 0.792574 0.308818
v 0.703858 0.789137 0.319357
v 0.789195 0.780550 0.317628
v 0.704034 0.792574 0.308818
v 0.789195 0.780550 0.317628
v 0.789782 0.784017 0.307056
v 0.703997 0.788329 0.227920
v 0.704003 0.791909 0.238445
v 0.789992 0.784017 0.238445
v 0.703997 0.788329 0.227920
v 0.789992 0.784017 0.238445
v 0.789263 0.780544 0.227920
v 0.789782 0.784017 0.307056
v 0.789195 0.780550 0.317628
v 0.862630 0.756085 0.317346
v 0.789782 0.784017 0.307056
v 0.862630 0.756085 0.317346
v 0.864217 0.759258 0.306752
v 0.789263 0.780544 0.227920
v 0.789992 0.784017 0.238445
v 0.864247 0.759242 0.238446
v 0.789263 0.780544 0.227920
v 0.864247 0.759242 0.238446
v 0.862637 0.756081 0.227920
v 0.864217 0.759258 0.306752
v 0.862630 0.756085 0.317346
v 0.921469 0.714060 0.317239
v 0.864217 0.759258 0.306752
v 0.921469 0.714060 0.317239
v 0.923977 0.716581 0.306641
v 0.862637 0.756081 0.227920
v 0.864247 0.759242 0.238446
v 0.923986 0.716572 0.238446
v 0.862637 0.756081 0.227920
v 0.923986 0.716572 0.238446
v 0.921471 0.714057 0.227920
v -0.789939 0.783983 0.307054
v -0.789234 0.780542 0.317628
v -0.703792 0.789140 0.319358
v -0.789939 0.783983 0.307054
v -0.703792 0.789140 0.319358
v -0.703773 0.792586 0.308821
v -0.789262 0.780545 0.227920
v -0.789987 0.784019 0.238446
v -0.703996 0.791909 0.238445
v -0.789262 0.780545 0.227920
v -0.703996 0.791909 0.238445
v -0.703678 0.788343 0.227920
v -0.864235 0.759248 0.306752
v -0.862635 0.756083 0.317346
v -0.789234 0.780542 0.317628
v -0.864235 0.759248 0.306752
v -0.789234 0.780542 0.317628
v -0.789939 0.783983 0.307054
v -0.862637 0.756081 0.227920
v -0.864247 0.759242 0.238446
v -0.789987 0.784019 0.238446
v -0.862637 0.756081 0.227920
v -0.789987 0.784019 0.238446
v -0.789262 0.780545 0.227920
v -0.923994 0.716563 0.306641
v -0.921473 0.714055 0.317239
v -0.862635 0.756083 0.317346
v -0.923994 0.716563 0.306641
v -0.862635 0.756083 0.317346
v -0.864235 0.759248 0.306752
v -0.921470 0.714057 0.227920
v -0.923985 0.716572 0.238446
v -0.864247 0.759242 0.238446
v -0.921470 0.714057 0.227920
v -0.864247 0.759242 0.238446
v -0.862637 0.756081 0.227920
v 0.987964 -0.441298 0.317629
v 0.991431 -0.441885 0.307057
v 0.999988 -0.356137 0.308819
v 0.987964 -0.441298 0.317629
v 0.999988 -0.356137 0.308819
v 0.996551 -0.355961 0.319357
v 0.991431 -0.442095 0.238446
v 0.987958 -0.441366 0.227920
v 0.995743 -0.356101 0.227920
v 0.991431 -0.442095 0.238446
v 0.995743 -0.356101 0.227920
v 0.999323 -0.356107 0.238445
v 0.963499 -0.514733 0.317347
v 0.966672 -0.516320 0.306753
v 0.991431 -0.441885 0.307057
v 0.963499 -0.514733 0.317347
v 0.991431 -0.441885 0.307057
v 0.987964 -0.441298 0.317629
v 0.966656 -0.516351 0.238446
v 0.963494 -0.514741 0.227921
v 0.987958 -0.441366 0.227920
v 0.966656 -0.516351 0.238446
v 0.987958 -0.441366 0.227920
v 0.991431 -0.442095 0.238446
v 0.921473 -0.573572 0.317239
v 0.923995 -0.576080 0.306641
v 0.966672 -0.516320 0.306753
v 0.921473 -0.573572 0.317239
v 0.966672 -0.516320 0.306753
v 0.963499 -0.514733 0.317347
v 0.923986 -0.576089 0.238446
v 0.921471 -0.573574 0.227920
v 0.963494 -0.514741 0.227921
v 0.923986 -0.576089 0.238446
v 0.963494 -0.514741 0.227921
v 0.966656 -0.516351 0.238446
v 0.991397 0.582526 0.307054
v 0.987956 0.581820 0.317628
v 0.996554 0.496379 0.319358
v 0.991397 0.582526 0.307054
v 0.996554 0.496379 0.319358
v 1.000000 0.496360 0.308821
v 0.987959 0.581848 0.227920
v 0.991432 0.582573 0.238446
v 0.999323 0.496582 0.238445
v 0.987959 0.581848 0.227920
v 0.999323 0.496582 0.238445
v 0.995757 0.496264 0.227920
v 0.966662 0.656821 0.306753
v 0.963497 0.655221 0.317347
v 0.987956 0.581820 0.317628
v 0.966662 0.656821 0.306753
v 0.987956 0.581820 0.317628
v 0.991397 0.582526 0.307054
v 0.963495 0.655223 0.227920
v 0.966656 0.656833 0.238445
v 0.991432 0.582573 0.238446
v 0.963495 0.655223 0.227920
v 0.991432 0.582573 0.238446
v 0.987959 0.581848 0.227920
v 0.923977 0.716581 0.306641
v 0.921469 0.714060 0.317239
v 0.963497 0.655221 0.317347
v 0.923977 0.716581 0.306641
v 0.963497 0.655221 0.317347
v 0.966662 0.656821 0.306753
v 0.921471 0.714057 0.227920
v 0.923986 0.716572 0.238446
v 0.966656 0.656833 0.238445
v 0.921471 0.714057 0.227920
v 0.966656 0.656833 0.238445
v 0.963495 0.655223 0.227920
v -0.703997 -0.647846 0.227921
v -0.703995 -0.637297 0.224412
v 0.702725 -0.637355 0.224412
v -0.703997 -0.647846 0.227921
v 0.702725 -0.637355 0.224412
v 0.703678 -0.647861 0.227920
v 0.703678 -0.647861 0.227920
v 0.702725 -0.637355 0.224412
v 0.787092 -0.629685 0.224412
v 0.703678 -0.647861 0.227920
v 0.787092 -0.629685 0.224412
v 0.789262 -0.640062 0.227921
v 0.789262 -0.640062 0.227921
v 0.787092 -0.629685 0.224412
v 0.857807 -0.606113 0.224412
v 0.789262 -0.640062 0.227921
v 0.857807 -0.606113 0.224412
v 0.862637 -0.615598 0.227920
v 0.862637 -0.615598 0.227920
v 0.857807 -0.606113 0.224412
v 0.913925 -0.566029 0.224412
v 0.862637 -0.615598 0.227920
v 0.913925 -0.566029 0.224412
v 0.921471 -0.573574 0.227920
v 0.921471 -0.573574 0.227920
v 0.913925 -0.566029 0.224412
v 0.954010 -0.509911 0.224412
v 0.921471 -0.573574 0.227920
v 0.954010 -0.509911 0.224412
v 0.963494 -0.514741 0.227921
v 0.963494 -0.514741 0.227921
v 0.954010 -0.509911 0.224412
v 0.977582 -0.439195 0.224412
v 0.963494 -0.514741 0.227921
v 0.977582 -0.439195 0.224412
v 0.987958 -0.441366 0.227920
v 0.977582 -0.439195 0.224412
v 0.985194 -0.356099 0.224412
v 0.995743 -0.356101 0.227920
v 0.977582 -0.439195 0.224412
v 0.995743 -0.356101 0.227920
v 0.987958 -0.441366 0.227920
v 0.985194 -0.356099 0.224412
v 0.985251 0.495311 0.224412
v 0.995757 0.496264 0.227920
v 0.985194 -0.356099 0.224412
v 0.995757 0.496264 0.227920
v 0.995743 -0.356101 0.227920
v 0.985251 0.495311 0.224412
v 0.977582 0.579678 0.224412
v 0.987959 0.581848 0.227920
v 0.985251 0.495311 0.224412
v 0.987959 0.581848 0.227920
v 0.995757 0.496264 0.227920
v 0.954010 0.650393 0.224412
v 0.963495 0.655223 0.227920
v 0.987959 0.581848 0.227920
v 0.954010 0.650393 0.224412
v 0.987959 0.581848 0.227920
v 0.977582 0.579678 0.224412
v 0.913926 0.706511 0.224412
v 0.921471 0.714057 0.227920
v 0.963495 0.655223 0.227920
v 0.913926 0.706511 0.224412
v 0.963495 0.655223 0.227920
v 0.954010 0.650393 0.224412
v 0.857807 0.746596 0.224412
v 0.862637 0.756081 0.227920
v 0.921471 0.714057 0.227920
v 0.857807 0.746596 0.224412
v 0.921471 0.714057 0.227920
v 0.913926 0.706511 0.224412
v 0.787092 0.770168 0.224412
v 0.789263 0.780544 0.227920
v 0.862637 0.756081 0.227920
v 0.787092 0.770168 0.224412
v 0.862637 0.756081 0.227920
v 0.857807 0.746596 0.224412
v 0.703995 0.777780 0.224412
v 0.703997 0.788329 0.227920
v 0.789263 0.780544 0.227920
v 0.703995 0.777780 0.224412
v 0.789263 0.780544 0.227920
v 0.787092 0.770168 0.224412
v -0.702725 0.777837 0.224412
v -0.703678 0.788343 0.227920
v 0.703997 0.788329 0.227920
v -0.702725 0.777837 0.224412
v 0.703997 0.788329 0.227920
v 0.703995 0.777780 0.224412
v -0.787092 0.770168 0.224412
v -0.789262 0.780545 0.227920
v -0.703678 0.788343 0.227920
v -0.787092 0.770168 0.224412
v -0.703678 0.788343 0.227920
v -0.702725 0.777837 0.224412
v -0.857807 0.746596 0.224412
v -0.862637 0.756081 0.227920
v -0.789262 0.780545 0.227920
v -0.857807 0.746596 0.224412
v -0.789262 0.780545 0.227920
v -0.787092 0.770168 0.224412
v -0.913925 0.706512 0.224412
v -0.921470 0.714057 0.227920
v -0.862637 0.756081 0.227920
v -0.913925 0.706512 0.224412
v -0.862637 0.756081 0.227920
v -0.857807 0.746596 0.224412
v -0.954010 0.650393 0.224412
v -0.963494 0.655223 0.227920
v -0.921470 0.714057 0.227920
v -0.954010 0.650393 0.224412
v -0.921470 0.714057 0.227920
v -0.913925 0.706512 0.224412
v -0.977581 0.579678 0.224412
v -0.987958 0.581849 0.227920
v -0.963494 0.655223 0.227920
v -0.977581 0.579678 0.224412
v -0.963494 0.655223 0.227920
v -0.954010 0.650393 0.224412
v -0.995743 0.496584 0.227920
v -0.987958 0.581849 0.227920
v -0.977581 0.579678 0.224412
v -0.995743 0.496584 0.227920
v -0.977581 0.579678 0.224412
v -0.985194 0.496581 0.224412
v -0.995757 -0.355781 0.227920
v -0.995743 0.496584 0.227920
v -0.985194 0.496581 0.224412
v -0.995757 -0.355781 0.227920
v -0.985194 0.496581 0.224412
v -0.985251 -0.354828 0.224412
v -0.987958 -0.441365 0.227921
v -0.995757 -0.355781 0.227920
v -0.985251 -0.354828 0.224412
v -0.987958 -0.441365 0.227921
v -0.985251 -0.354828 0.224412
v -0.977581 -0.439195 0.224412
v -0.987958 -0.441365 0.227921
v -0.977581 -0.439195 0.224412
v -0.954010 -0.509911 0.224412
v -0.987958 -0.441365 0.227921
v -0.954010 -0.509911 0.224412
v -0.963494 -0.514740 0.227921
v -0.963494 -0.514740 0.227921
v -0.954010 -0.509911 0.224412
v -0.913926 -0.566029 0.224412
v -0.963494 -0.514740 0.227921
v -0.913926 -0.566029 0.224412
v -0.921471 -0.573574 0.227921
v -0.921471 -0.573574 0.227921
v -0.913926 -0.566029 0.224412
v -0.857807 -0.606113 0.224412
v -0.921471 -0.573574 0.227921
v -0.857807 -0.606113 0.224412
v -0.862637 -0.615598 0.227921
v -0.862637 -0.615598 0.227921
v -0.857807 -0.606113 0.224412
v -0.787092 -0.629685 0.224412
v -0.862637 -0.615598 0.227921
v -0.787092 -0.629685 0.224412
v -0.789263 -0.640062 0.227921
v -0.789263 -0.640062 0.227921
v -0.787092 -0.629685 0.224412
v -0.703995 -0.637297 0.224412
v -0.789263 -0.640062 0.227921
v -0.703995 -0.637297 0.224412
v -0.703997 -0.647846 0.227921
v 0.699338 -0.548655 0.308818
v 0.700608 -0.562631 0.322799
v 0.771713 -0.556165 0.322655
v 0.699338 -0.548655 0.308818
v 0.771713 -0.556165 0.322655
v 0.768821 -0.542338 0.308818
v 0.768821 -0.542338 0.308818
v 0.771713 -0.556165 0.322655
v 0.823570 -0.538878 0.322573
v 0.768821 -0.542338 0.308818
v 0.823570 -0.538878 0.322573
v 0.817131 -0.526234 0.308818
v 0.817131 -0.526234 0.308818
v 0.823570 -0.538878 0.322573
v 0.860439 -0.512543 0.322559
v 0.817131 -0.526234 0.308818
v 0.860439 -0.512543 0.322559
v 0.850381 -0.502485 0.308818
v 0.850381 -0.502485 0.308818
v 0.860439 -0.512543 0.322559
v 0.886775 -0.475673 0.322573
v 0.850381 -0.502485 0.308818
v 0.886775 -0.475673 0.322573
v 0.874131 -0.469235 0.308818
v 0.874131 -0.469235 0.308818
v 0.886775 -0.475673 0.322573
v 0.904062 -0.423817 0.322655
v 0.874131 -0.469235 0.308818
v 0.904062 -0.423817 0.322655
v 0.890235 -0.420924 0.308818
v 0.896551 -0.351441 0.308818
v 0.890235 -0.420924 0.308818
v 0.904062 -0.423817 0.322655
v 0.896551 -0.351441 0.308818
v 0.904062 -0.423817 0.322655
v 0.910585 -0.351441 0.322806
v 0.896551 0.491924 0.308818
v 0.896551 -0.351441 0.308818
v 0.910585 -0.351441 0.322806
v 0.896551 0.491924 0.308818
v 0.910585 -0.351441 0.322806
v 0.910527 0.493194 0.322799
v 0.890235 0.561407 0.308818
v 0.896551 0.491924 0.308818
v 0.910527 0.493194 0.322799
v 0.890235 0.561407 0.308818
v 0.910527 0.493194 0.322799
v 0.904062 0.564299 0.322655
v 0.886775 0.616156 0.322573
v 0.874131 0.609717 0.308818
v 0.890235 0.561407 0.308818
v 0.886775 0.616156 0.322573
v 0.890235 0.561407 0.308818
v 0.904062 0.564299 0.322655
v 0.860439 0.653025 0.322559
v 0.850381 0.642967 0.308818
v 0.874131 0.609717 0.308818
v 0.860439 0.653025 0.322559
v 0.874131 0.609717 0.308818
v 0.886775 0.616156 0.322573
v 0.823570 0.679361 0.322573
v 0.817131 0.666717 0.308818
v 0.850381 0.642967 0.308818
v 0.823570 0.679361 0.322573
v 0.850381 0.642967 0.308818
v 0.860439 0.653025 0.322559
v 0.771713 0.696648 0.322655
v 0.768821 0.682820 0.308818
v 0.817131 0.666717 0.308818
v 0.771713 0.696648 0.322655
v 0.817131 0.666717 0.308818
v 0.823570 0.679361 0.322573
v 0.699338 0.703171 0.322806
v 0.699338 0.689137 0.308818
v 0.768821 0.682820 0.308818
v 0.699338 0.703171 0.322806
v 0.768821 0.682820 0.308818
v 0.771713 0.696648 0.322655
v -0.700608 0.703113 0.322799
v -0.699338 0.689137 0.308818
v 0.699338 0.689137 0.308818
v -0.700608 0.703113 0.322799
v 0.699338 0.689137 0.308818
v 0.699338 0.703171 0.322806
v -0.771713 0.696648 0.322655
v -0.768821 0.682820 0.308818
v -0.699338 0.689137 0.308818
v -0.771713 0.696648 0.322655
v -0.699338 0.689137 0.308818
v -0.700608 0.703113 0.322799
v -0.823569 0.679361 0.322573
v -0.817131 0.666717 0.308818
v -0.768821 0.682820 0.308818
v -0.823569 0.679361 0.322573
v -0.768821 0.682820 0.308818
v -0.771713 0.696648 0.322655
v -0.860439 0.653025 0.322559
v -0.850381 0.642967 0.308818
v -0.817131 0.666717 0.308818
v -0.860439 0.653025 0.322559
v -0.817131 0.666717 0.308818
v -0.823569 0.679361 0.322573
v -0.886775 0.616156 0.322573
v -0.874131 0.609717 0.308818
v -0.850381 0.642967 0.308818
v -0.886775 0.616156 0.322573
v -0.850381 0.642967 0.308818
v -0.860439 0.653025 0.322559
v -0.904062 0.564299 0.322655
v -0.890234 0.561407 0.308818
v -0.874131 0.609717 0.308818
v -0.904062 0.564299 0.322655
v -0.874131 0.609717 0.308818
v -0.886775 0.616156 0.322573
v -0.904062 0.564299 0.322655
v -0.910585 0.491924 0.322806
v -0.896551 0.491924 0.308818
v -0.904062 0.564299 0.322655
v -0.896551 0.491924 0.308818
v -0.890234 0.561407 0.308818
v -0.910585 0.491924 0.322806
v -0.910527 -0.352712 0.322799
v -0.896551 -0.351441 0.308818
v -0.910585 0.491924 0.322806
v -0.896551 -0.351441 0.308818
v -0.896551 0.491924 0.308818
v -0.910527 -0.352712 0.322799
v -0.904062 -0.423817 0.322655
v -0.890234 -0.420924 0.308818
v -0.910527 -0.352712 0.322799
v -0.890234 -0.420924 0.308818
v -0.896551 -0.351441 0.308818
v -0.890234 -0.420924 0.308818
v -0.904062 -0.423817 0.322655
v -0.886775 -0.475673 0.322573
v -0.890234 -0.420924 0.308818
v -0.886775 -0.475673 0.322573
v -0.874131 -0.469235 0.308818
v -0.874131 -0.469235 0.308818
v -0.886775 -0.475673 0.322573
v -0.860439 -0.512543 0.322559
v -0.874131 -0.469235 0.308818
v -0.860439 -0.512543 0.322559
v -0.850381 -0.502485 0.308818
v -0.850381 -0.502485 0.308818
v -0.860439 -0.512543 0.322559
v -0.823569 -0.538878 0.322573
v -0.850381 -0.502485 0.308818
v -0.823569 -0.538878 0.322573
v -0.817131 -0.526234 0.308818
v -0.817131 -0.526234 0.308818
v -0.823569 -0.538878 0.322573
v -0.771713 -0.556165 0.322655
v -0.817131 -0.526234 0.308818
v -0.771713 -0.556165 0.322655
v -0.768821 -0.542338 0.308818
v -0.768821 -0.542338 0.308818
v -0.771713 -0.556165 0.322655
v -0.699338 -0.562688 0.322806
v -0.768821 -0.542338 0.308818
v -0.699338 -0.562688 0.322806
v -0.699338 -0.548655 0.308818
v -0.699338 -0.548655 0.308818
v -0.699338 -0.562688 0.322806
v 0.700608 -0.562631 0.322799
v -0.699338 -0.548655 0.308818
v 0.700608 -0.562631 0.322799
v 0.699338 -0.548655 0.308818
v -0.787028 -0.629708 -0.384708
v -0.771713 -0.556165 -0.386080
v -0.700608 -0.562631 -0.386224
v -0.787028 -0.629708 -0.384708
v -0.700608 -0.562631 -0.386224
v -0.703328 -0.638153 -0.386331
v -0.857809 -0.606115 -0.384488
v -0.823570 -0.538878 -0.385998
v -0.771713 -0.556165 -0.386080
v -0.857809 -0.606115 -0.384488
v -0.771713 -0.556165 -0.386080
v -0.787028 -0.629708 -0.384708
v -0.913927 -0.566031 -0.384392
v -0.860439 -0.512543 -0.385984
v -0.823570 -0.538878 -0.385998
v -0.913927 -0.566031 -0.384392
v -0.823570 -0.538878 -0.385998
v -0.857809 -0.606115 -0.384488
v -0.913927 -0.566031 -0.384392
v -0.954012 -0.509913 -0.384488
v -0.886775 -0.475673 -0.385998
v -0.913927 -0.566031 -0.384392
v -0.886775 -0.475673 -0.385998
v -0.860439 -0.512543 -0.385984
v -0.954012 -0.509913 -0.384488
v -0.977604 -0.439131 -0.384708
v -0.904062 -0.423817 -0.386080
v -0.954012 -0.509913 -0.384488
v -0.904062 -0.423817 -0.386080
v -0.886775 -0.475673 -0.385998
v -0.977604 -0.439131 -0.384708
v -0.986050 -0.355432 -0.386331
v -0.910585 -0.351441 -0.386231
v -0.977604 -0.439131 -0.384708
v -0.910585 -0.351441 -0.386231
v -0.904062 -0.423817 -0.386080
v -0.986050 -0.355432 -0.386331
v -0.986050 0.495915 -0.386331
v -0.910527 0.493194 -0.386224
v -0.986050 -0.355432 -0.386331
v -0.910527 0.493194 -0.386224
v -0.910585 -0.351441 -0.386231
v -0.986050 0.495915 -0.386331
v -0.977604 0.579613 -0.384708
v -0.904062 0.564299 -0.386080
v -0.986050 0.495915 -0.386331
v -0.904062 0.564299 -0.386080
v -0.910527 0.493194 -0.386224
v -0.977604 0.579613 -0.384708
v -0.954012 0.650395 -0.384488
v -0.886775 0.616156 -0.385998
v -0.977604 0.579613 -0.384708
v -0.886775 0.616156 -0.385998
v -0.904062 0.564299 -0.386080
v -0.954012 0.650395 -0.384488
v -0.913927 0.706514 -0.384392
v -0.860439 0.653025 -0.385984
v -0.954012 0.650395 -0.384488
v -0.860439 0.653025 -0.385984
v -0.886775 0.616156 -0.385998
v -0.860439 0.653025 -0.385984
v -0.913927 0.706514 -0.384392
v -0.857809 0.746598 -0.384488
v -0.860439 0.653025 -0.385984
v -0.857809 0.746598 -0.384488
v -0.823570 0.679361 -0.385998
v -0.823570 0.679361 -0.385998
v -0.857809 0.746598 -0.384488
v -0.787028 0.770190 -0.384708
v -0.823570 0.679361 -0.385998
v -0.787028 0.770190 -0.384708
v -0.771713 0.696648 -0.386080
v -0.771713 0.696648 -0.386080
v -0.787028 0.770190 -0.384708
v -0.703328 0.778636 -0.386331
v -0.771713 0.696648 -0.386080
v -0.703328 0.778636 -0.386331
v -0.699338 0.703171 -0.386231
v -0.699338 0.703171 -0.386231
v -0.703328 0.778636 -0.386331
v 0.703328 0.778636 -0.386331
v -0.699338 0.703171 -0.386231
v 0.703328 0.778636 -0.386331
v 0.700608 0.703113 -0.386225
v 0.700608 0.703113 -0.386225
v 0.703328 0.778636 -0.386331
v 0.787027 0.770190 -0.384708
v 0.700608 0.703113 -0.386225
v 0.787027 0.770190 -0.384708
v 0.771713 0.696648 -0.386080
v 0.771713 0.696648 -0.386080
v 0.787027 0.770190 -0.384708
v 0.857809 0.746598 -0.384488
v 0.771713 0.696648 -0.386080
v 0.857809 0.746598 -0.384488
v 0.823570 0.679361 -0.385998
v 0.823570 0.679361 -0.385998
v 0.857809 0.746598 -0.384488
v 0.913927 0.706514 -0.384392
v 0.823570 0.679361 -0.385998
v 0.913927 0.706514 -0.384392
v 0.860439 0.653025 -0.385985
v 0.886775 0.616156 -0.385998
v 0.860439 0.653025 -0.385985
v 0.913927 0.706514 -0.384392
v 0.886775 0.616156 -0.385998
v 0.913927 0.706514 -0.384392
v 0.954012 0.650395 -0.384489
v 0.904062 0.564299 -0.386081
v 0.886775 0.616156 -0.385998
v 0.954012 0.650395 -0.384489
v 0.904062 0.564299 -0.386081
v 0.954012 0.650395 -0.384489
v 0.977604 0.579613 -0.384708
v 0.910585 0.491924 -0.386232
v 0.904062 0.564299 -0.386081
v 0.977604 0.579613 -0.384708
v 0.910585 0.491924 -0.386232
v 0.977604 0.579613 -0.384708
v 0.986049 0.495915 -0.386331
v 0.910527 -0.352712 -0.386225
v 0.910585 0.491924 -0.386232
v 0.986049 0.495915 -0.386331
v 0.910527 -0.352712 -0.386225
v 0.986049 0.495915 -0.386331
v 0.986049 -0.355432 -0.386332
v 0.904062 -0.423817 -0.386081
v 0.910527 -0.352712 -0.386225
v 0.986049 -0.355432 -0.386332
v 0.904062 -0.423817 -0.386081
v 0.986049 -0.355432 -0.386332
v 0.977604 -0.439131 -0.384709
v 0.886775 -0.475673 -0.385999
v 0.904062 -0.423817 -0.386081
v 0.977604 -0.439131 -0.384709
v 0.886775 -0.475673 -0.385999
v 0.977604 -0.439131 -0.384709
v 0.954012 -0.509913 -0.384489
v 0.860439 -0.512543 -0.385985
v 0.886775 -0.475673 -0.385999
v 0.954012 -0.509913 -0.384489
v 0.860439 -0.512543 -0.385985
v 0.954012 -0.509913 -0.384489
v 0.913927 -0.566031 -0.384392
v 0.857809 -0.606115 -0.384488
v 0.823570 -0.538878 -0.385999
v 0.860439 -0.512543 -0.385985
v 0.857809 -0.606115 -0.384488
v 0.860439 -0.512543 -0.385985
v 0.913927 -0.566031 -0.384392
v 0.787027 -0.629708 -0.384709
v 0.771713 -0.556165 -0.386081
v 0.823570 -0.538878 -0.385999
v 0.787027 -0.629708 -0.384709
v 0.823570 -0.538878 -0.385999
v 0.857809 -0.606115 -0.384488
v 0.703328 -0.638153 -0.386331
v 0.699338 -0.562688 -0.386232
v 0.771713 -0.556165 -0.386081
v 0.703328 -0.638153 -0.386331
v 0.771713 -0.556165 -0.386081
v 0.787027 -0.629708 -0.384709
v -0.703328 -0.638153 -0.386331
v -0.700608 -0.562631 -0.386224
v 0.699338 -0.562688 -0.386232
v -0.703328 -0.638153 -0.386331
v 0.699338 -0.562688 -0.386232
v 0.703328 -0.638153 -0.386331
v -0.703996 -0.651427 -0.301871
v -0.703774 -0.652103 -0.372247
v 0.704033 -0.652091 -0.372244
v -0.703996 -0.651427 -0.301871
v 0.704033 -0.652091 -0.372244
v 0.704003 -0.651426 -0.301871
v 0.999323 0.496589 -0.301871
v 0.999323 -0.356099 -0.301871
v 1.000000 -0.355877 -0.372247
v 0.999323 0.496589 -0.301871
v 1.000000 -0.355877 -0.372247
v 0.999987 0.496619 -0.372244
v -0.704034 0.792574 -0.372243
v -0.704003 0.791909 -0.301870
v 0.703996 0.791909 -0.301871
v -0.704034 0.792574 -0.372243
v 0.703996 0.791909 -0.301871
v 0.703773 0.792586 -0.372247
v -1.000000 0.496360 -0.372246
v -0.999987 -0.356137 -0.372244
v -0.999323 -0.356107 -0.301871
v -1.000000 0.496360 -0.372246
v -0.999323 -0.356107 -0.301871
v -0.999323 0.496582 -0.301870
v 0.704003 -0.651426 -0.301871
v 0.704033 -0.652091 -0.372244
v 0.789781 -0.643534 -0.370482
v 0.704003 -0.651426 -0.301871
v 0.789781 -0.643534 -0.370482
v 0.789991 -0.643535 -0.301871
v 0.789991 -0.643535 -0.301871
v 0.789781 -0.643534 -0.370482
v 0.864217 -0.618775 -0.370178
v 0.789991 -0.643535 -0.301871
v 0.864217 -0.618775 -0.370178
v 0.864247 -0.618760 -0.301871
v 0.864247 -0.618760 -0.301871
v 0.864217 -0.618775 -0.370178
v 0.923977 -0.576098 -0.370067
v 0.864247 -0.618760 -0.301871
v 0.923977 -0.576098 -0.370067
v 0.923986 -0.576089 -0.301871
v -0.789987 -0.643536 -0.301871
v -0.789940 -0.643501 -0.370479
v -0.703774 -0.652103 -0.372247
v -0.789987 -0.643536 -0.301871
v -0.703774 -0.652103 -0.372247
v -0.703996 -0.651427 -0.301871
v -0.864247 -0.618760 -0.301871
v -0.864235 -0.618766 -0.370177
v -0.789940 -0.643501 -0.370479
v -0.864247 -0.618760 -0.301871
v -0.789940 -0.643501 -0.370479
v -0.789987 -0.643536 -0.301871
v -0.923986 -0.576089 -0.301871
v -0.923995 -0.576080 -0.370066
v -0.864235 -0.618766 -0.370177
v -0.923986 -0.576089 -0.301871
v -0.864235 -0.618766 -0.370177
v -0.864247 -0.618760 -0.301871
v 0.991431 0.582367 -0.370482
v 0.991431 0.582578 -0.301871
v 0.999323 0.496589 -0.301871
v 0.991431 0.582367 -0.370482
v 0.999323 0.496589 -0.301871
v 0.999987 0.496619 -0.372244
v 0.966671 0.656803 -0.370178
v 0.966656 0.656833 -0.301871
v 0.991431 0.582578 -0.301871
v 0.966671 0.656803 -0.370178
v 0.991431 0.582578 -0.301871
v 0.991431 0.582367 -0.370482
v 0.923994 0.716563 -0.370066
v 0.923985 0.716572 -0.301871
v 0.966656 0.656833 -0.301871
v 0.923994 0.716563 -0.370066
v 0.966656 0.656833 -0.301871
v 0.966671 0.656803 -0.370178
v 0.991432 -0.442090 -0.301871
v 0.991397 -0.442043 -0.370479
v 1.000000 -0.355877 -0.372247
v 0.991432 -0.442090 -0.301871
v 1.000000 -0.355877 -0.372247
v 0.999323 -0.356099 -0.301871
v 0.966656 -0.516351 -0.301871
v 0.966662 -0.516339 -0.370178
v 0.991397 -0.442043 -0.370479
v 0.966656 -0.516351 -0.301871
v 0.991397 -0.442043 -0.370479
v 0.991432 -0.442090 -0.301871
v 0.923986 -0.576089 -0.301871
v 0.923977 -0.576098 -0.370067
v 0.966662 -0.516339 -0.370178
v 0.923986 -0.576089 -0.301871
v 0.966662 -0.516339 -0.370178
v 0.966656 -0.516351 -0.301871
v -0.789782 0.784017 -0.370482
v -0.789992 0.784017 -0.301871
v -0.704003 0.791909 -0.301870
v -0.789782 0.784017 -0.370482
v -0.704003 0.791909 -0.301870
v -0.704034 0.792574 -0.372243
v -0.864217 0.759258 -0.370177
v -0.864247 0.759242 -0.301871
v -0.789992 0.784017 -0.301871
v -0.864217 0.759258 -0.370177
v -0.789992 0.784017 -0.301871
v -0.789782 0.784017 -0.370482
v -0.923977 0.716581 -0.370066
v -0.923986 0.716572 -0.301871
v -0.864247 0.759242 -0.301871
v -0.923977 0.716581 -0.370066
v -0.864247 0.759242 -0.301871
v -0.864217 0.759258 -0.370177
v 0.703773 0.792586 -0.372247
v 0.703996 0.791909 -0.301871
v 0.789987 0.784018 -0.301871
v 0.703773 0.792586 -0.372247
v 0.789987 0.784018 -0.301871
v 0.789939 0.783983 -0.370479
v 0.789939 0.783983 -0.370479
v 0.789987 0.784018 -0.301871
v 0.864247 0.759242 -0.301871
v 0.789939 0.783983 -0.370479
v 0.864247 0.759242 -0.301871
v 0.864235 0.759248 -0.370177
v 0.864235 0.759248 -0.370177
v 0.864247 0.759242 -0.301871
v 0.923985 0.716572 -0.301871
v 0.864235 0.759248 -0.370177
v 0.923985 0.716572 -0.301871
v 0.923994 0.716563 -0.370066
v -0.999323 -0.356107 -0.301871
v -0.999987 -0.356137 -0.372244
v -0.991431 -0.441885 -0.370482
v -0.999323 -0.356107 -0.301871
v -0.991431 -0.441885 -0.370482
v -0.991431 -0.442095 -0.301871
v -0.991431 -0.442095 -0.301871
v -0.991431 -0.441885 -0.370482
v -0.966672 -0.516320 -0.370178
v -0.991431 -0.442095 -0.301871
v -0.966672 -0.516320 -0.370178
v -0.966656 -0.516351 -0.301871
v -0.966656 -0.516351 -0.301871
v -0.966672 -0.516320 -0.370178
v -0.923995 -0.576080 -0.370066
v -0.966656 -0.516351 -0.301871
v -0.923995 -0.576080 -0.370066
v -0.923986 -0.576089 -0.301871
v -1.000000 0.496360 -0.372246
v -0.999323 0.496582 -0.301870
v -0.991432 0.582573 -0.301871
v -1.000000 0.496360 -0.372246
v -0.991432 0.582573 -0.301871
v -0.991397 0.582526 -0.370479
v -0.991397 0.582526 -0.370479
v -0.991432 0.582573 -0.301871
v -0.966656 0.656833 -0.301871
v -0.991397 0.582526 -0.370479
v -0.966656 0.656833 -0.301871
v -0.966662 0.656821 -0.370178
v -0.966662 0.656821 -0.370178
v -0.966656 0.656833 -0.301871
v -0.923986 0.716572 -0.301871
v -0.966662 0.656821 -0.370178
v -0.923986 0.716572 -0.301871
v -0.923977 0.716581 -0.370066
v -0.768821 -0.542338 -0.372243
v -0.768821 -0.542338 -0.354044
v -0.699338 -0.548655 -0.354044
v -0.768821 -0.542338 -0.372243
v -0.699338 -0.548655 -0.354044
v -0.699338 -0.548655 -0.372243
v -0.699338 -0.548655 -0.372243
v -0.699338 -0.548655 -0.354044
v 0.699338 -0.548655 -0.354044
v -0.699338 -0.548655 -0.372243
v 0.699338 -0.548655 -0.354044
v 0.699338 -0.548655 -0.372244
v 0.699338 -0.548655 -0.372244
v 0.699338 -0.548655 -0.354044
v 0.768821 -0.542338 -0.354044
v 0.699338 -0.548655 -0.372244
v 0.768821 -0.542338 -0.354044
v 0.768821 -0.542338 -0.372244
v 0.768821 -0.542338 -0.372244
v 0.768821 -0.542338 -0.354044
v 0.817131 -0.526234 -0.354044
v 0.768821 -0.542338 -0.372244
v 0.817131 -0.526234 -0.354044
v 0.817131 -0.526234 -0.372244
v 0.817131 -0.526234 -0.372244
v 0.817131 -0.526234 -0.354044
v 0.850381 -0.502484 -0.354044
v 0.817131 -0.526234 -0.372244
v 0.850381 -0.502484 -0.354044
v 0.850381 -0.502485 -0.372244
v 0.850381 -0.502485 -0.372244
v 0.850381 -0.502484 -0.354044
v 0.874131 -0.469235 -0.354044
v 0.850381 -0.502485 -0.372244
v 0.874131 -0.469235 -0.354044
v 0.874131 -0.469235 -0.372244
v 0.874131 -0.469235 -0.372244
v 0.874131 -0.469235 -0.354044
v 0.890234 -0.420924 -0.354044
v 0.874131 -0.469235 -0.372244
v 0.890234 -0.420924 -0.354044
v 0.890234 -0.420924 -0.372244
v 0.890234 -0.420924 -0.372244
v 0.890234 -0.420924 -0.354044
v 0.896551 -0.351441 -0.354044
v 0.890234 -0.420924 -0.372244
v 0.896551 -0.351441 -0.354044
v 0.896551 -0.351441 -0.372244
v 0.896551 0.491924 -0.354044
v 0.896551 0.491924 -0.372244
v 0.896551 -0.351441 -0.372244
v 0.896551 0.491924 -0.354044
v 0.896551 -0.351441 -0.372244
v 0.896551 -0.351441 -0.354044
v 0.890234 0.561407 -0.354044
v 0.890234 0.561407 -0.372244
v 0.896551 0.491924 -0.372244
v 0.890234 0.561407 -0.354044
v 0.896551 0.491924 -0.372244
v 0.896551 0.491924 -0.354044
v 0.874131 0.609717 -0.354044
v 0.874131 0.609717 -0.372243
v 0.890234 0.561407 -0.372244
v 0.874131 0.609717 -0.354044
v 0.890234 0.561407 -0.372244
v 0.890234 0.561407 -0.354044
v 0.850381 0.642967 -0.354044
v 0.850381 0.642967 -0.372244
v 0.874131 0.609717 -0.372243
v 0.850381 0.642967 -0.354044
v 0.874131 0.609717 -0.372243
v 0.874131 0.609717 -0.354044
v 0.817131 0.666717 -0.354044
v 0.817131 0.666717 -0.372244
v 0.850381 0.642967 -0.372244
v 0.817131 0.666717 -0.354044
v 0.850381 0.642967 -0.372244
v 0.850381 0.642967 -0.354044
v 0.768821 0.682820 -0.354044
v 0.768821 0.682820 -0.372244
v 0.817131 0.666717 -0.372244
v 0.768821 0.682820 -0.354044
v 0.817131 0.666717 -0.372244
v 0.817131 0.666717 -0.354044
v 0.699338 0.689137 -0.354044
v 0.699338 0.689137 -0.372244
v 0.768821 0.682820 -0.372244
v 0.699338 0.689137 -0.354044
v 0.768821 0.682820 -0.372244
v 0.768821 0.682820 -0.354044
v -0.699338 0.689137 -0.354044
v -0.699338 0.689137 -0.372243
v 0.699338 0.689137 -0.372244
v -0.699338 0.689137 -0.354044
v 0.699338 0.689137 -0.372244
v 0.699338 0.689137 -0.354044
v -0.768821 0.682820 -0.354044
v -0.768821 0.682820 -0.372243
v -0.699338 0.689137 -0.372243
v -0.768821 0.682820 -0.354044
v -0.699338 0.689137 -0.372243
v -0.699338 0.689137 -0.354044
v -0.817131 0.666717 -0.354044
v -0.817131 0.666717 -0.372243
v -0.768821 0.682820 -0.372243
v -0.817131 0.666717 -0.354044
v -0.768821 0.682820 -0.372243
v -0.768821 0.682820 -0.354044
v -0.850381 0.642967 -0.354044
v -0.850381 0.642967 -0.372243
v -0.817131 0.666717 -0.372243
v -0.850381 0.642967 -0.354044
v -0.817131 0.666717 -0.372243
v -0.817131 0.666717 -0.354044
v -0.874131 0.609717 -0.354044
v -0.874131 0.609717 -0.372243
v -0.850381 0.642967 -0.372243
v -0.874131 0.609717 -0.354044
v -0.850381 0.642967 -0.372243
v -0.850381 0.642967 -0.354044
v -0.890235 0.561407 -0.354044
v -0.890235 0.561407 -0.372243
v -0.874131 0.609717 -0.372243
v -0.890235 0.561407 -0.354044
v -0.874131 0.609717 -0.372243
v -0.874131 0.609717 -0.354044
v -0.896551 0.491924 -0.354044
v -0.896551 0.491924 -0.372243
v -0.890235 0.561407 -0.372243
v -0.896551 0.491924 -0.354044
v -0.890235 0.561407 -0.372243
v -0.890235 0.561407 -0.354044
v -0.896551 0.491924 -0.372243
v -0.896551 0.491924 -0.354044
v -0.896551 -0.351441 -0.354044
v -0.896551 0.491924 -0.372243
v -0.896551 -0.351441 -0.354044
v -0.896551 -0.351441 -0.372243
v -0.896551 -0.351441 -0.372243
v -0.896551 -0.351441 -0.354044
v -0.890235 -0.420924 -0.354044
v -0.896551 -0.351441 -0.372243
v -0.890235 -0.420924 -0.354044
v -0.890235 -0.420924 -0.372243
v -0.890235 -0.420924 -0.372243
v -0.890235 -0.420924 -0.354044
v -0.874131 -0.469235 -0.354044
v -0.890235 -0.420924 -0.372243
v -0.874131 -0.469235 -0.354044
v -0.874131 -0.469235 -0.372243
v -0.874131 -0.469235 -0.372243
v -0.874131 -0.469235 -0.354044
v -0.850381 -0.502484 -0.354044
v -0.874131 -0.469235 -0.372243
v -0.850381 -0.502484 -0.354044
v -0.850381 -0.502485 -0.372243
v -0.850381 -0.502485 -0.372243
v -0.850381 -0.502484 -0.354044
v -0.817131 -0.526234 -0.354044
v -0.850381 -0.502485 -0.372243
v -0.817131 -0.526234 -0.354044
v -0.817131 -0.526234 -0.372243
v -0.817131 -0.526234 -0.372243
v -0.817131 -0.526234 -0.354044
v -0.768821 -0.542338 -0.354044
v -0.817131 -0.526234 -0.372243
v -0.768821 -0.542338 -0.354044
v -0.768821 -0.542338 -0.372243
v -0.702533 -0.619098 -0.287837
v -0.702725 -0.637355 -0.287837
v 0.703995 -0.637297 -0.287837
v -0.702533 -0.619098 -0.287837
v 0.703995 -0.637297 -0.287837
v 0.702533 -0.619098 -0.287837
v -0.783341 -0.611752 -0.287837
v -0.787092 -0.629685 -0.287837
v -0.702725 -0.637355 -0.287837
v -0.783341 -0.611752 -0.287837
v -0.702725 -0.637355 -0.287837
v -0.702533 -0.619098 -0.287837
v -0.849456 -0.589713 -0.287837
v -0.857807 -0.606113 -0.287837
v -0.787092 -0.629685 -0.287837
v -0.849456 -0.589713 -0.287837
v -0.787092 -0.629685 -0.287837
v -0.783341 -0.611752 -0.287837
v -0.900879 -0.552983 -0.287837
v -0.913925 -0.566029 -0.287837
v -0.857807 -0.606113 -0.287837
v -0.900879 -0.552983 -0.287837
v -0.857807 -0.606113 -0.287837
v -0.849456 -0.589713 -0.287837
v -0.937610 -0.501559 -0.287837
v -0.954010 -0.509911 -0.287837
v -0.913925 -0.566029 -0.287837
v -0.937610 -0.501559 -0.287837
v -0.913925 -0.566029 -0.287837
v -0.900879 -0.552983 -0.287837
v -0.959648 -0.435444 -0.287837
v -0.977582 -0.439195 -0.287837
v -0.954010 -0.509911 -0.287837
v -0.959648 -0.435444 -0.287837
v -0.954010 -0.509911 -0.287837
v -0.937610 -0.501559 -0.287837
v -0.985194 -0.356099 -0.287837
v -0.977582 -0.439195 -0.287837
v -0.959648 -0.435444 -0.287837
v -0.985194 -0.356099 -0.287837
v -0.959648 -0.435444 -0.287837
v -0.966994 -0.354637 -0.287837
v -0.985251 0.495311 -0.287837
v -0.985194 -0.356099 -0.287837
v -0.966994 -0.354637 -0.287837
v -0.985251 0.495311 -0.287837
v -0.966994 -0.354637 -0.287837
v -0.966994 0.495119 -0.287837
v -0.977581 0.579678 -0.287837
v -0.985251 0.495311 -0.287837
v -0.966994 0.495119 -0.287837
v -0.977581 0.579678 -0.287837
v -0.966994 0.495119 -0.287837
v -0.959648 0.575927 -0.287837
v -0.977581 0.579678 -0.287837
v -0.959648 0.575927 -0.287837
v -0.937610 0.642042 -0.287837
v -0.977581 0.579678 -0.287837
v -0.937610 0.642042 -0.287837
v -0.954010 0.650393 -0.287837
v -0.954010 0.650393 -0.287837
v -0.937610 0.642042 -0.287837
v -0.900879 0.693465 -0.287837
v -0.954010 0.650393 -0.287837
v -0.900879 0.693465 -0.287837
v -0.913926 0.706511 -0.287837
v -0.913926 0.706511 -0.287837
v -0.900879 0.693465 -0.287837
v -0.849456 0.730196 -0.287837
v -0.913926 0.706511 -0.287837
v -0.849456 0.730196 -0.287837
v -0.857807 0.746596 -0.287837
v -0.857807 0.746596 -0.287837
v -0.849456 0.730196 -0.287837
v -0.783341 0.752234 -0.287837
v -0.857807 0.746596 -0.287837
v -0.783341 0.752234 -0.287837
v -0.787092 0.770168 -0.287837
v -0.787092 0.770168 -0.287837
v -0.783341 0.752234 -0.287837
v -0.702533 0.759580 -0.287837
v -0.787092 0.770168 -0.287837
v -0.702533 0.759580 -0.287837
v -0.703995 0.777780 -0.287837
v -0.703995 0.777780 -0.287837
v -0.702533 0.759580 -0.287837
v 0.702533 0.759580 -0.287837
v -0.703995 0.777780 -0.287837
v 0.702533 0.759580 -0.287837
v 0.702725 0.777837 -0.287837
v 0.702725 0.777837 -0.287837
v 0.702533 0.759580 -0.287837
v 0.783341 0.752234 -0.287837
v 0.702725 0.777837 -0.287837
v 0.783341 0.752234 -0.287837
v 0.787092 0.770168 -0.287837
v 0.787092 0.770168 -0.287837
v 0.783341 0.752234 -0.287837
v 0.849456 0.730196 -0.287837
v 0.787092 0.770168 -0.287837
v 0.849456 0.730196 -0.287837
v 0.857807 0.746596 -0.287837
v 0.857807 0.746596 -0.287837
v 0.849456 0.730196 -0.287837
v 0.900879 0.693465 -0.287837
v 0.857807 0.746596 -0.287837
v 0.900879 0.693465 -0.287837
v 0.913925 0.706512 -0.287837
v 0.913925 0.706512 -0.287837
v 0.900879 0.693465 -0.287837
v 0.937610 0.642042 -0.287837
v 0.913925 0.706512 -0.287837
v 0.937610 0.642042 -0.287837
v 0.954010 0.650393 -0.287837
v 0.954010 0.650393 -0.287837
v 0.937610 0.642042 -0.287837
v 0.959648 0.575927 -0.287837
v 0.954010 0.650393 -0.287837
v 0.959648 0.575927 -0.287837
v 0.977581 0.579678 -0.287837
v 0.959648 0.575927 -0.287837
v 0.966994 0.495119 -0.287837
v 0.985194 0.496582 -0.287837
v 0.959648 0.575927 -0.287837
v 0.985194 0.496582 -0.287837
v 0.977581 0.579678 -0.287837
v 0.966994 0.495119 -0.287837
v 0.966994 -0.354637 -0.287838
v 0.985251 -0.354828 -0.287838
v 0.966994 0.495119 -0.287837
v 0.985251 -0.354828 -0.287838
v 0.985194 0.496582 -0.287837
v 0.966994 -0.354637 -0.287838
v 0.959648 -0.435444 -0.287838
v 0.977581 -0.439195 -0.287838
v 0.966994 -0.354637 -0.287838
v 0.977581 -0.439195 -0.287838
v 0.985251 -0.354828 -0.287838
v 0.937610 -0.501559 -0.287837
v 0.954010 -0.509911 -0.287837
v 0.977581 -0.439195 -0.287838
v 0.937610 -0.501559 -0.287837
v 0.977581 -0.439195 -0.287838
v 0.959648 -0.435444 -0.287838
v 0.900879 -0.552983 -0.287837
v 0.913926 -0.566029 -0.287837
v 0.954010 -0.509911 -0.287837
v 0.900879 -0.552983 -0.287837
v 0.954010 -0.509911 -0.287837
v 0.937610 -0.501559 -0.287837
v 0.849456 -0.589713 -0.287838
v 0.857807 -0.606113 -0.287838
v 0.913926 -0.566029 -0.287837
v 0.849456 -0.589713 -0.287838
v 0.913926 -0.566029 -0.287837
v 0.900879 -0.552983 -0.287837
v 0.783341 -0.611752 -0.287837
v 0.787092 -0.629685 -0.287837
v 0.857807 -0.606113 -0.287838
v 0.783341 -0.611752 -0.287837
v 0.857807 -0.606113 -0.287838
v 0.849456 -0.589713 -0.287838
v 0.702533 -0.619098 -0.287837
v 0.703995 -0.637297 -0.287837
v 0.787092 -0.629685 -0.287837
v 0.702533 -0.619098 -0.287837
v 0.787092 -0.629685 -0.287837
v 0.783341 -0.611752 -0.287837
v -0.789234 -0.640059 -0.381053
v -0.787028 -0.629708 -0.384708
v -0.703328 -0.638153 -0.386331
v -0.789234 -0.640059 -0.381053
v -0.703328 -0.638153 -0.386331
v -0.703793 -0.648657 -0.382783
v -0.862635 -0.615600 -0.380772
v -0.857809 -0.606115 -0.384488
v -0.787028 -0.629708 -0.384708
v -0.862635 -0.615600 -0.380772
v -0.787028 -0.629708 -0.384708
v -0.789234 -0.640059 -0.381053
v -0.921473 -0.573573 -0.380664
v -0.913927 -0.566031 -0.384392
v -0.857809 -0.606115 -0.384488
v -0.921473 -0.573573 -0.380664
v -0.857809 -0.606115 -0.384488
v -0.862635 -0.615600 -0.380772
v -0.963499 -0.514734 -0.380772
v -0.954012 -0.509913 -0.384488
v -0.913927 -0.566031 -0.384392
v -0.963499 -0.514734 -0.380772
v -0.913927 -0.566031 -0.384392
v -0.921473 -0.573573 -0.380664
v -0.987964 -0.441298 -0.381054
v -0.977604 -0.439131 -0.384708
v -0.954012 -0.509913 -0.384488
v -0.987964 -0.441298 -0.381054
v -0.954012 -0.509913 -0.384488
v -0.963499 -0.514734 -0.380772
v -0.987964 -0.441298 -0.381054
v -0.996551 -0.355961 -0.382782
v -0.986050 -0.355432 -0.386331
v -0.987964 -0.441298 -0.381054
v -0.986050 -0.355432 -0.386331
v -0.977604 -0.439131 -0.384708
v -0.996551 -0.355961 -0.382782
v -0.996554 0.496379 -0.382783
v -0.986050 0.495915 -0.386331
v -0.996551 -0.355961 -0.382782
v -0.986050 0.495915 -0.386331
v -0.986050 -0.355432 -0.386331
v -0.996554 0.496379 -0.382783
v -0.987956 0.581820 -0.381053
v -0.977604 0.579613 -0.384708
v -0.996554 0.496379 -0.382783
v -0.977604 0.579613 -0.384708
v -0.986050 0.495915 -0.386331
v -0.977604 0.579613 -0.384708
v -0.987956 0.581820 -0.381053
v -0.963497 0.655221 -0.380772
v -0.977604 0.579613 -0.384708
v -0.963497 0.655221 -0.380772
v -0.954012 0.650395 -0.384488
v -0.954012 0.650395 -0.384488
v -0.963497 0.655221 -0.380772
v -0.921469 0.714060 -0.380664
v -0.954012 0.650395 -0.384488
v -0.921469 0.714060 -0.380664
v -0.913927 0.706514 -0.384392
v -0.913927 0.706514 -0.384392
v -0.921469 0.714060 -0.380664
v -0.862630 0.756085 -0.380771
v -0.913927 0.706514 -0.384392
v -0.862630 0.756085 -0.380771
v -0.857809 0.746598 -0.384488
v -0.857809 0.746598 -0.384488
v -0.862630 0.756085 -0.380771
v -0.789195 0.780550 -0.381054
v -0.857809 0.746598 -0.384488
v -0.789195 0.780550 -0.381054
v -0.787028 0.770190 -0.384708
v -0.787028 0.770190 -0.384708
v -0.789195 0.780550 -0.381054
v -0.703858 0.789137 -0.382782
v -0.787028 0.770190 -0.384708
v -0.703858 0.789137 -0.382782
v -0.703328 0.778636 -0.386331
v -0.703328 0.778636 -0.386331
v -0.703858 0.789137 -0.382782
v 0.703792 0.789140 -0.382783
v -0.703328 0.778636 -0.386331
v 0.703792 0.789140 -0.382783
v 0.703328 0.778636 -0.386331
v 0.703328 0.778636 -0.386331
v 0.703792 0.789140 -0.382783
v 0.789234 0.780542 -0.381053
v 0.703328 0.778636 -0.386331
v 0.789234 0.780542 -0.381053
v 0.787027 0.770190 -0.384708
v 0.787027 0.770190 -0.384708
v 0.789234 0.780542 -0.381053
v 0.862635 0.756082 -0.380772
v 0.787027 0.770190 -0.384708
v 0.862635 0.756082 -0.380772
v 0.857809 0.746598 -0.384488
v 0.857809 0.746598 -0.384488
v 0.862635 0.756082 -0.380772
v 0.921473 0.714055 -0.380665
v 0.857809 0.746598 -0.384488
v 0.921473 0.714055 -0.380665
v 0.913927 0.706514 -0.384392
v 0.913927 0.706514 -0.384392
v 0.921473 0.714055 -0.380665
v 0.963499 0.655216 -0.380773
v 0.913927 0.706514 -0.384392
v 0.963499 0.655216 -0.380773
v 0.954012 0.650395 -0.384489
v 0.954012 0.650395 -0.384489
v 0.963499 0.655216 -0.380773
v 0.987964 0.581780 -0.381054
v 0.954012 0.650395 -0.384489
v 0.987964 0.581780 -0.381054
v 0.977604 0.579613 -0.384708
v 0.986049 0.495915 -0.386331
v 0.977604 0.579613 -0.384708
v 0.987964 0.581780 -0.381054
v 0.986049 0.495915 -0.386331
v 0.987964 0.581780 -0.381054
v 0.996551 0.496444 -0.382783
v 0.986049 -0.355432 -0.386332
v 0.986049 0.495915 -0.386331
v 0.996551 0.496444 -0.382783
v 0.986049 -0.355432 -0.386332
v 0.996551 0.496444 -0.382783
v 0.996554 -0.355896 -0.382784
v 0.977604 -0.439131 -0.384709
v 0.986049 -0.355432 -0.386332
v 0.996554 -0.355896 -0.382784
v 0.977604 -0.439131 -0.384709
v 0.996554 -0.355896 -0.382784
v 0.987955 -0.441337 -0.381054
v 0.963497 -0.514738 -0.380773
v 0.954012 -0.509913 -0.384489
v 0.977604 -0.439131 -0.384709
v 0.963497 -0.514738 -0.380773
v 0.977604 -0.439131 -0.384709
v 0.987955 -0.441337 -0.381054
v 0.921469 -0.573577 -0.380665
v 0.913927 -0.566031 -0.384392
v 0.954012 -0.509913 -0.384489
v 0.921469 -0.573577 -0.380665
v 0.954012 -0.509913 -0.384489
v 0.963497 -0.514738 -0.380773
v 0.862630 -0.615602 -0.380772
v 0.857809 -0.606115 -0.384488
v 0.913927 -0.566031 -0.384392
v 0.862630 -0.615602 -0.380772
v 0.913927 -0.566031 -0.384392
v 0.921469 -0.573577 -0.380665
v 0.789194 -0.640067 -0.381054
v 0.787027 -0.629708 -0.384709
v 0.857809 -0.606115 -0.384488
v 0.789194 -0.640067 -0.381054
v 0.857809 -0.606115 -0.384488
v 0.862630 -0.615602 -0.380772
v 0.703857 -0.648654 -0.382782
v 0.703328 -0.638153 -0.386331
v 0.787027 -0.629708 -0.384709
v 0.703857 -0.648654 -0.382782
v 0.787027 -0.629708 -0.384709
v 0.789194 -0.640067 -0.381054
v -0.703793 -0.648657 -0.382783
v -0.703328 -0.638153 -0.386331
v 0.703328 -0.638153 -0.386331
v -0.703793 -0.648657 -0.382783
v 0.703328 -0.638153 -0.386331
v 0.703857 -0.648654 -0.382782
v -0.703774 -0.652103 -0.372247
v -0.703793 -0.648657 -0.382783
v 0.703857 -0.648654 -0.382782
v -0.703774 -0.652103 -0.372247
v 0.703857 -0.648654 -0.382782
v 0.704033 -0.652091 -0.372244
v -0.703678 -0.647861 -0.291345
v -0.703996 -0.651427 -0.301871
v 0.704003 -0.651426 -0.301871
v -0.703678 -0.647861 -0.291345
v 0.704003 -0.651426 -0.301871
v 0.703997 -0.647846 -0.291346
v 0.996554 -0.355896 -0.382784
v 0.996551 0.496444 -0.382783
v 0.999987 0.496619 -0.372244
v 0.996554 -0.355896 -0.382784
v 0.999987 0.496619 -0.372244
v 1.000000 -0.355877 -0.372247
v 0.995743 0.496583 -0.291346
v 0.995757 -0.355781 -0.291346
v 0.999323 -0.356099 -0.301871
v 0.995743 0.496583 -0.291346
v 0.999323 -0.356099 -0.301871
v 0.999323 0.496589 -0.301871
v -0.703858 0.789137 -0.382782
v -0.704034 0.792574 -0.372243
v 0.703773 0.792586 -0.372247
v -0.703858 0.789137 -0.382782
v 0.703773 0.792586 -0.372247
v 0.703792 0.789140 -0.382783
v -0.704003 0.791909 -0.301870
v -0.703997 0.788329 -0.291345
v 0.703678 0.788343 -0.291346
v -0.704003 0.791909 -0.301870
v 0.703678 0.788343 -0.291346
v 0.703996 0.791909 -0.301871
v -0.999987 -0.356137 -0.372244
v -1.000000 0.496360 -0.372246
v -0.996554 0.496379 -0.382783
v -0.999987 -0.356137 -0.372244
v -0.996554 0.496379 -0.382783
v -0.996551 -0.355961 -0.382782
v -0.999323 0.496582 -0.301870
v -0.999323 -0.356107 -0.301871
v -0.995743 -0.356101 -0.291345
v -0.999323 0.496582 -0.301870
v -0.995743 -0.356101 -0.291345
v -0.995757 0.496264 -0.291345
v 0.704033 -0.652091 -0.372244
v 0.703857 -0.648654 -0.382782
v 0.789194 -0.640067 -0.381054
v 0.704033 -0.652091 -0.372244
v 0.789194 -0.640067 -0.381054
v 0.789781 -0.643534 -0.370482
v 0.703997 -0.647846 -0.291346
v 0.704003 -0.651426 -0.301871
v 0.789991 -0.643535 -0.301871
v 0.703997 -0.647846 -0.291346
v 0.789991 -0.643535 -0.301871
v 0.789263 -0.640062 -0.291346
v 0.789781 -0.643534 -0.370482
v 0.789194 -0.640067 -0.381054
v 0.862630 -0.615602 -0.380772
v 0.789781 -0.643534 -0.370482
v 0.862630 -0.615602 -0.380772
v 0.864217 -0.618775 -0.370178
v 0.789263 -0.640062 -0.291346
v 0.789991 -0.643535 -0.301871
v 0.864247 -0.618760 -0.301871
v 0.789263 -0.640062 -0.291346
v 0.864247 -0.618760 -0.301871
v 0.862637 -0.615598 -0.291346
v 0.864217 -0.618775 -0.370178
v 0.862630 -0.615602 -0.380772
v 0.921469 -0.573577 -0.380665
v 0.864217 -0.618775 -0.370178
v 0.921469 -0.573577 -0.380665
v 0.923977 -0.576098 -0.370067
v 0.862637 -0.615598 -0.291346
v 0.864247 -0.618760 -0.301871
v 0.923986 -0.576089 -0.301871
v 0.862637 -0.615598 -0.291346
v 0.923986 -0.576089 -0.301871
v 0.921471 -0.573574 -0.291346
v -0.789940 -0.643501 -0.370479
v -0.789234 -0.640059 -0.381053
v -0.703793 -0.648657 -0.382783
v -0.789940 -0.643501 -0.370479
v -0.703793 -0.648657 -0.382783
v -0.703774 -0.652103 -0.372247
v -0.789262 -0.640062 -0.291345
v -0.789987 -0.643536 -0.301871
v -0.703996 -0.651427 -0.301871
v -0.789262 -0.640062 -0.291345
v -0.703996 -0.651427 -0.301871
v -0.703678 -0.647861 -0.291345
v -0.864235 -0.618766 -0.370177
v -0.862635 -0.615600 -0.380772
v -0.789234 -0.640059 -0.381053
v -0.864235 -0.618766 -0.370177
v -0.789234 -0.640059 -0.381053
v -0.789940 -0.643501 -0.370479
v -0.862637 -0.615598 -0.291345
v -0.864247 -0.618760 -0.301871
v -0.789987 -0.643536 -0.301871
v -0.862637 -0.615598 -0.291345
v -0.789987 -0.643536 -0.301871
v -0.789262 -0.640062 -0.291345
v -0.923995 -0.576080 -0.370066
v -0.921473 -0.573573 -0.380664
v -0.862635 -0.615600 -0.380772
v -0.923995 -0.576080 -0.370066
v -0.862635 -0.615600 -0.380772
v -0.864235 -0.618766 -0.370177
v -0.921470 -0.573574 -0.291345
v -0.923986 -0.576089 -0.301871
v -0.864247 -0.618760 -0.301871
v -0.921470 -0.573574 -0.291345
v -0.864247 -0.618760 -0.301871
v -0.862637 -0.615598 -0.291345
v 0.987964 0.581780 -0.381054
v 0.991431 0.582367 -0.370482
v 0.999987 0.496619 -0.372244
v 0.987964 0.581780 -0.381054
v 0.999987 0.496619 -0.372244
v 0.996551 0.496444 -0.382783
v 0.991431 0.582578 -0.301871
v 0.987958 0.581849 -0.291346
v 0.995743 0.496583 -0.291346
v 0.991431 0.582578 -0.301871
v 0.995743 0.496583 -0.291346
v 0.999323 0.496589 -0.301871
v 0.963499 0.655216 -0.380773
v 0.966671 0.656803 -0.370178
v 0.991431 0.582367 -0.370482
v 0.963499 0.655216 -0.380773
v 0.991431 0.582367 -0.370482
v 0.987964 0.581780 -0.381054
v 0.966656 0.656833 -0.301871
v 0.963494 0.655223 -0.291346
v 0.987958 0.581849 -0.291346
v 0.966656 0.656833 -0.301871
v 0.987958 0.581849 -0.291346
v 0.991431 0.582578 -0.301871
v 0.921473 0.714055 -0.380665
v 0.923994 0.716563 -0.370066
v 0.966671 0.656803 -0.370178
v 0.921473 0.714055 -0.380665
v 0.966671 0.656803 -0.370178
v 0.963499 0.655216 -0.380773
v 0.923985 0.716572 -0.301871
v 0.921471 0.714057 -0.291346
v 0.963494 0.655223 -0.291346
v 0.923985 0.716572 -0.301871
v 0.963494 0.655223 -0.291346
v 0.966656 0.656833 -0.301871
v 0.991397 -0.442043 -0.370479
v 0.987955 -0.441337 -0.381054
v 0.996554 -0.355896 -0.382784
v 0.991397 -0.442043 -0.370479
v 0.996554 -0.355896 -0.382784
v 1.000000 -0.355877 -0.372247
v 0.987958 -0.441365 -0.291346
v 0.991432 -0.442090 -0.301871
v 0.999323 -0.356099 -0.301871
v 0.987958 -0.441365 -0.291346
v 0.999323 -0.356099 -0.301871
v 0.995757 -0.355781 -0.291346
v 0.966662 -0.516339 -0.370178
v 0.963497 -0.514738 -0.380773
v 0.987955 -0.441337 -0.381054
v 0.966662 -0.516339 -0.370178
v 0.987955 -0.441337 -0.381054
v 0.991397 -0.442043 -0.370479
v 0.963494 -0.514741 -0.291346
v 0.966656 -0.516351 -0.301871
v 0.991432 -0.442090 -0.301871
v 0.963494 -0.514741 -0.291346
v 0.991432 -0.442090 -0.301871
v 0.987958 -0.441365 -0.291346
v 0.923977 -0.576098 -0.370067
v 0.921469 -0.573577 -0.380665
v 0.963497 -0.514738 -0.380773
v 0.923977 -0.576098 -0.370067
v 0.963497 -0.514738 -0.380773
v 0.966662 -0.516339 -0.370178
v 0.921471 -0.573574 -0.291346
v 0.923986 -0.576089 -0.301871
v 0.966656 -0.516351 -0.301871
v 0.921471 -0.573574 -0.291346
v 0.966656 -0.516351 -0.301871
v 0.963494 -0.514741 -0.291346
v -0.789195 0.780550 -0.381054
v -0.789782 0.784017 -0.370482
v -0.704034 0.792574 -0.372243
v -0.789195 0.780550 -0.381054
v -0.704034 0.792574 -0.372243
v -0.703858 0.789137 -0.382782
v -0.789992 0.784017 -0.301871
v -0.789263 0.780544 -0.291345
v -0.703997 0.788329 -0.291345
v -0.789992 0.784017 -0.301871
v -0.703997 0.788329 -0.291345
v -0.704003 0.791909 -0.301870
v -0.862630 0.756085 -0.380771
v -0.864217 0.759258 -0.370177
v -0.789782 0.784017 -0.370482
v -0.862630 0.756085 -0.380771
v -0.789782 0.784017 -0.370482
v -0.789195 0.780550 -0.381054
v -0.864247 0.759242 -0.301871
v -0.862637 0.756081 -0.291345
v -0.789263 0.780544 -0.291345
v -0.864247 0.759242 -0.301871
v -0.789263 0.780544 -0.291345
v -0.789992 0.784017 -0.301871
v -0.921469 0.714060 -0.380664
v -0.923977 0.716581 -0.370066
v -0.864217 0.759258 -0.370177
v -0.921469 0.714060 -0.380664
v -0.864217 0.759258 -0.370177
v -0.862630 0.756085 -0.380771
v -0.923986 0.716572 -0.301871
v -0.921471 0.714056 -0.291346
v -0.862637 0.756081 -0.291345
v -0.923986 0.716572 -0.301871
v -0.862637 0.756081 -0.291345
v -0.864247 0.759242 -0.301871
v 0.703792 0.789140 -0.382783
v 0.703773 0.792586 -0.372247
v 0.789939 0.783983 -0.370479
v 0.703792 0.789140 -0.382783
v 0.789939 0.783983 -0.370479
v 0.789234 0.780542 -0.381053
v 0.703996 0.791909 -0.301871
v 0.703678 0.788343 -0.291346
v 0.789262 0.780545 -0.291346
v 0.703996 0.791909 -0.301871
v 0.789262 0.780545 -0.291346
v 0.789987 0.784018 -0.301871
v 0.789234 0.780542 -0.381053
v 0.789939 0.783983 -0.370479
v 0.864235 0.759248 -0.370177
v 0.789234 0.780542 -0.381053
v 0.864235 0.759248 -0.370177
v 0.862635 0.756082 -0.380772
v 0.789987 0.784018 -0.301871
v 0.789262 0.780545 -0.291346
v 0.862637 0.756081 -0.291346
v 0.789987 0.784018 -0.301871
v 0.862637 0.756081 -0.291346
v 0.864247 0.759242 -0.301871
v 0.862635 0.756082 -0.380772
v 0.864235 0.759248 -0.370177
v 0.923994 0.716563 -0.370066
v 0.862635 0.756082 -0.380772
v 0.923994 0.716563 -0.370066
v 0.921473 0.714055 -0.380665
v 0.864247 0.759242 -0.301871
v 0.862637 0.756081 -0.291346
v 0.921471 0.714057 -0.291346
v 0.864247 0.759242 -0.301871
v 0.921471 0.714057 -0.291346
v 0.923985 0.716572 -0.301871
v -0.999987 -0.356137 -0.372244
v -0.996551 -0.355961 -0.382782
v -0.987964 -0.441298 -0.381054
v -0.999987 -0.356137 -0.372244
v -0.987964 -0.441298 -0.381054
v -0.991431 -0.441885 -0.370482
v -0.995743 -0.356101 -0.291345
v -0.999323 -0.356107 -0.301871
v -0.991431 -0.442095 -0.301871
v -0.995743 -0.356101 -0.291345
v -0.991431 -0.442095 -0.301871
v -0.987958 -0.441366 -0.291346
v -0.991431 -0.441885 -0.370482
v -0.987964 -0.441298 -0.381054
v -0.963499 -0.514734 -0.380772
v -0.991431 -0.441885 -0.370482
v -0.963499 -0.514734 -0.380772
v -0.966672 -0.516320 -0.370178
v -0.987958 -0.441366 -0.291346
v -0.991431 -0.442095 -0.301871
v -0.966656 -0.516351 -0.301871
v -0.987958 -0.441366 -0.291346
v -0.966656 -0.516351 -0.301871
v -0.963494 -0.514741 -0.291345
v -0.966672 -0.516320 -0.370178
v -0.963499 -0.514734 -0.380772
v -0.921473 -0.573573 -0.380664
v -0.966672 -0.516320 -0.370178
v -0.921473 -0.573573 -0.380664
v -0.923995 -0.576080 -0.370066
v -0.963494 -0.514741 -0.291345
v -0.966656 -0.516351 -0.301871
v -0.923986 -0.576089 -0.301871
v -0.963494 -0.514741 -0.291345
v -0.923986 -0.576089 -0.301871
v -0.921470 -0.573574 -0.291345
v -0.996554 0.496379 -0.382783
v -1.000000 0.496360 -0.372246
v -0.991397 0.582526 -0.370479
v -0.996554 0.496379 -0.382783
v -0.991397 0.582526 -0.370479
v -0.987956 0.581820 -0.381053
v -0.999323 0.496582 -0.301870
v -0.995757 0.496264 -0.291345
v -0.987958 0.581848 -0.291345
v -0.999323 0.496582 -0.301870
v -0.987958 0.581848 -0.291345
v -0.991432 0.582573 -0.301871
v -0.987956 0.581820 -0.381053
v -0.991397 0.582526 -0.370479
v -0.966662 0.656821 -0.370178
v -0.987956 0.581820 -0.381053
v -0.966662 0.656821 -0.370178
v -0.963497 0.655221 -0.380772
v -0.991432 0.582573 -0.301871
v -0.987958 0.581848 -0.291345
v -0.963494 0.655223 -0.291345
v -0.991432 0.582573 -0.301871
v -0.963494 0.655223 -0.291345
v -0.966656 0.656833 -0.301871
v -0.963497 0.655221 -0.380772
v -0.966662 0.656821 -0.370178
v -0.923977 0.716581 -0.370066
v -0.963497 0.655221 -0.380772
v -0.923977 0.716581 -0.370066
v -0.921469 0.714060 -0.380664
v -0.966656 0.656833 -0.301871
v -0.963494 0.655223 -0.291345
v -0.921471 0.714056 -0.291346
v -0.966656 0.656833 -0.301871
v -0.921471 0.714056 -0.291346
v -0.923986 0.716572 -0.301871
v -0.702725 -0.637355 -0.287837
v -0.703678 -0.647861 -0.291345
v 0.703997 -0.647846 -0.291346
v -0.702725 -0.637355 -0.287837
v 0.703997 -0.647846 -0.291346
v 0.703995 -0.637297 -0.287837
v -0.787092 -0.629685 -0.287837
v -0.789262 -0.640062 -0.291345
v -0.703678 -0.647861 -0.291345
v -0.787092 -0.629685 -0.287837
v -0.703678 -0.647861 -0.291345
v -0.702725 -0.637355 -0.287837
v -0.857807 -0.606113 -0.287837
v -0.862637 -0.615598 -0.291345
v -0.789262 -0.640062 -0.291345
v -0.857807 -0.606113 -0.287837
v -0.789262 -0.640062 -0.291345
v -0.787092 -0.629685 -0.287837
v -0.913925 -0.566029 -0.287837
v -0.921470 -0.573574 -0.291345
v -0.862637 -0.615598 -0.291345
v -0.913925 -0.566029 -0.287837
v -0.862637 -0.615598 -0.291345
v -0.857807 -0.606113 -0.287837
v -0.954010 -0.509911 -0.287837
v -0.963494 -0.514741 -0.291345
v -0.921470 -0.573574 -0.291345
v -0.954010 -0.509911 -0.287837
v -0.921470 -0.573574 -0.291345
v -0.913925 -0.566029 -0.287837
v -0.977582 -0.439195 -0.287837
v -0.987958 -0.441366 -0.291346
v -0.963494 -0.514741 -0.291345
v -0.977582 -0.439195 -0.287837
v -0.963494 -0.514741 -0.291345
v -0.954010 -0.509911 -0.287837
v -0.995743 -0.356101 -0.291345
v -0.987958 -0.441366 -0.291346
v -0.977582 -0.439195 -0.287837
v -0.995743 -0.356101 -0.291345
v -0.977582 -0.439195 -0.287837
v -0.985194 -0.356099 -0.287837
v -0.995757 0.496264 -0.291345
v -0.995743 -0.356101 -0.291345
v -0.985194 -0.356099 -0.287837
v -0.995757 0.496264 -0.291345
v -0.985194 -0.356099 -0.287837
v -0.985251 0.495311 -0.287837
v -0.987958 0.581848 -0.291345
v -0.995757 0.496264 -0.291345
v -0.985251 0.495311 -0.287837
v -0.987958 0.581848 -0.291345
v -0.985251 0.495311 -0.287837
v -0.977581 0.579678 -0.287837
v -0.987958 0.581848 -0.291345
v -0.977581 0.579678 -0.287837
v -0.954010 0.650393 -0.287837
v -0.987958 0.581848 -0.291345
v -0.954010 0.650393 -0.287837
v -0.963494 0.655223 -0.291345
v -0.963494 0.655223 -0.291345
v -0.954010 0.650393 -0.287837
v -0.913926 0.706511 -0.287837
v -0.963494 0.655223 -0.291345
v -0.913926 0.706511 -0.287837
v -0.921471 0.714056 -0.291346
v -0.921471 0.714056 -0.291346
v -0.913926 0.706511 -0.287837
v -0.857807 0.746596 -0.287837
v -0.921471 0.714056 -0.291346
v -0.857807 0.746596 -0.287837
v -0.862637 0.756081 -0.291345
v -0.862637 0.756081 -0.291345
v -0.857807 0.746596 -0.287837
v -0.787092 0.770168 -0.287837
v -0.862637 0.756081 -0.291345
v -0.787092 0.770168 -0.287837
v -0.789263 0.780544 -0.291345
v -0.789263 0.780544 -0.291345
v -0.787092 0.770168 -0.287837
v -0.703995 0.777780 -0.287837
v -0.789263 0.780544 -0.291345
v -0.703995 0.777780 -0.287837
v -0.703997 0.788329 -0.291345
v -0.703997 0.788329 -0.291345
v -0.703995 0.777780 -0.287837
v 0.702725 0.777837 -0.287837
v -0.703997 0.788329 -0.291345
v 0.702725 0.777837 -0.287837
v 0.703678 0.788343 -0.291346
v 0.703678 0.788343 -0.291346
v 0.702725 0.777837 -0.287837
v 0.787092 0.770168 -0.287837
v 0.703678 0.788343 -0.291346
v 0.787092 0.770168 -0.287837
v 0.789262 0.780545 -0.291346
v 0.789262 0.780545 -0.291346
v 0.787092 0.770168 -0.287837
v 0.857807 0.746596 -0.287837
v 0.789262 0.780545 -0.291346
v 0.857807 0.746596 -0.287837
v 0.862637 0.756081 -0.291346
v 0.862637 0.756081 -0.291346
v 0.857807 0.746596 -0.287837
v 0.913925 0.706512 -0.287837
v 0.862637 0.756081 -0.291346
v 0.913925 0.706512 -0.287837
v 0.921471 0.714057 -0.291346
v 0.921471 0.714057 -0.291346
v 0.913925 0.706512 -0.287837
v 0.954010 0.650393 -0.287837
v 0.921471 0.714057 -0.291346
v 0.954010 0.650393 -0.287837
v 0.963494 0.655223 -0.291346
v 0.963494 0.655223 -0.291346
v 0.954010 0.650393 -0.287837
v 0.977581 0.579678 -0.287837
v 0.963494 0.655223 -0.291346
v 0.977581 0.579678 -0.287837
v 0.987958 0.581849 -0.291346
v 0.977581 0.579678 -0.287837
v 0.985194 0.496582 -0.287837
v 0.995743 0.496583 -0.291346
v 0.977581 0.579678 -0.287837
v 0.995743 0.496583 -0.291346
v 0.987958 0.581849 -0.291346
v 0.985194 0.496582 -0.287837
v 0.985251 -0.354828 -0.287838
v 0.995757 -0.355781 -0.291346
v 0.985194 0.496582 -0.287837
v 0.995757 -0.355781 -0.291346
v 0.995743 0.496583 -0.291346
v 0.985251 -0.354828 -0.287838
v 0.977581 -0.439195 -0.287838
v 0.987958 -0.441365 -0.291346
v 0.985251 -0.354828 -0.287838
v 0.987958 -0.441365 -0.291346
v 0.995757 -0.355781 -0.291346
v 0.954010 -0.509911 -0.287837
v 0.963494 -0.514741 -0.291346
v 0.987958 -0.441365 -0.291346
v 0.954010 -0.509911 -0.287837
v 0.987958 -0.441365 -0.291346
v 0.977581 -0.439195 -0.287838
v 0.913926 -0.566029 -0.287837
v 0.921471 -0.573574 -0.291346
v 0.963494 -0.514741 -0.291346
v 0.913926 -0.566029 -0.287837
v 0.963494 -0.514741 -0.291346
v 0.954010 -0.509911 -0.287837
v 0.857807 -0.606113 -0.287838
v 0.862637 -0.615598 -0.291346
v 0.921471 -0.573574 -0.291346
v 0.857807 -0.606113 -0.287838
v 0.921471 -0.573574 -0.291346
v 0.913926 -0.566029 -0.287837
v 0.787092 -0.629685 -0.287837
v 0.789263 -0.640062 -0.291346
v 0.862637 -0.615598 -0.291346
v 0.787092 -0.629685 -0.287837
v 0.862637 -0.615598 -0.291346
v 0.857807 -0.606113 -0.287838
v 0.703995 -0.637297 -0.287837
v 0.703997 -0.647846 -0.291346
v 0.789263 -0.640062 -0.291346
v 0.703995 -0.637297 -0.287837
v 0.789263 -0.640062 -0.291346
v 0.787092 -0.629685 -0.287837
v -0.771713 -0.556165 -0.386080
v -0.768821 -0.542338 -0.372243
v -0.699338 -0.548655 -0.372243
v -0.771713 -0.556165 -0.386080
v -0.699338 -0.548655 -0.372243
v -0.700608 -0.562631 -0.386224
v -0.823570 -0.538878 -0.385998
v -0.817131 -0.526234 -0.372243
v -0.768821 -0.542338 -0.372243
v -0.823570 -0.538878 -0.385998
v -0.768821 -0.542338 -0.372243
v -0.771713 -0.556165 -0.386080
v -0.860439 -0.512543 -0.385984
v -0.850381 -0.502485 -0.372243
v -0.817131 -0.526234 -0.372243
v -0.860439 -0.512543 -0.385984
v -0.817131 -0.526234 -0.372243
v -0.823570 -0.538878 -0.385998
v -0.886775 -0.475673 -0.385998
v -0.874131 -0.469235 -0.372243
v -0.850381 -0.502485 -0.372243
v -0.886775 -0.475673 -0.385998
v -0.850381 -0.502485 -0.372243
v -0.860439 -0.512543 -0.385984
v -0.904062 -0.423817 -0.386080
v -0.890235 -0.420924 -0.372243
v -0.874131 -0.469235 -0.372243
v -0.904062 -0.423817 -0.386080
v -0.874131 -0.469235 -0.372243
v -0.886775 -0.475673 -0.385998
v -0.904062 -0.423817 -0.386080
v -0.910585 -0.351441 -0.386231
v -0.896551 -0.351441 -0.372243
v -0.904062 -0.423817 -0.386080
v -0.896551 -0.351441 -0.372243
v -0.890235 -0.420924 -0.372243
v -0.910585 -0.351441 -0.386231
v -0.910527 0.493194 -0.386224
v -0.896551 0.491924 -0.372243
v -0.910585 -0.351441 -0.386231
v -0.896551 0.491924 -0.372243
v -0.896551 -0.351441 -0.372243
v -0.910527 0.493194 -0.386224
v -0.904062 0.564299 -0.386080
v -0.890235 0.561407 -0.372243
v -0.910527 0.493194 -0.386224
v -0.890235 0.561407 -0.372243
v -0.896551 0.491924 -0.372243
v -0.890235 0.561407 -0.372243
v -0.904062 0.564299 -0.386080
v -0.886775 0.616156 -0.385998
v -0.890235 0.561407 -0.372243
v -0.886775 0.616156 -0.385998
v -0.874131 0.609717 -0.372243
v -0.874131 0.609717 -0.372243
v -0.886775 0.616156 -0.385998
v -0.860439 0.653025 -0.385984
v -0.874131 0.609717 -0.372243
v -0.860439 0.653025 -0.385984
v -0.850381 0.642967 -0.372243
v -0.850381 0.642967 -0.372243
v -0.860439 0.653025 -0.385984
v -0.823570 0.679361 -0.385998
v -0.850381 0.642967 -0.372243
v -0.823570 0.679361 -0.385998
v -0.817131 0.666717 -0.372243
v -0.817131 0.666717 -0.372243
v -0.823570 0.679361 -0.385998
v -0.771713 0.696648 -0.386080
v -0.817131 0.666717 -0.372243
v -0.771713 0.696648 -0.386080
v -0.768821 0.682820 -0.372243
v -0.768821 0.682820 -0.372243
v -0.771713 0.696648 -0.386080
v -0.699338 0.703171 -0.386231
v -0.768821 0.682820 -0.372243
v -0.699338 0.703171 -0.386231
v -0.699338 0.689137 -0.372243
v -0.699338 0.689137 -0.372243
v -0.699338 0.703171 -0.386231
v 0.700608 0.703113 -0.386225
v -0.699338 0.689137 -0.372243
v 0.700608 0.703113 -0.386225
v 0.699338 0.689137 -0.372244
v 0.699338 0.689137 -0.372244
v 0.700608 0.703113 -0.386225
v 0.771713 0.696648 -0.386080
v 0.699338 0.689137 -0.372244
v 0.771713 0.696648 -0.386080
v 0.768821 0.682820 -0.372244
v 0.768821 0.682820 -0.372244
v 0.771713 0.696648 -0.386080
v 0.823570 0.679361 -0.385998
v 0.768821 0.682820 -0.372244
v 0.823570 0.679361 -0.385998
v 0.817131 0.666717 -0.372244
v 0.817131 0.666717 -0.372244
v 0.823570 0.679361 -0.385998
v 0.860439 0.653025 -0.385985
v 0.817131 0.666717 -0.372244
v 0.860439 0.653025 -0.385985
v 0.850381 0.642967 -0.372244
v 0.850381 0.642967 -0.372244
v 0.860439 0.653025 -0.385985
v 0.886775 0.616156 -0.385998
v 0.850381 0.642967 -0.372244
v 0.886775 0.616156 -0.385998
v 0.874131 0.609717 -0.372243
v 0.874131 0.609717 -0.372243
v 0.886775 0.616156 -0.385998
v 0.904062 0.564299 -0.386081
v 0.874131 0.609717 -0.372243
v 0.904062 0.564299 -0.386081
v 0.890234 0.561407 -0.372244
v 0.896551 0.491924 -0.372244
v 0.890234 0.561407 -0.372244
v 0.904062 0.564299 -0.386081
v 0.896551 0.491924 -0.372244
v 0.904062 0.564299 -0.386081
v 0.910585 0.491924 -0.386232
v 0.896551 -0.351441 -0.372244
v 0.896551 0.491924 -0.372244
v 0.910585 0.491924 -0.386232
v 0.896551 -0.351441 -0.372244
v 0.910585 0.491924 -0.386232
v 0.910527 -0.352712 -0.386225
v 0.890234 -0.420924 -0.372244
v 0.896551 -0.351441 -0.372244
v 0.910527 -0.352712 -0.386225
v 0.890234 -0.420924 -0.372244
v 0.910527 -0.352712 -0.386225
v 0.904062 -0.423817 -0.386081
v 0.886775 -0.475673 -0.385999
v 0.874131 -0.469235 -0.372244
v 0.890234 -0.420924 -0.372244
v 0.886775 -0.475673 -0.385999
v 0.890234 -0.420924 -0.372244
v 0.904062 -0.423817 -0.386081
v 0.860439 -0.512543 -0.385985
v 0.850381 -0.502485 -0.372244
v 0.874131 -0.469235 -0.372244
v 0.860439 -0.512543 -0.385985
v 0.874131 -0.469235 -0.372244
v 0.886775 -0.475673 -0.385999
v 0.823570 -0.538878 -0.385999
v 0.817131 -0.526234 -0.372244
v 0.850381 -0.502485 -0.372244
v 0.823570 -0.538878 -0.385999
v 0.850381 -0.502485 -0.372244
v 0.860439 -0.512543 -0.385985
v 0.771713 -0.556165 -0.386081
v 0.768821 -0.542338 -0.372244
v 0.817131 -0.526234 -0.372244
v 0.771713 -0.556165 -0.386081
v 0.817131 -0.526234 -0.372244
v 0.823570 -0.538878 -0.385999
v 0.699338 -0.562688 -0.386232
v 0.699338 -0.548655 -0.372244
v 0.768821 -0.542338 -0.372244
v 0.699338 -0.562688 -0.386232
v 0.768821 -0.542338 -0.372244
v 0.771713 -0.556165 -0.386081
v -0.700608 -0.562631 -0.386224
v -0.699338 -0.548655 -0.372243
v 0.699338 -0.548655 -0.372244
v -0.700608 -0.562631 -0.386224
v 0.699338 -0.548655 -0.372244
v 0.699338 -0.562688 -0.386232
vt 0.758757 0.527365
vt 0.759721 0.542441
vt 0.860333 0.484018
vt 0.758757 0.440672
vt 0.758757 0.527365
vt 0.860333 0.484018
vt 0.759721 0.425595
vt 0.758757 0.440672
vt 0.860333 0.484018
vt 0.762536 0.412882
vt 0.759721 0.425595
vt 0.860333 0.484018
vt 0.767129 0.402349
vt 0.762536 0.412882
vt 0.860333 0.484018
vt 0.773461 0.393865
vt 0.767129 0.402349
vt 0.860333 0.484018
vt 0.781601 0.387265
vt 0.773461 0.393865
vt 0.860333 0.484018
vt 0.791706 0.382478
vt 0.781601 0.387265
vt 0.860333 0.484018
vt 0.803904 0.379544
vt 0.791706 0.382478
vt 0.860333 0.484018
vt 0.818369 0.378539
vt 0.803904 0.379544
vt 0.860333 0.484018
vt 0.902297 0.378539
vt 0.818369 0.378539
vt 0.860333 0.484018
vt 0.916761 0.379544
vt 0.902297 0.378539
vt 0.860333 0.484018
vt 0.928959 0.382478
vt 0.916761 0.379544
vt 0.860333 0.484018
vt 0.939064 0.387265
vt 0.928959 0.382478
vt 0.860333 0.484018
vt 0.947205 0.393865
vt 0.939064 0.387265
vt 0.860333 0.484018
vt 0.953537 0.402349
vt 0.947205 0.393865
vt 0.860333 0.484018
vt 0.958130 0.412882
vt 0.953537 0.402349
vt 0.860333 0.484018
vt 0.960945 0.425595
vt 0.958130 0.412882
vt 0.860333 0.484018
vt 0.961909 0.440672
vt 0.960945 0.425595
vt 0.860333 0.484018
vt 0.961909 0.527365
vt 0.961909 0.440672
vt 0.860333 0.484018
vt 0.960945 0.542441
vt 0.961909 0.527365
vt 0.860333 0.484018
vt 0.958130 0.555155
vt 0.960945 0.542441
vt 0.860333 0.484018
vt 0.953537 0.565687
vt 0.958130 0.555155
vt 0.860333 0.484018
vt 0.947205 0.574172
vt 0.953537 0.565687
vt 0.860333 0.484018
vt 0.939064 0.580771
vt 0.947205 0.574172
vt 0.860333 0.484018
vt 0.928959 0.585559
vt 0.939064 0.580771
vt 0.860333 0.484018
vt 0.916761 0.588493
vt 0.928959 0.585559
vt 0.860333 0.484018
vt 0.902297 0.589498
vt 0.916761 0.588493
vt 0.860333 0.484018
vt 0.818369 0.589498
vt 0.902297 0.589498
vt 0.860333 0.484018
vt 0.803904 0.588493
vt 0.818369 0.589498
vt 0.860333 0.484018
vt 0.791706 0.585559
vt 0.803904 0.588493
vt 0.860333 0.484018
vt 0.781601 0.580771
vt 0.791706 0.585559
vt 0.860333 0.484018
vt 0.773461 0.574172
vt 0.781601 0.580771
vt 0.860333 0.484018
vt 0.767129 0.565687
vt 0.773461 0.574172
vt 0.860333 0.484018
vt 0.762536 0.555155
vt 0.767129 0.565687
vt 0.860333 0.484018
vt 0.759721 0.542441
vt 0.762536 0.555155
vt 0.860333 0.484018
vt 0.994917 0.974682
vt 0.995006 0.976712
vt 0.992995 0.974738
vt 0.992422 0.909694
vt 0.994917 0.974682
vt 0.992995 0.974738
vt 0.992422 0.909694
vt 0.992995 0.974738
vt 0.991123 0.909259
vt 0.992422 0.909694
vt 0.991123 0.909259
vt 0.992995 0.905760
vt 0.993791 0.909654
vt 0.992422 0.909694
vt 0.992995 0.905760
vt 0.995063 0.909145
vt 0.993791 0.909654
vt 0.992995 0.905760
vt 0.996086 0.908227
vt 0.995063 0.909145
vt 0.992995 0.905760
vt 0.996736 0.907012
vt 0.996086 0.908227
vt 0.992995 0.905760
vt 0.996935 0.905646
vt 0.996736 0.907012
vt 0.992995 0.905760
vt 0.996659 0.904293
vt 0.996935 0.905646
vt 0.992995 0.905760
vt 0.995940 0.903118
vt 0.996659 0.904293
vt 0.992995 0.905760
vt 0.994867 0.902261
vt 0.995940 0.903118
vt 0.992995 0.905760
vt 0.993567 0.901827
vt 0.994867 0.902261
vt 0.992995 0.905760
vt 0.992199 0.901866
vt 0.993567 0.901827
vt 0.992995 0.905760
vt 0.990926 0.902376
vt 0.992199 0.901866
vt 0.992995 0.905760
vt 0.989903 0.903293
vt 0.990926 0.902376
vt 0.992995 0.905760
vt 0.989253 0.904509
vt 0.989903 0.903293
vt 0.992995 0.905760
vt 0.989054 0.905875
vt 0.989253 0.904509
vt 0.992995 0.905760
vt 0.989331 0.907227
vt 0.989054 0.905875
vt 0.992995 0.905760
vt 0.990049 0.908402
vt 0.989331 0.907227
vt 0.992995 0.905760
vt 0.995063 0.909145
vt 0.995214 0.974674
vt 0.993791 0.909654
vt 0.993791 0.909654
vt 0.995214 0.974674
vt 0.994917 0.974682
vt 0.995063 0.909145
vt 0.996935 0.974624
vt 0.995214 0.974674
vt 0.996935 0.974624
vt 0.995251 0.976705
vt 0.995214 0.974674
vt 0.995214 0.974674
vt 0.995251 0.976705
vt 0.995006 0.976712
vt 0.991123 0.909259
vt 0.990049 0.908402
vt 0.992995 0.905760
vt 0.993791 0.909654
vt 0.994917 0.974682
vt 0.992422 0.909694
vt 0.995214 0.974674
vt 0.995006 0.976712
vt 0.994917 0.974682
vt 0.762259 0.765753
vt 0.763135 0.831507
vt 0.762259 0.831507
vt 0.762259 0.765753
vt 0.763135 0.765753
vt 0.763135 0.831507
vt 0.496060 0.005936
vt 0.559107 0.006849
vt 0.559107 0.005936
vt 0.496060 0.005936
vt 0.496060 0.006849
vt 0.559107 0.006849
vt 0.989930 0.854338
vt 0.990806 0.857991
vt 0.989930 0.857991
vt 0.989930 0.854338
vt 0.990806 0.854338
vt 0.990806 0.857991
vt 0.500438 0.577626
vt 0.501314 0.580365
vt 0.500438 0.580365
vt 0.500438 0.577626
vt 0.501314 0.577626
vt 0.501314 0.580365
vt 0.642008 0.479544
vt 0.642884 0.479632
vt 0.642580 0.481187
vt 0.642008 0.479544
vt 0.642580 0.481187
vt 0.641704 0.481099
vt 0.641704 0.481099
vt 0.642580 0.481187
vt 0.642294 0.482648
vt 0.641704 0.481099
vt 0.642294 0.482648
vt 0.641419 0.482560
vt 0.642294 0.478082
vt 0.642884 0.479632
vt 0.642008 0.479544
vt 0.642294 0.478082
vt 0.643170 0.478171
vt 0.642884 0.479632
vt 0.986427 0.947489
vt 0.987303 0.947489
vt 0.987303 0.948858
vt 0.986427 0.947489
vt 0.987303 0.948858
vt 0.986427 0.948858
vt 0.986427 0.946119
vt 0.987303 0.947489
vt 0.986427 0.947489
vt 0.986427 0.946119
vt 0.987303 0.946119
vt 0.987303 0.947489
vt 0.986427 0.948858
vt 0.987303 0.948858
vt 0.987303 0.950228
vt 0.986427 0.948858
vt 0.987303 0.950228
vt 0.986427 0.950228
vt 0.986427 0.944749
vt 0.987303 0.946119
vt 0.986427 0.946119
vt 0.986427 0.944749
vt 0.987303 0.944749
vt 0.987303 0.946119
vt 0.118974 0.116438
vt 0.117453 0.117352
vt 0.117453 0.116438
vt 0.118974 0.116438
vt 0.118974 0.117352
vt 0.117453 0.117352
vt 0.117453 0.116438
vt 0.117453 0.117352
vt 0.116025 0.117352
vt 0.117453 0.116438
vt 0.116025 0.117352
vt 0.116025 0.116438
vt 0.120403 0.116438
vt 0.118974 0.117352
vt 0.118974 0.116438
vt 0.120403 0.116438
vt 0.120403 0.117352
vt 0.118974 0.117352
vt 0.435289 0.370935
vt 0.436865 0.371531
vt 0.436780 0.370618
vt 0.435289 0.370935
vt 0.435374 0.371848
vt 0.436865 0.371531
vt 0.436780 0.370618
vt 0.436865 0.371531
vt 0.438266 0.371233
vt 0.436780 0.370618
vt 0.438266 0.371233
vt 0.438181 0.370320
vt 0.433888 0.371233
vt 0.435374 0.371848
vt 0.435289 0.370935
vt 0.433888 0.371233
vt 0.433973 0.372146
vt 0.435374 0.371848
vt 0.046410 0.371233
vt 0.046410 0.372146
vt 0.045096 0.372146
vt 0.046410 0.371233
vt 0.045096 0.372146
vt 0.045096 0.371233
vt 0.047723 0.371233
vt 0.046410 0.372146
vt 0.046410 0.371233
vt 0.047723 0.371233
vt 0.047723 0.372146
vt 0.046410 0.372146
vt 0.473292 0.897717
vt 0.474168 0.897717
vt 0.473435 0.897260
vt 0.473292 0.897717
vt 0.474025 0.898174
vt 0.474168 0.897717
vt 0.733362 0.474511
vt 0.733186 0.475870
vt 0.729422 0.474690
vt 0.733064 0.473173
vt 0.733362 0.474511
vt 0.729422 0.474690
vt 0.732326 0.472018
vt 0.733064 0.473173
vt 0.729422 0.474690
vt 0.731237 0.471186
vt 0.732326 0.472018
vt 0.729422 0.474690
vt 0.729930 0.470776
vt 0.731237 0.471186
vt 0.729422 0.474690
vt 0.728562 0.470838
vt 0.729930 0.470776
vt 0.729422 0.474690
vt 0.727297 0.471365
vt 0.728562 0.470838
vt 0.729422 0.474690
vt 0.726288 0.472293
vt 0.727297 0.471365
vt 0.729422 0.474690
vt 0.725658 0.473510
vt 0.726288 0.472293
vt 0.729422 0.474690
vt 0.725482 0.474869
vt 0.725658 0.473510
vt 0.729422 0.474690
vt 0.725780 0.476206
vt 0.725482 0.474869
vt 0.729422 0.474690
vt 0.726519 0.477361
vt 0.725780 0.476206
vt 0.729422 0.474690
vt 0.731547 0.478014
vt 0.731642 0.518065
vt 0.730283 0.478541
vt 0.730283 0.478541
vt 0.731642 0.518065
vt 0.731344 0.518078
vt 0.731547 0.478014
vt 0.733362 0.517986
vt 0.731642 0.518065
vt 0.733362 0.517986
vt 0.731712 0.520080
vt 0.731642 0.518065
vt 0.731642 0.518065
vt 0.731712 0.520080
vt 0.731467 0.520091
vt 0.727607 0.478193
vt 0.726519 0.477361
vt 0.729422 0.474690
vt 0.730283 0.478541
vt 0.731344 0.518078
vt 0.728914 0.478603
vt 0.731642 0.518065
vt 0.731467 0.520091
vt 0.731344 0.518078
vt 0.731344 0.518078
vt 0.731467 0.520091
vt 0.729422 0.518165
vt 0.728914 0.478603
vt 0.731344 0.518078
vt 0.729422 0.518165
vt 0.728914 0.478603
vt 0.729422 0.518165
vt 0.727607 0.478193
vt 0.728914 0.478603
vt 0.727607 0.478193
vt 0.729422 0.474690
vt 0.730283 0.478541
vt 0.728914 0.478603
vt 0.729422 0.474690
vt 0.731547 0.478014
vt 0.730283 0.478541
vt 0.729422 0.474690
vt 0.732556 0.477087
vt 0.731547 0.478014
vt 0.729422 0.474690
vt 0.733186 0.475870
vt 0.732556 0.477087
vt 0.729422 0.474690
vt 0.714974 0.770320
vt 0.714098 0.770320
vt 0.714098 0.730137
vt 0.714974 0.770320
vt 0.714098 0.730137
vt 0.714974 0.730137
vt 0.963660 0.927397
vt 0.963660 0.926484
vt 0.925131 0.926484
vt 0.963660 0.927397
vt 0.925131 0.926484
vt 0.925131 0.927397
vt 0.352452 0.239726
vt 0.353327 0.243379
vt 0.352452 0.243379
vt 0.352452 0.239726
vt 0.353327 0.239726
vt 0.353327 0.243379
vt 0.779772 0.123744
vt 0.779772 0.124658
vt 0.777145 0.124658
vt 0.779772 0.123744
vt 0.777145 0.124658
vt 0.777145 0.123744
vt 0.432487 0.691166
vt 0.430911 0.690570
vt 0.430996 0.691483
vt 0.432487 0.691166
vt 0.432402 0.690252
vt 0.430911 0.690570
vt 0.430996 0.691483
vt 0.430911 0.690570
vt 0.429510 0.690868
vt 0.430996 0.691483
vt 0.429510 0.690868
vt 0.429594 0.691781
vt 0.433888 0.690868
vt 0.432402 0.690252
vt 0.432487 0.691166
vt 0.433888 0.690868
vt 0.433803 0.689954
vt 0.432402 0.690252
vt 0.529657 0.920091
vt 0.528136 0.919178
vt 0.528136 0.920091
vt 0.529657 0.920091
vt 0.529657 0.919178
vt 0.528136 0.919178
vt 0.531086 0.920091
vt 0.529657 0.919178
vt 0.529657 0.920091
vt 0.531086 0.920091
vt 0.531086 0.919178
vt 0.529657 0.919178
vt 0.528136 0.920091
vt 0.528136 0.919178
vt 0.526708 0.919178
vt 0.528136 0.920091
vt 0.526708 0.919178
vt 0.526708 0.920091
vt 0.104641 0.941673
vt 0.103765 0.941673
vt 0.103765 0.943259
vt 0.104641 0.941673
vt 0.103765 0.943259
vt 0.104641 0.943259
vt 0.104641 0.943259
vt 0.103765 0.943259
vt 0.103765 0.944749
vt 0.104641 0.943259
vt 0.103765 0.944749
vt 0.104641 0.944749
vt 0.104641 0.940183
vt 0.103765 0.941673
vt 0.104641 0.941673
vt 0.104641 0.940183
vt 0.103765 0.940183
vt 0.103765 0.941673
vt 0.006282 0.390046
vt 0.006853 0.391689
vt 0.005978 0.391601
vt 0.006282 0.390046
vt 0.007157 0.390134
vt 0.006853 0.391689
vt 0.006567 0.388584
vt 0.007157 0.390134
vt 0.006282 0.390046
vt 0.006567 0.388584
vt 0.007443 0.388673
vt 0.007157 0.390134
vt 0.005978 0.391601
vt 0.006853 0.391689
vt 0.006567 0.393151
vt 0.005978 0.391601
vt 0.006567 0.393151
vt 0.005692 0.393062
vt 0.496497 0.962100
vt 0.496497 0.963014
vt 0.496060 0.962249
vt 0.496497 0.962100
vt 0.496935 0.962865
vt 0.496497 0.963014
vt 0.526357 0.028469
vt 0.527933 0.029065
vt 0.527848 0.028152
vt 0.526357 0.028469
vt 0.526442 0.029382
vt 0.527933 0.029065
vt 0.527848 0.028152
vt 0.527933 0.029065
vt 0.529334 0.028767
vt 0.527848 0.028152
vt 0.529334 0.028767
vt 0.529250 0.027854
vt 0.524956 0.028767
vt 0.526442 0.029382
vt 0.526357 0.028469
vt 0.524956 0.028767
vt 0.525041 0.029680
vt 0.526442 0.029382
vt 0.854193 0.725368
vt 0.852901 0.727600
vt 0.859895 0.730137
vt 0.856173 0.723712
vt 0.854193 0.725368
vt 0.859895 0.730137
vt 0.858602 0.722831
vt 0.856173 0.723712
vt 0.859895 0.730137
vt 0.861187 0.722831
vt 0.858602 0.722831
vt 0.859895 0.730137
vt 0.863617 0.723712
vt 0.861187 0.722831
vt 0.859895 0.730137
vt 0.865597 0.725368
vt 0.863617 0.723712
vt 0.859895 0.730137
vt 0.866889 0.727600
vt 0.865597 0.725368
vt 0.859895 0.730137
vt 0.867338 0.730137
vt 0.866889 0.727600
vt 0.859895 0.730137
vt 0.866889 0.732674
vt 0.867338 0.730137
vt 0.859895 0.730137
vt 0.865597 0.734906
vt 0.866889 0.732674
vt 0.859895 0.730137
vt 0.863616 0.736562
vt 0.865597 0.734906
vt 0.859895 0.730137
vt 0.861187 0.737443
vt 0.863616 0.736562
vt 0.859895 0.730137
vt 0.858602 0.737443
vt 0.861187 0.737443
vt 0.859895 0.730137
vt 0.856173 0.736562
vt 0.858602 0.737443
vt 0.859895 0.730137
vt 0.854193 0.734906
vt 0.856173 0.736562
vt 0.859895 0.730137
vt 0.852901 0.732674
vt 0.854193 0.734906
vt 0.859895 0.730137
vt 0.852452 0.730137
vt 0.852901 0.732674
vt 0.859895 0.730137
vt 0.852901 0.727600
vt 0.852452 0.730137
vt 0.859895 0.730137
vt 0.966537 0.917352
vt 0.967110 0.894003
vt 0.969738 0.894003
vt 0.966537 0.917352
vt 0.969738 0.894003
vt 0.970308 0.917352
vt 0.970308 0.917352
vt 0.969738 0.894003
vt 0.972220 0.893865
vt 0.970308 0.917352
vt 0.972220 0.893865
vt 0.973871 0.917154
vt 0.963011 0.917154
vt 0.967110 0.894003
vt 0.966537 0.917352
vt 0.963011 0.917154
vt 0.964654 0.893865
vt 0.967110 0.894003
vt 0.963011 0.917154
vt 0.962666 0.893607
vt 0.964654 0.893865
vt 0.963011 0.917154
vt 0.960158 0.916784
vt 0.962666 0.893607
vt 0.973871 0.917154
vt 0.972220 0.893865
vt 0.974257 0.893607
vt 0.973871 0.917154
vt 0.974257 0.893607
vt 0.976795 0.916784
vt 0.164134 0.147093
vt 0.160932 0.123744
vt 0.161506 0.147093
vt 0.164134 0.147093
vt 0.164704 0.123744
vt 0.160932 0.123744
vt 0.161506 0.147093
vt 0.160932 0.123744
vt 0.157407 0.123941
vt 0.161506 0.147093
vt 0.157407 0.123941
vt 0.159050 0.147230
vt 0.157062 0.147489
vt 0.159050 0.147230
vt 0.157407 0.123941
vt 0.157062 0.147489
vt 0.157407 0.123941
vt 0.154553 0.124312
vt 0.166616 0.147230
vt 0.164704 0.123744
vt 0.164134 0.147093
vt 0.166616 0.147230
vt 0.168267 0.123941
vt 0.164704 0.123744
vt 0.168653 0.147489
vt 0.168267 0.123941
vt 0.166616 0.147230
vt 0.168653 0.147489
vt 0.171191 0.124312
vt 0.168267 0.123941
vt 0.059982 0.916361
vt 0.081693 0.913674
vt 0.081631 0.916369
vt 0.059982 0.916361
vt 0.060073 0.912493
vt 0.081693 0.913674
vt 0.060073 0.912493
vt 0.081874 0.911333
vt 0.081693 0.913674
vt 0.060073 0.912493
vt 0.060332 0.909132
vt 0.081874 0.911333
vt 0.060072 0.920268
vt 0.059982 0.916361
vt 0.081631 0.916369
vt 0.060072 0.920268
vt 0.081631 0.916369
vt 0.081693 0.919091
vt 0.060332 0.923744
vt 0.060072 0.920268
vt 0.081693 0.919091
vt 0.060332 0.923744
vt 0.081693 0.919091
vt 0.081874 0.921513
vt 0.604664 0.763739
vt 0.602081 0.763673
vt 0.602088 0.741096
vt 0.604664 0.763739
vt 0.602088 0.741096
vt 0.605797 0.741190
vt 0.606909 0.763927
vt 0.604664 0.763739
vt 0.605797 0.741190
vt 0.606909 0.763927
vt 0.605797 0.741190
vt 0.609019 0.741460
vt 0.602081 0.763673
vt 0.598342 0.741190
vt 0.602088 0.741096
vt 0.602081 0.763673
vt 0.599470 0.763739
vt 0.598342 0.741190
vt 0.599470 0.763739
vt 0.595009 0.741460
vt 0.598342 0.741190
vt 0.599470 0.763739
vt 0.597148 0.763927
vt 0.595009 0.741460
vt 0.129159 0.152968
vt 0.131592 0.153436
vt 0.129159 0.160731
vt 0.126726 0.153436
vt 0.129159 0.152968
vt 0.129159 0.160731
vt 0.124587 0.154784
vt 0.126726 0.153436
vt 0.129159 0.160731
vt 0.122999 0.156849
vt 0.124587 0.154784
vt 0.129159 0.160731
vt 0.122154 0.159383
vt 0.122999 0.156849
vt 0.129159 0.160731
vt 0.122154 0.162079
vt 0.122154 0.159383
vt 0.129159 0.160731
vt 0.122999 0.164612
vt 0.122154 0.162079
vt 0.129159 0.160731
vt 0.124587 0.166677
vt 0.122999 0.164612
vt 0.129159 0.160731
vt 0.126726 0.168025
vt 0.124587 0.166677
vt 0.129159 0.160731
vt 0.129159 0.168493
vt 0.126726 0.168025
vt 0.129159 0.160731
vt 0.131592 0.168025
vt 0.129159 0.168493
vt 0.129159 0.160731
vt 0.133732 0.166677
vt 0.131592 0.168025
vt 0.129159 0.160731
vt 0.135320 0.164612
vt 0.133732 0.166677
vt 0.129159 0.160731
vt 0.136165 0.162079
vt 0.135320 0.164612
vt 0.129159 0.160731
vt 0.136165 0.159383
vt 0.136165 0.162079
vt 0.129159 0.160731
vt 0.135320 0.156849
vt 0.136165 0.159383
vt 0.129159 0.160731
vt 0.133732 0.154784
vt 0.135320 0.156849
vt 0.129159 0.160731
vt 0.131592 0.153436
vt 0.133732 0.154784
vt 0.129159 0.160731
vt 0.232238 0.178539
vt 0.229036 0.201888
vt 0.231664 0.201888
vt 0.232238 0.178539
vt 0.228466 0.178539
vt 0.229036 0.201888
vt 0.228466 0.178539
vt 0.226554 0.202025
vt 0.229036 0.201888
vt 0.228466 0.178539
vt 0.224903 0.178736
vt 0.226554 0.202025
vt 0.235763 0.178736
vt 0.232238 0.178539
vt 0.231664 0.201888
vt 0.235763 0.178736
vt 0.231664 0.201888
vt 0.234120 0.202025
vt 0.235763 0.178736
vt 0.234120 0.202025
vt 0.236108 0.202283
vt 0.235763 0.178736
vt 0.236108 0.202283
vt 0.238616 0.179107
vt 0.224903 0.178736
vt 0.224517 0.202283
vt 0.226554 0.202025
vt 0.224903 0.178736
vt 0.221979 0.179107
vt 0.224517 0.202283
vt 0.841016 0.783623
vt 0.838389 0.783623
vt 0.837815 0.760274
vt 0.841016 0.783623
vt 0.837815 0.760274
vt 0.841586 0.760274
vt 0.838389 0.783623
vt 0.834290 0.760471
vt 0.837815 0.760274
vt 0.838389 0.783623
vt 0.835933 0.783760
vt 0.834290 0.760471
vt 0.833945 0.784018
vt 0.834290 0.760471
vt 0.835933 0.783760
vt 0.833945 0.784018
vt 0.831436 0.760842
vt 0.834290 0.760471
vt 0.843498 0.783760
vt 0.841016 0.783623
vt 0.841586 0.760274
vt 0.843498 0.783760
vt 0.841586 0.760274
vt 0.845149 0.760471
vt 0.845536 0.784018
vt 0.843498 0.783760
vt 0.845149 0.760471
vt 0.845536 0.784018
vt 0.845149 0.760471
vt 0.848074 0.760842
vt 0.918105 0.889954
vt 0.918109 0.912555
vt 0.915516 0.912615
vt 0.918105 0.889954
vt 0.915516 0.912615
vt 0.914383 0.890039
vt 0.915516 0.912615
vt 0.911121 0.890284
vt 0.914383 0.890039
vt 0.915516 0.912615
vt 0.913244 0.912785
vt 0.911121 0.890284
vt 0.921838 0.890039
vt 0.918109 0.912555
vt 0.918105 0.889954
vt 0.921838 0.890039
vt 0.920710 0.912615
vt 0.918109 0.912555
vt 0.925131 0.890284
vt 0.920710 0.912615
vt 0.921838 0.890039
vt 0.925131 0.890284
vt 0.923005 0.912785
vt 0.920710 0.912615
vt 0.273626 0.141838
vt 0.271037 0.119178
vt 0.271033 0.141779
vt 0.273626 0.141838
vt 0.274759 0.119263
vt 0.271037 0.119178
vt 0.271033 0.141779
vt 0.271037 0.119178
vt 0.267304 0.119263
vt 0.271033 0.141779
vt 0.267304 0.119263
vt 0.268432 0.141838
vt 0.268432 0.141838
vt 0.267304 0.119263
vt 0.264011 0.119508
vt 0.268432 0.141838
vt 0.264011 0.119508
vt 0.266137 0.142009
vt 0.278021 0.119508
vt 0.274759 0.119263
vt 0.273626 0.141838
vt 0.278021 0.119508
vt 0.273626 0.141838
vt 0.275898 0.142009
vt 0.779091 0.671221
vt 0.776951 0.669873
vt 0.781524 0.663927
vt 0.781524 0.671690
vt 0.779091 0.671221
vt 0.781524 0.663927
vt 0.783957 0.671221
vt 0.781524 0.671690
vt 0.781524 0.663927
vt 0.786096 0.669873
vt 0.783957 0.671221
vt 0.781524 0.663927
vt 0.787684 0.667808
vt 0.786096 0.669873
vt 0.781524 0.663927
vt 0.788529 0.665275
vt 0.787684 0.667808
vt 0.781524 0.663927
vt 0.788529 0.662579
vt 0.788529 0.665275
vt 0.781524 0.663927
vt 0.787684 0.660046
vt 0.788529 0.662579
vt 0.781524 0.663927
vt 0.786096 0.657980
vt 0.787684 0.660046
vt 0.781524 0.663927
vt 0.783957 0.656632
vt 0.786096 0.657980
vt 0.781524 0.663927
vt 0.781524 0.656164
vt 0.783957 0.656632
vt 0.781524 0.663927
vt 0.779091 0.656632
vt 0.781524 0.656164
vt 0.781524 0.663927
vt 0.776951 0.657980
vt 0.779091 0.656632
vt 0.781524 0.663927
vt 0.775363 0.660046
vt 0.776951 0.657980
vt 0.781524 0.663927
vt 0.774518 0.662579
vt 0.775363 0.660046
vt 0.781524 0.663927
vt 0.774518 0.665275
vt 0.774518 0.662579
vt 0.781524 0.663927
vt 0.775363 0.667808
vt 0.774518 0.665275
vt 0.781524 0.663927
vt 0.776951 0.669873
vt 0.775363 0.667808
vt 0.781524 0.663927
vt 0.557356 0.740443
vt 0.534968 0.741041
vt 0.534968 0.743781
vt 0.557356 0.740443
vt 0.534968 0.743781
vt 0.557356 0.744376
vt 0.557166 0.736766
vt 0.534968 0.741041
vt 0.557356 0.740443
vt 0.557166 0.736766
vt 0.534836 0.738480
vt 0.534968 0.741041
vt 0.557166 0.736766
vt 0.534588 0.736406
vt 0.534836 0.738480
vt 0.557166 0.736766
vt 0.556811 0.733790
vt 0.534588 0.736406
vt 0.557356 0.744376
vt 0.534968 0.743781
vt 0.534836 0.746370
vt 0.557356 0.744376
vt 0.534836 0.746370
vt 0.557166 0.748092
vt 0.557166 0.748092
vt 0.534836 0.746370
vt 0.534588 0.748495
vt 0.557166 0.748092
vt 0.534588 0.748495
vt 0.556811 0.751142
vt 0.404812 0.932869
vt 0.383100 0.930170
vt 0.404749 0.930167
vt 0.404812 0.932869
vt 0.383189 0.934049
vt 0.383100 0.930170
vt 0.404991 0.935233
vt 0.383189 0.934049
vt 0.404812 0.932869
vt 0.404991 0.935233
vt 0.383447 0.937443
vt 0.383189 0.934049
vt 0.404749 0.930167
vt 0.383100 0.930170
vt 0.383189 0.926274
vt 0.404749 0.930167
vt 0.383189 0.926274
vt 0.404812 0.927452
vt 0.404812 0.927452
vt 0.383189 0.926274
vt 0.383447 0.922831
vt 0.404812 0.927452
vt 0.383447 0.922831
vt 0.404991 0.925054
vt 0.060784 0.953881
vt 0.058208 0.976524
vt 0.060791 0.976459
vt 0.060784 0.953881
vt 0.057076 0.953975
vt 0.058208 0.976524
vt 0.064530 0.953975
vt 0.060784 0.953881
vt 0.060791 0.976459
vt 0.064530 0.953975
vt 0.060791 0.976459
vt 0.063402 0.976524
vt 0.067863 0.954246
vt 0.064530 0.953975
vt 0.063402 0.976524
vt 0.067863 0.954246
vt 0.063402 0.976524
vt 0.065724 0.976712
vt 0.057076 0.953975
vt 0.055963 0.976712
vt 0.058208 0.976524
vt 0.057076 0.953975
vt 0.053853 0.954245
vt 0.055963 0.976712
vt 0.058309 0.272237
vt 0.055682 0.272237
vt 0.055118 0.248858
vt 0.058309 0.272237
vt 0.055118 0.248858
vt 0.058890 0.248858
vt 0.055682 0.272237
vt 0.051544 0.249041
vt 0.055118 0.248858
vt 0.055682 0.272237
vt 0.053192 0.272364
vt 0.051544 0.249041
vt 0.053192 0.272364
vt 0.048599 0.249384
vt 0.051544 0.249041
vt 0.053192 0.272364
vt 0.051140 0.272603
vt 0.048599 0.249384
vt 0.060757 0.272364
vt 0.058309 0.272237
vt 0.058890 0.248858
vt 0.060757 0.272364
vt 0.058890 0.248858
vt 0.062404 0.249041
vt 0.062731 0.272603
vt 0.060757 0.272364
vt 0.062404 0.249041
vt 0.062731 0.272603
vt 0.062404 0.249041
vt 0.065236 0.249384
vt 0.402374 0.708930
vt 0.400394 0.707274
vt 0.396673 0.713699
vt 0.403667 0.711161
vt 0.402374 0.708930
vt 0.396673 0.713699
vt 0.404116 0.713699
vt 0.403667 0.711161
vt 0.396673 0.713699
vt 0.403667 0.716236
vt 0.404116 0.713699
vt 0.396673 0.713699
vt 0.402374 0.718467
vt 0.403667 0.716236
vt 0.396673 0.713699
vt 0.400394 0.720123
vt 0.402374 0.718467
vt 0.396673 0.713699
vt 0.397965 0.721005
vt 0.400394 0.720123
vt 0.396673 0.713699
vt 0.395380 0.721005
vt 0.397965 0.721005
vt 0.396673 0.713699
vt 0.392951 0.720123
vt 0.395380 0.721005
vt 0.396673 0.713699
vt 0.390971 0.718467
vt 0.392951 0.720123
vt 0.396673 0.713699
vt 0.389678 0.716236
vt 0.390971 0.718467
vt 0.396673 0.713699
vt 0.389229 0.713699
vt 0.389678 0.716236
vt 0.396673 0.713699
vt 0.389678 0.711161
vt 0.389229 0.713699
vt 0.396673 0.713699
vt 0.390971 0.708930
vt 0.389678 0.711161
vt 0.396673 0.713699
vt 0.392951 0.707274
vt 0.390971 0.708930
vt 0.396673 0.713699
vt 0.395380 0.706393
vt 0.392951 0.707274
vt 0.396673 0.713699
vt 0.397965 0.706393
vt 0.395380 0.706393
vt 0.396673 0.713699
vt 0.400394 0.707274
vt 0.397965 0.706393
vt 0.396673 0.713699
vt 0.513521 0.930655
vt 0.510319 0.907306
vt 0.510893 0.930655
vt 0.513521 0.930655
vt 0.514091 0.907306
vt 0.510319 0.907306
vt 0.510893 0.930655
vt 0.510319 0.907306
vt 0.506794 0.907503
vt 0.510893 0.930655
vt 0.506794 0.907503
vt 0.508437 0.930792
vt 0.506449 0.931050
vt 0.508437 0.930792
vt 0.506794 0.907503
vt 0.506449 0.931050
vt 0.506794 0.907503
vt 0.503940 0.907874
vt 0.516003 0.930792
vt 0.514091 0.907306
vt 0.513521 0.930655
vt 0.516003 0.930792
vt 0.517654 0.907503
vt 0.514091 0.907306
vt 0.518040 0.931050
vt 0.517654 0.907503
vt 0.516003 0.930792
vt 0.518040 0.931050
vt 0.520578 0.907874
vt 0.517654 0.907503
vt 0.580123 0.793804
vt 0.602510 0.793206
vt 0.602510 0.790465
vt 0.580123 0.793804
vt 0.602510 0.790465
vt 0.580123 0.789871
vt 0.580312 0.797480
vt 0.602510 0.793206
vt 0.580123 0.793804
vt 0.580312 0.797480
vt 0.602642 0.795767
vt 0.602510 0.793206
vt 0.580312 0.797480
vt 0.602890 0.797840
vt 0.602642 0.795767
vt 0.580312 0.797480
vt 0.580667 0.800457
vt 0.602890 0.797840
vt 0.580123 0.789871
vt 0.602510 0.790465
vt 0.602642 0.787877
vt 0.580123 0.789871
vt 0.602642 0.787877
vt 0.580312 0.786155
vt 0.580312 0.786155
vt 0.602642 0.787877
vt 0.602890 0.785752
vt 0.580312 0.786155
vt 0.602890 0.785752
vt 0.580667 0.783105
vt 0.204392 0.242466
vt 0.201816 0.265108
vt 0.204399 0.265043
vt 0.204392 0.242466
vt 0.200683 0.242560
vt 0.201816 0.265108
vt 0.208138 0.242560
vt 0.204392 0.242466
vt 0.204399 0.265043
vt 0.208138 0.242560
vt 0.204399 0.265043
vt 0.207009 0.265108
vt 0.211471 0.242830
vt 0.208138 0.242560
vt 0.207009 0.265108
vt 0.211471 0.242830
vt 0.207009 0.265108
vt 0.209331 0.265297
vt 0.200683 0.242560
vt 0.199571 0.265297
vt 0.201816 0.265108
vt 0.200683 0.242560
vt 0.197461 0.242830
vt 0.199571 0.265297
vt 0.523900 0.542947
vt 0.523837 0.540252
vt 0.502189 0.540260
vt 0.523900 0.542947
vt 0.502189 0.540260
vt 0.502279 0.544128
vt 0.524081 0.545288
vt 0.523900 0.542947
vt 0.502279 0.544128
vt 0.524081 0.545288
vt 0.502279 0.544128
vt 0.502538 0.547489
vt 0.523837 0.540252
vt 0.502279 0.536353
vt 0.502189 0.540260
vt 0.523837 0.540252
vt 0.523900 0.537530
vt 0.502279 0.536353
vt 0.523900 0.537530
vt 0.502538 0.532877
vt 0.502279 0.536353
vt 0.523900 0.537530
vt 0.524081 0.535108
vt 0.502538 0.532877
vt 0.871716 0.860572
vt 0.871716 0.604268
vt 0.922067 0.732420
vt 0.872327 0.865036
vt 0.871716 0.860572
vt 0.922067 0.732420
vt 0.874160 0.868225
vt 0.872327 0.865036
vt 0.922067 0.732420
vt 0.877215 0.870138
vt 0.874160 0.868225
vt 0.922067 0.732420
vt 0.881492 0.870776
vt 0.877215 0.870138
vt 0.922067 0.732420
vt 0.962641 0.870776
vt 0.881492 0.870776
vt 0.922067 0.732420
vt 0.966918 0.870138
vt 0.962641 0.870776
vt 0.922067 0.732420
vt 0.969973 0.868225
vt 0.966918 0.870138
vt 0.922067 0.732420
vt 0.971806 0.865036
vt 0.969973 0.868225
vt 0.922067 0.732420
vt 0.972417 0.860572
vt 0.971806 0.865036
vt 0.922067 0.732420
vt 0.972417 0.604268
vt 0.972417 0.860572
vt 0.922067 0.732420
vt 0.971806 0.599804
vt 0.972417 0.604268
vt 0.922067 0.732420
vt 0.969973 0.596615
vt 0.971806 0.599804
vt 0.922067 0.732420
vt 0.966918 0.594702
vt 0.969973 0.596615
vt 0.922067 0.732420
vt 0.962641 0.594064
vt 0.966918 0.594702
vt 0.922067 0.732420
vt 0.881492 0.594064
vt 0.962641 0.594064
vt 0.922067 0.732420
vt 0.877215 0.594702
vt 0.881492 0.594064
vt 0.922067 0.732420
vt 0.874160 0.596615
vt 0.877215 0.594702
vt 0.922067 0.732420
vt 0.872327 0.599804
vt 0.874160 0.596615
vt 0.922067 0.732420
vt 0.871716 0.604268
vt 0.872327 0.599804
vt 0.922067 0.732420
vt 0.106740 0.946575
vt 0.352980 0.963014
vt 0.352980 0.946575
vt 0.106740 0.946575
vt 0.106740 0.963014
vt 0.352980 0.963014
vt 0.352980 0.946575
vt 0.352980 0.963014
vt 0.357269 0.963014
vt 0.352980 0.946575
vt 0.357269 0.963014
vt 0.357269 0.946575
vt 0.102451 0.946575
vt 0.106740 0.963014
vt 0.106740 0.946575
vt 0.102451 0.946575
vt 0.102451 0.963014
vt 0.106740 0.963014
vt 0.099387 0.946575
vt 0.102451 0.963014
vt 0.102451 0.946575
vt 0.099387 0.946575
vt 0.099387 0.963014
vt 0.102451 0.963014
vt 0.357269 0.946575
vt 0.357269 0.963014
vt 0.360333 0.963014
vt 0.357269 0.946575
vt 0.360333 0.963014
vt 0.360333 0.946575
vt 0.445271 0.013604
vt 0.429510 0.013604
vt 0.429510 0.270414
vt 0.445271 0.013604
vt 0.429510 0.270414
vt 0.445271 0.270414
vt 0.445271 0.009131
vt 0.429510 0.013604
vt 0.445271 0.013604
vt 0.445271 0.009131
vt 0.429510 0.009131
vt 0.429510 0.013604
vt 0.445271 0.270414
vt 0.429510 0.270414
vt 0.429510 0.274887
vt 0.445271 0.270414
vt 0.429510 0.274887
vt 0.445271 0.274887
vt 0.445271 0.005936
vt 0.429510 0.009131
vt 0.445271 0.009131
vt 0.445271 0.005936
vt 0.429510 0.005936
vt 0.429510 0.009131
vt 0.445271 0.274887
vt 0.429510 0.274887
vt 0.429510 0.278082
vt 0.445271 0.274887
vt 0.429510 0.278082
vt 0.445271 0.278082
vt 0.341068 0.184550
vt 0.356830 0.184550
vt 0.356830 0.099468
vt 0.341068 0.184550
vt 0.356830 0.099468
vt 0.341068 0.099468
vt 0.341068 0.189034
vt 0.356830 0.184550
vt 0.341068 0.184550
vt 0.341068 0.189034
vt 0.356830 0.189034
vt 0.356830 0.184550
vt 0.356830 0.094984
vt 0.341068 0.099468
vt 0.356830 0.099468
vt 0.356830 0.094984
vt 0.341068 0.094984
vt 0.341068 0.099468
vt 0.356830 0.091781
vt 0.341068 0.094984
vt 0.356830 0.094984
vt 0.356830 0.091781
vt 0.341068 0.091781
vt 0.341068 0.094984
vt 0.341068 0.192237
vt 0.356830 0.189034
vt 0.341068 0.189034
vt 0.341068 0.192237
vt 0.356830 0.192237
vt 0.356830 0.189034
vt 0.633172 0.027854
vt 0.551592 0.044292
vt 0.551592 0.027854
vt 0.633172 0.027854
vt 0.633172 0.044292
vt 0.551592 0.044292
vt 0.633172 0.044292
vt 0.633172 0.027854
vt 0.637472 0.027854
vt 0.633172 0.044292
vt 0.637472 0.027854
vt 0.637472 0.044292
vt 0.551592 0.027854
vt 0.551592 0.044292
vt 0.547292 0.044292
vt 0.551592 0.027854
vt 0.547292 0.044292
vt 0.547292 0.027854
vt 0.637472 0.044292
vt 0.637472 0.027854
vt 0.640543 0.027854
vt 0.637472 0.044292
vt 0.640543 0.027854
vt 0.640543 0.044292
vt 0.547292 0.027854
vt 0.547292 0.044292
vt 0.544221 0.044292
vt 0.547292 0.027854
vt 0.544221 0.044292
vt 0.544221 0.027854
vt 0.745710 0.184528
vt 0.744746 0.199614
vt 0.845884 0.243379
vt 0.748523 0.171807
vt 0.745710 0.184528
vt 0.845884 0.243379
vt 0.753113 0.161268
vt 0.748523 0.171807
vt 0.845884 0.243379
vt 0.759441 0.152778
vt 0.753113 0.161268
vt 0.845884 0.243379
vt 0.767577 0.146175
vt 0.759441 0.152778
vt 0.845884 0.243379
vt 0.777676 0.141384
vt 0.767577 0.146175
vt 0.845884 0.243379
vt 0.789866 0.138449
vt 0.777676 0.141384
vt 0.845884 0.243379
vt 0.804322 0.137443
vt 0.789866 0.138449
vt 0.845884 0.243379
vt 0.887447 0.137443
vt 0.804322 0.137443
vt 0.845884 0.243379
vt 0.901903 0.138449
vt 0.887447 0.137443
vt 0.845884 0.243379
vt 0.914093 0.141384
vt 0.901903 0.138449
vt 0.845884 0.243379
vt 0.924192 0.146175
vt 0.914093 0.141384
vt 0.845884 0.243379
vt 0.932328 0.152778
vt 0.924192 0.146175
vt 0.845884 0.243379
vt 0.938655 0.161268
vt 0.932328 0.152778
vt 0.845884 0.243379
vt 0.943246 0.171807
vt 0.938655 0.161268
vt 0.845884 0.243379
vt 0.946059 0.184528
vt 0.943246 0.171807
vt 0.845884 0.243379
vt 0.947023 0.199614
vt 0.946059 0.184528
vt 0.845884 0.243379
vt 0.947023 0.287144
vt 0.947023 0.199614
vt 0.845884 0.243379
vt 0.946059 0.302230
vt 0.947023 0.287144
vt 0.845884 0.243379
vt 0.943246 0.314951
vt 0.946059 0.302230
vt 0.845884 0.243379
vt 0.938655 0.325490
vt 0.943246 0.314951
vt 0.845884 0.243379
vt 0.932328 0.333980
vt 0.938655 0.325490
vt 0.845884 0.243379
vt 0.924192 0.340583
vt 0.932328 0.333980
vt 0.845884 0.243379
vt 0.914093 0.345374
vt 0.924192 0.340583
vt 0.845884 0.243379
vt 0.901903 0.348309
vt 0.914093 0.345374
vt 0.845884 0.243379
vt 0.887447 0.349315
vt 0.901903 0.348309
vt 0.845884 0.243379
vt 0.804322 0.349315
vt 0.887447 0.349315
vt 0.845884 0.243379
vt 0.789866 0.348309
vt 0.804322 0.349315
vt 0.845884 0.243379
vt 0.777676 0.345374
vt 0.789866 0.348309
vt 0.845884 0.243379
vt 0.767577 0.340583
vt 0.777676 0.345374
vt 0.845884 0.243379
vt 0.759441 0.333980
vt 0.767577 0.340583
vt 0.845884 0.243379
vt 0.753113 0.325490
vt 0.759441 0.333980
vt 0.845884 0.243379
vt 0.748523 0.314951
vt 0.753113 0.325490
vt 0.845884 0.243379
vt 0.745710 0.302230
vt 0.748523 0.314951
vt 0.845884 0.243379
vt 0.744746 0.287144
vt 0.745710 0.302230
vt 0.845884 0.243379
vt 0.744746 0.199614
vt 0.744746 0.287144
vt 0.845884 0.243379
vt 0.531086 0.639655
vt 0.532050 0.654741
vt 0.632224 0.595890
vt 0.531086 0.552125
vt 0.531086 0.639655
vt 0.632224 0.595890
vt 0.532050 0.537040
vt 0.531086 0.552125
vt 0.632224 0.595890
vt 0.534863 0.524318
vt 0.532050 0.537040
vt 0.632224 0.595890
vt 0.539453 0.513779
vt 0.534863 0.524318
vt 0.632224 0.595890
vt 0.545781 0.505289
vt 0.539453 0.513779
vt 0.632224 0.595890
vt 0.553916 0.498686
vt 0.545781 0.505289
vt 0.632224 0.595890
vt 0.564015 0.493896
vt 0.553916 0.498686
vt 0.632224 0.595890
vt 0.576206 0.490960
vt 0.564015 0.493896
vt 0.632224 0.595890
vt 0.590661 0.489954
vt 0.576206 0.490960
vt 0.632224 0.595890
vt 0.673787 0.489954
vt 0.590661 0.489954
vt 0.632224 0.595890
vt 0.688243 0.490960
vt 0.673787 0.489954
vt 0.632224 0.595890
vt 0.700433 0.493896
vt 0.688243 0.490960
vt 0.632224 0.595890
vt 0.710532 0.498686
vt 0.700433 0.493896
vt 0.632224 0.595890
vt 0.718668 0.505289
vt 0.710532 0.498686
vt 0.632224 0.595890
vt 0.724995 0.513780
vt 0.718668 0.505289
vt 0.632224 0.595890
vt 0.729586 0.524318
vt 0.724995 0.513780
vt 0.632224 0.595890
vt 0.732399 0.537040
vt 0.729586 0.524318
vt 0.632224 0.595890
vt 0.733362 0.552125
vt 0.732399 0.537040
vt 0.632224 0.595890
vt 0.733362 0.639656
vt 0.733362 0.552125
vt 0.632224 0.595890
vt 0.732399 0.654741
vt 0.733362 0.639656
vt 0.632224 0.595890
vt 0.729586 0.667462
vt 0.732399 0.654741
vt 0.632224 0.595890
vt 0.724995 0.678001
vt 0.729586 0.667462
vt 0.632224 0.595890
vt 0.718668 0.686491
vt 0.724995 0.678001
vt 0.632224 0.595890
vt 0.710532 0.693095
vt 0.718668 0.686491
vt 0.632224 0.595890
vt 0.700433 0.697885
vt 0.710532 0.693095
vt 0.632224 0.595890
vt 0.688243 0.700821
vt 0.700433 0.697885
vt 0.632224 0.595890
vt 0.673787 0.701827
vt 0.688243 0.700821
vt 0.632224 0.595890
vt 0.590661 0.701827
vt 0.673787 0.701827
vt 0.632224 0.595890
vt 0.576206 0.700821
vt 0.590661 0.701827
vt 0.632224 0.595890
vt 0.564015 0.697885
vt 0.576206 0.700821
vt 0.632224 0.595890
vt 0.553916 0.693095
vt 0.564015 0.697885
vt 0.632224 0.595890
vt 0.545781 0.686491
vt 0.553916 0.693095
vt 0.632224 0.595890
vt 0.539453 0.678001
vt 0.545781 0.686491
vt 0.632224 0.595890
vt 0.534863 0.667462
vt 0.539453 0.678001
vt 0.632224 0.595890
vt 0.532050 0.654741
vt 0.534863 0.667462
vt 0.632224 0.595890
vt 0.720487 0.276579
vt 0.719352 0.276577
vt 0.719968 0.183105
vt 0.720487 0.276579
vt 0.719968 0.183105
vt 0.721103 0.183107
vt 0.721103 0.292694
vt 0.719352 0.276577
vt 0.720487 0.276579
vt 0.721103 0.292694
vt 0.719968 0.292692
vt 0.719352 0.276577
vt 0.379337 0.109132
vt 0.379857 0.202606
vt 0.378722 0.202604
vt 0.379337 0.109132
vt 0.380473 0.109135
vt 0.379857 0.202606
vt 0.378722 0.202604
vt 0.379857 0.202606
vt 0.380473 0.218721
vt 0.378722 0.202604
vt 0.380473 0.218721
vt 0.379337 0.218719
vt 0.426620 0.636986
vt 0.427146 0.729558
vt 0.426007 0.729556
vt 0.426620 0.636986
vt 0.427758 0.636989
vt 0.427146 0.729558
vt 0.427758 0.745662
vt 0.426007 0.729556
vt 0.427146 0.729558
vt 0.427758 0.745662
vt 0.426620 0.745660
vt 0.426007 0.729556
vt 0.428371 0.510959
vt 0.428897 0.418387
vt 0.427758 0.418389
vt 0.428371 0.510959
vt 0.429510 0.510957
vt 0.428897 0.418387
vt 0.427758 0.418389
vt 0.428897 0.418387
vt 0.429510 0.402283
vt 0.427758 0.418389
vt 0.429510 0.402283
vt 0.428371 0.402285
vt 0.942917 0.879909
vt 0.942917 0.880822
vt 0.930385 0.880822
vt 0.942917 0.879909
vt 0.930385 0.880822
vt 0.930385 0.879909
vt 0.954028 0.879909
vt 0.942917 0.880822
vt 0.942917 0.879909
vt 0.954028 0.879909
vt 0.954028 0.880822
vt 0.942917 0.880822
vt 0.709720 0.722831
vt 0.697189 0.723744
vt 0.697189 0.722831
vt 0.709720 0.722831
vt 0.709720 0.723744
vt 0.697189 0.723744
vt 0.697189 0.722831
vt 0.697189 0.723744
vt 0.686077 0.723744
vt 0.697189 0.722831
vt 0.686077 0.723744
vt 0.686077 0.722831
vt 0.935639 0.359941
vt 0.936515 0.359941
vt 0.936515 0.344749
vt 0.935639 0.359941
vt 0.936515 0.344749
vt 0.935639 0.344749
vt 0.935639 0.373059
vt 0.936515 0.359941
vt 0.935639 0.359941
vt 0.935639 0.373059
vt 0.936515 0.373059
vt 0.936515 0.359941
vt 0.478546 0.449772
vt 0.479422 0.436703
vt 0.478546 0.436703
vt 0.478546 0.449772
vt 0.479422 0.449772
vt 0.479422 0.436703
vt 0.478546 0.436703
vt 0.479422 0.436703
vt 0.479422 0.425114
vt 0.478546 0.436703
vt 0.479422 0.425114
vt 0.478546 0.425114
vt 0.509194 0.669530
vt 0.510070 0.669530
vt 0.510070 0.654338
vt 0.509194 0.669530
vt 0.510070 0.654338
vt 0.509194 0.654338
vt 0.509194 0.682648
vt 0.510070 0.669530
vt 0.509194 0.669530
vt 0.509194 0.682648
vt 0.510070 0.682648
vt 0.510070 0.669530
vt 0.949922 0.959361
vt 0.949922 0.958448
vt 0.937391 0.958448
vt 0.949922 0.959361
vt 0.937391 0.958448
vt 0.937391 0.959361
vt 0.961033 0.959361
vt 0.949922 0.958448
vt 0.949922 0.959361
vt 0.961033 0.959361
vt 0.961033 0.958448
vt 0.949922 0.958448
vt 0.152802 0.983105
vt 0.167369 0.982192
vt 0.167369 0.983105
vt 0.152802 0.983105
vt 0.152802 0.982192
vt 0.167369 0.982192
vt 0.167369 0.983105
vt 0.167369 0.982192
vt 0.179947 0.982192
vt 0.167369 0.983105
vt 0.179947 0.982192
vt 0.179947 0.983105
vt 0.848949 0.358447
vt 0.863516 0.359361
vt 0.863516 0.358447
vt 0.848949 0.358447
vt 0.848949 0.359361
vt 0.863516 0.359361
vt 0.863516 0.358447
vt 0.863516 0.359361
vt 0.876095 0.359361
vt 0.863516 0.358447
vt 0.876095 0.359361
vt 0.876095 0.358447
vt 0.837566 0.815032
vt 0.838441 0.815032
vt 0.838441 0.803196
vt 0.837566 0.815032
vt 0.838441 0.803196
vt 0.837566 0.803196
vt 0.837566 0.826027
vt 0.838441 0.815032
vt 0.837566 0.815032
vt 0.837566 0.826027
vt 0.838441 0.826027
vt 0.838441 0.815032
vt 0.544221 0.818721
vt 0.532872 0.819635
vt 0.532872 0.818721
vt 0.544221 0.818721
vt 0.544221 0.819635
vt 0.532872 0.819635
vt 0.532872 0.818721
vt 0.532872 0.819635
vt 0.522329 0.819635
vt 0.532872 0.818721
vt 0.522329 0.819635
vt 0.522329 0.818721
vt 0.625657 0.789498
vt 0.624781 0.800457
vt 0.625657 0.800457
vt 0.625657 0.789498
vt 0.624781 0.789498
vt 0.624781 0.800457
vt 0.625657 0.800457
vt 0.624781 0.800457
vt 0.624781 0.811416
vt 0.625657 0.800457
vt 0.624781 0.811416
vt 0.625657 0.811416
vt 0.596760 0.803196
vt 0.595884 0.815032
vt 0.596760 0.815032
vt 0.596760 0.803196
vt 0.595884 0.803196
vt 0.595884 0.815032
vt 0.596760 0.815032
vt 0.595884 0.815032
vt 0.595884 0.826027
vt 0.596760 0.815032
vt 0.595884 0.826027
vt 0.596760 0.826027
vt 0.147513 0.046119
vt 0.147513 0.047032
vt 0.136165 0.047032
vt 0.147513 0.046119
vt 0.136165 0.047032
vt 0.136165 0.046119
vt 0.158056 0.046119
vt 0.147513 0.047032
vt 0.147513 0.046119
vt 0.158056 0.046119
vt 0.158056 0.047032
vt 0.147513 0.047032
vt 0.931261 0.954795
vt 0.932137 0.954795
vt 0.932137 0.965753
vt 0.931261 0.954795
vt 0.932137 0.965753
vt 0.931261 0.965753
vt 0.327933 0.145662
vt 0.327933 0.146575
vt 0.338441 0.146575
vt 0.327933 0.145662
vt 0.338441 0.146575
vt 0.338441 0.145662
vt 0.272397 0.269057
vt 0.257994 0.273810
vt 0.257902 0.270069
vt 0.257902 0.270069
vt 0.257994 0.273810
vt 0.173653 0.273809
vt 0.257902 0.270069
vt 0.173653 0.273809
vt 0.173798 0.270069
vt 0.173798 0.270069
vt 0.173653 0.273809
vt 0.158779 0.272769
vt 0.173798 0.270069
vt 0.158779 0.272769
vt 0.159303 0.269058
vt 0.159303 0.269058
vt 0.158779 0.272769
vt 0.145928 0.269665
vt 0.159303 0.269058
vt 0.145928 0.269665
vt 0.147080 0.266106
vt 0.147080 0.266106
vt 0.145928 0.269665
vt 0.135092 0.264511
vt 0.147080 0.266106
vt 0.135092 0.264511
vt 0.136954 0.261288
vt 0.136954 0.261288
vt 0.135092 0.264511
vt 0.126250 0.257313
vt 0.136954 0.261288
vt 0.126250 0.257313
vt 0.128796 0.254647
vt 0.128796 0.254647
vt 0.126250 0.257313
vt 0.119372 0.248058
vt 0.128796 0.254647
vt 0.119372 0.248058
vt 0.122451 0.246109
vt 0.122451 0.246109
vt 0.119372 0.248058
vt 0.114447 0.236717
vt 0.122451 0.246109
vt 0.114447 0.236717
vt 0.117848 0.235511
vt 0.115028 0.222717
vt 0.117848 0.235511
vt 0.114447 0.236717
vt 0.115028 0.222717
vt 0.114447 0.236717
vt 0.111481 0.223266
vt 0.114061 0.207546
vt 0.115028 0.222717
vt 0.111481 0.223266
vt 0.114061 0.207546
vt 0.111481 0.223266
vt 0.110486 0.207644
vt 0.114061 0.120309
vt 0.114061 0.207546
vt 0.110486 0.207644
vt 0.114061 0.120309
vt 0.110486 0.207644
vt 0.110487 0.120156
vt 0.115027 0.105138
vt 0.114061 0.120309
vt 0.110487 0.120156
vt 0.115027 0.105138
vt 0.110487 0.120156
vt 0.111481 0.104589
vt 0.117848 0.092344
vt 0.115027 0.105138
vt 0.111481 0.104589
vt 0.117848 0.092344
vt 0.111481 0.104589
vt 0.114446 0.091138
vt 0.119372 0.079797
vt 0.117848 0.092344
vt 0.114446 0.091138
vt 0.119372 0.079797
vt 0.122450 0.081745
vt 0.117848 0.092344
vt 0.126249 0.070542
vt 0.122450 0.081745
vt 0.119372 0.079797
vt 0.126249 0.070542
vt 0.128795 0.073207
vt 0.122450 0.081745
vt 0.135091 0.063344
vt 0.128795 0.073207
vt 0.126249 0.070542
vt 0.135091 0.063344
vt 0.136953 0.066567
vt 0.128795 0.073207
vt 0.145927 0.058189
vt 0.136953 0.066567
vt 0.135091 0.063344
vt 0.145927 0.058189
vt 0.147079 0.061749
vt 0.136953 0.066567
vt 0.158778 0.055085
vt 0.147079 0.061749
vt 0.145927 0.058189
vt 0.158778 0.055085
vt 0.159302 0.058797
vt 0.147079 0.061749
vt 0.173704 0.054043
vt 0.159302 0.058797
vt 0.158778 0.055085
vt 0.173704 0.054043
vt 0.173797 0.057785
vt 0.159302 0.058797
vt 0.258046 0.054045
vt 0.173797 0.057785
vt 0.173704 0.054043
vt 0.258046 0.054045
vt 0.257901 0.057785
vt 0.173797 0.057785
vt 0.272919 0.055084
vt 0.257901 0.057785
vt 0.258046 0.054045
vt 0.272919 0.055084
vt 0.272395 0.058796
vt 0.257901 0.057785
vt 0.285771 0.058188
vt 0.272395 0.058796
vt 0.272919 0.055084
vt 0.285771 0.058188
vt 0.284619 0.061748
vt 0.272395 0.058796
vt 0.296607 0.063343
vt 0.284619 0.061748
vt 0.285771 0.058188
vt 0.296607 0.063343
vt 0.294745 0.066566
vt 0.284619 0.061748
vt 0.305449 0.070541
vt 0.294745 0.066566
vt 0.296607 0.063343
vt 0.305449 0.070541
vt 0.302903 0.073206
vt 0.294745 0.066566
vt 0.312326 0.079796
vt 0.302903 0.073206
vt 0.305449 0.070541
vt 0.312326 0.079796
vt 0.309248 0.081744
vt 0.302903 0.073206
vt 0.317252 0.091137
vt 0.309248 0.081744
vt 0.312326 0.079796
vt 0.317252 0.091137
vt 0.313850 0.092343
vt 0.309248 0.081744
vt 0.317252 0.091137
vt 0.316671 0.105136
vt 0.313850 0.092343
vt 0.317252 0.091137
vt 0.320217 0.104588
vt 0.316671 0.105136
vt 0.320217 0.104588
vt 0.317638 0.120307
vt 0.316671 0.105136
vt 0.320217 0.104588
vt 0.321213 0.120210
vt 0.317638 0.120307
vt 0.321213 0.120210
vt 0.317638 0.207545
vt 0.317638 0.120307
vt 0.321213 0.120210
vt 0.321211 0.207697
vt 0.317638 0.207545
vt 0.321211 0.207697
vt 0.316672 0.222716
vt 0.317638 0.207545
vt 0.321211 0.207697
vt 0.320218 0.223265
vt 0.316672 0.222716
vt 0.320218 0.223265
vt 0.313851 0.235510
vt 0.316672 0.222716
vt 0.320218 0.223265
vt 0.317252 0.236716
vt 0.313851 0.235510
vt 0.313851 0.235510
vt 0.317252 0.236716
vt 0.312327 0.248057
vt 0.313851 0.235510
vt 0.312327 0.248057
vt 0.309248 0.246108
vt 0.309248 0.246108
vt 0.312327 0.248057
vt 0.305450 0.257312
vt 0.309248 0.246108
vt 0.305450 0.257312
vt 0.302904 0.254646
vt 0.302904 0.254646
vt 0.305450 0.257312
vt 0.296608 0.264510
vt 0.302904 0.254646
vt 0.296608 0.264510
vt 0.294746 0.261287
vt 0.294746 0.261287
vt 0.296608 0.264510
vt 0.285772 0.269665
vt 0.294746 0.261287
vt 0.285772 0.269665
vt 0.284620 0.266105
vt 0.284620 0.266105
vt 0.285772 0.269665
vt 0.272920 0.272769
vt 0.284620 0.266105
vt 0.272920 0.272769
vt 0.272397 0.269057
vt 0.272397 0.269057
vt 0.272920 0.272769
vt 0.257994 0.273810
vt 0.257994 0.273810
vt 0.173653 0.274429
vt 0.173653 0.273809
vt 0.257994 0.273810
vt 0.258034 0.274429
vt 0.173653 0.274429
vt 0.173653 0.273809
vt 0.158692 0.273385
vt 0.158779 0.272769
vt 0.173653 0.273809
vt 0.173653 0.274429
vt 0.158692 0.273385
vt 0.158779 0.272769
vt 0.145736 0.270256
vt 0.145928 0.269665
vt 0.158779 0.272769
vt 0.158692 0.273385
vt 0.145736 0.270256
vt 0.145928 0.269665
vt 0.145736 0.270256
vt 0.134783 0.265045
vt 0.145928 0.269665
vt 0.134783 0.265045
vt 0.135092 0.264511
vt 0.135092 0.264511
vt 0.134783 0.265045
vt 0.125828 0.257754
vt 0.135092 0.264511
vt 0.125828 0.257754
vt 0.126250 0.257313
vt 0.126250 0.257313
vt 0.125828 0.257754
vt 0.118862 0.248381
vt 0.126250 0.257313
vt 0.118862 0.248381
vt 0.119372 0.248058
vt 0.119372 0.248058
vt 0.113883 0.236917
vt 0.114447 0.236717
vt 0.119372 0.248058
vt 0.118862 0.248381
vt 0.113883 0.236917
vt 0.114447 0.236717
vt 0.110893 0.223357
vt 0.111481 0.223266
vt 0.114447 0.236717
vt 0.113883 0.236917
vt 0.110893 0.223357
vt 0.272920 0.272769
vt 0.258034 0.274429
vt 0.257994 0.273810
vt 0.272920 0.272769
vt 0.273007 0.273384
vt 0.258034 0.274429
vt 0.285772 0.269665
vt 0.273007 0.273384
vt 0.272920 0.272769
vt 0.285772 0.269665
vt 0.285963 0.270255
vt 0.273007 0.273384
vt 0.296608 0.264510
vt 0.285963 0.270255
vt 0.285772 0.269665
vt 0.296608 0.264510
vt 0.296916 0.265044
vt 0.285963 0.270255
vt 0.305450 0.257312
vt 0.296916 0.265044
vt 0.296608 0.264510
vt 0.305450 0.257312
vt 0.305872 0.257753
vt 0.296916 0.265044
vt 0.312327 0.248057
vt 0.305872 0.257753
vt 0.305450 0.257312
vt 0.312327 0.248057
vt 0.312838 0.248380
vt 0.305872 0.257753
vt 0.317252 0.236716
vt 0.312838 0.248380
vt 0.312327 0.248057
vt 0.317252 0.236716
vt 0.317816 0.236916
vt 0.312838 0.248380
vt 0.320218 0.223265
vt 0.317816 0.236916
vt 0.317252 0.236716
vt 0.320218 0.223265
vt 0.320806 0.223356
vt 0.317816 0.236916
vt 0.321211 0.207697
vt 0.320806 0.223356
vt 0.320218 0.223265
vt 0.321211 0.207697
vt 0.321804 0.207697
vt 0.320806 0.223356
vt 0.111481 0.223266
vt 0.110893 0.223357
vt 0.109895 0.207685
vt 0.111481 0.223266
vt 0.109895 0.207685
vt 0.110486 0.207644
vt 0.321804 0.120169
vt 0.321804 0.207697
vt 0.321211 0.207697
vt 0.321804 0.120169
vt 0.321211 0.207697
vt 0.321213 0.120210
vt 0.321804 0.120169
vt 0.321213 0.120210
vt 0.320217 0.104588
vt 0.321804 0.120169
vt 0.320217 0.104588
vt 0.320806 0.104497
vt 0.320806 0.104497
vt 0.320217 0.104588
vt 0.317252 0.091137
vt 0.320806 0.104497
vt 0.317252 0.091137
vt 0.317816 0.090937
vt 0.317816 0.090937
vt 0.317252 0.091137
vt 0.312326 0.079796
vt 0.317816 0.090937
vt 0.312326 0.079796
vt 0.312837 0.079473
vt 0.312837 0.079473
vt 0.312326 0.079796
vt 0.305449 0.070541
vt 0.312837 0.079473
vt 0.305449 0.070541
vt 0.305871 0.070099
vt 0.305871 0.070099
vt 0.305449 0.070541
vt 0.296607 0.063343
vt 0.305871 0.070099
vt 0.296607 0.063343
vt 0.296915 0.062809
vt 0.296915 0.062809
vt 0.296607 0.063343
vt 0.285771 0.058188
vt 0.296915 0.062809
vt 0.285771 0.058188
vt 0.285962 0.057598
vt 0.285962 0.057598
vt 0.285771 0.058188
vt 0.272919 0.055084
vt 0.285962 0.057598
vt 0.272919 0.055084
vt 0.273006 0.054469
vt 0.273006 0.054469
vt 0.272919 0.055084
vt 0.258046 0.054045
vt 0.273006 0.054469
vt 0.258046 0.054045
vt 0.258046 0.053425
vt 0.258046 0.053425
vt 0.258046 0.054045
vt 0.173704 0.054043
vt 0.258046 0.053425
vt 0.173704 0.054043
vt 0.173665 0.053425
vt 0.173665 0.053425
vt 0.173704 0.054043
vt 0.158778 0.055085
vt 0.173665 0.053425
vt 0.158778 0.055085
vt 0.158691 0.054470
vt 0.158691 0.054470
vt 0.158778 0.055085
vt 0.145927 0.058189
vt 0.158691 0.054470
vt 0.145927 0.058189
vt 0.145735 0.057599
vt 0.145735 0.057599
vt 0.145927 0.058189
vt 0.135091 0.063344
vt 0.145735 0.057599
vt 0.135091 0.063344
vt 0.134782 0.062810
vt 0.134782 0.062810
vt 0.135091 0.063344
vt 0.126249 0.070542
vt 0.134782 0.062810
vt 0.126249 0.070542
vt 0.125827 0.070100
vt 0.125827 0.070100
vt 0.126249 0.070542
vt 0.119372 0.079797
vt 0.125827 0.070100
vt 0.119372 0.079797
vt 0.118861 0.079474
vt 0.118861 0.079474
vt 0.119372 0.079797
vt 0.114446 0.091138
vt 0.118861 0.079474
vt 0.114446 0.091138
vt 0.113882 0.090938
vt 0.113882 0.090938
vt 0.114446 0.091138
vt 0.111481 0.104589
vt 0.113882 0.090938
vt 0.111481 0.104589
vt 0.110893 0.104498
vt 0.110893 0.104498
vt 0.111481 0.104589
vt 0.110487 0.120156
vt 0.110893 0.104498
vt 0.110487 0.120156
vt 0.109895 0.120156
vt 0.110487 0.120156
vt 0.109895 0.207685
vt 0.109895 0.120156
vt 0.110487 0.120156
vt 0.110486 0.207644
vt 0.109895 0.207685
vt 0.672047 0.013444
vt 0.756149 0.000457
vt 0.756149 0.013444
vt 0.672047 0.013444
vt 0.672047 0.000457
vt 0.756149 0.000457
vt 0.756149 0.013444
vt 0.756149 0.000457
vt 0.771120 0.000458
vt 0.756149 0.013444
vt 0.771120 0.000458
vt 0.771119 0.013445
vt 0.657077 0.013445
vt 0.672047 0.000457
vt 0.672047 0.013444
vt 0.657077 0.013445
vt 0.657076 0.000458
vt 0.672047 0.000457
vt 0.643793 0.013448
vt 0.657076 0.000458
vt 0.657077 0.013445
vt 0.643793 0.013448
vt 0.643790 0.000461
vt 0.657076 0.000458
vt 0.771119 0.013445
vt 0.771120 0.000458
vt 0.784406 0.000461
vt 0.771119 0.013445
vt 0.784406 0.000461
vt 0.784403 0.013447
vt 0.784403 0.013447
vt 0.784406 0.000461
vt 0.796439 0.000466
vt 0.784403 0.013447
vt 0.796439 0.000466
vt 0.796433 0.013453
vt 0.631763 0.013453
vt 0.643790 0.000461
vt 0.643793 0.013448
vt 0.631763 0.013453
vt 0.631757 0.000466
vt 0.643790 0.000461
vt 0.672054 0.014137
vt 0.672047 0.013444
vt 0.756149 0.013444
vt 0.672054 0.014137
vt 0.756149 0.013444
vt 0.756156 0.014137
vt 0.756156 0.014137
vt 0.756149 0.013444
vt 0.771119 0.013445
vt 0.756156 0.014137
vt 0.771119 0.013445
vt 0.771119 0.014138
vt 0.657078 0.014138
vt 0.672047 0.013444
vt 0.672054 0.014137
vt 0.657078 0.014138
vt 0.657077 0.013445
vt 0.672047 0.013444
vt 0.643793 0.014141
vt 0.643793 0.013448
vt 0.657077 0.013445
vt 0.643793 0.014141
vt 0.657077 0.013445
vt 0.657078 0.014138
vt 0.771119 0.014138
vt 0.771119 0.013445
vt 0.784403 0.013447
vt 0.771119 0.014138
vt 0.784403 0.013447
vt 0.784403 0.014141
vt 0.631763 0.014145
vt 0.643793 0.013448
vt 0.643793 0.014141
vt 0.631763 0.014145
vt 0.631763 0.013453
vt 0.643793 0.013448
vt 0.784403 0.014141
vt 0.784403 0.013447
vt 0.796433 0.013453
vt 0.784403 0.014141
vt 0.796433 0.013453
vt 0.796433 0.014145
vt 0.620410 0.013462
vt 0.631757 0.000466
vt 0.631763 0.013453
vt 0.620410 0.013462
vt 0.620403 0.000474
vt 0.631757 0.000466
vt 0.796433 0.013453
vt 0.796439 0.000466
vt 0.807793 0.000474
vt 0.796433 0.013453
vt 0.807793 0.000474
vt 0.807786 0.013462
vt 0.620435 0.014155
vt 0.631763 0.013453
vt 0.631763 0.014145
vt 0.620435 0.014155
vt 0.620410 0.013462
vt 0.631763 0.013453
vt 0.796433 0.014145
vt 0.796433 0.013453
vt 0.807786 0.013462
vt 0.796433 0.014145
vt 0.807786 0.013462
vt 0.807761 0.014155
vt 0.975044 0.687235
vt 0.987497 0.687235
vt 0.987497 0.599523
vt 0.975044 0.687235
vt 0.987497 0.599523
vt 0.975044 0.599523
vt 0.975044 0.599523
vt 0.987497 0.599523
vt 0.987497 0.583911
vt 0.975044 0.599523
vt 0.987497 0.583911
vt 0.975045 0.583909
vt 0.975045 0.702849
vt 0.987497 0.687235
vt 0.975044 0.687235
vt 0.975045 0.702849
vt 0.987497 0.702847
vt 0.987497 0.687235
vt 0.975048 0.716705
vt 0.987497 0.702847
vt 0.975045 0.702849
vt 0.975048 0.716705
vt 0.987500 0.716701
vt 0.987497 0.702847
vt 0.975045 0.583909
vt 0.987497 0.583911
vt 0.987500 0.570056
vt 0.975045 0.583909
vt 0.987500 0.570056
vt 0.975048 0.570053
vt 0.975048 0.570053
vt 0.987500 0.570056
vt 0.987505 0.557510
vt 0.975048 0.570053
vt 0.987505 0.557510
vt 0.975053 0.557504
vt 0.975053 0.729254
vt 0.987500 0.716701
vt 0.975048 0.716705
vt 0.975053 0.729254
vt 0.987505 0.729248
vt 0.987500 0.716701
vt 0.987497 0.687235
vt 0.988160 0.599530
vt 0.987497 0.599523
vt 0.987497 0.687235
vt 0.988161 0.687242
vt 0.988160 0.599530
vt 0.987497 0.702847
vt 0.988161 0.687242
vt 0.987497 0.687235
vt 0.987497 0.702847
vt 0.988162 0.702847
vt 0.988161 0.687242
vt 0.987497 0.599523
vt 0.988162 0.583911
vt 0.987497 0.583911
vt 0.987497 0.599523
vt 0.988160 0.599530
vt 0.988162 0.583911
vt 0.987497 0.583911
vt 0.988162 0.583911
vt 0.988165 0.570057
vt 0.987497 0.583911
vt 0.988165 0.570057
vt 0.987500 0.570056
vt 0.987500 0.716701
vt 0.988162 0.702847
vt 0.987497 0.702847
vt 0.987500 0.716701
vt 0.988165 0.716701
vt 0.988162 0.702847
vt 0.987500 0.570056
vt 0.988165 0.570057
vt 0.988169 0.557510
vt 0.987500 0.570056
vt 0.988169 0.557510
vt 0.987505 0.557510
vt 0.987505 0.729248
vt 0.988165 0.716701
vt 0.987500 0.716701
vt 0.987505 0.729248
vt 0.988169 0.729248
vt 0.988165 0.716701
vt 0.975053 0.557504
vt 0.987505 0.557510
vt 0.987514 0.545669
vt 0.975053 0.557504
vt 0.987514 0.545669
vt 0.975061 0.545662
vt 0.975060 0.741096
vt 0.987505 0.729248
vt 0.975053 0.729254
vt 0.975060 0.741096
vt 0.987514 0.741088
vt 0.987505 0.729248
vt 0.987505 0.557510
vt 0.988169 0.557510
vt 0.988179 0.545696
vt 0.987505 0.557510
vt 0.988179 0.545696
vt 0.987514 0.545669
vt 0.987514 0.741088
vt 0.988169 0.729248
vt 0.987505 0.729248
vt 0.987514 0.741088
vt 0.988179 0.741062
vt 0.988169 0.729248
vt 0.954724 0.977991
vt 0.870841 0.977261
vt 0.954722 0.976712
vt 0.954724 0.977991
vt 0.870856 0.978539
vt 0.870841 0.977261
vt 0.969790 0.977261
vt 0.954724 0.977991
vt 0.954722 0.976712
vt 0.969790 0.977261
vt 0.969763 0.978539
vt 0.954724 0.977991
vt 0.370841 0.877718
vt 0.454735 0.877169
vt 0.454737 0.878448
vt 0.370841 0.877718
vt 0.454737 0.878448
vt 0.370856 0.878995
vt 0.454737 0.878448
vt 0.454735 0.877169
vt 0.469790 0.877717
vt 0.454737 0.878448
vt 0.469790 0.877717
vt 0.469763 0.878995
vt 0.887942 0.364840
vt 0.887942 0.368493
vt 0.804124 0.368493
vt 0.887942 0.364840
vt 0.804124 0.368493
vt 0.804124 0.364840
vt 0.804124 0.364840
vt 0.804124 0.368493
vt 0.789647 0.368493
vt 0.804124 0.364840
vt 0.789647 0.368493
vt 0.789647 0.364840
vt 0.902420 0.364840
vt 0.887942 0.368493
vt 0.887942 0.364840
vt 0.902420 0.364840
vt 0.902420 0.368493
vt 0.887942 0.368493
vt 0.789647 0.364840
vt 0.789647 0.368493
vt 0.777145 0.368493
vt 0.789647 0.364840
vt 0.777145 0.368493
vt 0.777145 0.364840
vt 0.914921 0.364840
vt 0.902420 0.368493
vt 0.902420 0.364840
vt 0.914921 0.364840
vt 0.914921 0.368493
vt 0.902420 0.368493
vt 0.926007 0.364840
vt 0.914921 0.368493
vt 0.914921 0.364840
vt 0.926007 0.364840
vt 0.926007 0.368493
vt 0.914921 0.368493
vt 0.670779 0.767580
vt 0.670779 0.771233
vt 0.586962 0.771233
vt 0.670779 0.767580
vt 0.586962 0.771233
vt 0.586962 0.767580
vt 0.586962 0.767580
vt 0.586962 0.771233
vt 0.572484 0.771233
vt 0.586962 0.767580
vt 0.572484 0.771233
vt 0.572484 0.767580
vt 0.685257 0.767580
vt 0.670779 0.771233
vt 0.670779 0.767580
vt 0.685257 0.767580
vt 0.685257 0.771233
vt 0.670779 0.771233
vt 0.572484 0.767580
vt 0.572484 0.771233
vt 0.559982 0.771233
vt 0.572484 0.767580
vt 0.559982 0.771233
vt 0.559982 0.767580
vt 0.697759 0.767580
vt 0.685257 0.771233
vt 0.685257 0.767580
vt 0.697759 0.767580
vt 0.697759 0.771233
vt 0.685257 0.771233
vt 0.708844 0.767580
vt 0.697759 0.771233
vt 0.697759 0.767580
vt 0.708844 0.767580
vt 0.708844 0.771233
vt 0.697759 0.771233
vt 0.369089 0.164323
vt 0.365587 0.164323
vt 0.365587 0.250882
vt 0.369089 0.164323
vt 0.365587 0.250882
vt 0.369089 0.250882
vt 0.365587 0.265968
vt 0.369089 0.250882
vt 0.365587 0.250882
vt 0.365587 0.265968
vt 0.369089 0.265968
vt 0.369089 0.250882
vt 0.369089 0.149236
vt 0.365587 0.164323
vt 0.369089 0.164323
vt 0.369089 0.149236
vt 0.365587 0.149236
vt 0.365587 0.164323
vt 0.365587 0.278995
vt 0.369089 0.265968
vt 0.365587 0.265968
vt 0.365587 0.278995
vt 0.369089 0.278995
vt 0.369089 0.265968
vt 0.369089 0.136209
vt 0.365587 0.149236
vt 0.369089 0.149236
vt 0.369089 0.136209
vt 0.365587 0.136209
vt 0.365587 0.149236
vt 0.369089 0.124658
vt 0.365587 0.136209
vt 0.369089 0.136209
vt 0.369089 0.124658
vt 0.365587 0.124658
vt 0.365587 0.136209
vt 0.962785 0.478512
vt 0.966287 0.478512
vt 0.966287 0.565323
vt 0.962785 0.478512
vt 0.966287 0.565323
vt 0.962785 0.565323
vt 0.966287 0.478512
vt 0.962785 0.478512
vt 0.962785 0.463416
vt 0.966287 0.478512
vt 0.962785 0.463416
vt 0.966287 0.463416
vt 0.962785 0.565323
vt 0.966287 0.565323
vt 0.966287 0.580420
vt 0.962785 0.565323
vt 0.966287 0.580420
vt 0.962785 0.580420
vt 0.962785 0.580420
vt 0.966287 0.580420
vt 0.966287 0.593151
vt 0.962785 0.580420
vt 0.966287 0.593151
vt 0.962785 0.593151
vt 0.966287 0.463416
vt 0.962785 0.463416
vt 0.962785 0.450685
vt 0.966287 0.463416
vt 0.962785 0.450685
vt 0.966287 0.450685
vt 0.019702 0.839269
vt 0.016200 0.839269
vt 0.016200 0.850045
vt 0.019702 0.839269
vt 0.016200 0.850045
vt 0.019702 0.850045
vt 0.019702 0.850045
vt 0.016200 0.850045
vt 0.016200 0.861644
vt 0.019702 0.850045
vt 0.016200 0.861644
vt 0.019702 0.861644
vt 0.019702 0.828493
vt 0.016200 0.839269
vt 0.019702 0.839269
vt 0.019702 0.828493
vt 0.016200 0.828493
vt 0.016200 0.839269
vt 0.019702 0.816895
vt 0.016200 0.828493
vt 0.019702 0.828493
vt 0.019702 0.816895
vt 0.016200 0.816895
vt 0.016200 0.828493
vt 0.001313 0.478544
vt 0.004805 0.478544
vt 0.004805 0.489445
vt 0.001313 0.478544
vt 0.004805 0.489445
vt 0.001314 0.489445
vt 0.001325 0.467123
vt 0.004805 0.478544
vt 0.001313 0.478544
vt 0.001325 0.467123
vt 0.004816 0.467123
vt 0.004805 0.478544
vt 0.001314 0.489445
vt 0.004805 0.489445
vt 0.004816 0.500000
vt 0.001314 0.489445
vt 0.004816 0.500000
vt 0.001325 0.500000
vt 0.165061 0.252049
vt 0.161570 0.252049
vt 0.161570 0.241149
vt 0.165061 0.252049
vt 0.161570 0.241149
vt 0.165061 0.241149
vt 0.165050 0.263470
vt 0.161570 0.252049
vt 0.165061 0.252049
vt 0.165050 0.263470
vt 0.161559 0.263470
vt 0.161570 0.252049
vt 0.165061 0.241149
vt 0.161570 0.241149
vt 0.161559 0.230594
vt 0.165061 0.241149
vt 0.161559 0.230594
vt 0.165050 0.230594
vt 0.261384 0.148853
vt 0.257892 0.148853
vt 0.257892 0.137953
vt 0.261384 0.148853
vt 0.257892 0.137953
vt 0.261383 0.137953
vt 0.261372 0.160274
vt 0.257892 0.148853
vt 0.261384 0.148853
vt 0.261372 0.160274
vt 0.257881 0.160274
vt 0.257892 0.148853
vt 0.261383 0.137953
vt 0.257892 0.137953
vt 0.257881 0.127397
vt 0.261383 0.137953
vt 0.257881 0.127397
vt 0.261372 0.127397
vt 0.597580 0.720299
vt 0.597581 0.707306
vt 0.680878 0.707309
vt 0.597580 0.720299
vt 0.680878 0.707309
vt 0.680878 0.720302
vt 0.582620 0.720298
vt 0.597581 0.707306
vt 0.597580 0.720299
vt 0.582620 0.720298
vt 0.582620 0.707306
vt 0.597581 0.707306
vt 0.695839 0.707309
vt 0.680878 0.720302
vt 0.680878 0.707309
vt 0.695839 0.707309
vt 0.695838 0.720302
vt 0.680878 0.720302
vt 0.569345 0.720299
vt 0.582620 0.707306
vt 0.582620 0.720298
vt 0.569345 0.720299
vt 0.569343 0.707308
vt 0.582620 0.707306
vt 0.709116 0.707310
vt 0.695838 0.720302
vt 0.695839 0.707309
vt 0.709116 0.707310
vt 0.709114 0.720301
vt 0.695838 0.720302
vt 0.557323 0.720303
vt 0.569343 0.707308
vt 0.569345 0.720299
vt 0.557323 0.720303
vt 0.557318 0.707312
vt 0.569343 0.707308
vt 0.721140 0.707313
vt 0.709114 0.720301
vt 0.709116 0.707310
vt 0.721140 0.707313
vt 0.721136 0.720304
vt 0.709114 0.720301
vt 0.582620 0.720991
vt 0.582620 0.720298
vt 0.597580 0.720299
vt 0.582620 0.720991
vt 0.597580 0.720299
vt 0.597580 0.720992
vt 0.569345 0.720992
vt 0.582620 0.720298
vt 0.582620 0.720991
vt 0.569345 0.720992
vt 0.569345 0.720299
vt 0.582620 0.720298
vt 0.709114 0.720301
vt 0.695854 0.720995
vt 0.695838 0.720302
vt 0.709114 0.720301
vt 0.709114 0.720994
vt 0.695854 0.720995
vt 0.721136 0.720304
vt 0.709114 0.720994
vt 0.709114 0.720301
vt 0.721136 0.720304
vt 0.721136 0.720997
vt 0.709114 0.720994
vt 0.557324 0.720996
vt 0.569345 0.720299
vt 0.569345 0.720992
vt 0.557324 0.720996
vt 0.557323 0.720303
vt 0.569345 0.720299
vt 0.732487 0.707318
vt 0.721136 0.720304
vt 0.721140 0.707313
vt 0.732487 0.707318
vt 0.732482 0.720311
vt 0.721136 0.720304
vt 0.545978 0.720311
vt 0.557318 0.707312
vt 0.557323 0.720303
vt 0.545978 0.720311
vt 0.545972 0.707318
vt 0.557318 0.707312
vt 0.732482 0.720311
vt 0.721136 0.720997
vt 0.721136 0.720304
vt 0.732482 0.720311
vt 0.732457 0.721005
vt 0.721136 0.720997
vt 0.546003 0.721005
vt 0.545978 0.720311
vt 0.557323 0.720303
vt 0.546003 0.721005
vt 0.557323 0.720303
vt 0.557324 0.720996
vt 0.811299 0.764897
vt 0.823754 0.678024
vt 0.811296 0.678025
vt 0.811299 0.764897
vt 0.823757 0.764897
vt 0.823754 0.678024
vt 0.823757 0.764897
vt 0.811299 0.764897
vt 0.811299 0.780500
vt 0.823757 0.764897
vt 0.811299 0.780500
vt 0.823757 0.780500
vt 0.811296 0.678025
vt 0.823754 0.678024
vt 0.823753 0.662422
vt 0.811296 0.678025
vt 0.823753 0.662422
vt 0.811296 0.662422
vt 0.811296 0.662422
vt 0.823753 0.662422
vt 0.823754 0.648578
vt 0.811296 0.662422
vt 0.823754 0.648578
vt 0.811298 0.648575
vt 0.823757 0.780500
vt 0.811299 0.780500
vt 0.811300 0.794347
vt 0.823757 0.780500
vt 0.811300 0.794347
vt 0.823756 0.794346
vt 0.823756 0.794346
vt 0.811300 0.794347
vt 0.811303 0.806888
vt 0.823756 0.794346
vt 0.811303 0.806888
vt 0.823759 0.806884
vt 0.811298 0.648575
vt 0.823754 0.648578
vt 0.823758 0.636039
vt 0.811298 0.648575
vt 0.823758 0.636039
vt 0.811302 0.636034
vt 0.823754 0.678024
vt 0.824417 0.662422
vt 0.823753 0.662422
vt 0.823754 0.678024
vt 0.824419 0.678024
vt 0.824417 0.662422
vt 0.823753 0.662422
vt 0.824419 0.648578
vt 0.823754 0.648578
vt 0.823753 0.662422
vt 0.824417 0.662422
vt 0.824419 0.648578
vt 0.824422 0.780516
vt 0.823757 0.780500
vt 0.823756 0.794346
vt 0.824422 0.780516
vt 0.823756 0.794346
vt 0.824421 0.794346
vt 0.824421 0.794346
vt 0.823756 0.794346
vt 0.823759 0.806884
vt 0.824421 0.794346
vt 0.823759 0.806884
vt 0.824423 0.806884
vt 0.823754 0.648578
vt 0.824419 0.648578
vt 0.824422 0.636040
vt 0.823754 0.648578
vt 0.824422 0.636040
vt 0.823758 0.636039
vt 0.823759 0.806884
vt 0.811303 0.806888
vt 0.811308 0.818721
vt 0.823759 0.806884
vt 0.811308 0.818721
vt 0.823766 0.818716
vt 0.811302 0.636034
vt 0.823758 0.636039
vt 0.823766 0.624207
vt 0.811302 0.636034
vt 0.823766 0.624207
vt 0.811308 0.624201
vt 0.824423 0.806884
vt 0.823759 0.806884
vt 0.823766 0.818716
vt 0.824423 0.806884
vt 0.823766 0.818716
vt 0.824431 0.818690
vt 0.823758 0.636039
vt 0.824422 0.636040
vt 0.824431 0.624233
vt 0.823758 0.636039
vt 0.824431 0.624233
vt 0.823766 0.624207
vt 0.050032 0.096142
vt 0.051764 0.096900
vt 0.050499 0.095584
vt 0.048918 0.093938
vt 0.050032 0.096142
vt 0.050499 0.095584
vt 0.050064 0.093223
vt 0.048918 0.093938
vt 0.050499 0.095584
vt 0.050064 0.093223
vt 0.050499 0.095584
vt 0.050989 0.094999
vt 0.050064 0.093223
vt 0.050989 0.094999
vt 0.051764 0.094661
vt 0.050989 0.094999
vt 0.051764 0.096900
vt 0.051764 0.094661
vt 0.048918 0.093938
vt 0.048231 0.095131
vt 0.050032 0.096142
vt 0.050989 0.094999
vt 0.050499 0.095584
vt 0.051764 0.096900
vt 0.048231 0.095131
vt 0.049863 0.096900
vt 0.050032 0.096142
vt 0.048231 0.095131
vt 0.047988 0.096900
vt 0.049863 0.096900
vt 0.051764 0.096900
vt 0.051764 0.221821
vt 0.095347 0.221821
vt 0.047988 0.096900
vt 0.049620 0.221821
vt 0.049863 0.096900
vt 0.047988 0.096900
vt 0.047988 0.221821
vt 0.049620 0.221821
vt 0.047988 0.221821
vt 0.049546 0.222951
vt 0.049620 0.221821
vt 0.047988 0.221821
vt 0.048231 0.223591
vt 0.049546 0.222951
vt 0.048231 0.223591
vt 0.050040 0.223700
vt 0.049546 0.222951
vt 0.048231 0.223591
vt 0.048918 0.224783
vt 0.050040 0.223700
vt 0.050040 0.223700
vt 0.048918 0.224783
vt 0.050064 0.225499
vt 0.050040 0.223700
vt 0.050064 0.225499
vt 0.050841 0.224026
vt 0.050841 0.224026
vt 0.050064 0.225499
vt 0.051764 0.225751
vt 0.050841 0.224026
vt 0.051764 0.225751
vt 0.051764 0.224223
vt 0.049620 0.221821
vt 0.049546 0.222951
vt 0.050040 0.223700
vt 0.050040 0.223700
vt 0.050841 0.224026
vt 0.051764 0.224223
vt 0.051764 0.224223
vt 0.051764 0.225751
vt 0.095347 0.225751
vt 0.051764 0.221821
vt 0.095347 0.223817
vt 0.095347 0.221821
vt 0.096476 0.223716
vt 0.097046 0.225499
vt 0.098192 0.224783
vt 0.095347 0.221821
vt 0.097242 0.223410
vt 0.097687 0.222587
vt 0.051764 0.096900
vt 0.095347 0.221821
vt 0.095347 0.096900
vt 0.051764 0.094661
vt 0.051764 0.096900
vt 0.095347 0.096900
vt 0.050064 0.093223
vt 0.051764 0.094661
vt 0.051764 0.092970
vt 0.095347 0.094679
vt 0.097008 0.095034
vt 0.096415 0.094712
vt 0.097008 0.095034
vt 0.097301 0.096900
vt 0.097358 0.095688
vt 0.097301 0.096900
vt 0.097761 0.221821
vt 0.099122 0.221821
vt 0.097301 0.096900
vt 0.099122 0.221821
vt 0.099122 0.096900
vt 0.097358 0.095688
vt 0.097301 0.096900
vt 0.099122 0.096900
vt 0.097358 0.095688
vt 0.099122 0.096900
vt 0.098879 0.095131
vt 0.097008 0.095034
vt 0.097358 0.095688
vt 0.098879 0.095131
vt 0.097008 0.095034
vt 0.098879 0.095131
vt 0.098192 0.093938
vt 0.096415 0.094712
vt 0.097008 0.095034
vt 0.098192 0.093938
vt 0.096415 0.094712
vt 0.098192 0.093938
vt 0.097046 0.093223
vt 0.095347 0.092970
vt 0.096415 0.094712
vt 0.097046 0.093223
vt 0.095347 0.092970
vt 0.095347 0.094679
vt 0.096415 0.094712
vt 0.051764 0.092970
vt 0.095347 0.094679
vt 0.095347 0.092970
vt 0.051764 0.092970
vt 0.051764 0.094661
vt 0.095347 0.094679
vt 0.051764 0.094661
vt 0.095347 0.096900
vt 0.095347 0.094679
vt 0.095347 0.094679
vt 0.095347 0.096900
vt 0.097008 0.095034
vt 0.097008 0.095034
vt 0.095347 0.096900
vt 0.097301 0.096900
vt 0.095347 0.096900
vt 0.097761 0.221821
vt 0.097301 0.096900
vt 0.095347 0.096900
vt 0.095347 0.221821
vt 0.097761 0.221821
vt 0.095347 0.221821
vt 0.097687 0.222587
vt 0.097761 0.221821
vt 0.097761 0.221821
vt 0.097687 0.222587
vt 0.098879 0.223591
vt 0.097761 0.221821
vt 0.098879 0.223591
vt 0.099122 0.221821
vt 0.097687 0.222587
vt 0.098192 0.224783
vt 0.098879 0.223591
vt 0.097687 0.222587
vt 0.097242 0.223410
vt 0.098192 0.224783
vt 0.096476 0.223716
vt 0.098192 0.224783
vt 0.097242 0.223410
vt 0.095347 0.221821
vt 0.096476 0.223716
vt 0.097242 0.223410
vt 0.095347 0.221821
vt 0.095347 0.223817
vt 0.096476 0.223716
vt 0.095347 0.223817
vt 0.097046 0.225499
vt 0.096476 0.223716
vt 0.095347 0.223817
vt 0.095347 0.225751
vt 0.097046 0.225499
vt 0.051764 0.224223
vt 0.095347 0.225751
vt 0.095347 0.223817
vt 0.051764 0.221821
vt 0.051764 0.224223
vt 0.095347 0.223817
vt 0.050040 0.223700
vt 0.051764 0.224223
vt 0.051764 0.221821
vt 0.049620 0.221821
vt 0.050040 0.223700
vt 0.051764 0.221821
vt 0.049863 0.096900
vt 0.049620 0.221821
vt 0.051764 0.221821
vt 0.049863 0.096900
vt 0.051764 0.221821
vt 0.051764 0.096900
vt 0.050032 0.096142
vt 0.049863 0.096900
vt 0.051764 0.096900
vt 0.098879 0.095131
vt 0.099122 0.096900
vt 0.099387 0.096881
vt 0.098879 0.095131
vt 0.099387 0.096881
vt 0.099134 0.095037
vt 0.098385 0.093737
vt 0.098192 0.093938
vt 0.098879 0.095131
vt 0.098385 0.093737
vt 0.098879 0.095131
vt 0.099134 0.095037
vt 0.097137 0.092958
vt 0.098192 0.093938
vt 0.098385 0.093737
vt 0.097137 0.092958
vt 0.097046 0.093223
vt 0.098192 0.093938
vt 0.095365 0.092694
vt 0.095347 0.092970
vt 0.097046 0.093223
vt 0.095365 0.092694
vt 0.097046 0.093223
vt 0.097137 0.092958
vt 0.051745 0.092694
vt 0.095347 0.092970
vt 0.095365 0.092694
vt 0.051745 0.092694
vt 0.051764 0.092970
vt 0.095347 0.092970
vt 0.049973 0.092958
vt 0.050064 0.093223
vt 0.051764 0.092970
vt 0.049973 0.092958
vt 0.051764 0.092970
vt 0.051745 0.092694
vt 0.048725 0.093737
vt 0.050064 0.093223
vt 0.049973 0.092958
vt 0.048725 0.093737
vt 0.048918 0.093938
vt 0.050064 0.093223
vt 0.047976 0.095037
vt 0.048231 0.095131
vt 0.048918 0.093938
vt 0.047976 0.095037
vt 0.048918 0.093938
vt 0.048725 0.093737
vt 0.047976 0.095037
vt 0.047988 0.096900
vt 0.048231 0.095131
vt 0.047976 0.095037
vt 0.047723 0.096881
vt 0.047988 0.096900
vt 0.099122 0.096900
vt 0.099387 0.221841
vt 0.099387 0.096881
vt 0.099122 0.096900
vt 0.099122 0.221821
vt 0.099387 0.221841
vt 0.099122 0.221821
vt 0.099134 0.223685
vt 0.099387 0.221841
vt 0.099122 0.221821
vt 0.098879 0.223591
vt 0.099134 0.223685
vt 0.098192 0.224783
vt 0.099134 0.223685
vt 0.098879 0.223591
vt 0.098192 0.224783
vt 0.098385 0.224984
vt 0.099134 0.223685
vt 0.097046 0.225499
vt 0.098385 0.224984
vt 0.098192 0.224783
vt 0.097046 0.225499
vt 0.097137 0.225764
vt 0.098385 0.224984
vt 0.095347 0.225751
vt 0.097137 0.225764
vt 0.097046 0.225499
vt 0.095347 0.225751
vt 0.095365 0.226027
vt 0.097137 0.225764
vt 0.051764 0.225751
vt 0.095365 0.226027
vt 0.095347 0.225751
vt 0.051764 0.225751
vt 0.051745 0.226027
vt 0.095365 0.226027
vt 0.050064 0.225499
vt 0.051745 0.226027
vt 0.051764 0.225751
vt 0.050064 0.225499
vt 0.049973 0.225764
vt 0.051745 0.226027
vt 0.048918 0.224783
vt 0.049973 0.225764
vt 0.050064 0.225499
vt 0.048918 0.224783
vt 0.048725 0.224984
vt 0.049973 0.225764
vt 0.048231 0.223591
vt 0.048725 0.224984
vt 0.048918 0.224783
vt 0.048231 0.223591
vt 0.047976 0.223685
vt 0.048725 0.224984
vt 0.047723 0.221841
vt 0.047976 0.223685
vt 0.048231 0.223591
vt 0.047723 0.221841
vt 0.048231 0.223591
vt 0.047988 0.221821
vt 0.047723 0.096881
vt 0.047988 0.221821
vt 0.047988 0.096900
vt 0.047723 0.096881
vt 0.047723 0.221841
vt 0.047988 0.221821
vt 0.218476 0.216428
vt 0.204732 0.091335
vt 0.204732 0.216428
vt 0.218476 0.216428
vt 0.218476 0.091335
vt 0.204732 0.091335
vt 0.204732 0.091335
vt 0.218476 0.091335
vt 0.218476 0.089464
vt 0.204732 0.091335
vt 0.218476 0.089464
vt 0.204732 0.089464
vt 0.218476 0.216428
vt 0.204732 0.216428
vt 0.204732 0.218298
vt 0.218476 0.216428
vt 0.204732 0.218298
vt 0.218476 0.218298
vt 0.204732 0.216428
vt 0.204732 0.091335
vt 0.204468 0.091342
vt 0.204732 0.216428
vt 0.204468 0.091342
vt 0.204468 0.216421
vt 0.204732 0.216428
vt 0.204467 0.218267
vt 0.204732 0.218298
vt 0.204732 0.216428
vt 0.204468 0.216421
vt 0.204467 0.218267
vt 0.204468 0.091342
vt 0.204732 0.091335
vt 0.204732 0.089464
vt 0.204468 0.091342
vt 0.204732 0.089464
vt 0.204467 0.089496
vt 0.204732 0.089464
vt 0.218476 0.089464
vt 0.218474 0.088128
vt 0.204732 0.089464
vt 0.218474 0.088128
vt 0.204730 0.088128
vt 0.204467 0.089496
vt 0.204732 0.089464
vt 0.204730 0.088128
vt 0.204467 0.089496
vt 0.204730 0.088128
vt 0.204466 0.088195
vt 0.218476 0.218298
vt 0.204732 0.218298
vt 0.204730 0.219635
vt 0.218476 0.218298
vt 0.204730 0.219635
vt 0.218474 0.219635
vt 0.204732 0.218298
vt 0.204467 0.218267
vt 0.204466 0.219568
vt 0.204732 0.218298
vt 0.204466 0.219568
vt 0.204730 0.219635
vt 0.240368 0.123298
vt 0.254112 0.248391
vt 0.254112 0.123298
vt 0.240368 0.123298
vt 0.240368 0.248391
vt 0.254112 0.248391
vt 0.240368 0.250262
vt 0.254112 0.248391
vt 0.240368 0.248391
vt 0.240368 0.250262
vt 0.254112 0.250262
vt 0.254112 0.248391
vt 0.254112 0.121428
vt 0.240368 0.123298
vt 0.254112 0.123298
vt 0.254112 0.121428
vt 0.240368 0.121428
vt 0.240368 0.123298
vt 0.254376 0.248384
vt 0.254112 0.123298
vt 0.254112 0.248391
vt 0.254376 0.248384
vt 0.254376 0.123305
vt 0.254112 0.123298
vt 0.254112 0.250262
vt 0.254376 0.248384
vt 0.254112 0.248391
vt 0.254112 0.250262
vt 0.254377 0.250230
vt 0.254376 0.248384
vt 0.254377 0.121459
vt 0.254112 0.123298
vt 0.254376 0.123305
vt 0.254377 0.121459
vt 0.254112 0.121428
vt 0.254112 0.123298
vt 0.240370 0.251598
vt 0.254112 0.250262
vt 0.240368 0.250262
vt 0.240370 0.251598
vt 0.254114 0.251598
vt 0.254112 0.250262
vt 0.254114 0.251598
vt 0.254377 0.250230
vt 0.254112 0.250262
vt 0.254114 0.251598
vt 0.254378 0.251531
vt 0.254377 0.250230
vt 0.254114 0.120091
vt 0.240368 0.121428
vt 0.254112 0.121428
vt 0.254114 0.120091
vt 0.240370 0.120091
vt 0.240368 0.121428
vt 0.254378 0.120158
vt 0.254112 0.121428
vt 0.254377 0.121459
vt 0.254378 0.120158
vt 0.254114 0.120091
vt 0.254112 0.121428
vt 0.849232 0.647467
vt 0.863835 0.601848
vt 0.849232 0.601848
vt 0.849232 0.647467
vt 0.863835 0.647467
vt 0.863835 0.601848
vt 0.849232 0.649344
vt 0.863835 0.647467
vt 0.849232 0.647467
vt 0.849232 0.649344
vt 0.863835 0.649344
vt 0.863835 0.647467
vt 0.849232 0.601848
vt 0.863835 0.601848
vt 0.863835 0.599971
vt 0.849232 0.601848
vt 0.863835 0.599971
vt 0.849232 0.599971
vt 0.848951 0.647460
vt 0.849232 0.647467
vt 0.849232 0.601848
vt 0.848951 0.647460
vt 0.849232 0.601848
vt 0.848951 0.601855
vt 0.848951 0.649313
vt 0.849232 0.649344
vt 0.849232 0.647467
vt 0.848951 0.649313
vt 0.849232 0.647467
vt 0.848951 0.647460
vt 0.848951 0.601855
vt 0.849232 0.601848
vt 0.849232 0.599971
vt 0.848951 0.601855
vt 0.849232 0.599971
vt 0.848951 0.600002
vt 0.849230 0.650685
vt 0.863835 0.649344
vt 0.849232 0.649344
vt 0.849230 0.650685
vt 0.863833 0.650685
vt 0.863835 0.649344
vt 0.848949 0.650618
vt 0.849232 0.649344
vt 0.848951 0.649313
vt 0.848949 0.650618
vt 0.849230 0.650685
vt 0.849232 0.649344
vt 0.849232 0.599971
vt 0.863835 0.599971
vt 0.863833 0.598630
vt 0.849232 0.599971
vt 0.863833 0.598630
vt 0.849230 0.598630
vt 0.848951 0.600002
vt 0.849232 0.599971
vt 0.849230 0.598630
vt 0.848951 0.600002
vt 0.849230 0.598630
vt 0.848949 0.598697
vt 0.989054 0.803631
vt 0.974451 0.803631
vt 0.974451 0.758012
vt 0.989054 0.803631
vt 0.974451 0.758012
vt 0.989054 0.758012
vt 0.989054 0.805509
vt 0.974451 0.803631
vt 0.989054 0.803631
vt 0.989054 0.805509
vt 0.974451 0.805508
vt 0.974451 0.803631
vt 0.989054 0.758012
vt 0.974451 0.758012
vt 0.974451 0.756135
vt 0.989054 0.758012
vt 0.974451 0.756135
vt 0.989054 0.756135
vt 0.974451 0.803631
vt 0.974170 0.758019
vt 0.974451 0.758012
vt 0.974451 0.803631
vt 0.974170 0.803625
vt 0.974170 0.758019
vt 0.974451 0.758012
vt 0.974170 0.756167
vt 0.974451 0.756135
vt 0.974451 0.758012
vt 0.974170 0.758019
vt 0.974170 0.756167
vt 0.974451 0.805508
vt 0.974170 0.803625
vt 0.974451 0.803631
vt 0.974451 0.805508
vt 0.974170 0.805477
vt 0.974170 0.803625
vt 0.989054 0.756135
vt 0.974451 0.756135
vt 0.974449 0.754795
vt 0.989054 0.756135
vt 0.974449 0.754795
vt 0.989052 0.754795
vt 0.974451 0.756135
vt 0.974168 0.754862
vt 0.974449 0.754795
vt 0.974451 0.756135
vt 0.974170 0.756167
vt 0.974168 0.754862
vt 0.989052 0.806849
vt 0.974451 0.805508
vt 0.989054 0.805509
vt 0.989052 0.806849
vt 0.974449 0.806849
vt 0.974451 0.805508
vt 0.974449 0.806849
vt 0.974170 0.805477
vt 0.974451 0.805508
vt 0.974449 0.806849
vt 0.974168 0.806782
vt 0.974170 0.805477
vt 0.139499 0.224354
vt 0.137674 0.227701
vt 0.147548 0.231507
vt 0.142294 0.221870
vt 0.139499 0.224354
vt 0.147548 0.231507
vt 0.145723 0.220548
vt 0.142294 0.221870
vt 0.147548 0.231507
vt 0.149373 0.220548
vt 0.145723 0.220548
vt 0.147548 0.231507
vt 0.152802 0.221870
vt 0.149373 0.220548
vt 0.147548 0.231507
vt 0.155598 0.224354
vt 0.152802 0.221870
vt 0.147548 0.231507
vt 0.157422 0.227701
vt 0.155598 0.224354
vt 0.147548 0.231507
vt 0.158056 0.231507
vt 0.157422 0.227701
vt 0.147548 0.231507
vt 0.157422 0.235313
vt 0.158056 0.231507
vt 0.147548 0.231507
vt 0.155598 0.238660
vt 0.157422 0.235313
vt 0.147548 0.231507
vt 0.152802 0.241144
vt 0.155598 0.238660
vt 0.147548 0.231507
vt 0.149373 0.242466
vt 0.152802 0.241144
vt 0.147548 0.231507
vt 0.145724 0.242466
vt 0.149373 0.242466
vt 0.147548 0.231507
vt 0.142294 0.241144
vt 0.145724 0.242466
vt 0.147548 0.231507
vt 0.139499 0.238660
vt 0.142294 0.241144
vt 0.147548 0.231507
vt 0.137674 0.235313
vt 0.139499 0.238660
vt 0.147548 0.231507
vt 0.137040 0.231507
vt 0.137674 0.235313
vt 0.147548 0.231507
vt 0.137674 0.227701
vt 0.137040 0.231507
vt 0.147548 0.231507
vt 0.503411 0.984135
vt 0.501405 0.985404
vt 0.499124 0.978539
vt 0.504900 0.982192
vt 0.503411 0.984135
vt 0.499124 0.978539
vt 0.505692 0.979807
vt 0.504900 0.982192
vt 0.499124 0.978539
vt 0.505692 0.977270
vt 0.505692 0.979807
vt 0.499124 0.978539
vt 0.504900 0.974886
vt 0.505692 0.977270
vt 0.499124 0.978539
vt 0.503411 0.972942
vt 0.504900 0.974886
vt 0.499124 0.978539
vt 0.501405 0.971673
vt 0.503411 0.972942
vt 0.499124 0.978539
vt 0.499124 0.971233
vt 0.501405 0.971673
vt 0.499124 0.978539
vt 0.496843 0.971673
vt 0.499124 0.971233
vt 0.499124 0.978539
vt 0.494838 0.972942
vt 0.496843 0.971673
vt 0.499124 0.978539
vt 0.493349 0.974886
vt 0.494838 0.972942
vt 0.499124 0.978539
vt 0.492557 0.977270
vt 0.493349 0.974886
vt 0.499124 0.978539
vt 0.492557 0.979808
vt 0.492557 0.977270
vt 0.499124 0.978539
vt 0.493349 0.982192
vt 0.492557 0.979808
vt 0.499124 0.978539
vt 0.494838 0.984136
vt 0.493349 0.982192
vt 0.499124 0.978539
vt 0.496844 0.985404
vt 0.494838 0.984136
vt 0.499124 0.978539
vt 0.499124 0.985845
vt 0.496844 0.985404
vt 0.499124 0.978539
vt 0.501405 0.985404
vt 0.499124 0.985845
vt 0.499124 0.978539
vt 0.553325 0.943403
vt 0.553146 0.939422
vt 0.551805 0.940614
vt 0.553325 0.943403
vt 0.554971 0.942769
vt 0.553146 0.939422
vt 0.553854 0.946575
vt 0.554971 0.942769
vt 0.553325 0.943403
vt 0.553854 0.946575
vt 0.555604 0.946575
vt 0.554971 0.942769
vt 0.553325 0.949747
vt 0.555604 0.946575
vt 0.553854 0.946575
vt 0.553325 0.949747
vt 0.554971 0.950381
vt 0.555604 0.946575
vt 0.551805 0.952537
vt 0.554971 0.950381
vt 0.553325 0.949747
vt 0.551805 0.952537
vt 0.553146 0.953728
vt 0.554971 0.950381
vt 0.550350 0.956212
vt 0.553146 0.953728
vt 0.551805 0.952537
vt 0.550350 0.956212
vt 0.551805 0.952537
vt 0.549475 0.954607
vt 0.546617 0.955708
vt 0.550350 0.956212
vt 0.549475 0.954607
vt 0.546617 0.955708
vt 0.546921 0.957534
vt 0.550350 0.956212
vt 0.543272 0.957534
vt 0.546921 0.957534
vt 0.546617 0.955708
vt 0.543272 0.957534
vt 0.546617 0.955708
vt 0.543576 0.955708
vt 0.543272 0.957534
vt 0.543576 0.955708
vt 0.540718 0.954607
vt 0.543272 0.957534
vt 0.540718 0.954607
vt 0.539842 0.956212
vt 0.539842 0.956212
vt 0.540718 0.954607
vt 0.538388 0.952537
vt 0.539842 0.956212
vt 0.538388 0.952537
vt 0.537047 0.953728
vt 0.537047 0.953728
vt 0.538388 0.952537
vt 0.536867 0.949747
vt 0.537047 0.953728
vt 0.536867 0.949747
vt 0.535222 0.950381
vt 0.534588 0.946575
vt 0.535222 0.950381
vt 0.536867 0.949747
vt 0.534588 0.946575
vt 0.536867 0.949747
vt 0.536339 0.946575
vt 0.534588 0.946575
vt 0.536339 0.946575
vt 0.536867 0.943403
vt 0.534588 0.946575
vt 0.536867 0.943403
vt 0.535222 0.942769
vt 0.535222 0.942769
vt 0.536867 0.943403
vt 0.538388 0.940614
vt 0.535222 0.942769
vt 0.538388 0.940614
vt 0.537047 0.939422
vt 0.537047 0.939422
vt 0.538388 0.940614
vt 0.540718 0.938544
vt 0.537047 0.939422
vt 0.540718 0.938544
vt 0.539842 0.936938
vt 0.543576 0.937442
vt 0.539842 0.936938
vt 0.540718 0.938544
vt 0.543576 0.937442
vt 0.543272 0.935616
vt 0.539842 0.936938
vt 0.543576 0.937442
vt 0.546921 0.935616
vt 0.543272 0.935616
vt 0.543576 0.937442
vt 0.546617 0.937442
vt 0.546921 0.935616
vt 0.546617 0.937442
vt 0.550350 0.936938
vt 0.546921 0.935616
vt 0.546617 0.937442
vt 0.549475 0.938544
vt 0.550350 0.936938
vt 0.549475 0.938544
vt 0.553146 0.939422
vt 0.550350 0.936938
vt 0.549475 0.938544
vt 0.551805 0.940614
vt 0.553146 0.939422
vt 0.224608 0.222634
vt 0.224609 0.218756
vt 0.236865 0.218756
vt 0.224608 0.222634
vt 0.236865 0.218756
vt 0.236864 0.222634
vt 0.224606 0.226027
vt 0.224608 0.222634
vt 0.236864 0.222634
vt 0.224606 0.226027
vt 0.236864 0.222634
vt 0.236862 0.226027
vt 0.224609 0.218756
vt 0.236864 0.214860
vt 0.236865 0.218756
vt 0.224609 0.218756
vt 0.224608 0.214860
vt 0.236864 0.214860
vt 0.224608 0.214860
vt 0.236862 0.211416
vt 0.236864 0.214860
vt 0.224608 0.214860
vt 0.224606 0.211416
vt 0.236862 0.211416
vt 0.620190 0.745662
vt 0.616237 0.745662
vt 0.616237 0.758447
vt 0.620190 0.745662
vt 0.616237 0.758447
vt 0.620190 0.758447
vt 0.623905 0.745662
vt 0.620190 0.745662
vt 0.620190 0.758447
vt 0.623905 0.745662
vt 0.620190 0.758447
vt 0.623905 0.758447
vt 0.616237 0.745662
vt 0.612522 0.758447
vt 0.616237 0.758447
vt 0.616237 0.745662
vt 0.612522 0.745662
vt 0.612522 0.758447
vt 0.286190 0.184012
vt 0.282485 0.184009
vt 0.282485 0.171233
vt 0.286190 0.184012
vt 0.282485 0.171233
vt 0.286190 0.171235
vt 0.289405 0.184018
vt 0.286190 0.184012
vt 0.286190 0.171235
vt 0.289405 0.184018
vt 0.286190 0.171235
vt 0.289405 0.171242
vt 0.282485 0.184009
vt 0.278736 0.171235
vt 0.282485 0.171233
vt 0.282485 0.184009
vt 0.278736 0.184011
vt 0.278736 0.171235
vt 0.278736 0.184011
vt 0.275394 0.171240
vt 0.278736 0.171235
vt 0.278736 0.184011
vt 0.275394 0.184017
vt 0.275394 0.171240
vt 0.955775 0.141375
vt 0.955774 0.137503
vt 0.943520 0.137503
vt 0.955775 0.141375
vt 0.943520 0.137503
vt 0.943522 0.141375
vt 0.955774 0.137503
vt 0.943521 0.133600
vt 0.943520 0.137503
vt 0.955774 0.137503
vt 0.955775 0.133600
vt 0.943521 0.133600
vt 0.955779 0.144749
vt 0.955775 0.141375
vt 0.943522 0.141375
vt 0.955779 0.144749
vt 0.943522 0.141375
vt 0.943526 0.144749
vt 0.955775 0.133600
vt 0.943525 0.130137
vt 0.943521 0.133600
vt 0.955775 0.133600
vt 0.955779 0.130137
vt 0.943525 0.130137
vt 0.045760 0.867123
vt 0.041806 0.867123
vt 0.041806 0.854338
vt 0.045760 0.867123
vt 0.041806 0.854338
vt 0.045760 0.854338
vt 0.041806 0.867123
vt 0.038091 0.854338
vt 0.041806 0.854338
vt 0.041806 0.867123
vt 0.038091 0.867123
vt 0.038091 0.854338
vt 0.049475 0.867123
vt 0.045760 0.867123
vt 0.045760 0.854338
vt 0.049475 0.867123
vt 0.045760 0.854338
vt 0.049475 0.854338
vt 0.599505 0.475213
vt 0.597889 0.473800
vt 0.599453 0.471013
vt 0.599505 0.475213
vt 0.599453 0.471013
vt 0.601965 0.473216
vt 0.597889 0.473800
vt 0.596340 0.469863
vt 0.599453 0.471013
vt 0.597889 0.473800
vt 0.595823 0.473075
vt 0.596340 0.469863
vt 0.595823 0.473075
vt 0.593004 0.469863
vt 0.596340 0.469863
vt 0.595823 0.473075
vt 0.593572 0.473114
vt 0.593004 0.469863
vt 0.593572 0.473114
vt 0.589828 0.470991
vt 0.593004 0.469863
vt 0.593572 0.473114
vt 0.591402 0.473907
vt 0.589828 0.470991
vt 0.591402 0.473907
vt 0.587166 0.473110
vt 0.589828 0.470991
vt 0.591402 0.473907
vt 0.589565 0.475359
vt 0.587166 0.473110
vt 0.589565 0.475359
vt 0.585318 0.475983
vt 0.587166 0.473110
vt 0.589565 0.475359
vt 0.588270 0.477305
vt 0.585318 0.475983
vt 0.588270 0.477305
vt 0.584501 0.479290
vt 0.585318 0.475983
vt 0.588270 0.477305
vt 0.587667 0.479521
vt 0.584501 0.479290
vt 0.587667 0.479521
vt 0.584828 0.482658
vt 0.584501 0.479290
vt 0.587667 0.479521
vt 0.587833 0.481743
vt 0.584828 0.482658
vt 0.587833 0.481743
vt 0.586301 0.485688
vt 0.584828 0.482658
vt 0.587833 0.481743
vt 0.588762 0.483691
vt 0.586301 0.485688
vt 0.588762 0.483691
vt 0.588813 0.487891
vt 0.586301 0.485688
vt 0.588762 0.483691
vt 0.590377 0.485105
vt 0.588813 0.487891
vt 0.590377 0.485105
vt 0.591926 0.489041
vt 0.588813 0.487891
vt 0.590377 0.485105
vt 0.592443 0.485829
vt 0.591926 0.489041
vt 0.592443 0.485829
vt 0.595262 0.489041
vt 0.591926 0.489041
vt 0.592443 0.485829
vt 0.594695 0.485790
vt 0.595262 0.489041
vt 0.594695 0.485790
vt 0.598439 0.487913
vt 0.595262 0.489041
vt 0.594695 0.485790
vt 0.596864 0.484998
vt 0.598439 0.487913
vt 0.596864 0.484998
vt 0.601100 0.485794
vt 0.598439 0.487913
vt 0.596864 0.484998
vt 0.598701 0.483545
vt 0.601100 0.485794
vt 0.598701 0.483545
vt 0.602948 0.482921
vt 0.601100 0.485794
vt 0.598701 0.483545
vt 0.599996 0.481599
vt 0.602948 0.482921
vt 0.599996 0.481599
vt 0.603765 0.479614
vt 0.602948 0.482921
vt 0.599996 0.481599
vt 0.600599 0.479383
vt 0.603765 0.479614
vt 0.600599 0.479383
vt 0.603438 0.476246
vt 0.603765 0.479614
vt 0.600599 0.479383
vt 0.600434 0.477161
vt 0.603438 0.476246
vt 0.600434 0.477161
vt 0.599505 0.475213
vt 0.601965 0.473216
vt 0.600434 0.477161
vt 0.601965 0.473216
vt 0.603438 0.476246
vt 0.447096 0.835160
vt 0.443447 0.835160
vt 0.445271 0.846119
vt 0.450525 0.836482
vt 0.447096 0.835160
vt 0.445271 0.846119
vt 0.453321 0.838966
vt 0.450525 0.836482
vt 0.445271 0.846119
vt 0.455146 0.842313
vt 0.453321 0.838966
vt 0.445271 0.846119
vt 0.455779 0.846119
vt 0.455146 0.842313
vt 0.445271 0.846119
vt 0.455146 0.849925
vt 0.455779 0.846119
vt 0.445271 0.846119
vt 0.453321 0.853272
vt 0.455146 0.849925
vt 0.445271 0.846119
vt 0.450525 0.855756
vt 0.453321 0.853272
vt 0.445271 0.846119
vt 0.447096 0.857078
vt 0.450525 0.855756
vt 0.445271 0.846119
vt 0.443447 0.857078
vt 0.447096 0.857078
vt 0.445271 0.846119
vt 0.440018 0.855756
vt 0.443447 0.857078
vt 0.445271 0.846119
vt 0.437222 0.853272
vt 0.440018 0.855756
vt 0.445271 0.846119
vt 0.435397 0.849925
vt 0.437222 0.853272
vt 0.445271 0.846119
vt 0.434764 0.846119
vt 0.435397 0.849925
vt 0.445271 0.846119
vt 0.435397 0.842313
vt 0.434764 0.846119
vt 0.445271 0.846119
vt 0.437222 0.838966
vt 0.435397 0.842313
vt 0.445271 0.846119
vt 0.440018 0.836482
vt 0.437222 0.838966
vt 0.445271 0.846119
vt 0.443447 0.835160
vt 0.440018 0.836482
vt 0.445271 0.846119
vt 0.764794 0.645646
vt 0.767075 0.645205
vt 0.767075 0.652511
vt 0.762789 0.646915
vt 0.764794 0.645646
vt 0.767075 0.652511
vt 0.761300 0.648858
vt 0.762789 0.646915
vt 0.767075 0.652511
vt 0.760508 0.651243
vt 0.761300 0.648858
vt 0.767075 0.652511
vt 0.760508 0.653780
vt 0.760508 0.651243
vt 0.767075 0.652511
vt 0.761300 0.656164
vt 0.760508 0.653780
vt 0.767075 0.652511
vt 0.762789 0.658108
vt 0.761300 0.656164
vt 0.767075 0.652511
vt 0.764795 0.659377
vt 0.762789 0.658108
vt 0.767075 0.652511
vt 0.767075 0.659817
vt 0.764795 0.659377
vt 0.767075 0.652511
vt 0.769356 0.659377
vt 0.767075 0.659817
vt 0.767075 0.652511
vt 0.771362 0.658108
vt 0.769356 0.659377
vt 0.767075 0.652511
vt 0.772851 0.656164
vt 0.771362 0.658108
vt 0.767075 0.652511
vt 0.773643 0.653780
vt 0.772851 0.656164
vt 0.767075 0.652511
vt 0.773643 0.651243
vt 0.773643 0.653780
vt 0.767075 0.652511
vt 0.772851 0.648858
vt 0.773643 0.651243
vt 0.767075 0.652511
vt 0.771362 0.646915
vt 0.772851 0.648858
vt 0.767075 0.652511
vt 0.769356 0.645646
vt 0.771362 0.646915
vt 0.767075 0.652511
vt 0.767075 0.645205
vt 0.769356 0.645646
vt 0.767075 0.652511
vt 0.180127 0.117351
vt 0.180970 0.113523
vt 0.182113 0.114921
vt 0.180127 0.117351
vt 0.178588 0.116438
vt 0.180970 0.113523
vt 0.179071 0.120332
vt 0.178588 0.116438
vt 0.180127 0.117351
vt 0.179071 0.120332
vt 0.177320 0.120015
vt 0.178588 0.116438
vt 0.177320 0.123821
vt 0.177320 0.120015
vt 0.179071 0.120332
vt 0.177320 0.123821
vt 0.179071 0.120332
vt 0.179071 0.123504
vt 0.180127 0.126484
vt 0.177320 0.123821
vt 0.179071 0.123504
vt 0.180127 0.126484
vt 0.178588 0.127397
vt 0.177320 0.123821
vt 0.180970 0.130313
vt 0.178588 0.127397
vt 0.180127 0.126484
vt 0.180970 0.130313
vt 0.180127 0.126484
vt 0.182113 0.128914
vt 0.180970 0.130313
vt 0.182113 0.128914
vt 0.184787 0.130500
vt 0.180970 0.130313
vt 0.184787 0.130500
vt 0.184179 0.132216
vt 0.184179 0.132216
vt 0.184787 0.130500
vt 0.187828 0.131051
vt 0.184179 0.132216
vt 0.187828 0.131051
vt 0.187828 0.132877
vt 0.187828 0.132877
vt 0.187828 0.131051
vt 0.190870 0.130500
vt 0.187828 0.132877
vt 0.190870 0.130500
vt 0.191478 0.132216
vt 0.191478 0.132216
vt 0.190870 0.130500
vt 0.193544 0.128914
vt 0.191478 0.132216
vt 0.193544 0.128914
vt 0.194687 0.130313
vt 0.194687 0.130313
vt 0.193544 0.128914
vt 0.195529 0.126484
vt 0.194687 0.130313
vt 0.195529 0.126484
vt 0.197069 0.127397
vt 0.197069 0.127397
vt 0.195529 0.126484
vt 0.196586 0.123504
vt 0.197069 0.127397
vt 0.196586 0.123504
vt 0.198336 0.123821
vt 0.198336 0.123821
vt 0.196586 0.123504
vt 0.196586 0.120332
vt 0.198336 0.123821
vt 0.196586 0.120332
vt 0.198336 0.120015
vt 0.195529 0.117351
vt 0.198336 0.120015
vt 0.196586 0.120332
vt 0.195529 0.117351
vt 0.197069 0.116438
vt 0.198336 0.120015
vt 0.195529 0.117351
vt 0.194687 0.113523
vt 0.197069 0.116438
vt 0.195529 0.117351
vt 0.193544 0.114921
vt 0.194687 0.113523
vt 0.193544 0.114921
vt 0.191478 0.111620
vt 0.194687 0.113523
vt 0.193544 0.114921
vt 0.190870 0.113335
vt 0.191478 0.111620
vt 0.190870 0.113335
vt 0.187828 0.110959
vt 0.191478 0.111620
vt 0.190870 0.113335
vt 0.187828 0.112785
vt 0.187828 0.110959
vt 0.184787 0.113335
vt 0.187828 0.110959
vt 0.187828 0.112785
vt 0.184787 0.113335
vt 0.184179 0.111620
vt 0.187828 0.110959
vt 0.180970 0.113523
vt 0.184179 0.111620
vt 0.184787 0.113335
vt 0.180970 0.113523
vt 0.184787 0.113335
vt 0.182113 0.114921
vt 0.840226 0.634247
vt 0.843944 0.621464
vt 0.840226 0.621465
vt 0.840226 0.634247
vt 0.843944 0.634246
vt 0.843944 0.621464
vt 0.836490 0.634246
vt 0.840226 0.634247
vt 0.840226 0.621465
vt 0.836490 0.634246
vt 0.840226 0.621465
vt 0.836490 0.621464
vt 0.843944 0.634246
vt 0.847198 0.621461
vt 0.843944 0.621464
vt 0.843944 0.634246
vt 0.847198 0.634243
vt 0.847198 0.621461
vt 0.833187 0.634243
vt 0.836490 0.634246
vt 0.836490 0.621464
vt 0.833187 0.634243
vt 0.836490 0.621464
vt 0.833187 0.621461
vt 0.678485 0.469856
vt 0.674779 0.469854
vt 0.674779 0.457078
vt 0.678485 0.469856
vt 0.674779 0.457078
vt 0.678485 0.457080
vt 0.674779 0.469854
vt 0.671030 0.457079
vt 0.674779 0.457078
vt 0.674779 0.469854
vt 0.671030 0.469856
vt 0.671030 0.457079
vt 0.681699 0.469863
vt 0.678485 0.469856
vt 0.678485 0.457080
vt 0.681699 0.469863
vt 0.678485 0.457080
vt 0.681699 0.457087
vt 0.671030 0.469856
vt 0.667688 0.457085
vt 0.671030 0.457079
vt 0.671030 0.469856
vt 0.667688 0.469861
vt 0.667688 0.457085
vt 0.865586 0.970094
vt 0.865587 0.973984
vt 0.853329 0.973984
vt 0.865586 0.970094
vt 0.853329 0.973984
vt 0.853328 0.970094
vt 0.865587 0.973984
vt 0.853328 0.977868
vt 0.853329 0.973984
vt 0.865587 0.973984
vt 0.865586 0.977868
vt 0.853328 0.977868
vt 0.865586 0.966667
vt 0.865586 0.970094
vt 0.853328 0.970094
vt 0.865586 0.966667
vt 0.853328 0.970094
vt 0.853328 0.966667
vt 0.865586 0.977868
vt 0.853328 0.981279
vt 0.853328 0.977868
vt 0.865586 0.977868
vt 0.865586 0.981279
vt 0.853328 0.981279
vt 0.316762 0.274429
vt 0.320716 0.287215
vt 0.316762 0.287215
vt 0.316762 0.274429
vt 0.320716 0.274429
vt 0.320716 0.287215
vt 0.313047 0.274429
vt 0.316762 0.274429
vt 0.316762 0.287215
vt 0.313047 0.274429
vt 0.316762 0.287215
vt 0.313047 0.287215
vt 0.320716 0.274429
vt 0.324431 0.287215
vt 0.320716 0.287215
vt 0.320716 0.274429
vt 0.324431 0.274429
vt 0.324431 0.287215
vt 0.839529 0.706393
vt 0.843483 0.693607
vt 0.839529 0.693607
vt 0.839529 0.706393
vt 0.843483 0.706393
vt 0.843483 0.693607
vt 0.835814 0.706393
vt 0.839529 0.706393
vt 0.839529 0.693607
vt 0.835814 0.706393
vt 0.839529 0.693607
vt 0.835814 0.693607
vt 0.843483 0.706393
vt 0.847198 0.693607
vt 0.843483 0.693607
vt 0.843483 0.706393
vt 0.847198 0.706393
vt 0.847198 0.693607
vt 0.012366 0.966097
vt 0.012955 0.968320
vt 0.010012 0.969679
vt 0.012366 0.966097
vt 0.010012 0.969679
vt 0.009194 0.966372
vt 0.012955 0.968320
vt 0.011860 0.972552
vt 0.010012 0.969679
vt 0.012955 0.968320
vt 0.014238 0.970276
vt 0.011860 0.972552
vt 0.014238 0.970276
vt 0.014521 0.974671
vt 0.011860 0.972552
vt 0.014238 0.970276
vt 0.016065 0.971742
vt 0.014521 0.974671
vt 0.016065 0.971742
vt 0.017698 0.975799
vt 0.014521 0.974671
vt 0.016065 0.971742
vt 0.018228 0.972548
vt 0.017698 0.975799
vt 0.018228 0.972548
vt 0.021034 0.975799
vt 0.017698 0.975799
vt 0.018228 0.972548
vt 0.020477 0.972603
vt 0.021034 0.975799
vt 0.020477 0.972603
vt 0.024147 0.974649
vt 0.021034 0.975799
vt 0.020477 0.972603
vt 0.022543 0.971895
vt 0.024147 0.974649
vt 0.022543 0.971895
vt 0.026658 0.972446
vt 0.024147 0.974649
vt 0.022543 0.971895
vt 0.024162 0.970497
vt 0.026658 0.972446
vt 0.024162 0.970497
vt 0.028132 0.969416
vt 0.026658 0.972446
vt 0.024162 0.970497
vt 0.025106 0.968549
vt 0.028132 0.969416
vt 0.025106 0.968549
vt 0.028459 0.966048
vt 0.028132 0.969416
vt 0.025106 0.968549
vt 0.025287 0.966323
vt 0.028459 0.966048
vt 0.025287 0.966323
vt 0.027641 0.962741
vt 0.028459 0.966048
vt 0.025287 0.966323
vt 0.024698 0.964100
vt 0.027641 0.962741
vt 0.024698 0.964100
vt 0.025794 0.959868
vt 0.027641 0.962741
vt 0.024698 0.964100
vt 0.023415 0.962144
vt 0.025794 0.959868
vt 0.023415 0.962144
vt 0.023132 0.957749
vt 0.025794 0.959868
vt 0.023415 0.962144
vt 0.021588 0.960679
vt 0.023132 0.957749
vt 0.021588 0.960679
vt 0.019955 0.956621
vt 0.023132 0.957749
vt 0.021588 0.960679
vt 0.019425 0.959872
vt 0.019955 0.956621
vt 0.019425 0.959872
vt 0.016619 0.956621
vt 0.019955 0.956621
vt 0.019425 0.959872
vt 0.017177 0.959817
vt 0.016619 0.956621
vt 0.017177 0.959817
vt 0.013507 0.957771
vt 0.016619 0.956621
vt 0.017177 0.959817
vt 0.015111 0.960525
vt 0.013507 0.957771
vt 0.015111 0.960525
vt 0.010995 0.959974
vt 0.013507 0.957771
vt 0.015111 0.960525
vt 0.013492 0.961923
vt 0.010995 0.959974
vt 0.013492 0.961923
vt 0.009522 0.963004
vt 0.010995 0.959974
vt 0.013492 0.961923
vt 0.012547 0.963871
vt 0.009522 0.963004
vt 0.012547 0.963871
vt 0.009194 0.966372
vt 0.009522 0.963004
vt 0.012547 0.963871
vt 0.012366 0.966097
vt 0.009194 0.966372
vt 0.471541 0.090451
vt 0.471541 0.378955
vt 0.594133 0.234703
vt 0.472792 0.076119
vt 0.471541 0.090451
vt 0.594133 0.234703
vt 0.475982 0.066154
vt 0.472792 0.076119
vt 0.594133 0.234703
vt 0.480687 0.059295
vt 0.475982 0.066154
vt 0.594133 0.234703
vt 0.487273 0.054396
vt 0.480687 0.059295
vt 0.594133 0.234703
vt 0.496842 0.051075
vt 0.487273 0.054396
vt 0.594133 0.234703
vt 0.510606 0.049772
vt 0.496842 0.051075
vt 0.594133 0.234703
vt 0.677661 0.049772
vt 0.510606 0.049772
vt 0.594133 0.234703
vt 0.691424 0.051075
vt 0.677661 0.049772
vt 0.594133 0.234703
vt 0.700993 0.054396
vt 0.691424 0.051075
vt 0.594133 0.234703
vt 0.707580 0.059295
vt 0.700993 0.054396
vt 0.594133 0.234703
vt 0.712284 0.066154
vt 0.707580 0.059295
vt 0.594133 0.234703
vt 0.715474 0.076119
vt 0.712284 0.066154
vt 0.594133 0.234703
vt 0.716725 0.090451
vt 0.715474 0.076119
vt 0.594133 0.234703
vt 0.716725 0.378955
vt 0.716725 0.090451
vt 0.594133 0.234703
vt 0.715474 0.393288
vt 0.716725 0.378955
vt 0.594133 0.234703
vt 0.712284 0.403253
vt 0.715474 0.393288
vt 0.594133 0.234703
vt 0.707580 0.410111
vt 0.712284 0.403253
vt 0.594133 0.234703
vt 0.700993 0.415010
vt 0.707580 0.410111
vt 0.594133 0.234703
vt 0.691424 0.418332
vt 0.700993 0.415010
vt 0.594133 0.234703
vt 0.677661 0.419635
vt 0.691424 0.418332
vt 0.594133 0.234703
vt 0.510606 0.419635
vt 0.677661 0.419635
vt 0.594133 0.234703
vt 0.496842 0.418332
vt 0.510606 0.419635
vt 0.594133 0.234703
vt 0.487273 0.415010
vt 0.496842 0.418332
vt 0.594133 0.234703
vt 0.480687 0.410111
vt 0.487273 0.415010
vt 0.594133 0.234703
vt 0.475982 0.403253
vt 0.480687 0.410111
vt 0.594133 0.234703
vt 0.472792 0.393288
vt 0.475982 0.403253
vt 0.594133 0.234703
vt 0.471541 0.378955
vt 0.472792 0.393288
vt 0.594133 0.234703
vt 0.106607 0.872603
vt 0.106607 0.765753
vt 0.387264 0.765753
vt 0.106607 0.872603
vt 0.387264 0.765753
vt 0.387264 0.872603
vt 0.090466 0.872603
vt 0.106607 0.765753
vt 0.106607 0.872603
vt 0.090466 0.872603
vt 0.090466 0.765753
vt 0.106607 0.765753
vt 0.387264 0.872603
vt 0.387264 0.765753
vt 0.403405 0.765753
vt 0.387264 0.872603
vt 0.403405 0.765753
vt 0.403405 0.872603
vt 0.403405 0.872603
vt 0.403405 0.765753
vt 0.416611 0.765753
vt 0.403405 0.872603
vt 0.416611 0.765753
vt 0.416611 0.872603
vt 0.077259 0.872603
vt 0.090466 0.765753
vt 0.090466 0.872603
vt 0.077259 0.872603
vt 0.077259 0.765753
vt 0.090466 0.765753
vt 0.066988 0.872603
vt 0.077259 0.765753
vt 0.077259 0.872603
vt 0.066988 0.872603
vt 0.066988 0.765753
vt 0.077259 0.765753
vt 0.416611 0.872603
vt 0.416611 0.765753
vt 0.426883 0.765753
vt 0.416611 0.872603
vt 0.426883 0.765753
vt 0.426883 0.872603
vt 0.326843 0.763014
vt 0.046186 0.656164
vt 0.046186 0.763014
vt 0.326843 0.763014
vt 0.326843 0.656164
vt 0.046186 0.656164
vt 0.342984 0.763014
vt 0.326843 0.656164
vt 0.326843 0.763014
vt 0.342984 0.763014
vt 0.342984 0.656164
vt 0.326843 0.656164
vt 0.046186 0.763014
vt 0.046186 0.656164
vt 0.030045 0.656164
vt 0.046186 0.763014
vt 0.030045 0.656164
vt 0.030045 0.763014
vt 0.356191 0.763014
vt 0.342984 0.656164
vt 0.342984 0.763014
vt 0.356191 0.763014
vt 0.356191 0.656164
vt 0.342984 0.656164
vt 0.030045 0.763014
vt 0.030045 0.656164
vt 0.016839 0.656164
vt 0.030045 0.763014
vt 0.016839 0.656164
vt 0.016839 0.763014
vt 0.366462 0.763014
vt 0.356191 0.656164
vt 0.356191 0.763014
vt 0.366462 0.763014
vt 0.366462 0.656164
vt 0.356191 0.656164
vt 0.016839 0.763014
vt 0.016839 0.656164
vt 0.006567 0.656164
vt 0.016839 0.763014
vt 0.006567 0.656164
vt 0.006567 0.763014
vt 0.768081 0.891781
vt 0.597944 0.999543
vt 0.768081 0.999543
vt 0.768081 0.891781
vt 0.597944 0.891781
vt 0.597944 0.999543
vt 0.768081 0.891781
vt 0.768081 0.999543
vt 0.784260 0.999543
vt 0.768081 0.891781
vt 0.784260 0.999543
vt 0.784260 0.891781
vt 0.597944 0.999543
vt 0.597944 0.891781
vt 0.581765 0.891781
vt 0.597944 0.999543
vt 0.581765 0.891781
vt 0.581765 0.999543
vt 0.784260 0.891781
vt 0.784260 0.999543
vt 0.797497 0.999543
vt 0.784260 0.891781
vt 0.797497 0.999543
vt 0.797497 0.891781
vt 0.581765 0.999543
vt 0.581765 0.891781
vt 0.568527 0.891781
vt 0.581765 0.999543
vt 0.568527 0.891781
vt 0.568527 0.999543
vt 0.568527 0.999543
vt 0.568527 0.891781
vt 0.558231 0.891781
vt 0.568527 0.999543
vt 0.558231 0.891781
vt 0.558231 0.999543
vt 0.797497 0.891781
vt 0.797497 0.999543
vt 0.807793 0.999543
vt 0.797497 0.891781
vt 0.807793 0.999543
vt 0.807793 0.891781
vt 0.959850 0.122831
vt 0.789713 0.015069
vt 0.959850 0.015068
vt 0.959850 0.122831
vt 0.789713 0.122831
vt 0.789713 0.015069
vt 0.976029 0.015068
vt 0.959850 0.122831
vt 0.959850 0.015068
vt 0.976029 0.015068
vt 0.976029 0.122831
vt 0.959850 0.122831
vt 0.773533 0.122831
vt 0.789713 0.015069
vt 0.789713 0.122831
vt 0.773533 0.122831
vt 0.773533 0.015068
vt 0.789713 0.015069
vt 0.760296 0.122831
vt 0.773533 0.015068
vt 0.773533 0.122831
vt 0.760296 0.122831
vt 0.760296 0.015069
vt 0.773533 0.015068
vt 0.989266 0.015068
vt 0.976029 0.122831
vt 0.976029 0.015068
vt 0.989266 0.015068
vt 0.989266 0.122831
vt 0.976029 0.122831
vt 0.999562 0.015069
vt 0.989266 0.122831
vt 0.989266 0.015068
vt 0.999562 0.015069
vt 0.999562 0.122831
vt 0.989266 0.122831
vt 0.750000 0.122831
vt 0.760296 0.015069
vt 0.760296 0.122831
vt 0.750000 0.122831
vt 0.750000 0.015069
vt 0.760296 0.015069
vt 0.732242 0.048264
vt 0.740235 0.061248
vt 0.736649 0.062029
vt 0.736649 0.062029
vt 0.740235 0.061248
vt 0.741769 0.078812
vt 0.736649 0.062029
vt 0.741769 0.078812
vt 0.738118 0.078852
vt 0.738118 0.078852
vt 0.741769 0.078812
vt 0.741761 0.371678
vt 0.738118 0.078852
vt 0.741761 0.371678
vt 0.738121 0.371373
vt 0.738121 0.371373
vt 0.741761 0.371678
vt 0.740239 0.388977
vt 0.738121 0.371373
vt 0.740239 0.388977
vt 0.736652 0.388197
vt 0.736652 0.388197
vt 0.740239 0.388977
vt 0.735525 0.403700
vt 0.736652 0.388197
vt 0.735525 0.403700
vt 0.732245 0.401961
vt 0.732245 0.401961
vt 0.735525 0.403700
vt 0.727509 0.415383
vt 0.732245 0.401961
vt 0.727509 0.415383
vt 0.724899 0.412667
vt 0.724899 0.412667
vt 0.727509 0.415383
vt 0.716286 0.423728
vt 0.724899 0.412667
vt 0.716286 0.423728
vt 0.714616 0.420314
vt 0.714616 0.420314
vt 0.716286 0.423728
vt 0.702144 0.428636
vt 0.714616 0.420314
vt 0.702144 0.428636
vt 0.701394 0.424902
vt 0.685234 0.426432
vt 0.701394 0.424902
vt 0.702144 0.428636
vt 0.685234 0.426432
vt 0.702144 0.428636
vt 0.685272 0.430233
vt 0.515296 0.426434
vt 0.685234 0.426432
vt 0.685272 0.430233
vt 0.515296 0.426434
vt 0.685272 0.430233
vt 0.515003 0.430223
vt 0.499136 0.424905
vt 0.515296 0.426434
vt 0.515003 0.430223
vt 0.499136 0.424905
vt 0.515003 0.430223
vt 0.498385 0.428638
vt 0.484243 0.423731
vt 0.499136 0.424905
vt 0.498385 0.428638
vt 0.484243 0.423731
vt 0.485913 0.420317
vt 0.499136 0.424905
vt 0.473021 0.415386
vt 0.485913 0.420317
vt 0.484243 0.423731
vt 0.473021 0.415386
vt 0.475630 0.412670
vt 0.485913 0.420317
vt 0.465004 0.403703
vt 0.475630 0.412670
vt 0.473021 0.415386
vt 0.465004 0.403703
vt 0.468284 0.401964
vt 0.475630 0.412670
vt 0.460290 0.388980
vt 0.468284 0.401964
vt 0.465004 0.403703
vt 0.460290 0.388980
vt 0.463876 0.388199
vt 0.468284 0.401964
vt 0.458756 0.371416
vt 0.463876 0.388199
vt 0.460290 0.388980
vt 0.458756 0.371416
vt 0.462407 0.371376
vt 0.463876 0.388199
vt 0.458765 0.078551
vt 0.462407 0.371376
vt 0.458756 0.371416
vt 0.458765 0.078551
vt 0.462404 0.078855
vt 0.462407 0.371376
vt 0.460287 0.061251
vt 0.462404 0.078855
vt 0.458765 0.078551
vt 0.460287 0.061251
vt 0.463873 0.062032
vt 0.462404 0.078855
vt 0.465001 0.046529
vt 0.463873 0.062032
vt 0.460287 0.061251
vt 0.465001 0.046529
vt 0.468280 0.048267
vt 0.463873 0.062032
vt 0.473017 0.034845
vt 0.468280 0.048267
vt 0.465001 0.046529
vt 0.473017 0.034845
vt 0.475626 0.037561
vt 0.468280 0.048267
vt 0.484239 0.026500
vt 0.475626 0.037561
vt 0.473017 0.034845
vt 0.484239 0.026500
vt 0.485910 0.029914
vt 0.475626 0.037561
vt 0.498381 0.021592
vt 0.485910 0.029914
vt 0.484239 0.026500
vt 0.498381 0.021592
vt 0.499132 0.025326
vt 0.485910 0.029914
vt 0.498381 0.021592
vt 0.515292 0.023796
vt 0.499132 0.025326
vt 0.498381 0.021592
vt 0.515253 0.019995
vt 0.515292 0.023796
vt 0.515253 0.019995
vt 0.685230 0.023795
vt 0.515292 0.023796
vt 0.515253 0.019995
vt 0.685522 0.020006
vt 0.685230 0.023795
vt 0.685522 0.020006
vt 0.701390 0.025324
vt 0.685230 0.023795
vt 0.685522 0.020006
vt 0.702140 0.021590
vt 0.701390 0.025324
vt 0.701390 0.025324
vt 0.702140 0.021590
vt 0.716282 0.026498
vt 0.701390 0.025324
vt 0.716282 0.026498
vt 0.714612 0.029912
vt 0.714612 0.029912
vt 0.716282 0.026498
vt 0.727505 0.034843
vt 0.714612 0.029912
vt 0.727505 0.034843
vt 0.724896 0.037559
vt 0.724896 0.037559
vt 0.727505 0.034843
vt 0.735521 0.046526
vt 0.724896 0.037559
vt 0.735521 0.046526
vt 0.732242 0.048264
vt 0.732242 0.048264
vt 0.735521 0.046526
vt 0.740235 0.061248
vt 0.456655 0.078550
vt 0.458765 0.078551
vt 0.458756 0.371416
vt 0.456655 0.078550
vt 0.458756 0.371416
vt 0.456655 0.371614
vt 0.456655 0.371614
vt 0.458756 0.371416
vt 0.460290 0.388980
vt 0.456655 0.371614
vt 0.460290 0.388980
vt 0.458215 0.389432
vt 0.458215 0.389432
vt 0.460290 0.388980
vt 0.465004 0.403703
vt 0.458215 0.389432
vt 0.465004 0.403703
vt 0.463107 0.404708
vt 0.463107 0.404708
vt 0.465004 0.403703
vt 0.473021 0.415386
vt 0.463107 0.404708
vt 0.473021 0.415386
vt 0.471512 0.416957
vt 0.471512 0.416957
vt 0.473021 0.415386
vt 0.484243 0.423731
vt 0.471512 0.416957
vt 0.484243 0.423731
vt 0.483277 0.425705
vt 0.483277 0.425705
vt 0.484243 0.423731
vt 0.498385 0.428638
vt 0.483277 0.425705
vt 0.498385 0.428638
vt 0.497951 0.430798
vt 0.458212 0.060799
vt 0.460287 0.061251
vt 0.458765 0.078551
vt 0.458212 0.060799
vt 0.458765 0.078551
vt 0.456655 0.078550
vt 0.463104 0.045523
vt 0.460287 0.061251
vt 0.458212 0.060799
vt 0.463104 0.045523
vt 0.465001 0.046529
vt 0.460287 0.061251
vt 0.471508 0.033274
vt 0.465001 0.046529
vt 0.463104 0.045523
vt 0.471508 0.033274
vt 0.473017 0.034845
vt 0.465001 0.046529
vt 0.483274 0.024525
vt 0.484239 0.026500
vt 0.473017 0.034845
vt 0.483274 0.024525
vt 0.473017 0.034845
vt 0.471508 0.033274
vt 0.497947 0.019432
vt 0.498381 0.021592
vt 0.484239 0.026500
vt 0.497947 0.019432
vt 0.484239 0.026500
vt 0.483274 0.024525
vt 0.497947 0.019432
vt 0.515253 0.019995
vt 0.498381 0.021592
vt 0.497947 0.019432
vt 0.515063 0.017808
vt 0.515253 0.019995
vt 0.498385 0.428638
vt 0.515003 0.432419
vt 0.497951 0.430798
vt 0.498385 0.428638
vt 0.515003 0.430223
vt 0.515003 0.432419
vt 0.515003 0.430223
vt 0.685463 0.432420
vt 0.515003 0.432419
vt 0.515003 0.430223
vt 0.685272 0.430233
vt 0.685463 0.432420
vt 0.685272 0.430233
vt 0.702578 0.430796
vt 0.685463 0.432420
vt 0.685272 0.430233
vt 0.702144 0.428636
vt 0.702578 0.430796
vt 0.716286 0.423728
vt 0.702578 0.430796
vt 0.702144 0.428636
vt 0.716286 0.423728
vt 0.717252 0.425703
vt 0.702578 0.430796
vt 0.727509 0.415383
vt 0.717252 0.425703
vt 0.716286 0.423728
vt 0.727509 0.415383
vt 0.729018 0.416954
vt 0.717252 0.425703
vt 0.735525 0.403700
vt 0.729018 0.416954
vt 0.727509 0.415383
vt 0.735525 0.403700
vt 0.737422 0.404705
vt 0.729018 0.416954
vt 0.740239 0.388977
vt 0.737422 0.404705
vt 0.735525 0.403700
vt 0.740239 0.388977
vt 0.742314 0.389429
vt 0.737422 0.404705
vt 0.741761 0.371678
vt 0.742314 0.389429
vt 0.740239 0.388977
vt 0.741761 0.371678
vt 0.743870 0.371678
vt 0.742314 0.389429
vt 0.741769 0.078812
vt 0.743870 0.371678
vt 0.741761 0.371678
vt 0.741769 0.078812
vt 0.743870 0.078614
vt 0.743870 0.371678
vt 0.740235 0.061248
vt 0.743870 0.078614
vt 0.741769 0.078812
vt 0.740235 0.061248
vt 0.742311 0.060796
vt 0.743870 0.078614
vt 0.735521 0.046526
vt 0.742311 0.060796
vt 0.740235 0.061248
vt 0.735521 0.046526
vt 0.737418 0.045520
vt 0.742311 0.060796
vt 0.727505 0.034843
vt 0.737418 0.045520
vt 0.735521 0.046526
vt 0.727505 0.034843
vt 0.729014 0.033272
vt 0.737418 0.045520
vt 0.716282 0.026498
vt 0.729014 0.033272
vt 0.727505 0.034843
vt 0.716282 0.026498
vt 0.717248 0.024523
vt 0.729014 0.033272
vt 0.702140 0.021590
vt 0.717248 0.024523
vt 0.716282 0.026498
vt 0.702140 0.021590
vt 0.702574 0.019430
vt 0.717248 0.024523
vt 0.685522 0.017809
vt 0.702574 0.019430
vt 0.702140 0.021590
vt 0.685522 0.017809
vt 0.702140 0.021590
vt 0.685522 0.020006
vt 0.515063 0.017808
vt 0.685522 0.017809
vt 0.685522 0.020006
vt 0.515063 0.017808
vt 0.685522 0.020006
vt 0.515253 0.019995
vt 0.755795 0.494975
vt 0.740801 0.495538
vt 0.740813 0.785476
vt 0.755796 0.786303
vt 0.740813 0.785476
vt 0.739518 0.800466
vt 0.755795 0.494975
vt 0.740813 0.785476
vt 0.755796 0.786303
vt 0.754119 0.477640
vt 0.740801 0.495538
vt 0.755795 0.494975
vt 0.754119 0.477640
vt 0.739517 0.480812
vt 0.740801 0.495538
vt 0.716281 0.438171
vt 0.698871 0.452051
vt 0.713240 0.453402
vt 0.730334 0.443057
vt 0.716281 0.438171
vt 0.713240 0.453402
vt 0.730334 0.443057
vt 0.713240 0.453402
vt 0.723536 0.456982
vt 0.741476 0.451359
vt 0.730334 0.443057
vt 0.723536 0.456982
vt 0.741476 0.451359
vt 0.723536 0.456982
vt 0.730856 0.462436
vt 0.741476 0.451359
vt 0.730856 0.462436
vt 0.736085 0.470072
vt 0.741476 0.451359
vt 0.736085 0.470072
vt 0.749434 0.462981
vt 0.749434 0.462981
vt 0.736085 0.470072
vt 0.739517 0.480812
vt 0.749434 0.462981
vt 0.739517 0.480812
vt 0.754119 0.477640
vt 0.716281 0.438171
vt 0.699663 0.436422
vt 0.698871 0.452051
vt 0.755796 0.786303
vt 0.739518 0.800466
vt 0.754119 0.803638
vt 0.713241 0.827876
vt 0.699664 0.844856
vt 0.716282 0.843107
vt 0.723537 0.824296
vt 0.713241 0.827876
vt 0.716282 0.843107
vt 0.723537 0.824296
vt 0.716282 0.843107
vt 0.730335 0.838221
vt 0.730857 0.818842
vt 0.723537 0.824296
vt 0.730335 0.838221
vt 0.730857 0.818842
vt 0.730335 0.838221
vt 0.741477 0.829919
vt 0.749435 0.818297
vt 0.730857 0.818842
vt 0.741477 0.829919
vt 0.749435 0.818297
vt 0.736086 0.811206
vt 0.730857 0.818842
vt 0.754119 0.803638
vt 0.736086 0.811206
vt 0.749435 0.818297
vt 0.754119 0.803638
vt 0.739518 0.800466
vt 0.736086 0.811206
vt 0.699663 0.436422
vt 0.531174 0.452063
vt 0.698871 0.452051
vt 0.530634 0.436422
vt 0.517057 0.453402
vt 0.531174 0.452063
vt 0.699663 0.436422
vt 0.530634 0.436422
vt 0.531174 0.452063
vt 0.530634 0.436422
vt 0.514016 0.438171
vt 0.517057 0.453402
vt 0.490780 0.480813
vt 0.476178 0.477641
vt 0.474502 0.494976
vt 0.494212 0.470073
vt 0.476178 0.477641
vt 0.490780 0.480813
vt 0.494212 0.470073
vt 0.480863 0.462982
vt 0.476178 0.477641
vt 0.499441 0.462437
vt 0.480863 0.462982
vt 0.494212 0.470073
vt 0.499441 0.462437
vt 0.488821 0.451359
vt 0.480863 0.462982
vt 0.499963 0.443057
vt 0.488821 0.451359
vt 0.499441 0.462437
vt 0.499963 0.443057
vt 0.499441 0.462437
vt 0.506761 0.456983
vt 0.514016 0.438171
vt 0.499963 0.443057
vt 0.506761 0.456983
vt 0.514016 0.438171
vt 0.506761 0.456983
vt 0.517057 0.453402
vt 0.713241 0.827876
vt 0.699124 0.829215
vt 0.699664 0.844856
vt 0.699124 0.829215
vt 0.531427 0.829228
vt 0.530635 0.844857
vt 0.699124 0.829215
vt 0.530635 0.844857
vt 0.699664 0.844856
vt 0.531427 0.829228
vt 0.514017 0.843108
vt 0.530635 0.844857
vt 0.531427 0.829228
vt 0.517058 0.827877
vt 0.514017 0.843108
vt 0.506762 0.824297
vt 0.488822 0.829920
vt 0.499964 0.838222
vt 0.506762 0.824297
vt 0.499442 0.818842
vt 0.488822 0.829920
vt 0.494213 0.811206
vt 0.488822 0.829920
vt 0.499442 0.818842
vt 0.494213 0.811206
vt 0.480863 0.818298
vt 0.488822 0.829920
vt 0.490781 0.800466
vt 0.480863 0.818298
vt 0.494213 0.811206
vt 0.490781 0.800466
vt 0.476179 0.803638
vt 0.480863 0.818298
vt 0.489497 0.785740
vt 0.476179 0.803638
vt 0.490781 0.800466
vt 0.517058 0.827877
vt 0.506762 0.824297
vt 0.499964 0.838222
vt 0.517058 0.827877
vt 0.499964 0.838222
vt 0.514017 0.843108
vt 0.489497 0.785740
vt 0.474502 0.786304
vt 0.476179 0.803638
vt 0.489485 0.495802
vt 0.474502 0.786304
vt 0.489497 0.785740
vt 0.489485 0.495802
vt 0.474502 0.494976
vt 0.474502 0.786304
vt 0.490780 0.480813
vt 0.474502 0.494976
vt 0.489485 0.495802
vt 0.476178 0.477641
vt 0.472417 0.494866
vt 0.474502 0.494976
vt 0.476178 0.477641
vt 0.474122 0.477192
vt 0.472417 0.494866
vt 0.480863 0.462982
vt 0.474122 0.477192
vt 0.476178 0.477641
vt 0.480863 0.462982
vt 0.478979 0.461983
vt 0.474122 0.477192
vt 0.488821 0.451359
vt 0.478979 0.461983
vt 0.480863 0.462982
vt 0.488821 0.451359
vt 0.487323 0.449797
vt 0.478979 0.461983
vt 0.499963 0.443057
vt 0.487323 0.449797
vt 0.488821 0.451359
vt 0.499963 0.443057
vt 0.499005 0.441093
vt 0.487323 0.449797
vt 0.514016 0.438171
vt 0.499005 0.441093
vt 0.499963 0.443057
vt 0.514016 0.438171
vt 0.513578 0.436027
vt 0.499005 0.441093
vt 0.530542 0.434247
vt 0.514016 0.438171
vt 0.530634 0.436422
vt 0.530542 0.434247
vt 0.513578 0.436027
vt 0.514016 0.438171
vt 0.757881 0.786413
vt 0.755796 0.786303
vt 0.754119 0.803638
vt 0.757881 0.786413
vt 0.754119 0.803638
vt 0.756176 0.804086
vt 0.756176 0.804086
vt 0.754119 0.803638
vt 0.749435 0.818297
vt 0.756176 0.804086
vt 0.749435 0.818297
vt 0.751319 0.819295
vt 0.751319 0.819295
vt 0.749435 0.818297
vt 0.741477 0.829919
vt 0.751319 0.819295
vt 0.741477 0.829919
vt 0.742975 0.831481
vt 0.742975 0.831481
vt 0.741477 0.829919
vt 0.730335 0.838221
vt 0.742975 0.831481
vt 0.730335 0.838221
vt 0.731293 0.840186
vt 0.731293 0.840186
vt 0.730335 0.838221
vt 0.716282 0.843107
vt 0.731293 0.840186
vt 0.716282 0.843107
vt 0.716720 0.845251
vt 0.716282 0.843107
vt 0.699664 0.844856
vt 0.699756 0.847032
vt 0.716282 0.843107
vt 0.699756 0.847032
vt 0.716720 0.845251
vt 0.716711 0.436025
vt 0.716281 0.438171
vt 0.730334 0.443057
vt 0.716711 0.436025
vt 0.730334 0.443057
vt 0.731291 0.441092
vt 0.731291 0.441092
vt 0.730334 0.443057
vt 0.741476 0.451359
vt 0.731291 0.441092
vt 0.741476 0.451359
vt 0.742973 0.449796
vt 0.742973 0.449796
vt 0.741476 0.451359
vt 0.749434 0.462981
vt 0.742973 0.449796
vt 0.749434 0.462981
vt 0.751318 0.461982
vt 0.751318 0.461982
vt 0.749434 0.462981
vt 0.754119 0.477640
vt 0.751318 0.461982
vt 0.754119 0.477640
vt 0.756174 0.477183
vt 0.756174 0.477183
vt 0.754119 0.477640
vt 0.755795 0.494975
vt 0.756174 0.477183
vt 0.755795 0.494975
vt 0.757881 0.494879
vt 0.757881 0.494879
vt 0.755795 0.494975
vt 0.755796 0.786303
vt 0.757881 0.494879
vt 0.755796 0.786303
vt 0.757881 0.786413
vt 0.716711 0.436025
vt 0.699663 0.436422
vt 0.716281 0.438171
vt 0.716711 0.436025
vt 0.699768 0.434247
vt 0.699663 0.436422
vt 0.699768 0.434247
vt 0.530542 0.434247
vt 0.530634 0.436422
vt 0.699768 0.434247
vt 0.530634 0.436422
vt 0.699663 0.436422
vt 0.499964 0.838222
vt 0.513587 0.845253
vt 0.514017 0.843108
vt 0.499964 0.838222
vt 0.499007 0.840187
vt 0.513587 0.845253
vt 0.488822 0.829920
vt 0.499007 0.840187
vt 0.499964 0.838222
vt 0.488822 0.829920
vt 0.487325 0.831483
vt 0.499007 0.840187
vt 0.480863 0.818298
vt 0.487325 0.831483
vt 0.488822 0.829920
vt 0.480863 0.818298
vt 0.478980 0.819297
vt 0.487325 0.831483
vt 0.476179 0.803638
vt 0.478980 0.819297
vt 0.480863 0.818298
vt 0.476179 0.803638
vt 0.474124 0.804095
vt 0.478980 0.819297
vt 0.474502 0.786304
vt 0.474124 0.804095
vt 0.476179 0.803638
vt 0.474502 0.786304
vt 0.472417 0.786400
vt 0.474124 0.804095
vt 0.474502 0.494976
vt 0.472417 0.786400
vt 0.474502 0.786304
vt 0.474502 0.494976
vt 0.472417 0.494866
vt 0.472417 0.786400
vt 0.530635 0.844857
vt 0.514017 0.843108
vt 0.513587 0.845253
vt 0.530635 0.844857
vt 0.513587 0.845253
vt 0.530530 0.847032
vt 0.699664 0.844856
vt 0.530530 0.847032
vt 0.699756 0.847032
vt 0.699664 0.844856
vt 0.530635 0.844857
vt 0.530530 0.847032
vt 0.386929 0.890426
vt 0.386924 0.904964
vt 0.108707 0.904962
vt 0.386929 0.890426
vt 0.108707 0.904962
vt 0.108751 0.890423
vt 0.108751 0.890423
vt 0.108707 0.904962
vt 0.091663 0.904965
vt 0.108751 0.890423
vt 0.091663 0.904965
vt 0.091659 0.890812
vt 0.403938 0.890815
vt 0.386924 0.904964
vt 0.386929 0.890426
vt 0.403938 0.890815
vt 0.403967 0.904967
vt 0.386924 0.904964
vt 0.091659 0.890812
vt 0.091663 0.904965
vt 0.076233 0.904972
vt 0.091659 0.890812
vt 0.076233 0.904972
vt 0.076225 0.890893
vt 0.419399 0.890895
vt 0.403967 0.904967
vt 0.403938 0.890815
vt 0.419399 0.890895
vt 0.419396 0.904974
vt 0.403967 0.904967
vt 0.386924 0.904964
vt 0.108737 0.907263
vt 0.108707 0.904962
vt 0.386924 0.904964
vt 0.386956 0.907265
vt 0.108737 0.907263
vt 0.108711 0.888128
vt 0.108751 0.890423
vt 0.091659 0.890812
vt 0.108711 0.888128
vt 0.091659 0.890812
vt 0.091648 0.888505
vt 0.108707 0.904962
vt 0.091662 0.907264
vt 0.091663 0.904965
vt 0.108707 0.904962
vt 0.108737 0.907263
vt 0.091662 0.907264
vt 0.403967 0.904967
vt 0.386956 0.907265
vt 0.386924 0.904964
vt 0.403967 0.904967
vt 0.403968 0.907266
vt 0.386956 0.907265
vt 0.386931 0.888132
vt 0.386929 0.890426
vt 0.108751 0.890423
vt 0.386931 0.888132
vt 0.108751 0.890423
vt 0.108711 0.888128
vt 0.403971 0.888508
vt 0.386929 0.890426
vt 0.386931 0.888132
vt 0.403971 0.888508
vt 0.403938 0.890815
vt 0.386929 0.890426
vt 0.419403 0.888588
vt 0.403938 0.890815
vt 0.403971 0.888508
vt 0.419403 0.888588
vt 0.419399 0.890895
vt 0.403938 0.890815
vt 0.091648 0.888505
vt 0.091659 0.890812
vt 0.076225 0.890893
vt 0.091648 0.888505
vt 0.076225 0.890893
vt 0.076222 0.888586
vt 0.091663 0.904965
vt 0.076237 0.907266
vt 0.076233 0.904972
vt 0.091663 0.904965
vt 0.091662 0.907264
vt 0.076237 0.907266
vt 0.419396 0.904974
vt 0.403968 0.907266
vt 0.403967 0.904967
vt 0.419396 0.904974
vt 0.419393 0.907268
vt 0.403968 0.907266
vt 0.433888 0.890913
vt 0.419396 0.904974
vt 0.419399 0.890895
vt 0.433888 0.890913
vt 0.433881 0.905001
vt 0.419396 0.904974
vt 0.076225 0.890893
vt 0.076233 0.904972
vt 0.061747 0.905001
vt 0.076225 0.890893
vt 0.061747 0.905001
vt 0.061734 0.890912
vt 0.433881 0.905001
vt 0.419393 0.907268
vt 0.419396 0.904974
vt 0.433881 0.905001
vt 0.433759 0.907306
vt 0.419393 0.907268
vt 0.076233 0.904972
vt 0.076237 0.907266
vt 0.061869 0.907306
vt 0.076233 0.904972
vt 0.061869 0.907306
vt 0.061747 0.905001
vt 0.433771 0.888593
vt 0.419399 0.890895
vt 0.419403 0.888588
vt 0.433771 0.888593
vt 0.433888 0.890913
vt 0.419399 0.890895
vt 0.076222 0.888586
vt 0.076225 0.890893
vt 0.061734 0.890912
vt 0.076222 0.888586
vt 0.061734 0.890912
vt 0.061854 0.888592
vt 0.531647 0.885784
vt 0.809872 0.871247
vt 0.809867 0.885786
vt 0.531647 0.885784
vt 0.531692 0.871244
vt 0.809872 0.871247
vt 0.514604 0.885787
vt 0.531692 0.871244
vt 0.531647 0.885784
vt 0.514604 0.885787
vt 0.514601 0.871634
vt 0.531692 0.871244
vt 0.809867 0.885786
vt 0.809872 0.871247
vt 0.826880 0.871635
vt 0.809867 0.885786
vt 0.826880 0.871635
vt 0.826910 0.885788
vt 0.499174 0.885794
vt 0.514601 0.871634
vt 0.514604 0.885787
vt 0.499174 0.885794
vt 0.499166 0.871715
vt 0.514601 0.871634
vt 0.826910 0.885788
vt 0.826880 0.871635
vt 0.842341 0.871716
vt 0.826910 0.885788
vt 0.842341 0.871716
vt 0.842338 0.885795
vt 0.531678 0.888085
vt 0.531647 0.885784
vt 0.809867 0.885786
vt 0.531678 0.888085
vt 0.809867 0.885786
vt 0.809898 0.888087
vt 0.514601 0.871634
vt 0.531651 0.868950
vt 0.531692 0.871244
vt 0.514601 0.871634
vt 0.514589 0.869327
vt 0.531651 0.868950
vt 0.514603 0.888086
vt 0.514604 0.885787
vt 0.531647 0.885784
vt 0.514603 0.888086
vt 0.531647 0.885784
vt 0.531678 0.888085
vt 0.809898 0.888087
vt 0.809867 0.885786
vt 0.826910 0.885788
vt 0.809898 0.888087
vt 0.826910 0.885788
vt 0.826910 0.888088
vt 0.531692 0.871244
vt 0.809874 0.868951
vt 0.809872 0.871247
vt 0.531692 0.871244
vt 0.531651 0.868950
vt 0.809874 0.868951
vt 0.809872 0.871247
vt 0.809874 0.868951
vt 0.826914 0.869329
vt 0.809872 0.871247
vt 0.826914 0.869329
vt 0.826880 0.871635
vt 0.826880 0.871635
vt 0.826914 0.869329
vt 0.842345 0.869409
vt 0.826880 0.871635
vt 0.842345 0.869409
vt 0.842341 0.871716
vt 0.499166 0.871715
vt 0.514589 0.869327
vt 0.514601 0.871634
vt 0.499166 0.871715
vt 0.499164 0.869407
vt 0.514589 0.869327
vt 0.499179 0.888088
vt 0.499174 0.885794
vt 0.514604 0.885787
vt 0.499179 0.888088
vt 0.514604 0.885787
vt 0.514603 0.888086
vt 0.826910 0.888088
vt 0.826910 0.885788
vt 0.842338 0.885795
vt 0.826910 0.888088
vt 0.842338 0.885795
vt 0.842335 0.888089
vt 0.842338 0.885795
vt 0.842341 0.871716
vt 0.856830 0.871734
vt 0.842338 0.885795
vt 0.856830 0.871734
vt 0.856823 0.885822
vt 0.484689 0.885823
vt 0.499166 0.871715
vt 0.499174 0.885794
vt 0.484689 0.885823
vt 0.484676 0.871733
vt 0.499166 0.871715
vt 0.842335 0.888089
vt 0.842338 0.885795
vt 0.856823 0.885822
vt 0.842335 0.888089
vt 0.856823 0.885822
vt 0.856701 0.888128
vt 0.484811 0.888128
vt 0.484689 0.885823
vt 0.499174 0.885794
vt 0.484811 0.888128
vt 0.499174 0.885794
vt 0.499179 0.888088
vt 0.842341 0.871716
vt 0.842345 0.869409
vt 0.856713 0.869414
vt 0.842341 0.871716
vt 0.856713 0.869414
vt 0.856830 0.871734
vt 0.484676 0.871733
vt 0.499164 0.869407
vt 0.499166 0.871715
vt 0.484676 0.871733
vt 0.484796 0.869413
vt 0.499164 0.869407
vt 0.982430 0.387039
vt 0.982428 0.211143
vt 0.968488 0.211190
vt 0.982430 0.387039
vt 0.968488 0.211190
vt 0.968491 0.387045
vt 0.982430 0.193349
vt 0.968488 0.211190
vt 0.982428 0.211143
vt 0.982430 0.193349
vt 0.968861 0.193345
vt 0.968488 0.211190
vt 0.968863 0.404802
vt 0.982430 0.387039
vt 0.968491 0.387045
vt 0.968863 0.404802
vt 0.982433 0.404833
vt 0.982430 0.387039
vt 0.982438 0.177239
vt 0.968861 0.193345
vt 0.982430 0.193349
vt 0.982438 0.177239
vt 0.968938 0.177230
vt 0.968861 0.193345
vt 0.968940 0.420945
vt 0.982433 0.404833
vt 0.968863 0.404802
vt 0.968940 0.420945
vt 0.982440 0.420942
vt 0.982433 0.404833
vt 0.984637 0.387072
vt 0.982428 0.211143
vt 0.982430 0.387039
vt 0.984637 0.387072
vt 0.984634 0.211175
vt 0.982428 0.211143
vt 0.968861 0.193345
vt 0.966287 0.211147
vt 0.968488 0.211190
vt 0.968861 0.193345
vt 0.966649 0.193334
vt 0.966287 0.211147
vt 0.984635 0.193348
vt 0.982430 0.193349
vt 0.982428 0.211143
vt 0.984635 0.193348
vt 0.982428 0.211143
vt 0.984634 0.211175
vt 0.982433 0.404833
vt 0.984637 0.387072
vt 0.982430 0.387039
vt 0.982433 0.404833
vt 0.984638 0.404834
vt 0.984637 0.387072
vt 0.966287 0.211147
vt 0.968491 0.387045
vt 0.968488 0.211190
vt 0.966287 0.211147
vt 0.966291 0.387047
vt 0.968491 0.387045
vt 0.966652 0.404837
vt 0.968491 0.387045
vt 0.966291 0.387047
vt 0.966652 0.404837
vt 0.968863 0.404802
vt 0.968491 0.387045
vt 0.966727 0.420949
vt 0.968863 0.404802
vt 0.966652 0.404837
vt 0.966727 0.420949
vt 0.968940 0.420945
vt 0.968863 0.404802
vt 0.968938 0.177230
vt 0.966649 0.193334
vt 0.968861 0.193345
vt 0.968938 0.177230
vt 0.966725 0.177228
vt 0.966649 0.193334
vt 0.984638 0.177244
vt 0.982438 0.177239
vt 0.982430 0.193349
vt 0.984638 0.177244
vt 0.982430 0.193349
vt 0.984635 0.193348
vt 0.982440 0.420942
vt 0.984638 0.404834
vt 0.982433 0.404833
vt 0.982440 0.420942
vt 0.984639 0.420939
vt 0.984638 0.404834
vt 0.968956 0.436073
vt 0.982440 0.420942
vt 0.968940 0.420945
vt 0.968956 0.436073
vt 0.982466 0.436066
vt 0.982440 0.420942
vt 0.982466 0.162115
vt 0.968938 0.177230
vt 0.982438 0.177239
vt 0.982466 0.162115
vt 0.968956 0.162100
vt 0.968938 0.177230
vt 0.982466 0.436066
vt 0.984639 0.420939
vt 0.982440 0.420942
vt 0.982466 0.436066
vt 0.984676 0.435939
vt 0.984639 0.420939
vt 0.984676 0.162242
vt 0.982466 0.162115
vt 0.982438 0.177239
vt 0.984676 0.162242
vt 0.982438 0.177239
vt 0.984638 0.177244
vt 0.968956 0.162100
vt 0.966725 0.177228
vt 0.968938 0.177230
vt 0.968956 0.162100
vt 0.966732 0.162226
vt 0.966725 0.177228
vt 0.966732 0.435951
vt 0.968940 0.420945
vt 0.966727 0.420949
vt 0.966732 0.435951
vt 0.968956 0.436073
vt 0.968940 0.420945
vt 0.138575 0.919646
vt 0.307187 0.934187
vt 0.138530 0.934185
vt 0.138575 0.919646
vt 0.307192 0.919650
vt 0.307187 0.934187
vt 0.138575 0.919646
vt 0.138530 0.934185
vt 0.121468 0.934188
vt 0.138575 0.919646
vt 0.121468 0.934188
vt 0.121465 0.920036
vt 0.307187 0.934187
vt 0.307192 0.919650
vt 0.324219 0.920038
vt 0.307187 0.934187
vt 0.324219 0.920038
vt 0.324248 0.934190
vt 0.121465 0.920036
vt 0.121468 0.934188
vt 0.106022 0.934196
vt 0.121465 0.920036
vt 0.106022 0.934196
vt 0.106013 0.920116
vt 0.324248 0.934190
vt 0.324219 0.920038
vt 0.339698 0.920118
vt 0.324248 0.934190
vt 0.339698 0.920118
vt 0.339694 0.934197
vt 0.138530 0.934185
vt 0.307187 0.934187
vt 0.307218 0.936488
vt 0.138530 0.934185
vt 0.307218 0.936488
vt 0.138561 0.936486
vt 0.138534 0.917352
vt 0.138575 0.919646
vt 0.121465 0.920036
vt 0.138534 0.917352
vt 0.121465 0.920036
vt 0.121454 0.917728
vt 0.138530 0.934185
vt 0.121468 0.936487
vt 0.121468 0.934188
vt 0.138530 0.934185
vt 0.138561 0.936486
vt 0.121468 0.936487
vt 0.307218 0.936488
vt 0.307187 0.934187
vt 0.324248 0.934190
vt 0.307218 0.936488
vt 0.324248 0.934190
vt 0.324249 0.936490
vt 0.307192 0.919650
vt 0.138575 0.919646
vt 0.138534 0.917352
vt 0.307192 0.919650
vt 0.138534 0.917352
vt 0.307194 0.917355
vt 0.307192 0.919650
vt 0.307194 0.917355
vt 0.324253 0.917731
vt 0.307192 0.919650
vt 0.324253 0.917731
vt 0.324219 0.920038
vt 0.324219 0.920038
vt 0.324253 0.917731
vt 0.339701 0.917811
vt 0.324219 0.920038
vt 0.339701 0.917811
vt 0.339698 0.920118
vt 0.121454 0.917728
vt 0.121465 0.920036
vt 0.106013 0.920116
vt 0.121454 0.917728
vt 0.106013 0.920116
vt 0.106011 0.917809
vt 0.121468 0.934188
vt 0.106026 0.936490
vt 0.106022 0.934196
vt 0.121468 0.934188
vt 0.121468 0.936487
vt 0.106026 0.936490
vt 0.324249 0.936490
vt 0.324248 0.934190
vt 0.339694 0.934197
vt 0.324249 0.936490
vt 0.339694 0.934197
vt 0.339691 0.936492
vt 0.339694 0.934197
vt 0.339698 0.920118
vt 0.354203 0.920135
vt 0.339694 0.934197
vt 0.354203 0.920135
vt 0.354196 0.934224
vt 0.106013 0.920116
vt 0.106022 0.934196
vt 0.091520 0.934224
vt 0.106013 0.920116
vt 0.091520 0.934224
vt 0.091506 0.920135
vt 0.339691 0.936492
vt 0.339694 0.934197
vt 0.354196 0.934224
vt 0.339691 0.936492
vt 0.354196 0.934224
vt 0.354075 0.936530
vt 0.106022 0.934196
vt 0.091642 0.936530
vt 0.091520 0.934224
vt 0.106022 0.934196
vt 0.106026 0.936490
vt 0.091642 0.936530
vt 0.106011 0.917809
vt 0.106013 0.920116
vt 0.091506 0.920135
vt 0.106011 0.917809
vt 0.091506 0.920135
vt 0.091626 0.917815
vt 0.339698 0.920118
vt 0.339701 0.917811
vt 0.354086 0.917815
vt 0.339698 0.920118
vt 0.354086 0.917815
vt 0.354203 0.920135
vt 0.039375 0.611003
vt 0.041740 0.608535
vt 0.049558 0.614361
vt 0.039375 0.611003
vt 0.049558 0.614361
vt 0.048045 0.617462
vt 0.048045 0.617462
vt 0.049558 0.614361
vt 0.060917 0.618311
vt 0.048045 0.617462
vt 0.060917 0.618311
vt 0.060238 0.621702
vt 0.060238 0.621702
vt 0.060917 0.618311
vt 0.077255 0.619859
vt 0.060238 0.621702
vt 0.077255 0.619859
vt 0.076956 0.623288
vt 0.076956 0.623288
vt 0.077255 0.619859
vt 0.406120 0.619845
vt 0.076956 0.623288
vt 0.406120 0.619845
vt 0.406120 0.623288
vt 0.406120 0.623288
vt 0.406120 0.619845
vt 0.422457 0.618295
vt 0.406120 0.623288
vt 0.422457 0.618295
vt 0.423137 0.621687
vt 0.423137 0.621687
vt 0.422457 0.618295
vt 0.433816 0.614344
vt 0.423137 0.621687
vt 0.433816 0.614344
vt 0.435330 0.617446
vt 0.435330 0.617446
vt 0.433816 0.614344
vt 0.441634 0.608518
vt 0.435330 0.617446
vt 0.441634 0.608518
vt 0.443998 0.610985
vt 0.033183 0.601959
vt 0.041740 0.608535
vt 0.039375 0.611003
vt 0.033183 0.601959
vt 0.036156 0.600379
vt 0.041740 0.608535
vt 0.443998 0.610985
vt 0.441634 0.608518
vt 0.447217 0.600362
vt 0.443998 0.610985
vt 0.447217 0.600362
vt 0.450190 0.601941
vt 0.450190 0.601941
vt 0.447217 0.600362
vt 0.451003 0.588511
vt 0.450190 0.601941
vt 0.451003 0.588511
vt 0.454255 0.589220
vt 0.451003 0.588511
vt 0.455774 0.571778
vt 0.454255 0.589220
vt 0.451003 0.588511
vt 0.452488 0.571467
vt 0.455774 0.571778
vt 0.452488 0.571467
vt 0.455779 0.364588
vt 0.455774 0.571778
vt 0.452488 0.571467
vt 0.452480 0.364588
vt 0.455779 0.364588
vt 0.452480 0.364588
vt 0.454245 0.346835
vt 0.455779 0.364588
vt 0.452480 0.364588
vt 0.450994 0.347544
vt 0.454245 0.346835
vt 0.447207 0.335694
vt 0.454245 0.346835
vt 0.450994 0.347544
vt 0.447207 0.335694
vt 0.450180 0.334114
vt 0.454245 0.346835
vt 0.441622 0.327538
vt 0.450180 0.334114
vt 0.447207 0.335694
vt 0.441622 0.327538
vt 0.443987 0.325070
vt 0.450180 0.334114
vt 0.029118 0.589239
vt 0.036156 0.600379
vt 0.033183 0.601959
vt 0.029118 0.589239
vt 0.032369 0.588529
vt 0.036156 0.600379
vt 0.029118 0.589239
vt 0.030883 0.571485
vt 0.032369 0.588529
vt 0.029118 0.589239
vt 0.027583 0.571485
vt 0.030883 0.571485
vt 0.027583 0.571485
vt 0.030875 0.364606
vt 0.030883 0.571485
vt 0.027583 0.571485
vt 0.027589 0.364295
vt 0.030875 0.364606
vt 0.027589 0.364295
vt 0.032359 0.347562
vt 0.030875 0.364606
vt 0.027589 0.364295
vt 0.029108 0.346853
vt 0.032359 0.347562
vt 0.032359 0.347562
vt 0.029108 0.346853
vt 0.033172 0.334132
vt 0.032359 0.347562
vt 0.033172 0.334132
vt 0.036145 0.335711
vt 0.036145 0.335711
vt 0.033172 0.334132
vt 0.039364 0.325088
vt 0.036145 0.335711
vt 0.039364 0.325088
vt 0.041729 0.327555
vt 0.041729 0.327555
vt 0.039364 0.325088
vt 0.048033 0.318627
vt 0.041729 0.327555
vt 0.048033 0.318627
vt 0.049547 0.321729
vt 0.049547 0.321729
vt 0.048033 0.318627
vt 0.060225 0.314386
vt 0.049547 0.321729
vt 0.060225 0.314386
vt 0.060906 0.317778
vt 0.060906 0.317778
vt 0.060225 0.314386
vt 0.077243 0.312785
vt 0.060906 0.317778
vt 0.077243 0.312785
vt 0.077243 0.316228
vt 0.077243 0.316228
vt 0.077243 0.312785
vt 0.406406 0.312785
vt 0.077243 0.316228
vt 0.406406 0.312785
vt 0.406108 0.316214
vt 0.406108 0.316214
vt 0.406406 0.312785
vt 0.423125 0.314371
vt 0.406108 0.316214
vt 0.423125 0.314371
vt 0.422445 0.317763
vt 0.422445 0.317763
vt 0.423125 0.314371
vt 0.435318 0.318611
vt 0.422445 0.317763
vt 0.435318 0.318611
vt 0.433804 0.321712
vt 0.433804 0.321712
vt 0.443987 0.325070
vt 0.441622 0.327538
vt 0.433804 0.321712
vt 0.435318 0.318611
vt 0.443987 0.325070
vt 0.199461 0.942922
vt 0.476339 0.938356
vt 0.476339 0.942922
vt 0.199461 0.942922
vt 0.199461 0.938356
vt 0.476339 0.938356
vt 0.185650 0.942922
vt 0.199461 0.938356
vt 0.199461 0.942922
vt 0.185650 0.942922
vt 0.185650 0.938356
vt 0.199461 0.938356
vt 0.476339 0.942922
vt 0.476339 0.938356
vt 0.490150 0.938356
vt 0.476339 0.942922
vt 0.490150 0.938356
vt 0.490150 0.942922
vt 0.175569 0.942922
vt 0.185650 0.938356
vt 0.185650 0.942922
vt 0.175569 0.942922
vt 0.175569 0.938356
vt 0.185650 0.938356
vt 0.490150 0.942922
vt 0.490150 0.938356
vt 0.500230 0.938356
vt 0.490150 0.942922
vt 0.500230 0.938356
vt 0.500230 0.942922
vt 0.500230 0.942922
vt 0.500230 0.938356
vt 0.508319 0.938356
vt 0.500230 0.942922
vt 0.508319 0.938356
vt 0.508319 0.942922
vt 0.465412 0.824503
vt 0.461033 0.824503
vt 0.461033 0.535314
vt 0.465412 0.824503
vt 0.461033 0.535314
vt 0.465412 0.535314
vt 0.465412 0.535314
vt 0.461033 0.535314
vt 0.461033 0.520948
vt 0.465412 0.535314
vt 0.461033 0.520948
vt 0.465412 0.520948
vt 0.465412 0.838870
vt 0.461033 0.824503
vt 0.465412 0.824503
vt 0.465412 0.838870
vt 0.461033 0.838870
vt 0.461033 0.824503
vt 0.465412 0.848858
vt 0.461033 0.838870
vt 0.465412 0.838870
vt 0.465412 0.848858
vt 0.461033 0.848858
vt 0.461033 0.838870
vt 0.465412 0.520948
vt 0.461033 0.520948
vt 0.461033 0.510959
vt 0.465412 0.520948
vt 0.461033 0.510959
vt 0.465412 0.510959
vt 0.530210 0.555009
vt 0.525832 0.728808
vt 0.530210 0.728808
vt 0.530210 0.555009
vt 0.525832 0.555009
vt 0.525832 0.728808
vt 0.530210 0.540631
vt 0.525832 0.555009
vt 0.530210 0.555009
vt 0.530210 0.540631
vt 0.525832 0.540631
vt 0.525832 0.555009
vt 0.525832 0.743186
vt 0.530210 0.728808
vt 0.525832 0.728808
vt 0.525832 0.743186
vt 0.530210 0.743186
vt 0.530210 0.728808
vt 0.530210 0.530137
vt 0.525832 0.540631
vt 0.530210 0.540631
vt 0.530210 0.530137
vt 0.525832 0.530137
vt 0.525832 0.540631
vt 0.525832 0.753680
vt 0.530210 0.743186
vt 0.525832 0.743186
vt 0.525832 0.753680
vt 0.530210 0.753680
vt 0.530210 0.743186
vt 0.525832 0.762100
vt 0.530210 0.753680
vt 0.525832 0.753680
vt 0.525832 0.762100
vt 0.530210 0.762100
vt 0.530210 0.753680
vt 0.285247 0.990411
vt 0.117555 0.994977
vt 0.117555 0.990411
vt 0.285247 0.990411
vt 0.285247 0.994977
vt 0.117555 0.994977
vt 0.285247 0.994977
vt 0.285247 0.990411
vt 0.299063 0.990411
vt 0.285247 0.994977
vt 0.299063 0.990411
vt 0.299063 0.994977
vt 0.117555 0.990411
vt 0.117555 0.994977
vt 0.103739 0.994977
vt 0.117555 0.990411
vt 0.103739 0.994977
vt 0.103739 0.990411
vt 0.299063 0.994977
vt 0.299063 0.990411
vt 0.308669 0.990411
vt 0.299063 0.994977
vt 0.308669 0.990411
vt 0.308669 0.994977
vt 0.103739 0.990411
vt 0.103739 0.994977
vt 0.094133 0.994977
vt 0.103739 0.990411
vt 0.094133 0.994977
vt 0.094133 0.990411
vt 0.434326 0.558447
vt 0.434326 0.563014
vt 0.426007 0.563014
vt 0.434326 0.558447
vt 0.426007 0.563014
vt 0.426007 0.558447
vt 0.442644 0.558447
vt 0.434326 0.563014
vt 0.434326 0.558447
vt 0.442644 0.558447
vt 0.442644 0.563014
vt 0.434326 0.563014
vt 0.464536 0.898630
vt 0.460158 0.898630
vt 0.460158 0.907306
vt 0.464536 0.898630
vt 0.460158 0.907306
vt 0.464536 0.907306
vt 0.464536 0.889954
vt 0.460158 0.898630
vt 0.464536 0.898630
vt 0.464536 0.889954
vt 0.460158 0.889954
vt 0.460158 0.898630
vt 0.080123 0.937443
vt 0.071804 0.932877
vt 0.071804 0.937443
vt 0.080123 0.937443
vt 0.080123 0.932877
vt 0.071804 0.932877
vt 0.071804 0.937443
vt 0.071804 0.932877
vt 0.063485 0.932877
vt 0.071804 0.937443
vt 0.063485 0.932877
vt 0.063485 0.937443
vt 0.066112 0.385490
vt 0.067361 0.371136
vt 0.243433 0.472603
vt 0.066112 0.559716
vt 0.066112 0.385490
vt 0.243433 0.472603
vt 0.067361 0.574070
vt 0.066112 0.559716
vt 0.243433 0.472603
vt 0.070546 0.584050
vt 0.067361 0.574070
vt 0.243433 0.472603
vt 0.075244 0.590919
vt 0.070546 0.584050
vt 0.243433 0.472603
vt 0.081820 0.595825
vt 0.075244 0.590919
vt 0.243433 0.472603
vt 0.091375 0.599152
vt 0.081820 0.595825
vt 0.243433 0.472603
vt 0.105117 0.600457
vt 0.091375 0.599152
vt 0.243433 0.472603
vt 0.381748 0.600457
vt 0.105117 0.600457
vt 0.243433 0.472603
vt 0.395490 0.599152
vt 0.381748 0.600457
vt 0.243433 0.472603
vt 0.405045 0.595825
vt 0.395490 0.599152
vt 0.243433 0.472603
vt 0.411621 0.590919
vt 0.405045 0.595825
vt 0.243433 0.472603
vt 0.416319 0.584050
vt 0.411621 0.590919
vt 0.243433 0.472603
vt 0.419504 0.574070
vt 0.416319 0.584050
vt 0.243433 0.472603
vt 0.420753 0.559716
vt 0.419504 0.574070
vt 0.243433 0.472603
vt 0.420753 0.385490
vt 0.420753 0.559716
vt 0.243433 0.472603
vt 0.419504 0.371136
vt 0.420753 0.385490
vt 0.243433 0.472603
vt 0.416319 0.361156
vt 0.419504 0.371136
vt 0.243433 0.472603
vt 0.411621 0.354287
vt 0.416319 0.361156
vt 0.243433 0.472603
vt 0.405045 0.349380
vt 0.411621 0.354287
vt 0.243433 0.472603
vt 0.395490 0.346054
vt 0.405045 0.349380
vt 0.243433 0.472603
vt 0.381748 0.344749
vt 0.395490 0.346054
vt 0.243433 0.472603
vt 0.105117 0.344749
vt 0.381748 0.344749
vt 0.243433 0.472603
vt 0.091375 0.346054
vt 0.105117 0.344749
vt 0.243433 0.472603
vt 0.081820 0.349380
vt 0.091375 0.346054
vt 0.243433 0.472603
vt 0.075244 0.354287
vt 0.081820 0.349380
vt 0.243433 0.472603
vt 0.070546 0.361156
vt 0.075244 0.354287
vt 0.243433 0.472603
vt 0.067361 0.371136
vt 0.070546 0.361156
vt 0.243433 0.472603
vt 0.111471 0.319543
vt 0.111509 0.323351
vt 0.095378 0.324883
vt 0.392283 0.319552
vt 0.111509 0.323351
vt 0.111471 0.319543
vt 0.392283 0.319552
vt 0.391991 0.323348
vt 0.111509 0.323351
vt 0.408871 0.321139
vt 0.391991 0.323348
vt 0.392283 0.319552
vt 0.408871 0.321139
vt 0.408122 0.324880
vt 0.391991 0.323348
vt 0.422987 0.326055
vt 0.408122 0.324880
vt 0.408871 0.321139
vt 0.422987 0.326055
vt 0.421320 0.329476
vt 0.408122 0.324880
vt 0.434190 0.334416
vt 0.421320 0.329476
vt 0.422987 0.326055
vt 0.434190 0.334416
vt 0.431585 0.337137
vt 0.421320 0.329476
vt 0.442191 0.346120
vt 0.431585 0.337137
vt 0.434190 0.334416
vt 0.442191 0.346120
vt 0.438918 0.347862
vt 0.431585 0.337137
vt 0.446897 0.360869
vt 0.438918 0.347862
vt 0.442191 0.346120
vt 0.446897 0.360869
vt 0.443317 0.361651
vt 0.438918 0.347862
vt 0.446897 0.360869
vt 0.444784 0.378505
vt 0.443317 0.361651
vt 0.446897 0.360869
vt 0.448428 0.378465
vt 0.444784 0.378505
vt 0.448428 0.378465
vt 0.444785 0.555737
vt 0.444784 0.378505
vt 0.448428 0.378465
vt 0.448418 0.556042
vt 0.444785 0.555737
vt 0.448418 0.556042
vt 0.443319 0.572591
vt 0.444785 0.555737
vt 0.448418 0.556042
vt 0.446899 0.573373
vt 0.443319 0.572591
vt 0.443319 0.572591
vt 0.446899 0.573373
vt 0.442194 0.588122
vt 0.443319 0.572591
vt 0.442194 0.588122
vt 0.438920 0.586381
vt 0.438920 0.586381
vt 0.442194 0.588122
vt 0.434192 0.599827
vt 0.438920 0.586381
vt 0.434192 0.599827
vt 0.431588 0.597106
vt 0.431588 0.597106
vt 0.434192 0.599827
vt 0.422990 0.608187
vt 0.431588 0.597106
vt 0.422990 0.608187
vt 0.421323 0.604767
vt 0.421323 0.604767
vt 0.422990 0.608187
vt 0.408874 0.613104
vt 0.421323 0.604767
vt 0.408874 0.613104
vt 0.408125 0.609364
vt 0.408125 0.609364
vt 0.408874 0.613104
vt 0.392032 0.614704
vt 0.408125 0.609364
vt 0.392032 0.614704
vt 0.391994 0.610896
vt 0.391994 0.610896
vt 0.392032 0.614704
vt 0.111220 0.614695
vt 0.391994 0.610896
vt 0.111220 0.614695
vt 0.111512 0.610899
vt 0.111512 0.610899
vt 0.111220 0.614695
vt 0.094632 0.613107
vt 0.111512 0.610899
vt 0.094632 0.613107
vt 0.095381 0.609367
vt 0.095381 0.609367
vt 0.094632 0.613107
vt 0.080516 0.608191
vt 0.095381 0.609367
vt 0.080516 0.608191
vt 0.082183 0.604771
vt 0.082183 0.604771
vt 0.080516 0.608191
vt 0.069313 0.599831
vt 0.082183 0.604771
vt 0.069313 0.599831
vt 0.071917 0.597110
vt 0.071917 0.597110
vt 0.069313 0.599831
vt 0.061311 0.588127
vt 0.071917 0.597110
vt 0.061311 0.588127
vt 0.064585 0.586385
vt 0.064585 0.586385
vt 0.061311 0.588127
vt 0.056606 0.573378
vt 0.064585 0.586385
vt 0.056606 0.573378
vt 0.060186 0.572595
vt 0.058719 0.555741
vt 0.060186 0.572595
vt 0.056606 0.573378
vt 0.058719 0.555741
vt 0.056606 0.573378
vt 0.055074 0.555781
vt 0.058717 0.378509
vt 0.058719 0.555741
vt 0.055074 0.555781
vt 0.058717 0.378509
vt 0.055074 0.555781
vt 0.055084 0.378204
vt 0.060184 0.361656
vt 0.058717 0.378509
vt 0.055084 0.378204
vt 0.060184 0.361656
vt 0.055084 0.378204
vt 0.056604 0.360873
vt 0.061309 0.346124
vt 0.060184 0.361656
vt 0.056604 0.360873
vt 0.061309 0.346124
vt 0.064583 0.347866
vt 0.060184 0.361656
vt 0.069311 0.334420
vt 0.064583 0.347866
vt 0.061309 0.346124
vt 0.069311 0.334420
vt 0.071915 0.337141
vt 0.064583 0.347866
vt 0.080513 0.326059
vt 0.071915 0.337141
vt 0.069311 0.334420
vt 0.080513 0.326059
vt 0.082180 0.329480
vt 0.071915 0.337141
vt 0.094629 0.321143
vt 0.082180 0.329480
vt 0.080513 0.326059
vt 0.094629 0.321143
vt 0.095378 0.324883
vt 0.082180 0.329480
vt 0.111471 0.319543
vt 0.095378 0.324883
vt 0.094629 0.321143
vt 0.392032 0.614704
vt 0.111220 0.616895
vt 0.111220 0.614695
vt 0.392032 0.614704
vt 0.392222 0.616895
vt 0.111220 0.616895
vt 0.408874 0.613104
vt 0.392222 0.616895
vt 0.392032 0.614704
vt 0.408874 0.613104
vt 0.409307 0.615268
vt 0.392222 0.616895
vt 0.422990 0.608187
vt 0.409307 0.615268
vt 0.408874 0.613104
vt 0.422990 0.608187
vt 0.423954 0.610166
vt 0.409307 0.615268
vt 0.434192 0.599827
vt 0.423954 0.610166
vt 0.422990 0.608187
vt 0.434192 0.599827
vt 0.435698 0.601401
vt 0.423954 0.610166
vt 0.442194 0.588122
vt 0.435698 0.601401
vt 0.434192 0.599827
vt 0.442194 0.588122
vt 0.444087 0.589130
vt 0.435698 0.601401
vt 0.446899 0.573373
vt 0.444087 0.589130
vt 0.442194 0.588122
vt 0.446899 0.573373
vt 0.448970 0.573826
vt 0.444087 0.589130
vt 0.111220 0.614695
vt 0.094199 0.615272
vt 0.094632 0.613107
vt 0.111220 0.614695
vt 0.111220 0.616895
vt 0.094199 0.615272
vt 0.094632 0.613107
vt 0.094199 0.615272
vt 0.079551 0.610169
vt 0.094632 0.613107
vt 0.079551 0.610169
vt 0.080516 0.608191
vt 0.080516 0.608191
vt 0.067807 0.601405
vt 0.069313 0.599831
vt 0.080516 0.608191
vt 0.079551 0.610169
vt 0.067807 0.601405
vt 0.069313 0.599831
vt 0.067807 0.601405
vt 0.059418 0.589134
vt 0.069313 0.599831
vt 0.059418 0.589134
vt 0.061311 0.588127
vt 0.061311 0.588127
vt 0.054534 0.573830
vt 0.056606 0.573378
vt 0.061311 0.588127
vt 0.059418 0.589134
vt 0.054534 0.573830
vt 0.055074 0.555781
vt 0.056606 0.573378
vt 0.054534 0.573830
vt 0.055074 0.555781
vt 0.054534 0.573830
vt 0.052977 0.555980
vt 0.450524 0.556043
vt 0.448970 0.573826
vt 0.446899 0.573373
vt 0.450524 0.556043
vt 0.446899 0.573373
vt 0.448418 0.556042
vt 0.450525 0.378266
vt 0.450524 0.556043
vt 0.448418 0.556042
vt 0.450525 0.378266
vt 0.448418 0.556042
vt 0.448428 0.378465
vt 0.448968 0.360416
vt 0.450525 0.378266
vt 0.448428 0.378465
vt 0.448968 0.360416
vt 0.448428 0.378465
vt 0.446897 0.360869
vt 0.448968 0.360416
vt 0.446897 0.360869
vt 0.442191 0.346120
vt 0.448968 0.360416
vt 0.442191 0.346120
vt 0.444085 0.345113
vt 0.444085 0.345113
vt 0.442191 0.346120
vt 0.434190 0.334416
vt 0.444085 0.345113
vt 0.434190 0.334416
vt 0.435696 0.332842
vt 0.435696 0.332842
vt 0.434190 0.334416
vt 0.422987 0.326055
vt 0.435696 0.332842
vt 0.422987 0.326055
vt 0.423951 0.324077
vt 0.423951 0.324077
vt 0.422987 0.326055
vt 0.408871 0.321139
vt 0.423951 0.324077
vt 0.408871 0.321139
vt 0.409304 0.318975
vt 0.409304 0.318975
vt 0.408871 0.321139
vt 0.392283 0.319552
vt 0.409304 0.318975
vt 0.392283 0.319552
vt 0.392283 0.317352
vt 0.392283 0.317352
vt 0.392283 0.319552
vt 0.111471 0.319543
vt 0.392283 0.317352
vt 0.111471 0.319543
vt 0.111280 0.317352
vt 0.111280 0.317352
vt 0.111471 0.319543
vt 0.094629 0.321143
vt 0.111280 0.317352
vt 0.094629 0.321143
vt 0.094196 0.318978
vt 0.094196 0.318978
vt 0.094629 0.321143
vt 0.080513 0.326059
vt 0.094196 0.318978
vt 0.080513 0.326059
vt 0.079549 0.324081
vt 0.079549 0.324081
vt 0.080513 0.326059
vt 0.069311 0.334420
vt 0.079549 0.324081
vt 0.069311 0.334420
vt 0.067804 0.332846
vt 0.067804 0.332846
vt 0.069311 0.334420
vt 0.061309 0.346124
vt 0.067804 0.332846
vt 0.061309 0.346124
vt 0.059416 0.345117
vt 0.059416 0.345117
vt 0.061309 0.346124
vt 0.056604 0.360873
vt 0.059416 0.345117
vt 0.056604 0.360873
vt 0.054532 0.360420
vt 0.056604 0.360873
vt 0.052978 0.378204
vt 0.054532 0.360420
vt 0.056604 0.360873
vt 0.055084 0.378204
vt 0.052978 0.378204
vt 0.055084 0.378204
vt 0.052977 0.555980
vt 0.052978 0.378204
vt 0.055084 0.378204
vt 0.055074 0.555781
vt 0.052977 0.555980
vt 0.078807 0.010851
vt 0.079347 0.026489
vt 0.357353 0.026476
vt 0.078807 0.010851
vt 0.357353 0.026476
vt 0.358145 0.010850
vt 0.358145 0.010850
vt 0.357353 0.026476
vt 0.371725 0.027827
vt 0.062186 0.012600
vt 0.079347 0.026489
vt 0.078807 0.010851
vt 0.062186 0.012600
vt 0.065227 0.027828
vt 0.079347 0.026489
vt 0.048130 0.017485
vt 0.065227 0.027828
vt 0.062186 0.012600
vt 0.048130 0.017485
vt 0.054929 0.031407
vt 0.065227 0.027828
vt 0.036986 0.025785
vt 0.054929 0.031407
vt 0.048130 0.017485
vt 0.036986 0.025785
vt 0.047608 0.036860
vt 0.054929 0.031407
vt 0.036986 0.025785
vt 0.042378 0.044495
vt 0.047608 0.036860
vt 0.036986 0.025785
vt 0.029026 0.037405
vt 0.042378 0.044495
vt 0.029026 0.037405
vt 0.038945 0.055233
vt 0.042378 0.044495
vt 0.029026 0.037405
vt 0.024341 0.052062
vt 0.038945 0.055233
vt 0.024341 0.052062
vt 0.037650 0.070219
vt 0.038945 0.055233
vt 0.024341 0.052062
vt 0.022664 0.069393
vt 0.037650 0.070219
vt 0.358145 0.010850
vt 0.371725 0.027827
vt 0.374766 0.012599
vt 0.398007 0.055232
vt 0.414289 0.069392
vt 0.412612 0.052061
vt 0.394575 0.044494
vt 0.398007 0.055232
vt 0.412612 0.052061
vt 0.394575 0.044494
vt 0.412612 0.052061
vt 0.407927 0.037404
vt 0.389345 0.036860
vt 0.394575 0.044494
vt 0.407927 0.037404
vt 0.389345 0.036860
vt 0.407927 0.037404
vt 0.399966 0.025784
vt 0.388822 0.017484
vt 0.389345 0.036860
vt 0.399966 0.025784
vt 0.388822 0.017484
vt 0.382023 0.031406
vt 0.389345 0.036860
vt 0.374766 0.012599
vt 0.382023 0.031406
vt 0.388822 0.017484
vt 0.374766 0.012599
vt 0.371725 0.027827
vt 0.382023 0.031406
vt 0.022664 0.069393
vt 0.037661 0.245113
vt 0.037650 0.070219
vt 0.022664 0.245677
vt 0.038945 0.259837
vt 0.037661 0.245113
vt 0.022664 0.069393
vt 0.022664 0.245677
vt 0.037661 0.245113
vt 0.022664 0.245677
vt 0.024341 0.263008
vt 0.038945 0.259837
vt 0.054930 0.283662
vt 0.062186 0.302470
vt 0.065228 0.287242
vt 0.065228 0.287242
vt 0.062186 0.302470
vt 0.078808 0.304218
vt 0.054930 0.283662
vt 0.048130 0.297584
vt 0.062186 0.302470
vt 0.047608 0.278209
vt 0.048130 0.297584
vt 0.054930 0.283662
vt 0.047608 0.278209
vt 0.036986 0.289284
vt 0.048130 0.297584
vt 0.029026 0.277664
vt 0.036986 0.289284
vt 0.047608 0.278209
vt 0.029026 0.277664
vt 0.047608 0.278209
vt 0.042378 0.270574
vt 0.024341 0.263008
vt 0.029026 0.277664
vt 0.042378 0.270574
vt 0.024341 0.263008
vt 0.042378 0.270574
vt 0.038945 0.259837
vt 0.398007 0.055232
vt 0.399291 0.069955
vt 0.414289 0.069392
vt 0.399291 0.069955
vt 0.399303 0.244850
vt 0.414289 0.245676
vt 0.399291 0.069955
vt 0.414289 0.245676
vt 0.414289 0.069392
vt 0.399303 0.244850
vt 0.412612 0.263007
vt 0.414289 0.245676
vt 0.399303 0.244850
vt 0.398008 0.259836
vt 0.412612 0.263007
vt 0.398008 0.259836
vt 0.394575 0.270574
vt 0.407927 0.277663
vt 0.394575 0.270574
vt 0.399967 0.289284
vt 0.407927 0.277663
vt 0.394575 0.270574
vt 0.389345 0.278208
vt 0.399967 0.289284
vt 0.382024 0.283661
vt 0.399967 0.289284
vt 0.389345 0.278208
vt 0.382024 0.283661
vt 0.388823 0.297584
vt 0.399967 0.289284
vt 0.371726 0.287241
vt 0.388823 0.297584
vt 0.382024 0.283661
vt 0.371726 0.287241
vt 0.374767 0.302469
vt 0.388823 0.297584
vt 0.357606 0.288580
vt 0.374767 0.302469
vt 0.371726 0.287241
vt 0.398008 0.259836
vt 0.407927 0.277663
vt 0.412612 0.263007
vt 0.357606 0.288580
vt 0.358146 0.304218
vt 0.374767 0.302469
vt 0.079600 0.288592
vt 0.358146 0.304218
vt 0.357606 0.288580
vt 0.065228 0.287242
vt 0.078808 0.304218
vt 0.079600 0.288592
vt 0.079600 0.288592
vt 0.078808 0.304218
vt 0.358146 0.304218
vt 0.062186 0.302470
vt 0.078703 0.306393
vt 0.078808 0.304218
vt 0.062186 0.302470
vt 0.061756 0.304615
vt 0.078703 0.306393
vt 0.048130 0.297584
vt 0.061756 0.304615
vt 0.062186 0.302470
vt 0.048130 0.297584
vt 0.047173 0.299549
vt 0.061756 0.304615
vt 0.036986 0.289284
vt 0.047173 0.299549
vt 0.048130 0.297584
vt 0.036986 0.289284
vt 0.035489 0.290847
vt 0.047173 0.299549
vt 0.029026 0.277664
vt 0.035489 0.290847
vt 0.036986 0.289284
vt 0.029026 0.277664
vt 0.027143 0.278664
vt 0.035489 0.290847
vt 0.024341 0.263008
vt 0.027143 0.278664
vt 0.029026 0.277664
vt 0.024341 0.263008
vt 0.022285 0.263465
vt 0.027143 0.278664
vt 0.020578 0.245773
vt 0.024341 0.263008
vt 0.022664 0.245677
vt 0.020578 0.245773
vt 0.022285 0.263465
vt 0.024341 0.263008
vt 0.358250 0.008676
vt 0.358145 0.010850
vt 0.374766 0.012599
vt 0.358250 0.008676
vt 0.374766 0.012599
vt 0.375197 0.010454
vt 0.375197 0.010454
vt 0.374766 0.012599
vt 0.388822 0.017484
vt 0.375197 0.010454
vt 0.388822 0.017484
vt 0.389780 0.015520
vt 0.389780 0.015520
vt 0.388822 0.017484
vt 0.399966 0.025784
vt 0.389780 0.015520
vt 0.399966 0.025784
vt 0.401464 0.024222
vt 0.401464 0.024222
vt 0.399966 0.025784
vt 0.407927 0.037404
vt 0.401464 0.024222
vt 0.407927 0.037404
vt 0.409810 0.036405
vt 0.409810 0.036405
vt 0.407927 0.037404
vt 0.412612 0.052061
vt 0.409810 0.036405
vt 0.412612 0.052061
vt 0.414667 0.051604
vt 0.412612 0.052061
vt 0.414289 0.069392
vt 0.416375 0.069296
vt 0.412612 0.052061
vt 0.416375 0.069296
vt 0.414667 0.051604
vt 0.407927 0.277663
vt 0.414669 0.263456
vt 0.412612 0.263007
vt 0.407927 0.277663
vt 0.409811 0.278662
vt 0.414669 0.263456
vt 0.399967 0.289284
vt 0.409811 0.278662
vt 0.407927 0.277663
vt 0.399967 0.289284
vt 0.401466 0.290845
vt 0.409811 0.278662
vt 0.388823 0.297584
vt 0.401466 0.290845
vt 0.399967 0.289284
vt 0.388823 0.297584
vt 0.389781 0.299548
vt 0.401466 0.290845
vt 0.374767 0.302469
vt 0.389781 0.299548
vt 0.388823 0.297584
vt 0.374767 0.302469
vt 0.375205 0.304612
vt 0.389781 0.299548
vt 0.358146 0.304218
vt 0.375205 0.304612
vt 0.374767 0.302469
vt 0.358146 0.304218
vt 0.358238 0.306393
vt 0.375205 0.304612
vt 0.078808 0.304218
vt 0.358238 0.306393
vt 0.358146 0.304218
vt 0.078808 0.304218
vt 0.078703 0.306393
vt 0.358238 0.306393
vt 0.414289 0.245676
vt 0.412612 0.263007
vt 0.414669 0.263456
vt 0.414289 0.245676
vt 0.414669 0.263456
vt 0.416375 0.245785
vt 0.414289 0.069392
vt 0.416375 0.245785
vt 0.416375 0.069296
vt 0.414289 0.069392
vt 0.414289 0.245676
vt 0.416375 0.245785
vt 0.022283 0.051613
vt 0.024341 0.052062
vt 0.029026 0.037405
vt 0.022283 0.051613
vt 0.029026 0.037405
vt 0.027142 0.036407
vt 0.027142 0.036407
vt 0.029026 0.037405
vt 0.036986 0.025785
vt 0.027142 0.036407
vt 0.036986 0.025785
vt 0.035487 0.024223
vt 0.035487 0.024223
vt 0.036986 0.025785
vt 0.048130 0.017485
vt 0.035487 0.024223
vt 0.048130 0.017485
vt 0.047171 0.015521
vt 0.047171 0.015521
vt 0.048130 0.017485
vt 0.062186 0.012600
vt 0.047171 0.015521
vt 0.062186 0.012600
vt 0.061748 0.010456
vt 0.061748 0.010456
vt 0.062186 0.012600
vt 0.078807 0.010851
vt 0.061748 0.010456
vt 0.078807 0.010851
vt 0.078715 0.008676
vt 0.078715 0.008676
vt 0.078807 0.010851
vt 0.358145 0.010850
vt 0.078715 0.008676
vt 0.358145 0.010850
vt 0.358250 0.008676
vt 0.022283 0.051613
vt 0.022664 0.069393
vt 0.024341 0.052062
vt 0.022283 0.051613
vt 0.020578 0.069283
vt 0.022664 0.069393
vt 0.020578 0.069283
vt 0.020578 0.245773
vt 0.022664 0.245677
vt 0.020578 0.069283
vt 0.022664 0.245677
vt 0.022664 0.069393
vt 0.823006 0.851155
vt 0.823001 0.865695
vt 0.544781 0.865693
vt 0.823006 0.851155
vt 0.544781 0.865693
vt 0.544825 0.851153
vt 0.544825 0.851153
vt 0.544781 0.865693
vt 0.527738 0.865695
vt 0.544825 0.851153
vt 0.527738 0.865695
vt 0.527735 0.851542
vt 0.840014 0.851543
vt 0.823001 0.865695
vt 0.823006 0.851155
vt 0.840014 0.851543
vt 0.840044 0.865697
vt 0.823001 0.865695
vt 0.527735 0.851542
vt 0.527738 0.865695
vt 0.512309 0.865703
vt 0.527735 0.851542
vt 0.512309 0.865703
vt 0.512301 0.851623
vt 0.855476 0.851624
vt 0.840044 0.865697
vt 0.840014 0.851543
vt 0.855476 0.851624
vt 0.855473 0.865704
vt 0.840044 0.865697
vt 0.823001 0.865695
vt 0.544811 0.867994
vt 0.544781 0.865693
vt 0.823001 0.865695
vt 0.823032 0.867996
vt 0.544811 0.867994
vt 0.544785 0.848858
vt 0.544825 0.851153
vt 0.527735 0.851542
vt 0.544785 0.848858
vt 0.527735 0.851542
vt 0.527723 0.849235
vt 0.544781 0.865693
vt 0.527737 0.867995
vt 0.527738 0.865695
vt 0.544781 0.865693
vt 0.544811 0.867994
vt 0.527737 0.867995
vt 0.840044 0.865697
vt 0.823032 0.867996
vt 0.823001 0.865695
vt 0.840044 0.865697
vt 0.840045 0.867997
vt 0.823032 0.867996
vt 0.823008 0.848860
vt 0.823006 0.851155
vt 0.544825 0.851153
vt 0.823008 0.848860
vt 0.544825 0.851153
vt 0.544785 0.848858
vt 0.840048 0.849237
vt 0.823006 0.851155
vt 0.823008 0.848860
vt 0.840048 0.849237
vt 0.840014 0.851543
vt 0.823006 0.851155
vt 0.855480 0.849316
vt 0.840014 0.851543
vt 0.840048 0.849237
vt 0.855480 0.849316
vt 0.855476 0.851624
vt 0.840014 0.851543
vt 0.527723 0.849235
vt 0.527735 0.851542
vt 0.512301 0.851623
vt 0.527723 0.849235
vt 0.512301 0.851623
vt 0.512298 0.849316
vt 0.527738 0.865695
vt 0.512313 0.867997
vt 0.512309 0.865703
vt 0.527738 0.865695
vt 0.527737 0.867995
vt 0.512313 0.867997
vt 0.855473 0.865704
vt 0.840045 0.867997
vt 0.840044 0.865697
vt 0.855473 0.865704
vt 0.855470 0.867998
vt 0.840045 0.867997
vt 0.869965 0.851641
vt 0.855473 0.865704
vt 0.855476 0.851624
vt 0.869965 0.851641
vt 0.869958 0.865731
vt 0.855473 0.865704
vt 0.512301 0.851623
vt 0.512309 0.865703
vt 0.497824 0.865731
vt 0.512301 0.851623
vt 0.497824 0.865731
vt 0.497811 0.851642
vt 0.869958 0.865731
vt 0.855470 0.867998
vt 0.855473 0.865704
vt 0.869958 0.865731
vt 0.869836 0.868037
vt 0.855470 0.867998
vt 0.512309 0.865703
vt 0.497946 0.868037
vt 0.497824 0.865731
vt 0.512309 0.865703
vt 0.512313 0.867997
vt 0.497946 0.868037
vt 0.869848 0.849321
vt 0.855476 0.851624
vt 0.855480 0.849316
vt 0.869848 0.849321
vt 0.869965 0.851641
vt 0.855476 0.851624
vt 0.512298 0.849316
vt 0.512301 0.851623
vt 0.497811 0.851642
vt 0.512298 0.849316
vt 0.497811 0.851642
vt 0.497931 0.849322
vt 0.085062 0.651081
vt 0.363286 0.636543
vt 0.363281 0.651082
vt 0.085062 0.651081
vt 0.085107 0.636541
vt 0.363286 0.636543
vt 0.068019 0.651083
vt 0.085107 0.636541
vt 0.085062 0.651081
vt 0.068019 0.651083
vt 0.068015 0.636931
vt 0.085107 0.636541
vt 0.363281 0.651082
vt 0.363286 0.636543
vt 0.380294 0.636932
vt 0.363281 0.651082
vt 0.380294 0.636932
vt 0.380324 0.651085
vt 0.052589 0.651091
vt 0.068015 0.636931
vt 0.068019 0.651083
vt 0.052589 0.651091
vt 0.052581 0.637011
vt 0.068015 0.636931
vt 0.380324 0.651085
vt 0.380294 0.636932
vt 0.395756 0.637013
vt 0.380324 0.651085
vt 0.395756 0.637013
vt 0.395753 0.651092
vt 0.085093 0.653382
vt 0.085062 0.651081
vt 0.363281 0.651082
vt 0.085093 0.653382
vt 0.363281 0.651082
vt 0.363312 0.653384
vt 0.068015 0.636931
vt 0.085066 0.634247
vt 0.085107 0.636541
vt 0.068015 0.636931
vt 0.068004 0.634623
vt 0.085066 0.634247
vt 0.068018 0.653383
vt 0.068019 0.651083
vt 0.085062 0.651081
vt 0.068018 0.653383
vt 0.085062 0.651081
vt 0.085093 0.653382
vt 0.363312 0.653384
vt 0.363281 0.651082
vt 0.380324 0.651085
vt 0.363312 0.653384
vt 0.380324 0.651085
vt 0.380325 0.653385
vt 0.085107 0.636541
vt 0.363288 0.634248
vt 0.363286 0.636543
vt 0.085107 0.636541
vt 0.085066 0.634247
vt 0.363288 0.634248
vt 0.363286 0.636543
vt 0.363288 0.634248
vt 0.380329 0.634625
vt 0.363286 0.636543
vt 0.380329 0.634625
vt 0.380294 0.636932
vt 0.380294 0.636932
vt 0.380329 0.634625
vt 0.395760 0.634705
vt 0.380294 0.636932
vt 0.395760 0.634705
vt 0.395756 0.637013
vt 0.052581 0.637011
vt 0.068004 0.634623
vt 0.068015 0.636931
vt 0.052581 0.637011
vt 0.052579 0.634704
vt 0.068004 0.634623
vt 0.052594 0.653385
vt 0.052589 0.651091
vt 0.068019 0.651083
vt 0.052594 0.653385
vt 0.068019 0.651083
vt 0.068018 0.653383
vt 0.380325 0.653385
vt 0.380324 0.651085
vt 0.395753 0.651092
vt 0.380325 0.653385
vt 0.395753 0.651092
vt 0.395750 0.653386
vt 0.395753 0.651092
vt 0.395756 0.637013
vt 0.410245 0.637030
vt 0.395753 0.651092
vt 0.410245 0.637030
vt 0.410238 0.651119
vt 0.038105 0.651119
vt 0.052581 0.637011
vt 0.052589 0.651091
vt 0.038105 0.651119
vt 0.038091 0.637030
vt 0.052581 0.637011
vt 0.395750 0.653386
vt 0.395753 0.651092
vt 0.410238 0.651119
vt 0.395750 0.653386
vt 0.410238 0.651119
vt 0.410116 0.653425
vt 0.038226 0.653425
vt 0.052589 0.651091
vt 0.052594 0.653385
vt 0.038226 0.653425
vt 0.038105 0.651119
vt 0.052589 0.651091
vt 0.395756 0.637013
vt 0.395760 0.634705
vt 0.410129 0.634710
vt 0.395756 0.637013
vt 0.410129 0.634710
vt 0.410245 0.637030
vt 0.038091 0.637030
vt 0.052579 0.634704
vt 0.052581 0.637011
vt 0.038091 0.637030
vt 0.038211 0.634710
vt 0.052579 0.634704
vt 0.231394 0.971701
vt 0.400007 0.986242
vt 0.231349 0.986240
vt 0.231394 0.971701
vt 0.400012 0.971704
vt 0.400007 0.986242
vt 0.231394 0.971701
vt 0.231349 0.986240
vt 0.214287 0.986243
vt 0.231394 0.971701
vt 0.214287 0.986243
vt 0.214284 0.972090
vt 0.400007 0.986242
vt 0.400012 0.971704
vt 0.417038 0.972092
vt 0.400007 0.986242
vt 0.417038 0.972092
vt 0.417068 0.986245
vt 0.214284 0.972090
vt 0.214287 0.986243
vt 0.198841 0.986250
vt 0.214284 0.972090
vt 0.198841 0.986250
vt 0.198833 0.972170
vt 0.417068 0.986245
vt 0.417038 0.972092
vt 0.432517 0.972172
vt 0.417068 0.986245
vt 0.432517 0.972172
vt 0.432514 0.986252
vt 0.231349 0.986240
vt 0.400007 0.986242
vt 0.400038 0.988543
vt 0.231349 0.986240
vt 0.400038 0.988543
vt 0.231380 0.988541
vt 0.231353 0.969406
vt 0.231394 0.971701
vt 0.214284 0.972090
vt 0.231353 0.969406
vt 0.214284 0.972090
vt 0.214273 0.969783
vt 0.231349 0.986240
vt 0.214287 0.988542
vt 0.214287 0.986243
vt 0.231349 0.986240
vt 0.231380 0.988541
vt 0.214287 0.988542
vt 0.400038 0.988543
vt 0.400007 0.986242
vt 0.417068 0.986245
vt 0.400038 0.988543
vt 0.417068 0.986245
vt 0.417069 0.988545
vt 0.400012 0.971704
vt 0.231394 0.971701
vt 0.231353 0.969406
vt 0.400012 0.971704
vt 0.231353 0.969406
vt 0.400014 0.969409
vt 0.400012 0.971704
vt 0.400014 0.969409
vt 0.417072 0.969785
vt 0.400012 0.971704
vt 0.417072 0.969785
vt 0.417038 0.972092
vt 0.417038 0.972092
vt 0.417072 0.969785
vt 0.432521 0.969864
vt 0.417038 0.972092
vt 0.432521 0.969864
vt 0.432517 0.972172
vt 0.214273 0.969783
vt 0.214284 0.972090
vt 0.198833 0.972170
vt 0.214273 0.969783
vt 0.198833 0.972170
vt 0.198830 0.969863
vt 0.214287 0.986243
vt 0.198846 0.988545
vt 0.198841 0.986250
vt 0.214287 0.986243
vt 0.214287 0.988542
vt 0.198846 0.988545
vt 0.417069 0.988545
vt 0.417068 0.986245
vt 0.432514 0.986252
vt 0.417069 0.988545
vt 0.432514 0.986252
vt 0.432511 0.988546
vt 0.432514 0.986252
vt 0.432517 0.972172
vt 0.447023 0.972189
vt 0.432514 0.986252
vt 0.447023 0.972189
vt 0.447016 0.986279
vt 0.198833 0.972170
vt 0.198841 0.986250
vt 0.184339 0.986279
vt 0.198833 0.972170
vt 0.184339 0.986279
vt 0.184326 0.972189
vt 0.432511 0.988546
vt 0.432514 0.986252
vt 0.447016 0.986279
vt 0.432511 0.988546
vt 0.447016 0.986279
vt 0.446894 0.988584
vt 0.198841 0.986250
vt 0.184462 0.988584
vt 0.184339 0.986279
vt 0.198841 0.986250
vt 0.198846 0.988545
vt 0.184462 0.988584
vt 0.198830 0.969863
vt 0.198833 0.972170
vt 0.184326 0.972189
vt 0.198830 0.969863
vt 0.184326 0.972189
vt 0.184446 0.969869
vt 0.432517 0.972172
vt 0.432521 0.969864
vt 0.446906 0.969869
vt 0.432517 0.972172
vt 0.446906 0.969869
vt 0.447023 0.972189
vt 0.024462 0.561468
vt 0.024459 0.385572
vt 0.010519 0.385619
vt 0.024462 0.561468
vt 0.010519 0.385619
vt 0.010522 0.561474
vt 0.024462 0.367778
vt 0.010519 0.385619
vt 0.024459 0.385572
vt 0.024462 0.367778
vt 0.010892 0.367774
vt 0.010519 0.385619
vt 0.010894 0.579231
vt 0.024462 0.561468
vt 0.010522 0.561474
vt 0.010894 0.579231
vt 0.024465 0.579262
vt 0.024462 0.561468
vt 0.024469 0.351668
vt 0.010892 0.367774
vt 0.024462 0.367778
vt 0.024469 0.351668
vt 0.010969 0.351659
vt 0.010892 0.367774
vt 0.010971 0.595374
vt 0.024465 0.579262
vt 0.010894 0.579231
vt 0.010971 0.595374
vt 0.024471 0.595371
vt 0.024465 0.579262
vt 0.026668 0.561501
vt 0.024459 0.385572
vt 0.024462 0.561468
vt 0.026668 0.561501
vt 0.026666 0.385604
vt 0.024459 0.385572
vt 0.010892 0.367774
vt 0.008319 0.385576
vt 0.010519 0.385619
vt 0.010892 0.367774
vt 0.008679 0.367763
vt 0.008319 0.385576
vt 0.026667 0.367777
vt 0.024462 0.367778
vt 0.024459 0.385572
vt 0.026667 0.367777
vt 0.024459 0.385572
vt 0.026666 0.385604
vt 0.024465 0.579262
vt 0.026668 0.561501
vt 0.024462 0.561468
vt 0.024465 0.579262
vt 0.026669 0.579263
vt 0.026668 0.561501
vt 0.008319 0.385576
vt 0.010522 0.561474
vt 0.010519 0.385619
vt 0.008319 0.385576
vt 0.008322 0.561476
vt 0.010522 0.561474
vt 0.008682 0.579266
vt 0.010522 0.561474
vt 0.008322 0.561476
vt 0.008682 0.579266
vt 0.010894 0.579231
vt 0.010522 0.561474
vt 0.008758 0.595378
vt 0.010894 0.579231
vt 0.008682 0.579266
vt 0.008758 0.595378
vt 0.010971 0.595374
vt 0.010894 0.579231
vt 0.010969 0.351659
vt 0.008679 0.367763
vt 0.010892 0.367774
vt 0.010969 0.351659
vt 0.008756 0.351657
vt 0.008679 0.367763
vt 0.026669 0.351673
vt 0.024469 0.351668
vt 0.024462 0.367778
vt 0.026669 0.351673
vt 0.024462 0.367778
vt 0.026667 0.367777
vt 0.024471 0.595371
vt 0.026669 0.579263
vt 0.024465 0.579262
vt 0.024471 0.595371
vt 0.026671 0.595368
vt 0.026669 0.579263
vt 0.010987 0.610502
vt 0.024471 0.595371
vt 0.010971 0.595374
vt 0.010987 0.610502
vt 0.024497 0.610495
vt 0.024471 0.595371
vt 0.024497 0.336544
vt 0.010969 0.351659
vt 0.024469 0.351668
vt 0.024497 0.336544
vt 0.010987 0.336530
vt 0.010969 0.351659
vt 0.024497 0.610495
vt 0.026671 0.595368
vt 0.024471 0.595371
vt 0.024497 0.610495
vt 0.026708 0.610368
vt 0.026671 0.595368
vt 0.026708 0.336671
vt 0.024497 0.336544
vt 0.024469 0.351668
vt 0.026708 0.336671
vt 0.024469 0.351668
vt 0.026669 0.351673
vt 0.010987 0.336530
vt 0.008756 0.351657
vt 0.010969 0.351659
vt 0.010987 0.336530
vt 0.008762 0.336655
vt 0.008756 0.351657
vt 0.008763 0.610380
vt 0.010971 0.595374
vt 0.008758 0.595378
vt 0.008763 0.610380
vt 0.010987 0.610502
vt 0.010971 0.595374
vt 0.416842 0.298674
vt 0.414477 0.296207
vt 0.406659 0.302032
vt 0.416842 0.298674
vt 0.406659 0.302032
vt 0.408173 0.305134
vt 0.408173 0.305134
vt 0.406659 0.302032
vt 0.395300 0.305982
vt 0.408173 0.305134
vt 0.395300 0.305982
vt 0.395980 0.309374
vt 0.395980 0.309374
vt 0.395300 0.305982
vt 0.378962 0.307531
vt 0.395980 0.309374
vt 0.378962 0.307531
vt 0.379261 0.310959
vt 0.379261 0.310959
vt 0.378962 0.307531
vt 0.050097 0.307516
vt 0.379261 0.310959
vt 0.050097 0.307516
vt 0.050097 0.310959
vt 0.050097 0.310959
vt 0.050097 0.307516
vt 0.033760 0.305966
vt 0.050097 0.310959
vt 0.033760 0.305966
vt 0.033080 0.309358
vt 0.033080 0.309358
vt 0.033760 0.305966
vt 0.022401 0.302016
vt 0.033080 0.309358
vt 0.022401 0.302016
vt 0.020887 0.305117
vt 0.020887 0.305117
vt 0.022401 0.302016
vt 0.014584 0.296189
vt 0.020887 0.305117
vt 0.014584 0.296189
vt 0.012219 0.298656
vt 0.423034 0.289630
vt 0.414477 0.296207
vt 0.416842 0.298674
vt 0.423034 0.289630
vt 0.420062 0.288051
vt 0.414477 0.296207
vt 0.012219 0.298656
vt 0.014584 0.296189
vt 0.009000 0.288033
vt 0.012219 0.298656
vt 0.009000 0.288033
vt 0.006027 0.289612
vt 0.006027 0.289612
vt 0.009000 0.288033
vt 0.005214 0.276182
vt 0.006027 0.289612
vt 0.005214 0.276182
vt 0.001963 0.276891
vt 0.005214 0.276182
vt 0.000443 0.259449
vt 0.001963 0.276891
vt 0.005214 0.276182
vt 0.003729 0.259138
vt 0.000443 0.259449
vt 0.003729 0.259138
vt 0.000438 0.052259
vt 0.000443 0.259449
vt 0.003729 0.259138
vt 0.003738 0.052260
vt 0.000438 0.052259
vt 0.003738 0.052260
vt 0.001972 0.034506
vt 0.000438 0.052259
vt 0.003738 0.052260
vt 0.005223 0.035215
vt 0.001972 0.034506
vt 0.009010 0.023365
vt 0.001972 0.034506
vt 0.005223 0.035215
vt 0.009010 0.023365
vt 0.006037 0.021786
vt 0.001972 0.034506
vt 0.014595 0.015209
vt 0.006037 0.021786
vt 0.009010 0.023365
vt 0.014595 0.015209
vt 0.012230 0.012742
vt 0.006037 0.021786
vt 0.427100 0.276910
vt 0.420062 0.288051
vt 0.423034 0.289630
vt 0.427100 0.276910
vt 0.423848 0.276200
vt 0.420062 0.288051
vt 0.427100 0.276910
vt 0.425334 0.259156
vt 0.423848 0.276200
vt 0.427100 0.276910
vt 0.428634 0.259156
vt 0.425334 0.259156
vt 0.428634 0.259156
vt 0.425342 0.052278
vt 0.425334 0.259156
vt 0.428634 0.259156
vt 0.428629 0.051966
vt 0.425342 0.052278
vt 0.428629 0.051966
vt 0.423858 0.035233
vt 0.425342 0.052278
vt 0.428629 0.051966
vt 0.427109 0.034524
vt 0.423858 0.035233
vt 0.423858 0.035233
vt 0.427109 0.034524
vt 0.423045 0.021803
vt 0.423858 0.035233
vt 0.423045 0.021803
vt 0.420072 0.023383
vt 0.420072 0.023383
vt 0.423045 0.021803
vt 0.416853 0.012759
vt 0.420072 0.023383
vt 0.416853 0.012759
vt 0.414488 0.015226
vt 0.414488 0.015226
vt 0.416853 0.012759
vt 0.408184 0.006298
vt 0.414488 0.015226
vt 0.408184 0.006298
vt 0.406670 0.009400
vt 0.406670 0.009400
vt 0.408184 0.006298
vt 0.395992 0.002057
vt 0.406670 0.009400
vt 0.395992 0.002057
vt 0.395312 0.005449
vt 0.395312 0.005449
vt 0.395992 0.002057
vt 0.378975 0.000457
vt 0.395312 0.005449
vt 0.378975 0.000457
vt 0.378974 0.003899
vt 0.378974 0.003899
vt 0.378975 0.000457
vt 0.049811 0.000457
vt 0.378974 0.003899
vt 0.049811 0.000457
vt 0.050109 0.003885
vt 0.050109 0.003885
vt 0.049811 0.000457
vt 0.033092 0.002042
vt 0.050109 0.003885
vt 0.033092 0.002042
vt 0.033772 0.005434
vt 0.033772 0.005434
vt 0.033092 0.002042
vt 0.020899 0.006282
vt 0.033772 0.005434
vt 0.020899 0.006282
vt 0.022413 0.009383
vt 0.022413 0.009383
vt 0.012230 0.012742
vt 0.014595 0.015209
vt 0.022413 0.009383
vt 0.020899 0.006282
vt 0.012230 0.012742
vt 0.994308 0.221159
vt 0.989930 0.510348
vt 0.994308 0.510348
vt 0.994308 0.221159
vt 0.989930 0.221159
vt 0.989930 0.510348
vt 0.994308 0.510348
vt 0.989930 0.510348
vt 0.989930 0.524715
vt 0.994308 0.510348
vt 0.989930 0.524715
vt 0.994308 0.524715
vt 0.994308 0.206792
vt 0.989930 0.221159
vt 0.994308 0.221159
vt 0.994308 0.206792
vt 0.989930 0.206792
vt 0.989930 0.221159
vt 0.994308 0.524715
vt 0.989930 0.524715
vt 0.989930 0.534703
vt 0.994308 0.524715
vt 0.989930 0.534703
vt 0.994308 0.534703
vt 0.994308 0.196804
vt 0.989930 0.206792
vt 0.994308 0.206792
vt 0.994308 0.196804
vt 0.989930 0.196804
vt 0.989930 0.206792
vt 0.004816 0.629027
vt 0.000438 0.917789
vt 0.004816 0.917789
vt 0.004816 0.629027
vt 0.000438 0.629027
vt 0.000438 0.917789
vt 0.004816 0.614623
vt 0.000438 0.629027
vt 0.004816 0.629027
vt 0.004816 0.614623
vt 0.000438 0.614623
vt 0.000438 0.629027
vt 0.004816 0.917789
vt 0.000438 0.917789
vt 0.000438 0.932193
vt 0.004816 0.917789
vt 0.000438 0.932193
vt 0.004816 0.932193
vt 0.004816 0.932193
vt 0.000438 0.932193
vt 0.000438 0.942706
vt 0.004816 0.932193
vt 0.000438 0.942706
vt 0.004816 0.942706
vt 0.004816 0.604110
vt 0.000438 0.614623
vt 0.004816 0.614623
vt 0.004816 0.604110
vt 0.000438 0.604110
vt 0.000438 0.614623
vt 0.004816 0.942706
vt 0.000438 0.942706
vt 0.000438 0.951142
vt 0.004816 0.942706
vt 0.000438 0.951142
vt 0.004816 0.951142
vt 0.105040 0.632420
vt 0.105040 0.627854
vt 0.271686 0.627854
vt 0.105040 0.632420
vt 0.271686 0.627854
vt 0.271686 0.632420
vt 0.285472 0.627854
vt 0.271686 0.632420
vt 0.271686 0.627854
vt 0.285472 0.627854
vt 0.285472 0.632420
vt 0.271686 0.632420
vt 0.091254 0.632420
vt 0.105040 0.627854
vt 0.105040 0.632420
vt 0.091254 0.632420
vt 0.091254 0.627854
vt 0.105040 0.627854
vt 0.295534 0.627854
vt 0.285472 0.632420
vt 0.285472 0.627854
vt 0.295534 0.627854
vt 0.295534 0.632420
vt 0.285472 0.632420
vt 0.081191 0.632420
vt 0.091254 0.627854
vt 0.091254 0.632420
vt 0.081191 0.632420
vt 0.081191 0.627854
vt 0.091254 0.627854
vt 0.073117 0.632420
vt 0.081191 0.627854
vt 0.081191 0.632420
vt 0.073117 0.632420
vt 0.073117 0.627854
vt 0.081191 0.627854
vt 0.503065 0.607532
vt 0.498687 0.782422
vt 0.503065 0.782422
vt 0.503065 0.607532
vt 0.498687 0.607532
vt 0.498687 0.782422
vt 0.498687 0.607532
vt 0.503065 0.607532
vt 0.503065 0.593123
vt 0.498687 0.607532
vt 0.503065 0.593123
vt 0.498687 0.593123
vt 0.503065 0.782422
vt 0.498687 0.782422
vt 0.498687 0.796831
vt 0.503065 0.782422
vt 0.498687 0.796831
vt 0.503065 0.796831
vt 0.503065 0.796831
vt 0.498687 0.796831
vt 0.498687 0.806849
vt 0.503065 0.796831
vt 0.498687 0.806849
vt 0.503065 0.806849
vt 0.498687 0.593123
vt 0.503065 0.593123
vt 0.503065 0.583105
vt 0.498687 0.593123
vt 0.503065 0.583105
vt 0.498687 0.583105
vt 0.124781 0.048858
vt 0.116462 0.044292
vt 0.116462 0.048858
vt 0.124781 0.048858
vt 0.124781 0.044292
vt 0.116462 0.044292
vt 0.116462 0.048858
vt 0.116462 0.044292
vt 0.108144 0.044292
vt 0.116462 0.048858
vt 0.108144 0.044292
vt 0.108144 0.048858
vt 0.495184 0.890868
vt 0.490806 0.899543
vt 0.495184 0.899543
vt 0.495184 0.890868
vt 0.490806 0.890868
vt 0.490806 0.899543
vt 0.495184 0.899543
vt 0.490806 0.899543
vt 0.490806 0.908219
vt 0.495184 0.899543
vt 0.490806 0.908219
vt 0.495184 0.908219
vt 0.387478 0.675342
vt 0.391856 0.684018
vt 0.387478 0.684018
vt 0.387478 0.675342
vt 0.391856 0.675342
vt 0.391856 0.684018
vt 0.387478 0.684018
vt 0.391856 0.684018
vt 0.391856 0.692694
vt 0.387478 0.684018
vt 0.391856 0.692694
vt 0.387478 0.692694
f 1/1 2/2 3/3
f 4/106 5/107 6/108
f 7/103 8/104 9/105
f 10/100 11/101 12/102
f 13/97 14/98 15/99
f 16/94 17/95 18/96
f 19/91 20/92 21/93
f 22/88 23/89 24/90
f 25/85 26/86 27/87
f 28/82 29/83 30/84
f 31/79 32/80 33/81
f 34/76 35/77 36/78
f 37/73 38/74 39/75
f 40/70 41/71 42/72
f 43/67 44/68 45/69
f 46/64 47/65 48/66
f 49/61 50/62 51/63
f 52/58 53/59 54/60
f 55/55 56/56 57/57
f 58/52 59/53 60/54
f 61/49 62/50 63/51
f 64/46 65/47 66/48
f 67/43 68/44 69/45
f 70/40 71/41 72/42
f 73/37 74/38 75/39
f 76/34 77/35 78/36
f 79/31 80/32 81/33
f 82/28 83/29 84/30
f 85/25 86/26 87/27
f 88/22 89/23 90/24
f 91/19 92/20 93/21
f 94/16 95/17 96/18
f 97/13 98/14 99/15
f 100/10 101/11 102/12
f 103/7 104/8 105/9
f 106/4 107/5 108/6
f 109/109 110/110 111/111
f 112/178 113/179 114/180
f 115/133 116/134 117/135
f 118/130 119/131 120/132
f 121/127 122/128 123/129
f 124/124 125/125 126/126
f 127/121 128/122 129/123
f 130/118 131/119 132/120
f 133/184 134/185 135/186
f 136/166 137/167 138/168
f 139/163 140/164 141/165
f 142/160 143/161 144/162
f 145/157 146/158 147/159
f 148/154 149/155 150/156
f 151/151 152/152 153/153
f 154/148 155/149 156/150
f 157/145 158/146 159/147
f 160/142 161/143 162/144
f 163/139 164/140 165/141
f 166/136 167/137 168/138
f 169/274 170/275 171/276
f 172/271 173/272 174/273
f 175/262 176/263 177/264
f 178/259 179/260 180/261
f 181/265 182/266 183/267
f 184/268 185/269 186/270
f 187/214 188/215 189/216
f 190/211 191/212 192/213
f 193/310 194/311 195/312
f 196/307 197/308 198/309
f 199/208 200/209 201/210
f 202/205 203/206 204/207
f 205/232 206/233 207/234
f 208/229 209/230 210/231
f 211/217 212/218 213/219
f 214/220 215/221 216/222
f 217/223 218/224 219/225
f 220/226 221/227 222/228
f 223/283 224/284 225/285
f 226/286 227/287 228/288
f 229/280 230/281 231/282
f 232/277 233/278 234/279
f 235/292 236/293 237/294
f 238/289 239/290 240/291
f 241/295 242/296 243/297
f 244/298 245/299 246/300
f 247/304 248/305 249/306
f 250/301 251/302 252/303
f 253/247 254/248 255/249
f 256/250 257/251 258/252
f 259/235 260/236 261/237
f 262/238 263/239 264/240
f 265/244 266/245 267/246
f 268/241 269/242 270/243
f 271/256 272/257 273/258
f 274/253 275/254 276/255
f 277/196 278/197 279/198
f 280/193 281/194 282/195
f 283/181 284/182 285/183
f 286/190 287/191 288/192
f 289/202 290/203 291/204
f 292/199 293/200 294/201
f 295/112 296/113 297/114
f 298/115 299/116 300/117
f 301/172 302/173 303/174
f 304/187 305/188 306/189
f 307/175 308/176 309/177
f 310/169 311/170 312/171
f 313/373 314/374 315/375
f 316/358 317/359 318/360
f 319/313 320/314 321/315
f 322/394 323/395 324/396
f 325/391 326/392 327/393
f 328/388 329/389 330/390
f 331/385 332/386 333/387
f 334/382 335/383 336/384
f 337/364 338/365 339/366
f 340/346 341/347 342/348
f 343/343 344/344 345/345
f 346/340 347/341 348/342
f 349/337 350/338 351/339
f 352/334 353/335 354/336
f 355/331 356/332 357/333
f 358/328 359/329 360/330
f 361/325 362/326 363/327
f 364/322 365/323 366/324
f 367/319 368/320 369/321
f 370/316 371/317 372/318
f 373/484 374/485 375/486
f 376/481 377/482 378/483
f 379/478 380/479 381/480
f 382/475 383/476 384/477
f 385/487 386/488 387/489
f 388/490 389/491 390/492
f 391/415 392/416 393/417
f 394/418 395/419 396/420
f 397/496 398/497 399/498
f 400/493 401/494 402/495
f 403/412 404/413 405/414
f 406/409 407/410 408/411
f 409/436 410/437 411/438
f 412/433 413/434 414/435
f 415/424 416/425 417/426
f 418/421 419/422 420/423
f 421/427 422/428 423/429
f 424/430 425/431 426/432
f 427/505 428/506 429/507
f 430/508 431/509 432/510
f 433/502 434/503 435/504
f 436/499 437/500 438/501
f 439/514 440/515 441/516
f 442/511 443/512 444/513
f 445/463 446/464 447/465
f 448/466 449/467 450/468
f 451/457 452/458 453/459
f 454/460 455/461 456/462
f 457/472 458/473 459/474
f 460/469 461/470 462/471
f 463/451 464/452 465/453
f 466/454 467/455 468/456
f 469/442 470/443 471/444
f 472/439 473/440 474/441
f 475/448 476/449 477/450
f 478/445 479/446 480/447
f 481/403 482/404 483/405
f 484/406 485/407 486/408
f 487/361 488/362 489/363
f 490/370 491/371 492/372
f 493/397 494/398 495/399
f 496/400 497/401 498/402
f 499/376 500/377 501/378
f 502/379 503/380 504/381
f 505/352 506/353 507/354
f 508/367 509/368 510/369
f 511/355 512/356 513/357
f 514/349 515/350 516/351
f 517/565 518/566 519/567
f 520/562 521/563 522/564
f 523/559 524/560 525/561
f 526/556 527/557 528/558
f 529/553 530/554 531/555
f 532/550 533/551 534/552
f 535/547 536/548 537/549
f 538/544 539/545 540/546
f 541/541 542/542 543/543
f 544/538 545/539 546/540
f 547/535 548/536 549/537
f 550/532 551/533 552/534
f 553/529 554/530 555/531
f 556/526 557/527 558/528
f 559/523 560/524 561/525
f 562/520 563/521 564/522
f 565/517 566/518 567/519
f 568/568 569/569 570/570
f 571/700 572/701 573/702
f 574/697 575/698 576/699
f 577/694 578/695 579/696
f 580/691 581/692 582/693
f 583/688 584/689 585/690
f 586/685 587/686 588/687
f 589/682 590/683 591/684
f 592/679 593/680 594/681
f 595/730 596/731 597/732
f 598/727 599/728 600/729
f 601/724 602/725 603/726
f 604/721 605/722 606/723
f 607/718 608/719 609/720
f 610/715 611/716 612/717
f 613/712 614/713 615/714
f 616/709 617/710 618/711
f 619/706 620/707 621/708
f 622/703 623/704 624/705
f 625/649 626/650 627/651
f 628/652 629/653 630/654
f 631/592 632/593 633/594
f 634/589 635/590 636/591
f 637/586 638/587 639/588
f 640/583 641/584 642/585
f 643/571 644/572 645/573
f 646/574 647/575 648/576
f 649/577 650/578 651/579
f 652/580 653/581 654/582
f 655/595 656/596 657/597
f 658/598 659/599 660/600
f 661/661 662/662 663/663
f 664/664 665/665 666/666
f 667/655 668/656 669/657
f 670/658 671/659 672/660
f 673/670 674/671 675/672
f 676/667 677/668 678/669
f 679/676 680/677 681/678
f 682/673 683/674 684/675
f 685/613 686/614 687/615
f 688/616 689/617 690/618
f 691/607 692/608 693/609
f 694/610 695/611 696/612
f 697/604 698/605 699/606
f 700/601 701/602 702/603
f 703/622 704/623 705/624
f 706/619 707/620 708/621
f 709/628 710/629 711/630
f 712/625 713/626 714/627
f 715/640 716/641 717/642
f 718/637 719/638 720/639
f 721/634 722/635 723/636
f 724/631 725/632 726/633
f 727/643 728/644 729/645
f 730/646 731/647 732/648
f 733/736 734/737 735/738
f 736/733 737/734 738/735
f 739/745 740/746 741/747
f 742/748 743/749 744/750
f 745/751 746/752 747/753
f 748/754 749/755 750/756
f 751/814 752/815 753/816
f 754/811 755/812 756/813
f 757/808 758/809 759/810
f 760/805 761/806 762/807
f 763/793 764/794 765/795
f 766/796 767/797 768/798
f 769/802 770/803 771/804
f 772/799 773/800 774/801
f 775/787 776/788 777/789
f 778/790 779/791 780/792
f 781/781 782/782 783/783
f 784/784 785/785 786/786
f 787/763 788/764 789/765
f 790/766 791/767 792/768
f 793/772 794/773 795/774
f 796/769 797/770 798/771
f 799/778 800/779 801/780
f 802/775 803/776 804/777
f 805/829 806/830 807/831
f 808/832 809/833 810/834
f 811/823 812/824 813/825
f 814/826 815/827 816/828
f 817/820 818/821 819/822
f 820/817 821/818 822/819
f 823/835 824/836 825/837
f 826/838 827/839 828/840
f 829/760 830/761 831/762
f 832/757 833/758 834/759
f 835/742 836/743 837/744
f 838/739 839/740 840/741
f 841/871 842/872 843/873
f 844/868 845/869 846/870
f 847/865 848/866 849/867
f 850/862 851/863 852/864
f 853/859 854/860 855/861
f 856/856 857/857 858/858
f 859/853 860/854 861/855
f 862/850 863/851 864/852
f 865/847 866/848 867/849
f 868/844 869/845 870/846
f 871/841 872/842 873/843
f 874/892 875/893 876/894
f 877/889 878/890 879/891
f 880/886 881/887 882/888
f 883/883 884/884 885/885
f 886/880 887/881 888/882
f 889/877 890/878 891/879
f 892/874 893/875 894/876
f 895/1009 896/1010 897/1011
f 898/1006 899/1007 900/1008
f 901/1003 902/1004 903/1005
f 904/1054 905/1055 906/1056
f 907/1051 908/1052 909/1053
f 910/1048 911/1049 912/1050
f 913/1045 914/1046 915/1047
f 916/1042 917/1043 918/1044
f 919/1039 920/1040 921/1041
f 922/1036 923/1037 924/1038
f 925/1033 926/1034 927/1035
f 928/1030 929/1031 930/1032
f 931/1027 932/1028 933/1029
f 934/1024 935/1025 936/1026
f 937/1021 938/1022 939/1023
f 940/1018 941/1019 942/1020
f 943/1015 944/1016 945/1017
f 946/1012 947/1013 948/1014
f 949/961 950/962 951/963
f 952/964 953/965 954/966
f 955/910 956/911 957/912
f 958/907 959/908 960/909
f 961/904 962/905 963/906
f 964/901 965/902 966/903
f 967/895 968/896 969/897
f 970/898 971/899 972/900
f 973/913 974/914 975/915
f 976/916 977/917 978/918
f 979/919 980/920 981/921
f 982/922 983/923 984/924
f 985/997 986/998 987/999
f 988/1000 989/1001 990/1002
f 991/991 992/992 993/993
f 994/994 995/995 996/996
f 997/973 998/974 999/975
f 1000/976 1001/977 1002/978
f 1003/982 1004/983 1005/984
f 1006/979 1007/980 1008/981
f 1009/988 1010/989 1011/990
f 1012/985 1013/986 1014/987
f 1015/943 1016/944 1017/945
f 1018/946 1019/947 1020/948
f 1021/937 1022/938 1023/939
f 1024/940 1025/941 1026/942
f 1027/928 1028/929 1029/930
f 1030/925 1031/926 1032/927
f 1033/934 1034/935 1035/936
f 1036/931 1037/932 1038/933
f 1039/970 1040/971 1041/972
f 1042/967 1043/968 1044/969
f 1045/952 1046/953 1047/954
f 1048/949 1049/950 1050/951
f 1051/955 1052/956 1053/957
f 1054/958 1055/959 1056/960
f 1057/1129 1058/1130 1059/1131
f 1060/1132 1061/1133 1062/1134
f 1063/1102 1064/1103 1065/1104
f 1066/1099 1067/1100 1068/1101
f 1069/1096 1070/1097 1071/1098
f 1072/1093 1073/1094 1074/1095
f 1075/1087 1076/1088 1077/1089
f 1078/1090 1079/1091 1080/1092
f 1081/1105 1082/1106 1083/1107
f 1084/1108 1085/1109 1086/1110
f 1087/1111 1088/1112 1089/1113
f 1090/1114 1091/1115 1092/1116
f 1093/1147 1094/1148 1095/1149
f 1096/1150 1097/1151 1098/1152
f 1099/1141 1100/1142 1101/1143
f 1102/1144 1103/1145 1104/1146
f 1105/1156 1106/1157 1107/1158
f 1108/1153 1109/1154 1110/1155
f 1111/1162 1112/1163 1113/1164
f 1114/1159 1115/1160 1116/1161
f 1117/1069 1118/1070 1119/1071
f 1120/1072 1121/1073 1122/1074
f 1123/1063 1124/1064 1125/1065
f 1126/1066 1127/1067 1128/1068
f 1129/1060 1130/1061 1131/1062
f 1132/1057 1133/1058 1134/1059
f 1135/1078 1136/1079 1137/1080
f 1138/1075 1139/1076 1140/1077
f 1141/1084 1142/1085 1143/1086
f 1144/1081 1145/1082 1146/1083
f 1147/1138 1148/1139 1149/1140
f 1150/1135 1151/1136 1152/1137
f 1153/1120 1154/1121 1155/1122
f 1156/1117 1157/1118 1158/1119
f 1159/1123 1160/1124 1161/1125
f 1162/1126 1163/1127 1164/1128
f 1165/1165 1166/1166 1167/1167
f 1168/1222 1169/1223 1170/1224
f 1171/1219 1172/1220 1173/1221
f 1174/1216 1175/1217 1176/1218
f 1177/1213 1178/1214 1179/1215
f 1180/1210 1181/1211 1182/1212
f 1183/1207 1184/1208 1185/1209
f 1186/1204 1187/1205 1188/1206
f 1189/1201 1190/1202 1191/1203
f 1192/1198 1193/1199 1194/1200
f 1195/1195 1196/1196 1197/1197
f 1198/1192 1199/1193 1200/1194
f 1201/1189 1202/1190 1203/1191
f 1204/1186 1205/1187 1206/1188
f 1207/1183 1208/1184 1209/1185
f 1210/1180 1211/1181 1212/1182
f 1213/1177 1214/1178 1215/1179
f 1216/1174 1217/1175 1218/1176
f 1219/1171 1220/1172 1221/1173
f 1222/1168 1223/1169 1224/1170
f 1225/1228 1226/1229 1227/1230
f 1228/1225 1229/1226 1230/1227
f 1231/1255 1232/1256 1233/1257
f 1234/1258 1235/1259 1236/1260
f 1237/1285 1238/1286 1239/1287
f 1240/1288 1241/1289 1242/1290
f 1243/1318 1244/1319 1245/1320
f 1246/1315 1247/1316 1248/1317
f 1249/1240 1250/1241 1251/1242
f 1252/1237 1253/1238 1254/1239
f 1255/1246 1256/1247 1257/1248
f 1258/1243 1259/1244 1260/1245
f 1261/1231 1262/1232 1263/1233
f 1264/1234 1265/1235 1266/1236
f 1267/1249 1268/1250 1269/1251
f 1270/1252 1271/1253 1272/1254
f 1273/1267 1274/1268 1275/1269
f 1276/1270 1277/1271 1278/1272
f 1279/1279 1280/1280 1281/1281
f 1282/1282 1283/1283 1284/1284
f 1285/1264 1286/1265 1287/1266
f 1288/1261 1289/1262 1290/1263
f 1291/1276 1292/1277 1293/1278
f 1294/1273 1295/1274 1296/1275
f 1297/1300 1298/1301 1299/1302
f 1300/1297 1301/1298 1302/1299
f 1303/1306 1304/1307 1305/1308
f 1306/1303 1307/1304 1308/1305
f 1309/1294 1310/1295 1311/1296
f 1312/1291 1313/1292 1314/1293
f 1315/1312 1316/1313 1317/1314
f 1318/1309 1319/1310 1320/1311
f 1321/1327 1322/1328 1323/1329
f 1324/1330 1325/1331 1326/1332
f 1327/1339 1328/1340 1329/1341
f 1330/1342 1331/1343 1332/1344
f 1333/1321 1334/1322 1335/1323
f 1336/1324 1337/1325 1338/1326
f 1339/1333 1340/1334 1341/1335
f 1342/1336 1343/1337 1344/1338
f 1345/1534 1346/1535 1347/1536
f 1348/1531 1349/1532 1350/1533
f 1351/1528 1352/1529 1353/1530
f 1354/1525 1355/1526 1356/1527
f 1357/1522 1358/1523 1359/1524
f 1360/1519 1361/1520 1362/1521
f 1363/1516 1364/1517 1365/1518
f 1366/1513 1367/1514 1368/1515
f 1369/1510 1370/1511 1371/1512
f 1372/1507 1373/1508 1374/1509
f 1375/1504 1376/1505 1377/1506
f 1378/1501 1379/1502 1380/1503
f 1381/1498 1382/1499 1383/1500
f 1384/1495 1385/1496 1386/1497
f 1387/1492 1388/1493 1389/1494
f 1390/1489 1391/1490 1392/1491
f 1393/1486 1394/1487 1395/1488
f 1396/1483 1397/1484 1398/1485
f 1399/1480 1400/1481 1401/1482
f 1402/1477 1403/1478 1404/1479
f 1405/1474 1406/1475 1407/1476
f 1408/1471 1409/1472 1410/1473
f 1411/1468 1412/1469 1413/1470
f 1414/1465 1415/1466 1416/1467
f 1417/1462 1418/1463 1419/1464
f 1420/1459 1421/1460 1422/1461
f 1423/1456 1424/1457 1425/1458
f 1426/1453 1427/1454 1428/1455
f 1429/1558 1430/1559 1431/1560
f 1432/1555 1433/1556 1434/1557
f 1435/1552 1436/1553 1437/1554
f 1438/1549 1439/1550 1440/1551
f 1441/1546 1442/1547 1443/1548
f 1444/1543 1445/1544 1446/1545
f 1447/1540 1448/1541 1449/1542
f 1450/1537 1451/1538 1452/1539
f 1453/1426 1454/1427 1455/1428
f 1456/1423 1457/1424 1458/1425
f 1459/1420 1460/1421 1461/1422
f 1462/1417 1463/1418 1464/1419
f 1465/1414 1466/1415 1467/1416
f 1468/1411 1469/1412 1470/1413
f 1471/1408 1472/1409 1473/1410
f 1474/1405 1475/1406 1476/1407
f 1477/1402 1478/1403 1479/1404
f 1480/1399 1481/1400 1482/1401
f 1483/1396 1484/1397 1485/1398
f 1486/1393 1487/1394 1488/1395
f 1489/1390 1490/1391 1491/1392
f 1492/1387 1493/1388 1494/1389
f 1495/1384 1496/1385 1497/1386
f 1498/1381 1499/1382 1500/1383
f 1501/1378 1502/1379 1503/1380
f 1504/1375 1505/1376 1506/1377
f 1507/1372 1508/1373 1509/1374
f 1510/1369 1511/1370 1512/1371
f 1513/1366 1514/1367 1515/1368
f 1516/1363 1517/1364 1518/1365
f 1519/1360 1520/1361 1521/1362
f 1522/1357 1523/1358 1524/1359
f 1525/1354 1526/1355 1527/1356
f 1528/1351 1529/1352 1530/1353
f 1531/1348 1532/1349 1533/1350
f 1534/1345 1535/1346 1536/1347
f 1537/1450 1538/1451 1539/1452
f 1540/1447 1541/1448 1542/1449
f 1543/1444 1544/1445 1545/1446
f 1546/1441 1547/1442 1548/1443
f 1549/1438 1550/1439 1551/1440
f 1552/1435 1553/1436 1554/1437
f 1555/1432 1556/1433 1557/1434
f 1558/1429 1559/1430 1560/1431
f 1561/1594 1562/1595 1563/1596
f 1564/1591 1565/1592 1566/1593
f 1567/1609 1568/1610 1569/1611
f 1570/1612 1571/1613 1572/1614
f 1573/1618 1574/1619 1575/1620
f 1576/1615 1577/1616 1578/1617
f 1579/1771 1580/1772 1581/1773
f 1582/1774 1583/1775 1584/1776
f 1585/1723 1586/1724 1587/1725
f 1588/1726 1589/1727 1590/1728
f 1591/1720 1592/1721 1593/1722
f 1594/1717 1595/1718 1596/1719
f 1597/1687 1598/1688 1599/1689
f 1600/1690 1601/1691 1602/1692
f 1603/1684 1604/1685 1605/1686
f 1606/1681 1607/1682 1608/1683
f 1609/1561 1610/1562 1611/1563
f 1612/1564 1613/1565 1614/1566
f 1615/1570 1616/1571 1617/1572
f 1618/1567 1619/1568 1620/1569
f 1621/1669 1622/1670 1623/1671
f 1624/1672 1625/1673 1626/1674
f 1627/1678 1628/1679 1629/1680
f 1630/1675 1631/1676 1632/1677
f 1633/1735 1634/1736 1635/1737
f 1636/1738 1637/1739 1638/1740
f 1639/1732 1640/1733 1641/1734
f 1642/1729 1643/1730 1644/1731
f 1645/1651 1646/1652 1647/1653
f 1648/1654 1649/1655 1650/1656
f 1651/1648 1652/1649 1653/1650
f 1654/1645 1655/1646 1656/1647
f 1657/1603 1658/1604 1659/1605
f 1660/1606 1661/1607 1662/1608
f 1663/1600 1664/1601 1665/1602
f 1666/1597 1667/1598 1668/1599
f 1669/1696 1670/1697 1671/1698
f 1672/1693 1673/1694 1674/1695
f 1675/1699 1676/1700 1677/1701
f 1678/1702 1679/1703 1680/1704
f 1681/1744 1682/1745 1683/1746
f 1684/1741 1685/1742 1686/1743
f 1687/1747 1688/1748 1689/1749
f 1690/1750 1691/1751 1692/1752
f 1693/1762 1694/1763 1695/1764
f 1696/1759 1697/1760 1698/1761
f 1699/1753 1700/1754 1701/1755
f 1702/1756 1703/1757 1704/1758
f 1705/1666 1706/1667 1707/1668
f 1708/1663 1709/1664 1710/1665
f 1711/1657 1712/1658 1713/1659
f 1714/1660 1715/1661 1716/1662
f 1717/1576 1718/1577 1719/1578
f 1720/1573 1721/1574 1722/1575
f 1723/1579 1724/1580 1725/1581
f 1726/1582 1727/1583 1728/1584
f 1729/1624 1730/1625 1731/1626
f 1732/1621 1733/1622 1734/1623
f 1735/1627 1736/1628 1737/1629
f 1738/1630 1739/1631 1740/1632
f 1741/1765 1742/1766 1743/1767
f 1744/1768 1745/1769 1746/1770
f 1747/1714 1748/1715 1749/1716
f 1750/1711 1751/1712 1752/1713
f 1753/1705 1754/1706 1755/1707
f 1756/1708 1757/1709 1758/1710
f 1759/1642 1760/1643 1761/1644
f 1762/1639 1763/1640 1764/1641
f 1765/1633 1766/1634 1767/1635
f 1768/1636 1769/1637 1770/1638
f 1771/1588 1772/1589 1773/1590
f 1774/1585 1775/1586 1776/1587
f 1777/2317 1778/2318 1779/2319
f 1780/2320 1781/2321 1782/2322
f 1783/2764 1784/2765 1785/2766
f 1786/2761 1787/2762 1788/2763
f 1789/2212 1790/2213 1791/2214
f 1792/2209 1793/2210 1794/2211
f 1795/2665 1796/2666 1797/2667
f 1798/2668 1799/2669 1800/2670
f 1801/2332 1802/2333 1803/2334
f 1804/2329 1805/2330 1806/2331
f 1807/2338 1808/2339 1809/2340
f 1810/2335 1811/2336 1812/2337
f 1813/2356 1814/2357 1815/2358
f 1816/2353 1817/2354 1818/2355
f 1819/2410 1820/2411 1821/2412
f 1822/2407 1823/2408 1824/2409
f 1825/2323 1826/2324 1827/2325
f 1828/2326 1829/2327 1830/2328
f 1831/2341 1832/2342 1833/2343
f 1834/2344 1835/2345 1836/2346
f 1837/2347 1838/2348 1839/2349
f 1840/2350 1841/2351 1842/2352
f 1843/2401 1844/2402 1845/2403
f 1846/2404 1847/2405 1848/2406
f 1849/2767 1850/2768 1851/2769
f 1852/2770 1853/2771 1854/2772
f 1855/2785 1856/2786 1857/2787
f 1858/2788 1859/2789 1860/2790
f 1861/2791 1862/2792 1863/2793
f 1864/2794 1865/2795 1866/2796
f 1867/2833 1868/2834 1869/2835
f 1870/2836 1871/2837 1872/2838
f 1873/2773 1874/2774 1875/2775
f 1876/2776 1877/2777 1878/2778
f 1879/2779 1880/2780 1881/2781
f 1882/2782 1883/2783 1884/2784
f 1885/2797 1886/2798 1887/2799
f 1888/2800 1889/2801 1890/2802
f 1891/2839 1892/2840 1893/2841
f 1894/2842 1895/2843 1896/2844
f 1897/2215 1898/2216 1899/2217
f 1900/2218 1901/2219 1902/2220
f 1903/2233 1904/2234 1905/2235
f 1906/2236 1907/2237 1908/2238
f 1909/2239 1910/2240 1911/2241
f 1912/2242 1913/2243 1914/2244
f 1915/2299 1916/2300 1917/2301
f 1918/2302 1919/2303 1920/2304
f 1921/2224 1922/2225 1923/2226
f 1924/2221 1925/2222 1926/2223
f 1927/2230 1928/2231 1929/2232
f 1930/2227 1931/2228 1932/2229
f 1933/2248 1934/2249 1935/2250
f 1936/2245 1937/2246 1938/2247
f 1939/2296 1940/2297 1941/2298
f 1942/2293 1943/2294 1944/2295
f 1945/2680 1946/2681 1947/2682
f 1948/2677 1949/2678 1950/2679
f 1951/2692 1952/2693 1953/2694
f 1954/2689 1955/2690 1956/2691
f 1957/2704 1958/2705 1959/2706
f 1960/2701 1961/2702 1962/2703
f 1963/2740 1964/2741 1965/2742
f 1966/2737 1967/2738 1968/2739
f 1969/2674 1970/2675 1971/2676
f 1972/2671 1973/2672 1974/2673
f 1975/2686 1976/2687 1977/2688
f 1978/2683 1979/2684 1980/2685
f 1981/2698 1982/2699 1983/2700
f 1984/2695 1985/2696 1986/2697
f 1987/2746 1988/2747 1989/2748
f 1990/2743 1991/2744 1992/2745
f 1993/1840 1994/1841 1995/1842
f 1996/1843 1997/1844 1998/1845
f 1999/1846 2000/1847 2001/1848
f 2002/1849 2003/1850 2004/1851
f 2005/1855 2006/1856 2007/1857
f 2008/1852 2009/1853 2010/1854
f 2011/1861 2012/1862 2013/1863
f 2014/1858 2015/1859 2016/1860
f 2017/1867 2018/1868 2019/1869
f 2020/1864 2021/1865 2022/1866
f 2023/1873 2024/1874 2025/1875
f 2026/1870 2027/1871 2028/1872
f 2029/1879 2030/1880 2031/1881
f 2032/1876 2033/1877 2034/1878
f 2035/1885 2036/1886 2037/1887
f 2038/1882 2039/1883 2040/1884
f 2041/1891 2042/1892 2043/1893
f 2044/1888 2045/1889 2046/1890
f 2047/1897 2048/1898 2049/1899
f 2050/1894 2051/1895 2052/1896
f 2053/1903 2054/1904 2055/1905
f 2056/1900 2057/1901 2058/1902
f 2059/1909 2060/1910 2061/1911
f 2062/1906 2063/1907 2064/1908
f 2065/1915 2066/1916 2067/1917
f 2068/1912 2069/1913 2070/1914
f 2071/1921 2072/1922 2073/1923
f 2074/1918 2075/1919 2076/1920
f 2077/1927 2078/1928 2079/1929
f 2080/1924 2081/1925 2082/1926
f 2083/1933 2084/1934 2085/1935
f 2086/1930 2087/1931 2088/1932
f 2089/1939 2090/1940 2091/1941
f 2092/1936 2093/1937 2094/1938
f 2095/1945 2096/1946 2097/1947
f 2098/1942 2099/1943 2100/1944
f 2101/1951 2102/1952 2103/1953
f 2104/1948 2105/1949 2106/1950
f 2107/1957 2108/1958 2109/1959
f 2110/1954 2111/1955 2112/1956
f 2113/1960 2114/1961 2115/1962
f 2116/1963 2117/1964 2118/1965
f 2119/1966 2120/1967 2121/1968
f 2122/1969 2123/1970 2124/1971
f 2125/1972 2126/1973 2127/1974
f 2128/1975 2129/1976 2130/1977
f 2131/1978 2132/1979 2133/1980
f 2134/1981 2135/1982 2136/1983
f 2137/1984 2138/1985 2139/1986
f 2140/1987 2141/1988 2142/1989
f 2143/1990 2144/1991 2145/1992
f 2146/1777 2147/1778 2148/1779
f 2149/1780 2150/1781 2151/1782
f 2152/1783 2153/1784 2154/1785
f 2155/1786 2156/1787 2157/1788
f 2158/1789 2159/1790 2160/1791
f 2161/1792 2162/1793 2163/1794
f 2164/1795 2165/1796 2166/1797
f 2167/1798 2168/1799 2169/1800
f 2170/1801 2171/1802 2172/1803
f 2173/1804 2174/1805 2175/1806
f 2176/1807 2177/1808 2178/1809
f 2179/1810 2180/1811 2181/1812
f 2182/1813 2183/1814 2184/1815
f 2185/1816 2186/1817 2187/1818
f 2188/1819 2189/1820 2190/1821
f 2191/1822 2192/1823 2193/1824
f 2194/1825 2195/1826 2196/1827
f 2197/1828 2198/1829 2199/1830
f 2200/1831 2201/1832 2202/1833
f 2203/1834 2204/1835 2205/1836
f 2206/1837 2207/1838 2208/1839
f 2209/2530 2210/2531 2211/2532
f 2212/2527 2213/2528 2214/2529
f 2215/2542 2216/2543 2217/2544
f 2218/2539 2219/2540 2220/2541
f 2221/2593 2222/2594 2223/2595
f 2224/2596 2225/2597 2226/2598
f 2227/2587 2228/2588 2229/2589
f 2230/2590 2231/2591 2232/2592
f 2233/2602 2234/2603 2235/2604
f 2236/2599 2237/2600 2238/2601
f 2239/2608 2240/2609 2241/2610
f 2242/2605 2243/2606 2244/2607
f 2245/2467 2246/2468 2247/2469
f 2248/2470 2249/2471 2250/2472
f 2251/2455 2252/2456 2253/2457
f 2254/2458 2255/2459 2256/2460
f 2257/2449 2258/2450 2259/2451
f 2260/2452 2261/2453 2262/2454
f 2263/2464 2264/2465 2265/2466
f 2266/2461 2267/2462 2268/2463
f 2269/2476 2270/2477 2271/2478
f 2272/2473 2273/2474 2274/2475
f 2275/2482 2276/2483 2277/2484
f 2278/2479 2279/2480 2280/2481
f 2281/2623 2282/2624 2283/2625
f 2284/2626 2285/2627 2286/2628
f 2287/2611 2288/2612 2289/2613
f 2290/2614 2291/2615 2292/2616
f 2293/2620 2294/2621 2295/2622
f 2296/2617 2297/2618 2298/2619
f 2299/2575 2300/2576 2301/2577
f 2302/2578 2303/2579 2304/2580
f 2305/2569 2306/2570 2307/2571
f 2308/2572 2309/2573 2310/2574
f 2311/2557 2312/2558 2313/2559
f 2314/2560 2315/2561 2316/2562
f 2317/2563 2318/2564 2319/2565
f 2320/2566 2321/2567 2322/2568
f 2323/2581 2324/2582 2325/2583
f 2326/2584 2327/2585 2328/2586
f 2329/2656 2330/2657 2331/2658
f 2332/2653 2333/2654 2334/2655
f 2335/2647 2336/2648 2337/2649
f 2338/2650 2339/2651 2340/2652
f 2341/2659 2342/2660 2343/2661
f 2344/2662 2345/2663 2346/2664
f 2347/2518 2348/2519 2349/2520
f 2350/2515 2351/2516 2352/2517
f 2353/2512 2354/2513 2355/2514
f 2356/2509 2357/2510 2358/2511
f 2359/2500 2360/2501 2361/2502
f 2362/2497 2363/2498 2364/2499
f 2365/2485 2366/2486 2367/2487
f 2368/2488 2369/2489 2370/2490
f 2371/2491 2372/2492 2373/2493
f 2374/2494 2375/2495 2376/2496
f 2377/2503 2378/2504 2379/2505
f 2380/2506 2381/2507 2382/2508
f 2383/2638 2384/2639 2385/2640
f 2386/2635 2387/2636 2388/2637
f 2389/2629 2390/2630 2391/2631
f 2392/2632 2393/2633 2394/2634
f 2395/2641 2396/2642 2397/2643
f 2398/2644 2399/2645 2400/2646
f 2401/2554 2402/2555 2403/2556
f 2404/2551 2405/2552 2406/2553
f 2407/2548 2408/2549 2409/2550
f 2410/2545 2411/2546 2412/2547
f 2413/2536 2414/2537 2415/2538
f 2416/2533 2417/2534 2418/2535
f 2419/2521 2420/2522 2421/2523
f 2422/2524 2423/2525 2424/2526
f 2425/2362 2426/2363 2427/2364
f 2428/2359 2429/2360 2430/2361
f 2431/2437 2432/2438 2433/2439
f 2434/2440 2435/2441 2436/2442
f 2437/2251 2438/2252 2439/2253
f 2440/2254 2441/2255 2442/2256
f 2443/2428 2444/2429 2445/2430
f 2446/2425 2447/2426 2448/2427
f 2449/2368 2450/2369 2451/2370
f 2452/2365 2453/2366 2454/2367
f 2455/2386 2456/2387 2457/2388
f 2458/2383 2459/2384 2460/2385
f 2461/2398 2462/2399 2463/2400
f 2464/2395 2465/2396 2466/2397
f 2467/2422 2468/2423 2469/2424
f 2470/2419 2471/2420 2472/2421
f 2473/2374 2474/2375 2475/2376
f 2476/2371 2477/2372 2478/2373
f 2479/2377 2480/2378 2481/2379
f 2482/2380 2483/2381 2484/2382
f 2485/2389 2486/2390 2487/2391
f 2488/2392 2489/2393 2490/2394
f 2491/2413 2492/2414 2493/2415
f 2494/2416 2495/2417 2496/2418
f 2497/2443 2498/2444 2499/2445
f 2500/2446 2501/2447 2502/2448
f 2503/2815 2504/2816 2505/2817
f 2506/2818 2507/2819 2508/2820
f 2509/2821 2510/2822 2511/2823
f 2512/2824 2513/2825 2514/2826
f 2515/2845 2516/2846 2517/2847
f 2518/2848 2519/2849 2520/2850
f 2521/2806 2522/2807 2523/2808
f 2524/2803 2525/2804 2526/2805
f 2527/2812 2528/2813 2529/2814
f 2530/2809 2531/2810 2532/2811
f 2533/2827 2534/2828 2535/2829
f 2536/2830 2537/2831 2538/2832
f 2539/2851 2540/2852 2541/2853
f 2542/2854 2543/2855 2544/2856
f 2545/2257 2546/2258 2547/2259
f 2548/2260 2549/2261 2550/2262
f 2551/2275 2552/2276 2553/2277
f 2554/2278 2555/2279 2556/2280
f 2557/2287 2558/2288 2559/2289
f 2560/2290 2561/2291 2562/2292
f 2563/2311 2564/2312 2565/2313
f 2566/2314 2567/2315 2568/2316
f 2569/2266 2570/2267 2571/2268
f 2572/2263 2573/2264 2574/2265
f 2575/2269 2576/2270 2577/2271
f 2578/2272 2579/2273 2580/2274
f 2581/2284 2582/2285 2583/2286
f 2584/2281 2585/2282 2586/2283
f 2587/2308 2588/2309 2589/2310
f 2590/2305 2591/2306 2592/2307
f 2593/2434 2594/2435 2595/2436
f 2596/2431 2597/2432 2598/2433
f 2599/2722 2600/2723 2601/2724
f 2602/2719 2603/2720 2604/2721
f 2605/2728 2606/2729 2607/2730
f 2608/2725 2609/2726 2610/2727
f 2611/2752 2612/2753 2613/2754
f 2614/2749 2615/2750 2616/2751
f 2617/2707 2618/2708 2619/2709
f 2620/2710 2621/2711 2622/2712
f 2623/2716 2624/2717 2625/2718
f 2626/2713 2627/2714 2628/2715
f 2629/2734 2630/2735 2631/2736
f 2632/2731 2633/2732 2634/2733
f 2635/2755 2636/2756 2637/2757
f 2638/2758 2639/2759 2640/2760
f 2641/2197 2642/2198 2643/2199
f 2644/2200 2645/2201 2646/2202
f 2647/2191 2648/2192 2649/2193
f 2650/2194 2651/2195 2652/2196
f 2653/2185 2654/2186 2655/2187
f 2656/2188 2657/2189 2658/2190
f 2659/2179 2660/2180 2661/2181
f 2662/2182 2663/2183 2664/2184
f 2665/2173 2666/2174 2667/2175
f 2668/2176 2669/2177 2670/2178
f 2671/2167 2672/2168 2673/2169
f 2674/2170 2675/2171 2676/2172
f 2677/2161 2678/2162 2679/2163
f 2680/2164 2681/2165 2682/2166
f 2683/2155 2684/2156 2685/2157
f 2686/2158 2687/2159 2688/2160
f 2689/2149 2690/2150 2691/2151
f 2692/2152 2693/2153 2694/2154
f 2695/2143 2696/2144 2697/2145
f 2698/2146 2699/2147 2700/2148
f 2701/2137 2702/2138 2703/2139
f 2704/2140 2705/2141 2706/2142
f 2707/2131 2708/2132 2709/2133
f 2710/2134 2711/2135 2712/2136
f 2713/2125 2714/2126 2715/2127
f 2716/2128 2717/2129 2718/2130
f 2719/2119 2720/2120 2721/2121
f 2722/2122 2723/2123 2724/2124
f 2725/2113 2726/2114 2727/2115
f 2728/2116 2729/2117 2730/2118
f 2731/2107 2732/2108 2733/2109
f 2734/2110 2735/2111 2736/2112
f 2737/2101 2738/2102 2739/2103
f 2740/2104 2741/2105 2742/2106
f 2743/2095 2744/2096 2745/2097
f 2746/2098 2747/2099 2748/2100
f 2749/2086 2750/2087 2751/2088
f 2752/2083 2753/2084 2754/2085
f 2755/2080 2756/2081 2757/2082
f 2758/2077 2759/2078 2760/2079
f 2761/2074 2762/2075 2763/2076
f 2764/2071 2765/2072 2766/2073
f 2767/2068 2768/2069 2769/2070
f 2770/2065 2771/2066 2772/2067
f 2773/2062 2774/2063 2775/2064
f 2776/2059 2777/2060 2778/2061
f 2779/2056 2780/2057 2781/2058
f 2782/2053 2783/2054 2784/2055
f 2785/2050 2786/2051 2787/2052
f 2788/2047 2789/2048 2790/2049
f 2791/2044 2792/2045 2793/2046
f 2794/2041 2795/2042 2796/2043
f 2797/1996 2798/1997 2799/1998
f 2800/1993 2801/1994 2802/1995
f 2803/2002 2804/2003 2805/2004
f 2806/1999 2807/2000 2808/2001
f 2809/2008 2810/2009 2811/2010
f 2812/2005 2813/2006 2814/2007
f 2815/2011 2816/2012 2817/2013
f 2818/2014 2819/2015 2820/2016
f 2821/2017 2822/2018 2823/2019
f 2824/2020 2825/2021 2826/2022
f 2827/2023 2828/2024 2829/2025
f 2830/2026 2831/2027 2832/2028
f 2833/2032 2834/2033 2835/2034
f 2836/2029 2837/2030 2838/2031
f 2839/2038 2840/2039 2841/2040
f 2842/2035 2843/2036 2844/2037
f 2845/2089 2846/2090 2847/2091
f 2848/2092 2849/2093 2850/2094
f 2851/2206 2852/2207 2853/2208
f 2854/2203 2855/2204 2856/2205
f 2857/3355 2858/3356 2859/3357
f 2860/3358 2861/3359 2862/3360
f 2863/3178 2864/3179 2865/3180
f 2866/3175 2867/3176 2868/3177
f 2869/3298 2870/3299 2871/3300
f 2872/3295 2873/3296 2874/3297
f 2875/3238 2876/3239 2877/3240
f 2878/3235 2879/3236 2880/3237
f 2881/3364 2882/3365 2883/3366
f 2884/3361 2885/3362 2886/3363
f 2887/3406 2888/3407 2889/3408
f 2890/3403 2891/3404 2892/3405
f 2893/3367 2894/3368 2895/3369
f 2896/3370 2897/3371 2898/3372
f 2899/3391 2900/3392 2901/3393
f 2902/3394 2903/3395 2904/3396
f 2905/3181 2906/3182 2907/3183
f 2908/3184 2909/3185 2910/3186
f 2911/3211 2912/3212 2913/3213
f 2914/3214 2915/3215 2916/3216
f 2917/3187 2918/3188 2919/3189
f 2920/3190 2921/3191 2922/3192
f 2923/3223 2924/3224 2925/3225
f 2926/3226 2927/3227 2928/3228
f 2929/3307 2930/3308 2931/3309
f 2932/3310 2933/3311 2934/3312
f 2935/3343 2936/3344 2937/3345
f 2938/3346 2939/3347 2940/3348
f 2941/3304 2942/3305 2943/3306
f 2944/3301 2945/3302 2946/3303
f 2947/3334 2948/3335 2949/3336
f 2950/3331 2951/3332 2952/3333
f 2953/3244 2954/3245 2955/3246
f 2956/3241 2957/3242 2958/3243
f 2959/3274 2960/3275 2961/3276
f 2962/3271 2963/3272 2964/3273
f 2965/3250 2966/3251 2967/3252
f 2968/3247 2969/3248 2970/3249
f 2971/3286 2972/3287 2973/3288
f 2974/3283 2975/3284 2976/3285
f 2977/3001 2978/3002 2979/3003
f 2980/2998 2981/2999 2982/3000
f 2983/3376 2984/3377 2985/3378
f 2986/3373 2987/3374 2988/3375
f 2989/3193 2990/3194 2991/3195
f 2992/3196 2993/3197 2994/3198
f 2995/3313 2996/3314 2997/3315
f 2998/3316 2999/3317 3000/3318
f 3001/3256 3002/3257 3003/3258
f 3004/3253 3005/3254 3006/3255
f 3007/3388 3008/3389 3009/3390
f 3010/3385 3011/3386 3012/3387
f 3013/3412 3014/3413 3015/3414
f 3016/3409 3017/3410 3018/3411
f 3019/3382 3020/3383 3021/3384
f 3022/3379 3023/3380 3024/3381
f 3025/3400 3026/3401 3027/3402
f 3028/3397 3029/3398 3030/3399
f 3031/3205 3032/3206 3033/3207
f 3034/3208 3035/3209 3036/3210
f 3037/3217 3038/3218 3039/3219
f 3040/3220 3041/3221 3042/3222
f 3043/3202 3044/3203 3045/3204
f 3046/3199 3047/3200 3048/3201
f 3049/3229 3050/3230 3051/3231
f 3052/3232 3053/3233 3054/3234
f 3055/3325 3056/3326 3057/3327
f 3058/3328 3059/3329 3060/3330
f 3061/3349 3062/3350 3063/3351
f 3064/3352 3065/3353 3066/3354
f 3067/3319 3068/3320 3069/3321
f 3070/3322 3071/3323 3072/3324
f 3073/3340 3074/3341 3075/3342
f 3076/3337 3077/3338 3078/3339
f 3079/3262 3080/3263 3081/3264
f 3082/3259 3083/3260 3084/3261
f 3085/3280 3086/3281 3087/3282
f 3088/3277 3089/3278 3090/3279
f 3091/3268 3092/3269 3093/3270
f 3094/3265 3095/3266 3096/3267
f 3097/3292 3098/3293 3099/3294
f 3100/3289 3101/3290 3102/3291
f 3103/3055 3104/3056 3105/3057
f 3106/3058 3107/3059 3108/3060
f 3109/3061 3110/3062 3111/3063
f 3112/3064 3113/3065 3114/3066
f 3115/3070 3116/3071 3117/3072
f 3118/3067 3119/3068 3120/3069
f 3121/3073 3122/3074 3123/3075
f 3124/3076 3125/3077 3126/3078
f 3127/3082 3128/3083 3129/3084
f 3130/3079 3131/3080 3132/3081
f 3133/3085 3134/3086 3135/3087
f 3136/3088 3137/3089 3138/3090
f 3139/3094 3140/3095 3141/3096
f 3142/3091 3143/3092 3144/3093
f 3145/3097 3146/3098 3147/3099
f 3148/3100 3149/3101 3150/3102
f 3151/3106 3152/3107 3153/3108
f 3154/3103 3155/3104 3156/3105
f 3157/3172 3158/3173 3159/3174
f 3160/3169 3161/3170 3162/3171
f 3163/3163 3164/3164 3165/3165
f 3166/3166 3167/3167 3168/3168
f 3169/3160 3170/3161 3171/3162
f 3172/3157 3173/3158 3174/3159
f 3175/3154 3176/3155 3177/3156
f 3178/3151 3179/3152 3180/3153
f 3181/3148 3182/3149 3183/3150
f 3184/3145 3185/3146 3186/3147
f 3187/3142 3188/3143 3189/3144
f 3190/3139 3191/3140 3192/3141
f 3193/3136 3194/3137 3195/3138
f 3196/3133 3197/3134 3198/3135
f 3199/3130 3200/3131 3201/3132
f 3202/3127 3203/3128 3204/3129
f 3205/3124 3206/3125 3207/3126
f 3208/3121 3209/3122 3210/3123
f 3211/3118 3212/3119 3213/3120
f 3214/3115 3215/3116 3216/3117
f 3217/3112 3218/3113 3219/3114
f 3220/3109 3221/3110 3222/3111
f 3223/3025 3224/3026 3225/3027
f 3226/3022 3227/3023 3228/3024
f 3229/2995 3230/2996 3231/2997
f 3232/2950 3233/2951 3234/2952
f 3235/3046 3236/3047 3237/3048
f 3238/3049 3239/3050 3240/3051
f 3241/2923 3242/2924 3243/2925
f 3244/3040 3245/3041 3246/3042
f 3247/3037 3248/3038 3249/3039
f 3250/2929 3251/2930 3252/2931
f 3253/2887 3254/2888 3255/2889
f 3256/2938 3257/2939 3258/2940
f 3259/2941 3260/2942 3261/2943
f 3262/2989 3263/2990 3264/2991
f 3265/2878 3266/2879 3267/2880
f 3268/2872 3269/2873 3270/2874
f 3271/2863 3272/2864 3273/2865
f 3274/2866 3275/2867 3276/2868
f 3277/2875 3278/2876 3279/2877
f 3280/2860 3281/2861 3282/2862
f 3283/3052 3284/3053 3285/3054
f 3286/2857 3287/2858 3288/2859
f 3289/2884 3290/2885 3291/2886
f 3292/2881 3293/2882 3294/2883
f 3295/2893 3296/2894 3297/2895
f 3298/2890 3299/2891 3300/2892
f 3301/2908 3302/2909 3303/2910
f 3304/2911 3305/2912 3306/2913
f 3307/2926 3308/2927 3309/2928
f 3310/3034 3311/3035 3312/3036
f 3313/3016 3314/3017 3315/3018
f 3316/3013 3317/3014 3318/3015
f 3319/2953 3320/2954 3321/2955
f 3322/2956 3323/2957 3324/2958
f 3325/2971 3326/2972 3327/2973
f 3328/2974 3329/2975 3330/2976
f 3331/2986 3332/2987 3333/2988
f 3334/2983 3335/2984 3336/2985
f 3337/2869 3338/2870 3339/2871
f 3340/2944 3341/2945 3342/2946
f 3343/2914 3344/2915 3345/2916
f 3346/2917 3347/2918 3348/2919
f 3349/2899 3350/2900 3351/2901
f 3352/2896 3353/2897 3354/2898
f 3355/2905 3356/2906 3357/2907
f 3358/2902 3359/2903 3360/2904
f 3361/2920 3362/2921 3363/2922
f 3364/3043 3365/3044 3366/3045
f 3367/2959 3368/2960 3369/2961
f 3370/2962 3371/2963 3372/2964
f 3373/2980 3374/2981 3375/2982
f 3376/2977 3377/2978 3378/2979
f 3379/2965 3380/2966 3381/2967
f 3382/2968 3383/2969 3384/2970
f 3385/2992 3386/2993 3387/2994
f 3388/2947 3389/2948 3390/2949
f 3391/3031 3392/3032 3393/3033
f 3394/3028 3395/3029 3396/3030
f 3397/3007 3398/3008 3399/3009
f 3400/3010 3401/3011 3402/3012
f 3403/2932 3404/2933 3405/2934
f 3406/3019 3407/3020 3408/3021
f 3409/2935 3410/2936 3411/2937
f 3412/3004 3413/3005 3414/3006
f 3415/3475 3416/3476 3417/3477
f 3418/3472 3419/3473 3420/3474
f 3421/3469 3422/3470 3423/3471
f 3424/3520 3425/3521 3426/3522
f 3427/3517 3428/3518 3429/3519
f 3430/3514 3431/3515 3432/3516
f 3433/3511 3434/3512 3435/3513
f 3436/3508 3437/3509 3438/3510
f 3439/3505 3440/3506 3441/3507
f 3442/3502 3443/3503 3444/3504
f 3445/3499 3446/3500 3447/3501
f 3448/3496 3449/3497 3450/3498
f 3451/3493 3452/3494 3453/3495
f 3454/3490 3455/3491 3456/3492
f 3457/3487 3458/3488 3459/3489
f 3460/3484 3461/3485 3462/3486
f 3463/3481 3464/3482 3465/3483
f 3466/3478 3467/3479 3468/3480
f 3469/3418 3470/3419 3471/3420
f 3472/3415 3473/3416 3474/3417
f 3475/3466 3476/3467 3477/3468
f 3478/3463 3479/3464 3480/3465
f 3481/3460 3482/3461 3483/3462
f 3484/3457 3485/3458 3486/3459
f 3487/3454 3488/3455 3489/3456
f 3490/3451 3491/3452 3492/3453
f 3493/3448 3494/3449 3495/3450
f 3496/3445 3497/3446 3498/3447
f 3499/3442 3500/3443 3501/3444
f 3502/3439 3503/3440 3504/3441
f 3505/3436 3506/3437 3507/3438
f 3508/3433 3509/3434 3510/3435
f 3511/3430 3512/3431 3513/3432
f 3514/3427 3515/3428 3516/3429
f 3517/3424 3518/3425 3519/3426
f 3520/3421 3521/3422 3522/3423
f 3523/3946 3524/3947 3525/3948
f 3526/3943 3527/3944 3528/3945
f 3529/3940 3530/3941 3531/3942
f 3532/3937 3533/3938 3534/3939
f 3535/3934 3536/3935 3537/3936
f 3538/3931 3539/3932 3540/3933
f 3541/3928 3542/3929 3543/3930
f 3544/3925 3545/3926 3546/3927
f 3547/3922 3548/3923 3549/3924
f 3550/3919 3551/3920 3552/3921
f 3553/3916 3554/3917 3555/3918
f 3556/3913 3557/3914 3558/3915
f 3559/3910 3560/3911 3561/3912
f 3562/3907 3563/3908 3564/3909
f 3565/3904 3566/3905 3567/3906
f 3568/3901 3569/3902 3570/3903
f 3571/3952 3572/3953 3573/3954
f 3574/3949 3575/3950 3576/3951
f 3577/3868 3578/3869 3579/3870
f 3580/3865 3581/3866 3582/3867
f 3583/3862 3584/3863 3585/3864
f 3586/3859 3587/3860 3588/3861
f 3589/3856 3590/3857 3591/3858
f 3592/3853 3593/3854 3594/3855
f 3595/3850 3596/3851 3597/3852
f 3598/3847 3599/3848 3600/3849
f 3601/3898 3602/3899 3603/3900
f 3604/3895 3605/3896 3606/3897
f 3607/3892 3608/3893 3609/3894
f 3610/3889 3611/3890 3612/3891
f 3613/3886 3614/3887 3615/3888
f 3616/3883 3617/3884 3618/3885
f 3619/3880 3620/3881 3621/3882
f 3622/3877 3623/3878 3624/3879
f 3625/3874 3626/3875 3627/3876
f 3628/3871 3629/3872 3630/3873
f 3631/3646 3632/3647 3633/3648
f 3634/3643 3635/3644 3636/3645
f 3637/3631 3638/3632 3639/3633
f 3640/3634 3641/3635 3642/3636
f 3643/3637 3644/3638 3645/3639
f 3646/3640 3647/3641 3648/3642
f 3649/3730 3650/3731 3651/3732
f 3652/3727 3653/3728 3654/3729
f 3655/3721 3656/3722 3657/3723
f 3658/3724 3659/3725 3660/3726
f 3661/3733 3662/3734 3663/3735
f 3664/3736 3665/3737 3666/3738
f 3667/3670 3668/3671 3669/3672
f 3670/3667 3671/3668 3672/3669
f 3673/3655 3674/3656 3675/3657
f 3676/3658 3677/3659 3678/3660
f 3679/3661 3680/3662 3681/3663
f 3682/3664 3683/3665 3684/3666
f 3685/3694 3686/3695 3687/3696
f 3688/3691 3689/3692 3690/3693
f 3691/3688 3692/3689 3693/3690
f 3694/3685 3695/3686 3696/3687
f 3697/3673 3698/3674 3699/3675
f 3700/3676 3701/3677 3702/3678
f 3703/3679 3704/3680 3705/3681
f 3706/3682 3707/3683 3708/3684
f 3709/3718 3710/3719 3711/3720
f 3712/3715 3713/3716 3714/3717
f 3715/3706 3716/3707 3717/3708
f 3718/3703 3719/3704 3720/3705
f 3721/3697 3722/3698 3723/3699
f 3724/3700 3725/3701 3726/3702
f 3727/3709 3728/3710 3729/3711
f 3730/3712 3731/3713 3732/3714
f 3733/3652 3734/3653 3735/3654
f 3736/3649 3737/3650 3738/3651
f 3739/3577 3740/3578 3741/3579
f 3742/3580 3743/3581 3744/3582
f 3745/3571 3746/3572 3747/3573
f 3748/3574 3749/3575 3750/3576
f 3751/3565 3752/3566 3753/3567
f 3754/3568 3755/3569 3756/3570
f 3757/3559 3758/3560 3759/3561
f 3760/3562 3761/3563 3762/3564
f 3763/3556 3764/3557 3765/3558
f 3766/3553 3767/3554 3768/3555
f 3769/3547 3770/3548 3771/3549
f 3772/3550 3773/3551 3774/3552
f 3775/3544 3776/3545 3777/3546
f 3778/3541 3779/3542 3780/3543
f 3781/3538 3782/3539 3783/3540
f 3784/3535 3785/3536 3786/3537
f 3787/3532 3788/3533 3789/3534
f 3790/3529 3791/3530 3792/3531
f 3793/3526 3794/3527 3795/3528
f 3796/3523 3797/3524 3798/3525
f 3799/3628 3800/3629 3801/3630
f 3802/3625 3803/3626 3804/3627
f 3805/3622 3806/3623 3807/3624
f 3808/3619 3809/3620 3810/3621
f 3811/3616 3812/3617 3813/3618
f 3814/3613 3815/3614 3816/3615
f 3817/3610 3818/3611 3819/3612
f 3820/3607 3821/3608 3822/3609
f 3823/3601 3824/3602 3825/3603
f 3826/3604 3827/3605 3828/3606
f 3829/3595 3830/3596 3831/3597
f 3832/3598 3833/3599 3834/3600
f 3835/3589 3836/3590 3837/3591
f 3838/3592 3839/3593 3840/3594
f 3841/3583 3842/3584 3843/3585
f 3844/3586 3845/3587 3846/3588
f 3847/3766 3848/3767 3849/3768
f 3850/3763 3851/3764 3852/3765
f 3853/3760 3854/3761 3855/3762
f 3856/3757 3857/3758 3858/3759
f 3859/3754 3860/3755 3861/3756
f 3862/3751 3863/3752 3864/3753
f 3865/3748 3866/3749 3867/3750
f 3868/3745 3869/3746 3870/3747
f 3871/3739 3872/3740 3873/3741
f 3874/3742 3875/3743 3876/3744
f 3877/3841 3878/3842 3879/3843
f 3880/3844 3881/3845 3882/3846
f 3883/3838 3884/3839 3885/3840
f 3886/3835 3887/3836 3888/3837
f 3889/3832 3890/3833 3891/3834
f 3892/3829 3893/3830 3894/3831
f 3895/3826 3896/3827 3897/3828
f 3898/3823 3899/3824 3900/3825
f 3901/3820 3902/3821 3903/3822
f 3904/3817 3905/3818 3906/3819
f 3907/3814 3908/3815 3909/3816
f 3910/3811 3911/3812 3912/3813
f 3913/3808 3914/3809 3915/3810
f 3916/3805 3917/3806 3918/3807
f 3919/3802 3920/3803 3921/3804
f 3922/3799 3923/3800 3924/3801
f 3925/3796 3926/3797 3927/3798
f 3928/3793 3929/3794 3930/3795
f 3931/3790 3932/3791 3933/3792
f 3934/3787 3935/3788 3936/3789
f 3937/3784 3938/3785 3939/3786
f 3940/3781 3941/3782 3942/3783
f 3943/3778 3944/3779 3945/3780
f 3946/3775 3947/3776 3948/3777
f 3949/3772 3950/3773 3951/3774
f 3952/3769 3953/3770 3954/3771
f 3955/4111 3956/4112 3957/4113
f 3958/4114 3959/4115 3960/4116
f 3961/4123 3962/4124 3963/4125
f 3964/4126 3965/4127 3966/4128
f 3967/4078 3968/4079 3969/4080
f 3970/4075 3971/4076 3972/4077
f 3973/4066 3974/4067 3975/4068
f 3976/4063 3977/4064 3978/4065
f 3979/4069 3980/4070 3981/4071
f 3982/4072 3983/4073 3984/4074
f 3985/4081 3986/4082 3987/4083
f 3988/4084 3989/4085 3990/4086
f 3991/4168 3992/4169 3993/4170
f 3994/4165 3995/4166 3996/4167
f 3997/4156 3998/4157 3999/4158
f 4000/4153 4001/4154 4002/4155
f 4003/4159 4004/4160 4005/4161
f 4006/4162 4007/4163 4008/4164
f 4009/4108 4010/4109 4011/4110
f 4012/4105 4013/4106 4014/4107
f 4015/4096 4016/4097 4017/4098
f 4018/4093 4019/4094 4020/4095
f 4021/4087 4022/4088 4023/4089
f 4024/4090 4025/4091 4026/4092
f 4027/4099 4028/4100 4029/4101
f 4030/4102 4031/4103 4032/4104
f 4033/4150 4034/4151 4035/4152
f 4036/4147 4037/4148 4038/4149
f 4039/4138 4040/4139 4041/4140
f 4042/4135 4043/4136 4044/4137
f 4045/4141 4046/4142 4047/4143
f 4048/4144 4049/4145 4050/4146
f 4051/4132 4052/4133 4053/4134
f 4054/4129 4055/4130 4056/4131
f 4057/4120 4058/4121 4059/4122
f 4060/4117 4061/4118 4062/4119
f 4063/3997 4064/3998 4065/3999
f 4066/4000 4067/4001 4068/4002
f 4069/3991 4070/3992 4071/3993
f 4072/3994 4073/3995 4074/3996
f 4075/3985 4076/3986 4077/3987
f 4078/3988 4079/3989 4080/3990
f 4081/3979 4082/3980 4083/3981
f 4084/3982 4085/3983 4086/3984
f 4087/3976 4088/3977 4089/3978
f 4090/3973 4091/3974 4092/3975
f 4093/3967 4094/3968 4095/3969
f 4096/3970 4097/3971 4098/3972
f 4099/3964 4100/3965 4101/3966
f 4102/3961 4103/3962 4104/3963
f 4105/3958 4106/3959 4107/3960
f 4108/3955 4109/3956 4110/3957
f 4111/4057 4112/4058 4113/4059
f 4114/4060 4115/4061 4116/4062
f 4117/4054 4118/4055 4119/4056
f 4120/4051 4121/4052 4122/4053
f 4123/4048 4124/4049 4125/4050
f 4126/4045 4127/4046 4128/4047
f 4129/4042 4130/4043 4131/4044
f 4132/4039 4133/4040 4134/4041
f 4135/4036 4136/4037 4137/4038
f 4138/4033 4139/4034 4140/4035
f 4141/4030 4142/4031 4143/4032
f 4144/4027 4145/4028 4146/4029
f 4147/4021 4148/4022 4149/4023
f 4150/4024 4151/4025 4152/4026
f 4153/4015 4154/4016 4155/4017
f 4156/4018 4157/4019 4158/4020
f 4159/4009 4160/4010 4161/4011
f 4162/4012 4163/4013 4164/4014
f 4165/4003 4166/4004 4167/4005
f 4168/4006 4169/4007 4170/4008
f 4171/4240 4172/4241 4173/4242
f 4174/4237 4175/4238 4176/4239
f 4177/4234 4178/4235 4179/4236
f 4180/4231 4181/4232 4182/4233
f 4183/4228 4184/4229 4185/4230
f 4186/4225 4187/4226 4188/4227
f 4189/4222 4190/4223 4191/4224
f 4192/4219 4193/4220 4194/4221
f 4195/4216 4196/4217 4197/4218
f 4198/4213 4199/4214 4200/4215
f 4201/4210 4202/4211 4203/4212
f 4204/4207 4205/4208 4206/4209
f 4207/4204 4208/4205 4209/4206
f 4210/4201 4211/4202 4212/4203
f 4213/4198 4214/4199 4215/4200
f 4216/4195 4217/4196 4218/4197
f 4219/4192 4220/4193 4221/4194
f 4222/4189 4223/4190 4224/4191
f 4225/4186 4226/4187 4227/4188
f 4228/4183 4229/4184 4230/4185
f 4231/4180 4232/4181 4233/4182
f 4234/4177 4235/4178 4236/4179
f 4237/4171 4238/4172 4239/4173
f 4240/4174 4241/4175 4242/4176
f 4243/4276 4244/4277 4245/4278
f 4246/4273 4247/4274 4248/4275
f 4249/4270 4250/4271 4251/4272
f 4252/4267 4253/4268 4254/4269
f 4255/4264 4256/4265 4257/4266
f 4258/4261 4259/4262 4260/4263
f 4261/4258 4262/4259 4263/4260
f 4264/4255 4265/4256 4266/4257
f 4267/4252 4268/4253 4269/4254
f 4270/4249 4271/4250 4272/4251
f 4273/4246 4274/4247 4275/4248
f 4276/4243 4277/4244 4278/4245
f 4279/4318 4280/4319 4281/4320
f 4282/4315 4283/4316 4284/4317
f 4285/4312 4286/4313 4287/4314
f 4288/4309 4289/4310 4290/4311
f 4291/4306 4292/4307 4293/4308
f 4294/4303 4295/4304 4296/4305
f 4297/4300 4298/4301 4299/4302
f 4300/4297 4301/4298 4302/4299
f 4303/4294 4304/4295 4305/4296
f 4306/4291 4307/4292 4308/4293
f 4309/4288 4310/4289 4311/4290
f 4312/4285 4313/4286 4314/4287
f 4315/4282 4316/4283 4317/4284
f 4318/4279 4319/4280 4320/4281
f 4321/4360 4322/4361 4323/4362
f 4324/4357 4325/4358 4326/4359
f 4327/4354 4328/4355 4329/4356
f 4330/4351 4331/4352 4332/4353
f 4333/4348 4334/4349 4335/4350
f 4336/4345 4337/4346 4338/4347
f 4339/4342 4340/4343 4341/4344
f 4342/4339 4343/4340 4344/4341
f 4345/4336 4346/4337 4347/4338
f 4348/4333 4349/4334 4350/4335
f 4351/4330 4352/4331 4353/4332
f 4354/4327 4355/4328 4356/4329
f 4357/4324 4358/4325 4359/4326
f 4360/4321 4361/4322 4362/4323
f 4363/6043 4364/6044 4365/6045
f 4366/6124 4367/6125 4368/6126
f 4369/6121 4370/6122 4371/6123
f 4372/6118 4373/6119 4374/6120
f 4375/6115 4376/6116 4377/6117
f 4378/6112 4379/6113 4380/6114
f 4381/6109 4382/6110 4383/6111
f 4384/6106 4385/6107 4386/6108
f 4387/6103 4388/6104 4389/6105
f 4390/6100 4391/6101 4392/6102
f 4393/6097 4394/6098 4395/6099
f 4396/6094 4397/6095 4398/6096
f 4399/6091 4400/6092 4401/6093
f 4402/6088 4403/6089 4404/6090
f 4405/6085 4406/6086 4407/6087
f 4408/6082 4409/6083 4410/6084
f 4411/6079 4412/6080 4413/6081
f 4414/6076 4415/6077 4416/6078
f 4417/6073 4418/6074 4419/6075
f 4420/6070 4421/6071 4422/6072
f 4423/6067 4424/6068 4425/6069
f 4426/6064 4427/6065 4428/6066
f 4429/6061 4430/6062 4431/6063
f 4432/6058 4433/6059 4434/6060
f 4435/6055 4436/6056 4437/6057
f 4438/6052 4439/6053 4440/6054
f 4441/6049 4442/6050 4443/6051
f 4444/6046 4445/6047 4446/6048
f 4447/4408 4448/4409 4449/4410
f 4450/4405 4451/4406 4452/4407
f 4453/4450 4454/4451 4455/4452
f 4456/4447 4457/4448 4458/4449
f 4459/4363 4460/4364 4461/4365
f 4462/4366 4463/4367 4464/4368
f 4465/4492 4466/4493 4467/4494
f 4468/4489 4469/4490 4470/4491
f 4471/4414 4472/4415 4473/4416
f 4474/4411 4475/4412 4476/4413
f 4477/4426 4478/4427 4479/4428
f 4480/4423 4481/4424 4482/4425
f 4483/4438 4484/4439 4485/4440
f 4486/4435 4487/4436 4488/4437
f 4489/4417 4490/4418 4491/4419
f 4492/4420 4493/4421 4494/4422
f 4495/4429 4496/4430 4497/4431
f 4498/4432 4499/4433 4500/4434
f 4501/4441 4502/4442 4503/4443
f 4504/4444 4505/4445 4506/4446
f 4507/4453 4508/4454 4509/4455
f 4510/4456 4511/4457 4512/4458
f 4513/4465 4514/4466 4515/4467
f 4516/4468 4517/4469 4518/4470
f 4519/4483 4520/4484 4521/4485
f 4522/4486 4523/4487 4524/4488
f 4525/4459 4526/4460 4527/4461
f 4528/4462 4529/4463 4530/4464
f 4531/4471 4532/4472 4533/4473
f 4534/4474 4535/4475 4536/4476
f 4537/4477 4538/4478 4539/4479
f 4540/4480 4541/4481 4542/4482
f 4543/4375 4544/4376 4545/4377
f 4546/4378 4547/4379 4548/4380
f 4549/4381 4550/4382 4551/4383
f 4552/4384 4553/4385 4554/4386
f 4555/4399 4556/4400 4557/4401
f 4558/4402 4559/4403 4560/4404
f 4561/4372 4562/4373 4563/4374
f 4564/4369 4565/4370 4566/4371
f 4567/4390 4568/4391 4569/4392
f 4570/4387 4571/4388 4572/4389
f 4573/4396 4574/4397 4575/4398
f 4576/4393 4577/4394 4578/4395
f 4579/4498 4580/4499 4581/4500
f 4582/4495 4583/4496 4584/4497
f 4585/4516 4586/4517 4587/4518
f 4588/4513 4589/4514 4590/4515
f 4591/4522 4592/4523 4593/4524
f 4594/4519 4595/4520 4596/4521
f 4597/4504 4598/4505 4599/4506
f 4600/4501 4601/4502 4602/4503
f 4603/4510 4604/4511 4605/4512
f 4606/4507 4607/4508 4608/4509
f 4609/4528 4610/4529 4611/4530
f 4612/4525 4613/4526 4614/4527
f 4615/5023 4616/5024 4617/5025
f 4618/5014 4619/5015 4620/5016
f 4621/5011 4622/5012 4623/5013
f 4624/5008 4625/5009 4626/5010
f 4627/5005 4628/5006 4629/5007
f 4630/5002 4631/5003 4632/5004
f 4633/4999 4634/5000 4635/5001
f 4636/4996 4637/4997 4638/4998
f 4639/5017 4640/5018 4641/5019
f 4642/5020 4643/5021 4644/5022
f 4645/4993 4646/4994 4647/4995
f 4648/4990 4649/4991 4650/4992
f 4651/4984 4652/4985 4653/4986
f 4654/4987 4655/4988 4656/4989
f 4657/4981 4658/4982 4659/4983
f 4660/4915 4661/4916 4662/4917
f 4663/4918 4664/4919 4665/4920
f 4666/4921 4667/4922 4668/4923
f 4669/4924 4670/4925 4671/4926
f 4672/4927 4673/4928 4674/4929
f 4675/4933 4676/4934 4677/4935
f 4678/4930 4679/4931 4680/4932
f 4681/4939 4682/4940 4683/4941
f 4684/4936 4685/4937 4686/4938
f 4687/4870 4688/4871 4689/4872
f 4690/4912 4691/4913 4692/4914
f 4693/4867 4694/4868 4695/4869
f 4696/4873 4697/4874 4698/4875
f 4699/4879 4700/4880 4701/4881
f 4702/4876 4703/4877 4704/4878
f 4705/4903 4706/4904 4707/4905
f 4708/4906 4709/4907 4710/4908
f 4711/4897 4712/4898 4713/4899
f 4714/4900 4715/4901 4716/4902
f 4717/4891 4718/4892 4719/4893
f 4720/4894 4721/4895 4722/4896
f 4723/4885 4724/4886 4725/4887
f 4726/4888 4727/4889 4728/4890
f 4729/4909 4730/4910 4731/4911
f 4732/4882 4733/4883 4734/4884
f 4735/4948 4736/4949 4737/4950
f 4738/4942 4739/4943 4740/4944
f 4741/4951 4742/4952 4743/4953
f 4744/4945 4745/4946 4746/4947
f 4747/4975 4748/4976 4749/4977
f 4750/4978 4751/4979 4752/4980
f 4753/4969 4754/4970 4755/4971
f 4756/4972 4757/4973 4758/4974
f 4759/4966 4760/4967 4761/4968
f 4762/4963 4763/4964 4764/4965
f 4765/4960 4766/4961 4767/4962
f 4768/4957 4769/4958 4770/4959
f 4771/4954 4772/4955 4773/4956
f 4774/5032 4775/5033 4776/5034
f 4777/5029 4778/5030 4779/5031
f 4780/5026 4781/5027 4782/5028
f 4783/5203 4784/5204 4785/5205
f 4786/5206 4787/5207 4788/5208
f 4789/5584 4790/5585 4791/5586
f 4792/5581 4793/5582 4794/5583
f 4795/5332 4796/5333 4797/5334
f 4798/5329 4799/5330 4800/5331
f 4801/5455 4802/5456 4803/5457
f 4804/5458 4805/5459 4806/5460
f 4807/5218 4808/5219 4809/5220
f 4810/5215 4811/5216 4812/5217
f 4813/5230 4814/5231 4815/5232
f 4816/5227 4817/5228 4818/5229
f 4819/5296 4820/5297 4821/5298
f 4822/5293 4823/5294 4824/5295
f 4825/5209 4826/5210 4827/5211
f 4828/5212 4829/5213 4830/5214
f 4831/5221 4832/5222 4833/5223
f 4834/5224 4835/5225 4836/5226
f 4837/5299 4838/5300 4839/5301
f 4840/5302 4841/5303 4842/5304
f 4843/5593 4844/5594 4845/5595
f 4846/5596 4847/5597 4848/5598
f 4849/5605 4850/5606 4851/5607
f 4852/5608 4853/5609 4854/5610
f 4855/5671 4856/5672 4857/5673
f 4858/5674 4859/5675 4860/5676
f 4861/5587 4862/5588 4863/5589
f 4864/5590 4865/5591 4866/5592
f 4867/5599 4868/5600 4869/5601
f 4870/5602 4871/5603 4872/5604
f 4873/5677 4874/5678 4875/5679
f 4876/5680 4877/5681 4878/5682
f 4879/5341 4880/5342 4881/5343
f 4882/5344 4883/5345 4884/5346
f 4885/5353 4886/5354 4887/5355
f 4888/5356 4889/5357 4890/5358
f 4891/5419 4892/5420 4893/5421
f 4894/5422 4895/5423 4896/5424
f 4897/5338 4898/5339 4899/5340
f 4900/5335 4901/5336 4902/5337
f 4903/5350 4904/5351 4905/5352
f 4906/5347 4907/5348 4908/5349
f 4909/5428 4910/5429 4911/5430
f 4912/5425 4913/5426 4914/5427
f 4915/5470 4916/5471 4917/5472
f 4918/5467 4919/5468 4920/5469
f 4921/5482 4922/5483 4923/5484
f 4924/5479 4925/5480 4926/5481
f 4927/5548 4928/5549 4929/5550
f 4930/5545 4931/5546 4932/5547
f 4933/5464 4934/5465 4935/5466
f 4936/5461 4937/5462 4938/5463
f 4939/5476 4940/5477 4941/5478
f 4942/5473 4943/5474 4944/5475
f 4945/5554 4946/5555 4947/5556
f 4948/5551 4949/5552 4950/5553
f 4951/5887 4952/5888 4953/5889
f 4954/5890 4955/5891 4956/5892
f 4957/5878 4958/5879 4959/5880
f 4960/5875 4961/5876 4962/5877
f 4963/5884 4964/5885 4965/5886
f 4966/5881 4967/5882 4968/5883
f 4969/5896 4970/5897 4971/5898
f 4972/5893 4973/5894 4974/5895
f 4975/6007 4976/6008 4977/6009
f 4978/6010 4979/6011 4980/6012
f 4981/6016 4982/6017 4983/6018
f 4984/6013 4985/6014 4986/6015
f 4987/6001 4988/6002 4989/6003
f 4990/6004 4991/6005 4992/6006
f 4993/5989 4994/5990 4995/5991
f 4996/5992 4997/5993 4998/5994
f 4999/5980 5000/5981 5001/5982
f 5002/5977 5003/5978 5004/5979
f 5005/5983 5006/5984 5007/5985
f 5008/5986 5009/5987 5010/5988
f 5011/5995 5012/5996 5013/5997
f 5014/5998 5015/5999 5016/6000
f 5017/6028 5018/6029 5019/6030
f 5020/6025 5021/6026 5022/6027
f 5023/6019 5024/6020 5025/6021
f 5026/6022 5027/6023 5028/6024
f 5029/5932 5030/5933 5031/5934
f 5032/5929 5033/5930 5034/5931
f 5035/5926 5036/5927 5037/5928
f 5038/5923 5039/5924 5040/5925
f 5041/5911 5042/5912 5043/5913
f 5044/5914 5045/5915 5046/5916
f 5047/5917 5048/5918 5049/5919
f 5050/5920 5051/5921 5052/5922
f 5053/5935 5054/5936 5055/5937
f 5056/5938 5057/5939 5058/5940
f 5059/6034 5060/6035 5061/6036
f 5062/6031 5063/6032 5064/6033
f 5065/6037 5066/6038 5067/6039
f 5068/6040 5069/6041 5070/6042
f 5071/5962 5072/5963 5073/5964
f 5074/5959 5075/5960 5076/5961
f 5077/5950 5078/5951 5079/5952
f 5080/5947 5081/5948 5082/5949
f 5083/5944 5084/5945 5085/5946
f 5086/5941 5087/5942 5088/5943
f 5089/5956 5090/5957 5091/5958
f 5092/5953 5093/5954 5094/5955
f 5095/5968 5096/5969 5097/5970
f 5098/5965 5099/5966 5100/5967
f 5101/5974 5102/5975 5103/5976
f 5104/5971 5105/5972 5106/5973
f 5107/5905 5108/5906 5109/5907
f 5110/5908 5111/5909 5112/5910
f 5113/5899 5114/5900 5115/5901
f 5116/5902 5117/5903 5118/5904
f 5119/4627 5120/4628 5121/4629
f 5122/4624 5123/4625 5124/4626
f 5125/4621 5126/4622 5127/4623
f 5128/4618 5129/4619 5130/4620
f 5131/4615 5132/4616 5133/4617
f 5134/4612 5135/4613 5136/4614
f 5137/4609 5138/4610 5139/4611
f 5140/4606 5141/4607 5142/4608
f 5143/4603 5144/4604 5145/4605
f 5146/4600 5147/4601 5148/4602
f 5149/4597 5150/4598 5151/4599
f 5152/4594 5153/4595 5154/4596
f 5155/4588 5156/4589 5157/4590
f 5158/4591 5159/4592 5160/4593
f 5161/4582 5162/4583 5163/4584
f 5164/4585 5165/4586 5166/4587
f 5167/4576 5168/4577 5169/4578
f 5170/4579 5171/4580 5172/4581
f 5173/4570 5174/4571 5175/4572
f 5176/4573 5177/4574 5178/4575
f 5179/4564 5180/4565 5181/4566
f 5182/4567 5183/4568 5184/4569
f 5185/4558 5186/4559 5187/4560
f 5188/4561 5189/4562 5190/4563
f 5191/4552 5192/4553 5193/4554
f 5194/4555 5195/4556 5196/4557
f 5197/4546 5198/4547 5199/4548
f 5200/4549 5201/4550 5202/4551
f 5203/4540 5204/4541 5205/4542
f 5206/4543 5207/4544 5208/4545
f 5209/4534 5210/4535 5211/4536
f 5212/4537 5213/4538 5214/4539
f 5215/4696 5216/4697 5217/4698
f 5218/4531 5219/4532 5220/4533
f 5221/4690 5222/4691 5223/4692
f 5224/4693 5225/4694 5226/4695
f 5227/4684 5228/4685 5229/4686
f 5230/4687 5231/4688 5232/4689
f 5233/4678 5234/4679 5235/4680
f 5236/4681 5237/4682 5238/4683
f 5239/4675 5240/4676 5241/4677
f 5242/4672 5243/4673 5244/4674
f 5245/4669 5246/4670 5247/4671
f 5248/4666 5249/4667 5250/4668
f 5251/4663 5252/4664 5253/4665
f 5254/4660 5255/4661 5256/4662
f 5257/4657 5258/4658 5259/4659
f 5260/4654 5261/4655 5262/4656
f 5263/4651 5264/4652 5265/4653
f 5266/4648 5267/4649 5268/4650
f 5269/4645 5270/4646 5271/4647
f 5272/4642 5273/4643 5274/4644
f 5275/4639 5276/4640 5277/4641
f 5278/4636 5279/4637 5280/4638
f 5281/4633 5282/4634 5283/4635
f 5284/4630 5285/4631 5286/4632
f 5287/5182 5288/5183 5289/5184
f 5290/5179 5291/5180 5292/5181
f 5293/5176 5294/5177 5295/5178
f 5296/5173 5297/5174 5298/5175
f 5299/5170 5300/5171 5301/5172
f 5302/5167 5303/5168 5304/5169
f 5305/5164 5306/5165 5307/5166
f 5308/5161 5309/5162 5310/5163
f 5311/5158 5312/5159 5313/5160
f 5314/5155 5315/5156 5316/5157
f 5317/5191 5318/5192 5319/5193
f 5320/5194 5321/5195 5322/5196
f 5323/5200 5324/5201 5325/5202
f 5326/5197 5327/5198 5328/5199
f 5329/5101 5330/5102 5331/5103
f 5332/5104 5333/5105 5334/5106
f 5335/5095 5336/5096 5337/5097
f 5338/5098 5339/5099 5340/5100
f 5341/5089 5342/5090 5343/5091
f 5344/5092 5345/5093 5346/5094
f 5347/5083 5348/5084 5349/5085
f 5350/5086 5351/5087 5352/5088
f 5353/5077 5354/5078 5355/5079
f 5356/5080 5357/5081 5358/5082
f 5359/5071 5360/5072 5361/5073
f 5362/5074 5363/5075 5364/5076
f 5365/5137 5366/5138 5367/5139
f 5368/5140 5369/5141 5370/5142
f 5371/5131 5372/5132 5373/5133
f 5374/5134 5375/5135 5376/5136
f 5377/5125 5378/5126 5379/5127
f 5380/5128 5381/5129 5382/5130
f 5383/5119 5384/5120 5385/5121
f 5386/5122 5387/5123 5388/5124
f 5389/5113 5390/5114 5391/5115
f 5392/5116 5393/5117 5394/5118
f 5395/5107 5396/5108 5397/5109
f 5398/5110 5399/5111 5400/5112
f 5401/5146 5402/5147 5403/5148
f 5404/5143 5405/5144 5406/5145
f 5407/5149 5408/5150 5409/5151
f 5410/5152 5411/5153 5412/5154
f 5413/5068 5414/5069 5415/5070
f 5416/5065 5417/5066 5418/5067
f 5419/5062 5420/5063 5421/5064
f 5422/5059 5423/5060 5424/5061
f 5425/5056 5426/5057 5427/5058
f 5428/5053 5429/5054 5430/5055
f 5431/5050 5432/5051 5433/5052
f 5434/5047 5435/5048 5436/5049
f 5437/5044 5438/5045 5439/5046
f 5440/5041 5441/5042 5442/5043
f 5443/5038 5444/5039 5445/5040
f 5446/5035 5447/5036 5448/5037
f 5449/5188 5450/5189 5451/5190
f 5452/5185 5453/5186 5454/5187
f 5455/5257 5456/5258 5457/5259
f 5458/5260 5459/5261 5460/5262
f 5461/5236 5462/5237 5463/5238
f 5464/5233 5465/5234 5466/5235
f 5467/5635 5468/5636 5469/5637
f 5470/5638 5471/5639 5472/5640
f 5473/5611 5474/5612 5475/5613
f 5476/5614 5477/5615 5478/5616
f 5479/5386 5480/5387 5481/5388
f 5482/5383 5483/5384 5484/5385
f 5485/5359 5486/5360 5487/5361
f 5488/5362 5489/5363 5490/5364
f 5491/5512 5492/5513 5493/5514
f 5494/5509 5495/5510 5496/5511
f 5497/5488 5498/5489 5499/5490
f 5500/5485 5501/5486 5502/5487
f 5503/5266 5504/5267 5505/5268
f 5506/5263 5507/5264 5508/5265
f 5509/5254 5510/5255 5511/5256
f 5512/5251 5513/5252 5514/5253
f 5515/5272 5516/5273 5517/5274
f 5518/5269 5519/5270 5520/5271
f 5521/5290 5522/5291 5523/5292
f 5524/5287 5525/5288 5526/5289
f 5527/5320 5528/5321 5529/5322
f 5530/5317 5531/5318 5532/5319
f 5533/5308 5534/5309 5535/5310
f 5536/5305 5537/5306 5538/5307
f 5539/5239 5540/5240 5541/5241
f 5542/5242 5543/5243 5544/5244
f 5545/5248 5546/5249 5547/5250
f 5548/5245 5549/5246 5550/5247
f 5551/5275 5552/5276 5553/5277
f 5554/5278 5555/5279 5556/5280
f 5557/5284 5558/5285 5559/5286
f 5560/5281 5561/5282 5562/5283
f 5563/5323 5564/5324 5565/5325
f 5566/5326 5567/5327 5568/5328
f 5569/5311 5570/5312 5571/5313
f 5572/5314 5573/5315 5574/5316
f 5575/5641 5576/5642 5577/5643
f 5578/5644 5579/5645 5580/5646
f 5581/5629 5582/5630 5583/5631
f 5584/5632 5585/5633 5586/5634
f 5587/5647 5588/5648 5589/5649
f 5590/5650 5591/5651 5592/5652
f 5593/5665 5594/5666 5595/5667
f 5596/5668 5597/5669 5598/5670
f 5599/5701 5600/5702 5601/5703
f 5602/5704 5603/5705 5604/5706
f 5605/5683 5606/5684 5607/5685
f 5608/5686 5609/5687 5610/5688
f 5611/5617 5612/5618 5613/5619
f 5614/5620 5615/5621 5616/5622
f 5617/5626 5618/5627 5619/5628
f 5620/5623 5621/5624 5622/5625
f 5623/5653 5624/5654 5625/5655
f 5626/5656 5627/5657 5628/5658
f 5629/5662 5630/5663 5631/5664
f 5632/5659 5633/5660 5634/5661
f 5635/5695 5636/5696 5637/5697
f 5638/5698 5639/5699 5640/5700
f 5641/5692 5642/5693 5643/5694
f 5644/5689 5645/5690 5646/5691
f 5647/5389 5648/5390 5649/5391
f 5650/5392 5651/5393 5652/5394
f 5653/5377 5654/5378 5655/5379
f 5656/5380 5657/5381 5658/5382
f 5659/5395 5660/5396 5661/5397
f 5662/5398 5663/5399 5664/5400
f 5665/5413 5666/5414 5667/5415
f 5668/5416 5669/5417 5670/5418
f 5671/5443 5672/5444 5673/5445
f 5674/5446 5675/5447 5676/5448
f 5677/5431 5678/5432 5679/5433
f 5680/5434 5681/5435 5682/5436
f 5683/5368 5684/5369 5685/5370
f 5686/5365 5687/5366 5688/5367
f 5689/5371 5690/5372 5691/5373
f 5692/5374 5693/5375 5694/5376
f 5695/5404 5696/5405 5697/5406
f 5698/5401 5699/5402 5700/5403
f 5701/5407 5702/5408 5703/5409
f 5704/5410 5705/5411 5706/5412
f 5707/5452 5708/5453 5709/5454
f 5710/5449 5711/5450 5712/5451
f 5713/5437 5714/5438 5715/5439
f 5716/5440 5717/5441 5718/5442
f 5719/5518 5720/5519 5721/5520
f 5722/5515 5723/5516 5724/5517
f 5725/5506 5726/5507 5727/5508
f 5728/5503 5729/5504 5730/5505
f 5731/5524 5732/5525 5733/5526
f 5734/5521 5735/5522 5736/5523
f 5737/5542 5738/5543 5739/5544
f 5740/5539 5741/5540 5742/5541
f 5743/5578 5744/5579 5745/5580
f 5746/5575 5747/5576 5748/5577
f 5749/5560 5750/5561 5751/5562
f 5752/5557 5753/5558 5754/5559
f 5755/5494 5756/5495 5757/5496
f 5758/5491 5759/5492 5760/5493
f 5761/5497 5762/5498 5763/5499
f 5764/5500 5765/5501 5766/5502
f 5767/5530 5768/5531 5769/5532
f 5770/5527 5771/5528 5772/5529
f 5773/5533 5774/5534 5775/5535
f 5776/5536 5777/5537 5778/5538
f 5779/5572 5780/5573 5781/5574
f 5782/5569 5783/5570 5784/5571
f 5785/5563 5786/5564 5787/5565
f 5788/5566 5789/5567 5790/5568
f 5791/4699 5792/4700 5793/4701
f 5794/4702 5795/4703 5796/4704
f 5797/4705 5798/4706 5799/4707
f 5800/4708 5801/4709 5802/4710
f 5803/4711 5804/4712 5805/4713
f 5806/4714 5807/4715 5808/4716
f 5809/4717 5810/4718 5811/4719
f 5812/4720 5813/4721 5814/4722
f 5815/4723 5816/4724 5817/4725
f 5818/4726 5819/4727 5820/4728
f 5821/4729 5822/4730 5823/4731
f 5824/4732 5825/4733 5826/4734
f 5827/4774 5828/4775 5829/4776
f 5830/4771 5831/4772 5832/4773
f 5833/4780 5834/4781 5835/4782
f 5836/4777 5837/4778 5838/4779
f 5839/4786 5840/4787 5841/4788
f 5842/4783 5843/4784 5844/4785
f 5845/4792 5846/4793 5847/4794
f 5848/4789 5849/4790 5850/4791
f 5851/4798 5852/4799 5853/4800
f 5854/4795 5855/4796 5856/4797
f 5857/4804 5858/4805 5859/4806
f 5860/4801 5861/4802 5862/4803
f 5863/4810 5864/4811 5865/4812
f 5866/4807 5867/4808 5868/4809
f 5869/4816 5870/4817 5871/4818
f 5872/4813 5873/4814 5874/4815
f 5875/4822 5876/4823 5877/4824
f 5878/4819 5879/4820 5880/4821
f 5881/4828 5882/4829 5883/4830
f 5884/4825 5885/4826 5886/4827
f 5887/4834 5888/4835 5889/4836
f 5890/4831 5891/4832 5892/4833
f 5893/4840 5894/4841 5895/4842
f 5896/4837 5897/4838 5898/4839
f 5899/4846 5900/4847 5901/4848
f 5902/4843 5903/4844 5904/4845
f 5905/4852 5906/4853 5907/4854
f 5908/4849 5909/4850 5910/4851
f 5911/4855 5912/4856 5913/4857
f 5914/4858 5915/4859 5916/4860
f 5917/4861 5918/4862 5919/4863
f 5920/4864 5921/4865 5922/4866
f 5923/4768 5924/4769 5925/4770
f 5926/4765 5927/4766 5928/4767
f 5929/4759 5930/4760 5931/4761
f 5932/4762 5933/4763 5934/4764
f 5935/4753 5936/4754 5937/4755
f 5938/4756 5939/4757 5940/4758
f 5941/4750 5942/4751 5943/4752
f 5944/4747 5945/4748 5946/4749
f 5947/4744 5948/4745 5949/4746
f 5950/4741 5951/4742 5952/4743
f 5953/4735 5954/4736 5955/4737
f 5956/4738 5957/4739 5958/4740
f 5959/5857 5960/5858 5961/5859
f 5962/5860 5963/5861 5964/5862
f 5965/5863 5966/5864 5967/5865
f 5968/5866 5969/5867 5970/5868
f 5971/5872 5972/5873 5973/5874
f 5974/5869 5975/5870 5976/5871
f 5977/5794 5978/5795 5979/5796
f 5980/5791 5981/5792 5982/5793
f 5983/5788 5984/5789 5985/5790
f 5986/5785 5987/5786 5988/5787
f 5989/5782 5990/5783 5991/5784
f 5992/5779 5993/5780 5994/5781
f 5995/5776 5996/5777 5997/5778
f 5998/5773 5999/5774 6000/5775
f 6001/5770 6002/5771 6003/5772
f 6004/5767 6005/5768 6006/5769
f 6007/5761 6008/5762 6009/5763
f 6010/5764 6011/5765 6012/5766
f 6013/5755 6014/5756 6015/5757
f 6016/5758 6017/5759 6018/5760
f 6019/5743 6020/5744 6021/5745
f 6022/5746 6023/5747 6024/5748
f 6025/5737 6026/5738 6027/5739
f 6028/5740 6029/5741 6030/5742
f 6031/5731 6032/5732 6033/5733
f 6034/5734 6035/5735 6036/5736
f 6037/5725 6038/5726 6039/5727
f 6040/5728 6041/5729 6042/5730
f 6043/5719 6044/5720 6045/5721
f 6046/5722 6047/5723 6048/5724
f 6049/5713 6050/5714 6051/5715
f 6052/5716 6053/5717 6054/5718
f 6055/5707 6056/5708 6057/5709
f 6058/5710 6059/5711 6060/5712
f 6061/5752 6062/5753 6063/5754
f 6064/5749 6065/5750 6066/5751
f 6067/5800 6068/5801 6069/5802
f 6070/5797 6071/5798 6072/5799
f 6073/5806 6074/5807 6075/5808
f 6076/5803 6077/5804 6078/5805
f 6079/5812 6080/5813 6081/5814
f 6082/5809 6083/5810 6084/5811
f 6085/5818 6086/5819 6087/5820
f 6088/5815 6089/5816 6090/5817
f 6091/5821 6092/5822 6093/5823
f 6094/5824 6095/5825 6096/5826
f 6097/5827 6098/5828 6099/5829
f 6100/5830 6101/5831 6102/5832
f 6103/5833 6104/5834 6105/5835
f 6106/5836 6107/5837 6108/5838
f 6109/5839 6110/5840 6111/5841
f 6112/5842 6113/5843 6114/5844
f 6115/5845 6116/5846 6117/5847
f 6118/5848 6119/5849 6120/5850
f 6121/5851 6122/5852 6123/5853
f 6124/5854 6125/5855 6126/5856
f 6127/6475 6128/6476 6129/6477
f 6130/6472 6131/6473 6132/6474
f 6133/6481 6134/6482 6135/6483
f 6136/6478 6137/6479 6138/6480
f 6139/6487 6140/6488 6141/6489
f 6142/6484 6143/6485 6144/6486
f 6145/6493 6146/6494 6147/6495
f 6148/6490 6149/6491 6150/6492
f 6151/6499 6152/6500 6153/6501
f 6154/6496 6155/6497 6156/6498
f 6157/6505 6158/6506 6159/6507
f 6160/6502 6161/6503 6162/6504
f 6163/6544 6164/6545 6165/6546
f 6166/6538 6167/6539 6168/6540
f 6169/6547 6170/6548 6171/6549
f 6172/6541 6173/6542 6174/6543
f 6175/6571 6176/6572 6177/6573
f 6178/6574 6179/6575 6180/6576
f 6181/6565 6182/6566 6183/6567
f 6184/6568 6185/6569 6186/6570
f 6187/6562 6188/6563 6189/6564
f 6190/6559 6191/6560 6192/6561
f 6193/6556 6194/6557 6195/6558
f 6196/6550 6197/6551 6198/6552
f 6199/6553 6200/6554 6201/6555
f 6202/6625 6203/6626 6204/6627
f 6205/6628 6206/6629 6207/6630
f 6208/6622 6209/6623 6210/6624
f 6211/6619 6212/6620 6213/6621
f 6214/6613 6215/6614 6216/6615
f 6217/6610 6218/6611 6219/6612
f 6220/6607 6221/6608 6222/6609
f 6223/6604 6224/6605 6225/6606
f 6226/6601 6227/6602 6228/6603
f 6229/6598 6230/6599 6231/6600
f 6232/6595 6233/6596 6234/6597
f 6235/6592 6236/6593 6237/6594
f 6238/6616 6239/6617 6240/6618
f 6241/6589 6242/6590 6243/6591
f 6244/6586 6245/6587 6246/6588
f 6247/6580 6248/6581 6249/6582
f 6250/6583 6251/6584 6252/6585
f 6253/6577 6254/6578 6255/6579
f 6256/6511 6257/6512 6258/6513
f 6259/6514 6260/6515 6261/6516
f 6262/6517 6263/6518 6264/6519
f 6265/6520 6266/6521 6267/6522
f 6268/6523 6269/6524 6270/6525
f 6271/6529 6272/6530 6273/6531
f 6274/6526 6275/6527 6276/6528
f 6277/6535 6278/6536 6279/6537
f 6280/6532 6281/6533 6282/6534
f 6283/6469 6284/6470 6285/6471
f 6286/6508 6287/6509 6288/6510
f 6289/6463 6290/6464 6291/6465
f 6292/6466 6293/6467 6294/6468
f 6295/6928 6296/6929 6297/6930
f 6298/6925 6299/6926 6300/6927
f 6301/7177 6302/7178 6303/7179
f 6304/7180 6305/7181 6306/7182
f 6307/6799 6308/6800 6309/6801
f 6310/6802 6311/6803 6312/6804
f 6313/7054 6314/7055 6315/7056
f 6316/7051 6317/7052 6318/7053
f 6319/6937 6320/6938 6321/6939
f 6322/6940 6323/6941 6324/6942
f 6325/6949 6326/6950 6327/6951
f 6328/6952 6329/6953 6330/6954
f 6331/7015 6332/7016 6333/7017
f 6334/7018 6335/7019 6336/7020
f 6337/6934 6338/6935 6339/6936
f 6340/6931 6341/6932 6342/6933
f 6343/6946 6344/6947 6345/6948
f 6346/6943 6347/6944 6348/6945
f 6349/7024 6350/7025 6351/7026
f 6352/7021 6353/7022 6354/7023
f 6355/7192 6356/7193 6357/7194
f 6358/7189 6359/7190 6360/7191
f 6361/7204 6362/7205 6363/7206
f 6364/7201 6365/7202 6366/7203
f 6367/7270 6368/7271 6369/7272
f 6370/7267 6371/7268 6372/7269
f 6373/7186 6374/7187 6375/7188
f 6376/7183 6377/7184 6378/7185
f 6379/7198 6380/7199 6381/7200
f 6382/7195 6383/7196 6384/7197
f 6385/7276 6386/7277 6387/7278
f 6388/7273 6389/7274 6390/7275
f 6391/6814 6392/6815 6393/6816
f 6394/6811 6395/6812 6396/6813
f 6397/6826 6398/6827 6399/6828
f 6400/6823 6401/6824 6402/6825
f 6403/6892 6404/6893 6405/6894
f 6406/6889 6407/6890 6408/6891
f 6409/6805 6410/6806 6411/6807
f 6412/6808 6413/6809 6414/6810
f 6415/6817 6416/6818 6417/6819
f 6418/6820 6419/6821 6420/6822
f 6421/6895 6422/6896 6423/6897
f 6424/6898 6425/6899 6426/6900
f 6427/7063 6428/7064 6429/7065
f 6430/7066 6431/7067 6432/7068
f 6433/7075 6434/7076 6435/7077
f 6436/7078 6437/7079 6438/7080
f 6439/7141 6440/7142 6441/7143
f 6442/7144 6443/7145 6444/7146
f 6445/7057 6446/7058 6447/7059
f 6448/7060 6449/7061 6450/7062
f 6451/7069 6452/7070 6453/7071
f 6454/7072 6455/7073 6456/7074
f 6457/7147 6458/7148 6459/7149
f 6460/7150 6461/7151 6462/7152
f 6463/7486 6464/7487 6465/7488
f 6466/7483 6467/7484 6468/7485
f 6469/7474 6470/7475 6471/7476
f 6472/7471 6473/7472 6474/7473
f 6475/7477 6476/7478 6477/7479
f 6478/7480 6479/7481 6480/7482
f 6481/7489 6482/7490 6483/7491
f 6484/7492 6485/7493 6486/7494
f 6487/7606 6488/7607 6489/7608
f 6490/7603 6491/7604 6492/7605
f 6493/7609 6494/7610 6495/7611
f 6496/7612 6497/7613 6498/7614
f 6499/7558 6500/7559 6501/7560
f 6502/7555 6503/7556 6504/7557
f 6505/7546 6506/7547 6507/7548
f 6508/7543 6509/7544 6510/7545
f 6511/7537 6512/7538 6513/7539
f 6514/7540 6515/7541 6516/7542
f 6517/7552 6518/7553 6519/7554
f 6520/7549 6521/7550 6522/7551
f 6523/7564 6524/7565 6525/7566
f 6526/7561 6527/7562 6528/7563
f 6529/7570 6530/7571 6531/7572
f 6532/7567 6533/7568 6534/7569
f 6535/7531 6536/7532 6537/7533
f 6538/7534 6539/7535 6540/7536
f 6541/7519 6542/7520 6543/7521
f 6544/7522 6545/7523 6546/7524
f 6547/7513 6548/7514 6549/7515
f 6550/7516 6551/7517 6552/7518
f 6553/7504 6554/7505 6555/7506
f 6556/7501 6557/7502 6558/7503
f 6559/7510 6560/7511 6561/7512
f 6562/7507 6563/7508 6564/7509
f 6565/7528 6566/7529 6567/7530
f 6568/7525 6569/7526 6570/7527
f 6571/7621 6572/7622 6573/7623
f 6574/7624 6575/7625 6576/7626
f 6577/7618 6578/7619 6579/7620
f 6580/7615 6581/7616 6582/7617
f 6583/7597 6584/7598 6585/7599
f 6586/7600 6587/7601 6588/7602
f 6589/7579 6590/7580 6591/7581
f 6592/7582 6593/7583 6594/7584
f 6595/7576 6596/7577 6597/7578
f 6598/7573 6599/7574 6600/7575
f 6601/7585 6602/7586 6603/7587
f 6604/7588 6605/7589 6606/7590
f 6607/7591 6608/7592 6609/7593
f 6610/7594 6611/7595 6612/7596
f 6613/7630 6614/7631 6615/7632
f 6616/7627 6617/7628 6618/7629
f 6619/7633 6620/7634 6621/7635
f 6622/7636 6623/7637 6624/7638
f 6625/7498 6626/7499 6627/7500
f 6628/7495 6629/7496 6630/7497
f 6631/6214 6632/6215 6633/6216
f 6634/6217 6635/6218 6636/6219
f 6637/6208 6638/6209 6639/6210
f 6640/6211 6641/6212 6642/6213
f 6643/6202 6644/6203 6645/6204
f 6646/6205 6647/6206 6648/6207
f 6649/6196 6650/6197 6651/6198
f 6652/6199 6653/6200 6654/6201
f 6655/6190 6656/6191 6657/6192
f 6658/6193 6659/6194 6660/6195
f 6661/6184 6662/6185 6663/6186
f 6664/6187 6665/6188 6666/6189
f 6667/6181 6668/6182 6669/6183
f 6670/6178 6671/6179 6672/6180
f 6673/6175 6674/6176 6675/6177
f 6676/6172 6677/6173 6678/6174
f 6679/6169 6680/6170 6681/6171
f 6682/6166 6683/6167 6684/6168
f 6685/6163 6686/6164 6687/6165
f 6688/6160 6689/6161 6690/6162
f 6691/6157 6692/6158 6693/6159
f 6694/6154 6695/6155 6696/6156
f 6697/6151 6698/6152 6699/6153
f 6700/6148 6701/6149 6702/6150
f 6703/6145 6704/6146 6705/6147
f 6706/6142 6707/6143 6708/6144
f 6709/6139 6710/6140 6711/6141
f 6712/6136 6713/6137 6714/6138
f 6715/6133 6716/6134 6717/6135
f 6718/6130 6719/6131 6720/6132
f 6721/6127 6722/6128 6723/6129
f 6724/6292 6725/6293 6726/6294
f 6727/6289 6728/6290 6729/6291
f 6730/6286 6731/6287 6732/6288
f 6733/6283 6734/6284 6735/6285
f 6736/6280 6737/6281 6738/6282
f 6739/6277 6740/6278 6741/6279
f 6742/6274 6743/6275 6744/6276
f 6745/6271 6746/6272 6747/6273
f 6748/6268 6749/6269 6750/6270
f 6751/6262 6752/6263 6753/6264
f 6754/6265 6755/6266 6756/6267
f 6757/6256 6758/6257 6759/6258
f 6760/6259 6761/6260 6762/6261
f 6763/6250 6764/6251 6765/6252
f 6766/6253 6767/6254 6768/6255
f 6769/6244 6770/6245 6771/6246
f 6772/6247 6773/6248 6774/6249
f 6775/6238 6776/6239 6777/6240
f 6778/6241 6779/6242 6780/6243
f 6781/6232 6782/6233 6783/6234
f 6784/6235 6785/6236 6786/6237
f 6787/6226 6788/6227 6789/6228
f 6790/6229 6791/6230 6792/6231
f 6793/6220 6794/6221 6795/6222
f 6796/6223 6797/6224 6798/6225
f 6799/6775 6800/6776 6801/6777
f 6802/6778 6803/6779 6804/6780
f 6805/6769 6806/6770 6807/6771
f 6808/6772 6809/6773 6810/6774
f 6811/6763 6812/6764 6813/6765
f 6814/6766 6815/6767 6816/6768
f 6817/6757 6818/6758 6819/6759
f 6820/6760 6821/6761 6822/6762
f 6823/6751 6824/6752 6825/6753
f 6826/6754 6827/6755 6828/6756
f 6829/6790 6830/6791 6831/6792
f 6832/6787 6833/6788 6834/6789
f 6835/6793 6836/6794 6837/6795
f 6838/6796 6839/6797 6840/6798
f 6841/6664 6842/6665 6843/6666
f 6844/6661 6845/6662 6846/6663
f 6847/6658 6848/6659 6849/6660
f 6850/6655 6851/6656 6852/6657
f 6853/6652 6854/6653 6855/6654
f 6856/6649 6857/6650 6858/6651
f 6859/6646 6860/6647 6861/6648
f 6862/6643 6863/6644 6864/6645
f 6865/6640 6866/6641 6867/6642
f 6868/6637 6869/6638 6870/6639
f 6871/6634 6872/6635 6873/6636
f 6874/6631 6875/6632 6876/6633
f 6877/6736 6878/6737 6879/6738
f 6880/6733 6881/6734 6882/6735
f 6883/6730 6884/6731 6885/6732
f 6886/6727 6887/6728 6888/6729
f 6889/6724 6890/6725 6891/6726
f 6892/6721 6893/6722 6894/6723
f 6895/6718 6896/6719 6897/6720
f 6898/6715 6899/6716 6900/6717
f 6901/6712 6902/6713 6903/6714
f 6904/6709 6905/6710 6906/6711
f 6907/6706 6908/6707 6909/6708
f 6910/6703 6911/6704 6912/6705
f 6913/6739 6914/6740 6915/6741
f 6916/6742 6917/6743 6918/6744
f 6919/6748 6920/6749 6921/6750
f 6922/6745 6923/6746 6924/6747
f 6925/6697 6926/6698 6927/6699
f 6928/6700 6929/6701 6930/6702
f 6931/6691 6932/6692 6933/6693
f 6934/6694 6935/6695 6936/6696
f 6937/6685 6938/6686 6939/6687
f 6940/6688 6941/6689 6942/6690
f 6943/6679 6944/6680 6945/6681
f 6946/6682 6947/6683 6948/6684
f 6949/6673 6950/6674 6951/6675
f 6952/6676 6953/6677 6954/6678
f 6955/6667 6956/6668 6957/6669
f 6958/6670 6959/6671 6960/6672
f 6961/6781 6962/6782 6963/6783
f 6964/6784 6965/6785 6966/6786
f 6967/6982 6968/6983 6969/6984
f 6970/6979 6971/6980 6972/6981
f 6973/6955 6974/6956 6975/6957
f 6976/6958 6977/6959 6978/6960
f 6979/7234 6980/7235 6981/7236
f 6982/7231 6983/7232 6984/7233
f 6985/7210 6986/7211 6987/7212
f 6988/7207 6989/7208 6990/7209
f 6991/6853 6992/6854 6993/6855
f 6994/6856 6995/6857 6996/6858
f 6997/6832 6998/6833 6999/6834
f 7000/6829 7001/6830 7002/6831
f 7003/7105 7004/7106 7005/7107
f 7006/7108 7007/7109 7008/7110
f 7009/7081 7010/7082 7011/7083
f 7012/7084 7013/7085 7014/7086
f 7015/6985 7016/6986 7017/6987
f 7018/6988 7019/6989 7020/6990
f 7021/6973 7022/6974 7023/6975
f 7024/6976 7025/6977 7026/6978
f 7027/6991 7028/6992 7029/6993
f 7030/6994 7031/6995 7032/6996
f 7033/7009 7034/7010 7035/7011
f 7036/7012 7037/7013 7038/7014
f 7039/7039 7040/7040 7041/7041
f 7042/7042 7043/7043 7044/7044
f 7045/7027 7046/7028 7047/7029
f 7048/7030 7049/7031 7050/7032
f 7051/6964 7052/6965 7053/6966
f 7054/6961 7055/6962 7056/6963
f 7057/6967 7058/6968 7059/6969
f 7060/6970 7061/6971 7062/6972
f 7063/7000 7064/7001 7065/7002
f 7066/6997 7067/6998 7068/6999
f 7069/7003 7070/7004 7071/7005
f 7072/7006 7073/7007 7074/7008
f 7075/7048 7076/7049 7077/7050
f 7078/7045 7079/7046 7080/7047
f 7081/7036 7082/7037 7083/7038
f 7084/7033 7085/7034 7086/7035
f 7087/7240 7088/7241 7089/7242
f 7090/7237 7091/7238 7092/7239
f 7093/7228 7094/7229 7095/7230
f 7096/7225 7097/7226 7098/7227
f 7099/7246 7100/7247 7101/7248
f 7102/7243 7103/7244 7104/7245
f 7105/7264 7106/7265 7107/7266
f 7108/7261 7109/7262 7110/7263
f 7111/7300 7112/7301 7113/7302
f 7114/7297 7115/7298 7116/7299
f 7117/7282 7118/7283 7119/7284
f 7120/7279 7121/7280 7122/7281
f 7123/7216 7124/7217 7125/7218
f 7126/7213 7127/7214 7128/7215
f 7129/7219 7130/7220 7131/7221
f 7132/7222 7133/7223 7134/7224
f 7135/7252 7136/7253 7137/7254
f 7138/7249 7139/7250 7140/7251
f 7141/7255 7142/7256 7143/7257
f 7144/7258 7145/7259 7146/7260
f 7147/7294 7148/7295 7149/7296
f 7150/7291 7151/7292 7152/7293
f 7153/7285 7154/7286 7155/7287
f 7156/7288 7157/7289 7158/7290
f 7159/6862 7160/6863 7161/6864
f 7162/6859 7163/6860 7164/6861
f 7165/6850 7166/6851 7167/6852
f 7168/6847 7169/6848 7170/6849
f 7171/6868 7172/6869 7173/6870
f 7174/6865 7175/6866 7176/6867
f 7177/6886 7178/6887 7179/6888
f 7180/6883 7181/6884 7182/6885
f 7183/6916 7184/6917 7185/6918
f 7186/6913 7187/6914 7188/6915
f 7189/6904 7190/6905 7191/6906
f 7192/6901 7193/6902 7194/6903
f 7195/6835 7196/6836 7197/6837
f 7198/6838 7199/6839 7200/6840
f 7201/6844 7202/6845 7203/6846
f 7204/6841 7205/6842 7206/6843
f 7207/6871 7208/6872 7209/6873
f 7210/6874 7211/6875 7212/6876
f 7213/6880 7214/6881 7215/6882
f 7216/6877 7217/6878 7218/6879
f 7219/6919 7220/6920 7221/6921
f 7222/6922 7223/6923 7224/6924
f 7225/6910 7226/6911 7227/6912
f 7228/6907 7229/6908 7230/6909
f 7231/7111 7232/7112 7233/7113
f 7234/7114 7235/7115 7236/7116
f 7237/7099 7238/7100 7239/7101
f 7240/7102 7241/7103 7242/7104
f 7243/7117 7244/7118 7245/7119
f 7246/7120 7247/7121 7248/7122
f 7249/7135 7250/7136 7251/7137
f 7252/7138 7253/7139 7254/7140
f 7255/7171 7256/7172 7257/7173
f 7258/7174 7259/7175 7260/7176
f 7261/7153 7262/7154 7263/7155
f 7264/7156 7265/7157 7266/7158
f 7267/7087 7268/7088 7269/7089
f 7270/7090 7271/7091 7272/7092
f 7273/7096 7274/7097 7275/7098
f 7276/7093 7277/7094 7278/7095
f 7279/7123 7280/7124 7281/7125
f 7282/7126 7283/7127 7284/7128
f 7285/7132 7286/7133 7287/7134
f 7288/7129 7289/7130 7290/7131
f 7291/7165 7292/7166 7293/7167
f 7294/7168 7295/7169 7296/7170
f 7297/7162 7298/7163 7299/7164
f 7300/7159 7301/7160 7302/7161
f 7303/6298 7304/6299 7305/6300
f 7306/6295 7307/6296 7308/6297
f 7309/6304 7310/6305 7311/6306
f 7312/6301 7313/6302 7314/6303
f 7315/6310 7316/6311 7317/6312
f 7318/6307 7319/6308 7320/6309
f 7321/6316 7322/6317 7323/6318
f 7324/6313 7325/6314 7326/6315
f 7327/6322 7328/6323 7329/6324
f 7330/6319 7331/6320 7332/6321
f 7333/6328 7334/6329 7335/6330
f 7336/6325 7337/6326 7338/6327
f 7339/6367 7340/6368 7341/6369
f 7342/6370 7343/6371 7344/6372
f 7345/6373 7346/6374 7347/6375
f 7348/6376 7349/6377 7350/6378
f 7351/6379 7352/6380 7353/6381
f 7354/6382 7355/6383 7356/6384
f 7357/6385 7358/6386 7359/6387
f 7360/6388 7361/6389 7362/6390
f 7363/6391 7364/6392 7365/6393
f 7366/6394 7367/6395 7368/6396
f 7369/6397 7370/6398 7371/6399
f 7372/6400 7373/6401 7374/6402
f 7375/6403 7376/6404 7377/6405
f 7378/6406 7379/6407 7380/6408
f 7381/6409 7382/6410 7383/6411
f 7384/6412 7385/6413 7386/6414
f 7387/6415 7388/6416 7389/6417
f 7390/6418 7391/6419 7392/6420
f 7393/6421 7394/6422 7395/6423
f 7396/6424 7397/6425 7398/6426
f 7399/6427 7400/6428 7401/6429
f 7402/6430 7403/6431 7404/6432
f 7405/6433 7406/6434 7407/6435
f 7408/6436 7409/6437 7410/6438
f 7411/6439 7412/6440 7413/6441
f 7414/6442 7415/6443 7416/6444
f 7417/6445 7418/6446 7419/6447
f 7420/6448 7421/6449 7422/6450
f 7423/6454 7424/6455 7425/6456
f 7426/6451 7427/6452 7428/6453
f 7429/6460 7430/6461 7431/6462
f 7432/6457 7433/6458 7434/6459
f 7435/6361 7436/6362 7437/6363
f 7438/6364 7439/6365 7440/6366
f 7441/6358 7442/6359 7443/6360
f 7444/6355 7445/6356 7446/6357
f 7447/6349 7448/6350 7449/6351
f 7450/6352 7451/6353 7452/6354
f 7453/6346 7454/6347 7455/6348
f 7456/6343 7457/6344 7458/6345
f 7459/6337 7460/6338 7461/6339
f 7462/6340 7463/6341 7464/6342
f 7465/6334 7466/6335 7467/6336
f 7468/6331 7469/6332 7470/6333
f 7471/7315 7472/7316 7473/7317
f 7474/7318 7475/7319 7476/7320
f 7477/7309 7478/7310 7479/7311
f 7480/7312 7481/7313 7482/7314
f 7483/7303 7484/7304 7485/7305
f 7486/7306 7487/7307 7488/7308
f 7489/7348 7490/7349 7491/7350
f 7492/7345 7493/7346 7494/7347
f 7495/7396 7496/7397 7497/7398
f 7498/7393 7499/7394 7500/7395
f 7501/7402 7502/7403 7503/7404
f 7504/7399 7505/7400 7506/7401
f 7507/7408 7508/7409 7509/7410
f 7510/7405 7511/7406 7512/7407
f 7513/7414 7514/7415 7515/7416
f 7516/7411 7517/7412 7518/7413
f 7519/7417 7520/7418 7521/7419
f 7522/7420 7523/7421 7524/7422
f 7525/7423 7526/7424 7527/7425
f 7528/7426 7529/7427 7530/7428
f 7531/7429 7532/7430 7533/7431
f 7534/7432 7535/7433 7536/7434
f 7537/7435 7538/7436 7539/7437
f 7540/7438 7541/7439 7542/7440
f 7543/7441 7544/7442 7545/7443
f 7546/7444 7547/7445 7548/7446
f 7549/7447 7550/7448 7551/7449
f 7552/7450 7553/7451 7554/7452
f 7555/7453 7556/7454 7557/7455
f 7558/7456 7559/7457 7560/7458
f 7561/7459 7562/7460 7563/7461
f 7564/7462 7565/7463 7566/7464
f 7567/7468 7568/7469 7569/7470
f 7570/7465 7571/7466 7572/7467
f 7573/7390 7574/7391 7575/7392
f 7576/7387 7577/7388 7578/7389
f 7579/7384 7580/7385 7581/7386
f 7582/7381 7583/7382 7584/7383
f 7585/7378 7586/7379 7587/7380
f 7588/7375 7589/7376 7590/7377
f 7591/7372 7592/7373 7593/7374
f 7594/7369 7595/7370 7596/7371
f 7597/7366 7598/7367 7599/7368
f 7600/7363 7601/7364 7602/7365
f 7603/7357 7604/7358 7605/7359
f 7606/7360 7607/7361 7608/7362
f 7609/7351 7610/7352 7611/7353
f 7612/7354 7613/7355 7614/7356
f 7615/7339 7616/7340 7617/7341
f 7618/7342 7619/7343 7620/7344
f 7621/7333 7622/7334 7623/7335
f 7624/7336 7625/7337 7626/7338
f 7627/7327 7628/7328 7629/7329
f 7630/7330 7631/7331 7632/7332
f 7633/7321 7634/7322 7635/7323
f 7636/7324 7637/7325 7638/7326