
mtllib textured.mtl
usemtl mesh

v -0.055075 0.972222 -0.276885
v -0.055360 0.987185 -0.278316
v -0.000000 0.987185 -0.283768
v -0.055075 0.972222 -0.276885
v -0.000000 0.987185 -0.283768
v -0.000000 0.972222 -0.282310
v 0.108035 0.972222 -0.260820
v 0.108593 0.987185 -0.262168
v 0.157653 0.987185 -0.235945
v 0.108035 0.972222 -0.260820
v 0.157653 0.987185 -0.235945
v 0.156843 0.972222 -0.234732
v 0.156843 0.972222 -0.234732
v 0.157653 0.987185 -0.235945
v 0.200654 0.987185 -0.200654
v 0.156843 0.972222 -0.234732
v 0.200654 0.987185 -0.200654
v 0.199623 0.972222 -0.199623
v 0.199623 0.972222 -0.199623
v 0.200654 0.987185 -0.200654
v 0.235944 0.987185 -0.157653
v 0.199623 0.972222 -0.199623
v 0.235944 0.987185 -0.157653
v 0.234732 0.972222 -0.156843
v 0.234732 0.972222 -0.156843
v 0.235944 0.987185 -0.157653
v 0.262167 0.987185 -0.108594
v 0.234732 0.972222 -0.156843
v 0.262167 0.987185 -0.108594
v 0.260820 0.972222 -0.108035
v 0.260820 0.972222 -0.108035
v 0.262167 0.987185 -0.108594
v 0.278315 0.987185 -0.055361
v 0.260820 0.972222 -0.108035
v 0.278315 0.987185 -0.055361
v 0.276885 0.972222 -0.055076
v 0.276885 0.972222 -0.055076
v 0.278315 0.987185 -0.055361
v 0.283768 0.987185 -0.000000
v 0.276885 0.972222 -0.055076
v 0.283768 0.987185 -0.000000
v 0.282310 0.972222 -0.000000
v 0.282310 0.972222 -0.000000
v 0.283768 0.987185 -0.000000
v 0.278315 0.987185 0.055360
v 0.282310 0.972222 -0.000000
v 0.278315 0.987185 0.055360
v 0.276885 0.972222 0.055076
v 0.276885 0.972222 0.055076
v 0.278315 0.987185 0.055360
v 0.262167 0.987185 0.108593
v 0.276885 0.972222 0.055076
v 0.262167 0.987185 0.108593
v 0.260820 0.972222 0.108035
v 0.260820 0.972222 0.108035
v 0.262167 0.987185 0.108593
v 0.235944 0.987185 0.157653
v 0.260820 0.972222 0.108035
v 0.235944 0.987185 0.157653
v 0.234732 0.972222 0.156842
v 0.234732 0.972222 0.156842
v 0.235944 0.987185 0.157653
v 0.200654 0.987186 0.200654
v 0.234732 0.972222 0.156842
v 0.200654 0.987186 0.200654
v 0.199623 0.972222 0.199623
v 0.199623 0.972222 0.199623
v 0.200654 0.987186 0.200654
v 0.157653 0.987186 0.235944
v 0.199623 0.972222 0.199623
v 0.157653 0.987186 0.235944
v 0.156843 0.972222 0.234731
v 0.156843 0.972222 0.234731
v 0.157653 0.987186 0.235944
v 0.108593 0.987186 0.262167
v 0.156843 0.972222 0.234731
v 0.108593 0.987186 0.262167
v 0.108035 0.972222 0.260820
v 0.108035 0.972222 0.260820
v 0.108593 0.987186 0.262167
v 0.055360 0.987186 0.278315
v 0.108035 0.972222 0.260820
v 0.055360 0.987186 0.278315
v 0.055076 0.972222 0.276885
v 0.055076 0.972222 0.276885
v 0.055360 0.987186 0.278315
v -0.000000 0.987186 0.283767
v 0.055076 0.972222 0.276885
v -0.000000 0.987186 0.283767
v -0.000000 0.972222 0.282309
v -0.000000 0.972222 0.282309
v -0.000000 0.987186 0.283767
v -0.055360 0.987186 0.278315
v -0.000000 0.972222 0.282309
v -0.055360 0.987186 0.278315
v -0.055076 0.972222 0.276885
v -0.055076 0.972222 0.276885
v -0.055360 0.987186 0.278315
v -0.108593 0.987186 0.262167
v -0.055076 0.972222 0.276885
v -0.108593 0.987186 0.262167
v -0.108035 0.972222 0.260820
v -0.108035 0.972222 0.260820
v -0.108593 0.987186 0.262167
v -0.157653 0.987186 0.235944
v -0.108035 0.972222 0.260820
v -0.157653 0.987186 0.235944
v -0.156843 0.972222 0.234731
v -0.156843 0.972222 0.234731
v -0.157653 0.987186 0.235944
v -0.200654 0.987186 0.200654
v -0.156843 0.972222 0.234731
v -0.200654 0.987186 0.200654
v -0.199623 0.972222 0.199623
v -0.199623 0.972222 0.199623
v -0.200654 0.987186 0.200654
v -0.235944 0.987185 0.157652
v -0.199623 0.972222 0.199623
v -0.235944 0.987185 0.157652
v -0.234732 0.972222 0.156842
v -0.234732 0.972222 0.156842
v -0.235944 0.987185 0.157652
v -0.262167 0.987185 0.108593
v -0.234732 0.972222 0.156842
v -0.262167 0.987185 0.108593
v -0.260820 0.972222 0.108035
v -0.260820 0.972222 0.108035
v -0.262167 0.987185 0.108593
v -0.278315 0.987185 0.055360
v -0.260820 0.972222 0.108035
v -0.278315 0.987185 0.055360
v -0.276885 0.972222 0.055075
v -0.276885 0.972222 0.055075
v -0.278315 0.987185 0.055360
v -0.283768 0.987185 -0.000001
v -0.276885 0.972222 0.055075
v -0.283768 0.987185 -0.000001
v -0.282309 0.972222 -0.000001
v -0.282309 0.972222 -0.000001
v -0.283768 0.987185 -0.000001
v -0.278315 0.987185 -0.055361
v -0.282309 0.972222 -0.000001
v -0.278315 0.987185 -0.055361
v -0.276885 0.972222 -0.055076
v -0.276885 0.972222 -0.055076
v -0.278315 0.987185 -0.055361
v -0.262167 0.987185 -0.108594
v -0.276885 0.972222 -0.055076
v -0.262167 0.987185 -0.108594
v -0.260820 0.972222 -0.108036
v -0.260820 0.972222 -0.108036
v -0.262167 0.987185 -0.108594
v -0.235944 0.987185 -0.157654
v -0.260820 0.972222 -0.108036
v -0.235944 0.987185 -0.157654
v -0.234732 0.972222 -0.156843
v -0.234732 0.972222 -0.156843
v -0.235944 0.987185 -0.157654
v -0.200654 0.987185 -0.200655
v -0.234732 0.972222 -0.156843
v -0.200654 0.987185 -0.200655
v -0.199623 0.972222 -0.199623
v -0.199623 0.972222 -0.199623
v -0.200654 0.987185 -0.200655
v -0.157653 0.987185 -0.235945
v -0.199623 0.972222 -0.199623
v -0.157653 0.987185 -0.235945
v -0.156842 0.972222 -0.234732
v -0.156842 0.972222 -0.234732
v -0.157653 0.987185 -0.235945
v -0.108593 0.987185 -0.262168
v -0.156842 0.972222 -0.234732
v -0.108593 0.987185 -0.262168
v -0.108035 0.972222 -0.260820
v -0.108035 0.972222 -0.260820
v -0.108593 0.987185 -0.262168
v -0.055360 0.987185 -0.278316
v -0.108035 0.972222 -0.260820
v -0.055360 0.987185 -0.278316
v -0.055075 0.972222 -0.276885
v -0.000000 0.972222 -0.282310
v -0.000000 0.987185 -0.283768
v 0.055360 0.987185 -0.278316
v -0.000000 0.972222 -0.282310
v 0.055360 0.987185 -0.278316
v 0.055076 0.972222 -0.276885
v -0.000000 -0.277778 -0.593054
v -0.000000 -0.222222 -0.587731
v 0.114660 -0.222222 -0.576437
v -0.000000 -0.277778 -0.593054
v 0.114660 -0.222222 -0.576437
v 0.115699 -0.277778 -0.581658
v 0.055076 0.972222 -0.276885
v 0.055360 0.987185 -0.278316
v 0.108593 0.987185 -0.262168
v 0.055076 0.972222 -0.276885
v 0.108593 0.987185 -0.262168
v 0.108035 0.972222 -0.260820
v -0.091268 -0.833333 -0.458837
v -0.097544 -0.777778 -0.490393
v -0.000000 -0.777778 -0.500000
v -0.091268 -0.833333 -0.458837
v -0.000000 -0.777778 -0.500000
v -0.000000 -0.833333 -0.467826
v -0.109412 -0.611111 -0.550055
v -0.112100 -0.555556 -0.563569
v -0.000000 -0.555556 -0.574610
v -0.109412 -0.611111 -0.550055
v -0.000000 -0.555556 -0.574610
v -0.000000 -0.611111 -0.560831
v -0.115615 -0.388889 -0.581242
v -0.115917 -0.333333 -0.582759
v -0.000000 -0.333333 -0.594176
v -0.115615 -0.388889 -0.581242
v -0.000000 -0.333333 -0.594176
v -0.000000 -0.388889 -0.592629
v -0.113742 -0.166667 -0.571823
v -0.111905 -0.111111 -0.562589
v -0.000000 -0.111111 -0.573610
v -0.113742 -0.166667 -0.571823
v -0.000000 -0.111111 -0.573610
v -0.000000 -0.166667 -0.583025
v -0.102721 0.055555 -0.516415
v -0.099222 0.111111 -0.498829
v -0.000000 0.111111 -0.508601
v -0.102721 0.055555 -0.516415
v -0.000000 0.111111 -0.508601
v -0.000000 0.055555 -0.526532
v -0.099222 0.111111 -0.498829
v -0.085697 0.333333 -0.430833
v -0.000000 0.333333 -0.439274
v -0.099222 0.111111 -0.498829
v -0.000000 0.333333 -0.439274
v -0.000000 0.111111 -0.508601
v -0.085697 0.333333 -0.430833
v -0.072741 0.555555 -0.365697
v -0.000000 0.555555 -0.372862
v -0.085697 0.333333 -0.430833
v -0.000000 0.555555 -0.372862
v -0.000000 0.333333 -0.439274
v -0.072741 0.555555 -0.365697
v -0.060099 0.777778 -0.302140
v -0.000000 0.777778 -0.308059
v -0.072741 0.555555 -0.365697
v -0.000000 0.777778 -0.308059
v -0.000000 0.555555 -0.372862
v -0.179029 -0.833333 -0.432215
v -0.191341 -0.777778 -0.461940
v -0.097544 -0.777778 -0.490393
v -0.179029 -0.833333 -0.432215
v -0.097544 -0.777778 -0.490393
v -0.091268 -0.833333 -0.458837
v -0.214620 -0.611111 -0.518140
v -0.219893 -0.555556 -0.530871
v -0.112100 -0.555556 -0.563569
v -0.214620 -0.611111 -0.518140
v -0.112100 -0.555556 -0.563569
v -0.109412 -0.611111 -0.550055
v -0.226788 -0.388889 -0.547518
v -0.227380 -0.333333 -0.548947
v -0.115917 -0.333333 -0.582759
v -0.226788 -0.388889 -0.547518
v -0.115917 -0.333333 -0.582759
v -0.115615 -0.388889 -0.581242
v -0.223113 -0.166667 -0.538645
v -0.219510 -0.111111 -0.529947
v -0.111905 -0.111111 -0.562589
v -0.223113 -0.166667 -0.538645
v -0.111905 -0.111111 -0.562589
v -0.113742 -0.166667 -0.571823
v -0.201494 0.055555 -0.486453
v -0.194633 0.111111 -0.469887
v -0.099222 0.111111 -0.498829
v -0.201494 0.055555 -0.486453
v -0.099222 0.111111 -0.498829
v -0.102721 0.055555 -0.516415
v -0.194633 0.111111 -0.469887
v -0.168102 0.333333 -0.405836
v -0.085697 0.333333 -0.430833
v -0.194633 0.111111 -0.469887
v -0.085697 0.333333 -0.430833
v -0.099222 0.111111 -0.498829
v -0.168102 0.333333 -0.405836
v -0.142687 0.555555 -0.344479
v -0.072741 0.555555 -0.365697
v -0.168102 0.333333 -0.405836
v -0.072741 0.555555 -0.365697
v -0.085697 0.333333 -0.430833
v -0.142687 0.555555 -0.344479
v -0.117889 0.777778 -0.284610
v -0.060099 0.777778 -0.302140
v -0.142687 0.555555 -0.344479
v -0.060099 0.777778 -0.302140
v -0.072741 0.555555 -0.365697
v -0.259910 -0.833333 -0.388984
v -0.277785 -0.777778 -0.415735
v -0.191341 -0.777778 -0.461940
v -0.259910 -0.833333 -0.388984
v -0.191341 -0.777778 -0.461940
v -0.179029 -0.833333 -0.432215
v -0.311580 -0.611111 -0.466314
v -0.319236 -0.555556 -0.477771
v -0.219893 -0.555556 -0.530871
v -0.311580 -0.611111 -0.466314
v -0.219893 -0.555556 -0.530871
v -0.214620 -0.611111 -0.518140
v -0.329246 -0.388889 -0.492753
v -0.330106 -0.333333 -0.494040
v -0.227380 -0.333333 -0.548947
v -0.329246 -0.388889 -0.492753
v -0.227380 -0.333333 -0.548947
v -0.226788 -0.388889 -0.547518
v -0.323911 -0.166667 -0.484768
v -0.318680 -0.111111 -0.476940
v -0.219510 -0.111111 -0.529947
v -0.323911 -0.166667 -0.484768
v -0.219510 -0.111111 -0.529947
v -0.223113 -0.166667 -0.538645
v -0.292525 0.055555 -0.437796
v -0.282563 0.111111 -0.422887
v -0.194633 0.111111 -0.469887
v -0.292525 0.055555 -0.437796
v -0.194633 0.111111 -0.469887
v -0.201494 0.055555 -0.486453
v -0.282563 0.111111 -0.422887
v -0.244047 0.333333 -0.365243
v -0.168102 0.333333 -0.405836
v -0.282563 0.111111 -0.422887
v -0.168102 0.333333 -0.405836
v -0.194633 0.111111 -0.469887
v -0.244047 0.333333 -0.365243
v -0.207150 0.555555 -0.310023
v -0.142687 0.555555 -0.344479
v -0.244047 0.333333 -0.365243
v -0.142687 0.555555 -0.344479
v -0.168102 0.333333 -0.405836
v -0.207150 0.555555 -0.310023
v -0.171148 0.777778 -0.256142
v -0.117889 0.777778 -0.284610
v -0.207150 0.555555 -0.310023
v -0.117889 0.777778 -0.284610
v -0.142687 0.555555 -0.344479
v -0.330803 -0.833333 -0.330803
v -0.353553 -0.777778 -0.353554
v -0.277785 -0.777778 -0.415735
v -0.330803 -0.833333 -0.330803
v -0.277785 -0.777778 -0.415735
v -0.259910 -0.833333 -0.388984
v -0.396567 -0.611111 -0.396568
v -0.406310 -0.555556 -0.406311
v -0.319236 -0.555556 -0.477771
v -0.396567 -0.611111 -0.396568
v -0.319236 -0.555556 -0.477771
v -0.311580 -0.611111 -0.466314
v -0.419051 -0.388889 -0.419052
v -0.420145 -0.333333 -0.420146
v -0.330106 -0.333333 -0.494040
v -0.419051 -0.388889 -0.419052
v -0.330106 -0.333333 -0.494040
v -0.329246 -0.388889 -0.492753
v -0.412261 -0.166667 -0.412262
v -0.405603 -0.111111 -0.405604
v -0.318680 -0.111111 -0.476940
v -0.412261 -0.166667 -0.412262
v -0.318680 -0.111111 -0.476940
v -0.323911 -0.166667 -0.484768
v -0.372314 0.055555 -0.372315
v -0.359635 0.111111 -0.359636
v -0.282563 0.111111 -0.422887
v -0.372314 0.055555 -0.372315
v -0.282563 0.111111 -0.422887
v -0.292525 0.055555 -0.437796
v -0.359635 0.111111 -0.359636
v -0.310613 0.333333 -0.310614
v -0.244047 0.333333 -0.365243
v -0.359635 0.111111 -0.359636
v -0.244047 0.333333 -0.365243
v -0.282563 0.111111 -0.422887
v -0.310613 0.333333 -0.310614
v -0.263653 0.555555 -0.263653
v -0.207150 0.555555 -0.310023
v -0.310613 0.333333 -0.310614
v -0.207150 0.555555 -0.310023
v -0.244047 0.333333 -0.365243
v -0.263653 0.555555 -0.263653
v -0.217830 0.777778 -0.217831
v -0.171148 0.777778 -0.256142
v -0.263653 0.555555 -0.263653
v -0.171148 0.777778 -0.256142
v -0.207150 0.555555 -0.310023
v -0.388983 -0.833333 -0.259911
v -0.415734 -0.777778 -0.277786
v -0.353553 -0.777778 -0.353554
v -0.388983 -0.833333 -0.259911
v -0.353553 -0.777778 -0.353554
v -0.330803 -0.833333 -0.330803
v -0.466313 -0.611111 -0.311581
v -0.477770 -0.555556 -0.319237
v -0.406310 -0.555556 -0.406311
v -0.466313 -0.611111 -0.311581
v -0.406310 -0.555556 -0.406311
v -0.396567 -0.611111 -0.396568
v -0.492752 -0.388889 -0.329247
v -0.494039 -0.333333 -0.330107
v -0.420145 -0.333333 -0.420146
v -0.492752 -0.388889 -0.329247
v -0.420145 -0.333333 -0.420146
v -0.419051 -0.388889 -0.419052
v -0.484767 -0.166667 -0.323912
v -0.476939 -0.111111 -0.318681
v -0.405603 -0.111111 -0.405604
v -0.484767 -0.166667 -0.323912
v -0.405603 -0.111111 -0.405604
v -0.412261 -0.166667 -0.412262
v -0.437795 0.055555 -0.292526
v -0.422886 0.111111 -0.282564
v -0.359635 0.111111 -0.359636
v -0.437795 0.055555 -0.292526
v -0.359635 0.111111 -0.359636
v -0.372314 0.055555 -0.372315
v -0.422886 0.111111 -0.282564
v -0.365242 0.333333 -0.244048
v -0.310613 0.333333 -0.310614
v -0.422886 0.111111 -0.282564
v -0.310613 0.333333 -0.310614
v -0.359635 0.111111 -0.359636
v -0.365242 0.333333 -0.244048
v -0.310023 0.555555 -0.207151
v -0.263653 0.555555 -0.263653
v -0.365242 0.333333 -0.244048
v -0.263653 0.555555 -0.263653
v -0.310613 0.333333 -0.310614
v -0.310023 0.555555 -0.207151
v -0.256141 0.777778 -0.171149
v -0.217830 0.777778 -0.217831
v -0.310023 0.555555 -0.207151
v -0.217830 0.777778 -0.217831
v -0.263653 0.555555 -0.263653
v -0.432215 -0.833333 -0.179030
v -0.461940 -0.777778 -0.191342
v -0.415734 -0.777778 -0.277786
v -0.432215 -0.833333 -0.179030
v -0.415734 -0.777778 -0.277786
v -0.388983 -0.833333 -0.259911
v -0.518140 -0.611111 -0.214621
v -0.530870 -0.555556 -0.219894
v -0.477770 -0.555556 -0.319237
v -0.518140 -0.611111 -0.214621
v -0.477770 -0.555556 -0.319237
v -0.466313 -0.611111 -0.311581
v -0.547517 -0.388889 -0.226790
v -0.548947 -0.333333 -0.227382
v -0.494039 -0.333333 -0.330107
v -0.547517 -0.388889 -0.226790
v -0.494039 -0.333333 -0.330107
v -0.492752 -0.388889 -0.329247
v -0.538645 -0.166667 -0.223115
v -0.529946 -0.111111 -0.219512
v -0.476939 -0.111111 -0.318681
v -0.538645 -0.166667 -0.223115
v -0.476939 -0.111111 -0.318681
v -0.484767 -0.166667 -0.323912
v -0.486452 0.055556 -0.201496
v -0.469886 0.111111 -0.194634
v -0.422886 0.111111 -0.282564
v -0.486452 0.055556 -0.201496
v -0.422886 0.111111 -0.282564
v -0.437795 0.055555 -0.292526
v -0.469886 0.111111 -0.194634
v -0.405836 0.333333 -0.168103
v -0.365242 0.333333 -0.244048
v -0.469886 0.111111 -0.194634
v -0.365242 0.333333 -0.244048
v -0.422886 0.111111 -0.282564
v -0.405836 0.333333 -0.168103
v -0.344479 0.555556 -0.142689
v -0.310023 0.555555 -0.207151
v -0.405836 0.333333 -0.168103
v -0.310023 0.555555 -0.207151
v -0.365242 0.333333 -0.244048
v -0.344479 0.555556 -0.142689
v -0.284609 0.777778 -0.117890
v -0.256141 0.777778 -0.171149
v -0.344479 0.555556 -0.142689
v -0.256141 0.777778 -0.171149
v -0.310023 0.555555 -0.207151
v -0.458837 -0.833333 -0.091269
v -0.490393 -0.777778 -0.097546
v -0.461940 -0.777778 -0.191342
v -0.458837 -0.833333 -0.091269
v -0.461940 -0.777778 -0.191342
v -0.432215 -0.833333 -0.179030
v -0.550054 -0.611111 -0.109413
v -0.563569 -0.555556 -0.112101
v -0.530870 -0.555556 -0.219894
v -0.550054 -0.611111 -0.109413
v -0.530870 -0.555556 -0.219894
v -0.518140 -0.611111 -0.214621
v -0.581241 -0.388889 -0.115617
v -0.582759 -0.333333 -0.115919
v -0.548947 -0.333333 -0.227382
v -0.581241 -0.388889 -0.115617
v -0.548947 -0.333333 -0.227382
v -0.547517 -0.388889 -0.226790
v -0.571823 -0.166667 -0.113743
v -0.562588 -0.111111 -0.111906
v -0.529946 -0.111111 -0.219512
v -0.571823 -0.166667 -0.113743
v -0.529946 -0.111111 -0.219512
v -0.538645 -0.166667 -0.223115
v -0.516415 0.055556 -0.102722
v -0.498829 0.111111 -0.099224
v -0.469886 0.111111 -0.194634
v -0.516415 0.055556 -0.102722
v -0.469886 0.111111 -0.194634
v -0.486452 0.055556 -0.201496
v -0.498829 0.111111 -0.099224
v -0.430833 0.333333 -0.085699
v -0.405836 0.333333 -0.168103
v -0.498829 0.111111 -0.099224
v -0.405836 0.333333 -0.168103
v -0.469886 0.111111 -0.194634
v -0.430833 0.333333 -0.085699
v -0.365697 0.555556 -0.072742
v -0.344479 0.555556 -0.142689
v -0.430833 0.333333 -0.085699
v -0.344479 0.555556 -0.142689
v -0.405836 0.333333 -0.168103
v -0.365697 0.555556 -0.072742
v -0.302140 0.777778 -0.060100
v -0.284609 0.777778 -0.117890
v -0.365697 0.555556 -0.072742
v -0.284609 0.777778 -0.117890
v -0.344479 0.555556 -0.142689
v -0.467826 -0.833333 -0.000000
v -0.500000 -0.777778 -0.000000
v -0.490393 -0.777778 -0.097546
v -0.467826 -0.833333 -0.000000
v -0.490393 -0.777778 -0.097546
v -0.458837 -0.833333 -0.091269
v -0.560831 -0.611111 -0.000001
v -0.574610 -0.555556 -0.000001
v -0.563569 -0.555556 -0.112101
v -0.560831 -0.611111 -0.000001
v -0.563569 -0.555556 -0.112101
v -0.550054 -0.611111 -0.109413
v -0.592629 -0.388889 -0.000001
v -0.594176 -0.333333 -0.000001
v -0.582759 -0.333333 -0.115919
v -0.592629 -0.388889 -0.000001
v -0.582759 -0.333333 -0.115919
v -0.581241 -0.388889 -0.115617
v -0.583025 -0.166667 -0.000001
v -0.573610 -0.111111 -0.000001
v -0.562588 -0.111111 -0.111906
v -0.583025 -0.166667 -0.000001
v -0.562588 -0.111111 -0.111906
v -0.571823 -0.166667 -0.113743
v -0.526532 0.055556 -0.000001
v -0.508601 0.111111 -0.000001
v -0.498829 0.111111 -0.099224
v -0.526532 0.055556 -0.000001
v -0.498829 0.111111 -0.099224
v -0.516415 0.055556 -0.102722
v -0.508601 0.111111 -0.000001
v -0.439274 0.333333 -0.000001
v -0.430833 0.333333 -0.085699
v -0.508601 0.111111 -0.000001
v -0.430833 0.333333 -0.085699
v -0.498829 0.111111 -0.099224
v -0.439274 0.333333 -0.000001
v -0.372861 0.555556 -0.000001
v -0.365697 0.555556 -0.072742
v -0.439274 0.333333 -0.000001
v -0.365697 0.555556 -0.072742
v -0.430833 0.333333 -0.085699
v -0.372861 0.555556 -0.000001
v -0.308059 0.777778 -0.000001
v -0.302140 0.777778 -0.060100
v -0.372861 0.555556 -0.000001
v -0.302140 0.777778 -0.060100
v -0.365697 0.555556 -0.072742
v -0.458837 -0.833333 0.091268
v -0.490393 -0.777778 0.097545
v -0.500000 -0.777778 -0.000000
v -0.458837 -0.833333 0.091268
v -0.500000 -0.777778 -0.000000
v -0.467826 -0.833333 -0.000000
v -0.550055 -0.611111 0.109412
v -0.563569 -0.555556 0.112100
v -0.574610 -0.555556 -0.000001
v -0.550055 -0.611111 0.109412
v -0.574610 -0.555556 -0.000001
v -0.560831 -0.611111 -0.000001
v -0.581242 -0.388889 0.115616
v -0.582759 -0.333333 0.115917
v -0.594176 -0.333333 -0.000001
v -0.581242 -0.388889 0.115616
v -0.594176 -0.333333 -0.000001
v -0.592629 -0.388889 -0.000001
v -0.571823 -0.166667 0.113742
v -0.562588 -0.111111 0.111905
v -0.573610 -0.111111 -0.000001
v -0.571823 -0.166667 0.113742
v -0.573610 -0.111111 -0.000001
v -0.583025 -0.166667 -0.000001
v -0.516415 0.055556 0.102721
v -0.498829 0.111111 0.099223
v -0.508601 0.111111 -0.000001
v -0.516415 0.055556 0.102721
v -0.508601 0.111111 -0.000001
v -0.526532 0.055556 -0.000001
v -0.498829 0.111111 0.099223
v -0.430833 0.333333 0.085697
v -0.439274 0.333333 -0.000001
v -0.498829 0.111111 0.099223
v -0.439274 0.333333 -0.000001
v -0.508601 0.111111 -0.000001
v -0.430833 0.333333 0.085697
v -0.365697 0.555556 0.072741
v -0.372861 0.555556 -0.000001
v -0.430833 0.333333 0.085697
v -0.372861 0.555556 -0.000001
v -0.439274 0.333333 -0.000001
v -0.365697 0.555556 0.072741
v -0.302140 0.777778 0.060099
v -0.308059 0.777778 -0.000001
v -0.365697 0.555556 0.072741
v -0.308059 0.777778 -0.000001
v -0.372861 0.555556 -0.000001
v -0.432215 -0.833333 0.179029
v -0.461940 -0.777778 0.191341
v -0.490393 -0.777778 0.097545
v -0.432215 -0.833333 0.179029
v -0.490393 -0.777778 0.097545
v -0.458837 -0.833333 0.091268
v -0.518140 -0.611111 0.214620
v -0.530871 -0.555556 0.219893
v -0.563569 -0.555556 0.112100
v -0.518140 -0.611111 0.214620
v -0.563569 -0.555556 0.112100
v -0.550055 -0.611111 0.109412
v -0.547518 -0.388889 0.226789
v -0.548947 -0.333333 0.227381
v -0.582759 -0.333333 0.115917
v -0.547518 -0.388889 0.226789
v -0.582759 -0.333333 0.115917
v -0.581242 -0.388889 0.115616
v -0.538645 -0.166667 0.223114
v -0.529947 -0.111111 0.219511
v -0.562588 -0.111111 0.111905
v -0.538645 -0.166667 0.223114
v -0.562588 -0.111111 0.111905
v -0.571823 -0.166667 0.113742
v -0.486452 0.055556 0.201495
v -0.469887 0.111111 0.194633
v -0.498829 0.111111 0.099223
v -0.486452 0.055556 0.201495
v -0.498829 0.111111 0.099223
v -0.516415 0.055556 0.102721
v -0.469887 0.111111 0.194633
v -0.405836 0.333333 0.168102
v -0.430833 0.333333 0.085697
v -0.469887 0.111111 0.194633
v -0.430833 0.333333 0.085697
v -0.498829 0.111111 0.099223
v -0.405836 0.333333 0.168102
v -0.344479 0.555556 0.142687
v -0.365697 0.555556 0.072741
v -0.405836 0.333333 0.168102
v -0.365697 0.555556 0.072741
v -0.430833 0.333333 0.085697
v -0.344479 0.555556 0.142687
v -0.284610 0.777778 0.117889
v -0.302140 0.777778 0.060099
v -0.344479 0.555556 0.142687
v -0.302140 0.777778 0.060099
v -0.365697 0.555556 0.072741
v -0.388984 -0.833333 0.259910
v -0.415735 -0.777778 0.277785
v -0.461940 -0.777778 0.191341
v -0.388984 -0.833333 0.259910
v -0.461940 -0.777778 0.191341
v -0.432215 -0.833333 0.179029
v -0.466314 -0.611111 0.311581
v -0.477771 -0.555556 0.319236
v -0.530871 -0.555556 0.219893
v -0.466314 -0.611111 0.311581
v -0.530871 -0.555556 0.219893
v -0.518140 -0.611111 0.214620
v -0.492753 -0.388889 0.329247
v -0.494039 -0.333333 0.330106
v -0.548947 -0.333333 0.227381
v -0.492753 -0.388889 0.329247
v -0.548947 -0.333333 0.227381
v -0.547518 -0.388889 0.226789
v -0.484768 -0.166667 0.323911
v -0.476940 -0.111111 0.318680
v -0.529947 -0.111111 0.219511
v -0.484768 -0.166667 0.323911
v -0.529947 -0.111111 0.219511
v -0.538645 -0.166667 0.223114
v -0.437796 0.055556 0.292525
v -0.422887 0.111111 0.282563
v -0.469887 0.111111 0.194633
v -0.437796 0.055556 0.292525
v -0.469887 0.111111 0.194633
v -0.486452 0.055556 0.201495
v -0.422887 0.111111 0.282563
v -0.365243 0.333333 0.244047
v -0.405836 0.333333 0.168102
v -0.422887 0.111111 0.282563
v -0.405836 0.333333 0.168102
v -0.469887 0.111111 0.194633
v -0.365243 0.333333 0.244047
v -0.310023 0.555556 0.207150
v -0.344479 0.555556 0.142687
v -0.365243 0.333333 0.244047
v -0.344479 0.555556 0.142687
v -0.405836 0.333333 0.168102
v -0.310023 0.555556 0.207150
v -0.256142 0.777778 0.171148
v -0.284610 0.777778 0.117889
v -0.310023 0.555556 0.207150
v -0.284610 0.777778 0.117889
v -0.344479 0.555556 0.142687
v -0.330803 -0.833333 0.330803
v -0.353554 -0.777778 0.353553
v -0.415735 -0.777778 0.277785
v -0.330803 -0.833333 0.330803
v -0.415735 -0.777778 0.277785
v -0.388984 -0.833333 0.259910
v -0.396567 -0.611111 0.396567
v -0.406311 -0.555556 0.406310
v -0.477771 -0.555556 0.319236
v -0.396567 -0.611111 0.396567
v -0.477771 -0.555556 0.319236
v -0.466314 -0.611111 0.311581
v -0.419052 -0.388889 0.419052
v -0.420146 -0.333333 0.420146
v -0.494039 -0.333333 0.330106
v -0.419052 -0.388889 0.419052
v -0.494039 -0.333333 0.330106
v -0.492753 -0.388889 0.329247
v -0.412261 -0.166667 0.412261
v -0.405604 -0.111111 0.405603
v -0.476940 -0.111111 0.318680
v -0.412261 -0.166667 0.412261
v -0.476940 -0.111111 0.318680
v -0.484768 -0.166667 0.323911
v -0.372315 0.055556 0.372314
v -0.359636 0.111111 0.359635
v -0.422887 0.111111 0.282563
v -0.372315 0.055556 0.372314
v -0.422887 0.111111 0.282563
v -0.437796 0.055556 0.292525
v -0.359636 0.111111 0.359635
v -0.310614 0.333333 0.310613
v -0.365243 0.333333 0.244047
v -0.359636 0.111111 0.359635
v -0.365243 0.333333 0.244047
v -0.422887 0.111111 0.282563
v -0.310614 0.333333 0.310613
v -0.263653 0.555556 0.263653
v -0.310023 0.555556 0.207150
v -0.310614 0.333333 0.310613
v -0.310023 0.555556 0.207150
v -0.365243 0.333333 0.244047
v -0.263653 0.555556 0.263653
v -0.217831 0.777778 0.217830
v -0.256142 0.777778 0.171148
v -0.263653 0.555556 0.263653
v -0.256142 0.777778 0.171148
v -0.310023 0.555556 0.207150
v -0.259911 -0.833333 0.388983
v -0.277785 -0.777778 0.415735
v -0.353554 -0.777778 0.353553
v -0.259911 -0.833333 0.388983
v -0.353554 -0.777778 0.353553
v -0.330803 -0.833333 0.330803
v -0.311581 -0.611111 0.466314
v -0.319236 -0.555555 0.477771
v -0.406311 -0.555556 0.406310
v -0.311581 -0.611111 0.466314
v -0.406311 -0.555556 0.406310
v -0.396567 -0.611111 0.396567
v -0.329247 -0.388889 0.492753
v -0.330107 -0.333333 0.494039
v -0.420146 -0.333333 0.420146
v -0.329247 -0.388889 0.492753
v -0.420146 -0.333333 0.420146
v -0.419052 -0.388889 0.419052
v -0.323912 -0.166667 0.484768
v -0.318681 -0.111111 0.476939
v -0.405604 -0.111111 0.405603
v -0.323912 -0.166667 0.484768
v -0.405604 -0.111111 0.405603
v -0.412261 -0.166667 0.412261
v -0.292526 0.055556 0.437795
v -0.282564 0.111111 0.422886
v -0.359636 0.111111 0.359635
v -0.292526 0.055556 0.437795
v -0.359636 0.111111 0.359635
v -0.372315 0.055556 0.372314
v -0.282564 0.111111 0.422886
v -0.244048 0.333333 0.365242
v -0.310614 0.333333 0.310613
v -0.282564 0.111111 0.422886
v -0.310614 0.333333 0.310613
v -0.359636 0.111111 0.359635
v -0.244048 0.333333 0.365242
v -0.207151 0.555556 0.310023
v -0.263653 0.555556 0.263653
v -0.244048 0.333333 0.365242
v -0.263653 0.555556 0.263653
v -0.310614 0.333333 0.310613
v -0.207151 0.555556 0.310023
v -0.171149 0.777778 0.256141
v -0.217831 0.777778 0.217830
v -0.207151 0.555556 0.310023
v -0.217831 0.777778 0.217830
v -0.263653 0.555556 0.263653
v -0.179030 -0.833333 0.432215
v -0.191342 -0.777778 0.461940
v -0.277785 -0.777778 0.415735
v -0.179030 -0.833333 0.432215
v -0.277785 -0.777778 0.415735
v -0.259911 -0.833333 0.388983
v -0.214621 -0.611111 0.518140
v -0.219894 -0.555555 0.530870
v -0.319236 -0.555555 0.477771
v -0.214621 -0.611111 0.518140
v -0.319236 -0.555555 0.477771
v -0.311581 -0.611111 0.466314
v -0.226790 -0.388889 0.547517
v -0.227382 -0.333333 0.548947
v -0.330107 -0.333333 0.494039
v -0.226790 -0.388889 0.547517
v -0.330107 -0.333333 0.494039
v -0.329247 -0.388889 0.492753
v -0.223114 -0.166667 0.538645
v -0.219511 -0.111111 0.529946
v -0.318681 -0.111111 0.476939
v -0.223114 -0.166667 0.538645
v -0.318681 -0.111111 0.476939
v -0.323912 -0.166667 0.484768
v -0.201495 0.055556 0.486452
v -0.194634 0.111111 0.469886
v -0.282564 0.111111 0.422886
v -0.201495 0.055556 0.486452
v -0.282564 0.111111 0.422886
v -0.292526 0.055556 0.437795
v -0.194634 0.111111 0.469886
v -0.168103 0.333333 0.405836
v -0.244048 0.333333 0.365242
v -0.194634 0.111111 0.469886
v -0.244048 0.333333 0.365242
v -0.282564 0.111111 0.422886
v -0.168103 0.333333 0.405836
v -0.142688 0.555556 0.344479
v -0.207151 0.555556 0.310023
v -0.168103 0.333333 0.405836
v -0.207151 0.555556 0.310023
v -0.244048 0.333333 0.365242
v -0.142688 0.555556 0.344479
v -0.117889 0.777778 0.284609
v -0.171149 0.777778 0.256141
v -0.142688 0.555556 0.344479
v -0.171149 0.777778 0.256141
v -0.207151 0.555556 0.310023
v -0.091269 -0.833333 0.458837
v -0.097545 -0.777778 0.490393
v -0.191342 -0.777778 0.461940
v -0.091269 -0.833333 0.458837
v -0.191342 -0.777778 0.461940
v -0.179030 -0.833333 0.432215
v -0.109413 -0.611111 0.550054
v -0.112101 -0.555555 0.563569
v -0.219894 -0.555555 0.530870
v -0.109413 -0.611111 0.550054
v -0.219894 -0.555555 0.530870
v -0.214621 -0.611111 0.518140
v -0.115616 -0.388889 0.581242
v -0.115918 -0.333333 0.582759
v -0.227382 -0.333333 0.548947
v -0.115616 -0.388889 0.581242
v -0.227382 -0.333333 0.548947
v -0.226790 -0.388889 0.547517
v -0.113743 -0.166667 0.571823
v -0.111906 -0.111111 0.562588
v -0.219511 -0.111111 0.529946
v -0.113743 -0.166667 0.571823
v -0.219511 -0.111111 0.529946
v -0.223114 -0.166667 0.538645
v -0.102722 0.055556 0.516415
v -0.099223 0.111111 0.498829
v -0.194634 0.111111 0.469886
v -0.102722 0.055556 0.516415
v -0.194634 0.111111 0.469886
v -0.201495 0.055556 0.486452
v -0.099223 0.111111 0.498829
v -0.085698 0.333333 0.430833
v -0.168103 0.333333 0.405836
v -0.099223 0.111111 0.498829
v -0.168103 0.333333 0.405836
v -0.194634 0.111111 0.469886
v -0.085698 0.333333 0.430833
v -0.072742 0.555556 0.365697
v -0.142688 0.555556 0.344479
v -0.085698 0.333333 0.430833
v -0.142688 0.555556 0.344479
v -0.168103 0.333333 0.405836
v -0.072742 0.555556 0.365697
v -0.060099 0.777778 0.302139
v -0.117889 0.777778 0.284609
v -0.072742 0.555556 0.365697
v -0.117889 0.777778 0.284609
v -0.142688 0.555556 0.344479
v -0.000000 -0.833333 0.467826
v -0.000000 -0.777778 0.500000
v -0.097545 -0.777778 0.490393
v -0.000000 -0.833333 0.467826
v -0.097545 -0.777778 0.490393
v -0.091269 -0.833333 0.458837
v -0.000000 -0.611111 0.560831
v -0.000000 -0.555555 0.574610
v -0.112101 -0.555555 0.563569
v -0.000000 -0.611111 0.560831
v -0.112101 -0.555555 0.563569
v -0.109413 -0.611111 0.550054
v -0.000000 -0.388889 0.592629
v -0.000000 -0.333333 0.594176
v -0.115918 -0.333333 0.582759
v -0.000000 -0.388889 0.592629
v -0.115918 -0.333333 0.582759
v -0.115616 -0.388889 0.581242
v -0.000000 -0.166667 0.583025
v -0.000000 -0.111111 0.573610
v -0.111906 -0.111111 0.562588
v -0.000000 -0.166667 0.583025
v -0.111906 -0.111111 0.562588
v -0.113743 -0.166667 0.571823
v -0.000000 0.055556 0.526532
v -0.000000 0.111111 0.508601
v -0.099223 0.111111 0.498829
v -0.000000 0.055556 0.526532
v -0.099223 0.111111 0.498829
v -0.102722 0.055556 0.516415
v -0.000000 0.111111 0.508601
v -0.000000 0.333333 0.439273
v -0.085698 0.333333 0.430833
v -0.000000 0.111111 0.508601
v -0.085698 0.333333 0.430833
v -0.099223 0.111111 0.498829
v -0.000000 0.333333 0.439273
v -0.000000 0.555556 0.372861
v -0.072742 0.555556 0.365697
v -0.000000 0.333333 0.439273
v -0.072742 0.555556 0.365697
v -0.085698 0.333333 0.430833
v -0.000000 0.555556 0.372861
v -0.000000 0.777778 0.308059
v -0.060099 0.777778 0.302139
v -0.000000 0.555556 0.372861
v -0.060099 0.777778 0.302139
v -0.072742 0.555556 0.365697
v 0.091268 -0.833333 0.458837
v 0.097545 -0.777778 0.490393
v -0.000000 -0.777778 0.500000
v 0.091268 -0.833333 0.458837
v -0.000000 -0.777778 0.500000
v -0.000000 -0.833333 0.467826
v 0.109412 -0.611111 0.550054
v 0.112101 -0.555555 0.563569
v -0.000000 -0.555555 0.574610
v 0.109412 -0.611111 0.550054
v -0.000000 -0.555555 0.574610
v -0.000000 -0.611111 0.560831
v 0.115616 -0.388889 0.581242
v 0.115918 -0.333333 0.582759
v -0.000000 -0.333333 0.594176
v 0.115616 -0.388889 0.581242
v -0.000000 -0.333333 0.594176
v -0.000000 -0.388889 0.592629
v 0.113742 -0.166667 0.571823
v 0.111906 -0.111111 0.562588
v -0.000000 -0.111111 0.573610
v 0.113742 -0.166667 0.571823
v -0.000000 -0.111111 0.573610
v -0.000000 -0.166667 0.583025
v 0.102721 0.055556 0.516415
v 0.099223 0.111111 0.498829
v -0.000000 0.111111 0.508601
v 0.102721 0.055556 0.516415
v -0.000000 0.111111 0.508601
v -0.000000 0.055556 0.526532
v 0.099223 0.111111 0.498829
v 0.085698 0.333333 0.430833
v -0.000000 0.333333 0.439273
v 0.099223 0.111111 0.498829
v -0.000000 0.333333 0.439273
v -0.000000 0.111111 0.508601
v 0.085698 0.333333 0.430833
v 0.072742 0.555556 0.365697
v -0.000000 0.555556 0.372861
v 0.085698 0.333333 0.430833
v -0.000000 0.555556 0.372861
v -0.000000 0.333333 0.439273
v 0.072742 0.555556 0.365697
v 0.060099 0.777778 0.302139
v -0.000000 0.777778 0.308059
v 0.072742 0.555556 0.365697
v -0.000000 0.777778 0.308059
v -0.000000 0.555556 0.372861
v 0.179029 -0.833333 0.432215
v 0.191342 -0.777778 0.461940
v 0.097545 -0.777778 0.490393
v 0.179029 -0.833333 0.432215
v 0.097545 -0.777778 0.490393
v 0.091268 -0.833333 0.458837
v 0.214620 -0.611111 0.518140
v 0.219894 -0.555555 0.530870
v 0.112101 -0.555555 0.563569
v 0.214620 -0.611111 0.518140
v 0.112101 -0.555555 0.563569
v 0.109412 -0.611111 0.550054
v 0.226789 -0.388889 0.547518
v 0.227381 -0.333333 0.548947
v 0.115918 -0.333333 0.582759
v 0.226789 -0.388889 0.547518
v 0.115918 -0.333333 0.582759
v 0.115616 -0.388889 0.581242
v 0.223114 -0.166667 0.538645
v 0.219511 -0.111111 0.529947
v 0.111906 -0.111111 0.562588
v 0.223114 -0.166667 0.538645
v 0.111906 -0.111111 0.562588
v 0.113742 -0.166667 0.571823
v 0.201495 0.055556 0.486452
v 0.194633 0.111111 0.469886
v 0.099223 0.111111 0.498829
v 0.201495 0.055556 0.486452
v 0.099223 0.111111 0.498829
v 0.102721 0.055556 0.516415
v 0.194633 0.111111 0.469886
v 0.168103 0.333333 0.405836
v 0.085698 0.333333 0.430833
v 0.194633 0.111111 0.469886
v 0.085698 0.333333 0.430833
v 0.099223 0.111111 0.498829
v 0.168103 0.333333 0.405836
v 0.142688 0.555556 0.344479
v 0.072742 0.555556 0.365697
v 0.168103 0.333333 0.405836
v 0.072742 0.555556 0.365697
v 0.085698 0.333333 0.430833
v 0.142688 0.555556 0.344479
v 0.117889 0.777778 0.284609
v 0.060099 0.777778 0.302139
v 0.142688 0.555556 0.344479
v 0.060099 0.777778 0.302139
v 0.072742 0.555556 0.365697
v 0.259910 -0.833333 0.388983
v 0.277785 -0.777778 0.415735
v 0.191342 -0.777778 0.461940
v 0.259910 -0.833333 0.388983
v 0.191342 -0.777778 0.461940
v 0.179029 -0.833333 0.432215
v 0.311581 -0.611111 0.466314
v 0.319236 -0.555555 0.477771
v 0.219894 -0.555555 0.530870
v 0.311581 -0.611111 0.466314
v 0.219894 -0.555555 0.530870
v 0.214620 -0.611111 0.518140
v 0.329247 -0.388889 0.492753
v 0.330106 -0.333333 0.494039
v 0.227381 -0.333333 0.548947
v 0.329247 -0.388889 0.492753
v 0.227381 -0.333333 0.548947
v 0.226789 -0.388889 0.547518
v 0.323911 -0.166667 0.484768
v 0.318681 -0.111111 0.476939
v 0.219511 -0.111111 0.529947
v 0.323911 -0.166667 0.484768
v 0.219511 -0.111111 0.529947
v 0.223114 -0.166667 0.538645
v 0.292525 0.055556 0.437795
v 0.282564 0.111111 0.422887
v 0.194633 0.111111 0.469886
v 0.292525 0.055556 0.437795
v 0.194633 0.111111 0.469886
v 0.201495 0.055556 0.486452
v 0.282564 0.111111 0.422887
v 0.244047 0.333333 0.365242
v 0.168103 0.333333 0.405836
v 0.282564 0.111111 0.422887
v 0.168103 0.333333 0.405836
v 0.194633 0.111111 0.469886
v 0.244047 0.333333 0.365242
v 0.207151 0.555556 0.310023
v 0.142688 0.555556 0.344479
v 0.244047 0.333333 0.365242
v 0.142688 0.555556 0.344479
v 0.168103 0.333333 0.405836
v 0.207151 0.555556 0.310023
v 0.171148 0.777778 0.256141
v 0.117889 0.777778 0.284609
v 0.207151 0.555556 0.310023
v 0.117889 0.777778 0.284609
v 0.142688 0.555556 0.344479
v 0.330803 -0.833333 0.330803
v 0.353553 -0.777778 0.353553
v 0.277785 -0.777778 0.415735
v 0.330803 -0.833333 0.330803
v 0.277785 -0.777778 0.415735
v 0.259910 -0.833333 0.388983
v 0.396567 -0.611111 0.396567
v 0.406311 -0.555556 0.406311
v 0.319236 -0.555555 0.477771
v 0.396567 -0.611111 0.396567
v 0.319236 -0.555555 0.477771
v 0.311581 -0.611111 0.466314
v 0.419052 -0.388889 0.419052
v 0.420146 -0.333333 0.420146
v 0.330106 -0.333333 0.494039
v 0.419052 -0.388889 0.419052
v 0.330106 -0.333333 0.494039
v 0.329247 -0.388889 0.492753
v 0.412261 -0.166667 0.412261
v 0.405604 -0.111111 0.405604
v 0.318681 -0.111111 0.476939
v 0.412261 -0.166667 0.412261
v 0.318681 -0.111111 0.476939
v 0.323911 -0.166667 0.484768
v 0.372314 0.055556 0.372314
v 0.359635 0.111111 0.359635
v 0.282564 0.111111 0.422887
v 0.372314 0.055556 0.372314
v 0.282564 0.111111 0.422887
v 0.292525 0.055556 0.437795
v 0.359635 0.111111 0.359635
v 0.310613 0.333333 0.310613
v 0.244047 0.333333 0.365242
v 0.359635 0.111111 0.359635
v 0.244047 0.333333 0.365242
v 0.282564 0.111111 0.422887
v 0.310613 0.333333 0.310613
v 0.263653 0.555556 0.263653
v 0.207151 0.555556 0.310023
v 0.310613 0.333333 0.310613
v 0.207151 0.555556 0.310023
v 0.244047 0.333333 0.365242
v 0.263653 0.555556 0.263653
v 0.217831 0.777778 0.217830
v 0.171148 0.777778 0.256141
v 0.263653 0.555556 0.263653
v 0.171148 0.777778 0.256141
v 0.207151 0.555556 0.310023
v 0.388983 -0.833333 0.259910
v 0.415735 -0.777778 0.277785
v 0.353553 -0.777778 0.353553
v 0.388983 -0.833333 0.259910
v 0.353553 -0.777778 0.353553
v 0.330803 -0.833333 0.330803
v 0.466314 -0.611111 0.311581
v 0.477771 -0.555556 0.319236
v 0.406311 -0.555556 0.406311
v 0.466314 -0.611111 0.311581
v 0.406311 -0.555556 0.406311
v 0.396567 -0.611111 0.396567
v 0.492753 -0.388889 0.329247
v 0.494039 -0.333333 0.330106
v 0.420146 -0.333333 0.420146
v 0.492753 -0.388889 0.329247
v 0.420146 -0.333333 0.420146
v 0.419052 -0.388889 0.419052
v 0.484768 -0.166667 0.323911
v 0.476939 -0.111111 0.318681
v 0.405604 -0.111111 0.405604
v 0.484768 -0.166667 0.323911
v 0.405604 -0.111111 0.405604
v 0.412261 -0.166667 0.412261
v 0.437795 0.055556 0.292525
v 0.422887 0.111111 0.282564
v 0.359635 0.111111 0.359635
v 0.437795 0.055556 0.292525
v 0.359635 0.111111 0.359635
v 0.372314 0.055556 0.372314
v 0.422887 0.111111 0.282564
v 0.365243 0.333333 0.244047
v 0.310613 0.333333 0.310613
v 0.422887 0.111111 0.282564
v 0.310613 0.333333 0.310613
v 0.359635 0.111111 0.359635
v 0.365243 0.333333 0.244047
v 0.310023 0.555556 0.207151
v 0.263653 0.555556 0.263653
v 0.365243 0.333333 0.244047
v 0.263653 0.555556 0.263653
v 0.310613 0.333333 0.310613
v 0.310023 0.555556 0.207151
v 0.256142 0.777778 0.171148
v 0.217831 0.777778 0.217830
v 0.310023 0.555556 0.207151
v 0.217831 0.777778 0.217830
v 0.263653 0.555556 0.263653
v 0.432215 -0.833333 0.179029
v 0.461940 -0.777778 0.191342
v 0.415735 -0.777778 0.277785
v 0.432215 -0.833333 0.179029
v 0.415735 -0.777778 0.277785
v 0.388983 -0.833333 0.259910
v 0.518140 -0.611111 0.214621
v 0.530870 -0.555556 0.219894
v 0.477771 -0.555556 0.319236
v 0.518140 -0.611111 0.214621
v 0.477771 -0.555556 0.319236
v 0.466314 -0.611111 0.311581
v 0.547518 -0.388889 0.226789
v 0.548947 -0.333333 0.227381
v 0.494039 -0.333333 0.330106
v 0.547518 -0.388889 0.226789
v 0.494039 -0.333333 0.330106
v 0.492753 -0.388889 0.329247
v 0.538645 -0.166667 0.223114
v 0.529947 -0.111111 0.219511
v 0.476939 -0.111111 0.318681
v 0.538645 -0.166667 0.223114
v 0.476939 -0.111111 0.318681
v 0.484768 -0.166667 0.323911
v 0.486452 0.055556 0.201495
v 0.469886 0.111111 0.194633
v 0.422887 0.111111 0.282564
v 0.486452 0.055556 0.201495
v 0.422887 0.111111 0.282564
v 0.437795 0.055556 0.292525
v 0.469886 0.111111 0.194633
v 0.405836 0.333333 0.168102
v 0.365243 0.333333 0.244047
v 0.469886 0.111111 0.194633
v 0.365243 0.333333 0.244047
v 0.422887 0.111111 0.282564
v 0.405836 0.333333 0.168102
v 0.344479 0.555556 0.142688
v 0.310023 0.555556 0.207151
v 0.405836 0.333333 0.168102
v 0.310023 0.555556 0.207151
v 0.365243 0.333333 0.244047
v 0.344479 0.555556 0.142688
v 0.284609 0.777778 0.117889
v 0.256142 0.777778 0.171148
v 0.344479 0.555556 0.142688
v 0.256142 0.777778 0.171148
v 0.310023 0.555556 0.207151
v 0.458837 -0.833333 0.091268
v 0.490393 -0.777778 0.097545
v 0.461940 -0.777778 0.191342
v 0.458837 -0.833333 0.091268
v 0.461940 -0.777778 0.191342
v 0.432215 -0.833333 0.179029
v 0.550054 -0.611111 0.109413
v 0.563569 -0.555556 0.112101
v 0.530870 -0.555556 0.219894
v 0.550054 -0.611111 0.109413
v 0.530870 -0.555556 0.219894
v 0.518140 -0.611111 0.214621
v 0.581242 -0.388889 0.115616
v 0.582759 -0.333333 0.115918
v 0.548947 -0.333333 0.227381
v 0.581242 -0.388889 0.115616
v 0.548947 -0.333333 0.227381
v 0.547518 -0.388889 0.226789
v 0.571823 -0.166667 0.113742
v 0.562588 -0.111111 0.111906
v 0.529947 -0.111111 0.219511
v 0.571823 -0.166667 0.113742
v 0.529947 -0.111111 0.219511
v 0.538645 -0.166667 0.223114
v 0.516415 0.055556 0.102721
v 0.498829 0.111111 0.099223
v 0.469886 0.111111 0.194633
v 0.516415 0.055556 0.102721
v 0.469886 0.111111 0.194633
v 0.486452 0.055556 0.201495
v 0.498829 0.111111 0.099223
v 0.430833 0.333333 0.085698
v 0.405836 0.333333 0.168102
v 0.498829 0.111111 0.099223
v 0.405836 0.333333 0.168102
v 0.469886 0.111111 0.194633
v 0.430833 0.333333 0.085698
v 0.365697 0.555556 0.072741
v 0.344479 0.555556 0.142688
v 0.430833 0.333333 0.085698
v 0.344479 0.555556 0.142688
v 0.405836 0.333333 0.168102
v 0.365697 0.555556 0.072741
v 0.302140 0.777778 0.060099
v 0.284609 0.777778 0.117889
v 0.365697 0.555556 0.072741
v 0.284609 0.777778 0.117889
v 0.344479 0.555556 0.142688
v 0.467826 -0.833333 0.000000
v 0.500000 -0.777778 0.000000
v 0.490393 -0.777778 0.097545
v 0.467826 -0.833333 0.000000
v 0.490393 -0.777778 0.097545
v 0.458837 -0.833333 0.091268
v 0.560831 -0.611111 -0.000000
v 0.574610 -0.555556 -0.000000
v 0.563569 -0.555556 0.112101
v 0.560831 -0.611111 -0.000000
v 0.563569 -0.555556 0.112101
v 0.550054 -0.611111 0.109413
v 0.592629 -0.388889 -0.000000
v 0.594176 -0.333333 -0.000000
v 0.582759 -0.333333 0.115918
v 0.592629 -0.388889 -0.000000
v 0.582759 -0.333333 0.115918
v 0.581242 -0.388889 0.115616
v 0.583025 -0.166667 -0.000000
v 0.573610 -0.111111 -0.000000
v 0.562588 -0.111111 0.111906
v 0.583025 -0.166667 -0.000000
v 0.562588 -0.111111 0.111906
v 0.571823 -0.166667 0.113742
v 0.526532 0.055556 -0.000000
v 0.508601 0.111111 -0.000000
v 0.498829 0.111111 0.099223
v 0.526532 0.055556 -0.000000
v 0.498829 0.111111 0.099223
v 0.516415 0.055556 0.102721
v 0.508601 0.111111 -0.000000
v 0.439274 0.333333 -0.000000
v 0.430833 0.333333 0.085698
v 0.508601 0.111111 -0.000000
v 0.430833 0.333333 0.085698
v 0.498829 0.111111 0.099223
v 0.439274 0.333333 -0.000000
v 0.372861 0.555556 -0.000000
v 0.365697 0.555556 0.072741
v 0.439274 0.333333 -0.000000
v 0.365697 0.555556 0.072741
v 0.430833 0.333333 0.085698
v 0.372861 0.555556 -0.000000
v 0.308059 0.777778 -0.000000
v 0.302140 0.777778 0.060099
v 0.372861 0.555556 -0.000000
v 0.302140 0.777778 0.060099
v 0.365697 0.555556 0.072741
v 0.458837 -0.833333 -0.091268
v 0.490393 -0.777778 -0.097545
v 0.500000 -0.777778 0.000000
v 0.458837 -0.833333 -0.091268
v 0.500000 -0.777778 0.000000
v 0.467826 -0.833333 0.000000
v 0.550054 -0.611111 -0.109413
v 0.563569 -0.555556 -0.112101
v 0.574610 -0.555556 -0.000000
v 0.550054 -0.611111 -0.109413
v 0.574610 -0.555556 -0.000000
v 0.560831 -0.611111 -0.000000
v 0.581241 -0.388889 -0.115616
v 0.582759 -0.333333 -0.115918
v 0.594176 -0.333333 -0.000000
v 0.581241 -0.388889 -0.115616
v 0.594176 -0.333333 -0.000000
v 0.592629 -0.388889 -0.000000
v 0.571822 -0.166667 -0.113743
v 0.562588 -0.111111 -0.111906
v 0.573610 -0.111111 -0.000000
v 0.571822 -0.166667 -0.113743
v 0.573610 -0.111111 -0.000000
v 0.583025 -0.166667 -0.000000
v 0.516415 0.055556 -0.102721
v 0.498829 0.111111 -0.099223
v 0.508601 0.111111 -0.000000
v 0.516415 0.055556 -0.102721
v 0.508601 0.111111 -0.000000
v 0.526532 0.055556 -0.000000
v 0.498829 0.111111 -0.099223
v 0.430833 0.333333 -0.085698
v 0.439274 0.333333 -0.000000
v 0.498829 0.111111 -0.099223
v 0.439274 0.333333 -0.000000
v 0.508601 0.111111 -0.000000
v 0.430833 0.333333 -0.085698
v 0.365697 0.555556 -0.072742
v 0.372861 0.555556 -0.000000
v 0.430833 0.333333 -0.085698
v 0.372861 0.555556 -0.000000
v 0.439274 0.333333 -0.000000
v 0.365697 0.555556 -0.072742
v 0.302140 0.777778 -0.060100
v 0.308059 0.777778 -0.000000
v 0.365697 0.555556 -0.072742
v 0.308059 0.777778 -0.000000
v 0.372861 0.555556 -0.000000
v 0.432215 -0.833333 -0.179029
v 0.461940 -0.777778 -0.191342
v 0.490393 -0.777778 -0.097545
v 0.432215 -0.833333 -0.179029
v 0.490393 -0.777778 -0.097545
v 0.458837 -0.833333 -0.091268
v 0.518140 -0.611111 -0.214621
v 0.530870 -0.555556 -0.219894
v 0.563569 -0.555556 -0.112101
v 0.518140 -0.611111 -0.214621
v 0.563569 -0.555556 -0.112101
v 0.550054 -0.611111 -0.109413
v 0.547518 -0.388889 -0.226789
v 0.548947 -0.333333 -0.227381
v 0.582759 -0.333333 -0.115918
v 0.547518 -0.388889 -0.226789
v 0.582759 -0.333333 -0.115918
v 0.581241 -0.388889 -0.115616
v 0.538645 -0.166667 -0.223114
v 0.529947 -0.111111 -0.219511
v 0.562588 -0.111111 -0.111906
v 0.538645 -0.166667 -0.223114
v 0.562588 -0.111111 -0.111906
v 0.571822 -0.166667 -0.113743
v 0.486452 0.055556 -0.201495
v 0.469886 0.111111 -0.194633
v 0.498829 0.111111 -0.099223
v 0.486452 0.055556 -0.201495
v 0.498829 0.111111 -0.099223
v 0.516415 0.055556 -0.102721
v 0.469886 0.111111 -0.194633
v 0.405836 0.333333 -0.168103
v 0.430833 0.333333 -0.085698
v 0.469886 0.111111 -0.194633
v 0.430833 0.333333 -0.085698
v 0.498829 0.111111 -0.099223
v 0.405836 0.333333 -0.168103
v 0.344479 0.555556 -0.142688
v 0.365697 0.555556 -0.072742
v 0.405836 0.333333 -0.168103
v 0.365697 0.555556 -0.072742
v 0.430833 0.333333 -0.085698
v 0.344479 0.555556 -0.142688
v 0.284609 0.777778 -0.117889
v 0.302140 0.777778 -0.060100
v 0.344479 0.555556 -0.142688
v 0.302140 0.777778 -0.060100
v 0.365697 0.555556 -0.072742
v 0.388983 -0.833333 -0.259910
v 0.415735 -0.777778 -0.277785
v 0.461940 -0.777778 -0.191342
v 0.388983 -0.833333 -0.259910
v 0.461940 -0.777778 -0.191342
v 0.432215 -0.833333 -0.179029
v 0.466314 -0.611111 -0.311581
v 0.477771 -0.555556 -0.319236
v 0.530870 -0.555556 -0.219894
v 0.466314 -0.611111 -0.311581
v 0.530870 -0.555556 -0.219894
v 0.518140 -0.611111 -0.214621
v 0.492753 -0.388889 -0.329247
v 0.494039 -0.333333 -0.330106
v 0.548947 -0.333333 -0.227381
v 0.492753 -0.388889 -0.329247
v 0.548947 -0.333333 -0.227381
v 0.547518 -0.388889 -0.226789
v 0.484768 -0.166667 -0.323911
v 0.476939 -0.111111 -0.318681
v 0.529947 -0.111111 -0.219511
v 0.484768 -0.166667 -0.323911
v 0.529947 -0.111111 -0.219511
v 0.538645 -0.166667 -0.223114
v 0.437795 0.055555 -0.292526
v 0.422887 0.111111 -0.282564
v 0.469886 0.111111 -0.194633
v 0.437795 0.055555 -0.292526
v 0.469886 0.111111 -0.194633
v 0.486452 0.055556 -0.201495
v 0.422887 0.111111 -0.282564
v 0.365243 0.333333 -0.244047
v 0.405836 0.333333 -0.168103
v 0.422887 0.111111 -0.282564
v 0.405836 0.333333 -0.168103
v 0.469886 0.111111 -0.194633
v 0.365243 0.333333 -0.244047
v 0.310023 0.555555 -0.207151
v 0.344479 0.555556 -0.142688
v 0.365243 0.333333 -0.244047
v 0.344479 0.555556 -0.142688
v 0.405836 0.333333 -0.168103
v 0.310023 0.555555 -0.207151
v 0.256142 0.777778 -0.171149
v 0.284609 0.777778 -0.117889
v 0.310023 0.555555 -0.207151
v 0.284609 0.777778 -0.117889
v 0.344479 0.555556 -0.142688
v 0.330803 -0.833333 -0.330803
v 0.353553 -0.777778 -0.353553
v 0.415735 -0.777778 -0.277785
v 0.330803 -0.833333 -0.330803
v 0.415735 -0.777778 -0.277785
v 0.388983 -0.833333 -0.259910
v 0.396567 -0.611111 -0.396567
v 0.406311 -0.555556 -0.406311
v 0.477771 -0.555556 -0.319236
v 0.396567 -0.611111 -0.396567
v 0.477771 -0.555556 -0.319236
v 0.466314 -0.611111 -0.311581
v 0.419052 -0.388889 -0.419052
v 0.420146 -0.333333 -0.420146
v 0.494039 -0.333333 -0.330106
v 0.419052 -0.388889 -0.419052
v 0.494039 -0.333333 -0.330106
v 0.492753 -0.388889 -0.329247
v 0.412261 -0.166667 -0.412261
v 0.405604 -0.111111 -0.405604
v 0.476939 -0.111111 -0.318681
v 0.412261 -0.166667 -0.412261
v 0.476939 -0.111111 -0.318681
v 0.484768 -0.166667 -0.323911
v 0.372314 0.055555 -0.372314
v 0.359635 0.111111 -0.359636
v 0.422887 0.111111 -0.282564
v 0.372314 0.055555 -0.372314
v 0.422887 0.111111 -0.282564
v 0.437795 0.055555 -0.292526
v 0.359635 0.111111 -0.359636
v 0.310613 0.333333 -0.310613
v 0.365243 0.333333 -0.244047
v 0.359635 0.111111 -0.359636
v 0.365243 0.333333 -0.244047
v 0.422887 0.111111 -0.282564
v 0.310613 0.333333 -0.310613
v 0.263653 0.555555 -0.263653
v 0.310023 0.555555 -0.207151
v 0.310613 0.333333 -0.310613
v 0.310023 0.555555 -0.207151
v 0.365243 0.333333 -0.244047
v 0.263653 0.555555 -0.263653
v 0.217831 0.777778 -0.217831
v 0.256142 0.777778 -0.171149
v 0.263653 0.555555 -0.263653
v 0.256142 0.777778 -0.171149
v 0.310023 0.555555 -0.207151
v 0.259910 -0.833333 -0.388983
v 0.277785 -0.777778 -0.415735
v 0.353553 -0.777778 -0.353553
v 0.259910 -0.833333 -0.388983
v 0.353553 -0.777778 -0.353553
v 0.330803 -0.833333 -0.330803
v 0.311581 -0.611111 -0.466314
v 0.319236 -0.555556 -0.477771
v 0.406311 -0.555556 -0.406311
v 0.311581 -0.611111 -0.466314
v 0.406311 -0.555556 -0.406311
v 0.396567 -0.611111 -0.396567
v 0.329247 -0.388889 -0.492753
v 0.330106 -0.333333 -0.494039
v 0.420146 -0.333333 -0.420146
v 0.329247 -0.388889 -0.492753
v 0.420146 -0.333333 -0.420146
v 0.419052 -0.388889 -0.419052
v 0.323911 -0.166667 -0.484768
v 0.318681 -0.111111 -0.476939
v 0.405604 -0.111111 -0.405604
v 0.323911 -0.166667 -0.484768
v 0.405604 -0.111111 -0.405604
v 0.412261 -0.166667 -0.412261
v 0.292526 0.055555 -0.437795
v 0.282564 0.111111 -0.422887
v 0.359635 0.111111 -0.359636
v 0.292526 0.055555 -0.437795
v 0.359635 0.111111 -0.359636
v 0.372314 0.055555 -0.372314
v 0.282564 0.111111 -0.422887
v 0.244047 0.333333 -0.365243
v 0.310613 0.333333 -0.310613
v 0.282564 0.111111 -0.422887
v 0.310613 0.333333 -0.310613
v 0.359635 0.111111 -0.359636
v 0.244047 0.333333 -0.365243
v 0.207151 0.555555 -0.310023
v 0.263653 0.555555 -0.263653
v 0.244047 0.333333 -0.365243
v 0.263653 0.555555 -0.263653
v 0.310613 0.333333 -0.310613
v 0.207151 0.555555 -0.310023
v 0.171148 0.777778 -0.256142
v 0.217831 0.777778 -0.217831
v 0.207151 0.555555 -0.310023
v 0.217831 0.777778 -0.217831
v 0.263653 0.555555 -0.263653
v 0.179029 -0.833333 -0.432215
v 0.191342 -0.777778 -0.461940
v 0.277785 -0.777778 -0.415735
v 0.179029 -0.833333 -0.432215
v 0.277785 -0.777778 -0.415735
v 0.259910 -0.833333 -0.388983
v 0.214621 -0.611111 -0.518140
v 0.219894 -0.555556 -0.530870
v 0.319236 -0.555556 -0.477771
v 0.214621 -0.611111 -0.518140
v 0.319236 -0.555556 -0.477771
v 0.311581 -0.611111 -0.466314
v 0.226789 -0.388889 -0.547518
v 0.227381 -0.333333 -0.548947
v 0.330106 -0.333333 -0.494039
v 0.226789 -0.388889 -0.547518
v 0.330106 -0.333333 -0.494039
v 0.329247 -0.388889 -0.492753
v 0.223114 -0.166667 -0.538645
v 0.219511 -0.111111 -0.529947
v 0.318681 -0.111111 -0.476939
v 0.223114 -0.166667 -0.538645
v 0.318681 -0.111111 -0.476939
v 0.323911 -0.166667 -0.484768
v 0.201495 0.055555 -0.486452
v 0.194633 0.111111 -0.469887
v 0.282564 0.111111 -0.422887
v 0.201495 0.055555 -0.486452
v 0.282564 0.111111 -0.422887
v 0.292526 0.055555 -0.437795
v 0.194633 0.111111 -0.469887
v 0.168103 0.333333 -0.405836
v 0.244047 0.333333 -0.365243
v 0.194633 0.111111 -0.469887
v 0.244047 0.333333 -0.365243
v 0.282564 0.111111 -0.422887
v 0.168103 0.333333 -0.405836
v 0.142688 0.555555 -0.344479
v 0.207151 0.555555 -0.310023
v 0.168103 0.333333 -0.405836
v 0.207151 0.555555 -0.310023
v 0.244047 0.333333 -0.365243
v 0.142688 0.555555 -0.344479
v 0.117889 0.777778 -0.284610
v 0.171148 0.777778 -0.256142
v 0.142688 0.555555 -0.344479
v 0.171148 0.777778 -0.256142
v 0.207151 0.555555 -0.310023
v 0.091268 -0.833333 -0.458837
v 0.097545 -0.777778 -0.490393
v 0.191342 -0.777778 -0.461940
v 0.091268 -0.833333 -0.458837
v 0.191342 -0.777778 -0.461940
v 0.179029 -0.833333 -0.432215
v 0.109413 -0.611111 -0.550054
v 0.112101 -0.555556 -0.563569
v 0.219894 -0.555556 -0.530870
v 0.109413 -0.611111 -0.550054
v 0.219894 -0.555556 -0.530870
v 0.214621 -0.611111 -0.518140
v 0.115616 -0.388889 -0.581241
v 0.115918 -0.333333 -0.582759
v 0.227381 -0.333333 -0.548947
v 0.115616 -0.388889 -0.581241
v 0.227381 -0.333333 -0.548947
v 0.226789 -0.388889 -0.547518
v 0.113743 -0.166667 -0.571823
v 0.111906 -0.111111 -0.562588
v 0.219511 -0.111111 -0.529947
v 0.113743 -0.166667 -0.571823
v 0.219511 -0.111111 -0.529947
v 0.223114 -0.166667 -0.538645
v 0.102721 0.055555 -0.516415
v 0.099223 0.111111 -0.498829
v 0.194633 0.111111 -0.469887
v 0.102721 0.055555 -0.516415
v 0.194633 0.111111 -0.469887
v 0.201495 0.055555 -0.486452
v 0.099223 0.111111 -0.498829
v 0.085698 0.333333 -0.430833
v 0.168103 0.333333 -0.405836
v 0.099223 0.111111 -0.498829
v 0.168103 0.333333 -0.405836
v 0.194633 0.111111 -0.469887
v 0.085698 0.333333 -0.430833
v 0.072742 0.555555 -0.365697
v 0.142688 0.555555 -0.344479
v 0.085698 0.333333 -0.430833
v 0.142688 0.555555 -0.344479
v 0.168103 0.333333 -0.405836
v 0.072742 0.555555 -0.365697
v 0.060099 0.777778 -0.302140
v 0.117889 0.777778 -0.284610
v 0.072742 0.555555 -0.365697
v 0.117889 0.777778 -0.284610
v 0.142688 0.555555 -0.344479
v -0.000000 -0.833333 -0.467826
v -0.000000 -0.777778 -0.500000
v 0.097545 -0.777778 -0.490393
v -0.000000 -0.833333 -0.467826
v 0.097545 -0.777778 -0.490393
v 0.091268 -0.833333 -0.458837
v -0.000000 -0.611111 -0.560831
v -0.000000 -0.555556 -0.574610
v 0.112101 -0.555556 -0.563569
v -0.000000 -0.611111 -0.560831
v 0.112101 -0.555556 -0.563569
v 0.109413 -0.611111 -0.550054
v -0.000000 -0.388889 -0.592629
v -0.000000 -0.333333 -0.594176
v 0.115918 -0.333333 -0.582759
v -0.000000 -0.388889 -0.592629
v 0.115918 -0.333333 -0.582759
v 0.115616 -0.388889 -0.581241
v -0.000000 -0.166667 -0.583025
v -0.000000 -0.111111 -0.573610
v 0.111906 -0.111111 -0.562588
v -0.000000 -0.166667 -0.583025
v 0.111906 -0.111111 -0.562588
v 0.113743 -0.166667 -0.571823
v -0.000000 0.055555 -0.526532
v -0.000000 0.111111 -0.508601
v 0.099223 0.111111 -0.498829
v -0.000000 0.055555 -0.526532
v 0.099223 0.111111 -0.498829
v 0.102721 0.055555 -0.516415
v -0.000000 0.111111 -0.508601
v -0.000000 0.333333 -0.439274
v 0.085698 0.333333 -0.430833
v -0.000000 0.111111 -0.508601
v 0.085698 0.333333 -0.430833
v 0.099223 0.111111 -0.498829
v -0.000000 0.333333 -0.439274
v -0.000000 0.555555 -0.372862
v 0.072742 0.555555 -0.365697
v -0.000000 0.333333 -0.439274
v 0.072742 0.555555 -0.365697
v 0.085698 0.333333 -0.430833
v -0.000000 0.555555 -0.372862
v -0.000000 0.777778 -0.308059
v 0.060099 0.777778 -0.302140
v -0.000000 0.555555 -0.372862
v 0.060099 0.777778 -0.302140
v 0.072742 0.555555 -0.365697
v -0.060099 0.777778 -0.302140
v -0.054947 0.888889 -0.276239
v -0.000000 0.888889 -0.281651
v -0.060099 0.777778 -0.302140
v -0.000000 0.888889 -0.281651
v -0.000000 0.777778 -0.308059
v -0.117889 0.777778 -0.284610
v -0.107782 0.888889 -0.260211
v -0.054947 0.888889 -0.276239
v -0.117889 0.777778 -0.284610
v -0.054947 0.888889 -0.276239
v -0.060099 0.777778 -0.302140
v -0.171148 0.777778 -0.256142
v -0.156476 0.888889 -0.234184
v -0.107782 0.888889 -0.260211
v -0.171148 0.777778 -0.256142
v -0.107782 0.888889 -0.260211
v -0.117889 0.777778 -0.284610
v -0.217830 0.777778 -0.217831
v -0.199157 0.888889 -0.199157
v -0.156476 0.888889 -0.234184
v -0.217830 0.777778 -0.217831
v -0.156476 0.888889 -0.234184
v -0.171148 0.777778 -0.256142
v -0.256141 0.777778 -0.171149
v -0.234183 0.888889 -0.156477
v -0.199157 0.888889 -0.199157
v -0.256141 0.777778 -0.171149
v -0.199157 0.888889 -0.199157
v -0.217830 0.777778 -0.217831
v -0.284609 0.777778 -0.117890
v -0.260211 0.888889 -0.107783
v -0.234183 0.888889 -0.156477
v -0.284609 0.777778 -0.117890
v -0.234183 0.888889 -0.156477
v -0.256141 0.777778 -0.171149
v -0.302140 0.777778 -0.060100
v -0.276238 0.888889 -0.054948
v -0.260211 0.888889 -0.107783
v -0.302140 0.777778 -0.060100
v -0.260211 0.888889 -0.107783
v -0.284609 0.777778 -0.117890
v -0.308059 0.777778 -0.000001
v -0.281650 0.888889 -0.000001
v -0.276238 0.888889 -0.054948
v -0.308059 0.777778 -0.000001
v -0.276238 0.888889 -0.054948
v -0.302140 0.777778 -0.060100
v -0.302140 0.777778 0.060099
v -0.276238 0.888889 0.054947
v -0.281650 0.888889 -0.000001
v -0.302140 0.777778 0.060099
v -0.281650 0.888889 -0.000001
v -0.308059 0.777778 -0.000001
v -0.284610 0.777778 0.117889
v -0.260211 0.888889 0.107782
v -0.276238 0.888889 0.054947
v -0.284610 0.777778 0.117889
v -0.276238 0.888889 0.054947
v -0.302140 0.777778 0.060099
v -0.256142 0.777778 0.171148
v -0.234184 0.888889 0.156476
v -0.260211 0.888889 0.107782
v -0.256142 0.777778 0.171148
v -0.260211 0.888889 0.107782
v -0.284610 0.777778 0.117889
v -0.217831 0.777778 0.217830
v -0.199157 0.888889 0.199156
v -0.234184 0.888889 0.156476
v -0.217831 0.777778 0.217830
v -0.234184 0.888889 0.156476
v -0.256142 0.777778 0.171148
v -0.171149 0.777778 0.256141
v -0.156477 0.888889 0.234183
v -0.199157 0.888889 0.199156
v -0.171149 0.777778 0.256141
v -0.199157 0.888889 0.199156
v -0.217831 0.777778 0.217830
v -0.117889 0.777778 0.284609
v -0.107783 0.888889 0.260211
v -0.156477 0.888889 0.234183
v -0.117889 0.777778 0.284609
v -0.156477 0.888889 0.234183
v -0.171149 0.777778 0.256141
v -0.060099 0.777778 0.302139
v -0.054947 0.888889 0.276238
v -0.107783 0.888889 0.260211
v -0.060099 0.777778 0.302139
v -0.107783 0.888889 0.260211
v -0.117889 0.777778 0.284609
v -0.000000 0.777778 0.308059
v -0.000000 0.888889 0.281650
v -0.054947 0.888889 0.276238
v -0.000000 0.777778 0.308059
v -0.054947 0.888889 0.276238
v -0.060099 0.777778 0.302139
v 0.060099 0.777778 0.302139
v 0.054947 0.888889 0.276238
v -0.000000 0.888889 0.281650
v 0.060099 0.777778 0.302139
v -0.000000 0.888889 0.281650
v -0.000000 0.777778 0.308059
v 0.117889 0.777778 0.284609
v 0.107783 0.888889 0.260211
v 0.054947 0.888889 0.276238
v 0.117889 0.777778 0.284609
v 0.054947 0.888889 0.276238
v 0.060099 0.777778 0.302139
v 0.171148 0.777778 0.256141
v 0.156476 0.888889 0.234183
v 0.107783 0.888889 0.260211
v 0.171148 0.777778 0.256141
v 0.107783 0.888889 0.260211
v 0.117889 0.777778 0.284609
v 0.217831 0.777778 0.217830
v 0.199157 0.888889 0.199156
v 0.156476 0.888889 0.234183
v 0.217831 0.777778 0.217830
v 0.156476 0.888889 0.234183
v 0.171148 0.777778 0.256141
v 0.256142 0.777778 0.171148
v 0.234184 0.888889 0.156476
v 0.199157 0.888889 0.199156
v 0.256142 0.777778 0.171148
v 0.199157 0.888889 0.199156
v 0.217831 0.777778 0.217830
v 0.284609 0.777778 0.117889
v 0.260211 0.888889 0.107783
v 0.234184 0.888889 0.156476
v 0.284609 0.777778 0.117889
v 0.234184 0.888889 0.156476
v 0.256142 0.777778 0.171148
v 0.302140 0.777778 0.060099
v 0.276238 0.888889 0.054947
v 0.260211 0.888889 0.107783
v 0.302140 0.777778 0.060099
v 0.260211 0.888889 0.107783
v 0.284609 0.777778 0.117889
v 0.308059 0.777778 -0.000000
v 0.281650 0.888889 -0.000000
v 0.276238 0.888889 0.054947
v 0.308059 0.777778 -0.000000
v 0.276238 0.888889 0.054947
v 0.302140 0.777778 0.060099
v 0.302140 0.777778 -0.060100
v 0.276238 0.888889 -0.054948
v 0.281650 0.888889 -0.000000
v 0.302140 0.777778 -0.060100
v 0.281650 0.888889 -0.000000
v 0.308059 0.777778 -0.000000
v 0.284609 0.777778 -0.117889
v 0.260211 0.888889 -0.107783
v 0.276238 0.888889 -0.054948
v 0.284609 0.777778 -0.117889
v 0.276238 0.888889 -0.054948
v 0.302140 0.777778 -0.060100
v 0.256142 0.777778 -0.171149
v 0.234184 0.888889 -0.156477
v 0.260211 0.888889 -0.107783
v 0.256142 0.777778 -0.171149
v 0.260211 0.888889 -0.107783
v 0.284609 0.777778 -0.117889
v 0.217831 0.777778 -0.217831
v 0.199157 0.888889 -0.199157
v 0.234184 0.888889 -0.156477
v 0.217831 0.777778 -0.217831
v 0.234184 0.888889 -0.156477
v 0.256142 0.777778 -0.171149
v 0.171148 0.777778 -0.256142
v 0.156476 0.888889 -0.234184
v 0.199157 0.888889 -0.199157
v 0.171148 0.777778 -0.256142
v 0.199157 0.888889 -0.199157
v 0.217831 0.777778 -0.217831
v 0.117889 0.777778 -0.284610
v 0.107783 0.888889 -0.260211
v 0.156476 0.888889 -0.234184
v 0.117889 0.777778 -0.284610
v 0.156476 0.888889 -0.234184
v 0.171148 0.777778 -0.256142
v 0.060099 0.777778 -0.302140
v 0.054947 0.888889 -0.276239
v 0.107783 0.888889 -0.260211
v 0.060099 0.777778 -0.302140
v 0.107783 0.888889 -0.260211
v 0.117889 0.777778 -0.284610
v -0.000000 0.777778 -0.308059
v -0.000000 0.888889 -0.281651
v 0.054947 0.888889 -0.276239
v -0.000000 0.777778 -0.308059
v 0.054947 0.888889 -0.276239
v 0.060099 0.777778 -0.302140
v -0.054889 0.930555 -0.275947
v -0.056573 0.944444 -0.284413
v -0.000000 0.944444 -0.289985
v -0.054889 0.930555 -0.275947
v -0.000000 0.944444 -0.289985
v -0.000000 0.930555 -0.281353
v -0.107668 0.930555 -0.259936
v -0.110972 0.944444 -0.267911
v -0.056573 0.944444 -0.284413
v -0.107668 0.930555 -0.259936
v -0.056573 0.944444 -0.284413
v -0.054889 0.930555 -0.275947
v -0.156311 0.930556 -0.233936
v -0.161107 0.944444 -0.241114
v -0.110972 0.944444 -0.267911
v -0.156311 0.930556 -0.233936
v -0.110972 0.944444 -0.267911
v -0.107668 0.930555 -0.259936
v -0.198946 0.930556 -0.198947
v -0.205050 0.944444 -0.205051
v -0.161107 0.944444 -0.241114
v -0.198946 0.930556 -0.198947
v -0.161107 0.944444 -0.241114
v -0.156311 0.930556 -0.233936
v -0.233936 0.930556 -0.156312
v -0.241113 0.944444 -0.161108
v -0.205050 0.944444 -0.205051
v -0.233936 0.930556 -0.156312
v -0.205050 0.944444 -0.205051
v -0.198946 0.930556 -0.198947
v -0.259935 0.930556 -0.107669
v -0.267911 0.944444 -0.110973
v -0.241113 0.944444 -0.161108
v -0.259935 0.930556 -0.107669
v -0.241113 0.944444 -0.161108
v -0.233936 0.930556 -0.156312
v -0.275946 0.930556 -0.054890
v -0.284413 0.944444 -0.056574
v -0.267911 0.944444 -0.110973
v -0.275946 0.930556 -0.054890
v -0.267911 0.944444 -0.110973
v -0.259935 0.930556 -0.107669
v -0.281352 0.930556 -0.000001
v -0.289985 0.944444 -0.000001
v -0.284413 0.944444 -0.056574
v -0.281352 0.930556 -0.000001
v -0.284413 0.944444 -0.056574
v -0.275946 0.930556 -0.054890
v -0.275946 0.930556 0.054889
v -0.284413 0.944444 0.056573
v -0.289985 0.944444 -0.000001
v -0.275946 0.930556 0.054889
v -0.289985 0.944444 -0.000001
v -0.281352 0.930556 -0.000001
v -0.259936 0.930556 0.107668
v -0.267911 0.944444 0.110972
v -0.284413 0.944444 0.056573
v -0.259936 0.930556 0.107668
v -0.284413 0.944444 0.056573
v -0.275946 0.930556 0.054889
v -0.233936 0.930556 0.156311
v -0.241114 0.944444 0.161106
v -0.267911 0.944444 0.110972
v -0.233936 0.930556 0.156311
v -0.267911 0.944444 0.110972
v -0.259936 0.930556 0.107668
v -0.198946 0.930556 0.198946
v -0.205050 0.944444 0.205050
v -0.241114 0.944444 0.161106
v -0.198946 0.930556 0.198946
v -0.241114 0.944444 0.161106
v -0.233936 0.930556 0.156311
v -0.156311 0.930556 0.233936
v -0.161107 0.944444 0.241113
v -0.205050 0.944444 0.205050
v -0.156311 0.930556 0.233936
v -0.205050 0.944444 0.205050
v -0.198946 0.930556 0.198946
v -0.107669 0.930556 0.259935
v -0.110973 0.944444 0.267911
v -0.161107 0.944444 0.241113
v -0.107669 0.930556 0.259935
v -0.161107 0.944444 0.241113
v -0.156311 0.930556 0.233936
v -0.054889 0.930556 0.275946
v -0.056573 0.944444 0.284412
v -0.110973 0.944444 0.267911
v -0.054889 0.930556 0.275946
v -0.110973 0.944444 0.267911
v -0.107669 0.930556 0.259935
v -0.000000 0.930556 0.281352
v -0.000000 0.944444 0.289984
v -0.056573 0.944444 0.284412
v -0.000000 0.930556 0.281352
v -0.056573 0.944444 0.284412
v -0.054889 0.930556 0.275946
v 0.054889 0.930556 0.275946
v 0.056573 0.944444 0.284413
v -0.000000 0.944444 0.289984
v 0.054889 0.930556 0.275946
v -0.000000 0.944444 0.289984
v -0.000000 0.930556 0.281352
v 0.107669 0.930556 0.259935
v 0.110972 0.944444 0.267911
v 0.056573 0.944444 0.284413
v 0.107669 0.930556 0.259935
v 0.056573 0.944444 0.284413
v 0.054889 0.930556 0.275946
v 0.156311 0.930556 0.233936
v 0.161107 0.944444 0.241113
v 0.110972 0.944444 0.267911
v 0.156311 0.930556 0.233936
v 0.110972 0.944444 0.267911
v 0.107669 0.930556 0.259935
v 0.198946 0.930556 0.198946
v 0.205050 0.944444 0.205050
v 0.161107 0.944444 0.241113
v 0.198946 0.930556 0.198946
v 0.161107 0.944444 0.241113
v 0.156311 0.930556 0.233936
v 0.233936 0.930556 0.156311
v 0.241114 0.944444 0.161107
v 0.205050 0.944444 0.205050
v 0.233936 0.930556 0.156311
v 0.205050 0.944444 0.205050
v 0.198946 0.930556 0.198946
v 0.259936 0.930556 0.107669
v 0.267911 0.944444 0.110972
v 0.241114 0.944444 0.161107
v 0.259936 0.930556 0.107669
v 0.241114 0.944444 0.161107
v 0.233936 0.930556 0.156311
v 0.275946 0.930556 0.054889
v 0.284413 0.944444 0.056573
v 0.267911 0.944444 0.110972
v 0.275946 0.930556 0.054889
v 0.267911 0.944444 0.110972
v 0.259936 0.930556 0.107669
v 0.281352 0.930556 -0.000000
v 0.289985 0.944444 -0.000000
v 0.284413 0.944444 0.056573
v 0.281352 0.930556 -0.000000
v 0.284413 0.944444 0.056573
v 0.275946 0.930556 0.054889
v 0.275946 0.930556 -0.054889
v 0.284413 0.944444 -0.056574
v 0.289985 0.944444 -0.000000
v 0.275946 0.930556 -0.054889
v 0.289985 0.944444 -0.000000
v 0.281352 0.930556 -0.000000
v 0.259936 0.930556 -0.107669
v 0.267911 0.944444 -0.110973
v 0.284413 0.944444 -0.056574
v 0.259936 0.930556 -0.107669
v 0.284413 0.944444 -0.056574
v 0.275946 0.930556 -0.054889
v 0.233936 0.930556 -0.156311
v 0.241114 0.944444 -0.161107
v 0.267911 0.944444 -0.110973
v 0.233936 0.930556 -0.156311
v 0.267911 0.944444 -0.110973
v 0.259936 0.930556 -0.107669
v 0.198946 0.930556 -0.198946
v 0.205050 0.944444 -0.205051
v 0.241114 0.944444 -0.161107
v 0.198946 0.930556 -0.198946
v 0.241114 0.944444 -0.161107
v 0.233936 0.930556 -0.156311
v 0.156311 0.930556 -0.233936
v 0.161107 0.944444 -0.241114
v 0.205050 0.944444 -0.205051
v 0.156311 0.930556 -0.233936
v 0.205050 0.944444 -0.205051
v 0.198946 0.930556 -0.198946
v 0.107669 0.930555 -0.259936
v 0.110972 0.944444 -0.267911
v 0.161107 0.944444 -0.241114
v 0.107669 0.930555 -0.259936
v 0.161107 0.944444 -0.241114
v 0.156311 0.930556 -0.233936
v 0.054889 0.930555 -0.275946
v 0.056573 0.944444 -0.284413
v 0.110972 0.944444 -0.267911
v 0.054889 0.930555 -0.275946
v 0.110972 0.944444 -0.267911
v 0.107669 0.930555 -0.259936
v -0.000000 0.930555 -0.281353
v -0.000000 0.944444 -0.289985
v 0.056573 0.944444 -0.284413
v -0.000000 0.930555 -0.281353
v 0.056573 0.944444 -0.284413
v 0.054889 0.930555 -0.275946
v -0.055870 0.965278 -0.280881
v -0.055075 0.972222 -0.276885
v -0.000000 0.972222 -0.282310
v -0.055870 0.965278 -0.280881
v -0.000000 0.972222 -0.282310
v -0.000000 0.965278 -0.286384
v -0.109594 0.965278 -0.264584
v -0.108035 0.972222 -0.260820
v -0.055075 0.972222 -0.276885
v -0.109594 0.965278 -0.264584
v -0.055075 0.972222 -0.276885
v -0.055870 0.965278 -0.280881
v -0.159106 0.965278 -0.238120
v -0.156842 0.972222 -0.234732
v -0.108035 0.972222 -0.260820
v -0.159106 0.965278 -0.238120
v -0.108035 0.972222 -0.260820
v -0.109594 0.965278 -0.264584
v -0.202503 0.965278 -0.202504
v -0.199623 0.972222 -0.199623
v -0.156842 0.972222 -0.234732
v -0.202503 0.965278 -0.202504
v -0.156842 0.972222 -0.234732
v -0.159106 0.965278 -0.238120
v -0.238119 0.965278 -0.159107
v -0.234732 0.972222 -0.156843
v -0.199623 0.972222 -0.199623
v -0.238119 0.965278 -0.159107
v -0.199623 0.972222 -0.199623
v -0.202503 0.965278 -0.202504
v -0.264584 0.965278 -0.109595
v -0.260820 0.972222 -0.108036
v -0.234732 0.972222 -0.156843
v -0.264584 0.965278 -0.109595
v -0.234732 0.972222 -0.156843
v -0.238119 0.965278 -0.159107
v -0.280881 0.965278 -0.055871
v -0.276885 0.972222 -0.055076
v -0.260820 0.972222 -0.108036
v -0.280881 0.965278 -0.055871
v -0.260820 0.972222 -0.108036
v -0.264584 0.965278 -0.109595
v -0.286383 0.965278 -0.000001
v -0.282309 0.972222 -0.000001
v -0.276885 0.972222 -0.055076
v -0.286383 0.965278 -0.000001
v -0.276885 0.972222 -0.055076
v -0.280881 0.965278 -0.055871
v -0.280881 0.965278 0.055870
v -0.276885 0.972222 0.055075
v -0.282309 0.972222 -0.000001
v -0.280881 0.965278 0.055870
v -0.282309 0.972222 -0.000001
v -0.286383 0.965278 -0.000001
v -0.264584 0.965278 0.109594
v -0.260820 0.972222 0.108035
v -0.276885 0.972222 0.055075
v -0.264584 0.965278 0.109594
v -0.276885 0.972222 0.055075
v -0.280881 0.965278 0.055870
v -0.238119 0.965278 0.159106
v -0.234732 0.972222 0.156842
v -0.260820 0.972222 0.108035
v -0.238119 0.965278 0.159106
v -0.260820 0.972222 0.108035
v -0.264584 0.965278 0.109594
v -0.202504 0.965278 0.202503
v -0.199623 0.972222 0.199623
v -0.234732 0.972222 0.156842
v -0.202504 0.965278 0.202503
v -0.234732 0.972222 0.156842
v -0.238119 0.965278 0.159106
v -0.159106 0.965278 0.238119
v -0.156843 0.972222 0.234731
v -0.199623 0.972222 0.199623
v -0.159106 0.965278 0.238119
v -0.199623 0.972222 0.199623
v -0.202504 0.965278 0.202503
v -0.109594 0.965278 0.264583
v -0.108035 0.972222 0.260820
v -0.156843 0.972222 0.234731
v -0.109594 0.965278 0.264583
v -0.156843 0.972222 0.234731
v -0.159106 0.965278 0.238119
v -0.055871 0.965278 0.280880
v -0.055076 0.972222 0.276885
v -0.108035 0.972222 0.260820
v -0.055871 0.965278 0.280880
v -0.108035 0.972222 0.260820
v -0.109594 0.965278 0.264583
v -0.000000 0.965278 0.286383
v -0.000000 0.972222 0.282309
v -0.055076 0.972222 0.276885
v -0.000000 0.965278 0.286383
v -0.055076 0.972222 0.276885
v -0.055871 0.965278 0.280880
v 0.055871 0.965278 0.280880
v 0.055076 0.972222 0.276885
v -0.000000 0.972222 0.282309
v 0.055871 0.965278 0.280880
v -0.000000 0.972222 0.282309
v -0.000000 0.965278 0.286383
v 0.109594 0.965278 0.264584
v 0.108035 0.972222 0.260820
v 0.055076 0.972222 0.276885
v 0.109594 0.965278 0.264584
v 0.055076 0.972222 0.276885
v 0.055871 0.965278 0.280880
v 0.159106 0.965278 0.238119
v 0.156843 0.972222 0.234731
v 0.108035 0.972222 0.260820
v 0.159106 0.965278 0.238119
v 0.108035 0.972222 0.260820
v 0.109594 0.965278 0.264584
v 0.202504 0.965278 0.202503
v 0.199623 0.972222 0.199623
v 0.156843 0.972222 0.234731
v 0.202504 0.965278 0.202503
v 0.156843 0.972222 0.234731
v 0.159106 0.965278 0.238119
v 0.238119 0.965278 0.159106
v 0.234732 0.972222 0.156842
v 0.199623 0.972222 0.199623
v 0.238119 0.965278 0.159106
v 0.199623 0.972222 0.199623
v 0.202504 0.965278 0.202503
v 0.264584 0.965278 0.109594
v 0.260820 0.972222 0.108035
v 0.234732 0.972222 0.156842
v 0.264584 0.965278 0.109594
v 0.234732 0.972222 0.156842
v 0.238119 0.965278 0.159106
v 0.280881 0.965278 0.055870
v 0.276885 0.972222 0.055076
v 0.260820 0.972222 0.108035
v 0.280881 0.965278 0.055870
v 0.260820 0.972222 0.108035
v 0.264584 0.965278 0.109594
v 0.286383 0.965278 -0.000000
v 0.282310 0.972222 -0.000000
v 0.276885 0.972222 0.055076
v 0.286383 0.965278 -0.000000
v 0.276885 0.972222 0.055076
v 0.280881 0.965278 0.055870
v 0.280881 0.965278 -0.055871
v 0.276885 0.972222 -0.055076
v 0.282310 0.972222 -0.000000
v 0.280881 0.965278 -0.055871
v 0.282310 0.972222 -0.000000
v 0.286383 0.965278 -0.000000
v 0.264584 0.965278 -0.109595
v 0.260820 0.972222 -0.108035
v 0.276885 0.972222 -0.055076
v 0.264584 0.965278 -0.109595
v 0.276885 0.972222 -0.055076
v 0.280881 0.965278 -0.055871
v 0.238119 0.965278 -0.159106
v 0.234732 0.972222 -0.156843
v 0.260820 0.972222 -0.108035
v 0.238119 0.965278 -0.159106
v 0.260820 0.972222 -0.108035
v 0.264584 0.965278 -0.109595
v 0.202504 0.965278 -0.202504
v 0.199623 0.972222 -0.199623
v 0.234732 0.972222 -0.156843
v 0.202504 0.965278 -0.202504
v 0.234732 0.972222 -0.156843
v 0.238119 0.965278 -0.159106
v 0.159106 0.965278 -0.238119
v 0.156843 0.972222 -0.234732
v 0.199623 0.972222 -0.199623
v 0.159106 0.965278 -0.238119
v 0.199623 0.972222 -0.199623
v 0.202504 0.965278 -0.202504
v 0.109594 0.965278 -0.264584
v 0.108035 0.972222 -0.260820
v 0.156843 0.972222 -0.234732
v 0.109594 0.965278 -0.264584
v 0.156843 0.972222 -0.234732
v 0.159106 0.965278 -0.238119
v 0.055871 0.965278 -0.280881
v 0.055076 0.972222 -0.276885
v 0.108035 0.972222 -0.260820
v 0.055871 0.965278 -0.280881
v 0.108035 0.972222 -0.260820
v 0.109594 0.965278 -0.264584
v -0.000000 0.965278 -0.286384
v -0.000000 0.972222 -0.282310
v 0.055076 0.972222 -0.276885
v -0.000000 0.965278 -0.286384
v 0.055076 0.972222 -0.276885
v 0.055871 0.965278 -0.280881
v -0.000000 0.902778 -0.278086
v -0.000000 0.916667 -0.276867
v 0.054014 0.916667 -0.271547
v -0.000000 0.902778 -0.278086
v 0.054014 0.916667 -0.271547
v 0.054252 0.902778 -0.272743
v 0.054252 0.902778 -0.272743
v 0.054014 0.916667 -0.271547
v 0.105952 0.916667 -0.255791
v 0.054252 0.902778 -0.272743
v 0.105952 0.916667 -0.255791
v 0.106419 0.902778 -0.256918
v 0.106419 0.902778 -0.256918
v 0.105952 0.916667 -0.255791
v 0.153819 0.916667 -0.230206
v 0.106419 0.902778 -0.256918
v 0.153819 0.916667 -0.230206
v 0.154496 0.902778 -0.231220
v 0.154496 0.902778 -0.231220
v 0.153819 0.916667 -0.230206
v 0.195774 0.916667 -0.195774
v 0.154496 0.902778 -0.231220
v 0.195774 0.916667 -0.195774
v 0.196636 0.902778 -0.196637
v 0.196636 0.902778 -0.196637
v 0.195774 0.916667 -0.195774
v 0.230206 0.916667 -0.153819
v 0.196636 0.902778 -0.196637
v 0.230206 0.916667 -0.153819
v 0.231220 0.902778 -0.154496
v 0.231220 0.902778 -0.154496
v 0.230206 0.916667 -0.153819
v 0.255791 0.916667 -0.105952
v 0.231220 0.902778 -0.154496
v 0.255791 0.916667 -0.105952
v 0.256918 0.902778 -0.106419
v 0.256918 0.902778 -0.106419
v 0.255791 0.916667 -0.105952
v 0.271547 0.916667 -0.054014
v 0.256918 0.902778 -0.106419
v 0.271547 0.916667 -0.054014
v 0.272743 0.902778 -0.054252
v 0.272743 0.902778 -0.054252
v 0.271547 0.916667 -0.054014
v 0.276866 0.916667 -0.000000
v 0.272743 0.902778 -0.054252
v 0.276866 0.916667 -0.000000
v 0.278086 0.902778 -0.000000
v 0.278086 0.902778 -0.000000
v 0.276866 0.916667 -0.000000
v 0.271547 0.916667 0.054014
v 0.278086 0.902778 -0.000000
v 0.271547 0.916667 0.054014
v 0.272743 0.902778 0.054252
v 0.272743 0.902778 0.054252
v 0.271547 0.916667 0.054014
v 0.255791 0.916667 0.105952
v 0.272743 0.902778 0.054252
v 0.255791 0.916667 0.105952
v 0.256918 0.902778 0.106419
v 0.256918 0.902778 0.106419
v 0.255791 0.916667 0.105952
v 0.230206 0.916667 0.153818
v 0.256918 0.902778 0.106419
v 0.230206 0.916667 0.153818
v 0.231220 0.902778 0.154496
v 0.231220 0.902778 0.154496
v 0.230206 0.916667 0.153818
v 0.195774 0.916667 0.195774
v 0.231220 0.902778 0.154496
v 0.195774 0.916667 0.195774
v 0.196636 0.902778 0.196636
v 0.196636 0.902778 0.196636
v 0.195774 0.916667 0.195774
v 0.153819 0.916667 0.230206
v 0.196636 0.902778 0.196636
v 0.153819 0.916667 0.230206
v 0.154496 0.902778 0.231220
v 0.154496 0.902778 0.231220
v 0.153819 0.916667 0.230206
v 0.105952 0.916667 0.255791
v 0.154496 0.902778 0.231220
v 0.105952 0.916667 0.255791
v 0.106419 0.902778 0.256918
v 0.106419 0.902778 0.256918
v 0.105952 0.916667 0.255791
v 0.054014 0.916667 0.271546
v 0.106419 0.902778 0.256918
v 0.054014 0.916667 0.271546
v 0.054252 0.902778 0.272742
v 0.054252 0.902778 0.272742
v 0.054014 0.916667 0.271546
v -0.000000 0.916667 0.276866
v 0.054252 0.902778 0.272742
v -0.000000 0.916667 0.276866
v -0.000000 0.902778 0.278086
v -0.000000 0.902778 0.278086
v -0.000000 0.916667 0.276866
v -0.054014 0.916667 0.271546
v -0.000000 0.902778 0.278086
v -0.054014 0.916667 0.271546
v -0.054252 0.902778 0.272742
v -0.054252 0.902778 0.272742
v -0.054014 0.916667 0.271546
v -0.105952 0.916667 0.255791
v -0.054252 0.902778 0.272742
v -0.105952 0.916667 0.255791
v -0.106419 0.902778 0.256917
v -0.106419 0.902778 0.256917
v -0.105952 0.916667 0.255791
v -0.153819 0.916667 0.230206
v -0.106419 0.902778 0.256917
v -0.153819 0.916667 0.230206
v -0.154496 0.902778 0.231220
v -0.154496 0.902778 0.231220
v -0.153819 0.916667 0.230206
v -0.195774 0.916667 0.195774
v -0.154496 0.902778 0.231220
v -0.195774 0.916667 0.195774
v -0.196637 0.902778 0.196636
v -0.196637 0.902778 0.196636
v -0.195774 0.916667 0.195774
v -0.230206 0.916667 0.153818
v -0.196637 0.902778 0.196636
v -0.230206 0.916667 0.153818
v -0.231220 0.902778 0.154496
v -0.231220 0.902778 0.154496
v -0.230206 0.916667 0.153818
v -0.255791 0.916667 0.105952
v -0.231220 0.902778 0.154496
v -0.255791 0.916667 0.105952
v -0.256918 0.902778 0.106418
v -0.256918 0.902778 0.106418
v -0.255791 0.916667 0.105952
v -0.271547 0.916667 0.054013
v -0.256918 0.902778 0.106418
v -0.271547 0.916667 0.054013
v -0.272743 0.902778 0.054251
v -0.272743 0.902778 0.054251
v -0.271547 0.916667 0.054013
v -0.276866 0.916667 -0.000001
v -0.272743 0.902778 0.054251
v -0.276866 0.916667 -0.000001
v -0.278086 0.902778 -0.000001
v -0.278086 0.902778 -0.000001
v -0.276866 0.916667 -0.000001
v -0.271546 0.916667 -0.054015
v -0.278086 0.902778 -0.000001
v -0.271546 0.916667 -0.054015
v -0.272742 0.902778 -0.054252
v -0.272742 0.902778 -0.054252
v -0.271546 0.916667 -0.054015
v -0.255791 0.916667 -0.105953
v -0.272742 0.902778 -0.054252
v -0.255791 0.916667 -0.105953
v -0.256918 0.902778 -0.106419
v -0.256918 0.902778 -0.106419
v -0.255791 0.916667 -0.105953
v -0.230206 0.916667 -0.153819
v -0.256918 0.902778 -0.106419
v -0.230206 0.916667 -0.153819
v -0.231220 0.902778 -0.154497
v -0.231220 0.902778 -0.154497
v -0.230206 0.916667 -0.153819
v -0.195774 0.916667 -0.195775
v -0.231220 0.902778 -0.154497
v -0.195774 0.916667 -0.195775
v -0.196636 0.902778 -0.196637
v -0.196636 0.902778 -0.196637
v -0.195774 0.916667 -0.195775
v -0.153818 0.916667 -0.230207
v -0.196636 0.902778 -0.196637
v -0.153818 0.916667 -0.230207
v -0.154496 0.902778 -0.231220
v -0.154496 0.902778 -0.231220
v -0.153818 0.916667 -0.230207
v -0.105952 0.916667 -0.255792
v -0.154496 0.902778 -0.231220
v -0.105952 0.916667 -0.255792
v -0.106418 0.902778 -0.256918
v -0.106418 0.902778 -0.256918
v -0.105952 0.916667 -0.255792
v -0.054014 0.916667 -0.271547
v -0.106418 0.902778 -0.256918
v -0.054014 0.916667 -0.271547
v -0.054251 0.902778 -0.272743
v -0.054251 0.902778 -0.272743
v -0.054014 0.916667 -0.271547
v -0.000000 0.916667 -0.276867
v -0.054251 0.902778 -0.272743
v -0.000000 0.916667 -0.276867
v -0.000000 0.902778 -0.278086
v -0.054947 0.888889 -0.276239
v -0.054251 0.902778 -0.272743
v -0.000000 0.902778 -0.278086
v -0.054947 0.888889 -0.276239
v -0.000000 0.902778 -0.278086
v -0.000000 0.888889 -0.281651
v -0.107782 0.888889 -0.260211
v -0.106418 0.902778 -0.256918
v -0.054251 0.902778 -0.272743
v -0.107782 0.888889 -0.260211
v -0.054251 0.902778 -0.272743
v -0.054947 0.888889 -0.276239
v -0.156476 0.888889 -0.234184
v -0.154496 0.902778 -0.231220
v -0.106418 0.902778 -0.256918
v -0.156476 0.888889 -0.234184
v -0.106418 0.902778 -0.256918
v -0.107782 0.888889 -0.260211
v -0.199157 0.888889 -0.199157
v -0.196636 0.902778 -0.196637
v -0.154496 0.902778 -0.231220
v -0.199157 0.888889 -0.199157
v -0.154496 0.902778 -0.231220
v -0.156476 0.888889 -0.234184
v -0.234183 0.888889 -0.156477
v -0.231220 0.902778 -0.154497
v -0.196636 0.902778 -0.196637
v -0.234183 0.888889 -0.156477
v -0.196636 0.902778 -0.196637
v -0.199157 0.888889 -0.199157
v -0.260211 0.888889 -0.107783
v -0.256918 0.902778 -0.106419
v -0.231220 0.902778 -0.154497
v -0.260211 0.888889 -0.107783
v -0.231220 0.902778 -0.154497
v -0.234183 0.888889 -0.156477
v -0.276238 0.888889 -0.054948
v -0.272742 0.902778 -0.054252
v -0.256918 0.902778 -0.106419
v -0.276238 0.888889 -0.054948
v -0.256918 0.902778 -0.106419
v -0.260211 0.888889 -0.107783
v -0.281650 0.888889 -0.000001
v -0.278086 0.902778 -0.000001
v -0.272742 0.902778 -0.054252
v -0.281650 0.888889 -0.000001
v -0.272742 0.902778 -0.054252
v -0.276238 0.888889 -0.054948
v -0.276238 0.888889 0.054947
v -0.272743 0.902778 0.054251
v -0.278086 0.902778 -0.000001
v -0.276238 0.888889 0.054947
v -0.278086 0.902778 -0.000001
v -0.281650 0.888889 -0.000001
v -0.260211 0.888889 0.107782
v -0.256918 0.902778 0.106418
v -0.272743 0.902778 0.054251
v -0.260211 0.888889 0.107782
v -0.272743 0.902778 0.054251
v -0.276238 0.888889 0.054947
v -0.234184 0.888889 0.156476
v -0.231220 0.902778 0.154496
v -0.256918 0.902778 0.106418
v -0.234184 0.888889 0.156476
v -0.256918 0.902778 0.106418
v -0.260211 0.888889 0.107782
v -0.199157 0.888889 0.199156
v -0.196637 0.902778 0.196636
v -0.231220 0.902778 0.154496
v -0.199157 0.888889 0.199156
v -0.231220 0.902778 0.154496
v -0.234184 0.888889 0.156476
v -0.156477 0.888889 0.234183
v -0.154496 0.902778 0.231220
v -0.196637 0.902778 0.196636
v -0.156477 0.888889 0.234183
v -0.196637 0.902778 0.196636
v -0.199157 0.888889 0.199156
v -0.107783 0.888889 0.260211
v -0.106419 0.902778 0.256917
v -0.154496 0.902778 0.231220
v -0.107783 0.888889 0.260211
v -0.154496 0.902778 0.231220
v -0.156477 0.888889 0.234183
v -0.054947 0.888889 0.276238
v -0.054252 0.902778 0.272742
v -0.106419 0.902778 0.256917
v -0.054947 0.888889 0.276238
v -0.106419 0.902778 0.256917
v -0.107783 0.888889 0.260211
v -0.000000 0.888889 0.281650
v -0.000000 0.902778 0.278086
v -0.054252 0.902778 0.272742
v -0.000000 0.888889 0.281650
v -0.054252 0.902778 0.272742
v -0.054947 0.888889 0.276238
v 0.054947 0.888889 0.276238
v 0.054252 0.902778 0.272742
v -0.000000 0.902778 0.278086
v 0.054947 0.888889 0.276238
v -0.000000 0.902778 0.278086
v -0.000000 0.888889 0.281650
v 0.107783 0.888889 0.260211
v 0.106419 0.902778 0.256918
v 0.054252 0.902778 0.272742
v 0.107783 0.888889 0.260211
v 0.054252 0.902778 0.272742
v 0.054947 0.888889 0.276238
v 0.156476 0.888889 0.234183
v 0.154496 0.902778 0.231220
v 0.106419 0.902778 0.256918
v 0.156476 0.888889 0.234183
v 0.106419 0.902778 0.256918
v 0.107783 0.888889 0.260211
v 0.199157 0.888889 0.199156
v 0.196636 0.902778 0.196636
v 0.154496 0.902778 0.231220
v 0.199157 0.888889 0.199156
v 0.154496 0.902778 0.231220
v 0.156476 0.888889 0.234183
v 0.234184 0.888889 0.156476
v 0.231220 0.902778 0.154496
v 0.196636 0.902778 0.196636
v 0.234184 0.888889 0.156476
v 0.196636 0.902778 0.196636
v 0.199157 0.888889 0.199156
v 0.260211 0.888889 0.107783
v 0.256918 0.902778 0.106419
v 0.231220 0.902778 0.154496
v 0.260211 0.888889 0.107783
v 0.231220 0.902778 0.154496
v 0.234184 0.888889 0.156476
v 0.276238 0.888889 0.054947
v 0.272743 0.902778 0.054252
v 0.256918 0.902778 0.106419
v 0.276238 0.888889 0.054947
v 0.256918 0.902778 0.106419
v 0.260211 0.888889 0.107783
v 0.281650 0.888889 -0.000000
v 0.278086 0.902778 -0.000000
v 0.272743 0.902778 0.054252
v 0.281650 0.888889 -0.000000
v 0.272743 0.902778 0.054252
v 0.276238 0.888889 0.054947
v 0.276238 0.888889 -0.054948
v 0.272743 0.902778 -0.054252
v 0.278086 0.902778 -0.000000
v 0.276238 0.888889 -0.054948
v 0.278086 0.902778 -0.000000
v 0.281650 0.888889 -0.000000
v 0.260211 0.888889 -0.107783
v 0.256918 0.902778 -0.106419
v 0.272743 0.902778 -0.054252
v 0.260211 0.888889 -0.107783
v 0.272743 0.902778 -0.054252
v 0.276238 0.888889 -0.054948
v 0.234184 0.888889 -0.156477
v 0.231220 0.902778 -0.154496
v 0.256918 0.902778 -0.106419
v 0.234184 0.888889 -0.156477
v 0.256918 0.902778 -0.106419
v 0.260211 0.888889 -0.107783
v 0.199157 0.888889 -0.199157
v 0.196636 0.902778 -0.196637
v 0.231220 0.902778 -0.154496
v 0.199157 0.888889 -0.199157
v 0.231220 0.902778 -0.154496
v 0.234184 0.888889 -0.156477
v 0.156476 0.888889 -0.234184
v 0.154496 0.902778 -0.231220
v 0.196636 0.902778 -0.196637
v 0.156476 0.888889 -0.234184
v 0.196636 0.902778 -0.196637
v 0.199157 0.888889 -0.199157
v 0.107783 0.888889 -0.260211
v 0.106419 0.902778 -0.256918
v 0.154496 0.902778 -0.231220
v 0.107783 0.888889 -0.260211
v 0.154496 0.902778 -0.231220
v 0.156476 0.888889 -0.234184
v 0.054947 0.888889 -0.276239
v 0.054252 0.902778 -0.272743
v 0.106419 0.902778 -0.256918
v 0.054947 0.888889 -0.276239
v 0.106419 0.902778 -0.256918
v 0.107783 0.888889 -0.260211
v -0.000000 0.888889 -0.281651
v -0.000000 0.902778 -0.278086
v 0.054252 0.902778 -0.272743
v -0.000000 0.888889 -0.281651
v 0.054252 0.902778 -0.272743
v 0.054947 0.888889 -0.276239
v -0.000000 0.951389 -0.291333
v -0.000000 0.958333 -0.290458
v 0.056665 0.958333 -0.284877
v -0.000000 0.951389 -0.291333
v 0.056665 0.958333 -0.284877
v 0.056836 0.951389 -0.285735
v 0.056836 0.951389 -0.285735
v 0.056665 0.958333 -0.284877
v 0.111153 0.958333 -0.268348
v 0.056836 0.951389 -0.285735
v 0.111153 0.958333 -0.268348
v 0.111488 0.951389 -0.269157
v 0.111488 0.951389 -0.269157
v 0.111153 0.958333 -0.268348
v 0.161370 0.958333 -0.241507
v 0.111488 0.951389 -0.269157
v 0.161370 0.958333 -0.241507
v 0.161856 0.951389 -0.242235
v 0.161856 0.951389 -0.242235
v 0.161370 0.958333 -0.241507
v 0.205384 0.958333 -0.205385
v 0.161856 0.951389 -0.242235
v 0.205384 0.958333 -0.205385
v 0.206003 0.951389 -0.206004
v 0.206003 0.951389 -0.206004
v 0.205384 0.958333 -0.205385
v 0.241507 0.958333 -0.161370
v 0.206003 0.951389 -0.206004
v 0.241507 0.958333 -0.161370
v 0.242234 0.951389 -0.161856
v 0.242234 0.951389 -0.161856
v 0.241507 0.958333 -0.161370
v 0.268348 0.958333 -0.111154
v 0.242234 0.951389 -0.161856
v 0.268348 0.958333 -0.111154
v 0.269156 0.951389 -0.111489
v 0.269156 0.951389 -0.111489
v 0.268348 0.958333 -0.111154
v 0.284876 0.958333 -0.056666
v 0.269156 0.951389 -0.111489
v 0.284876 0.958333 -0.056666
v 0.285735 0.951389 -0.056837
v 0.285735 0.951389 -0.056837
v 0.284876 0.958333 -0.056666
v 0.290457 0.958333 -0.000000
v 0.285735 0.951389 -0.056837
v 0.290457 0.958333 -0.000000
v 0.291333 0.951389 -0.000000
v 0.291333 0.951389 -0.000000
v 0.290457 0.958333 -0.000000
v 0.284876 0.958333 0.056665
v 0.291333 0.951389 -0.000000
v 0.284876 0.958333 0.056665
v 0.285735 0.951389 0.056836
v 0.285735 0.951389 0.056836
v 0.284876 0.958333 0.056665
v 0.268348 0.958333 0.111153
v 0.285735 0.951389 0.056836
v 0.268348 0.958333 0.111153
v 0.269156 0.951389 0.111488
v 0.269156 0.951389 0.111488
v 0.268348 0.958333 0.111153
v 0.241507 0.958333 0.161369
v 0.269156 0.951389 0.111488
v 0.241507 0.958333 0.161369
v 0.242234 0.951389 0.161855
v 0.242234 0.951389 0.161855
v 0.241507 0.958333 0.161369
v 0.205384 0.958333 0.205384
v 0.242234 0.951389 0.161855
v 0.205384 0.958333 0.205384
v 0.206003 0.951389 0.206003
v 0.206003 0.951389 0.206003
v 0.205384 0.958333 0.205384
v 0.161369 0.958333 0.241506
v 0.206003 0.951389 0.206003
v 0.161369 0.958333 0.241506
v 0.161856 0.951389 0.242234
v 0.161856 0.951389 0.242234
v 0.161369 0.958333 0.241506
v 0.111153 0.958333 0.268347
v 0.161856 0.951389 0.242234
v 0.111153 0.958333 0.268347
v 0.111488 0.951389 0.269156
v 0.111488 0.951389 0.269156
v 0.111153 0.958333 0.268347
v 0.056665 0.958333 0.284876
v 0.111488 0.951389 0.269156
v 0.056665 0.958333 0.284876
v 0.056836 0.951389 0.285735
v 0.056836 0.951389 0.285735
v 0.056665 0.958333 0.284876
v -0.000000 0.958333 0.290457
v 0.056836 0.951389 0.285735
v -0.000000 0.958333 0.290457
v -0.000000 0.951389 0.291332
v -0.000000 0.951389 0.291332
v -0.000000 0.958333 0.290457
v -0.056666 0.958333 0.284876
v -0.000000 0.951389 0.291332
v -0.056666 0.958333 0.284876
v -0.056836 0.951389 0.285735
v -0.056836 0.951389 0.285735
v -0.056666 0.958333 0.284876
v -0.111153 0.958333 0.268347
v -0.056836 0.951389 0.285735
v -0.111153 0.958333 0.268347
v -0.111488 0.951389 0.269156
v -0.111488 0.951389 0.269156
v -0.111153 0.958333 0.268347
v -0.161370 0.958333 0.241506
v -0.111488 0.951389 0.269156
v -0.161370 0.958333 0.241506
v -0.161856 0.951389 0.242234
v -0.161856 0.951389 0.242234
v -0.161370 0.958333 0.241506
v -0.205385 0.958333 0.205384
v -0.161856 0.951389 0.242234
v -0.205385 0.958333 0.205384
v -0.206004 0.951389 0.206003
v -0.206004 0.951389 0.206003
v -0.205385 0.958333 0.205384
v -0.241507 0.958333 0.161369
v -0.206004 0.951389 0.206003
v -0.241507 0.958333 0.161369
v -0.242234 0.951389 0.161855
v -0.242234 0.951389 0.161855
v -0.241507 0.958333 0.161369
v -0.268348 0.958333 0.111153
v -0.242234 0.951389 0.161855
v -0.268348 0.958333 0.111153
v -0.269156 0.951389 0.111488
v -0.269156 0.951389 0.111488
v -0.268348 0.958333 0.111153
v -0.284876 0.958333 0.056665
v -0.269156 0.951389 0.111488
v -0.284876 0.958333 0.056665
v -0.285735 0.951389 0.056836
v -0.285735 0.951389 0.056836
v -0.284876 0.958333 0.056665
v -0.290457 0.958333 -0.000001
v -0.285735 0.951389 0.056836
v -0.290457 0.958333 -0.000001
v -0.291333 0.951389 -0.000001
v -0.291333 0.951389 -0.000001
v -0.290457 0.958333 -0.000001
v -0.284876 0.958333 -0.056666
v -0.291333 0.951389 -0.000001
v -0.284876 0.958333 -0.056666
v -0.285735 0.951389 -0.056837
v -0.285735 0.951389 -0.056837
v -0.284876 0.958333 -0.056666
v -0.268348 0.958333 -0.111154
v -0.285735 0.951389 -0.056837
v -0.268348 0.958333 -0.111154
v -0.269156 0.951389 -0.111489
v -0.269156 0.951389 -0.111489
v -0.268348 0.958333 -0.111154
v -0.241506 0.958333 -0.161370
v -0.269156 0.951389 -0.111489
v -0.241506 0.958333 -0.161370
v -0.242234 0.951389 -0.161856
v -0.242234 0.951389 -0.161856
v -0.241506 0.958333 -0.161370
v -0.205384 0.958333 -0.205385
v -0.242234 0.951389 -0.161856
v -0.205384 0.958333 -0.205385
v -0.206003 0.951389 -0.206004
v -0.206003 0.951389 -0.206004
v -0.205384 0.958333 -0.205385
v -0.161369 0.958333 -0.241507
v -0.206003 0.951389 -0.206004
v -0.161369 0.958333 -0.241507
v -0.161856 0.951389 -0.242235
v -0.161856 0.951389 -0.242235
v -0.161369 0.958333 -0.241507
v -0.111153 0.958333 -0.268348
v -0.161856 0.951389 -0.242235
v -0.111153 0.958333 -0.268348
v -0.111488 0.951389 -0.269157
v -0.111488 0.951389 -0.269157
v -0.111153 0.958333 -0.268348
v -0.056665 0.958333 -0.284877
v -0.111488 0.951389 -0.269157
v -0.056665 0.958333 -0.284877
v -0.056836 0.951389 -0.285735
v -0.056836 0.951389 -0.285735
v -0.056665 0.958333 -0.284877
v -0.000000 0.958333 -0.290458
v -0.056836 0.951389 -0.285735
v -0.000000 0.958333 -0.290458
v -0.000000 0.951389 -0.291333
v -0.000000 0.916667 -0.276867
v -0.000000 0.930555 -0.281353
v 0.054889 0.930555 -0.275946
v -0.000000 0.916667 -0.276867
v 0.054889 0.930555 -0.275946
v 0.054014 0.916667 -0.271547
v 0.054014 0.916667 -0.271547
v 0.054889 0.930555 -0.275946
v 0.107669 0.930555 -0.259936
v 0.054014 0.916667 -0.271547
v 0.107669 0.930555 -0.259936
v 0.105952 0.916667 -0.255791
v 0.105952 0.916667 -0.255791
v 0.107669 0.930555 -0.259936
v 0.156311 0.930556 -0.233936
v 0.105952 0.916667 -0.255791
v 0.156311 0.930556 -0.233936
v 0.153819 0.916667 -0.230206
v 0.153819 0.916667 -0.230206
v 0.156311 0.930556 -0.233936
v 0.198946 0.930556 -0.198946
v 0.153819 0.916667 -0.230206
v 0.198946 0.930556 -0.198946
v 0.195774 0.916667 -0.195774
v 0.195774 0.916667 -0.195774
v 0.198946 0.930556 -0.198946
v 0.233936 0.930556 -0.156311
v 0.195774 0.916667 -0.195774
v 0.233936 0.930556 -0.156311
v 0.230206 0.916667 -0.153819
v 0.230206 0.916667 -0.153819
v 0.233936 0.930556 -0.156311
v 0.259936 0.930556 -0.107669
v 0.230206 0.916667 -0.153819
v 0.259936 0.930556 -0.107669
v 0.255791 0.916667 -0.105952
v 0.255791 0.916667 -0.105952
v 0.259936 0.930556 -0.107669
v 0.275946 0.930556 -0.054889
v 0.255791 0.916667 -0.105952
v 0.275946 0.930556 -0.054889
v 0.271547 0.916667 -0.054014
v 0.271547 0.916667 -0.054014
v 0.275946 0.930556 -0.054889
v 0.281352 0.930556 -0.000000
v 0.271547 0.916667 -0.054014
v 0.281352 0.930556 -0.000000
v 0.276866 0.916667 -0.000000
v 0.276866 0.916667 -0.000000
v 0.281352 0.930556 -0.000000
v 0.275946 0.930556 0.054889
v 0.276866 0.916667 -0.000000
v 0.275946 0.930556 0.054889
v 0.271547 0.916667 0.054014
v 0.271547 0.916667 0.054014
v 0.275946 0.930556 0.054889
v 0.259936 0.930556 0.107669
v 0.271547 0.916667 0.054014
v 0.259936 0.930556 0.107669
v 0.255791 0.916667 0.105952
v 0.255791 0.916667 0.105952
v 0.259936 0.930556 0.107669
v 0.233936 0.930556 0.156311
v 0.255791 0.916667 0.105952
v 0.233936 0.930556 0.156311
v 0.230206 0.916667 0.153818
v 0.230206 0.916667 0.153818
v 0.233936 0.930556 0.156311
v 0.198946 0.930556 0.198946
v 0.230206 0.916667 0.153818
v 0.198946 0.930556 0.198946
v 0.195774 0.916667 0.195774
v 0.195774 0.916667 0.195774
v 0.198946 0.930556 0.198946
v 0.156311 0.930556 0.233936
v 0.195774 0.916667 0.195774
v 0.156311 0.930556 0.233936
v 0.153819 0.916667 0.230206
v 0.153819 0.916667 0.230206
v 0.156311 0.930556 0.233936
v 0.107669 0.930556 0.259935
v 0.153819 0.916667 0.230206
v 0.107669 0.930556 0.259935
v 0.105952 0.916667 0.255791
v 0.105952 0.916667 0.255791
v 0.107669 0.930556 0.259935
v 0.054889 0.930556 0.275946
v 0.105952 0.916667 0.255791
v 0.054889 0.930556 0.275946
v 0.054014 0.916667 0.271546
v 0.054014 0.916667 0.271546
v 0.054889 0.930556 0.275946
v -0.000000 0.930556 0.281352
v 0.054014 0.916667 0.271546
v -0.000000 0.930556 0.281352
v -0.000000 0.916667 0.276866
v -0.000000 0.916667 0.276866
v -0.000000 0.930556 0.281352
v -0.054889 0.930556 0.275946
v -0.000000 0.916667 0.276866
v -0.054889 0.930556 0.275946
v -0.054014 0.916667 0.271546
v -0.054014 0.916667 0.271546
v -0.054889 0.930556 0.275946
v -0.107669 0.930556 0.259935
v -0.054014 0.916667 0.271546
v -0.107669 0.930556 0.259935
v -0.105952 0.916667 0.255791
v -0.105952 0.916667 0.255791
v -0.107669 0.930556 0.259935
v -0.156311 0.930556 0.233936
v -0.105952 0.916667 0.255791
v -0.156311 0.930556 0.233936
v -0.153819 0.916667 0.230206
v -0.153819 0.916667 0.230206
v -0.156311 0.930556 0.233936
v -0.198946 0.930556 0.198946
v -0.153819 0.916667 0.230206
v -0.198946 0.930556 0.198946
v -0.195774 0.916667 0.195774
v -0.195774 0.916667 0.195774
v -0.198946 0.930556 0.198946
v -0.233936 0.930556 0.156311
v -0.195774 0.916667 0.195774
v -0.233936 0.930556 0.156311
v -0.230206 0.916667 0.153818
v -0.230206 0.916667 0.153818
v -0.233936 0.930556 0.156311
v -0.259936 0.930556 0.107668
v -0.230206 0.916667 0.153818
v -0.259936 0.930556 0.107668
v -0.255791 0.916667 0.105952
v -0.255791 0.916667 0.105952
v -0.259936 0.930556 0.107668
v -0.275946 0.930556 0.054889
v -0.255791 0.916667 0.105952
v -0.275946 0.930556 0.054889
v -0.271547 0.916667 0.054013
v -0.271547 0.916667 0.054013
v -0.275946 0.930556 0.054889
v -0.281352 0.930556 -0.000001
v -0.271547 0.916667 0.054013
v -0.281352 0.930556 -0.000001
v -0.276866 0.916667 -0.000001
v -0.276866 0.916667 -0.000001
v -0.281352 0.930556 -0.000001
v -0.275946 0.930556 -0.054890
v -0.276866 0.916667 -0.000001
v -0.275946 0.930556 -0.054890
v -0.271546 0.916667 -0.054015
v -0.271546 0.916667 -0.054015
v -0.275946 0.930556 -0.054890
v -0.259935 0.930556 -0.107669
v -0.271546 0.916667 -0.054015
v -0.259935 0.930556 -0.107669
v -0.255791 0.916667 -0.105953
v -0.255791 0.916667 -0.105953
v -0.259935 0.930556 -0.107669
v -0.233936 0.930556 -0.156312
v -0.255791 0.916667 -0.105953
v -0.233936 0.930556 -0.156312
v -0.230206 0.916667 -0.153819
v -0.230206 0.916667 -0.153819
v -0.233936 0.930556 -0.156312
v -0.198946 0.930556 -0.198947
v -0.230206 0.916667 -0.153819
v -0.198946 0.930556 -0.198947
v -0.195774 0.916667 -0.195775
v -0.195774 0.916667 -0.195775
v -0.198946 0.930556 -0.198947
v -0.156311 0.930556 -0.233936
v -0.195774 0.916667 -0.195775
v -0.156311 0.930556 -0.233936
v -0.153818 0.916667 -0.230207
v -0.153818 0.916667 -0.230207
v -0.156311 0.930556 -0.233936
v -0.107668 0.930555 -0.259936
v -0.153818 0.916667 -0.230207
v -0.107668 0.930555 -0.259936
v -0.105952 0.916667 -0.255792
v -0.105952 0.916667 -0.255792
v -0.107668 0.930555 -0.259936
v -0.054889 0.930555 -0.275947
v -0.105952 0.916667 -0.255792
v -0.054889 0.930555 -0.275947
v -0.054014 0.916667 -0.271547
v -0.054014 0.916667 -0.271547
v -0.054889 0.930555 -0.275947
v -0.000000 0.930555 -0.281353
v -0.054014 0.916667 -0.271547
v -0.000000 0.930555 -0.281353
v -0.000000 0.916667 -0.276867
v 0.055360 0.987185 -0.278316
v -0.000000 0.987185 -0.283768
v -0.000000 0.993593 -0.279978
v 0.055360 0.987185 -0.278316
v -0.000000 0.993593 -0.279978
v 0.054621 0.993593 -0.274598
v 0.054621 0.993593 -0.274598
v -0.000000 0.993593 -0.279978
v -0.000000 0.998283 -0.275130
v 0.054621 0.993593 -0.274598
v -0.000000 0.998283 -0.275130
v 0.053675 0.998283 -0.269843
v 0.053675 0.998283 -0.269843
v -0.000000 0.998283 -0.275130
v -0.000000 1.000000 -0.268640
v 0.053675 0.998283 -0.269843
v -0.000000 1.000000 -0.268640
v 0.052409 1.000000 -0.263478
v 0.108593 0.987185 -0.262168
v 0.055360 0.987185 -0.278316
v 0.054621 0.993593 -0.274598
v 0.108593 0.987185 -0.262168
v 0.054621 0.993593 -0.274598
v 0.107143 0.993593 -0.258666
v 0.107143 0.993593 -0.258666
v 0.054621 0.993593 -0.274598
v 0.053675 0.998283 -0.269843
v 0.107143 0.993593 -0.258666
v 0.053675 0.998283 -0.269843
v 0.105287 0.998283 -0.254187
v 0.105287 0.998283 -0.254187
v 0.053675 0.998283 -0.269843
v 0.052409 1.000000 -0.263478
v 0.105287 0.998283 -0.254187
v 0.052409 1.000000 -0.263478
v 0.102804 1.000000 -0.248191
v 0.157653 0.987185 -0.235945
v 0.108593 0.987185 -0.262168
v 0.107143 0.993593 -0.258666
v 0.157653 0.987185 -0.235945
v 0.107143 0.993593 -0.258666
v 0.155547 0.993593 -0.232793
v 0.155547 0.993593 -0.232793
v 0.107143 0.993593 -0.258666
v 0.105287 0.998283 -0.254187
v 0.155547 0.993593 -0.232793
v 0.105287 0.998283 -0.254187
v 0.152854 0.998283 -0.228762
v 0.152854 0.998283 -0.228762
v 0.105287 0.998283 -0.254187
v 0.102804 1.000000 -0.248191
v 0.152854 0.998283 -0.228762
v 0.102804 1.000000 -0.248191
v 0.149248 1.000000 -0.223366
v 0.200654 0.987185 -0.200654
v 0.157653 0.987185 -0.235945
v 0.155547 0.993593 -0.232793
v 0.200654 0.987185 -0.200654
v 0.155547 0.993593 -0.232793
v 0.197974 0.993593 -0.197974
v 0.197974 0.993593 -0.197974
v 0.155547 0.993593 -0.232793
v 0.152854 0.998283 -0.228762
v 0.197974 0.993593 -0.197974
v 0.152854 0.998283 -0.228762
v 0.194546 0.998283 -0.194546
v 0.194546 0.998283 -0.194546
v 0.152854 0.998283 -0.228762
v 0.149248 1.000000 -0.223366
v 0.194546 0.998283 -0.194546
v 0.149248 1.000000 -0.223366
v 0.189957 1.000000 -0.189957
v 0.235944 0.987185 -0.157653
v 0.200654 0.987185 -0.200654
v 0.197974 0.993593 -0.197974
v 0.235944 0.987185 -0.157653
v 0.197974 0.993593 -0.197974
v 0.232793 0.993593 -0.155547
v 0.232793 0.993593 -0.155547
v 0.197974 0.993593 -0.197974
v 0.194546 0.998283 -0.194546
v 0.232793 0.993593 -0.155547
v 0.194546 0.998283 -0.194546
v 0.228762 0.998283 -0.152854
v 0.228762 0.998283 -0.152854
v 0.194546 0.998283 -0.194546
v 0.189957 1.000000 -0.189957
v 0.228762 0.998283 -0.152854
v 0.189957 1.000000 -0.189957
v 0.223366 1.000000 -0.149249
v 0.262167 0.987185 -0.108594
v 0.235944 0.987185 -0.157653
v 0.232793 0.993593 -0.155547
v 0.262167 0.987185 -0.108594
v 0.232793 0.993593 -0.155547
v 0.258666 0.993593 -0.107143
v 0.258666 0.993593 -0.107143
v 0.232793 0.993593 -0.155547
v 0.228762 0.998283 -0.152854
v 0.258666 0.993593 -0.107143
v 0.228762 0.998283 -0.152854
v 0.254187 0.998283 -0.105288
v 0.254187 0.998283 -0.105288
v 0.228762 0.998283 -0.152854
v 0.223366 1.000000 -0.149249
v 0.254187 0.998283 -0.105288
v 0.223366 1.000000 -0.149249
v 0.248191 1.000000 -0.102804
v 0.278315 0.987185 -0.055361
v 0.262167 0.987185 -0.108594
v 0.258666 0.993593 -0.107143
v 0.278315 0.987185 -0.055361
v 0.258666 0.993593 -0.107143
v 0.274598 0.993593 -0.054621
v 0.274598 0.993593 -0.054621
v 0.258666 0.993593 -0.107143
v 0.254187 0.998283 -0.105288
v 0.274598 0.993593 -0.054621
v 0.254187 0.998283 -0.105288
v 0.269843 0.998283 -0.053675
v 0.269843 0.998283 -0.053675
v 0.254187 0.998283 -0.105288
v 0.248191 1.000000 -0.102804
v 0.269843 0.998283 -0.053675
v 0.248191 1.000000 -0.102804
v 0.263478 1.000000 -0.052409
v 0.283768 0.987185 -0.000000
v 0.278315 0.987185 -0.055361
v 0.274598 0.993593 -0.054621
v 0.283768 0.987185 -0.000000
v 0.274598 0.993593 -0.054621
v 0.279978 0.993593 -0.000000
v 0.279978 0.993593 -0.000000
v 0.274598 0.993593 -0.054621
v 0.269843 0.998283 -0.053675
v 0.279978 0.993593 -0.000000
v 0.269843 0.998283 -0.053675
v 0.275129 0.998283 -0.000000
v 0.275129 0.998283 -0.000000
v 0.269843 0.998283 -0.053675
v 0.263478 1.000000 -0.052409
v 0.275129 0.998283 -0.000000
v 0.263478 1.000000 -0.052409
v 0.268640 1.000000 -0.000000
v 0.278315 0.987185 0.055360
v 0.283768 0.987185 -0.000000
v 0.279978 0.993593 -0.000000
v 0.278315 0.987185 0.055360
v 0.279978 0.993593 -0.000000
v 0.274598 0.993593 0.054621
v 0.274598 0.993593 0.054621
v 0.279978 0.993593 -0.000000
v 0.275129 0.998283 -0.000000
v 0.274598 0.993593 0.054621
v 0.275129 0.998283 -0.000000
v 0.269843 0.998283 0.053675
v 0.269843 0.998283 0.053675
v 0.275129 0.998283 -0.000000
v 0.268640 1.000000 -0.000000
v 0.269843 0.998283 0.053675
v 0.268640 1.000000 -0.000000
v 0.263478 1.000000 0.052409
v 0.262167 0.987185 0.108593
v 0.278315 0.987185 0.055360
v 0.274598 0.993593 0.054621
v 0.262167 0.987185 0.108593
v 0.274598 0.993593 0.054621
v 0.258666 0.993593 0.107142
v 0.258666 0.993593 0.107142
v 0.274598 0.993593 0.054621
v 0.269843 0.998283 0.053675
v 0.258666 0.993593 0.107142
v 0.269843 0.998283 0.053675
v 0.254187 0.998283 0.105287
v 0.254187 0.998283 0.105287
v 0.269843 0.998283 0.053675
v 0.263478 1.000000 0.052409
v 0.254187 0.998283 0.105287
v 0.263478 1.000000 0.052409
v 0.248191 1.000000 0.102804
v 0.235944 0.987185 0.157653
v 0.262167 0.987185 0.108593
v 0.258666 0.993593 0.107142
v 0.235944 0.987185 0.157653
v 0.258666 0.993593 0.107142
v 0.232793 0.993593 0.155547
v 0.232793 0.993593 0.155547
v 0.258666 0.993593 0.107142
v 0.254187 0.998283 0.105287
v 0.232793 0.993593 0.155547
v 0.254187 0.998283 0.105287
v 0.228762 0.998283 0.152853
v 0.228762 0.998283 0.152853
v 0.254187 0.998283 0.105287
v 0.248191 1.000000 0.102804
v 0.228762 0.998283 0.152853
v 0.248191 1.000000 0.102804
v 0.223366 1.000000 0.149248
v 0.200654 0.987186 0.200654
v 0.235944 0.987185 0.157653
v 0.232793 0.993593 0.155547
v 0.200654 0.987186 0.200654
v 0.232793 0.993593 0.155547
v 0.197974 0.993593 0.197974
v 0.197974 0.993593 0.197974
v 0.232793 0.993593 0.155547
v 0.228762 0.998283 0.152853
v 0.197974 0.993593 0.197974
v 0.228762 0.998283 0.152853
v 0.194546 0.998283 0.194546
v 0.194546 0.998283 0.194546
v 0.228762 0.998283 0.152853
v 0.223366 1.000000 0.149248
v 0.194546 0.998283 0.194546
v 0.223366 1.000000 0.149248
v 0.189957 1.000000 0.189957
v 0.157653 0.987186 0.235944
v 0.200654 0.987186 0.200654
v 0.197974 0.993593 0.197974
v 0.157653 0.987186 0.235944
v 0.197974 0.993593 0.197974
v 0.155547 0.993593 0.232792
v 0.155547 0.993593 0.232792
v 0.197974 0.993593 0.197974
v 0.194546 0.998283 0.194546
v 0.155547 0.993593 0.232792
v 0.194546 0.998283 0.194546
v 0.152854 0.998283 0.228761
v 0.152854 0.998283 0.228761
v 0.194546 0.998283 0.194546
v 0.189957 1.000000 0.189957
v 0.152854 0.998283 0.228761
v 0.189957 1.000000 0.189957
v 0.149248 1.000000 0.223366
v 0.108593 0.987186 0.262167
v 0.157653 0.987186 0.235944
v 0.155547 0.993593 0.232792
v 0.108593 0.987186 0.262167
v 0.155547 0.993593 0.232792
v 0.107143 0.993593 0.258665
v 0.107143 0.993593 0.258665
v 0.155547 0.993593 0.232792
v 0.152854 0.998283 0.228761
v 0.107143 0.993593 0.258665
v 0.152854 0.998283 0.228761
v 0.105287 0.998283 0.254186
v 0.105287 0.998283 0.254186
v 0.152854 0.998283 0.228761
v 0.149248 1.000000 0.223366
v 0.105287 0.998283 0.254186
v 0.149248 1.000000 0.223366
v 0.102804 1.000000 0.248191
v 0.055360 0.987186 0.278315
v 0.108593 0.987186 0.262167
v 0.107143 0.993593 0.258665
v 0.055360 0.987186 0.278315
v 0.107143 0.993593 0.258665
v 0.054621 0.993593 0.274597
v 0.054621 0.993593 0.274597
v 0.107143 0.993593 0.258665
v 0.105287 0.998283 0.254186
v 0.054621 0.993593 0.274597
v 0.105287 0.998283 0.254186
v 0.053675 0.998283 0.269843
v 0.053675 0.998283 0.269843
v 0.105287 0.998283 0.254186
v 0.102804 1.000000 0.248191
v 0.053675 0.998283 0.269843
v 0.102804 1.000000 0.248191
v 0.052409 1.000000 0.263478
v -0.000000 0.987186 0.283767
v 0.055360 0.987186 0.278315
v 0.054621 0.993593 0.274597
v -0.000000 0.987186 0.283767
v 0.054621 0.993593 0.274597
v -0.000000 0.993593 0.279977
v -0.000000 0.993593 0.279977
v 0.054621 0.993593 0.274597
v 0.053675 0.998283 0.269843
v -0.000000 0.993593 0.279977
v 0.053675 0.998283 0.269843
v -0.000000 0.998283 0.275129
v -0.000000 0.998283 0.275129
v 0.053675 0.998283 0.269843
v 0.052409 1.000000 0.263478
v -0.000000 0.998283 0.275129
v 0.052409 1.000000 0.263478
v -0.000000 1.000000 0.268640
v -0.055360 0.987186 0.278315
v -0.000000 0.987186 0.283767
v -0.000000 0.993593 0.279977
v -0.055360 0.987186 0.278315
v -0.000000 0.993593 0.279977
v -0.054621 0.993593 0.274597
v -0.054621 0.993593 0.274597
v -0.000000 0.993593 0.279977
v -0.000000 0.998283 0.275129
v -0.054621 0.993593 0.274597
v -0.000000 0.998283 0.275129
v -0.053675 0.998283 0.269843
v -0.053675 0.998283 0.269843
v -0.000000 0.998283 0.275129
v -0.000000 1.000000 0.268640
v -0.053675 0.998283 0.269843
v -0.000000 1.000000 0.268640
v -0.052409 1.000000 0.263478
v -0.108593 0.987186 0.262167
v -0.055360 0.987186 0.278315
v -0.054621 0.993593 0.274597
v -0.108593 0.987186 0.262167
v -0.054621 0.993593 0.274597
v -0.107143 0.993593 0.258665
v -0.107143 0.993593 0.258665
v -0.054621 0.993593 0.274597
v -0.053675 0.998283 0.269843
v -0.107143 0.993593 0.258665
v -0.053675 0.998283 0.269843
v -0.105288 0.998283 0.254186
v -0.105288 0.998283 0.254186
v -0.053675 0.998283 0.269843
v -0.052409 1.000000 0.263478
v -0.105288 0.998283 0.254186
v -0.052409 1.000000 0.263478
v -0.102804 1.000000 0.248191
v -0.157653 0.987186 0.235944
v -0.108593 0.987186 0.262167
v -0.107143 0.993593 0.258665
v -0.157653 0.987186 0.235944
v -0.107143 0.993593 0.258665
v -0.155547 0.993593 0.232792
v -0.155547 0.993593 0.232792
v -0.107143 0.993593 0.258665
v -0.105288 0.998283 0.254186
v -0.155547 0.993593 0.232792
v -0.105288 0.998283 0.254186
v -0.152854 0.998283 0.228761
v -0.152854 0.998283 0.228761
v -0.105288 0.998283 0.254186
v -0.102804 1.000000 0.248191
v -0.152854 0.998283 0.228761
v -0.102804 1.000000 0.248191
v -0.149249 1.000000 0.223366
v -0.200654 0.987186 0.200654
v -0.157653 0.987186 0.235944
v -0.155547 0.993593 0.232792
v -0.200654 0.987186 0.200654
v -0.155547 0.993593 0.232792
v -0.197974 0.993593 0.197974
v -0.197974 0.993593 0.197974
v -0.155547 0.993593 0.232792
v -0.152854 0.998283 0.228761
v -0.197974 0.993593 0.197974
v -0.152854 0.998283 0.228761
v -0.194546 0.998283 0.194545
v -0.194546 0.998283 0.194545
v -0.152854 0.998283 0.228761
v -0.149249 1.000000 0.223366
v -0.194546 0.998283 0.194545
v -0.149249 1.000000 0.223366
v -0.189957 1.000000 0.189957
v -0.235944 0.987185 0.157652
v -0.200654 0.987186 0.200654
v -0.197974 0.993593 0.197974
v -0.235944 0.987185 0.157652
v -0.197974 0.993593 0.197974
v -0.232793 0.993593 0.155547
v -0.232793 0.993593 0.155547
v -0.197974 0.993593 0.197974
v -0.194546 0.998283 0.194545
v -0.232793 0.993593 0.155547
v -0.194546 0.998283 0.194545
v -0.228762 0.998283 0.152853
v -0.228762 0.998283 0.152853
v -0.194546 0.998283 0.194545
v -0.189957 1.000000 0.189957
v -0.228762 0.998283 0.152853
v -0.189957 1.000000 0.189957
v -0.223366 1.000000 0.149248
v -0.262167 0.987185 0.108593
v -0.235944 0.987185 0.157652
v -0.232793 0.993593 0.155547
v -0.262167 0.987185 0.108593
v -0.232793 0.993593 0.155547
v -0.258666 0.993593 0.107142
v -0.258666 0.993593 0.107142
v -0.232793 0.993593 0.155547
v -0.228762 0.998283 0.152853
v -0.258666 0.993593 0.107142
v -0.228762 0.998283 0.152853
v -0.254187 0.998283 0.105287
v -0.254187 0.998283 0.105287
v -0.228762 0.998283 0.152853
v -0.223366 1.000000 0.149248
v -0.254187 0.998283 0.105287
v -0.223366 1.000000 0.149248
v -0.248191 1.000000 0.102804
v -0.278315 0.987185 0.055360
v -0.262167 0.987185 0.108593
v -0.258666 0.993593 0.107142
v -0.278315 0.987185 0.055360
v -0.258666 0.993593 0.107142
v -0.274598 0.993593 0.054620
v -0.274598 0.993593 0.054620
v -0.258666 0.993593 0.107142
v -0.254187 0.998283 0.105287
v -0.274598 0.993593 0.054620
v -0.254187 0.998283 0.105287
v -0.269843 0.998283 0.053675
v -0.269843 0.998283 0.053675
v -0.254187 0.998283 0.105287
v -0.248191 1.000000 0.102804
v -0.269843 0.998283 0.053675
v -0.248191 1.000000 0.102804
v -0.263478 1.000000 0.052408
v -0.283768 0.987185 -0.000001
v -0.278315 0.987185 0.055360
v -0.274598 0.993593 0.054620
v -0.283768 0.987185 -0.000001
v -0.274598 0.993593 0.054620
v -0.279977 0.993593 -0.000001
v -0.279977 0.993593 -0.000001
v -0.274598 0.993593 0.054620
v -0.269843 0.998283 0.053675
v -0.279977 0.993593 -0.000001
v -0.269843 0.998283 0.053675
v -0.275129 0.998283 -0.000001
v -0.275129 0.998283 -0.000001
v -0.269843 0.998283 0.053675
v -0.263478 1.000000 0.052408
v -0.275129 0.998283 -0.000001
v -0.263478 1.000000 0.052408
v -0.268640 1.000000 -0.000001
v -0.278315 0.987185 -0.055361
v -0.283768 0.987185 -0.000001
v -0.279977 0.993593 -0.000001
v -0.278315 0.987185 -0.055361
v -0.279977 0.993593 -0.000001
v -0.274598 0.993593 -0.054621
v -0.274598 0.993593 -0.054621
v -0.279977 0.993593 -0.000001
v -0.275129 0.998283 -0.000001
v -0.274598 0.993593 -0.054621
v -0.275129 0.998283 -0.000001
v -0.269843 0.998283 -0.053676
v -0.269843 0.998283 -0.053676
v -0.275129 0.998283 -0.000001
v -0.268640 1.000000 -0.000001
v -0.269843 0.998283 -0.053676
v -0.268640 1.000000 -0.000001
v -0.263478 1.000000 -0.052410
v -0.262167 0.987185 -0.108594
v -0.278315 0.987185 -0.055361
v -0.274598 0.993593 -0.054621
v -0.262167 0.987185 -0.108594
v -0.274598 0.993593 -0.054621
v -0.258665 0.993593 -0.107143
v -0.258665 0.993593 -0.107143
v -0.274598 0.993593 -0.054621
v -0.269843 0.998283 -0.053676
v -0.258665 0.993593 -0.107143
v -0.269843 0.998283 -0.053676
v -0.254186 0.998283 -0.105288
v -0.254186 0.998283 -0.105288
v -0.269843 0.998283 -0.053676
v -0.263478 1.000000 -0.052410
v -0.254186 0.998283 -0.105288
v -0.263478 1.000000 -0.052410
v -0.248191 1.000000 -0.102805
v -0.235944 0.987185 -0.157654
v -0.262167 0.987185 -0.108594
v -0.258665 0.993593 -0.107143
v -0.235944 0.987185 -0.157654
v -0.258665 0.993593 -0.107143
v -0.232793 0.993593 -0.155548
v -0.232793 0.993593 -0.155548
v -0.258665 0.993593 -0.107143
v -0.254186 0.998283 -0.105288
v -0.232793 0.993593 -0.155548
v -0.254186 0.998283 -0.105288
v -0.228762 0.998283 -0.152854
v -0.228762 0.998283 -0.152854
v -0.254186 0.998283 -0.105288
v -0.248191 1.000000 -0.102805
v -0.228762 0.998283 -0.152854
v -0.248191 1.000000 -0.102805
v -0.223366 1.000000 -0.149249
v -0.200654 0.987185 -0.200655
v -0.235944 0.987185 -0.157654
v -0.232793 0.993593 -0.155548
v -0.200654 0.987185 -0.200655
v -0.232793 0.993593 -0.155548
v -0.197974 0.993593 -0.197975
v -0.197974 0.993593 -0.197975
v -0.232793 0.993593 -0.155548
v -0.228762 0.998283 -0.152854
v -0.197974 0.993593 -0.197975
v -0.228762 0.998283 -0.152854
v -0.194546 0.998283 -0.194546
v -0.194546 0.998283 -0.194546
v -0.228762 0.998283 -0.152854
v -0.223366 1.000000 -0.149249
v -0.194546 0.998283 -0.194546
v -0.223366 1.000000 -0.149249
v -0.189957 1.000000 -0.189958
v -0.157653 0.987185 -0.235945
v -0.200654 0.987185 -0.200655
v -0.197974 0.993593 -0.197975
v -0.157653 0.987185 -0.235945
v -0.197974 0.993593 -0.197975
v -0.155547 0.993593 -0.232793
v -0.155547 0.993593 -0.232793
v -0.197974 0.993593 -0.197975
v -0.194546 0.998283 -0.194546
v -0.155547 0.993593 -0.232793
v -0.194546 0.998283 -0.194546
v -0.152853 0.998283 -0.228762
v -0.152853 0.998283 -0.228762
v -0.194546 0.998283 -0.194546
v -0.189957 1.000000 -0.189958
v -0.152853 0.998283 -0.228762
v -0.189957 1.000000 -0.189958
v -0.149248 1.000000 -0.223366
v -0.108593 0.987185 -0.262168
v -0.157653 0.987185 -0.235945
v -0.155547 0.993593 -0.232793
v -0.108593 0.987185 -0.262168
v -0.155547 0.993593 -0.232793
v -0.107142 0.993593 -0.258666
v -0.107142 0.993593 -0.258666
v -0.155547 0.993593 -0.232793
v -0.152853 0.998283 -0.228762
v -0.107142 0.993593 -0.258666
v -0.152853 0.998283 -0.228762
v -0.105287 0.998283 -0.254187
v -0.105287 0.998283 -0.254187
v -0.152853 0.998283 -0.228762
v -0.149248 1.000000 -0.223366
v -0.105287 0.998283 -0.254187
v -0.149248 1.000000 -0.223366
v -0.102804 1.000000 -0.248191
v -0.055360 0.987185 -0.278316
v -0.108593 0.987185 -0.262168
v -0.107142 0.993593 -0.258666
v -0.055360 0.987185 -0.278316
v -0.107142 0.993593 -0.258666
v -0.054620 0.993593 -0.274598
v -0.054620 0.993593 -0.274598
v -0.107142 0.993593 -0.258666
v -0.105287 0.998283 -0.254187
v -0.054620 0.993593 -0.274598
v -0.105287 0.998283 -0.254187
v -0.053675 0.998283 -0.269843
v -0.053675 0.998283 -0.269843
v -0.105287 0.998283 -0.254187
v -0.102804 1.000000 -0.248191
v -0.053675 0.998283 -0.269843
v -0.102804 1.000000 -0.248191
v -0.052409 1.000000 -0.263479
v -0.000000 0.987185 -0.283768
v -0.055360 0.987185 -0.278316
v -0.054620 0.993593 -0.274598
v -0.000000 0.987185 -0.283768
v -0.054620 0.993593 -0.274598
v -0.000000 0.993593 -0.279978
v -0.000000 0.993593 -0.279978
v -0.054620 0.993593 -0.274598
v -0.053675 0.998283 -0.269843
v -0.000000 0.993593 -0.279978
v -0.053675 0.998283 -0.269843
v -0.000000 0.998283 -0.275130
v -0.000000 0.998283 -0.275130
v -0.053675 0.998283 -0.269843
v -0.052409 1.000000 -0.263479
v -0.000000 0.998283 -0.275130
v -0.052409 1.000000 -0.263479
v -0.000000 1.000000 -0.268640
v 0.115699 -0.277778 -0.581658
v 0.114660 -0.222222 -0.576437
v 0.224915 -0.222222 -0.542992
v 0.115699 -0.277778 -0.581658
v 0.224915 -0.222222 -0.542992
v 0.226952 -0.277778 -0.547910
v 0.226952 -0.277778 -0.547910
v 0.224915 -0.222222 -0.542992
v 0.326526 -0.222222 -0.488680
v 0.226952 -0.277778 -0.547910
v 0.326526 -0.222222 -0.488680
v 0.329483 -0.277778 -0.493106
v 0.329483 -0.277778 -0.493106
v 0.326526 -0.222222 -0.488680
v 0.415588 -0.222222 -0.415588
v 0.329483 -0.277778 -0.493106
v 0.415588 -0.222222 -0.415588
v 0.419352 -0.277778 -0.419352
v 0.419352 -0.277778 -0.419352
v 0.415588 -0.222222 -0.415588
v 0.488680 -0.222222 -0.326526
v 0.419352 -0.277778 -0.419352
v 0.488680 -0.222222 -0.326526
v 0.493106 -0.277778 -0.329483
v 0.493106 -0.277778 -0.329483
v 0.488680 -0.222222 -0.326526
v 0.542992 -0.222222 -0.224915
v 0.493106 -0.277778 -0.329483
v 0.542992 -0.222222 -0.224915
v 0.547910 -0.277778 -0.226952
v 0.547910 -0.277778 -0.226952
v 0.542992 -0.222222 -0.224915
v 0.576437 -0.222222 -0.114661
v 0.547910 -0.277778 -0.226952
v 0.576437 -0.222222 -0.114661
v 0.581658 -0.277778 -0.115699
v 0.581658 -0.277778 -0.115699
v 0.576437 -0.222222 -0.114661
v 0.587731 -0.222222 -0.000000
v 0.581658 -0.277778 -0.115699
v 0.587731 -0.222222 -0.000000
v 0.593054 -0.277778 -0.000000
v 0.593054 -0.277778 -0.000000
v 0.587731 -0.222222 -0.000000
v 0.576437 -0.222222 0.114660
v 0.593054 -0.277778 -0.000000
v 0.576437 -0.222222 0.114660
v 0.581658 -0.277778 0.115699
v 0.581658 -0.277778 0.115699
v 0.576437 -0.222222 0.114660
v 0.542992 -0.222222 0.224915
v 0.581658 -0.277778 0.115699
v 0.542992 -0.222222 0.224915
v 0.547910 -0.277778 0.226952
v 0.547910 -0.277778 0.226952
v 0.542992 -0.222222 0.224915
v 0.488680 -0.222222 0.326526
v 0.547910 -0.277778 0.226952
v 0.488680 -0.222222 0.326526
v 0.493106 -0.277778 0.329483
v 0.493106 -0.277778 0.329483
v 0.488680 -0.222222 0.326526
v 0.415588 -0.222222 0.415588
v 0.493106 -0.277778 0.329483
v 0.415588 -0.222222 0.415588
v 0.419352 -0.277778 0.419352
v 0.419352 -0.277778 0.419352
v 0.415588 -0.222222 0.415588
v 0.326525 -0.222222 0.488680
v 0.419352 -0.277778 0.419352
v 0.326525 -0.222222 0.488680
v 0.329483 -0.277778 0.493106
v 0.329483 -0.277778 0.493106
v 0.326525 -0.222222 0.488680
v 0.224915 -0.222222 0.542992
v 0.329483 -0.277778 0.493106
v 0.224915 -0.222222 0.542992
v 0.226952 -0.277778 0.547910
v 0.226952 -0.277778 0.547910
v 0.224915 -0.222222 0.542992
v 0.114660 -0.222222 0.576437
v 0.226952 -0.277778 0.547910
v 0.114660 -0.222222 0.576437
v 0.115699 -0.277778 0.581658
v 0.115699 -0.277778 0.581658
v 0.114660 -0.222222 0.576437
v -0.000000 -0.222222 0.587730
v 0.115699 -0.277778 0.581658
v -0.000000 -0.222222 0.587730
v -0.000000 -0.277778 0.593054
v -0.000000 -0.277778 0.593054
v -0.000000 -0.222222 0.587730
v -0.114661 -0.222222 0.576437
v -0.000000 -0.277778 0.593054
v -0.114661 -0.222222 0.576437
v -0.115699 -0.277778 0.581658
v -0.115699 -0.277778 0.581658
v -0.114661 -0.222222 0.576437
v -0.224915 -0.222222 0.542992
v -0.115699 -0.277778 0.581658
v -0.224915 -0.222222 0.542992
v -0.226952 -0.277778 0.547910
v -0.226952 -0.277778 0.547910
v -0.224915 -0.222222 0.542992
v -0.326526 -0.222222 0.488680
v -0.226952 -0.277778 0.547910
v -0.326526 -0.222222 0.488680
v -0.329483 -0.277778 0.493106
v -0.329483 -0.277778 0.493106
v -0.326526 -0.222222 0.488680
v -0.415589 -0.222222 0.415588
v -0.329483 -0.277778 0.493106
v -0.415589 -0.222222 0.415588
v -0.419353 -0.277778 0.419352
v -0.419353 -0.277778 0.419352
v -0.415589 -0.222222 0.415588
v -0.488680 -0.222222 0.326525
v -0.419353 -0.277778 0.419352
v -0.488680 -0.222222 0.326525
v -0.493106 -0.277778 0.329483
v -0.493106 -0.277778 0.329483
v -0.488680 -0.222222 0.326525
v -0.542992 -0.222222 0.224914
v -0.493106 -0.277778 0.329483
v -0.542992 -0.222222 0.224914
v -0.547910 -0.277778 0.226951
v -0.547910 -0.277778 0.226951
v -0.542992 -0.222222 0.224914
v -0.576438 -0.222222 0.114660
v -0.547910 -0.277778 0.226951
v -0.576438 -0.222222 0.114660
v -0.581658 -0.277778 0.115698
v -0.581658 -0.277778 0.115698
v -0.576438 -0.222222 0.114660
v -0.587731 -0.222222 -0.000001
v -0.581658 -0.277778 0.115698
v -0.587731 -0.222222 -0.000001
v -0.593054 -0.277778 -0.000001
v -0.593054 -0.277778 -0.000001
v -0.587731 -0.222222 -0.000001
v -0.576437 -0.222222 -0.114661
v -0.593054 -0.277778 -0.000001
v -0.576437 -0.222222 -0.114661
v -0.581658 -0.277778 -0.115700
v -0.581658 -0.277778 -0.115700
v -0.576437 -0.222222 -0.114661
v -0.542992 -0.222222 -0.224915
v -0.581658 -0.277778 -0.115700
v -0.542992 -0.222222 -0.224915
v -0.547910 -0.277778 -0.226952
v -0.547910 -0.277778 -0.226952
v -0.542992 -0.222222 -0.224915
v -0.488680 -0.222222 -0.326526
v -0.547910 -0.277778 -0.226952
v -0.488680 -0.222222 -0.326526
v -0.493106 -0.277778 -0.329484
v -0.493106 -0.277778 -0.329484
v -0.488680 -0.222222 -0.326526
v -0.415588 -0.222222 -0.415589
v -0.493106 -0.277778 -0.329484
v -0.415588 -0.222222 -0.415589
v -0.419352 -0.277778 -0.419353
v -0.419352 -0.277778 -0.419353
v -0.415588 -0.222222 -0.415589
v -0.326525 -0.222222 -0.488681
v -0.419352 -0.277778 -0.419353
v -0.326525 -0.222222 -0.488681
v -0.329482 -0.277778 -0.493107
v -0.329482 -0.277778 -0.493107
v -0.326525 -0.222222 -0.488681
v -0.224914 -0.222222 -0.542993
v -0.329482 -0.277778 -0.493107
v -0.224914 -0.222222 -0.542993
v -0.226951 -0.277778 -0.547910
v -0.226951 -0.277778 -0.547910
v -0.224914 -0.222222 -0.542993
v -0.114660 -0.222222 -0.576438
v -0.226951 -0.277778 -0.547910
v -0.114660 -0.222222 -0.576438
v -0.115698 -0.277778 -0.581658
v -0.115698 -0.277778 -0.581658
v -0.114660 -0.222222 -0.576438
v -0.000000 -0.222222 -0.587731
v -0.115698 -0.277778 -0.581658
v -0.000000 -0.222222 -0.587731
v -0.000000 -0.277778 -0.593054
v -0.000000 -0.500000 -0.582747
v -0.000000 -0.444445 -0.588485
v 0.114808 -0.444445 -0.577178
v -0.000000 -0.500000 -0.582747
v 0.114808 -0.444445 -0.577178
v 0.113688 -0.500000 -0.571550
v 0.113688 -0.500000 -0.571550
v 0.114808 -0.444445 -0.577178
v 0.225204 -0.444445 -0.543690
v 0.113688 -0.500000 -0.571550
v 0.225204 -0.444445 -0.543690
v 0.223008 -0.500000 -0.538388
v 0.223008 -0.500000 -0.538388
v 0.225204 -0.444445 -0.543690
v 0.326945 -0.444445 -0.489308
v 0.223008 -0.500000 -0.538388
v 0.326945 -0.444445 -0.489308
v 0.323757 -0.500000 -0.484537
v 0.323757 -0.500000 -0.484537
v 0.326945 -0.444445 -0.489308
v 0.416122 -0.444445 -0.416122
v 0.323757 -0.500000 -0.484537
v 0.416122 -0.444445 -0.416122
v 0.412064 -0.500000 -0.412064
v 0.412064 -0.500000 -0.412064
v 0.416122 -0.444445 -0.416122
v 0.489308 -0.444445 -0.326945
v 0.412064 -0.500000 -0.412064
v 0.489308 -0.444445 -0.326945
v 0.484537 -0.500000 -0.323757
v 0.484537 -0.500000 -0.323757
v 0.489308 -0.444445 -0.326945
v 0.543690 -0.444444 -0.225204
v 0.484537 -0.500000 -0.323757
v 0.543690 -0.444444 -0.225204
v 0.538388 -0.500000 -0.223008
v 0.538388 -0.500000 -0.223008
v 0.543690 -0.444444 -0.225204
v 0.577178 -0.444444 -0.114808
v 0.538388 -0.500000 -0.223008
v 0.577178 -0.444444 -0.114808
v 0.571550 -0.500000 -0.113688
v 0.571550 -0.500000 -0.113688
v 0.577178 -0.444444 -0.114808
v 0.588485 -0.444444 -0.000000
v 0.571550 -0.500000 -0.113688
v 0.588485 -0.444444 -0.000000
v 0.582747 -0.500000 -0.000000
v 0.582747 -0.500000 -0.000000
v 0.588485 -0.444444 -0.000000
v 0.577178 -0.444444 0.114808
v 0.582747 -0.500000 -0.000000
v 0.577178 -0.444444 0.114808
v 0.571550 -0.500000 0.113688
v 0.571550 -0.500000 0.113688
v 0.577178 -0.444444 0.114808
v 0.543690 -0.444444 0.225204
v 0.571550 -0.500000 0.113688
v 0.543690 -0.444444 0.225204
v 0.538388 -0.500000 0.223008
v 0.538388 -0.500000 0.223008
v 0.543690 -0.444444 0.225204
v 0.489308 -0.444444 0.326945
v 0.538388 -0.500000 0.223008
v 0.489308 -0.444444 0.326945
v 0.484537 -0.500000 0.323757
v 0.484537 -0.500000 0.323757
v 0.489308 -0.444444 0.326945
v 0.416122 -0.444444 0.416122
v 0.484537 -0.500000 0.323757
v 0.416122 -0.444444 0.416122
v 0.412064 -0.500000 0.412065
v 0.412064 -0.500000 0.412065
v 0.416122 -0.444444 0.416122
v 0.326945 -0.444444 0.489308
v 0.412064 -0.500000 0.412065
v 0.326945 -0.444444 0.489308
v 0.323757 -0.500000 0.484537
v 0.323757 -0.500000 0.484537
v 0.326945 -0.444444 0.489308
v 0.225203 -0.444444 0.543690
v 0.323757 -0.500000 0.484537
v 0.225203 -0.444444 0.543690
v 0.223008 -0.500000 0.538388
v 0.223008 -0.500000 0.538388
v 0.225203 -0.444444 0.543690
v 0.114808 -0.444444 0.577178
v 0.223008 -0.500000 0.538388
v 0.114808 -0.444444 0.577178
v 0.113688 -0.500000 0.571550
v 0.113688 -0.500000 0.571550
v 0.114808 -0.444444 0.577178
v -0.000000 -0.444444 0.588485
v 0.113688 -0.500000 0.571550
v -0.000000 -0.444444 0.588485
v -0.000000 -0.500000 0.582747
v -0.000000 -0.500000 0.582747
v -0.000000 -0.444444 0.588485
v -0.114808 -0.444444 0.577178
v -0.000000 -0.500000 0.582747
v -0.114808 -0.444444 0.577178
v -0.113689 -0.500000 0.571550
v -0.113689 -0.500000 0.571550
v -0.114808 -0.444444 0.577178
v -0.225204 -0.444444 0.543690
v -0.113689 -0.500000 0.571550
v -0.225204 -0.444444 0.543690
v -0.223008 -0.500000 0.538388
v -0.223008 -0.500000 0.538388
v -0.225204 -0.444444 0.543690
v -0.326945 -0.444444 0.489308
v -0.223008 -0.500000 0.538388
v -0.326945 -0.444444 0.489308
v -0.323757 -0.500000 0.484536
v -0.323757 -0.500000 0.484536
v -0.326945 -0.444444 0.489308
v -0.416122 -0.444444 0.416122
v -0.323757 -0.500000 0.484536
v -0.416122 -0.444444 0.416122
v -0.412065 -0.500000 0.412064
v -0.412065 -0.500000 0.412064
v -0.416122 -0.444444 0.416122
v -0.489308 -0.444444 0.326945
v -0.412065 -0.500000 0.412064
v -0.489308 -0.444444 0.326945
v -0.484537 -0.500000 0.323757
v -0.484537 -0.500000 0.323757
v -0.489308 -0.444444 0.326945
v -0.543690 -0.444444 0.225203
v -0.484537 -0.500000 0.323757
v -0.543690 -0.444444 0.225203
v -0.538388 -0.500000 0.223007
v -0.538388 -0.500000 0.223007
v -0.543690 -0.444444 0.225203
v -0.577178 -0.444444 0.114807
v -0.538388 -0.500000 0.223007
v -0.577178 -0.444444 0.114807
v -0.571550 -0.500000 0.113688
v -0.571550 -0.500000 0.113688
v -0.577178 -0.444444 0.114807
v -0.588485 -0.444444 -0.000001
v -0.571550 -0.500000 0.113688
v -0.588485 -0.444444 -0.000001
v -0.582747 -0.500000 -0.000001
v -0.582747 -0.500000 -0.000001
v -0.588485 -0.444444 -0.000001
v -0.577178 -0.444444 -0.114808
v -0.582747 -0.500000 -0.000001
v -0.577178 -0.444444 -0.114808
v -0.571550 -0.500000 -0.113689
v -0.571550 -0.500000 -0.113689
v -0.577178 -0.444444 -0.114808
v -0.543689 -0.444444 -0.225204
v -0.571550 -0.500000 -0.113689
v -0.543689 -0.444444 -0.225204
v -0.538388 -0.500000 -0.223008
v -0.538388 -0.500000 -0.223008
v -0.543689 -0.444444 -0.225204
v -0.489307 -0.444445 -0.326946
v -0.538388 -0.500000 -0.223008
v -0.489307 -0.444445 -0.326946
v -0.484536 -0.500000 -0.323758
v -0.484536 -0.500000 -0.323758
v -0.489307 -0.444445 -0.326946
v -0.416122 -0.444445 -0.416123
v -0.484536 -0.500000 -0.323758
v -0.416122 -0.444445 -0.416123
v -0.412064 -0.500000 -0.412065
v -0.412064 -0.500000 -0.412065
v -0.416122 -0.444445 -0.416123
v -0.326944 -0.444445 -0.489308
v -0.412064 -0.500000 -0.412065
v -0.326944 -0.444445 -0.489308
v -0.323756 -0.500000 -0.484537
v -0.323756 -0.500000 -0.484537
v -0.326944 -0.444445 -0.489308
v -0.225203 -0.444445 -0.543690
v -0.323756 -0.500000 -0.484537
v -0.225203 -0.444445 -0.543690
v -0.223007 -0.500000 -0.538388
v -0.223007 -0.500000 -0.538388
v -0.225203 -0.444445 -0.543690
v -0.114807 -0.444445 -0.577178
v -0.223007 -0.500000 -0.538388
v -0.114807 -0.444445 -0.577178
v -0.113688 -0.500000 -0.571550
v -0.113688 -0.500000 -0.571550
v -0.114807 -0.444445 -0.577178
v -0.000000 -0.444445 -0.588485
v -0.113688 -0.500000 -0.571550
v -0.000000 -0.444445 -0.588485
v -0.000000 -0.500000 -0.582747
v -0.000000 -0.722222 -0.524615
v -0.000000 -0.666667 -0.543532
v 0.106038 -0.666667 -0.533089
v -0.000000 -0.722222 -0.524615
v 0.106038 -0.666667 -0.533089
v 0.102347 -0.722222 -0.514534
v 0.102347 -0.722222 -0.514534
v 0.106038 -0.666667 -0.533089
v 0.208001 -0.666667 -0.502159
v 0.102347 -0.722222 -0.514534
v 0.208001 -0.666667 -0.502159
v 0.200761 -0.722222 -0.484681
v 0.200761 -0.722222 -0.484681
v 0.208001 -0.666667 -0.502159
v 0.301970 -0.666667 -0.451931
v 0.200761 -0.722222 -0.484681
v 0.301970 -0.666667 -0.451931
v 0.291460 -0.722222 -0.436201
v 0.291460 -0.722222 -0.436201
v 0.301970 -0.666667 -0.451931
v 0.384336 -0.666667 -0.384336
v 0.291460 -0.722222 -0.436201
v 0.384336 -0.666667 -0.384336
v 0.370959 -0.722222 -0.370959
v 0.370959 -0.722222 -0.370959
v 0.384336 -0.666667 -0.384336
v 0.451931 -0.666667 -0.301970
v 0.370959 -0.722222 -0.370959
v 0.451931 -0.666667 -0.301970
v 0.436201 -0.722222 -0.291460
v 0.436201 -0.722222 -0.291460
v 0.451931 -0.666667 -0.301970
v 0.502159 -0.666667 -0.208001
v 0.436201 -0.722222 -0.291460
v 0.502159 -0.666667 -0.208001
v 0.484681 -0.722222 -0.200761
v 0.484681 -0.722222 -0.200761
v 0.502159 -0.666667 -0.208001
v 0.533089 -0.666667 -0.106038
v 0.484681 -0.722222 -0.200761
v 0.533089 -0.666667 -0.106038
v 0.514534 -0.722222 -0.102347
v 0.514534 -0.722222 -0.102347
v 0.533089 -0.666667 -0.106038
v 0.543533 -0.666667 -0.000000
v 0.514534 -0.722222 -0.102347
v 0.543533 -0.666667 -0.000000
v 0.524615 -0.722222 0.000000
v 0.524615 -0.722222 0.000000
v 0.543533 -0.666667 -0.000000
v 0.533089 -0.666667 0.106038
v 0.524615 -0.722222 0.000000
v 0.533089 -0.666667 0.106038
v 0.514534 -0.722222 0.102347
v 0.514534 -0.722222 0.102347
v 0.533089 -0.666667 0.106038
v 0.502159 -0.666667 0.208001
v 0.514534 -0.722222 0.102347
v 0.502159 -0.666667 0.208001
v 0.484681 -0.722222 0.200761
v 0.484681 -0.722222 0.200761
v 0.502159 -0.666667 0.208001
v 0.451931 -0.666667 0.301970
v 0.484681 -0.722222 0.200761
v 0.451931 -0.666667 0.301970
v 0.436201 -0.722222 0.291460
v 0.436201 -0.722222 0.291460
v 0.451931 -0.666667 0.301970
v 0.384336 -0.666667 0.384336
v 0.436201 -0.722222 0.291460
v 0.384336 -0.666667 0.384336
v 0.370959 -0.722222 0.370959
v 0.370959 -0.722222 0.370959
v 0.384336 -0.666667 0.384336
v 0.301970 -0.666667 0.451931
v 0.370959 -0.722222 0.370959
v 0.301970 -0.666667 0.451931
v 0.291460 -0.722222 0.436201
v 0.291460 -0.722222 0.436201
v 0.301970 -0.666667 0.451931
v 0.208001 -0.666667 0.502159
v 0.291460 -0.722222 0.436201
v 0.208001 -0.666667 0.502159
v 0.200761 -0.722222 0.484681
v 0.200761 -0.722222 0.484681
v 0.208001 -0.666667 0.502159
v 0.106038 -0.666667 0.533089
v 0.200761 -0.722222 0.484681
v 0.106038 -0.666667 0.533089
v 0.102347 -0.722222 0.514534
v 0.102347 -0.722222 0.514534
v 0.106038 -0.666667 0.533089
v -0.000000 -0.666667 0.543533
v 0.102347 -0.722222 0.514534
v -0.000000 -0.666667 0.543533
v -0.000000 -0.722222 0.524615
v -0.000000 -0.722222 0.524615
v -0.000000 -0.666667 0.543533
v -0.106038 -0.666667 0.533089
v -0.000000 -0.722222 0.524615
v -0.106038 -0.666667 0.533089
v -0.102348 -0.722222 0.514534
v -0.102348 -0.722222 0.514534
v -0.106038 -0.666667 0.533089
v -0.208001 -0.666667 0.502159
v -0.102348 -0.722222 0.514534
v -0.208001 -0.666667 0.502159
v -0.200762 -0.722222 0.484681
v -0.200762 -0.722222 0.484681
v -0.208001 -0.666667 0.502159
v -0.301971 -0.666667 0.451931
v -0.200762 -0.722222 0.484681
v -0.301971 -0.666667 0.451931
v -0.291461 -0.722222 0.436201
v -0.291461 -0.722222 0.436201
v -0.301971 -0.666667 0.451931
v -0.384336 -0.666667 0.384335
v -0.291461 -0.722222 0.436201
v -0.384336 -0.666667 0.384335
v -0.370959 -0.722222 0.370958
v -0.370959 -0.722222 0.370958
v -0.384336 -0.666667 0.384335
v -0.451931 -0.666667 0.301970
v -0.370959 -0.722222 0.370958
v -0.451931 -0.666667 0.301970
v -0.436201 -0.722222 0.291460
v -0.436201 -0.722222 0.291460
v -0.451931 -0.666667 0.301970
v -0.502159 -0.666667 0.208001
v -0.436201 -0.722222 0.291460
v -0.502159 -0.666667 0.208001
v -0.484681 -0.722222 0.200761
v -0.484681 -0.722222 0.200761
v -0.502159 -0.666667 0.208001
v -0.533089 -0.666667 0.106038
v -0.484681 -0.722222 0.200761
v -0.533089 -0.666667 0.106038
v -0.514535 -0.722222 0.102347
v -0.514535 -0.722222 0.102347
v -0.533089 -0.666667 0.106038
v -0.543533 -0.666667 -0.000000
v -0.514535 -0.722222 0.102347
v -0.543533 -0.666667 -0.000000
v -0.524615 -0.722222 -0.000000
v -0.524615 -0.722222 -0.000000
v -0.543533 -0.666667 -0.000000
v -0.533089 -0.666667 -0.106038
v -0.524615 -0.722222 -0.000000
v -0.533089 -0.666667 -0.106038
v -0.514534 -0.722222 -0.102348
v -0.514534 -0.722222 -0.102348
v -0.533089 -0.666667 -0.106038
v -0.502158 -0.666667 -0.208001
v -0.514534 -0.722222 -0.102348
v -0.502158 -0.666667 -0.208001
v -0.484681 -0.722222 -0.200762
v -0.484681 -0.722222 -0.200762
v -0.502158 -0.666667 -0.208001
v -0.451930 -0.666667 -0.301971
v -0.484681 -0.722222 -0.200762
v -0.451930 -0.666667 -0.301971
v -0.436201 -0.722222 -0.291461
v -0.436201 -0.722222 -0.291461
v -0.451930 -0.666667 -0.301971
v -0.384335 -0.666667 -0.384336
v -0.436201 -0.722222 -0.291461
v -0.384335 -0.666667 -0.384336
v -0.370958 -0.722222 -0.370959
v -0.370958 -0.722222 -0.370959
v -0.384335 -0.666667 -0.384336
v -0.301970 -0.666667 -0.451931
v -0.370958 -0.722222 -0.370959
v -0.301970 -0.666667 -0.451931
v -0.291460 -0.722222 -0.436202
v -0.291460 -0.722222 -0.436202
v -0.301970 -0.666667 -0.451931
v -0.208000 -0.666667 -0.502159
v -0.291460 -0.722222 -0.436202
v -0.208000 -0.666667 -0.502159
v -0.200761 -0.722222 -0.484681
v -0.200761 -0.722222 -0.484681
v -0.208000 -0.666667 -0.502159
v -0.106037 -0.666667 -0.533089
v -0.200761 -0.722222 -0.484681
v -0.106037 -0.666667 -0.533089
v -0.102347 -0.722222 -0.514535
v -0.102347 -0.722222 -0.514535
v -0.106037 -0.666667 -0.533089
v -0.000000 -0.666667 -0.543532
v -0.102347 -0.722222 -0.514535
v -0.000000 -0.666667 -0.543532
v -0.000000 -0.722222 -0.524615
v -0.000000 -0.944444 -0.379286
v -0.000000 -0.888889 -0.425248
v 0.082962 -0.888889 -0.417077
v -0.000000 -0.944444 -0.379286
v 0.082962 -0.888889 -0.417077
v 0.073995 -0.944444 -0.371998
v 0.073995 -0.944444 -0.371998
v 0.082962 -0.888889 -0.417077
v 0.162735 -0.888889 -0.392878
v 0.073995 -0.944444 -0.371998
v 0.162735 -0.888889 -0.392878
v 0.145146 -0.944444 -0.350414
v 0.145146 -0.944444 -0.350414
v 0.162735 -0.888889 -0.392878
v 0.236255 -0.888889 -0.353581
v 0.145146 -0.944444 -0.350414
v 0.236255 -0.888889 -0.353581
v 0.210720 -0.944444 -0.315365
v 0.210720 -0.944444 -0.315365
v 0.236255 -0.888889 -0.353581
v 0.300696 -0.888889 -0.300696
v 0.210720 -0.944444 -0.315365
v 0.300696 -0.888889 -0.300696
v 0.268196 -0.944444 -0.268196
v 0.268196 -0.944444 -0.268196
v 0.300696 -0.888889 -0.300696
v 0.353581 -0.888889 -0.236255
v 0.268196 -0.944444 -0.268196
v 0.353581 -0.888889 -0.236255
v 0.315365 -0.944444 -0.210720
v 0.315365 -0.944444 -0.210720
v 0.353581 -0.888889 -0.236255
v 0.392878 -0.888889 -0.162735
v 0.315365 -0.944444 -0.210720
v 0.392878 -0.888889 -0.162735
v 0.350414 -0.944444 -0.145146
v 0.350414 -0.944444 -0.145146
v 0.392878 -0.888889 -0.162735
v 0.417077 -0.888889 -0.082962
v 0.350414 -0.944444 -0.145146
v 0.417077 -0.888889 -0.082962
v 0.371998 -0.944444 -0.073995
v 0.371998 -0.944444 -0.073995
v 0.417077 -0.888889 -0.082962
v 0.425248 -0.888889 0.000000
v 0.371998 -0.944444 -0.073995
v 0.425248 -0.888889 0.000000
v 0.379286 -0.944444 0.000000
v 0.379286 -0.944444 0.000000
v 0.425248 -0.888889 0.000000
v 0.417077 -0.888889 0.082962
v 0.379286 -0.944444 0.000000
v 0.417077 -0.888889 0.082962
v 0.371998 -0.944444 0.073995
v 0.371998 -0.944444 0.073995
v 0.417077 -0.888889 0.082962
v 0.392878 -0.888889 0.162735
v 0.371998 -0.944444 0.073995
v 0.392878 -0.888889 0.162735
v 0.350414 -0.944444 0.145146
v 0.350414 -0.944444 0.145146
v 0.392878 -0.888889 0.162735
v 0.353581 -0.888889 0.236255
v 0.350414 -0.944444 0.145146
v 0.353581 -0.888889 0.236255
v 0.315365 -0.944444 0.210720
v 0.315365 -0.944444 0.210720
v 0.353581 -0.888889 0.236255
v 0.300696 -0.888889 0.300696
v 0.315365 -0.944444 0.210720
v 0.300696 -0.888889 0.300696
v 0.268196 -0.944444 0.268196
v 0.268196 -0.944444 0.268196
v 0.300696 -0.888889 0.300696
v 0.236255 -0.888889 0.353581
v 0.268196 -0.944444 0.268196
v 0.236255 -0.888889 0.353581
v 0.210720 -0.944444 0.315365
v 0.210720 -0.944444 0.315365
v 0.236255 -0.888889 0.353581
v 0.162735 -0.888889 0.392878
v 0.210720 -0.944444 0.315365
v 0.162735 -0.888889 0.392878
v 0.145146 -0.944444 0.350415
v 0.145146 -0.944444 0.350415
v 0.162735 -0.888889 0.392878
v 0.082962 -0.888889 0.417077
v 0.145146 -0.944444 0.350415
v 0.082962 -0.888889 0.417077
v 0.073995 -0.944444 0.371998
v 0.073995 -0.944444 0.371998
v 0.082962 -0.888889 0.417077
v -0.000000 -0.888889 0.425248
v 0.073995 -0.944444 0.371998
v -0.000000 -0.888889 0.425248
v -0.000000 -0.944444 0.379286
v -0.000000 -0.944444 0.379286
v -0.000000 -0.888889 0.425248
v -0.082962 -0.888889 0.417077
v -0.000000 -0.944444 0.379286
v -0.082962 -0.888889 0.417077
v -0.073995 -0.944444 0.371998
v -0.073995 -0.944444 0.371998
v -0.082962 -0.888889 0.417077
v -0.162736 -0.888889 0.392878
v -0.073995 -0.944444 0.371998
v -0.162736 -0.888889 0.392878
v -0.145147 -0.944444 0.350414
v -0.145147 -0.944444 0.350414
v -0.162736 -0.888889 0.392878
v -0.236255 -0.888889 0.353581
v -0.145147 -0.944444 0.350414
v -0.236255 -0.888889 0.353581
v -0.210720 -0.944444 0.315365
v -0.210720 -0.944444 0.315365
v -0.236255 -0.888889 0.353581
v -0.300696 -0.888889 0.300696
v -0.210720 -0.944444 0.315365
v -0.300696 -0.888889 0.300696
v -0.268196 -0.944444 0.268195
v -0.268196 -0.944444 0.268195
v -0.300696 -0.888889 0.300696
v -0.353581 -0.888889 0.236255
v -0.268196 -0.944444 0.268195
v -0.353581 -0.888889 0.236255
v -0.315365 -0.944444 0.210720
v -0.315365 -0.944444 0.210720
v -0.353581 -0.888889 0.236255
v -0.392878 -0.888889 0.162735
v -0.315365 -0.944444 0.210720
v -0.392878 -0.888889 0.162735
v -0.350415 -0.944444 0.145146
v -0.350415 -0.944444 0.145146
v -0.392878 -0.888889 0.162735
v -0.417077 -0.888889 0.082961
v -0.350415 -0.944444 0.145146
v -0.417077 -0.888889 0.082961
v -0.371998 -0.944444 0.073995
v -0.371998 -0.944444 0.073995
v -0.417077 -0.888889 0.082961
v -0.425248 -0.888889 -0.000000
v -0.371998 -0.944444 0.073995
v -0.425248 -0.888889 -0.000000
v -0.379286 -0.944444 -0.000000
v -0.379286 -0.944444 -0.000000
v -0.425248 -0.888889 -0.000000
v -0.417077 -0.888889 -0.082962
v -0.379286 -0.944444 -0.000000
v -0.417077 -0.888889 -0.082962
v -0.371998 -0.944444 -0.073995
v -0.371998 -0.944444 -0.073995
v -0.417077 -0.888889 -0.082962
v -0.392878 -0.888889 -0.162736
v -0.371998 -0.944444 -0.073995
v -0.392878 -0.888889 -0.162736
v -0.350414 -0.944444 -0.145147
v -0.350414 -0.944444 -0.145147
v -0.392878 -0.888889 -0.162736
v -0.353581 -0.888889 -0.236256
v -0.350414 -0.944444 -0.145147
v -0.353581 -0.888889 -0.236256
v -0.315364 -0.944444 -0.210720
v -0.315364 -0.944444 -0.210720
v -0.353581 -0.888889 -0.236256
v -0.300695 -0.888889 -0.300696
v -0.315364 -0.944444 -0.210720
v -0.300695 -0.888889 -0.300696
v -0.268195 -0.944444 -0.268196
v -0.268195 -0.944444 -0.268196
v -0.300695 -0.888889 -0.300696
v -0.236255 -0.888889 -0.353581
v -0.268195 -0.944444 -0.268196
v -0.236255 -0.888889 -0.353581
v -0.210720 -0.944444 -0.315365
v -0.210720 -0.944444 -0.315365
v -0.236255 -0.888889 -0.353581
v -0.162735 -0.888889 -0.392878
v -0.210720 -0.944444 -0.315365
v -0.162735 -0.888889 -0.392878
v -0.145146 -0.944444 -0.350415
v -0.145146 -0.944444 -0.350415
v -0.162735 -0.888889 -0.392878
v -0.082961 -0.888889 -0.417077
v -0.145146 -0.944444 -0.350415
v -0.082961 -0.888889 -0.417077
v -0.073994 -0.944444 -0.371998
v -0.073994 -0.944444 -0.371998
v -0.082961 -0.888889 -0.417077
v -0.000000 -0.888889 -0.425248
v -0.073994 -0.944444 -0.371998
v -0.000000 -0.888889 -0.425248
v -0.000000 -0.944444 -0.379286
v -0.062872 -1.000000 -0.316082
v -0.073994 -0.944444 -0.371998
v -0.000000 -0.944444 -0.379286
v -0.062872 -1.000000 -0.316082
v -0.000000 -0.944444 -0.379286
v -0.000000 -1.000000 -0.322274
v -0.123328 -1.000000 -0.297742
v -0.145146 -0.944444 -0.350415
v -0.073994 -0.944444 -0.371998
v -0.123328 -1.000000 -0.297742
v -0.073994 -0.944444 -0.371998
v -0.062872 -1.000000 -0.316082
v -0.179045 -1.000000 -0.267961
v -0.210720 -0.944444 -0.315365
v -0.145146 -0.944444 -0.350415
v -0.179045 -1.000000 -0.267961
v -0.145146 -0.944444 -0.350415
v -0.123328 -1.000000 -0.297742
v -0.227882 -1.000000 -0.227882
v -0.268195 -0.944444 -0.268196
v -0.210720 -0.944444 -0.315365
v -0.227882 -1.000000 -0.227882
v -0.210720 -0.944444 -0.315365
v -0.179045 -1.000000 -0.267961
v -0.267961 -1.000000 -0.179046
v -0.315364 -0.944444 -0.210720
v -0.268195 -0.944444 -0.268196
v -0.267961 -1.000000 -0.179046
v -0.268195 -0.944444 -0.268196
v -0.227882 -1.000000 -0.227882
v -0.297742 -1.000000 -0.123329
v -0.350414 -0.944444 -0.145147
v -0.315364 -0.944444 -0.210720
v -0.297742 -1.000000 -0.123329
v -0.315364 -0.944444 -0.210720
v -0.267961 -1.000000 -0.179046
v -0.316081 -1.000000 -0.062873
v -0.371998 -0.944444 -0.073995
v -0.350414 -0.944444 -0.145147
v -0.316081 -1.000000 -0.062873
v -0.350414 -0.944444 -0.145147
v -0.297742 -1.000000 -0.123329
v -0.322274 -1.000000 -0.000000
v -0.379286 -0.944444 -0.000000
v -0.371998 -0.944444 -0.073995
v -0.322274 -1.000000 -0.000000
v -0.371998 -0.944444 -0.073995
v -0.316081 -1.000000 -0.062873
v -0.316082 -1.000000 0.062872
v -0.371998 -0.944444 0.073995
v -0.379286 -0.944444 -0.000000
v -0.316082 -1.000000 0.062872
v -0.379286 -0.944444 -0.000000
v -0.322274 -1.000000 -0.000000
v -0.297742 -1.000000 0.123329
v -0.350415 -0.944444 0.145146
v -0.371998 -0.944444 0.073995
v -0.297742 -1.000000 0.123329
v -0.371998 -0.944444 0.073995
v -0.316082 -1.000000 0.062872
v -0.267961 -1.000000 0.179046
v -0.315365 -0.944444 0.210720
v -0.350415 -0.944444 0.145146
v -0.267961 -1.000000 0.179046
v -0.350415 -0.944444 0.145146
v -0.297742 -1.000000 0.123329
v -0.227882 -1.000000 0.227882
v -0.268196 -0.944444 0.268195
v -0.315365 -0.944444 0.210720
v -0.227882 -1.000000 0.227882
v -0.315365 -0.944444 0.210720
v -0.267961 -1.000000 0.179046
v -0.179046 -1.000000 0.267961
v -0.210720 -0.944444 0.315365
v -0.268196 -0.944444 0.268195
v -0.179046 -1.000000 0.267961
v -0.268196 -0.944444 0.268195
v -0.227882 -1.000000 0.227882
v -0.123329 -1.000000 0.297742
v -0.145147 -0.944444 0.350414
v -0.210720 -0.944444 0.315365
v -0.123329 -1.000000 0.297742
v -0.210720 -0.944444 0.315365
v -0.179046 -1.000000 0.267961
v -0.062873 -1.000000 0.316082
v -0.073995 -0.944444 0.371998
v -0.145147 -0.944444 0.350414
v -0.062873 -1.000000 0.316082
v -0.145147 -0.944444 0.350414
v -0.123329 -1.000000 0.297742
v -0.000000 -1.000000 0.322274
v -0.000000 -0.944444 0.379286
v -0.073995 -0.944444 0.371998
v -0.000000 -1.000000 0.322274
v -0.073995 -0.944444 0.371998
v -0.062873 -1.000000 0.316082
v 0.062872 -1.000000 0.316082
v 0.073995 -0.944444 0.371998
v -0.000000 -0.944444 0.379286
v 0.062872 -1.000000 0.316082
v -0.000000 -0.944444 0.379286
v -0.000000 -1.000000 0.322274
v 0.123329 -1.000000 0.297742
v 0.145146 -0.944444 0.350415
v 0.073995 -0.944444 0.371998
v 0.123329 -1.000000 0.297742
v 0.073995 -0.944444 0.371998
v 0.062872 -1.000000 0.316082
v 0.179046 -1.000000 0.267961
v 0.210720 -0.944444 0.315365
v 0.145146 -0.944444 0.350415
v 0.179046 -1.000000 0.267961
v 0.145146 -0.944444 0.350415
v 0.123329 -1.000000 0.297742
v 0.227882 -1.000000 0.227882
v 0.268196 -0.944444 0.268196
v 0.210720 -0.944444 0.315365
v 0.227882 -1.000000 0.227882
v 0.210720 -0.944444 0.315365
v 0.179046 -1.000000 0.267961
v 0.267961 -1.000000 0.179046
v 0.315365 -0.944444 0.210720
v 0.268196 -0.944444 0.268196
v 0.267961 -1.000000 0.179046
v 0.268196 -0.944444 0.268196
v 0.227882 -1.000000 0.227882
v 0.297742 -1.000000 0.123329
v 0.350414 -0.944444 0.145146
v 0.315365 -0.944444 0.210720
v 0.297742 -1.000000 0.123329
v 0.315365 -0.944444 0.210720
v 0.267961 -1.000000 0.179046
v 0.316082 -1.000000 0.062873
v 0.371998 -0.944444 0.073995
v 0.350414 -0.944444 0.145146
v 0.316082 -1.000000 0.062873
v 0.350414 -0.944444 0.145146
v 0.297742 -1.000000 0.123329
v 0.322274 -1.000000 0.000000
v 0.379286 -0.944444 0.000000
v 0.371998 -0.944444 0.073995
v 0.322274 -1.000000 0.000000
v 0.371998 -0.944444 0.073995
v 0.316082 -1.000000 0.062873
v 0.316082 -1.000000 -0.062873
v 0.371998 -0.944444 -0.073995
v 0.379286 -0.944444 0.000000
v 0.316082 -1.000000 -0.062873
v 0.379286 -0.944444 0.000000
v 0.322274 -1.000000 0.000000
v 0.297742 -1.000000 -0.123329
v 0.350414 -0.944444 -0.145146
v 0.371998 -0.944444 -0.073995
v 0.297742 -1.000000 -0.123329
v 0.371998 -0.944444 -0.073995
v 0.316082 -1.000000 -0.062873
v 0.267961 -1.000000 -0.179046
v 0.315365 -0.944444 -0.210720
v 0.350414 -0.944444 -0.145146
v 0.267961 -1.000000 -0.179046
v 0.350414 -0.944444 -0.145146
v 0.297742 -1.000000 -0.123329
v 0.227882 -1.000000 -0.227882
v 0.268196 -0.944444 -0.268196
v 0.315365 -0.944444 -0.210720
v 0.227882 -1.000000 -0.227882
v 0.315365 -0.944444 -0.210720
v 0.267961 -1.000000 -0.179046
v 0.179046 -1.000000 -0.267961
v 0.210720 -0.944444 -0.315365
v 0.268196 -0.944444 -0.268196
v 0.179046 -1.000000 -0.267961
v 0.268196 -0.944444 -0.268196
v 0.227882 -1.000000 -0.227882
v 0.123329 -1.000000 -0.297742
v 0.145146 -0.944444 -0.350414
v 0.210720 -0.944444 -0.315365
v 0.123329 -1.000000 -0.297742
v 0.210720 -0.944444 -0.315365
v 0.179046 -1.000000 -0.267961
v 0.062873 -1.000000 -0.316081
v 0.073995 -0.944444 -0.371998
v 0.145146 -0.944444 -0.350414
v 0.062873 -1.000000 -0.316081
v 0.145146 -0.944444 -0.350414
v 0.123329 -1.000000 -0.297742
v -0.000000 -1.000000 -0.322274
v -0.000000 -0.944444 -0.379286
v 0.073995 -0.944444 -0.371998
v -0.000000 -1.000000 -0.322274
v 0.073995 -0.944444 -0.371998
v 0.062873 -1.000000 -0.316081
v -0.000000 -0.888889 -0.425248
v -0.000000 -0.833333 -0.467826
v 0.091268 -0.833333 -0.458837
v -0.000000 -0.888889 -0.425248
v 0.091268 -0.833333 -0.458837
v 0.082962 -0.888889 -0.417077
v 0.082962 -0.888889 -0.417077
v 0.091268 -0.833333 -0.458837
v 0.179029 -0.833333 -0.432215
v 0.082962 -0.888889 -0.417077
v 0.179029 -0.833333 -0.432215
v 0.162735 -0.888889 -0.392878
v 0.162735 -0.888889 -0.392878
v 0.179029 -0.833333 -0.432215
v 0.259910 -0.833333 -0.388983
v 0.162735 -0.888889 -0.392878
v 0.259910 -0.833333 -0.388983
v 0.236255 -0.888889 -0.353581
v 0.236255 -0.888889 -0.353581
v 0.259910 -0.833333 -0.388983
v 0.330803 -0.833333 -0.330803
v 0.236255 -0.888889 -0.353581
v 0.330803 -0.833333 -0.330803
v 0.300696 -0.888889 -0.300696
v 0.300696 -0.888889 -0.300696
v 0.330803 -0.833333 -0.330803
v 0.388983 -0.833333 -0.259910
v 0.300696 -0.888889 -0.300696
v 0.388983 -0.833333 -0.259910
v 0.353581 -0.888889 -0.236255
v 0.353581 -0.888889 -0.236255
v 0.388983 -0.833333 -0.259910
v 0.432215 -0.833333 -0.179029
v 0.353581 -0.888889 -0.236255
v 0.432215 -0.833333 -0.179029
v 0.392878 -0.888889 -0.162735
v 0.392878 -0.888889 -0.162735
v 0.432215 -0.833333 -0.179029
v 0.458837 -0.833333 -0.091268
v 0.392878 -0.888889 -0.162735
v 0.458837 -0.833333 -0.091268
v 0.417077 -0.888889 -0.082962
v 0.417077 -0.888889 -0.082962
v 0.458837 -0.833333 -0.091268
v 0.467826 -0.833333 0.000000
v 0.417077 -0.888889 -0.082962
v 0.467826 -0.833333 0.000000
v 0.425248 -0.888889 0.000000
v 0.425248 -0.888889 0.000000
v 0.467826 -0.833333 0.000000
v 0.458837 -0.833333 0.091268
v 0.425248 -0.888889 0.000000
v 0.458837 -0.833333 0.091268
v 0.417077 -0.888889 0.082962
v 0.417077 -0.888889 0.082962
v 0.458837 -0.833333 0.091268
v 0.432215 -0.833333 0.179029
v 0.417077 -0.888889 0.082962
v 0.432215 -0.833333 0.179029
v 0.392878 -0.888889 0.162735
v 0.392878 -0.888889 0.162735
v 0.432215 -0.833333 0.179029
v 0.388983 -0.833333 0.259910
v 0.392878 -0.888889 0.162735
v 0.388983 -0.833333 0.259910
v 0.353581 -0.888889 0.236255
v 0.353581 -0.888889 0.236255
v 0.388983 -0.833333 0.259910
v 0.330803 -0.833333 0.330803
v 0.353581 -0.888889 0.236255
v 0.330803 -0.833333 0.330803
v 0.300696 -0.888889 0.300696
v 0.300696 -0.888889 0.300696
v 0.330803 -0.833333 0.330803
v 0.259910 -0.833333 0.388983
v 0.300696 -0.888889 0.300696
v 0.259910 -0.833333 0.388983
v 0.236255 -0.888889 0.353581
v 0.236255 -0.888889 0.353581
v 0.259910 -0.833333 0.388983
v 0.179029 -0.833333 0.432215
v 0.236255 -0.888889 0.353581
v 0.179029 -0.833333 0.432215
v 0.162735 -0.888889 0.392878
v 0.162735 -0.888889 0.392878
v 0.179029 -0.833333 0.432215
v 0.091268 -0.833333 0.458837
v 0.162735 -0.888889 0.392878
v 0.091268 -0.833333 0.458837
v 0.082962 -0.888889 0.417077
v 0.082962 -0.888889 0.417077
v 0.091268 -0.833333 0.458837
v -0.000000 -0.833333 0.467826
v 0.082962 -0.888889 0.417077
v -0.000000 -0.833333 0.467826
v -0.000000 -0.888889 0.425248
v -0.000000 -0.888889 0.425248
v -0.000000 -0.833333 0.467826
v -0.091269 -0.833333 0.458837
v -0.000000 -0.888889 0.425248
v -0.091269 -0.833333 0.458837
v -0.082962 -0.888889 0.417077
v -0.082962 -0.888889 0.417077
v -0.091269 -0.833333 0.458837
v -0.179030 -0.833333 0.432215
v -0.082962 -0.888889 0.417077
v -0.179030 -0.833333 0.432215
v -0.162736 -0.888889 0.392878
v -0.162736 -0.888889 0.392878
v -0.179030 -0.833333 0.432215
v -0.259911 -0.833333 0.388983
v -0.162736 -0.888889 0.392878
v -0.259911 -0.833333 0.388983
v -0.236255 -0.888889 0.353581
v -0.236255 -0.888889 0.353581
v -0.259911 -0.833333 0.388983
v -0.330803 -0.833333 0.330803
v -0.236255 -0.888889 0.353581
v -0.330803 -0.833333 0.330803
v -0.300696 -0.888889 0.300696
v -0.300696 -0.888889 0.300696
v -0.330803 -0.833333 0.330803
v -0.388984 -0.833333 0.259910
v -0.300696 -0.888889 0.300696
v -0.388984 -0.833333 0.259910
v -0.353581 -0.888889 0.236255
v -0.353581 -0.888889 0.236255
v -0.388984 -0.833333 0.259910
v -0.432215 -0.833333 0.179029
v -0.353581 -0.888889 0.236255
v -0.432215 -0.833333 0.179029
v -0.392878 -0.888889 0.162735
v -0.392878 -0.888889 0.162735
v -0.432215 -0.833333 0.179029
v -0.458837 -0.833333 0.091268
v -0.392878 -0.888889 0.162735
v -0.458837 -0.833333 0.091268
v -0.417077 -0.888889 0.082961
v -0.417077 -0.888889 0.082961
v -0.458837 -0.833333 0.091268
v -0.467826 -0.833333 -0.000000
v -0.417077 -0.888889 0.082961
v -0.467826 -0.833333 -0.000000
v -0.425248 -0.888889 -0.000000
v -0.425248 -0.888889 -0.000000
v -0.467826 -0.833333 -0.000000
v -0.458837 -0.833333 -0.091269
v -0.425248 -0.888889 -0.000000
v -0.458837 -0.833333 -0.091269
v -0.417077 -0.888889 -0.082962
v -0.417077 -0.888889 -0.082962
v -0.458837 -0.833333 -0.091269
v -0.432215 -0.833333 -0.179030
v -0.417077 -0.888889 -0.082962
v -0.432215 -0.833333 -0.179030
v -0.392878 -0.888889 -0.162736
v -0.392878 -0.888889 -0.162736
v -0.432215 -0.833333 -0.179030
v -0.388983 -0.833333 -0.259911
v -0.392878 -0.888889 -0.162736
v -0.388983 -0.833333 -0.259911
v -0.353581 -0.888889 -0.236256
v -0.353581 -0.888889 -0.236256
v -0.388983 -0.833333 -0.259911
v -0.330803 -0.833333 -0.330803
v -0.353581 -0.888889 -0.236256
v -0.330803 -0.833333 -0.330803
v -0.300695 -0.888889 -0.300696
v -0.300695 -0.888889 -0.300696
v -0.330803 -0.833333 -0.330803
v -0.259910 -0.833333 -0.388984
v -0.300695 -0.888889 -0.300696
v -0.259910 -0.833333 -0.388984
v -0.236255 -0.888889 -0.353581
v -0.236255 -0.888889 -0.353581
v -0.259910 -0.833333 -0.388984
v -0.179029 -0.833333 -0.432215
v -0.236255 -0.888889 -0.353581
v -0.179029 -0.833333 -0.432215
v -0.162735 -0.888889 -0.392878
v -0.162735 -0.888889 -0.392878
v -0.179029 -0.833333 -0.432215
v -0.091268 -0.833333 -0.458837
v -0.162735 -0.888889 -0.392878
v -0.091268 -0.833333 -0.458837
v -0.082961 -0.888889 -0.417077
v -0.082961 -0.888889 -0.417077
v -0.091268 -0.833333 -0.458837
v -0.000000 -0.833333 -0.467826
v -0.082961 -0.888889 -0.417077
v -0.000000 -0.833333 -0.467826
v -0.000000 -0.888889 -0.425248
v -0.097544 -0.777778 -0.490393
v -0.102347 -0.722222 -0.514535
v -0.000000 -0.722222 -0.524615
v -0.097544 -0.777778 -0.490393
v -0.000000 -0.722222 -0.524615
v -0.000000 -0.777778 -0.500000
v -0.191341 -0.777778 -0.461940
v -0.200761 -0.722222 -0.484681
v -0.102347 -0.722222 -0.514535
v -0.191341 -0.777778 -0.461940
v -0.102347 -0.722222 -0.514535
v -0.097544 -0.777778 -0.490393
v -0.277785 -0.777778 -0.415735
v -0.291460 -0.722222 -0.436202
v -0.200761 -0.722222 -0.484681
v -0.277785 -0.777778 -0.415735
v -0.200761 -0.722222 -0.484681
v -0.191341 -0.777778 -0.461940
v -0.353553 -0.777778 -0.353554
v -0.370958 -0.722222 -0.370959
v -0.291460 -0.722222 -0.436202
v -0.353553 -0.777778 -0.353554
v -0.291460 -0.722222 -0.436202
v -0.277785 -0.777778 -0.415735
v -0.415734 -0.777778 -0.277786
v -0.436201 -0.722222 -0.291461
v -0.370958 -0.722222 -0.370959
v -0.415734 -0.777778 -0.277786
v -0.370958 -0.722222 -0.370959
v -0.353553 -0.777778 -0.353554
v -0.461940 -0.777778 -0.191342
v -0.484681 -0.722222 -0.200762
v -0.436201 -0.722222 -0.291461
v -0.461940 -0.777778 -0.191342
v -0.436201 -0.722222 -0.291461
v -0.415734 -0.777778 -0.277786
v -0.490393 -0.777778 -0.097546
v -0.514534 -0.722222 -0.102348
v -0.484681 -0.722222 -0.200762
v -0.490393 -0.777778 -0.097546
v -0.484681 -0.722222 -0.200762
v -0.461940 -0.777778 -0.191342
v -0.500000 -0.777778 -0.000000
v -0.524615 -0.722222 -0.000000
v -0.514534 -0.722222 -0.102348
v -0.500000 -0.777778 -0.000000
v -0.514534 -0.722222 -0.102348
v -0.490393 -0.777778 -0.097546
v -0.490393 -0.777778 0.097545
v -0.514535 -0.722222 0.102347
v -0.524615 -0.722222 -0.000000
v -0.490393 -0.777778 0.097545
v -0.524615 -0.722222 -0.000000
v -0.500000 -0.777778 -0.000000
v -0.461940 -0.777778 0.191341
v -0.484681 -0.722222 0.200761
v -0.514535 -0.722222 0.102347
v -0.461940 -0.777778 0.191341
v -0.514535 -0.722222 0.102347
v -0.490393 -0.777778 0.097545
v -0.415735 -0.777778 0.277785
v -0.436201 -0.722222 0.291460
v -0.484681 -0.722222 0.200761
v -0.415735 -0.777778 0.277785
v -0.484681 -0.722222 0.200761
v -0.461940 -0.777778 0.191341
v -0.353554 -0.777778 0.353553
v -0.370959 -0.722222 0.370958
v -0.436201 -0.722222 0.291460
v -0.353554 -0.777778 0.353553
v -0.436201 -0.722222 0.291460
v -0.415735 -0.777778 0.277785
v -0.277785 -0.777778 0.415735
v -0.291461 -0.722222 0.436201
v -0.370959 -0.722222 0.370958
v -0.277785 -0.777778 0.415735
v -0.370959 -0.722222 0.370958
v -0.353554 -0.777778 0.353553
v -0.191342 -0.777778 0.461940
v -0.200762 -0.722222 0.484681
v -0.291461 -0.722222 0.436201
v -0.191342 -0.777778 0.461940
v -0.291461 -0.722222 0.436201
v -0.277785 -0.777778 0.415735
v -0.097545 -0.777778 0.490393
v -0.102348 -0.722222 0.514534
v -0.200762 -0.722222 0.484681
v -0.097545 -0.777778 0.490393
v -0.200762 -0.722222 0.484681
v -0.191342 -0.777778 0.461940
v -0.000000 -0.777778 0.500000
v -0.000000 -0.722222 0.524615
v -0.102348 -0.722222 0.514534
v -0.000000 -0.777778 0.500000
v -0.102348 -0.722222 0.514534
v -0.097545 -0.777778 0.490393
v 0.097545 -0.777778 0.490393
v 0.102347 -0.722222 0.514534
v -0.000000 -0.722222 0.524615
v 0.097545 -0.777778 0.490393
v -0.000000 -0.722222 0.524615
v -0.000000 -0.777778 0.500000
v 0.191342 -0.777778 0.461940
v 0.200761 -0.722222 0.484681
v 0.102347 -0.722222 0.514534
v 0.191342 -0.777778 0.461940
v 0.102347 -0.722222 0.514534
v 0.097545 -0.777778 0.490393
v 0.277785 -0.777778 0.415735
v 0.291460 -0.722222 0.436201
v 0.200761 -0.722222 0.484681
v 0.277785 -0.777778 0.415735
v 0.200761 -0.722222 0.484681
v 0.191342 -0.777778 0.461940
v 0.353553 -0.777778 0.353553
v 0.370959 -0.722222 0.370959
v 0.291460 -0.722222 0.436201
v 0.353553 -0.777778 0.353553
v 0.291460 -0.722222 0.436201
v 0.277785 -0.777778 0.415735
v 0.415735 -0.777778 0.277785
v 0.436201 -0.722222 0.291460
v 0.370959 -0.722222 0.370959
v 0.415735 -0.777778 0.277785
v 0.370959 -0.722222 0.370959
v 0.353553 -0.777778 0.353553
v 0.461940 -0.777778 0.191342
v 0.484681 -0.722222 0.200761
v 0.436201 -0.722222 0.291460
v 0.461940 -0.777778 0.191342
v 0.436201 -0.722222 0.291460
v 0.415735 -0.777778 0.277785
v 0.490393 -0.777778 0.097545
v 0.514534 -0.722222 0.102347
v 0.484681 -0.722222 0.200761
v 0.490393 -0.777778 0.097545
v 0.484681 -0.722222 0.200761
v 0.461940 -0.777778 0.191342
v 0.500000 -0.777778 0.000000
v 0.524615 -0.722222 0.000000
v 0.514534 -0.722222 0.102347
v 0.500000 -0.777778 0.000000
v 0.514534 -0.722222 0.102347
v 0.490393 -0.777778 0.097545
v 0.490393 -0.777778 -0.097545
v 0.514534 -0.722222 -0.102347
v 0.524615 -0.722222 0.000000
v 0.490393 -0.777778 -0.097545
v 0.524615 -0.722222 0.000000
v 0.500000 -0.777778 0.000000
v 0.461940 -0.777778 -0.191342
v 0.484681 -0.722222 -0.200761
v 0.514534 -0.722222 -0.102347
v 0.461940 -0.777778 -0.191342
v 0.514534 -0.722222 -0.102347
v 0.490393 -0.777778 -0.097545
v 0.415735 -0.777778 -0.277785
v 0.436201 -0.722222 -0.291460
v 0.484681 -0.722222 -0.200761
v 0.415735 -0.777778 -0.277785
v 0.484681 -0.722222 -0.200761
v 0.461940 -0.777778 -0.191342
v 0.353553 -0.777778 -0.353553
v 0.370959 -0.722222 -0.370959
v 0.436201 -0.722222 -0.291460
v 0.353553 -0.777778 -0.353553
v 0.436201 -0.722222 -0.291460
v 0.415735 -0.777778 -0.277785
v 0.277785 -0.777778 -0.415735
v 0.291460 -0.722222 -0.436201
v 0.370959 -0.722222 -0.370959
v 0.277785 -0.777778 -0.415735
v 0.370959 -0.722222 -0.370959
v 0.353553 -0.777778 -0.353553
v 0.191342 -0.777778 -0.461940
v 0.200761 -0.722222 -0.484681
v 0.291460 -0.722222 -0.436201
v 0.191342 -0.777778 -0.461940
v 0.291460 -0.722222 -0.436201
v 0.277785 -0.777778 -0.415735
v 0.097545 -0.777778 -0.490393
v 0.102347 -0.722222 -0.514534
v 0.200761 -0.722222 -0.484681
v 0.097545 -0.777778 -0.490393
v 0.200761 -0.722222 -0.484681
v 0.191342 -0.777778 -0.461940
v -0.000000 -0.777778 -0.500000
v -0.000000 -0.722222 -0.524615
v 0.102347 -0.722222 -0.514534
v -0.000000 -0.777778 -0.500000
v 0.102347 -0.722222 -0.514534
v 0.097545 -0.777778 -0.490393
v -0.000000 -0.666667 -0.543532
v -0.000000 -0.611111 -0.560831
v 0.109413 -0.611111 -0.550054
v -0.000000 -0.666667 -0.543532
v 0.109413 -0.611111 -0.550054
v 0.106038 -0.666667 -0.533089
v 0.106038 -0.666667 -0.533089
v 0.109413 -0.611111 -0.550054
v 0.214621 -0.611111 -0.518140
v 0.106038 -0.666667 -0.533089
v 0.214621 -0.611111 -0.518140
v 0.208001 -0.666667 -0.502159
v 0.208001 -0.666667 -0.502159
v 0.214621 -0.611111 -0.518140
v 0.311581 -0.611111 -0.466314
v 0.208001 -0.666667 -0.502159
v 0.311581 -0.611111 -0.466314
v 0.301970 -0.666667 -0.451931
v 0.301970 -0.666667 -0.451931
v 0.311581 -0.611111 -0.466314
v 0.396567 -0.611111 -0.396567
v 0.301970 -0.666667 -0.451931
v 0.396567 -0.611111 -0.396567
v 0.384336 -0.666667 -0.384336
v 0.384336 -0.666667 -0.384336
v 0.396567 -0.611111 -0.396567
v 0.466314 -0.611111 -0.311581
v 0.384336 -0.666667 -0.384336
v 0.466314 -0.611111 -0.311581
v 0.451931 -0.666667 -0.301970
v 0.451931 -0.666667 -0.301970
v 0.466314 -0.611111 -0.311581
v 0.518140 -0.611111 -0.214621
v 0.451931 -0.666667 -0.301970
v 0.518140 -0.611111 -0.214621
v 0.502159 -0.666667 -0.208001
v 0.502159 -0.666667 -0.208001
v 0.518140 -0.611111 -0.214621
v 0.550054 -0.611111 -0.109413
v 0.502159 -0.666667 -0.208001
v 0.550054 -0.611111 -0.109413
v 0.533089 -0.666667 -0.106038
v 0.533089 -0.666667 -0.106038
v 0.550054 -0.611111 -0.109413
v 0.560831 -0.611111 -0.000000
v 0.533089 -0.666667 -0.106038
v 0.560831 -0.611111 -0.000000
v 0.543533 -0.666667 -0.000000
v 0.543533 -0.666667 -0.000000
v 0.560831 -0.611111 -0.000000
v 0.550054 -0.611111 0.109413
v 0.543533 -0.666667 -0.000000
v 0.550054 -0.611111 0.109413
v 0.533089 -0.666667 0.106038
v 0.533089 -0.666667 0.106038
v 0.550054 -0.611111 0.109413
v 0.518140 -0.611111 0.214621
v 0.533089 -0.666667 0.106038
v 0.518140 -0.611111 0.214621
v 0.502159 -0.666667 0.208001
v 0.502159 -0.666667 0.208001
v 0.518140 -0.611111 0.214621
v 0.466314 -0.611111 0.311581
v 0.502159 -0.666667 0.208001
v 0.466314 -0.611111 0.311581
v 0.451931 -0.666667 0.301970
v 0.451931 -0.666667 0.301970
v 0.466314 -0.611111 0.311581
v 0.396567 -0.611111 0.396567
v 0.451931 -0.666667 0.301970
v 0.396567 -0.611111 0.396567
v 0.384336 -0.666667 0.384336
v 0.384336 -0.666667 0.384336
v 0.396567 -0.611111 0.396567
v 0.311581 -0.611111 0.466314
v 0.384336 -0.666667 0.384336
v 0.311581 -0.611111 0.466314
v 0.301970 -0.666667 0.451931
v 0.301970 -0.666667 0.451931
v 0.311581 -0.611111 0.466314
v 0.214620 -0.611111 0.518140
v 0.301970 -0.666667 0.451931
v 0.214620 -0.611111 0.518140
v 0.208001 -0.666667 0.502159
v 0.208001 -0.666667 0.502159
v 0.214620 -0.611111 0.518140
v 0.109412 -0.611111 0.550054
v 0.208001 -0.666667 0.502159
v 0.109412 -0.611111 0.550054
v 0.106038 -0.666667 0.533089
v 0.106038 -0.666667 0.533089
v 0.109412 -0.611111 0.550054
v -0.000000 -0.611111 0.560831
v 0.106038 -0.666667 0.533089
v -0.000000 -0.611111 0.560831
v -0.000000 -0.666667 0.543533
v -0.000000 -0.666667 0.543533
v -0.000000 -0.611111 0.560831
v -0.109413 -0.611111 0.550054
v -0.000000 -0.666667 0.543533
v -0.109413 -0.611111 0.550054
v -0.106038 -0.666667 0.533089
v -0.106038 -0.666667 0.533089
v -0.109413 -0.611111 0.550054
v -0.214621 -0.611111 0.518140
v -0.106038 -0.666667 0.533089
v -0.214621 -0.611111 0.518140
v -0.208001 -0.666667 0.502159
v -0.208001 -0.666667 0.502159
v -0.214621 -0.611111 0.518140
v -0.311581 -0.611111 0.466314
v -0.208001 -0.666667 0.502159
v -0.311581 -0.611111 0.466314
v -0.301971 -0.666667 0.451931
v -0.301971 -0.666667 0.451931
v -0.311581 -0.611111 0.466314
v -0.396567 -0.611111 0.396567
v -0.301971 -0.666667 0.451931
v -0.396567 -0.611111 0.396567
v -0.384336 -0.666667 0.384335
v -0.384336 -0.666667 0.384335
v -0.396567 -0.611111 0.396567
v -0.466314 -0.611111 0.311581
v -0.384336 -0.666667 0.384335
v -0.466314 -0.611111 0.311581
v -0.451931 -0.666667 0.301970
v -0.451931 -0.666667 0.301970
v -0.466314 -0.611111 0.311581
v -0.518140 -0.611111 0.214620
v -0.451931 -0.666667 0.301970
v -0.518140 -0.611111 0.214620
v -0.502159 -0.666667 0.208001
v -0.502159 -0.666667 0.208001
v -0.518140 -0.611111 0.214620
v -0.550055 -0.611111 0.109412
v -0.502159 -0.666667 0.208001
v -0.550055 -0.611111 0.109412
v -0.533089 -0.666667 0.106038
v -0.533089 -0.666667 0.106038
v -0.550055 -0.611111 0.109412
v -0.560831 -0.611111 -0.000001
v -0.533089 -0.666667 0.106038
v -0.560831 -0.611111 -0.000001
v -0.543533 -0.666667 -0.000000
v -0.543533 -0.666667 -0.000000
v -0.560831 -0.611111 -0.000001
v -0.550054 -0.611111 -0.109413
v -0.543533 -0.666667 -0.000000
v -0.550054 -0.611111 -0.109413
v -0.533089 -0.666667 -0.106038
v -0.533089 -0.666667 -0.106038
v -0.550054 -0.611111 -0.109413
v -0.518140 -0.611111 -0.214621
v -0.533089 -0.666667 -0.106038
v -0.518140 -0.611111 -0.214621
v -0.502158 -0.666667 -0.208001
v -0.502158 -0.666667 -0.208001
v -0.518140 -0.611111 -0.214621
v -0.466313 -0.611111 -0.311581
v -0.502158 -0.666667 -0.208001
v -0.466313 -0.611111 -0.311581
v -0.451930 -0.666667 -0.301971
v -0.451930 -0.666667 -0.301971
v -0.466313 -0.611111 -0.311581
v -0.396567 -0.611111 -0.396568
v -0.451930 -0.666667 -0.301971
v -0.396567 -0.611111 -0.396568
v -0.384335 -0.666667 -0.384336
v -0.384335 -0.666667 -0.384336
v -0.396567 -0.611111 -0.396568
v -0.311580 -0.611111 -0.466314
v -0.384335 -0.666667 -0.384336
v -0.311580 -0.611111 -0.466314
v -0.301970 -0.666667 -0.451931
v -0.301970 -0.666667 -0.451931
v -0.311580 -0.611111 -0.466314
v -0.214620 -0.611111 -0.518140
v -0.301970 -0.666667 -0.451931
v -0.214620 -0.611111 -0.518140
v -0.208000 -0.666667 -0.502159
v -0.208000 -0.666667 -0.502159
v -0.214620 -0.611111 -0.518140
v -0.109412 -0.611111 -0.550055
v -0.208000 -0.666667 -0.502159
v -0.109412 -0.611111 -0.550055
v -0.106037 -0.666667 -0.533089
v -0.106037 -0.666667 -0.533089
v -0.109412 -0.611111 -0.550055
v -0.000000 -0.611111 -0.560831
v -0.106037 -0.666667 -0.533089
v -0.000000 -0.611111 -0.560831
v -0.000000 -0.666667 -0.543532
v -0.112100 -0.555556 -0.563569
v -0.113688 -0.500000 -0.571550
v -0.000000 -0.500000 -0.582747
v -0.112100 -0.555556 -0.563569
v -0.000000 -0.500000 -0.582747
v -0.000000 -0.555556 -0.574610
v -0.219893 -0.555556 -0.530871
v -0.223007 -0.500000 -0.538388
v -0.113688 -0.500000 -0.571550
v -0.219893 -0.555556 -0.530871
v -0.113688 -0.500000 -0.571550
v -0.112100 -0.555556 -0.563569
v -0.319236 -0.555556 -0.477771
v -0.323756 -0.500000 -0.484537
v -0.223007 -0.500000 -0.538388
v -0.319236 -0.555556 -0.477771
v -0.223007 -0.500000 -0.538388
v -0.219893 -0.555556 -0.530871
v -0.406310 -0.555556 -0.406311
v -0.412064 -0.500000 -0.412065
v -0.323756 -0.500000 -0.484537
v -0.406310 -0.555556 -0.406311
v -0.323756 -0.500000 -0.484537
v -0.319236 -0.555556 -0.477771
v -0.477770 -0.555556 -0.319237
v -0.484536 -0.500000 -0.323758
v -0.412064 -0.500000 -0.412065
v -0.477770 -0.555556 -0.319237
v -0.412064 -0.500000 -0.412065
v -0.406310 -0.555556 -0.406311
v -0.530870 -0.555556 -0.219894
v -0.538388 -0.500000 -0.223008
v -0.484536 -0.500000 -0.323758
v -0.530870 -0.555556 -0.219894
v -0.484536 -0.500000 -0.323758
v -0.477770 -0.555556 -0.319237
v -0.563569 -0.555556 -0.112101
v -0.571550 -0.500000 -0.113689
v -0.538388 -0.500000 -0.223008
v -0.563569 -0.555556 -0.112101
v -0.538388 -0.500000 -0.223008
v -0.530870 -0.555556 -0.219894
v -0.574610 -0.555556 -0.000001
v -0.582747 -0.500000 -0.000001
v -0.571550 -0.500000 -0.113689
v -0.574610 -0.555556 -0.000001
v -0.571550 -0.500000 -0.113689
v -0.563569 -0.555556 -0.112101
v -0.563569 -0.555556 0.112100
v -0.571550 -0.500000 0.113688
v -0.582747 -0.500000 -0.000001
v -0.563569 -0.555556 0.112100
v -0.582747 -0.500000 -0.000001
v -0.574610 -0.555556 -0.000001
v -0.530871 -0.555556 0.219893
v -0.538388 -0.500000 0.223007
v -0.571550 -0.500000 0.113688
v -0.530871 -0.555556 0.219893
v -0.571550 -0.500000 0.113688
v -0.563569 -0.555556 0.112100
v -0.477771 -0.555556 0.319236
v -0.484537 -0.500000 0.323757
v -0.538388 -0.500000 0.223007
v -0.477771 -0.555556 0.319236
v -0.538388 -0.500000 0.223007
v -0.530871 -0.555556 0.219893
v -0.406311 -0.555556 0.406310
v -0.412065 -0.500000 0.412064
v -0.484537 -0.500000 0.323757
v -0.406311 -0.555556 0.406310
v -0.484537 -0.500000 0.323757
v -0.477771 -0.555556 0.319236
v -0.319236 -0.555555 0.477771
v -0.323757 -0.500000 0.484536
v -0.412065 -0.500000 0.412064
v -0.319236 -0.555555 0.477771
v -0.412065 -0.500000 0.412064
v -0.406311 -0.555556 0.406310
v -0.219894 -0.555555 0.530870
v -0.223008 -0.500000 0.538388
v -0.323757 -0.500000 0.484536
v -0.219894 -0.555555 0.530870
v -0.323757 -0.500000 0.484536
v -0.319236 -0.555555 0.477771
v -0.112101 -0.555555 0.563569
v -0.113689 -0.500000 0.571550
v -0.223008 -0.500000 0.538388
v -0.112101 -0.555555 0.563569
v -0.223008 -0.500000 0.538388
v -0.219894 -0.555555 0.530870
v -0.000000 -0.555555 0.574610
v -0.000000 -0.500000 0.582747
v -0.113689 -0.500000 0.571550
v -0.000000 -0.555555 0.574610
v -0.113689 -0.500000 0.571550
v -0.112101 -0.555555 0.563569
v 0.112101 -0.555555 0.563569
v 0.113688 -0.500000 0.571550
v -0.000000 -0.500000 0.582747
v 0.112101 -0.555555 0.563569
v -0.000000 -0.500000 0.582747
v -0.000000 -0.555555 0.574610
v 0.219894 -0.555555 0.530870
v 0.223008 -0.500000 0.538388
v 0.113688 -0.500000 0.571550
v 0.219894 -0.555555 0.530870
v 0.113688 -0.500000 0.571550
v 0.112101 -0.555555 0.563569
v 0.319236 -0.555555 0.477771
v 0.323757 -0.500000 0.484537
v 0.223008 -0.500000 0.538388
v 0.319236 -0.555555 0.477771
v 0.223008 -0.500000 0.538388
v 0.219894 -0.555555 0.530870
v 0.406311 -0.555556 0.406311
v 0.412064 -0.500000 0.412065
v 0.323757 -0.500000 0.484537
v 0.406311 -0.555556 0.406311
v 0.323757 -0.500000 0.484537
v 0.319236 -0.555555 0.477771
v 0.477771 -0.555556 0.319236
v 0.484537 -0.500000 0.323757
v 0.412064 -0.500000 0.412065
v 0.477771 -0.555556 0.319236
v 0.412064 -0.500000 0.412065
v 0.406311 -0.555556 0.406311
v 0.530870 -0.555556 0.219894
v 0.538388 -0.500000 0.223008
v 0.484537 -0.500000 0.323757
v 0.530870 -0.555556 0.219894
v 0.484537 -0.500000 0.323757
v 0.477771 -0.555556 0.319236
v 0.563569 -0.555556 0.112101
v 0.571550 -0.500000 0.113688
v 0.538388 -0.500000 0.223008
v 0.563569 -0.555556 0.112101
v 0.538388 -0.500000 0.223008
v 0.530870 -0.555556 0.219894
v 0.574610 -0.555556 -0.000000
v 0.582747 -0.500000 -0.000000
v 0.571550 -0.500000 0.113688
v 0.574610 -0.555556 -0.000000
v 0.571550 -0.500000 0.113688
v 0.563569 -0.555556 0.112101
v 0.563569 -0.555556 -0.112101
v 0.571550 -0.500000 -0.113688
v 0.582747 -0.500000 -0.000000
v 0.563569 -0.555556 -0.112101
v 0.582747 -0.500000 -0.000000
v 0.574610 -0.555556 -0.000000
v 0.530870 -0.555556 -0.219894
v 0.538388 -0.500000 -0.223008
v 0.571550 -0.500000 -0.113688
v 0.530870 -0.555556 -0.219894
v 0.571550 -0.500000 -0.113688
v 0.563569 -0.555556 -0.112101
v 0.477771 -0.555556 -0.319236
v 0.484537 -0.500000 -0.323757
v 0.538388 -0.500000 -0.223008
v 0.477771 -0.555556 -0.319236
v 0.538388 -0.500000 -0.223008
v 0.530870 -0.555556 -0.219894
v 0.406311 -0.555556 -0.406311
v 0.412064 -0.500000 -0.412064
v 0.484537 -0.500000 -0.323757
v 0.406311 -0.555556 -0.406311
v 0.484537 -0.500000 -0.323757
v 0.477771 -0.555556 -0.319236
v 0.319236 -0.555556 -0.477771
v 0.323757 -0.500000 -0.484537
v 0.412064 -0.500000 -0.412064
v 0.319236 -0.555556 -0.477771
v 0.412064 -0.500000 -0.412064
v 0.406311 -0.555556 -0.406311
v 0.219894 -0.555556 -0.530870
v 0.223008 -0.500000 -0.538388
v 0.323757 -0.500000 -0.484537
v 0.219894 -0.555556 -0.530870
v 0.323757 -0.500000 -0.484537
v 0.319236 -0.555556 -0.477771
v 0.112101 -0.555556 -0.563569
v 0.113688 -0.500000 -0.571550
v 0.223008 -0.500000 -0.538388
v 0.112101 -0.555556 -0.563569
v 0.223008 -0.500000 -0.538388
v 0.219894 -0.555556 -0.530870
v -0.000000 -0.555556 -0.574610
v -0.000000 -0.500000 -0.582747
v 0.113688 -0.500000 -0.571550
v -0.000000 -0.555556 -0.574610
v 0.113688 -0.500000 -0.571550
v 0.112101 -0.555556 -0.563569
v -0.000000 -0.444445 -0.588485
v -0.000000 -0.388889 -0.592629
v 0.115616 -0.388889 -0.581241
v -0.000000 -0.444445 -0.588485
v 0.115616 -0.388889 -0.581241
v 0.114808 -0.444445 -0.577178
v 0.114808 -0.444445 -0.577178
v 0.115616 -0.388889 -0.581241
v 0.226789 -0.388889 -0.547518
v 0.114808 -0.444445 -0.577178
v 0.226789 -0.388889 -0.547518
v 0.225204 -0.444445 -0.543690
v 0.225204 -0.444445 -0.543690
v 0.226789 -0.388889 -0.547518
v 0.329247 -0.388889 -0.492753
v 0.225204 -0.444445 -0.543690
v 0.329247 -0.388889 -0.492753
v 0.326945 -0.444445 -0.489308
v 0.326945 -0.444445 -0.489308
v 0.329247 -0.388889 -0.492753
v 0.419052 -0.388889 -0.419052
v 0.326945 -0.444445 -0.489308
v 0.419052 -0.388889 -0.419052
v 0.416122 -0.444445 -0.416122
v 0.416122 -0.444445 -0.416122
v 0.419052 -0.388889 -0.419052
v 0.492753 -0.388889 -0.329247
v 0.416122 -0.444445 -0.416122
v 0.492753 -0.388889 -0.329247
v 0.489308 -0.444445 -0.326945
v 0.489308 -0.444445 -0.326945
v 0.492753 -0.388889 -0.329247
v 0.547518 -0.388889 -0.226789
v 0.489308 -0.444445 -0.326945
v 0.547518 -0.388889 -0.226789
v 0.543690 -0.444444 -0.225204
v 0.543690 -0.444444 -0.225204
v 0.547518 -0.388889 -0.226789
v 0.581241 -0.388889 -0.115616
v 0.543690 -0.444444 -0.225204
v 0.581241 -0.388889 -0.115616
v 0.577178 -0.444444 -0.114808
v 0.577178 -0.444444 -0.114808
v 0.581241 -0.388889 -0.115616
v 0.592629 -0.388889 -0.000000
v 0.577178 -0.444444 -0.114808
v 0.592629 -0.388889 -0.000000
v 0.588485 -0.444444 -0.000000
v 0.588485 -0.444444 -0.000000
v 0.592629 -0.388889 -0.000000
v 0.581242 -0.388889 0.115616
v 0.588485 -0.444444 -0.000000
v 0.581242 -0.388889 0.115616
v 0.577178 -0.444444 0.114808
v 0.577178 -0.444444 0.114808
v 0.581242 -0.388889 0.115616
v 0.547518 -0.388889 0.226789
v 0.577178 -0.444444 0.114808
v 0.547518 -0.388889 0.226789
v 0.543690 -0.444444 0.225204
v 0.543690 -0.444444 0.225204
v 0.547518 -0.388889 0.226789
v 0.492753 -0.388889 0.329247
v 0.543690 -0.444444 0.225204
v 0.492753 -0.388889 0.329247
v 0.489308 -0.444444 0.326945
v 0.489308 -0.444444 0.326945
v 0.492753 -0.388889 0.329247
v 0.419052 -0.388889 0.419052
v 0.489308 -0.444444 0.326945
v 0.419052 -0.388889 0.419052
v 0.416122 -0.444444 0.416122
v 0.416122 -0.444444 0.416122
v 0.419052 -0.388889 0.419052
v 0.329247 -0.388889 0.492753
v 0.416122 -0.444444 0.416122
v 0.329247 -0.388889 0.492753
v 0.326945 -0.444444 0.489308
v 0.326945 -0.444444 0.489308
v 0.329247 -0.388889 0.492753
v 0.226789 -0.388889 0.547518
v 0.326945 -0.444444 0.489308
v 0.226789 -0.388889 0.547518
v 0.225203 -0.444444 0.543690
v 0.225203 -0.444444 0.543690
v 0.226789 -0.388889 0.547518
v 0.115616 -0.388889 0.581242
v 0.225203 -0.444444 0.543690
v 0.115616 -0.388889 0.581242
v 0.114808 -0.444444 0.577178
v 0.114808 -0.444444 0.577178
v 0.115616 -0.388889 0.581242
v -0.000000 -0.388889 0.592629
v 0.114808 -0.444444 0.577178
v -0.000000 -0.388889 0.592629
v -0.000000 -0.444444 0.588485
v -0.000000 -0.444444 0.588485
v -0.000000 -0.388889 0.592629
v -0.115616 -0.388889 0.581242
v -0.000000 -0.444444 0.588485
v -0.115616 -0.388889 0.581242
v -0.114808 -0.444444 0.577178
v -0.114808 -0.444444 0.577178
v -0.115616 -0.388889 0.581242
v -0.226790 -0.388889 0.547517
v -0.114808 -0.444444 0.577178
v -0.226790 -0.388889 0.547517
v -0.225204 -0.444444 0.543690
v -0.225204 -0.444444 0.543690
v -0.226790 -0.388889 0.547517
v -0.329247 -0.388889 0.492753
v -0.225204 -0.444444 0.543690
v -0.329247 -0.388889 0.492753
v -0.326945 -0.444444 0.489308
v -0.326945 -0.444444 0.489308
v -0.329247 -0.388889 0.492753
v -0.419052 -0.388889 0.419052
v -0.326945 -0.444444 0.489308
v -0.419052 -0.388889 0.419052
v -0.416122 -0.444444 0.416122
v -0.416122 -0.444444 0.416122
v -0.419052 -0.388889 0.419052
v -0.492753 -0.388889 0.329247
v -0.416122 -0.444444 0.416122
v -0.492753 -0.388889 0.329247
v -0.489308 -0.444444 0.326945
v -0.489308 -0.444444 0.326945
v -0.492753 -0.388889 0.329247
v -0.547518 -0.388889 0.226789
v -0.489308 -0.444444 0.326945
v -0.547518 -0.388889 0.226789
v -0.543690 -0.444444 0.225203
v -0.543690 -0.444444 0.225203
v -0.547518 -0.388889 0.226789
v -0.581242 -0.388889 0.115616
v -0.543690 -0.444444 0.225203
v -0.581242 -0.388889 0.115616
v -0.577178 -0.444444 0.114807
v -0.577178 -0.444444 0.114807
v -0.581242 -0.388889 0.115616
v -0.592629 -0.388889 -0.000001
v -0.577178 -0.444444 0.114807
v -0.592629 -0.388889 -0.000001
v -0.588485 -0.444444 -0.000001
v -0.588485 -0.444444 -0.000001
v -0.592629 -0.388889 -0.000001
v -0.581241 -0.388889 -0.115617
v -0.588485 -0.444444 -0.000001
v -0.581241 -0.388889 -0.115617
v -0.577178 -0.444444 -0.114808
v -0.577178 -0.444444 -0.114808
v -0.581241 -0.388889 -0.115617
v -0.547517 -0.388889 -0.226790
v -0.577178 -0.444444 -0.114808
v -0.547517 -0.388889 -0.226790
v -0.543689 -0.444444 -0.225204
v -0.543689 -0.444444 -0.225204
v -0.547517 -0.388889 -0.226790
v -0.492752 -0.388889 -0.329247
v -0.543689 -0.444444 -0.225204
v -0.492752 -0.388889 -0.329247
v -0.489307 -0.444445 -0.326946
v -0.489307 -0.444445 -0.326946
v -0.492752 -0.388889 -0.329247
v -0.419051 -0.388889 -0.419052
v -0.489307 -0.444445 -0.326946
v -0.419051 -0.388889 -0.419052
v -0.416122 -0.444445 -0.416123
v -0.416122 -0.444445 -0.416123
v -0.419051 -0.388889 -0.419052
v -0.329246 -0.388889 -0.492753
v -0.416122 -0.444445 -0.416123
v -0.329246 -0.388889 -0.492753
v -0.326944 -0.444445 -0.489308
v -0.326944 -0.444445 -0.489308
v -0.329246 -0.388889 -0.492753
v -0.226788 -0.388889 -0.547518
v -0.326944 -0.444445 -0.489308
v -0.226788 -0.388889 -0.547518
v -0.225203 -0.444445 -0.543690
v -0.225203 -0.444445 -0.543690
v -0.226788 -0.388889 -0.547518
v -0.115615 -0.388889 -0.581242
v -0.225203 -0.444445 -0.543690
v -0.115615 -0.388889 -0.581242
v -0.114807 -0.444445 -0.577178
v -0.114807 -0.444445 -0.577178
v -0.115615 -0.388889 -0.581242
v -0.000000 -0.388889 -0.592629
v -0.114807 -0.444445 -0.577178
v -0.000000 -0.388889 -0.592629
v -0.000000 -0.444445 -0.588485
v -0.115917 -0.333333 -0.582759
v -0.115698 -0.277778 -0.581658
v -0.000000 -0.277778 -0.593054
v -0.115917 -0.333333 -0.582759
v -0.000000 -0.277778 -0.593054
v -0.000000 -0.333333 -0.594176
v -0.227380 -0.333333 -0.548947
v -0.226951 -0.277778 -0.547910
v -0.115698 -0.277778 -0.581658
v -0.227380 -0.333333 -0.548947
v -0.115698 -0.277778 -0.581658
v -0.115917 -0.333333 -0.582759
v -0.330106 -0.333333 -0.494040
v -0.329482 -0.277778 -0.493107
v -0.226951 -0.277778 -0.547910
v -0.330106 -0.333333 -0.494040
v -0.226951 -0.277778 -0.547910
v -0.227380 -0.333333 -0.548947
v -0.420145 -0.333333 -0.420146
v -0.419352 -0.277778 -0.419353
v -0.329482 -0.277778 -0.493107
v -0.420145 -0.333333 -0.420146
v -0.329482 -0.277778 -0.493107
v -0.330106 -0.333333 -0.494040
v -0.494039 -0.333333 -0.330107
v -0.493106 -0.277778 -0.329484
v -0.419352 -0.277778 -0.419353
v -0.494039 -0.333333 -0.330107
v -0.419352 -0.277778 -0.419353
v -0.420145 -0.333333 -0.420146
v -0.548947 -0.333333 -0.227382
v -0.547910 -0.277778 -0.226952
v -0.493106 -0.277778 -0.329484
v -0.548947 -0.333333 -0.227382
v -0.493106 -0.277778 -0.329484
v -0.494039 -0.333333 -0.330107
v -0.582759 -0.333333 -0.115919
v -0.581658 -0.277778 -0.115700
v -0.547910 -0.277778 -0.226952
v -0.582759 -0.333333 -0.115919
v -0.547910 -0.277778 -0.226952
v -0.548947 -0.333333 -0.227382
v -0.594176 -0.333333 -0.000001
v -0.593054 -0.277778 -0.000001
v -0.581658 -0.277778 -0.115700
v -0.594176 -0.333333 -0.000001
v -0.581658 -0.277778 -0.115700
v -0.582759 -0.333333 -0.115919
v -0.582759 -0.333333 0.115917
v -0.581658 -0.277778 0.115698
v -0.593054 -0.277778 -0.000001
v -0.582759 -0.333333 0.115917
v -0.593054 -0.277778 -0.000001
v -0.594176 -0.333333 -0.000001
v -0.548947 -0.333333 0.227381
v -0.547910 -0.277778 0.226951
v -0.581658 -0.277778 0.115698
v -0.548947 -0.333333 0.227381
v -0.581658 -0.277778 0.115698
v -0.582759 -0.333333 0.115917
v -0.494039 -0.333333 0.330106
v -0.493106 -0.277778 0.329483
v -0.547910 -0.277778 0.226951
v -0.494039 -0.333333 0.330106
v -0.547910 -0.277778 0.226951
v -0.548947 -0.333333 0.227381
v -0.420146 -0.333333 0.420146
v -0.419353 -0.277778 0.419352
v -0.493106 -0.277778 0.329483
v -0.420146 -0.333333 0.420146
v -0.493106 -0.277778 0.329483
v -0.494039 -0.333333 0.330106
v -0.330107 -0.333333 0.494039
v -0.329483 -0.277778 0.493106
v -0.419353 -0.277778 0.419352
v -0.330107 -0.333333 0.494039
v -0.419353 -0.277778 0.419352
v -0.420146 -0.333333 0.420146
v -0.227382 -0.333333 0.548947
v -0.226952 -0.277778 0.547910
v -0.329483 -0.277778 0.493106
v -0.227382 -0.333333 0.548947
v -0.329483 -0.277778 0.493106
v -0.330107 -0.333333 0.494039
v -0.115918 -0.333333 0.582759
v -0.115699 -0.277778 0.581658
v -0.226952 -0.277778 0.547910
v -0.115918 -0.333333 0.582759
v -0.226952 -0.277778 0.547910
v -0.227382 -0.333333 0.548947
v -0.000000 -0.333333 0.594176
v -0.000000 -0.277778 0.593054
v -0.115699 -0.277778 0.581658
v -0.000000 -0.333333 0.594176
v -0.115699 -0.277778 0.581658
v -0.115918 -0.333333 0.582759
v 0.115918 -0.333333 0.582759
v 0.115699 -0.277778 0.581658
v -0.000000 -0.277778 0.593054
v 0.115918 -0.333333 0.582759
v -0.000000 -0.277778 0.593054
v -0.000000 -0.333333 0.594176
v 0.227381 -0.333333 0.548947
v 0.226952 -0.277778 0.547910
v 0.115699 -0.277778 0.581658
v 0.227381 -0.333333 0.548947
v 0.115699 -0.277778 0.581658
v 0.115918 -0.333333 0.582759
v 0.330106 -0.333333 0.494039
v 0.329483 -0.277778 0.493106
v 0.226952 -0.277778 0.547910
v 0.330106 -0.333333 0.494039
v 0.226952 -0.277778 0.547910
v 0.227381 -0.333333 0.548947
v 0.420146 -0.333333 0.420146
v 0.419352 -0.277778 0.419352
v 0.329483 -0.277778 0.493106
v 0.420146 -0.333333 0.420146
v 0.329483 -0.277778 0.493106
v 0.330106 -0.333333 0.494039
v 0.494039 -0.333333 0.330106
v 0.493106 -0.277778 0.329483
v 0.419352 -0.277778 0.419352
v 0.494039 -0.333333 0.330106
v 0.419352 -0.277778 0.419352
v 0.420146 -0.333333 0.420146
v 0.548947 -0.333333 0.227381
v 0.547910 -0.277778 0.226952
v 0.493106 -0.277778 0.329483
v 0.548947 -0.333333 0.227381
v 0.493106 -0.277778 0.329483
v 0.494039 -0.333333 0.330106
v 0.582759 -0.333333 0.115918
v 0.581658 -0.277778 0.115699
v 0.547910 -0.277778 0.226952
v 0.582759 -0.333333 0.115918
v 0.547910 -0.277778 0.226952
v 0.548947 -0.333333 0.227381
v 0.594176 -0.333333 -0.000000
v 0.593054 -0.277778 -0.000000
v 0.581658 -0.277778 0.115699
v 0.594176 -0.333333 -0.000000
v 0.581658 -0.277778 0.115699
v 0.582759 -0.333333 0.115918
v 0.582759 -0.333333 -0.115918
v 0.581658 -0.277778 -0.115699
v 0.593054 -0.277778 -0.000000
v 0.582759 -0.333333 -0.115918
v 0.593054 -0.277778 -0.000000
v 0.594176 -0.333333 -0.000000
v 0.548947 -0.333333 -0.227381
v 0.547910 -0.277778 -0.226952
v 0.581658 -0.277778 -0.115699
v 0.548947 -0.333333 -0.227381
v 0.581658 -0.277778 -0.115699
v 0.582759 -0.333333 -0.115918
v 0.494039 -0.333333 -0.330106
v 0.493106 -0.277778 -0.329483
v 0.547910 -0.277778 -0.226952
v 0.494039 -0.333333 -0.330106
v 0.547910 -0.277778 -0.226952
v 0.548947 -0.333333 -0.227381
v 0.420146 -0.333333 -0.420146
v 0.419352 -0.277778 -0.419352
v 0.493106 -0.277778 -0.329483
v 0.420146 -0.333333 -0.420146
v 0.493106 -0.277778 -0.329483
v 0.494039 -0.333333 -0.330106
v 0.330106 -0.333333 -0.494039
v 0.329483 -0.277778 -0.493106
v 0.419352 -0.277778 -0.419352
v 0.330106 -0.333333 -0.494039
v 0.419352 -0.277778 -0.419352
v 0.420146 -0.333333 -0.420146
v 0.227381 -0.333333 -0.548947
v 0.226952 -0.277778 -0.547910
v 0.329483 -0.277778 -0.493106
v 0.227381 -0.333333 -0.548947
v 0.329483 -0.277778 -0.493106
v 0.330106 -0.333333 -0.494039
v 0.115918 -0.333333 -0.582759
v 0.115699 -0.277778 -0.581658
v 0.226952 -0.277778 -0.547910
v 0.115918 -0.333333 -0.582759
v 0.226952 -0.277778 -0.547910
v 0.227381 -0.333333 -0.548947
v -0.000000 -0.333333 -0.594176
v -0.000000 -0.277778 -0.593054
v 0.115699 -0.277778 -0.581658
v -0.000000 -0.333333 -0.594176
v 0.115699 -0.277778 -0.581658
v 0.115918 -0.333333 -0.582759
v -0.000000 -0.222222 -0.587731
v -0.000000 -0.166667 -0.583025
v 0.113743 -0.166667 -0.571823
v -0.000000 -0.222222 -0.587731
v 0.113743 -0.166667 -0.571823
v 0.114660 -0.222222 -0.576437
v 0.114660 -0.222222 -0.576437
v 0.113743 -0.166667 -0.571823
v 0.223114 -0.166667 -0.538645
v 0.114660 -0.222222 -0.576437
v 0.223114 -0.166667 -0.538645
v 0.224915 -0.222222 -0.542992
v 0.224915 -0.222222 -0.542992
v 0.223114 -0.166667 -0.538645
v 0.323911 -0.166667 -0.484768
v 0.224915 -0.222222 -0.542992
v 0.323911 -0.166667 -0.484768
v 0.326526 -0.222222 -0.488680
v 0.326526 -0.222222 -0.488680
v 0.323911 -0.166667 -0.484768
v 0.412261 -0.166667 -0.412261
v 0.326526 -0.222222 -0.488680
v 0.412261 -0.166667 -0.412261
v 0.415588 -0.222222 -0.415588
v 0.415588 -0.222222 -0.415588
v 0.412261 -0.166667 -0.412261
v 0.484768 -0.166667 -0.323911
v 0.415588 -0.222222 -0.415588
v 0.484768 -0.166667 -0.323911
v 0.488680 -0.222222 -0.326526
v 0.488680 -0.222222 -0.326526
v 0.484768 -0.166667 -0.323911
v 0.538645 -0.166667 -0.223114
v 0.488680 -0.222222 -0.326526
v 0.538645 -0.166667 -0.223114
v 0.542992 -0.222222 -0.224915
v 0.542992 -0.222222 -0.224915
v 0.538645 -0.166667 -0.223114
v 0.571822 -0.166667 -0.113743
v 0.542992 -0.222222 -0.224915
v 0.571822 -0.166667 -0.113743
v 0.576437 -0.222222 -0.114661
v 0.576437 -0.222222 -0.114661
v 0.571822 -0.166667 -0.113743
v 0.583025 -0.166667 -0.000000
v 0.576437 -0.222222 -0.114661
v 0.583025 -0.166667 -0.000000
v 0.587731 -0.222222 -0.000000
v 0.587731 -0.222222 -0.000000
v 0.583025 -0.166667 -0.000000
v 0.571823 -0.166667 0.113742
v 0.587731 -0.222222 -0.000000
v 0.571823 -0.166667 0.113742
v 0.576437 -0.222222 0.114660
v 0.576437 -0.222222 0.114660
v 0.571823 -0.166667 0.113742
v 0.538645 -0.166667 0.223114
v 0.576437 -0.222222 0.114660
v 0.538645 -0.166667 0.223114
v 0.542992 -0.222222 0.224915
v 0.542992 -0.222222 0.224915
v 0.538645 -0.166667 0.223114
v 0.484768 -0.166667 0.323911
v 0.542992 -0.222222 0.224915
v 0.484768 -0.166667 0.323911
v 0.488680 -0.222222 0.326526
v 0.488680 -0.222222 0.326526
v 0.484768 -0.166667 0.323911
v 0.412261 -0.166667 0.412261
v 0.488680 -0.222222 0.326526
v 0.412261 -0.166667 0.412261
v 0.415588 -0.222222 0.415588
v 0.415588 -0.222222 0.415588
v 0.412261 -0.166667 0.412261
v 0.323911 -0.166667 0.484768
v 0.415588 -0.222222 0.415588
v 0.323911 -0.166667 0.484768
v 0.326525 -0.222222 0.488680
v 0.326525 -0.222222 0.488680
v 0.323911 -0.166667 0.484768
v 0.223114 -0.166667 0.538645
v 0.326525 -0.222222 0.488680
v 0.223114 -0.166667 0.538645
v 0.224915 -0.222222 0.542992
v 0.224915 -0.222222 0.542992
v 0.223114 -0.166667 0.538645
v 0.113742 -0.166667 0.571823
v 0.224915 -0.222222 0.542992
v 0.113742 -0.166667 0.571823
v 0.114660 -0.222222 0.576437
v 0.114660 -0.222222 0.576437
v 0.113742 -0.166667 0.571823
v -0.000000 -0.166667 0.583025
v 0.114660 -0.222222 0.576437
v -0.000000 -0.166667 0.583025
v -0.000000 -0.222222 0.587730
v -0.000000 -0.222222 0.587730
v -0.000000 -0.166667 0.583025
v -0.113743 -0.166667 0.571823
v -0.000000 -0.222222 0.587730
v -0.113743 -0.166667 0.571823
v -0.114661 -0.222222 0.576437
v -0.114661 -0.222222 0.576437
v -0.113743 -0.166667 0.571823
v -0.223114 -0.166667 0.538645
v -0.114661 -0.222222 0.576437
v -0.223114 -0.166667 0.538645
v -0.224915 -0.222222 0.542992
v -0.224915 -0.222222 0.542992
v -0.223114 -0.166667 0.538645
v -0.323912 -0.166667 0.484768
v -0.224915 -0.222222 0.542992
v -0.323912 -0.166667 0.484768
v -0.326526 -0.222222 0.488680
v -0.326526 -0.222222 0.488680
v -0.323912 -0.166667 0.484768
v -0.412261 -0.166667 0.412261
v -0.326526 -0.222222 0.488680
v -0.412261 -0.166667 0.412261
v -0.415589 -0.222222 0.415588
v -0.415589 -0.222222 0.415588
v -0.412261 -0.166667 0.412261
v -0.484768 -0.166667 0.323911
v -0.415589 -0.222222 0.415588
v -0.484768 -0.166667 0.323911
v -0.488680 -0.222222 0.326525
v -0.488680 -0.222222 0.326525
v -0.484768 -0.166667 0.323911
v -0.538645 -0.166667 0.223114
v -0.488680 -0.222222 0.326525
v -0.538645 -0.166667 0.223114
v -0.542992 -0.222222 0.224914
v -0.542992 -0.222222 0.224914
v -0.538645 -0.166667 0.223114
v -0.571823 -0.166667 0.113742
v -0.542992 -0.222222 0.224914
v -0.571823 -0.166667 0.113742
v -0.576438 -0.222222 0.114660
v -0.576438 -0.222222 0.114660
v -0.571823 -0.166667 0.113742
v -0.583025 -0.166667 -0.000001
v -0.576438 -0.222222 0.114660
v -0.583025 -0.166667 -0.000001
v -0.587731 -0.222222 -0.000001
v -0.587731 -0.222222 -0.000001
v -0.583025 -0.166667 -0.000001
v -0.571823 -0.166667 -0.113743
v -0.587731 -0.222222 -0.000001
v -0.571823 -0.166667 -0.113743
v -0.576437 -0.222222 -0.114661
v -0.576437 -0.222222 -0.114661
v -0.571823 -0.166667 -0.113743
v -0.538645 -0.166667 -0.223115
v -0.576437 -0.222222 -0.114661
v -0.538645 -0.166667 -0.223115
v -0.542992 -0.222222 -0.224915
v -0.542992 -0.222222 -0.224915
v -0.538645 -0.166667 -0.223115
v -0.484767 -0.166667 -0.323912
v -0.542992 -0.222222 -0.224915
v -0.484767 -0.166667 -0.323912
v -0.488680 -0.222222 -0.326526
v -0.488680 -0.222222 -0.326526
v -0.484767 -0.166667 -0.323912
v -0.412261 -0.166667 -0.412262
v -0.488680 -0.222222 -0.326526
v -0.412261 -0.166667 -0.412262
v -0.415588 -0.222222 -0.415589
v -0.415588 -0.222222 -0.415589
v -0.412261 -0.166667 -0.412262
v -0.323911 -0.166667 -0.484768
v -0.415588 -0.222222 -0.415589
v -0.323911 -0.166667 -0.484768
v -0.326525 -0.222222 -0.488681
v -0.326525 -0.222222 -0.488681
v -0.323911 -0.166667 -0.484768
v -0.223113 -0.166667 -0.538645
v -0.326525 -0.222222 -0.488681
v -0.223113 -0.166667 -0.538645
v -0.224914 -0.222222 -0.542993
v -0.224914 -0.222222 -0.542993
v -0.223113 -0.166667 -0.538645
v -0.113742 -0.166667 -0.571823
v -0.224914 -0.222222 -0.542993
v -0.113742 -0.166667 -0.571823
v -0.114660 -0.222222 -0.576438
v -0.114660 -0.222222 -0.576438
v -0.113742 -0.166667 -0.571823
v -0.000000 -0.166667 -0.583025
v -0.114660 -0.222222 -0.576438
v -0.000000 -0.166667 -0.583025
v -0.000000 -0.222222 -0.587731
v -0.000000 -0.055556 -0.562340
v -0.000000 -0.000000 -0.545757
v 0.106472 -0.000000 -0.535271
v -0.000000 -0.055556 -0.562340
v 0.106472 -0.000000 -0.535271
v 0.109707 -0.055556 -0.551535
v 0.109707 -0.055556 -0.551535
v 0.106472 -0.000000 -0.535271
v 0.208852 -0.000000 -0.504214
v 0.109707 -0.055556 -0.551535
v 0.208852 -0.000000 -0.504214
v 0.215198 -0.055556 -0.519535
v 0.215198 -0.055556 -0.519535
v 0.208852 -0.000000 -0.504214
v 0.303207 -0.000000 -0.453781
v 0.215198 -0.055556 -0.519535
v 0.303207 -0.000000 -0.453781
v 0.312419 -0.055556 -0.467569
v 0.312419 -0.055556 -0.467569
v 0.303207 -0.000000 -0.453781
v 0.385909 -0.000000 -0.385909
v 0.312419 -0.055556 -0.467569
v 0.385909 -0.000000 -0.385909
v 0.397635 -0.055556 -0.397635
v 0.397635 -0.055556 -0.397635
v 0.385909 -0.000000 -0.385909
v 0.453781 -0.000000 -0.303207
v 0.397635 -0.055556 -0.397635
v 0.453781 -0.000000 -0.303207
v 0.467569 -0.055556 -0.312420
v 0.467569 -0.055556 -0.312420
v 0.453781 -0.000000 -0.303207
v 0.504214 -0.000000 -0.208852
v 0.467569 -0.055556 -0.312420
v 0.504214 -0.000000 -0.208852
v 0.519535 -0.055556 -0.215198
v 0.519535 -0.055556 -0.215198
v 0.504214 -0.000000 -0.208852
v 0.535271 -0.000000 -0.106472
v 0.519535 -0.055556 -0.215198
v 0.535271 -0.000000 -0.106472
v 0.551535 -0.055556 -0.109707
v 0.551535 -0.055556 -0.109707
v 0.535271 -0.000000 -0.106472
v 0.545757 -0.000000 -0.000000
v 0.551535 -0.055556 -0.109707
v 0.545757 -0.000000 -0.000000
v 0.562340 -0.055556 -0.000000
v 0.562340 -0.055556 -0.000000
v 0.545757 -0.000000 -0.000000
v 0.535271 0.000000 0.106472
v 0.562340 -0.055556 -0.000000
v 0.535271 0.000000 0.106472
v 0.551535 -0.055556 0.109707
v 0.551535 -0.055556 0.109707
v 0.535271 0.000000 0.106472
v 0.504214 0.000000 0.208852
v 0.551535 -0.055556 0.109707
v 0.504214 0.000000 0.208852
v 0.519535 -0.055556 0.215198
v 0.519535 -0.055556 0.215198
v 0.504214 0.000000 0.208852
v 0.453781 0.000000 0.303206
v 0.519535 -0.055556 0.215198
v 0.453781 0.000000 0.303206
v 0.467569 -0.055556 0.312419
v 0.467569 -0.055556 0.312419
v 0.453781 0.000000 0.303206
v 0.385909 0.000000 0.385909
v 0.467569 -0.055556 0.312419
v 0.385909 0.000000 0.385909
v 0.397635 -0.055556 0.397635
v 0.397635 -0.055556 0.397635
v 0.385909 0.000000 0.385909
v 0.303206 0.000000 0.453781
v 0.397635 -0.055556 0.397635
v 0.303206 0.000000 0.453781
v 0.312419 -0.055555 0.467569
v 0.312419 -0.055555 0.467569
v 0.303206 0.000000 0.453781
v 0.208852 0.000000 0.504214
v 0.312419 -0.055555 0.467569
v 0.208852 0.000000 0.504214
v 0.215198 -0.055555 0.519535
v 0.215198 -0.055555 0.519535
v 0.208852 0.000000 0.504214
v 0.106472 0.000000 0.535271
v 0.215198 -0.055555 0.519535
v 0.106472 0.000000 0.535271
v 0.109707 -0.055555 0.551535
v 0.109707 -0.055555 0.551535
v 0.106472 0.000000 0.535271
v -0.000000 0.000000 0.545757
v 0.109707 -0.055555 0.551535
v -0.000000 0.000000 0.545757
v -0.000000 -0.055555 0.562340
v -0.000000 -0.055555 0.562340
v -0.000000 0.000000 0.545757
v -0.106472 0.000000 0.535271
v -0.000000 -0.055555 0.562340
v -0.106472 0.000000 0.535271
v -0.109707 -0.055555 0.551535
v -0.109707 -0.055555 0.551535
v -0.106472 0.000000 0.535271
v -0.208853 0.000000 0.504214
v -0.109707 -0.055555 0.551535
v -0.208853 0.000000 0.504214
v -0.215199 -0.055555 0.519534
v -0.215199 -0.055555 0.519534
v -0.208853 0.000000 0.504214
v -0.303207 0.000000 0.453780
v -0.215199 -0.055555 0.519534
v -0.303207 0.000000 0.453780
v -0.312420 -0.055555 0.467569
v -0.312420 -0.055555 0.467569
v -0.303207 0.000000 0.453780
v -0.385909 0.000000 0.385908
v -0.312420 -0.055555 0.467569
v -0.385909 0.000000 0.385908
v -0.397635 -0.055556 0.397634
v -0.397635 -0.055556 0.397634
v -0.385909 0.000000 0.385908
v -0.453781 0.000000 0.303206
v -0.397635 -0.055556 0.397634
v -0.453781 0.000000 0.303206
v -0.467569 -0.055556 0.312419
v -0.467569 -0.055556 0.312419
v -0.453781 0.000000 0.303206
v -0.504214 0.000000 0.208852
v -0.467569 -0.055556 0.312419
v -0.504214 0.000000 0.208852
v -0.519535 -0.055556 0.215198
v -0.519535 -0.055556 0.215198
v -0.504214 0.000000 0.208852
v -0.535271 0.000000 0.106471
v -0.519535 -0.055556 0.215198
v -0.535271 0.000000 0.106471
v -0.551535 -0.055556 0.109707
v -0.551535 -0.055556 0.109707
v -0.535271 0.000000 0.106471
v -0.545757 -0.000000 -0.000001
v -0.551535 -0.055556 0.109707
v -0.545757 -0.000000 -0.000001
v -0.562340 -0.055556 -0.000001
v -0.562340 -0.055556 -0.000001
v -0.545757 -0.000000 -0.000001
v -0.535271 -0.000000 -0.106473
v -0.562340 -0.055556 -0.000001
v -0.535271 -0.000000 -0.106473
v -0.551535 -0.055556 -0.109708
v -0.551535 -0.055556 -0.109708
v -0.535271 -0.000000 -0.106473
v -0.504214 -0.000000 -0.208853
v -0.551535 -0.055556 -0.109708
v -0.504214 -0.000000 -0.208853
v -0.519534 -0.055556 -0.215199
v -0.519534 -0.055556 -0.215199
v -0.504214 -0.000000 -0.208853
v -0.453780 -0.000000 -0.303207
v -0.519534 -0.055556 -0.215199
v -0.453780 -0.000000 -0.303207
v -0.467568 -0.055556 -0.312420
v -0.467568 -0.055556 -0.312420
v -0.453780 -0.000000 -0.303207
v -0.385908 -0.000000 -0.385909
v -0.467568 -0.055556 -0.312420
v -0.385908 -0.000000 -0.385909
v -0.397634 -0.055556 -0.397635
v -0.397634 -0.055556 -0.397635
v -0.385908 -0.000000 -0.385909
v -0.303206 -0.000000 -0.453781
v -0.397634 -0.055556 -0.397635
v -0.303206 -0.000000 -0.453781
v -0.312419 -0.055556 -0.467569
v -0.312419 -0.055556 -0.467569
v -0.303206 -0.000000 -0.453781
v -0.208852 -0.000000 -0.504214
v -0.312419 -0.055556 -0.467569
v -0.208852 -0.000000 -0.504214
v -0.215198 -0.055556 -0.519535
v -0.215198 -0.055556 -0.519535
v -0.208852 -0.000000 -0.504214
v -0.106471 -0.000000 -0.535271
v -0.215198 -0.055556 -0.519535
v -0.106471 -0.000000 -0.535271
v -0.109706 -0.055556 -0.551535
v -0.109706 -0.055556 -0.551535
v -0.106471 -0.000000 -0.535271
v -0.000000 -0.000000 -0.545757
v -0.109706 -0.055556 -0.551535
v -0.000000 -0.000000 -0.545757
v -0.000000 -0.055556 -0.562340
v -0.111905 -0.111111 -0.562589
v -0.109706 -0.055556 -0.551535
v -0.000000 -0.055556 -0.562340
v -0.111905 -0.111111 -0.562589
v -0.000000 -0.055556 -0.562340
v -0.000000 -0.111111 -0.573610
v -0.219510 -0.111111 -0.529947
v -0.215198 -0.055556 -0.519535
v -0.109706 -0.055556 -0.551535
v -0.219510 -0.111111 -0.529947
v -0.109706 -0.055556 -0.551535
v -0.111905 -0.111111 -0.562589
v -0.318680 -0.111111 -0.476940
v -0.312419 -0.055556 -0.467569
v -0.215198 -0.055556 -0.519535
v -0.318680 -0.111111 -0.476940
v -0.215198 -0.055556 -0.519535
v -0.219510 -0.111111 -0.529947
v -0.405603 -0.111111 -0.405604
v -0.397634 -0.055556 -0.397635
v -0.312419 -0.055556 -0.467569
v -0.405603 -0.111111 -0.405604
v -0.312419 -0.055556 -0.467569
v -0.318680 -0.111111 -0.476940
v -0.476939 -0.111111 -0.318681
v -0.467568 -0.055556 -0.312420
v -0.397634 -0.055556 -0.397635
v -0.476939 -0.111111 -0.318681
v -0.397634 -0.055556 -0.397635
v -0.405603 -0.111111 -0.405604
v -0.529946 -0.111111 -0.219512
v -0.519534 -0.055556 -0.215199
v -0.467568 -0.055556 -0.312420
v -0.529946 -0.111111 -0.219512
v -0.467568 -0.055556 -0.312420
v -0.476939 -0.111111 -0.318681
v -0.562588 -0.111111 -0.111906
v -0.551535 -0.055556 -0.109708
v -0.519534 -0.055556 -0.215199
v -0.562588 -0.111111 -0.111906
v -0.519534 -0.055556 -0.215199
v -0.529946 -0.111111 -0.219512
v -0.573610 -0.111111 -0.000001
v -0.562340 -0.055556 -0.000001
v -0.551535 -0.055556 -0.109708
v -0.573610 -0.111111 -0.000001
v -0.551535 -0.055556 -0.109708
v -0.562588 -0.111111 -0.111906
v -0.562588 -0.111111 0.111905
v -0.551535 -0.055556 0.109707
v -0.562340 -0.055556 -0.000001
v -0.562588 -0.111111 0.111905
v -0.562340 -0.055556 -0.000001
v -0.573610 -0.111111 -0.000001
v -0.529947 -0.111111 0.219511
v -0.519535 -0.055556 0.215198
v -0.551535 -0.055556 0.109707
v -0.529947 -0.111111 0.219511
v -0.551535 -0.055556 0.109707
v -0.562588 -0.111111 0.111905
v -0.476940 -0.111111 0.318680
v -0.467569 -0.055556 0.312419
v -0.519535 -0.055556 0.215198
v -0.476940 -0.111111 0.318680
v -0.519535 -0.055556 0.215198
v -0.529947 -0.111111 0.219511
v -0.405604 -0.111111 0.405603
v -0.397635 -0.055556 0.397634
v -0.467569 -0.055556 0.312419
v -0.405604 -0.111111 0.405603
v -0.467569 -0.055556 0.312419
v -0.476940 -0.111111 0.318680
v -0.318681 -0.111111 0.476939
v -0.312420 -0.055555 0.467569
v -0.397635 -0.055556 0.397634
v -0.318681 -0.111111 0.476939
v -0.397635 -0.055556 0.397634
v -0.405604 -0.111111 0.405603
v -0.219511 -0.111111 0.529946
v -0.215199 -0.055555 0.519534
v -0.312420 -0.055555 0.467569
v -0.219511 -0.111111 0.529946
v -0.312420 -0.055555 0.467569
v -0.318681 -0.111111 0.476939
v -0.111906 -0.111111 0.562588
v -0.109707 -0.055555 0.551535
v -0.215199 -0.055555 0.519534
v -0.111906 -0.111111 0.562588
v -0.215199 -0.055555 0.519534
v -0.219511 -0.111111 0.529946
v -0.000000 -0.111111 0.573610
v -0.000000 -0.055555 0.562340
v -0.109707 -0.055555 0.551535
v -0.000000 -0.111111 0.573610
v -0.109707 -0.055555 0.551535
v -0.111906 -0.111111 0.562588
v 0.111906 -0.111111 0.562588
v 0.109707 -0.055555 0.551535
v -0.000000 -0.055555 0.562340
v 0.111906 -0.111111 0.562588
v -0.000000 -0.055555 0.562340
v -0.000000 -0.111111 0.573610
v 0.219511 -0.111111 0.529947
v 0.215198 -0.055555 0.519535
v 0.109707 -0.055555 0.551535
v 0.219511 -0.111111 0.529947
v 0.109707 -0.055555 0.551535
v 0.111906 -0.111111 0.562588
v 0.318681 -0.111111 0.476939
v 0.312419 -0.055555 0.467569
v 0.215198 -0.055555 0.519535
v 0.318681 -0.111111 0.476939
v 0.215198 -0.055555 0.519535
v 0.219511 -0.111111 0.529947
v 0.405604 -0.111111 0.405604
v 0.397635 -0.055556 0.397635
v 0.312419 -0.055555 0.467569
v 0.405604 -0.111111 0.405604
v 0.312419 -0.055555 0.467569
v 0.318681 -0.111111 0.476939
v 0.476939 -0.111111 0.318681
v 0.467569 -0.055556 0.312419
v 0.397635 -0.055556 0.397635
v 0.476939 -0.111111 0.318681
v 0.397635 -0.055556 0.397635
v 0.405604 -0.111111 0.405604
v 0.529947 -0.111111 0.219511
v 0.519535 -0.055556 0.215198
v 0.467569 -0.055556 0.312419
v 0.529947 -0.111111 0.219511
v 0.467569 -0.055556 0.312419
v 0.476939 -0.111111 0.318681
v 0.562588 -0.111111 0.111906
v 0.551535 -0.055556 0.109707
v 0.519535 -0.055556 0.215198
v 0.562588 -0.111111 0.111906
v 0.519535 -0.055556 0.215198
v 0.529947 -0.111111 0.219511
v 0.573610 -0.111111 -0.000000
v 0.562340 -0.055556 -0.000000
v 0.551535 -0.055556 0.109707
v 0.573610 -0.111111 -0.000000
v 0.551535 -0.055556 0.109707
v 0.562588 -0.111111 0.111906
v 0.562588 -0.111111 -0.111906
v 0.551535 -0.055556 -0.109707
v 0.562340 -0.055556 -0.000000
v 0.562588 -0.111111 -0.111906
v 0.562340 -0.055556 -0.000000
v 0.573610 -0.111111 -0.000000
v 0.529947 -0.111111 -0.219511
v 0.519535 -0.055556 -0.215198
v 0.551535 -0.055556 -0.109707
v 0.529947 -0.111111 -0.219511
v 0.551535 -0.055556 -0.109707
v 0.562588 -0.111111 -0.111906
v 0.476939 -0.111111 -0.318681
v 0.467569 -0.055556 -0.312420
v 0.519535 -0.055556 -0.215198
v 0.476939 -0.111111 -0.318681
v 0.519535 -0.055556 -0.215198
v 0.529947 -0.111111 -0.219511
v 0.405604 -0.111111 -0.405604
v 0.397635 -0.055556 -0.397635
v 0.467569 -0.055556 -0.312420
v 0.405604 -0.111111 -0.405604
v 0.467569 -0.055556 -0.312420
v 0.476939 -0.111111 -0.318681
v 0.318681 -0.111111 -0.476939
v 0.312419 -0.055556 -0.467569
v 0.397635 -0.055556 -0.397635
v 0.318681 -0.111111 -0.476939
v 0.397635 -0.055556 -0.397635
v 0.405604 -0.111111 -0.405604
v 0.219511 -0.111111 -0.529947
v 0.215198 -0.055556 -0.519535
v 0.312419 -0.055556 -0.467569
v 0.219511 -0.111111 -0.529947
v 0.312419 -0.055556 -0.467569
v 0.318681 -0.111111 -0.476939
v 0.111906 -0.111111 -0.562588
v 0.109707 -0.055556 -0.551535
v 0.215198 -0.055556 -0.519535
v 0.111906 -0.111111 -0.562588
v 0.215198 -0.055556 -0.519535
v 0.219511 -0.111111 -0.529947
v -0.000000 -0.111111 -0.573610
v -0.000000 -0.055556 -0.562340
v 0.109707 -0.055556 -0.551535
v -0.000000 -0.111111 -0.573610
v 0.109707 -0.055556 -0.551535
v 0.111906 -0.111111 -0.562588
v -0.000000 -0.000000 -0.545757
v -0.000000 0.055555 -0.526532
v 0.102721 0.055555 -0.516415
v -0.000000 -0.000000 -0.545757
v 0.102721 0.055555 -0.516415
v 0.106472 -0.000000 -0.535271
v 0.106472 -0.000000 -0.535271
v 0.102721 0.055555 -0.516415
v 0.201495 0.055555 -0.486452
v 0.106472 -0.000000 -0.535271
v 0.201495 0.055555 -0.486452
v 0.208852 -0.000000 -0.504214
v 0.208852 -0.000000 -0.504214
v 0.201495 0.055555 -0.486452
v 0.292526 0.055555 -0.437795
v 0.208852 -0.000000 -0.504214
v 0.292526 0.055555 -0.437795
v 0.303207 -0.000000 -0.453781
v 0.303207 -0.000000 -0.453781
v 0.292526 0.055555 -0.437795
v 0.372314 0.055555 -0.372314
v 0.303207 -0.000000 -0.453781
v 0.372314 0.055555 -0.372314
v 0.385909 -0.000000 -0.385909
v 0.385909 -0.000000 -0.385909
v 0.372314 0.055555 -0.372314
v 0.437795 0.055555 -0.292526
v 0.385909 -0.000000 -0.385909
v 0.437795 0.055555 -0.292526
v 0.453781 -0.000000 -0.303207
v 0.453781 -0.000000 -0.303207
v 0.437795 0.055555 -0.292526
v 0.486452 0.055556 -0.201495
v 0.453781 -0.000000 -0.303207
v 0.486452 0.055556 -0.201495
v 0.504214 -0.000000 -0.208852
v 0.504214 -0.000000 -0.208852
v 0.486452 0.055556 -0.201495
v 0.516415 0.055556 -0.102721
v 0.504214 -0.000000 -0.208852
v 0.516415 0.055556 -0.102721
v 0.535271 -0.000000 -0.106472
v 0.535271 -0.000000 -0.106472
v 0.516415 0.055556 -0.102721
v 0.526532 0.055556 -0.000000
v 0.535271 -0.000000 -0.106472
v 0.526532 0.055556 -0.000000
v 0.545757 -0.000000 -0.000000
v 0.545757 -0.000000 -0.000000
v 0.526532 0.055556 -0.000000
v 0.516415 0.055556 0.102721
v 0.545757 -0.000000 -0.000000
v 0.516415 0.055556 0.102721
v 0.535271 0.000000 0.106472
v 0.535271 0.000000 0.106472
v 0.516415 0.055556 0.102721
v 0.486452 0.055556 0.201495
v 0.535271 0.000000 0.106472
v 0.486452 0.055556 0.201495
v 0.504214 0.000000 0.208852
v 0.504214 0.000000 0.208852
v 0.486452 0.055556 0.201495
v 0.437795 0.055556 0.292525
v 0.504214 0.000000 0.208852
v 0.437795 0.055556 0.292525
v 0.453781 0.000000 0.303206
v 0.453781 0.000000 0.303206
v 0.437795 0.055556 0.292525
v 0.372314 0.055556 0.372314
v 0.453781 0.000000 0.303206
v 0.372314 0.055556 0.372314
v 0.385909 0.000000 0.385909
v 0.385909 0.000000 0.385909
v 0.372314 0.055556 0.372314
v 0.292525 0.055556 0.437795
v 0.385909 0.000000 0.385909
v 0.292525 0.055556 0.437795
v 0.303206 0.000000 0.453781
v 0.303206 0.000000 0.453781
v 0.292525 0.055556 0.437795
v 0.201495 0.055556 0.486452
v 0.303206 0.000000 0.453781
v 0.201495 0.055556 0.486452
v 0.208852 0.000000 0.504214
v 0.208852 0.000000 0.504214
v 0.201495 0.055556 0.486452
v 0.102721 0.055556 0.516415
v 0.208852 0.000000 0.504214
v 0.102721 0.055556 0.516415
v 0.106472 0.000000 0.535271
v 0.106472 0.000000 0.535271
v 0.102721 0.055556 0.516415
v -0.000000 0.055556 0.526532
v 0.106472 0.000000 0.535271
v -0.000000 0.055556 0.526532
v -0.000000 0.000000 0.545757
v -0.000000 0.000000 0.545757
v -0.000000 0.055556 0.526532
v -0.102722 0.055556 0.516415
v -0.000000 0.000000 0.545757
v -0.102722 0.055556 0.516415
v -0.106472 0.000000 0.535271
v -0.106472 0.000000 0.535271
v -0.102722 0.055556 0.516415
v -0.201495 0.055556 0.486452
v -0.106472 0.000000 0.535271
v -0.201495 0.055556 0.486452
v -0.208853 0.000000 0.504214
v -0.208853 0.000000 0.504214
v -0.201495 0.055556 0.486452
v -0.292526 0.055556 0.437795
v -0.208853 0.000000 0.504214
v -0.292526 0.055556 0.437795
v -0.303207 0.000000 0.453780
v -0.303207 0.000000 0.453780
v -0.292526 0.055556 0.437795
v -0.372315 0.055556 0.372314
v -0.303207 0.000000 0.453780
v -0.372315 0.055556 0.372314
v -0.385909 0.000000 0.385908
v -0.385909 0.000000 0.385908
v -0.372315 0.055556 0.372314
v -0.437796 0.055556 0.292525
v -0.385909 0.000000 0.385908
v -0.437796 0.055556 0.292525
v -0.453781 0.000000 0.303206
v -0.453781 0.000000 0.303206
v -0.437796 0.055556 0.292525
v -0.486452 0.055556 0.201495
v -0.453781 0.000000 0.303206
v -0.486452 0.055556 0.201495
v -0.504214 0.000000 0.208852
v -0.504214 0.000000 0.208852
v -0.486452 0.055556 0.201495
v -0.516415 0.055556 0.102721
v -0.504214 0.000000 0.208852
v -0.516415 0.055556 0.102721
v -0.535271 0.000000 0.106471
v -0.535271 0.000000 0.106471
v -0.516415 0.055556 0.102721
v -0.526532 0.055556 -0.000001
v -0.535271 0.000000 0.106471
v -0.526532 0.055556 -0.000001
v -0.545757 -0.000000 -0.000001
v -0.545757 -0.000000 -0.000001
v -0.526532 0.055556 -0.000001
v -0.516415 0.055556 -0.102722
v -0.545757 -0.000000 -0.000001
v -0.516415 0.055556 -0.102722
v -0.535271 -0.000000 -0.106473
v -0.535271 -0.000000 -0.106473
v -0.516415 0.055556 -0.102722
v -0.486452 0.055556 -0.201496
v -0.535271 -0.000000 -0.106473
v -0.486452 0.055556 -0.201496
v -0.504214 -0.000000 -0.208853
v -0.504214 -0.000000 -0.208853
v -0.486452 0.055556 -0.201496
v -0.437795 0.055555 -0.292526
v -0.504214 -0.000000 -0.208853
v -0.437795 0.055555 -0.292526
v -0.453780 -0.000000 -0.303207
v -0.453780 -0.000000 -0.303207
v -0.437795 0.055555 -0.292526
v -0.372314 0.055555 -0.372315
v -0.453780 -0.000000 -0.303207
v -0.372314 0.055555 -0.372315
v -0.385908 -0.000000 -0.385909
v -0.385908 -0.000000 -0.385909
v -0.372314 0.055555 -0.372315
v -0.292525 0.055555 -0.437796
v -0.385908 -0.000000 -0.385909
v -0.292525 0.055555 -0.437796
v -0.303206 -0.000000 -0.453781
v -0.303206 -0.000000 -0.453781
v -0.292525 0.055555 -0.437796
v -0.201494 0.055555 -0.486453
v -0.303206 -0.000000 -0.453781
v -0.201494 0.055555 -0.486453
v -0.208852 -0.000000 -0.504214
v -0.208852 -0.000000 -0.504214
v -0.201494 0.055555 -0.486453
v -0.102721 0.055555 -0.516415
v -0.208852 -0.000000 -0.504214
v -0.102721 0.055555 -0.516415
v -0.106471 -0.000000 -0.535271
v -0.106471 -0.000000 -0.535271
v -0.102721 0.055555 -0.516415
v -0.000000 0.055555 -0.526532
v -0.106471 -0.000000 -0.535271
v -0.000000 0.055555 -0.526532
v -0.000000 -0.000000 -0.545757
v -0.056573 0.944444 -0.284413
v -0.056836 0.951389 -0.285735
v -0.000000 0.951389 -0.291333
v -0.056573 0.944444 -0.284413
v -0.000000 0.951389 -0.291333
v -0.000000 0.944444 -0.289985
v -0.110972 0.944444 -0.267911
v -0.111488 0.951389 -0.269157
v -0.056836 0.951389 -0.285735
v -0.110972 0.944444 -0.267911
v -0.056836 0.951389 -0.285735
v -0.056573 0.944444 -0.284413
v -0.161107 0.944444 -0.241114
v -0.161856 0.951389 -0.242235
v -0.111488 0.951389 -0.269157
v -0.161107 0.944444 -0.241114
v -0.111488 0.951389 -0.269157
v -0.110972 0.944444 -0.267911
v -0.205050 0.944444 -0.205051
v -0.206003 0.951389 -0.206004
v -0.161856 0.951389 -0.242235
v -0.205050 0.944444 -0.205051
v -0.161856 0.951389 -0.242235
v -0.161107 0.944444 -0.241114
v -0.241113 0.944444 -0.161108
v -0.242234 0.951389 -0.161856
v -0.206003 0.951389 -0.206004
v -0.241113 0.944444 -0.161108
v -0.206003 0.951389 -0.206004
v -0.205050 0.944444 -0.205051
v -0.267911 0.944444 -0.110973
v -0.269156 0.951389 -0.111489
v -0.242234 0.951389 -0.161856
v -0.267911 0.944444 -0.110973
v -0.242234 0.951389 -0.161856
v -0.241113 0.944444 -0.161108
v -0.284413 0.944444 -0.056574
v -0.285735 0.951389 -0.056837
v -0.269156 0.951389 -0.111489
v -0.284413 0.944444 -0.056574
v -0.269156 0.951389 -0.111489
v -0.267911 0.944444 -0.110973
v -0.289985 0.944444 -0.000001
v -0.291333 0.951389 -0.000001
v -0.285735 0.951389 -0.056837
v -0.289985 0.944444 -0.000001
v -0.285735 0.951389 -0.056837
v -0.284413 0.944444 -0.056574
v -0.284413 0.944444 0.056573
v -0.285735 0.951389 0.056836
v -0.291333 0.951389 -0.000001
v -0.284413 0.944444 0.056573
v -0.291333 0.951389 -0.000001
v -0.289985 0.944444 -0.000001
v -0.267911 0.944444 0.110972
v -0.269156 0.951389 0.111488
v -0.285735 0.951389 0.056836
v -0.267911 0.944444 0.110972
v -0.285735 0.951389 0.056836
v -0.284413 0.944444 0.056573
v -0.241114 0.944444 0.161106
v -0.242234 0.951389 0.161855
v -0.269156 0.951389 0.111488
v -0.241114 0.944444 0.161106
v -0.269156 0.951389 0.111488
v -0.267911 0.944444 0.110972
v -0.205050 0.944444 0.205050
v -0.206004 0.951389 0.206003
v -0.242234 0.951389 0.161855
v -0.205050 0.944444 0.205050
v -0.242234 0.951389 0.161855
v -0.241114 0.944444 0.161106
v -0.161107 0.944444 0.241113
v -0.161856 0.951389 0.242234
v -0.206004 0.951389 0.206003
v -0.161107 0.944444 0.241113
v -0.206004 0.951389 0.206003
v -0.205050 0.944444 0.205050
v -0.110973 0.944444 0.267911
v -0.111488 0.951389 0.269156
v -0.161856 0.951389 0.242234
v -0.110973 0.944444 0.267911
v -0.161856 0.951389 0.242234
v -0.161107 0.944444 0.241113
v -0.056573 0.944444 0.284412
v -0.056836 0.951389 0.285735
v -0.111488 0.951389 0.269156
v -0.056573 0.944444 0.284412
v -0.111488 0.951389 0.269156
v -0.110973 0.944444 0.267911
v -0.000000 0.944444 0.289984
v -0.000000 0.951389 0.291332
v -0.056836 0.951389 0.285735
v -0.000000 0.944444 0.289984
v -0.056836 0.951389 0.285735
v -0.056573 0.944444 0.284412
v 0.056573 0.944444 0.284413
v 0.056836 0.951389 0.285735
v -0.000000 0.951389 0.291332
v 0.056573 0.944444 0.284413
v -0.000000 0.951389 0.291332
v -0.000000 0.944444 0.289984
v 0.110972 0.944444 0.267911
v 0.111488 0.951389 0.269156
v 0.056836 0.951389 0.285735
v 0.110972 0.944444 0.267911
v 0.056836 0.951389 0.285735
v 0.056573 0.944444 0.284413
v 0.161107 0.944444 0.241113
v 0.161856 0.951389 0.242234
v 0.111488 0.951389 0.269156
v 0.161107 0.944444 0.241113
v 0.111488 0.951389 0.269156
v 0.110972 0.944444 0.267911
v 0.205050 0.944444 0.205050
v 0.206003 0.951389 0.206003
v 0.161856 0.951389 0.242234
v 0.205050 0.944444 0.205050
v 0.161856 0.951389 0.242234
v 0.161107 0.944444 0.241113
v 0.241114 0.944444 0.161107
v 0.242234 0.951389 0.161855
v 0.206003 0.951389 0.206003
v 0.241114 0.944444 0.161107
v 0.206003 0.951389 0.206003
v 0.205050 0.944444 0.205050
v 0.267911 0.944444 0.110972
v 0.269156 0.951389 0.111488
v 0.242234 0.951389 0.161855
v 0.267911 0.944444 0.110972
v 0.242234 0.951389 0.161855
v 0.241114 0.944444 0.161107
v 0.284413 0.944444 0.056573
v 0.285735 0.951389 0.056836
v 0.269156 0.951389 0.111488
v 0.284413 0.944444 0.056573
v 0.269156 0.951389 0.111488
v 0.267911 0.944444 0.110972
v 0.289985 0.944444 -0.000000
v 0.291333 0.951389 -0.000000
v 0.285735 0.951389 0.056836
v 0.289985 0.944444 -0.000000
v 0.285735 0.951389 0.056836
v 0.284413 0.944444 0.056573
v 0.284413 0.944444 -0.056574
v 0.285735 0.951389 -0.056837
v 0.291333 0.951389 -0.000000
v 0.284413 0.944444 -0.056574
v 0.291333 0.951389 -0.000000
v 0.289985 0.944444 -0.000000
v 0.267911 0.944444 -0.110973
v 0.269156 0.951389 -0.111489
v 0.285735 0.951389 -0.056837
v 0.267911 0.944444 -0.110973
v 0.285735 0.951389 -0.056837
v 0.284413 0.944444 -0.056574
v 0.241114 0.944444 -0.161107
v 0.242234 0.951389 -0.161856
v 0.269156 0.951389 -0.111489
v 0.241114 0.944444 -0.161107
v 0.269156 0.951389 -0.111489
v 0.267911 0.944444 -0.110973
v 0.205050 0.944444 -0.205051
v 0.206003 0.951389 -0.206004
v 0.242234 0.951389 -0.161856
v 0.205050 0.944444 -0.205051
v 0.242234 0.951389 -0.161856
v 0.241114 0.944444 -0.161107
v 0.161107 0.944444 -0.241114
v 0.161856 0.951389 -0.242235
v 0.206003 0.951389 -0.206004
v 0.161107 0.944444 -0.241114
v 0.206003 0.951389 -0.206004
v 0.205050 0.944444 -0.205051
v 0.110972 0.944444 -0.267911
v 0.111488 0.951389 -0.269157
v 0.161856 0.951389 -0.242235
v 0.110972 0.944444 -0.267911
v 0.161856 0.951389 -0.242235
v 0.161107 0.944444 -0.241114
v 0.056573 0.944444 -0.284413
v 0.056836 0.951389 -0.285735
v 0.111488 0.951389 -0.269157
v 0.056573 0.944444 -0.284413
v 0.111488 0.951389 -0.269157
v 0.110972 0.944444 -0.267911
v -0.000000 0.944444 -0.289985
v -0.000000 0.951389 -0.291333
v 0.056836 0.951389 -0.285735
v -0.000000 0.944444 -0.289985
v 0.056836 0.951389 -0.285735
v 0.056573 0.944444 -0.284413
v -0.000000 0.958333 -0.290458
v -0.000000 0.965278 -0.286384
v 0.055871 0.965278 -0.280881
v -0.000000 0.958333 -0.290458
v 0.055871 0.965278 -0.280881
v 0.056665 0.958333 -0.284877
v 0.056665 0.958333 -0.284877
v 0.055871 0.965278 -0.280881
v 0.109594 0.965278 -0.264584
v 0.056665 0.958333 -0.284877
v 0.109594 0.965278 -0.264584
v 0.111153 0.958333 -0.268348
v 0.111153 0.958333 -0.268348
v 0.109594 0.965278 -0.264584
v 0.159106 0.965278 -0.238119
v 0.111153 0.958333 -0.268348
v 0.159106 0.965278 -0.238119
v 0.161370 0.958333 -0.241507
v 0.161370 0.958333 -0.241507
v 0.159106 0.965278 -0.238119
v 0.202504 0.965278 -0.202504
v 0.161370 0.958333 -0.241507
v 0.202504 0.965278 -0.202504
v 0.205384 0.958333 -0.205385
v 0.205384 0.958333 -0.205385
v 0.202504 0.965278 -0.202504
v 0.238119 0.965278 -0.159106
v 0.205384 0.958333 -0.205385
v 0.238119 0.965278 -0.159106
v 0.241507 0.958333 -0.161370
v 0.241507 0.958333 -0.161370
v 0.238119 0.965278 -0.159106
v 0.264584 0.965278 -0.109595
v 0.241507 0.958333 -0.161370
v 0.264584 0.965278 -0.109595
v 0.268348 0.958333 -0.111154
v 0.268348 0.958333 -0.111154
v 0.264584 0.965278 -0.109595
v 0.280881 0.965278 -0.055871
v 0.268348 0.958333 -0.111154
v 0.280881 0.965278 -0.055871
v 0.284876 0.958333 -0.056666
v 0.284876 0.958333 -0.056666
v 0.280881 0.965278 -0.055871
v 0.286383 0.965278 -0.000000
v 0.284876 0.958333 -0.056666
v 0.286383 0.965278 -0.000000
v 0.290457 0.958333 -0.000000
v 0.290457 0.958333 -0.000000
v 0.286383 0.965278 -0.000000
v 0.280881 0.965278 0.055870
v 0.290457 0.958333 -0.000000
v 0.280881 0.965278 0.055870
v 0.284876 0.958333 0.056665
v 0.284876 0.958333 0.056665
v 0.280881 0.965278 0.055870
v 0.264584 0.965278 0.109594
v 0.284876 0.958333 0.056665
v 0.264584 0.965278 0.109594
v 0.268348 0.958333 0.111153
v 0.268348 0.958333 0.111153
v 0.264584 0.965278 0.109594
v 0.238119 0.965278 0.159106
v 0.268348 0.958333 0.111153
v 0.238119 0.965278 0.159106
v 0.241507 0.958333 0.161369
v 0.241507 0.958333 0.161369
v 0.238119 0.965278 0.159106
v 0.202504 0.965278 0.202503
v 0.241507 0.958333 0.161369
v 0.202504 0.965278 0.202503
v 0.205384 0.958333 0.205384
v 0.205384 0.958333 0.205384
v 0.202504 0.965278 0.202503
v 0.159106 0.965278 0.238119
v 0.205384 0.958333 0.205384
v 0.159106 0.965278 0.238119
v 0.161369 0.958333 0.241506
v 0.161369 0.958333 0.241506
v 0.159106 0.965278 0.238119
v 0.109594 0.965278 0.264584
v 0.161369 0.958333 0.241506
v 0.109594 0.965278 0.264584
v 0.111153 0.958333 0.268347
v 0.111153 0.958333 0.268347
v 0.109594 0.965278 0.264584
v 0.055871 0.965278 0.280880
v 0.111153 0.958333 0.268347
v 0.055871 0.965278 0.280880
v 0.056665 0.958333 0.284876
v 0.056665 0.958333 0.284876
v 0.055871 0.965278 0.280880
v -0.000000 0.965278 0.286383
v 0.056665 0.958333 0.284876
v -0.000000 0.965278 0.286383
v -0.000000 0.958333 0.290457
v -0.000000 0.958333 0.290457
v -0.000000 0.965278 0.286383
v -0.055871 0.965278 0.280880
v -0.000000 0.958333 0.290457
v -0.055871 0.965278 0.280880
v -0.056666 0.958333 0.284876
v -0.056666 0.958333 0.284876
v -0.055871 0.965278 0.280880
v -0.109594 0.965278 0.264583
v -0.056666 0.958333 0.284876
v -0.109594 0.965278 0.264583
v -0.111153 0.958333 0.268347
v -0.111153 0.958333 0.268347
v -0.109594 0.965278 0.264583
v -0.159106 0.965278 0.238119
v -0.111153 0.958333 0.268347
v -0.159106 0.965278 0.238119
v -0.161370 0.958333 0.241506
v -0.161370 0.958333 0.241506
v -0.159106 0.965278 0.238119
v -0.202504 0.965278 0.202503
v -0.161370 0.958333 0.241506
v -0.202504 0.965278 0.202503
v -0.205385 0.958333 0.205384
v -0.205385 0.958333 0.205384
v -0.202504 0.965278 0.202503
v -0.238119 0.965278 0.159106
v -0.205385 0.958333 0.205384
v -0.238119 0.965278 0.159106
v -0.241507 0.958333 0.161369
v -0.241507 0.958333 0.161369
v -0.238119 0.965278 0.159106
v -0.264584 0.965278 0.109594
v -0.241507 0.958333 0.161369
v -0.264584 0.965278 0.109594
v -0.268348 0.958333 0.111153
v -0.268348 0.958333 0.111153
v -0.264584 0.965278 0.109594
v -0.280881 0.965278 0.055870
v -0.268348 0.958333 0.111153
v -0.280881 0.965278 0.055870
v -0.284876 0.958333 0.056665
v -0.284876 0.958333 0.056665
v -0.280881 0.965278 0.055870
v -0.286383 0.965278 -0.000001
v -0.284876 0.958333 0.056665
v -0.286383 0.965278 -0.000001
v -0.290457 0.958333 -0.000001
v -0.290457 0.958333 -0.000001
v -0.286383 0.965278 -0.000001
v -0.280881 0.965278 -0.055871
v -0.290457 0.958333 -0.000001
v -0.280881 0.965278 -0.055871
v -0.284876 0.958333 -0.056666
v -0.284876 0.958333 -0.056666
v -0.280881 0.965278 -0.055871
v -0.264584 0.965278 -0.109595
v -0.284876 0.958333 -0.056666
v -0.264584 0.965278 -0.109595
v -0.268348 0.958333 -0.111154
v -0.268348 0.958333 -0.111154
v -0.264584 0.965278 -0.109595
v -0.238119 0.965278 -0.159107
v -0.268348 0.958333 -0.111154
v -0.238119 0.965278 -0.159107
v -0.241506 0.958333 -0.161370
v -0.241506 0.958333 -0.161370
v -0.238119 0.965278 -0.159107
v -0.202503 0.965278 -0.202504
v -0.241506 0.958333 -0.161370
v -0.202503 0.965278 -0.202504
v -0.205384 0.958333 -0.205385
v -0.205384 0.958333 -0.205385
v -0.202503 0.965278 -0.202504
v -0.159106 0.965278 -0.238120
v -0.205384 0.958333 -0.205385
v -0.159106 0.965278 -0.238120
v -0.161369 0.958333 -0.241507
v -0.161369 0.958333 -0.241507
v -0.159106 0.965278 -0.238120
v -0.109594 0.965278 -0.264584
v -0.161369 0.958333 -0.241507
v -0.109594 0.965278 -0.264584
v -0.111153 0.958333 -0.268348
v -0.111153 0.958333 -0.268348
v -0.109594 0.965278 -0.264584
v -0.055870 0.965278 -0.280881
v -0.111153 0.958333 -0.268348
v -0.055870 0.965278 -0.280881
v -0.056665 0.958333 -0.284877
v -0.056665 0.958333 -0.284877
v -0.055870 0.965278 -0.280881
v -0.000000 0.965278 -0.286384
v -0.056665 0.958333 -0.284877
v -0.000000 0.965278 -0.286384
v -0.000000 0.958333 -0.290458
v -0.316081 -1.000000 -0.062873
v -0.316082 -1.000000 0.062872
v -0.322274 -1.000000 -0.000000
v -0.316082 -1.000000 0.062872
v -0.316081 -1.000000 -0.062873
v -0.297742 -1.000000 0.123329
v -0.297742 -1.000000 0.123329
v -0.316081 -1.000000 -0.062873
v -0.297742 -1.000000 -0.123329
v -0.297742 -1.000000 0.123329
v -0.297742 -1.000000 -0.123329
v -0.267961 -1.000000 0.179046
v -0.267961 -1.000000 0.179046
v -0.297742 -1.000000 -0.123329
v -0.267961 -1.000000 -0.179046
v -0.267961 -1.000000 0.179046
v -0.267961 -1.000000 -0.179046
v -0.227882 -1.000000 0.227882
v -0.227882 -1.000000 0.227882
v -0.267961 -1.000000 -0.179046
v -0.227882 -1.000000 -0.227882
v -0.227882 -1.000000 0.227882
v -0.227882 -1.000000 -0.227882
v -0.179046 -1.000000 0.267961
v -0.179046 -1.000000 0.267961
v -0.227882 -1.000000 -0.227882
v -0.179045 -1.000000 -0.267961
v -0.179046 -1.000000 0.267961
v -0.179045 -1.000000 -0.267961
v -0.123329 -1.000000 0.297742
v -0.123329 -1.000000 0.297742
v -0.179045 -1.000000 -0.267961
v -0.123328 -1.000000 -0.297742
v -0.123329 -1.000000 0.297742
v -0.123328 -1.000000 -0.297742
v -0.062873 -1.000000 0.316082
v -0.062873 -1.000000 0.316082
v -0.123328 -1.000000 -0.297742
v -0.062872 -1.000000 -0.316082
v -0.062873 -1.000000 0.316082
v -0.062872 -1.000000 -0.316082
v -0.000000 -1.000000 0.322274
v -0.000000 -1.000000 0.322274
v -0.062872 -1.000000 -0.316082
v -0.000000 -1.000000 -0.322274
v -0.000000 -1.000000 0.322274
v -0.000000 -1.000000 -0.322274
v 0.062872 -1.000000 0.316082
v 0.062872 -1.000000 0.316082
v -0.000000 -1.000000 -0.322274
v 0.062873 -1.000000 -0.316081
v 0.062872 -1.000000 0.316082
v 0.062873 -1.000000 -0.316081
v 0.123329 -1.000000 0.297742
v 0.123329 -1.000000 0.297742
v 0.062873 -1.000000 -0.316081
v 0.123329 -1.000000 -0.297742
v 0.123329 -1.000000 0.297742
v 0.123329 -1.000000 -0.297742
v 0.179046 -1.000000 0.267961
v 0.179046 -1.000000 0.267961
v 0.123329 -1.000000 -0.297742
v 0.179046 -1.000000 -0.267961
v 0.179046 -1.000000 0.267961
v 0.179046 -1.000000 -0.267961
v 0.227882 -1.000000 0.227882
v 0.227882 -1.000000 0.227882
v 0.179046 -1.000000 -0.267961
v 0.227882 -1.000000 -0.227882
v 0.227882 -1.000000 0.227882
v 0.227882 -1.000000 -0.227882
v 0.267961 -1.000000 -0.179046
v 0.227882 -1.000000 0.227882
v 0.267961 -1.000000 -0.179046
v 0.267961 -1.000000 0.179046
v 0.267961 -1.000000 0.179046
v 0.267961 -1.000000 -0.179046
v 0.297742 -1.000000 -0.123329
v 0.267961 -1.000000 0.179046
v 0.297742 -1.000000 -0.123329
v 0.297742 -1.000000 0.123329
v 0.297742 -1.000000 0.123329
v 0.297742 -1.000000 -0.123329
v 0.316082 -1.000000 -0.062873
v 0.297742 -1.000000 0.123329
v 0.316082 -1.000000 -0.062873
v 0.316082 -1.000000 0.062873
v 0.316082 -1.000000 0.062873
v 0.316082 -1.000000 -0.062873
v 0.322274 -1.000000 0.000000
v -0.263478 1.000000 0.052408
v -0.263478 1.000000 -0.052410
v -0.268640 1.000000 -0.000001
v -0.263478 1.000000 -0.052410
v -0.263478 1.000000 0.052408
v -0.248191 1.000000 0.102804
v -0.263478 1.000000 -0.052410
v -0.248191 1.000000 0.102804
v -0.248191 1.000000 -0.102805
v -0.248191 1.000000 -0.102805
v -0.248191 1.000000 0.102804
v -0.223366 1.000000 0.149248
v -0.248191 1.000000 -0.102805
v -0.223366 1.000000 0.149248
v -0.223366 1.000000 -0.149249
v -0.223366 1.000000 -0.149249
v -0.223366 1.000000 0.149248
v -0.189957 1.000000 0.189957
v -0.223366 1.000000 -0.149249
v -0.189957 1.000000 0.189957
v -0.189957 1.000000 -0.189958
v -0.189957 1.000000 -0.189958
v -0.189957 1.000000 0.189957
v -0.149249 1.000000 0.223366
v -0.189957 1.000000 -0.189958
v -0.149249 1.000000 0.223366
v -0.149248 1.000000 -0.223366
v -0.149248 1.000000 -0.223366
v -0.149249 1.000000 0.223366
v -0.102804 1.000000 0.248191
v -0.149248 1.000000 -0.223366
v -0.102804 1.000000 0.248191
v -0.102804 1.000000 -0.248191
v -0.102804 1.000000 -0.248191
v -0.102804 1.000000 0.248191
v -0.052409 1.000000 0.263478
v -0.102804 1.000000 -0.248191
v -0.052409 1.000000 0.263478
v -0.052409 1.000000 -0.263479
v -0.052409 1.000000 -0.263479
v -0.052409 1.000000 0.263478
v -0.000000 1.000000 0.268640
v -0.052409 1.000000 -0.263479
v -0.000000 1.000000 0.268640
v -0.000000 1.000000 -0.268640
v -0.000000 1.000000 -0.268640
v -0.000000 1.000000 0.268640
v 0.052409 1.000000 0.263478
v -0.000000 1.000000 -0.268640
v 0.052409 1.000000 0.263478
v 0.052409 1.000000 -0.263478
v 0.052409 1.000000 -0.263478
v 0.052409 1.000000 0.263478
v 0.102804 1.000000 0.248191
v 0.052409 1.000000 -0.263478
v 0.102804 1.000000 0.248191
v 0.102804 1.000000 -0.248191
v 0.102804 1.000000 -0.248191
v 0.102804 1.000000 0.248191
v 0.149248 1.000000 0.223366
v 0.102804 1.000000 -0.248191
v 0.149248 1.000000 0.223366
v 0.149248 1.000000 -0.223366
v 0.149248 1.000000 -0.223366
v 0.149248 1.000000 0.223366
v 0.189957 1.000000 0.189957
v 0.149248 1.000000 -0.223366
v 0.189957 1.000000 0.189957
v 0.189957 1.000000 -0.189957
v 0.189957 1.000000 -0.189957
v 0.189957 1.000000 0.189957
v 0.223366 1.000000 0.149248
v 0.189957 1.000000 -0.189957
v 0.223366 1.000000 0.149248
v 0.223366 1.000000 -0.149249
v 0.223366 1.000000 -0.149249
v 0.223366 1.000000 0.149248
v 0.248191 1.000000 0.102804
v 0.223366 1.000000 -0.149249
v 0.248191 1.000000 0.102804
v 0.248191 1.000000 -0.102804
v 0.248191 1.000000 -0.102804
v 0.248191 1.000000 0.102804
v 0.263478 1.000000 0.052409
v 0.248191 1.000000 -0.102804
v 0.263478 1.000000 0.052409
v 0.263478 1.000000 -0.052409
v 0.263478 1.000000 -0.052409
v 0.263478 1.000000 0.052409
v 0.268640 1.000000 -0.000000
vt 0.814290 0.176883
vt 0.981927 0.076489
vt 0.824641 0.194240
vt 0.824641 0.194240
vt 0.981927 0.076489
vt 0.989057 0.095775
vt 0.824641 0.194240
vt 0.989057 0.095775
vt 0.837815 0.209001
vt 0.837815 0.209001
vt 0.989057 0.095775
vt 0.992691 0.116248
vt 0.837815 0.209001
vt 0.992691 0.116248
vt 0.853307 0.220598
vt 0.853307 0.220598
vt 0.992691 0.116248
vt 0.992691 0.137123
vt 0.853307 0.220598
vt 0.992691 0.137123
vt 0.870520 0.228586
vt 0.870520 0.228586
vt 0.992691 0.137123
vt 0.989057 0.157597
vt 0.870520 0.228586
vt 0.989057 0.157597
vt 0.981927 0.176883
vt 0.870520 0.228586
vt 0.981927 0.176883
vt 0.888793 0.232659
vt 0.888793 0.232659
vt 0.981927 0.176883
vt 0.971576 0.194240
vt 0.888793 0.232659
vt 0.971576 0.194240
vt 0.907424 0.232659
vt 0.907424 0.232659
vt 0.971576 0.194240
vt 0.958402 0.209001
vt 0.907424 0.232659
vt 0.958402 0.209001
vt 0.925697 0.228586
vt 0.925697 0.228586
vt 0.958402 0.209001
vt 0.942910 0.220598
vt 0.807160 0.157597
vt 0.971576 0.059132
vt 0.814290 0.176883
vt 0.807160 0.157597
vt 0.958402 0.044371
vt 0.971576 0.059132
vt 0.803525 0.137123
vt 0.958402 0.044371
vt 0.807160 0.157597
vt 0.803525 0.137123
vt 0.942910 0.032774
vt 0.958402 0.044371
vt 0.803525 0.116248
vt 0.942910 0.032774
vt 0.803525 0.137123
vt 0.803525 0.116248
vt 0.925697 0.024785
vt 0.942910 0.032774
vt 0.807160 0.095775
vt 0.925697 0.024785
vt 0.803525 0.116248
vt 0.807160 0.095775
vt 0.907424 0.020713
vt 0.925697 0.024785
vt 0.814290 0.076489
vt 0.907424 0.020713
vt 0.807160 0.095775
vt 0.814290 0.076489
vt 0.888793 0.020713
vt 0.907424 0.020713
vt 0.824641 0.059132
vt 0.888793 0.020713
vt 0.814290 0.076489
vt 0.824641 0.059132
vt 0.870520 0.024785
vt 0.888793 0.020713
vt 0.837815 0.044371
vt 0.870520 0.024785
vt 0.824641 0.059132
vt 0.870520 0.024785
vt 0.837815 0.044371
vt 0.853307 0.032774
vt 0.814290 0.176883
vt 0.971576 0.059132
vt 0.981927 0.076489
vt 0.895725 0.251680
vt 0.910972 0.425128
vt 0.926518 0.425128
vt 0.895725 0.251680
vt 0.926518 0.425128
vt 0.910972 0.248282
vt 0.910972 0.248282
vt 0.926518 0.425128
vt 0.941764 0.421730
vt 0.910972 0.248282
vt 0.941764 0.421730
vt 0.926517 0.248282
vt 0.926517 0.248282
vt 0.941764 0.421730
vt 0.956127 0.415064
vt 0.926517 0.248282
vt 0.956127 0.415064
vt 0.941764 0.251680
vt 0.941764 0.251680
vt 0.956127 0.415064
vt 0.969053 0.405388
vt 0.941764 0.251680
vt 0.969053 0.405388
vt 0.956127 0.258346
vt 0.956127 0.258346
vt 0.969053 0.405388
vt 0.980045 0.393071
vt 0.956127 0.258346
vt 0.980045 0.393071
vt 0.969052 0.268023
vt 0.969052 0.268023
vt 0.980045 0.393071
vt 0.988682 0.378589
vt 0.969052 0.268023
vt 0.988682 0.378589
vt 0.980045 0.280339
vt 0.980045 0.280339
vt 0.988682 0.378589
vt 0.994631 0.362497
vt 0.980045 0.280339
vt 0.994631 0.362497
vt 0.988682 0.294821
vt 0.988682 0.294821
vt 0.994631 0.362497
vt 0.997664 0.345414
vt 0.988682 0.294821
vt 0.997664 0.345414
vt 0.994631 0.310913
vt 0.994631 0.310913
vt 0.997664 0.345414
vt 0.997664 0.327996
vt 0.857444 0.280339
vt 0.868437 0.405388
vt 0.881362 0.415064
vt 0.848808 0.294821
vt 0.868437 0.405388
vt 0.857444 0.280339
vt 0.848808 0.294821
vt 0.857444 0.393071
vt 0.868437 0.405388
vt 0.842858 0.310913
vt 0.857444 0.393071
vt 0.848808 0.294821
vt 0.842858 0.310913
vt 0.848807 0.378589
vt 0.857444 0.393071
vt 0.839826 0.327996
vt 0.848807 0.378589
vt 0.842858 0.310913
vt 0.839826 0.327996
vt 0.842858 0.362497
vt 0.848807 0.378589
vt 0.842858 0.362497
vt 0.839826 0.327996
vt 0.839826 0.345414
vt 0.857444 0.280339
vt 0.881362 0.415064
vt 0.868437 0.268023
vt 0.868437 0.268023
vt 0.881362 0.415064
vt 0.895725 0.421730
vt 0.868437 0.268023
vt 0.895725 0.421730
vt 0.881362 0.258346
vt 0.881362 0.258346
vt 0.895725 0.421730
vt 0.910972 0.425128
vt 0.881362 0.258346
vt 0.910972 0.425128
vt 0.895725 0.251680
vt 0.990371 0.293809
vt 0.980045 0.280339
vt 0.988682 0.294821
vt 0.990371 0.293809
vt 0.981526 0.278977
vt 0.980045 0.280339
vt 0.996464 0.310290
vt 0.990371 0.293809
vt 0.988682 0.294821
vt 0.996464 0.310290
vt 0.988682 0.294821
vt 0.994631 0.310913
vt 0.999570 0.327786
vt 0.994631 0.310913
vt 0.997664 0.327996
vt 0.999570 0.327786
vt 0.996464 0.310290
vt 0.994631 0.310913
vt 0.999570 0.345624
vt 0.999570 0.327786
vt 0.997664 0.327996
vt 0.999570 0.345624
vt 0.997664 0.327996
vt 0.997664 0.345414
vt 0.996464 0.363120
vt 0.997664 0.345414
vt 0.994631 0.362497
vt 0.996464 0.363120
vt 0.999570 0.345624
vt 0.997664 0.345414
vt 0.990371 0.379601
vt 0.996464 0.363120
vt 0.994631 0.362497
vt 0.990371 0.379601
vt 0.994631 0.362497
vt 0.988682 0.378589
vt 0.981526 0.394433
vt 0.990371 0.379601
vt 0.988682 0.378589
vt 0.981526 0.394433
vt 0.988682 0.378589
vt 0.980045 0.393071
vt 0.970268 0.407047
vt 0.980045 0.393071
vt 0.969053 0.405388
vt 0.970268 0.407047
vt 0.981526 0.394433
vt 0.980045 0.393071
vt 0.957030 0.416957
vt 0.969053 0.405388
vt 0.956127 0.415064
vt 0.957030 0.416957
vt 0.970268 0.407047
vt 0.969053 0.405388
vt 0.942321 0.423784
vt 0.956127 0.415064
vt 0.941764 0.421730
vt 0.942321 0.423784
vt 0.957030 0.416957
vt 0.956127 0.415064
vt 0.926705 0.427264
vt 0.942321 0.423784
vt 0.941764 0.421730
vt 0.926705 0.427264
vt 0.941764 0.421730
vt 0.926518 0.425128
vt 0.910784 0.427264
vt 0.926705 0.427264
vt 0.926518 0.425128
vt 0.910784 0.427264
vt 0.926518 0.425128
vt 0.910972 0.425128
vt 0.895169 0.423784
vt 0.910972 0.425128
vt 0.895725 0.421730
vt 0.895169 0.423784
vt 0.910784 0.427264
vt 0.910972 0.425128
vt 0.880459 0.416957
vt 0.895169 0.423784
vt 0.895725 0.421730
vt 0.880459 0.416957
vt 0.895725 0.421730
vt 0.881362 0.415064
vt 0.867221 0.407047
vt 0.881362 0.415064
vt 0.868437 0.405388
vt 0.867221 0.407047
vt 0.880459 0.416957
vt 0.881362 0.415064
vt 0.855963 0.394433
vt 0.868437 0.405388
vt 0.857444 0.393071
vt 0.855963 0.394433
vt 0.867221 0.407047
vt 0.868437 0.405388
vt 0.847118 0.379601
vt 0.857444 0.393071
vt 0.848807 0.378589
vt 0.847118 0.379601
vt 0.855963 0.394433
vt 0.857444 0.393071
vt 0.841025 0.363120
vt 0.847118 0.379601
vt 0.848807 0.378589
vt 0.841025 0.363120
vt 0.848807 0.378589
vt 0.842858 0.362497
vt 0.837919 0.345624
vt 0.842858 0.362497
vt 0.839826 0.345414
vt 0.837919 0.345624
vt 0.841025 0.363120
vt 0.842858 0.362497
vt 0.837919 0.327786
vt 0.837919 0.345624
vt 0.839826 0.345414
vt 0.837919 0.327786
vt 0.839826 0.345414
vt 0.839826 0.327996
vt 0.841025 0.310290
vt 0.839826 0.327996
vt 0.842858 0.310913
vt 0.841025 0.310290
vt 0.837919 0.327786
vt 0.839826 0.327996
vt 0.847118 0.293809
vt 0.841025 0.310290
vt 0.842858 0.310913
vt 0.847118 0.293809
vt 0.842858 0.310913
vt 0.848808 0.294821
vt 0.855963 0.278977
vt 0.848808 0.294821
vt 0.857444 0.280339
vt 0.855963 0.278977
vt 0.847118 0.293809
vt 0.848808 0.294821
vt 0.867221 0.266364
vt 0.857444 0.280339
vt 0.868437 0.268023
vt 0.867221 0.266364
vt 0.855963 0.278977
vt 0.857444 0.280339
vt 0.880459 0.256453
vt 0.868437 0.268023
vt 0.881362 0.258346
vt 0.880459 0.256453
vt 0.867221 0.266364
vt 0.868437 0.268023
vt 0.895169 0.249627
vt 0.880459 0.256453
vt 0.881362 0.258346
vt 0.895169 0.249627
vt 0.881362 0.258346
vt 0.895725 0.251680
vt 0.910784 0.246146
vt 0.895169 0.249627
vt 0.895725 0.251680
vt 0.910784 0.246146
vt 0.895725 0.251680
vt 0.910972 0.248282
vt 0.926705 0.246146
vt 0.910784 0.246146
vt 0.910972 0.248282
vt 0.926705 0.246146
vt 0.910972 0.248282
vt 0.926517 0.248282
vt 0.942320 0.249627
vt 0.926517 0.248282
vt 0.941764 0.251680
vt 0.942320 0.249627
vt 0.926705 0.246146
vt 0.926517 0.248282
vt 0.957030 0.256453
vt 0.942320 0.249627
vt 0.941764 0.251680
vt 0.957030 0.256453
vt 0.941764 0.251680
vt 0.956127 0.258346
vt 0.970268 0.266364
vt 0.957030 0.256453
vt 0.956127 0.258346
vt 0.970268 0.266364
vt 0.956127 0.258346
vt 0.969052 0.268023
vt 0.981526 0.278977
vt 0.970268 0.266364
vt 0.969052 0.268023
vt 0.981526 0.278977
vt 0.969052 0.268023
vt 0.980045 0.280339
vt 0.677648 0.355078
vt 0.711507 0.371712
vt 0.710868 0.353210
vt 0.677648 0.355078
vt 0.678918 0.373989
vt 0.711507 0.371712
vt 0.676644 0.336280
vt 0.677648 0.355078
vt 0.710868 0.353210
vt 0.676644 0.336280
vt 0.710868 0.353210
vt 0.710367 0.334857
vt 0.675999 0.317676
vt 0.676644 0.336280
vt 0.710367 0.334857
vt 0.675533 0.299064
vt 0.710008 0.316711
vt 0.709780 0.298571
vt 0.675533 0.299064
vt 0.675999 0.317676
vt 0.710008 0.316711
vt 0.675999 0.317676
vt 0.710367 0.334857
vt 0.710008 0.316711
vt 0.675408 0.280539
vt 0.675533 0.299064
vt 0.709780 0.298571
vt 0.675408 0.280539
vt 0.709780 0.298571
vt 0.709694 0.280553
vt 0.675580 0.262023
vt 0.675408 0.280539
vt 0.709694 0.280553
vt 0.675580 0.262023
vt 0.709694 0.280553
vt 0.709751 0.262547
vt 0.676048 0.243480
vt 0.675580 0.262023
vt 0.709751 0.262547
vt 0.676048 0.243480
vt 0.709751 0.262547
vt 0.709953 0.244511
vt 0.676789 0.224910
vt 0.676048 0.243480
vt 0.709953 0.244511
vt 0.676789 0.224910
vt 0.709953 0.244511
vt 0.710302 0.226458
vt 0.677844 0.206267
vt 0.676789 0.224910
vt 0.710302 0.226458
vt 0.677844 0.206267
vt 0.710302 0.226458
vt 0.710810 0.208361
vt 0.678918 0.373989
vt 0.712295 0.390710
vt 0.711507 0.371712
vt 0.678918 0.373989
vt 0.680574 0.393312
vt 0.712295 0.390710
vt 0.680574 0.393312
vt 0.713208 0.410106
vt 0.712295 0.390710
vt 0.680574 0.393312
vt 0.682498 0.412896
vt 0.713208 0.410106
vt 0.682498 0.412896
vt 0.714186 0.429472
vt 0.713208 0.410106
vt 0.682498 0.412896
vt 0.684490 0.432349
vt 0.714186 0.429472
vt 0.684490 0.432349
vt 0.718416 0.507030
vt 0.714186 0.429472
vt 0.684490 0.432349
vt 0.692728 0.509589
vt 0.718416 0.507030
vt 0.692728 0.509589
vt 0.722621 0.584509
vt 0.718416 0.507030
vt 0.692728 0.509589
vt 0.700792 0.586644
vt 0.722621 0.584509
vt 0.700792 0.586644
vt 0.726724 0.661976
vt 0.722621 0.584509
vt 0.700792 0.586644
vt 0.708662 0.663611
vt 0.726724 0.661976
vt 0.708662 0.663611
vt 0.728507 0.700231
vt 0.726724 0.661976
vt 0.708662 0.663611
vt 0.712024 0.701567
vt 0.728507 0.700231
vt 0.712024 0.701567
vt 0.728710 0.705053
vt 0.728507 0.700231
vt 0.712024 0.701567
vt 0.712435 0.706278
vt 0.728710 0.705053
vt 0.712435 0.706278
vt 0.728901 0.709736
vt 0.728710 0.705053
vt 0.712435 0.706278
vt 0.712741 0.710860
vt 0.728901 0.709736
vt 0.722621 0.584509
vt 0.726724 0.661976
vt 0.744886 0.661358
vt 0.713208 0.410106
vt 0.743884 0.428438
vt 0.743808 0.409108
vt 0.713208 0.410106
vt 0.714186 0.429472
vt 0.743884 0.428438
vt 0.714186 0.429472
vt 0.744199 0.506087
vt 0.743884 0.428438
vt 0.714186 0.429472
vt 0.718416 0.507030
vt 0.744199 0.506087
vt 0.718416 0.507030
vt 0.744534 0.583717
vt 0.744199 0.506087
vt 0.718416 0.507030
vt 0.722621 0.584509
vt 0.744534 0.583717
vt 0.722621 0.584509
vt 0.744886 0.661358
vt 0.744534 0.583717
vt 0.726724 0.661976
vt 0.745081 0.699707
vt 0.744886 0.661358
vt 0.726724 0.661976
vt 0.728507 0.700231
vt 0.745081 0.699707
vt 0.728507 0.700231
vt 0.728710 0.705053
vt 0.745107 0.704536
vt 0.728507 0.700231
vt 0.745107 0.704536
vt 0.745081 0.699707
vt 0.712295 0.390710
vt 0.713208 0.410106
vt 0.743808 0.409108
vt 0.712295 0.390710
vt 0.743808 0.409108
vt 0.743735 0.389783
vt 0.711507 0.371712
vt 0.712295 0.390710
vt 0.743735 0.389783
vt 0.711507 0.371712
vt 0.743735 0.389783
vt 0.743665 0.370889
vt 0.710868 0.353210
vt 0.711507 0.371712
vt 0.743665 0.370889
vt 0.710868 0.353210
vt 0.743665 0.370889
vt 0.743598 0.352513
vt 0.710367 0.334857
vt 0.710868 0.353210
vt 0.743598 0.352513
vt 0.710367 0.334857
vt 0.743598 0.352513
vt 0.743533 0.334302
vt 0.709780 0.298571
vt 0.710008 0.316711
vt 0.743470 0.316307
vt 0.710008 0.316711
vt 0.743533 0.334302
vt 0.743470 0.316307
vt 0.710008 0.316711
vt 0.710367 0.334857
vt 0.743533 0.334302
vt 0.709780 0.298571
vt 0.743470 0.316307
vt 0.743409 0.298325
vt 0.728710 0.705053
vt 0.745134 0.709217
vt 0.745107 0.704536
vt 0.728710 0.705053
vt 0.728901 0.709736
vt 0.745134 0.709217
vt 0.709694 0.280553
vt 0.709780 0.298571
vt 0.743409 0.298325
vt 0.709694 0.280553
vt 0.743409 0.298325
vt 0.743350 0.280472
vt 0.709751 0.262547
vt 0.709694 0.280553
vt 0.743350 0.280472
vt 0.709751 0.262547
vt 0.743350 0.280472
vt 0.743292 0.262634
vt 0.709953 0.244511
vt 0.709751 0.262547
vt 0.743292 0.262634
vt 0.709953 0.244511
vt 0.743292 0.262634
vt 0.743235 0.244769
vt 0.710302 0.226458
vt 0.709953 0.244511
vt 0.743235 0.244769
vt 0.710302 0.226458
vt 0.743235 0.244769
vt 0.743179 0.226890
vt 0.710810 0.208361
vt 0.710302 0.226458
vt 0.743179 0.226890
vt 0.710810 0.208361
vt 0.743179 0.226890
vt 0.743125 0.208969
vt 0.744534 0.583717
vt 0.744886 0.661358
vt 0.763049 0.661759
vt 0.744534 0.583717
vt 0.763049 0.661759
vt 0.766449 0.584267
vt 0.744199 0.506087
vt 0.744534 0.583717
vt 0.766449 0.584267
vt 0.744199 0.506087
vt 0.766449 0.584267
vt 0.769988 0.506758
vt 0.743884 0.428438
vt 0.744199 0.506087
vt 0.769988 0.506758
vt 0.743884 0.428438
vt 0.769988 0.506758
vt 0.773587 0.429173
vt 0.743808 0.409108
vt 0.743884 0.428438
vt 0.773587 0.429173
vt 0.743808 0.409108
vt 0.773587 0.429173
vt 0.774412 0.409803
vt 0.744886 0.661358
vt 0.745081 0.699707
vt 0.761649 0.700010
vt 0.744886 0.661358
vt 0.761649 0.700010
vt 0.763049 0.661759
vt 0.745081 0.699707
vt 0.761500 0.704828
vt 0.761649 0.700010
vt 0.745081 0.699707
vt 0.745107 0.704536
vt 0.761500 0.704828
vt 0.743735 0.389783
vt 0.743808 0.409108
vt 0.774412 0.409803
vt 0.743735 0.389783
vt 0.774412 0.409803
vt 0.775177 0.390407
vt 0.743665 0.370889
vt 0.743735 0.389783
vt 0.775177 0.390407
vt 0.743665 0.370889
vt 0.775177 0.390407
vt 0.775824 0.371412
vt 0.743598 0.352513
vt 0.743665 0.370889
vt 0.775824 0.371412
vt 0.743598 0.352513
vt 0.775824 0.371412
vt 0.776327 0.352913
vt 0.743533 0.334302
vt 0.743598 0.352513
vt 0.776327 0.352913
vt 0.743533 0.334302
vt 0.776327 0.352913
vt 0.776697 0.334564
vt 0.743409 0.298325
vt 0.743470 0.316307
vt 0.776929 0.316422
vt 0.743409 0.298325
vt 0.776929 0.316422
vt 0.777033 0.298288
vt 0.743470 0.316307
vt 0.743533 0.334302
vt 0.776697 0.334564
vt 0.743470 0.316307
vt 0.776697 0.334564
vt 0.776929 0.316422
vt 0.745107 0.704536
vt 0.745134 0.709217
vt 0.761363 0.709505
vt 0.745107 0.704536
vt 0.761363 0.709505
vt 0.761500 0.704828
vt 0.743350 0.280472
vt 0.743409 0.298325
vt 0.777033 0.298288
vt 0.743350 0.280472
vt 0.777033 0.298288
vt 0.776998 0.280277
vt 0.743292 0.262634
vt 0.743350 0.280472
vt 0.776998 0.280277
vt 0.743292 0.262634
vt 0.776998 0.280277
vt 0.776824 0.262278
vt 0.743235 0.244769
vt 0.743292 0.262634
vt 0.776824 0.262278
vt 0.743235 0.244769
vt 0.776824 0.262278
vt 0.776507 0.244251
vt 0.743179 0.226890
vt 0.743235 0.244769
vt 0.776507 0.244251
vt 0.743179 0.226890
vt 0.776507 0.244251
vt 0.776046 0.226207
vt 0.743125 0.208969
vt 0.743179 0.226890
vt 0.776046 0.226207
vt 0.743125 0.208969
vt 0.776046 0.226207
vt 0.775427 0.208120
vt 0.766449 0.584267
vt 0.763049 0.661759
vt 0.781113 0.663182
vt 0.766449 0.584267
vt 0.781113 0.663182
vt 0.788287 0.586160
vt 0.769988 0.506758
vt 0.766449 0.584267
vt 0.788287 0.586160
vt 0.769988 0.506758
vt 0.788287 0.586160
vt 0.795693 0.509047
vt 0.773587 0.429173
vt 0.769988 0.506758
vt 0.795693 0.509047
vt 0.773587 0.429173
vt 0.795693 0.509047
vt 0.803297 0.431750
vt 0.774412 0.409803
vt 0.773587 0.429173
vt 0.803297 0.431750
vt 0.774412 0.409803
vt 0.803297 0.431750
vt 0.805134 0.412291
vt 0.763049 0.661759
vt 0.761649 0.700010
vt 0.778119 0.701137
vt 0.763049 0.661759
vt 0.778119 0.701137
vt 0.781113 0.663182
vt 0.761649 0.700010
vt 0.761500 0.704828
vt 0.777752 0.705836
vt 0.761649 0.700010
vt 0.777752 0.705836
vt 0.778119 0.701137
vt 0.775177 0.390407
vt 0.774412 0.409803
vt 0.805134 0.412291
vt 0.775177 0.390407
vt 0.805134 0.412291
vt 0.806905 0.392705
vt 0.775824 0.371412
vt 0.775177 0.390407
vt 0.806905 0.392705
vt 0.775824 0.371412
vt 0.806905 0.392705
vt 0.808415 0.373384
vt 0.776327 0.352913
vt 0.775824 0.371412
vt 0.808415 0.373384
vt 0.776327 0.352913
vt 0.808415 0.373384
vt 0.809545 0.354478
vt 0.776697 0.334564
vt 0.776327 0.352913
vt 0.809545 0.354478
vt 0.776697 0.334564
vt 0.809545 0.354478
vt 0.810413 0.335687
vt 0.777033 0.298288
vt 0.776929 0.316422
vt 0.810927 0.317092
vt 0.777033 0.298288
vt 0.810927 0.317092
vt 0.811264 0.298491
vt 0.776929 0.316422
vt 0.776697 0.334564
vt 0.810413 0.335687
vt 0.776929 0.316422
vt 0.810413 0.335687
vt 0.810927 0.317092
vt 0.761500 0.704828
vt 0.777491 0.710402
vt 0.777752 0.705836
vt 0.761500 0.704828
vt 0.761363 0.709505
vt 0.777491 0.710402
vt 0.776998 0.280277
vt 0.777033 0.298288
vt 0.811264 0.298491
vt 0.776998 0.280277
vt 0.811264 0.298491
vt 0.811264 0.279979
vt 0.776824 0.262278
vt 0.776998 0.280277
vt 0.811264 0.279979
vt 0.776824 0.262278
vt 0.811264 0.279979
vt 0.810970 0.261478
vt 0.776507 0.244251
vt 0.776824 0.262278
vt 0.810970 0.261478
vt 0.776507 0.244251
vt 0.810970 0.261478
vt 0.810382 0.242953
vt 0.776046 0.226207
vt 0.776507 0.244251
vt 0.810382 0.242953
vt 0.776046 0.226207
vt 0.810382 0.242953
vt 0.809525 0.224402
vt 0.711505 0.189938
vt 0.710810 0.208361
vt 0.743125 0.208969
vt 0.711505 0.189938
vt 0.743125 0.208969
vt 0.743071 0.190720
vt 0.743071 0.190720
vt 0.743125 0.208969
vt 0.775427 0.208120
vt 0.743071 0.190720
vt 0.775427 0.208120
vt 0.774624 0.189708
vt 0.775427 0.208120
vt 0.776046 0.226207
vt 0.809525 0.224402
vt 0.775427 0.208120
vt 0.809525 0.224402
vt 0.808355 0.205780
vt 0.679351 0.187309
vt 0.677844 0.206267
vt 0.710810 0.208361
vt 0.679351 0.187309
vt 0.710810 0.208361
vt 0.711505 0.189938
vt 0.712393 0.171202
vt 0.711505 0.189938
vt 0.743071 0.190720
vt 0.712393 0.171202
vt 0.743071 0.190720
vt 0.743018 0.172150
vt 0.743018 0.172150
vt 0.743071 0.190720
vt 0.774624 0.189708
vt 0.743018 0.172150
vt 0.774624 0.189708
vt 0.773628 0.170983
vt 0.681257 0.168082
vt 0.711505 0.189938
vt 0.712393 0.171202
vt 0.681257 0.168082
vt 0.679351 0.187309
vt 0.711505 0.189938
vt 0.713475 0.152326
vt 0.712393 0.171202
vt 0.743018 0.172150
vt 0.713475 0.152326
vt 0.743018 0.172150
vt 0.742964 0.153431
vt 0.742964 0.153431
vt 0.743018 0.172150
vt 0.773628 0.170983
vt 0.742964 0.153431
vt 0.773628 0.170983
vt 0.772438 0.152120
vt 0.683507 0.148730
vt 0.681257 0.168082
vt 0.712393 0.171202
vt 0.683507 0.148730
vt 0.712393 0.171202
vt 0.713475 0.152326
vt 0.774624 0.189708
vt 0.775427 0.208120
vt 0.808355 0.205780
vt 0.774624 0.189708
vt 0.808355 0.205780
vt 0.806735 0.186844
vt 0.773628 0.170983
vt 0.774624 0.189708
vt 0.806735 0.186844
vt 0.773628 0.170983
vt 0.806735 0.186844
vt 0.804716 0.167642
vt 0.772438 0.152120
vt 0.773628 0.170983
vt 0.804716 0.167642
vt 0.772438 0.152120
vt 0.804716 0.167642
vt 0.802357 0.148318
vt 0.714807 0.132821
vt 0.713475 0.152326
vt 0.742964 0.153431
vt 0.714807 0.132821
vt 0.742964 0.153431
vt 0.742910 0.134068
vt 0.742910 0.134068
vt 0.742964 0.153431
vt 0.772438 0.152120
vt 0.742910 0.134068
vt 0.772438 0.152120
vt 0.770998 0.132628
vt 0.686311 0.128774
vt 0.713475 0.152326
vt 0.714807 0.132821
vt 0.686311 0.128774
vt 0.683507 0.148730
vt 0.713475 0.152326
vt 0.770998 0.132628
vt 0.772438 0.152120
vt 0.802357 0.148318
vt 0.770998 0.132628
vt 0.802357 0.148318
vt 0.799443 0.128389
vt 0.716462 0.112203
vt 0.714807 0.132821
vt 0.742910 0.134068
vt 0.716462 0.112203
vt 0.742910 0.134068
vt 0.742855 0.113562
vt 0.742855 0.113562
vt 0.742910 0.134068
vt 0.770998 0.132628
vt 0.742855 0.113562
vt 0.770998 0.132628
vt 0.769232 0.112022
vt 0.689829 0.107803
vt 0.686311 0.128774
vt 0.714807 0.132821
vt 0.689829 0.107803
vt 0.714807 0.132821
vt 0.716462 0.112203
vt 0.769232 0.112022
vt 0.770998 0.132628
vt 0.799443 0.128389
vt 0.769232 0.112022
vt 0.799443 0.128389
vt 0.795813 0.107447
vt 0.728901 0.709736
vt 0.745161 0.714026
vt 0.745134 0.709217
vt 0.728901 0.709736
vt 0.729092 0.714560
vt 0.745161 0.714026
vt 0.712741 0.710860
vt 0.729092 0.714560
vt 0.728901 0.709736
vt 0.712741 0.710860
vt 0.712872 0.715679
vt 0.729092 0.714560
vt 0.696647 0.710848
vt 0.712872 0.715679
vt 0.712741 0.710860
vt 0.696647 0.710848
vt 0.696513 0.715678
vt 0.712872 0.715679
vt 0.745134 0.709217
vt 0.761226 0.714323
vt 0.761363 0.709505
vt 0.745134 0.709217
vt 0.745161 0.714026
vt 0.761226 0.714323
vt 0.761363 0.709505
vt 0.777415 0.715189
vt 0.777491 0.710402
vt 0.761363 0.709505
vt 0.761226 0.714323
vt 0.777415 0.715189
vt 0.777491 0.710402
vt 0.777415 0.715189
vt 0.793618 0.714966
vt 0.777491 0.710402
vt 0.793618 0.714966
vt 0.793436 0.710182
vt 0.718557 0.089609
vt 0.716462 0.112203
vt 0.742855 0.113562
vt 0.718557 0.089609
vt 0.742855 0.113562
vt 0.742799 0.091021
vt 0.694295 0.085089
vt 0.716462 0.112203
vt 0.718557 0.089609
vt 0.694295 0.085089
vt 0.689829 0.107803
vt 0.716462 0.112203
vt 0.742799 0.091021
vt 0.742855 0.113562
vt 0.769232 0.112022
vt 0.742799 0.091021
vt 0.769232 0.112022
vt 0.767024 0.089442
vt 0.767024 0.089442
vt 0.769232 0.112022
vt 0.795813 0.107447
vt 0.767024 0.089442
vt 0.795813 0.107447
vt 0.791229 0.084767
vt 0.720961 0.066177
vt 0.718557 0.089609
vt 0.742799 0.091021
vt 0.720961 0.066177
vt 0.742799 0.091021
vt 0.742741 0.067565
vt 0.699307 0.061766
vt 0.694295 0.085089
vt 0.718557 0.089609
vt 0.699307 0.061766
vt 0.718557 0.089609
vt 0.720961 0.066177
vt 0.742741 0.067565
vt 0.742799 0.091021
vt 0.767024 0.089442
vt 0.742741 0.067565
vt 0.767024 0.089442
vt 0.764501 0.066033
vt 0.696513 0.715678
vt 0.713122 0.721098
vt 0.712872 0.715679
vt 0.696513 0.715678
vt 0.696259 0.721087
vt 0.713122 0.721098
vt 0.764501 0.066033
vt 0.767024 0.089442
vt 0.791229 0.084767
vt 0.764501 0.066033
vt 0.791229 0.084767
vt 0.786103 0.061489
vt 0.723870 0.040067
vt 0.720961 0.066177
vt 0.742741 0.067565
vt 0.723870 0.040067
vt 0.742741 0.067565
vt 0.742690 0.041322
vt 0.705348 0.036151
vt 0.720961 0.066177
vt 0.723870 0.040067
vt 0.705348 0.036151
vt 0.699307 0.061766
vt 0.720961 0.066177
vt 0.742690 0.041322
vt 0.742741 0.067565
vt 0.764501 0.066033
vt 0.742690 0.041322
vt 0.764501 0.066033
vt 0.761486 0.039964
vt 0.761486 0.039964
vt 0.764501 0.066033
vt 0.786103 0.061489
vt 0.761486 0.039964
vt 0.786103 0.061489
vt 0.779943 0.035943
vt 0.687522 0.029383
vt 0.699307 0.061766
vt 0.705348 0.036151
vt 0.687522 0.029383
vt 0.678327 0.053801
vt 0.699307 0.061766
vt 0.471126 0.997576
vt 0.456349 0.959131
vt 0.472725 0.959871
vt 0.471126 0.997576
vt 0.454363 0.996272
vt 0.456349 0.959131
vt 0.454363 0.996272
vt 0.439841 0.958238
vt 0.456349 0.959131
vt 0.454363 0.996272
vt 0.437502 0.994671
vt 0.439841 0.958238
vt 0.487719 0.998482
vt 0.471126 0.997576
vt 0.472725 0.959871
vt 0.504321 0.999190
vt 0.488917 0.960452
vt 0.505105 0.960889
vt 0.504321 0.999190
vt 0.487719 0.998482
vt 0.488917 0.960452
vt 0.487719 0.998482
vt 0.472725 0.959871
vt 0.488917 0.960452
vt 0.520848 0.999518
vt 0.504321 0.999190
vt 0.505105 0.960889
vt 0.520848 0.999518
vt 0.505105 0.960889
vt 0.521186 0.961169
vt 0.537369 0.999518
vt 0.520848 0.999518
vt 0.521186 0.961169
vt 0.537369 0.999518
vt 0.521186 0.961169
vt 0.537257 0.961292
vt 0.553919 0.999190
vt 0.537369 0.999518
vt 0.537257 0.961292
vt 0.553919 0.999190
vt 0.537257 0.961292
vt 0.553357 0.961256
vt 0.570495 0.998561
vt 0.553919 0.999190
vt 0.553357 0.961256
vt 0.570495 0.998561
vt 0.553357 0.961256
vt 0.569473 0.961059
vt 0.587139 0.997583
vt 0.570495 0.998561
vt 0.569473 0.961059
vt 0.587139 0.997583
vt 0.569473 0.961059
vt 0.585631 0.960687
vt 0.437502 0.994671
vt 0.422892 0.957177
vt 0.439841 0.958238
vt 0.437502 0.994671
vt 0.420275 0.992637
vt 0.422892 0.957177
vt 0.420275 0.992637
vt 0.405588 0.955976
vt 0.422892 0.957177
vt 0.420275 0.992637
vt 0.402817 0.990306
vt 0.405588 0.955976
vt 0.402817 0.990306
vt 0.388310 0.954704
vt 0.405588 0.955976
vt 0.402817 0.990306
vt 0.385475 0.987901
vt 0.388310 0.954704
vt 0.385475 0.987901
vt 0.319112 0.949276
vt 0.388310 0.954704
vt 0.385475 0.987901
vt 0.316603 0.977996
vt 0.319112 0.949276
vt 0.316603 0.977996
vt 0.249981 0.943900
vt 0.319112 0.949276
vt 0.316603 0.977996
vt 0.247892 0.968307
vt 0.249981 0.943900
vt 0.247892 0.968307
vt 0.180864 0.938666
vt 0.249981 0.943900
vt 0.247892 0.968307
vt 0.179254 0.958857
vt 0.180864 0.938666
vt 0.179254 0.958857
vt 0.146770 0.936364
vt 0.180864 0.938666
vt 0.179254 0.958857
vt 0.145407 0.954772
vt 0.146770 0.936364
vt 0.145407 0.954772
vt 0.142512 0.936095
vt 0.146770 0.936364
vt 0.145407 0.954772
vt 0.141180 0.954252
vt 0.142512 0.936095
vt 0.141180 0.954252
vt 0.138392 0.935840
vt 0.142512 0.936095
vt 0.141180 0.954252
vt 0.137067 0.953830
vt 0.138392 0.935840
vt 0.249981 0.943900
vt 0.180864 0.938666
vt 0.181558 0.918350
vt 0.405588 0.955976
vt 0.389503 0.921482
vt 0.406759 0.921745
vt 0.405588 0.955976
vt 0.388310 0.954704
vt 0.389503 0.921482
vt 0.388310 0.954704
vt 0.320180 0.920433
vt 0.389503 0.921482
vt 0.388310 0.954704
vt 0.319112 0.949276
vt 0.320180 0.920433
vt 0.319112 0.949276
vt 0.250874 0.919386
vt 0.320180 0.920433
vt 0.319112 0.949276
vt 0.249981 0.943900
vt 0.250874 0.919386
vt 0.249981 0.943900
vt 0.181558 0.918350
vt 0.250874 0.919386
vt 0.180864 0.938666
vt 0.147323 0.917853
vt 0.181558 0.918350
vt 0.180864 0.938666
vt 0.146770 0.936364
vt 0.147323 0.917853
vt 0.146770 0.936364
vt 0.143001 0.917806
vt 0.147323 0.917853
vt 0.146770 0.936364
vt 0.142512 0.936095
vt 0.143001 0.917806
vt 0.422892 0.957177
vt 0.405588 0.955976
vt 0.406759 0.921745
vt 0.422892 0.957177
vt 0.406759 0.921745
vt 0.424013 0.922007
vt 0.439841 0.958238
vt 0.422892 0.957177
vt 0.424013 0.922007
vt 0.439841 0.958238
vt 0.424013 0.922007
vt 0.440881 0.922264
vt 0.456349 0.959131
vt 0.439841 0.958238
vt 0.440881 0.922264
vt 0.456349 0.959131
vt 0.440881 0.922264
vt 0.457286 0.922516
vt 0.472725 0.959871
vt 0.456349 0.959131
vt 0.457286 0.922516
vt 0.472725 0.959871
vt 0.457286 0.922516
vt 0.473544 0.922766
vt 0.505105 0.960889
vt 0.488917 0.960452
vt 0.489610 0.923015
vt 0.488917 0.960452
vt 0.473544 0.922766
vt 0.489610 0.923015
vt 0.488917 0.960452
vt 0.472725 0.959871
vt 0.473544 0.922766
vt 0.505105 0.960889
vt 0.489610 0.923015
vt 0.505664 0.923264
vt 0.142512 0.936095
vt 0.138805 0.917765
vt 0.143001 0.917806
vt 0.142512 0.936095
vt 0.138392 0.935840
vt 0.138805 0.917765
vt 0.521186 0.961169
vt 0.505105 0.960889
vt 0.505664 0.923264
vt 0.521186 0.961169
vt 0.505664 0.923264
vt 0.521603 0.923513
vt 0.537257 0.961292
vt 0.521186 0.961169
vt 0.521603 0.923513
vt 0.537257 0.961292
vt 0.521603 0.923513
vt 0.537528 0.923762
vt 0.553357 0.961256
vt 0.537257 0.961292
vt 0.537528 0.923762
vt 0.553357 0.961256
vt 0.537528 0.923762
vt 0.553478 0.924014
vt 0.569473 0.961059
vt 0.553357 0.961256
vt 0.553478 0.924014
vt 0.569473 0.961059
vt 0.553478 0.924014
vt 0.569441 0.924267
vt 0.585631 0.960687
vt 0.569473 0.961059
vt 0.569441 0.924267
vt 0.585631 0.960687
vt 0.569441 0.924267
vt 0.585441 0.924523
vt 0.250874 0.919386
vt 0.181558 0.918350
vt 0.181342 0.898018
vt 0.250874 0.919386
vt 0.181342 0.898018
vt 0.250568 0.894855
vt 0.320180 0.920433
vt 0.250874 0.919386
vt 0.250568 0.894855
vt 0.320180 0.920433
vt 0.250568 0.894855
vt 0.319807 0.891566
vt 0.389503 0.921482
vt 0.320180 0.920433
vt 0.319807 0.891566
vt 0.389503 0.921482
vt 0.319807 0.891566
vt 0.389116 0.888233
vt 0.406759 0.921745
vt 0.389503 0.921482
vt 0.389116 0.888233
vt 0.406759 0.921745
vt 0.389116 0.888233
vt 0.406420 0.887488
vt 0.181558 0.918350
vt 0.147323 0.917853
vt 0.147160 0.899295
vt 0.181558 0.918350
vt 0.147160 0.899295
vt 0.181342 0.898018
vt 0.147323 0.917853
vt 0.142846 0.899427
vt 0.147160 0.899295
vt 0.147323 0.917853
vt 0.143001 0.917806
vt 0.142846 0.899427
vt 0.424013 0.922007
vt 0.406759 0.921745
vt 0.406420 0.887488
vt 0.424013 0.922007
vt 0.406420 0.887488
vt 0.423748 0.886811
vt 0.440881 0.922264
vt 0.424013 0.922007
vt 0.423748 0.886811
vt 0.440881 0.922264
vt 0.423748 0.886811
vt 0.440718 0.886266
vt 0.457286 0.922516
vt 0.440881 0.922264
vt 0.440718 0.886266
vt 0.457286 0.922516
vt 0.440718 0.886266
vt 0.457244 0.885881
vt 0.473544 0.922766
vt 0.457286 0.922516
vt 0.457244 0.885881
vt 0.473544 0.922766
vt 0.457244 0.885881
vt 0.473634 0.885645
vt 0.505664 0.923264
vt 0.489610 0.923015
vt 0.489839 0.885565
vt 0.505664 0.923264
vt 0.489839 0.885565
vt 0.506035 0.885630
vt 0.489610 0.923015
vt 0.473544 0.922766
vt 0.473634 0.885645
vt 0.489610 0.923015
vt 0.473634 0.885645
vt 0.489839 0.885565
vt 0.143001 0.917806
vt 0.138805 0.917765
vt 0.138657 0.899545
vt 0.143001 0.917806
vt 0.138657 0.899545
vt 0.142846 0.899427
vt 0.521603 0.923513
vt 0.505664 0.923264
vt 0.506035 0.885630
vt 0.521603 0.923513
vt 0.506035 0.885630
vt 0.522121 0.885853
vt 0.537528 0.923762
vt 0.521603 0.923513
vt 0.522121 0.885853
vt 0.537528 0.923762
vt 0.522121 0.885853
vt 0.538195 0.886234
vt 0.553478 0.924014
vt 0.537528 0.923762
vt 0.538195 0.886234
vt 0.553478 0.924014
vt 0.538195 0.886234
vt 0.554292 0.886778
vt 0.569441 0.924267
vt 0.553478 0.924014
vt 0.554292 0.886778
vt 0.569441 0.924267
vt 0.554292 0.886778
vt 0.570403 0.887487
vt 0.585441 0.924523
vt 0.569441 0.924267
vt 0.570403 0.887487
vt 0.585441 0.924523
vt 0.570403 0.887487
vt 0.586551 0.888376
vt 0.250568 0.894855
vt 0.181342 0.898018
vt 0.180217 0.877783
vt 0.250568 0.894855
vt 0.180217 0.877783
vt 0.249061 0.870395
vt 0.319807 0.891566
vt 0.250568 0.894855
vt 0.249061 0.870395
vt 0.319807 0.891566
vt 0.249061 0.870395
vt 0.317987 0.862775
vt 0.389116 0.888233
vt 0.319807 0.891566
vt 0.317987 0.862775
vt 0.389116 0.888233
vt 0.317987 0.862775
vt 0.387081 0.854955
vt 0.406420 0.887488
vt 0.389116 0.888233
vt 0.387081 0.854955
vt 0.406420 0.887488
vt 0.387081 0.854955
vt 0.404478 0.853074
vt 0.181342 0.898018
vt 0.146280 0.880835
vt 0.180217 0.877783
vt 0.181342 0.898018
vt 0.147160 0.899295
vt 0.146280 0.880835
vt 0.147160 0.899295
vt 0.142076 0.881205
vt 0.146280 0.880835
vt 0.147160 0.899295
vt 0.142846 0.899427
vt 0.142076 0.881205
vt 0.423748 0.886811
vt 0.406420 0.887488
vt 0.404478 0.853074
vt 0.423748 0.886811
vt 0.404478 0.853074
vt 0.421990 0.851271
vt 0.440718 0.886266
vt 0.423748 0.886811
vt 0.421990 0.851271
vt 0.440718 0.886266
vt 0.421990 0.851271
vt 0.439264 0.849761
vt 0.457244 0.885881
vt 0.440718 0.886266
vt 0.439264 0.849761
vt 0.457244 0.885881
vt 0.439264 0.849761
vt 0.456164 0.848676
vt 0.473634 0.885645
vt 0.457244 0.885881
vt 0.456164 0.848676
vt 0.473634 0.885645
vt 0.456164 0.848676
vt 0.472959 0.847887
vt 0.506035 0.885630
vt 0.489839 0.885565
vt 0.489576 0.847494
vt 0.506035 0.885630
vt 0.489576 0.847494
vt 0.506198 0.847302
vt 0.489839 0.885565
vt 0.473634 0.885645
vt 0.472959 0.847887
vt 0.489839 0.885565
vt 0.472959 0.847887
vt 0.489576 0.847494
vt 0.142846 0.899427
vt 0.137989 0.881456
vt 0.142076 0.881205
vt 0.142846 0.899427
vt 0.138657 0.899545
vt 0.137989 0.881456
vt 0.522121 0.885853
vt 0.506035 0.885630
vt 0.506198 0.847302
vt 0.522121 0.885853
vt 0.506198 0.847302
vt 0.522737 0.847490
vt 0.538195 0.886234
vt 0.522121 0.885853
vt 0.522737 0.847490
vt 0.538195 0.886234
vt 0.522737 0.847490
vt 0.539263 0.848010
vt 0.554292 0.886778
vt 0.538195 0.886234
vt 0.539263 0.848010
vt 0.554292 0.886778
vt 0.539263 0.848010
vt 0.555808 0.848863
vt 0.570403 0.887487
vt 0.554292 0.886778
vt 0.555808 0.848863
vt 0.570403 0.887487
vt 0.555808 0.848863
vt 0.572374 0.850020
vt 0.602081 0.960114
vt 0.585631 0.960687
vt 0.585441 0.924523
vt 0.602081 0.960114
vt 0.585441 0.924523
vt 0.601734 0.924785
vt 0.601734 0.924785
vt 0.585441 0.924523
vt 0.586551 0.888376
vt 0.601734 0.924785
vt 0.586551 0.888376
vt 0.602987 0.889478
vt 0.586551 0.888376
vt 0.570403 0.887487
vt 0.572374 0.850020
vt 0.586551 0.888376
vt 0.572374 0.850020
vt 0.588999 0.851531
vt 0.604071 0.996108
vt 0.585631 0.960687
vt 0.602081 0.960114
vt 0.604071 0.996108
vt 0.587139 0.997583
vt 0.585631 0.960687
vt 0.618814 0.959331
vt 0.602081 0.960114
vt 0.601734 0.924785
vt 0.618814 0.959331
vt 0.601734 0.924785
vt 0.618314 0.925054
vt 0.618314 0.925054
vt 0.601734 0.924785
vt 0.602987 0.889478
vt 0.618314 0.925054
vt 0.602987 0.889478
vt 0.619702 0.890804
vt 0.621247 0.994193
vt 0.604071 0.996108
vt 0.602081 0.960114
vt 0.621247 0.994193
vt 0.602081 0.960114
vt 0.618814 0.959331
vt 0.635674 0.958338
vt 0.618814 0.959331
vt 0.618314 0.925054
vt 0.635674 0.958338
vt 0.618314 0.925054
vt 0.635027 0.925328
vt 0.635027 0.925328
vt 0.618314 0.925054
vt 0.619702 0.890804
vt 0.635027 0.925328
vt 0.619702 0.890804
vt 0.636537 0.892351
vt 0.638538 0.991899
vt 0.621247 0.994193
vt 0.618814 0.959331
vt 0.638538 0.991899
vt 0.618814 0.959331
vt 0.635674 0.958338
vt 0.602987 0.889478
vt 0.586551 0.888376
vt 0.588999 0.851531
vt 0.602987 0.889478
vt 0.588999 0.851531
vt 0.605901 0.853554
vt 0.619702 0.890804
vt 0.602987 0.889478
vt 0.605901 0.853554
vt 0.619702 0.890804
vt 0.605901 0.853554
vt 0.623036 0.856029
vt 0.636537 0.892351
vt 0.619702 0.890804
vt 0.623036 0.856029
vt 0.636537 0.892351
vt 0.623036 0.856029
vt 0.640277 0.858891
vt 0.653098 0.957076
vt 0.635674 0.958338
vt 0.635027 0.925328
vt 0.653098 0.957076
vt 0.635027 0.925328
vt 0.652315 0.925615
vt 0.652315 0.925615
vt 0.635027 0.925328
vt 0.636537 0.892351
vt 0.652315 0.925615
vt 0.636537 0.892351
vt 0.653932 0.894191
vt 0.656374 0.988996
vt 0.635674 0.958338
vt 0.653098 0.957076
vt 0.656374 0.988996
vt 0.638538 0.991899
vt 0.635674 0.958338
vt 0.653932 0.894191
vt 0.636537 0.892351
vt 0.640277 0.858891
vt 0.653932 0.894191
vt 0.640277 0.858891
vt 0.658051 0.862387
vt 0.671520 0.955470
vt 0.653098 0.957076
vt 0.652315 0.925615
vt 0.671520 0.955470
vt 0.652315 0.925615
vt 0.670624 0.925921
vt 0.670624 0.925921
vt 0.652315 0.925615
vt 0.653932 0.894191
vt 0.670624 0.925921
vt 0.653932 0.894191
vt 0.672317 0.896414
vt 0.675126 0.985312
vt 0.656374 0.988996
vt 0.653098 0.957076
vt 0.675126 0.985312
vt 0.653098 0.957076
vt 0.671520 0.955470
vt 0.672317 0.896414
vt 0.653932 0.894191
vt 0.658051 0.862387
vt 0.672317 0.896414
vt 0.658051 0.862387
vt 0.676724 0.866701
vt 0.138392 0.935840
vt 0.134484 0.917736
vt 0.138805 0.917765
vt 0.138392 0.935840
vt 0.134116 0.935875
vt 0.134484 0.917736
vt 0.138805 0.917765
vt 0.134484 0.917736
vt 0.134339 0.899661
vt 0.138805 0.917765
vt 0.134339 0.899661
vt 0.138657 0.899545
vt 0.138657 0.899545
vt 0.134339 0.899661
vt 0.133706 0.881499
vt 0.138657 0.899545
vt 0.133706 0.881499
vt 0.137989 0.881456
vt 0.137989 0.881456
vt 0.133706 0.881499
vt 0.134048 0.863331
vt 0.137989 0.881456
vt 0.134048 0.863331
vt 0.138326 0.863577
vt 0.691711 0.953403
vt 0.671520 0.955470
vt 0.670624 0.925921
vt 0.691711 0.953403
vt 0.670624 0.925921
vt 0.690750 0.926260
vt 0.695446 0.980594
vt 0.671520 0.955470
vt 0.691711 0.953403
vt 0.695446 0.980594
vt 0.675126 0.985312
vt 0.671520 0.955470
vt 0.690750 0.926260
vt 0.670624 0.925921
vt 0.672317 0.896414
vt 0.690750 0.926260
vt 0.672317 0.896414
vt 0.692461 0.899162
vt 0.692461 0.899162
vt 0.672317 0.896414
vt 0.676724 0.866701
vt 0.692461 0.899162
vt 0.676724 0.866701
vt 0.696937 0.872112
vt 0.712653 0.951008
vt 0.691711 0.953403
vt 0.690750 0.926260
vt 0.712653 0.951008
vt 0.690750 0.926260
vt 0.711692 0.926623
vt 0.716316 0.975282
vt 0.695446 0.980594
vt 0.691711 0.953403
vt 0.716316 0.975282
vt 0.691711 0.953403
vt 0.712653 0.951008
vt 0.711692 0.926623
vt 0.690750 0.926260
vt 0.692461 0.899162
vt 0.711692 0.926623
vt 0.692461 0.899162
vt 0.713341 0.902283
vt 0.713341 0.902283
vt 0.692461 0.899162
vt 0.696937 0.872112
vt 0.713341 0.902283
vt 0.696937 0.872112
vt 0.717679 0.878147
vt 0.735988 0.948092
vt 0.712653 0.951008
vt 0.711692 0.926623
vt 0.735988 0.948092
vt 0.711692 0.926623
vt 0.735122 0.927025
vt 0.739246 0.968854
vt 0.712653 0.951008
vt 0.735988 0.948092
vt 0.739246 0.968854
vt 0.716316 0.975282
vt 0.712653 0.951008
vt 0.735122 0.927025
vt 0.711692 0.926623
vt 0.713341 0.902283
vt 0.735122 0.927025
vt 0.713341 0.902283
vt 0.736591 0.906004
vt 0.736591 0.906004
vt 0.713341 0.902283
vt 0.717679 0.878147
vt 0.736591 0.906004
vt 0.717679 0.878147
vt 0.740435 0.885383
vt 0.745056 0.988875
vt 0.716316 0.975282
vt 0.739246 0.968854
vt 0.745056 0.988875
vt 0.723154 0.998845
vt 0.716316 0.975282
vt 0.101029 0.299500
vt 0.101040 0.317426
vt 0.068906 0.317885
vt 0.101029 0.299500
vt 0.068906 0.317885
vt 0.068556 0.299836
vt 0.101040 0.317426
vt 0.069373 0.336135
vt 0.068906 0.317885
vt 0.101040 0.317426
vt 0.101049 0.335566
vt 0.069373 0.336135
vt 0.101017 0.281828
vt 0.101029 0.299500
vt 0.068556 0.299836
vt 0.101003 0.264207
vt 0.068326 0.282034
vt 0.068217 0.264275
vt 0.101003 0.264207
vt 0.101017 0.281828
vt 0.068326 0.282034
vt 0.101017 0.281828
vt 0.068556 0.299836
vt 0.068326 0.282034
vt 0.100989 0.246743
vt 0.101003 0.264207
vt 0.068217 0.264275
vt 0.100989 0.246743
vt 0.068217 0.264275
vt 0.068231 0.246667
vt 0.100972 0.229319
vt 0.100989 0.246743
vt 0.068231 0.246667
vt 0.100972 0.229319
vt 0.068231 0.246667
vt 0.068371 0.229098
vt 0.100955 0.211890
vt 0.100972 0.229319
vt 0.068371 0.229098
vt 0.100955 0.211890
vt 0.068371 0.229098
vt 0.068640 0.211521
vt 0.100936 0.194462
vt 0.100955 0.211890
vt 0.068640 0.211521
vt 0.100936 0.194462
vt 0.068640 0.211521
vt 0.069043 0.193946
vt 0.100916 0.177003
vt 0.100936 0.194462
vt 0.069043 0.193946
vt 0.100916 0.177003
vt 0.069043 0.193946
vt 0.069584 0.176342
vt 0.101049 0.335566
vt 0.069964 0.354942
vt 0.069373 0.336135
vt 0.101049 0.335566
vt 0.101059 0.354278
vt 0.069964 0.354942
vt 0.101059 0.354278
vt 0.070667 0.374228
vt 0.069964 0.354942
vt 0.101059 0.354278
vt 0.101068 0.373488
vt 0.070667 0.374228
vt 0.101068 0.373488
vt 0.071447 0.393567
vt 0.070667 0.374228
vt 0.101068 0.373488
vt 0.101073 0.392774
vt 0.071447 0.393567
vt 0.101073 0.392774
vt 0.075121 0.471680
vt 0.071447 0.393567
vt 0.101073 0.392774
vt 0.101090 0.470902
vt 0.075121 0.471680
vt 0.101090 0.470902
vt 0.078936 0.550176
vt 0.075121 0.471680
vt 0.101090 0.470902
vt 0.101086 0.549513
vt 0.078936 0.550176
vt 0.101086 0.549513
vt 0.082651 0.628914
vt 0.078936 0.550176
vt 0.101086 0.549513
vt 0.101079 0.628410
vt 0.082651 0.628914
vt 0.101079 0.628410
vt 0.084226 0.667890
vt 0.082651 0.628914
vt 0.101079 0.628410
vt 0.101071 0.667497
vt 0.084226 0.667890
vt 0.101071 0.667497
vt 0.084395 0.672817
vt 0.084226 0.667890
vt 0.101071 0.667497
vt 0.101070 0.672439
vt 0.084395 0.672817
vt 0.101070 0.672439
vt 0.084553 0.677599
vt 0.084395 0.672817
vt 0.101070 0.672439
vt 0.101069 0.677234
vt 0.084553 0.677599
vt 0.123237 0.550185
vt 0.101079 0.628410
vt 0.101086 0.549513
vt 0.127059 0.471686
vt 0.123237 0.550185
vt 0.101086 0.549513
vt 0.127059 0.471686
vt 0.101086 0.549513
vt 0.101090 0.470902
vt 0.130702 0.393556
vt 0.127059 0.471686
vt 0.101090 0.470902
vt 0.130702 0.393556
vt 0.101090 0.470902
vt 0.101073 0.392774
vt 0.131471 0.374212
vt 0.130702 0.393556
vt 0.101073 0.392774
vt 0.131471 0.374212
vt 0.101073 0.392774
vt 0.101068 0.373488
vt 0.123237 0.550185
vt 0.119509 0.628923
vt 0.101079 0.628410
vt 0.119509 0.628923
vt 0.101071 0.667497
vt 0.101079 0.628410
vt 0.119509 0.628923
vt 0.117917 0.667898
vt 0.101071 0.667497
vt 0.117917 0.667898
vt 0.101070 0.672439
vt 0.101071 0.667497
vt 0.117917 0.667898
vt 0.117746 0.672824
vt 0.101070 0.672439
vt 0.132157 0.354918
vt 0.131471 0.374212
vt 0.101068 0.373488
vt 0.132157 0.354918
vt 0.101068 0.373488
vt 0.101059 0.354278
vt 0.132730 0.336102
vt 0.132157 0.354918
vt 0.101059 0.354278
vt 0.132730 0.336102
vt 0.101059 0.354278
vt 0.101049 0.335566
vt 0.133179 0.317844
vt 0.132730 0.336102
vt 0.101049 0.335566
vt 0.133179 0.317844
vt 0.101049 0.335566
vt 0.101040 0.317426
vt 0.133507 0.299787
vt 0.133179 0.317844
vt 0.101040 0.317426
vt 0.133507 0.299787
vt 0.101040 0.317426
vt 0.101029 0.299500
vt 0.133796 0.264209
vt 0.101017 0.281828
vt 0.101003 0.264207
vt 0.133714 0.281976
vt 0.133507 0.299787
vt 0.101029 0.299500
vt 0.133714 0.281976
vt 0.101029 0.299500
vt 0.101017 0.281828
vt 0.133796 0.264209
vt 0.133714 0.281976
vt 0.101017 0.281828
vt 0.117746 0.672824
vt 0.101069 0.677234
vt 0.101070 0.672439
vt 0.117746 0.672824
vt 0.117586 0.677607
vt 0.101069 0.677234
vt 0.078936 0.550176
vt 0.082651 0.628914
vt 0.064322 0.630439
vt 0.070667 0.374228
vt 0.041736 0.396007
vt 0.040091 0.376512
vt 0.070667 0.374228
vt 0.071447 0.393567
vt 0.041736 0.396007
vt 0.071447 0.393567
vt 0.049210 0.474036
vt 0.041736 0.396007
vt 0.071447 0.393567
vt 0.075121 0.471680
vt 0.049210 0.474036
vt 0.075121 0.471680
vt 0.056864 0.552177
vt 0.049210 0.474036
vt 0.075121 0.471680
vt 0.078936 0.550176
vt 0.056864 0.552177
vt 0.078936 0.550176
vt 0.064322 0.630439
vt 0.056864 0.552177
vt 0.082651 0.628914
vt 0.067497 0.669077
vt 0.064322 0.630439
vt 0.082651 0.628914
vt 0.084226 0.667890
vt 0.067497 0.669077
vt 0.084226 0.667890
vt 0.067826 0.673942
vt 0.067497 0.669077
vt 0.084226 0.667890
vt 0.084395 0.672817
vt 0.067826 0.673942
vt 0.069964 0.354942
vt 0.070667 0.374228
vt 0.040091 0.376512
vt 0.069964 0.354942
vt 0.040091 0.376512
vt 0.038594 0.356992
vt 0.069373 0.336135
vt 0.069964 0.354942
vt 0.038594 0.356992
vt 0.069373 0.336135
vt 0.038594 0.356992
vt 0.037334 0.337883
vt 0.068906 0.317885
vt 0.069373 0.336135
vt 0.037334 0.337883
vt 0.068906 0.317885
vt 0.037334 0.337883
vt 0.036344 0.319282
vt 0.068556 0.299836
vt 0.068906 0.317885
vt 0.036344 0.319282
vt 0.068556 0.299836
vt 0.036344 0.319282
vt 0.035606 0.300844
vt 0.068217 0.264275
vt 0.068326 0.282034
vt 0.035125 0.282627
vt 0.068326 0.282034
vt 0.035606 0.300844
vt 0.035125 0.282627
vt 0.068326 0.282034
vt 0.068556 0.299836
vt 0.035606 0.300844
vt 0.068217 0.264275
vt 0.035125 0.282627
vt 0.034893 0.264434
vt 0.084395 0.672817
vt 0.068124 0.678669
vt 0.067826 0.673942
vt 0.084395 0.672817
vt 0.084553 0.677599
vt 0.068124 0.678669
vt 0.133752 0.246594
vt 0.101003 0.264207
vt 0.100989 0.246743
vt 0.133752 0.246594
vt 0.133796 0.264209
vt 0.101003 0.264207
vt 0.068231 0.246667
vt 0.068217 0.264275
vt 0.034893 0.264434
vt 0.068231 0.246667
vt 0.034893 0.264434
vt 0.034921 0.246379
vt 0.133580 0.229018
vt 0.100989 0.246743
vt 0.100972 0.229319
vt 0.133580 0.229018
vt 0.133752 0.246594
vt 0.100989 0.246743
vt 0.068371 0.229098
vt 0.068231 0.246667
vt 0.034921 0.246379
vt 0.068371 0.229098
vt 0.034921 0.246379
vt 0.035212 0.228354
vt 0.133276 0.211435
vt 0.133580 0.229018
vt 0.100972 0.229319
vt 0.133276 0.211435
vt 0.100972 0.229319
vt 0.100955 0.211890
vt 0.132836 0.193854
vt 0.133276 0.211435
vt 0.100955 0.211890
vt 0.132836 0.193854
vt 0.100955 0.211890
vt 0.100936 0.194462
vt 0.068640 0.211521
vt 0.068371 0.229098
vt 0.035212 0.228354
vt 0.068640 0.211521
vt 0.035212 0.228354
vt 0.035771 0.210317
vt 0.069043 0.193946
vt 0.068640 0.211521
vt 0.035771 0.210317
vt 0.069043 0.193946
vt 0.035771 0.210317
vt 0.036606 0.192282
vt 0.132254 0.176245
vt 0.132836 0.193854
vt 0.100936 0.194462
vt 0.132254 0.176245
vt 0.100936 0.194462
vt 0.100916 0.177003
vt 0.069584 0.176342
vt 0.069043 0.193946
vt 0.036606 0.192282
vt 0.069584 0.176342
vt 0.036606 0.192282
vt 0.037731 0.174224
vt 0.145312 0.552192
vt 0.119509 0.628923
vt 0.123237 0.550185
vt 0.145312 0.552192
vt 0.137841 0.630456
vt 0.119509 0.628923
vt 0.160419 0.395986
vt 0.127059 0.471686
vt 0.130702 0.393556
vt 0.162056 0.376480
vt 0.160419 0.395986
vt 0.130702 0.393556
vt 0.162056 0.376480
vt 0.130702 0.393556
vt 0.131471 0.374212
vt 0.160419 0.395986
vt 0.152968 0.474044
vt 0.127059 0.471686
vt 0.152968 0.474044
vt 0.123237 0.550185
vt 0.127059 0.471686
vt 0.152968 0.474044
vt 0.145312 0.552192
vt 0.123237 0.550185
vt 0.137841 0.630456
vt 0.117917 0.667898
vt 0.119509 0.628923
vt 0.137841 0.630456
vt 0.134650 0.669093
vt 0.117917 0.667898
vt 0.134650 0.669093
vt 0.117746 0.672824
vt 0.117917 0.667898
vt 0.134650 0.669093
vt 0.134318 0.673958
vt 0.117746 0.672824
vt 0.163540 0.356945
vt 0.162056 0.376480
vt 0.131471 0.374212
vt 0.163540 0.356945
vt 0.131471 0.374212
vt 0.132157 0.354918
vt 0.164783 0.337817
vt 0.163540 0.356945
vt 0.132157 0.354918
vt 0.164783 0.337817
vt 0.132157 0.354918
vt 0.132730 0.336102
vt 0.165756 0.319200
vt 0.132730 0.336102
vt 0.133179 0.317844
vt 0.165756 0.319200
vt 0.164783 0.337817
vt 0.132730 0.336102
vt 0.166475 0.300745
vt 0.133179 0.317844
vt 0.133507 0.299787
vt 0.166475 0.300745
vt 0.165756 0.319200
vt 0.133179 0.317844
vt 0.167139 0.264305
vt 0.133714 0.281976
vt 0.133796 0.264209
vt 0.166933 0.282514
vt 0.166475 0.300745
vt 0.133507 0.299787
vt 0.166933 0.282514
vt 0.133507 0.299787
vt 0.133714 0.281976
vt 0.167139 0.264305
vt 0.166933 0.282514
vt 0.133714 0.281976
vt 0.134318 0.673958
vt 0.117586 0.677607
vt 0.117746 0.672824
vt 0.134318 0.673958
vt 0.134017 0.678685
vt 0.117586 0.677607
vt 0.167083 0.246235
vt 0.133796 0.264209
vt 0.133752 0.246594
vt 0.167083 0.246235
vt 0.167139 0.264305
vt 0.133796 0.264209
vt 0.166760 0.228196
vt 0.167083 0.246235
vt 0.133752 0.246594
vt 0.166760 0.228196
vt 0.133752 0.246594
vt 0.133580 0.229018
vt 0.166166 0.210146
vt 0.133580 0.229018
vt 0.133276 0.211435
vt 0.166166 0.210146
vt 0.166760 0.228196
vt 0.133580 0.229018
vt 0.165294 0.192099
vt 0.133276 0.211435
vt 0.132836 0.193854
vt 0.165294 0.192099
vt 0.166166 0.210146
vt 0.133276 0.211435
vt 0.164128 0.174029
vt 0.165294 0.192099
vt 0.132836 0.193854
vt 0.164128 0.174029
vt 0.132836 0.193854
vt 0.132254 0.176245
vt 0.131513 0.158322
vt 0.132254 0.176245
vt 0.100916 0.177003
vt 0.131513 0.158322
vt 0.100916 0.177003
vt 0.100893 0.159226
vt 0.100893 0.159226
vt 0.100916 0.177003
vt 0.069584 0.176342
vt 0.100893 0.159226
vt 0.069584 0.176342
vt 0.070279 0.158422
vt 0.162626 0.155657
vt 0.132254 0.176245
vt 0.131513 0.158322
vt 0.162626 0.155657
vt 0.164128 0.174029
vt 0.132254 0.176245
vt 0.167235 0.555541
vt 0.137841 0.630456
vt 0.145312 0.552192
vt 0.167235 0.555541
vt 0.155975 0.633019
vt 0.137841 0.630456
vt 0.192972 0.380548
vt 0.160419 0.395986
vt 0.162056 0.376480
vt 0.192972 0.380548
vt 0.190238 0.400290
vt 0.160419 0.395986
vt 0.190238 0.400290
vt 0.152968 0.474044
vt 0.160419 0.395986
vt 0.190238 0.400290
vt 0.178742 0.478003
vt 0.152968 0.474044
vt 0.178742 0.478003
vt 0.145312 0.552192
vt 0.152968 0.474044
vt 0.178742 0.478003
vt 0.167235 0.555541
vt 0.145312 0.552192
vt 0.155975 0.633019
vt 0.134650 0.669093
vt 0.137841 0.630456
vt 0.155975 0.633019
vt 0.151138 0.671129
vt 0.134650 0.669093
vt 0.151138 0.671129
vt 0.134318 0.673958
vt 0.134650 0.669093
vt 0.151138 0.671129
vt 0.150534 0.675762
vt 0.134318 0.673958
vt 0.195511 0.360633
vt 0.162056 0.376480
vt 0.163540 0.356945
vt 0.195511 0.360633
vt 0.192972 0.380548
vt 0.162056 0.376480
vt 0.197648 0.340956
vt 0.163540 0.356945
vt 0.164783 0.337817
vt 0.197648 0.340956
vt 0.195511 0.360633
vt 0.163540 0.356945
vt 0.199260 0.321681
vt 0.197648 0.340956
vt 0.164783 0.337817
vt 0.199260 0.321681
vt 0.164783 0.337817
vt 0.165756 0.319200
vt 0.200478 0.302514
vt 0.199260 0.321681
vt 0.165756 0.319200
vt 0.200478 0.302514
vt 0.165756 0.319200
vt 0.166475 0.300745
vt 0.201634 0.264573
vt 0.166933 0.282514
vt 0.167139 0.264305
vt 0.201634 0.264573
vt 0.201209 0.283545
vt 0.166933 0.282514
vt 0.201209 0.283545
vt 0.166475 0.300745
vt 0.166933 0.282514
vt 0.201209 0.283545
vt 0.200478 0.302514
vt 0.166475 0.300745
vt 0.150534 0.675762
vt 0.134017 0.678685
vt 0.134318 0.673958
vt 0.150534 0.675762
vt 0.150078 0.680248
vt 0.134017 0.678685
vt 0.201589 0.245701
vt 0.201634 0.264573
vt 0.167139 0.264305
vt 0.201589 0.245701
vt 0.167139 0.264305
vt 0.167083 0.246235
vt 0.201118 0.226853
vt 0.167083 0.246235
vt 0.166760 0.228196
vt 0.201118 0.226853
vt 0.201589 0.245701
vt 0.167083 0.246235
vt 0.200216 0.207999
vt 0.201118 0.226853
vt 0.166760 0.228196
vt 0.200216 0.207999
vt 0.166760 0.228196
vt 0.166166 0.210146
vt 0.198906 0.189141
vt 0.200216 0.207999
vt 0.166166 0.210146
vt 0.198906 0.189141
vt 0.166166 0.210146
vt 0.165294 0.192099
vt 0.130601 0.140083
vt 0.131513 0.158322
vt 0.100893 0.159226
vt 0.130601 0.140083
vt 0.100893 0.159226
vt 0.100868 0.141125
vt 0.100868 0.141125
vt 0.100893 0.159226
vt 0.070279 0.158422
vt 0.100868 0.141125
vt 0.070279 0.158422
vt 0.071142 0.140187
vt 0.160770 0.136995
vt 0.162626 0.155657
vt 0.131513 0.158322
vt 0.160770 0.136995
vt 0.131513 0.158322
vt 0.130601 0.140083
vt 0.197140 0.170242
vt 0.165294 0.192099
vt 0.164128 0.174029
vt 0.197140 0.170242
vt 0.198906 0.189141
vt 0.165294 0.192099
vt 0.129517 0.121689
vt 0.130601 0.140083
vt 0.100868 0.141125
vt 0.129517 0.121689
vt 0.100868 0.141125
vt 0.100842 0.122855
vt 0.100842 0.122855
vt 0.100868 0.141125
vt 0.071142 0.140187
vt 0.100842 0.122855
vt 0.071142 0.140187
vt 0.072174 0.121795
vt 0.158563 0.118217
vt 0.160770 0.136995
vt 0.130601 0.140083
vt 0.158563 0.118217
vt 0.130601 0.140083
vt 0.129517 0.121689
vt 0.070279 0.158422
vt 0.069584 0.176342
vt 0.037731 0.174224
vt 0.070279 0.158422
vt 0.037731 0.174224
vt 0.039186 0.155860
vt 0.194767 0.151068
vt 0.197140 0.170242
vt 0.164128 0.174029
vt 0.194767 0.151068
vt 0.164128 0.174029
vt 0.162626 0.155657
vt 0.071142 0.140187
vt 0.070279 0.158422
vt 0.039186 0.155860
vt 0.071142 0.140187
vt 0.039186 0.155860
vt 0.040992 0.137205
vt 0.072174 0.121795
vt 0.071142 0.140187
vt 0.040992 0.137205
vt 0.072174 0.121795
vt 0.040992 0.137205
vt 0.043147 0.118432
vt 0.056864 0.552177
vt 0.064322 0.630439
vt 0.046192 0.632996
vt 0.056864 0.552177
vt 0.046192 0.632996
vt 0.034947 0.555523
vt 0.049210 0.474036
vt 0.056864 0.552177
vt 0.034947 0.555523
vt 0.049210 0.474036
vt 0.034947 0.555523
vt 0.023438 0.477999
vt 0.041736 0.396007
vt 0.049210 0.474036
vt 0.023438 0.477999
vt 0.041736 0.396007
vt 0.023438 0.477999
vt 0.011928 0.400319
vt 0.040091 0.376512
vt 0.041736 0.396007
vt 0.011928 0.400319
vt 0.040091 0.376512
vt 0.011928 0.400319
vt 0.009190 0.380596
vt 0.064322 0.630439
vt 0.051016 0.671106
vt 0.046192 0.632996
vt 0.064322 0.630439
vt 0.067497 0.669077
vt 0.051016 0.671106
vt 0.067497 0.669077
vt 0.051618 0.675737
vt 0.051016 0.671106
vt 0.067497 0.669077
vt 0.067826 0.673942
vt 0.051618 0.675737
vt 0.038594 0.356992
vt 0.040091 0.376512
vt 0.009190 0.380596
vt 0.038594 0.356992
vt 0.009190 0.380596
vt 0.006641 0.360704
vt 0.037334 0.337883
vt 0.038594 0.356992
vt 0.006641 0.360704
vt 0.037334 0.337883
vt 0.006641 0.360704
vt 0.004493 0.341053
vt 0.036344 0.319282
vt 0.037334 0.337883
vt 0.004493 0.341053
vt 0.036344 0.319282
vt 0.004493 0.341053
vt 0.002866 0.321802
vt 0.035606 0.300844
vt 0.036344 0.319282
vt 0.002866 0.321802
vt 0.035606 0.300844
vt 0.002866 0.321802
vt 0.001630 0.302659
vt 0.034893 0.264434
vt 0.035125 0.282627
vt 0.000878 0.283712
vt 0.034893 0.264434
vt 0.000878 0.283712
vt 0.000430 0.264764
vt 0.035125 0.282627
vt 0.035606 0.300844
vt 0.001630 0.302659
vt 0.035125 0.282627
vt 0.001630 0.302659
vt 0.000878 0.283712
vt 0.067826 0.673942
vt 0.068124 0.678669
vt 0.052073 0.680219
vt 0.067826 0.673942
vt 0.052073 0.680219
vt 0.051618 0.675737
vt 0.034921 0.246379
vt 0.034893 0.264434
vt 0.000430 0.264764
vt 0.034921 0.246379
vt 0.000430 0.264764
vt 0.000448 0.245914
vt 0.035212 0.228354
vt 0.034921 0.246379
vt 0.000448 0.245914
vt 0.035212 0.228354
vt 0.000448 0.245914
vt 0.000890 0.227088
vt 0.035771 0.210317
vt 0.035212 0.228354
vt 0.000890 0.227088
vt 0.035771 0.210317
vt 0.000890 0.227088
vt 0.001758 0.208254
vt 0.036606 0.192282
vt 0.035771 0.210317
vt 0.001758 0.208254
vt 0.036606 0.192282
vt 0.001758 0.208254
vt 0.003031 0.189416
vt 0.037731 0.174224
vt 0.036606 0.192282
vt 0.003031 0.189416
vt 0.037731 0.174224
vt 0.003031 0.189416
vt 0.004756 0.170535
vt 0.128220 0.102640
vt 0.129517 0.121689
vt 0.100842 0.122855
vt 0.128220 0.102640
vt 0.100842 0.122855
vt 0.100813 0.103912
vt 0.100813 0.103912
vt 0.100842 0.122855
vt 0.072174 0.121795
vt 0.100813 0.103912
vt 0.072174 0.121795
vt 0.073413 0.102746
vt 0.155909 0.098836
vt 0.129517 0.121689
vt 0.128220 0.102640
vt 0.155909 0.098836
vt 0.158563 0.118217
vt 0.129517 0.121689
vt 0.073413 0.102746
vt 0.072174 0.121795
vt 0.043147 0.118432
vt 0.073413 0.102746
vt 0.043147 0.118432
vt 0.045741 0.099052
vt 0.039186 0.155860
vt 0.037731 0.174224
vt 0.004756 0.170535
vt 0.039186 0.155860
vt 0.004756 0.170535
vt 0.007084 0.151377
vt 0.191833 0.131673
vt 0.162626 0.155657
vt 0.160770 0.136995
vt 0.191833 0.131673
vt 0.194767 0.151068
vt 0.162626 0.155657
vt 0.188394 0.112203
vt 0.160770 0.136995
vt 0.158563 0.118217
vt 0.188394 0.112203
vt 0.191833 0.131673
vt 0.160770 0.136995
vt 0.040992 0.137205
vt 0.039186 0.155860
vt 0.007084 0.151377
vt 0.040992 0.137205
vt 0.007084 0.151377
vt 0.009968 0.131994
vt 0.043147 0.118432
vt 0.040992 0.137205
vt 0.009968 0.131994
vt 0.043147 0.118432
vt 0.009968 0.131994
vt 0.013351 0.112535
vt 0.184203 0.092203
vt 0.188394 0.112203
vt 0.158563 0.118217
vt 0.184203 0.092203
vt 0.158563 0.118217
vt 0.155909 0.098836
vt 0.126648 0.082420
vt 0.128220 0.102640
vt 0.100813 0.103912
vt 0.126648 0.082420
vt 0.100813 0.103912
vt 0.100778 0.083771
vt 0.100778 0.083771
vt 0.100813 0.103912
vt 0.073413 0.102746
vt 0.100778 0.083771
vt 0.073413 0.102746
vt 0.074915 0.082525
vt 0.152683 0.078370
vt 0.155909 0.098836
vt 0.128220 0.102640
vt 0.152683 0.078370
vt 0.128220 0.102640
vt 0.126648 0.082420
vt 0.074915 0.082525
vt 0.073413 0.102746
vt 0.045741 0.099052
vt 0.074915 0.082525
vt 0.045741 0.099052
vt 0.048898 0.078583
vt 0.045741 0.099052
vt 0.043147 0.118432
vt 0.013351 0.112535
vt 0.045741 0.099052
vt 0.013351 0.112535
vt 0.017481 0.092539
vt 0.117586 0.677607
vt 0.101070 0.682166
vt 0.101069 0.677234
vt 0.117586 0.677607
vt 0.117428 0.682528
vt 0.101070 0.682166
vt 0.101069 0.677234
vt 0.084713 0.682519
vt 0.084553 0.677599
vt 0.101069 0.677234
vt 0.101070 0.682166
vt 0.084713 0.682519
vt 0.134017 0.678685
vt 0.117428 0.682528
vt 0.117586 0.677607
vt 0.134017 0.678685
vt 0.133733 0.683565
vt 0.117428 0.682528
vt 0.084553 0.677599
vt 0.084713 0.682519
vt 0.068407 0.683548
vt 0.084553 0.677599
vt 0.068407 0.683548
vt 0.068124 0.678669
vt 0.179058 0.071283
vt 0.155909 0.098836
vt 0.152683 0.078370
vt 0.179058 0.071283
vt 0.184203 0.092203
vt 0.155909 0.098836
vt 0.048898 0.078583
vt 0.045741 0.099052
vt 0.017481 0.092539
vt 0.048898 0.078583
vt 0.017481 0.092539
vt 0.022555 0.071616
vt 0.117428 0.682528
vt 0.101073 0.687497
vt 0.101070 0.682166
vt 0.117428 0.682528
vt 0.117261 0.687850
vt 0.101073 0.687497
vt 0.117261 0.687850
vt 0.101073 0.689759
vt 0.101073 0.687497
vt 0.117261 0.687850
vt 0.117192 0.690105
vt 0.101073 0.689759
vt 0.101073 0.687497
vt 0.101073 0.689759
vt 0.084955 0.690095
vt 0.101073 0.687497
vt 0.084955 0.690095
vt 0.084887 0.687840
vt 0.101070 0.682166
vt 0.101073 0.687497
vt 0.084887 0.687840
vt 0.101070 0.682166
vt 0.084887 0.687840
vt 0.084713 0.682519
vt 0.117192 0.690105
vt 0.101072 0.691987
vt 0.101073 0.689759
vt 0.117192 0.690105
vt 0.117124 0.692327
vt 0.101072 0.691987
vt 0.133318 0.691115
vt 0.117124 0.692327
vt 0.117192 0.690105
vt 0.133318 0.691115
vt 0.133193 0.693329
vt 0.117124 0.692327
vt 0.101073 0.689759
vt 0.101072 0.691987
vt 0.085023 0.692316
vt 0.101073 0.689759
vt 0.085023 0.692316
vt 0.084955 0.690095
vt 0.084955 0.690095
vt 0.085023 0.692316
vt 0.068956 0.693313
vt 0.084955 0.690095
vt 0.068956 0.693313
vt 0.068831 0.691098
vt 0.149598 0.692483
vt 0.133193 0.693329
vt 0.133318 0.691115
vt 0.149598 0.692483
vt 0.149412 0.694722
vt 0.133193 0.693329
vt 0.068831 0.691098
vt 0.068956 0.693313
vt 0.052738 0.694715
vt 0.068831 0.691098
vt 0.052738 0.694715
vt 0.052551 0.692478
vt 0.133442 0.688870
vt 0.133318 0.691115
vt 0.117192 0.690105
vt 0.133442 0.688870
vt 0.117192 0.690105
vt 0.117261 0.687850
vt 0.133733 0.683565
vt 0.117261 0.687850
vt 0.117428 0.682528
vt 0.133733 0.683565
vt 0.133442 0.688870
vt 0.117261 0.687850
vt 0.084887 0.687840
vt 0.084955 0.690095
vt 0.068831 0.691098
vt 0.084887 0.687840
vt 0.068831 0.691098
vt 0.068707 0.688853
vt 0.084713 0.682519
vt 0.084887 0.687840
vt 0.068707 0.688853
vt 0.084713 0.682519
vt 0.068707 0.688853
vt 0.068407 0.683548
vt 0.117124 0.692327
vt 0.101072 0.694556
vt 0.101072 0.691987
vt 0.117124 0.692327
vt 0.117044 0.694889
vt 0.101072 0.694556
vt 0.117044 0.694889
vt 0.101071 0.697148
vt 0.101072 0.694556
vt 0.117044 0.694889
vt 0.116963 0.697475
vt 0.101071 0.697148
vt 0.101072 0.691987
vt 0.101072 0.694556
vt 0.085102 0.694878
vt 0.101072 0.694556
vt 0.085184 0.697463
vt 0.085102 0.694878
vt 0.101072 0.694556
vt 0.101071 0.697148
vt 0.085184 0.697463
vt 0.101072 0.691987
vt 0.085102 0.694878
vt 0.085023 0.692316
vt 0.133193 0.693329
vt 0.117044 0.694889
vt 0.117124 0.692327
vt 0.133046 0.695891
vt 0.132895 0.698481
vt 0.116963 0.697475
vt 0.133046 0.695891
vt 0.116963 0.697475
vt 0.117044 0.694889
vt 0.133193 0.693329
vt 0.133046 0.695891
vt 0.117044 0.694889
vt 0.085023 0.692316
vt 0.069104 0.695875
vt 0.068956 0.693313
vt 0.085102 0.694878
vt 0.085184 0.697463
vt 0.069256 0.698464
vt 0.085102 0.694878
vt 0.069256 0.698464
vt 0.069104 0.695875
vt 0.085023 0.692316
vt 0.085102 0.694878
vt 0.069104 0.695875
vt 0.165877 0.694408
vt 0.149412 0.694722
vt 0.149598 0.692483
vt 0.165877 0.694408
vt 0.165642 0.696641
vt 0.149412 0.694722
vt 0.149412 0.694722
vt 0.133046 0.695891
vt 0.133193 0.693329
vt 0.149412 0.694722
vt 0.149113 0.697282
vt 0.133046 0.695891
vt 0.149113 0.697282
vt 0.132895 0.698481
vt 0.133046 0.695891
vt 0.149113 0.697282
vt 0.148816 0.699841
vt 0.132895 0.698481
vt 0.149722 0.690213
vt 0.133318 0.691115
vt 0.133442 0.688870
vt 0.149722 0.690213
vt 0.149598 0.692483
vt 0.133318 0.691115
vt 0.068956 0.693313
vt 0.069104 0.695875
vt 0.053039 0.697275
vt 0.069104 0.695875
vt 0.053337 0.699833
vt 0.053039 0.697275
vt 0.069104 0.695875
vt 0.069256 0.698464
vt 0.053337 0.699833
vt 0.068956 0.693313
vt 0.053039 0.697275
vt 0.052738 0.694715
vt 0.052551 0.692478
vt 0.052738 0.694715
vt 0.036516 0.696647
vt 0.052551 0.692478
vt 0.036516 0.696647
vt 0.036279 0.694415
vt 0.068707 0.688853
vt 0.068831 0.691098
vt 0.052551 0.692478
vt 0.068707 0.688853
vt 0.052551 0.692478
vt 0.052425 0.690208
vt 0.124692 0.060105
vt 0.126648 0.082420
vt 0.100778 0.083771
vt 0.124692 0.060105
vt 0.100778 0.083771
vt 0.100730 0.061492
vt 0.100730 0.061492
vt 0.100778 0.083771
vt 0.074915 0.082525
vt 0.100730 0.061492
vt 0.074915 0.082525
vt 0.076777 0.060207
vt 0.148675 0.055953
vt 0.126648 0.082420
vt 0.124692 0.060105
vt 0.148675 0.055953
vt 0.152683 0.078370
vt 0.126648 0.082420
vt 0.076777 0.060207
vt 0.074915 0.082525
vt 0.048898 0.078583
vt 0.076777 0.060207
vt 0.048898 0.078583
vt 0.052818 0.056160
vt 0.172650 0.048746
vt 0.152683 0.078370
vt 0.148675 0.055953
vt 0.172650 0.048746
vt 0.179058 0.071283
vt 0.152683 0.078370
vt 0.122443 0.036729
vt 0.124692 0.060105
vt 0.100730 0.061492
vt 0.122443 0.036729
vt 0.100730 0.061492
vt 0.100676 0.038091
vt 0.100676 0.038091
vt 0.100730 0.061492
vt 0.076777 0.060207
vt 0.100676 0.038091
vt 0.076777 0.060207
vt 0.078922 0.036839
vt 0.144096 0.032681
vt 0.124692 0.060105
vt 0.122443 0.036729
vt 0.144096 0.032681
vt 0.148675 0.055953
vt 0.124692 0.060105
vt 0.078922 0.036839
vt 0.076777 0.060207
vt 0.052818 0.056160
vt 0.078922 0.036839
vt 0.052818 0.056160
vt 0.057299 0.032895
vt 0.165474 0.025695
vt 0.172650 0.048746
vt 0.148675 0.055953
vt 0.165474 0.025695
vt 0.148675 0.055953
vt 0.144096 0.032681
vt 0.150078 0.680248
vt 0.133733 0.683565
vt 0.134017 0.678685
vt 0.150078 0.680248
vt 0.149837 0.684948
vt 0.133733 0.683565
vt 0.149837 0.684948
vt 0.133442 0.688870
vt 0.133733 0.683565
vt 0.149837 0.684948
vt 0.149722 0.690213
vt 0.133442 0.688870
vt 0.165692 0.680723
vt 0.149837 0.684948
vt 0.150078 0.680248
vt 0.165692 0.680723
vt 0.165705 0.685431
vt 0.149837 0.684948
vt 0.052818 0.056160
vt 0.048898 0.078583
vt 0.022555 0.071616
vt 0.052818 0.056160
vt 0.022555 0.071616
vt 0.028879 0.049073
vt 0.057299 0.032895
vt 0.052818 0.056160
vt 0.028879 0.049073
vt 0.057299 0.032895
vt 0.028879 0.049073
vt 0.035958 0.026024
vt 0.068124 0.678669
vt 0.052251 0.684931
vt 0.052073 0.680219
vt 0.068124 0.678669
vt 0.068407 0.683548
vt 0.052251 0.684931
vt 0.068407 0.683548
vt 0.052425 0.690208
vt 0.052251 0.684931
vt 0.068407 0.683548
vt 0.068707 0.688853
vt 0.052425 0.690208
vt 0.052073 0.680219
vt 0.052251 0.684931
vt 0.036355 0.684884
vt 0.052073 0.680219
vt 0.036355 0.684884
vt 0.036488 0.680190
vt 0.116963 0.697475
vt 0.101070 0.701963
vt 0.101071 0.697148
vt 0.116963 0.697475
vt 0.116804 0.702284
vt 0.101070 0.701963
vt 0.101071 0.697148
vt 0.101070 0.701963
vt 0.085341 0.702271
vt 0.101071 0.697148
vt 0.085341 0.702271
vt 0.085184 0.697463
vt 0.132895 0.698481
vt 0.116804 0.702284
vt 0.116963 0.697475
vt 0.132895 0.698481
vt 0.132611 0.703314
vt 0.116804 0.702284
vt 0.085184 0.697463
vt 0.085341 0.702271
vt 0.069541 0.703296
vt 0.085184 0.697463
vt 0.069541 0.703296
vt 0.069256 0.698464
vt 0.119716 0.010307
vt 0.122443 0.036729
vt 0.100676 0.038091
vt 0.119716 0.010307
vt 0.100676 0.038091
vt 0.100587 0.011564
vt 0.100587 0.011564
vt 0.100676 0.038091
vt 0.078922 0.036839
vt 0.100587 0.011564
vt 0.078922 0.036839
vt 0.081483 0.010452
vt 0.138600 0.006675
vt 0.144096 0.032681
vt 0.122443 0.036729
vt 0.138600 0.006675
vt 0.122443 0.036729
vt 0.119716 0.010307
vt 0.081483 0.010452
vt 0.078922 0.036839
vt 0.057299 0.032895
vt 0.081483 0.010452
vt 0.057299 0.032895
vt 0.062652 0.006923
vt 0.156919 0.000482
vt 0.144096 0.032681
vt 0.138600 0.006675
vt 0.156919 0.000482
vt 0.165474 0.025695
vt 0.144096 0.032681
vt 0.062652 0.006923
vt 0.057299 0.032895
vt 0.035958 0.026024
vt 0.062652 0.006923
vt 0.035958 0.026024
vt 0.044393 0.000843
vt 0.148816 0.699841
vt 0.132611 0.703314
vt 0.132895 0.698481
vt 0.148816 0.699841
vt 0.148531 0.704666
vt 0.132611 0.703314
vt 0.164674 0.700848
vt 0.148531 0.704666
vt 0.148816 0.699841
vt 0.164674 0.700848
vt 0.164471 0.705678
vt 0.148531 0.704666
vt 0.069256 0.698464
vt 0.053624 0.704657
vt 0.053337 0.699833
vt 0.069256 0.698464
vt 0.069541 0.703296
vt 0.053624 0.704657
vt 0.053337 0.699833
vt 0.053624 0.704657
vt 0.037687 0.705678
vt 0.053337 0.699833
vt 0.037687 0.705678
vt 0.037482 0.700849
vt 0.101070 0.701963
vt 0.116804 0.702284
vt 0.116723 0.704654
vt 0.101070 0.701963
vt 0.116723 0.704654
vt 0.101068 0.704347
vt 0.085341 0.702271
vt 0.101070 0.701963
vt 0.101068 0.704347
vt 0.085341 0.702271
vt 0.101068 0.704347
vt 0.085420 0.704640
vt 0.116804 0.702284
vt 0.132611 0.703314
vt 0.132380 0.705684
vt 0.116804 0.702284
vt 0.132380 0.705684
vt 0.116723 0.704654
vt 0.069541 0.703296
vt 0.085341 0.702271
vt 0.085420 0.704640
vt 0.069541 0.703296
vt 0.085420 0.704640
vt 0.069771 0.705665
vt 0.052251 0.684931
vt 0.052425 0.690208
vt 0.036095 0.690140
vt 0.052251 0.684931
vt 0.036095 0.690140
vt 0.036355 0.684884
vt 0.842157 0.609764
vt 0.810086 0.628857
vt 0.809606 0.609764
vt 0.842157 0.609764
vt 0.841677 0.628857
vt 0.810086 0.628857
vt 0.841677 0.628857
vt 0.810642 0.648215
vt 0.810086 0.628857
vt 0.841677 0.628857
vt 0.841121 0.648215
vt 0.810642 0.648215
vt 0.841121 0.648215
vt 0.811161 0.667439
vt 0.810642 0.648215
vt 0.836673 0.820478
vt 0.834798 0.896710
vt 0.816966 0.896710
vt 0.836673 0.820478
vt 0.816966 0.896710
vt 0.815090 0.820478
vt 0.838595 0.744097
vt 0.836673 0.820478
vt 0.815090 0.820478
vt 0.838595 0.744097
vt 0.815090 0.820478
vt 0.813168 0.744098
vt 0.840602 0.667439
vt 0.838595 0.744097
vt 0.813168 0.744098
vt 0.840602 0.667439
vt 0.813168 0.744098
vt 0.811161 0.667439
vt 0.841121 0.648215
vt 0.840602 0.667439
vt 0.811161 0.667439
vt 0.834798 0.896710
vt 0.817730 0.934326
vt 0.816966 0.896710
vt 0.834798 0.896710
vt 0.834033 0.934326
vt 0.817730 0.934326
vt 0.834033 0.934326
vt 0.817833 0.939048
vt 0.817730 0.934326
vt 0.834033 0.934326
vt 0.833930 0.939048
vt 0.817833 0.939048
vt 0.842483 0.591092
vt 0.842157 0.609764
vt 0.809606 0.609764
vt 0.842483 0.591092
vt 0.809606 0.609764
vt 0.809280 0.591092
vt 0.842756 0.572531
vt 0.842483 0.591092
vt 0.809280 0.591092
vt 0.842756 0.572531
vt 0.809280 0.591092
vt 0.809007 0.572531
vt 0.842892 0.554163
vt 0.842756 0.572531
vt 0.809007 0.572531
vt 0.842892 0.554163
vt 0.809007 0.572531
vt 0.808871 0.554163
vt 0.843046 0.535777
vt 0.842892 0.554163
vt 0.808871 0.554163
vt 0.843046 0.535777
vt 0.808871 0.554163
vt 0.808717 0.535777
vt 0.843078 0.517471
vt 0.843046 0.535777
vt 0.808717 0.535777
vt 0.843078 0.517471
vt 0.808717 0.535777
vt 0.808684 0.517471
vt 0.833930 0.939048
vt 0.817869 0.943642
vt 0.817833 0.939048
vt 0.833930 0.939048
vt 0.833895 0.943642
vt 0.817869 0.943642
vt 0.843033 0.499161
vt 0.843078 0.517471
vt 0.808684 0.517471
vt 0.843033 0.499161
vt 0.808684 0.517471
vt 0.808729 0.499161
vt 0.842914 0.480808
vt 0.843033 0.499161
vt 0.808729 0.499161
vt 0.842914 0.480808
vt 0.808729 0.499161
vt 0.808849 0.480808
vt 0.842747 0.462408
vt 0.842914 0.480808
vt 0.808849 0.480808
vt 0.842747 0.462408
vt 0.808849 0.480808
vt 0.809015 0.462408
vt 0.842512 0.443912
vt 0.842747 0.462408
vt 0.809015 0.462408
vt 0.842512 0.443912
vt 0.809015 0.462408
vt 0.809251 0.443912
vt 0.842113 0.425060
vt 0.842512 0.443912
vt 0.809251 0.443912
vt 0.842113 0.425060
vt 0.809251 0.443912
vt 0.809649 0.425060
vt 0.841612 0.405899
vt 0.842113 0.425060
vt 0.809649 0.425060
vt 0.841612 0.405899
vt 0.809649 0.425060
vt 0.810150 0.405899
vt 0.841065 0.386573
vt 0.841612 0.405899
vt 0.810150 0.405899
vt 0.841065 0.386573
vt 0.810150 0.405899
vt 0.810697 0.386574
vt 0.840352 0.366570
vt 0.841065 0.386573
vt 0.810697 0.386574
vt 0.840352 0.366570
vt 0.810697 0.386574
vt 0.811410 0.366570
vt 0.574148 0.399696
vt 0.575569 0.381234
vt 0.543197 0.377226
vt 0.574148 0.399696
vt 0.543197 0.377226
vt 0.541125 0.396059
vt 0.572868 0.418020
vt 0.574148 0.399696
vt 0.541125 0.396059
vt 0.572868 0.418020
vt 0.541125 0.396059
vt 0.539321 0.414797
vt 0.571737 0.436147
vt 0.572868 0.418020
vt 0.539321 0.414797
vt 0.571737 0.436147
vt 0.539321 0.414797
vt 0.537881 0.433364
vt 0.570736 0.454278
vt 0.571737 0.436147
vt 0.537881 0.433364
vt 0.570736 0.454278
vt 0.537881 0.433364
vt 0.536619 0.451952
vt 0.569880 0.472298
vt 0.570736 0.454278
vt 0.536619 0.451952
vt 0.569880 0.472298
vt 0.536619 0.451952
vt 0.535699 0.470474
vt 0.569166 0.490317
vt 0.569880 0.472298
vt 0.535699 0.470474
vt 0.569166 0.490317
vt 0.535699 0.470474
vt 0.535074 0.489005
vt 0.568594 0.508376
vt 0.569166 0.490317
vt 0.535074 0.489005
vt 0.568594 0.508376
vt 0.535074 0.489005
vt 0.534743 0.507583
vt 0.568167 0.526462
vt 0.568594 0.508376
vt 0.534743 0.507583
vt 0.568167 0.526462
vt 0.534743 0.507583
vt 0.534680 0.526204
vt 0.567895 0.544605
vt 0.568167 0.526462
vt 0.534680 0.526204
vt 0.567895 0.544605
vt 0.534680 0.526204
vt 0.534927 0.544918
vt 0.575569 0.381234
vt 0.545672 0.358006
vt 0.543197 0.377226
vt 0.575569 0.381234
vt 0.577160 0.362289
vt 0.545672 0.358006
vt 0.577160 0.362289
vt 0.548420 0.338543
vt 0.545672 0.358006
vt 0.577160 0.362289
vt 0.578890 0.342954
vt 0.548420 0.338543
vt 0.578890 0.342954
vt 0.551230 0.319216
vt 0.548420 0.338543
vt 0.595560 0.169234
vt 0.602864 0.092135
vt 0.584982 0.089568
vt 0.595560 0.169234
vt 0.584982 0.089568
vt 0.573934 0.165963
vt 0.588143 0.246388
vt 0.595560 0.169234
vt 0.573934 0.165963
vt 0.588143 0.246388
vt 0.573934 0.165963
vt 0.562677 0.242486
vt 0.580679 0.323652
vt 0.588143 0.246388
vt 0.562677 0.242486
vt 0.580679 0.323652
vt 0.562677 0.242486
vt 0.551230 0.319216
vt 0.578890 0.342954
vt 0.580679 0.323652
vt 0.551230 0.319216
vt 0.602864 0.092135
vt 0.589902 0.051923
vt 0.584982 0.089568
vt 0.602864 0.092135
vt 0.606201 0.054061
vt 0.589902 0.051923
vt 0.606201 0.054061
vt 0.590510 0.047300
vt 0.589902 0.051923
vt 0.606201 0.054061
vt 0.606578 0.049241
vt 0.590510 0.047300
vt 0.606578 0.049241
vt 0.590990 0.042813
vt 0.590510 0.047300
vt 0.606578 0.049241
vt 0.606928 0.044551
vt 0.590990 0.042813
vt 0.617328 0.171163
vt 0.602864 0.092135
vt 0.595560 0.169234
vt 0.613771 0.248672
vt 0.617328 0.171163
vt 0.595560 0.169234
vt 0.613771 0.248672
vt 0.595560 0.169234
vt 0.588143 0.246388
vt 0.610214 0.326239
vt 0.613771 0.248672
vt 0.588143 0.246388
vt 0.610214 0.326239
vt 0.588143 0.246388
vt 0.580679 0.323652
vt 0.609329 0.345554
vt 0.610214 0.326239
vt 0.580679 0.323652
vt 0.609329 0.345554
vt 0.580679 0.323652
vt 0.578890 0.342954
vt 0.617328 0.171163
vt 0.620895 0.093692
vt 0.602864 0.092135
vt 0.620895 0.093692
vt 0.606201 0.054061
vt 0.602864 0.092135
vt 0.620895 0.093692
vt 0.622678 0.055436
vt 0.606201 0.054061
vt 0.622678 0.055436
vt 0.606578 0.049241
vt 0.606201 0.054061
vt 0.622678 0.055436
vt 0.622928 0.050584
vt 0.606578 0.049241
vt 0.608443 0.364868
vt 0.609329 0.345554
vt 0.578890 0.342954
vt 0.608443 0.364868
vt 0.578890 0.342954
vt 0.577160 0.362289
vt 0.607577 0.383754
vt 0.608443 0.364868
vt 0.577160 0.362289
vt 0.607577 0.383754
vt 0.577160 0.362289
vt 0.575569 0.381234
vt 0.606735 0.402124
vt 0.607577 0.383754
vt 0.575569 0.381234
vt 0.606735 0.402124
vt 0.575569 0.381234
vt 0.574148 0.399696
vt 0.605901 0.420334
vt 0.606735 0.402124
vt 0.574148 0.399696
vt 0.605901 0.420334
vt 0.574148 0.399696
vt 0.572868 0.418020
vt 0.604253 0.456315
vt 0.571737 0.436147
vt 0.570736 0.454278
vt 0.605077 0.438330
vt 0.605901 0.420334
vt 0.572868 0.418020
vt 0.605077 0.438330
vt 0.572868 0.418020
vt 0.571737 0.436147
vt 0.604253 0.456315
vt 0.605077 0.438330
vt 0.571737 0.436147
vt 0.622928 0.050584
vt 0.606928 0.044551
vt 0.606578 0.049241
vt 0.622928 0.050584
vt 0.623179 0.045866
vt 0.606928 0.044551
vt 0.603436 0.474175
vt 0.604253 0.456315
vt 0.570736 0.454278
vt 0.603436 0.474175
vt 0.570736 0.454278
vt 0.569880 0.472298
vt 0.602619 0.492022
vt 0.603436 0.474175
vt 0.569880 0.472298
vt 0.602619 0.492022
vt 0.569880 0.472298
vt 0.569166 0.490317
vt 0.601801 0.509899
vt 0.569166 0.490317
vt 0.568594 0.508376
vt 0.601801 0.509899
vt 0.602619 0.492022
vt 0.569166 0.490317
vt 0.600983 0.527794
vt 0.568594 0.508376
vt 0.568167 0.526462
vt 0.600983 0.527794
vt 0.601801 0.509899
vt 0.568594 0.508376
vt 0.600163 0.545734
vt 0.600983 0.527794
vt 0.568167 0.526462
vt 0.600163 0.545734
vt 0.568167 0.526462
vt 0.567895 0.544605
vt 0.639157 0.171747
vt 0.620895 0.093692
vt 0.617328 0.171163
vt 0.639157 0.171747
vt 0.638969 0.094232
vt 0.620895 0.093692
vt 0.639843 0.346455
vt 0.610214 0.326239
vt 0.609329 0.345554
vt 0.639843 0.346455
vt 0.639828 0.327051
vt 0.610214 0.326239
vt 0.639828 0.327051
vt 0.613771 0.248672
vt 0.610214 0.326239
vt 0.639828 0.327051
vt 0.639472 0.249340
vt 0.613771 0.248672
vt 0.639472 0.249340
vt 0.617328 0.171163
vt 0.613771 0.248672
vt 0.639472 0.249340
vt 0.639157 0.171747
vt 0.617328 0.171163
vt 0.638969 0.094232
vt 0.622678 0.055436
vt 0.620895 0.093692
vt 0.638969 0.094232
vt 0.639133 0.056058
vt 0.622678 0.055436
vt 0.639133 0.056058
vt 0.622928 0.050584
vt 0.622678 0.055436
vt 0.639133 0.056058
vt 0.639173 0.051312
vt 0.622928 0.050584
vt 0.639795 0.365887
vt 0.609329 0.345554
vt 0.608443 0.364868
vt 0.639795 0.365887
vt 0.639843 0.346455
vt 0.609329 0.345554
vt 0.639644 0.384916
vt 0.639795 0.365887
vt 0.608443 0.364868
vt 0.639644 0.384916
vt 0.608443 0.364868
vt 0.607577 0.383754
vt 0.639372 0.403445
vt 0.607577 0.383754
vt 0.606735 0.402124
vt 0.639372 0.403445
vt 0.639644 0.384916
vt 0.607577 0.383754
vt 0.638971 0.421819
vt 0.639372 0.403445
vt 0.606735 0.402124
vt 0.638971 0.421819
vt 0.606735 0.402124
vt 0.605901 0.420334
vt 0.637780 0.458130
vt 0.605077 0.438330
vt 0.604253 0.456315
vt 0.637780 0.458130
vt 0.638440 0.439980
vt 0.605077 0.438330
vt 0.638440 0.439980
vt 0.605901 0.420334
vt 0.605077 0.438330
vt 0.638440 0.439980
vt 0.638971 0.421819
vt 0.605901 0.420334
vt 0.639173 0.051312
vt 0.623179 0.045866
vt 0.622928 0.050584
vt 0.639173 0.051312
vt 0.639218 0.046729
vt 0.623179 0.045866
vt 0.636986 0.476153
vt 0.637780 0.458130
vt 0.604253 0.456315
vt 0.636986 0.476153
vt 0.604253 0.456315
vt 0.603436 0.474175
vt 0.636052 0.494158
vt 0.636986 0.476153
vt 0.603436 0.474175
vt 0.636052 0.494158
vt 0.603436 0.474175
vt 0.602619 0.492022
vt 0.634973 0.512186
vt 0.636052 0.494158
vt 0.602619 0.492022
vt 0.634973 0.512186
vt 0.602619 0.492022
vt 0.601801 0.509899
vt 0.633749 0.530226
vt 0.634973 0.512186
vt 0.601801 0.509899
vt 0.633749 0.530226
vt 0.601801 0.509899
vt 0.600983 0.527794
vt 0.632365 0.548304
vt 0.600983 0.527794
vt 0.600163 0.545734
vt 0.632365 0.548304
vt 0.633749 0.530226
vt 0.600983 0.527794
vt 0.660969 0.170982
vt 0.638969 0.094232
vt 0.639157 0.171747
vt 0.660969 0.170982
vt 0.656989 0.093734
vt 0.638969 0.094232
vt 0.670549 0.345562
vt 0.639828 0.327051
vt 0.639843 0.346455
vt 0.670549 0.345562
vt 0.669524 0.326016
vt 0.639828 0.327051
vt 0.669524 0.326016
vt 0.639472 0.249340
vt 0.639828 0.327051
vt 0.669524 0.326016
vt 0.665157 0.248384
vt 0.639472 0.249340
vt 0.665157 0.248384
vt 0.639157 0.171747
vt 0.639472 0.249340
vt 0.665157 0.248384
vt 0.660969 0.170982
vt 0.639157 0.171747
vt 0.656989 0.093734
vt 0.639133 0.056058
vt 0.638969 0.094232
vt 0.656989 0.093734
vt 0.655537 0.055722
vt 0.639133 0.056058
vt 0.655537 0.055722
vt 0.639173 0.051312
vt 0.639133 0.056058
vt 0.655537 0.055722
vt 0.655340 0.050982
vt 0.639173 0.051312
vt 0.671503 0.365238
vt 0.639843 0.346455
vt 0.639795 0.365887
vt 0.671503 0.365238
vt 0.670549 0.345562
vt 0.639843 0.346455
vt 0.672206 0.384642
vt 0.639795 0.365887
vt 0.639644 0.384916
vt 0.672206 0.384642
vt 0.671503 0.365238
vt 0.639795 0.365887
vt 0.672547 0.403612
vt 0.639644 0.384916
vt 0.639372 0.403445
vt 0.672547 0.403612
vt 0.672206 0.384642
vt 0.639644 0.384916
vt 0.672630 0.422458
vt 0.672547 0.403612
vt 0.639372 0.403445
vt 0.672630 0.422458
vt 0.639372 0.403445
vt 0.638971 0.421819
vt 0.671927 0.459724
vt 0.638440 0.439980
vt 0.637780 0.458130
vt 0.671927 0.459724
vt 0.672367 0.441090
vt 0.638440 0.439980
vt 0.672367 0.441090
vt 0.638971 0.421819
vt 0.638440 0.439980
vt 0.672367 0.441090
vt 0.672630 0.422458
vt 0.638971 0.421819
vt 0.655340 0.050982
vt 0.639218 0.046729
vt 0.639173 0.051312
vt 0.655340 0.050982
vt 0.655224 0.046377
vt 0.639218 0.046729
vt 0.671153 0.478252
vt 0.671927 0.459724
vt 0.637780 0.458130
vt 0.671153 0.478252
vt 0.637780 0.458130
vt 0.636986 0.476153
vt 0.670085 0.496756
vt 0.671153 0.478252
vt 0.636986 0.476153
vt 0.670085 0.496756
vt 0.636986 0.476153
vt 0.636052 0.494158
vt 0.668721 0.515272
vt 0.636052 0.494158
vt 0.634973 0.512186
vt 0.668721 0.515272
vt 0.670085 0.496756
vt 0.636052 0.494158
vt 0.667087 0.533801
vt 0.668721 0.515272
vt 0.634973 0.512186
vt 0.667087 0.533801
vt 0.634973 0.512186
vt 0.633749 0.530226
vt 0.665138 0.552387
vt 0.633749 0.530226
vt 0.632365 0.548304
vt 0.665138 0.552387
vt 0.667087 0.533801
vt 0.633749 0.530226
vt 0.599327 0.564005
vt 0.600163 0.545734
vt 0.567895 0.544605
vt 0.599327 0.564005
vt 0.567895 0.544605
vt 0.567792 0.563089
vt 0.630783 0.566700
vt 0.632365 0.548304
vt 0.600163 0.545734
vt 0.630783 0.566700
vt 0.600163 0.545734
vt 0.599327 0.564005
vt 0.567792 0.563089
vt 0.567895 0.544605
vt 0.534927 0.544918
vt 0.567792 0.563089
vt 0.534927 0.544918
vt 0.535609 0.563976
vt 0.598478 0.582603
vt 0.599327 0.564005
vt 0.567792 0.563089
vt 0.598478 0.582603
vt 0.567792 0.563089
vt 0.567868 0.581902
vt 0.628993 0.585402
vt 0.599327 0.564005
vt 0.598478 0.582603
vt 0.628993 0.585402
vt 0.630783 0.566700
vt 0.599327 0.564005
vt 0.567868 0.581902
vt 0.567792 0.563089
vt 0.535609 0.563976
vt 0.567868 0.581902
vt 0.535609 0.563976
vt 0.536674 0.583328
vt 0.597623 0.601358
vt 0.598478 0.582603
vt 0.567868 0.581902
vt 0.597623 0.601358
vt 0.567868 0.581902
vt 0.568129 0.600872
vt 0.627008 0.604237
vt 0.598478 0.582603
vt 0.597623 0.601358
vt 0.627008 0.604237
vt 0.628993 0.585402
vt 0.598478 0.582603
vt 0.568129 0.600872
vt 0.567868 0.581902
vt 0.536674 0.583328
vt 0.568129 0.600872
vt 0.536674 0.583328
vt 0.538071 0.602826
vt 0.662724 0.571264
vt 0.632365 0.548304
vt 0.630783 0.566700
vt 0.662724 0.571264
vt 0.665138 0.552387
vt 0.632365 0.548304
vt 0.659903 0.590389
vt 0.630783 0.566700
vt 0.628993 0.585402
vt 0.659903 0.590389
vt 0.662724 0.571264
vt 0.630783 0.566700
vt 0.656738 0.609621
vt 0.628993 0.585402
vt 0.627008 0.604237
vt 0.656738 0.609621
vt 0.659903 0.590389
vt 0.628993 0.585402
vt 0.596740 0.620766
vt 0.597623 0.601358
vt 0.568129 0.600872
vt 0.596740 0.620766
vt 0.568129 0.600872
vt 0.568608 0.620497
vt 0.624749 0.623694
vt 0.627008 0.604237
vt 0.597623 0.601358
vt 0.624749 0.623694
vt 0.597623 0.601358
vt 0.596740 0.620766
vt 0.568608 0.620497
vt 0.568129 0.600872
vt 0.538071 0.602826
vt 0.568608 0.620497
vt 0.538071 0.602826
vt 0.539988 0.622966
vt 0.652996 0.629428
vt 0.656738 0.609621
vt 0.627008 0.604237
vt 0.652996 0.629428
vt 0.627008 0.604237
vt 0.624749 0.623694
vt 0.595807 0.641335
vt 0.596740 0.620766
vt 0.568608 0.620497
vt 0.595807 0.641335
vt 0.568608 0.620497
vt 0.569353 0.641278
vt 0.622121 0.644255
vt 0.596740 0.620766
vt 0.595807 0.641335
vt 0.622121 0.644255
vt 0.624749 0.623694
vt 0.596740 0.620766
vt 0.569353 0.641278
vt 0.568608 0.620497
vt 0.539988 0.622966
vt 0.569353 0.641278
vt 0.539988 0.622966
vt 0.542558 0.644169
vt 0.648503 0.650214
vt 0.652996 0.629428
vt 0.624749 0.623694
vt 0.648503 0.650214
vt 0.624749 0.623694
vt 0.622121 0.644255
vt 0.623179 0.045866
vt 0.607269 0.039708
vt 0.606928 0.044551
vt 0.623179 0.045866
vt 0.623459 0.040995
vt 0.607269 0.039708
vt 0.606928 0.044551
vt 0.607269 0.039708
vt 0.591299 0.038136
vt 0.606928 0.044551
vt 0.591299 0.038136
vt 0.590990 0.042813
vt 0.590990 0.042813
vt 0.591299 0.038136
vt 0.575550 0.037241
vt 0.590990 0.042813
vt 0.575550 0.037241
vt 0.575463 0.041923
vt 0.639218 0.046729
vt 0.623459 0.040995
vt 0.623179 0.045866
vt 0.639218 0.046729
vt 0.639559 0.042024
vt 0.623459 0.040995
vt 0.623459 0.040995
vt 0.607628 0.034438
vt 0.607269 0.039708
vt 0.623459 0.040995
vt 0.623773 0.035694
vt 0.607628 0.034438
vt 0.623773 0.035694
vt 0.607773 0.032193
vt 0.607628 0.034438
vt 0.623773 0.035694
vt 0.623903 0.033443
vt 0.607773 0.032193
vt 0.623903 0.033443
vt 0.607914 0.029976
vt 0.607773 0.032193
vt 0.623903 0.033443
vt 0.624029 0.031221
vt 0.607914 0.029976
vt 0.607773 0.032193
vt 0.607914 0.029976
vt 0.591895 0.028592
vt 0.607773 0.032193
vt 0.591895 0.028592
vt 0.591758 0.030765
vt 0.640163 0.034492
vt 0.624029 0.031221
vt 0.623903 0.033443
vt 0.640163 0.034492
vt 0.640245 0.032248
vt 0.624029 0.031221
vt 0.591758 0.030765
vt 0.591895 0.028592
vt 0.575859 0.027496
vt 0.591758 0.030765
vt 0.575859 0.027496
vt 0.575705 0.029729
vt 0.656464 0.034983
vt 0.640245 0.032248
vt 0.640163 0.034492
vt 0.656464 0.034983
vt 0.656491 0.032745
vt 0.640245 0.032248
vt 0.607628 0.034438
vt 0.607773 0.032193
vt 0.591758 0.030765
vt 0.607628 0.034438
vt 0.591758 0.030765
vt 0.591619 0.032959
vt 0.607269 0.039708
vt 0.591619 0.032959
vt 0.591299 0.038136
vt 0.607269 0.039708
vt 0.607628 0.034438
vt 0.591619 0.032959
vt 0.640079 0.036769
vt 0.623903 0.033443
vt 0.623773 0.035694
vt 0.640079 0.036769
vt 0.640163 0.034492
vt 0.623903 0.033443
vt 0.639559 0.042024
vt 0.640079 0.036769
vt 0.623773 0.035694
vt 0.639559 0.042024
vt 0.623773 0.035694
vt 0.623459 0.040995
vt 0.575705 0.029729
vt 0.575859 0.027496
vt 0.559753 0.025825
vt 0.575705 0.029729
vt 0.559753 0.025825
vt 0.559545 0.028037
vt 0.672829 0.035004
vt 0.656491 0.032745
vt 0.656464 0.034983
vt 0.672829 0.035004
vt 0.672806 0.032749
vt 0.656491 0.032745
vt 0.591619 0.032959
vt 0.591758 0.030765
vt 0.575705 0.029729
vt 0.591619 0.032959
vt 0.575705 0.029729
vt 0.575551 0.031996
vt 0.591299 0.038136
vt 0.591619 0.032959
vt 0.575551 0.031996
vt 0.591299 0.038136
vt 0.575551 0.031996
vt 0.575550 0.037241
vt 0.624029 0.031221
vt 0.608078 0.027410
vt 0.607914 0.029976
vt 0.624029 0.031221
vt 0.624174 0.028650
vt 0.608078 0.027410
vt 0.624174 0.028650
vt 0.608242 0.024810
vt 0.608078 0.027410
vt 0.624174 0.028650
vt 0.624319 0.026046
vt 0.608242 0.024810
vt 0.607914 0.029976
vt 0.592055 0.026064
vt 0.591895 0.028592
vt 0.607914 0.029976
vt 0.608078 0.027410
vt 0.592055 0.026064
vt 0.608078 0.027410
vt 0.592217 0.023495
vt 0.592055 0.026064
vt 0.608078 0.027410
vt 0.608242 0.024810
vt 0.592217 0.023495
vt 0.640245 0.032248
vt 0.624174 0.028650
vt 0.624029 0.031221
vt 0.640341 0.029658
vt 0.640438 0.027041
vt 0.624319 0.026046
vt 0.640341 0.029658
vt 0.624319 0.026046
vt 0.624174 0.028650
vt 0.640245 0.032248
vt 0.640341 0.029658
vt 0.624174 0.028650
vt 0.591895 0.028592
vt 0.592055 0.026064
vt 0.576038 0.024920
vt 0.591895 0.028592
vt 0.576038 0.024920
vt 0.575859 0.027496
vt 0.592055 0.026064
vt 0.592217 0.023495
vt 0.576220 0.022318
vt 0.592055 0.026064
vt 0.576220 0.022318
vt 0.576038 0.024920
vt 0.656522 0.030158
vt 0.640438 0.027041
vt 0.640341 0.029658
vt 0.656522 0.030158
vt 0.656554 0.027545
vt 0.640438 0.027041
vt 0.656491 0.032745
vt 0.640341 0.029658
vt 0.640245 0.032248
vt 0.656491 0.032745
vt 0.656522 0.030158
vt 0.640341 0.029658
vt 0.656435 0.037253
vt 0.656464 0.034983
vt 0.640163 0.034492
vt 0.656435 0.037253
vt 0.640163 0.034492
vt 0.640079 0.036769
vt 0.575859 0.027496
vt 0.559994 0.023269
vt 0.559753 0.025825
vt 0.575859 0.027496
vt 0.576038 0.024920
vt 0.559994 0.023269
vt 0.576038 0.024920
vt 0.560237 0.020686
vt 0.559994 0.023269
vt 0.576038 0.024920
vt 0.576220 0.022318
vt 0.560237 0.020686
vt 0.575551 0.031996
vt 0.575705 0.029729
vt 0.559545 0.028037
vt 0.575551 0.031996
vt 0.559545 0.028037
vt 0.559333 0.030280
vt 0.559545 0.028037
vt 0.559753 0.025825
vt 0.543699 0.023697
vt 0.559545 0.028037
vt 0.543699 0.023697
vt 0.543440 0.025913
vt 0.672806 0.032749
vt 0.656522 0.030158
vt 0.656491 0.032745
vt 0.672806 0.032749
vt 0.672691 0.030159
vt 0.656522 0.030158
vt 0.672691 0.030159
vt 0.656554 0.027545
vt 0.656522 0.030158
vt 0.672691 0.030159
vt 0.672577 0.027569
vt 0.656554 0.027545
vt 0.672788 0.037284
vt 0.672829 0.035004
vt 0.656464 0.034983
vt 0.672788 0.037284
vt 0.656464 0.034983
vt 0.656435 0.037253
vt 0.594787 0.663970
vt 0.595807 0.641335
vt 0.569353 0.641278
vt 0.594787 0.663970
vt 0.569353 0.641278
vt 0.570431 0.664111
vt 0.570431 0.664111
vt 0.569353 0.641278
vt 0.542558 0.644169
vt 0.570431 0.664111
vt 0.542558 0.644169
vt 0.545962 0.667177
vt 0.618975 0.666785
vt 0.595807 0.641335
vt 0.594787 0.663970
vt 0.618975 0.666785
vt 0.622121 0.644255
vt 0.595807 0.641335
vt 0.642997 0.672698
vt 0.648503 0.650214
vt 0.622121 0.644255
vt 0.642997 0.672698
vt 0.622121 0.644255
vt 0.618975 0.666785
vt 0.593758 0.687561
vt 0.594787 0.663970
vt 0.570431 0.664111
vt 0.593758 0.687561
vt 0.570431 0.664111
vt 0.571757 0.687940
vt 0.571757 0.687940
vt 0.570431 0.664111
vt 0.545962 0.667177
vt 0.571757 0.687940
vt 0.545962 0.667177
vt 0.549786 0.690825
vt 0.615511 0.690151
vt 0.594787 0.663970
vt 0.593758 0.687561
vt 0.615511 0.690151
vt 0.618975 0.666785
vt 0.594787 0.663970
vt 0.636947 0.695770
vt 0.618975 0.666785
vt 0.615511 0.690151
vt 0.636947 0.695770
vt 0.642997 0.672698
vt 0.618975 0.666785
vt 0.559753 0.025825
vt 0.559994 0.023269
vt 0.544014 0.021142
vt 0.559994 0.023269
vt 0.544332 0.018563
vt 0.544014 0.021142
vt 0.559994 0.023269
vt 0.560237 0.020686
vt 0.544332 0.018563
vt 0.559753 0.025825
vt 0.544014 0.021142
vt 0.543699 0.023697
vt 0.559333 0.030280
vt 0.559545 0.028037
vt 0.543440 0.025913
vt 0.559333 0.030280
vt 0.543440 0.025913
vt 0.543242 0.028161
vt 0.544014 0.021142
vt 0.544332 0.018563
vt 0.528602 0.015848
vt 0.544014 0.021142
vt 0.528602 0.015848
vt 0.528138 0.018365
vt 0.543699 0.023697
vt 0.544014 0.021142
vt 0.528138 0.018365
vt 0.543699 0.023697
vt 0.528138 0.018365
vt 0.527670 0.020881
vt 0.608242 0.024810
vt 0.592518 0.018648
vt 0.592217 0.023495
vt 0.608242 0.024810
vt 0.608547 0.019936
vt 0.592518 0.018648
vt 0.624319 0.026046
vt 0.608547 0.019936
vt 0.608242 0.024810
vt 0.624319 0.026046
vt 0.624588 0.021170
vt 0.608547 0.019936
vt 0.592217 0.023495
vt 0.576560 0.017470
vt 0.576220 0.022318
vt 0.592217 0.023495
vt 0.592518 0.018648
vt 0.576560 0.017470
vt 0.640438 0.027041
vt 0.624588 0.021170
vt 0.624319 0.026046
vt 0.640438 0.027041
vt 0.640619 0.022161
vt 0.624588 0.021170
vt 0.543242 0.028161
vt 0.543440 0.025913
vt 0.527215 0.024462
vt 0.543242 0.028161
vt 0.527215 0.024462
vt 0.527092 0.026717
vt 0.576220 0.022318
vt 0.576560 0.017470
vt 0.560688 0.015866
vt 0.576220 0.022318
vt 0.560688 0.015866
vt 0.560237 0.020686
vt 0.592753 0.713937
vt 0.593758 0.687561
vt 0.571757 0.687940
vt 0.592753 0.713937
vt 0.571757 0.687940
vt 0.573936 0.714396
vt 0.611489 0.716172
vt 0.593758 0.687561
vt 0.592753 0.713937
vt 0.611489 0.716172
vt 0.615511 0.690151
vt 0.593758 0.687561
vt 0.629805 0.721098
vt 0.636947 0.695770
vt 0.615511 0.690151
vt 0.629805 0.721098
vt 0.615511 0.690151
vt 0.611489 0.716172
vt 0.592518 0.018648
vt 0.608547 0.019936
vt 0.608698 0.017514
vt 0.592518 0.018648
vt 0.608698 0.017514
vt 0.592665 0.016240
vt 0.608547 0.019936
vt 0.624722 0.018754
vt 0.608698 0.017514
vt 0.608547 0.019936
vt 0.624588 0.021170
vt 0.624722 0.018754
vt 0.576560 0.017470
vt 0.592518 0.018648
vt 0.592665 0.016240
vt 0.576560 0.017470
vt 0.592665 0.016240
vt 0.576727 0.015072
vt 0.624588 0.021170
vt 0.640619 0.022161
vt 0.640709 0.019749
vt 0.624588 0.021170
vt 0.640709 0.019749
vt 0.624722 0.018754
vt 0.640619 0.022161
vt 0.656652 0.020272
vt 0.640709 0.019749
vt 0.640619 0.022161
vt 0.656620 0.022676
vt 0.656652 0.020272
vt 0.656554 0.027545
vt 0.640619 0.022161
vt 0.640438 0.027041
vt 0.656554 0.027545
vt 0.656620 0.022676
vt 0.640619 0.022161
vt 0.656620 0.022676
vt 0.672526 0.020301
vt 0.656652 0.020272
vt 0.656620 0.022676
vt 0.672630 0.022710
vt 0.672526 0.020301
vt 0.672577 0.027569
vt 0.672630 0.022710
vt 0.656620 0.022676
vt 0.672577 0.027569
vt 0.656620 0.022676
vt 0.656554 0.027545
vt 0.560688 0.015866
vt 0.576560 0.017470
vt 0.576727 0.015072
vt 0.560688 0.015866
vt 0.576727 0.015072
vt 0.560909 0.013484
vt 0.544914 0.013770
vt 0.560688 0.015866
vt 0.560909 0.013484
vt 0.544914 0.013770
vt 0.560909 0.013484
vt 0.545200 0.011406
vt 0.560237 0.020686
vt 0.544914 0.013770
vt 0.544332 0.018563
vt 0.560237 0.020686
vt 0.560688 0.015866
vt 0.544914 0.013770
vt 0.529210 0.011076
vt 0.544914 0.013770
vt 0.545200 0.011406
vt 0.529210 0.011076
vt 0.545200 0.011406
vt 0.529639 0.008733
vt 0.544332 0.018563
vt 0.544914 0.013770
vt 0.529210 0.011076
vt 0.544332 0.018563
vt 0.529210 0.011076
vt 0.528602 0.015848
vt 0.513758 0.006619
vt 0.529210 0.011076
vt 0.529639 0.008733
vt 0.513758 0.006619
vt 0.529639 0.008733
vt 0.514392 0.004335
vt 0.476430 0.319944
vt 0.475981 0.338241
vt 0.508137 0.339913
vt 0.476430 0.319944
vt 0.508137 0.339913
vt 0.509132 0.321381
vt 0.476815 0.301831
vt 0.476430 0.319944
vt 0.509132 0.321381
vt 0.476815 0.301831
vt 0.509132 0.321381
vt 0.509929 0.303004
vt 0.477132 0.283949
vt 0.476815 0.301831
vt 0.509929 0.303004
vt 0.477132 0.283949
vt 0.509929 0.303004
vt 0.510521 0.284839
vt 0.477386 0.266097
vt 0.477132 0.283949
vt 0.510521 0.284839
vt 0.477386 0.266097
vt 0.510521 0.284839
vt 0.510922 0.266687
vt 0.477572 0.248385
vt 0.477386 0.266097
vt 0.510922 0.266687
vt 0.477572 0.248385
vt 0.510922 0.266687
vt 0.511117 0.248662
vt 0.477691 0.230698
vt 0.477572 0.248385
vt 0.511117 0.248662
vt 0.477691 0.230698
vt 0.511117 0.248662
vt 0.511106 0.230655
vt 0.477741 0.212993
vt 0.477691 0.230698
vt 0.511106 0.230655
vt 0.477741 0.212993
vt 0.511106 0.230655
vt 0.510885 0.212624
vt 0.477719 0.195280
vt 0.477741 0.212993
vt 0.510885 0.212624
vt 0.477719 0.195280
vt 0.510885 0.212624
vt 0.510449 0.194581
vt 0.477622 0.177528
vt 0.477719 0.195280
vt 0.510449 0.194581
vt 0.477622 0.177528
vt 0.510449 0.194581
vt 0.509786 0.176500
vt 0.475981 0.338241
vt 0.506926 0.358947
vt 0.508137 0.339913
vt 0.475981 0.338241
vt 0.475460 0.357080
vt 0.506926 0.358947
vt 0.475460 0.357080
vt 0.505530 0.378385
vt 0.506926 0.358947
vt 0.475460 0.357080
vt 0.474876 0.376377
vt 0.505530 0.378385
vt 0.474876 0.376377
vt 0.504029 0.397800
vt 0.505530 0.378385
vt 0.468742 0.551686
vt 0.466011 0.629862
vt 0.484292 0.631135
vt 0.468742 0.551686
vt 0.484292 0.631135
vt 0.490785 0.553325
vt 0.471517 0.473611
vt 0.468742 0.551686
vt 0.490785 0.553325
vt 0.471517 0.473611
vt 0.490785 0.553325
vt 0.497429 0.475553
vt 0.474255 0.395708
vt 0.471517 0.473611
vt 0.497429 0.475553
vt 0.474255 0.395708
vt 0.497429 0.475553
vt 0.504029 0.397800
vt 0.474876 0.376377
vt 0.474255 0.395708
vt 0.504029 0.397800
vt 0.466011 0.629862
vt 0.481432 0.669498
vt 0.484292 0.631135
vt 0.466011 0.629862
vt 0.464791 0.668506
vt 0.481432 0.669498
vt 0.464791 0.668506
vt 0.481100 0.674262
vt 0.481432 0.669498
vt 0.464791 0.668506
vt 0.464670 0.673408
vt 0.481100 0.674262
vt 0.464670 0.673408
vt 0.480785 0.678862
vt 0.481100 0.674262
vt 0.464670 0.673408
vt 0.464565 0.678174
vt 0.480785 0.678862
vt 0.490785 0.553325
vt 0.484292 0.631135
vt 0.502421 0.633445
vt 0.490785 0.553325
vt 0.502421 0.633445
vt 0.512695 0.556309
vt 0.497429 0.475553
vt 0.490785 0.553325
vt 0.512695 0.556309
vt 0.497429 0.475553
vt 0.512695 0.556309
vt 0.523206 0.479108
vt 0.504029 0.397800
vt 0.497429 0.475553
vt 0.523206 0.479108
vt 0.504029 0.397800
vt 0.523206 0.479108
vt 0.533830 0.401743
vt 0.505530 0.378385
vt 0.504029 0.397800
vt 0.533830 0.401743
vt 0.505530 0.378385
vt 0.533830 0.401743
vt 0.536384 0.382184
vt 0.484292 0.631135
vt 0.497936 0.671462
vt 0.502421 0.633445
vt 0.484292 0.631135
vt 0.481432 0.669498
vt 0.497936 0.671462
vt 0.481432 0.669498
vt 0.481100 0.674262
vt 0.497361 0.676198
vt 0.481432 0.669498
vt 0.497361 0.676198
vt 0.497936 0.671462
vt 0.506926 0.358947
vt 0.505530 0.378385
vt 0.536384 0.382184
vt 0.506926 0.358947
vt 0.536384 0.382184
vt 0.538811 0.362479
vt 0.508137 0.339913
vt 0.506926 0.358947
vt 0.538811 0.362479
vt 0.508137 0.339913
vt 0.538811 0.362479
vt 0.540902 0.343023
vt 0.509132 0.321381
vt 0.508137 0.339913
vt 0.540902 0.343023
vt 0.509132 0.321381
vt 0.540902 0.343023
vt 0.542534 0.323968
vt 0.509929 0.303004
vt 0.509132 0.321381
vt 0.542534 0.323968
vt 0.509929 0.303004
vt 0.542534 0.323968
vt 0.543836 0.305021
vt 0.510922 0.266687
vt 0.510521 0.284839
vt 0.544712 0.286262
vt 0.510922 0.266687
vt 0.544712 0.286262
vt 0.545345 0.267495
vt 0.510521 0.284839
vt 0.509929 0.303004
vt 0.543836 0.305021
vt 0.510521 0.284839
vt 0.543836 0.305021
vt 0.544712 0.286262
vt 0.481100 0.674262
vt 0.496878 0.680806
vt 0.497361 0.676198
vt 0.481100 0.674262
vt 0.480785 0.678862
vt 0.496878 0.680806
vt 0.511117 0.248662
vt 0.510922 0.266687
vt 0.545345 0.267495
vt 0.511117 0.248662
vt 0.545345 0.267495
vt 0.545572 0.248816
vt 0.446645 0.551389
vt 0.466011 0.629862
vt 0.468742 0.551686
vt 0.446645 0.551389
vt 0.447667 0.629612
vt 0.466011 0.629862
vt 0.444288 0.375973
vt 0.474255 0.395708
vt 0.474876 0.376377
vt 0.444288 0.375973
vt 0.444495 0.395314
vt 0.474255 0.395708
vt 0.444495 0.395314
vt 0.471517 0.473611
vt 0.474255 0.395708
vt 0.444495 0.395314
vt 0.445553 0.473267
vt 0.471517 0.473611
vt 0.445553 0.473267
vt 0.468742 0.551686
vt 0.471517 0.473611
vt 0.445553 0.473267
vt 0.446645 0.551389
vt 0.468742 0.551686
vt 0.447667 0.629612
vt 0.464791 0.668506
vt 0.466011 0.629862
vt 0.447667 0.629612
vt 0.448037 0.668275
vt 0.464791 0.668506
vt 0.448037 0.668275
vt 0.464670 0.673408
vt 0.464791 0.668506
vt 0.448037 0.668275
vt 0.448050 0.673178
vt 0.464670 0.673408
vt 0.444120 0.356665
vt 0.474876 0.376377
vt 0.475460 0.357080
vt 0.444120 0.356665
vt 0.444288 0.375973
vt 0.474876 0.376377
vt 0.444005 0.337818
vt 0.444120 0.356665
vt 0.475460 0.357080
vt 0.444005 0.337818
vt 0.475460 0.357080
vt 0.475981 0.338241
vt 0.443946 0.319514
vt 0.444005 0.337818
vt 0.475981 0.338241
vt 0.443946 0.319514
vt 0.475981 0.338241
vt 0.476430 0.319944
vt 0.443948 0.301396
vt 0.443946 0.319514
vt 0.476430 0.319944
vt 0.443948 0.301396
vt 0.476430 0.319944
vt 0.476815 0.301831
vt 0.444136 0.265659
vt 0.477132 0.283949
vt 0.477386 0.266097
vt 0.444136 0.265659
vt 0.444010 0.283512
vt 0.477132 0.283949
vt 0.444010 0.283512
vt 0.476815 0.301831
vt 0.477132 0.283949
vt 0.444010 0.283512
vt 0.443948 0.301396
vt 0.476815 0.301831
vt 0.448050 0.673178
vt 0.464565 0.678174
vt 0.464670 0.673408
vt 0.448050 0.673178
vt 0.448050 0.677947
vt 0.464565 0.678174
vt 0.511106 0.230655
vt 0.511117 0.248662
vt 0.545572 0.248816
vt 0.511106 0.230655
vt 0.545572 0.248816
vt 0.545435 0.230147
vt 0.444325 0.247947
vt 0.477386 0.266097
vt 0.477572 0.248385
vt 0.444325 0.247947
vt 0.444136 0.265659
vt 0.477386 0.266097
vt 0.510885 0.212624
vt 0.511106 0.230655
vt 0.545435 0.230147
vt 0.510885 0.212624
vt 0.545435 0.230147
vt 0.544934 0.211455
vt 0.444579 0.230264
vt 0.444325 0.247947
vt 0.477572 0.248385
vt 0.444579 0.230264
vt 0.477572 0.248385
vt 0.477691 0.230698
vt 0.510449 0.194581
vt 0.510885 0.212624
vt 0.544934 0.211455
vt 0.510449 0.194581
vt 0.544934 0.211455
vt 0.544091 0.192742
vt 0.444902 0.212564
vt 0.477691 0.230698
vt 0.477741 0.212993
vt 0.444902 0.212564
vt 0.444579 0.230264
vt 0.477691 0.230698
vt 0.509786 0.176500
vt 0.510449 0.194581
vt 0.544091 0.192742
vt 0.509786 0.176500
vt 0.544091 0.192742
vt 0.542862 0.173965
vt 0.445294 0.194858
vt 0.444902 0.212564
vt 0.477741 0.212993
vt 0.445294 0.194858
vt 0.477741 0.212993
vt 0.477719 0.195280
vt 0.445759 0.177117
vt 0.477719 0.195280
vt 0.477622 0.177528
vt 0.445759 0.177117
vt 0.445294 0.194858
vt 0.477719 0.195280
vt 0.424574 0.552434
vt 0.447667 0.629612
vt 0.446645 0.551389
vt 0.424574 0.552434
vt 0.429363 0.630384
vt 0.447667 0.629612
vt 0.413605 0.377168
vt 0.444495 0.395314
vt 0.444288 0.375973
vt 0.413605 0.377168
vt 0.414689 0.396615
vt 0.444495 0.395314
vt 0.414689 0.396615
vt 0.445553 0.473267
vt 0.444495 0.395314
vt 0.414689 0.396615
vt 0.419611 0.474517
vt 0.445553 0.473267
vt 0.419611 0.474517
vt 0.446645 0.551389
vt 0.445553 0.473267
vt 0.419611 0.474517
vt 0.424574 0.552434
vt 0.446645 0.551389
vt 0.429363 0.630384
vt 0.448037 0.668275
vt 0.447667 0.629612
vt 0.429363 0.630384
vt 0.431377 0.668803
vt 0.448037 0.668275
vt 0.431377 0.668803
vt 0.448050 0.673178
vt 0.448037 0.668275
vt 0.431377 0.668803
vt 0.431602 0.673573
vt 0.448050 0.673178
vt 0.412628 0.357698
vt 0.413605 0.377168
vt 0.444288 0.375973
vt 0.412628 0.357698
vt 0.444288 0.375973
vt 0.444120 0.356665
vt 0.411827 0.338637
vt 0.412628 0.357698
vt 0.444120 0.356665
vt 0.411827 0.338637
vt 0.444120 0.356665
vt 0.444005 0.337818
vt 0.411228 0.320084
vt 0.411827 0.338637
vt 0.444005 0.337818
vt 0.411228 0.320084
vt 0.444005 0.337818
vt 0.443946 0.319514
vt 0.410824 0.301692
vt 0.443946 0.319514
vt 0.443948 0.301396
vt 0.410824 0.301692
vt 0.411228 0.320084
vt 0.443946 0.319514
vt 0.410603 0.265365
vt 0.444010 0.283512
vt 0.444136 0.265659
vt 0.410603 0.265365
vt 0.410618 0.283520
vt 0.444010 0.283512
vt 0.410618 0.283520
vt 0.443948 0.301396
vt 0.444010 0.283512
vt 0.410618 0.283520
vt 0.410824 0.301692
vt 0.443948 0.301396
vt 0.431602 0.673573
vt 0.448050 0.677947
vt 0.448050 0.673178
vt 0.431602 0.673573
vt 0.431812 0.678177
vt 0.448050 0.677947
vt 0.410788 0.247344
vt 0.410603 0.265365
vt 0.444136 0.265659
vt 0.410788 0.247344
vt 0.444136 0.265659
vt 0.444325 0.247947
vt 0.411179 0.229346
vt 0.410788 0.247344
vt 0.444325 0.247947
vt 0.411179 0.229346
vt 0.444325 0.247947
vt 0.444579 0.230264
vt 0.411778 0.211331
vt 0.444579 0.230264
vt 0.444902 0.212564
vt 0.411778 0.211331
vt 0.411179 0.229346
vt 0.444579 0.230264
vt 0.412590 0.193310
vt 0.444902 0.212564
vt 0.445294 0.194858
vt 0.412590 0.193310
vt 0.411778 0.211331
vt 0.444902 0.212564
vt 0.413630 0.175257
vt 0.412590 0.193310
vt 0.445294 0.194858
vt 0.413630 0.175257
vt 0.445294 0.194858
vt 0.445759 0.177117
vt 0.477445 0.159452
vt 0.477622 0.177528
vt 0.509786 0.176500
vt 0.477445 0.159452
vt 0.509786 0.176500
vt 0.508862 0.158096
vt 0.446310 0.159054
vt 0.445759 0.177117
vt 0.477622 0.177528
vt 0.446310 0.159054
vt 0.477622 0.177528
vt 0.477445 0.159452
vt 0.508862 0.158096
vt 0.509786 0.176500
vt 0.542862 0.173965
vt 0.508862 0.158096
vt 0.542862 0.173965
vt 0.541104 0.154882
vt 0.477181 0.141051
vt 0.477445 0.159452
vt 0.508862 0.158096
vt 0.477181 0.141051
vt 0.508862 0.158096
vt 0.507664 0.139381
vt 0.446953 0.140670
vt 0.477445 0.159452
vt 0.477181 0.141051
vt 0.446953 0.140670
vt 0.446310 0.159054
vt 0.477445 0.159452
vt 0.507664 0.139381
vt 0.508862 0.158096
vt 0.541104 0.154882
vt 0.507664 0.139381
vt 0.541104 0.154882
vt 0.538867 0.135544
vt 0.476824 0.122489
vt 0.477181 0.141051
vt 0.507664 0.139381
vt 0.476824 0.122489
vt 0.507664 0.139381
vt 0.506192 0.120528
vt 0.447684 0.122129
vt 0.477181 0.141051
vt 0.476824 0.122489
vt 0.447684 0.122129
vt 0.446953 0.140670
vt 0.477181 0.141051
vt 0.506192 0.120528
vt 0.507664 0.139381
vt 0.538867 0.135544
vt 0.506192 0.120528
vt 0.538867 0.135544
vt 0.536209 0.116097
vt 0.414935 0.156892
vt 0.445759 0.177117
vt 0.446310 0.159054
vt 0.414935 0.156892
vt 0.413630 0.175257
vt 0.445759 0.177117
vt 0.416518 0.138226
vt 0.414935 0.156892
vt 0.446310 0.159054
vt 0.416518 0.138226
vt 0.446310 0.159054
vt 0.446953 0.140670
vt 0.418375 0.119431
vt 0.446953 0.140670
vt 0.447684 0.122129
vt 0.418375 0.119431
vt 0.416518 0.138226
vt 0.446953 0.140670
vt 0.414837 0.670312
vt 0.431602 0.673573
vt 0.431377 0.668803
vt 0.414837 0.670312
vt 0.415308 0.675059
vt 0.431602 0.673573
vt 0.411192 0.632198
vt 0.431377 0.668803
vt 0.429363 0.630384
vt 0.411192 0.632198
vt 0.414837 0.670312
vt 0.431377 0.668803
vt 0.415308 0.675059
vt 0.431812 0.678177
vt 0.431602 0.673573
vt 0.415308 0.675059
vt 0.415689 0.679677
vt 0.431812 0.678177
vt 0.402605 0.554825
vt 0.411192 0.632198
vt 0.429363 0.630384
vt 0.402605 0.554825
vt 0.429363 0.630384
vt 0.424574 0.552434
vt 0.393772 0.477378
vt 0.402605 0.554825
vt 0.424574 0.552434
vt 0.393772 0.477378
vt 0.424574 0.552434
vt 0.419611 0.474517
vt 0.384819 0.399761
vt 0.393772 0.477378
vt 0.419611 0.474517
vt 0.384819 0.399761
vt 0.419611 0.474517
vt 0.414689 0.396615
vt 0.382689 0.380141
vt 0.384819 0.399761
vt 0.414689 0.396615
vt 0.382689 0.380141
vt 0.414689 0.396615
vt 0.413605 0.377168
vt 0.380688 0.360378
vt 0.382689 0.380141
vt 0.413605 0.377168
vt 0.380688 0.360378
vt 0.413605 0.377168
vt 0.412628 0.357698
vt 0.379016 0.340872
vt 0.412628 0.357698
vt 0.411827 0.338637
vt 0.379016 0.340872
vt 0.380688 0.360378
vt 0.412628 0.357698
vt 0.377793 0.321783
vt 0.379016 0.340872
vt 0.411827 0.338637
vt 0.377793 0.321783
vt 0.411827 0.338637
vt 0.411228 0.320084
vt 0.376896 0.302810
vt 0.411228 0.320084
vt 0.410824 0.301692
vt 0.376896 0.302810
vt 0.377793 0.321783
vt 0.411228 0.320084
vt 0.376182 0.265267
vt 0.410618 0.283520
vt 0.410603 0.265365
vt 0.376418 0.284040
vt 0.376896 0.302810
vt 0.410824 0.301692
vt 0.376418 0.284040
vt 0.410824 0.301692
vt 0.410618 0.283520
vt 0.376182 0.265267
vt 0.376418 0.284040
vt 0.410618 0.283520
vt 0.376350 0.246593
vt 0.376182 0.265267
vt 0.410603 0.265365
vt 0.376350 0.246593
vt 0.410603 0.265365
vt 0.410788 0.247344
vt 0.376878 0.227941
vt 0.376350 0.246593
vt 0.410788 0.247344
vt 0.376878 0.227941
vt 0.410788 0.247344
vt 0.411179 0.229346
vt 0.377770 0.209276
vt 0.376878 0.227941
vt 0.411179 0.229346
vt 0.377770 0.209276
vt 0.411179 0.229346
vt 0.411778 0.211331
vt 0.379002 0.190598
vt 0.377770 0.209276
vt 0.411778 0.211331
vt 0.379002 0.190598
vt 0.411778 0.211331
vt 0.412590 0.193310
vt 0.380620 0.171867
vt 0.412590 0.193310
vt 0.413630 0.175257
vt 0.380620 0.171867
vt 0.379002 0.190598
vt 0.412590 0.193310
vt 0.448531 0.102931
vt 0.447684 0.122129
vt 0.476824 0.122489
vt 0.448531 0.102931
vt 0.476824 0.122489
vt 0.476358 0.103264
vt 0.476358 0.103264
vt 0.476824 0.122489
vt 0.506192 0.120528
vt 0.476358 0.103264
vt 0.506192 0.120528
vt 0.504374 0.101038
vt 0.420586 0.100019
vt 0.447684 0.122129
vt 0.448531 0.102931
vt 0.420586 0.100019
vt 0.418375 0.119431
vt 0.447684 0.122129
vt 0.504374 0.101038
vt 0.506192 0.120528
vt 0.536209 0.116097
vt 0.504374 0.101038
vt 0.536209 0.116097
vt 0.532904 0.096066
vt 0.382772 0.152847
vt 0.380620 0.171867
vt 0.413630 0.175257
vt 0.382772 0.152847
vt 0.413630 0.175257
vt 0.414935 0.156892
vt 0.385406 0.133585
vt 0.382772 0.152847
vt 0.414935 0.156892
vt 0.385406 0.133585
vt 0.414935 0.156892
vt 0.416518 0.138226
vt 0.388464 0.114226
vt 0.385406 0.133585
vt 0.416518 0.138226
vt 0.388464 0.114226
vt 0.416518 0.138226
vt 0.418375 0.119431
vt 0.392181 0.094306
vt 0.388464 0.114226
vt 0.418375 0.119431
vt 0.392181 0.094306
vt 0.418375 0.119431
vt 0.420586 0.100019
vt 0.449529 0.082565
vt 0.448531 0.102931
vt 0.476358 0.103264
vt 0.449529 0.082565
vt 0.476358 0.103264
vt 0.475757 0.082858
vt 0.475757 0.082858
vt 0.476358 0.103264
vt 0.504374 0.101038
vt 0.475757 0.082858
vt 0.504374 0.101038
vt 0.502121 0.080414
vt 0.423255 0.079507
vt 0.420586 0.100019
vt 0.448531 0.102931
vt 0.423255 0.079507
vt 0.448531 0.102931
vt 0.449529 0.082565
vt 0.502121 0.080414
vt 0.504374 0.101038
vt 0.532904 0.096066
vt 0.502121 0.080414
vt 0.532904 0.096066
vt 0.528786 0.075045
vt 0.448050 0.677947
vt 0.464476 0.683095
vt 0.464565 0.678174
vt 0.448050 0.677947
vt 0.448029 0.682871
vt 0.464476 0.683095
vt 0.464565 0.678174
vt 0.480765 0.683606
vt 0.480785 0.678862
vt 0.464565 0.678174
vt 0.464476 0.683095
vt 0.480765 0.683606
vt 0.431812 0.678177
vt 0.448029 0.682871
vt 0.448050 0.677947
vt 0.431812 0.678177
vt 0.431719 0.682919
vt 0.448029 0.682871
vt 0.396740 0.073424
vt 0.420586 0.100019
vt 0.423255 0.079507
vt 0.396740 0.073424
vt 0.392181 0.094306
vt 0.420586 0.100019
vt 0.448029 0.682871
vt 0.464390 0.688449
vt 0.464476 0.683095
vt 0.448029 0.682871
vt 0.447992 0.688228
vt 0.464390 0.688449
vt 0.447992 0.688228
vt 0.464355 0.690720
vt 0.464390 0.688449
vt 0.447992 0.688228
vt 0.447981 0.690501
vt 0.464355 0.690720
vt 0.447981 0.690501
vt 0.464319 0.692963
vt 0.464355 0.690720
vt 0.447981 0.690501
vt 0.447972 0.692745
vt 0.464319 0.692963
vt 0.464355 0.690720
vt 0.464319 0.692963
vt 0.480706 0.693449
vt 0.464355 0.690720
vt 0.480706 0.693449
vt 0.480794 0.691201
vt 0.431434 0.690538
vt 0.447972 0.692745
vt 0.447981 0.690501
vt 0.431434 0.690538
vt 0.431465 0.692822
vt 0.447972 0.692745
vt 0.480794 0.691201
vt 0.480706 0.693449
vt 0.496966 0.694477
vt 0.480794 0.691201
vt 0.496966 0.694477
vt 0.497106 0.692257
vt 0.464390 0.688449
vt 0.464355 0.690720
vt 0.480794 0.691201
vt 0.464390 0.688449
vt 0.480794 0.691201
vt 0.480884 0.688921
vt 0.464476 0.683095
vt 0.480884 0.688921
vt 0.480765 0.683606
vt 0.464476 0.683095
vt 0.464390 0.688449
vt 0.480884 0.688921
vt 0.497106 0.692257
vt 0.496966 0.694477
vt 0.513068 0.695962
vt 0.497106 0.692257
vt 0.513068 0.695962
vt 0.513257 0.693761
vt 0.431470 0.688230
vt 0.431434 0.690538
vt 0.447981 0.690501
vt 0.431470 0.688230
vt 0.447981 0.690501
vt 0.447992 0.688228
vt 0.431719 0.682919
vt 0.431470 0.688230
vt 0.447992 0.688228
vt 0.431719 0.682919
vt 0.447992 0.688228
vt 0.448029 0.682871
vt 0.480884 0.688921
vt 0.480794 0.691201
vt 0.497106 0.692257
vt 0.480884 0.688921
vt 0.497106 0.692257
vt 0.497250 0.690006
vt 0.414851 0.687559
vt 0.431434 0.690538
vt 0.431470 0.688230
vt 0.414851 0.687559
vt 0.414738 0.689865
vt 0.431434 0.690538
vt 0.447972 0.692745
vt 0.464276 0.695557
vt 0.464319 0.692963
vt 0.447972 0.692745
vt 0.447964 0.695341
vt 0.464276 0.695557
vt 0.447964 0.695341
vt 0.464233 0.698183
vt 0.464276 0.695557
vt 0.447964 0.695341
vt 0.447957 0.697969
vt 0.464233 0.698183
vt 0.464319 0.692963
vt 0.464276 0.695557
vt 0.480606 0.696043
vt 0.464276 0.695557
vt 0.480508 0.698663
vt 0.480606 0.696043
vt 0.464276 0.695557
vt 0.464233 0.698183
vt 0.480508 0.698663
vt 0.464319 0.692963
vt 0.480606 0.696043
vt 0.480706 0.693449
vt 0.431595 0.695443
vt 0.447957 0.697969
vt 0.447964 0.695341
vt 0.431465 0.692822
vt 0.431595 0.695443
vt 0.447964 0.695341
vt 0.431465 0.692822
vt 0.447964 0.695341
vt 0.447972 0.692745
vt 0.431595 0.695443
vt 0.431725 0.698063
vt 0.447957 0.697969
vt 0.414920 0.694762
vt 0.431595 0.695443
vt 0.431465 0.692822
vt 0.414920 0.694762
vt 0.415282 0.697356
vt 0.431595 0.695443
vt 0.415282 0.697356
vt 0.431725 0.698063
vt 0.431595 0.695443
vt 0.415282 0.697356
vt 0.415643 0.699949
vt 0.431725 0.698063
vt 0.480706 0.693449
vt 0.480606 0.696043
vt 0.496806 0.697042
vt 0.480706 0.693449
vt 0.496806 0.697042
vt 0.496966 0.694477
vt 0.480606 0.696043
vt 0.480508 0.698663
vt 0.496647 0.699634
vt 0.480606 0.696043
vt 0.496647 0.699634
vt 0.496806 0.697042
vt 0.496806 0.697042
vt 0.496647 0.699634
vt 0.512632 0.701075
vt 0.496966 0.694477
vt 0.512851 0.698505
vt 0.513068 0.695962
vt 0.496966 0.694477
vt 0.496806 0.697042
vt 0.512851 0.698505
vt 0.496806 0.697042
vt 0.512632 0.701075
vt 0.512851 0.698505
vt 0.513257 0.693761
vt 0.513068 0.695962
vt 0.529056 0.697896
vt 0.513257 0.693761
vt 0.529056 0.697896
vt 0.529296 0.695707
vt 0.497250 0.690006
vt 0.497106 0.692257
vt 0.513257 0.693761
vt 0.497250 0.690006
vt 0.513257 0.693761
vt 0.513450 0.691529
vt 0.474968 0.060344
vt 0.475757 0.082858
vt 0.502121 0.080414
vt 0.474968 0.060344
vt 0.502121 0.080414
vt 0.499283 0.057753
vt 0.450734 0.060114
vt 0.449529 0.082565
vt 0.475757 0.082858
vt 0.450734 0.060114
vt 0.475757 0.082858
vt 0.474968 0.060344
vt 0.499283 0.057753
vt 0.502121 0.080414
vt 0.528786 0.075045
vt 0.499283 0.057753
vt 0.528786 0.075045
vt 0.523612 0.052316
vt 0.426550 0.057026
vt 0.423255 0.079507
vt 0.449529 0.082565
vt 0.426550 0.057026
vt 0.449529 0.082565
vt 0.450734 0.060114
vt 0.512851 0.698505
vt 0.512632 0.701075
vt 0.528498 0.702982
vt 0.513068 0.695962
vt 0.528779 0.700426
vt 0.529056 0.697896
vt 0.513068 0.695962
vt 0.512851 0.698505
vt 0.528779 0.700426
vt 0.512851 0.698505
vt 0.528498 0.702982
vt 0.528779 0.700426
vt 0.513450 0.691529
vt 0.513257 0.693761
vt 0.529296 0.695707
vt 0.513450 0.691529
vt 0.529296 0.695707
vt 0.529538 0.693487
vt 0.473996 0.036791
vt 0.474968 0.060344
vt 0.499283 0.057753
vt 0.473996 0.036791
vt 0.499283 0.057753
vt 0.496027 0.034065
vt 0.452067 0.036653
vt 0.474968 0.060344
vt 0.473996 0.036791
vt 0.452067 0.036653
vt 0.450734 0.060114
vt 0.474968 0.060344
vt 0.496027 0.034065
vt 0.499283 0.057753
vt 0.523612 0.052316
vt 0.496027 0.034065
vt 0.523612 0.052316
vt 0.517898 0.029006
vt 0.430277 0.033693
vt 0.450734 0.060114
vt 0.452067 0.036653
vt 0.430277 0.033693
vt 0.426550 0.057026
vt 0.450734 0.060114
vt 0.529296 0.695707
vt 0.529056 0.697896
vt 0.545051 0.700315
vt 0.529296 0.695707
vt 0.545051 0.700315
vt 0.545342 0.698116
vt 0.402417 0.050869
vt 0.423255 0.079507
vt 0.426550 0.057026
vt 0.402417 0.050869
vt 0.396740 0.073424
vt 0.423255 0.079507
vt 0.408743 0.027752
vt 0.402417 0.050869
vt 0.426550 0.057026
vt 0.408743 0.027752
vt 0.426550 0.057026
vt 0.430277 0.033693
vt 0.464233 0.698183
vt 0.480334 0.703549
vt 0.480508 0.698663
vt 0.464233 0.698183
vt 0.464150 0.703095
vt 0.480334 0.703549
vt 0.447957 0.697969
vt 0.464150 0.703095
vt 0.464233 0.698183
vt 0.447957 0.697969
vt 0.447941 0.702877
vt 0.464150 0.703095
vt 0.480508 0.698663
vt 0.496359 0.704472
vt 0.496647 0.699634
vt 0.480508 0.698663
vt 0.480334 0.703549
vt 0.496359 0.704472
vt 0.431725 0.698063
vt 0.447941 0.702877
vt 0.447957 0.697969
vt 0.431725 0.698063
vt 0.431703 0.702973
vt 0.447941 0.702877
vt 0.496647 0.699634
vt 0.496359 0.704472
vt 0.512231 0.705872
vt 0.496647 0.699634
vt 0.512231 0.705872
vt 0.512632 0.701075
vt 0.528779 0.700426
vt 0.528498 0.702982
vt 0.544211 0.705339
vt 0.528779 0.700426
vt 0.544211 0.705339
vt 0.544631 0.702827
vt 0.529056 0.697896
vt 0.528779 0.700426
vt 0.544631 0.702827
vt 0.529056 0.697896
vt 0.544631 0.702827
vt 0.545051 0.700315
vt 0.529538 0.693487
vt 0.529296 0.695707
vt 0.545342 0.698116
vt 0.529538 0.693487
vt 0.545342 0.698116
vt 0.545572 0.695885
vt 0.472637 0.010347
vt 0.473996 0.036791
vt 0.496027 0.034065
vt 0.472637 0.010347
vt 0.496027 0.034065
vt 0.491512 0.007820
vt 0.453598 0.010279
vt 0.473996 0.036791
vt 0.472637 0.010347
vt 0.453598 0.010279
vt 0.452067 0.036653
vt 0.473996 0.036791
vt 0.434709 0.007658
vt 0.430277 0.033693
vt 0.452067 0.036653
vt 0.434709 0.007658
vt 0.452067 0.036653
vt 0.453598 0.010279
vt 0.416280 0.002408
vt 0.430277 0.033693
vt 0.434709 0.007658
vt 0.416280 0.002408
vt 0.408743 0.027752
vt 0.430277 0.033693
vt 0.480334 0.703549
vt 0.464150 0.703095
vt 0.464110 0.705533
vt 0.480334 0.703549
vt 0.464110 0.705533
vt 0.480253 0.705965
vt 0.496359 0.704472
vt 0.480334 0.703549
vt 0.480253 0.705965
vt 0.496359 0.704472
vt 0.480253 0.705965
vt 0.496220 0.706863
vt 0.464150 0.703095
vt 0.447935 0.705305
vt 0.464110 0.705533
vt 0.464150 0.703095
vt 0.447941 0.702877
vt 0.447935 0.705305
vt 0.512231 0.705872
vt 0.496359 0.704472
vt 0.496220 0.706863
vt 0.512231 0.705872
vt 0.496220 0.706863
vt 0.512035 0.708242
vt 0.527984 0.707746
vt 0.512231 0.705872
vt 0.512035 0.708242
vt 0.527984 0.707746
vt 0.512035 0.708242
vt 0.527730 0.710099
vt 0.512632 0.701075
vt 0.527984 0.707746
vt 0.528498 0.702982
vt 0.512632 0.701075
vt 0.512231 0.705872
vt 0.527984 0.707746
vt 0.543686 0.710091
vt 0.527984 0.707746
vt 0.527730 0.710099
vt 0.543686 0.710091
vt 0.527730 0.710099
vt 0.543297 0.712428
vt 0.528498 0.702982
vt 0.527984 0.707746
vt 0.543686 0.710091
vt 0.528498 0.702982
vt 0.543686 0.710091
vt 0.544211 0.705339
vt 0.447941 0.702877
vt 0.431824 0.705407
vt 0.447935 0.705305
vt 0.447941 0.702877
vt 0.431703 0.702973
vt 0.431824 0.705407
vt 0.431703 0.702973
vt 0.415804 0.707300
vt 0.431824 0.705407
vt 0.431703 0.702973
vt 0.415466 0.704892
vt 0.415804 0.707300
vt 0.415466 0.704892
vt 0.400033 0.710965
vt 0.415804 0.707300
vt 0.415466 0.704892
vt 0.399481 0.708607
vt 0.400033 0.710965
vt 0.387623 0.798767
vt 0.404030 0.799137
vt 0.403984 0.836332
vt 0.387623 0.798767
vt 0.403984 0.836332
vt 0.387282 0.836520
vt 0.404030 0.799137
vt 0.420794 0.835924
vt 0.403984 0.836332
vt 0.404030 0.799137
vt 0.420563 0.799431
vt 0.420794 0.835924
vt 0.371394 0.798318
vt 0.387623 0.798767
vt 0.387282 0.836520
vt 0.371394 0.798318
vt 0.387282 0.836520
vt 0.370764 0.836389
vt 0.355165 0.797798
vt 0.371394 0.798318
vt 0.370764 0.836389
vt 0.355165 0.797798
vt 0.370764 0.836389
vt 0.354242 0.836132
vt 0.339039 0.797199
vt 0.355165 0.797798
vt 0.354242 0.836132
vt 0.339039 0.797199
vt 0.354242 0.836132
vt 0.337805 0.835574
vt 0.322921 0.796517
vt 0.339039 0.797199
vt 0.337805 0.835574
vt 0.322921 0.796517
vt 0.337805 0.835574
vt 0.321381 0.834762
vt 0.306772 0.795751
vt 0.322921 0.796517
vt 0.321381 0.834762
vt 0.306772 0.795751
vt 0.321381 0.834762
vt 0.304937 0.833696
vt 0.290605 0.794901
vt 0.306772 0.795751
vt 0.304937 0.833696
vt 0.290605 0.794901
vt 0.304937 0.833696
vt 0.288469 0.832409
vt 0.274396 0.793956
vt 0.290605 0.794901
vt 0.288469 0.832409
vt 0.274396 0.793956
vt 0.288469 0.832409
vt 0.271938 0.830852
vt 0.420563 0.799431
vt 0.437988 0.835175
vt 0.420794 0.835924
vt 0.420563 0.799431
vt 0.437528 0.799650
vt 0.437988 0.835175
vt 0.437528 0.799650
vt 0.455428 0.834210
vt 0.437988 0.835175
vt 0.437528 0.799650
vt 0.454836 0.799813
vt 0.455428 0.834210
vt 0.454836 0.799813
vt 0.472758 0.833224
vt 0.455428 0.834210
vt 0.610165 0.800876
vt 0.679060 0.801436
vt 0.679345 0.821645
vt 0.610165 0.800876
vt 0.679345 0.821645
vt 0.610617 0.825314
vt 0.541213 0.800384
vt 0.610165 0.800876
vt 0.610617 0.825314
vt 0.541213 0.800384
vt 0.610617 0.825314
vt 0.541787 0.829162
vt 0.472108 0.799948
vt 0.541213 0.800384
vt 0.541787 0.829162
vt 0.472108 0.799948
vt 0.541787 0.829162
vt 0.472758 0.833224
vt 0.454836 0.799813
vt 0.472108 0.799948
vt 0.472758 0.833224
vt 0.679060 0.801436
vt 0.713225 0.820329
vt 0.679345 0.821645
vt 0.679060 0.801436
vt 0.713084 0.801874
vt 0.713225 0.820329
vt 0.713084 0.801874
vt 0.717433 0.820181
vt 0.713225 0.820329
vt 0.713084 0.801874
vt 0.717394 0.801941
vt 0.717433 0.820181
vt 0.717394 0.801941
vt 0.721522 0.820143
vt 0.717433 0.820181
vt 0.717394 0.801941
vt 0.721587 0.802011
vt 0.721522 0.820143
vt 0.610912 0.776438
vt 0.679060 0.801436
vt 0.610165 0.800876
vt 0.610912 0.776438
vt 0.679678 0.781201
vt 0.679060 0.801436
vt 0.455884 0.765519
vt 0.472108 0.799948
vt 0.454836 0.799813
vt 0.455884 0.765519
vt 0.473123 0.766716
vt 0.472108 0.799948
vt 0.473123 0.766716
vt 0.541213 0.800384
vt 0.472108 0.799948
vt 0.473123 0.766716
vt 0.542092 0.771608
vt 0.541213 0.800384
vt 0.542092 0.771608
vt 0.610165 0.800876
vt 0.541213 0.800384
vt 0.542092 0.771608
vt 0.610912 0.776438
vt 0.610165 0.800876
vt 0.679678 0.781201
vt 0.713084 0.801874
vt 0.679060 0.801436
vt 0.679678 0.781201
vt 0.713618 0.783397
vt 0.713084 0.801874
vt 0.713618 0.783397
vt 0.717394 0.801941
vt 0.713084 0.801874
vt 0.713618 0.783397
vt 0.717871 0.783655
vt 0.717394 0.801941
vt 0.438606 0.764348
vt 0.454836 0.799813
vt 0.437528 0.799650
vt 0.438606 0.764348
vt 0.455884 0.765519
vt 0.454836 0.799813
vt 0.421668 0.763260
vt 0.438606 0.764348
vt 0.437528 0.799650
vt 0.421668 0.763260
vt 0.437528 0.799650
vt 0.420563 0.799431
vt 0.405156 0.762277
vt 0.421668 0.763260
vt 0.420563 0.799431
vt 0.405156 0.762277
vt 0.420563 0.799431
vt 0.404030 0.799137
vt 0.388765 0.761380
vt 0.404030 0.799137
vt 0.387623 0.798767
vt 0.388765 0.761380
vt 0.405156 0.762277
vt 0.404030 0.799137
vt 0.356327 0.759837
vt 0.371394 0.798318
vt 0.355165 0.797798
vt 0.356327 0.759837
vt 0.372548 0.760573
vt 0.371394 0.798318
vt 0.372548 0.760573
vt 0.387623 0.798767
vt 0.371394 0.798318
vt 0.372548 0.760573
vt 0.388765 0.761380
vt 0.387623 0.798767
vt 0.717871 0.783655
vt 0.721587 0.802011
vt 0.717394 0.801941
vt 0.717871 0.783655
vt 0.721989 0.783898
vt 0.721587 0.802011
vt 0.340204 0.759186
vt 0.355165 0.797798
vt 0.339039 0.797199
vt 0.340204 0.759186
vt 0.356327 0.759837
vt 0.355165 0.797798
vt 0.324084 0.758617
vt 0.340204 0.759186
vt 0.339039 0.797199
vt 0.324084 0.758617
vt 0.339039 0.797199
vt 0.322921 0.796517
vt 0.307928 0.758128
vt 0.322921 0.796517
vt 0.306772 0.795751
vt 0.307928 0.758128
vt 0.324084 0.758617
vt 0.322921 0.796517
vt 0.291749 0.757719
vt 0.307928 0.758128
vt 0.306772 0.795751
vt 0.291749 0.757719
vt 0.306772 0.795751
vt 0.290605 0.794901
vt 0.275522 0.757399
vt 0.290605 0.794901
vt 0.274396 0.793956
vt 0.275522 0.757399
vt 0.291749 0.757719
vt 0.290605 0.794901
vt 0.612854 0.752089
vt 0.679678 0.781201
vt 0.610912 0.776438
vt 0.612854 0.752089
vt 0.681201 0.761060
vt 0.679678 0.781201
vt 0.458570 0.731254
vt 0.473123 0.766716
vt 0.455884 0.765519
vt 0.458570 0.731254
vt 0.475799 0.733571
vt 0.473123 0.766716
vt 0.475799 0.733571
vt 0.542092 0.771608
vt 0.473123 0.766716
vt 0.475799 0.733571
vt 0.544418 0.742944
vt 0.542092 0.771608
vt 0.544418 0.742944
vt 0.610912 0.776438
vt 0.542092 0.771608
vt 0.544418 0.742944
vt 0.612854 0.752089
vt 0.610912 0.776438
vt 0.681201 0.761060
vt 0.713618 0.783397
vt 0.679678 0.781201
vt 0.681201 0.761060
vt 0.714926 0.765013
vt 0.713618 0.783397
vt 0.714926 0.765013
vt 0.717871 0.783655
vt 0.713618 0.783397
vt 0.714926 0.765013
vt 0.719141 0.765513
vt 0.717871 0.783655
vt 0.441231 0.728949
vt 0.458570 0.731254
vt 0.455884 0.765519
vt 0.441231 0.728949
vt 0.455884 0.765519
vt 0.438606 0.764348
vt 0.424123 0.726877
vt 0.438606 0.764348
vt 0.421668 0.763260
vt 0.424123 0.726877
vt 0.441231 0.728949
vt 0.438606 0.764348
vt 0.407378 0.725173
vt 0.424123 0.726877
vt 0.421668 0.763260
vt 0.407378 0.725173
vt 0.421668 0.763260
vt 0.405156 0.762277
vt 0.390730 0.723697
vt 0.405156 0.762277
vt 0.388765 0.761380
vt 0.390730 0.723697
vt 0.407378 0.725173
vt 0.405156 0.762277
vt 0.357750 0.721529
vt 0.372548 0.760573
vt 0.356327 0.759837
vt 0.357750 0.721529
vt 0.374246 0.722551
vt 0.372548 0.760573
vt 0.374246 0.722551
vt 0.388765 0.761380
vt 0.372548 0.760573
vt 0.374246 0.722551
vt 0.390730 0.723697
vt 0.388765 0.761380
vt 0.719141 0.765513
vt 0.721989 0.783898
vt 0.717871 0.783655
vt 0.719141 0.765513
vt 0.723244 0.765915
vt 0.721989 0.783898
vt 0.341323 0.720813
vt 0.357750 0.721529
vt 0.356327 0.759837
vt 0.341323 0.720813
vt 0.356327 0.759837
vt 0.340204 0.759186
vt 0.324893 0.720350
vt 0.341323 0.720813
vt 0.340204 0.759186
vt 0.324893 0.720350
vt 0.340204 0.759186
vt 0.324084 0.758617
vt 0.308427 0.720135
vt 0.324893 0.720350
vt 0.324084 0.758617
vt 0.308427 0.720135
vt 0.324084 0.758617
vt 0.307928 0.758128
vt 0.291926 0.720138
vt 0.307928 0.758128
vt 0.291749 0.757719
vt 0.291926 0.720138
vt 0.308427 0.720135
vt 0.307928 0.758128
vt 0.275344 0.720402
vt 0.291749 0.757719
vt 0.275522 0.757399
vt 0.275344 0.720402
vt 0.291926 0.720138
vt 0.291749 0.757719
vt 0.258995 0.757179
vt 0.275522 0.757399
vt 0.274396 0.793956
vt 0.258995 0.757179
vt 0.274396 0.793956
vt 0.257894 0.792887
vt 0.257894 0.792887
vt 0.274396 0.793956
vt 0.271938 0.830852
vt 0.257894 0.792887
vt 0.271938 0.830852
vt 0.255125 0.828871
vt 0.258456 0.721064
vt 0.275344 0.720402
vt 0.275522 0.757399
vt 0.258456 0.721064
vt 0.275522 0.757399
vt 0.258995 0.757179
vt 0.242182 0.757062
vt 0.258995 0.757179
vt 0.257894 0.792887
vt 0.242182 0.757062
vt 0.257894 0.792887
vt 0.241113 0.791691
vt 0.241113 0.791691
vt 0.257894 0.792887
vt 0.255125 0.828871
vt 0.241113 0.791691
vt 0.255125 0.828871
vt 0.238070 0.826533
vt 0.225242 0.757051
vt 0.242182 0.757062
vt 0.241113 0.791691
vt 0.225242 0.757051
vt 0.241113 0.791691
vt 0.224217 0.790375
vt 0.224217 0.790375
vt 0.241113 0.791691
vt 0.238070 0.826533
vt 0.224217 0.790375
vt 0.238070 0.826533
vt 0.220901 0.823903
vt 0.241306 0.722060
vt 0.258456 0.721064
vt 0.258995 0.757179
vt 0.241306 0.722060
vt 0.258995 0.757179
vt 0.242182 0.757062
vt 0.224022 0.723332
vt 0.242182 0.757062
vt 0.225242 0.757051
vt 0.224022 0.723332
vt 0.241306 0.722060
vt 0.242182 0.757062
vt 0.206776 0.788882
vt 0.224217 0.790375
vt 0.220901 0.823903
vt 0.206776 0.788882
vt 0.220901 0.823903
vt 0.203184 0.820740
vt 0.207740 0.757174
vt 0.224217 0.790375
vt 0.206776 0.788882
vt 0.207740 0.757174
vt 0.225242 0.757051
vt 0.224217 0.790375
vt 0.206163 0.725084
vt 0.224022 0.723332
vt 0.225242 0.757051
vt 0.206163 0.725084
vt 0.225242 0.757051
vt 0.207740 0.757174
vt 0.188391 0.787141
vt 0.206776 0.788882
vt 0.203184 0.820740
vt 0.188391 0.787141
vt 0.203184 0.820740
vt 0.184731 0.816664
vt 0.189252 0.757470
vt 0.207740 0.757174
vt 0.206776 0.788882
vt 0.189252 0.757470
vt 0.206776 0.788882
vt 0.188391 0.787141
vt 0.187347 0.727459
vt 0.206163 0.725084
vt 0.207740 0.757174
vt 0.187347 0.727459
vt 0.207740 0.757174
vt 0.189252 0.757470
vt 0.721587 0.802011
vt 0.725811 0.820382
vt 0.721522 0.820143
vt 0.721587 0.802011
vt 0.725922 0.802081
vt 0.725811 0.820382
vt 0.721522 0.820143
vt 0.725811 0.820382
vt 0.724324 0.838614
vt 0.721522 0.820143
vt 0.724324 0.838614
vt 0.720070 0.837972
vt 0.720070 0.837972
vt 0.724324 0.838614
vt 0.721490 0.856584
vt 0.720070 0.837972
vt 0.721490 0.856584
vt 0.717299 0.855603
vt 0.721989 0.783898
vt 0.725922 0.802081
vt 0.721587 0.802011
vt 0.721989 0.783898
vt 0.726276 0.783858
vt 0.725922 0.802081
vt 0.184731 0.816664
vt 0.203184 0.820740
vt 0.195939 0.852218
vt 0.184731 0.816664
vt 0.195939 0.852218
vt 0.177858 0.845871
vt 0.717299 0.855603
vt 0.721490 0.856584
vt 0.717721 0.874277
vt 0.717299 0.855603
vt 0.717721 0.874277
vt 0.713591 0.873015
vt 0.725922 0.802081
vt 0.730619 0.820648
vt 0.725811 0.820382
vt 0.725922 0.802081
vt 0.730740 0.801834
vt 0.730619 0.820648
vt 0.730740 0.801834
vt 0.732692 0.820710
vt 0.730619 0.820648
vt 0.730740 0.801834
vt 0.732830 0.801879
vt 0.732692 0.820710
vt 0.731253 0.782811
vt 0.732830 0.801879
vt 0.730740 0.801834
vt 0.731253 0.782811
vt 0.733340 0.782947
vt 0.732830 0.801879
vt 0.733340 0.782947
vt 0.734901 0.801922
vt 0.732830 0.801879
vt 0.733340 0.782947
vt 0.735390 0.783082
vt 0.734901 0.801922
vt 0.734805 0.764018
vt 0.735390 0.783082
vt 0.733340 0.782947
vt 0.734805 0.764018
vt 0.736877 0.764250
vt 0.735390 0.783082
vt 0.736700 0.745024
vt 0.736877 0.764250
vt 0.734805 0.764018
vt 0.736700 0.745024
vt 0.738766 0.745313
vt 0.736877 0.764250
vt 0.732705 0.763858
vt 0.734805 0.764018
vt 0.733340 0.782947
vt 0.732705 0.763858
vt 0.733340 0.782947
vt 0.731253 0.782811
vt 0.735390 0.783082
vt 0.737283 0.801866
vt 0.734901 0.801922
vt 0.735390 0.783082
vt 0.737752 0.783239
vt 0.737283 0.801866
vt 0.737752 0.783239
vt 0.739664 0.801809
vt 0.737283 0.801866
vt 0.737752 0.783239
vt 0.740127 0.783397
vt 0.739664 0.801809
vt 0.734901 0.801922
vt 0.737283 0.801866
vt 0.738454 0.820503
vt 0.734901 0.801922
vt 0.738454 0.820503
vt 0.736089 0.820824
vt 0.737283 0.801866
vt 0.739664 0.801809
vt 0.740818 0.820182
vt 0.737283 0.801866
vt 0.740818 0.820182
vt 0.738454 0.820503
vt 0.736877 0.764250
vt 0.737752 0.783239
vt 0.735390 0.783082
vt 0.736877 0.764250
vt 0.739247 0.764622
vt 0.737752 0.783239
vt 0.739247 0.764622
vt 0.740127 0.783397
vt 0.737752 0.783239
vt 0.739247 0.764622
vt 0.741616 0.764997
vt 0.740127 0.783397
vt 0.725811 0.820382
vt 0.730619 0.820648
vt 0.729092 0.839337
vt 0.725811 0.820382
vt 0.729092 0.839337
vt 0.724324 0.838614
vt 0.168304 0.785167
vt 0.188391 0.787141
vt 0.184731 0.816664
vt 0.168304 0.785167
vt 0.184731 0.816664
vt 0.164806 0.812044
vt 0.164806 0.812044
vt 0.184731 0.816664
vt 0.177858 0.845871
vt 0.164806 0.812044
vt 0.177858 0.845871
vt 0.158380 0.838417
vt 0.169016 0.758017
vt 0.188391 0.787141
vt 0.168304 0.785167
vt 0.169016 0.758017
vt 0.189252 0.757470
vt 0.188391 0.787141
vt 0.724324 0.838614
vt 0.726162 0.857806
vt 0.721490 0.856584
vt 0.724324 0.838614
vt 0.729092 0.839337
vt 0.726162 0.857806
vt 0.144309 0.807150
vt 0.164806 0.812044
vt 0.158380 0.838417
vt 0.144309 0.807150
vt 0.158380 0.838417
vt 0.138450 0.830626
vt 0.147504 0.783114
vt 0.164806 0.812044
vt 0.144309 0.807150
vt 0.147504 0.783114
vt 0.168304 0.785167
vt 0.164806 0.812044
vt 0.148060 0.758786
vt 0.169016 0.758017
vt 0.168304 0.785167
vt 0.148060 0.758786
vt 0.168304 0.785167
vt 0.147504 0.783114
vt 0.158380 0.838417
vt 0.177858 0.845871
vt 0.167530 0.873994
vt 0.158380 0.838417
vt 0.167530 0.873994
vt 0.148948 0.863859
vt 0.138450 0.830626
vt 0.158380 0.838417
vt 0.148948 0.863859
vt 0.138450 0.830626
vt 0.148948 0.863859
vt 0.129881 0.853219
vt 0.116425 0.821812
vt 0.138450 0.830626
vt 0.129881 0.853219
vt 0.116425 0.821812
vt 0.129881 0.853219
vt 0.109030 0.841060
vt 0.121516 0.801624
vt 0.138450 0.830626
vt 0.116425 0.821812
vt 0.121516 0.801624
vt 0.144309 0.807150
vt 0.138450 0.830626
vt 0.124293 0.780864
vt 0.147504 0.783114
vt 0.144309 0.807150
vt 0.124293 0.780864
vt 0.144309 0.807150
vt 0.121516 0.801624
vt 0.124736 0.759873
vt 0.148060 0.758786
vt 0.147504 0.783114
vt 0.124736 0.759873
vt 0.147504 0.783114
vt 0.124293 0.780864
vt 0.109030 0.841060
vt 0.129881 0.853219
vt 0.118444 0.874277
vt 0.109030 0.841060
vt 0.118444 0.874277
vt 0.099312 0.858953
vt 0.166910 0.730671
vt 0.189252 0.757470
vt 0.169016 0.758017
vt 0.166910 0.730671
vt 0.187347 0.727459
vt 0.189252 0.757470
vt 0.145894 0.734373
vt 0.166910 0.730671
vt 0.169016 0.758017
vt 0.145894 0.734373
vt 0.169016 0.758017
vt 0.148060 0.758786
vt 0.122769 0.738997
vt 0.148060 0.758786
vt 0.124736 0.759873
vt 0.122769 0.738997
vt 0.145894 0.734373
vt 0.148060 0.758786
vt 0.334529 0.395058
vt 0.332837 0.376624
vt 0.300840 0.379800
vt 0.334529 0.395058
vt 0.300840 0.379800
vt 0.301973 0.398025
vt 0.336018 0.413350
vt 0.334529 0.395058
vt 0.301973 0.398025
vt 0.336018 0.413350
vt 0.301973 0.398025
vt 0.303035 0.416073
vt 0.337297 0.431441
vt 0.336018 0.413350
vt 0.303035 0.416073
vt 0.338385 0.449533
vt 0.304022 0.433897
vt 0.304943 0.451699
vt 0.338385 0.449533
vt 0.337297 0.431441
vt 0.304022 0.433897
vt 0.337297 0.431441
vt 0.303035 0.416073
vt 0.304022 0.433897
vt 0.339267 0.467512
vt 0.338385 0.449533
vt 0.304943 0.451699
vt 0.339267 0.467512
vt 0.304943 0.451699
vt 0.305792 0.469371
vt 0.339946 0.485488
vt 0.339267 0.467512
vt 0.305792 0.469371
vt 0.339946 0.485488
vt 0.305792 0.469371
vt 0.306574 0.487027
vt 0.340421 0.503505
vt 0.339946 0.485488
vt 0.306574 0.487027
vt 0.340421 0.503505
vt 0.306574 0.487027
vt 0.307289 0.504714
vt 0.340688 0.521553
vt 0.340421 0.503505
vt 0.307289 0.504714
vt 0.340688 0.521553
vt 0.307289 0.504714
vt 0.307935 0.522424
vt 0.340738 0.539664
vt 0.340688 0.521553
vt 0.307935 0.522424
vt 0.340738 0.539664
vt 0.307935 0.522424
vt 0.308509 0.540190
vt 0.332837 0.376624
vt 0.299617 0.361041
vt 0.300840 0.379800
vt 0.332837 0.376624
vt 0.330913 0.357701
vt 0.299617 0.361041
vt 0.330913 0.357701
vt 0.298313 0.341829
vt 0.299617 0.361041
vt 0.330913 0.357701
vt 0.328791 0.338387
vt 0.298313 0.341829
vt 0.328791 0.338387
vt 0.296968 0.322591
vt 0.298313 0.341829
vt 0.328791 0.338387
vt 0.326562 0.319106
vt 0.296968 0.322591
vt 0.326562 0.319106
vt 0.291314 0.245084
vt 0.296968 0.322591
vt 0.326562 0.319106
vt 0.317058 0.241928
vt 0.291314 0.245084
vt 0.317058 0.241928
vt 0.285598 0.167425
vt 0.291314 0.245084
vt 0.317058 0.241928
vt 0.307499 0.164751
vt 0.285598 0.167425
vt 0.307499 0.164751
vt 0.279914 0.089682
vt 0.285598 0.167425
vt 0.307499 0.164751
vt 0.298076 0.087533
vt 0.279914 0.089682
vt 0.298076 0.087533
vt 0.277197 0.051330
vt 0.279914 0.089682
vt 0.298076 0.087533
vt 0.293708 0.049434
vt 0.277197 0.051330
vt 0.293708 0.049434
vt 0.276870 0.046542
vt 0.277197 0.051330
vt 0.293708 0.049434
vt 0.293165 0.044662
vt 0.276870 0.046542
vt 0.329222 0.160744
vt 0.298076 0.087533
vt 0.307499 0.164751
vt 0.342607 0.237176
vt 0.329222 0.160744
vt 0.307499 0.164751
vt 0.342607 0.237176
vt 0.307499 0.164751
vt 0.317058 0.241928
vt 0.356111 0.313775
vt 0.342607 0.237176
vt 0.317058 0.241928
vt 0.356111 0.313775
vt 0.317058 0.241928
vt 0.326562 0.319106
vt 0.359395 0.333150
vt 0.356111 0.313775
vt 0.326562 0.319106
vt 0.359395 0.333150
vt 0.326562 0.319106
vt 0.328791 0.338387
vt 0.329222 0.160744
vt 0.316059 0.084361
vt 0.298076 0.087533
vt 0.316059 0.084361
vt 0.293708 0.049434
vt 0.298076 0.087533
vt 0.316059 0.084361
vt 0.310111 0.046657
vt 0.293708 0.049434
vt 0.310111 0.046657
vt 0.293165 0.044662
vt 0.293708 0.049434
vt 0.310111 0.046657
vt 0.309361 0.041940
vt 0.293165 0.044662
vt 0.362559 0.352680
vt 0.328791 0.338387
vt 0.330913 0.357701
vt 0.362559 0.352680
vt 0.359395 0.333150
vt 0.328791 0.338387
vt 0.365381 0.371980
vt 0.330913 0.357701
vt 0.332837 0.376624
vt 0.365381 0.371980
vt 0.362559 0.352680
vt 0.330913 0.357701
vt 0.367732 0.390902
vt 0.365381 0.371980
vt 0.332837 0.376624
vt 0.367732 0.390902
vt 0.332837 0.376624
vt 0.334529 0.395058
vt 0.369751 0.409734
vt 0.367732 0.390902
vt 0.334529 0.395058
vt 0.369751 0.409734
vt 0.334529 0.395058
vt 0.336018 0.413350
vt 0.293165 0.044662
vt 0.276558 0.041914
vt 0.276870 0.046542
vt 0.293165 0.044662
vt 0.292639 0.040038
vt 0.276558 0.041914
vt 0.372694 0.447085
vt 0.337297 0.431441
vt 0.338385 0.449533
vt 0.371343 0.428398
vt 0.369751 0.409734
vt 0.336018 0.413350
vt 0.371343 0.428398
vt 0.336018 0.413350
vt 0.337297 0.431441
vt 0.372694 0.447085
vt 0.371343 0.428398
vt 0.337297 0.431441
vt 0.309361 0.041940
vt 0.292639 0.040038
vt 0.293165 0.044662
vt 0.309361 0.041940
vt 0.308705 0.037342
vt 0.292639 0.040038
vt 0.373641 0.465706
vt 0.338385 0.449533
vt 0.339267 0.467512
vt 0.373641 0.465706
vt 0.372694 0.447085
vt 0.338385 0.449533
vt 0.374230 0.484335
vt 0.373641 0.465706
vt 0.339267 0.467512
vt 0.374230 0.484335
vt 0.339267 0.467512
vt 0.339946 0.485488
vt 0.374463 0.503007
vt 0.374230 0.484335
vt 0.339946 0.485488
vt 0.374463 0.503007
vt 0.339946 0.485488
vt 0.340421 0.503505
vt 0.374365 0.521720
vt 0.340421 0.503505
vt 0.340688 0.521553
vt 0.374365 0.521720
vt 0.374463 0.503007
vt 0.340421 0.503505
vt 0.373897 0.540519
vt 0.340688 0.521553
vt 0.340738 0.539664
vt 0.373897 0.540519
vt 0.374365 0.521720
vt 0.340688 0.521553
vt 0.285598 0.167425
vt 0.279914 0.089682
vt 0.261659 0.090795
vt 0.298313 0.341829
vt 0.267323 0.324379
vt 0.267840 0.343665
vt 0.298313 0.341829
vt 0.296968 0.322591
vt 0.267323 0.324379
vt 0.296968 0.322591
vt 0.265456 0.246651
vt 0.267323 0.324379
vt 0.296968 0.322591
vt 0.291314 0.245084
vt 0.265456 0.246651
vt 0.291314 0.245084
vt 0.263594 0.168763
vt 0.265456 0.246651
vt 0.291314 0.245084
vt 0.285598 0.167425
vt 0.263594 0.168763
vt 0.285598 0.167425
vt 0.261659 0.090795
vt 0.263594 0.168763
vt 0.279914 0.089682
vt 0.277197 0.051330
vt 0.260589 0.052302
vt 0.279914 0.089682
vt 0.260589 0.052302
vt 0.261659 0.090795
vt 0.277197 0.051330
vt 0.276870 0.046542
vt 0.260448 0.047424
vt 0.277197 0.051330
vt 0.260448 0.047424
vt 0.260589 0.052302
vt 0.299617 0.361041
vt 0.298313 0.341829
vt 0.267840 0.343665
vt 0.299617 0.361041
vt 0.267840 0.343665
vt 0.268390 0.362918
vt 0.300840 0.379800
vt 0.299617 0.361041
vt 0.268390 0.362918
vt 0.300840 0.379800
vt 0.268390 0.362918
vt 0.268974 0.381711
vt 0.301973 0.398025
vt 0.300840 0.379800
vt 0.268974 0.381711
vt 0.301973 0.398025
vt 0.268974 0.381711
vt 0.269596 0.399964
vt 0.303035 0.416073
vt 0.301973 0.398025
vt 0.269596 0.399964
vt 0.303035 0.416073
vt 0.269596 0.399964
vt 0.270269 0.418031
vt 0.304943 0.451699
vt 0.304022 0.433897
vt 0.270993 0.435867
vt 0.304943 0.451699
vt 0.270993 0.435867
vt 0.271776 0.453675
vt 0.304022 0.433897
vt 0.303035 0.416073
vt 0.270269 0.418031
vt 0.304022 0.433897
vt 0.270269 0.418031
vt 0.270993 0.435867
vt 0.276870 0.046542
vt 0.276558 0.041914
vt 0.260309 0.042677
vt 0.276870 0.046542
vt 0.260309 0.042677
vt 0.260448 0.047424
vt 0.305792 0.469371
vt 0.304943 0.451699
vt 0.271776 0.453675
vt 0.305792 0.469371
vt 0.271776 0.453675
vt 0.272617 0.471344
vt 0.306574 0.487027
vt 0.305792 0.469371
vt 0.272617 0.471344
vt 0.306574 0.487027
vt 0.272617 0.471344
vt 0.273519 0.488988
vt 0.307289 0.504714
vt 0.306574 0.487027
vt 0.273519 0.488988
vt 0.307289 0.504714
vt 0.273519 0.488988
vt 0.274489 0.506655
vt 0.307935 0.522424
vt 0.307289 0.504714
vt 0.274489 0.506655
vt 0.307935 0.522424
vt 0.274489 0.506655
vt 0.275525 0.524334
vt 0.308509 0.540190
vt 0.307935 0.522424
vt 0.275525 0.524334
vt 0.308509 0.540190
vt 0.275525 0.524334
vt 0.276633 0.542059
vt 0.263594 0.168763
vt 0.261659 0.090795
vt 0.243400 0.090879
vt 0.267323 0.324379
vt 0.239558 0.246624
vt 0.237569 0.324475
vt 0.267840 0.343665
vt 0.267323 0.324379
vt 0.237569 0.324475
vt 0.267840 0.343665
vt 0.237569 0.324475
vt 0.237213 0.343904
vt 0.267323 0.324379
vt 0.265456 0.246651
vt 0.239558 0.246624
vt 0.265456 0.246651
vt 0.241566 0.168760
vt 0.239558 0.246624
vt 0.265456 0.246651
vt 0.263594 0.168763
vt 0.241566 0.168760
vt 0.263594 0.168763
vt 0.243400 0.090879
vt 0.241566 0.168760
vt 0.261659 0.090795
vt 0.260589 0.052302
vt 0.243977 0.052503
vt 0.261659 0.090795
vt 0.243977 0.052503
vt 0.243400 0.090879
vt 0.260589 0.052302
vt 0.244029 0.047721
vt 0.243977 0.052503
vt 0.260589 0.052302
vt 0.260448 0.047424
vt 0.244029 0.047721
vt 0.268390 0.362918
vt 0.267840 0.343665
vt 0.237213 0.343904
vt 0.268390 0.362918
vt 0.237213 0.343904
vt 0.236960 0.363350
vt 0.268974 0.381711
vt 0.268390 0.362918
vt 0.236960 0.363350
vt 0.268974 0.381711
vt 0.236960 0.363350
vt 0.236864 0.382382
vt 0.269596 0.399964
vt 0.268974 0.381711
vt 0.236864 0.382382
vt 0.269596 0.399964
vt 0.236864 0.382382
vt 0.236951 0.400901
vt 0.270269 0.418031
vt 0.269596 0.399964
vt 0.236951 0.400901
vt 0.270269 0.418031
vt 0.236951 0.400901
vt 0.237223 0.419255
vt 0.271776 0.453675
vt 0.270993 0.435867
vt 0.237682 0.437386
vt 0.271776 0.453675
vt 0.237682 0.437386
vt 0.238328 0.455494
vt 0.270993 0.435867
vt 0.270269 0.418031
vt 0.237223 0.419255
vt 0.270993 0.435867
vt 0.237223 0.419255
vt 0.237682 0.437386
vt 0.260448 0.047424
vt 0.244072 0.043101
vt 0.244029 0.047721
vt 0.260448 0.047424
vt 0.260309 0.042677
vt 0.244072 0.043101
vt 0.272617 0.471344
vt 0.271776 0.453675
vt 0.238328 0.455494
vt 0.272617 0.471344
vt 0.238328 0.455494
vt 0.239167 0.473466
vt 0.273519 0.488988
vt 0.272617 0.471344
vt 0.239167 0.473466
vt 0.273519 0.488988
vt 0.239167 0.473466
vt 0.240205 0.491410
vt 0.274489 0.506655
vt 0.273519 0.488988
vt 0.240205 0.491410
vt 0.274489 0.506655
vt 0.240205 0.491410
vt 0.241448 0.509370
vt 0.275525 0.524334
vt 0.274489 0.506655
vt 0.241448 0.509370
vt 0.275525 0.524334
vt 0.241448 0.509370
vt 0.242899 0.527332
vt 0.340552 0.558128
vt 0.340738 0.539664
vt 0.308509 0.540190
vt 0.340552 0.558128
vt 0.308509 0.540190
vt 0.309015 0.558305
vt 0.309015 0.558305
vt 0.308509 0.540190
vt 0.276633 0.542059
vt 0.309015 0.558305
vt 0.276633 0.542059
vt 0.277831 0.560119
vt 0.276633 0.542059
vt 0.275525 0.524334
vt 0.242899 0.527332
vt 0.276633 0.542059
vt 0.242899 0.527332
vt 0.244571 0.545326
vt 0.372932 0.559651
vt 0.340738 0.539664
vt 0.340552 0.558128
vt 0.372932 0.559651
vt 0.373897 0.540519
vt 0.340738 0.539664
vt 0.340122 0.576948
vt 0.340552 0.558128
vt 0.309015 0.558305
vt 0.340122 0.576948
vt 0.309015 0.558305
vt 0.309446 0.576779
vt 0.309446 0.576779
vt 0.309015 0.558305
vt 0.277831 0.560119
vt 0.309446 0.576779
vt 0.277831 0.560119
vt 0.279123 0.578516
vt 0.371531 0.579068
vt 0.372932 0.559651
vt 0.340552 0.558128
vt 0.371531 0.579068
vt 0.340552 0.558128
vt 0.340122 0.576948
vt 0.339450 0.595977
vt 0.340122 0.576948
vt 0.309446 0.576779
vt 0.339450 0.595977
vt 0.309446 0.576779
vt 0.309790 0.595461
vt 0.309790 0.595461
vt 0.309446 0.576779
vt 0.279123 0.578516
vt 0.309790 0.595461
vt 0.279123 0.578516
vt 0.280497 0.597094
vt 0.369764 0.598622
vt 0.371531 0.579068
vt 0.340122 0.576948
vt 0.369764 0.598622
vt 0.340122 0.576948
vt 0.339450 0.595977
vt 0.277831 0.560119
vt 0.276633 0.542059
vt 0.244571 0.545326
vt 0.277831 0.560119
vt 0.244571 0.545326
vt 0.246508 0.563633
vt 0.279123 0.578516
vt 0.277831 0.560119
vt 0.246508 0.563633
vt 0.279123 0.578516
vt 0.246508 0.563633
vt 0.248721 0.582243
vt 0.280497 0.597094
vt 0.279123 0.578516
vt 0.248721 0.582243
vt 0.280497 0.597094
vt 0.248721 0.582243
vt 0.251195 0.600985
vt 0.241566 0.168760
vt 0.243400 0.090879
vt 0.225228 0.089920
vt 0.237213 0.343904
vt 0.207687 0.322730
vt 0.206292 0.342371
vt 0.237213 0.343904
vt 0.237569 0.324475
vt 0.207687 0.322730
vt 0.237569 0.324475
vt 0.213703 0.244982
vt 0.207687 0.322730
vt 0.237569 0.324475
vt 0.239558 0.246624
vt 0.213703 0.244982
vt 0.239558 0.246624
vt 0.219593 0.167409
vt 0.213703 0.244982
vt 0.239558 0.246624
vt 0.241566 0.168760
vt 0.219593 0.167409
vt 0.241566 0.168760
vt 0.225228 0.089920
vt 0.219593 0.167409
vt 0.243400 0.090879
vt 0.227433 0.051763
vt 0.225228 0.089920
vt 0.243400 0.090879
vt 0.243977 0.052503
vt 0.227433 0.051763
vt 0.243977 0.052503
vt 0.227719 0.047004
vt 0.227433 0.051763
vt 0.243977 0.052503
vt 0.244029 0.047721
vt 0.227719 0.047004
vt 0.236960 0.363350
vt 0.237213 0.343904
vt 0.206292 0.342371
vt 0.236960 0.363350
vt 0.206292 0.342371
vt 0.205027 0.362149
vt 0.236864 0.382382
vt 0.236960 0.363350
vt 0.205027 0.362149
vt 0.236864 0.382382
vt 0.205027 0.362149
vt 0.204077 0.381657
vt 0.236951 0.400901
vt 0.236864 0.382382
vt 0.204077 0.381657
vt 0.236951 0.400901
vt 0.204077 0.381657
vt 0.203556 0.400733
vt 0.237223 0.419255
vt 0.236951 0.400901
vt 0.203556 0.400733
vt 0.237223 0.419255
vt 0.203556 0.400733
vt 0.203353 0.419682
vt 0.238328 0.455494
vt 0.237682 0.437386
vt 0.203558 0.438415
vt 0.237682 0.437386
vt 0.203353 0.419682
vt 0.203558 0.438415
vt 0.237682 0.437386
vt 0.237223 0.419255
vt 0.203353 0.419682
vt 0.238328 0.455494
vt 0.203558 0.438415
vt 0.204001 0.457141
vt 0.244029 0.047721
vt 0.244072 0.043101
vt 0.227921 0.042377
vt 0.244029 0.047721
vt 0.227921 0.042377
vt 0.227719 0.047004
vt 0.239167 0.473466
vt 0.238328 0.455494
vt 0.204001 0.457141
vt 0.239167 0.473466
vt 0.204001 0.457141
vt 0.204839 0.475754
vt 0.240205 0.491410
vt 0.239167 0.473466
vt 0.204839 0.475754
vt 0.240205 0.491410
vt 0.204839 0.475754
vt 0.206031 0.494334
vt 0.241448 0.509370
vt 0.240205 0.491410
vt 0.206031 0.494334
vt 0.241448 0.509370
vt 0.206031 0.494334
vt 0.207582 0.512915
vt 0.242899 0.527332
vt 0.241448 0.509370
vt 0.207582 0.512915
vt 0.242899 0.527332
vt 0.207582 0.512915
vt 0.209465 0.531497
vt 0.244571 0.545326
vt 0.242899 0.527332
vt 0.209465 0.531497
vt 0.244571 0.545326
vt 0.209465 0.531497
vt 0.211726 0.550121
vt 0.310034 0.614872
vt 0.309790 0.595461
vt 0.280497 0.597094
vt 0.310034 0.614872
vt 0.280497 0.597094
vt 0.281984 0.616357
vt 0.338496 0.615771
vt 0.339450 0.595977
vt 0.309790 0.595461
vt 0.338496 0.615771
vt 0.309790 0.595461
vt 0.310034 0.614872
vt 0.281984 0.616357
vt 0.280497 0.597094
vt 0.251195 0.600985
vt 0.281984 0.616357
vt 0.251195 0.600985
vt 0.254018 0.620351
vt 0.367470 0.618806
vt 0.339450 0.595977
vt 0.338496 0.615771
vt 0.367470 0.618806
vt 0.369764 0.598622
vt 0.339450 0.595977
vt 0.246508 0.563633
vt 0.244571 0.545326
vt 0.211726 0.550121
vt 0.246508 0.563633
vt 0.211726 0.550121
vt 0.214519 0.569018
vt 0.248721 0.582243
vt 0.246508 0.563633
vt 0.214519 0.569018
vt 0.248721 0.582243
vt 0.214519 0.569018
vt 0.217786 0.588143
vt 0.251195 0.600985
vt 0.248721 0.582243
vt 0.217786 0.588143
vt 0.251195 0.600985
vt 0.217786 0.588143
vt 0.221460 0.607355
vt 0.254018 0.620351
vt 0.251195 0.600985
vt 0.221460 0.607355
vt 0.254018 0.620351
vt 0.221460 0.607355
vt 0.225783 0.627116
vt 0.310133 0.635555
vt 0.310034 0.614872
vt 0.281984 0.616357
vt 0.310133 0.635555
vt 0.281984 0.616357
vt 0.283612 0.636825
vt 0.337199 0.636985
vt 0.338496 0.615771
vt 0.310034 0.614872
vt 0.337199 0.636985
vt 0.310034 0.614872
vt 0.310133 0.635555
vt 0.283612 0.636825
vt 0.281984 0.616357
vt 0.254018 0.620351
vt 0.283612 0.636825
vt 0.254018 0.620351
vt 0.257294 0.640827
vt 0.364602 0.640061
vt 0.367470 0.618806
vt 0.338496 0.615771
vt 0.364602 0.640061
vt 0.338496 0.615771
vt 0.337199 0.636985
vt 0.276558 0.041914
vt 0.260164 0.037768
vt 0.260309 0.042677
vt 0.276558 0.041914
vt 0.276515 0.037098
vt 0.260164 0.037768
vt 0.260309 0.042677
vt 0.260164 0.037768
vt 0.243827 0.038332
vt 0.260309 0.042677
vt 0.243827 0.038332
vt 0.244072 0.043101
vt 0.257294 0.640827
vt 0.254018 0.620351
vt 0.225783 0.627116
vt 0.257294 0.640827
vt 0.225783 0.627116
vt 0.230938 0.647824
vt 0.276515 0.037098
vt 0.260008 0.032411
vt 0.260164 0.037768
vt 0.276515 0.037098
vt 0.276400 0.031783
vt 0.260008 0.032411
vt 0.276400 0.031783
vt 0.259946 0.030134
vt 0.260008 0.032411
vt 0.276400 0.031783
vt 0.276343 0.029529
vt 0.259946 0.030134
vt 0.276343 0.029529
vt 0.259888 0.027883
vt 0.259946 0.030134
vt 0.276343 0.029529
vt 0.276286 0.027298
vt 0.259888 0.027883
vt 0.292870 0.029160
vt 0.276286 0.027298
vt 0.276343 0.029529
vt 0.292870 0.029160
vt 0.292791 0.026862
vt 0.276286 0.027298
vt 0.259946 0.030134
vt 0.259888 0.027883
vt 0.243255 0.028369
vt 0.259946 0.030134
vt 0.243255 0.028369
vt 0.243287 0.030683
vt 0.309590 0.028120
vt 0.292791 0.026862
vt 0.292870 0.029160
vt 0.309590 0.028120
vt 0.309448 0.025837
vt 0.292791 0.026862
vt 0.292947 0.031492
vt 0.276343 0.029529
vt 0.276400 0.031783
vt 0.292947 0.031492
vt 0.292870 0.029160
vt 0.276343 0.029529
vt 0.326318 0.026585
vt 0.309448 0.025837
vt 0.309590 0.028120
vt 0.326318 0.026585
vt 0.326123 0.024291
vt 0.309448 0.025837
vt 0.309732 0.030436
vt 0.309590 0.028120
vt 0.292870 0.029160
vt 0.309732 0.030436
vt 0.292870 0.029160
vt 0.292947 0.031492
vt 0.260008 0.032411
vt 0.259946 0.030134
vt 0.243287 0.030683
vt 0.260008 0.032411
vt 0.243287 0.030683
vt 0.243448 0.032999
vt 0.260164 0.037768
vt 0.260008 0.032411
vt 0.243448 0.032999
vt 0.260164 0.037768
vt 0.243448 0.032999
vt 0.243827 0.038332
vt 0.243448 0.032999
vt 0.243287 0.030683
vt 0.226604 0.033023
vt 0.243448 0.032999
vt 0.226604 0.033023
vt 0.226902 0.035322
vt 0.276286 0.027298
vt 0.259825 0.025275
vt 0.259888 0.027883
vt 0.276286 0.027298
vt 0.276219 0.024707
vt 0.259825 0.025275
vt 0.276219 0.024707
vt 0.259763 0.022632
vt 0.259825 0.025275
vt 0.276219 0.024707
vt 0.276149 0.022077
vt 0.259763 0.022632
vt 0.292791 0.026862
vt 0.276219 0.024707
vt 0.276286 0.027298
vt 0.292791 0.026862
vt 0.292697 0.024213
vt 0.276219 0.024707
vt 0.292697 0.024213
vt 0.276149 0.022077
vt 0.276219 0.024707
vt 0.292697 0.024213
vt 0.292600 0.021536
vt 0.276149 0.022077
vt 0.259888 0.027883
vt 0.259825 0.025275
vt 0.243315 0.025712
vt 0.259888 0.027883
vt 0.243315 0.025712
vt 0.243255 0.028369
vt 0.259825 0.025275
vt 0.259763 0.022632
vt 0.243377 0.023055
vt 0.259825 0.025275
vt 0.243377 0.023055
vt 0.243315 0.025712
vt 0.243255 0.028369
vt 0.243315 0.025712
vt 0.226752 0.024317
vt 0.243315 0.025712
vt 0.227049 0.021680
vt 0.226752 0.024317
vt 0.243315 0.025712
vt 0.243377 0.023055
vt 0.227049 0.021680
vt 0.243255 0.028369
vt 0.226752 0.024317
vt 0.226455 0.026954
vt 0.309448 0.025837
vt 0.292697 0.024213
vt 0.292791 0.026862
vt 0.309284 0.023199
vt 0.309120 0.020535
vt 0.292600 0.021536
vt 0.309284 0.023199
vt 0.292600 0.021536
vt 0.292697 0.024213
vt 0.309448 0.025837
vt 0.309284 0.023199
vt 0.292697 0.024213
vt 0.343074 0.024577
vt 0.326123 0.024291
vt 0.326318 0.026585
vt 0.343074 0.024577
vt 0.342828 0.022290
vt 0.326123 0.024291
vt 0.326123 0.024291
vt 0.309284 0.023199
vt 0.309448 0.025837
vt 0.325808 0.021666
vt 0.325494 0.019041
vt 0.309120 0.020535
vt 0.325808 0.021666
vt 0.309120 0.020535
vt 0.309284 0.023199
vt 0.326123 0.024291
vt 0.325808 0.021666
vt 0.309284 0.023199
vt 0.326450 0.028909
vt 0.309590 0.028120
vt 0.309732 0.030436
vt 0.326450 0.028909
vt 0.326318 0.026585
vt 0.309590 0.028120
vt 0.292761 0.036860
vt 0.292947 0.031492
vt 0.276400 0.031783
vt 0.292761 0.036860
vt 0.276400 0.031783
vt 0.276515 0.037098
vt 0.334726 0.660261
vt 0.337199 0.636985
vt 0.310133 0.635555
vt 0.334726 0.660261
vt 0.310133 0.635555
vt 0.309935 0.658430
vt 0.309935 0.658430
vt 0.310133 0.635555
vt 0.283612 0.636825
vt 0.309935 0.658430
vt 0.283612 0.636825
vt 0.285420 0.659416
vt 0.285420 0.659416
vt 0.283612 0.636825
vt 0.257294 0.640827
vt 0.285420 0.659416
vt 0.257294 0.640827
vt 0.261189 0.663273
vt 0.331802 0.684219
vt 0.334726 0.660261
vt 0.309935 0.658430
vt 0.331802 0.684219
vt 0.309935 0.658430
vt 0.309490 0.682406
vt 0.309490 0.682406
vt 0.309935 0.658430
vt 0.285420 0.659416
vt 0.309490 0.682406
vt 0.285420 0.659416
vt 0.287285 0.683016
vt 0.287285 0.683016
vt 0.285420 0.659416
vt 0.261189 0.663273
vt 0.287285 0.683016
vt 0.261189 0.663273
vt 0.265465 0.686558
vt 0.261189 0.663273
vt 0.257294 0.640827
vt 0.230938 0.647824
vt 0.261189 0.663273
vt 0.230938 0.647824
vt 0.237206 0.670183
vt 0.265465 0.686558
vt 0.261189 0.663273
vt 0.237206 0.670183
vt 0.265465 0.686558
vt 0.237206 0.670183
vt 0.244069 0.693096
vt 0.292600 0.021536
vt 0.276013 0.017127
vt 0.276149 0.022077
vt 0.292600 0.021536
vt 0.292411 0.016553
vt 0.276013 0.017127
vt 0.276149 0.022077
vt 0.259645 0.017680
vt 0.259763 0.022632
vt 0.276149 0.022077
vt 0.276013 0.017127
vt 0.259645 0.017680
vt 0.309120 0.020535
vt 0.292411 0.016553
vt 0.292600 0.021536
vt 0.309120 0.020535
vt 0.308820 0.015570
vt 0.292411 0.016553
vt 0.259763 0.022632
vt 0.259645 0.017680
vt 0.243231 0.018092
vt 0.259763 0.022632
vt 0.243231 0.018092
vt 0.243377 0.023055
vt 0.243827 0.038332
vt 0.243448 0.032999
vt 0.226902 0.035322
vt 0.243827 0.038332
vt 0.226902 0.035322
vt 0.227750 0.040598
vt 0.325494 0.019041
vt 0.308820 0.015570
vt 0.309120 0.020535
vt 0.325494 0.019041
vt 0.325130 0.014113
vt 0.308820 0.015570
vt 0.341796 0.017500
vt 0.325130 0.014113
vt 0.325494 0.019041
vt 0.341796 0.017500
vt 0.341463 0.012556
vt 0.325130 0.014113
vt 0.358121 0.016306
vt 0.341463 0.012556
vt 0.341796 0.017500
vt 0.358121 0.016306
vt 0.357872 0.011355
vt 0.341463 0.012556
vt 0.308220 0.709097
vt 0.309490 0.682406
vt 0.287285 0.683016
vt 0.308220 0.709097
vt 0.287285 0.683016
vt 0.289195 0.709448
vt 0.289195 0.709448
vt 0.287285 0.683016
vt 0.265465 0.686558
vt 0.289195 0.709448
vt 0.265465 0.686558
vt 0.270388 0.712496
vt 0.270388 0.712496
vt 0.265465 0.686558
vt 0.244069 0.693096
vt 0.270388 0.712496
vt 0.244069 0.693096
vt 0.252120 0.718208
vt 0.276013 0.017127
vt 0.292411 0.016553
vt 0.292317 0.014084
vt 0.276013 0.017127
vt 0.292317 0.014084
vt 0.275943 0.014670
vt 0.259645 0.017680
vt 0.276013 0.017127
vt 0.275943 0.014670
vt 0.259645 0.017680
vt 0.275943 0.014670
vt 0.259588 0.015227
vt 0.292411 0.016553
vt 0.308673 0.013115
vt 0.292317 0.014084
vt 0.292411 0.016553
vt 0.308820 0.015570
vt 0.308673 0.013115
vt 0.243231 0.018092
vt 0.259645 0.017680
vt 0.259588 0.015227
vt 0.243231 0.018092
vt 0.259588 0.015227
vt 0.243293 0.015627
vt 0.226762 0.016659
vt 0.243231 0.018092
vt 0.243293 0.015627
vt 0.226762 0.016659
vt 0.243293 0.015627
vt 0.227044 0.014212
vt 0.210503 0.013400
vt 0.226762 0.016659
vt 0.227044 0.014212
vt 0.210503 0.013400
vt 0.227044 0.014212
vt 0.211002 0.010998
vt 0.308820 0.015570
vt 0.325130 0.014113
vt 0.324947 0.011673
vt 0.308820 0.015570
vt 0.324947 0.011673
vt 0.308673 0.013115
vt 0.374463 0.015458
vt 0.357872 0.011355
vt 0.358121 0.016306
vt 0.374463 0.015458
vt 0.374298 0.010503
vt 0.357872 0.011355
vt 0.325130 0.014113
vt 0.341164 0.010116
vt 0.324947 0.011673
vt 0.325130 0.014113
vt 0.341463 0.012556
vt 0.341164 0.010116
vt 0.986672 0.734905
vt 0.975189 0.715243
vt 0.979071 0.714268
vt 0.986672 0.734905
vt 0.983023 0.736513
vt 0.975189 0.715243
vt 0.979071 0.714268
vt 0.975189 0.715243
vt 0.971195 0.692656
vt 0.979071 0.714268
vt 0.971195 0.692656
vt 0.975196 0.692354
vt 0.975196 0.692354
vt 0.971195 0.692656
vt 0.971195 0.669619
vt 0.975196 0.692354
vt 0.971195 0.669619
vt 0.975196 0.670003
vt 0.975196 0.670003
vt 0.971195 0.669619
vt 0.975189 0.647019
vt 0.975196 0.670003
vt 0.975189 0.647019
vt 0.979071 0.648075
vt 0.979071 0.648075
vt 0.975189 0.647019
vt 0.983023 0.625723
vt 0.979071 0.648075
vt 0.983023 0.625723
vt 0.986672 0.627413
vt 0.892949 0.825464
vt 0.881466 0.805801
vt 0.885348 0.804827
vt 0.892949 0.825464
vt 0.889300 0.827071
vt 0.881466 0.805801
vt 0.885348 0.804827
vt 0.881466 0.805801
vt 0.877472 0.783214
vt 0.885348 0.804827
vt 0.877472 0.783214
vt 0.881473 0.782912
vt 0.881473 0.782912
vt 0.877472 0.783214
vt 0.877472 0.760178
vt 0.881473 0.782912
vt 0.877472 0.760178
vt 0.881473 0.760562
vt 0.881473 0.760562
vt 0.877472 0.760178
vt 0.881466 0.737577
vt 0.881473 0.760562
vt 0.881466 0.737577
vt 0.885348 0.738634
vt 0.885348 0.738634
vt 0.881466 0.737577
vt 0.889300 0.716281
vt 0.885348 0.738634
vt 0.889300 0.716281
vt 0.892949 0.717972
vt 0.093254 0.937696
vt 0.112210 0.937904
vt 0.093583 0.935848
vt 0.093254 0.937696
vt 0.112209 0.939788
vt 0.112210 0.937904
vt 0.075027 0.931501
vt 0.093254 0.937696
vt 0.093583 0.935848
vt 0.075027 0.931501
vt 0.093583 0.935848
vt 0.075671 0.929760
vt 0.058229 0.921441
vt 0.075027 0.931501
vt 0.075671 0.929760
vt 0.058229 0.921441
vt 0.075671 0.929760
vt 0.059164 0.919875
vt 0.043505 0.907903
vt 0.058229 0.921441
vt 0.059164 0.919875
vt 0.043505 0.907903
vt 0.059164 0.919875
vt 0.044696 0.906570
vt 0.031422 0.891406
vt 0.043505 0.907903
vt 0.044696 0.906570
vt 0.031422 0.891406
vt 0.044696 0.906570
vt 0.032822 0.890359
vt 0.022443 0.872585
vt 0.031422 0.891406
vt 0.032822 0.890359
vt 0.022443 0.872585
vt 0.032822 0.890359
vt 0.023998 0.871864
vt 0.016914 0.852163
vt 0.022443 0.872585
vt 0.023998 0.871864
vt 0.016914 0.852163
vt 0.023998 0.871864
vt 0.018565 0.851796
vt 0.015047 0.830925
vt 0.016914 0.852163
vt 0.018565 0.851796
vt 0.015047 0.830925
vt 0.018565 0.851796
vt 0.016731 0.830926
vt 0.016914 0.809687
vt 0.015047 0.830925
vt 0.016731 0.830926
vt 0.016914 0.809687
vt 0.016731 0.830926
vt 0.018565 0.810055
vt 0.022443 0.789265
vt 0.016914 0.809687
vt 0.018565 0.810055
vt 0.022443 0.789265
vt 0.018565 0.810055
vt 0.023998 0.789987
vt 0.031422 0.770444
vt 0.022443 0.789265
vt 0.023998 0.789987
vt 0.031422 0.770444
vt 0.023998 0.789987
vt 0.032822 0.771492
vt 0.043505 0.753947
vt 0.031422 0.770444
vt 0.032822 0.771492
vt 0.043505 0.753947
vt 0.032822 0.771492
vt 0.044696 0.755281
vt 0.058229 0.740408
vt 0.043505 0.753947
vt 0.044696 0.755281
vt 0.058229 0.740408
vt 0.044696 0.755281
vt 0.059164 0.741976
vt 0.075027 0.730348
vt 0.058229 0.740408
vt 0.059164 0.741976
vt 0.075027 0.730348
vt 0.059164 0.741976
vt 0.075671 0.732091
vt 0.093254 0.724153
vt 0.075027 0.730348
vt 0.075671 0.732091
vt 0.093254 0.724153
vt 0.075671 0.732091
vt 0.093583 0.726003
vt 0.112209 0.722062
vt 0.093254 0.724153
vt 0.093583 0.726003
vt 0.112209 0.722062
vt 0.093583 0.726003
vt 0.112210 0.723947
vt 0.944029 0.825473
vt 0.958084 0.834632
vt 0.945359 0.823807
vt 0.944029 0.825473
vt 0.956979 0.836488
vt 0.958084 0.834632
vt 0.956979 0.836488
vt 0.972055 0.843366
vt 0.958084 0.834632
vt 0.956979 0.836488
vt 0.971196 0.845376
vt 0.972055 0.843366
vt 0.932603 0.812548
vt 0.944029 0.825473
vt 0.945359 0.823807
vt 0.932603 0.812548
vt 0.945359 0.823807
vt 0.934131 0.811106
vt 0.922929 0.797970
vt 0.932603 0.812548
vt 0.934131 0.811106
vt 0.922929 0.797970
vt 0.934131 0.811106
vt 0.924624 0.796781
vt 0.915198 0.782030
vt 0.922929 0.797970
vt 0.924624 0.796781
vt 0.915198 0.782030
vt 0.924624 0.796781
vt 0.917027 0.781116
vt 0.909563 0.765042
vt 0.915198 0.782030
vt 0.917027 0.781116
vt 0.909563 0.765042
vt 0.917027 0.781116
vt 0.911490 0.764423
vt 0.906137 0.747344
vt 0.909563 0.765042
vt 0.911490 0.764423
vt 0.906137 0.747344
vt 0.911490 0.764423
vt 0.908123 0.747032
vt 0.904987 0.729288
vt 0.906137 0.747344
vt 0.908123 0.747032
vt 0.904987 0.729288
vt 0.908123 0.747032
vt 0.906993 0.729288
vt 0.906137 0.711232
vt 0.904987 0.729288
vt 0.906993 0.729288
vt 0.906137 0.711232
vt 0.906993 0.729288
vt 0.908123 0.711545
vt 0.909563 0.693534
vt 0.906137 0.711232
vt 0.908123 0.711545
vt 0.909563 0.693534
vt 0.908123 0.711545
vt 0.911489 0.694154
vt 0.915197 0.676546
vt 0.909563 0.693534
vt 0.911489 0.694154
vt 0.915197 0.676546
vt 0.911489 0.694154
vt 0.917026 0.677460
vt 0.922928 0.660605
vt 0.915197 0.676546
vt 0.917026 0.677460
vt 0.922928 0.660605
vt 0.917026 0.677460
vt 0.924624 0.661795
vt 0.932603 0.646028
vt 0.922928 0.660605
vt 0.924624 0.661795
vt 0.932603 0.646028
vt 0.924624 0.661795
vt 0.934130 0.647469
vt 0.944028 0.633102
vt 0.932603 0.646028
vt 0.934130 0.647469
vt 0.944028 0.633102
vt 0.934130 0.647469
vt 0.945358 0.634768
vt 0.956978 0.622086
vt 0.944028 0.633102
vt 0.945358 0.634768
vt 0.956978 0.622086
vt 0.945358 0.634768
vt 0.958084 0.623943
vt 0.971196 0.613198
vt 0.956978 0.622086
vt 0.958084 0.623943
vt 0.971196 0.613198
vt 0.958084 0.623943
vt 0.972055 0.615209
vt 0.907450 0.765773
vt 0.915198 0.782030
vt 0.909563 0.765042
vt 0.907450 0.765773
vt 0.913161 0.782991
vt 0.915198 0.782030
f 1/6748 2/6749 3/6750
f 4/6745 5/6746 6/6747
f 7/6724 8/6725 9/6726
f 10/6721 11/6722 12/6723
f 13/6733 14/6734 15/6735
f 16/6736 17/6737 18/6738
f 19/2908 20/2909 21/2910
f 22/2905 23/2906 24/2907
f 25/2902 26/2903 27/2904
f 28/2899 29/2900 30/2901
f 31/2854 32/2855 33/2856
f 34/2851 35/2852 36/2853
f 37/2842 38/2843 39/2844
f 40/2839 41/2840 42/2841
f 43/2845 44/2846 45/2847
f 46/2848 47/2849 48/2850
f 49/2857 50/2858 51/2859
f 52/2860 53/2861 54/2862
f 55/2914 56/2915 57/2916
f 58/2911 59/2912 60/2913
f 61/2917 62/2918 63/2919
f 64/2920 65/2921 66/2922
f 67/5050 68/5051 69/5052
f 70/5047 71/5048 72/5049
f 73/5038 74/5039 75/5040
f 76/5035 77/5036 78/5037
f 79/5032 80/5033 81/5034
f 82/5029 83/5030 84/5031
f 85/5044 86/5045 87/5046
f 88/5041 89/5042 90/5043
f 91/5053 92/5054 93/5055
f 94/5056 95/5057 96/5058
f 97/5134 98/5135 99/5136
f 100/5131 101/5132 102/5133
f 103/5143 104/5144 105/5145
f 106/5146 107/5147 108/5148
f 109/4033 110/4034 111/4035
f 112/4036 113/4037 114/4038
f 115/4024 116/4025 117/4026
f 118/4021 119/4022 120/4023
f 121/3958 122/3959 123/3960
f 124/3955 125/3956 126/3957
f 127/3946 128/3947 129/3948
f 130/3943 131/3944 132/3945
f 133/3940 134/3941 135/3942
f 136/3937 137/3938 138/3939
f 139/3952 140/3953 141/3954
f 142/3949 143/3950 144/3951
f 145/3967 146/3968 147/3969
f 148/3970 149/3971 150/3972
f 151/4054 152/4055 153/4056
f 154/4051 155/4052 156/4053
f 157/4063 158/4064 159/4065
f 160/4066 161/4067 162/4068
f 163/6826 164/6827 165/6828
f 166/6823 167/6824 168/6825
f 169/6760 170/6761 171/6762
f 172/6757 173/6758 174/6759
f 175/6754 176/6755 177/6756
f 178/6751 179/6752 180/6753
f 181/6730 182/6731 183/6732
f 184/6727 185/6728 186/6729
f 187/5980 188/5981 189/5982
f 190/5971 191/5972 192/5973
f 193/6718 194/6719 195/6720
f 196/6715 197/6716 198/6717
f 199/5605 200/5606 201/5607
f 202/5608 203/5609 204/5610
f 205/3061 206/3062 207/3063
f 208/3064 209/3065 210/3066
f 211/3037 212/3038 213/3039
f 214/3040 215/3041 216/3042
f 217/3007 218/3008 219/3009
f 220/3010 221/3011 222/3012
f 223/2986 224/2987 225/2988
f 226/2965 227/2966 228/2967
f 229/2980 230/2981 231/2982
f 232/2983 233/2984 234/2985
f 235/2974 236/2975 237/2976
f 238/2977 239/2978 240/2979
f 241/2968 242/2969 243/2970
f 244/2971 245/2972 246/2973
f 247/5563 248/5564 249/5565
f 250/5566 251/5567 252/5568
f 253/5497 254/5498 255/5499
f 256/5500 257/5501 258/5502
f 259/5197 260/5198 261/5199
f 262/5200 263/5201 264/5202
f 265/5167 266/5168 267/5169
f 268/5170 269/5171 270/5172
f 271/5254 272/5255 273/5256
f 274/5233 275/5234 276/5235
f 277/5248 278/5249 279/5250
f 280/5251 281/5252 282/5253
f 283/5242 284/5243 285/5244
f 286/5245 287/5246 288/5247
f 289/5236 290/5237 291/5238
f 292/5239 293/5240 294/5241
f 295/5569 296/5570 297/5571
f 298/5572 299/5573 300/5574
f 301/5491 302/5492 303/5493
f 304/5494 305/5495 306/5496
f 307/5359 308/5360 309/5361
f 310/5362 311/5363 312/5364
f 313/5332 314/5333 315/5334
f 316/5329 317/5330 318/5331
f 319/5284 320/5285 321/5286
f 322/5281 323/5282 324/5283
f 325/5290 326/5291 327/5292
f 328/5287 329/5288 330/5289
f 331/5296 332/5297 333/5298
f 334/5293 335/5294 336/5295
f 337/5278 338/5279 339/5280
f 340/5275 341/5276 342/5277
f 343/5575 344/5576 345/5577
f 346/5578 347/5579 348/5580
f 349/5503 350/5504 351/5505
f 352/5506 353/5507 354/5508
f 355/5467 356/5468 357/5469
f 358/5470 359/5471 360/5472
f 361/5440 362/5441 363/5442
f 364/5437 365/5438 366/5439
f 367/5392 368/5393 369/5394
f 370/5389 371/5390 372/5391
f 373/5398 374/5399 375/5400
f 376/5395 377/5396 378/5397
f 379/5404 380/5405 381/5406
f 382/5401 383/5402 384/5403
f 385/5386 386/5387 387/5388
f 388/5383 389/5384 390/5385
f 391/1591 392/1592 393/1593
f 394/1594 395/1595 396/1596
f 397/1531 398/1532 399/1533
f 400/1534 401/1535 402/1536
f 403/1453 404/1454 405/1455
f 406/1456 407/1457 408/1458
f 409/1423 410/1424 411/1425
f 412/1426 413/1427 414/1428
f 415/1387 416/1388 417/1389
f 418/1390 419/1391 420/1392
f 421/1381 422/1382 423/1383
f 424/1384 425/1385 426/1386
f 427/1375 428/1376 429/1377
f 430/1378 431/1379 432/1380
f 433/1369 434/1370 435/1371
f 436/1372 437/1373 438/1374
f 439/1579 440/1580 441/1581
f 442/1582 443/1583 444/1584
f 445/1477 446/1478 447/1479
f 448/1480 449/1481 450/1482
f 451/1345 452/1346 453/1347
f 454/1348 455/1349 456/1350
f 457/1315 458/1316 459/1317
f 460/1318 461/1319 462/1320
f 463/1279 464/1280 465/1281
f 466/1282 467/1283 468/1284
f 469/1273 470/1274 471/1275
f 472/1276 473/1277 474/1278
f 475/1267 476/1268 477/1269
f 478/1270 479/1271 480/1272
f 481/1261 482/1262 483/1263
f 484/1264 485/1265 486/1266
f 487/1573 488/1574 489/1575
f 490/1576 491/1577 492/1578
f 493/1471 494/1472 495/1473
f 496/1474 497/1475 498/1476
f 499/1237 500/1238 501/1239
f 502/1240 503/1241 504/1242
f 505/1207 506/1208 507/1209
f 508/1210 509/1211 510/1212
f 511/1159 512/1160 513/1161
f 514/1156 515/1157 516/1158
f 517/1165 518/1166 519/1167
f 520/1162 521/1163 522/1164
f 523/1171 524/1172 525/1173
f 526/1168 527/1169 528/1170
f 529/1153 530/1154 531/1155
f 532/1174 533/1175 534/1176
f 535/1585 536/1586 537/1587
f 538/1588 539/1589 540/1590
f 541/1492 542/1493 543/1494
f 544/1489 545/1490 546/1491
f 547/1075 548/1076 549/1077
f 550/1078 551/1079 552/1080
f 553/1048 554/1049 555/1050
f 556/1045 557/1046 558/1047
f 559/1114 560/1115 561/1116
f 562/1111 563/1112 564/1113
f 565/1120 566/1121 567/1122
f 568/1117 569/1118 570/1119
f 571/1126 572/1127 573/1128
f 574/1123 575/1124 576/1125
f 577/1132 578/1133 579/1134
f 580/1129 581/1130 582/1131
f 583/3625 584/3626 585/3627
f 586/3628 587/3629 588/3630
f 589/3529 590/3530 591/3531
f 592/3532 593/3533 594/3534
f 595/3115 596/3116 597/3117
f 598/3118 599/3119 600/3120
f 601/3091 602/3092 603/3093
f 604/3094 605/3095 606/3096
f 607/3172 608/3173 609/3174
f 610/3151 611/3152 612/3153
f 613/3166 614/3167 615/3168
f 616/3169 617/3170 618/3171
f 619/3160 620/3161 621/3162
f 622/3163 623/3164 624/3165
f 625/3154 626/3155 627/3156
f 628/3157 629/3158 630/3159
f 631/3613 632/3614 633/3615
f 634/3616 635/3617 636/3618
f 637/3517 638/3518 639/3519
f 640/3520 641/3521 642/3522
f 643/3277 644/3278 645/3279
f 646/3280 647/3281 648/3282
f 649/3247 650/3248 651/3249
f 652/3250 653/3251 654/3252
f 655/3208 656/3209 657/3210
f 658/3211 659/3212 660/3213
f 661/3202 662/3203 663/3204
f 664/3205 665/3206 666/3207
f 667/3196 668/3197 669/3198
f 670/3199 671/3200 672/3201
f 673/3214 674/3215 675/3216
f 676/3193 677/3194 678/3195
f 679/3622 680/3623 681/3624
f 682/3619 683/3620 684/3621
f 685/3523 686/3524 687/3525
f 688/3526 689/3527 690/3528
f 691/3385 692/3386 693/3387
f 694/3388 695/3389 696/3390
f 697/3355 698/3356 699/3357
f 700/3358 701/3359 702/3360
f 703/3310 704/3311 705/3312
f 706/3307 707/3308 708/3309
f 709/3316 710/3317 711/3318
f 712/3313 713/3314 714/3315
f 715/3322 716/3323 717/3324
f 718/3319 719/3320 720/3321
f 721/3304 722/3305 723/3306
f 724/3301 725/3302 726/3303
f 727/3631 728/3632 729/3633
f 730/3634 731/3635 732/3636
f 733/3574 734/3575 735/3576
f 736/3571 737/3572 738/3573
f 739/3493 740/3494 741/3495
f 742/3496 743/3497 744/3498
f 745/3463 746/3464 747/3465
f 748/3466 749/3467 750/3468
f 751/3418 752/3419 753/3420
f 754/3415 755/3416 756/3417
f 757/3424 758/3425 759/3426
f 760/3421 761/3422 762/3423
f 763/3430 764/3431 765/3432
f 766/3427 767/3428 768/3429
f 769/3412 770/3413 771/3414
f 772/3409 773/3410 774/3411
f 775/919 776/920 777/921
f 778/922 779/923 780/924
f 781/859 782/860 783/861
f 784/862 785/863 786/864
f 787/781 788/782 789/783
f 790/784 791/785 792/786
f 793/751 794/752 795/753
f 796/754 797/755 798/756
f 799/715 800/716 801/717
f 802/718 803/719 804/720
f 805/709 806/710 807/711
f 808/712 809/713 810/714
f 811/703 812/704 813/705
f 814/706 815/707 816/708
f 817/697 818/698 819/699
f 820/700 821/701 822/702
f 823/907 824/908 825/909
f 826/910 827/911 828/912
f 829/805 830/806 831/807
f 832/808 833/809 834/810
f 835/673 836/674 837/675
f 838/676 839/677 840/678
f 841/643 842/644 843/645
f 844/646 845/647 846/648
f 847/607 848/608 849/609
f 850/610 851/611 852/612
f 853/601 854/602 855/603
f 856/604 857/605 858/606
f 859/595 860/596 861/597
f 862/598 863/599 864/600
f 865/589 866/590 867/591
f 868/592 869/593 870/594
f 871/901 872/902 873/903
f 874/904 875/905 876/906
f 877/799 878/800 879/801
f 880/802 881/803 882/804
f 883/565 884/566 885/567
f 886/568 887/569 888/570
f 889/535 890/536 891/537
f 892/538 893/539 894/540
f 895/487 896/488 897/489
f 898/484 899/485 900/486
f 901/493 902/494 903/495
f 904/490 905/491 906/492
f 907/499 908/500 909/501
f 910/496 911/497 912/498
f 913/481 914/482 915/483
f 916/502 917/503 918/504
f 919/913 920/914 921/915
f 922/916 923/917 924/918
f 925/817 926/818 927/819
f 928/820 929/821 930/822
f 931/403 932/404 933/405
f 934/406 935/407 936/408
f 937/379 938/380 939/381
f 940/382 941/383 942/384
f 943/442 944/443 945/444
f 946/439 947/440 948/441
f 949/448 950/449 951/450
f 952/445 953/446 954/447
f 955/454 956/455 957/456
f 958/451 959/452 960/453
f 961/460 962/461 963/462
f 964/457 965/458 966/459
f 967/4753 968/4754 969/4755
f 970/4756 971/4757 972/4758
f 973/4519 974/4520 975/4521
f 976/4522 977/4523 978/4524
f 979/4345 980/4346 981/4347
f 982/4348 983/4349 984/4350
f 985/4237 986/4238 987/4239
f 988/4240 989/4241 990/4242
f 991/4201 992/4202 993/4203
f 994/4204 995/4205 996/4206
f 997/4195 998/4196 999/4197
f 1000/4198 1001/4199 1002/4200
f 1003/4189 1004/4190 1005/4191
f 1006/4192 1007/4193 1008/4194
f 1009/4183 1010/4184 1011/4185
f 1012/4186 1013/4187 1014/4188
f 1015/4741 1016/4742 1017/4743
f 1018/4744 1019/4745 1020/4746
f 1021/4507 1022/4508 1023/4509
f 1024/4510 1025/4511 1026/4512
f 1027/4105 1028/4106 1029/4107
f 1030/4108 1031/4109 1032/4110
f 1033/4081 1034/4082 1035/4083
f 1036/4084 1037/4085 1038/4086
f 1039/4162 1040/4163 1041/4164
f 1042/4141 1043/4142 1044/4143
f 1045/4156 1046/4157 1047/4158
f 1048/4159 1049/4160 1050/4161
f 1051/4150 1052/4151 1053/4152
f 1054/4153 1055/4154 1056/4155
f 1057/4144 1058/4145 1059/4146
f 1060/4147 1061/4148 1062/4149
f 1063/4735 1064/4736 1065/4737
f 1066/4738 1067/4739 1068/4740
f 1069/4513 1070/4514 1071/4515
f 1072/4516 1073/4517 1074/4518
f 1075/4363 1076/4364 1077/4365
f 1078/4366 1079/4367 1080/4368
f 1081/4321 1082/4322 1083/4323
f 1084/4324 1085/4325 1086/4326
f 1087/4276 1088/4277 1089/4278
f 1090/4273 1091/4274 1092/4275
f 1093/4282 1094/4283 1095/4284
f 1096/4279 1097/4280 1098/4281
f 1099/4288 1100/4289 1101/4290
f 1102/4285 1103/4286 1104/4287
f 1105/4270 1106/4271 1107/4272
f 1108/4267 1109/4268 1110/4269
f 1111/4747 1112/4748 1113/4749
f 1114/4750 1115/4751 1116/4752
f 1117/4564 1118/4565 1119/4566
f 1120/4561 1121/4562 1122/4563
f 1123/4483 1124/4484 1125/4485
f 1126/4486 1127/4487 1128/4488
f 1129/4456 1130/4457 1131/4458
f 1132/4453 1133/4454 1134/4455
f 1135/4408 1136/4409 1137/4410
f 1138/4405 1139/4406 1140/4407
f 1141/4414 1142/4415 1143/4416
f 1144/4411 1145/4412 1146/4413
f 1147/4420 1148/4421 1149/4422
f 1150/4417 1151/4418 1152/4419
f 1153/4402 1154/4403 1155/4404
f 1156/4399 1157/4400 1158/4401
f 1159/4780 1160/4781 1161/4782
f 1162/4777 1163/4778 1164/4779
f 1165/4711 1166/4712 1167/4713
f 1168/4714 1169/4715 1170/4716
f 1171/4663 1172/4664 1173/4665
f 1174/4666 1175/4667 1176/4668
f 1177/4642 1178/4643 1179/4644
f 1180/4639 1181/4640 1182/4641
f 1183/4615 1184/4616 1185/4617
f 1186/4618 1187/4619 1188/4620
f 1189/4609 1190/4610 1191/4611
f 1192/4612 1193/4613 1194/4614
f 1195/4603 1196/4604 1197/4605
f 1198/4606 1199/4607 1200/4608
f 1201/4597 1202/4598 1203/4599
f 1204/4600 1205/4601 1206/4602
f 1207/2545 1208/2546 1209/2547
f 1210/2548 1211/2549 1212/2550
f 1213/2449 1214/2450 1215/2451
f 1216/2452 1217/2453 1218/2454
f 1219/2401 1220/2402 1221/2403
f 1222/2404 1223/2405 1224/2406
f 1225/2371 1226/2372 1227/2373
f 1228/2374 1229/2375 1230/2376
f 1231/2335 1232/2336 1233/2337
f 1234/2338 1235/2339 1236/2340
f 1237/2329 1238/2330 1239/2331
f 1240/2332 1241/2333 1242/2334
f 1243/2323 1244/2324 1245/2325
f 1246/2326 1247/2327 1248/2328
f 1249/2317 1250/2318 1251/2319
f 1252/2320 1253/2321 1254/2322
f 1255/2503 1256/2504 1257/2505
f 1258/2506 1259/2507 1260/2508
f 1261/2293 1262/2294 1263/2295
f 1264/2296 1265/2297 1266/2298
f 1267/1981 1268/1982 1269/1983
f 1270/1984 1271/1985 1272/1986
f 1273/1939 1274/1940 1275/1941
f 1276/1942 1277/1943 1278/1944
f 1279/1891 1280/1892 1281/1893
f 1282/1888 1283/1889 1284/1890
f 1285/1897 1286/1898 1287/1899
f 1288/1894 1289/1895 1290/1896
f 1291/1903 1292/1904 1293/1905
f 1294/1900 1295/1901 1296/1902
f 1297/1885 1298/1886 1299/1887
f 1300/1906 1301/1907 1302/1908
f 1303/2491 1304/2492 1305/2493
f 1306/2494 1307/2495 1308/2496
f 1309/2137 1310/2138 1311/2139
f 1312/2140 1313/2141 1314/2142
f 1315/1729 1316/1730 1317/1731
f 1318/1732 1319/1733 1320/1734
f 1321/1699 1322/1700 1323/1701
f 1324/1702 1325/1703 1326/1704
f 1327/1768 1328/1769 1329/1770
f 1330/1765 1331/1766 1332/1767
f 1333/1774 1334/1775 1335/1776
f 1336/1771 1337/1772 1338/1773
f 1339/1780 1340/1781 1341/1782
f 1342/1777 1343/1778 1344/1779
f 1345/1786 1346/1787 1347/1788
f 1348/1783 1349/1784 1350/1785
f 1351/2485 1352/2486 1353/2487
f 1354/2488 1355/2489 1356/2490
f 1357/2131 1358/2132 1359/2133
f 1360/2134 1361/2135 1362/2136
f 1363/1978 1364/1979 1365/1980
f 1366/1975 1367/1976 1368/1977
f 1369/1861 1370/1862 1371/1863
f 1372/1864 1373/1865 1374/1866
f 1375/1822 1376/1823 1377/1824
f 1378/1825 1379/1826 1380/1827
f 1381/1816 1382/1817 1383/1818
f 1384/1819 1385/1820 1386/1821
f 1387/1810 1388/1811 1389/1812
f 1390/1813 1391/1814 1392/1815
f 1393/1828 1394/1829 1395/1830
f 1396/1807 1397/1808 1398/1809
f 1399/2497 1400/2498 1401/2499
f 1402/2500 1403/2501 1404/2502
f 1405/2146 1406/2147 1407/2148
f 1408/2143 1409/2144 1410/2145
f 1411/2107 1412/2108 1413/2109
f 1414/2110 1415/2111 1416/2112
f 1417/2080 1418/2081 1419/2082
f 1420/2077 1421/2078 1422/2079
f 1423/2032 1424/2033 1425/2034
f 1426/2035 1427/2036 1428/2037
f 1429/2038 1430/2039 1431/2040
f 1432/2029 1433/2030 1434/2031
f 1435/2044 1436/2045 1437/2046
f 1438/2041 1439/2042 1440/2043
f 1441/2026 1442/2027 1443/2028
f 1444/2023 1445/2024 1446/2025
f 1447/2542 1448/2543 1449/2544
f 1450/2539 1451/2540 1452/2541
f 1453/2299 1454/2300 1455/2301
f 1456/2302 1457/2303 1458/2304
f 1459/2236 1460/2237 1461/2238
f 1462/2233 1463/2234 1464/2235
f 1465/2203 1466/2204 1467/2205
f 1468/2206 1469/2207 1470/2208
f 1471/2158 1472/2159 1473/2160
f 1474/2155 1475/2156 1476/2157
f 1477/2164 1478/2165 1479/2166
f 1480/2161 1481/2162 1482/2163
f 1483/2170 1484/2171 1485/2172
f 1486/2167 1487/2168 1488/2169
f 1489/2152 1490/2153 1491/2154
f 1492/2149 1493/2150 1494/2151
f 1495/6499 1496/6500 1497/6501
f 1498/6502 1499/6503 1500/6504
f 1501/6439 1502/6440 1503/6441
f 1504/6442 1505/6443 1506/6444
f 1507/6391 1508/6392 1509/6393
f 1510/6394 1511/6395 1512/6396
f 1513/6361 1514/6362 1515/6363
f 1516/6364 1517/6365 1518/6366
f 1519/6313 1520/6314 1521/6315
f 1522/6310 1523/6311 1524/6312
f 1525/6319 1526/6320 1527/6321
f 1528/6316 1529/6317 1530/6318
f 1531/6325 1532/6326 1533/6327
f 1534/6322 1535/6323 1536/6324
f 1537/6307 1538/6308 1539/6309
f 1540/6328 1541/6329 1542/6330
f 1543/6475 1544/6476 1545/6477
f 1546/6478 1547/6479 1548/6480
f 1549/6289 1550/6290 1551/6291
f 1552/6292 1553/6293 1554/6294
f 1555/6211 1556/6212 1557/6213
f 1558/6214 1559/6215 1560/6216
f 1561/6181 1562/6182 1563/6183
f 1564/6184 1565/6185 1566/6186
f 1567/6133 1568/6134 1569/6135
f 1570/6136 1571/6137 1572/6138
f 1573/6139 1574/6140 1575/6141
f 1576/6130 1577/6131 1578/6132
f 1579/6145 1580/6146 1581/6147
f 1582/6142 1583/6143 1584/6144
f 1585/6127 1586/6128 1587/6129
f 1588/6148 1589/6149 1590/6150
f 1591/6463 1592/6464 1593/6465
f 1594/6466 1595/6467 1596/6468
f 1597/6235 1598/6236 1599/6237
f 1600/6238 1601/6239 1602/6240
f 1603/6103 1604/6104 1605/6105
f 1606/6106 1607/6107 1608/6108
f 1609/6073 1610/6074 1611/6075
f 1612/6076 1613/6077 1614/6078
f 1615/6025 1616/6026 1617/6027
f 1618/6022 1619/6023 1620/6024
f 1621/6031 1622/6032 1623/6033
f 1624/6028 1625/6029 1626/6030
f 1627/6037 1628/6038 1629/6039
f 1630/6034 1631/6035 1632/6036
f 1633/6019 1634/6020 1635/6021
f 1636/6040 1637/6041 1638/6042
f 1639/6469 1640/6470 1641/6471
f 1642/6472 1643/6473 1644/6474
f 1645/6229 1646/6230 1647/6231
f 1648/6232 1649/6233 1650/6234
f 1651/5833 1652/5834 1653/5835
f 1654/5836 1655/5837 1656/5838
f 1657/5809 1658/5810 1659/5811
f 1660/5812 1661/5813 1662/5814
f 1663/5872 1664/5873 1665/5874
f 1666/5869 1667/5870 1668/5871
f 1669/5878 1670/5879 1671/5880
f 1672/5875 1673/5876 1674/5877
f 1675/5884 1676/5885 1677/5886
f 1678/5881 1679/5882 1680/5883
f 1681/5890 1682/5891 1683/5892
f 1684/5887 1685/5888 1686/5889
f 1687/6481 1688/6482 1689/6483
f 1690/6484 1691/6485 1692/6486
f 1693/6250 1694/6251 1695/6252
f 1696/6247 1697/6248 1698/6249
f 1699/5995 1700/5996 1701/5997
f 1702/5998 1703/5999 1704/6000
f 1705/5959 1706/5960 1707/5961
f 1708/5962 1709/5963 1710/5964
f 1711/5920 1712/5921 1713/5922
f 1714/5923 1715/5924 1716/5925
f 1717/5914 1718/5915 1719/5916
f 1720/5917 1721/5918 1722/5919
f 1723/5908 1724/5909 1725/5910
f 1726/5911 1727/5912 1728/5913
f 1729/5926 1730/5927 1731/5928
f 1732/5905 1733/5906 1734/5907
f 1735/2992 1736/2993 1737/2994
f 1738/2989 1739/2990 1740/2991
f 1741/5260 1742/5261 1743/5262
f 1744/5257 1745/5258 1746/5259
f 1747/5302 1748/5303 1749/5304
f 1750/5299 1751/5300 1752/5301
f 1753/5410 1754/5411 1755/5412
f 1756/5407 1757/5408 1758/5409
f 1759/1396 1760/1397 1761/1398
f 1762/1393 1763/1394 1764/1395
f 1765/1285 1766/1286 1767/1287
f 1768/1288 1769/1289 1770/1290
f 1771/1180 1772/1181 1773/1182
f 1774/1177 1775/1178 1776/1179
f 1777/1138 1778/1139 1779/1140
f 1780/1135 1781/1136 1782/1137
f 1783/3178 1784/3179 1785/3180
f 1786/3175 1787/3176 1788/3177
f 1789/3220 1790/3221 1791/3222
f 1792/3217 1793/3218 1794/3219
f 1795/3328 1796/3329 1797/3330
f 1798/3325 1799/3326 1800/3327
f 1801/3436 1802/3437 1803/3438
f 1804/3433 1805/3434 1806/3435
f 1807/721 1808/722 1809/723
f 1810/724 1811/725 1812/726
f 1813/613 1814/614 1815/615
f 1816/616 1817/617 1818/618
f 1819/508 1820/509 1821/510
f 1822/505 1823/506 1824/507
f 1825/466 1826/467 1827/468
f 1828/463 1829/464 1830/465
f 1831/4210 1832/4211 1833/4212
f 1834/4207 1835/4208 1836/4209
f 1837/4168 1838/4169 1839/4170
f 1840/4165 1841/4166 1842/4167
f 1843/4294 1844/4295 1845/4296
f 1846/4291 1847/4292 1848/4293
f 1849/4426 1850/4427 1851/4428
f 1852/4423 1853/4424 1854/4425
f 1855/4588 1856/4589 1857/4590
f 1858/4585 1859/4586 1860/4587
f 1861/2344 1862/2345 1863/2346
f 1864/2341 1865/2342 1866/2343
f 1867/1912 1868/1913 1869/1914
f 1870/1909 1871/1910 1872/1911
f 1873/1792 1874/1793 1875/1794
f 1876/1789 1877/1790 1878/1791
f 1879/1834 1880/1835 1881/1836
f 1882/1831 1883/1832 1884/1833
f 1885/2050 1886/2051 1887/2052
f 1888/2047 1889/2048 1890/2049
f 1891/2176 1892/2177 1893/2178
f 1894/2173 1895/2174 1896/2175
f 1897/6334 1898/6335 1899/6336
f 1900/6331 1901/6332 1902/6333
f 1903/6151 1904/6152 1905/6153
f 1906/6154 1907/6155 1908/6156
f 1909/6043 1910/6044 1911/6045
f 1912/6046 1913/6047 1914/6048
f 1915/5896 1916/5897 1917/5898
f 1918/5893 1919/5894 1920/5895
f 1921/5932 1922/5933 1923/5934
f 1924/5929 1925/5930 1926/5931
f 1927/5695 1928/5696 1929/5697
f 1930/5698 1931/5699 1932/5700
f 1933/5620 1934/5621 1935/5622
f 1936/5617 1937/5618 1938/5619
f 1939/6889 1940/6890 1941/6891
f 1942/6892 1943/6893 1944/6894
f 1945/6883 1946/6884 1947/6885
f 1948/6886 1949/6887 1950/6888
f 1951/6877 1952/6878 1953/6879
f 1954/6880 1955/6881 1956/6882
f 1957/6871 1958/6872 1959/6873
f 1960/6874 1961/6875 1962/6876
f 1963/6868 1964/6869 1965/6870
f 1966/6865 1967/6866 1968/6867
f 1969/3745 1970/3746 1971/3747
f 1972/3748 1973/3749 1974/3750
f 1975/3712 1976/3713 1977/3714
f 1978/3709 1979/3710 1980/3711
f 1981/3664 1982/3665 1983/3666
f 1984/3661 1985/3662 1986/3663
f 1987/3721 1988/3722 1989/3723
f 1990/3724 1991/3725 1992/3726
f 1993/6859 1994/6860 1995/6861
f 1996/6862 1997/6863 1998/6864
f 1999/6853 2000/6854 2001/6855
f 2002/6856 2003/6857 2004/6858
f 2005/6847 2006/6848 2007/6849
f 2008/6850 2009/6851 2010/6852
f 2011/6841 2012/6842 2013/6843
f 2014/6844 2015/6845 2016/6846
f 2017/6838 2018/6839 2019/6840
f 2020/6835 2021/6836 2022/6837
f 2023/1006 2024/1007 2025/1008
f 2026/1003 2027/1004 2028/1005
f 2029/4828 2030/4829 2031/4830
f 2032/4825 2033/4826 2034/4827
f 2035/4786 2036/4787 2037/4788
f 2038/4783 2039/4784 2040/4785
f 2041/4843 2042/4844 2043/4845
f 2044/4846 2045/4847 2046/4848
f 2047/2947 2048/2948 2049/2949
f 2050/2950 2051/2951 2052/2952
f 2053/2830 2054/2831 2055/2832
f 2056/2827 2057/2828 2058/2829
f 2059/2629 2060/2630 2061/2631
f 2062/2632 2063/2633 2064/2634
f 2065/2569 2066/2570 2067/2571
f 2068/2572 2069/2573 2070/2574
f 2071/2554 2072/2555 2073/2556
f 2074/2551 2075/2552 2076/2553
f 2077/2620 2078/2621 2079/2622
f 2080/2617 2081/2618 2082/2619
f 2083/2800 2084/2801 2085/2802
f 2086/2797 2087/2798 2088/2799
f 2089/6739 2090/6740 2091/6741
f 2092/6742 2093/6743 2094/6744
f 2095/6565 2096/6566 2097/6567
f 2098/6568 2099/6569 2100/6570
f 2101/6508 2102/6509 2103/6510
f 2104/6505 2105/6506 2106/6507
f 2107/6661 2108/6662 2109/6663
f 2110/6664 2111/6665 2112/6666
f 2113/5722 2114/5723 2115/5724
f 2116/5719 2117/5720 2118/5721
f 2119/6646 2120/6647 2121/6648
f 2122/6649 2123/6650 2124/6651
f 2125/5677 2126/5678 2127/5679
f 2128/5680 2129/5681 2130/5682
f 2131/5668 2132/5669 2133/5670
f 2134/5665 2135/5666 2136/5667
f 2137/5692 2138/5693 2139/5694
f 2140/5689 2141/5690 2142/5691
f 2143/3925 2144/3926 2145/3927
f 2146/3928 2147/3929 2148/3930
f 2149/3913 2150/3914 2151/3915
f 2152/3910 2153/3911 2154/3912
f 2155/3826 2156/3827 2157/3828
f 2158/3823 2159/3824 2160/3825
f 2161/3793 2162/3794 2163/3795
f 2164/3796 2165/3797 2166/3798
f 2167/3772 2168/3773 2169/3774
f 2170/3769 2171/3770 2172/3771
f 2173/3760 2174/3761 2175/3762
f 2176/3757 2177/3758 2178/3759
f 2179/3778 2180/3779 2181/3780
f 2182/3781 2183/3782 2184/3783
f 2185/3802 2186/3803 2187/3804
f 2188/3799 2189/3800 2190/3801
f 2191/3850 2192/3851 2193/3852
f 2194/3847 2195/3848 2196/3849
f 2197/5059 2198/5060 2199/5061
f 2200/5062 2201/5063 2202/5064
f 2203/4969 2204/4970 2205/4971
f 2206/4978 2207/4979 2208/4980
f 2209/4921 2210/4922 2211/4923
f 2212/4930 2213/4931 2214/4932
f 2215/4915 2216/4916 2217/4917
f 2218/4918 2219/4919 2220/4920
f 2221/4879 2222/4880 2223/4881
f 2224/4876 2225/4877 2226/4878
f 2227/4870 2228/4871 2229/4872
f 2230/4867 2231/4868 2232/4869
f 2233/4894 2234/4895 2235/4896
f 2236/4885 2237/4886 2238/4887
f 2239/4906 2240/4907 2241/4908
f 2242/4903 2243/4904 2244/4905
f 2245/2713 2246/2714 2247/2715
f 2248/2710 2249/2711 2250/2712
f 2251/2674 2252/2675 2253/2676
f 2254/2677 2255/2678 2256/2679
f 2257/2653 2258/2654 2259/2655
f 2260/2650 2261/2651 2262/2652
f 2263/2644 2264/2645 2265/2646
f 2266/2641 2267/2642 2268/2643
f 2269/2662 2270/2663 2271/2664
f 2272/2665 2273/2666 2274/2667
f 2275/2698 2276/2699 2277/2700
f 2278/2695 2279/2696 2280/2697
f 2281/6619 2282/6620 2283/6621
f 2284/6616 2285/6617 2286/6618
f 2287/6607 2288/6608 2289/6609
f 2290/6610 2291/6611 2292/6612
f 2293/6586 2294/6587 2295/6588
f 2296/6583 2297/6584 2298/6585
f 2299/6598 2300/6599 2301/6600
f 2302/6595 2303/6596 2304/6597
f 2305/6628 2306/6629 2307/6630
f 2308/6631 2309/6632 2310/6633
f 2311/5986 2312/5987 2313/5988
f 2314/5983 2315/5984 2316/5985
f 2317/5968 2318/5969 2319/5970
f 2320/5965 2321/5966 2322/5967
f 2323/6091 2324/6092 2325/6093
f 2326/6094 2327/6095 2328/6096
f 2329/6202 2330/6203 2331/6204
f 2332/6199 2333/6200 2334/6201
f 2335/6379 2336/6380 2337/6381
f 2338/6382 2339/6383 2340/6384
f 2341/2224 2342/2225 2343/2226
f 2344/2221 2345/2222 2346/2223
f 2347/2098 2348/2099 2349/2100
f 2350/2095 2351/2096 2352/2097
f 2353/1882 2354/1883 2355/1884
f 2356/1879 2357/1880 2358/1881
f 2359/1804 2360/1805 2361/1806
f 2362/1801 2363/1802 2364/1803
f 2365/1960 2366/1961 2367/1962
f 2368/1957 2369/1958 2370/1959
f 2371/2389 2372/2390 2373/2391
f 2374/2392 2375/2393 2376/2394
f 2377/4594 2378/4595 2379/4596
f 2380/4591 2381/4592 2382/4593
f 2383/4474 2384/4475 2385/4476
f 2386/4471 2387/4472 2388/4473
f 2389/4342 2390/4343 2391/4344
f 2392/4339 2393/4340 2394/4341
f 2395/4180 2396/4181 2397/4182
f 2398/4177 2399/4178 2400/4179
f 2401/4258 2402/4259 2403/4260
f 2404/4255 2405/4256 2406/4257
f 2407/478 2408/479 2409/480
f 2410/475 2411/476 2412/477
f 2413/556 2414/557 2415/558
f 2416/553 2417/554 2418/555
f 2419/661 2420/662 2421/663
f 2422/664 2423/665 2424/666
f 2425/772 2426/773 2427/774
f 2428/769 2429/770 2430/771
f 2431/3484 2432/3485 2433/3486
f 2434/3481 2435/3482 2436/3483
f 2437/3376 2438/3377 2439/3378
f 2440/3373 2441/3374 2442/3375
f 2443/3268 2444/3269 2445/3270
f 2446/3265 2447/3266 2448/3267
f 2449/3190 2450/3191 2451/3192
f 2452/3187 2453/3188 2454/3189
f 2455/1150 2456/1151 2457/1152
f 2458/1147 2459/1148 2460/1149
f 2461/1228 2462/1229 2463/1230
f 2464/1225 2465/1226 2466/1227
f 2467/1333 2468/1334 2469/1335
f 2470/1336 2471/1337 2472/1338
f 2473/1444 2474/1445 2475/1446
f 2476/1441 2477/1442 2478/1443
f 2479/5458 2480/5459 2481/5460
f 2482/5455 2483/5456 2484/5457
f 2485/5350 2486/5351 2487/5352
f 2488/5347 2489/5348 2490/5349
f 2491/5272 2492/5273 2493/5274
f 2494/5269 2495/5270 2496/5271
f 2497/3034 2498/3035 2499/3036
f 2500/3031 2501/3032 2502/3033
f 2503/2998 2504/2999 2505/3000
f 2506/2995 2507/2996 2508/2997
f 2509/5266 2510/5267 2511/5268
f 2512/5263 2513/5264 2514/5265
f 2515/5308 2516/5309 2517/5310
f 2518/5305 2519/5306 2520/5307
f 2521/5416 2522/5417 2523/5418
f 2524/5413 2525/5414 2526/5415
f 2527/1402 2528/1403 2529/1404
f 2530/1399 2531/1400 2532/1401
f 2533/1294 2534/1295 2535/1296
f 2536/1291 2537/1292 2538/1293
f 2539/1186 2540/1187 2541/1188
f 2542/1183 2543/1184 2544/1185
f 2545/1144 2546/1145 2547/1146
f 2548/1141 2549/1142 2550/1143
f 2551/3184 2552/3185 2553/3186
f 2554/3181 2555/3182 2556/3183
f 2557/3226 2558/3227 2559/3228
f 2560/3223 2561/3224 2562/3225
f 2563/3334 2564/3335 2565/3336
f 2566/3331 2567/3332 2568/3333
f 2569/3442 2570/3443 2571/3444
f 2572/3439 2573/3440 2574/3441
f 2575/727 2576/728 2577/729
f 2578/730 2579/731 2580/732
f 2581/622 2582/623 2583/624
f 2584/619 2585/620 2586/621
f 2587/511 2588/512 2589/513
f 2590/514 2591/515 2592/516
f 2593/472 2594/473 2595/474
f 2596/469 2597/470 2598/471
f 2599/4213 2600/4214 2601/4215
f 2602/4216 2603/4217 2604/4218
f 2605/4174 2606/4175 2607/4176
f 2608/4171 2609/4172 2610/4173
f 2611/4300 2612/4301 2613/4302
f 2614/4297 2615/4298 2616/4299
f 2617/4432 2618/4433 2619/4434
f 2620/4429 2621/4430 2622/4431
f 2623/4582 2624/4583 2625/4584
f 2626/4579 2627/4580 2628/4581
f 2629/2350 2630/2351 2631/2352
f 2632/2347 2633/2348 2634/2349
f 2635/1918 2636/1919 2637/1920
f 2638/1915 2639/1916 2640/1917
f 2641/1798 2642/1799 2643/1800
f 2644/1795 2645/1796 2646/1797
f 2647/1840 2648/1841 2649/1842
f 2650/1837 2651/1838 2652/1839
f 2653/2056 2654/2057 2655/2058
f 2656/2053 2657/2054 2658/2055
f 2659/2182 2660/2183 2661/2184
f 2662/2179 2663/2180 2664/2181
f 2665/6340 2666/6341 2667/6342
f 2668/6337 2669/6338 2670/6339
f 2671/6160 2672/6161 2673/6162
f 2674/6157 2675/6158 2676/6159
f 2677/6049 2678/6050 2679/6051
f 2680/6052 2681/6053 2682/6054
f 2683/5902 2684/5903 2685/5904
f 2686/5899 2687/5900 2688/5901
f 2689/5938 2690/5939 2691/5940
f 2692/5935 2693/5936 2694/5937
f 2695/6538 2696/6539 2697/6540
f 2698/6535 2699/6536 2700/6537
f 2701/6526 2702/6527 2703/6528
f 2704/6523 2705/6524 2706/6525
f 2707/6520 2708/6521 2709/6522
f 2710/6517 2711/6518 2712/6519
f 2713/6529 2714/6530 2715/6531
f 2716/6532 2717/6533 2718/6534
f 2719/2686 2720/2687 2721/2688
f 2722/2683 2723/2684 2724/2685
f 2725/2602 2726/2603 2727/2604
f 2728/2599 2729/2600 2730/2601
f 2731/2584 2732/2585 2733/2586
f 2734/2581 2735/2582 2736/2583
f 2737/2578 2738/2579 2739/2580
f 2740/2575 2741/2576 2742/2577
f 2743/2587 2744/2588 2745/2589
f 2746/2590 2747/2591 2748/2592
f 2749/2593 2750/2594 2751/2595
f 2752/2596 2753/2597 2754/2598
f 2755/2605 2756/2606 2757/2607
f 2758/2608 2759/2609 2760/2610
f 2761/2719 2762/2720 2763/2721
f 2764/2722 2765/2723 2766/2724
f 2767/4810 2768/4811 2769/4812
f 2770/4807 2771/4808 2772/4809
f 2773/4798 2774/4799 2775/4800
f 2776/4795 2777/4796 2778/4797
f 2779/4801 2780/4802 2781/4803
f 2782/4804 2783/4805 2784/4806
f 2785/4813 2786/4814 2787/4815
f 2788/4816 2789/4817 2790/4818
f 2791/4831 2792/4832 2793/4833
f 2794/4834 2795/4835 2796/4836
f 2797/4933 2798/4934 2799/4935
f 2800/4936 2801/4937 2802/4938
f 2803/5011 2804/5012 2805/5013
f 2806/5014 2807/5015 2808/5016
f 2809/3736 2810/3737 2811/3738
f 2812/3733 2813/3734 2814/3735
f 2815/3700 2816/3701 2817/3702
f 2818/3697 2819/3698 2820/3699
f 2821/3688 2822/3689 2823/3690
f 2824/3685 2825/3686 2826/3687
f 2827/3676 2828/3677 2829/3678
f 2830/3673 2831/3674 2832/3675
f 2833/3679 2834/3680 2835/3681
f 2836/3682 2837/3683 2838/3684
f 2839/3691 2840/3692 2841/3693
f 2842/3694 2843/3695 2844/3696
f 2845/3727 2846/3728 2847/3729
f 2848/3730 2849/3731 2850/3732
f 2851/3835 2852/3836 2853/3837
f 2854/3838 2855/3839 2856/3840
f 2857/5650 2858/5651 2859/5652
f 2860/5647 2861/5648 2862/5649
f 2863/5644 2864/5645 2865/5646
f 2866/5641 2867/5642 2868/5643
f 2869/5638 2870/5639 2871/5640
f 2872/5635 2873/5636 2874/5637
f 2875/6640 2876/6641 2877/6642
f 2878/6637 2879/6638 2880/6639
f 2881/6550 2882/6551 2883/6552
f 2884/6547 2885/6548 2886/6549
f 2887/5593 2888/5594 2889/5595
f 2890/5596 2891/5597 2892/5598
f 2893/5611 2894/5612 2895/5613
f 2896/5614 2897/5615 2898/5616
f 2899/6490 2900/6491 2901/6492
f 2902/6487 2903/6488 2904/6489
f 2905/6493 2906/6494 2907/6495
f 2908/6496 2909/6497 2910/6498
f 2911/2806 2912/2807 2913/2808
f 2914/2803 2915/2804 2916/2805
f 2917/2794 2918/2795 2919/2796
f 2920/2791 2921/2792 2922/2793
f 2923/2530 2924/2531 2925/2532
f 2926/2527 2927/2528 2928/2529
f 2929/2518 2930/2519 2931/2520
f 2932/2515 2933/2516 2934/2517
f 2935/2524 2936/2525 2937/2526
f 2938/2521 2939/2522 2940/2523
f 2941/2533 2942/2534 2943/2535
f 2944/2536 2945/2537 2946/2538
f 2947/2824 2948/2825 2949/2826
f 2950/2821 2951/2822 2952/2823
f 2953/2833 2954/2834 2955/2835
f 2956/2836 2957/2837 2958/2838
f 2959/4774 2960/4775 2961/4776
f 2962/4771 2963/4772 2964/4773
f 2965/4762 2966/4763 2967/4764
f 2968/4759 2969/4760 2970/4761
f 2971/4768 2972/4769 2973/4770
f 2974/4765 2975/4766 2976/4767
f 2977/940 2978/941 2979/942
f 2980/937 2981/938 2982/939
f 2983/934 2984/935 2985/936
f 2986/931 2987/932 2988/933
f 2989/928 2990/929 2991/930
f 2992/925 2993/926 2994/927
f 2995/946 2996/947 2997/948
f 2998/943 2999/944 3000/945
f 3001/952 3002/953 3003/954
f 3004/949 3005/950 3006/951
f 3007/955 3008/956 3009/957
f 3010/958 3011/959 3012/960
f 3013/3658 3014/3659 3015/3660
f 3016/3655 3017/3656 3018/3657
f 3019/3640 3020/3641 3021/3642
f 3022/3637 3023/3638 3024/3639
f 3025/3643 3026/3644 3027/3645
f 3028/3646 3029/3647 3030/3648
f 3031/3649 3032/3650 3033/3651
f 3034/3652 3035/3653 3036/3654
f 3037/1600 3038/1601 3039/1602
f 3040/1597 3041/1598 3042/1599
f 3043/1603 3044/1604 3045/1605
f 3046/1606 3047/1607 3048/1608
f 3049/1609 3050/1610 3051/1611
f 3052/1612 3053/1613 3054/1614
f 3055/1615 3056/1616 3057/1617
f 3058/1618 3059/1619 3060/1620
f 3061/5602 3062/5603 3063/5604
f 3064/5599 3065/5600 3066/5601
f 3067/5584 3068/5585 3069/5586
f 3070/5581 3071/5582 3072/5583
f 3073/5587 3074/5588 3075/5589
f 3076/5590 3077/5591 3078/5592
f 3079/6796 3080/6797 3081/6798
f 3082/6793 3083/6794 3084/6795
f 3085/7039 3086/7040 3087/7041
f 3088/7042 3089/7043 3090/7044
f 3091/343 3092/344 3093/345
f 3094/346 3095/347 3096/348
f 3097/6781 3098/6782 3099/6783
f 3100/6784 3101/6785 3102/6786
f 3103/7045 3104/7046 3105/7047
f 3106/7048 3107/7049 3108/7050
f 3109/352 3110/353 3111/354
f 3112/349 3113/350 3114/351
f 3115/6787 3116/6788 3117/6789
f 3118/6790 3119/6791 3120/6792
f 3121/7051 3122/7052 3123/7053
f 3124/7054 3125/7055 3126/7056
f 3127/355 3128/356 3129/357
f 3130/358 3131/359 3132/360
f 3133/6799 3134/6800 3135/6801
f 3136/6802 3137/6803 3138/6804
f 3139/7057 3140/7058 3141/7059
f 3142/7060 3143/7061 3144/7062
f 3145/361 3146/362 3147/363
f 3148/364 3149/365 3150/366
f 3151/6805 3152/6806 3153/6807
f 3154/6808 3155/6809 3156/6810
f 3157/7063 3158/7064 3159/7065
f 3160/7066 3161/7067 3162/7068
f 3163/367 3164/368 3165/369
f 3166/370 3167/371 3168/372
f 3169/6811 3170/6812 3171/6813
f 3172/6814 3173/6815 3174/6816
f 3175/7069 3176/7070 3177/7071
f 3178/7072 3179/7073 3180/7074
f 3181/184 3182/185 3183/186
f 3184/181 3185/182 3186/183
f 3187/2935 3188/2936 3189/2937
f 3190/2938 3191/2939 3192/2940
f 3193/7075 3194/7076 3195/7077
f 3196/7078 3197/7079 3198/7080
f 3199/187 3200/188 3201/189
f 3202/190 3203/191 3204/192
f 3205/2923 3206/2924 3207/2925
f 3208/2926 3209/2927 3210/2928
f 3211/7081 3212/7082 3213/7083
f 3214/7084 3215/7085 3216/7086
f 3217/196 3218/197 3219/198
f 3220/193 3221/194 3222/195
f 3223/2929 3224/2930 3225/2931
f 3226/2932 3227/2933 3228/2934
f 3229/6898 3230/6899 3231/6900
f 3232/6895 3233/6896 3234/6897
f 3235/199 3236/200 3237/201
f 3238/202 3239/203 3240/204
f 3241/2941 3242/2942 3243/2943
f 3244/2944 3245/2945 3246/2946
f 3247/6901 3248/6902 3249/6903
f 3250/6904 3251/6905 3252/6906
f 3253/208 3254/209 3255/210
f 3256/205 3257/206 3258/207
f 3259/5164 3260/5165 3261/5166
f 3262/5161 3263/5162 3264/5163
f 3265/6907 3266/6908 3267/6909
f 3268/6910 3269/6911 3270/6912
f 3271/211 3272/212 3273/213
f 3274/214 3275/215 3276/216
f 3277/5158 3278/5159 3279/5160
f 3280/5155 3281/5156 3282/5157
f 3283/6913 3284/6914 3285/6915
f 3286/6916 3287/6917 3288/6918
f 3289/217 3290/218 3291/219
f 3292/220 3293/221 3294/222
f 3295/5152 3296/5153 3297/5154
f 3298/5149 3299/5150 3300/5151
f 3301/6919 3302/6920 3303/6921
f 3304/6922 3305/6923 3306/6924
f 3307/226 3308/227 3309/228
f 3310/223 3311/224 3312/225
f 3313/5116 3314/5117 3315/5118
f 3316/5113 3317/5114 3318/5115
f 3319/6925 3320/6926 3321/6927
f 3322/6928 3323/6929 3324/6930
f 3325/232 3326/233 3327/234
f 3328/229 3329/230 3330/231
f 3331/5101 3332/5102 3333/5103
f 3334/5104 3335/5105 3336/5106
f 3337/6931 3338/6932 3339/6933
f 3340/6934 3341/6935 3342/6936
f 3343/238 3344/239 3345/240
f 3346/235 3347/236 3348/237
f 3349/5107 3350/5108 3351/5109
f 3352/5110 3353/5111 3354/5112
f 3355/6937 3356/6938 3357/6939
f 3358/6940 3359/6941 3360/6942
f 3361/241 3362/242 3363/243
f 3364/244 3365/245 3366/246
f 3367/5119 3368/5120 3369/5121
f 3370/5122 3371/5123 3372/5124
f 3373/6943 3374/6944 3375/6945
f 3376/6946 3377/6947 3378/6948
f 3379/247 3380/248 3381/249
f 3382/250 3383/251 3384/252
f 3385/5125 3386/5126 3387/5127
f 3388/5128 3389/5129 3390/5130
f 3391/6949 3392/6950 3393/6951
f 3394/6952 3395/6953 3396/6954
f 3397/256 3398/257 3399/258
f 3400/253 3401/254 3402/255
f 3403/5137 3404/5138 3405/5139
f 3406/5140 3407/5141 3408/5142
f 3409/6955 3410/6956 3411/6957
f 3412/6958 3413/6959 3414/6960
f 3415/259 3416/260 3417/261
f 3418/262 3419/263 3420/264
f 3421/4030 3422/4031 3423/4032
f 3424/4027 3425/4028 3426/4029
f 3427/6961 3428/6962 3429/6963
f 3430/6964 3431/6965 3432/6966
f 3433/268 3434/269 3435/270
f 3436/265 3437/266 3438/267
f 3439/4018 3440/4019 3441/4020
f 3442/4015 3443/4016 3444/4017
f 3445/6967 3446/6968 3447/6969
f 3448/6970 3449/6971 3450/6972
f 3451/274 3452/275 3453/276
f 3454/271 3455/272 3456/273
f 3457/4009 3458/4010 3459/4011
f 3460/4012 3461/4013 3462/4014
f 3463/6973 3464/6974 3465/6975
f 3466/6976 3467/6977 3468/6978
f 3469/280 3470/281 3471/282
f 3472/277 3473/278 3474/279
f 3475/4000 3476/4001 3477/4002
f 3478/3997 3479/3998 3480/3999
f 3481/6979 3482/6980 3483/6981
f 3484/6982 3485/6983 3486/6984
f 3487/283 3488/284 3489/285
f 3490/286 3491/287 3492/288
f 3493/3991 3494/3992 3495/3993
f 3496/3994 3497/3995 3498/3996
f 3499/6985 3500/6986 3501/6987
f 3502/6988 3503/6989 3504/6990
f 3505/292 3506/293 3507/294
f 3508/289 3509/290 3510/291
f 3511/4003 3512/4004 3513/4005
f 3514/4006 3515/4007 3516/4008
f 3517/7000 3518/7001 3519/7002
f 3520/6997 3521/6998 3522/6999
f 3523/295 3524/296 3525/297
f 3526/298 3527/299 3528/300
f 3529/4039 3530/4040 3531/4041
f 3532/4042 3533/4043 3534/4044
f 3535/6994 3536/6995 3537/6996
f 3538/6991 3539/6992 3540/6993
f 3541/304 3542/305 3543/306
f 3544/301 3545/302 3546/303
f 3547/4045 3548/4046 3549/4047
f 3550/4048 3551/4049 3552/4050
f 3553/7003 3554/7004 3555/7005
f 3556/7006 3557/7007 3558/7008
f 3559/307 3560/308 3561/309
f 3562/310 3563/311 3564/312
f 3565/4057 3566/4058 3567/4059
f 3568/4060 3569/4061 3570/4062
f 3571/7009 3572/7010 3573/7011
f 3574/7012 3575/7013 3576/7014
f 3577/316 3578/317 3579/318
f 3580/313 3581/314 3582/315
f 3583/4069 3584/4070 3585/4071
f 3586/4072 3587/4073 3588/4074
f 3589/7015 3590/7016 3591/7017
f 3592/7018 3593/7019 3594/7020
f 3595/322 3596/323 3597/324
f 3598/319 3599/320 3600/321
f 3601/7090 3602/7091 3603/7092
f 3604/7087 3605/7088 3606/7089
f 3607/7021 3608/7022 3609/7023
f 3610/7024 3611/7025 3612/7026
f 3613/328 3614/329 3615/330
f 3616/325 3617/326 3618/327
f 3619/6832 3620/6833 3621/6834
f 3622/6829 3623/6830 3624/6831
f 3625/7027 3626/7028 3627/7029
f 3628/7030 3629/7031 3630/7032
f 3631/331 3632/332 3633/333
f 3634/334 3635/335 3636/336
f 3637/6817 3638/6818 3639/6819
f 3640/6820 3641/6821 3642/6822
f 3643/7033 3644/7034 3645/7035
f 3646/7036 3647/7037 3648/7038
f 3649/337 3650/338 3651/339
f 3652/340 3653/341 3654/342
f 3655/5821 3656/5822 3657/5823
f 3658/5818 3659/5819 3660/5820
f 3661/6079 3662/6080 3663/6081
f 3664/6082 3665/6083 3666/6084
f 3667/6187 3668/6188 3669/6189
f 3670/6190 3671/6191 3672/6192
f 3673/6367 3674/6368 3675/6369
f 3676/6376 3677/6377 3678/6378
f 3679/2212 3680/2213 3681/2214
f 3682/2209 3683/2210 3684/2211
f 3685/2092 3686/2093 3687/2094
f 3688/2083 3689/2084 3690/2085
f 3691/1876 3692/1877 3693/1878
f 3694/1867 3695/1868 3696/1869
f 3697/1717 3698/1718 3699/1719
f 3700/1714 3701/1715 3702/1716
f 3703/1945 3704/1946 3705/1947
f 3706/1954 3707/1955 3708/1956
f 3709/2377 3710/2378 3711/2379
f 3712/2380 3713/2381 3714/2382
f 3715/4654 3716/4655 3717/4656
f 3718/4645 3719/4646 3720/4647
f 3721/4462 3722/4463 3723/4464
f 3724/4459 3725/4460 3726/4461
f 3727/4330 3728/4331 3729/4332
f 3730/4327 3731/4328 3732/4329
f 3733/4093 3734/4094 3735/4095
f 3736/4096 3737/4097 3738/4098
f 3739/4243 3740/4244 3741/4245
f 3742/4246 3743/4247 3744/4248
f 3745/391 3746/392 3747/393
f 3748/388 3749/389 3750/390
f 3751/541 3752/542 3753/543
f 3754/550 3755/551 3756/552
f 3757/649 3758/650 3759/651
f 3760/652 3761/653 3762/654
f 3763/757 3764/758 3765/759
f 3766/760 3767/761 3768/762
f 3769/3472 3770/3473 3771/3474
f 3772/3469 3773/3470 3774/3471
f 3775/3364 3776/3365 3777/3366
f 3778/3361 3779/3362 3780/3363
f 3781/3262 3782/3263 3783/3264
f 3784/3253 3785/3254 3786/3255
f 3787/3103 3788/3104 3789/3105
f 3790/3106 3791/3107 3792/3108
f 3793/1063 3794/1064 3795/1065
f 3796/1060 3797/1061 3798/1062
f 3799/1213 3800/1214 3801/1215
f 3802/1222 3803/1223 3804/1224
f 3805/1321 3806/1322 3807/1323
f 3808/1324 3809/1325 3810/1326
f 3811/1429 3812/1430 3813/1431
f 3814/1432 3815/1433 3816/1434
f 3817/5446 3818/5447 3819/5448
f 3820/5443 3821/5444 3822/5445
f 3823/5338 3824/5339 3825/5340
f 3826/5335 3827/5336 3828/5337
f 3829/5185 3830/5186 3831/5187
f 3832/5188 3833/5189 3834/5190
f 3835/3019 3836/3020 3837/3021
f 3838/3022 3839/3023 3840/3024
f 3841/6010 3842/6011 3843/6012
f 3844/6007 3845/6008 3846/6009
f 3847/5845 3848/5846 3849/5847
f 3850/5848 3851/5849 3852/5850
f 3853/6115 3854/6116 3855/6117
f 3856/6118 3857/6119 3858/6120
f 3859/6223 3860/6224 3861/6225
f 3862/6226 3863/6227 3864/6228
f 3865/6403 3866/6404 3867/6405
f 3868/6406 3869/6407 3870/6408
f 3871/2245 3872/2246 3873/2247
f 3874/2248 3875/2249 3876/2250
f 3877/2122 3878/2123 3879/2124
f 3880/2119 3881/2120 3882/2121
f 3883/1993 3884/1994 3885/1995
f 3886/1996 3887/1997 3888/1998
f 3889/1741 3890/1742 3891/1743
f 3892/1744 3893/1745 3894/1746
f 3895/2005 3896/2006 3897/2007
f 3898/2008 3899/2009 3900/2010
f 3901/2413 3902/2414 3903/2415
f 3904/2416 3905/2417 3906/2418
f 3907/4675 3908/4676 3909/4677
f 3910/4678 3911/4679 3912/4680
f 3913/4498 3914/4499 3915/4500
f 3916/4495 3917/4496 3918/4497
f 3919/4387 3920/4388 3921/4389
f 3922/4390 3923/4391 3924/4392
f 3925/4117 3926/4118 3927/4119
f 3928/4120 3929/4121 3930/4122
f 3931/4369 3932/4370 3933/4371
f 3934/4372 3935/4373 3936/4374
f 3937/415 3938/416 3939/417
f 3940/418 3941/419 3942/420
f 3943/577 3944/578 3945/579
f 3946/580 3947/581 3948/582
f 3949/685 3950/686 3951/687
f 3952/688 3953/689 3954/690
f 3955/793 3956/794 3957/795
f 3958/796 3959/797 3960/798
f 3961/3505 3962/3506 3963/3507
f 3964/3508 3965/3509 3966/3510
f 3967/3397 3968/3398 3969/3399
f 3970/3400 3971/3401 3972/3402
f 3973/3292 3974/3293 3975/3294
f 3976/3289 3977/3290 3978/3291
f 3979/3127 3980/3128 3981/3129
f 3982/3130 3983/3131 3984/3132
f 3985/1087 3986/1088 3987/1089
f 3988/1090 3989/1091 3990/1092
f 3991/1249 3992/1250 3993/1251
f 3994/1252 3995/1253 3996/1254
f 3997/1357 3998/1358 3999/1359
f 4000/1360 4001/1361 4002/1362
f 4003/1465 4004/1466 4005/1467
f 4006/1468 4007/1469 4008/1470
f 4009/5482 4010/5483 4011/5484
f 4012/5479 4013/5480 4014/5481
f 4015/5371 4016/5372 4017/5373
f 4018/5374 4019/5375 4020/5376
f 4021/5209 4022/5210 4023/5211
f 4024/5212 4025/5213 4026/5214
f 4027/3049 4028/3050 4029/3051
f 4030/3052 4031/3053 4032/3054
f 4033/6283 4034/6284 4035/6285
f 4036/6286 4037/6287 4038/6288
f 4039/6271 4040/6272 4041/6273
f 4042/6274 4043/6275 4044/6276
f 4045/6277 4046/6278 4047/6279
f 4048/6280 4049/6281 4050/6282
f 4051/6301 4052/6302 4053/6303
f 4054/6304 4055/6305 4056/6306
f 4057/6451 4058/6452 4059/6453
f 4060/6454 4061/6455 4062/6456
f 4063/2464 4064/2465 4065/2466
f 4066/2461 4067/2462 4068/2463
f 4069/2287 4070/2288 4071/2289
f 4072/2290 4073/2291 4074/2292
f 4075/2275 4076/2276 4077/2277
f 4078/2278 4079/2279 4080/2280
f 4081/2281 4082/2282 4083/2283
f 4084/2284 4085/2285 4086/2286
f 4087/2311 4088/2312 4089/2313
f 4090/2314 4091/2315 4092/2316
f 4093/2473 4094/2474 4095/2475
f 4096/2476 4097/2477 4098/2478
f 4099/4723 4100/4724 4101/4725
f 4102/4726 4103/4727 4104/4728
f 4105/4576 4106/4577 4107/4578
f 4108/4573 4109/4574 4110/4575
f 4111/4552 4112/4553 4113/4554
f 4114/4549 4115/4550 4116/4551
f 4117/4543 4118/4544 4119/4545
f 4120/4546 4121/4547 4122/4548
f 4123/4555 4124/4556 4125/4557
f 4126/4558 4127/4559 4128/4560
f 4129/853 4130/854 4131/855
f 4132/856 4133/857 4134/858
f 4135/841 4136/842 4137/843
f 4138/844 4139/845 4140/846
f 4141/847 4142/848 4143/849
f 4144/850 4145/851 4146/852
f 4147/871 4148/872 4149/873
f 4150/874 4151/875 4152/876
f 4153/3586 4154/3587 4155/3588
f 4156/3583 4157/3584 4158/3585
f 4159/3562 4160/3563 4161/3564
f 4162/3559 4163/3560 4164/3561
f 4165/3553 4166/3554 4167/3555
f 4168/3556 4169/3557 4170/3558
f 4171/3565 4172/3566 4173/3567
f 4174/3568 4175/3569 4176/3570
f 4177/1525 4178/1526 4179/1527
f 4180/1528 4181/1529 4182/1530
f 4183/1513 4184/1514 4185/1515
f 4186/1516 4187/1517 4188/1518
f 4189/1519 4190/1520 4191/1521
f 4192/1522 4193/1523 4194/1524
f 4195/1543 4196/1544 4197/1545
f 4198/1546 4199/1547 4200/1548
f 4201/5542 4202/5543 4203/5544
f 4204/5539 4205/5540 4206/5541
f 4207/5521 4208/5522 4209/5523
f 4210/5524 4211/5525 4212/5526
f 4213/5527 4214/5528 4215/5529
f 4216/5530 4217/5531 4218/5532
f 4219/3073 4220/3074 4221/3075
f 4222/3076 4223/3077 4224/3078
f 4225/5749 4226/5750 4227/5751
f 4228/5752 4229/5753 4230/5754
f 4231/6685 4232/6686 4233/6687
f 4234/6688 4235/6689 4236/6690
f 4237/6691 4238/6692 4239/6693
f 4240/6694 4241/6695 4242/6696
f 4243/6697 4244/6698 4245/6699
f 4246/6700 4247/6701 4248/6702
f 4249/6709 4250/6710 4251/6711
f 4252/6712 4253/6713 4254/6714
f 4255/2785 4256/2786 4257/2787
f 4258/2788 4259/2789 4260/2790
f 4261/2776 4262/2777 4263/2778
f 4264/2773 4265/2774 4266/2775
f 4267/2761 4268/2762 4269/2763
f 4270/2764 4271/2765 4272/2766
f 4273/2767 4274/2768 4275/2769
f 4276/2770 4277/2771 4278/2772
f 4279/2779 4280/2780 4281/2781
f 4282/2782 4283/2783 4284/2784
f 4285/2815 4286/2816 4287/2817
f 4288/2818 4289/2819 4290/2820
f 4291/5023 4292/5024 4293/5025
f 4294/5026 4295/5027 4296/5028
f 4297/5008 4298/5009 4299/5010
f 4300/5005 4301/5006 4302/5007
f 4303/4996 4304/4997 4305/4998
f 4306/4993 4307/4994 4308/4995
f 4309/4987 4310/4988 4311/4989
f 4312/4990 4313/4991 4314/4992
f 4315/4999 4316/5000 4317/5001
f 4318/5002 4319/5003 4320/5004
f 4321/991 4322/992 4323/993
f 4324/994 4325/995 4326/996
f 4327/985 4328/986 4329/987
f 4330/988 4331/989 4332/990
f 4333/997 4334/998 4335/999
f 4336/1000 4337/1001 4338/1002
f 4339/1009 4340/1010 4341/1011
f 4342/1012 4343/1013 4344/1014
f 4345/3904 4346/3905 4347/3906
f 4348/3901 4349/3902 4350/3903
f 4351/3898 4352/3899 4353/3900
f 4354/3895 4355/3896 4356/3897
f 4357/3883 4358/3884 4359/3885
f 4360/3886 4361/3887 4362/3888
f 4363/3889 4364/3890 4365/3891
f 4366/3892 4367/3893 4368/3894
f 4369/1651 4370/1652 4371/1653
f 4372/1654 4373/1655 4374/1656
f 4375/1645 4376/1646 4377/1647
f 4378/1648 4379/1649 4380/1650
f 4381/1657 4382/1658 4383/1659
f 4384/1660 4385/1661 4386/1662
f 4387/1663 4388/1664 4389/1665
f 4390/1666 4391/1667 4392/1668
f 4393/5791 4394/5792 4395/5793
f 4396/5794 4397/5795 4398/5796
f 4399/5737 4400/5738 4401/5739
f 4402/5740 4403/5741 4404/5742
f 4405/5734 4406/5735 4407/5736
f 4408/5731 4409/5732 4410/5733
f 4411/5725 4412/5726 4413/5727
f 4414/5728 4415/5729 4416/5730
f 4417/5764 4418/5765 4419/5766
f 4420/5761 4421/5762 4422/5763
f 4423/5767 4424/5768 4425/5769
f 4426/5770 4427/5771 4428/5772
f 4429/5773 4430/5774 4431/5775
f 4432/5776 4433/5777 4434/5778
f 4435/5800 4436/5801 4437/5802
f 4438/5797 4439/5798 4440/5799
f 4441/1687 4442/1688 4443/1689
f 4444/1690 4445/1691 4446/1692
f 4447/1681 4448/1682 4449/1683
f 4450/1684 4451/1685 4452/1686
f 4453/1669 4454/1670 4455/1671
f 4456/1672 4457/1673 4458/1674
f 4459/1678 4460/1679 4461/1680
f 4462/1675 4463/1676 4464/1677
f 4465/1696 4466/1697 4467/1698
f 4468/1693 4469/1694 4470/1695
f 4471/3973 4472/3974 4473/3975
f 4474/3976 4475/3977 4476/3978
f 4477/3982 4478/3983 4479/3984
f 4480/3979 4481/3980 4482/3981
f 4483/3985 4484/3986 4485/3987
f 4486/3988 4487/3989 4488/3990
f 4489/1033 4490/1034 4491/1035
f 4492/1036 4493/1037 4494/1038
f 4495/1027 4496/1028 4497/1029
f 4498/1030 4499/1031 4500/1032
f 4501/1015 4502/1016 4503/1017
f 4504/1018 4505/1019 4506/1020
f 4507/1024 4508/1025 4509/1026
f 4510/1021 4511/1022 4512/1023
f 4513/1042 4514/1043 4515/1044
f 4516/1039 4517/1040 4518/1041
f 4519/5077 4520/5078 4521/5079
f 4522/5080 4523/5081 4524/5082
f 4525/5086 4526/5087 4527/5088
f 4528/5083 4529/5084 4530/5085
f 4531/5089 4532/5090 4533/5091
f 4534/5092 4535/5093 4536/5094
f 4537/5098 4538/5099 4539/5100
f 4540/5095 4541/5096 4542/5097
f 4543/2893 4544/2894 4545/2895
f 4546/2896 4547/2897 4548/2898
f 4549/2881 4550/2882 4551/2883
f 4552/2884 4553/2885 4554/2886
f 4555/2869 4556/2870 4557/2871
f 4558/2872 4559/2873 4560/2874
f 4561/2863 4562/2864 4563/2865
f 4564/2866 4565/2867 4566/2868
f 4567/2875 4568/2876 4569/2877
f 4570/2878 4571/2879 4572/2880
f 4573/2890 4574/2891 4575/2892
f 4576/2887 4577/2888 4578/2889
f 4579/6775 4580/6776 4581/6777
f 4582/6778 4583/6779 4584/6780
f 4585/6769 4586/6770 4587/6771
f 4588/6772 4589/6773 4590/6774
f 4591/6763 4592/6764 4593/6765
f 4594/6766 4595/6767 4596/6768
f 4597/5779 4598/5780 4599/5781
f 4600/5782 4601/5783 4602/5784
f 4603/5755 4604/5756 4605/5757
f 4606/5758 4607/5759 4608/5760
f 4609/5743 4610/5744 4611/5745
f 4612/5746 4613/5747 4614/5748
f 4615/6667 4616/6668 4617/6669
f 4618/6670 4619/6671 4620/6672
f 4621/6673 4622/6674 4623/6675
f 4624/6676 4625/6677 4626/6678
f 4627/6679 4628/6680 4629/6681
f 4630/6682 4631/6683 4632/6684
f 4633/6703 4634/6704 4635/6705
f 4636/6706 4637/6707 4638/6708
f 4639/2758 4640/2759 4641/2760
f 4642/2755 4643/2756 4644/2757
f 4645/2746 4646/2747 4647/2748
f 4648/2743 4649/2744 4650/2745
f 4651/2731 4652/2732 4653/2733
f 4654/2734 4655/2735 4656/2736
f 4657/2737 4658/2738 4659/2739
f 4660/2740 4661/2741 4662/2742
f 4663/2749 4664/2750 4665/2751
f 4666/2752 4667/2753 4668/2754
f 4669/2809 4670/2810 4671/2811
f 4672/2812 4673/2813 4674/2814
f 4675/5020 4676/5021 4677/5022
f 4678/5017 4679/5018 4680/5019
f 4681/4963 4682/4964 4683/4965
f 4684/4966 4685/4967 4686/4968
f 4687/4951 4688/4952 4689/4953
f 4690/4954 4691/4955 4692/4956
f 4693/4945 4694/4946 4695/4947
f 4696/4948 4697/4949 4698/4950
f 4699/4957 4700/4958 4701/4959
f 4702/4960 4703/4961 4704/4962
f 4705/970 4706/971 4707/972
f 4708/967 4709/968 4710/969
f 4711/961 4712/962 4713/963
f 4714/964 4715/965 4716/966
f 4717/973 4718/974 4719/975
f 4720/976 4721/977 4722/978
f 4723/979 4724/980 4725/981
f 4726/982 4727/983 4728/984
f 4729/3877 4730/3878 4731/3879
f 4732/3880 4733/3881 4734/3882
f 4735/3874 4736/3875 4737/3876
f 4738/3871 4739/3872 4740/3873
f 4741/3859 4742/3860 4743/3861
f 4744/3862 4745/3863 4746/3864
f 4747/3865 4748/3866 4749/3867
f 4750/3868 4751/3869 4752/3870
f 4753/1630 4754/1631 4755/1632
f 4756/1627 4757/1628 4758/1629
f 4759/1621 4760/1622 4761/1623
f 4762/1624 4763/1625 4764/1626
f 4765/1633 4766/1634 4767/1635
f 4768/1636 4769/1637 4770/1638
f 4771/1639 4772/1640 4773/1641
f 4774/1642 4775/1643 4776/1644
f 4777/5788 4778/5789 4779/5790
f 4780/5785 4781/5786 4782/5787
f 4783/5716 4784/5717 4785/5718
f 4786/5713 4787/5714 4788/5715
f 4789/5701 4790/5702 4791/5703
f 4792/5704 4793/5705 4794/5706
f 4795/5707 4796/5708 4797/5709
f 4798/5710 4799/5711 4800/5712
f 4801/3079 4802/3080 4803/3081
f 4804/3082 4805/3083 4806/3084
f 4807/5545 4808/5546 4809/5547
f 4810/5548 4811/5549 4812/5550
f 4813/5554 4814/5555 4815/5556
f 4816/5551 4817/5552 4818/5553
f 4819/5557 4820/5558 4821/5559
f 4822/5560 4823/5561 4824/5562
f 4825/1567 4826/1568 4827/1569
f 4828/1570 4829/1571 4830/1572
f 4831/1555 4832/1556 4833/1557
f 4834/1558 4835/1559 4836/1560
f 4837/1549 4838/1550 4839/1551
f 4840/1552 4841/1553 4842/1554
f 4843/1564 4844/1565 4845/1566
f 4846/1561 4847/1562 4848/1563
f 4849/3601 4850/3602 4851/3603
f 4852/3604 4853/3605 4854/3606
f 4855/3589 4856/3590 4857/3591
f 4858/3592 4859/3593 4860/3594
f 4861/3595 4862/3596 4863/3597
f 4864/3598 4865/3599 4866/3600
f 4867/3607 4868/3608 4869/3609
f 4870/3610 4871/3611 4872/3612
f 4873/895 4874/896 4875/897
f 4876/898 4877/899 4878/900
f 4879/883 4880/884 4881/885
f 4882/886 4883/887 4884/888
f 4885/877 4886/878 4887/879
f 4888/880 4889/881 4890/882
f 4891/892 4892/893 4893/894
f 4894/889 4895/890 4896/891
f 4897/4705 4898/4706 4899/4707
f 4900/4708 4901/4709 4902/4710
f 4903/4693 4904/4694 4905/4695
f 4906/4696 4907/4697 4908/4698
f 4909/4687 4910/4688 4911/4689
f 4912/4690 4913/4691 4914/4692
f 4915/4702 4916/4703 4917/4704
f 4918/4699 4919/4700 4920/4701
f 4921/4729 4922/4730 4923/4731
f 4924/4732 4925/4733 4926/4734
f 4927/2509 4928/2510 4929/2511
f 4930/2512 4931/2513 4932/2514
f 4933/2443 4934/2444 4935/2445
f 4936/2446 4937/2447 4938/2448
f 4939/2431 4940/2432 4941/2433
f 4942/2434 4943/2435 4944/2436
f 4945/2425 4946/2426 4947/2427
f 4948/2428 4949/2429 4950/2430
f 4951/2440 4952/2441 4953/2442
f 4954/2437 4955/2438 4956/2439
f 4957/2479 4958/2480 4959/2481
f 4960/2482 4961/2483 4962/2484
f 4963/6457 4964/6458 4965/6459
f 4966/6460 4967/6461 4968/6462
f 4969/6427 4970/6428 4971/6429
f 4972/6430 4973/6431 4974/6432
f 4975/6415 4976/6416 4977/6417
f 4978/6418 4979/6419 4980/6420
f 4981/6421 4982/6422 4983/6423
f 4984/6424 4985/6425 4986/6426
f 4987/6436 4988/6437 4989/6438
f 4990/6433 4991/6434 4992/6435
f 4993/6265 4994/6266 4995/6267
f 4996/6268 4997/6269 4998/6270
f 4999/6253 5000/6254 5001/6255
f 5002/6256 5003/6257 5004/6258
f 5005/6259 5006/6260 5007/6261
f 5008/6262 5009/6263 5010/6264
f 5011/6295 5012/6296 5013/6297
f 5014/6298 5015/6299 5016/6300
f 5017/6445 5018/6446 5019/6447
f 5020/6448 5021/6449 5022/6450
f 5023/2458 5024/2459 5025/2460
f 5026/2455 5027/2456 5028/2457
f 5029/2263 5030/2264 5031/2265
f 5032/2266 5033/2267 5034/2268
f 5035/2251 5036/2252 5037/2253
f 5038/2254 5039/2255 5040/2256
f 5041/2257 5042/2258 5043/2259
f 5044/2260 5045/2261 5046/2262
f 5047/2305 5048/2306 5049/2307
f 5050/2308 5051/2309 5052/2310
f 5053/2467 5054/2468 5055/2469
f 5056/2470 5057/2471 5058/2472
f 5059/4717 5060/4718 5061/4719
f 5062/4720 5063/4721 5064/4722
f 5065/4567 5066/4568 5067/4569
f 5068/4570 5069/4571 5070/4572
f 5071/4534 5072/4535 5073/4536
f 5074/4531 5075/4532 5076/4533
f 5077/4525 5078/4526 5079/4527
f 5080/4528 5081/4529 5082/4530
f 5083/4537 5084/4538 5085/4539
f 5086/4540 5087/4541 5088/4542
f 5089/838 5090/839 5091/840
f 5092/835 5093/836 5094/837
f 5095/823 5096/824 5097/825
f 5098/826 5099/827 5100/828
f 5101/829 5102/830 5103/831
f 5104/832 5105/833 5106/834
f 5107/865 5108/866 5109/867
f 5110/868 5111/869 5112/870
f 5113/3580 5114/3581 5115/3582
f 5116/3577 5117/3578 5118/3579
f 5119/3544 5120/3545 5121/3546
f 5122/3541 5123/3542 5124/3543
f 5125/3535 5126/3536 5127/3537
f 5128/3538 5129/3539 5130/3540
f 5131/3547 5132/3548 5133/3549
f 5134/3550 5135/3551 5136/3552
f 5137/1507 5138/1508 5139/1509
f 5140/1510 5141/1511 5142/1512
f 5143/1495 5144/1496 5145/1497
f 5146/1498 5147/1499 5148/1500
f 5149/1501 5150/1502 5151/1503
f 5152/1504 5153/1505 5154/1506
f 5155/1537 5156/1538 5157/1539
f 5158/1540 5159/1541 5160/1542
f 5161/5533 5162/5534 5163/5535
f 5164/5536 5165/5537 5166/5538
f 5167/5509 5168/5510 5169/5511
f 5170/5512 5171/5513 5172/5514
f 5173/5515 5174/5516 5175/5517
f 5176/5518 5177/5519 5178/5520
f 5179/3067 5180/3068 5181/3069
f 5182/3070 5183/3071 5184/3072
f 5185/3055 5186/3056 5187/3057
f 5188/3058 5189/3059 5190/3060
f 5191/5215 5192/5216 5193/5217
f 5194/5218 5195/5219 5196/5220
f 5197/5380 5198/5381 5199/5382
f 5200/5377 5201/5378 5202/5379
f 5203/5488 5204/5489 5205/5490
f 5206/5485 5207/5486 5208/5487
f 5209/1483 5210/1484 5211/1485
f 5212/1486 5213/1487 5214/1488
f 5215/1363 5216/1364 5217/1365
f 5218/1366 5219/1367 5220/1368
f 5221/1255 5222/1256 5223/1257
f 5224/1258 5225/1259 5226/1260
f 5227/1093 5228/1094 5229/1095
f 5230/1096 5231/1097 5232/1098
f 5233/3133 5234/3134 5235/3135
f 5236/3136 5237/3137 5238/3138
f 5239/3295 5240/3296 5241/3297
f 5242/3298 5243/3299 5244/3300
f 5245/3406 5246/3407 5247/3408
f 5248/3403 5249/3404 5250/3405
f 5251/3514 5252/3515 5253/3516
f 5254/3511 5255/3512 5256/3513
f 5257/811 5258/812 5259/813
f 5260/814 5261/815 5262/816
f 5263/691 5264/692 5265/693
f 5266/694 5267/695 5268/696
f 5269/583 5270/584 5271/585
f 5272/586 5273/587 5274/588
f 5275/421 5276/422 5277/423
f 5278/424 5279/425 5280/426
f 5281/4381 5282/4382 5283/4383
f 5284/4384 5285/4385 5286/4386
f 5287/4123 5288/4124 5289/4125
f 5290/4126 5291/4127 5292/4128
f 5293/4396 5294/4397 5295/4398
f 5296/4393 5297/4394 5298/4395
f 5299/4501 5300/4502 5301/4503
f 5302/4504 5303/4505 5304/4506
f 5305/4684 5306/4685 5307/4686
f 5308/4681 5309/4682 5310/4683
f 5311/2419 5312/2420 5313/2421
f 5314/2422 5315/2423 5316/2424
f 5317/2017 5318/2018 5319/2019
f 5320/2020 5321/2021 5322/2022
f 5323/1747 5324/1748 5325/1749
f 5326/1750 5327/1751 5328/1752
f 5329/2011 5330/2012 5331/2013
f 5332/2014 5333/2015 5334/2016
f 5335/2125 5336/2126 5337/2127
f 5338/2128 5339/2129 5340/2130
f 5341/2272 5342/2273 5343/2274
f 5344/2269 5345/2270 5346/2271
f 5347/6409 5348/6410 5349/6411
f 5350/6412 5351/6413 5352/6414
f 5353/6241 5354/6242 5355/6243
f 5356/6244 5357/6245 5358/6246
f 5359/6121 5360/6122 5361/6123
f 5362/6124 5363/6125 5364/6126
f 5365/5851 5366/5852 5367/5853
f 5368/5854 5369/5855 5370/5856
f 5371/6016 5372/6017 5373/6018
f 5374/6013 5375/6014 5376/6015
f 5377/6001 5378/6002 5379/6003
f 5380/6004 5381/6005 5382/6006
f 5383/5839 5384/5840 5385/5841
f 5386/5842 5387/5843 5388/5844
f 5389/6109 5390/6110 5391/6111
f 5392/6112 5393/6113 5394/6114
f 5395/6217 5396/6218 5397/6219
f 5398/6220 5399/6221 5400/6222
f 5401/6397 5402/6398 5403/6399
f 5404/6400 5405/6401 5406/6402
f 5407/2239 5408/2240 5409/2241
f 5410/2242 5411/2243 5412/2244
f 5413/2116 5414/2117 5415/2118
f 5416/2113 5417/2114 5418/2115
f 5419/1987 5420/1988 5421/1989
f 5422/1990 5423/1991 5424/1992
f 5425/1735 5426/1736 5427/1737
f 5428/1738 5429/1739 5430/1740
f 5431/1999 5432/2000 5433/2001
f 5434/2002 5435/2003 5436/2004
f 5437/2407 5438/2408 5439/2409
f 5440/2410 5441/2411 5442/2412
f 5443/4669 5444/4670 5445/4671
f 5446/4672 5447/4673 5448/4674
f 5449/4492 5450/4493 5451/4494
f 5452/4489 5453/4490 5454/4491
f 5455/4378 5456/4379 5457/4380
f 5458/4375 5459/4376 5460/4377
f 5461/4111 5462/4112 5463/4113
f 5464/4114 5465/4115 5466/4116
f 5467/4357 5468/4358 5469/4359
f 5470/4360 5471/4361 5472/4362
f 5473/409 5474/410 5475/411
f 5476/412 5477/413 5478/414
f 5479/571 5480/572 5481/573
f 5482/574 5483/575 5484/576
f 5485/679 5486/680 5487/681
f 5488/682 5489/683 5490/684
f 5491/787 5492/788 5493/789
f 5494/790 5495/791 5496/792
f 5497/3502 5498/3503 5499/3504
f 5500/3499 5501/3500 5502/3501
f 5503/3391 5504/3392 5505/3393
f 5506/3394 5507/3395 5508/3396
f 5509/3286 5510/3287 5511/3288
f 5512/3283 5513/3284 5514/3285
f 5515/3121 5516/3122 5517/3123
f 5518/3124 5519/3125 5520/3126
f 5521/1081 5522/1082 5523/1083
f 5524/1084 5525/1085 5526/1086
f 5527/1243 5528/1244 5529/1245
f 5530/1246 5531/1247 5532/1248
f 5533/1351 5534/1352 5535/1353
f 5536/1354 5537/1355 5538/1356
f 5539/1459 5540/1460 5541/1461
f 5542/1462 5543/1463 5544/1464
f 5545/5473 5546/5474 5547/5475
f 5548/5476 5549/5477 5550/5478
f 5551/5368 5552/5369 5553/5370
f 5554/5365 5555/5366 5556/5367
f 5557/5203 5558/5204 5559/5205
f 5560/5206 5561/5207 5562/5208
f 5563/3043 5564/3044 5565/3045
f 5566/3046 5567/3047 5568/3048
f 5569/3025 5570/3026 5571/3027
f 5572/3028 5573/3029 5574/3030
f 5575/5191 5576/5192 5577/5193
f 5578/5194 5579/5195 5580/5196
f 5581/5356 5582/5357 5583/5358
f 5584/5353 5585/5354 5586/5355
f 5587/5461 5588/5462 5589/5463
f 5590/5464 5591/5465 5592/5466
f 5593/1447 5594/1448 5595/1449
f 5596/1450 5597/1451 5598/1452
f 5599/1339 5600/1340 5601/1341
f 5602/1342 5603/1343 5604/1344
f 5605/1231 5606/1232 5607/1233
f 5608/1234 5609/1235 5610/1236
f 5611/1069 5612/1070 5613/1071
f 5614/1072 5615/1073 5616/1074
f 5617/3109 5618/3110 5619/3111
f 5620/3112 5621/3113 5622/3114
f 5623/3271 5624/3272 5625/3273
f 5626/3274 5627/3275 5628/3276
f 5629/3379 5630/3380 5631/3381
f 5632/3382 5633/3383 5634/3384
f 5635/3487 5636/3488 5637/3489
f 5638/3490 5639/3491 5640/3492
f 5641/775 5642/776 5643/777
f 5644/778 5645/779 5646/780
f 5647/667 5648/668 5649/669
f 5650/670 5651/671 5652/672
f 5653/559 5654/560 5655/561
f 5656/562 5657/563 5658/564
f 5659/397 5660/398 5661/399
f 5662/400 5663/401 5664/402
f 5665/4261 5666/4262 5667/4263
f 5668/4264 5669/4265 5670/4266
f 5671/4099 5672/4100 5673/4101
f 5674/4102 5675/4103 5676/4104
f 5677/4354 5678/4355 5679/4356
f 5680/4351 5681/4352 5682/4353
f 5683/4477 5684/4478 5685/4479
f 5686/4480 5687/4481 5688/4482
f 5689/4657 5690/4658 5691/4659
f 5692/4660 5693/4661 5694/4662
f 5695/2395 5696/2396 5697/2397
f 5698/2398 5699/2399 5700/2400
f 5701/1969 5702/1970 5703/1971
f 5704/1972 5705/1973 5706/1974
f 5707/1723 5708/1724 5709/1725
f 5710/1726 5711/1727 5712/1728
f 5713/1966 5714/1967 5715/1968
f 5716/1963 5717/1964 5718/1965
f 5719/2104 5720/2105 5721/2106
f 5722/2101 5723/2102 5724/2103
f 5725/2227 5726/2228 5727/2229
f 5728/2230 5729/2231 5730/2232
f 5731/6385 5732/6386 5733/6387
f 5734/6388 5735/6389 5736/6390
f 5737/6205 5738/6206 5739/6207
f 5740/6208 5741/6209 5742/6210
f 5743/6097 5744/6098 5745/6099
f 5746/6100 5747/6101 5748/6102
f 5749/5827 5750/5828 5751/5829
f 5752/5830 5753/5831 5754/5832
f 5755/5992 5756/5993 5757/5994
f 5758/5989 5759/5990 5760/5991
f 5761/5974 5762/5975 5763/5976
f 5764/5977 5765/5978 5766/5979
f 5767/5815 5768/5816 5769/5817
f 5770/5824 5771/5825 5772/5826
f 5773/6085 5774/6086 5775/6087
f 5776/6088 5777/6089 5778/6090
f 5779/6193 5780/6194 5781/6195
f 5782/6196 5783/6197 5784/6198
f 5785/6373 5786/6374 5787/6375
f 5788/6370 5789/6371 5790/6372
f 5791/2218 5792/2219 5793/2220
f 5794/2215 5795/2216 5796/2217
f 5797/2086 5798/2087 5799/2088
f 5800/2089 5801/2090 5802/2091
f 5803/1870 5804/1871 5805/1872
f 5806/1873 5807/1874 5808/1875
f 5809/1711 5810/1712 5811/1713
f 5812/1720 5813/1721 5814/1722
f 5815/1951 5816/1952 5817/1953
f 5818/1948 5819/1949 5820/1950
f 5821/2383 5822/2384 5823/2385
f 5824/2386 5825/2387 5826/2388
f 5827/4648 5828/4649 5829/4650
f 5830/4651 5831/4652 5832/4653
f 5833/4468 5834/4469 5835/4470
f 5836/4465 5837/4466 5838/4467
f 5839/4336 5840/4337 5841/4338
f 5842/4333 5843/4334 5844/4335
f 5845/4087 5846/4088 5847/4089
f 5848/4090 5849/4091 5850/4092
f 5851/4249 5852/4250 5853/4251
f 5854/4252 5855/4253 5856/4254
f 5857/385 5858/386 5859/387
f 5860/394 5861/395 5862/396
f 5863/547 5864/548 5865/549
f 5866/544 5867/545 5868/546
f 5869/655 5870/656 5871/657
f 5872/658 5873/659 5874/660
f 5875/763 5876/764 5877/765
f 5878/766 5879/767 5880/768
f 5881/3478 5882/3479 5883/3480
f 5884/3475 5885/3476 5886/3477
f 5887/3370 5888/3371 5889/3372
f 5890/3367 5891/3368 5892/3369
f 5893/3256 5894/3257 5895/3258
f 5896/3259 5897/3260 5898/3261
f 5899/3097 5900/3098 5901/3099
f 5902/3100 5903/3101 5904/3102
f 5905/1057 5906/1058 5907/1059
f 5908/1066 5909/1067 5910/1068
f 5911/1219 5912/1220 5913/1221
f 5914/1216 5915/1217 5916/1218
f 5917/1327 5918/1328 5919/1329
f 5920/1330 5921/1331 5922/1332
f 5923/1435 5924/1436 5925/1437
f 5926/1438 5927/1439 5928/1440
f 5929/5452 5930/5453 5931/5454
f 5932/5449 5933/5450 5934/5451
f 5935/5344 5936/5345 5937/5346
f 5938/5341 5939/5342 5940/5343
f 5941/5179 5942/5180 5943/5181
f 5944/5182 5945/5183 5946/5184
f 5947/3013 5948/3014 5949/3015
f 5950/3016 5951/3017 5952/3018
f 5953/5950 5954/5951 5955/5952
f 5956/5947 5957/5948 5958/5949
f 5959/5860 5960/5861 5961/5862
f 5962/5857 5963/5858 5964/5859
f 5965/6061 5966/6062 5967/6063
f 5968/6064 5969/6065 5970/6066
f 5971/6169 5972/6170 5973/6171
f 5974/6172 5975/6173 5976/6174
f 5977/6349 5978/6350 5979/6351
f 5980/6352 5981/6353 5982/6354
f 5983/2194 5984/2195 5985/2196
f 5986/2191 5987/2192 5988/2193
f 5989/2065 5990/2066 5991/2067
f 5992/2068 5993/2069 5994/2070
f 5995/1849 5996/1850 5997/1851
f 5998/1852 5999/1853 6000/1854
f 6001/1756 6002/1757 6003/1758
f 6004/1753 6005/1754 6006/1755
f 6007/1927 6008/1928 6009/1929
f 6010/1930 6011/1931 6012/1932
f 6013/2359 6014/2360 6015/2361
f 6016/2362 6017/2363 6018/2364
f 6019/4630 6020/4631 6021/4632
f 6022/4627 6023/4628 6024/4629
f 6025/4441 6026/4442 6027/4443
f 6028/4444 6029/4445 6030/4446
f 6031/4309 6032/4310 6033/4311
f 6034/4312 6035/4313 6036/4314
f 6037/4132 6038/4133 6039/4134
f 6040/4129 6041/4130 6042/4131
f 6043/4225 6044/4226 6045/4227
f 6046/4228 6047/4229 6048/4230
f 6049/430 6050/431 6051/432
f 6052/427 6053/428 6054/429
f 6055/523 6056/524 6057/525
f 6058/526 6059/527 6060/528
f 6061/631 6062/632 6063/633
f 6064/634 6065/635 6066/636
f 6067/739 6068/740 6069/741
f 6070/742 6071/743 6072/744
f 6073/3454 6074/3455 6075/3456
f 6076/3451 6077/3452 6078/3453
f 6079/3343 6080/3344 6081/3345
f 6082/3346 6083/3347 6084/3348
f 6085/3235 6086/3236 6087/3237
f 6088/3238 6089/3239 6090/3240
f 6091/3142 6092/3143 6093/3144
f 6094/3139 6095/3140 6096/3141
f 6097/1102 6098/1103 6099/1104
f 6100/1099 6101/1100 6102/1101
f 6103/1195 6104/1196 6105/1197
f 6106/1198 6107/1199 6108/1200
f 6109/1303 6110/1304 6111/1305
f 6112/1306 6113/1307 6114/1308
f 6115/1411 6116/1412 6117/1413
f 6118/1414 6119/1415 6120/1416
f 6121/5428 6122/5429 6123/5430
f 6124/5425 6125/5426 6126/5427
f 6127/5317 6128/5318 6129/5319
f 6130/5320 6131/5321 6132/5322
f 6133/5224 6134/5225 6135/5226
f 6136/5221 6137/5222 6138/5223
f 6139/2956 6140/2957 6141/2958
f 6142/2953 6143/2954 6144/2955
f 6145/3001 6146/3002 6147/3003
f 6148/3004 6149/3005 6150/3006
f 6151/5176 6152/5177 6153/5178
f 6154/5173 6155/5174 6156/5175
f 6157/5323 6158/5324 6159/5325
f 6160/5326 6161/5327 6162/5328
f 6163/5431 6164/5432 6165/5433
f 6166/5434 6167/5435 6168/5436
f 6169/1417 6170/1418 6171/1419
f 6172/1420 6173/1421 6174/1422
f 6175/1309 6176/1310 6177/1311
f 6178/1312 6179/1313 6180/1314
f 6181/1201 6182/1202 6183/1203
f 6184/1204 6185/1205 6186/1206
f 6187/1054 6188/1055 6189/1056
f 6190/1051 6191/1052 6192/1053
f 6193/3085 6194/3086 6195/3087
f 6196/3088 6197/3089 6198/3090
f 6199/3241 6200/3242 6201/3243
f 6202/3244 6203/3245 6204/3246
f 6205/3352 6206/3353 6207/3354
f 6208/3349 6209/3350 6210/3351
f 6211/3460 6212/3461 6213/3462
f 6214/3457 6215/3458 6216/3459
f 6217/745 6218/746 6219/747
f 6220/748 6221/749 6222/750
f 6223/637 6224/638 6225/639
f 6226/640 6227/641 6228/642
f 6229/529 6230/530 6231/531
f 6232/532 6233/533 6234/534
f 6235/376 6236/377 6237/378
f 6238/373 6239/374 6240/375
f 6241/4231 6242/4232 6243/4233
f 6244/4234 6245/4235 6246/4236
f 6247/4075 6248/4076 6249/4077
f 6250/4078 6251/4079 6252/4080
f 6253/4315 6254/4316 6255/4317
f 6256/4318 6257/4319 6258/4320
f 6259/4447 6260/4448 6261/4449
f 6262/4450 6263/4451 6264/4452
f 6265/4633 6266/4634 6267/4635
f 6268/4636 6269/4637 6270/4638
f 6271/2365 6272/2366 6273/2367
f 6274/2368 6275/2369 6276/2370
f 6277/1933 6278/1934 6279/1935
f 6280/1936 6281/1937 6282/1938
f 6283/1708 6284/1709 6285/1710
f 6286/1705 6287/1706 6288/1707
f 6289/1855 6290/1856 6291/1857
f 6292/1858 6293/1859 6294/1860
f 6295/2074 6296/2075 6297/2076
f 6298/2071 6299/2072 6300/2073
f 6301/2197 6302/2198 6303/2199
f 6304/2200 6305/2201 6306/2202
f 6307/6355 6308/6356 6309/6357
f 6310/6358 6311/6359 6312/6360
f 6313/6175 6314/6176 6315/6177
f 6316/6178 6317/6179 6318/6180
f 6319/6067 6320/6068 6321/6069
f 6322/6070 6323/6071 6324/6072
f 6325/5803 6326/5804 6327/5805
f 6328/5806 6329/5807 6330/5808
f 6331/5953 6332/5954 6333/5955
f 6334/5956 6335/5957 6336/5958
f 6337/5944 6338/5945 6339/5946
f 6340/5941 6341/5942 6342/5943
f 6343/5866 6344/5867 6345/5868
f 6346/5863 6347/5864 6348/5865
f 6349/6055 6350/6056 6351/6057
f 6352/6058 6353/6059 6354/6060
f 6355/6163 6356/6164 6357/6165
f 6358/6166 6359/6167 6360/6168
f 6361/6343 6362/6344 6363/6345
f 6364/6346 6365/6347 6366/6348
f 6367/2188 6368/2189 6369/2190
f 6370/2185 6371/2186 6372/2187
f 6373/2059 6374/2060 6375/2061
f 6376/2062 6377/2063 6378/2064
f 6379/1843 6380/1844 6381/1845
f 6382/1846 6383/1847 6384/1848
f 6385/1762 6386/1763 6387/1764
f 6388/1759 6389/1760 6390/1761
f 6391/1921 6392/1922 6393/1923
f 6394/1924 6395/1925 6396/1926
f 6397/2353 6398/2354 6399/2355
f 6400/2356 6401/2357 6402/2358
f 6403/4621 6404/4622 6405/4623
f 6406/4624 6407/4625 6408/4626
f 6409/4435 6410/4436 6411/4437
f 6412/4438 6413/4439 6414/4440
f 6415/4306 6416/4307 6417/4308
f 6418/4303 6419/4304 6420/4305
f 6421/4138 6422/4139 6423/4140
f 6424/4135 6425/4136 6426/4137
f 6427/4219 6428/4220 6429/4221
f 6430/4222 6431/4223 6432/4224
f 6433/436 6434/437 6435/438
f 6436/433 6437/434 6438/435
f 6439/517 6440/518 6441/519
f 6442/520 6443/521 6444/522
f 6445/625 6446/626 6447/627
f 6448/628 6449/629 6450/630
f 6451/733 6452/734 6453/735
f 6454/736 6455/737 6456/738
f 6457/3448 6458/3449 6459/3450
f 6460/3445 6461/3446 6462/3447
f 6463/3340 6464/3341 6465/3342
f 6466/3337 6467/3338 6468/3339
f 6469/3229 6470/3230 6471/3231
f 6472/3232 6473/3233 6474/3234
f 6475/3148 6476/3149 6477/3150
f 6478/3145 6479/3146 6480/3147
f 6481/1108 6482/1109 6483/1110
f 6484/1105 6485/1106 6486/1107
f 6487/1189 6488/1190 6489/1191
f 6490/1192 6491/1193 6492/1194
f 6493/1297 6494/1298 6495/1299
f 6496/1300 6497/1301 6498/1302
f 6499/1405 6500/1406 6501/1407
f 6502/1408 6503/1409 6504/1410
f 6505/5419 6506/5420 6507/5421
f 6508/5422 6509/5423 6510/5424
f 6511/5314 6512/5315 6513/5316
f 6514/5311 6515/5312 6516/5313
f 6517/5230 6518/5231 6519/5232
f 6520/5227 6521/5228 6522/5229
f 6523/2962 6524/2963 6525/2964
f 6526/2959 6527/2960 6528/2961
f 6529/6658 6530/6659 6531/6660
f 6532/6655 6533/6656 6534/6657
f 6535/5626 6536/5627 6537/5628
f 6538/5623 6539/5624 6540/5625
f 6541/5632 6542/5633 6543/5634
f 6544/5629 6545/5630 6546/5631
f 6547/5653 6548/5654 6549/5655
f 6550/5656 6551/5657 6552/5658
f 6553/3961 6554/3962 6555/3963
f 6556/3964 6557/3965 6558/3966
f 6559/3919 6560/3920 6561/3921
f 6562/3922 6563/3923 6564/3924
f 6565/3829 6566/3830 6567/3831
f 6568/3832 6569/3833 6570/3834
f 6571/3739 6572/3740 6573/3741
f 6574/3742 6575/3743 6576/3744
f 6577/3703 6578/3704 6579/3705
f 6580/3706 6581/3707 6582/3708
f 6583/3670 6584/3671 6585/3672
f 6586/3667 6587/3668 6588/3669
f 6589/3718 6590/3719 6591/3720
f 6592/3715 6593/3716 6594/3717
f 6595/3811 6596/3812 6597/3813
f 6598/3814 6599/3815 6600/3816
f 6601/3853 6602/3854 6603/3855
f 6604/3856 6605/3857 6606/3858
f 6607/5071 6608/5072 6609/5073
f 6610/5074 6611/5075 6612/5076
f 6613/4981 6614/4982 6615/4983
f 6616/4984 6617/4985 6618/4986
f 6619/4939 6620/4940 6621/4941
f 6622/4942 6623/4943 6624/4944
f 6625/4849 6626/4850 6627/4851
f 6628/4852 6629/4853 6630/4854
f 6631/4819 6632/4820 6633/4821
f 6634/4822 6635/4823 6636/4824
f 6637/4792 6638/4793 6639/4794
f 6640/4789 6641/4790 6642/4791
f 6643/4837 6644/4838 6645/4839
f 6646/4840 6647/4841 6648/4842
f 6649/4858 6650/4859 6651/4860
f 6652/4855 6653/4856 6654/4857
f 6655/2725 6656/2726 6657/2727
f 6658/2728 6659/2729 6660/2730
f 6661/2623 6662/2624 6663/2625
f 6664/2626 6665/2627 6666/2628
f 6667/2563 6668/2564 6669/2565
f 6670/2566 6671/2567 6672/2568
f 6673/2560 6674/2561 6675/2562
f 6676/2557 6677/2558 6678/2559
f 6679/2611 6680/2612 6681/2613
f 6682/2614 6683/2615 6684/2616
f 6685/2704 6686/2705 6687/2706
f 6688/2701 6689/2702 6690/2703
f 6691/6571 6692/6572 6693/6573
f 6694/6574 6695/6575 6696/6576
f 6697/6559 6698/6560 6699/6561
f 6700/6562 6701/6563 6702/6564
f 6703/6514 6704/6515 6705/6516
f 6706/6511 6707/6512 6708/6513
f 6709/6544 6710/6545 6711/6546
f 6712/6541 6713/6542 6714/6543
f 6715/6553 6716/6554 6717/6555
f 6718/6556 6719/6557 6720/6558
f 6721/6634 6722/6635 6723/6636
f 6724/6625 6725/6626 6726/6627
f 6727/6592 6728/6593 6729/6594
f 6730/6589 6731/6590 6732/6591
f 6733/6580 6734/6581 6735/6582
f 6736/6577 6737/6578 6738/6579
f 6739/6601 6740/6602 6741/6603
f 6742/6604 6743/6605 6744/6606
f 6745/6613 6746/6614 6747/6615
f 6748/6622 6749/6623 6750/6624
f 6751/2692 6752/2693 6753/2694
f 6754/2689 6755/2690 6756/2691
f 6757/2668 6758/2669 6759/2670
f 6760/2659 6761/2660 6762/2661
f 6763/2638 6764/2639 6765/2640
f 6766/2635 6767/2636 6768/2637
f 6769/2647 6770/2648 6771/2649
f 6772/2656 6773/2657 6774/2658
f 6775/2680 6776/2681 6777/2682
f 6778/2671 6779/2672 6780/2673
f 6781/2707 6782/2708 6783/2709
f 6784/2716 6785/2717 6786/2718
f 6787/4900 6788/4901 6789/4902
f 6790/4897 6791/4898 6792/4899
f 6793/4888 6794/4889 6795/4890
f 6796/4891 6797/4892 6798/4893
f 6799/4864 6800/4865 6801/4866
f 6802/4861 6803/4862 6804/4863
f 6805/4873 6806/4874 6807/4875
f 6808/4882 6809/4883 6810/4884
f 6811/4909 6812/4910 6813/4911
f 6814/4912 6815/4913 6816/4914
f 6817/4927 6818/4928 6819/4929
f 6820/4924 6821/4925 6822/4926
f 6823/4975 6824/4976 6825/4977
f 6826/4972 6827/4973 6828/4974
f 6829/5065 6830/5066 6831/5067
f 6832/5068 6833/5069 6834/5070
f 6835/3844 6836/3845 6837/3846
f 6838/3841 6839/3842 6840/3843
f 6841/3808 6842/3809 6843/3810
f 6844/3805 6845/3806 6846/3807
f 6847/3784 6848/3785 6849/3786
f 6850/3775 6851/3776 6852/3777
f 6853/3754 6854/3755 6855/3756
f 6856/3751 6857/3752 6858/3753
f 6859/3766 6860/3767 6861/3768
f 6862/3763 6863/3764 6864/3765
f 6865/3787 6866/3788 6867/3789
f 6868/3790 6869/3791 6870/3792
f 6871/3820 6872/3821 6873/3822
f 6874/3817 6875/3818 6876/3819
f 6877/3907 6878/3908 6879/3909
f 6880/3916 6881/3917 6882/3918
f 6883/3931 6884/3932 6885/3933
f 6886/3934 6887/3935 6888/3936
f 6889/5686 6890/5687 6891/5688
f 6892/5683 6893/5684 6894/5685
f 6895/5662 6896/5663 6897/5664
f 6898/5659 6899/5660 6900/5661
f 6901/5671 6902/5672 6903/5673
f 6904/5674 6905/5675 6906/5676
f 6907/6652 6908/6653 6909/6654
f 6910/6643 6911/6644 6912/6645
f 6913/85 6914/86 6915/87
f 6916/82 6917/83 6918/84
f 6919/79 6920/80 6921/81
f 6922/76 6923/77 6924/78
f 6925/73 6926/74 6927/75
f 6928/70 6929/71 6930/72
f 6931/67 6932/68 6933/69
f 6934/64 6935/65 6936/66
f 6937/61 6938/62 6939/63
f 6940/58 6941/59 6942/60
f 6943/55 6944/56 6945/57
f 6946/52 6947/53 6948/54
f 6949/49 6950/50 6951/51
f 6952/46 6953/47 6954/48
f 6955/88 6956/89 6957/90
f 6958/1 6959/2 6960/3
f 6961/4 6962/5 6963/6
f 6964/7 6965/8 6966/9
f 6967/10 6968/11 6969/12
f 6970/13 6971/14 6972/15
f 6973/16 6974/17 6975/18
f 6976/19 6977/20 6978/21
f 6979/22 6980/23 6981/24
f 6982/25 6983/26 6984/27
f 6985/28 6986/29 6987/30
f 6988/31 6989/32 6990/33
f 6991/34 6992/35 6993/36
f 6994/37 6995/38 6996/39
f 6997/40 6998/41 6999/42
f 7000/43 7001/44 7002/45
f 7003/163 7004/164 7005/165
f 7006/160 7007/161 7008/162
f 7009/157 7010/158 7011/159
f 7012/154 7013/155 7014/156
f 7015/151 7016/152 7017/153
f 7018/148 7019/149 7020/150
f 7021/145 7022/146 7023/147
f 7024/142 7025/143 7026/144
f 7027/166 7028/167 7029/168
f 7030/169 7031/170 7032/171
f 7033/172 7034/173 7035/174
f 7036/175 7037/176 7038/177
f 7039/178 7040/179 7041/180
f 7042/91 7043/92 7044/93
f 7045/94 7046/95 7047/96
f 7048/97 7049/98 7050/99
f 7051/100 7052/101 7053/102
f 7054/103 7055/104 7056/105
f 7057/106 7058/107 7059/108
f 7060/109 7061/110 7062/111
f 7063/112 7064/113 7065/114
f 7066/115 7067/116 7068/117
f 7069/118 7070/119 7071/120
f 7072/121 7073/122 7074/123
f 7075/124 7076/125 7077/126
f 7078/127 7079/128 7080/129
f 7081/130 7082/131 7083/132
f 7084/133 7085/134 7086/135
f 7087/136 7088/137 7089/138
f 7090/139 7091/140 7092/141