
mtllib textured.mtl
usemtl mesh

v 0.038825 1.000000 0.040674
v 0.038825 1.000000 0.018062
v 0.005641 0.993399 0.018062
v 0.038825 1.000000 0.040674
v 0.005641 0.993399 0.018062
v 0.005641 0.993399 0.040674
v 0.094674 0.969136 0.048255
v 0.069050 0.986258 0.048255
v 0.064653 0.975643 0.048255
v 0.094674 0.969136 0.048255
v 0.064653 0.975643 0.048255
v 0.086550 0.961012 0.048255
v 0.111795 0.943513 0.048255
v 0.094674 0.969136 0.048255
v 0.086550 0.961012 0.048255
v 0.111795 0.943513 0.048255
v 0.086550 0.961012 0.048255
v 0.101181 0.939116 0.048255
v 0.117808 0.913287 0.048255
v 0.111795 0.943513 0.048255
v 0.101181 0.939116 0.048255
v 0.117808 0.913287 0.048255
v 0.101181 0.939116 0.048255
v 0.106318 0.913287 0.048255
v 0.117808 0.913287 0.048255
v 0.106318 0.913287 0.048255
v 0.101181 0.887458 0.048255
v 0.111795 0.883062 0.048255
v 0.117808 0.913287 0.048255
v 0.101181 0.887458 0.048255
v 0.111795 0.883062 0.048255
v 0.101181 0.887458 0.048255
v 0.086550 0.865562 0.048255
v 0.094674 0.857438 0.048255
v 0.111795 0.883062 0.048255
v 0.086550 0.865562 0.048255
v 0.094674 0.857438 0.048255
v 0.086550 0.865562 0.048255
v 0.064653 0.850931 0.048255
v 0.069050 0.840316 0.048255
v 0.094674 0.857438 0.048255
v 0.064653 0.850931 0.048255
v 0.069050 0.840316 0.048255
v 0.064653 0.850931 0.048255
v 0.038825 0.845793 0.048255
v 0.069050 0.840316 0.048255
v 0.038825 0.845793 0.048255
v 0.038825 0.834304 0.048255
v 0.038825 0.845793 0.048255
v 0.012996 0.850931 0.048255
v 0.008599 0.840316 0.048255
v 0.038825 0.834304 0.048255
v 0.038825 0.845793 0.048255
v 0.008599 0.840316 0.048255
v 0.012996 0.850931 0.048255
v -0.008901 0.865562 0.048255
v -0.017025 0.857438 0.048255
v 0.012996 0.850931 0.048255
v -0.017025 0.857438 0.048255
v 0.008599 0.840316 0.048255
v -0.008901 0.865562 0.048255
v -0.023532 0.887458 0.048255
v -0.034146 0.883062 0.048255
v -0.008901 0.865562 0.048255
v -0.034146 0.883062 0.048255
v -0.017025 0.857438 0.048255
v -0.028669 0.913287 0.048255
v -0.040158 0.913287 0.048255
v -0.034146 0.883062 0.048255
v -0.023532 0.887458 0.048255
v -0.028669 0.913287 0.048255
v -0.034146 0.883062 0.048255
v -0.023531 0.939116 0.048255
v -0.034146 0.943513 0.048255
v -0.040158 0.913287 0.048255
v -0.028669 0.913287 0.048255
v -0.023531 0.939116 0.048255
v -0.040158 0.913287 0.048255
v -0.008901 0.961012 0.048255
v -0.017025 0.969137 0.048255
v -0.034146 0.943513 0.048255
v -0.023531 0.939116 0.048255
v -0.008901 0.961012 0.048255
v -0.034146 0.943513 0.048255
v 0.064653 0.850931 0.010480
v 0.086550 0.865562 0.010480
v 0.094674 0.857438 0.010480
v 0.064653 0.850931 0.010480
v 0.094674 0.857438 0.010480
v 0.069050 0.840316 0.010480
v 0.012996 0.975643 0.048255
v 0.008599 0.986258 0.048255
v -0.017025 0.969137 0.048255
v -0.008901 0.961012 0.048255
v 0.012996 0.975643 0.048255
v -0.017025 0.969137 0.048255
v 0.015739 0.969021 0.041225
v 0.015739 0.969021 0.017511
v 0.038825 0.973613 0.017511
v 0.015739 0.969021 0.041225
v 0.038825 0.973613 0.017511
v 0.038825 0.973613 0.041225
v 0.038825 0.845793 0.010480
v 0.064653 0.850931 0.010480
v 0.069050 0.840316 0.010480
v 0.038825 0.834304 0.010480
v 0.038825 0.845793 0.010480
v 0.069050 0.840316 0.010480
v 0.072008 0.993399 0.040674
v 0.072008 0.993399 0.018062
v 0.038825 1.000000 0.018062
v 0.072008 0.993399 0.040674
v 0.038825 1.000000 0.018062
v 0.038825 1.000000 0.040674
v 0.081482 0.955944 0.017511
v 0.094559 0.936373 0.017511
v 0.094559 0.936373 0.041225
v 0.081482 0.955944 0.041225
v 0.081482 0.955944 0.017511
v 0.094559 0.936373 0.041225
v 0.038825 0.980781 0.048255
v 0.038825 0.992270 0.048255
v 0.008599 0.986258 0.048255
v 0.038825 0.980781 0.048255
v 0.008599 0.986258 0.048255
v 0.012996 0.975643 0.048255
v 0.061910 0.969021 0.041225
v 0.061910 0.969021 0.017511
v 0.081482 0.955944 0.017511
v 0.061910 0.969021 0.041225
v 0.081482 0.955944 0.017511
v 0.081482 0.955944 0.041225
v 0.094559 0.936373 0.041225
v 0.094559 0.936373 0.017511
v 0.099151 0.913287 0.017511
v 0.094559 0.936373 0.041225
v 0.099151 0.913287 0.017511
v 0.099151 0.913287 0.041225
v 0.125538 0.913287 0.018062
v 0.118937 0.946471 0.018062
v 0.118937 0.946471 0.040674
v 0.125538 0.913287 0.040674
v 0.125538 0.913287 0.018062
v 0.118937 0.946471 0.040674
v 0.099151 0.913287 0.041225
v 0.099151 0.913287 0.017511
v 0.094559 0.890201 0.017511
v 0.099151 0.913287 0.041225
v 0.094559 0.890201 0.017511
v 0.094559 0.890201 0.041225
v 0.118937 0.880104 0.018062
v 0.125538 0.913287 0.018062
v 0.125538 0.913287 0.040674
v 0.118937 0.880104 0.040674
v 0.118937 0.880104 0.018062
v 0.125538 0.913287 0.040674
v 0.094559 0.890201 0.017511
v 0.081482 0.870630 0.017511
v 0.081482 0.870630 0.041225
v 0.094559 0.890201 0.041225
v 0.094559 0.890201 0.017511
v 0.081482 0.870630 0.041225
v 0.100140 0.851972 0.040674
v 0.100140 0.851972 0.018062
v 0.118937 0.880104 0.018062
v 0.100140 0.851972 0.040674
v 0.118937 0.880104 0.018062
v 0.118937 0.880104 0.040674
v 0.081482 0.870630 0.041225
v 0.081482 0.870630 0.017511
v 0.061910 0.857553 0.017511
v 0.081482 0.870630 0.041225
v 0.061910 0.857553 0.017511
v 0.061910 0.857553 0.041225
v 0.072008 0.833175 0.040674
v 0.072008 0.833175 0.018062
v 0.100140 0.851972 0.018062
v 0.072008 0.833175 0.040674
v 0.100140 0.851972 0.018062
v 0.100140 0.851972 0.040674
v 0.061910 0.857553 0.041225
v 0.061910 0.857553 0.017511
v 0.038825 0.852961 0.017511
v 0.061910 0.857553 0.041225
v 0.038825 0.852961 0.017511
v 0.038825 0.852961 0.041225
v 0.038825 0.826574 0.040674
v 0.038825 0.826574 0.018062
v 0.072008 0.833175 0.018062
v 0.038825 0.826574 0.040674
v 0.072008 0.833175 0.018062
v 0.072008 0.833175 0.040674
v 0.038825 0.852961 0.041225
v 0.038825 0.852961 0.017511
v 0.015739 0.857553 0.017511
v 0.038825 0.852961 0.041225
v 0.015739 0.857553 0.017511
v 0.015739 0.857553 0.041225
v 0.005641 0.833175 0.040674
v 0.005641 0.833175 0.018062
v 0.038825 0.826574 0.018062
v 0.005641 0.833175 0.040674
v 0.038825 0.826574 0.018062
v 0.038825 0.826574 0.040674
v 0.015739 0.857553 0.041225
v 0.015739 0.857553 0.017511
v -0.003832 0.870630 0.017511
v 0.015739 0.857553 0.041225
v -0.003832 0.870630 0.017511
v -0.003832 0.870630 0.041225
v -0.022491 0.851972 0.040674
v -0.022491 0.851972 0.018062
v 0.005641 0.833175 0.018062
v -0.022491 0.851972 0.040674
v 0.005641 0.833175 0.018062
v 0.005641 0.833175 0.040674
v -0.003832 0.870630 0.041225
v -0.003832 0.870630 0.017511
v -0.016909 0.890201 0.017511
v -0.003832 0.870630 0.041225
v -0.016909 0.890201 0.017511
v -0.016909 0.890201 0.041225
v -0.041288 0.880104 0.040674
v -0.041288 0.880104 0.018062
v -0.022491 0.851972 0.018062
v -0.041288 0.880104 0.040674
v -0.022491 0.851972 0.018062
v -0.022491 0.851972 0.040674
v -0.016909 0.890201 0.017511
v -0.021501 0.913287 0.017511
v -0.021501 0.913287 0.041225
v -0.016909 0.890201 0.041225
v -0.016909 0.890201 0.017511
v -0.021501 0.913287 0.041225
v -0.047888 0.913287 0.040674
v -0.047888 0.913287 0.018062
v -0.041288 0.880104 0.018062
v -0.047888 0.913287 0.040674
v -0.041288 0.880104 0.018062
v -0.041288 0.880104 0.040674
v -0.021501 0.913287 0.017511
v -0.016909 0.936373 0.017511
v -0.016909 0.936373 0.041225
v -0.021501 0.913287 0.041225
v -0.021501 0.913287 0.017511
v -0.016909 0.936373 0.041225
v -0.041288 0.946471 0.040674
v -0.041288 0.946471 0.018062
v -0.047888 0.913287 0.018062
v -0.041288 0.946471 0.040674
v -0.047888 0.913287 0.018062
v -0.047888 0.913287 0.040674
v -0.016909 0.936373 0.041225
v -0.016909 0.936373 0.017511
v -0.003832 0.955944 0.017511
v -0.016909 0.936373 0.041225
v -0.003832 0.955944 0.017511
v -0.003832 0.955944 0.041225
v -0.022491 0.974602 0.040674
v -0.022491 0.974602 0.018062
v -0.041288 0.946471 0.018062
v -0.022491 0.974602 0.040674
v -0.041288 0.946471 0.018062
v -0.041288 0.946471 0.040674
v -0.003832 0.955944 0.041225
v -0.003832 0.955944 0.017511
v 0.015739 0.969021 0.017511
v -0.003832 0.955944 0.041225
v 0.015739 0.969021 0.017511
v 0.015739 0.969021 0.041225
v 0.005641 0.993399 0.040674
v 0.005641 0.993399 0.018062
v -0.022491 0.974602 0.018062
v 0.005641 0.993399 0.040674
v -0.022491 0.974602 0.018062
v -0.022491 0.974602 0.040674
v 0.100140 0.974602 0.040674
v 0.100140 0.974602 0.018062
v 0.072008 0.993399 0.018062
v 0.100140 0.974602 0.040674
v 0.072008 0.993399 0.018062
v 0.072008 0.993399 0.040674
v 0.118937 0.946471 0.040674
v 0.118937 0.946471 0.018062
v 0.100140 0.974602 0.018062
v 0.118937 0.946471 0.040674
v 0.100140 0.974602 0.018062
v 0.100140 0.974602 0.040674
v 0.086550 0.865562 0.010480
v 0.101181 0.887458 0.010480
v 0.111795 0.883062 0.010480
v 0.086550 0.865562 0.010480
v 0.111795 0.883062 0.010480
v 0.094674 0.857438 0.010480
v 0.101181 0.887458 0.010480
v 0.106318 0.913287 0.010480
v 0.117808 0.913287 0.010480
v 0.101181 0.887458 0.010480
v 0.117808 0.913287 0.010480
v 0.111795 0.883062 0.010480
v 0.101181 0.939116 0.010480
v 0.111795 0.943513 0.010480
v 0.117808 0.913287 0.010480
v 0.106318 0.913287 0.010480
v 0.101181 0.939116 0.010480
v 0.117808 0.913287 0.010480
v 0.086550 0.961012 0.010480
v 0.094674 0.969137 0.010480
v 0.111795 0.943513 0.010480
v 0.101181 0.939116 0.010480
v 0.086550 0.961012 0.010480
v 0.111795 0.943513 0.010480
v 0.064653 0.975643 0.010480
v 0.069050 0.986258 0.010480
v 0.094674 0.969137 0.010480
v 0.086550 0.961012 0.010480
v 0.064653 0.975643 0.010480
v 0.094674 0.969137 0.010480
v 0.008599 0.986258 0.010480
v 0.038825 0.992270 0.010480
v 0.038825 0.980781 0.010480
v 0.012996 0.975643 0.010480
v 0.008599 0.986258 0.010480
v 0.038825 0.980781 0.010480
v 0.069050 0.986258 0.048255
v 0.038825 0.992270 0.048255
v 0.038825 0.980781 0.048255
v 0.064653 0.975643 0.048255
v 0.069050 0.986258 0.048255
v 0.038825 0.980781 0.048255
v -0.017025 0.969137 0.010480
v 0.008599 0.986258 0.010480
v 0.012996 0.975643 0.010480
v -0.017025 0.969137 0.010480
v 0.012996 0.975643 0.010480
v -0.008901 0.961012 0.010480
v -0.034146 0.943513 0.010480
v -0.017025 0.969137 0.010480
v -0.008901 0.961012 0.010480
v -0.034146 0.943513 0.010480
v -0.008901 0.961012 0.010480
v -0.023531 0.939116 0.010480
v -0.040158 0.913287 0.010480
v -0.034146 0.943513 0.010480
v -0.023531 0.939116 0.010480
v -0.040158 0.913287 0.010480
v -0.023531 0.939116 0.010480
v -0.028669 0.913287 0.010480
v -0.034146 0.883062 0.010480
v -0.040158 0.913287 0.010480
v -0.028669 0.913287 0.010480
v -0.034146 0.883062 0.010480
v -0.028669 0.913287 0.010480
v -0.023532 0.887458 0.010480
v -0.034146 0.883062 0.010480
v -0.023532 0.887458 0.010480
v -0.008901 0.865562 0.010480
v -0.017025 0.857438 0.010480
v -0.034146 0.883062 0.010480
v -0.008901 0.865562 0.010480
v -0.017025 0.857438 0.010480
v -0.008901 0.865562 0.010480
v 0.012996 0.850931 0.010480
v 0.008599 0.840316 0.010480
v -0.017025 0.857438 0.010480
v 0.012996 0.850931 0.010480
v 0.008599 0.840316 0.010480
v 0.012996 0.850931 0.010480
v 0.038825 0.845793 0.010480
v 0.008599 0.840316 0.010480
v 0.038825 0.845793 0.010480
v 0.038825 0.834304 0.010480
v -0.153273 -0.531948 0.461704
v -0.143394 -0.586336 0.444110
v -0.124651 -0.585377 0.454016
v -0.153273 -0.531948 0.461704
v -0.124651 -0.585377 0.454016
v -0.133128 -0.534667 0.468038
v -0.122565 -0.580968 0.451560
v -0.144365 -0.580478 0.442649
v -0.153140 -0.528193 0.457359
v -0.131199 -0.537701 0.463490
v -0.122565 -0.580968 0.451560
v -0.153140 -0.528193 0.457359
v -0.153140 -0.528193 0.457359
v -0.144365 -0.580478 0.442649
v -0.143394 -0.586336 0.444110
v -0.153140 -0.528193 0.457359
v -0.143394 -0.586336 0.444110
v -0.153273 -0.531948 0.461704
v -0.133128 -0.534667 0.468038
v -0.131199 -0.537701 0.463490
v -0.130644 -0.378016 0.465707
v -0.133128 -0.534667 0.468038
v -0.130644 -0.378016 0.465707
v -0.132750 -0.373998 0.469909
v -0.152955 -0.371279 0.464225
v -0.153273 -0.531948 0.461704
v -0.133128 -0.534667 0.468038
v -0.132750 -0.373998 0.469909
v -0.152955 -0.371279 0.464225
v -0.133128 -0.534667 0.468038
v -0.131199 -0.537701 0.463490
v -0.153140 -0.528193 0.457359
v -0.152440 -0.369239 0.460134
v -0.131199 -0.537701 0.463490
v -0.152440 -0.369239 0.460134
v -0.130644 -0.378016 0.465707
v -0.130644 -0.378016 0.465707
v 0.045792 0.850675 0.050014
v 0.042385 0.861963 0.051656
v -0.130644 -0.378016 0.465707
v 0.042385 0.861963 0.051656
v -0.132750 -0.373998 0.469909
v -0.152440 -0.369239 0.460134
v -0.153140 -0.528193 0.457359
v -0.153273 -0.531948 0.461704
v -0.152955 -0.371279 0.464225
v -0.152440 -0.369239 0.460134
v -0.153273 -0.531948 0.461704
v -0.149496 -0.363355 -0.401579
v -0.130389 -0.360636 -0.410000
v -0.132692 -0.534157 -0.407111
v -0.149496 -0.363355 -0.401579
v -0.132692 -0.534157 -0.407111
v -0.152349 -0.536876 -0.399478
v 0.212823 -0.548173 -0.390701
v 0.038825 -0.548173 -0.425312
v 0.038825 -0.547738 -0.394849
v 0.212823 -0.548173 -0.390701
v 0.038825 -0.547738 -0.394849
v 0.201166 -0.547738 -0.362558
v -0.129532 -0.536534 -0.402939
v -0.127033 -0.364055 -0.406135
v -0.148794 -0.359816 -0.398071
v -0.152217 -0.531326 -0.395726
v -0.129532 -0.536534 -0.402939
v -0.148794 -0.359816 -0.398071
v 0.360332 -0.548173 -0.292139
v 0.212823 -0.548173 -0.390701
v 0.201166 -0.547738 -0.362558
v 0.360332 -0.548173 -0.292139
v 0.201166 -0.547738 -0.362558
v 0.338792 -0.547738 -0.270599
v 0.014490 0.860930 0.009595
v -0.149496 -0.363355 -0.401579
v -0.148794 -0.359816 -0.398071
v 0.014490 0.860930 0.009595
v -0.148794 -0.359816 -0.398071
v 0.019224 0.850267 0.011379
v -0.132692 -0.534157 -0.407111
v -0.130389 -0.360636 -0.410000
v -0.127033 -0.364055 -0.406135
v -0.129532 -0.536534 -0.402939
v -0.132692 -0.534157 -0.407111
v -0.127033 -0.364055 -0.406135
v 0.500915 -0.588624 0.018727
v 0.511864 -0.531284 0.017525
v 0.508648 -0.528565 0.038299
v 0.497248 -0.585906 0.039562
v 0.500915 -0.588624 0.018727
v 0.508648 -0.528565 0.038299
v 0.502586 -0.521277 0.038392
v 0.505748 -0.525625 0.017740
v 0.494652 -0.584237 0.018916
v 0.502586 -0.521277 0.038392
v 0.494652 -0.584237 0.018916
v 0.490972 -0.579705 0.039618
v 0.497248 -0.585906 0.039562
v 0.508648 -0.528565 0.038299
v 0.502586 -0.521277 0.038392
v 0.497248 -0.585906 0.039562
v 0.502586 -0.521277 0.038392
v 0.490972 -0.579705 0.039618
v 0.504398 -0.369562 0.014407
v 0.510095 -0.373860 0.014118
v 0.511864 -0.531284 0.017525
v 0.505748 -0.525625 0.017740
v 0.504398 -0.369562 0.014407
v 0.511864 -0.531284 0.017525
v 0.511864 -0.531284 0.017525
v 0.510095 -0.373860 0.014118
v 0.508159 -0.371141 0.034720
v 0.508648 -0.528565 0.038299
v 0.511864 -0.531284 0.017525
v 0.508159 -0.371141 0.034720
v 0.502702 -0.365733 0.034918
v 0.504398 -0.369562 0.014407
v 0.505748 -0.525625 0.017740
v 0.502702 -0.365733 0.034918
v 0.505748 -0.525625 0.017740
v 0.502586 -0.521277 0.038392
v 0.047031 0.856358 0.002808
v 0.050713 0.860823 0.000710
v 0.510095 -0.373860 0.014118
v 0.504398 -0.369562 0.014407
v 0.047031 0.856358 0.002808
v 0.510095 -0.373860 0.014118
v 0.508648 -0.528565 0.038299
v 0.508159 -0.371141 0.034720
v 0.502702 -0.365733 0.034918
v 0.508648 -0.528565 0.038299
v 0.502702 -0.365733 0.034918
v 0.502586 -0.521277 0.038392
v -0.282682 -0.580599 0.350875
v -0.256273 -0.581034 0.324466
v -0.120881 -0.581034 0.414932
v -0.135174 -0.580599 0.449438
v -0.282682 -0.580599 0.350875
v -0.120881 -0.581034 0.414932
v 0.424389 -0.581034 -0.130338
v 0.458894 -0.580599 -0.144630
v 0.493504 -0.580599 0.029368
v 0.456156 -0.581034 0.029368
v 0.424389 -0.581034 -0.130338
v 0.493504 -0.580599 0.029368
v -0.381245 -0.580599 -0.144630
v -0.282682 -0.580599 -0.292139
v -0.256273 -0.581034 -0.265730
v -0.381245 -0.580599 -0.144630
v -0.256273 -0.581034 -0.265730
v -0.346740 -0.581034 -0.130338
v -0.263137 -0.548048 0.331330
v -0.190244 -0.993621 0.258437
v -0.085146 -0.993621 0.328661
v -0.263137 -0.548048 0.331330
v -0.085146 -0.993621 0.328661
v -0.124596 -0.548048 0.423900
v 0.338117 -0.993621 0.153339
v 0.362777 -0.993621 0.029368
v 0.465864 -0.548048 0.029368
v 0.338117 -0.993621 0.153339
v 0.465864 -0.548048 0.029368
v 0.433357 -0.548048 0.192789
v -0.291819 -0.530014 -0.301276
v -0.140118 -0.530014 -0.402639
v -0.124596 -0.548048 -0.365165
v -0.291819 -0.530014 -0.301276
v -0.124596 -0.548048 -0.365165
v -0.263137 -0.548048 -0.272594
v 0.038825 -0.548048 0.456407
v 0.202245 -0.548048 0.423901
v 0.217768 -0.530014 0.461375
v 0.038825 -0.530014 0.496969
v 0.038825 -0.548048 0.456407
v 0.217768 -0.530014 0.461375
v 0.038825 -0.548048 -0.397671
v 0.038825 -0.530014 -0.438233
v 0.217768 -0.530014 -0.402639
v 0.038825 -0.548048 -0.397671
v 0.217768 -0.530014 -0.402639
v 0.202245 -0.548048 -0.365164
v -0.140118 -0.530014 0.461375
v -0.124596 -0.548048 0.423900
v 0.038825 -0.548048 0.456407
v -0.140118 -0.530014 0.461375
v 0.038825 -0.548048 0.456407
v 0.038825 -0.530014 0.496969
v 0.202245 -0.548048 -0.365164
v 0.217768 -0.530014 -0.402639
v 0.369468 -0.530014 -0.301276
v 0.340787 -0.548048 -0.272594
v 0.202245 -0.548048 -0.365164
v 0.369468 -0.530014 -0.301276
v -0.291819 -0.530014 0.360012
v -0.263137 -0.548048 0.331330
v -0.124596 -0.548048 0.423900
v -0.140118 -0.530014 0.461375
v -0.291819 -0.530014 0.360012
v -0.124596 -0.548048 0.423900
v -0.140118 -0.530014 -0.402639
v 0.038825 -0.530014 -0.438233
v 0.038825 -0.548048 -0.397671
v -0.124596 -0.548048 -0.365165
v -0.140118 -0.530014 -0.402639
v 0.038825 -0.548048 -0.397671
v 0.340787 -0.548048 -0.272594
v 0.369468 -0.530014 -0.301276
v 0.470832 -0.530014 -0.149575
v 0.433357 -0.548048 -0.134053
v 0.340787 -0.548048 -0.272594
v 0.470832 -0.530014 -0.149575
v -0.393182 -0.530014 0.208311
v -0.355708 -0.548048 0.192789
v -0.263137 -0.548048 0.331330
v -0.291819 -0.530014 0.360012
v -0.393182 -0.530014 0.208311
v -0.263137 -0.548048 0.331330
v 0.433357 -0.548048 -0.134053
v 0.470832 -0.530014 -0.149575
v 0.506425 -0.530014 0.029368
v 0.465864 -0.548048 0.029368
v 0.433357 -0.548048 -0.134053
v 0.506425 -0.530014 0.029368
v -0.393182 -0.530014 0.208311
v -0.428776 -0.530014 0.029368
v -0.388214 -0.548048 0.029368
v -0.393182 -0.530014 0.208311
v -0.388214 -0.548048 0.029368
v -0.355708 -0.548048 0.192789
v 0.433357 -0.548048 0.192789
v 0.465864 -0.548048 0.029368
v 0.506425 -0.530014 0.029368
v 0.433357 -0.548048 0.192789
v 0.506425 -0.530014 0.029368
v 0.470832 -0.530014 0.208311
v -0.428776 -0.530014 0.029368
v -0.393182 -0.530014 -0.149575
v -0.355708 -0.548048 -0.134053
v -0.428776 -0.530014 0.029368
v -0.355708 -0.548048 -0.134053
v -0.388214 -0.548048 0.029368
v 0.340787 -0.548048 0.331330
v 0.433357 -0.548048 0.192789
v 0.470832 -0.530014 0.208311
v 0.340787 -0.548048 0.331330
v 0.470832 -0.530014 0.208311
v 0.369468 -0.530014 0.360012
v -0.393182 -0.530014 -0.149575
v -0.291819 -0.530014 -0.301276
v -0.263137 -0.548048 -0.272594
v -0.393182 -0.530014 -0.149575
v -0.263137 -0.548048 -0.272594
v -0.355708 -0.548048 -0.134053
v 0.202245 -0.548048 0.423901
v 0.340787 -0.548048 0.331330
v 0.369468 -0.530014 0.360012
v 0.202245 -0.548048 0.423901
v 0.369468 -0.530014 0.360012
v 0.217768 -0.530014 0.461375
v -0.140118 -0.372693 -0.402639
v 0.038825 -0.372693 -0.438233
v 0.038825 -0.530014 -0.438233
v -0.140118 -0.372693 -0.402639
v 0.038825 -0.530014 -0.438233
v -0.140118 -0.530014 -0.402639
v -0.291819 -0.372693 -0.301276
v -0.140118 -0.372693 -0.402639
v -0.140118 -0.530014 -0.402639
v -0.291819 -0.372693 -0.301276
v -0.140118 -0.530014 -0.402639
v -0.291819 -0.530014 -0.301276
v -0.393182 -0.372693 -0.149575
v -0.291819 -0.372693 -0.301276
v -0.291819 -0.530014 -0.301276
v -0.393182 -0.372693 -0.149575
v -0.291819 -0.530014 -0.301276
v -0.393182 -0.530014 -0.149575
v -0.428776 -0.372693 0.029368
v -0.393182 -0.372693 -0.149575
v -0.393182 -0.530014 -0.149575
v -0.428776 -0.372693 0.029368
v -0.393182 -0.530014 -0.149575
v -0.428776 -0.530014 0.029368
v -0.393182 -0.372693 0.208311
v -0.428776 -0.372693 0.029368
v -0.428776 -0.530014 0.029368
v -0.393182 -0.372693 0.208311
v -0.428776 -0.530014 0.029368
v -0.393182 -0.530014 0.208311
v -0.393182 -0.372693 0.208311
v -0.393182 -0.530014 0.208311
v -0.291819 -0.530014 0.360012
v -0.291819 -0.372693 0.360012
v -0.393182 -0.372693 0.208311
v -0.291819 -0.530014 0.360012
v -0.140118 -0.372693 0.461375
v -0.291819 -0.372693 0.360012
v -0.291819 -0.530014 0.360012
v -0.140118 -0.372693 0.461375
v -0.291819 -0.530014 0.360012
v -0.140118 -0.530014 0.461375
v 0.038825 -0.372693 0.496969
v -0.140118 -0.372693 0.461375
v -0.140118 -0.530014 0.461375
v 0.038825 -0.372693 0.496969
v -0.140118 -0.530014 0.461375
v 0.038825 -0.530014 0.496969
v 0.038825 -0.530014 0.496969
v 0.217768 -0.530014 0.461375
v 0.217768 -0.372693 0.461375
v 0.038825 -0.530014 0.496969
v 0.217768 -0.372693 0.461375
v 0.038825 -0.372693 0.496969
v 0.369468 -0.530014 0.360012
v 0.369468 -0.372693 0.360012
v 0.217768 -0.372693 0.461375
v 0.217768 -0.530014 0.461375
v 0.369468 -0.530014 0.360012
v 0.217768 -0.372693 0.461375
v 0.369468 -0.530014 0.360012
v 0.470832 -0.530014 0.208311
v 0.470831 -0.372693 0.208311
v 0.369468 -0.530014 0.360012
v 0.470831 -0.372693 0.208311
v 0.369468 -0.372693 0.360012
v 0.470832 -0.530014 0.208311
v 0.506425 -0.530014 0.029368
v 0.506425 -0.372693 0.029368
v 0.470832 -0.530014 0.208311
v 0.506425 -0.372693 0.029368
v 0.470831 -0.372693 0.208311
v 0.470832 -0.530014 -0.149575
v 0.470831 -0.372693 -0.149575
v 0.506425 -0.372693 0.029368
v 0.506425 -0.530014 0.029368
v 0.470832 -0.530014 -0.149575
v 0.506425 -0.372693 0.029368
v 0.470832 -0.530014 -0.149575
v 0.369468 -0.530014 -0.301276
v 0.369468 -0.372693 -0.301276
v 0.470832 -0.530014 -0.149575
v 0.369468 -0.372693 -0.301276
v 0.470831 -0.372693 -0.149575
v 0.217768 -0.530014 -0.402639
v 0.217768 -0.372693 -0.402639
v 0.369468 -0.372693 -0.301276
v 0.369468 -0.530014 -0.301276
v 0.217768 -0.530014 -0.402639
v 0.369468 -0.372693 -0.301276
v 0.038825 -0.530014 -0.438233
v 0.038825 -0.372693 -0.438233
v 0.217768 -0.372693 -0.402639
v 0.217768 -0.530014 -0.402639
v 0.038825 -0.530014 -0.438233
v 0.217768 -0.372693 -0.402639
v -0.263137 -0.548048 -0.272594
v -0.124596 -0.548048 -0.365165
v -0.085146 -0.993621 -0.269925
v -0.190244 -0.993621 -0.199701
v -0.263137 -0.548048 -0.272594
v -0.085146 -0.993621 -0.269925
v 0.267893 -0.993621 -0.199701
v 0.340787 -0.548048 -0.272594
v 0.433357 -0.548048 -0.134053
v 0.338117 -0.993621 -0.094603
v 0.267893 -0.993621 -0.199701
v 0.433357 -0.548048 -0.134053
v 0.038825 -0.993621 0.353320
v 0.162796 -0.993621 0.328661
v 0.202245 -0.548048 0.423901
v 0.038825 -0.548048 0.456407
v 0.038825 -0.993621 0.353320
v 0.202245 -0.548048 0.423901
v -0.388214 -0.548048 0.029368
v -0.355708 -0.548048 -0.134053
v -0.260468 -0.993621 -0.094603
v -0.388214 -0.548048 0.029368
v -0.260468 -0.993621 -0.094603
v -0.285127 -0.993621 0.029368
v 0.038825 -0.993621 -0.294584
v 0.038825 -0.548048 -0.397671
v 0.202245 -0.548048 -0.365164
v 0.038825 -0.993621 -0.294584
v 0.202245 -0.548048 -0.365164
v 0.162796 -0.993621 -0.269925
v 0.267893 -0.993621 0.258437
v 0.338117 -0.993621 0.153339
v 0.433357 -0.548048 0.192789
v 0.267893 -0.993621 0.258437
v 0.433357 -0.548048 0.192789
v 0.340787 -0.548048 0.331330
v -0.355708 -0.548048 0.192789
v -0.260468 -0.993621 0.153339
v -0.190244 -0.993621 0.258437
v -0.263137 -0.548048 0.331330
v -0.355708 -0.548048 0.192789
v -0.190244 -0.993621 0.258437
v -0.124596 -0.548048 -0.365165
v 0.038825 -0.548048 -0.397671
v 0.038825 -0.993621 -0.294584
v -0.085146 -0.993621 -0.269925
v -0.124596 -0.548048 -0.365165
v 0.038825 -0.993621 -0.294584
v 0.338117 -0.993621 -0.094603
v 0.433357 -0.548048 -0.134053
v 0.465864 -0.548048 0.029368
v 0.362777 -0.993621 0.029368
v 0.338117 -0.993621 -0.094603
v 0.465864 -0.548048 0.029368
v -0.124596 -0.548048 0.423900
v -0.085146 -0.993621 0.328661
v 0.038825 -0.993621 0.353320
v -0.124596 -0.548048 0.423900
v 0.038825 -0.993621 0.353320
v 0.038825 -0.548048 0.456407
v -0.355708 -0.548048 -0.134053
v -0.263137 -0.548048 -0.272594
v -0.190244 -0.993621 -0.199701
v -0.355708 -0.548048 -0.134053
v -0.190244 -0.993621 -0.199701
v -0.260468 -0.993621 -0.094603
v 0.162796 -0.993621 -0.269925
v 0.202245 -0.548048 -0.365164
v 0.340787 -0.548048 -0.272594
v 0.162796 -0.993621 -0.269925
v 0.340787 -0.548048 -0.272594
v 0.267893 -0.993621 -0.199701
v 0.162796 -0.993621 0.328661
v 0.267893 -0.993621 0.258437
v 0.340787 -0.548048 0.331330
v 0.202245 -0.548048 0.423901
v 0.162796 -0.993621 0.328661
v 0.340787 -0.548048 0.331330
v -0.355708 -0.548048 0.192789
v -0.388214 -0.548048 0.029368
v -0.285127 -0.993621 0.029368
v -0.355708 -0.548048 0.192789
v -0.285127 -0.993621 0.029368
v -0.260468 -0.993621 0.153339
v -0.190244 -0.993621 -0.199701
v -0.085146 -0.993621 -0.269925
v 0.038825 -0.993621 0.029368
v 0.162796 -0.993621 0.328661
v 0.038825 -0.993621 0.353320
v 0.038825 -0.993621 0.029368
v 0.038825 -0.993621 -0.294584
v 0.162796 -0.993621 -0.269925
v 0.038825 -0.993621 0.029368
v -0.085146 -0.993621 -0.269925
v 0.038825 -0.993621 -0.294584
v 0.038825 -0.993621 0.029368
v 0.038825 -0.993621 0.353320
v -0.085146 -0.993621 0.328661
v 0.038825 -0.993621 0.029368
v 0.162796 -0.993621 -0.269925
v 0.267893 -0.993621 -0.199701
v 0.038825 -0.993621 0.029368
v -0.085146 -0.993621 0.328661
v -0.190244 -0.993621 0.258437
v 0.038825 -0.993621 0.029368
v 0.267893 -0.993621 -0.199701
v 0.338117 -0.993621 -0.094603
v 0.038825 -0.993621 0.029368
v -0.190244 -0.993621 0.258437
v -0.260468 -0.993621 0.153339
v 0.038825 -0.993621 0.029368
v 0.338117 -0.993621 -0.094603
v 0.362777 -0.993621 0.029368
v 0.038825 -0.993621 0.029368
v -0.260468 -0.993621 0.153339
v -0.285127 -0.993621 0.029368
v 0.038825 -0.993621 0.029368
v 0.362777 -0.993621 0.029368
v 0.338117 -0.993621 0.153339
v 0.038825 -0.993621 0.029368
v -0.285127 -0.993621 0.029368
v -0.260468 -0.993621 -0.094603
v 0.038825 -0.993621 0.029368
v 0.338117 -0.993621 0.153339
v 0.267893 -0.993621 0.258437
v 0.038825 -0.993621 0.029368
v -0.260468 -0.993621 -0.094603
v -0.190244 -0.993621 -0.199701
v 0.038825 -0.993621 0.029368
v 0.267893 -0.993621 0.258437
v 0.162796 -0.993621 0.328661
v 0.038825 -0.993621 0.029368
v 0.217768 -0.372693 -0.402639
v 0.038825 -0.372693 -0.438233
v 0.038825 -0.372693 -0.378212
v 0.194799 -0.372693 -0.347186
v 0.217768 -0.372693 -0.402639
v 0.038825 -0.372693 -0.378212
v 0.217768 -0.372693 0.461375
v 0.194799 -0.372693 0.405923
v 0.038825 -0.372693 0.436948
v 0.217768 -0.372693 0.461375
v 0.038825 -0.372693 0.436948
v 0.038825 -0.372693 0.496969
v -0.117149 -0.372693 -0.347187
v -0.140118 -0.372693 -0.402639
v -0.291819 -0.372693 -0.301276
v -0.249378 -0.372693 -0.258834
v -0.117149 -0.372693 -0.347187
v -0.291819 -0.372693 -0.301276
v 0.369468 -0.372693 0.360012
v 0.327027 -0.372693 0.317570
v 0.194799 -0.372693 0.405923
v 0.217768 -0.372693 0.461375
v 0.369468 -0.372693 0.360012
v 0.194799 -0.372693 0.405923
v -0.249378 -0.372693 -0.258834
v -0.291819 -0.372693 -0.301276
v -0.393182 -0.372693 -0.149575
v -0.337730 -0.372693 -0.126606
v -0.249378 -0.372693 -0.258834
v -0.393182 -0.372693 -0.149575
v 0.470831 -0.372693 0.208311
v 0.415379 -0.372693 0.185342
v 0.327027 -0.372693 0.317570
v 0.369468 -0.372693 0.360012
v 0.470831 -0.372693 0.208311
v 0.327027 -0.372693 0.317570
v -0.337730 -0.372693 -0.126606
v -0.393182 -0.372693 -0.149575
v -0.428776 -0.372693 0.029368
v -0.368755 -0.372693 0.029368
v -0.337730 -0.372693 -0.126606
v -0.428776 -0.372693 0.029368
v 0.506425 -0.372693 0.029368
v 0.446404 -0.372693 0.029368
v 0.415379 -0.372693 0.185342
v 0.470831 -0.372693 0.208311
v 0.506425 -0.372693 0.029368
v 0.415379 -0.372693 0.185342
v -0.337730 -0.372693 0.185342
v -0.368755 -0.372693 0.029368
v -0.428776 -0.372693 0.029368
v -0.337730 -0.372693 0.185342
v -0.428776 -0.372693 0.029368
v -0.393182 -0.372693 0.208311
v 0.506425 -0.372693 0.029368
v 0.470831 -0.372693 -0.149575
v 0.415379 -0.372693 -0.126606
v 0.506425 -0.372693 0.029368
v 0.415379 -0.372693 -0.126606
v 0.446404 -0.372693 0.029368
v -0.249378 -0.372693 0.317570
v -0.337730 -0.372693 0.185342
v -0.393182 -0.372693 0.208311
v -0.249378 -0.372693 0.317570
v -0.393182 -0.372693 0.208311
v -0.291819 -0.372693 0.360012
v 0.470831 -0.372693 -0.149575
v 0.369468 -0.372693 -0.301276
v 0.327027 -0.372693 -0.258834
v 0.470831 -0.372693 -0.149575
v 0.327027 -0.372693 -0.258834
v 0.415379 -0.372693 -0.126606
v -0.117149 -0.372693 0.405923
v -0.249378 -0.372693 0.317570
v -0.291819 -0.372693 0.360012
v -0.117149 -0.372693 0.405923
v -0.291819 -0.372693 0.360012
v -0.140118 -0.372693 0.461375
v 0.369468 -0.372693 -0.301276
v 0.217768 -0.372693 -0.402639
v 0.194799 -0.372693 -0.347186
v 0.369468 -0.372693 -0.301276
v 0.194799 -0.372693 -0.347186
v 0.327027 -0.372693 -0.258834
v 0.038825 -0.372693 0.436948
v -0.117149 -0.372693 0.405923
v -0.140118 -0.372693 0.461375
v 0.038825 -0.372693 0.496969
v 0.038825 -0.372693 0.436948
v -0.140118 -0.372693 0.461375
v 0.038825 -0.372693 -0.378212
v 0.038825 -0.372693 -0.438233
v -0.140118 -0.372693 -0.402639
v 0.038825 -0.372693 -0.378212
v -0.140118 -0.372693 -0.402639
v -0.117149 -0.372693 -0.347187
v 0.415379 -0.372693 0.185342
v 0.446404 -0.372693 0.029368
v 0.446404 -0.413981 0.029368
v 0.415379 -0.372693 0.185342
v 0.446404 -0.413981 0.029368
v 0.415379 -0.413981 0.185342
v -0.337730 -0.413981 0.185342
v -0.368755 -0.413981 0.029368
v -0.368755 -0.372693 0.029368
v -0.337730 -0.413981 0.185342
v -0.368755 -0.372693 0.029368
v -0.337730 -0.372693 0.185342
v 0.327027 -0.372693 0.317570
v 0.415379 -0.372693 0.185342
v 0.415379 -0.413981 0.185342
v 0.327027 -0.372693 0.317570
v 0.415379 -0.413981 0.185342
v 0.327027 -0.413981 0.317570
v -0.368755 -0.413981 0.029368
v -0.337730 -0.413981 -0.126606
v -0.337730 -0.372693 -0.126606
v -0.368755 -0.413981 0.029368
v -0.337730 -0.372693 -0.126606
v -0.368755 -0.372693 0.029368
v -0.337730 -0.413981 -0.126606
v -0.249378 -0.413981 -0.258834
v -0.249378 -0.372693 -0.258834
v -0.337730 -0.413981 -0.126606
v -0.249378 -0.372693 -0.258834
v -0.337730 -0.372693 -0.126606
v 0.194799 -0.372693 0.405923
v 0.327027 -0.372693 0.317570
v 0.327027 -0.413981 0.317570
v 0.194799 -0.372693 0.405923
v 0.327027 -0.413981 0.317570
v 0.194799 -0.413981 0.405923
v 0.194799 -0.372693 -0.347186
v 0.038825 -0.372693 -0.378212
v 0.038825 -0.413981 -0.378212
v 0.194799 -0.372693 -0.347186
v 0.038825 -0.413981 -0.378212
v 0.194799 -0.413981 -0.347186
v -0.249378 -0.413981 -0.258834
v -0.117149 -0.413981 -0.347187
v -0.117149 -0.372693 -0.347187
v -0.249378 -0.413981 -0.258834
v -0.117149 -0.372693 -0.347187
v -0.249378 -0.372693 -0.258834
v 0.038825 -0.372693 0.436948
v 0.194799 -0.372693 0.405923
v 0.194799 -0.413981 0.405923
v 0.038825 -0.372693 0.436948
v 0.194799 -0.413981 0.405923
v 0.038825 -0.413981 0.436948
v 0.327027 -0.372693 -0.258834
v 0.194799 -0.372693 -0.347186
v 0.194799 -0.413981 -0.347186
v 0.327027 -0.372693 -0.258834
v 0.194799 -0.413981 -0.347186
v 0.327027 -0.413981 -0.258834
v -0.117149 -0.413981 -0.347187
v 0.038825 -0.413981 -0.378212
v 0.038825 -0.372693 -0.378212
v -0.117149 -0.413981 -0.347187
v 0.038825 -0.372693 -0.378212
v -0.117149 -0.372693 -0.347187
v 0.038825 -0.413981 0.436948
v -0.117149 -0.413981 0.405923
v -0.117149 -0.372693 0.405923
v 0.038825 -0.413981 0.436948
v -0.117149 -0.372693 0.405923
v 0.038825 -0.372693 0.436948
v 0.415379 -0.372693 -0.126606
v 0.327027 -0.372693 -0.258834
v 0.327027 -0.413981 -0.258834
v 0.415379 -0.372693 -0.126606
v 0.327027 -0.413981 -0.258834
v 0.415379 -0.413981 -0.126606
v -0.117149 -0.413981 0.405923
v -0.249378 -0.413981 0.317570
v -0.249378 -0.372693 0.317570
v -0.117149 -0.413981 0.405923
v -0.249378 -0.372693 0.317570
v -0.117149 -0.372693 0.405923
v 0.446404 -0.372693 0.029368
v 0.415379 -0.372693 -0.126606
v 0.415379 -0.413981 -0.126606
v 0.446404 -0.372693 0.029368
v 0.415379 -0.413981 -0.126606
v 0.446404 -0.413981 0.029368
v -0.249378 -0.413981 0.317570
v -0.337730 -0.413981 0.185342
v -0.337730 -0.372693 0.185342
v -0.249378 -0.413981 0.317570
v -0.337730 -0.372693 0.185342
v -0.249378 -0.372693 0.317570
v 0.038825 -0.382504 0.298228
v -0.064063 -0.382504 0.277762
v -0.117149 -0.413981 0.405923
v 0.038825 -0.413981 0.436948
v 0.038825 -0.382504 0.298228
v -0.117149 -0.413981 0.405923
v 0.327027 -0.413981 -0.258834
v 0.194799 -0.413981 -0.347186
v 0.141713 -0.382504 -0.219026
v 0.228937 -0.382504 -0.160744
v 0.327027 -0.413981 -0.258834
v 0.141713 -0.382504 -0.219026
v -0.064063 -0.382504 0.277762
v -0.151288 -0.382504 0.219481
v -0.249378 -0.413981 0.317570
v -0.117149 -0.413981 0.405923
v -0.064063 -0.382504 0.277762
v -0.249378 -0.413981 0.317570
v 0.415379 -0.413981 -0.126606
v 0.327027 -0.413981 -0.258834
v 0.228937 -0.382504 -0.160744
v 0.415379 -0.413981 -0.126606
v 0.228937 -0.382504 -0.160744
v 0.287219 -0.382504 -0.073520
v -0.151288 -0.382504 0.219481
v -0.209569 -0.382504 0.132256
v -0.337730 -0.413981 0.185342
v -0.151288 -0.382504 0.219481
v -0.337730 -0.413981 0.185342
v -0.249378 -0.413981 0.317570
v 0.446404 -0.413981 0.029368
v 0.415379 -0.413981 -0.126606
v 0.287219 -0.382504 -0.073520
v 0.446404 -0.413981 0.029368
v 0.287219 -0.382504 -0.073520
v 0.307684 -0.382504 0.029368
v -0.209569 -0.382504 0.132256
v -0.230035 -0.382504 0.029368
v -0.368755 -0.413981 0.029368
v -0.209569 -0.382504 0.132256
v -0.368755 -0.413981 0.029368
v -0.337730 -0.413981 0.185342
v 0.415379 -0.413981 0.185342
v 0.446404 -0.413981 0.029368
v 0.307684 -0.382504 0.029368
v 0.415379 -0.413981 0.185342
v 0.307684 -0.382504 0.029368
v 0.287219 -0.382504 0.132256
v -0.209569 -0.382504 -0.073520
v -0.337730 -0.413981 -0.126606
v -0.368755 -0.413981 0.029368
v -0.230035 -0.382504 0.029368
v -0.209569 -0.382504 -0.073520
v -0.368755 -0.413981 0.029368
v 0.415379 -0.413981 0.185342
v 0.287219 -0.382504 0.132256
v 0.228937 -0.382504 0.219481
v 0.327027 -0.413981 0.317570
v 0.415379 -0.413981 0.185342
v 0.228937 -0.382504 0.219481
v -0.151288 -0.382504 -0.160745
v -0.249378 -0.413981 -0.258834
v -0.337730 -0.413981 -0.126606
v -0.209569 -0.382504 -0.073520
v -0.151288 -0.382504 -0.160745
v -0.337730 -0.413981 -0.126606
v 0.327027 -0.413981 0.317570
v 0.228937 -0.382504 0.219481
v 0.141713 -0.382504 0.277762
v 0.327027 -0.413981 0.317570
v 0.141713 -0.382504 0.277762
v 0.194799 -0.413981 0.405923
v -0.064063 -0.382504 -0.219026
v -0.117149 -0.413981 -0.347187
v -0.249378 -0.413981 -0.258834
v -0.064063 -0.382504 -0.219026
v -0.249378 -0.413981 -0.258834
v -0.151288 -0.382504 -0.160745
v 0.194799 -0.413981 0.405923
v 0.141713 -0.382504 0.277762
v 0.038825 -0.382504 0.298228
v 0.194799 -0.413981 0.405923
v 0.038825 -0.382504 0.298228
v 0.038825 -0.413981 0.436948
v 0.194799 -0.413981 -0.347186
v 0.038825 -0.413981 -0.378212
v 0.038825 -0.382504 -0.239492
v 0.141713 -0.382504 -0.219026
v 0.194799 -0.413981 -0.347186
v 0.038825 -0.382504 -0.239492
v 0.038825 -0.382504 -0.239492
v 0.038825 -0.413981 -0.378212
v -0.117149 -0.413981 -0.347187
v 0.038825 -0.382504 -0.239492
v -0.117149 -0.413981 -0.347187
v -0.064063 -0.382504 -0.219026
v -0.151288 -0.382504 -0.160745
v -0.209569 -0.382504 -0.073520
v 0.038825 -0.373746 0.029368
v 0.141713 -0.382504 0.277762
v 0.228937 -0.382504 0.219481
v 0.038825 -0.373746 0.029368
v -0.064063 -0.382504 -0.219026
v -0.151288 -0.382504 -0.160745
v 0.038825 -0.373746 0.029368
v 0.038825 -0.382504 0.298228
v 0.141713 -0.382504 0.277762
v 0.038825 -0.373746 0.029368
v 0.141713 -0.382504 -0.219026
v 0.038825 -0.382504 -0.239492
v 0.038825 -0.373746 0.029368
v 0.038825 -0.382504 -0.239492
v -0.064063 -0.382504 -0.219026
v 0.038825 -0.373746 0.029368
v -0.064063 -0.382504 0.277762
v 0.038825 -0.382504 0.298228
v 0.038825 -0.373746 0.029368
v 0.228937 -0.382504 -0.160744
v 0.141713 -0.382504 -0.219026
v 0.038825 -0.373746 0.029368
v -0.151288 -0.382504 0.219481
v -0.064063 -0.382504 0.277762
v 0.038825 -0.373746 0.029368
v 0.287219 -0.382504 -0.073520
v 0.228937 -0.382504 -0.160744
v 0.038825 -0.373746 0.029368
v -0.209569 -0.382504 0.132256
v -0.151288 -0.382504 0.219481
v 0.038825 -0.373746 0.029368
v 0.307684 -0.382504 0.029368
v 0.287219 -0.382504 -0.073520
v 0.038825 -0.373746 0.029368
v -0.230035 -0.382504 0.029368
v -0.209569 -0.382504 0.132256
v 0.038825 -0.373746 0.029368
v 0.287219 -0.382504 0.132256
v 0.307684 -0.382504 0.029368
v 0.038825 -0.373746 0.029368
v -0.209569 -0.382504 -0.073520
v -0.230035 -0.382504 0.029368
v 0.038825 -0.373746 0.029368
v 0.228937 -0.382504 0.219481
v 0.287219 -0.382504 0.132256
v 0.038825 -0.373746 0.029368
v 0.212823 -0.548173 0.449437
v 0.201166 -0.547738 0.421294
v 0.038825 -0.547738 0.453586
v 0.038825 -0.548173 0.484048
v 0.212823 -0.548173 0.449437
v 0.038825 -0.547738 0.453586
v -0.415855 -0.580599 0.029368
v -0.381245 -0.580599 -0.144630
v -0.346740 -0.581034 -0.130338
v -0.415855 -0.580599 0.029368
v -0.346740 -0.581034 -0.130338
v -0.378507 -0.581034 0.029368
v 0.038825 -0.581034 -0.387964
v 0.038825 -0.580599 -0.425312
v 0.212823 -0.580599 -0.390701
v 0.038825 -0.581034 -0.387964
v 0.212823 -0.580599 -0.390701
v 0.198531 -0.581034 -0.356196
v 0.198531 -0.581034 0.414932
v 0.333923 -0.581034 0.324466
v 0.360332 -0.580599 0.350875
v 0.198531 -0.581034 0.414932
v 0.360332 -0.580599 0.350875
v 0.212823 -0.580599 0.449437
v -0.135174 -0.580599 -0.390701
v 0.038825 -0.580599 -0.425312
v 0.038825 -0.581034 -0.387964
v -0.120881 -0.581034 -0.356196
v -0.135174 -0.580599 -0.390701
v 0.038825 -0.581034 -0.387964
v -0.381245 -0.580599 0.203367
v -0.346740 -0.581034 0.189074
v -0.256273 -0.581034 0.324466
v -0.282682 -0.580599 0.350875
v -0.381245 -0.580599 0.203367
v -0.256273 -0.581034 0.324466
v 0.333923 -0.581034 -0.265730
v 0.360332 -0.580599 -0.292139
v 0.458894 -0.580599 -0.144630
v 0.424389 -0.581034 -0.130338
v 0.333923 -0.581034 -0.265730
v 0.458894 -0.580599 -0.144630
v -0.135174 -0.580599 0.449438
v -0.120881 -0.581034 0.414932
v 0.038825 -0.581034 0.446700
v -0.135174 -0.580599 0.449438
v 0.038825 -0.581034 0.446700
v 0.038825 -0.580599 0.484048
v 0.333923 -0.581034 0.324466
v 0.424389 -0.581034 0.189074
v 0.458894 -0.580599 0.203366
v 0.333923 -0.581034 0.324466
v 0.458894 -0.580599 0.203366
v 0.360332 -0.580599 0.350875
v 0.198531 -0.581034 -0.356196
v 0.212823 -0.580599 -0.390701
v 0.360332 -0.580599 -0.292139
v 0.333923 -0.581034 -0.265730
v 0.198531 -0.581034 -0.356196
v 0.360332 -0.580599 -0.292139
v -0.381245 -0.580599 0.203367
v -0.415855 -0.580599 0.029368
v -0.378507 -0.581034 0.029368
v -0.381245 -0.580599 0.203367
v -0.378507 -0.581034 0.029368
v -0.346740 -0.581034 0.189074
v 0.038825 -0.581034 0.446700
v 0.198531 -0.581034 0.414932
v 0.212823 -0.580599 0.449437
v 0.038825 -0.580599 0.484048
v 0.038825 -0.581034 0.446700
v 0.212823 -0.580599 0.449437
v 0.424389 -0.581034 0.189074
v 0.456156 -0.581034 0.029368
v 0.493504 -0.580599 0.029368
v 0.424389 -0.581034 0.189074
v 0.493504 -0.580599 0.029368
v 0.458894 -0.580599 0.203366
v -0.282682 -0.580599 -0.292139
v -0.135174 -0.580599 -0.390701
v -0.120881 -0.581034 -0.356196
v -0.282682 -0.580599 -0.292139
v -0.120881 -0.581034 -0.356196
v -0.256273 -0.581034 -0.265730
v -0.381245 -0.548173 0.203367
v -0.415855 -0.548173 0.029368
v -0.415855 -0.580599 0.029368
v -0.381245 -0.548173 0.203367
v -0.415855 -0.580599 0.029368
v -0.381245 -0.580599 0.203367
v 0.458894 -0.580599 0.203366
v 0.493504 -0.580599 0.029368
v 0.493504 -0.548173 0.029368
v 0.458894 -0.580599 0.203366
v 0.493504 -0.548173 0.029368
v 0.458894 -0.548173 0.203366
v 0.360332 -0.580599 -0.292139
v 0.212823 -0.580599 -0.390701
v 0.212823 -0.548173 -0.390701
v 0.360332 -0.580599 -0.292139
v 0.212823 -0.548173 -0.390701
v 0.360332 -0.548173 -0.292139
v 0.038825 -0.548173 0.484048
v -0.135174 -0.548173 0.449438
v -0.135174 -0.580599 0.449438
v 0.038825 -0.548173 0.484048
v -0.135174 -0.580599 0.449438
v 0.038825 -0.580599 0.484048
v 0.212823 -0.580599 -0.390701
v 0.038825 -0.580599 -0.425312
v 0.038825 -0.548173 -0.425312
v 0.212823 -0.580599 -0.390701
v 0.038825 -0.548173 -0.425312
v 0.212823 -0.548173 -0.390701
v 0.038825 -0.580599 0.484048
v 0.212823 -0.580599 0.449437
v 0.212823 -0.548173 0.449437
v 0.038825 -0.580599 0.484048
v 0.212823 -0.548173 0.449437
v 0.038825 -0.548173 0.484048
v -0.381245 -0.548173 -0.144630
v -0.282682 -0.548173 -0.292139
v -0.282682 -0.580599 -0.292139
v -0.381245 -0.548173 -0.144630
v -0.282682 -0.580599 -0.292139
v -0.381245 -0.580599 -0.144630
v 0.212823 -0.580599 0.449437
v 0.360332 -0.580599 0.350875
v 0.360332 -0.548173 0.350875
v 0.212823 -0.580599 0.449437
v 0.360332 -0.548173 0.350875
v 0.212823 -0.548173 0.449437
v -0.135174 -0.548173 0.449438
v -0.282682 -0.548173 0.350875
v -0.282682 -0.580599 0.350875
v -0.135174 -0.548173 0.449438
v -0.282682 -0.580599 0.350875
v -0.135174 -0.580599 0.449438
v 0.493504 -0.580599 0.029368
v 0.458894 -0.580599 -0.144630
v 0.458894 -0.548173 -0.144630
v 0.493504 -0.580599 0.029368
v 0.458894 -0.548173 -0.144630
v 0.493504 -0.548173 0.029368
v 0.458894 -0.580599 -0.144630
v 0.360332 -0.580599 -0.292139
v 0.360332 -0.548173 -0.292139
v 0.458894 -0.580599 -0.144630
v 0.360332 -0.548173 -0.292139
v 0.458894 -0.548173 -0.144630
v -0.282682 -0.548173 0.350875
v -0.381245 -0.548173 0.203367
v -0.381245 -0.580599 0.203367
v -0.282682 -0.548173 0.350875
v -0.381245 -0.580599 0.203367
v -0.282682 -0.580599 0.350875
v -0.135174 -0.548173 -0.390701
v 0.038825 -0.548173 -0.425312
v 0.038825 -0.580599 -0.425312
v -0.135174 -0.548173 -0.390701
v 0.038825 -0.580599 -0.425312
v -0.135174 -0.580599 -0.390701
v -0.415855 -0.548173 0.029368
v -0.381245 -0.548173 -0.144630
v -0.381245 -0.580599 -0.144630
v -0.415855 -0.548173 0.029368
v -0.381245 -0.580599 -0.144630
v -0.415855 -0.580599 0.029368
v 0.360332 -0.580599 0.350875
v 0.458894 -0.580599 0.203366
v 0.458894 -0.548173 0.203366
v 0.360332 -0.580599 0.350875
v 0.458894 -0.548173 0.203366
v 0.360332 -0.548173 0.350875
v 0.038825 -0.547738 -0.394849
v 0.038825 -0.548173 -0.425312
v -0.135174 -0.548173 -0.390701
v -0.123516 -0.547738 -0.362558
v 0.038825 -0.547738 -0.394849
v -0.135174 -0.548173 -0.390701
v -0.123516 -0.547738 -0.362558
v -0.135174 -0.548173 -0.390701
v -0.282682 -0.548173 -0.292139
v -0.261142 -0.547738 -0.270599
v -0.123516 -0.547738 -0.362558
v -0.282682 -0.548173 -0.292139
v -0.261142 -0.547738 -0.270599
v -0.282682 -0.548173 -0.292139
v -0.381245 -0.548173 -0.144630
v -0.353101 -0.547738 -0.132973
v -0.261142 -0.547738 -0.270599
v -0.381245 -0.548173 -0.144630
v -0.353101 -0.547738 0.191709
v -0.385393 -0.547738 0.029368
v -0.415855 -0.548173 0.029368
v -0.353101 -0.547738 0.191709
v -0.415855 -0.548173 0.029368
v -0.381245 -0.548173 0.203367
v -0.261142 -0.547738 0.329335
v -0.353101 -0.547738 0.191709
v -0.381245 -0.548173 0.203367
v -0.261142 -0.547738 0.329335
v -0.381245 -0.548173 0.203367
v -0.282682 -0.548173 0.350875
v -0.123516 -0.547738 0.421294
v -0.261142 -0.547738 0.329335
v -0.282682 -0.548173 0.350875
v -0.123516 -0.547738 0.421294
v -0.282682 -0.548173 0.350875
v -0.135174 -0.548173 0.449438
v -0.282682 -0.548173 -0.292139
v -0.135174 -0.548173 -0.390701
v -0.135174 -0.580599 -0.390701
v -0.282682 -0.548173 -0.292139
v -0.135174 -0.580599 -0.390701
v -0.282682 -0.580599 -0.292139
v -0.353101 -0.547738 -0.132973
v -0.381245 -0.548173 -0.144630
v -0.415855 -0.548173 0.029368
v -0.385393 -0.547738 0.029368
v -0.353101 -0.547738 -0.132973
v -0.415855 -0.548173 0.029368
v 0.038825 -0.547738 0.453586
v -0.123516 -0.547738 0.421294
v -0.135174 -0.548173 0.449438
v 0.038825 -0.547738 0.453586
v -0.135174 -0.548173 0.449438
v 0.038825 -0.548173 0.484048
v 0.458894 -0.548173 0.203366
v 0.430750 -0.547738 0.191709
v 0.338792 -0.547738 0.329335
v 0.360332 -0.548173 0.350875
v 0.458894 -0.548173 0.203366
v 0.338792 -0.547738 0.329335
v 0.458894 -0.548173 0.203366
v 0.493504 -0.548173 0.029368
v 0.463042 -0.547738 0.029368
v 0.458894 -0.548173 0.203366
v 0.463042 -0.547738 0.029368
v 0.430750 -0.547738 0.191709
v 0.493504 -0.548173 0.029368
v 0.458894 -0.548173 -0.144630
v 0.430750 -0.547738 -0.132973
v 0.493504 -0.548173 0.029368
v 0.430750 -0.547738 -0.132973
v 0.463042 -0.547738 0.029368
v 0.458894 -0.548173 -0.144630
v 0.360332 -0.548173 -0.292139
v 0.338792 -0.547738 -0.270599
v 0.458894 -0.548173 -0.144630
v 0.338792 -0.547738 -0.270599
v 0.430750 -0.547738 -0.132973
v 0.360332 -0.548173 0.350875
v 0.338792 -0.547738 0.329335
v 0.201166 -0.547738 0.421294
v 0.212823 -0.548173 0.449437
v 0.360332 -0.548173 0.350875
v 0.201166 -0.547738 0.421294
v 0.510095 -0.373860 0.014118
v 0.050713 0.860823 0.000710
v 0.068756 0.853712 0.008385
v 0.510095 -0.373860 0.014118
v 0.068756 0.853712 0.008385
v 0.508159 -0.371141 0.034720
v 0.042385 0.861963 0.051656
v 0.021725 0.864682 0.050772
v -0.152955 -0.371279 0.464225
v -0.132750 -0.373998 0.469909
v 0.042385 0.861963 0.051656
v -0.152955 -0.371279 0.464225
v 0.029722 0.863649 -0.004391
v -0.130389 -0.360636 -0.410000
v -0.149496 -0.363355 -0.401579
v 0.029722 0.863649 -0.004391
v -0.149496 -0.363355 -0.401579
v 0.014490 0.860930 0.009595
v 0.040308 0.880343 0.022101
v 0.029722 0.863649 -0.004391
v 0.014490 0.860930 0.009595
v 0.040308 0.880343 0.022101
v 0.014490 0.860930 0.009595
v 0.025076 0.877624 0.036086
v 0.039714 0.867075 0.030040
v 0.019055 0.869794 0.029156
v 0.021725 0.864682 0.050772
v 0.042385 0.861963 0.051656
v 0.039714 0.867075 0.030040
v 0.021725 0.864682 0.050772
v 0.068756 0.853712 0.008385
v 0.050713 0.860823 0.000710
v 0.039353 0.876538 0.017375
v 0.046610 0.879257 0.036739
v 0.068756 0.853712 0.008385
v 0.039353 0.876538 0.017375
v 0.460007 -0.592759 0.022557
v 0.500915 -0.588624 0.018727
v 0.497248 -0.585906 0.039562
v 0.456626 -0.590040 0.041765
v 0.460007 -0.592759 0.022557
v 0.497248 -0.585906 0.039562
v -0.143394 -0.586336 0.444110
v -0.122692 -0.591004 0.412287
v -0.104136 -0.593723 0.418293
v -0.143394 -0.586336 0.444110
v -0.104136 -0.593723 0.418293
v -0.124651 -0.585377 0.454016
v -0.148352 -0.594656 -0.392028
v -0.128533 -0.591937 -0.399427
v -0.101096 -0.592888 -0.357112
v -0.119367 -0.595607 -0.350291
v -0.148352 -0.594656 -0.392028
v -0.101096 -0.592888 -0.357112
v 0.064922 0.846472 0.009182
v 0.047031 0.856358 0.002808
v 0.504398 -0.369562 0.014407
v 0.502702 -0.365733 0.034918
v 0.064922 0.846472 0.009182
v 0.504398 -0.369562 0.014407
v -0.152440 -0.369239 0.460134
v 0.025064 0.854059 0.048553
v 0.045792 0.850675 0.050014
v -0.152440 -0.369239 0.460134
v 0.045792 0.850675 0.050014
v -0.130644 -0.378016 0.465707
v -0.148794 -0.359816 -0.398071
v -0.127033 -0.364055 -0.406135
v 0.034454 0.852866 -0.002697
v 0.019224 0.850267 0.011379
v -0.148794 -0.359816 -0.398071
v 0.034454 0.852866 -0.002697
v 0.019224 0.850267 0.011379
v 0.034454 0.852866 -0.002697
v 0.044942 0.868808 0.023044
v 0.029710 0.866089 0.037029
v 0.019224 0.850267 0.011379
v 0.044942 0.868808 0.023044
v 0.025064 0.854059 0.048553
v 0.022408 0.857792 0.028775
v 0.043068 0.855073 0.029659
v 0.025064 0.854059 0.048553
v 0.043068 0.855073 0.029659
v 0.045792 0.850675 0.050014
v 0.040675 0.865716 0.018399
v 0.047031 0.856358 0.002808
v 0.064922 0.846472 0.009182
v 0.040675 0.865716 0.018399
v 0.064922 0.846472 0.009182
v 0.047932 0.868435 0.037763
v 0.490972 -0.579705 0.039618
v 0.494652 -0.584237 0.018916
v 0.455915 -0.580859 0.022163
v 0.490972 -0.579705 0.039618
v 0.455915 -0.580859 0.022163
v 0.452534 -0.578140 0.041372
v -0.105714 -0.584267 0.415666
v -0.124269 -0.581548 0.409661
v -0.144365 -0.580478 0.442649
v -0.122565 -0.580968 0.451560
v -0.105714 -0.584267 0.415666
v -0.144365 -0.580478 0.442649
v -0.103926 -0.581599 -0.355602
v -0.125431 -0.586060 -0.395164
v -0.148391 -0.580565 -0.388203
v -0.103926 -0.581599 -0.355602
v -0.148391 -0.580565 -0.388203
v -0.122197 -0.584317 -0.348781
v 0.505748 -0.525625 0.017740
v 0.511864 -0.531284 0.017525
v 0.500915 -0.588624 0.018727
v 0.494652 -0.584237 0.018916
v 0.505748 -0.525625 0.017740
v 0.500915 -0.588624 0.018727
v 0.508159 -0.371141 0.034720
v 0.068756 0.853712 0.008385
v 0.064922 0.846472 0.009182
v 0.508159 -0.371141 0.034720
v 0.064922 0.846472 0.009182
v 0.502702 -0.365733 0.034918
v -0.124651 -0.585377 0.454016
v -0.122565 -0.580968 0.451560
v -0.131199 -0.537701 0.463490
v -0.133128 -0.534667 0.468038
v -0.124651 -0.585377 0.454016
v -0.131199 -0.537701 0.463490
v 0.021725 0.864682 0.050772
v 0.025064 0.854059 0.048553
v -0.152440 -0.369239 0.460134
v -0.152955 -0.371279 0.464225
v 0.021725 0.864682 0.050772
v -0.152440 -0.369239 0.460134
v -0.152217 -0.531326 -0.395726
v -0.152349 -0.536876 -0.399478
v -0.148352 -0.594656 -0.392028
v -0.148391 -0.580565 -0.388203
v -0.152217 -0.531326 -0.395726
v -0.148352 -0.594656 -0.392028
v -0.127033 -0.364055 -0.406135
v -0.130389 -0.360636 -0.410000
v 0.029722 0.863649 -0.004391
v 0.034454 0.852866 -0.002697
v -0.127033 -0.364055 -0.406135
v 0.029722 0.863649 -0.004391
v 0.044942 0.868808 0.023044
v 0.040308 0.880343 0.022101
v 0.025076 0.877624 0.036086
v 0.029710 0.866089 0.037029
v 0.044942 0.868808 0.023044
v 0.025076 0.877624 0.036086
v 0.034454 0.852866 -0.002697
v 0.029722 0.863649 -0.004391
v 0.040308 0.880343 0.022101
v 0.044942 0.868808 0.023044
v 0.034454 0.852866 -0.002697
v 0.040308 0.880343 0.022101
v 0.025076 0.877624 0.036086
v 0.014490 0.860930 0.009595
v 0.019224 0.850267 0.011379
v 0.025076 0.877624 0.036086
v 0.019224 0.850267 0.011379
v 0.029710 0.866089 0.037029
v 0.043068 0.855073 0.029659
v 0.022408 0.857792 0.028775
v 0.019055 0.869794 0.029156
v 0.043068 0.855073 0.029659
v 0.019055 0.869794 0.029156
v 0.039714 0.867075 0.030040
v 0.019055 0.869794 0.029156
v 0.022408 0.857792 0.028775
v 0.025064 0.854059 0.048553
v 0.021725 0.864682 0.050772
v 0.019055 0.869794 0.029156
v 0.025064 0.854059 0.048553
v 0.045792 0.850675 0.050014
v 0.043068 0.855073 0.029659
v 0.039714 0.867075 0.030040
v 0.045792 0.850675 0.050014
v 0.039714 0.867075 0.030040
v 0.042385 0.861963 0.051656
v 0.046610 0.879257 0.036739
v 0.039353 0.876538 0.017375
v 0.040675 0.865716 0.018399
v 0.046610 0.879257 0.036739
v 0.040675 0.865716 0.018399
v 0.047932 0.868435 0.037763
v 0.064922 0.846472 0.009182
v 0.068756 0.853712 0.008385
v 0.046610 0.879257 0.036739
v 0.047932 0.868435 0.037763
v 0.064922 0.846472 0.009182
v 0.046610 0.879257 0.036739
v 0.039353 0.876538 0.017375
v 0.050713 0.860823 0.000710
v 0.047031 0.856358 0.002808
v 0.039353 0.876538 0.017375
v 0.047031 0.856358 0.002808
v 0.040675 0.865716 0.018399
v 0.452534 -0.578140 0.041372
v 0.455915 -0.580859 0.022163
v 0.460007 -0.592759 0.022557
v 0.452534 -0.578140 0.041372
v 0.460007 -0.592759 0.022557
v 0.456626 -0.590040 0.041765
v 0.494652 -0.584237 0.018916
v 0.500915 -0.588624 0.018727
v 0.460007 -0.592759 0.022557
v 0.455915 -0.580859 0.022163
v 0.494652 -0.584237 0.018916
v 0.460007 -0.592759 0.022557
v 0.456626 -0.590040 0.041765
v 0.497248 -0.585906 0.039562
v 0.490972 -0.579705 0.039618
v 0.456626 -0.590040 0.041765
v 0.490972 -0.579705 0.039618
v 0.452534 -0.578140 0.041372
v -0.122692 -0.591004 0.412287
v -0.124269 -0.581548 0.409661
v -0.105714 -0.584267 0.415666
v -0.104136 -0.593723 0.418293
v -0.122692 -0.591004 0.412287
v -0.105714 -0.584267 0.415666
v -0.104136 -0.593723 0.418293
v -0.105714 -0.584267 0.415666
v -0.122565 -0.580968 0.451560
v -0.124651 -0.585377 0.454016
v -0.104136 -0.593723 0.418293
v -0.122565 -0.580968 0.451560
v -0.144365 -0.580478 0.442649
v -0.124269 -0.581548 0.409661
v -0.122692 -0.591004 0.412287
v -0.144365 -0.580478 0.442649
v -0.122692 -0.591004 0.412287
v -0.143394 -0.586336 0.444110
v -0.119367 -0.595607 -0.350291
v -0.101096 -0.592888 -0.357112
v -0.103926 -0.581599 -0.355602
v -0.119367 -0.595607 -0.350291
v -0.103926 -0.581599 -0.355602
v -0.122197 -0.584317 -0.348781
v -0.148391 -0.580565 -0.388203
v -0.148352 -0.594656 -0.392028
v -0.119367 -0.595607 -0.350291
v -0.122197 -0.584317 -0.348781
v -0.148391 -0.580565 -0.388203
v -0.119367 -0.595607 -0.350291
v -0.101096 -0.592888 -0.357112
v -0.128533 -0.591937 -0.399427
v -0.125431 -0.586060 -0.395164
v -0.101096 -0.592888 -0.357112
v -0.125431 -0.586060 -0.395164
v -0.103926 -0.581599 -0.355602
v -0.021565 -0.373773 0.054693
v 0.007717 -0.373818 0.040192
v -0.028018 -0.302192 0.148225
v -0.133990 -0.277940 0.209347
v -0.021565 -0.373773 0.054693
v -0.028018 -0.302192 0.148225
v 0.482651 -0.395664 0.573590
v 0.611079 -0.401427 0.503579
v 0.572909 -0.517434 0.590232
v 0.471897 -0.491841 0.635308
v 0.482651 -0.395664 0.573590
v 0.572909 -0.517434 0.590232
v 0.245950 -0.439497 0.717128
v 0.340226 -0.422286 0.615406
v 0.364186 -0.475074 0.659996
v 0.245950 -0.439497 0.717128
v 0.364186 -0.475074 0.659996
v 0.379739 -0.518724 0.688601
v 0.245950 -0.439497 0.717128
v 0.379739 -0.518724 0.688601
v 0.313899 -0.564610 0.745583
v 0.430518 -0.245893 0.411621
v 0.325429 -0.203178 0.211720
v 0.516349 -0.234543 0.219073
v 0.430518 -0.245893 0.411621
v 0.516349 -0.234543 0.219073
v 0.561955 -0.253555 0.307301
v 0.430518 -0.245893 0.411621
v 0.594566 -0.314201 0.400332
v 0.611079 -0.401427 0.503579
v 0.482651 -0.395664 0.573590
v 0.430518 -0.245893 0.411621
v 0.611079 -0.401427 0.503579
v 0.120516 -0.261757 0.558499
v 0.265801 -0.308958 0.465488
v 0.295922 -0.343531 0.526162
v 0.120516 -0.261757 0.558499
v 0.295922 -0.343531 0.526162
v 0.154332 -0.298027 0.608766
v 0.027642 -0.207661 0.359637
v 0.133074 -0.241756 0.307925
v 0.265801 -0.308958 0.465488
v 0.120516 -0.261757 0.558499
v 0.027642 -0.207661 0.359637
v 0.265801 -0.308958 0.465488
v -0.028018 -0.302192 0.148225
v 0.089371 -0.318278 0.110100
v 0.133074 -0.241756 0.307925
v 0.016541 -0.239277 0.319383
v -0.028018 -0.302192 0.148225
v 0.133074 -0.241756 0.307925
v 0.133074 -0.241756 0.307925
v 0.089371 -0.318278 0.110100
v 0.177002 -0.268912 0.286618
v 0.288444 -0.219533 -0.019093
v 0.083199 -0.366291 -0.013793
v 0.030731 -0.363372 0.014559
v 0.083582 -0.292259 0.101348
v 0.288444 -0.219533 -0.019093
v 0.030731 -0.363372 0.014559
v 0.436754 -0.579572 0.688701
v 0.486430 -0.637024 0.677601
v 0.388809 -0.677460 0.731894
v 0.387928 -0.611010 0.721875
v 0.436754 -0.579572 0.688701
v 0.388809 -0.677460 0.731894
v -0.133990 -0.277940 0.209347
v -0.028018 -0.302192 0.148225
v 0.016541 -0.239277 0.319383
v -0.119377 -0.229220 0.395498
v -0.133990 -0.277940 0.209347
v 0.016541 -0.239277 0.319383
v -0.092615 -0.243410 0.480569
v 0.027642 -0.207661 0.359637
v 0.120516 -0.261757 0.558499
v -0.036457 -0.280879 0.627966
v -0.092615 -0.243410 0.480569
v 0.120516 -0.261757 0.558499
v -0.036457 -0.280879 0.627966
v 0.120516 -0.261757 0.558499
v 0.154332 -0.298027 0.608766
v -0.036457 -0.280879 0.627966
v 0.154332 -0.298027 0.608766
v 0.014218 -0.321383 0.685427
v 0.007717 -0.373818 0.040192
v 0.037001 -0.373870 0.025696
v 0.089371 -0.318278 0.110100
v -0.028018 -0.302192 0.148225
v 0.007717 -0.373818 0.040192
v 0.089371 -0.318278 0.110100
v 0.265801 -0.308958 0.465488
v 0.430518 -0.245893 0.411621
v 0.482651 -0.395664 0.573590
v 0.295922 -0.343531 0.526162
v 0.265801 -0.308958 0.465488
v 0.482651 -0.395664 0.573590
v 0.340226 -0.422286 0.615406
v 0.295922 -0.343531 0.526162
v 0.482651 -0.395664 0.573590
v 0.177002 -0.268912 0.286618
v 0.325429 -0.203178 0.211720
v 0.430518 -0.245893 0.411621
v 0.265801 -0.308958 0.465488
v 0.177002 -0.268912 0.286618
v 0.430518 -0.245893 0.411621
v 0.089371 -0.318278 0.110100
v 0.215482 -0.261984 0.070809
v 0.325429 -0.203178 0.211720
v 0.177002 -0.268912 0.286618
v 0.089371 -0.318278 0.110100
v 0.325429 -0.203178 0.211720
v 0.340226 -0.422286 0.615406
v 0.482651 -0.395664 0.573590
v 0.471897 -0.491841 0.635308
v 0.364186 -0.475074 0.659996
v 0.340226 -0.422286 0.615406
v 0.471897 -0.491841 0.635308
v 0.379739 -0.518724 0.688601
v 0.436754 -0.579572 0.688701
v 0.387928 -0.611010 0.721875
v 0.265801 -0.308958 0.465488
v 0.133074 -0.241756 0.307925
v 0.177002 -0.268912 0.286618
v 0.313899 -0.564610 0.745583
v 0.379739 -0.518724 0.688601
v 0.387928 -0.611010 0.721875
v 0.313899 -0.564610 0.745583
v 0.387928 -0.611010 0.721875
v 0.388809 -0.677460 0.731894
v 0.313899 -0.564610 0.745583
v 0.388809 -0.677460 0.731894
v 0.249476 -0.596424 0.784241
v 0.364186 -0.475074 0.659996
v 0.465628 -0.527679 0.652689
v 0.436754 -0.579572 0.688701
v 0.379739 -0.518724 0.688601
v 0.364186 -0.475074 0.659996
v 0.436754 -0.579572 0.688701
v 0.465628 -0.527679 0.652689
v 0.551953 -0.569812 0.618739
v 0.486430 -0.637024 0.677601
v 0.436754 -0.579572 0.688701
v 0.465628 -0.527679 0.652689
v 0.486430 -0.637024 0.677601
v 0.154332 -0.298027 0.608766
v 0.295922 -0.343531 0.526162
v 0.181266 -0.334353 0.647751
v 0.065382 -0.377245 0.740057
v 0.181266 -0.334353 0.647751
v 0.223370 -0.408981 0.708726
v 0.065382 -0.377245 0.740057
v 0.223370 -0.408981 0.708726
v 0.120275 -0.443390 0.783939
v 0.465628 -0.527679 0.652689
v 0.364186 -0.475074 0.659996
v 0.471897 -0.491841 0.635308
v 0.181266 -0.334353 0.647751
v 0.295922 -0.343531 0.526162
v 0.340226 -0.422286 0.615406
v 0.181266 -0.334353 0.647751
v 0.340226 -0.422286 0.615406
v 0.223370 -0.408981 0.708726
v 0.161368 -0.501581 0.791297
v 0.245950 -0.439497 0.717128
v 0.313899 -0.564610 0.745583
v 0.161368 -0.501581 0.791297
v 0.313899 -0.564610 0.745583
v 0.249476 -0.596424 0.784241
v 0.215482 -0.261984 0.070809
v 0.372938 -0.255725 0.058823
v 0.470428 -0.229857 0.115161
v 0.325429 -0.203178 0.211720
v 0.215482 -0.261984 0.070809
v 0.470428 -0.229857 0.115161
v -0.030180 -0.277023 0.136020
v 0.005030 -0.364012 0.026399
v -0.025900 -0.365070 0.039493
v -0.030180 -0.277023 0.136020
v -0.025900 -0.365070 0.039493
v -0.135499 -0.251610 0.199781
v 0.585532 -0.505096 0.612038
v 0.622089 -0.383483 0.522123
v 0.490043 -0.377558 0.593707
v 0.585532 -0.505096 0.612038
v 0.490043 -0.377558 0.593707
v 0.480274 -0.478423 0.658478
v 0.374193 -0.459833 0.681319
v 0.348391 -0.402990 0.634063
v 0.258147 -0.426443 0.738761
v 0.391545 -0.505612 0.710414
v 0.374193 -0.459833 0.681319
v 0.258147 -0.426443 0.738761
v 0.326193 -0.555157 0.768964
v 0.391545 -0.505612 0.710414
v 0.258147 -0.426443 0.738761
v 0.516829 -0.205797 0.214810
v 0.321534 -0.175395 0.211873
v 0.431953 -0.220565 0.423601
v 0.566352 -0.226081 0.310901
v 0.516829 -0.205797 0.214810
v 0.431953 -0.220565 0.423601
v 0.622089 -0.383483 0.522123
v 0.604309 -0.293380 0.416416
v 0.431953 -0.220565 0.423601
v 0.622089 -0.383483 0.522123
v 0.431953 -0.220565 0.423601
v 0.490043 -0.377558 0.593707
v 0.303176 -0.320725 0.540804
v 0.270169 -0.283062 0.475358
v 0.126902 -0.235765 0.566912
v 0.164337 -0.274311 0.619928
v 0.303176 -0.320725 0.540804
v 0.126902 -0.235765 0.566912
v 0.270169 -0.283062 0.475358
v 0.141577 -0.215413 0.303362
v 0.033202 -0.180576 0.364385
v 0.270169 -0.283062 0.475358
v 0.033202 -0.180576 0.364385
v 0.126902 -0.235765 0.566912
v 0.141577 -0.215413 0.303362
v 0.083582 -0.292259 0.101348
v -0.030180 -0.277023 0.136020
v 0.141577 -0.215413 0.303362
v -0.030180 -0.277023 0.136020
v 0.016082 -0.212725 0.310333
v 0.141577 -0.215413 0.303362
v 0.178451 -0.240934 0.285114
v 0.083582 -0.292259 0.101348
v 0.300972 -0.242189 -0.008282
v 0.288444 -0.219533 -0.019093
v 0.083582 -0.292259 0.101348
v 0.089371 -0.318278 0.110100
v 0.300972 -0.242189 -0.008282
v 0.083582 -0.292259 0.101348
v 0.400894 -0.672651 0.756753
v 0.499459 -0.630461 0.701565
v 0.448708 -0.570912 0.712560
v 0.400894 -0.672651 0.756753
v 0.448708 -0.570912 0.712560
v 0.399972 -0.604607 0.746392
v 0.016082 -0.212725 0.310333
v -0.030180 -0.277023 0.136020
v -0.135499 -0.251610 0.199781
v 0.016082 -0.212725 0.310333
v -0.135499 -0.251610 0.199781
v -0.120246 -0.202414 0.387266
v 0.126902 -0.235765 0.566912
v 0.033202 -0.180576 0.364385
v -0.092956 -0.216325 0.487878
v 0.126902 -0.235765 0.566912
v -0.092956 -0.216325 0.487878
v -0.034913 -0.255002 0.638694
v 0.164337 -0.274311 0.619928
v 0.126902 -0.235765 0.566912
v -0.034913 -0.255002 0.638694
v 0.017800 -0.297472 0.699659
v 0.164337 -0.274311 0.619928
v -0.034913 -0.255002 0.638694
v 0.083582 -0.292259 0.101348
v 0.030731 -0.363372 0.014559
v 0.005030 -0.364012 0.026399
v 0.083582 -0.292259 0.101348
v 0.005030 -0.364012 0.026399
v -0.030180 -0.277023 0.136020
v 0.490043 -0.377558 0.593707
v 0.431953 -0.220565 0.423601
v 0.270169 -0.283062 0.475358
v 0.490043 -0.377558 0.593707
v 0.270169 -0.283062 0.475358
v 0.303176 -0.320725 0.540804
v 0.490043 -0.377558 0.593707
v 0.303176 -0.320725 0.540804
v 0.348391 -0.402990 0.634063
v 0.431953 -0.220565 0.423601
v 0.321534 -0.175395 0.211873
v 0.178451 -0.240934 0.285114
v 0.431953 -0.220565 0.423601
v 0.178451 -0.240934 0.285114
v 0.270169 -0.283062 0.475358
v 0.321534 -0.175395 0.211873
v 0.206693 -0.235670 0.066636
v 0.083582 -0.292259 0.101348
v 0.321534 -0.175395 0.211873
v 0.083582 -0.292259 0.101348
v 0.178451 -0.240934 0.285114
v 0.480274 -0.478423 0.658478
v 0.490043 -0.377558 0.593707
v 0.348391 -0.402990 0.634063
v 0.480274 -0.478423 0.658478
v 0.348391 -0.402990 0.634063
v 0.374193 -0.459833 0.681319
v 0.391545 -0.505612 0.710414
v 0.399972 -0.604607 0.746392
v 0.448708 -0.570912 0.712560
v 0.270169 -0.283062 0.475358
v 0.178451 -0.240934 0.285114
v 0.141577 -0.215413 0.303362
v 0.326193 -0.555157 0.768964
v 0.399972 -0.604607 0.746392
v 0.391545 -0.505612 0.710414
v 0.400894 -0.672651 0.756753
v 0.399972 -0.604607 0.746392
v 0.326193 -0.555157 0.768964
v 0.260991 -0.587903 0.808364
v 0.400894 -0.672651 0.756753
v 0.326193 -0.555157 0.768964
v 0.448708 -0.570912 0.712560
v 0.476531 -0.517051 0.676253
v 0.374193 -0.459833 0.681319
v 0.448708 -0.570912 0.712560
v 0.374193 -0.459833 0.681319
v 0.391545 -0.505612 0.710414
v 0.499459 -0.630461 0.701565
v 0.565440 -0.561937 0.642045
v 0.476531 -0.517051 0.676253
v 0.499459 -0.630461 0.701565
v 0.476531 -0.517051 0.676253
v 0.448708 -0.570912 0.712560
v 0.164337 -0.274311 0.619928
v 0.193364 -0.313459 0.662041
v 0.303176 -0.320725 0.540804
v 0.234140 -0.388827 0.725003
v 0.193364 -0.313459 0.662041
v 0.073004 -0.357936 0.758931
v 0.127897 -0.424081 0.802812
v 0.234140 -0.388827 0.725003
v 0.073004 -0.357936 0.758931
v 0.476531 -0.517051 0.676253
v 0.480274 -0.478423 0.658478
v 0.374193 -0.459833 0.681319
v 0.348391 -0.402990 0.634063
v 0.303176 -0.320725 0.540804
v 0.193364 -0.313459 0.662041
v 0.234140 -0.388827 0.725003
v 0.348391 -0.402990 0.634063
v 0.193364 -0.313459 0.662041
v 0.326193 -0.555157 0.768964
v 0.258147 -0.426443 0.738761
v 0.172677 -0.491270 0.814811
v 0.260991 -0.587903 0.808364
v 0.326193 -0.555157 0.768964
v 0.172677 -0.491270 0.814811
v 0.472167 -0.201932 0.113096
v 0.370891 -0.229465 0.049162
v 0.206693 -0.235670 0.066636
v 0.472167 -0.201932 0.113096
v 0.206693 -0.235670 0.066636
v 0.321534 -0.175395 0.211873
v 0.083199 -0.366291 -0.013793
v 0.288444 -0.219533 -0.019093
v 0.300972 -0.242189 -0.008282
v 0.095727 -0.374470 -0.002982
v 0.083199 -0.366291 -0.013793
v 0.300972 -0.242189 -0.008282
v -0.120246 -0.202414 0.387266
v -0.135499 -0.251610 0.199781
v -0.133990 -0.277940 0.209347
v -0.120246 -0.202414 0.387266
v -0.133990 -0.277940 0.209347
v -0.119377 -0.229220 0.395498
v -0.135499 -0.251610 0.199781
v -0.025900 -0.365070 0.039493
v -0.021565 -0.373773 0.054693
v -0.135499 -0.251610 0.199781
v -0.021565 -0.373773 0.054693
v -0.133990 -0.277940 0.209347
v 0.486430 -0.637024 0.677601
v 0.551953 -0.569812 0.618739
v 0.565440 -0.561937 0.642045
v 0.486430 -0.637024 0.677601
v 0.565440 -0.561937 0.642045
v 0.499459 -0.630461 0.701565
v -0.034913 -0.255002 0.638694
v -0.036457 -0.280879 0.627966
v 0.014218 -0.321383 0.685427
v 0.017800 -0.297472 0.699659
v -0.034913 -0.255002 0.638694
v 0.014218 -0.321383 0.685427
v -0.092956 -0.216325 0.487878
v -0.092615 -0.243410 0.480569
v -0.036457 -0.280879 0.627966
v -0.034913 -0.255002 0.638694
v -0.092956 -0.216325 0.487878
v -0.036457 -0.280879 0.627966
v 0.372938 -0.255725 0.058823
v 0.370891 -0.229465 0.049162
v 0.472167 -0.201932 0.113096
v 0.470428 -0.229857 0.115161
v 0.372938 -0.255725 0.058823
v 0.472167 -0.201932 0.113096
v 0.516349 -0.234543 0.219073
v 0.516829 -0.205797 0.214810
v 0.566352 -0.226081 0.310901
v 0.561955 -0.253555 0.307301
v 0.516349 -0.234543 0.219073
v 0.566352 -0.226081 0.310901
v 0.611079 -0.401427 0.503579
v 0.594566 -0.314201 0.400332
v 0.604309 -0.293380 0.416416
v 0.611079 -0.401427 0.503579
v 0.604309 -0.293380 0.416416
v 0.622089 -0.383483 0.522123
v 0.033202 -0.180576 0.364385
v 0.027642 -0.207661 0.359637
v -0.092615 -0.243410 0.480569
v -0.092956 -0.216325 0.487878
v 0.033202 -0.180576 0.364385
v -0.092615 -0.243410 0.480569
v 0.120275 -0.443390 0.783939
v 0.223370 -0.408981 0.708726
v 0.234140 -0.388827 0.725003
v 0.120275 -0.443390 0.783939
v 0.234140 -0.388827 0.725003
v 0.127897 -0.424081 0.802812
v 0.206693 -0.235670 0.066636
v 0.370891 -0.229465 0.049162
v 0.372938 -0.255725 0.058823
v 0.206693 -0.235670 0.066636
v 0.372938 -0.255725 0.058823
v 0.215482 -0.261984 0.070809
v 0.033202 -0.180576 0.364385
v 0.141577 -0.215413 0.303362
v 0.133074 -0.241756 0.307925
v 0.033202 -0.180576 0.364385
v 0.133074 -0.241756 0.307925
v 0.027642 -0.207661 0.359637
v 0.223370 -0.408981 0.708726
v 0.340226 -0.422286 0.615406
v 0.348391 -0.402990 0.634063
v 0.223370 -0.408981 0.708726
v 0.348391 -0.402990 0.634063
v 0.234140 -0.388827 0.725003
v 0.037001 -0.373870 0.025696
v 0.095727 -0.374470 -0.002982
v 0.300972 -0.242189 -0.008282
v 0.037001 -0.373870 0.025696
v 0.300972 -0.242189 -0.008282
v 0.089371 -0.318278 0.110100
v 0.430518 -0.245893 0.411621
v 0.561955 -0.253555 0.307301
v 0.566352 -0.226081 0.310901
v 0.430518 -0.245893 0.411621
v 0.566352 -0.226081 0.310901
v 0.431953 -0.220565 0.423601
v 0.388809 -0.677460 0.731894
v 0.486430 -0.637024 0.677601
v 0.499459 -0.630461 0.701565
v 0.388809 -0.677460 0.731894
v 0.499459 -0.630461 0.701565
v 0.400894 -0.672651 0.756753
v 0.604309 -0.293380 0.416416
v 0.594566 -0.314201 0.400332
v 0.430518 -0.245893 0.411621
v 0.604309 -0.293380 0.416416
v 0.430518 -0.245893 0.411621
v 0.431953 -0.220565 0.423601
v 0.161368 -0.501581 0.791297
v 0.249476 -0.596424 0.784241
v 0.260991 -0.587903 0.808364
v 0.172677 -0.491270 0.814811
v 0.161368 -0.501581 0.791297
v 0.260991 -0.587903 0.808364
v 0.249476 -0.596424 0.784241
v 0.388809 -0.677460 0.731894
v 0.400894 -0.672651 0.756753
v 0.249476 -0.596424 0.784241
v 0.400894 -0.672651 0.756753
v 0.260991 -0.587903 0.808364
v 0.133074 -0.241756 0.307925
v 0.141577 -0.215413 0.303362
v 0.016082 -0.212725 0.310333
v 0.016541 -0.239277 0.319383
v 0.133074 -0.241756 0.307925
v 0.016082 -0.212725 0.310333
v 0.016541 -0.239277 0.319383
v 0.016082 -0.212725 0.310333
v -0.120246 -0.202414 0.387266
v -0.119377 -0.229220 0.395498
v 0.016541 -0.239277 0.319383
v -0.120246 -0.202414 0.387266
v 0.565440 -0.561937 0.642045
v 0.551953 -0.569812 0.618739
v 0.465628 -0.527679 0.652689
v 0.476531 -0.517051 0.676253
v 0.565440 -0.561937 0.642045
v 0.465628 -0.527679 0.652689
v 0.572909 -0.517434 0.590232
v 0.611079 -0.401427 0.503579
v 0.622089 -0.383483 0.522123
v 0.572909 -0.517434 0.590232
v 0.622089 -0.383483 0.522123
v 0.585532 -0.505096 0.612038
v 0.471897 -0.491841 0.635308
v 0.572909 -0.517434 0.590232
v 0.585532 -0.505096 0.612038
v 0.471897 -0.491841 0.635308
v 0.585532 -0.505096 0.612038
v 0.480274 -0.478423 0.658478
v 0.164337 -0.274311 0.619928
v 0.154332 -0.298027 0.608766
v 0.181266 -0.334353 0.647751
v 0.193364 -0.313459 0.662041
v 0.164337 -0.274311 0.619928
v 0.181266 -0.334353 0.647751
v 0.073004 -0.357936 0.758931
v 0.065382 -0.377245 0.740057
v 0.120275 -0.443390 0.783939
v 0.127897 -0.424081 0.802812
v 0.073004 -0.357936 0.758931
v 0.120275 -0.443390 0.783939
v 0.193364 -0.313459 0.662041
v 0.181266 -0.334353 0.647751
v 0.065382 -0.377245 0.740057
v 0.073004 -0.357936 0.758931
v 0.193364 -0.313459 0.662041
v 0.065382 -0.377245 0.740057
v 0.014218 -0.321383 0.685427
v 0.154332 -0.298027 0.608766
v 0.164337 -0.274311 0.619928
v 0.014218 -0.321383 0.685427
v 0.164337 -0.274311 0.619928
v 0.017800 -0.297472 0.699659
v 0.465628 -0.527679 0.652689
v 0.471897 -0.491841 0.635308
v 0.480274 -0.478423 0.658478
v 0.476531 -0.517051 0.676253
v 0.465628 -0.527679 0.652689
v 0.480274 -0.478423 0.658478
v 0.083582 -0.292259 0.101348
v 0.206693 -0.235670 0.066636
v 0.215482 -0.261984 0.070809
v 0.083582 -0.292259 0.101348
v 0.215482 -0.261984 0.070809
v 0.089371 -0.318278 0.110100
v 0.348391 -0.402990 0.634063
v 0.340226 -0.422286 0.615406
v 0.245950 -0.439497 0.717128
v 0.258147 -0.426443 0.738761
v 0.348391 -0.402990 0.634063
v 0.245950 -0.439497 0.717128
v 0.258147 -0.426443 0.738761
v 0.245950 -0.439497 0.717128
v 0.161368 -0.501581 0.791297
v 0.172677 -0.491270 0.814811
v 0.258147 -0.426443 0.738761
v 0.161368 -0.501581 0.791297
v 0.470428 -0.229857 0.115161
v 0.472167 -0.201932 0.113096
v 0.516829 -0.205797 0.214810
v 0.516349 -0.234543 0.219073
v 0.470428 -0.229857 0.115161
v 0.516829 -0.205797 0.214810
v 0.516829 -0.205797 0.214810
v 0.472167 -0.201932 0.113096
v 0.321534 -0.175395 0.211873
v 0.516349 -0.234543 0.219073
v 0.325429 -0.203178 0.211720
v 0.470428 -0.229857 0.115161
v -0.091056 -0.316729 -0.121653
v -0.019519 -0.376438 -0.163582
v 0.025683 -0.413711 -0.061279
v 0.027151 -0.411561 0.026011
v -0.091056 -0.316729 -0.121653
v 0.025683 -0.413711 -0.061279
v -0.858491 -0.767307 0.357946
v -0.853612 -0.680080 0.155638
v -0.842780 -0.591500 0.254748
v -0.858491 -0.767307 0.357946
v -0.842780 -0.591500 0.254748
v -0.829756 -0.591378 0.449925
v -0.384262 -0.246820 0.271953
v -0.085920 -0.304296 0.200986
v -0.053951 -0.312188 0.317652
v -0.194197 -0.284441 0.411171
v -0.384262 -0.246820 0.271953
v -0.053951 -0.312188 0.317652
v -0.660515 -0.360834 0.285071
v -0.384262 -0.246820 0.271953
v -0.493683 -0.281459 0.491162
v -0.620997 -0.329721 0.496937
v -0.660515 -0.360834 0.285071
v -0.493683 -0.281459 0.491162
v -0.829756 -0.591378 0.449925
v -0.842780 -0.591500 0.254748
v -0.660515 -0.360834 0.285071
v -0.829756 -0.591378 0.449925
v -0.660515 -0.360834 0.285071
v -0.731677 -0.440269 0.485678
v -0.654104 -0.386629 -0.181246
v -0.623868 -0.420377 0.051764
v -0.725858 -0.444614 -0.165030
v -0.539050 -0.309043 -0.179853
v -0.388480 -0.241757 -0.180662
v -0.380030 -0.282759 -0.022714
v -0.623868 -0.420377 0.051764
v -0.539050 -0.309043 -0.179853
v -0.380030 -0.282759 -0.022714
v -0.380030 -0.282759 -0.022714
v -0.331671 -0.242439 -0.171047
v -0.091056 -0.316729 -0.121653
v -0.380030 -0.282759 -0.022714
v -0.091056 -0.316729 -0.121653
v -0.096044 -0.355320 0.037367
v -0.874517 -0.836719 -0.061794
v -0.843621 -0.605399 -0.135702
v -0.802738 -0.620367 0.059369
v -0.865976 -0.777715 0.068553
v -0.874517 -0.836719 -0.061794
v -0.802738 -0.620367 0.059369
v -0.380030 -0.282759 -0.022714
v -0.096044 -0.355320 0.037367
v -0.374396 -0.317020 0.043374
v 0.027151 -0.411561 0.026011
v -0.085920 -0.304296 0.200986
v -0.096044 -0.355320 0.037367
v -0.851535 -0.938792 0.206916
v -0.838998 -0.994646 0.059002
v -0.862601 -0.908681 0.062031
v -0.851535 -0.938792 0.206916
v -0.862601 -0.908681 0.062031
v -0.867166 -0.863817 0.139103
v -0.331671 -0.242439 -0.171047
v -0.275403 -0.291979 -0.358779
v -0.100580 -0.332837 -0.287710
v -0.331671 -0.242439 -0.171047
v -0.100580 -0.332837 -0.287710
v -0.091056 -0.316729 -0.121653
v -0.539050 -0.309043 -0.179853
v -0.490362 -0.332162 -0.403989
v -0.387000 -0.292749 -0.401596
v -0.539050 -0.309043 -0.179853
v -0.387000 -0.292749 -0.401596
v -0.388480 -0.241757 -0.180662
v -0.739781 -0.495341 -0.373020
v -0.642818 -0.415481 -0.409959
v -0.654104 -0.386629 -0.181246
v -0.725858 -0.444614 -0.165030
v -0.739781 -0.495341 -0.373020
v -0.654104 -0.386629 -0.181246
v 0.027151 -0.411561 0.026011
v -0.096044 -0.355320 0.037367
v -0.091056 -0.316729 -0.121653
v -0.085920 -0.304296 0.200986
v 0.027151 -0.411561 0.026011
v 0.028235 -0.409967 0.113324
v -0.085920 -0.304296 0.200986
v 0.028235 -0.409967 0.113324
v -0.053951 -0.312188 0.317652
v -0.718528 -0.523114 0.055215
v -0.623868 -0.420377 0.051764
v -0.660515 -0.360834 0.285071
v -0.802738 -0.620367 0.059369
v -0.718528 -0.523114 0.055215
v -0.660515 -0.360834 0.285071
v -0.842780 -0.591500 0.254748
v -0.802738 -0.620367 0.059369
v -0.660515 -0.360834 0.285071
v -0.623868 -0.420377 0.051764
v -0.374396 -0.317020 0.043374
v -0.384262 -0.246820 0.271953
v -0.660515 -0.360834 0.285071
v -0.623868 -0.420377 0.051764
v -0.384262 -0.246820 0.271953
v -0.374396 -0.317020 0.043374
v -0.096044 -0.355320 0.037367
v -0.085920 -0.304296 0.200986
v -0.384262 -0.246820 0.271953
v -0.374396 -0.317020 0.043374
v -0.085920 -0.304296 0.200986
v -0.802738 -0.620367 0.059369
v -0.842780 -0.591500 0.254748
v -0.853612 -0.680080 0.155638
v -0.865976 -0.777715 0.068553
v -0.867166 -0.863817 0.139103
v -0.862601 -0.908681 0.062031
v -0.623868 -0.420377 0.051764
v -0.380030 -0.282759 -0.022714
v -0.374396 -0.317020 0.043374
v -0.871828 -0.859848 -0.022493
v -0.865976 -0.777715 0.068553
v -0.862601 -0.908681 0.062031
v -0.838998 -0.994646 0.059002
v -0.863260 -0.912090 -0.105049
v -0.871828 -0.859848 -0.022493
v -0.838998 -0.994646 0.059002
v -0.871828 -0.859848 -0.022493
v -0.862601 -0.908681 0.062031
v -0.865976 -0.777715 0.068553
v -0.802738 -0.620367 0.059369
v -0.853612 -0.680080 0.155638
v -0.867166 -0.863817 0.139103
v -0.865976 -0.777715 0.068553
v -0.853612 -0.680080 0.155638
v -0.851535 -0.938792 0.206916
v -0.867166 -0.863817 0.139103
v -0.853612 -0.680080 0.155638
v -0.851535 -0.938792 0.206916
v -0.853612 -0.680080 0.155638
v -0.854501 -0.841315 0.317816
v -0.799938 -0.571060 -0.342175
v -0.739781 -0.495341 -0.373020
v -0.725858 -0.444614 -0.165030
v -0.779889 -0.518384 -0.151574
v -0.799938 -0.571060 -0.342175
v -0.725858 -0.444614 -0.165030
v -0.539050 -0.309043 -0.179853
v -0.623868 -0.420377 0.051764
v -0.654104 -0.386629 -0.181246
v -0.654104 -0.386629 -0.181246
v -0.642818 -0.415481 -0.409959
v -0.490362 -0.332162 -0.403989
v -0.654104 -0.386629 -0.181246
v -0.490362 -0.332162 -0.403989
v -0.539050 -0.309043 -0.179853
v -0.493683 -0.281459 0.491162
v -0.384262 -0.246820 0.271953
v -0.374231 -0.251557 0.488509
v -0.384262 -0.246820 0.271953
v -0.194197 -0.284441 0.411171
v -0.374231 -0.251557 0.488509
v -0.869452 -0.874323 -0.177340
v -0.847139 -0.686368 -0.288778
v -0.843621 -0.605399 -0.135702
v -0.874517 -0.836719 -0.061794
v -0.869452 -0.874323 -0.177340
v -0.843621 -0.605399 -0.135702
v -0.019519 -0.376438 -0.163582
v -0.091056 -0.316729 -0.121653
v -0.100580 -0.332837 -0.287710
v -0.843621 -0.605399 -0.135702
v -0.779889 -0.518384 -0.151574
v -0.718528 -0.523114 0.055215
v -0.802738 -0.620367 0.059369
v -0.843621 -0.605399 -0.135702
v -0.718528 -0.523114 0.055215
v -0.779889 -0.518384 -0.151574
v -0.725858 -0.444614 -0.165030
v -0.623868 -0.420377 0.051764
v -0.718528 -0.523114 0.055215
v -0.779889 -0.518384 -0.151574
v -0.623868 -0.420377 0.051764
v -0.847139 -0.686368 -0.288778
v -0.823354 -0.628263 -0.315685
v -0.779889 -0.518384 -0.151574
v -0.843621 -0.605399 -0.135702
v -0.847139 -0.686368 -0.288778
v -0.779889 -0.518384 -0.151574
v 0.040741 -0.395830 -0.061674
v -0.004929 -0.358223 -0.164972
v -0.081182 -0.295575 -0.120373
v 0.040741 -0.395830 -0.061674
v -0.081182 -0.295575 -0.120373
v 0.039532 -0.391746 0.025171
v -0.864022 -0.581912 0.252883
v -0.876317 -0.674949 0.153449
v -0.881690 -0.764607 0.359013
v -0.850900 -0.581409 0.450342
v -0.864022 -0.581912 0.252883
v -0.881690 -0.764607 0.359013
v -0.046085 -0.290176 0.317189
v -0.077473 -0.282766 0.197563
v -0.386738 -0.223810 0.268631
v -0.046085 -0.290176 0.317189
v -0.386738 -0.223810 0.268631
v -0.189745 -0.261490 0.411380
v -0.501419 -0.259403 0.490593
v -0.386738 -0.223810 0.268631
v -0.674132 -0.342214 0.281270
v -0.501419 -0.259403 0.490593
v -0.674132 -0.342214 0.281270
v -0.629758 -0.308081 0.495694
v -0.674132 -0.342214 0.281270
v -0.864022 -0.581912 0.252883
v -0.850900 -0.581409 0.450342
v -0.750522 -0.426432 0.485682
v -0.674132 -0.342214 0.281270
v -0.850900 -0.581409 0.450342
v -0.667786 -0.367673 -0.180983
v -0.742492 -0.428244 -0.163631
v -0.637770 -0.401580 0.051510
v -0.382905 -0.261136 -0.014302
v -0.397894 -0.220375 -0.179786
v -0.549867 -0.288330 -0.179114
v -0.382905 -0.261136 -0.014302
v -0.549867 -0.288330 -0.179114
v -0.637770 -0.401580 0.051510
v -0.081182 -0.295575 -0.120373
v -0.325690 -0.219925 -0.169056
v -0.382905 -0.261136 -0.014302
v -0.089190 -0.332973 0.036855
v -0.081182 -0.295575 -0.120373
v -0.382905 -0.261136 -0.014302
v -0.823350 -0.609345 0.058827
v -0.865023 -0.596006 -0.135141
v -0.897515 -0.832560 -0.061168
v -0.823350 -0.609345 0.058827
v -0.897515 -0.832560 -0.061168
v -0.889015 -0.773737 0.068503
v -0.382905 -0.261136 -0.014302
v -0.377306 -0.293935 0.045649
v -0.089190 -0.332973 0.036855
v 0.039532 -0.391746 0.025171
v -0.089190 -0.332973 0.036855
v -0.077473 -0.282766 0.197563
v -0.885664 -0.912485 0.062520
v -0.861753 -1.000000 0.059427
v -0.874776 -0.941029 0.208127
v -0.890525 -0.864758 0.139326
v -0.885664 -0.912485 0.062520
v -0.874776 -0.941029 0.208127
v -0.091755 -0.311405 -0.290769
v -0.268368 -0.269909 -0.361945
v -0.325690 -0.219925 -0.169056
v -0.081182 -0.295575 -0.120373
v -0.091755 -0.311405 -0.290769
v -0.325690 -0.219925 -0.169056
v -0.395862 -0.271592 -0.406117
v -0.500610 -0.311575 -0.408205
v -0.549867 -0.288330 -0.179114
v -0.397894 -0.220375 -0.179786
v -0.395862 -0.271592 -0.406117
v -0.549867 -0.288330 -0.179114
v -0.667786 -0.367673 -0.180983
v -0.656282 -0.396692 -0.413461
v -0.756813 -0.479532 -0.375595
v -0.667786 -0.367673 -0.180983
v -0.756813 -0.479532 -0.375595
v -0.742492 -0.428244 -0.163631
v 0.039532 -0.391746 0.025171
v -0.081182 -0.295575 -0.120373
v -0.089190 -0.332973 0.036855
v 0.043268 -0.392162 0.111438
v 0.039532 -0.391746 0.025171
v -0.077473 -0.282766 0.197563
v -0.046085 -0.290176 0.317189
v 0.043268 -0.392162 0.111438
v -0.077473 -0.282766 0.197563
v -0.674132 -0.342214 0.281270
v -0.637770 -0.401580 0.051510
v -0.736278 -0.507899 0.055035
v -0.674132 -0.342214 0.281270
v -0.736278 -0.507899 0.055035
v -0.823350 -0.609345 0.058827
v -0.674132 -0.342214 0.281270
v -0.823350 -0.609345 0.058827
v -0.864022 -0.581912 0.252883
v -0.386738 -0.223810 0.268631
v -0.377306 -0.293935 0.045649
v -0.637770 -0.401580 0.051510
v -0.386738 -0.223810 0.268631
v -0.637770 -0.401580 0.051510
v -0.674132 -0.342214 0.281270
v -0.077473 -0.282766 0.197563
v -0.089190 -0.332973 0.036855
v -0.377306 -0.293935 0.045649
v -0.077473 -0.282766 0.197563
v -0.377306 -0.293935 0.045649
v -0.386738 -0.223810 0.268631
v -0.823350 -0.609345 0.058827
v -0.876317 -0.674949 0.153449
v -0.864022 -0.581912 0.252883
v -0.889015 -0.773737 0.068503
v -0.885664 -0.912485 0.062520
v -0.890525 -0.864758 0.139326
v -0.637770 -0.401580 0.051510
v -0.377306 -0.293935 0.045649
v -0.382905 -0.261136 -0.014302
v -0.894903 -0.863492 -0.021552
v -0.885664 -0.912485 0.062520
v -0.889015 -0.773737 0.068503
v -0.894903 -0.863492 -0.021552
v -0.886002 -0.917508 -0.104848
v -0.861753 -1.000000 0.059427
v -0.885664 -0.912485 0.062520
v -0.894903 -0.863492 -0.021552
v -0.861753 -1.000000 0.059427
v -0.876317 -0.674949 0.153449
v -0.823350 -0.609345 0.058827
v -0.889015 -0.773737 0.068503
v -0.876317 -0.674949 0.153449
v -0.889015 -0.773737 0.068503
v -0.890525 -0.864758 0.139326
v -0.876317 -0.674949 0.153449
v -0.890525 -0.864758 0.139326
v -0.874776 -0.941029 0.208127
v -0.877823 -0.841178 0.319451
v -0.876317 -0.674949 0.153449
v -0.874776 -0.941029 0.208127
v -0.742492 -0.428244 -0.163631
v -0.756813 -0.479532 -0.375595
v -0.818729 -0.557290 -0.344145
v -0.742492 -0.428244 -0.163631
v -0.818729 -0.557290 -0.344145
v -0.798493 -0.504326 -0.149884
v -0.549867 -0.288330 -0.179114
v -0.667786 -0.367673 -0.180983
v -0.637770 -0.401580 0.051510
v -0.500610 -0.311575 -0.408205
v -0.656282 -0.396692 -0.413461
v -0.667786 -0.367673 -0.180983
v -0.549867 -0.288330 -0.179114
v -0.500610 -0.311575 -0.408205
v -0.667786 -0.367673 -0.180983
v -0.501419 -0.259403 0.490593
v -0.375525 -0.228221 0.489079
v -0.386738 -0.223810 0.268631
v -0.386738 -0.223810 0.268631
v -0.375525 -0.228221 0.489079
v -0.189745 -0.261490 0.411380
v -0.865023 -0.596006 -0.135141
v -0.869339 -0.679472 -0.291272
v -0.892675 -0.871906 -0.178540
v -0.865023 -0.596006 -0.135141
v -0.892675 -0.871906 -0.178540
v -0.897515 -0.832560 -0.061168
v -0.004929 -0.358223 -0.164972
v -0.091755 -0.311405 -0.290769
v -0.081182 -0.295575 -0.120373
v -0.736278 -0.507899 0.055035
v -0.798493 -0.504326 -0.149884
v -0.865023 -0.596006 -0.135141
v -0.736278 -0.507899 0.055035
v -0.865023 -0.596006 -0.135141
v -0.823350 -0.609345 0.058827
v -0.637770 -0.401580 0.051510
v -0.742492 -0.428244 -0.163631
v -0.798493 -0.504326 -0.149884
v -0.637770 -0.401580 0.051510
v -0.798493 -0.504326 -0.149884
v -0.736278 -0.507899 0.055035
v -0.798493 -0.504326 -0.149884
v -0.843588 -0.617148 -0.319375
v -0.869339 -0.679472 -0.291272
v -0.798493 -0.504326 -0.149884
v -0.869339 -0.679472 -0.291272
v -0.865023 -0.596006 -0.135141
v 0.028235 -0.409967 0.113324
v 0.043268 -0.392162 0.111438
v -0.046085 -0.290176 0.317189
v -0.053951 -0.312188 0.317652
v 0.028235 -0.409967 0.113324
v -0.046085 -0.290176 0.317189
v -0.275403 -0.291979 -0.358779
v -0.268368 -0.269909 -0.361945
v -0.091755 -0.311405 -0.290769
v -0.100580 -0.332837 -0.287710
v -0.275403 -0.291979 -0.358779
v -0.091755 -0.311405 -0.290769
v -0.019519 -0.376438 -0.163582
v -0.004929 -0.358223 -0.164972
v 0.040741 -0.395830 -0.061674
v 0.025683 -0.413711 -0.061279
v -0.019519 -0.376438 -0.163582
v 0.040741 -0.395830 -0.061674
v -0.874776 -0.941029 0.208127
v -0.851535 -0.938792 0.206916
v -0.854501 -0.841315 0.317816
v -0.877823 -0.841178 0.319451
v -0.874776 -0.941029 0.208127
v -0.854501 -0.841315 0.317816
v -0.897515 -0.832560 -0.061168
v -0.892675 -0.871906 -0.178540
v -0.869452 -0.874323 -0.177340
v -0.897515 -0.832560 -0.061168
v -0.869452 -0.874323 -0.177340
v -0.874517 -0.836719 -0.061794
v -0.756813 -0.479532 -0.375595
v -0.656282 -0.396692 -0.413461
v -0.642818 -0.415481 -0.409959
v -0.756813 -0.479532 -0.375595
v -0.642818 -0.415481 -0.409959
v -0.739781 -0.495341 -0.373020
v -0.490362 -0.332162 -0.403989
v -0.500610 -0.311575 -0.408205
v -0.395862 -0.271592 -0.406117
v -0.490362 -0.332162 -0.403989
v -0.395862 -0.271592 -0.406117
v -0.387000 -0.292749 -0.401596
v -0.194197 -0.284441 0.411171
v -0.189745 -0.261490 0.411380
v -0.375525 -0.228221 0.489079
v -0.374231 -0.251557 0.488509
v -0.194197 -0.284441 0.411171
v -0.375525 -0.228221 0.489079
v -0.493683 -0.281459 0.491162
v -0.501419 -0.259403 0.490593
v -0.629758 -0.308081 0.495694
v -0.620997 -0.329721 0.496937
v -0.493683 -0.281459 0.491162
v -0.629758 -0.308081 0.495694
v -0.750522 -0.426432 0.485682
v -0.850900 -0.581409 0.450342
v -0.829756 -0.591378 0.449925
v -0.750522 -0.426432 0.485682
v -0.829756 -0.591378 0.449925
v -0.731677 -0.440269 0.485678
v -0.387000 -0.292749 -0.401596
v -0.395862 -0.271592 -0.406117
v -0.397894 -0.220375 -0.179786
v -0.388480 -0.241757 -0.180662
v -0.387000 -0.292749 -0.401596
v -0.397894 -0.220375 -0.179786
v -0.869339 -0.679472 -0.291272
v -0.843588 -0.617148 -0.319375
v -0.823354 -0.628263 -0.315685
v -0.869339 -0.679472 -0.291272
v -0.823354 -0.628263 -0.315685
v -0.847139 -0.686368 -0.288778
v -0.897515 -0.832560 -0.061168
v -0.874517 -0.836719 -0.061794
v -0.865976 -0.777715 0.068553
v -0.889015 -0.773737 0.068503
v -0.897515 -0.832560 -0.061168
v -0.865976 -0.777715 0.068553
v -0.380030 -0.282759 -0.022714
v -0.388480 -0.241757 -0.180662
v -0.397894 -0.220375 -0.179786
v -0.380030 -0.282759 -0.022714
v -0.397894 -0.220375 -0.179786
v -0.382905 -0.261136 -0.014302
v -0.629758 -0.308081 0.495694
v -0.674132 -0.342214 0.281270
v -0.660515 -0.360834 0.285071
v -0.629758 -0.308081 0.495694
v -0.660515 -0.360834 0.285071
v -0.620997 -0.329721 0.496937
v -0.874776 -0.941029 0.208127
v -0.861753 -1.000000 0.059427
v -0.838998 -0.994646 0.059002
v -0.874776 -0.941029 0.208127
v -0.838998 -0.994646 0.059002
v -0.851535 -0.938792 0.206916
v -0.886002 -0.917508 -0.104848
v -0.863260 -0.912090 -0.105049
v -0.838998 -0.994646 0.059002
v -0.861753 -1.000000 0.059427
v -0.886002 -0.917508 -0.104848
v -0.838998 -0.994646 0.059002
v -0.660515 -0.360834 0.285071
v -0.674132 -0.342214 0.281270
v -0.750522 -0.426432 0.485682
v -0.731677 -0.440269 0.485678
v -0.660515 -0.360834 0.285071
v -0.750522 -0.426432 0.485682
v -0.100580 -0.332837 -0.287710
v -0.091755 -0.311405 -0.290769
v -0.004929 -0.358223 -0.164972
v -0.019519 -0.376438 -0.163582
v -0.100580 -0.332837 -0.287710
v -0.004929 -0.358223 -0.164972
v -0.871828 -0.859848 -0.022493
v -0.894903 -0.863492 -0.021552
v -0.889015 -0.773737 0.068503
v -0.865976 -0.777715 0.068553
v -0.871828 -0.859848 -0.022493
v -0.889015 -0.773737 0.068503
v -0.863260 -0.912090 -0.105049
v -0.886002 -0.917508 -0.104848
v -0.894903 -0.863492 -0.021552
v -0.871828 -0.859848 -0.022493
v -0.863260 -0.912090 -0.105049
v -0.894903 -0.863492 -0.021552
v -0.325690 -0.219925 -0.169056
v -0.331671 -0.242439 -0.171047
v -0.380030 -0.282759 -0.022714
v -0.382905 -0.261136 -0.014302
v -0.325690 -0.219925 -0.169056
v -0.380030 -0.282759 -0.022714
v -0.325690 -0.219925 -0.169056
v -0.268368 -0.269909 -0.361945
v -0.275403 -0.291979 -0.358779
v -0.325690 -0.219925 -0.169056
v -0.275403 -0.291979 -0.358779
v -0.331671 -0.242439 -0.171047
v -0.853612 -0.680080 0.155638
v -0.876317 -0.674949 0.153449
v -0.877823 -0.841178 0.319451
v -0.854501 -0.841315 0.317816
v -0.853612 -0.680080 0.155638
v -0.877823 -0.841178 0.319451
v -0.850900 -0.581409 0.450342
v -0.881690 -0.764607 0.359013
v -0.858491 -0.767307 0.357946
v -0.850900 -0.581409 0.450342
v -0.858491 -0.767307 0.357946
v -0.829756 -0.591378 0.449925
v -0.892675 -0.871906 -0.178540
v -0.869339 -0.679472 -0.291272
v -0.847139 -0.686368 -0.288778
v -0.892675 -0.871906 -0.178540
v -0.847139 -0.686368 -0.288778
v -0.869452 -0.874323 -0.177340
v -0.818729 -0.557290 -0.344145
v -0.756813 -0.479532 -0.375595
v -0.739781 -0.495341 -0.373020
v -0.818729 -0.557290 -0.344145
v -0.739781 -0.495341 -0.373020
v -0.799938 -0.571060 -0.342175
v -0.642818 -0.415481 -0.409959
v -0.656282 -0.396692 -0.413461
v -0.500610 -0.311575 -0.408205
v -0.490362 -0.332162 -0.403989
v -0.642818 -0.415481 -0.409959
v -0.500610 -0.311575 -0.408205
v -0.374231 -0.251557 0.488509
v -0.375525 -0.228221 0.489079
v -0.501419 -0.259403 0.490593
v -0.493683 -0.281459 0.491162
v -0.374231 -0.251557 0.488509
v -0.501419 -0.259403 0.490593
v -0.053951 -0.312188 0.317652
v -0.046085 -0.290176 0.317189
v -0.189745 -0.261490 0.411380
v -0.194197 -0.284441 0.411171
v -0.053951 -0.312188 0.317652
v -0.189745 -0.261490 0.411380
v -0.881690 -0.764607 0.359013
v -0.876317 -0.674949 0.153449
v -0.853612 -0.680080 0.155638
v -0.881690 -0.764607 0.359013
v -0.853612 -0.680080 0.155638
v -0.858491 -0.767307 0.357946
v -0.798493 -0.504326 -0.149884
v -0.818729 -0.557290 -0.344145
v -0.799938 -0.571060 -0.342175
v -0.798493 -0.504326 -0.149884
v -0.799938 -0.571060 -0.342175
v -0.779889 -0.518384 -0.151574
v -0.823354 -0.628263 -0.315685
v -0.843588 -0.617148 -0.319375
v -0.798493 -0.504326 -0.149884
v -0.779889 -0.518384 -0.151574
v -0.823354 -0.628263 -0.315685
v -0.798493 -0.504326 -0.149884
v 0.088401 -0.402756 0.090183
v 0.035909 -0.401660 0.032168
v 0.206469 -0.312510 0.061624
v 0.088401 -0.402756 0.090183
v 0.206469 -0.312510 0.061624
v 0.309666 -0.336546 0.164904
v 0.538180 -0.482873 -0.673832
v 0.426548 -0.502586 -0.800400
v 0.524305 -0.605743 -0.784890
v 0.538180 -0.482873 -0.673832
v 0.524305 -0.605743 -0.784890
v 0.620014 -0.598505 -0.682092
v -0.082624 -0.329003 -0.268665
v 0.033063 -0.250993 -0.514593
v 0.167261 -0.237474 -0.367263
v -0.082624 -0.329003 -0.268665
v 0.167261 -0.237474 -0.367263
v 0.011933 -0.315693 -0.156766
v 0.033063 -0.250993 -0.514593
v 0.171901 -0.290529 -0.638213
v 0.314145 -0.271478 -0.507522
v 0.167261 -0.237474 -0.367263
v 0.033063 -0.250993 -0.514593
v 0.314145 -0.271478 -0.507522
v 0.245750 -0.332951 -0.704294
v 0.375519 -0.451062 -0.785596
v 0.505174 -0.437079 -0.652344
v 0.359295 -0.293518 -0.550975
v 0.245750 -0.332951 -0.704294
v 0.505174 -0.437079 -0.652344
v 0.474393 -0.372324 -0.379814
v 0.624568 -0.502621 -0.518682
v 0.760924 -0.476749 -0.405511
v 0.474393 -0.372324 -0.379814
v 0.760924 -0.476749 -0.405511
v 0.629315 -0.318950 -0.241961
v 0.298393 -0.319255 -0.219166
v 0.474393 -0.372324 -0.379814
v 0.629315 -0.318950 -0.241961
v 0.298393 -0.319255 -0.219166
v 0.629315 -0.318950 -0.241961
v 0.413084 -0.251093 -0.059432
v 0.035909 -0.401660 0.032168
v 0.011933 -0.315693 -0.156766
v 0.120217 -0.361714 -0.058560
v 0.686285 -0.679987 -0.665421
v 0.662028 -0.746080 -0.724714
v 0.760143 -0.795705 -0.634364
v 0.742883 -0.717600 -0.622998
v 0.686285 -0.679987 -0.665421
v 0.760143 -0.795705 -0.634364
v 0.206469 -0.312510 0.061624
v 0.413084 -0.251093 -0.059432
v 0.467588 -0.299260 0.111005
v 0.309666 -0.336546 0.164904
v 0.206469 -0.312510 0.061624
v 0.467588 -0.299260 0.111005
v 0.413084 -0.251093 -0.059432
v 0.629315 -0.318950 -0.241961
v 0.760284 -0.345081 -0.084074
v 0.413084 -0.251093 -0.059432
v 0.760284 -0.345081 -0.084074
v 0.566768 -0.292815 0.075498
v 0.629315 -0.318950 -0.241961
v 0.760924 -0.476749 -0.405511
v 0.882629 -0.521674 -0.300700
v 0.629315 -0.318950 -0.241961
v 0.882629 -0.521674 -0.300700
v 0.760284 -0.345081 -0.084074
v 0.035909 -0.401660 0.032168
v 0.120217 -0.361714 -0.058560
v 0.206469 -0.312510 0.061624
v -0.016330 -0.401211 -0.026090
v -0.082624 -0.329003 -0.268665
v 0.011933 -0.315693 -0.156766
v -0.016330 -0.401211 -0.026090
v 0.011933 -0.315693 -0.156766
v 0.035909 -0.401660 0.032168
v 0.359295 -0.293518 -0.550975
v 0.505174 -0.437079 -0.652344
v 0.624568 -0.502621 -0.518682
v 0.474393 -0.372324 -0.379814
v 0.359295 -0.293518 -0.550975
v 0.624568 -0.502621 -0.518682
v 0.167261 -0.237474 -0.367263
v 0.314145 -0.271478 -0.507522
v 0.474393 -0.372324 -0.379814
v 0.167261 -0.237474 -0.367263
v 0.474393 -0.372324 -0.379814
v 0.298393 -0.319255 -0.219166
v 0.011933 -0.315693 -0.156766
v 0.167261 -0.237474 -0.367263
v 0.298393 -0.319255 -0.219166
v 0.011933 -0.315693 -0.156766
v 0.298393 -0.319255 -0.219166
v 0.120217 -0.361714 -0.058560
v 0.538180 -0.482873 -0.673832
v 0.620014 -0.598505 -0.682092
v 0.670346 -0.562010 -0.564068
v 0.624568 -0.502621 -0.518682
v 0.538180 -0.482873 -0.673832
v 0.670346 -0.562010 -0.564068
v 0.700617 -0.611117 -0.594498
v 0.686285 -0.679987 -0.665421
v 0.742883 -0.717600 -0.622998
v 0.781978 -0.674921 -0.556742
v 0.700617 -0.611117 -0.594498
v 0.742883 -0.717600 -0.622998
v 0.742883 -0.717600 -0.622998
v 0.760143 -0.795705 -0.634364
v 0.841671 -0.720125 -0.510505
v 0.781978 -0.674921 -0.556742
v 0.742883 -0.717600 -0.622998
v 0.841671 -0.720125 -0.510505
v 0.670346 -0.562010 -0.564068
v 0.620014 -0.598505 -0.682092
v 0.686285 -0.679987 -0.665421
v 0.670346 -0.562010 -0.564068
v 0.686285 -0.679987 -0.665421
v 0.700617 -0.611117 -0.594498
v 0.620014 -0.598505 -0.682092
v 0.567466 -0.667148 -0.774487
v 0.638345 -0.725344 -0.738173
v 0.620014 -0.598505 -0.682092
v 0.638345 -0.725344 -0.738173
v 0.686285 -0.679987 -0.665421
v 0.120217 -0.361714 -0.058560
v 0.298393 -0.319255 -0.219166
v 0.413084 -0.251093 -0.059432
v 0.120217 -0.361714 -0.058560
v 0.413084 -0.251093 -0.059432
v 0.206469 -0.312510 0.061624
v 0.670346 -0.562010 -0.564068
v 0.774040 -0.517218 -0.437693
v 0.624568 -0.502621 -0.518682
v 0.774040 -0.517218 -0.437693
v 0.799351 -0.655322 -0.525260
v 0.875289 -0.687484 -0.453992
v 0.774040 -0.517218 -0.437693
v 0.875289 -0.687484 -0.453992
v 0.881600 -0.576888 -0.363951
v 0.670346 -0.562010 -0.564068
v 0.700617 -0.611117 -0.594498
v 0.799351 -0.655322 -0.525260
v 0.774040 -0.517218 -0.437693
v 0.670346 -0.562010 -0.564068
v 0.799351 -0.655322 -0.525260
v 0.198094 -0.291394 0.067154
v 0.027383 -0.381270 0.039793
v 0.078335 -0.371765 0.102562
v 0.305249 -0.315287 0.173570
v 0.198094 -0.291394 0.067154
v 0.078335 -0.371765 0.102562
v 0.538766 -0.594350 -0.799301
v 0.441010 -0.491193 -0.814811
v 0.553437 -0.470116 -0.686124
v 0.635448 -0.586515 -0.694924
v 0.538766 -0.594350 -0.799301
v 0.553437 -0.470116 -0.686124
v 0.168726 -0.214328 -0.364309
v 0.031096 -0.227717 -0.515564
v -0.090616 -0.307584 -0.263770
v 0.006204 -0.294580 -0.148519
v 0.168726 -0.214328 -0.364309
v -0.090616 -0.307584 -0.263770
v 0.320199 -0.248896 -0.507435
v 0.173681 -0.267646 -0.642663
v 0.031096 -0.227717 -0.515564
v 0.320199 -0.248896 -0.507435
v 0.031096 -0.227717 -0.515564
v 0.168726 -0.214328 -0.364309
v 0.517815 -0.418587 -0.659041
v 0.385045 -0.433038 -0.797040
v 0.255276 -0.314927 -0.715738
v 0.517815 -0.418587 -0.659041
v 0.255276 -0.314927 -0.715738
v 0.371540 -0.275025 -0.558370
v 0.770394 -0.457938 -0.415663
v 0.636188 -0.484840 -0.528451
v 0.482125 -0.351007 -0.385508
v 0.635763 -0.297719 -0.249328
v 0.770394 -0.457938 -0.415663
v 0.482125 -0.351007 -0.385508
v 0.635763 -0.297719 -0.249328
v 0.482125 -0.351007 -0.385508
v 0.299309 -0.295895 -0.218868
v 0.411699 -0.227804 -0.060946
v 0.635763 -0.297719 -0.249328
v 0.299309 -0.295895 -0.218868
v 0.027383 -0.381270 0.039793
v 0.116025 -0.339065 -0.054551
v 0.006204 -0.294580 -0.148519
v 0.776937 -0.789209 -0.649275
v 0.678659 -0.739508 -0.739774
v 0.702336 -0.670634 -0.679617
v 0.776937 -0.789209 -0.649275
v 0.702336 -0.670634 -0.679617
v 0.759346 -0.709919 -0.637714
v 0.465094 -0.277178 0.118267
v 0.411699 -0.227804 -0.060946
v 0.198094 -0.291394 0.067154
v 0.465094 -0.277178 0.118267
v 0.198094 -0.291394 0.067154
v 0.305249 -0.315287 0.173570
v 0.769731 -0.324056 -0.087986
v 0.635763 -0.297719 -0.249328
v 0.411699 -0.227804 -0.060946
v 0.572831 -0.270245 0.074834
v 0.769731 -0.324056 -0.087986
v 0.411699 -0.227804 -0.060946
v 0.895416 -0.503553 -0.308097
v 0.770394 -0.457938 -0.415663
v 0.635763 -0.297719 -0.249328
v 0.769731 -0.324056 -0.087986
v 0.895416 -0.503553 -0.308097
v 0.635763 -0.297719 -0.249328
v 0.027383 -0.381270 0.039793
v 0.198094 -0.291394 0.067154
v 0.116025 -0.339065 -0.054551
v 0.006204 -0.294580 -0.148519
v -0.090616 -0.307584 -0.263770
v -0.028405 -0.369460 -0.017021
v 0.027383 -0.381270 0.039793
v 0.006204 -0.294580 -0.148519
v -0.028405 -0.369460 -0.017021
v 0.636188 -0.484840 -0.528451
v 0.517815 -0.418587 -0.659041
v 0.371540 -0.275025 -0.558370
v 0.636188 -0.484840 -0.528451
v 0.371540 -0.275025 -0.558370
v 0.482125 -0.351007 -0.385508
v 0.482125 -0.351007 -0.385508
v 0.320199 -0.248896 -0.507435
v 0.168726 -0.214328 -0.364309
v 0.299309 -0.295895 -0.218868
v 0.482125 -0.351007 -0.385508
v 0.168726 -0.214328 -0.364309
v 0.299309 -0.295895 -0.218868
v 0.168726 -0.214328 -0.364309
v 0.006204 -0.294580 -0.148519
v 0.116025 -0.339065 -0.054551
v 0.299309 -0.295895 -0.218868
v 0.006204 -0.294580 -0.148519
v 0.684228 -0.547604 -0.576167
v 0.635448 -0.586515 -0.694924
v 0.553437 -0.470116 -0.686124
v 0.684228 -0.547604 -0.576167
v 0.553437 -0.470116 -0.686124
v 0.636188 -0.484840 -0.528451
v 0.715494 -0.599039 -0.607892
v 0.759346 -0.709919 -0.637714
v 0.702336 -0.670634 -0.679617
v 0.798177 -0.667135 -0.571694
v 0.759346 -0.709919 -0.637714
v 0.715494 -0.599039 -0.607892
v 0.858635 -0.713710 -0.525259
v 0.776937 -0.789209 -0.649275
v 0.759346 -0.709919 -0.637714
v 0.858635 -0.713710 -0.525259
v 0.759346 -0.709919 -0.637714
v 0.798177 -0.667135 -0.571694
v 0.702336 -0.670634 -0.679617
v 0.635448 -0.586515 -0.694924
v 0.684228 -0.547604 -0.576167
v 0.715494 -0.599039 -0.607892
v 0.702336 -0.670634 -0.679617
v 0.684228 -0.547604 -0.576167
v 0.653457 -0.716349 -0.753578
v 0.582578 -0.658153 -0.789891
v 0.635448 -0.586515 -0.694924
v 0.702336 -0.670634 -0.679617
v 0.653457 -0.716349 -0.753578
v 0.635448 -0.586515 -0.694924
v 0.411699 -0.227804 -0.060946
v 0.299309 -0.295895 -0.218868
v 0.116025 -0.339065 -0.054551
v 0.198094 -0.291394 0.067154
v 0.411699 -0.227804 -0.060946
v 0.116025 -0.339065 -0.054551
v 0.684228 -0.547604 -0.576167
v 0.636188 -0.484840 -0.528451
v 0.788023 -0.504471 -0.451426
v 0.891204 -0.676742 -0.467330
v 0.814166 -0.643529 -0.538974
v 0.788023 -0.504471 -0.451426
v 0.897515 -0.566146 -0.377289
v 0.891204 -0.676742 -0.467330
v 0.788023 -0.504471 -0.451426
v 0.814166 -0.643529 -0.538974
v 0.715494 -0.599039 -0.607892
v 0.684228 -0.547604 -0.576167
v 0.814166 -0.643529 -0.538974
v 0.684228 -0.547604 -0.576167
v 0.788023 -0.504471 -0.451426
v -0.090616 -0.307584 -0.263770
v -0.082624 -0.329003 -0.268665
v -0.016330 -0.401211 -0.026090
v -0.028405 -0.369460 -0.017021
v -0.090616 -0.307584 -0.263770
v -0.016330 -0.401211 -0.026090
v 0.309666 -0.336546 0.164904
v 0.467588 -0.299260 0.111005
v 0.465094 -0.277178 0.118267
v 0.309666 -0.336546 0.164904
v 0.465094 -0.277178 0.118267
v 0.305249 -0.315287 0.173570
v 0.078335 -0.371765 0.102562
v 0.088401 -0.402756 0.090183
v 0.309666 -0.336546 0.164904
v 0.305249 -0.315287 0.173570
v 0.078335 -0.371765 0.102562
v 0.309666 -0.336546 0.164904
v 0.505174 -0.437079 -0.652344
v 0.517815 -0.418587 -0.659041
v 0.636188 -0.484840 -0.528451
v 0.624568 -0.502621 -0.518682
v 0.505174 -0.437079 -0.652344
v 0.636188 -0.484840 -0.528451
v 0.799351 -0.655322 -0.525260
v 0.814166 -0.643529 -0.538974
v 0.891204 -0.676742 -0.467330
v 0.875289 -0.687484 -0.453992
v 0.799351 -0.655322 -0.525260
v 0.891204 -0.676742 -0.467330
v 0.882629 -0.521674 -0.300700
v 0.895416 -0.503553 -0.308097
v 0.769731 -0.324056 -0.087986
v 0.760284 -0.345081 -0.084074
v 0.882629 -0.521674 -0.300700
v 0.769731 -0.324056 -0.087986
v 0.760284 -0.345081 -0.084074
v 0.769731 -0.324056 -0.087986
v 0.572831 -0.270245 0.074834
v 0.566768 -0.292815 0.075498
v 0.760284 -0.345081 -0.084074
v 0.572831 -0.270245 0.074834
v -0.090616 -0.307584 -0.263770
v 0.031096 -0.227717 -0.515564
v 0.033063 -0.250993 -0.514593
v -0.090616 -0.307584 -0.263770
v 0.033063 -0.250993 -0.514593
v -0.082624 -0.329003 -0.268665
v 0.031096 -0.227717 -0.515564
v 0.173681 -0.267646 -0.642663
v 0.171901 -0.290529 -0.638213
v 0.031096 -0.227717 -0.515564
v 0.171901 -0.290529 -0.638213
v 0.033063 -0.250993 -0.514593
v 0.572831 -0.270245 0.074834
v 0.411699 -0.227804 -0.060946
v 0.413084 -0.251093 -0.059432
v 0.572831 -0.270245 0.074834
v 0.413084 -0.251093 -0.059432
v 0.566768 -0.292815 0.075498
v 0.760924 -0.476749 -0.405511
v 0.770394 -0.457938 -0.415663
v 0.895416 -0.503553 -0.308097
v 0.882629 -0.521674 -0.300700
v 0.760924 -0.476749 -0.405511
v 0.895416 -0.503553 -0.308097
v 0.482125 -0.351007 -0.385508
v 0.371540 -0.275025 -0.558370
v 0.359295 -0.293518 -0.550975
v 0.482125 -0.351007 -0.385508
v 0.359295 -0.293518 -0.550975
v 0.474393 -0.372324 -0.379814
v 0.636188 -0.484840 -0.528451
v 0.553437 -0.470116 -0.686124
v 0.538180 -0.482873 -0.673832
v 0.636188 -0.484840 -0.528451
v 0.538180 -0.482873 -0.673832
v 0.624568 -0.502621 -0.518682
v 0.700617 -0.611117 -0.594498
v 0.715494 -0.599039 -0.607892
v 0.814166 -0.643529 -0.538974
v 0.799351 -0.655322 -0.525260
v 0.700617 -0.611117 -0.594498
v 0.814166 -0.643529 -0.538974
v 0.314145 -0.271478 -0.507522
v 0.320199 -0.248896 -0.507435
v 0.482125 -0.351007 -0.385508
v 0.474393 -0.372324 -0.379814
v 0.314145 -0.271478 -0.507522
v 0.482125 -0.351007 -0.385508
v 0.624568 -0.502621 -0.518682
v 0.636188 -0.484840 -0.528451
v 0.770394 -0.457938 -0.415663
v 0.760924 -0.476749 -0.405511
v 0.624568 -0.502621 -0.518682
v 0.770394 -0.457938 -0.415663
v 0.702336 -0.670634 -0.679617
v 0.678659 -0.739508 -0.739774
v 0.662028 -0.746080 -0.724714
v 0.702336 -0.670634 -0.679617
v 0.662028 -0.746080 -0.724714
v 0.686285 -0.679987 -0.665421
v 0.371540 -0.275025 -0.558370
v 0.255276 -0.314927 -0.715738
v 0.245750 -0.332951 -0.704294
v 0.371540 -0.275025 -0.558370
v 0.245750 -0.332951 -0.704294
v 0.359295 -0.293518 -0.550975
v 0.553437 -0.470116 -0.686124
v 0.441010 -0.491193 -0.814811
v 0.426548 -0.502586 -0.800400
v 0.553437 -0.470116 -0.686124
v 0.426548 -0.502586 -0.800400
v 0.538180 -0.482873 -0.673832
v 0.524305 -0.605743 -0.784890
v 0.538766 -0.594350 -0.799301
v 0.635448 -0.586515 -0.694924
v 0.620014 -0.598505 -0.682092
v 0.524305 -0.605743 -0.784890
v 0.635448 -0.586515 -0.694924
v 0.662028 -0.746080 -0.724714
v 0.678659 -0.739508 -0.739774
v 0.776937 -0.789209 -0.649275
v 0.760143 -0.795705 -0.634364
v 0.662028 -0.746080 -0.724714
v 0.776937 -0.789209 -0.649275
v 0.760143 -0.795705 -0.634364
v 0.776937 -0.789209 -0.649275
v 0.858635 -0.713710 -0.525259
v 0.841671 -0.720125 -0.510505
v 0.760143 -0.795705 -0.634364
v 0.858635 -0.713710 -0.525259
v 0.798177 -0.667135 -0.571694
v 0.715494 -0.599039 -0.607892
v 0.700617 -0.611117 -0.594498
v 0.798177 -0.667135 -0.571694
v 0.700617 -0.611117 -0.594498
v 0.781978 -0.674921 -0.556742
v 0.858635 -0.713710 -0.525259
v 0.798177 -0.667135 -0.571694
v 0.781978 -0.674921 -0.556742
v 0.858635 -0.713710 -0.525259
v 0.781978 -0.674921 -0.556742
v 0.841671 -0.720125 -0.510505
v 0.375519 -0.451062 -0.785596
v 0.385045 -0.433038 -0.797040
v 0.517815 -0.418587 -0.659041
v 0.505174 -0.437079 -0.652344
v 0.375519 -0.451062 -0.785596
v 0.517815 -0.418587 -0.659041
v 0.255276 -0.314927 -0.715738
v 0.385045 -0.433038 -0.797040
v 0.375519 -0.451062 -0.785596
v 0.255276 -0.314927 -0.715738
v 0.375519 -0.451062 -0.785596
v 0.245750 -0.332951 -0.704294
v 0.171901 -0.290529 -0.638213
v 0.173681 -0.267646 -0.642663
v 0.320199 -0.248896 -0.507435
v 0.314145 -0.271478 -0.507522
v 0.171901 -0.290529 -0.638213
v 0.320199 -0.248896 -0.507435
v 0.635448 -0.586515 -0.694924
v 0.582578 -0.658153 -0.789891
v 0.567466 -0.667148 -0.774487
v 0.635448 -0.586515 -0.694924
v 0.567466 -0.667148 -0.774487
v 0.620014 -0.598505 -0.682092
v 0.426548 -0.502586 -0.800400
v 0.441010 -0.491193 -0.814811
v 0.538766 -0.594350 -0.799301
v 0.524305 -0.605743 -0.784890
v 0.426548 -0.502586 -0.800400
v 0.538766 -0.594350 -0.799301
v 0.638345 -0.725344 -0.738173
v 0.653457 -0.716349 -0.753578
v 0.702336 -0.670634 -0.679617
v 0.686285 -0.679987 -0.665421
v 0.638345 -0.725344 -0.738173
v 0.702336 -0.670634 -0.679617
v 0.567466 -0.667148 -0.774487
v 0.582578 -0.658153 -0.789891
v 0.653457 -0.716349 -0.753578
v 0.638345 -0.725344 -0.738173
v 0.567466 -0.667148 -0.774487
v 0.653457 -0.716349 -0.753578
v 0.413084 -0.251093 -0.059432
v 0.411699 -0.227804 -0.060946
v 0.465094 -0.277178 0.118267
v 0.467588 -0.299260 0.111005
v 0.413084 -0.251093 -0.059432
v 0.465094 -0.277178 0.118267
v 0.875289 -0.687484 -0.453992
v 0.891204 -0.676742 -0.467330
v 0.897515 -0.566146 -0.377289
v 0.881600 -0.576888 -0.363951
v 0.875289 -0.687484 -0.453992
v 0.897515 -0.566146 -0.377289
v 0.897515 -0.566146 -0.377289
v 0.788023 -0.504471 -0.451426
v 0.774040 -0.517218 -0.437693
v 0.897515 -0.566146 -0.377289
v 0.774040 -0.517218 -0.437693
v 0.881600 -0.576888 -0.363951
v 0.788023 -0.504471 -0.451426
v 0.636188 -0.484840 -0.528451
v 0.624568 -0.502621 -0.518682
v 0.788023 -0.504471 -0.451426
v 0.624568 -0.502621 -0.518682
v 0.774040 -0.517218 -0.437693
v 0.072008 0.993399 0.018062
v 0.069050 0.986258 0.010480
v 0.038825 0.992270 0.010480
v 0.072008 0.993399 0.018062
v 0.038825 0.992270 0.010480
v 0.038825 1.000000 0.018062
v 0.072008 0.993399 0.040674
v 0.038825 1.000000 0.040674
v 0.038825 0.992270 0.048255
v 0.069050 0.986258 0.048255
v 0.072008 0.993399 0.040674
v 0.038825 0.992270 0.048255
v 0.100140 0.974602 0.018062
v 0.094674 0.969137 0.010480
v 0.069050 0.986258 0.010480
v 0.100140 0.974602 0.018062
v 0.069050 0.986258 0.010480
v 0.072008 0.993399 0.018062
v 0.094674 0.969136 0.048255
v 0.100140 0.974602 0.040674
v 0.072008 0.993399 0.040674
v 0.094674 0.969136 0.048255
v 0.072008 0.993399 0.040674
v 0.069050 0.986258 0.048255
v 0.118937 0.946471 0.018062
v 0.111795 0.943513 0.010480
v 0.094674 0.969137 0.010480
v 0.118937 0.946471 0.018062
v 0.094674 0.969137 0.010480
v 0.100140 0.974602 0.018062
v 0.111795 0.943513 0.048255
v 0.118937 0.946471 0.040674
v 0.100140 0.974602 0.040674
v 0.111795 0.943513 0.048255
v 0.100140 0.974602 0.040674
v 0.094674 0.969136 0.048255
v 0.117808 0.913287 0.010480
v 0.111795 0.943513 0.010480
v 0.118937 0.946471 0.018062
v 0.125538 0.913287 0.018062
v 0.117808 0.913287 0.010480
v 0.118937 0.946471 0.018062
v 0.125538 0.913287 0.040674
v 0.118937 0.946471 0.040674
v 0.111795 0.943513 0.048255
v 0.117808 0.913287 0.048255
v 0.125538 0.913287 0.040674
v 0.111795 0.943513 0.048255
v 0.111795 0.883062 0.010480
v 0.117808 0.913287 0.010480
v 0.125538 0.913287 0.018062
v 0.118937 0.880104 0.018062
v 0.111795 0.883062 0.010480
v 0.125538 0.913287 0.018062
v 0.118937 0.880104 0.040674
v 0.125538 0.913287 0.040674
v 0.117808 0.913287 0.048255
v 0.111795 0.883062 0.048255
v 0.118937 0.880104 0.040674
v 0.117808 0.913287 0.048255
v 0.094674 0.857438 0.010480
v 0.111795 0.883062 0.010480
v 0.118937 0.880104 0.018062
v 0.100140 0.851972 0.018062
v 0.094674 0.857438 0.010480
v 0.118937 0.880104 0.018062
v 0.100140 0.851972 0.040674
v 0.118937 0.880104 0.040674
v 0.111795 0.883062 0.048255
v 0.094674 0.857438 0.048255
v 0.100140 0.851972 0.040674
v 0.111795 0.883062 0.048255
v 0.072008 0.833175 0.018062
v 0.069050 0.840316 0.010480
v 0.094674 0.857438 0.010480
v 0.072008 0.833175 0.018062
v 0.094674 0.857438 0.010480
v 0.100140 0.851972 0.018062
v 0.069050 0.840316 0.048255
v 0.072008 0.833175 0.040674
v 0.100140 0.851972 0.040674
v 0.069050 0.840316 0.048255
v 0.100140 0.851972 0.040674
v 0.094674 0.857438 0.048255
v 0.038825 0.826574 0.018062
v 0.038825 0.834304 0.010480
v 0.069050 0.840316 0.010480
v 0.038825 0.826574 0.018062
v 0.069050 0.840316 0.010480
v 0.072008 0.833175 0.018062
v 0.038825 0.834304 0.048255
v 0.038825 0.826574 0.040674
v 0.072008 0.833175 0.040674
v 0.038825 0.834304 0.048255
v 0.072008 0.833175 0.040674
v 0.069050 0.840316 0.048255
v 0.005641 0.833175 0.018062
v 0.008599 0.840316 0.010480
v 0.038825 0.834304 0.010480
v 0.005641 0.833175 0.018062
v 0.038825 0.834304 0.010480
v 0.038825 0.826574 0.018062
v 0.008599 0.840316 0.048255
v 0.005641 0.833175 0.040674
v 0.038825 0.826574 0.040674
v 0.008599 0.840316 0.048255
v 0.038825 0.826574 0.040674
v 0.038825 0.834304 0.048255
v -0.022491 0.851972 0.018062
v -0.017025 0.857438 0.010480
v 0.008599 0.840316 0.010480
v -0.022491 0.851972 0.018062
v 0.008599 0.840316 0.010480
v 0.005641 0.833175 0.018062
v -0.017025 0.857438 0.048255
v -0.022491 0.851972 0.040674
v 0.005641 0.833175 0.040674
v -0.017025 0.857438 0.048255
v 0.005641 0.833175 0.040674
v 0.008599 0.840316 0.048255
v -0.041288 0.880104 0.018062
v -0.034146 0.883062 0.010480
v -0.017025 0.857438 0.010480
v -0.041288 0.880104 0.018062
v -0.017025 0.857438 0.010480
v -0.022491 0.851972 0.018062
v -0.034146 0.883062 0.048255
v -0.041288 0.880104 0.040674
v -0.022491 0.851972 0.040674
v -0.034146 0.883062 0.048255
v -0.022491 0.851972 0.040674
v -0.017025 0.857438 0.048255
v -0.047888 0.913287 0.018062
v -0.040158 0.913287 0.010480
v -0.034146 0.883062 0.010480
v -0.047888 0.913287 0.018062
v -0.034146 0.883062 0.010480
v -0.041288 0.880104 0.018062
v -0.040158 0.913287 0.048255
v -0.047888 0.913287 0.040674
v -0.041288 0.880104 0.040674
v -0.040158 0.913287 0.048255
v -0.041288 0.880104 0.040674
v -0.034146 0.883062 0.048255
v -0.041288 0.946471 0.018062
v -0.034146 0.943513 0.010480
v -0.040158 0.913287 0.010480
v -0.041288 0.946471 0.018062
v -0.040158 0.913287 0.010480
v -0.047888 0.913287 0.018062
v -0.034146 0.943513 0.048255
v -0.041288 0.946471 0.040674
v -0.047888 0.913287 0.040674
v -0.034146 0.943513 0.048255
v -0.047888 0.913287 0.040674
v -0.040158 0.913287 0.048255
v -0.017025 0.969137 0.010480
v -0.034146 0.943513 0.010480
v -0.041288 0.946471 0.018062
v -0.022491 0.974602 0.018062
v -0.017025 0.969137 0.010480
v -0.041288 0.946471 0.018062
v -0.017025 0.969137 0.048255
v -0.022491 0.974602 0.040674
v -0.041288 0.946471 0.040674
v -0.017025 0.969137 0.048255
v -0.041288 0.946471 0.040674
v -0.034146 0.943513 0.048255
v 0.005641 0.993399 0.018062
v 0.008599 0.986258 0.010480
v -0.017025 0.969137 0.010480
v 0.005641 0.993399 0.018062
v -0.017025 0.969137 0.010480
v -0.022491 0.974602 0.018062
v 0.008599 0.986258 0.048255
v 0.005641 0.993399 0.040674
v -0.022491 0.974602 0.040674
v 0.008599 0.986258 0.048255
v -0.022491 0.974602 0.040674
v -0.017025 0.969137 0.048255
v 0.038825 1.000000 0.018062
v 0.038825 0.992270 0.010480
v 0.008599 0.986258 0.010480
v 0.038825 1.000000 0.018062
v 0.008599 0.986258 0.010480
v 0.005641 0.993399 0.018062
v 0.038825 0.992270 0.048255
v 0.038825 1.000000 0.040674
v 0.005641 0.993399 0.040674
v 0.038825 0.992270 0.048255
v 0.005641 0.993399 0.040674
v 0.008599 0.986258 0.048255
v 0.038825 0.973613 0.041225
v 0.038825 0.973613 0.017511
v 0.061910 0.969021 0.017511
v 0.038825 0.973613 0.041225
v 0.061910 0.969021 0.017511
v 0.061910 0.969021 0.041225
v 0.038825 0.973613 0.017511
v 0.038825 0.980781 0.010480
v 0.064653 0.975643 0.010480
v 0.038825 0.973613 0.017511
v 0.064653 0.975643 0.010480
v 0.061910 0.969021 0.017511
v 0.038825 0.980781 0.048255
v 0.038825 0.973613 0.041225
v 0.061910 0.969021 0.041225
v 0.038825 0.980781 0.048255
v 0.061910 0.969021 0.041225
v 0.064653 0.975643 0.048255
v 0.061910 0.969021 0.017511
v 0.064653 0.975643 0.010480
v 0.086550 0.961012 0.010480
v 0.061910 0.969021 0.017511
v 0.086550 0.961012 0.010480
v 0.081482 0.955944 0.017511
v 0.061910 0.969021 0.041225
v 0.081482 0.955944 0.041225
v 0.086550 0.961012 0.048255
v 0.064653 0.975643 0.048255
v 0.061910 0.969021 0.041225
v 0.086550 0.961012 0.048255
v 0.086550 0.961012 0.010480
v 0.101181 0.939116 0.010480
v 0.094559 0.936373 0.017511
v 0.081482 0.955944 0.017511
v 0.086550 0.961012 0.010480
v 0.094559 0.936373 0.017511
v 0.081482 0.955944 0.041225
v 0.094559 0.936373 0.041225
v 0.101181 0.939116 0.048255
v 0.086550 0.961012 0.048255
v 0.081482 0.955944 0.041225
v 0.101181 0.939116 0.048255
v 0.094559 0.936373 0.017511
v 0.101181 0.939116 0.010480
v 0.106318 0.913287 0.010480
v 0.094559 0.936373 0.017511
v 0.106318 0.913287 0.010480
v 0.099151 0.913287 0.017511
v 0.101181 0.939116 0.048255
v 0.094559 0.936373 0.041225
v 0.099151 0.913287 0.041225
v 0.101181 0.939116 0.048255
v 0.099151 0.913287 0.041225
v 0.106318 0.913287 0.048255
v 0.099151 0.913287 0.017511
v 0.106318 0.913287 0.010480
v 0.101181 0.887458 0.010480
v 0.099151 0.913287 0.017511
v 0.101181 0.887458 0.010480
v 0.094559 0.890201 0.017511
v 0.106318 0.913287 0.048255
v 0.099151 0.913287 0.041225
v 0.094559 0.890201 0.041225
v 0.106318 0.913287 0.048255
v 0.094559 0.890201 0.041225
v 0.101181 0.887458 0.048255
v 0.101181 0.887458 0.010480
v 0.086550 0.865562 0.010480
v 0.081482 0.870630 0.017511
v 0.094559 0.890201 0.017511
v 0.101181 0.887458 0.010480
v 0.081482 0.870630 0.017511
v 0.101181 0.887458 0.048255
v 0.094559 0.890201 0.041225
v 0.081482 0.870630 0.041225
v 0.101181 0.887458 0.048255
v 0.081482 0.870630 0.041225
v 0.086550 0.865562 0.048255
v 0.081482 0.870630 0.017511
v 0.086550 0.865562 0.010480
v 0.064653 0.850931 0.010480
v 0.081482 0.870630 0.017511
v 0.064653 0.850931 0.010480
v 0.061910 0.857553 0.017511
v 0.086550 0.865562 0.048255
v 0.081482 0.870630 0.041225
v 0.061910 0.857553 0.041225
v 0.086550 0.865562 0.048255
v 0.061910 0.857553 0.041225
v 0.064653 0.850931 0.048255
v 0.061910 0.857553 0.017511
v 0.064653 0.850931 0.010480
v 0.038825 0.845793 0.010480
v 0.061910 0.857553 0.017511
v 0.038825 0.845793 0.010480
v 0.038825 0.852961 0.017511
v 0.064653 0.850931 0.048255
v 0.061910 0.857553 0.041225
v 0.038825 0.852961 0.041225
v 0.064653 0.850931 0.048255
v 0.038825 0.852961 0.041225
v 0.038825 0.845793 0.048255
v 0.038825 0.845793 0.010480
v 0.012996 0.850931 0.010480
v 0.015739 0.857553 0.017511
v 0.038825 0.852961 0.017511
v 0.038825 0.845793 0.010480
v 0.015739 0.857553 0.017511
v 0.038825 0.845793 0.048255
v 0.038825 0.852961 0.041225
v 0.015739 0.857553 0.041225
v 0.038825 0.845793 0.048255
v 0.015739 0.857553 0.041225
v 0.012996 0.850931 0.048255
v 0.015739 0.857553 0.017511
v 0.012996 0.850931 0.010480
v -0.008901 0.865562 0.010480
v 0.015739 0.857553 0.017511
v -0.008901 0.865562 0.010480
v -0.003832 0.870630 0.017511
v 0.015739 0.857553 0.041225
v -0.003832 0.870630 0.041225
v -0.008901 0.865562 0.048255
v 0.012996 0.850931 0.048255
v 0.015739 0.857553 0.041225
v -0.008901 0.865562 0.048255
v -0.003832 0.870630 0.017511
v -0.008901 0.865562 0.010480
v -0.023532 0.887458 0.010480
v -0.003832 0.870630 0.017511
v -0.023532 0.887458 0.010480
v -0.016909 0.890201 0.017511
v -0.008901 0.865562 0.048255
v -0.003832 0.870630 0.041225
v -0.016909 0.890201 0.041225
v -0.008901 0.865562 0.048255
v -0.016909 0.890201 0.041225
v -0.023532 0.887458 0.048255
v -0.023532 0.887458 0.010480
v -0.028669 0.913287 0.010480
v -0.021501 0.913287 0.017511
v -0.016909 0.890201 0.017511
v -0.023532 0.887458 0.010480
v -0.021501 0.913287 0.017511
v -0.023532 0.887458 0.048255
v -0.016909 0.890201 0.041225
v -0.021501 0.913287 0.041225
v -0.023532 0.887458 0.048255
v -0.021501 0.913287 0.041225
v -0.028669 0.913287 0.048255
v -0.021501 0.913287 0.017511
v -0.028669 0.913287 0.010480
v -0.023531 0.939116 0.010480
v -0.021501 0.913287 0.017511
v -0.023531 0.939116 0.010480
v -0.016909 0.936373 0.017511
v -0.021501 0.913287 0.041225
v -0.016909 0.936373 0.041225
v -0.023531 0.939116 0.048255
v -0.028669 0.913287 0.048255
v -0.021501 0.913287 0.041225
v -0.023531 0.939116 0.048255
v -0.016909 0.936373 0.017511
v -0.023531 0.939116 0.010480
v -0.008901 0.961012 0.010480
v -0.016909 0.936373 0.017511
v -0.008901 0.961012 0.010480
v -0.003832 0.955944 0.017511
v -0.023531 0.939116 0.048255
v -0.016909 0.936373 0.041225
v -0.003832 0.955944 0.041225
v -0.023531 0.939116 0.048255
v -0.003832 0.955944 0.041225
v -0.008901 0.961012 0.048255
v -0.003832 0.955944 0.017511
v -0.008901 0.961012 0.010480
v 0.012996 0.975643 0.010480
v -0.003832 0.955944 0.017511
v 0.012996 0.975643 0.010480
v 0.015739 0.969021 0.017511
v -0.008901 0.961012 0.048255
v -0.003832 0.955944 0.041225
v 0.015739 0.969021 0.041225
v -0.008901 0.961012 0.048255
v 0.015739 0.969021 0.041225
v 0.012996 0.975643 0.048255
v 0.015739 0.969021 0.017511
v 0.012996 0.975643 0.010480
v 0.038825 0.980781 0.010480
v 0.015739 0.969021 0.017511
v 0.038825 0.980781 0.010480
v 0.038825 0.973613 0.017511
v 0.012996 0.975643 0.048255
v 0.015739 0.969021 0.041225
v 0.038825 0.973613 0.041225
v 0.012996 0.975643 0.048255
v 0.038825 0.973613 0.041225
v 0.038825 0.980781 0.048255
v 0.038825 0.980781 0.010480
v 0.038825 0.992270 0.010480
v 0.069050 0.986258 0.010480
v 0.038825 0.980781 0.010480
v 0.069050 0.986258 0.010480
v 0.064653 0.975643 0.010480
v -0.148794 -0.359816 -0.398071
v -0.149496 -0.363355 -0.401579
v -0.152349 -0.536876 -0.399478
v -0.148794 -0.359816 -0.398071
v -0.152349 -0.536876 -0.399478
v -0.152217 -0.531326 -0.395726
v -0.128533 -0.591937 -0.399427
v -0.132692 -0.534157 -0.407111
v -0.129532 -0.536534 -0.402939
v -0.128533 -0.591937 -0.399427
v -0.129532 -0.536534 -0.402939
v -0.125431 -0.586060 -0.395164
v -0.125431 -0.586060 -0.395164
v -0.129532 -0.536534 -0.402939
v -0.152217 -0.531326 -0.395726
v -0.125431 -0.586060 -0.395164
v -0.152217 -0.531326 -0.395726
v -0.148391 -0.580565 -0.388203
v -0.152349 -0.536876 -0.399478
v -0.132692 -0.534157 -0.407111
v -0.128533 -0.591937 -0.399427
v -0.148352 -0.594656 -0.392028
v -0.152349 -0.536876 -0.399478
v -0.128533 -0.591937 -0.399427
vt 0.542097 0.818068
vt 0.541527 0.820975
vt 0.547715 0.823575
vt 0.549339 0.821111
vt 0.542097 0.818068
vt 0.547715 0.823575
vt 0.549339 0.821111
vt 0.547715 0.823575
vt 0.552452 0.828379
vt 0.554882 0.826732
vt 0.549339 0.821111
vt 0.552452 0.828379
vt 0.554882 0.826732
vt 0.552452 0.828379
vt 0.555016 0.834655
vt 0.554882 0.826732
vt 0.555016 0.834655
vt 0.557882 0.834077
vt 0.557882 0.834077
vt 0.555016 0.834655
vt 0.557882 0.842027
vt 0.555016 0.834655
vt 0.555016 0.841448
vt 0.557882 0.842027
vt 0.555016 0.841448
vt 0.554882 0.849371
vt 0.557882 0.842027
vt 0.555016 0.841448
vt 0.552452 0.847725
vt 0.554882 0.849371
vt 0.552452 0.847725
vt 0.549339 0.854993
vt 0.554882 0.849371
vt 0.552452 0.847725
vt 0.547715 0.852528
vt 0.549339 0.854993
vt 0.547715 0.852528
vt 0.542097 0.858035
vt 0.549339 0.854993
vt 0.547715 0.852528
vt 0.541527 0.855128
vt 0.542097 0.858035
vt 0.541527 0.855128
vt 0.534828 0.855128
vt 0.542097 0.858035
vt 0.534828 0.855128
vt 0.534258 0.858035
vt 0.542097 0.858035
vt 0.534828 0.855128
vt 0.528639 0.852528
vt 0.534258 0.858035
vt 0.528639 0.852528
vt 0.527016 0.854993
vt 0.534258 0.858035
vt 0.528639 0.852528
vt 0.523903 0.847725
vt 0.527016 0.854993
vt 0.523903 0.847725
vt 0.521473 0.849371
vt 0.527016 0.854993
vt 0.521339 0.841448
vt 0.521473 0.849371
vt 0.523903 0.847725
vt 0.521339 0.841448
vt 0.518473 0.842027
vt 0.521473 0.849371
vt 0.518473 0.834077
vt 0.518473 0.842027
vt 0.521339 0.841448
vt 0.521339 0.834655
vt 0.518473 0.834077
vt 0.521339 0.841448
vt 0.521473 0.826732
vt 0.518473 0.834077
vt 0.521339 0.834655
vt 0.521473 0.826732
vt 0.521339 0.834655
vt 0.523903 0.828379
vt 0.527016 0.821111
vt 0.521473 0.826732
vt 0.523903 0.828379
vt 0.527016 0.821111
vt 0.523903 0.828379
vt 0.528639 0.823575
vt 0.534258 0.818068
vt 0.527016 0.821111
vt 0.528639 0.823575
vt 0.534258 0.818068
vt 0.528639 0.823575
vt 0.534828 0.820975
vt 0.542097 0.818068
vt 0.534258 0.818068
vt 0.534828 0.820975
vt 0.542097 0.818068
vt 0.534828 0.820975
vt 0.541527 0.820975
vt 0.449001 0.957441
vt 0.444264 0.952637
vt 0.441834 0.954284
vt 0.449001 0.957441
vt 0.441834 0.954284
vt 0.447377 0.959905
vt 0.455189 0.960041
vt 0.449001 0.957441
vt 0.447377 0.959905
vt 0.455189 0.960041
vt 0.447377 0.959905
vt 0.454619 0.962948
vt 0.461888 0.960041
vt 0.455189 0.960041
vt 0.454619 0.962948
vt 0.462458 0.962948
vt 0.461888 0.960041
vt 0.454619 0.962948
vt 0.469700 0.959905
vt 0.461888 0.960041
vt 0.462458 0.962948
vt 0.469700 0.959905
vt 0.468077 0.957441
vt 0.461888 0.960041
vt 0.469700 0.959905
vt 0.475243 0.954284
vt 0.468077 0.957441
vt 0.475243 0.954284
vt 0.472813 0.952637
vt 0.468077 0.957441
vt 0.475243 0.954284
vt 0.478243 0.946939
vt 0.472813 0.952637
vt 0.478243 0.946939
vt 0.475377 0.946361
vt 0.472813 0.952637
vt 0.478243 0.946939
vt 0.478243 0.938989
vt 0.475377 0.946361
vt 0.478243 0.938989
vt 0.475377 0.939567
vt 0.475377 0.946361
vt 0.478243 0.938989
vt 0.472813 0.933291
vt 0.475377 0.939567
vt 0.478243 0.938989
vt 0.475243 0.931644
vt 0.472813 0.933291
vt 0.475243 0.931644
vt 0.468077 0.928487
vt 0.472813 0.933291
vt 0.475243 0.931644
vt 0.469700 0.926023
vt 0.468077 0.928487
vt 0.469700 0.926023
vt 0.461888 0.925888
vt 0.468077 0.928487
vt 0.469700 0.926023
vt 0.462458 0.922981
vt 0.461888 0.925888
vt 0.461888 0.925888
vt 0.462458 0.922981
vt 0.455189 0.925888
vt 0.462458 0.922981
vt 0.454619 0.922981
vt 0.455189 0.925888
vt 0.455189 0.925888
vt 0.454619 0.922981
vt 0.447377 0.926023
vt 0.455189 0.925888
vt 0.447377 0.926023
vt 0.449001 0.928487
vt 0.449001 0.928487
vt 0.447377 0.926023
vt 0.441834 0.931644
vt 0.444264 0.933291
vt 0.449001 0.928487
vt 0.441834 0.931644
vt 0.444264 0.933291
vt 0.441834 0.931644
vt 0.438834 0.938989
vt 0.441700 0.939567
vt 0.444264 0.933291
vt 0.438834 0.938989
vt 0.441700 0.939567
vt 0.438834 0.938989
vt 0.438834 0.946939
vt 0.441700 0.946361
vt 0.441700 0.939567
vt 0.438834 0.946939
vt 0.441700 0.946361
vt 0.438834 0.946939
vt 0.441834 0.954284
vt 0.444264 0.952637
vt 0.441700 0.946361
vt 0.441834 0.954284
vt 0.976003 0.405945
vt 0.970033 0.405949
vt 0.970033 0.415011
vt 0.976003 0.405945
vt 0.970033 0.415011
vt 0.976003 0.415007
vt 0.976601 0.397585
vt 0.970033 0.405949
vt 0.976003 0.405945
vt 0.976601 0.397585
vt 0.970631 0.397589
vt 0.970033 0.405949
vt 0.976003 0.415007
vt 0.970033 0.415011
vt 0.976601 0.423393
vt 0.970033 0.415011
vt 0.970631 0.423397
vt 0.976601 0.423393
vt 0.961002 0.064696
vt 0.966749 0.064696
vt 0.966749 0.073522
vt 0.961002 0.064696
vt 0.966749 0.073522
vt 0.961002 0.073522
vt 0.961002 0.073522
vt 0.966749 0.073522
vt 0.966749 0.082348
vt 0.961002 0.073522
vt 0.966749 0.082348
vt 0.961002 0.082348
vt 0.961002 0.082348
vt 0.966749 0.082348
vt 0.966749 0.091174
vt 0.961002 0.082348
vt 0.966749 0.091174
vt 0.961002 0.091174
vt 0.961002 0.055870
vt 0.966749 0.064696
vt 0.961002 0.064696
vt 0.961002 0.055870
vt 0.966749 0.055870
vt 0.966749 0.064696
vt 0.961002 0.047044
vt 0.966749 0.055870
vt 0.961002 0.055870
vt 0.961002 0.047044
vt 0.966749 0.047044
vt 0.966749 0.055870
vt 0.981527 0.302664
vt 0.974959 0.302664
vt 0.974959 0.311677
vt 0.981527 0.302664
vt 0.974959 0.311677
vt 0.981527 0.311677
vt 0.981527 0.311677
vt 0.974959 0.311677
vt 0.974959 0.319317
vt 0.981527 0.311677
vt 0.974959 0.319317
vt 0.981527 0.319317
vt 0.981527 0.293652
vt 0.974959 0.302664
vt 0.981527 0.302664
vt 0.981527 0.293652
vt 0.974959 0.293652
vt 0.974959 0.302664
vt 0.981527 0.286012
vt 0.974959 0.293652
vt 0.981527 0.293652
vt 0.981527 0.286012
vt 0.974959 0.286012
vt 0.974959 0.293652
vt 0.588987 0.599352
vt 0.594492 0.589860
vt 0.588259 0.589880
vt 0.588987 0.599352
vt 0.595219 0.599332
vt 0.594492 0.589860
vt 0.597291 0.607391
vt 0.595219 0.599332
vt 0.588987 0.599352
vt 0.591058 0.607410
vt 0.597291 0.607391
vt 0.588987 0.599352
vt 0.588259 0.589880
vt 0.594492 0.589860
vt 0.595219 0.580417
vt 0.588259 0.589880
vt 0.595219 0.580417
vt 0.588987 0.580436
vt 0.588987 0.580436
vt 0.595219 0.580417
vt 0.597291 0.572440
vt 0.588987 0.580436
vt 0.597291 0.572440
vt 0.591058 0.572459
vt 0.417610 0.243312
vt 0.417608 0.236886
vt 0.423952 0.243312
vt 0.417608 0.236886
vt 0.423950 0.236886
vt 0.423952 0.243312
vt 0.411743 0.243547
vt 0.417608 0.236886
vt 0.417610 0.243312
vt 0.411743 0.243547
vt 0.411741 0.237121
vt 0.417608 0.236886
vt 0.423952 0.243312
vt 0.423950 0.236886
vt 0.429803 0.243547
vt 0.423950 0.236886
vt 0.429801 0.237121
vt 0.429803 0.243547
vt 0.611847 0.198591
vt 0.605501 0.198591
vt 0.611905 0.192281
vt 0.605501 0.198591
vt 0.605558 0.192281
vt 0.611905 0.192281
vt 0.611905 0.192281
vt 0.605558 0.192281
vt 0.605723 0.186928
vt 0.611905 0.192281
vt 0.605723 0.186928
vt 0.612069 0.186928
vt 0.611905 0.204898
vt 0.605501 0.198591
vt 0.611847 0.198591
vt 0.611905 0.204898
vt 0.605558 0.204898
vt 0.605501 0.198591
vt 0.612069 0.210241
vt 0.605558 0.204898
vt 0.611905 0.204898
vt 0.612069 0.210241
vt 0.605723 0.210241
vt 0.605558 0.204898
vt 0.416771 0.598849
vt 0.416773 0.592423
vt 0.423115 0.592423
vt 0.416771 0.598849
vt 0.423115 0.592423
vt 0.423113 0.598849
vt 0.410920 0.599084
vt 0.416773 0.592423
vt 0.416771 0.598849
vt 0.410920 0.599084
vt 0.410922 0.592658
vt 0.416773 0.592423
vt 0.423113 0.598849
vt 0.423115 0.592423
vt 0.428980 0.599084
vt 0.423115 0.592423
vt 0.428982 0.592658
vt 0.428980 0.599084
vt 0.439655 0.238437
vt 0.433087 0.232004
vt 0.439655 0.232004
vt 0.439655 0.238437
vt 0.433087 0.238437
vt 0.433087 0.232004
vt 0.439655 0.232004
vt 0.433087 0.232004
vt 0.433087 0.226062
vt 0.439655 0.232004
vt 0.433087 0.226062
vt 0.439655 0.226062
vt 0.439655 0.244380
vt 0.433087 0.238437
vt 0.439655 0.238437
vt 0.439655 0.244380
vt 0.433087 0.244380
vt 0.433087 0.238437
vt 0.302545 0.093558
vt 0.295977 0.093558
vt 0.295977 0.087125
vt 0.302545 0.093558
vt 0.295977 0.087125
vt 0.302545 0.087125
vt 0.302545 0.087125
vt 0.295977 0.087125
vt 0.295977 0.081182
vt 0.302545 0.087125
vt 0.295977 0.081182
vt 0.302545 0.081182
vt 0.302545 0.099500
vt 0.295977 0.093558
vt 0.302545 0.093558
vt 0.302545 0.099500
vt 0.295977 0.099500
vt 0.295977 0.093558
vt 0.181688 0.894957
vt 0.183645 0.893631
vt 0.180059 0.884850
vt 0.181688 0.894957
vt 0.180059 0.884850
vt 0.177750 0.885317
vt 0.177750 0.885317
vt 0.180059 0.884850
vt 0.180059 0.875346
vt 0.177750 0.885317
vt 0.180059 0.875346
vt 0.177750 0.874883
vt 0.188963 0.902335
vt 0.183645 0.893631
vt 0.181688 0.894957
vt 0.188963 0.902335
vt 0.190272 0.900351
vt 0.183645 0.893631
vt 0.198468 0.906328
vt 0.190272 0.900351
vt 0.188963 0.902335
vt 0.198468 0.906328
vt 0.198930 0.903988
vt 0.190272 0.900351
vt 0.208757 0.906328
vt 0.198930 0.903988
vt 0.198468 0.906328
vt 0.208757 0.906328
vt 0.208301 0.903988
vt 0.198930 0.903988
vt 0.216959 0.900351
vt 0.208301 0.903988
vt 0.208757 0.906328
vt 0.218262 0.902335
vt 0.216959 0.900351
vt 0.208757 0.906328
vt 0.223586 0.893631
vt 0.216959 0.900351
vt 0.218262 0.902335
vt 0.225537 0.894957
vt 0.223586 0.893631
vt 0.218262 0.902335
vt 0.227172 0.884850
vt 0.223586 0.893631
vt 0.225537 0.894957
vt 0.229475 0.885317
vt 0.227172 0.884850
vt 0.225537 0.894957
vt 0.229475 0.874883
vt 0.227172 0.884850
vt 0.229475 0.885317
vt 0.229475 0.874883
vt 0.227172 0.875346
vt 0.227172 0.884850
vt 0.225537 0.865243
vt 0.227172 0.875346
vt 0.229475 0.874883
vt 0.225537 0.865243
vt 0.223586 0.866565
vt 0.227172 0.875346
vt 0.218262 0.857865
vt 0.223586 0.866565
vt 0.225537 0.865243
vt 0.218262 0.857865
vt 0.216959 0.859845
vt 0.223586 0.866565
vt 0.177750 0.874883
vt 0.180059 0.875346
vt 0.181688 0.865243
vt 0.180059 0.875346
vt 0.183645 0.866565
vt 0.181688 0.865243
vt 0.208757 0.853872
vt 0.216959 0.859845
vt 0.218262 0.857865
vt 0.208757 0.853872
vt 0.208301 0.856208
vt 0.216959 0.859845
vt 0.181688 0.865243
vt 0.183645 0.866565
vt 0.190271 0.859845
vt 0.181688 0.865243
vt 0.190271 0.859845
vt 0.188963 0.857865
vt 0.188963 0.857865
vt 0.190271 0.859845
vt 0.198930 0.856208
vt 0.188963 0.857865
vt 0.198930 0.856208
vt 0.198468 0.853872
vt 0.198468 0.853872
vt 0.198930 0.856208
vt 0.208301 0.856208
vt 0.198468 0.853872
vt 0.208301 0.856208
vt 0.208757 0.853872
vt 0.182883 0.754938
vt 0.174299 0.760330
vt 0.176256 0.761659
vt 0.182883 0.754938
vt 0.181574 0.752952
vt 0.174299 0.760330
vt 0.176256 0.761659
vt 0.174299 0.760330
vt 0.170361 0.769970
vt 0.176256 0.761659
vt 0.170361 0.769970
vt 0.172670 0.770439
vt 0.172670 0.770439
vt 0.170361 0.769970
vt 0.172670 0.779943
vt 0.170361 0.769970
vt 0.170361 0.780405
vt 0.172670 0.779943
vt 0.172670 0.779943
vt 0.170361 0.780405
vt 0.176256 0.788724
vt 0.170361 0.780405
vt 0.174299 0.790044
vt 0.176256 0.788724
vt 0.176256 0.788724
vt 0.174299 0.790044
vt 0.182883 0.795444
vt 0.174299 0.790044
vt 0.181574 0.797423
vt 0.182883 0.795444
vt 0.191541 0.751301
vt 0.181574 0.752952
vt 0.182883 0.754938
vt 0.191541 0.751301
vt 0.191079 0.748959
vt 0.181574 0.752952
vt 0.200912 0.751301
vt 0.191079 0.748959
vt 0.191541 0.751301
vt 0.200912 0.751301
vt 0.201368 0.748959
vt 0.191079 0.748959
vt 0.182883 0.795444
vt 0.181574 0.797423
vt 0.191079 0.801416
vt 0.182883 0.795444
vt 0.191079 0.801416
vt 0.191541 0.799081
vt 0.191541 0.799081
vt 0.191079 0.801416
vt 0.201368 0.801416
vt 0.191541 0.799081
vt 0.201368 0.801416
vt 0.200912 0.799081
vt 0.209571 0.754938
vt 0.201368 0.748959
vt 0.200912 0.751301
vt 0.209571 0.754938
vt 0.210873 0.752952
vt 0.201368 0.748959
vt 0.200912 0.799081
vt 0.201368 0.801416
vt 0.209570 0.795444
vt 0.201368 0.801416
vt 0.210873 0.797422
vt 0.209570 0.795444
vt 0.216197 0.761659
vt 0.210873 0.752952
vt 0.209571 0.754938
vt 0.216197 0.761659
vt 0.218148 0.760330
vt 0.210873 0.752952
vt 0.209570 0.795444
vt 0.210873 0.797422
vt 0.218148 0.790044
vt 0.209570 0.795444
vt 0.218148 0.790044
vt 0.216197 0.788724
vt 0.219783 0.770439
vt 0.218148 0.760330
vt 0.216197 0.761659
vt 0.219783 0.770439
vt 0.222085 0.769970
vt 0.218148 0.760330
vt 0.219783 0.779943
vt 0.222085 0.769970
vt 0.219783 0.770439
vt 0.219783 0.779943
vt 0.222085 0.780404
vt 0.222085 0.769970
vt 0.216197 0.788724
vt 0.222085 0.780404
vt 0.219783 0.779943
vt 0.216197 0.788724
vt 0.218148 0.790044
vt 0.222085 0.780404
vt 0.324216 0.459320
vt 0.326355 0.458890
vt 0.324216 0.466574
vt 0.326355 0.458890
vt 0.326355 0.467005
vt 0.324216 0.466574
vt 0.324216 0.466574
vt 0.326355 0.467005
vt 0.323292 0.474503
vt 0.324216 0.466574
vt 0.323292 0.474503
vt 0.321479 0.473275
vt 0.321479 0.473275
vt 0.323292 0.474503
vt 0.317634 0.480242
vt 0.321479 0.473275
vt 0.317634 0.480242
vt 0.316422 0.478404
vt 0.316422 0.478404
vt 0.317634 0.480242
vt 0.309814 0.481180
vt 0.317634 0.480242
vt 0.310241 0.483347
vt 0.309814 0.481180
vt 0.321479 0.452619
vt 0.326355 0.458890
vt 0.324216 0.459320
vt 0.321479 0.452619
vt 0.323292 0.451392
vt 0.326355 0.458890
vt 0.309814 0.481180
vt 0.310241 0.483347
vt 0.302239 0.483347
vt 0.309814 0.481180
vt 0.302239 0.483347
vt 0.302661 0.481180
vt 0.302661 0.481180
vt 0.302239 0.483347
vt 0.294846 0.480242
vt 0.302661 0.481180
vt 0.294846 0.480242
vt 0.296053 0.478404
vt 0.296053 0.478404
vt 0.294846 0.480242
vt 0.290996 0.473275
vt 0.294846 0.480242
vt 0.289187 0.474503
vt 0.290996 0.473275
vt 0.290996 0.473275
vt 0.289187 0.474503
vt 0.286125 0.467005
vt 0.290996 0.473275
vt 0.286125 0.467005
vt 0.288259 0.466574
vt 0.288259 0.466574
vt 0.286125 0.467005
vt 0.286125 0.458890
vt 0.288259 0.466574
vt 0.286125 0.458890
vt 0.288259 0.459320
vt 0.288259 0.459320
vt 0.286125 0.458890
vt 0.290996 0.452619
vt 0.286125 0.458890
vt 0.289187 0.451392
vt 0.290996 0.452619
vt 0.290996 0.452619
vt 0.289187 0.451392
vt 0.294846 0.445654
vt 0.290996 0.452619
vt 0.294846 0.445654
vt 0.296053 0.447490
vt 0.296053 0.447490
vt 0.294846 0.445654
vt 0.302239 0.442548
vt 0.296053 0.447490
vt 0.302239 0.442548
vt 0.302661 0.444714
vt 0.302661 0.444714
vt 0.302239 0.442548
vt 0.310241 0.442548
vt 0.302661 0.444714
vt 0.310241 0.442548
vt 0.309814 0.444714
vt 0.316422 0.447490
vt 0.323292 0.451392
vt 0.321479 0.452619
vt 0.316422 0.447490
vt 0.317634 0.445654
vt 0.323292 0.451392
vt 0.309814 0.444714
vt 0.310241 0.442548
vt 0.317634 0.445654
vt 0.309814 0.444714
vt 0.317634 0.445654
vt 0.316422 0.447490
vt 0.880320 0.069211
vt 0.882132 0.070439
vt 0.887190 0.065310
vt 0.880320 0.069211
vt 0.887190 0.065310
vt 0.885979 0.063472
vt 0.879395 0.077140
vt 0.882132 0.070439
vt 0.880320 0.069211
vt 0.877258 0.076708
vt 0.879395 0.077140
vt 0.880320 0.069211
vt 0.885979 0.063472
vt 0.887190 0.065310
vt 0.893798 0.062534
vt 0.885979 0.063472
vt 0.893798 0.062534
vt 0.893372 0.060366
vt 0.879395 0.084394
vt 0.879395 0.077140
vt 0.877258 0.076708
vt 0.877258 0.084824
vt 0.879395 0.084394
vt 0.877258 0.076708
vt 0.880320 0.092322
vt 0.879395 0.084394
vt 0.877258 0.084824
vt 0.880320 0.092322
vt 0.882132 0.091095
vt 0.879395 0.084394
vt 0.885979 0.098060
vt 0.882132 0.091095
vt 0.880320 0.092322
vt 0.885979 0.098060
vt 0.887190 0.096224
vt 0.882132 0.091095
vt 0.893372 0.101166
vt 0.887190 0.096224
vt 0.885979 0.098060
vt 0.893372 0.101166
vt 0.893798 0.099000
vt 0.887190 0.096224
vt 0.901374 0.101166
vt 0.893798 0.099000
vt 0.893372 0.101166
vt 0.901374 0.101166
vt 0.900950 0.099000
vt 0.893798 0.099000
vt 0.907558 0.096224
vt 0.900950 0.099000
vt 0.901374 0.101166
vt 0.908767 0.098060
vt 0.907558 0.096224
vt 0.901374 0.101166
vt 0.914425 0.092321
vt 0.907558 0.096224
vt 0.908767 0.098060
vt 0.914425 0.092321
vt 0.912615 0.091095
vt 0.907558 0.096224
vt 0.917488 0.084824
vt 0.912615 0.091095
vt 0.914425 0.092321
vt 0.917488 0.084824
vt 0.915353 0.084394
vt 0.912615 0.091095
vt 0.915353 0.077140
vt 0.915353 0.084394
vt 0.917488 0.084824
vt 0.917488 0.076708
vt 0.915353 0.077140
vt 0.917488 0.084824
vt 0.914425 0.069211
vt 0.915353 0.077140
vt 0.917488 0.076708
vt 0.914425 0.069211
vt 0.912615 0.070439
vt 0.915353 0.077140
vt 0.908767 0.063472
vt 0.912615 0.070439
vt 0.914425 0.069211
vt 0.908767 0.063472
vt 0.907558 0.065310
vt 0.912615 0.070439
vt 0.901374 0.060366
vt 0.907558 0.065310
vt 0.908767 0.063472
vt 0.901374 0.060366
vt 0.900950 0.062534
vt 0.907558 0.065310
vt 0.893372 0.060366
vt 0.893798 0.062534
vt 0.900950 0.062534
vt 0.893372 0.060366
vt 0.900950 0.062534
vt 0.901374 0.060366
vt 0.515032 0.840550
vt 0.183498 0.841145
vt 0.183713 0.847211
vt 0.515032 0.840550
vt 0.183713 0.847211
vt 0.516831 0.847211
vt 0.887110 0.584097
vt 0.887110 0.243570
vt 0.881363 0.583666
vt 0.887110 0.243570
vt 0.881428 0.243547
vt 0.881363 0.583666
vt 0.867406 0.687344
vt 0.864943 0.685061
vt 0.867406 0.349292
vt 0.631098 0.480026
vt 0.620936 0.440363
vt 0.619458 0.439675
vt 0.631098 0.480026
vt 0.632568 0.480448
vt 0.620936 0.440363
vt 0.620936 0.440363
vt 0.648299 0.097002
vt 0.619458 0.439675
vt 0.631098 0.480026
vt 0.638798 0.491674
vt 0.632568 0.480448
vt 0.638798 0.491674
vt 0.639281 0.490351
vt 0.632568 0.480448
vt 0.638798 0.491674
vt 0.649836 0.490944
vt 0.639281 0.490351
vt 0.620936 0.440363
vt 0.649836 0.099650
vt 0.648299 0.097002
vt 0.649836 0.490944
vt 0.649610 0.488436
vt 0.639281 0.490351
vt 0.580090 0.471772
vt 0.591519 0.512714
vt 0.590758 0.513966
vt 0.579228 0.472574
vt 0.580090 0.471772
vt 0.590758 0.513966
vt 0.579228 0.472574
vt 0.609606 0.121982
vt 0.580090 0.471772
vt 0.591519 0.512714
vt 0.599636 0.526644
vt 0.590758 0.513966
vt 0.591519 0.512714
vt 0.599465 0.525062
vt 0.599636 0.526644
vt 0.599465 0.525062
vt 0.609606 0.525273
vt 0.599636 0.526644
vt 0.599465 0.525062
vt 0.609390 0.522702
vt 0.609606 0.525273
vt 0.834673 0.060545
vt 0.846059 0.062032
vt 0.832088 0.054538
vt 0.846059 0.062032
vt 0.845834 0.055881
vt 0.832088 0.054538
vt 0.834673 0.060545
vt 0.832088 0.054538
vt 0.791051 0.056079
vt 0.834673 0.060545
vt 0.791051 0.056079
vt 0.793453 0.062032
vt 0.725221 0.866361
vt 0.723727 0.908422
vt 0.729629 0.909233
vt 0.731117 0.867182
vt 0.725221 0.866361
vt 0.729629 0.909233
vt 0.723727 0.908422
vt 0.731117 0.922768
vt 0.729629 0.909233
vt 0.723727 0.908422
vt 0.725455 0.922981
vt 0.731117 0.922768
vt 0.607472 0.575770
vt 0.617816 0.575770
vt 0.607143 0.569109
vt 0.617816 0.575770
vt 0.617132 0.570251
vt 0.607143 0.569109
vt 0.705130 0.143630
vt 0.704023 0.149459
vt 0.710305 0.149459
vt 0.711412 0.143630
vt 0.705130 0.143630
vt 0.710305 0.149459
vt 0.012726 0.325146
vt 0.018473 0.336803
vt 0.018473 0.325307
vt 0.012726 0.325146
vt 0.013283 0.335588
vt 0.018473 0.336803
vt 0.694171 0.074521
vt 0.690887 0.081182
vt 0.690887 0.075782
vt 0.694171 0.074521
vt 0.694171 0.079921
vt 0.690887 0.081182
vt 0.317750 0.548293
vt 0.322006 0.542479
vt 0.316502 0.542465
vt 0.317750 0.548293
vt 0.323071 0.548293
vt 0.322006 0.542479
vt 0.172003 0.923813
vt 0.172003 0.918180
vt 0.174466 0.922786
vt 0.172003 0.918180
vt 0.174466 0.917152
vt 0.174466 0.922786
vt 0.749179 0.692340
vt 0.743330 0.692340
vt 0.742611 0.689009
vt 0.749179 0.692340
vt 0.742611 0.689009
vt 0.748841 0.689106
vt 0.323834 0.425309
vt 0.318145 0.425062
vt 0.323892 0.428393
vt 0.318145 0.425062
vt 0.318724 0.428393
vt 0.323892 0.428393
vt 0.837849 0.369420
vt 0.844417 0.368443
vt 0.844417 0.701499
vt 0.659741 0.502498
vt 0.665435 0.164446
vt 0.665435 0.502480
vt 0.659741 0.502498
vt 0.659688 0.165043
vt 0.665435 0.164446
vt 0.888752 0.027893
vt 0.561166 0.027102
vt 0.888752 0.022065
vt 0.699918 0.817925
vt 0.692935 0.812240
vt 0.690574 0.814172
vt 0.699918 0.817925
vt 0.690574 0.814172
vt 0.697257 0.819734
vt 0.692935 0.812240
vt 0.341954 0.819734
vt 0.690574 0.814172
vt 0.561838 0.318540
vt 0.560345 0.319074
vt 0.584727 0.666004
vt 0.573192 0.274473
vt 0.560345 0.319074
vt 0.561838 0.318540
vt 0.574664 0.274222
vt 0.573192 0.274473
vt 0.561838 0.318540
vt 0.579551 0.260200
vt 0.573192 0.274473
vt 0.574664 0.274222
vt 0.579551 0.260200
vt 0.574664 0.274222
vt 0.580449 0.262082
vt 0.592365 0.263505
vt 0.579551 0.260200
vt 0.580449 0.262082
vt 0.592365 0.263505
vt 0.580449 0.262082
vt 0.591631 0.266442
vt 0.586373 0.663463
vt 0.561838 0.318540
vt 0.584727 0.666004
vt 0.586373 0.663463
vt 0.584727 0.666004
vt 0.590853 0.672356
vt 0.592365 0.669568
vt 0.586373 0.663463
vt 0.590853 0.672356
vt 0.475623 0.848876
vt 0.476920 0.855723
vt 0.431445 0.849719
vt 0.476920 0.855723
vt 0.432485 0.856370
vt 0.431445 0.849719
vt 0.489737 0.856370
vt 0.476920 0.855723
vt 0.475623 0.848876
vt 0.489737 0.856370
vt 0.475623 0.848876
vt 0.488364 0.849465
vt 0.575785 0.326733
vt 0.581112 0.370975
vt 0.575123 0.371723
vt 0.575785 0.326733
vt 0.581691 0.325978
vt 0.581112 0.370975
vt 0.575123 0.371723
vt 0.581112 0.370975
vt 0.581691 0.386015
vt 0.575678 0.386761
vt 0.575123 0.371723
vt 0.581691 0.386015
vt 0.546212 0.259196
vt 0.557279 0.213654
vt 0.557787 0.215315
vt 0.557787 0.215315
vt 0.557279 0.213654
vt 0.563250 0.199417
vt 0.563189 0.203266
vt 0.557787 0.215315
vt 0.563250 0.199417
vt 0.546212 0.259196
vt 0.545566 0.258052
vt 0.557279 0.213654
vt 0.575944 0.601582
vt 0.545566 0.258052
vt 0.546212 0.259196
vt 0.563189 0.203266
vt 0.563250 0.199417
vt 0.575944 0.202512
vt 0.575245 0.205429
vt 0.563189 0.203266
vt 0.575944 0.202512
vt 0.488916 0.254371
vt 0.490065 0.260200
vt 0.502874 0.260200
vt 0.501816 0.254818
vt 0.488916 0.254371
vt 0.502874 0.260200
vt 0.902709 0.038247
vt 0.908457 0.030862
vt 0.908457 0.039550
vt 0.902709 0.038247
vt 0.902709 0.029559
vt 0.908457 0.030862
vt 0.998768 0.094505
vt 0.998768 0.103138
vt 0.993025 0.095827
vt 0.998768 0.103138
vt 0.993021 0.104496
vt 0.993025 0.095827
vt 0.126847 0.630724
vt 0.126847 0.618635
vt 0.120279 0.617402
vt 0.126847 0.630724
vt 0.120279 0.617402
vt 0.121625 0.630019
vt 0.768883 0.984596
vt 0.769208 0.987927
vt 0.774631 0.987927
vt 0.774306 0.984596
vt 0.768883 0.984596
vt 0.774631 0.987927
vt 0.529967 0.983366
vt 0.526683 0.988324
vt 0.526683 0.982931
vt 0.529967 0.983366
vt 0.529967 0.988759
vt 0.526683 0.988324
vt 0.366308 0.595591
vt 0.366308 0.637548
vt 0.375616 0.639425
vt 0.366308 0.637548
vt 0.358367 0.681658
vt 0.375616 0.639425
vt 0.366308 0.637548
vt 0.350476 0.676311
vt 0.358367 0.681658
vt 0.350476 0.676311
vt 0.326495 0.713981
vt 0.358367 0.681658
vt 0.350476 0.676311
vt 0.321222 0.705979
vt 0.326495 0.713981
vt 0.321222 0.705979
vt 0.284852 0.731474
vt 0.326495 0.713981
vt 0.321222 0.705979
vt 0.283000 0.722035
vt 0.284852 0.731474
vt 0.283000 0.722035
vt 0.241628 0.722035
vt 0.284852 0.731474
vt 0.241628 0.722035
vt 0.239778 0.731474
vt 0.284852 0.731474
vt 0.241628 0.722035
vt 0.203406 0.705979
vt 0.239778 0.731474
vt 0.203406 0.705979
vt 0.198136 0.713981
vt 0.239778 0.731474
vt 0.203406 0.705979
vt 0.174152 0.676311
vt 0.198136 0.713981
vt 0.174152 0.676311
vt 0.166264 0.681658
vt 0.198136 0.713981
vt 0.158320 0.637548
vt 0.166264 0.681658
vt 0.174152 0.676311
vt 0.158320 0.637548
vt 0.149015 0.639425
vt 0.166264 0.681658
vt 0.149015 0.593714
vt 0.149015 0.639425
vt 0.158320 0.637548
vt 0.158320 0.595591
vt 0.149015 0.593714
vt 0.158320 0.637548
vt 0.166264 0.551482
vt 0.149015 0.593714
vt 0.158320 0.595591
vt 0.166264 0.551482
vt 0.158320 0.595591
vt 0.174152 0.556828
vt 0.198136 0.519158
vt 0.166264 0.551482
vt 0.174152 0.556828
vt 0.198136 0.519158
vt 0.174152 0.556828
vt 0.203406 0.527160
vt 0.239778 0.501665
vt 0.198136 0.519158
vt 0.203406 0.527160
vt 0.239778 0.501665
vt 0.203406 0.527160
vt 0.241628 0.511104
vt 0.284852 0.501665
vt 0.239778 0.501665
vt 0.241628 0.511104
vt 0.284852 0.501665
vt 0.241628 0.511104
vt 0.283000 0.511104
vt 0.284852 0.501665
vt 0.283000 0.511104
vt 0.321222 0.527160
vt 0.326495 0.519158
vt 0.284852 0.501665
vt 0.321222 0.527160
vt 0.326495 0.519158
vt 0.321222 0.527160
vt 0.350476 0.556828
vt 0.358367 0.551482
vt 0.326495 0.519158
vt 0.350476 0.556828
vt 0.358367 0.551482
vt 0.350476 0.556828
vt 0.366308 0.595591
vt 0.358367 0.551482
vt 0.366308 0.595591
vt 0.375616 0.593714
vt 0.375616 0.593714
vt 0.366308 0.595591
vt 0.375616 0.639425
vt 0.458037 0.222525
vt 0.500091 0.222525
vt 0.501601 0.230225
vt 0.500091 0.222525
vt 0.543244 0.212732
vt 0.501601 0.230225
vt 0.500091 0.222525
vt 0.538944 0.206204
vt 0.543244 0.212732
vt 0.538944 0.206204
vt 0.575116 0.180409
vt 0.543244 0.212732
vt 0.538944 0.206204
vt 0.568680 0.176046
vt 0.575116 0.180409
vt 0.568680 0.176046
vt 0.592365 0.138176
vt 0.575116 0.180409
vt 0.568680 0.176046
vt 0.584774 0.136644
vt 0.592365 0.138176
vt 0.584774 0.136644
vt 0.584774 0.093994
vt 0.592365 0.138176
vt 0.584774 0.093994
vt 0.592365 0.092465
vt 0.592365 0.138176
vt 0.584774 0.093994
vt 0.568680 0.054592
vt 0.592365 0.092465
vt 0.568680 0.054592
vt 0.575116 0.050233
vt 0.592365 0.092465
vt 0.568680 0.054592
vt 0.538944 0.024434
vt 0.575116 0.050233
vt 0.538944 0.024434
vt 0.543244 0.017909
vt 0.575116 0.050233
vt 0.538944 0.024434
vt 0.500091 0.008113
vt 0.543244 0.017909
vt 0.500091 0.008113
vt 0.501601 0.000416
vt 0.543244 0.017909
vt 0.456527 0.000416
vt 0.501601 0.000416
vt 0.500091 0.008113
vt 0.456527 0.000416
vt 0.500091 0.008113
vt 0.458037 0.008113
vt 0.414885 0.017909
vt 0.456527 0.000416
vt 0.458037 0.008113
vt 0.414885 0.017909
vt 0.458037 0.008113
vt 0.419184 0.024434
vt 0.383013 0.050232
vt 0.414885 0.017909
vt 0.419184 0.024434
vt 0.383013 0.050232
vt 0.419184 0.024434
vt 0.389448 0.054592
vt 0.365764 0.092465
vt 0.383013 0.050232
vt 0.389448 0.054592
vt 0.365764 0.092465
vt 0.389448 0.054592
vt 0.373354 0.093994
vt 0.365764 0.138176
vt 0.365764 0.092465
vt 0.373354 0.093994
vt 0.365764 0.138176
vt 0.373354 0.093994
vt 0.373354 0.136643
vt 0.365764 0.138176
vt 0.373354 0.136643
vt 0.389448 0.176046
vt 0.383013 0.180409
vt 0.365764 0.138176
vt 0.389448 0.176046
vt 0.383013 0.180409
vt 0.389448 0.176046
vt 0.419184 0.206204
vt 0.414884 0.212732
vt 0.383013 0.180409
vt 0.419184 0.206204
vt 0.414884 0.212732
vt 0.419184 0.206204
vt 0.458037 0.222525
vt 0.456527 0.230225
vt 0.414884 0.212732
vt 0.458037 0.222525
vt 0.458037 0.222525
vt 0.501601 0.230225
vt 0.456527 0.230225
vt 0.226190 0.687344
vt 0.271346 0.687344
vt 0.271346 0.696503
vt 0.226190 0.687344
vt 0.271346 0.696503
vt 0.226190 0.696503
vt 0.271346 0.687344
vt 0.316502 0.696503
vt 0.271346 0.696503
vt 0.271346 0.687344
vt 0.316502 0.687344
vt 0.316502 0.696503
vt 0.879721 0.314321
vt 0.870690 0.268526
vt 0.870690 0.314321
vt 0.879721 0.314321
vt 0.879721 0.268526
vt 0.870690 0.268526
vt 0.879721 0.360117
vt 0.879721 0.314321
vt 0.870690 0.314321
vt 0.879721 0.360117
vt 0.870690 0.314321
vt 0.870690 0.360117
vt 0.639984 0.094505
vt 0.594828 0.085346
vt 0.639984 0.085346
vt 0.639984 0.094505
vt 0.594828 0.094505
vt 0.594828 0.085346
vt 0.685140 0.094505
vt 0.639984 0.094505
vt 0.639984 0.085346
vt 0.685140 0.094505
vt 0.639984 0.085346
vt 0.685140 0.085346
vt 0.888752 0.965445
vt 0.933908 0.974604
vt 0.888752 0.974604
vt 0.888752 0.965445
vt 0.933908 0.965445
vt 0.933908 0.974604
vt 0.843596 0.965445
vt 0.888752 0.965445
vt 0.888752 0.974604
vt 0.843596 0.965445
vt 0.888752 0.974604
vt 0.843596 0.974604
vt 0.594007 0.006245
vt 0.639163 0.015404
vt 0.594007 0.015404
vt 0.594007 0.006245
vt 0.639163 0.006245
vt 0.639163 0.015404
vt 0.548851 0.006245
vt 0.594007 0.006245
vt 0.594007 0.015404
vt 0.548851 0.006245
vt 0.594007 0.015404
vt 0.548851 0.015404
vt 0.478243 0.031224
vt 0.523399 0.022065
vt 0.478243 0.022065
vt 0.478243 0.031224
vt 0.523399 0.031224
vt 0.523399 0.022065
vt 0.433087 0.031224
vt 0.478243 0.031224
vt 0.478243 0.022065
vt 0.433087 0.031224
vt 0.478243 0.022065
vt 0.433087 0.022065
vt 0.997126 0.499167
vt 0.988095 0.453372
vt 0.988095 0.499167
vt 0.997126 0.499167
vt 0.997126 0.453372
vt 0.988095 0.453372
vt 0.997126 0.544963
vt 0.997126 0.499167
vt 0.988095 0.499167
vt 0.997126 0.544963
vt 0.988095 0.499167
vt 0.988095 0.544963
vt 0.680213 0.306828
vt 0.689245 0.352623
vt 0.689245 0.306828
vt 0.680213 0.306828
vt 0.680213 0.352623
vt 0.689245 0.352623
vt 0.680213 0.261032
vt 0.680213 0.306828
vt 0.689245 0.306828
vt 0.680213 0.261032
vt 0.689245 0.306828
vt 0.689245 0.261032
vt 0.383005 0.867194
vt 0.714696 0.867194
vt 0.383799 0.861366
vt 0.846059 0.677130
vt 0.851806 0.345129
vt 0.851806 0.678185
vt 0.873153 0.429226
vt 0.873153 0.768943
vt 0.868227 0.765582
vt 0.564302 0.823064
vt 0.560345 0.827227
vt 0.892857 0.827227
vt 0.696516 0.088878
vt 0.686956 0.129881
vt 0.697534 0.091105
vt 0.703246 0.075354
vt 0.696516 0.088878
vt 0.697534 0.091105
vt 0.703246 0.075354
vt 0.697534 0.091105
vt 0.704391 0.077324
vt 0.696516 0.088878
vt 0.685961 0.128165
vt 0.686956 0.129881
vt 0.713663 0.077066
vt 0.703246 0.075354
vt 0.704391 0.077324
vt 0.713663 0.077066
vt 0.704391 0.077324
vt 0.713875 0.080311
vt 0.685961 0.128165
vt 0.713875 0.461815
vt 0.686956 0.129881
vt 0.685961 0.128165
vt 0.712425 0.463364
vt 0.713875 0.461815
vt 0.611823 0.258198
vt 0.600892 0.297509
vt 0.610677 0.256340
vt 0.600892 0.297509
vt 0.599754 0.296023
vt 0.610677 0.256340
vt 0.611823 0.258198
vt 0.610677 0.256340
vt 0.617596 0.242714
vt 0.618870 0.244264
vt 0.611823 0.258198
vt 0.617596 0.242714
vt 0.600892 0.297509
vt 0.628489 0.638185
vt 0.599754 0.296023
vt 0.618870 0.244264
vt 0.617596 0.242714
vt 0.628313 0.244587
vt 0.628489 0.247870
vt 0.618870 0.244264
vt 0.628313 0.244587
vt 0.628489 0.638185
vt 0.627209 0.639051
vt 0.599754 0.296023
vt 0.016536 0.573034
vt 0.011084 0.572489
vt 0.016831 0.614072
vt 0.011084 0.572489
vt 0.011468 0.613515
vt 0.016831 0.614072
vt 0.011347 0.557452
vt 0.011084 0.572489
vt 0.016536 0.573034
vt 0.016831 0.557994
vt 0.011347 0.557452
vt 0.016536 0.573034
vt 0.740148 0.950458
vt 0.734401 0.909142
vt 0.739861 0.910108
vt 0.740148 0.950458
vt 0.734780 0.949612
vt 0.734401 0.909142
vt 0.739861 0.910108
vt 0.734401 0.909142
vt 0.734654 0.893838
vt 0.739861 0.910108
vt 0.734654 0.893838
vt 0.740148 0.894847
vt 0.007418 0.698700
vt 0.006979 0.687344
vt 0.012726 0.688580
vt 0.012726 0.699833
vt 0.007418 0.698700
vt 0.012726 0.688580
vt 0.388295 0.018734
vt 0.389573 0.012906
vt 0.379232 0.013396
vt 0.388295 0.018734
vt 0.379232 0.013396
vt 0.378079 0.018734
vt 0.538177 0.241882
vt 0.533251 0.239707
vt 0.533525 0.232963
vt 0.538177 0.230225
vt 0.538177 0.241882
vt 0.533525 0.232963
vt 0.006987 0.992088
vt 0.014368 0.997086
vt 0.003695 0.997086
vt 0.006987 0.992088
vt 0.012090 0.991257
vt 0.014368 0.997086
vt 0.701560 0.400083
vt 0.704844 0.394255
vt 0.704844 0.399555
vt 0.701560 0.400083
vt 0.701560 0.394783
vt 0.704844 0.394255
vt 0.949507 0.955454
vt 0.946223 0.961282
vt 0.946223 0.955454
vt 0.949507 0.955454
vt 0.949507 0.961282
vt 0.946223 0.961282
vt 0.269718 0.538301
vt 0.280378 0.538623
vt 0.268062 0.540799
vt 0.280378 0.538623
vt 0.279876 0.540799
vt 0.268062 0.540799
vt 0.856732 0.444213
vt 0.856732 0.451707
vt 0.854269 0.446573
vt 0.944047 0.530808
vt 0.943760 0.537469
vt 0.945402 0.537469
vt 0.514371 0.528556
vt 0.526683 0.498412
vt 0.445813 0.482098
vt 0.491622 0.551627
vt 0.514371 0.528556
vt 0.445813 0.482098
vt 0.461899 0.564113
vt 0.491622 0.551627
vt 0.445813 0.482098
vt 0.429727 0.564113
vt 0.461899 0.564113
vt 0.445813 0.482098
vt 0.400003 0.551627
vt 0.429727 0.564113
vt 0.445813 0.482098
vt 0.377254 0.528556
vt 0.400003 0.551627
vt 0.445813 0.482098
vt 0.364943 0.498412
vt 0.377254 0.528556
vt 0.445813 0.482098
vt 0.364943 0.465784
vt 0.364943 0.498412
vt 0.445813 0.482098
vt 0.377254 0.435641
vt 0.364943 0.465784
vt 0.445813 0.482098
vt 0.400003 0.412569
vt 0.377254 0.435641
vt 0.445813 0.482098
vt 0.429727 0.400083
vt 0.400003 0.412569
vt 0.445813 0.482098
vt 0.461899 0.400083
vt 0.429727 0.400083
vt 0.445813 0.482098
vt 0.491622 0.412569
vt 0.461899 0.400083
vt 0.445813 0.482098
vt 0.514371 0.435640
vt 0.491622 0.412569
vt 0.445813 0.482098
vt 0.526683 0.465784
vt 0.514371 0.435640
vt 0.445813 0.482098
vt 0.526683 0.498412
vt 0.526683 0.465784
vt 0.445813 0.482098
vt 0.080293 0.062949
vt 0.061249 0.082262
vt 0.118642 0.121154
vt 0.105175 0.052497
vt 0.080293 0.062949
vt 0.118642 0.121154
vt 0.132107 0.052497
vt 0.105175 0.052497
vt 0.118642 0.121154
vt 0.156989 0.062949
vt 0.132107 0.052497
vt 0.118642 0.121154
vt 0.176033 0.082262
vt 0.156989 0.062949
vt 0.118642 0.121154
vt 0.186339 0.107496
vt 0.176033 0.082262
vt 0.118642 0.121154
vt 0.186339 0.134810
vt 0.186339 0.107496
vt 0.118642 0.121154
vt 0.176033 0.160044
vt 0.186339 0.134810
vt 0.118642 0.121154
vt 0.156989 0.179357
vt 0.176033 0.160044
vt 0.118642 0.121154
vt 0.132107 0.189809
vt 0.156989 0.179357
vt 0.118642 0.121154
vt 0.105175 0.189809
vt 0.132107 0.189809
vt 0.118642 0.121154
vt 0.080293 0.179357
vt 0.105175 0.189809
vt 0.118642 0.121154
vt 0.061249 0.160044
vt 0.080293 0.179357
vt 0.118642 0.121154
vt 0.050943 0.134810
vt 0.061249 0.160044
vt 0.118642 0.121154
vt 0.050943 0.107496
vt 0.050943 0.134810
vt 0.118642 0.121154
vt 0.061249 0.082262
vt 0.050943 0.107496
vt 0.118642 0.121154
vt 0.061249 0.082262
vt 0.080293 0.062949
vt 0.060503 0.032914
vt 0.031634 0.062193
vt 0.061249 0.082262
vt 0.060503 0.032914
vt 0.060503 0.032914
vt 0.080293 0.062949
vt 0.098223 0.017069
vt 0.080293 0.062949
vt 0.105175 0.052497
vt 0.098223 0.017069
vt 0.105175 0.052497
vt 0.139051 0.017069
vt 0.098223 0.017069
vt 0.105175 0.052497
vt 0.132107 0.052497
vt 0.139051 0.017069
vt 0.132107 0.052497
vt 0.156989 0.062949
vt 0.176771 0.032914
vt 0.132107 0.052497
vt 0.176771 0.032914
vt 0.139051 0.017069
vt 0.156989 0.062949
vt 0.176033 0.082262
vt 0.176771 0.032914
vt 0.176033 0.082262
vt 0.205640 0.062192
vt 0.176771 0.032914
vt 0.176033 0.082262
vt 0.186339 0.107496
vt 0.205640 0.062192
vt 0.186339 0.107496
vt 0.221264 0.100446
vt 0.205640 0.062192
vt 0.186339 0.134810
vt 0.221264 0.100446
vt 0.186339 0.107496
vt 0.186339 0.134810
vt 0.221264 0.141852
vt 0.221264 0.100446
vt 0.176033 0.160044
vt 0.221264 0.141852
vt 0.186339 0.134810
vt 0.176033 0.160044
vt 0.205640 0.180106
vt 0.221264 0.141852
vt 0.176771 0.209384
vt 0.205640 0.180106
vt 0.176033 0.160044
vt 0.156989 0.179357
vt 0.176771 0.209384
vt 0.176033 0.160044
vt 0.016010 0.100446
vt 0.061249 0.082262
vt 0.031634 0.062193
vt 0.016010 0.100446
vt 0.050943 0.107496
vt 0.061249 0.082262
vt 0.016010 0.141852
vt 0.050943 0.107496
vt 0.016010 0.100446
vt 0.016010 0.141852
vt 0.050943 0.134810
vt 0.050943 0.107496
vt 0.139051 0.225229
vt 0.176771 0.209384
vt 0.156989 0.179357
vt 0.132107 0.189809
vt 0.139051 0.225229
vt 0.156989 0.179357
vt 0.016010 0.141852
vt 0.031634 0.180106
vt 0.050943 0.134810
vt 0.031634 0.180106
vt 0.061249 0.160044
vt 0.050943 0.134810
vt 0.098223 0.225229
vt 0.139051 0.225229
vt 0.132107 0.189809
vt 0.098223 0.225229
vt 0.132107 0.189809
vt 0.105175 0.189809
vt 0.031634 0.180106
vt 0.080293 0.179357
vt 0.061249 0.160044
vt 0.031634 0.180106
vt 0.060503 0.209384
vt 0.080293 0.179357
vt 0.060503 0.209384
vt 0.105175 0.189809
vt 0.080293 0.179357
vt 0.060503 0.209384
vt 0.098223 0.225229
vt 0.105175 0.189809
vt 0.463974 0.360306
vt 0.501323 0.375995
vt 0.466950 0.345129
vt 0.501323 0.375995
vt 0.509800 0.363129
vt 0.466950 0.345129
vt 0.501323 0.375995
vt 0.529909 0.404986
vt 0.509800 0.363129
vt 0.529909 0.404986
vt 0.542596 0.396389
vt 0.509800 0.363129
vt 0.545380 0.442864
vt 0.542596 0.396389
vt 0.529909 0.404986
vt 0.545380 0.442864
vt 0.560345 0.439846
vt 0.542596 0.396389
vt 0.560345 0.486882
vt 0.560345 0.439846
vt 0.545380 0.442864
vt 0.545380 0.483863
vt 0.560345 0.486882
vt 0.545380 0.442864
vt 0.542596 0.530338
vt 0.560345 0.486882
vt 0.545380 0.483863
vt 0.542596 0.530338
vt 0.545380 0.483863
vt 0.529909 0.521742
vt 0.509800 0.563599
vt 0.542596 0.530338
vt 0.529909 0.521742
vt 0.509800 0.563599
vt 0.529909 0.521742
vt 0.501323 0.550732
vt 0.466950 0.581599
vt 0.509800 0.563599
vt 0.501323 0.550732
vt 0.466950 0.581599
vt 0.501323 0.550732
vt 0.463974 0.566422
vt 0.466950 0.581599
vt 0.463974 0.566422
vt 0.423547 0.566422
vt 0.420570 0.581599
vt 0.466950 0.581599
vt 0.423547 0.566422
vt 0.420570 0.581599
vt 0.423547 0.566422
vt 0.386197 0.550732
vt 0.377720 0.563599
vt 0.420570 0.581599
vt 0.386197 0.550732
vt 0.377720 0.563599
vt 0.386197 0.550732
vt 0.357611 0.521742
vt 0.344925 0.530339
vt 0.377720 0.563599
vt 0.357611 0.521742
vt 0.344925 0.530339
vt 0.357611 0.521742
vt 0.342140 0.483863
vt 0.344925 0.530339
vt 0.342140 0.483863
vt 0.327176 0.486882
vt 0.327176 0.486882
vt 0.342140 0.483863
vt 0.327176 0.439846
vt 0.342140 0.483863
vt 0.342140 0.442864
vt 0.327176 0.439846
vt 0.342140 0.442864
vt 0.344925 0.396389
vt 0.327176 0.439846
vt 0.342140 0.442864
vt 0.357611 0.404986
vt 0.344925 0.396389
vt 0.357611 0.404986
vt 0.377720 0.363129
vt 0.344925 0.396389
vt 0.357611 0.404986
vt 0.386197 0.375995
vt 0.377720 0.363129
vt 0.386197 0.375995
vt 0.420570 0.345129
vt 0.377720 0.363129
vt 0.386197 0.375995
vt 0.423547 0.360306
vt 0.420570 0.345129
vt 0.423547 0.360306
vt 0.463974 0.360306
vt 0.420570 0.345129
vt 0.463974 0.360306
vt 0.466950 0.345129
vt 0.420570 0.345129
vt 0.265537 0.557452
vt 0.265579 0.681193
vt 0.298462 0.682792
vt 0.308884 0.559559
vt 0.265537 0.557452
vt 0.298462 0.682792
vt 0.308884 0.559559
vt 0.298462 0.682792
vt 0.326040 0.687344
vt 0.308884 0.559559
vt 0.326040 0.687344
vt 0.345238 0.565560
vt 0.265537 0.557452
vt 0.232396 0.682792
vt 0.265579 0.681193
vt 0.265537 0.557452
vt 0.221795 0.559559
vt 0.232396 0.682792
vt 0.221795 0.559559
vt 0.203966 0.687344
vt 0.232396 0.682792
vt 0.221795 0.559559
vt 0.184319 0.565560
vt 0.203966 0.687344
vt 0.996938 0.724687
vt 0.877258 0.730035
vt 0.996938 0.691195
vt 0.877258 0.730035
vt 0.877258 0.685885
vt 0.996938 0.691195
vt 0.996938 0.691195
vt 0.877258 0.685885
vt 0.999590 0.660087
vt 0.877258 0.685885
vt 0.880753 0.644879
vt 0.999590 0.660087
vt 0.880753 0.770608
vt 0.877258 0.730035
vt 0.996938 0.724687
vt 0.880753 0.770608
vt 0.996938 0.724687
vt 0.999590 0.755465
vt 0.650294 0.878554
vt 0.683319 0.878554
vt 0.645025 0.999584
vt 0.683319 0.878554
vt 0.688559 0.999584
vt 0.645025 0.999584
vt 0.619688 0.875520
vt 0.650294 0.878554
vt 0.645025 0.999584
vt 0.619688 0.875520
vt 0.645025 0.999584
vt 0.604680 0.995585
vt 0.683319 0.878554
vt 0.713735 0.875520
vt 0.688559 0.999584
vt 0.713735 0.875520
vt 0.728654 0.995585
vt 0.688559 0.999584
vt 0.524220 0.330615
vt 0.405172 0.298091
vt 0.522841 0.298091
vt 0.524220 0.330615
vt 0.406990 0.340966
vt 0.405172 0.298091
vt 0.522841 0.298091
vt 0.405172 0.298091
vt 0.406990 0.255204
vt 0.522841 0.298091
vt 0.406990 0.255204
vt 0.524220 0.265556
vt 0.539071 0.156576
vt 0.537943 0.122887
vt 0.415846 0.122690
vt 0.417332 0.167100
vt 0.539071 0.156576
vt 0.415846 0.122690
vt 0.415846 0.122690
vt 0.537943 0.122887
vt 0.417332 0.078778
vt 0.537943 0.122887
vt 0.539071 0.089575
vt 0.417332 0.078778
vt 0.539071 0.089575
vt 0.421566 0.042048
vt 0.417332 0.078778
vt 0.539071 0.089575
vt 0.542282 0.061712
vt 0.421566 0.042048
vt 0.421566 0.205246
vt 0.539071 0.156576
vt 0.417332 0.167100
vt 0.421566 0.205246
vt 0.542282 0.185514
vt 0.539071 0.156576
vt 0.096786 0.272898
vt 0.048901 0.315154
vt 0.096744 0.315154
vt 0.096786 0.272898
vt 0.048942 0.272898
vt 0.048901 0.315154
vt 0.140805 0.271024
vt 0.096786 0.272898
vt 0.096744 0.315154
vt 0.140805 0.271024
vt 0.096744 0.315154
vt 0.140763 0.313280
vt 0.048901 0.315154
vt 0.048942 0.272898
vt 0.004557 0.271024
vt 0.004516 0.313280
vt 0.048901 0.315154
vt 0.004557 0.271024
vt 0.924056 0.428292
vt 0.967110 0.379643
vt 0.966084 0.428279
vt 0.924056 0.428292
vt 0.925082 0.379657
vt 0.967110 0.379643
vt 0.925082 0.379657
vt 0.970033 0.338468
vt 0.967110 0.379643
vt 0.925082 0.379657
vt 0.928005 0.338481
vt 0.970033 0.338468
vt 0.925082 0.476984
vt 0.924056 0.428292
vt 0.966084 0.428279
vt 0.925082 0.476984
vt 0.966084 0.428279
vt 0.967110 0.476970
vt 0.925082 0.476984
vt 0.967110 0.476970
vt 0.970033 0.518305
vt 0.928005 0.518318
vt 0.925082 0.476984
vt 0.970033 0.518305
vt 0.996100 0.232211
vt 0.996100 0.183689
vt 0.954434 0.183648
vt 0.996100 0.232211
vt 0.954434 0.183648
vt 0.954434 0.232169
vt 0.996100 0.183689
vt 0.997947 0.138676
vt 0.954434 0.183648
vt 0.997947 0.138676
vt 0.956281 0.138634
vt 0.954434 0.183648
vt 0.997947 0.276853
vt 0.996100 0.232211
vt 0.954434 0.232169
vt 0.997947 0.276853
vt 0.954434 0.232169
vt 0.956281 0.276811
vt 0.901888 0.205347
vt 0.944942 0.253995
vt 0.943916 0.205360
vt 0.901888 0.205347
vt 0.902915 0.253982
vt 0.944942 0.253995
vt 0.902915 0.253982
vt 0.947865 0.295171
vt 0.944942 0.253995
vt 0.902915 0.253982
vt 0.905838 0.295157
vt 0.947865 0.295171
vt 0.943916 0.205360
vt 0.902915 0.156655
vt 0.901888 0.205347
vt 0.943916 0.205360
vt 0.944942 0.156668
vt 0.902915 0.156655
vt 0.944942 0.156668
vt 0.947865 0.115334
vt 0.902915 0.156655
vt 0.947865 0.115334
vt 0.905838 0.115321
vt 0.902915 0.156655
vt 0.863247 0.327644
vt 0.817137 0.326945
vt 0.817190 0.286012
vt 0.863247 0.327644
vt 0.817190 0.286012
vt 0.863301 0.286710
vt 0.817137 0.326945
vt 0.771346 0.327644
vt 0.817190 0.286012
vt 0.771346 0.327644
vt 0.771400 0.286710
vt 0.817190 0.286012
vt 0.011024 0.101943
vt 0.028032 0.060300
vt 0.019034 0.054203
vt 0.000411 0.099802
vt 0.011024 0.101943
vt 0.019034 0.054203
vt 0.000411 0.149157
vt 0.011024 0.101943
vt 0.000411 0.099802
vt 0.000411 0.149157
vt 0.011024 0.147017
vt 0.011024 0.101943
vt 0.000411 0.149157
vt 0.019034 0.194756
vt 0.011024 0.147017
vt 0.019034 0.194756
vt 0.028032 0.188660
vt 0.011024 0.147017
vt 0.019034 0.194756
vt 0.053447 0.229655
vt 0.028032 0.188660
vt 0.053447 0.229655
vt 0.059459 0.220533
vt 0.028032 0.188660
vt 0.053447 0.229655
vt 0.100521 0.237782
vt 0.059459 0.220533
vt 0.053447 0.229655
vt 0.098409 0.248543
vt 0.100521 0.237782
vt 0.098409 0.248543
vt 0.144966 0.237782
vt 0.100521 0.237782
vt 0.098409 0.248543
vt 0.147075 0.248543
vt 0.144966 0.237782
vt 0.147075 0.248543
vt 0.186028 0.220533
vt 0.144966 0.237782
vt 0.147075 0.248543
vt 0.192038 0.229655
vt 0.186028 0.220533
vt 0.192038 0.229655
vt 0.217455 0.188660
vt 0.186028 0.220533
vt 0.192038 0.229655
vt 0.226450 0.194756
vt 0.217455 0.188660
vt 0.028032 0.060300
vt 0.053447 0.019304
vt 0.019034 0.054203
vt 0.028032 0.060300
vt 0.059459 0.028428
vt 0.053447 0.019304
vt 0.217455 0.188660
vt 0.226450 0.194756
vt 0.234464 0.147017
vt 0.226450 0.194756
vt 0.245074 0.149157
vt 0.234464 0.147017
vt 0.059459 0.028428
vt 0.098409 0.000416
vt 0.053447 0.019304
vt 0.059459 0.028428
vt 0.100521 0.011179
vt 0.098409 0.000416
vt 0.234464 0.147017
vt 0.245074 0.149157
vt 0.245074 0.099802
vt 0.234464 0.147017
vt 0.245074 0.099802
vt 0.234464 0.101943
vt 0.100521 0.011179
vt 0.147076 0.000416
vt 0.098409 0.000416
vt 0.100521 0.011179
vt 0.144966 0.011179
vt 0.147076 0.000416
vt 0.234464 0.101943
vt 0.245074 0.099802
vt 0.226450 0.054203
vt 0.217455 0.060300
vt 0.234464 0.101943
vt 0.226450 0.054203
vt 0.144966 0.011179
vt 0.186028 0.028428
vt 0.147076 0.000416
vt 0.186028 0.028428
vt 0.192038 0.019304
vt 0.147076 0.000416
vt 0.186028 0.028428
vt 0.217455 0.060300
vt 0.192038 0.019304
vt 0.217455 0.060300
vt 0.226450 0.054203
vt 0.192038 0.019304
vt 0.712233 0.317929
vt 0.722906 0.359006
vt 0.722906 0.317929
vt 0.712233 0.317929
vt 0.712233 0.359006
vt 0.722906 0.359006
vt 0.712233 0.276853
vt 0.712233 0.317929
vt 0.722906 0.317929
vt 0.712233 0.276853
vt 0.722906 0.317929
vt 0.722906 0.276853
vt 0.712233 0.359006
vt 0.722906 0.400083
vt 0.722906 0.359006
vt 0.712233 0.359006
vt 0.712233 0.400083
vt 0.722906 0.400083
vt 0.429392 0.381765
vt 0.470033 0.392590
vt 0.429392 0.392590
vt 0.429392 0.381765
vt 0.470033 0.381765
vt 0.470033 0.392590
vt 0.388752 0.381765
vt 0.429392 0.381765
vt 0.429392 0.392590
vt 0.388752 0.381765
vt 0.429392 0.392590
vt 0.388752 0.392590
vt 0.910185 0.399251
vt 0.910098 0.358381
vt 0.920685 0.358380
vt 0.910185 0.399251
vt 0.920685 0.358380
vt 0.920772 0.399250
vt 0.910098 0.358381
vt 0.920772 0.317652
vt 0.920685 0.358380
vt 0.910098 0.358381
vt 0.910185 0.317653
vt 0.920772 0.317652
vt 0.731117 0.957952
vt 0.771347 0.957952
vt 0.771347 0.968776
vt 0.731117 0.957952
vt 0.771347 0.968776
vt 0.731117 0.968776
vt 0.811576 0.968776
vt 0.771347 0.968776
vt 0.771347 0.957952
vt 0.811576 0.968776
vt 0.771347 0.957952
vt 0.811576 0.957952
vt 0.897783 0.367055
vt 0.908457 0.408132
vt 0.908457 0.367055
vt 0.897783 0.367055
vt 0.897783 0.408132
vt 0.908457 0.408132
vt 0.897783 0.408132
vt 0.908457 0.449209
vt 0.908457 0.408132
vt 0.897783 0.408132
vt 0.897783 0.449209
vt 0.908457 0.449209
vt 0.897783 0.325978
vt 0.897783 0.367055
vt 0.908457 0.367055
vt 0.897783 0.325978
vt 0.908457 0.367055
vt 0.908457 0.325978
vt 0.159688 0.955037
vt 0.170361 0.996253
vt 0.170361 0.955037
vt 0.159688 0.955037
vt 0.159688 0.996253
vt 0.170361 0.996253
vt 0.159688 0.913822
vt 0.159688 0.955037
vt 0.170361 0.955037
vt 0.159688 0.913822
vt 0.170361 0.955037
vt 0.170361 0.913822
vt 0.973404 0.539134
vt 0.973317 0.498265
vt 0.983903 0.498264
vt 0.973404 0.539134
vt 0.983903 0.498264
vt 0.983990 0.539133
vt 0.973317 0.498265
vt 0.983990 0.457535
vt 0.983903 0.498264
vt 0.973317 0.498265
vt 0.973404 0.457536
vt 0.983990 0.457535
vt 0.537611 0.760286
vt 0.482411 0.717752
vt 0.504657 0.719576
vt 0.537611 0.760286
vt 0.504657 0.719576
vt 0.538887 0.722205
vt 0.537611 0.760286
vt 0.477216 0.765193
vt 0.482411 0.717752
vt 0.566407 0.750776
vt 0.537611 0.760286
vt 0.538887 0.722205
vt 0.566407 0.750776
vt 0.538887 0.722205
vt 0.559346 0.722967
vt 0.559346 0.722967
vt 0.538887 0.722205
vt 0.553349 0.687796
vt 0.574218 0.723822
vt 0.559346 0.722967
vt 0.553349 0.687796
vt 0.591982 0.737807
vt 0.559346 0.722967
vt 0.574218 0.723822
vt 0.589460 0.702174
vt 0.574218 0.723822
vt 0.553349 0.687796
vt 0.589460 0.702174
vt 0.553349 0.687796
vt 0.573581 0.659464
vt 0.589460 0.702174
vt 0.601644 0.722840
vt 0.574218 0.723822
vt 0.574218 0.723822
vt 0.601644 0.722840
vt 0.591982 0.737807
vt 0.599089 0.682597
vt 0.589460 0.702174
vt 0.573581 0.659464
vt 0.572715 0.780800
vt 0.537611 0.760286
vt 0.566407 0.750776
vt 0.572715 0.780800
vt 0.537296 0.798890
vt 0.537611 0.760286
vt 0.537296 0.798890
vt 0.477216 0.765193
vt 0.537611 0.760286
vt 0.537296 0.798890
vt 0.502347 0.806411
vt 0.477216 0.765193
vt 0.599089 0.682597
vt 0.619458 0.722704
vt 0.589460 0.702174
vt 0.619458 0.722704
vt 0.601644 0.722840
vt 0.589460 0.702174
vt 0.619458 0.722704
vt 0.591982 0.737807
vt 0.601644 0.722840
vt 0.619458 0.722704
vt 0.607123 0.751703
vt 0.591982 0.737807
vt 0.607123 0.751703
vt 0.576869 0.748095
vt 0.591982 0.737807
vt 0.591982 0.737807
vt 0.576869 0.748095
vt 0.559346 0.722967
vt 0.576869 0.748095
vt 0.566407 0.750776
vt 0.559346 0.722967
vt 0.607123 0.751703
vt 0.587642 0.773305
vt 0.576869 0.748095
vt 0.504657 0.719576
vt 0.482411 0.717752
vt 0.487459 0.671815
vt 0.505422 0.676271
vt 0.504657 0.719576
vt 0.487459 0.671815
vt 0.505422 0.676271
vt 0.520566 0.679977
vt 0.504657 0.719576
vt 0.538887 0.722205
vt 0.504657 0.719576
vt 0.520566 0.679977
vt 0.546654 0.685689
vt 0.538887 0.722205
vt 0.520566 0.679977
vt 0.546654 0.685689
vt 0.520566 0.679977
vt 0.539258 0.643693
vt 0.561136 0.654239
vt 0.546654 0.685689
vt 0.539258 0.643693
vt 0.505422 0.676271
vt 0.487459 0.671815
vt 0.491924 0.626854
vt 0.513671 0.634139
vt 0.505422 0.676271
vt 0.491924 0.626854
vt 0.482411 0.717752
vt 0.429886 0.666911
vt 0.487459 0.671815
vt 0.482411 0.717752
vt 0.427016 0.699573
vt 0.429886 0.666911
vt 0.487459 0.671815
vt 0.450097 0.625729
vt 0.491924 0.626854
vt 0.487459 0.671815
vt 0.429886 0.666911
vt 0.450097 0.625729
vt 0.482411 0.717752
vt 0.427025 0.711152
vt 0.427016 0.699573
vt 0.477216 0.765193
vt 0.427025 0.711152
vt 0.482411 0.717752
vt 0.477216 0.765193
vt 0.418388 0.753650
vt 0.427025 0.711152
vt 0.432467 0.800944
vt 0.418388 0.753650
vt 0.477216 0.765193
vt 0.459675 0.806411
vt 0.432467 0.800944
vt 0.477216 0.765193
vt 0.432467 0.800944
vt 0.403913 0.796727
vt 0.418388 0.753650
vt 0.418388 0.753650
vt 0.374795 0.697177
vt 0.427025 0.711152
vt 0.418388 0.753650
vt 0.374805 0.733379
vt 0.374795 0.697177
vt 0.403913 0.796727
vt 0.374805 0.733379
vt 0.418388 0.753650
vt 0.403913 0.796727
vt 0.380709 0.775539
vt 0.374805 0.733379
vt 0.795475 0.189353
vt 0.811096 0.175647
vt 0.744663 0.182716
vt 0.770347 0.211007
vt 0.795475 0.189353
vt 0.744663 0.182716
vt 0.811096 0.175647
vt 0.781228 0.137585
vt 0.744663 0.182716
vt 0.770347 0.211007
vt 0.744663 0.182716
vt 0.731965 0.209061
vt 0.756434 0.224355
vt 0.770347 0.211007
vt 0.731965 0.209061
vt 0.786092 0.244780
vt 0.770347 0.211007
vt 0.756434 0.224355
vt 0.786092 0.244780
vt 0.756434 0.224355
vt 0.746056 0.234285
vt 0.746056 0.234285
vt 0.756434 0.224355
vt 0.724535 0.236220
vt 0.786092 0.244780
vt 0.746056 0.234285
vt 0.751172 0.259791
vt 0.791919 0.278517
vt 0.786092 0.244780
vt 0.751172 0.259791
vt 0.751172 0.259791
vt 0.746056 0.234285
vt 0.728599 0.253275
vt 0.746056 0.234285
vt 0.724535 0.236220
vt 0.728599 0.253275
vt 0.791919 0.278517
vt 0.751172 0.259791
vt 0.758075 0.280183
vt 0.731965 0.209061
vt 0.744663 0.182716
vt 0.707512 0.193043
vt 0.744663 0.182716
vt 0.718599 0.155969
vt 0.707512 0.193043
vt 0.744663 0.182716
vt 0.781228 0.137585
vt 0.718599 0.155969
vt 0.781228 0.137585
vt 0.737197 0.126166
vt 0.718599 0.155969
vt 0.751172 0.259791
vt 0.716420 0.265889
vt 0.758075 0.280183
vt 0.751172 0.259791
vt 0.728599 0.253275
vt 0.716420 0.265889
vt 0.728599 0.253275
vt 0.724535 0.236220
vt 0.716420 0.265889
vt 0.724535 0.236220
vt 0.704724 0.237118
vt 0.716420 0.265889
vt 0.724535 0.236220
vt 0.727440 0.218309
vt 0.704724 0.237118
vt 0.756434 0.224355
vt 0.727440 0.218309
vt 0.724535 0.236220
vt 0.727440 0.218309
vt 0.756434 0.224355
vt 0.731965 0.209061
vt 0.727440 0.218309
vt 0.703202 0.208253
vt 0.704724 0.237118
vt 0.839954 0.212250
vt 0.811096 0.175647
vt 0.795475 0.189353
vt 0.839954 0.212250
vt 0.795475 0.189353
vt 0.825360 0.221724
vt 0.825360 0.221724
vt 0.795475 0.189353
vt 0.813024 0.229335
vt 0.813024 0.229335
vt 0.795475 0.189353
vt 0.770347 0.211007
vt 0.813024 0.229335
vt 0.770347 0.211007
vt 0.790509 0.243350
vt 0.824621 0.266852
vt 0.813024 0.229335
vt 0.790509 0.243350
vt 0.824621 0.266852
vt 0.790509 0.243350
vt 0.801769 0.275048
vt 0.867525 0.246125
vt 0.839954 0.212250
vt 0.825360 0.221724
vt 0.867525 0.246125
vt 0.825360 0.221724
vt 0.847990 0.256057
vt 0.839954 0.212250
vt 0.883348 0.174868
vt 0.811096 0.175647
vt 0.883348 0.174868
vt 0.862237 0.152372
vt 0.811096 0.175647
vt 0.867525 0.246125
vt 0.896962 0.217292
vt 0.839954 0.212250
vt 0.896962 0.217292
vt 0.883348 0.174868
vt 0.839954 0.212250
vt 0.811096 0.175647
vt 0.862237 0.152372
vt 0.852768 0.142816
vt 0.811096 0.175647
vt 0.852768 0.142816
vt 0.781228 0.137585
vt 0.852768 0.142816
vt 0.828344 0.105558
vt 0.781228 0.137585
vt 0.781228 0.137585
vt 0.828344 0.105558
vt 0.785783 0.083637
vt 0.781228 0.137585
vt 0.785783 0.083637
vt 0.764503 0.097989
vt 0.785783 0.083637
vt 0.828344 0.105558
vt 0.809498 0.065820
vt 0.852768 0.142816
vt 0.896962 0.115920
vt 0.828344 0.105558
vt 0.896962 0.115920
vt 0.871714 0.088940
vt 0.828344 0.105558
vt 0.828344 0.105558
vt 0.871714 0.088940
vt 0.809498 0.065820
vt 0.871714 0.088940
vt 0.838885 0.065362
vt 0.809498 0.065820
vt 0.952756 0.865433
vt 0.921861 0.852140
vt 0.930774 0.887425
vt 0.952756 0.865433
vt 0.926808 0.846547
vt 0.921861 0.852140
vt 0.930774 0.887425
vt 0.921861 0.852140
vt 0.915780 0.858586
vt 0.930774 0.887425
vt 0.915780 0.858586
vt 0.914204 0.915830
vt 0.990702 0.910473
vt 0.952756 0.865433
vt 0.930774 0.887425
vt 0.962474 0.926577
vt 0.930774 0.887425
vt 0.914204 0.915830
vt 0.990702 0.910473
vt 0.930774 0.887425
vt 0.962474 0.926577
vt 0.962474 0.926577
vt 0.914204 0.915830
vt 0.938641 0.960450
vt 0.990702 0.910473
vt 0.995484 0.900271
vt 0.952756 0.865433
vt 0.952756 0.865433
vt 0.995484 0.819734
vt 0.926808 0.846547
vt 0.995484 0.819734
vt 0.936180 0.833873
vt 0.926808 0.846547
vt 0.285783 0.750455
vt 0.262291 0.772557
vt 0.305695 0.808707
vt 0.322301 0.783061
vt 0.285783 0.750455
vt 0.305695 0.808707
vt 0.313512 0.733972
vt 0.285783 0.750455
vt 0.322301 0.783061
vt 0.355911 0.760181
vt 0.313512 0.733972
vt 0.322301 0.783061
vt 0.285783 0.750455
vt 0.252894 0.742399
vt 0.262291 0.772557
vt 0.252894 0.742399
vt 0.246216 0.747678
vt 0.262291 0.772557
vt 0.259572 0.737121
vt 0.252894 0.742399
vt 0.285783 0.750455
vt 0.313512 0.733972
vt 0.259572 0.737121
vt 0.285783 0.750455
vt 0.305695 0.808707
vt 0.262291 0.772557
vt 0.293901 0.814738
vt 0.246216 0.747678
vt 0.216338 0.814738
vt 0.262291 0.772557
vt 0.656404 0.175271
vt 0.647373 0.161025
vt 0.656404 0.098668
vt 0.115173 0.265196
vt 0.080769 0.258467
vt 0.080676 0.251041
vt 0.115173 0.265196
vt 0.080676 0.251041
vt 0.116174 0.257892
vt 0.080769 0.258467
vt 0.042313 0.257888
vt 0.080676 0.251041
vt 0.080769 0.258467
vt 0.041461 0.265196
vt 0.042313 0.257888
vt 0.778423 0.972417
vt 0.777094 0.977102
vt 0.841134 0.969609
vt 0.777094 0.977102
vt 0.841954 0.977102
vt 0.841134 0.969609
vt 0.167077 0.273891
vt 0.159688 0.273522
vt 0.159918 0.338303
vt 0.167077 0.340133
vt 0.167077 0.273891
vt 0.159918 0.338303
vt 0.333026 0.127425
vt 0.332923 0.097835
vt 0.340312 0.097864
vt 0.333026 0.127425
vt 0.340312 0.097864
vt 0.340312 0.128643
vt 0.997466 0.583104
vt 0.999590 0.553551
vt 0.989737 0.581332
vt 0.999590 0.553551
vt 0.992005 0.552456
vt 0.989737 0.581332
vt 0.997466 0.583104
vt 0.989737 0.581332
vt 0.991939 0.609908
vt 0.999590 0.609369
vt 0.997466 0.583104
vt 0.991939 0.609908
vt 0.850985 0.954621
vt 0.909277 0.954621
vt 0.908197 0.950077
vt 0.850985 0.954621
vt 0.908197 0.950077
vt 0.852827 0.947127
vt 0.639163 0.393740
vt 0.631800 0.443517
vt 0.631773 0.393422
vt 0.639163 0.393740
vt 0.639163 0.444213
vt 0.631800 0.443517
vt 0.533992 0.038718
vt 0.509442 0.038718
vt 0.534072 0.046211
vt 0.509442 0.038718
vt 0.509522 0.046211
vt 0.534072 0.046211
vt 0.469850 0.599084
vt 0.438995 0.617402
vt 0.470290 0.606018
vt 0.469850 0.599084
vt 0.436371 0.610254
vt 0.438995 0.617402
vt 0.469850 0.599084
vt 0.470290 0.606018
vt 0.516394 0.617402
vt 0.517652 0.610339
vt 0.469850 0.599084
vt 0.516394 0.617402
vt 0.645731 0.546628
vt 0.638733 0.592609
vt 0.645731 0.594921
vt 0.645731 0.546628
vt 0.638342 0.546687
vt 0.638733 0.592609
vt 0.212715 0.552456
vt 0.247165 0.547022
vt 0.246976 0.539967
vt 0.212233 0.545645
vt 0.212715 0.552456
vt 0.246976 0.539967
vt 0.247165 0.547022
vt 0.293514 0.545037
vt 0.246976 0.539967
vt 0.247165 0.547022
vt 0.293034 0.552456
vt 0.293514 0.545037
vt 0.358636 0.064275
vt 0.365764 0.020400
vt 0.365764 0.066195
vt 0.358636 0.064275
vt 0.358374 0.020440
vt 0.365764 0.020400
vt 0.388666 0.241882
vt 0.345238 0.249376
vt 0.388752 0.249376
vt 0.388666 0.241882
vt 0.346964 0.242097
vt 0.345238 0.249376
vt 0.948533 0.772273
vt 0.908172 0.788093
vt 0.947980 0.779675
vt 0.983611 0.780562
vt 0.948533 0.772273
vt 0.947980 0.779675
vt 0.983611 0.780562
vt 0.947980 0.779675
vt 0.983990 0.788093
vt 0.948533 0.772273
vt 0.906814 0.780684
vt 0.908172 0.788093
vt 0.827365 0.977935
vt 0.827046 0.985494
vt 0.848683 0.991257
vt 0.850164 0.983865
vt 0.827365 0.977935
vt 0.848683 0.991257
vt 0.827365 0.977935
vt 0.784483 0.983715
vt 0.827046 0.985494
vt 0.784483 0.983715
vt 0.785226 0.991257
vt 0.827046 0.985494
vt 0.179392 0.289342
vt 0.179392 0.247710
vt 0.172003 0.289258
vt 0.179392 0.247710
vt 0.172187 0.249322
vt 0.172003 0.289258
vt 0.245895 0.142798
vt 0.245909 0.102589
vt 0.253284 0.142406
vt 0.245909 0.102589
vt 0.253284 0.101998
vt 0.253284 0.142406
vt 0.627668 0.238110
vt 0.619983 0.199317
vt 0.612890 0.198943
vt 0.627668 0.238110
vt 0.612890 0.198943
vt 0.620526 0.239384
vt 0.619983 0.199317
vt 0.620798 0.162781
vt 0.612890 0.198943
vt 0.619983 0.199317
vt 0.627668 0.164133
vt 0.620798 0.162781
vt 0.923235 0.063922
vt 0.930426 0.063284
vt 0.937192 0.097297
vt 0.930339 0.098668
vt 0.923235 0.063922
vt 0.937192 0.097297
vt 0.923235 0.063922
vt 0.929422 0.026537
vt 0.930426 0.063284
vt 0.929422 0.026537
vt 0.937192 0.026228
vt 0.930426 0.063284
vt 0.552135 0.088676
vt 0.552135 0.105329
vt 0.544746 0.089218
vt 0.552135 0.105329
vt 0.544757 0.104655
vt 0.544746 0.089218
vt 0.394706 0.329236
vt 0.394499 0.298711
vt 0.401888 0.330974
vt 0.394499 0.298711
vt 0.401888 0.298501
vt 0.401888 0.330974
vt 0.905172 0.467900
vt 0.902079 0.498919
vt 0.894499 0.499069
vt 0.905172 0.467900
vt 0.894499 0.499069
vt 0.897537 0.467527
vt 0.902079 0.498919
vt 0.897672 0.528310
vt 0.894499 0.499069
vt 0.902079 0.498919
vt 0.905172 0.527818
vt 0.897672 0.528310
vt 0.344846 0.971599
vt 0.342775 0.978768
vt 0.374795 0.978768
vt 0.374673 0.971274
vt 0.344846 0.971599
vt 0.374795 0.978768
vt 0.316502 0.391757
vt 0.309113 0.391875
vt 0.309154 0.418458
vt 0.316502 0.419234
vt 0.316502 0.391757
vt 0.309154 0.418458
vt 0.427340 0.940684
vt 0.419951 0.940466
vt 0.427340 0.952123
vt 0.419951 0.940466
vt 0.419996 0.951270
vt 0.427340 0.952123
vt 0.304508 0.275831
vt 0.243530 0.263048
vt 0.279007 0.300133
vt 0.304508 0.275831
vt 0.261569 0.240487
vt 0.243530 0.263048
vt 0.331813 0.250043
vt 0.261569 0.240487
vt 0.304508 0.275831
vt 0.331813 0.250043
vt 0.277623 0.222291
vt 0.261569 0.240487
vt 0.293506 0.203679
vt 0.277623 0.222291
vt 0.331813 0.250043
vt 0.321383 0.181620
vt 0.293506 0.203679
vt 0.331813 0.250043
vt 0.380079 0.191051
vt 0.321383 0.181620
vt 0.331813 0.250043
vt 0.380079 0.191051
vt 0.354231 0.155201
vt 0.321383 0.181620
vt 0.331813 0.250043
vt 0.388752 0.206313
vt 0.380079 0.191051
vt 0.293506 0.203679
vt 0.234955 0.186757
vt 0.277623 0.222291
vt 0.293506 0.203679
vt 0.255003 0.158154
vt 0.234955 0.186757
vt 0.290796 0.130178
vt 0.255003 0.158154
vt 0.293506 0.203679
vt 0.321383 0.181620
vt 0.290796 0.130178
vt 0.293506 0.203679
vt 0.313243 0.111990
vt 0.290796 0.130178
vt 0.321383 0.181620
vt 0.354231 0.155201
vt 0.313243 0.111990
vt 0.321383 0.181620
vt 0.277623 0.222291
vt 0.234955 0.186757
vt 0.219815 0.209075
vt 0.277623 0.222291
vt 0.219815 0.209075
vt 0.261569 0.240487
vt 0.376357 0.292253
vt 0.304508 0.275831
vt 0.279007 0.300133
vt 0.376357 0.292253
vt 0.279007 0.300133
vt 0.313480 0.338436
vt 0.376357 0.292253
vt 0.331813 0.250043
vt 0.304508 0.275831
vt 0.376357 0.292253
vt 0.313480 0.338436
vt 0.347183 0.375589
vt 0.388752 0.351391
vt 0.376357 0.292253
vt 0.347183 0.375589
vt 0.279007 0.300133
vt 0.279769 0.333835
vt 0.313480 0.338436
vt 0.279769 0.333835
vt 0.279007 0.300133
vt 0.246602 0.333663
vt 0.279007 0.300133
vt 0.213233 0.319567
vt 0.246602 0.333663
vt 0.279007 0.300133
vt 0.243530 0.263048
vt 0.213233 0.319567
vt 0.261569 0.240487
vt 0.201195 0.248254
vt 0.243530 0.263048
vt 0.261569 0.240487
vt 0.208657 0.230717
vt 0.201195 0.248254
vt 0.243530 0.263048
vt 0.185140 0.304258
vt 0.213233 0.319567
vt 0.243530 0.263048
vt 0.201195 0.248254
vt 0.185140 0.304258
vt 0.313480 0.338436
vt 0.279769 0.333835
vt 0.296319 0.389429
vt 0.347183 0.375589
vt 0.313480 0.338436
vt 0.296319 0.389429
vt 0.279769 0.333835
vt 0.246602 0.333663
vt 0.240808 0.362886
vt 0.246602 0.333663
vt 0.218695 0.356183
vt 0.240808 0.362886
vt 0.213946 0.331193
vt 0.218695 0.356183
vt 0.246602 0.333663
vt 0.279769 0.333835
vt 0.240808 0.362886
vt 0.237915 0.389547
vt 0.240808 0.362886
vt 0.218695 0.356183
vt 0.237915 0.389547
vt 0.275669 0.394255
vt 0.279769 0.333835
vt 0.237915 0.389547
vt 0.218695 0.356183
vt 0.200809 0.371387
vt 0.237915 0.389547
vt 0.218695 0.356183
vt 0.213946 0.331193
vt 0.200809 0.371387
vt 0.213946 0.331193
vt 0.189149 0.324432
vt 0.200809 0.371387
vt 0.090886 0.418506
vt 0.128984 0.383772
vt 0.113346 0.443962
vt 0.128984 0.383772
vt 0.150040 0.401456
vt 0.113346 0.443962
vt 0.113346 0.443962
vt 0.150040 0.401456
vt 0.137112 0.471327
vt 0.150040 0.401456
vt 0.166983 0.417709
vt 0.137112 0.471327
vt 0.184053 0.433749
vt 0.137112 0.471327
vt 0.166983 0.417709
vt 0.204571 0.461921
vt 0.137112 0.471327
vt 0.184053 0.433749
vt 0.137112 0.471327
vt 0.204571 0.461921
vt 0.194063 0.518362
vt 0.204571 0.461921
vt 0.229451 0.495665
vt 0.194063 0.518362
vt 0.137112 0.471327
vt 0.194063 0.518362
vt 0.177406 0.527477
vt 0.166983 0.417709
vt 0.202644 0.376277
vt 0.184053 0.433749
vt 0.202644 0.376277
vt 0.229367 0.396650
vt 0.184053 0.433749
vt 0.184053 0.433749
vt 0.229367 0.396650
vt 0.255186 0.433133
vt 0.184053 0.433749
vt 0.255186 0.433133
vt 0.204571 0.461921
vt 0.204571 0.461921
vt 0.255186 0.433133
vt 0.272167 0.456173
vt 0.204571 0.461921
vt 0.272167 0.456173
vt 0.229451 0.495665
vt 0.181618 0.360712
vt 0.202644 0.376277
vt 0.166983 0.417709
vt 0.150040 0.401456
vt 0.181618 0.360712
vt 0.166983 0.417709
vt 0.090886 0.418506
vt 0.113346 0.443962
vt 0.093571 0.515867
vt 0.113346 0.443962
vt 0.137112 0.471327
vt 0.093571 0.515867
vt 0.052121 0.452870
vt 0.090886 0.418506
vt 0.093571 0.515867
vt 0.014903 0.485504
vt 0.052121 0.452870
vt 0.093571 0.515867
vt 0.014903 0.485504
vt 0.093571 0.515867
vt 0.036779 0.527477
vt 0.090886 0.418506
vt 0.052121 0.452870
vt 0.058318 0.419840
vt 0.060101 0.386123
vt 0.090886 0.418506
vt 0.058318 0.419840
vt 0.060101 0.386123
vt 0.074992 0.352558
vt 0.090886 0.418506
vt 0.074992 0.352558
vt 0.128984 0.383772
vt 0.090886 0.418506
vt 0.128984 0.383772
vt 0.144575 0.342279
vt 0.150040 0.401456
vt 0.144575 0.342279
vt 0.160654 0.349631
vt 0.150040 0.401456
vt 0.074992 0.352558
vt 0.090794 0.325146
vt 0.128984 0.383772
vt 0.090794 0.325146
vt 0.144575 0.342279
vt 0.128984 0.383772
vt 0.004007 0.434958
vt 0.058318 0.419840
vt 0.052121 0.452870
vt 0.004007 0.434958
vt 0.052121 0.452870
vt 0.014903 0.485504
vt 0.032299 0.380308
vt 0.060101 0.386123
vt 0.058318 0.419840
vt 0.060101 0.386123
vt 0.032299 0.380308
vt 0.040108 0.358638
vt 0.064964 0.354484
vt 0.060101 0.386123
vt 0.040108 0.358638
vt 0.006498 0.376648
vt 0.032299 0.380308
vt 0.058318 0.419840
vt 0.006498 0.376648
vt 0.040108 0.358638
vt 0.032299 0.380308
vt 0.006498 0.376648
vt 0.058318 0.419840
vt 0.000411 0.414219
vt 0.006498 0.376648
vt 0.025913 0.340373
vt 0.040108 0.358638
vt 0.025913 0.340373
vt 0.064964 0.354484
vt 0.040108 0.358638
vt 0.025913 0.340373
vt 0.072546 0.330053
vt 0.064964 0.354484
vt 0.641794 0.711017
vt 0.671974 0.742353
vt 0.727916 0.688822
vt 0.641794 0.711017
vt 0.727916 0.688822
vt 0.691147 0.640795
vt 0.648068 0.768747
vt 0.671974 0.742353
vt 0.641794 0.711017
vt 0.614532 0.692692
vt 0.641794 0.711017
vt 0.691147 0.640795
vt 0.614532 0.692692
vt 0.691147 0.640795
vt 0.626737 0.647752
vt 0.691147 0.640795
vt 0.650231 0.598584
vt 0.626737 0.647752
vt 0.674766 0.576734
vt 0.650231 0.598584
vt 0.691147 0.640795
vt 0.674766 0.576734
vt 0.691147 0.640795
vt 0.745235 0.590123
vt 0.674766 0.576734
vt 0.745235 0.590123
vt 0.699043 0.554122
vt 0.691147 0.640795
vt 0.727916 0.688822
vt 0.777915 0.644029
vt 0.691147 0.640795
vt 0.777915 0.644029
vt 0.745235 0.590123
vt 0.632195 0.752084
vt 0.648068 0.768747
vt 0.641794 0.711017
vt 0.614532 0.692692
vt 0.632195 0.752084
vt 0.641794 0.711017
vt 0.648068 0.768747
vt 0.698202 0.774525
vt 0.671974 0.742353
vt 0.671974 0.742353
vt 0.698202 0.774525
vt 0.739757 0.699148
vt 0.739757 0.699148
vt 0.727916 0.688822
vt 0.671974 0.742353
vt 0.698202 0.774525
vt 0.755803 0.739430
vt 0.739757 0.699148
vt 0.698202 0.774525
vt 0.730080 0.807244
vt 0.755803 0.739430
vt 0.730080 0.807244
vt 0.777915 0.789422
vt 0.755803 0.739430
vt 0.690465 0.798349
vt 0.730080 0.807244
vt 0.698202 0.774525
vt 0.663031 0.786500
vt 0.690465 0.798349
vt 0.698202 0.774525
vt 0.663031 0.786500
vt 0.698202 0.774525
vt 0.648068 0.768747
vt 0.126865 0.752671
vt 0.071014 0.802406
vt 0.041573 0.769341
vt 0.090604 0.702392
vt 0.126865 0.752671
vt 0.041573 0.769341
vt 0.047453 0.827077
vt 0.041573 0.769341
vt 0.071014 0.802406
vt 0.090604 0.702392
vt 0.041573 0.769341
vt 0.015189 0.750981
vt 0.028022 0.707114
vt 0.090604 0.702392
vt 0.015189 0.750981
vt 0.090604 0.702392
vt 0.028022 0.707114
vt 0.051731 0.659651
vt 0.075308 0.639318
vt 0.090604 0.702392
vt 0.051731 0.659651
vt 0.143577 0.654924
vt 0.090604 0.702392
vt 0.075308 0.639318
vt 0.099802 0.617402
vt 0.143577 0.654924
vt 0.075308 0.639318
vt 0.175287 0.710524
vt 0.126865 0.752671
vt 0.090604 0.702392
vt 0.143577 0.654924
vt 0.175287 0.710524
vt 0.090604 0.702392
vt 0.047453 0.827077
vt 0.071014 0.802406
vt 0.097336 0.835129
vt 0.139520 0.764549
vt 0.097336 0.835129
vt 0.071014 0.802406
vt 0.139520 0.764549
vt 0.071014 0.802406
vt 0.126865 0.752671
vt 0.139520 0.764549
vt 0.155227 0.802459
vt 0.097336 0.835129
vt 0.155227 0.802459
vt 0.127355 0.868027
vt 0.097336 0.835129
vt 0.155227 0.802459
vt 0.175287 0.851819
vt 0.127355 0.868027
vt 0.089437 0.857325
vt 0.097336 0.835129
vt 0.127355 0.868027
vt 0.097336 0.835129
vt 0.089437 0.857325
vt 0.062565 0.844836
vt 0.047453 0.827077
vt 0.097336 0.835129
vt 0.062565 0.844836
vt 0.041573 0.769341
vt 0.047453 0.827077
vt 0.032410 0.809260
vt 0.041573 0.769341
vt 0.032410 0.809260
vt 0.015189 0.750981
vt 0.183498 0.305219
vt 0.183498 0.353455
vt 0.176929 0.305162
vt 0.183498 0.353455
vt 0.176930 0.353355
vt 0.176929 0.305162
vt 0.680227 0.475749
vt 0.674466 0.475805
vt 0.682124 0.428513
vt 0.687857 0.429466
vt 0.680227 0.475749
vt 0.682124 0.428513
vt 0.687857 0.429466
vt 0.682124 0.428513
vt 0.690129 0.399251
vt 0.687857 0.429466
vt 0.690129 0.399251
vt 0.695813 0.400607
vt 0.680649 0.511831
vt 0.674466 0.475805
vt 0.680227 0.475749
vt 0.680649 0.511831
vt 0.680227 0.475749
vt 0.686246 0.510504
vt 0.690421 0.538301
vt 0.680649 0.511831
vt 0.686246 0.510504
vt 0.690421 0.538301
vt 0.686246 0.510504
vt 0.695813 0.536256
vt 0.436838 0.875520
vt 0.436374 0.881941
vt 0.473031 0.883847
vt 0.473317 0.877418
vt 0.436838 0.875520
vt 0.473031 0.883847
vt 0.436838 0.875520
vt 0.405309 0.883847
vt 0.436374 0.881941
vt 0.436838 0.875520
vt 0.405172 0.877366
vt 0.405309 0.883847
vt 0.497185 0.589546
vt 0.441323 0.602081
vt 0.497513 0.584097
vt 0.441323 0.602081
vt 0.440036 0.596504
vt 0.497513 0.584097
vt 0.441323 0.602081
vt 0.395139 0.618235
vt 0.440036 0.596504
vt 0.395139 0.618235
vt 0.392857 0.612828
vt 0.440036 0.596504
vt 0.497185 0.589546
vt 0.497513 0.584097
vt 0.532524 0.597210
vt 0.530503 0.601846
vt 0.497185 0.589546
vt 0.532524 0.597210
vt 0.530503 0.601846
vt 0.532524 0.597210
vt 0.568555 0.613864
vt 0.566304 0.618235
vt 0.530503 0.601846
vt 0.568555 0.613864
vt 0.845454 0.711340
vt 0.845238 0.773938
vt 0.851806 0.709825
vt 0.845238 0.773938
vt 0.851806 0.773839
vt 0.851806 0.709825
vt 0.651063 0.434881
vt 0.647756 0.395108
vt 0.644971 0.435731
vt 0.651063 0.434881
vt 0.644971 0.435731
vt 0.651182 0.465862
vt 0.657225 0.464719
vt 0.651063 0.434881
vt 0.651182 0.465862
vt 0.647756 0.395108
vt 0.641626 0.394580
vt 0.644971 0.435731
vt 0.647756 0.395108
vt 0.657225 0.346118
vt 0.641626 0.394580
vt 0.657225 0.346118
vt 0.651154 0.345129
vt 0.641626 0.394580
vt 0.722248 0.850541
vt 0.681840 0.838365
vt 0.682159 0.832223
vt 0.681840 0.838365
vt 0.624631 0.850541
vt 0.682159 0.832223
vt 0.624631 0.850541
vt 0.623563 0.844458
vt 0.682159 0.832223
vt 0.722248 0.850541
vt 0.682159 0.832223
vt 0.724548 0.844749
vt 0.806292 0.000564
vt 0.805008 0.007077
vt 0.864943 0.007077
vt 0.864634 0.000416
vt 0.806292 0.000564
vt 0.864943 0.007077
vt 0.006979 0.548825
vt 0.007162 0.489787
vt 0.013547 0.549126
vt 0.007162 0.489787
vt 0.013547 0.488343
vt 0.013547 0.549126
vt 0.679392 0.859700
vt 0.621921 0.859700
vt 0.622821 0.853114
vt 0.679392 0.859700
vt 0.622821 0.853114
vt 0.679276 0.853039
vt 0.645731 0.246238
vt 0.655583 0.229820
vt 0.651944 0.247158
vt 0.645731 0.246238
vt 0.649723 0.227727
vt 0.655583 0.229820
vt 0.649278 0.304330
vt 0.645731 0.246238
vt 0.651944 0.247158
vt 0.649278 0.304330
vt 0.651944 0.247158
vt 0.655583 0.304046
vt 0.373974 0.737302
vt 0.367481 0.793845
vt 0.367406 0.737393
vt 0.373974 0.737302
vt 0.373974 0.794754
vt 0.367481 0.793845
vt 0.663445 0.804746
vt 0.663793 0.811407
vt 0.610427 0.811407
vt 0.611695 0.804886
vt 0.663445 0.804746
vt 0.610427 0.811407
vt 0.892857 0.599120
vt 0.898763 0.598941
vt 0.910098 0.639095
vt 0.892857 0.599120
vt 0.910098 0.547808
vt 0.898763 0.598941
vt 0.892857 0.599120
vt 0.904287 0.546628
vt 0.910098 0.547808
vt 0.904676 0.641549
vt 0.892857 0.599120
vt 0.910098 0.639095
vt 0.935550 0.058020
vt 0.953613 0.112271
vt 0.941191 0.058532
vt 0.935550 0.058020
vt 0.947730 0.113655
vt 0.953613 0.112271
vt 0.948400 0.007910
vt 0.935550 0.058020
vt 0.941191 0.058532
vt 0.948400 0.007910
vt 0.941191 0.058532
vt 0.953613 0.009537
vt 0.392857 0.304330
vt 0.386289 0.251916
vt 0.386360 0.303438
vt 0.392857 0.304330
vt 0.392857 0.251873
vt 0.386289 0.251916
vt 0.982348 0.094758
vt 0.988570 0.095037
vt 0.990558 0.056970
vt 0.984380 0.056203
vt 0.982348 0.094758
vt 0.990558 0.056970
vt 0.982348 0.094758
vt 0.990558 0.135927
vt 0.988570 0.095037
vt 0.982348 0.094758
vt 0.984334 0.136137
vt 0.990558 0.135927
vt 0.405582 0.904475
vt 0.430716 0.907161
vt 0.405869 0.898002
vt 0.430716 0.907161
vt 0.431445 0.900698
vt 0.405869 0.898002
vt 0.405582 0.904475
vt 0.405869 0.898002
vt 0.373153 0.901217
vt 0.373918 0.907161
vt 0.405582 0.904475
vt 0.373153 0.901217
vt 0.778094 0.428825
vt 0.779088 0.505663
vt 0.830218 0.436748
vt 0.779088 0.505663
vt 0.832350 0.502873
vt 0.830218 0.436748
vt 0.779088 0.505663
vt 0.792589 0.572495
vt 0.832350 0.502873
vt 0.792589 0.572495
vt 0.837849 0.567530
vt 0.832350 0.502873
vt 0.726096 0.509824
vt 0.779088 0.505663
vt 0.778094 0.428825
vt 0.724548 0.441940
vt 0.726096 0.509824
vt 0.778094 0.428825
vt 0.750649 0.586595
vt 0.792589 0.572495
vt 0.779088 0.505663
vt 0.726096 0.509824
vt 0.750649 0.586595
vt 0.779088 0.505663
vt 0.778094 0.428825
vt 0.830218 0.436748
vt 0.836737 0.371945
vt 0.798062 0.365837
vt 0.778094 0.428825
vt 0.836737 0.371945
vt 0.837849 0.336061
vt 0.798062 0.365837
vt 0.836737 0.371945
vt 0.798062 0.365837
vt 0.837849 0.336061
vt 0.816682 0.332639
vt 0.737693 0.399798
vt 0.778094 0.428825
vt 0.798062 0.365837
vt 0.737693 0.399798
vt 0.798062 0.365837
vt 0.759706 0.360300
vt 0.759706 0.360300
vt 0.798062 0.365837
vt 0.816682 0.332639
vt 0.082651 0.971081
vt 0.147972 0.925204
vt 0.082095 0.915600
vt 0.082651 0.971081
vt 0.144934 0.972107
vt 0.147972 0.925204
vt 0.020470 0.972107
vt 0.082651 0.971081
vt 0.082095 0.915600
vt 0.020470 0.972107
vt 0.082095 0.915600
vt 0.007800 0.919614
vt 0.007800 0.919614
vt 0.082095 0.915600
vt 0.082488 0.862198
vt 0.007800 0.919614
vt 0.082488 0.862198
vt 0.017493 0.866660
vt 0.082095 0.915600
vt 0.147972 0.925204
vt 0.157225 0.883872
vt 0.082095 0.915600
vt 0.157225 0.883872
vt 0.082488 0.862198
vt 0.805754 0.943112
vt 0.803095 0.887255
vt 0.874829 0.903443
vt 0.871386 0.943628
vt 0.805754 0.943112
vt 0.874829 0.903443
vt 0.906355 0.947960
vt 0.871386 0.943628
vt 0.874829 0.903443
vt 0.906355 0.947960
vt 0.874829 0.903443
vt 0.906814 0.926481
vt 0.805754 0.943112
vt 0.742611 0.947960
vt 0.803095 0.887255
vt 0.742611 0.947960
vt 0.749571 0.889655
vt 0.803095 0.887255
vt 0.874829 0.903443
vt 0.873652 0.865032
vt 0.906814 0.926481
vt 0.874829 0.903443
vt 0.803095 0.887255
vt 0.873652 0.865032
vt 0.803095 0.887255
vt 0.803490 0.834721
vt 0.873652 0.865032
vt 0.749571 0.889655
vt 0.803490 0.834721
vt 0.803095 0.887255
vt 0.749571 0.889655
vt 0.754660 0.838861
vt 0.803490 0.834721
vt 0.355859 0.917892
vt 0.286322 0.901639
vt 0.289499 0.958120
vt 0.355859 0.917892
vt 0.289499 0.958120
vt 0.353593 0.958698
vt 0.387110 0.962948
vt 0.355859 0.917892
vt 0.353593 0.958698
vt 0.286322 0.901639
vt 0.228654 0.962948
vt 0.289499 0.958120
vt 0.286322 0.901639
vt 0.234145 0.903880
vt 0.228654 0.962948
vt 0.286322 0.901639
vt 0.286702 0.850541
vt 0.234145 0.903880
vt 0.286702 0.850541
vt 0.239183 0.854792
vt 0.234145 0.903880
vt 0.354811 0.880598
vt 0.286702 0.850541
vt 0.286322 0.901639
vt 0.354811 0.880598
vt 0.286322 0.901639
vt 0.355859 0.917892
vt 0.386928 0.942539
vt 0.354811 0.880598
vt 0.355859 0.917892
vt 0.386928 0.942539
vt 0.355859 0.917892
vt 0.387110 0.962948
vt 0.242611 0.014571
vt 0.290010 0.020874
vt 0.301248 0.079517
vt 0.242611 0.014571
vt 0.301248 0.079517
vt 0.246793 0.079517
vt 0.290010 0.020874
vt 0.349343 0.065066
vt 0.301248 0.079517
vt 0.290010 0.020874
vt 0.338205 0.015721
vt 0.349343 0.065066
vt 0.921593 0.592381
vt 0.979558 0.604250
vt 0.984811 0.653206
vt 0.922305 0.648287
vt 0.921593 0.592381
vt 0.984811 0.653206
vt 0.921593 0.592381
vt 0.936102 0.544963
vt 0.979558 0.604250
vt 0.936102 0.544963
vt 0.984811 0.556825
vt 0.979558 0.604250
vt 0.541563 0.937429
vt 0.519746 0.919849
vt 0.543927 0.895398
vt 0.543927 0.895398
vt 0.519746 0.919849
vt 0.496118 0.891426
vt 0.519746 0.919849
vt 0.486144 0.934322
vt 0.496118 0.891426
vt 0.486144 0.934322
vt 0.456897 0.911900
vt 0.496118 0.891426
vt 0.541563 0.937429
vt 0.524720 0.956836
vt 0.519746 0.919849
vt 0.524720 0.956836
vt 0.501042 0.947804
vt 0.519746 0.919849
vt 0.543927 0.895398
vt 0.496118 0.891426
vt 0.536993 0.873732
vt 0.543927 0.895398
vt 0.536993 0.873732
vt 0.579130 0.870525
vt 0.582002 0.913902
vt 0.543927 0.895398
vt 0.579130 0.870525
vt 0.610206 0.912560
vt 0.582002 0.913902
vt 0.579130 0.870525
vt 0.616174 0.875764
vt 0.610206 0.912560
vt 0.579130 0.870525
vt 0.582002 0.913902
vt 0.549192 0.911880
vt 0.543927 0.895398
vt 0.549192 0.911880
vt 0.541563 0.937429
vt 0.543927 0.895398
vt 0.549192 0.911880
vt 0.561930 0.941225
vt 0.541563 0.937429
vt 0.575893 0.923356
vt 0.561930 0.941225
vt 0.549192 0.911880
vt 0.598193 0.928151
vt 0.561930 0.941225
vt 0.575893 0.923356
vt 0.598193 0.928151
vt 0.569908 0.960450
vt 0.561930 0.941225
vt 0.569908 0.960450
vt 0.541563 0.937429
vt 0.561930 0.941225
vt 0.569908 0.960450
vt 0.533473 0.960450
vt 0.541563 0.937429
vt 0.816150 0.697848
vt 0.795693 0.725297
vt 0.776727 0.705372
vt 0.826024 0.745856
vt 0.795693 0.725297
vt 0.816150 0.697848
vt 0.826024 0.745856
vt 0.785681 0.760372
vt 0.795693 0.725297
vt 0.826024 0.745856
vt 0.811027 0.787261
vt 0.785681 0.760372
vt 0.795693 0.725297
vt 0.759844 0.724191
vt 0.776727 0.705372
vt 0.795693 0.725297
vt 0.771430 0.747001
vt 0.759844 0.724191
vt 0.837028 0.702136
vt 0.826024 0.745856
vt 0.816150 0.697848
vt 0.816150 0.697848
vt 0.837028 0.659390
vt 0.837028 0.702136
vt 0.837028 0.659390
vt 0.816150 0.697848
vt 0.794446 0.661671
vt 0.837028 0.659390
vt 0.794446 0.661671
vt 0.792734 0.633448
vt 0.837028 0.659390
vt 0.792734 0.633448
vt 0.828095 0.623231
vt 0.816150 0.697848
vt 0.800119 0.694529
vt 0.794446 0.661671
vt 0.816150 0.697848
vt 0.776727 0.705372
vt 0.800119 0.694529
vt 0.800119 0.694529
vt 0.776727 0.705372
vt 0.771104 0.685380
vt 0.786992 0.669180
vt 0.800119 0.694529
vt 0.771104 0.685380
vt 0.786992 0.669180
vt 0.771104 0.685380
vt 0.780026 0.647529
vt 0.771104 0.685380
vt 0.751642 0.679644
vt 0.780026 0.647529
vt 0.771104 0.685380
vt 0.776727 0.705372
vt 0.751642 0.679644
vt 0.776727 0.705372
vt 0.755853 0.716271
vt 0.751642 0.679644
vt 0.076551 0.616570
vt 0.138838 0.562811
vt 0.075530 0.576191
vt 0.076551 0.616570
vt 0.139984 0.616570
vt 0.138838 0.562811
vt 0.042576 0.614226
vt 0.076551 0.616570
vt 0.075530 0.576191
vt 0.075530 0.576191
vt 0.138838 0.562811
vt 0.116290 0.520816
vt 0.075202 0.538464
vt 0.075530 0.576191
vt 0.116290 0.520816
vt 0.042282 0.593606
vt 0.042576 0.614226
vt 0.075530 0.576191
vt 0.042282 0.593606
vt 0.075530 0.576191
vt 0.075202 0.538464
vt 0.376082 0.831391
vt 0.442939 0.831391
vt 0.375616 0.822231
vt 0.442939 0.831391
vt 0.442340 0.825323
vt 0.375616 0.822231
vt 0.921593 0.472523
vt 0.921593 0.536268
vt 0.915592 0.473391
vt 0.921593 0.536268
vt 0.912562 0.536636
vt 0.915592 0.473391
vt 0.702483 0.056196
vt 0.623225 0.076187
vt 0.702676 0.050375
vt 0.623225 0.076187
vt 0.621921 0.070445
vt 0.702676 0.050375
vt 0.702483 0.056196
vt 0.702676 0.050375
vt 0.769704 0.070573
vt 0.768205 0.076187
vt 0.702483 0.056196
vt 0.769704 0.070573
vt 0.863057 0.801416
vt 0.813096 0.823064
vt 0.863280 0.807065
vt 0.863057 0.801416
vt 0.811576 0.817667
vt 0.813096 0.823064
vt 0.920150 0.816883
vt 0.863057 0.801416
vt 0.863280 0.807065
vt 0.920150 0.816883
vt 0.863280 0.807065
vt 0.920772 0.823064
vt 0.672003 0.244329
vt 0.678571 0.194472
vt 0.678571 0.244380
vt 0.672003 0.244329
vt 0.672003 0.194421
vt 0.678571 0.194472
vt 0.025276 0.617196
vt 0.040640 0.666588
vt 0.019294 0.617168
vt 0.040640 0.666588
vt 0.034927 0.668193
vt 0.019294 0.617168
vt 0.025276 0.617196
vt 0.019294 0.617168
vt 0.035260 0.558817
vt 0.040640 0.558285
vt 0.025276 0.617196
vt 0.035260 0.558817
vt 0.851195 0.781432
vt 0.803501 0.806411
vt 0.851626 0.787047
vt 0.851195 0.781432
vt 0.801724 0.801157
vt 0.803501 0.806411
vt 0.928161 0.800802
vt 0.851195 0.781432
vt 0.851626 0.787047
vt 0.928161 0.800802
vt 0.851626 0.787047
vt 0.926312 0.806411
vt 0.108880 0.987980
vt 0.156404 0.997918
vt 0.108952 0.982098
vt 0.156404 0.997918
vt 0.155946 0.992236
vt 0.108952 0.982098
vt 0.108880 0.987980
vt 0.108952 0.982098
vt 0.063629 0.992158
vt 0.064734 0.997918
vt 0.108880 0.987980
vt 0.063629 0.992158
vt 0.007800 0.573335
vt 0.007800 0.616570
vt 0.001232 0.573272
vt 0.007800 0.616570
vt 0.001232 0.616549
vt 0.001232 0.573272
vt 0.996305 0.776464
vt 0.996305 0.813905
vt 0.989737 0.776436
vt 0.996305 0.813905
vt 0.989737 0.813878
vt 0.989737 0.776436
vt 0.984811 0.842375
vt 0.984811 0.879684
vt 0.978243 0.842215
vt 0.984811 0.879684
vt 0.978243 0.879524
vt 0.978243 0.842215
vt 0.768883 0.294338
vt 0.732038 0.294339
vt 0.768844 0.300999
vt 0.732038 0.294339
vt 0.731938 0.300999
vt 0.768844 0.300999
vt 0.989737 0.349201
vt 0.983437 0.295209
vt 0.983169 0.349292
vt 0.989737 0.349201
vt 0.989737 0.293505
vt 0.983437 0.295209
vt 0.213875 0.953820
vt 0.220443 0.953789
vt 0.220443 0.979569
vt 0.213875 0.979600
vt 0.213875 0.953820
vt 0.220443 0.979569
vt 0.769342 0.008992
vt 0.818640 0.020400
vt 0.769010 0.002914
vt 0.818640 0.020400
vt 0.819787 0.014617
vt 0.769010 0.002914
vt 0.769342 0.008992
vt 0.769010 0.002914
vt 0.719226 0.014558
vt 0.718801 0.020400
vt 0.769342 0.008992
vt 0.719226 0.014558
vt 0.407185 0.088349
vt 0.413383 0.090341
vt 0.413383 0.040383
vt 0.406814 0.040483
vt 0.407185 0.088349
vt 0.413383 0.040383
vt 0.403211 0.984199
vt 0.358566 0.986658
vt 0.403360 0.977935
vt 0.403211 0.984199
vt 0.358417 0.992923
vt 0.358566 0.986658
vt 0.358417 0.992923
vt 0.315586 0.980954
vt 0.358566 0.986658
vt 0.358417 0.992923
vt 0.314860 0.987174
vt 0.315586 0.980954
vt 0.446112 0.992923
vt 0.403211 0.984199
vt 0.403360 0.977935
vt 0.446112 0.992923
vt 0.403360 0.977935
vt 0.446065 0.986657
vt 0.483169 0.989481
vt 0.446112 0.992923
vt 0.446065 0.986657
vt 0.483169 0.989481
vt 0.446065 0.986657
vt 0.482487 0.983256
vt 0.398632 0.673461
vt 0.398604 0.629121
vt 0.405172 0.629059
vt 0.398632 0.673461
vt 0.405172 0.629059
vt 0.405172 0.674022
vt 0.619907 0.042899
vt 0.656374 0.042881
vt 0.619458 0.049542
vt 0.656374 0.042881
vt 0.656404 0.049542
vt 0.619458 0.049542
vt 0.471675 0.378435
vt 0.438013 0.378435
vt 0.438051 0.371774
vt 0.471675 0.378435
vt 0.438051 0.371774
vt 0.470770 0.371849
vt 0.610408 0.655612
vt 0.612069 0.688784
vt 0.603859 0.655874
vt 0.612069 0.688784
vt 0.605532 0.689009
vt 0.603859 0.655874
vt 0.610408 0.655612
vt 0.603859 0.655874
vt 0.605496 0.627394
vt 0.612069 0.627487
vt 0.610408 0.655612
vt 0.605496 0.627394
vt 0.612069 0.297003
vt 0.620279 0.268163
vt 0.618351 0.296768
vt 0.614013 0.320150
vt 0.612069 0.297003
vt 0.618351 0.296768
vt 0.614013 0.320150
vt 0.618351 0.296768
vt 0.620279 0.319551
vt 0.612069 0.297003
vt 0.614168 0.267694
vt 0.620279 0.268163
vt 0.592365 0.540799
vt 0.592392 0.547460
vt 0.617816 0.547460
vt 0.617402 0.540815
vt 0.592365 0.540799
vt 0.617816 0.547460
vt 0.286125 0.390092
vt 0.286125 0.365112
vt 0.279557 0.365277
vt 0.286125 0.390092
vt 0.279557 0.365277
vt 0.279574 0.389617
f 1/238 2/239 3/240
f 4/235 5/236 6/237
f 7/154 8/155 9/156
f 10/151 11/152 12/153
f 13/148 14/149 15/150
f 16/145 17/146 18/147
f 19/142 20/143 21/144
f 22/139 23/140 24/141
f 25/136 26/137 27/138
f 28/133 29/134 30/135
f 31/130 32/131 33/132
f 34/127 35/128 36/129
f 37/124 38/125 39/126
f 40/121 41/122 42/123
f 43/118 44/119 45/120
f 46/115 47/116 48/117
f 49/109 50/110 51/111
f 52/112 53/113 54/114
f 55/103 56/104 57/105
f 58/106 59/107 60/108
f 61/97 62/98 63/99
f 64/100 65/101 66/102
f 67/187 68/188 69/189
f 70/190 71/191 72/192
f 73/181 74/182 75/183
f 76/184 77/185 78/186
f 79/175 80/176 81/177
f 82/178 83/179 84/180
f 85/28 86/29 87/30
f 88/25 89/26 90/27
f 91/169 92/170 93/171
f 94/172 95/173 96/174
f 97/355 98/356 99/357
f 100/358 101/359 102/360
f 103/22 104/23 105/24
f 106/19 107/20 108/21
f 109/283 110/284 111/285
f 112/286 113/287 114/288
f 115/346 116/347 117/348
f 118/343 119/344 120/345
f 121/163 122/164 123/165
f 124/166 125/167 126/168
f 127/331 128/332 129/333
f 130/334 131/335 132/336
f 133/328 134/329 135/330
f 136/325 137/326 138/327
f 139/271 140/272 141/273
f 142/274 143/275 144/276
f 145/322 146/323 147/324
f 148/319 149/320 150/321
f 151/208 152/209 153/210
f 154/205 155/206 156/207
f 157/310 158/311 159/312
f 160/307 161/308 162/309
f 163/193 164/194 165/195
f 166/196 167/197 168/198
f 169/313 170/314 171/315
f 172/316 173/317 174/318
f 175/202 176/203 177/204
f 178/199 179/200 180/201
f 181/382 182/383 183/384
f 184/379 185/380 186/381
f 187/247 188/248 189/249
f 190/250 191/251 192/252
f 193/367 194/368 195/369
f 196/370 197/371 198/372
f 199/241 200/242 201/243
f 202/244 203/245 204/246
f 205/373 206/374 207/375
f 208/376 209/377 210/378
f 211/256 212/257 213/258
f 214/253 215/254 216/255
f 217/298 218/299 219/300
f 220/295 221/296 222/297
f 223/262 224/263 225/264
f 226/259 227/260 228/261
f 229/292 230/293 231/294
f 232/289 233/290 234/291
f 235/223 236/224 237/225
f 238/226 239/227 240/228
f 241/304 242/305 243/306
f 244/301 245/302 246/303
f 247/217 248/218 249/219
f 250/220 251/221 252/222
f 253/364 254/365 255/366
f 256/361 257/362 258/363
f 259/211 260/212 261/213
f 262/214 263/215 264/216
f 265/352 266/353 267/354
f 268/349 269/350 270/351
f 271/232 272/233 273/234
f 274/229 275/230 276/231
f 277/277 278/278 279/279
f 280/280 281/281 282/282
f 283/268 284/269 285/270
f 286/265 287/266 288/267
f 289/34 290/35 291/36
f 292/31 293/32 294/33
f 295/40 296/41 297/42
f 298/37 299/38 300/39
f 301/46 302/47 303/48
f 304/43 305/44 306/45
f 307/52 308/53 309/54
f 310/49 311/50 312/51
f 313/58 314/59 315/60
f 316/55 317/56 318/57
f 319/67 320/68 321/69
f 322/70 323/71 324/72
f 325/160 326/161 327/162
f 328/157 329/158 330/159
f 331/73 332/74 333/75
f 334/76 335/77 336/78
f 337/79 338/80 339/81
f 340/82 341/83 342/84
f 343/85 344/86 345/87
f 346/88 347/89 348/90
f 349/91 350/92 351/93
f 352/94 353/95 354/96
f 355/1 356/2 357/3
f 358/4 359/5 360/6
f 361/7 362/8 363/9
f 364/10 365/11 366/12
f 367/13 368/14 369/15
f 370/16 371/17 372/18
f 373/850 374/851 375/852
f 376/847 377/848 378/849
f 379/832 380/833 381/834
f 382/829 383/830 384/831
f 385/820 386/821 387/822
f 388/817 389/818 390/819
f 391/787 392/788 393/789
f 394/784 395/785 396/786
f 397/841 398/842 399/843
f 400/844 401/845 402/846
f 403/835 404/836 405/837
f 406/838 407/839 408/840
f 409/802 410/803 411/804
f 412/790 413/791 414/792
f 415/808 416/809 417/810
f 418/811 419/812 420/813
f 421/967 422/968 423/969
f 424/964 425/965 426/966
f 427/1174 428/1175 429/1176
f 430/1177 431/1178 432/1179
f 433/955 434/956 435/957
f 436/952 437/953 438/954
f 439/1180 440/1181 441/1182
f 442/1183 443/1184 444/1185
f 445/988 446/989 447/990
f 448/919 449/920 450/921
f 451/925 452/926 453/927
f 454/928 455/929 456/930
f 457/1387 458/1388 459/1389
f 460/1390 461/1391 462/1392
f 463/1399 464/1400 465/1401
f 466/1402 467/1403 468/1404
f 469/1336 470/1337 471/1338
f 472/1339 473/1340 474/1341
f 475/1360 476/1361 477/1362
f 478/1357 479/1358 480/1359
f 481/1384 482/1385 483/1386
f 484/1381 485/1382 486/1383
f 487/1396 488/1397 489/1398
f 490/1393 491/1394 492/1395
f 493/1378 494/1379 495/1380
f 496/1369 497/1370 498/1371
f 499/1342 500/1343 501/1344
f 502/1333 503/1334 504/1335
f 505/1114 506/1115 507/1116
f 508/1117 509/1118 510/1119
f 511/1057 512/1058 513/1059
f 514/1054 515/1055 516/1056
f 517/1090 518/1091 519/1092
f 520/1093 521/1094 522/1095
f 523/1747 524/1748 525/1749
f 526/1750 527/1751 528/1752
f 529/1789 530/1790 531/1791
f 532/1792 533/1793 534/1794
f 535/1978 536/1979 537/1980
f 538/1975 539/1976 540/1977
f 541/1933 542/1934 543/1935
f 544/1936 545/1937 546/1938
f 547/1999 548/2000 549/2001
f 550/2002 551/2003 552/2004
f 553/1942 554/1943 555/1944
f 556/1939 557/1940 558/1941
f 559/2011 560/2012 561/2013
f 562/2014 563/2015 564/2016
f 565/1948 566/1949 567/1950
f 568/1945 569/1946 570/1947
f 571/1990 572/1991 573/1992
f 574/1987 575/1988 576/1989
f 577/2026 578/2027 579/2028
f 580/2023 581/2024 582/2025
f 583/1954 584/1955 585/1956
f 586/1951 587/1952 588/1953
f 589/2020 590/2021 591/2022
f 592/2017 593/2018 594/2019
f 595/1960 596/1961 597/1962
f 598/1957 599/1958 600/1959
f 601/2008 602/2009 603/2010
f 604/2005 605/2006 606/2007
f 607/1966 608/1967 609/1968
f 610/1963 611/1964 612/1965
f 613/1996 614/1997 615/1998
f 616/1993 617/1994 618/1995
f 619/1972 620/1973 621/1974
f 622/1969 623/1970 624/1971
f 625/1984 626/1985 627/1986
f 628/1981 629/1982 630/1983
f 631/1840 632/1841 633/1842
f 634/1837 635/1838 636/1839
f 637/1843 638/1844 639/1845
f 640/1846 641/1847 642/1848
f 643/1864 644/1865 645/1866
f 646/1861 647/1862 648/1863
f 649/1858 650/1859 651/1860
f 652/1855 653/1856 654/1857
f 655/1867 656/1868 657/1869
f 658/1870 659/1871 660/1872
f 661/1873 662/1874 663/1875
f 664/1876 665/1877 666/1878
f 667/1906 668/1907 669/1908
f 670/1903 671/1904 672/1905
f 673/1900 674/1901 675/1902
f 676/1897 677/1898 678/1899
f 679/1912 680/1913 681/1914
f 682/1909 683/1910 684/1911
f 685/1918 686/1919 687/1920
f 688/1915 689/1916 690/1917
f 691/1891 692/1892 693/1893
f 694/1894 695/1895 696/1896
f 697/1879 698/1880 699/1881
f 700/1882 701/1883 702/1884
f 703/1888 704/1889 705/1890
f 706/1885 707/1886 708/1887
f 709/1921 710/1922 711/1923
f 712/1924 713/1925 714/1926
f 715/1930 716/1931 717/1932
f 718/1927 719/1928 720/1929
f 721/1849 722/1850 723/1851
f 724/1852 725/1853 726/1854
f 727/1768 728/1769 729/1770
f 730/1765 731/1766 732/1767
f 733/1798 734/1799 735/1800
f 736/1795 737/1796 738/1797
f 739/1813 740/1814 741/1815
f 742/1816 743/1817 744/1818
f 745/1762 746/1763 747/1764
f 748/1759 749/1760 750/1761
f 751/1804 752/1805 753/1806
f 754/1801 755/1802 756/1803
f 757/1828 758/1829 759/1830
f 760/1825 761/1826 762/1827
f 763/1741 764/1742 765/1743
f 766/1744 767/1745 768/1746
f 769/1774 770/1775 771/1776
f 772/1771 773/1772 774/1773
f 775/1786 776/1787 777/1788
f 778/1783 779/1784 780/1785
f 781/1834 782/1835 783/1836
f 784/1831 785/1832 786/1833
f 787/1777 788/1778 789/1779
f 790/1780 791/1781 792/1782
f 793/1807 794/1808 795/1809
f 796/1810 797/1811 798/1812
f 799/1822 800/1823 801/1824
f 802/1819 803/1820 804/1821
f 805/1756 806/1757 807/1758
f 808/1753 809/1754 810/1755
f 811/1477 812/1478 813/1479
f 814/1498 815/1499 816/1500
f 817/1471 818/1472 819/1473
f 820/1474 821/1475 822/1476
f 823/1495 824/1496 825/1497
f 826/1468 827/1469 828/1470
f 829/1492 830/1493 831/1494
f 832/1465 833/1466 834/1467
f 835/1489 836/1490 837/1491
f 838/1462 839/1463 840/1464
f 841/1486 842/1487 843/1488
f 844/1459 845/1460 846/1461
f 847/1483 848/1484 849/1485
f 850/1456 851/1457 852/1458
f 853/1480 854/1481 855/1482
f 856/1453 857/1454 858/1455
f 859/1663 860/1664 861/1665
f 862/1666 863/1667 864/1668
f 865/1705 866/1706 867/1707
f 868/1708 869/1709 870/1710
f 871/1654 872/1655 873/1656
f 874/1651 875/1652 876/1653
f 877/1699 878/1700 879/1701
f 880/1702 881/1703 882/1704
f 883/1648 884/1649 885/1650
f 886/1645 887/1646 888/1647
f 889/1693 890/1694 891/1695
f 892/1696 893/1697 894/1698
f 895/1738 896/1739 897/1740
f 898/1735 899/1736 900/1737
f 901/1687 902/1688 903/1689
f 904/1690 905/1691 906/1692
f 907/1732 908/1733 909/1734
f 910/1729 911/1730 912/1731
f 913/1681 914/1682 915/1683
f 916/1684 917/1685 918/1686
f 919/1726 920/1727 921/1728
f 922/1723 923/1724 924/1725
f 925/1675 926/1676 927/1677
f 928/1678 929/1679 930/1680
f 931/1720 932/1721 933/1722
f 934/1717 935/1718 936/1719
f 937/1669 938/1670 939/1671
f 940/1672 941/1673 942/1674
f 943/1714 944/1715 945/1716
f 946/1711 947/1712 948/1713
f 949/1660 950/1661 951/1662
f 952/1657 953/1658 954/1659
f 955/2086 956/2087 957/2088
f 958/2083 959/2084 960/2085
f 961/2032 962/2033 963/2034
f 964/2029 965/2030 966/2031
f 967/2095 968/2096 969/2097
f 970/2098 971/2099 972/2100
f 973/2044 974/2045 975/2046
f 976/2041 977/2042 978/2043
f 979/2053 980/2054 981/2055
f 982/2056 983/2057 984/2058
f 985/2122 986/2123 987/2124
f 988/2119 989/2120 990/2121
f 991/2071 992/2072 993/2073
f 994/2074 995/2075 996/2076
f 997/2050 998/2051 999/2052
f 1000/2047 1001/2048 1002/2049
f 1003/2113 1004/2114 1005/2115
f 1006/2116 1007/2117 1008/2118
f 1009/2104 1010/2105 1011/2106
f 1012/2101 1013/2102 1014/2103
f 1015/2077 1016/2078 1017/2079
f 1018/2080 1019/2081 1020/2082
f 1021/2059 1022/2060 1023/2061
f 1024/2062 1025/2063 1026/2064
f 1027/2107 1028/2108 1029/2109
f 1030/2110 1031/2111 1032/2112
f 1033/2068 1034/2069 1035/2070
f 1036/2065 1037/2066 1038/2067
f 1039/2092 1040/2093 1041/2094
f 1042/2089 1043/2090 1044/2091
f 1045/2035 1046/2036 1047/2037
f 1048/2038 1049/2039 1050/2040
f 1051/1549 1052/1550 1053/1551
f 1054/1552 1055/1553 1056/1554
f 1057/1615 1058/1616 1059/1617
f 1060/1618 1061/1619 1062/1620
f 1063/1558 1064/1559 1065/1560
f 1066/1555 1067/1556 1068/1557
f 1069/1627 1070/1628 1071/1629
f 1072/1630 1073/1631 1074/1632
f 1075/1564 1076/1565 1077/1566
f 1078/1561 1079/1562 1080/1563
f 1081/1642 1082/1643 1083/1644
f 1084/1639 1085/1640 1086/1641
f 1087/1567 1088/1568 1089/1569
f 1090/1570 1091/1571 1092/1572
f 1093/1636 1094/1637 1095/1638
f 1096/1633 1097/1634 1098/1635
f 1099/1576 1100/1577 1101/1578
f 1102/1573 1103/1574 1104/1575
f 1105/1624 1106/1625 1107/1626
f 1108/1621 1109/1622 1110/1623
f 1111/1582 1112/1583 1113/1584
f 1114/1579 1115/1580 1116/1581
f 1117/1612 1118/1613 1119/1614
f 1120/1609 1121/1610 1122/1611
f 1123/1588 1124/1589 1125/1590
f 1126/1585 1127/1586 1128/1587
f 1129/1606 1130/1607 1131/1608
f 1132/1603 1133/1604 1134/1605
f 1135/1597 1136/1598 1137/1599
f 1138/1600 1139/1601 1140/1602
f 1141/1594 1142/1595 1143/1596
f 1144/1591 1145/1592 1146/1593
f 1147/1516 1148/1517 1149/1518
f 1150/1543 1151/1544 1152/1545
f 1153/1519 1154/1520 1155/1521
f 1156/1546 1157/1547 1158/1548
f 1159/1525 1160/1526 1161/1527
f 1162/1522 1163/1523 1164/1524
f 1165/1501 1166/1502 1167/1503
f 1168/1528 1169/1529 1170/1530
f 1171/1504 1172/1505 1173/1506
f 1174/1531 1175/1532 1176/1533
f 1177/1507 1178/1508 1179/1509
f 1180/1534 1181/1535 1182/1536
f 1183/1510 1184/1511 1185/1512
f 1186/1537 1187/1538 1188/1539
f 1189/1513 1190/1514 1191/1515
f 1192/1540 1193/1541 1194/1542
f 1195/1216 1196/1217 1197/1218
f 1198/1219 1199/1220 1200/1221
f 1201/1096 1202/1097 1203/1098
f 1204/1099 1205/1100 1206/1101
f 1207/1075 1208/1076 1209/1077
f 1210/1072 1211/1073 1212/1074
f 1213/1039 1214/1040 1215/1041
f 1216/1036 1217/1037 1218/1038
f 1219/1078 1220/1079 1221/1080
f 1222/1081 1223/1082 1224/1083
f 1225/1108 1226/1109 1227/1110
f 1228/1111 1229/1112 1230/1113
f 1231/1063 1232/1064 1233/1065
f 1234/1060 1235/1061 1236/1062
f 1237/1120 1238/1121 1239/1122
f 1240/1123 1241/1124 1242/1125
f 1243/1045 1244/1046 1245/1047
f 1246/1042 1247/1043 1248/1044
f 1249/1069 1250/1070 1251/1071
f 1252/1066 1253/1067 1254/1068
f 1255/1102 1256/1103 1257/1104
f 1258/1105 1259/1106 1260/1107
f 1261/1033 1262/1034 1263/1035
f 1264/1126 1265/1127 1266/1128
f 1267/1051 1268/1052 1269/1053
f 1270/1048 1271/1049 1272/1050
f 1273/1084 1274/1085 1275/1086
f 1276/1087 1277/1088 1278/1089
f 1279/1240 1280/1241 1281/1242
f 1282/1237 1283/1238 1284/1239
f 1285/1288 1286/1289 1287/1290
f 1288/1285 1289/1286 1290/1287
f 1291/1303 1292/1304 1293/1305
f 1294/1306 1295/1307 1296/1308
f 1297/1255 1298/1256 1299/1257
f 1300/1258 1301/1259 1302/1260
f 1303/1300 1304/1301 1305/1302
f 1306/1297 1307/1298 1308/1299
f 1309/1267 1310/1268 1311/1269
f 1312/1270 1313/1271 1314/1272
f 1315/1234 1316/1235 1317/1236
f 1318/1231 1319/1232 1320/1233
f 1321/1264 1322/1265 1323/1266
f 1324/1261 1325/1262 1326/1263
f 1327/1252 1328/1253 1329/1254
f 1330/1249 1331/1250 1332/1251
f 1333/1279 1334/1280 1335/1281
f 1336/1282 1337/1283 1338/1284
f 1339/1276 1340/1277 1341/1278
f 1342/1273 1343/1274 1344/1275
f 1345/1243 1346/1244 1347/1245
f 1348/1246 1349/1247 1350/1248
f 1351/1312 1352/1313 1353/1314
f 1354/1309 1355/1310 1356/1311
f 1357/1225 1358/1226 1359/1227
f 1360/1228 1361/1229 1362/1230
f 1363/1291 1364/1292 1365/1293
f 1366/1294 1367/1295 1368/1296
f 1369/1171 1370/1172 1371/1173
f 1372/1168 1373/1169 1374/1170
f 1375/1165 1376/1166 1377/1167
f 1378/1162 1379/1163 1380/1164
f 1381/1159 1382/1160 1383/1161
f 1384/1156 1385/1157 1386/1158
f 1387/1147 1388/1148 1389/1149
f 1390/1144 1391/1145 1392/1146
f 1393/1141 1394/1142 1395/1143
f 1396/1138 1397/1139 1398/1140
f 1399/1135 1400/1136 1401/1137
f 1402/1132 1403/1133 1404/1134
f 1405/1315 1406/1316 1407/1317
f 1408/1318 1409/1319 1410/1320
f 1411/1153 1412/1154 1413/1155
f 1414/1150 1415/1151 1416/1152
f 1417/1129 1418/1130 1419/1131
f 1420/1222 1421/1223 1422/1224
f 1423/1204 1424/1205 1425/1206
f 1426/1207 1427/1208 1428/1209
f 1429/1198 1430/1199 1431/1200
f 1432/1201 1433/1202 1434/1203
f 1435/1192 1436/1193 1437/1194
f 1438/1195 1439/1196 1440/1197
f 1441/1186 1442/1187 1443/1188
f 1444/1189 1445/1190 1446/1191
f 1447/1210 1448/1211 1449/1212
f 1450/1213 1451/1214 1452/1215
f 1453/1327 1454/1328 1455/1329
f 1456/1321 1457/1322 1458/1323
f 1459/778 1460/779 1461/780
f 1462/775 1463/776 1464/777
f 1465/907 1466/908 1467/909
f 1468/904 1469/905 1470/906
f 1471/1006 1472/1007 1473/1008
f 1474/1003 1475/1004 1476/1005
f 1477/859 1478/860 1479/861
f 1480/862 1481/863 1482/864
f 1483/1417 1484/1418 1485/1419
f 1486/1420 1487/1421 1488/1422
f 1489/1405 1490/1406 1491/1407
f 1492/1408 1493/1409 1494/1410
f 1495/868 1496/869 1497/870
f 1498/865 1499/866 1500/867
f 1501/997 1502/998 1503/999
f 1504/1000 1505/1001 1506/1002
f 1507/1330 1508/1331 1509/1332
f 1510/1324 1511/1325 1512/1326
f 1513/769 1514/770 1515/771
f 1516/772 1517/773 1518/774
f 1519/901 1520/902 1521/903
f 1522/910 1523/911 1524/912
f 1525/1012 1526/1013 1527/1014
f 1528/1009 1529/1010 1530/1011
f 1531/880 1532/881 1533/882
f 1534/877 1535/878 1536/879
f 1537/1426 1538/1427 1539/1428
f 1540/1423 1541/1424 1542/1425
f 1543/1411 1544/1412 1545/1413
f 1546/1414 1547/1415 1548/1416
f 1549/856 1550/857 1551/858
f 1552/853 1553/854 1554/855
f 1555/1015 1556/1016 1557/1017
f 1558/1018 1559/1019 1560/1020
f 1561/1363 1562/1364 1563/1365
f 1564/1366 1565/1367 1566/1368
f 1567/1354 1568/1355 1569/1356
f 1570/1351 1571/1352 1572/1353
f 1573/796 1574/797 1575/798
f 1576/793 1577/794 1578/795
f 1579/781 1580/782 1581/783
f 1582/814 1583/815 1584/816
f 1585/979 1586/980 1587/981
f 1588/982 1589/983 1590/984
f 1591/922 1592/923 1593/924
f 1594/943 1595/944 1596/945
f 1597/1021 1598/1022 1599/1023
f 1600/1024 1601/1025 1602/1026
f 1603/946 1604/947 1605/948
f 1606/949 1607/950 1608/951
f 1609/913 1610/914 1611/915
f 1612/916 1613/917 1614/918
f 1615/874 1616/875 1617/876
f 1618/871 1619/872 1620/873
f 1621/898 1622/899 1623/900
f 1624/895 1625/896 1626/897
f 1627/889 1628/890 1629/891
f 1630/892 1631/893 1632/894
f 1633/1438 1634/1439 1635/1440
f 1636/1435 1637/1436 1638/1437
f 1639/1444 1640/1445 1641/1446
f 1642/1441 1643/1442 1644/1443
f 1645/1450 1646/1451 1647/1452
f 1648/1447 1649/1448 1650/1449
f 1651/1432 1652/1433 1653/1434
f 1654/1429 1655/1430 1656/1431
f 1657/1372 1658/1373 1659/1374
f 1660/1375 1661/1376 1662/1377
f 1663/1345 1664/1346 1665/1347
f 1666/1348 1667/1349 1668/1350
f 1669/886 1670/887 1671/888
f 1672/883 1673/884 1674/885
f 1675/805 1676/806 1677/807
f 1678/799 1679/800 1680/801
f 1681/826 1682/827 1683/828
f 1684/823 1685/824 1686/825
f 1687/1030 1688/1031 1689/1032
f 1690/1027 1691/1028 1692/1029
f 1693/991 1694/992 1695/993
f 1696/994 1697/995 1698/996
f 1699/937 1700/938 1701/939
f 1702/940 1703/941 1704/942
f 1705/2464 1706/2465 1707/2466
f 1708/2467 1709/2468 1710/2469
f 1711/2311 1712/2312 1713/2313
f 1714/2308 1715/2309 1716/2310
f 1717/2284 1718/2285 1719/2286
f 1720/2287 1721/2288 1722/2289
f 1723/2293 1724/2294 1725/2295
f 1726/2392 1727/2393 1728/2394
f 1729/2395 1730/2396 1731/2397
f 1732/2317 1733/2318 1734/2319
f 1735/2314 1736/2315 1737/2316
f 1738/2344 1739/2345 1740/2346
f 1741/2347 1742/2348 1743/2349
f 1744/2374 1745/2375 1746/2376
f 1747/2371 1748/2372 1749/2373
f 1750/2446 1751/2447 1752/2448
f 1753/2449 1754/2450 1755/2451
f 1756/2470 1757/2471 1758/2472
f 1759/2443 1760/2444 1761/2445
f 1762/2440 1763/2441 1764/2442
f 1765/2329 1766/2330 1767/2331
f 1768/2326 1769/2327 1770/2328
f 1771/2452 1772/2453 1773/2454
f 1774/2455 1775/2456 1776/2457
f 1777/2380 1778/2381 1779/2382
f 1780/2377 1781/2378 1782/2379
f 1783/2365 1784/2366 1785/2367
f 1786/2368 1787/2369 1788/2370
f 1789/2461 1790/2462 1791/2463
f 1792/2458 1793/2459 1794/2460
f 1795/2275 1796/2276 1797/2277
f 1798/2269 1799/2270 1800/2271
f 1801/2272 1802/2273 1803/2274
f 1804/2389 1805/2390 1806/2391
f 1807/2386 1808/2387 1809/2388
f 1810/2404 1811/2405 1812/2406
f 1813/2401 1814/2402 1815/2403
f 1816/2278 1817/2279 1818/2280
f 1819/2281 1820/2282 1821/2283
f 1822/2302 1823/2303 1824/2304
f 1825/2383 1826/2384 1827/2385
f 1828/2299 1829/2300 1830/2301
f 1831/2323 1832/2324 1833/2325
f 1834/2320 1835/2321 1836/2322
f 1837/2335 1838/2336 1839/2337
f 1840/2290 1841/2291 1842/2292
f 1843/2341 1844/2342 1845/2343
f 1846/2332 1847/2333 1848/2334
f 1849/2350 1850/2351 1851/2352
f 1852/2359 1853/2360 1854/2361
f 1855/2362 1856/2363 1857/2364
f 1858/2338 1859/2339 1860/2340
f 1861/2353 1862/2354 1863/2355
f 1864/2356 1865/2357 1866/2358
f 1867/2296 1868/2297 1869/2298
f 1870/2305 1871/2306 1872/2307
f 1873/2410 1874/2411 1875/2412
f 1876/2407 1877/2408 1878/2409
f 1879/2419 1880/2420 1881/2421
f 1882/2422 1883/2423 1884/2424
f 1885/2167 1886/2168 1887/2169
f 1888/2164 1889/2165 1890/2166
f 1891/2140 1892/2141 1893/2142
f 1894/2143 1895/2144 1896/2145
f 1897/2149 1898/2150 1899/2151
f 1900/2248 1901/2249 1902/2250
f 1903/2251 1904/2252 1905/2253
f 1906/2173 1907/2174 1908/2175
f 1909/2170 1910/2171 1911/2172
f 1912/2200 1913/2201 1914/2202
f 1915/2203 1916/2204 1917/2205
f 1918/2230 1919/2231 1920/2232
f 1921/2227 1922/2228 1923/2229
f 1924/2425 1925/2426 1926/2427
f 1927/2431 1928/2432 1929/2433
f 1930/2437 1931/2438 1932/2439
f 1933/2497 1934/2498 1935/2499
f 1936/2500 1937/2501 1938/2502
f 1939/2185 1940/2186 1941/2187
f 1942/2182 1943/2183 1944/2184
f 1945/2428 1946/2429 1947/2430
f 1948/2434 1949/2435 1950/2436
f 1951/2236 1952/2237 1953/2238
f 1954/2233 1955/2234 1956/2235
f 1957/2221 1958/2222 1959/2223
f 1960/2224 1961/2225 1962/2226
f 1963/2416 1964/2417 1965/2418
f 1966/2413 1967/2414 1968/2415
f 1969/2131 1970/2132 1971/2133
f 1972/2125 1973/2126 1974/2127
f 1975/2128 1976/2129 1977/2130
f 1978/2245 1979/2246 1980/2247
f 1981/2242 1982/2243 1983/2244
f 1984/2260 1985/2261 1986/2262
f 1987/2257 1988/2258 1989/2259
f 1990/2134 1991/2135 1992/2136
f 1993/2137 1994/2138 1995/2139
f 1996/2158 1997/2159 1998/2160
f 1999/2239 2000/2240 2001/2241
f 2002/2155 2003/2156 2004/2157
f 2005/2179 2006/2180 2007/2181
f 2008/2176 2009/2177 2010/2178
f 2011/2191 2012/2192 2013/2193
f 2014/2146 2015/2147 2016/2148
f 2017/2197 2018/2198 2019/2199
f 2020/2188 2021/2189 2022/2190
f 2023/2206 2024/2207 2025/2208
f 2026/2215 2027/2216 2028/2217
f 2029/2218 2030/2219 2031/2220
f 2032/2194 2033/2195 2034/2196
f 2035/2209 2036/2210 2037/2211
f 2038/2212 2039/2213 2040/2214
f 2041/2152 2042/2153 2043/2154
f 2044/2161 2045/2162 2046/2163
f 2047/2266 2048/2267 2049/2268
f 2050/2263 2051/2264 2052/2265
f 2053/2494 2054/2495 2055/2496
f 2056/2491 2057/2492 2058/2493
f 2059/2530 2060/2531 2061/2532
f 2062/2527 2063/2528 2064/2529
f 2065/2521 2066/2522 2067/2523
f 2068/2524 2069/2525 2070/2526
f 2071/2662 2072/2663 2073/2664
f 2074/2659 2075/2660 2076/2661
f 2077/2593 2078/2594 2079/2595
f 2080/2596 2081/2597 2082/2598
f 2083/2602 2084/2603 2085/2604
f 2086/2599 2087/2600 2088/2601
f 2089/2650 2090/2651 2091/2652
f 2092/2647 2093/2648 2094/2649
f 2095/2515 2096/2516 2097/2517
f 2098/2518 2099/2519 2100/2520
f 2101/2626 2102/2627 2103/2628
f 2104/2623 2105/2624 2106/2625
f 2107/2545 2108/2546 2109/2547
f 2110/2548 2111/2549 2112/2550
f 2113/2479 2114/2480 2115/2481
f 2116/2482 2117/2483 2118/2484
f 2119/2590 2120/2591 2121/2592
f 2122/2581 2123/2582 2124/2583
f 2125/2542 2126/2543 2127/2544
f 2128/2539 2129/2540 2130/2541
f 2131/2488 2132/2489 2133/2490
f 2134/2485 2135/2486 2136/2487
f 2137/2476 2138/2477 2139/2478
f 2140/2473 2141/2474 2142/2475
f 2143/2572 2144/2573 2145/2574
f 2146/2569 2147/2570 2148/2571
f 2149/2653 2150/2654 2151/2655
f 2152/2656 2153/2657 2154/2658
f 2155/2554 2156/2555 2157/2556
f 2158/2551 2159/2552 2160/2553
f 2161/2557 2162/2558 2163/2559
f 2164/2560 2165/2561 2166/2562
f 2167/2566 2168/2567 2169/2568
f 2170/2563 2171/2564 2172/2565
f 2173/2665 2174/2666 2175/2667
f 2176/2668 2177/2669 2178/2670
f 2179/2614 2180/2615 2181/2616
f 2182/2611 2183/2612 2184/2613
f 2185/2671 2186/2672 2187/2673
f 2188/2674 2189/2675 2190/2676
f 2191/2617 2192/2618 2193/2619
f 2194/2620 2195/2621 2196/2622
f 2197/2503 2198/2504 2199/2505
f 2200/2506 2201/2507 2202/2508
f 2203/2644 2204/2645 2205/2646
f 2206/2641 2207/2642 2208/2643
f 2209/2536 2210/2537 2211/2538
f 2212/2533 2213/2534 2214/2535
f 2215/2608 2216/2609 2217/2610
f 2218/2605 2219/2606 2220/2607
f 2221/2578 2222/2579 2223/2580
f 2224/2575 2225/2576 2226/2577
f 2227/2680 2228/2681 2229/2682
f 2230/2677 2231/2678 2232/2679
f 2233/2584 2234/2585 2235/2586
f 2236/2587 2237/2588 2238/2589
f 2239/2638 2240/2639 2241/2640
f 2242/2635 2243/2636 2244/2637
f 2245/2629 2246/2630 2247/2631
f 2248/2632 2249/2633 2250/2634
f 2251/2512 2252/2513 2253/2514
f 2254/2509 2255/2510 2256/2511
f 2257/2254 2258/2255 2259/2256
f 2260/2398 2261/2399 2262/2400
f 2263/3049 2264/3050 2265/3051
f 2266/3052 2267/3053 2268/3054
f 2269/2896 2270/2897 2271/2898
f 2272/2899 2273/2900 2274/2901
f 2275/3004 2276/3005 2277/3006
f 2278/3007 2279/3008 2280/3009
f 2281/3016 2282/3017 2283/3018
f 2284/3019 2285/3020 2286/3021
f 2287/2866 2288/2867 2289/2868
f 2290/2869 2291/2870 2292/2871
f 2293/2818 2294/2819 2295/2820
f 2296/2827 2297/2828 2298/2829
f 2299/2824 2300/2825 2301/2826
f 2302/3037 2303/3038 2304/3039
f 2305/3031 2306/3032 2307/3033
f 2308/2881 2309/2882 2310/2883
f 2311/2878 2312/2879 2313/2880
f 2314/3034 2315/3035 2316/3036
f 2317/3001 2318/3002 2319/3003
f 2320/2920 2321/2921 2322/2922
f 2323/2914 2324/2915 2325/2916
f 2326/3043 2327/3044 2328/3045
f 2329/3040 2330/3041 2331/3042
f 2332/2845 2333/2846 2334/2847
f 2335/2848 2336/2849 2337/2850
f 2338/2836 2339/2837 2340/2838
f 2341/2833 2342/2834 2343/2835
f 2344/3028 2345/3029 2346/3030
f 2347/3055 2348/3056 2349/3057
f 2350/3058 2351/3059 2352/3060
f 2353/2860 2354/2861 2355/2862
f 2356/2857 2357/2858 2358/2859
f 2359/2863 2360/2864 2361/2865
f 2362/3022 2363/3023 2364/3024
f 2365/3025 2366/3026 2367/3027
f 2368/2995 2369/2996 2370/2997
f 2371/2998 2372/2999 2373/3000
f 2374/2872 2375/2873 2376/2874
f 2377/2905 2378/2906 2379/2907
f 2380/2830 2381/2831 2382/2832
f 2383/2908 2384/2909 2385/2910
f 2386/2926 2387/2927 2388/2928
f 2389/2923 2390/2924 2391/2925
f 2392/2875 2393/2876 2394/2877
f 2395/2902 2396/2903 2397/2904
f 2398/2911 2399/2912 2400/2913
f 2401/2917 2402/2918 2403/2919
f 2404/2851 2405/2852 2406/2853
f 2407/2854 2408/2855 2409/2856
f 2410/2821 2411/2822 2412/2823
f 2413/2839 2414/2840 2415/2841
f 2416/2842 2417/2843 2418/2844
f 2419/3013 2420/3014 2421/3015
f 2422/3010 2423/3011 2424/3012
f 2425/2893 2426/2894 2427/2895
f 2428/2890 2429/2891 2430/2892
f 2431/3046 2432/3047 2433/3048
f 2434/2809 2435/2810 2436/2811
f 2437/2806 2438/2807 2439/2808
f 2440/2815 2441/2816 2442/2817
f 2443/2812 2444/2813 2445/2814
f 2446/2887 2447/2888 2448/2889
f 2449/2884 2450/2885 2451/2886
f 2452/2989 2453/2990 2454/2991
f 2455/2992 2456/2993 2457/2994
f 2458/2773 2459/2774 2460/2775
f 2461/2776 2462/2777 2463/2778
f 2464/2938 2465/2939 2466/2940
f 2467/2941 2468/2942 2469/2943
f 2470/2950 2471/2951 2472/2952
f 2473/2953 2474/2954 2475/2955
f 2476/2743 2477/2744 2478/2745
f 2479/2746 2480/2747 2481/2748
f 2482/2695 2483/2696 2484/2697
f 2485/2704 2486/2705 2487/2706
f 2488/2701 2489/2702 2490/2703
f 2491/2977 2492/2978 2493/2979
f 2494/2971 2495/2972 2496/2973
f 2497/2758 2498/2759 2499/2760
f 2500/2755 2501/2756 2502/2757
f 2503/2974 2504/2975 2505/2976
f 2506/2935 2507/2936 2508/2937
f 2509/2797 2510/2798 2511/2799
f 2512/2791 2513/2792 2514/2793
f 2515/2983 2516/2984 2517/2985
f 2518/2980 2519/2981 2520/2982
f 2521/2722 2522/2723 2523/2724
f 2524/2725 2525/2726 2526/2727
f 2527/2713 2528/2714 2529/2715
f 2530/2710 2531/2711 2532/2712
f 2533/2968 2534/2969 2535/2970
f 2536/2962 2537/2963 2538/2964
f 2539/2965 2540/2966 2541/2967
f 2542/2740 2543/2741 2544/2742
f 2545/2734 2546/2735 2547/2736
f 2548/2737 2549/2738 2550/2739
f 2551/2956 2552/2957 2553/2958
f 2554/2959 2555/2960 2556/2961
f 2557/2929 2558/2930 2559/2931
f 2560/2932 2561/2933 2562/2934
f 2563/2749 2564/2750 2565/2751
f 2566/2782 2567/2783 2568/2784
f 2569/2707 2570/2708 2571/2709
f 2572/2785 2573/2786 2574/2787
f 2575/2803 2576/2804 2577/2805
f 2578/2800 2579/2801 2580/2802
f 2581/2752 2582/2753 2583/2754
f 2584/2779 2585/2780 2586/2781
f 2587/2788 2588/2789 2589/2790
f 2590/2794 2591/2795 2592/2796
f 2593/2728 2594/2729 2595/2730
f 2596/2731 2597/2732 2598/2733
f 2599/2698 2600/2699 2601/2700
f 2602/2716 2603/2717 2604/2718
f 2605/2719 2606/2720 2607/2721
f 2608/2947 2609/2948 2610/2949
f 2611/2944 2612/2945 2613/2946
f 2614/2770 2615/2771 2616/2772
f 2617/2767 2618/2768 2619/2769
f 2620/2986 2621/2987 2622/2988
f 2623/2686 2624/2687 2625/2688
f 2626/2683 2627/2684 2628/2685
f 2629/2692 2630/2693 2631/2694
f 2632/2689 2633/2690 2634/2691
f 2635/2764 2636/2765 2637/2766
f 2638/2761 2639/2762 2640/2763
f 2641/3130 2642/3131 2643/3132
f 2644/3127 2645/3128 2646/3129
f 2647/3148 2648/3149 2649/3150
f 2650/3145 2651/3146 2652/3147
f 2653/3136 2654/3137 2655/3138
f 2656/3139 2657/3140 2658/3141
f 2659/3235 2660/3236 2661/3237
f 2662/3238 2663/3239 2664/3240
f 2665/3100 2666/3101 2667/3102
f 2668/3097 2669/3098 2670/3099
f 2671/3079 2672/3080 2673/3081
f 2674/3082 2675/3083 2676/3084
f 2677/3073 2678/3074 2679/3075
f 2680/3076 2681/3077 2682/3078
f 2683/3106 2684/3107 2685/3108
f 2686/3103 2687/3104 2688/3105
f 2689/3121 2690/3122 2691/3123
f 2692/3124 2693/3125 2694/3126
f 2695/3223 2696/3224 2697/3225
f 2698/3226 2699/3227 2700/3228
f 2701/3157 2702/3158 2703/3159
f 2704/3154 2705/3155 2706/3156
f 2707/3184 2708/3185 2709/3186
f 2710/3181 2711/3182 2712/3183
f 2713/3091 2714/3092 2715/3093
f 2716/3094 2717/3095 2718/3096
f 2719/3151 2720/3152 2721/3153
f 2722/3160 2723/3161 2724/3162
f 2725/3196 2726/3197 2727/3198
f 2728/3193 2729/3194 2730/3195
f 2731/3244 2732/3245 2733/3246
f 2734/3241 2735/3242 2736/3243
f 2737/3064 2738/3065 2739/3066
f 2740/3061 2741/3062 2742/3063
f 2743/3172 2744/3173 2745/3174
f 2746/3169 2747/3170 2748/3171
f 2749/3142 2750/3143 2751/3144
f 2752/3133 2753/3134 2754/3135
f 2755/3253 2756/3254 2757/3255
f 2758/3256 2759/3257 2760/3258
f 2761/3250 2762/3251 2763/3252
f 2764/3247 2765/3248 2766/3249
f 2767/3205 2768/3206 2769/3207
f 2770/3214 2771/3215 2772/3216
f 2773/3211 2774/3212 2775/3213
f 2776/3208 2777/3209 2778/3210
f 2779/3163 2780/3164 2781/3165
f 2782/3166 2783/3167 2784/3168
f 2785/3220 2786/3221 2787/3222
f 2788/3217 2789/3218 2790/3219
f 2791/3187 2792/3188 2793/3189
f 2794/3190 2795/3191 2796/3192
f 2797/3085 2798/3086 2799/3087
f 2800/3088 2801/3089 2802/3090
f 2803/3067 2804/3068 2805/3069
f 2806/3070 2807/3071 2808/3072
f 2809/3115 2810/3116 2811/3117
f 2812/3118 2813/3119 2814/3120
f 2815/3112 2816/3113 2817/3114
f 2818/3109 2819/3110 2820/3111
f 2821/3175 2822/3176 2823/3177
f 2824/3178 2825/3179 2826/3180
f 2827/3232 2828/3233 2829/3234
f 2830/3229 2831/3230 2832/3231
f 2833/3199 2834/3200 2835/3201
f 2836/3202 2837/3203 2838/3204
f 2839/3547 2840/3548 2841/3549
f 2842/3550 2843/3551 2844/3552
f 2845/3484 2846/3485 2847/3486
f 2848/3481 2849/3482 2850/3483
f 2851/3382 2852/3383 2853/3384
f 2854/3385 2855/3386 2856/3387
f 2857/3379 2858/3380 2859/3381
f 2860/3376 2861/3377 2862/3378
f 2863/3415 2864/3416 2865/3417
f 2866/3412 2867/3413 2868/3414
f 2869/3307 2870/3308 2871/3309
f 2872/3304 2873/3305 2874/3306
f 2875/3310 2876/3311 2877/3312
f 2878/3313 2879/3314 2880/3315
f 2881/3367 2882/3368 2883/3369
f 2884/3529 2885/3530 2886/3531
f 2887/3526 2888/3527 2889/3528
f 2890/3541 2891/3542 2892/3543
f 2893/3544 2894/3545 2895/3546
f 2896/3316 2897/3317 2898/3318
f 2899/3319 2900/3320 2901/3321
f 2902/3322 2903/3323 2904/3324
f 2905/3325 2906/3326 2907/3327
f 2908/3538 2909/3539 2910/3540
f 2911/3388 2912/3389 2913/3390
f 2914/3391 2915/3392 2916/3393
f 2917/3406 2918/3407 2919/3408
f 2920/3409 2921/3410 2922/3411
f 2923/3373 2924/3374 2925/3375
f 2926/3370 2927/3371 2928/3372
f 2929/3361 2930/3362 2931/3363
f 2932/3364 2933/3365 2934/3366
f 2935/3478 2936/3479 2937/3480
f 2938/3493 2939/3494 2940/3495
f 2941/3514 2942/3515 2943/3516
f 2944/3517 2945/3518 2946/3519
f 2947/3523 2948/3524 2949/3525
f 2950/3520 2951/3521 2952/3522
f 2953/3475 2954/3476 2955/3477
f 2956/3511 2957/3512 2958/3513
f 2959/3490 2960/3491 2961/3492
f 2962/3487 2963/3488 2964/3489
f 2965/3535 2966/3536 2967/3537
f 2968/3532 2969/3533 2970/3534
f 2971/3496 2972/3497 2973/3498
f 2974/3502 2975/3503 2976/3504
f 2977/3505 2978/3506 2979/3507
f 2980/3508 2981/3509 2982/3510
f 2983/3499 2984/3500 2985/3501
f 2986/3292 2987/3293 2988/3294
f 2989/3301 2990/3302 2991/3303
f 2992/3427 2993/3428 2994/3429
f 2995/3424 2996/3425 2997/3426
f 2998/3352 2999/3353 3000/3354
f 3001/3349 3002/3350 3003/3351
f 3004/3358 3005/3359 3006/3360
f 3007/3355 3008/3356 3009/3357
f 3010/3403 3011/3404 3012/3405
f 3013/3400 3014/3401 3015/3402
f 3016/3268 3017/3269 3018/3270
f 3019/3265 3020/3266 3021/3267
f 3022/3262 3023/3263 3024/3264
f 3025/3259 3026/3260 3027/3261
f 3028/3334 3029/3335 3030/3336
f 3031/3472 3032/3473 3033/3474
f 3034/3469 3035/3470 3036/3471
f 3037/3295 3038/3296 3039/3297
f 3040/3298 3041/3299 3042/3300
f 3043/3271 3044/3272 3045/3273
f 3046/3274 3047/3275 3048/3276
f 3049/3277 3050/3278 3051/3279
f 3052/3280 3053/3281 3054/3282
f 3055/3289 3056/3290 3057/3291
f 3058/3346 3059/3347 3060/3348
f 3061/3337 3062/3338 3063/3339
f 3064/3394 3065/3395 3066/3396
f 3067/3397 3068/3398 3069/3399
f 3070/3343 3071/3344 3072/3345
f 3073/3340 3074/3341 3075/3342
f 3076/3328 3077/3329 3078/3330
f 3079/3331 3080/3332 3081/3333
f 3082/3421 3083/3422 3084/3423
f 3085/3436 3086/3437 3087/3438
f 3088/3457 3089/3458 3090/3459
f 3091/3460 3092/3461 3093/3462
f 3094/3466 3095/3467 3096/3468
f 3097/3463 3098/3464 3099/3465
f 3100/3418 3101/3419 3102/3420
f 3103/3454 3104/3455 3105/3456
f 3106/3433 3107/3434 3108/3435
f 3109/3430 3110/3431 3111/3432
f 3112/3283 3113/3284 3114/3285
f 3115/3286 3116/3287 3117/3288
f 3118/3439 3119/3440 3120/3441
f 3121/3445 3122/3446 3123/3447
f 3124/3448 3125/3449 3126/3450
f 3127/3451 3128/3452 3129/3453
f 3130/3442 3131/3443 3132/3444
f 3133/3556 3134/3557 3135/3558
f 3136/3553 3137/3554 3138/3555
f 3139/3709 3140/3710 3141/3711
f 3142/3712 3143/3713 3144/3714
f 3145/3562 3146/3563 3147/3564
f 3148/3559 3149/3560 3150/3561
f 3151/3673 3152/3674 3153/3675
f 3154/3676 3155/3677 3156/3678
f 3157/3733 3158/3734 3159/3735
f 3160/3736 3161/3737 3162/3738
f 3163/3568 3164/3569 3165/3570
f 3166/3565 3167/3566 3168/3567
f 3169/3571 3170/3572 3171/3573
f 3172/3574 3173/3575 3174/3576
f 3175/3613 3176/3614 3177/3615
f 3178/3616 3179/3617 3180/3618
f 3181/3610 3182/3611 3183/3612
f 3184/3607 3185/3608 3186/3609
f 3187/3658 3188/3659 3189/3660
f 3190/3655 3191/3656 3192/3657
f 3193/3625 3194/3626 3195/3627
f 3196/3628 3197/3629 3198/3630
f 3199/3583 3200/3584 3201/3585
f 3202/3586 3203/3587 3204/3588
f 3205/3688 3206/3689 3207/3690
f 3208/3685 3209/3686 3210/3687
f 3211/3730 3212/3731 3213/3732
f 3214/3727 3215/3728 3216/3729
f 3217/3601 3218/3602 3219/3603
f 3220/3604 3221/3605 3222/3606
f 3223/3622 3224/3623 3225/3624
f 3226/3619 3227/3620 3228/3621
f 3229/3757 3230/3758 3231/3759
f 3232/3760 3233/3761 3234/3762
f 3235/3580 3236/3581 3237/3582
f 3238/3577 3239/3578 3240/3579
f 3241/3694 3242/3695 3243/3696
f 3244/3691 3245/3692 3246/3693
f 3247/3718 3248/3719 3249/3720
f 3250/3715 3251/3716 3252/3717
f 3253/3652 3254/3653 3255/3654
f 3256/3649 3257/3650 3258/3651
f 3259/3634 3260/3635 3261/3636
f 3262/3631 3263/3632 3264/3633
f 3265/3748 3266/3749 3267/3750
f 3268/3739 3269/3740 3270/3741
f 3271/3742 3272/3743 3273/3744
f 3274/3745 3275/3746 3276/3747
f 3277/3670 3278/3671 3279/3672
f 3280/3667 3281/3668 3282/3669
f 3283/3592 3284/3593 3285/3594
f 3286/3589 3287/3590 3288/3591
f 3289/3598 3290/3599 3291/3600
f 3292/3595 3293/3596 3294/3597
f 3295/3721 3296/3722 3297/3723
f 3298/3724 3299/3725 3300/3726
f 3301/3640 3302/3641 3303/3642
f 3304/3637 3305/3638 3306/3639
f 3307/3751 3308/3752 3309/3753
f 3310/3754 3311/3755 3312/3756
f 3313/3661 3314/3662 3315/3663
f 3316/3664 3317/3665 3318/3666
f 3319/3679 3320/3680 3321/3681
f 3322/3682 3323/3683 3324/3684
f 3325/3646 3326/3647 3327/3648
f 3328/3643 3329/3644 3330/3645
f 3331/3703 3332/3704 3333/3705
f 3334/3706 3335/3707 3336/3708
f 3337/3697 3338/3698 3339/3699
f 3340/3700 3341/3701 3342/3702
f 3343/400 3344/401 3345/402
f 3346/397 3347/398 3348/399
f 3349/544 3350/545 3351/546
f 3352/541 3353/542 3354/543
f 3355/406 3356/407 3357/408
f 3358/403 3359/404 3360/405
f 3361/529 3362/530 3363/531
f 3364/532 3365/533 3366/534
f 3367/412 3368/413 3369/414
f 3370/409 3371/410 3372/411
f 3373/523 3374/524 3375/525
f 3376/526 3377/527 3378/528
f 3379/415 3380/416 3381/417
f 3382/418 3383/419 3384/420
f 3385/508 3386/509 3387/510
f 3388/505 3389/506 3390/507
f 3391/421 3392/422 3393/423
f 3394/424 3395/425 3396/426
f 3397/502 3398/503 3399/504
f 3400/499 3401/500 3402/501
f 3403/427 3404/428 3405/429
f 3406/430 3407/431 3408/432
f 3409/496 3410/497 3411/498
f 3412/493 3413/494 3414/495
f 3415/436 3416/437 3417/438
f 3418/433 3419/434 3420/435
f 3421/487 3422/488 3423/489
f 3424/490 3425/491 3426/492
f 3427/442 3428/443 3429/444
f 3430/439 3431/440 3432/441
f 3433/484 3434/485 3435/486
f 3436/481 3437/482 3438/483
f 3439/448 3440/449 3441/450
f 3442/445 3443/446 3444/447
f 3445/514 3446/515 3447/516
f 3448/511 3449/512 3450/513
f 3451/460 3452/461 3453/462
f 3454/457 3455/458 3456/459
f 3457/520 3458/521 3459/522
f 3460/517 3461/518 3462/519
f 3463/475 3464/476 3465/477
f 3466/478 3467/479 3468/480
f 3469/538 3470/539 3471/540
f 3472/535 3473/536 3474/537
f 3475/469 3476/470 3477/471
f 3478/472 3479/473 3480/474
f 3481/550 3482/551 3483/552
f 3484/547 3485/548 3486/549
f 3487/463 3488/464 3489/465
f 3490/466 3491/467 3492/468
f 3493/562 3494/563 3495/564
f 3496/559 3497/560 3498/561
f 3499/454 3500/455 3501/456
f 3502/451 3503/452 3504/453
f 3505/568 3506/569 3507/570
f 3508/565 3509/566 3510/567
f 3511/391 3512/392 3513/393
f 3514/394 3515/395 3516/396
f 3517/574 3518/575 3519/576
f 3520/571 3521/572 3522/573
f 3523/385 3524/386 3525/387
f 3526/388 3527/389 3528/390
f 3529/553 3530/554 3531/555
f 3532/556 3533/557 3534/558
f 3535/340 3536/341 3537/342
f 3538/337 3539/338 3540/339
f 3541/664 3542/665 3543/666
f 3544/661 3545/662 3546/663
f 3547/700 3548/701 3549/702
f 3550/697 3551/698 3552/699
f 3553/604 3554/605 3555/606
f 3556/601 3557/602 3558/603
f 3559/691 3560/692 3561/693
f 3562/694 3563/695 3564/696
f 3565/580 3566/581 3567/582
f 3568/577 3569/578 3570/579
f 3571/679 3572/680 3573/681
f 3574/682 3575/683 3576/684
f 3577/583 3578/584 3579/585
f 3580/586 3581/587 3582/588
f 3583/673 3584/674 3585/675
f 3586/676 3587/677 3588/678
f 3589/589 3590/590 3591/591
f 3592/592 3593/593 3594/594
f 3595/685 3596/686 3597/687
f 3598/688 3599/689 3600/690
f 3601/598 3602/599 3603/600
f 3604/595 3605/596 3606/597
f 3607/763 3608/764 3609/765
f 3610/766 3611/767 3612/768
f 3613/607 3614/608 3615/609
f 3616/610 3617/611 3618/612
f 3619/760 3620/761 3621/762
f 3622/757 3623/758 3624/759
f 3625/613 3626/614 3627/615
f 3628/616 3629/617 3630/618
f 3631/754 3632/755 3633/756
f 3634/751 3635/752 3636/753
f 3637/622 3638/623 3639/624
f 3640/619 3641/620 3642/621
f 3643/748 3644/749 3645/750
f 3646/745 3647/746 3648/747
f 3649/625 3650/626 3651/627
f 3652/628 3653/629 3654/630
f 3655/739 3656/740 3657/741
f 3658/742 3659/743 3660/744
f 3661/631 3662/632 3663/633
f 3664/634 3665/635 3666/636
f 3667/736 3668/737 3669/738
f 3670/733 3671/734 3672/735
f 3673/640 3674/641 3675/642
f 3676/637 3677/638 3678/639
f 3679/730 3680/731 3681/732
f 3682/727 3683/728 3684/729
f 3685/643 3686/644 3687/645
f 3688/646 3689/647 3690/648
f 3691/721 3692/722 3693/723
f 3694/724 3695/725 3696/726
f 3697/649 3698/650 3699/651
f 3700/652 3701/653 3702/654
f 3703/718 3704/719 3705/720
f 3706/715 3707/716 3708/717
f 3709/655 3710/656 3711/657
f 3712/658 3713/659 3714/660
f 3715/712 3716/713 3717/714
f 3718/709 3719/710 3720/711
f 3721/667 3722/668 3723/669
f 3724/670 3725/671 3726/672
f 3727/706 3728/707 3729/708
f 3730/703 3731/704 3732/705
f 3733/64 3734/65 3735/66
f 3736/61 3737/62 3738/63
f 3739/985 3740/986 3741/987
f 3742/976 3743/977 3744/978
f 3745/931 3746/932 3747/933
f 3748/934 3749/935 3750/936
f 3751/958 3752/959 3753/960
f 3754/961 3755/962 3756/963
f 3757/970 3758/971 3759/972
f 3760/973 3761/974 3762/975