
mtllib textured.mtl
usemtl mesh

v -0.666660 0.747463 -0.827808
v -0.666660 0.747463 -0.817109
v -0.666660 0.774178 -0.824291
v -0.666660 0.747463 -0.817109
v -0.666660 0.771409 -0.813957
v -0.666660 0.774178 -0.824291
v -0.666660 0.774178 -0.824291
v -0.666660 0.771409 -0.813957
v -0.666660 0.799073 -0.813979
v -0.666660 0.771409 -0.813957
v -0.666660 0.793723 -0.804714
v -0.666660 0.799073 -0.813979
v -0.666660 0.799073 -0.813979
v -0.666660 0.793723 -0.804714
v -0.666660 0.820450 -0.797576
v -0.666660 0.793723 -0.804714
v -0.666660 0.812885 -0.790011
v -0.666660 0.820450 -0.797576
v -0.666660 0.820450 -0.797576
v -0.666660 0.812885 -0.790011
v -0.666660 0.836854 -0.776198
v -0.666660 0.812885 -0.790011
v -0.666660 0.827588 -0.770849
v -0.666660 0.836854 -0.776198
v -0.666660 0.836854 -0.776198
v -0.666660 0.827588 -0.770849
v -0.666660 0.847165 -0.751304
v -0.666660 0.827588 -0.770849
v -0.666660 0.836831 -0.748535
v -0.666660 0.847165 -0.751304
v -0.666660 0.847165 -0.751304
v -0.666660 0.836831 -0.748535
v -0.666660 0.850682 -0.724589
v -0.666660 0.836831 -0.748535
v -0.666660 0.839984 -0.724589
v -0.666660 0.850682 -0.724589
v -0.666660 0.644244 -0.724589
v -0.666660 0.654943 -0.724589
v -0.666660 0.647761 -0.751304
v -0.666660 0.654943 -0.724589
v -0.666660 0.658095 -0.748535
v -0.666660 0.647761 -0.751304
v -0.666660 0.647761 -0.751304
v -0.666660 0.658095 -0.748535
v -0.666660 0.658073 -0.776198
v -0.666660 0.658095 -0.748535
v -0.666660 0.667338 -0.770849
v -0.666660 0.658073 -0.776198
v -0.666660 0.658073 -0.776198
v -0.666660 0.667338 -0.770849
v -0.666660 0.674476 -0.797576
v -0.666660 0.667338 -0.770849
v -0.666660 0.682041 -0.790011
v -0.666660 0.674476 -0.797576
v -0.666660 0.674476 -0.797576
v -0.666660 0.682041 -0.790011
v -0.666660 0.695854 -0.813979
v -0.666660 0.682041 -0.790011
v -0.666660 0.701203 -0.804714
v -0.666660 0.695854 -0.813979
v -0.666660 0.695854 -0.813979
v -0.666660 0.701203 -0.804714
v -0.666660 0.720748 -0.824291
v -0.666660 0.701203 -0.804714
v -0.666660 0.723517 -0.813957
v -0.666660 0.720748 -0.824291
v -0.666660 0.720748 -0.824291
v -0.666660 0.723517 -0.813957
v -0.666660 0.747463 -0.827808
v -0.666660 0.723517 -0.813957
v -0.666660 0.747463 -0.817109
v -0.666660 0.747463 -0.827808
v -0.491712 0.747463 -0.827808
v -0.491712 0.747463 -0.817109
v -0.491712 0.720748 -0.824291
v -0.491712 0.747463 -0.817109
v -0.491712 0.723517 -0.813957
v -0.491712 0.720748 -0.824291
v -0.491712 0.720748 -0.824291
v -0.491712 0.723517 -0.813957
v -0.491712 0.695854 -0.813979
v -0.491712 0.723517 -0.813957
v -0.491712 0.701203 -0.804714
v -0.491712 0.695854 -0.813979
v -0.491712 0.695854 -0.813979
v -0.491712 0.701203 -0.804714
v -0.491712 0.674476 -0.797576
v -0.491712 0.701203 -0.804714
v -0.491712 0.682041 -0.790011
v -0.491712 0.674476 -0.797576
v -0.491712 0.674476 -0.797576
v -0.491712 0.682041 -0.790011
v -0.491712 0.658073 -0.776198
v -0.491712 0.682041 -0.790011
v -0.491712 0.667338 -0.770849
v -0.491712 0.658073 -0.776198
v -0.491712 0.658073 -0.776198
v -0.491712 0.667338 -0.770849
v -0.491712 0.647761 -0.751304
v -0.491712 0.667338 -0.770849
v -0.491712 0.658095 -0.748535
v -0.491712 0.647761 -0.751304
v -0.491712 0.647761 -0.751304
v -0.491712 0.658095 -0.748535
v -0.491712 0.644244 -0.724589
v -0.491712 0.658095 -0.748535
v -0.491712 0.654943 -0.724589
v -0.491712 0.644244 -0.724589
v -0.491712 0.850682 -0.724589
v -0.491712 0.839984 -0.724589
v -0.491712 0.847165 -0.751304
v -0.491712 0.839984 -0.724589
v -0.491712 0.836831 -0.748535
v -0.491712 0.847165 -0.751304
v -0.491712 0.847165 -0.751304
v -0.491712 0.836831 -0.748535
v -0.491712 0.836854 -0.776198
v -0.491712 0.836831 -0.748535
v -0.491712 0.827588 -0.770849
v -0.491712 0.836854 -0.776198
v -0.491712 0.836854 -0.776198
v -0.491712 0.827588 -0.770849
v -0.491712 0.820450 -0.797576
v -0.491712 0.827588 -0.770849
v -0.491712 0.812885 -0.790011
v -0.491712 0.820450 -0.797576
v -0.491712 0.820450 -0.797576
v -0.491712 0.812885 -0.790011
v -0.491712 0.799073 -0.813979
v -0.491712 0.812885 -0.790011
v -0.491712 0.793723 -0.804714
v -0.491712 0.799073 -0.813979
v -0.491712 0.799073 -0.813979
v -0.491712 0.793723 -0.804714
v -0.491712 0.774178 -0.824291
v -0.491712 0.793723 -0.804714
v -0.491712 0.771409 -0.813957
v -0.491712 0.774178 -0.824291
v -0.491712 0.774178 -0.824291
v -0.491712 0.771409 -0.813957
v -0.491712 0.747463 -0.827808
v -0.491712 0.771409 -0.813957
v -0.491712 0.747463 -0.817109
v -0.491712 0.747463 -0.827808
v -0.499585 0.776216 -0.831895
v -0.499585 0.747463 -0.835681
v -0.658787 0.776216 -0.831895
v -0.499585 0.747463 -0.835681
v -0.658787 0.747463 -0.835681
v -0.658787 0.776216 -0.831895
v -0.499585 0.803009 -0.820797
v -0.499585 0.776216 -0.831895
v -0.658787 0.803009 -0.820797
v -0.499585 0.776216 -0.831895
v -0.658787 0.776216 -0.831895
v -0.658787 0.803009 -0.820797
v -0.499585 0.826017 -0.803142
v -0.499585 0.803009 -0.820797
v -0.658787 0.826017 -0.803142
v -0.499585 0.803009 -0.820797
v -0.658787 0.803009 -0.820797
v -0.658787 0.826017 -0.803142
v -0.499585 0.843671 -0.780135
v -0.499585 0.826017 -0.803142
v -0.658787 0.843671 -0.780135
v -0.499585 0.826017 -0.803142
v -0.658787 0.826017 -0.803142
v -0.658787 0.843671 -0.780135
v -0.499585 0.854770 -0.753342
v -0.499585 0.843671 -0.780135
v -0.658787 0.854770 -0.753342
v -0.499585 0.843671 -0.780135
v -0.658787 0.843671 -0.780135
v -0.658787 0.854770 -0.753342
v -0.499585 0.858555 -0.724589
v -0.499585 0.854770 -0.753342
v -0.658787 0.858555 -0.724589
v -0.499585 0.854770 -0.753342
v -0.658787 0.854770 -0.753342
v -0.658787 0.858555 -0.724589
v -0.499585 0.640157 -0.753342
v -0.499585 0.636372 -0.724589
v -0.658787 0.640157 -0.753342
v -0.499585 0.636372 -0.724589
v -0.658787 0.636372 -0.724589
v -0.658787 0.640157 -0.753342
v -0.499585 0.651255 -0.780135
v -0.499585 0.640157 -0.753342
v -0.658787 0.651255 -0.780135
v -0.499585 0.640157 -0.753342
v -0.658787 0.640157 -0.753342
v -0.658787 0.651255 -0.780135
v -0.499585 0.668910 -0.803142
v -0.499585 0.651255 -0.780135
v -0.658787 0.668910 -0.803142
v -0.499585 0.651255 -0.780135
v -0.658787 0.651255 -0.780135
v -0.658787 0.668910 -0.803142
v -0.499585 0.691917 -0.820797
v -0.499585 0.668910 -0.803142
v -0.658787 0.691917 -0.820797
v -0.499585 0.668910 -0.803142
v -0.658787 0.668910 -0.803142
v -0.658787 0.691917 -0.820797
v -0.499585 0.718711 -0.831895
v -0.499585 0.691917 -0.820797
v -0.658787 0.718711 -0.831895
v -0.499585 0.691917 -0.820797
v -0.658787 0.691917 -0.820797
v -0.658787 0.718711 -0.831895
v -0.499585 0.747463 -0.835681
v -0.499585 0.718711 -0.831895
v -0.658787 0.747463 -0.835681
v -0.499585 0.718711 -0.831895
v -0.658787 0.718711 -0.831895
v -0.658787 0.747463 -0.835681
v -0.491712 0.747463 -0.827808
v -0.491712 0.720748 -0.824291
v -0.499585 0.747463 -0.835681
v -0.491712 0.720748 -0.824291
v -0.499585 0.718711 -0.831895
v -0.499585 0.747463 -0.835681
v -0.658787 0.747463 -0.835681
v -0.658787 0.718711 -0.831895
v -0.666660 0.747463 -0.827808
v -0.658787 0.718711 -0.831895
v -0.666660 0.720748 -0.824291
v -0.666660 0.747463 -0.827808
v -0.491712 0.720748 -0.824291
v -0.491712 0.695854 -0.813979
v -0.499585 0.718711 -0.831895
v -0.491712 0.695854 -0.813979
v -0.499585 0.691917 -0.820797
v -0.499585 0.718711 -0.831895
v -0.658787 0.718711 -0.831895
v -0.658787 0.691917 -0.820797
v -0.666660 0.720748 -0.824291
v -0.658787 0.691917 -0.820797
v -0.666660 0.695854 -0.813979
v -0.666660 0.720748 -0.824291
v -0.491712 0.695854 -0.813979
v -0.491712 0.674476 -0.797576
v -0.499585 0.691917 -0.820797
v -0.491712 0.674476 -0.797576
v -0.499585 0.668910 -0.803142
v -0.499585 0.691917 -0.820797
v -0.658787 0.691917 -0.820797
v -0.658787 0.668910 -0.803142
v -0.666660 0.695854 -0.813979
v -0.658787 0.668910 -0.803142
v -0.666660 0.674476 -0.797576
v -0.666660 0.695854 -0.813979
v -0.491712 0.674476 -0.797576
v -0.491712 0.658073 -0.776198
v -0.499585 0.668910 -0.803142
v -0.491712 0.658073 -0.776198
v -0.499585 0.651255 -0.780135
v -0.499585 0.668910 -0.803142
v -0.658787 0.668910 -0.803142
v -0.658787 0.651255 -0.780135
v -0.666660 0.674476 -0.797576
v -0.658787 0.651255 -0.780135
v -0.666660 0.658073 -0.776198
v -0.666660 0.674476 -0.797576
v -0.491712 0.658073 -0.776198
v -0.491712 0.647761 -0.751304
v -0.499585 0.651255 -0.780135
v -0.491712 0.647761 -0.751304
v -0.499585 0.640157 -0.753342
v -0.499585 0.651255 -0.780135
v -0.658787 0.651255 -0.780135
v -0.658787 0.640157 -0.753342
v -0.666660 0.658073 -0.776198
v -0.658787 0.640157 -0.753342
v -0.666660 0.647761 -0.751304
v -0.666660 0.658073 -0.776198
v -0.491712 0.647761 -0.751304
v -0.491712 0.644244 -0.724589
v -0.499585 0.640157 -0.753342
v -0.491712 0.644244 -0.724589
v -0.499585 0.636372 -0.724589
v -0.499585 0.640157 -0.753342
v -0.658787 0.640157 -0.753342
v -0.658787 0.636372 -0.724589
v -0.666660 0.647761 -0.751304
v -0.658787 0.636372 -0.724589
v -0.666660 0.644244 -0.724589
v -0.666660 0.647761 -0.751304
v -0.491712 0.850682 -0.724589
v -0.491712 0.847165 -0.751304
v -0.499585 0.858555 -0.724589
v -0.491712 0.847165 -0.751304
v -0.499585 0.854770 -0.753342
v -0.499585 0.858555 -0.724589
v -0.658787 0.858555 -0.724589
v -0.658787 0.854770 -0.753342
v -0.666660 0.850682 -0.724589
v -0.658787 0.854770 -0.753342
v -0.666660 0.847165 -0.751304
v -0.666660 0.850682 -0.724589
v -0.491712 0.847165 -0.751304
v -0.491712 0.836854 -0.776198
v -0.499585 0.854770 -0.753342
v -0.491712 0.836854 -0.776198
v -0.499585 0.843671 -0.780135
v -0.499585 0.854770 -0.753342
v -0.658787 0.854770 -0.753342
v -0.658787 0.843671 -0.780135
v -0.666660 0.847165 -0.751304
v -0.658787 0.843671 -0.780135
v -0.666660 0.836854 -0.776198
v -0.666660 0.847165 -0.751304
v -0.491712 0.836854 -0.776198
v -0.491712 0.820450 -0.797576
v -0.499585 0.843671 -0.780135
v -0.491712 0.820450 -0.797576
v -0.499585 0.826017 -0.803142
v -0.499585 0.843671 -0.780135
v -0.658787 0.843671 -0.780135
v -0.658787 0.826017 -0.803142
v -0.666660 0.836854 -0.776198
v -0.658787 0.826017 -0.803142
v -0.666660 0.820450 -0.797576
v -0.666660 0.836854 -0.776198
v -0.491712 0.820450 -0.797576
v -0.491712 0.799073 -0.813979
v -0.499585 0.826017 -0.803142
v -0.491712 0.799073 -0.813979
v -0.499585 0.803009 -0.820797
v -0.499585 0.826017 -0.803142
v -0.658787 0.826017 -0.803142
v -0.658787 0.803009 -0.820797
v -0.666660 0.820450 -0.797576
v -0.658787 0.803009 -0.820797
v -0.666660 0.799073 -0.813979
v -0.666660 0.820450 -0.797576
v -0.491712 0.799073 -0.813979
v -0.491712 0.774178 -0.824291
v -0.499585 0.803009 -0.820797
v -0.491712 0.774178 -0.824291
v -0.499585 0.776216 -0.831895
v -0.499585 0.803009 -0.820797
v -0.658787 0.803009 -0.820797
v -0.658787 0.776216 -0.831895
v -0.666660 0.799073 -0.813979
v -0.658787 0.776216 -0.831895
v -0.666660 0.774178 -0.824291
v -0.666660 0.799073 -0.813979
v -0.491712 0.774178 -0.824291
v -0.491712 0.747463 -0.827808
v -0.499585 0.776216 -0.831895
v -0.491712 0.747463 -0.827808
v -0.499585 0.747463 -0.835681
v -0.499585 0.776216 -0.831895
v -0.658787 0.776216 -0.831895
v -0.658787 0.747463 -0.835681
v -0.666660 0.774178 -0.824291
v -0.658787 0.747463 -0.835681
v -0.666660 0.747463 -0.827808
v -0.666660 0.774178 -0.824291
v -0.499585 0.769372 -0.806352
v -0.499585 0.747463 -0.809237
v -0.491712 0.771409 -0.813957
v -0.499585 0.747463 -0.809237
v -0.491712 0.747463 -0.817109
v -0.491712 0.771409 -0.813957
v -0.499585 0.789787 -0.797896
v -0.499585 0.769372 -0.806352
v -0.491712 0.793723 -0.804714
v -0.499585 0.769372 -0.806352
v -0.491712 0.771409 -0.813957
v -0.491712 0.793723 -0.804714
v -0.499585 0.807318 -0.784444
v -0.499585 0.789787 -0.797896
v -0.491712 0.812885 -0.790011
v -0.499585 0.789787 -0.797896
v -0.491712 0.793723 -0.804714
v -0.491712 0.812885 -0.790011
v -0.499585 0.820770 -0.766913
v -0.499585 0.807318 -0.784444
v -0.491712 0.827588 -0.770849
v -0.499585 0.807318 -0.784444
v -0.491712 0.812885 -0.790011
v -0.491712 0.827588 -0.770849
v -0.499585 0.829227 -0.746497
v -0.499585 0.820770 -0.766913
v -0.491712 0.836831 -0.748535
v -0.499585 0.820770 -0.766913
v -0.491712 0.827588 -0.770849
v -0.491712 0.836831 -0.748535
v -0.499585 0.832111 -0.724589
v -0.499585 0.829227 -0.746497
v -0.491712 0.839984 -0.724589
v -0.499585 0.829227 -0.746497
v -0.491712 0.836831 -0.748535
v -0.491712 0.839984 -0.724589
v -0.499585 0.665700 -0.746497
v -0.499585 0.662815 -0.724589
v -0.491712 0.658095 -0.748535
v -0.499585 0.662815 -0.724589
v -0.491712 0.654943 -0.724589
v -0.491712 0.658095 -0.748535
v -0.499585 0.674156 -0.766913
v -0.499585 0.665700 -0.746497
v -0.491712 0.667338 -0.770849
v -0.499585 0.665700 -0.746497
v -0.491712 0.658095 -0.748535
v -0.491712 0.667338 -0.770849
v -0.499585 0.687608 -0.784444
v -0.499585 0.674156 -0.766913
v -0.491712 0.682041 -0.790011
v -0.499585 0.674156 -0.766913
v -0.491712 0.667338 -0.770849
v -0.491712 0.682041 -0.790011
v -0.499585 0.705139 -0.797896
v -0.499585 0.687608 -0.784444
v -0.491712 0.701203 -0.804714
v -0.499585 0.687608 -0.784444
v -0.491712 0.682041 -0.790011
v -0.491712 0.701203 -0.804714
v -0.499585 0.725555 -0.806352
v -0.499585 0.705139 -0.797896
v -0.491712 0.723517 -0.813957
v -0.499585 0.705139 -0.797896
v -0.491712 0.701203 -0.804714
v -0.491712 0.723517 -0.813957
v -0.499585 0.747463 -0.809237
v -0.499585 0.725555 -0.806352
v -0.491712 0.747463 -0.817109
v -0.499585 0.725555 -0.806352
v -0.491712 0.723517 -0.813957
v -0.491712 0.747463 -0.817109
v -0.658787 0.725555 -0.806352
v -0.658787 0.747463 -0.809237
v -0.666660 0.723517 -0.813957
v -0.658787 0.747463 -0.809237
v -0.666660 0.747463 -0.817109
v -0.666660 0.723517 -0.813957
v -0.658787 0.705139 -0.797896
v -0.658787 0.725555 -0.806352
v -0.666660 0.701203 -0.804714
v -0.658787 0.725555 -0.806352
v -0.666660 0.723517 -0.813957
v -0.666660 0.701203 -0.804714
v -0.658787 0.687608 -0.784444
v -0.658787 0.705139 -0.797896
v -0.666660 0.682041 -0.790011
v -0.658787 0.705139 -0.797896
v -0.666660 0.701203 -0.804714
v -0.666660 0.682041 -0.790011
v -0.658787 0.674156 -0.766913
v -0.658787 0.687608 -0.784444
v -0.666660 0.667338 -0.770849
v -0.658787 0.687608 -0.784444
v -0.666660 0.682041 -0.790011
v -0.666660 0.667338 -0.770849
v -0.658787 0.665700 -0.746497
v -0.658787 0.674156 -0.766913
v -0.666660 0.658095 -0.748535
v -0.658787 0.674156 -0.766913
v -0.666660 0.667338 -0.770849
v -0.666660 0.658095 -0.748535
v -0.658787 0.662815 -0.724589
v -0.658787 0.665700 -0.746497
v -0.666660 0.654943 -0.724589
v -0.658787 0.665700 -0.746497
v -0.666660 0.658095 -0.748535
v -0.666660 0.654943 -0.724589
v -0.658787 0.829227 -0.746497
v -0.658787 0.832111 -0.724589
v -0.666660 0.836831 -0.748535
v -0.658787 0.832111 -0.724589
v -0.666660 0.839984 -0.724589
v -0.666660 0.836831 -0.748535
v -0.658787 0.820770 -0.766913
v -0.658787 0.829227 -0.746497
v -0.666660 0.827588 -0.770849
v -0.658787 0.829227 -0.746497
v -0.666660 0.836831 -0.748535
v -0.666660 0.827588 -0.770849
v -0.658787 0.807318 -0.784444
v -0.658787 0.820770 -0.766913
v -0.666660 0.812885 -0.790011
v -0.658787 0.820770 -0.766913
v -0.666660 0.827588 -0.770849
v -0.666660 0.812885 -0.790011
v -0.658787 0.789787 -0.797896
v -0.658787 0.807318 -0.784444
v -0.666660 0.793723 -0.804714
v -0.658787 0.807318 -0.784444
v -0.666660 0.812885 -0.790011
v -0.666660 0.793723 -0.804714
v -0.658787 0.769372 -0.806352
v -0.658787 0.789787 -0.797896
v -0.666660 0.771409 -0.813957
v -0.658787 0.789787 -0.797896
v -0.666660 0.793723 -0.804714
v -0.666660 0.771409 -0.813957
v -0.658787 0.747463 -0.809237
v -0.658787 0.769372 -0.806352
v -0.666660 0.747463 -0.817109
v -0.658787 0.769372 -0.806352
v -0.666660 0.771409 -0.813957
v -0.666660 0.747463 -0.817109
v -0.675822 -0.879549 0.403737
v -0.675822 -0.871669 0.402700
v -0.675822 -0.887428 0.402700
v -0.675822 -0.871669 0.402700
v -0.675822 -0.864327 0.399658
v -0.675822 -0.887428 0.402700
v -0.675822 -0.864327 0.399658
v -0.675822 -0.858022 0.394821
v -0.675822 -0.887428 0.402700
v -0.675822 -0.858022 0.394821
v -0.675822 -0.853184 0.388516
v -0.675822 -0.887428 0.402700
v -0.675822 -0.853184 0.388516
v -0.675822 -0.850143 0.381173
v -0.675822 -0.887428 0.402700
v -0.675822 -0.850143 0.381173
v -0.675822 -0.849106 0.373294
v -0.675822 -0.887428 0.402700
v -0.675822 -0.849106 0.373294
v -0.675822 -0.850143 0.365415
v -0.675822 -0.887428 0.402700
v -0.675822 -0.850143 0.365415
v -0.675822 -0.853184 0.358073
v -0.675822 -0.887428 0.402700
v -0.675822 -0.853184 0.358073
v -0.675822 -0.858022 0.351768
v -0.675822 -0.887428 0.402700
v -0.675822 -0.858022 0.351768
v -0.675822 -0.864327 0.346930
v -0.675822 -0.887428 0.402700
v -0.675822 -0.864327 0.346930
v -0.675822 -0.871669 0.343889
v -0.675822 -0.887428 0.402700
v -0.675822 -0.871669 0.343889
v -0.675822 -0.879549 0.342851
v -0.675822 -0.887428 0.402700
v -0.675822 -0.879549 0.342851
v -0.675822 -0.887428 0.343889
v -0.675822 -0.887428 0.402700
v -0.675822 -0.887428 0.343889
v -0.675822 -0.894770 0.346930
v -0.675822 -0.887428 0.402700
v -0.675822 -0.894770 0.346930
v -0.675822 -0.901075 0.351768
v -0.675822 -0.887428 0.402700
v -0.675822 -0.901075 0.351768
v -0.675822 -0.905913 0.358073
v -0.675822 -0.887428 0.402700
v -0.675822 -0.905913 0.358073
v -0.675822 -0.908954 0.365415
v -0.675822 -0.887428 0.402700
v -0.675822 -0.908954 0.365415
v -0.675822 -0.909991 0.373294
v -0.675822 -0.887428 0.402700
v -0.675822 -0.909991 0.373294
v -0.675822 -0.908954 0.381173
v -0.675822 -0.887428 0.402700
v -0.675822 -0.908954 0.381173
v -0.675822 -0.905913 0.388516
v -0.675822 -0.887428 0.402700
v -0.675822 -0.905913 0.388516
v -0.675822 -0.901075 0.394821
v -0.675822 -0.887428 0.402700
v -0.675822 -0.901075 0.394821
v -0.675822 -0.894770 0.399658
v -0.675822 -0.887428 0.402700
v -0.548810 -0.879549 0.403737
v -0.548810 -0.887428 0.402700
v -0.548810 -0.871669 0.402700
v -0.548810 -0.887428 0.402700
v -0.548810 -0.894770 0.399658
v -0.548810 -0.871669 0.402700
v -0.548810 -0.894770 0.399658
v -0.548810 -0.901075 0.394821
v -0.548810 -0.871669 0.402700
v -0.548810 -0.901075 0.394821
v -0.548810 -0.905913 0.388516
v -0.548810 -0.871669 0.402700
v -0.548810 -0.905913 0.388516
v -0.548810 -0.908954 0.381173
v -0.548810 -0.871669 0.402700
v -0.548810 -0.908954 0.381173
v -0.548810 -0.909991 0.373294
v -0.548810 -0.871669 0.402700
v -0.548810 -0.909991 0.373294
v -0.548810 -0.908954 0.365415
v -0.548810 -0.871669 0.402700
v -0.548810 -0.908954 0.365415
v -0.548810 -0.905913 0.358073
v -0.548810 -0.871669 0.402700
v -0.548810 -0.905913 0.358073
v -0.548810 -0.901075 0.351768
v -0.548810 -0.871669 0.402700
v -0.548810 -0.901075 0.351768
v -0.548810 -0.894770 0.346930
v -0.548810 -0.871669 0.402700
v -0.548810 -0.894770 0.346930
v -0.548810 -0.887428 0.343889
v -0.548810 -0.871669 0.402700
v -0.548810 -0.887428 0.343889
v -0.548810 -0.879549 0.342851
v -0.548810 -0.871669 0.402700
v -0.548810 -0.879549 0.342851
v -0.548810 -0.871669 0.343889
v -0.548810 -0.871669 0.402700
v -0.548810 -0.871669 0.343889
v -0.548810 -0.864327 0.346930
v -0.548810 -0.871669 0.402700
v -0.548810 -0.864327 0.346930
v -0.548810 -0.858022 0.351768
v -0.548810 -0.871669 0.402700
v -0.548810 -0.858022 0.351768
v -0.548810 -0.853184 0.358073
v -0.548810 -0.871669 0.402700
v -0.548810 -0.853184 0.358073
v -0.548810 -0.850143 0.365415
v -0.548810 -0.871669 0.402700
v -0.548810 -0.850143 0.365415
v -0.548810 -0.849106 0.373294
v -0.548810 -0.871669 0.402700
v -0.548810 -0.849106 0.373294
v -0.548810 -0.850143 0.381173
v -0.548810 -0.871669 0.402700
v -0.548810 -0.850143 0.381173
v -0.548810 -0.853184 0.388516
v -0.548810 -0.871669 0.402700
v -0.548810 -0.853184 0.388516
v -0.548810 -0.858022 0.394821
v -0.548810 -0.871669 0.402700
v -0.548810 -0.858022 0.394821
v -0.548810 -0.864327 0.399658
v -0.548810 -0.871669 0.402700
v -0.644682 -0.879549 0.403737
v -0.644682 -0.871669 0.402700
v -0.658327 -0.879549 0.403737
v -0.644682 -0.871669 0.402700
v -0.658327 -0.871669 0.402700
v -0.658327 -0.879549 0.403737
v -0.644682 -0.871669 0.402700
v -0.644682 -0.864327 0.399658
v -0.658327 -0.871669 0.402700
v -0.644682 -0.864327 0.399658
v -0.658327 -0.864327 0.399658
v -0.658327 -0.871669 0.402700
v -0.644682 -0.864327 0.399658
v -0.644682 -0.858022 0.394821
v -0.658327 -0.864327 0.399658
v -0.644682 -0.858022 0.394821
v -0.658327 -0.858022 0.394821
v -0.658327 -0.864327 0.399658
v -0.644682 -0.858022 0.394821
v -0.644682 -0.853184 0.388516
v -0.658327 -0.858022 0.394821
v -0.644682 -0.853184 0.388516
v -0.658327 -0.853184 0.388516
v -0.658327 -0.858022 0.394821
v -0.644682 -0.853184 0.388516
v -0.644682 -0.850143 0.381173
v -0.658327 -0.853184 0.388516
v -0.644682 -0.850143 0.381173
v -0.658327 -0.850143 0.381173
v -0.658327 -0.853184 0.388516
v -0.644682 -0.850143 0.381173
v -0.644682 -0.849106 0.373294
v -0.658327 -0.850143 0.381173
v -0.644682 -0.849106 0.373294
v -0.658327 -0.849106 0.373294
v -0.658327 -0.850143 0.381173
v -0.644682 -0.849106 0.373294
v -0.644682 -0.850143 0.365415
v -0.658327 -0.849106 0.373294
v -0.644682 -0.850143 0.365415
v -0.658327 -0.850143 0.365415
v -0.658327 -0.849106 0.373294
v -0.644682 -0.850143 0.365415
v -0.644682 -0.853184 0.358073
v -0.658327 -0.850143 0.365415
v -0.644682 -0.853184 0.358073
v -0.658327 -0.853184 0.358073
v -0.658327 -0.850143 0.365415
v -0.644682 -0.853184 0.358073
v -0.644682 -0.858022 0.351768
v -0.658327 -0.853184 0.358073
v -0.644682 -0.858022 0.351768
v -0.658327 -0.858022 0.351768
v -0.658327 -0.853184 0.358073
v -0.644682 -0.858022 0.351768
v -0.644682 -0.864327 0.346930
v -0.658327 -0.858022 0.351768
v -0.644682 -0.864327 0.346930
v -0.658327 -0.864327 0.346930
v -0.658327 -0.858022 0.351768
v -0.644682 -0.864327 0.346930
v -0.644682 -0.871669 0.343889
v -0.658327 -0.864327 0.346930
v -0.644682 -0.871669 0.343889
v -0.658327 -0.871669 0.343889
v -0.658327 -0.864327 0.346930
v -0.644682 -0.871669 0.343889
v -0.644682 -0.879549 0.342851
v -0.658327 -0.871669 0.343889
v -0.644682 -0.879549 0.342851
v -0.658327 -0.879549 0.342851
v -0.658327 -0.871669 0.343889
v -0.644682 -0.879549 0.342851
v -0.644682 -0.887428 0.343889
v -0.658327 -0.879549 0.342851
v -0.644682 -0.887428 0.343889
v -0.658327 -0.887428 0.343889
v -0.658327 -0.879549 0.342851
v -0.644682 -0.887428 0.343889
v -0.644682 -0.894770 0.346930
v -0.658327 -0.887428 0.343889
v -0.644682 -0.894770 0.346930
v -0.658327 -0.894770 0.346930
v -0.658327 -0.887428 0.343889
v -0.644682 -0.894770 0.346930
v -0.644682 -0.901075 0.351768
v -0.658327 -0.894770 0.346930
v -0.644682 -0.901075 0.351768
v -0.658327 -0.901075 0.351768
v -0.658327 -0.894770 0.346930
v -0.644682 -0.901075 0.351768
v -0.644682 -0.905913 0.358073
v -0.658327 -0.901075 0.351768
v -0.644682 -0.905913 0.358073
v -0.658327 -0.905913 0.358073
v -0.658327 -0.901075 0.351768
v -0.644682 -0.905913 0.358073
v -0.644682 -0.908954 0.365415
v -0.658327 -0.905913 0.358073
v -0.644682 -0.908954 0.365415
v -0.658327 -0.908954 0.365415
v -0.658327 -0.905913 0.358073
v -0.644682 -0.908954 0.365415
v -0.644682 -0.909991 0.373294
v -0.658327 -0.908954 0.365415
v -0.644682 -0.909991 0.373294
v -0.658327 -0.909991 0.373294
v -0.658327 -0.908954 0.365415
v -0.644682 -0.909991 0.373294
v -0.644682 -0.908954 0.381173
v -0.658327 -0.909991 0.373294
v -0.644682 -0.908954 0.381173
v -0.658327 -0.908954 0.381173
v -0.658327 -0.909991 0.373294
v -0.644682 -0.908954 0.381173
v -0.644682 -0.905913 0.388516
v -0.658327 -0.908954 0.381173
v -0.644682 -0.905913 0.388516
v -0.658327 -0.905913 0.388516
v -0.658327 -0.908954 0.381173
v -0.644682 -0.905913 0.388516
v -0.644682 -0.901075 0.394821
v -0.658327 -0.905913 0.388516
v -0.644682 -0.901075 0.394821
v -0.658327 -0.901075 0.394821
v -0.658327 -0.905913 0.388516
v -0.644682 -0.901075 0.394821
v -0.644682 -0.894770 0.399658
v -0.658327 -0.901075 0.394821
v -0.644682 -0.894770 0.399658
v -0.658327 -0.894770 0.399658
v -0.658327 -0.901075 0.394821
v -0.644682 -0.894770 0.399658
v -0.644682 -0.887428 0.402700
v -0.658327 -0.894770 0.399658
v -0.644682 -0.887428 0.402700
v -0.658327 -0.887428 0.402700
v -0.658327 -0.894770 0.399658
v -0.644682 -0.887428 0.402700
v -0.644682 -0.879549 0.403737
v -0.658327 -0.887428 0.402700
v -0.644682 -0.879549 0.403737
v -0.658327 -0.879549 0.403737
v -0.658327 -0.887428 0.402700
v -0.579951 -0.879549 0.403737
v -0.579951 -0.887428 0.402700
v -0.566305 -0.879549 0.403737
v -0.579951 -0.887428 0.402700
v -0.566305 -0.887428 0.402700
v -0.566305 -0.879549 0.403737
v -0.579951 -0.887428 0.402700
v -0.579951 -0.894770 0.399658
v -0.566305 -0.887428 0.402700
v -0.579951 -0.894770 0.399658
v -0.566305 -0.894770 0.399658
v -0.566305 -0.887428 0.402700
v -0.579951 -0.894770 0.399658
v -0.579951 -0.901075 0.394821
v -0.566305 -0.894770 0.399658
v -0.579951 -0.901075 0.394821
v -0.566305 -0.901075 0.394821
v -0.566305 -0.894770 0.399658
v -0.579951 -0.901075 0.394821
v -0.579951 -0.905913 0.388516
v -0.566305 -0.901075 0.394821
v -0.579951 -0.905913 0.388516
v -0.566305 -0.905913 0.388516
v -0.566305 -0.901075 0.394821
v -0.579951 -0.905913 0.388516
v -0.579951 -0.908954 0.381173
v -0.566305 -0.905913 0.388516
v -0.579951 -0.908954 0.381173
v -0.566305 -0.908954 0.381173
v -0.566305 -0.905913 0.388516
v -0.579951 -0.908954 0.381173
v -0.579951 -0.909991 0.373294
v -0.566305 -0.908954 0.381173
v -0.579951 -0.909991 0.373294
v -0.566305 -0.909991 0.373294
v -0.566305 -0.908954 0.381173
v -0.579951 -0.909991 0.373294
v -0.579951 -0.908954 0.365415
v -0.566305 -0.909991 0.373294
v -0.579951 -0.908954 0.365415
v -0.566305 -0.908954 0.365415
v -0.566305 -0.909991 0.373294
v -0.579951 -0.908954 0.365415
v -0.579951 -0.905913 0.358073
v -0.566305 -0.908954 0.365415
v -0.579951 -0.905913 0.358073
v -0.566305 -0.905913 0.358073
v -0.566305 -0.908954 0.365415
v -0.579951 -0.905913 0.358073
v -0.579951 -0.901075 0.351768
v -0.566305 -0.905913 0.358073
v -0.579951 -0.901075 0.351768
v -0.566305 -0.901075 0.351768
v -0.566305 -0.905913 0.358073
v -0.579951 -0.901075 0.351768
v -0.579951 -0.894770 0.346930
v -0.566305 -0.901075 0.351768
v -0.579951 -0.894770 0.346930
v -0.566305 -0.894770 0.346930
v -0.566305 -0.901075 0.351768
v -0.579951 -0.894770 0.346930
v -0.579951 -0.887428 0.343889
v -0.566305 -0.894770 0.346930
v -0.579951 -0.887428 0.343889
v -0.566305 -0.887428 0.343889
v -0.566305 -0.894770 0.346930
v -0.579951 -0.887428 0.343889
v -0.579951 -0.879549 0.342851
v -0.566305 -0.887428 0.343889
v -0.579951 -0.879549 0.342851
v -0.566305 -0.879549 0.342851
v -0.566305 -0.887428 0.343889
v -0.579951 -0.879549 0.342851
v -0.579951 -0.871669 0.343889
v -0.566305 -0.879549 0.342851
v -0.579951 -0.871669 0.343889
v -0.566305 -0.871669 0.343889
v -0.566305 -0.879549 0.342851
v -0.579951 -0.871669 0.343889
v -0.579951 -0.864327 0.346930
v -0.566305 -0.871669 0.343889
v -0.579951 -0.864327 0.346930
v -0.566305 -0.864327 0.346930
v -0.566305 -0.871669 0.343889
v -0.579951 -0.864327 0.346930
v -0.579951 -0.858022 0.351768
v -0.566305 -0.864327 0.346930
v -0.579951 -0.858022 0.351768
v -0.566305 -0.858022 0.351768
v -0.566305 -0.864327 0.346930
v -0.579951 -0.858022 0.351768
v -0.579951 -0.853184 0.358073
v -0.566305 -0.858022 0.351768
v -0.579951 -0.853184 0.358073
v -0.566305 -0.853184 0.358073
v -0.566305 -0.858022 0.351768
v -0.579951 -0.853184 0.358073
v -0.579951 -0.850143 0.365415
v -0.566305 -0.853184 0.358073
v -0.579951 -0.850143 0.365415
v -0.566305 -0.850143 0.365415
v -0.566305 -0.853184 0.358073
v -0.579951 -0.850143 0.365415
v -0.579951 -0.849106 0.373294
v -0.566305 -0.850143 0.365415
v -0.579951 -0.849106 0.373294
v -0.566305 -0.849106 0.373294
v -0.566305 -0.850143 0.365415
v -0.579951 -0.849106 0.373294
v -0.579951 -0.850143 0.381173
v -0.566305 -0.849106 0.373294
v -0.579951 -0.850143 0.381173
v -0.566305 -0.850143 0.381173
v -0.566305 -0.849106 0.373294
v -0.579951 -0.850143 0.381173
v -0.579951 -0.853184 0.388516
v -0.566305 -0.850143 0.381173
v -0.579951 -0.853184 0.388516
v -0.566305 -0.853184 0.388516
v -0.566305 -0.850143 0.381173
v -0.579951 -0.853184 0.388516
v -0.579951 -0.858022 0.394821
v -0.566305 -0.853184 0.388516
v -0.579951 -0.858022 0.394821
v -0.566305 -0.858022 0.394821
v -0.566305 -0.853184 0.388516
v -0.579951 -0.858022 0.394821
v -0.579951 -0.864327 0.399658
v -0.566305 -0.858022 0.394821
v -0.579951 -0.864327 0.399658
v -0.566305 -0.864327 0.399658
v -0.566305 -0.858022 0.394821
v -0.579951 -0.864327 0.399658
v -0.579951 -0.871669 0.402700
v -0.566305 -0.864327 0.399658
v -0.579951 -0.871669 0.402700
v -0.566305 -0.871669 0.402700
v -0.566305 -0.864327 0.399658
v -0.579951 -0.871669 0.402700
v -0.579951 -0.879549 0.403737
v -0.566305 -0.871669 0.402700
v -0.579951 -0.879549 0.403737
v -0.566305 -0.879549 0.403737
v -0.566305 -0.871669 0.402700
v -0.566305 -0.879549 0.403737
v -0.566305 -0.887428 0.402700
v -0.548810 -0.879549 0.403737
v -0.566305 -0.887428 0.402700
v -0.548810 -0.887428 0.402700
v -0.548810 -0.879549 0.403737
v -0.566305 -0.887428 0.402700
v -0.566305 -0.894770 0.399658
v -0.548810 -0.887428 0.402700
v -0.566305 -0.894770 0.399658
v -0.548810 -0.894770 0.399658
v -0.548810 -0.887428 0.402700
v -0.566305 -0.894770 0.399658
v -0.566305 -0.901075 0.394821
v -0.548810 -0.894770 0.399658
v -0.566305 -0.901075 0.394821
v -0.548810 -0.901075 0.394821
v -0.548810 -0.894770 0.399658
v -0.566305 -0.901075 0.394821
v -0.566305 -0.905913 0.388516
v -0.548810 -0.901075 0.394821
v -0.566305 -0.905913 0.388516
v -0.548810 -0.905913 0.388516
v -0.548810 -0.901075 0.394821
v -0.566305 -0.905913 0.388516
v -0.566305 -0.908954 0.381173
v -0.548810 -0.905913 0.388516
v -0.566305 -0.908954 0.381173
v -0.548810 -0.908954 0.381173
v -0.548810 -0.905913 0.388516
v -0.566305 -0.908954 0.381173
v -0.566305 -0.909991 0.373294
v -0.548810 -0.908954 0.381173
v -0.566305 -0.909991 0.373294
v -0.548810 -0.909991 0.373294
v -0.548810 -0.908954 0.381173
v -0.566305 -0.909991 0.373294
v -0.566305 -0.908954 0.365415
v -0.548810 -0.909991 0.373294
v -0.566305 -0.908954 0.365415
v -0.548810 -0.908954 0.365415
v -0.548810 -0.909991 0.373294
v -0.566305 -0.908954 0.365415
v -0.566305 -0.905913 0.358073
v -0.548810 -0.908954 0.365415
v -0.566305 -0.905913 0.358073
v -0.548810 -0.905913 0.358073
v -0.548810 -0.908954 0.365415
v -0.566305 -0.905913 0.358073
v -0.566305 -0.901075 0.351768
v -0.548810 -0.905913 0.358073
v -0.566305 -0.901075 0.351768
v -0.548810 -0.901075 0.351768
v -0.548810 -0.905913 0.358073
v -0.566305 -0.901075 0.351768
v -0.566305 -0.894770 0.346930
v -0.548810 -0.901075 0.351768
v -0.566305 -0.894770 0.346930
v -0.548810 -0.894770 0.346930
v -0.548810 -0.901075 0.351768
v -0.566305 -0.894770 0.346930
v -0.566305 -0.887428 0.343889
v -0.548810 -0.894770 0.346930
v -0.566305 -0.887428 0.343889
v -0.548810 -0.887428 0.343889
v -0.548810 -0.894770 0.346930
v -0.566305 -0.887428 0.343889
v -0.566305 -0.879549 0.342851
v -0.548810 -0.887428 0.343889
v -0.566305 -0.879549 0.342851
v -0.548810 -0.879549 0.342851
v -0.548810 -0.887428 0.343889
v -0.566305 -0.879549 0.342851
v -0.566305 -0.871669 0.343889
v -0.548810 -0.879549 0.342851
v -0.566305 -0.871669 0.343889
v -0.548810 -0.871669 0.343889
v -0.548810 -0.879549 0.342851
v -0.566305 -0.871669 0.343889
v -0.566305 -0.864327 0.346930
v -0.548810 -0.871669 0.343889
v -0.566305 -0.864327 0.346930
v -0.548810 -0.864327 0.346930
v -0.548810 -0.871669 0.343889
v -0.566305 -0.864327 0.346930
v -0.566305 -0.858022 0.351768
v -0.548810 -0.864327 0.346930
v -0.566305 -0.858022 0.351768
v -0.548810 -0.858022 0.351768
v -0.548810 -0.864327 0.346930
v -0.566305 -0.858022 0.351768
v -0.566305 -0.853184 0.358073
v -0.548810 -0.858022 0.351768
v -0.566305 -0.853184 0.358073
v -0.548810 -0.853184 0.358073
v -0.548810 -0.858022 0.351768
v -0.566305 -0.853184 0.388516
v -0.566305 -0.858022 0.394821
v -0.548810 -0.853184 0.388516
v -0.566305 -0.858022 0.394821
v -0.548810 -0.858022 0.394821
v -0.548810 -0.853184 0.388516
v -0.566305 -0.858022 0.394821
v -0.566305 -0.864327 0.399658
v -0.548810 -0.858022 0.394821
v -0.566305 -0.864327 0.399658
v -0.548810 -0.864327 0.399658
v -0.548810 -0.858022 0.394821
v -0.566305 -0.864327 0.399658
v -0.566305 -0.871669 0.402700
v -0.548810 -0.864327 0.399658
v -0.566305 -0.871669 0.402700
v -0.548810 -0.871669 0.402700
v -0.548810 -0.864327 0.399658
v -0.566305 -0.871669 0.402700
v -0.566305 -0.879549 0.403737
v -0.548810 -0.871669 0.402700
v -0.566305 -0.879549 0.403737
v -0.548810 -0.879549 0.403737
v -0.548810 -0.871669 0.402700
v -0.658327 -0.879549 0.403737
v -0.658327 -0.871669 0.402700
v -0.675822 -0.879549 0.403737
v -0.658327 -0.871669 0.402700
v -0.675822 -0.871669 0.402700
v -0.675822 -0.879549 0.403737
v -0.658327 -0.871669 0.402700
v -0.658327 -0.864327 0.399658
v -0.675822 -0.871669 0.402700
v -0.658327 -0.864327 0.399658
v -0.675822 -0.864327 0.399658
v -0.675822 -0.871669 0.402700
v -0.658327 -0.864327 0.399658
v -0.658327 -0.858022 0.394821
v -0.675822 -0.864327 0.399658
v -0.658327 -0.858022 0.394821
v -0.675822 -0.858022 0.394821
v -0.675822 -0.864327 0.399658
v -0.658327 -0.858022 0.394821
v -0.658327 -0.853184 0.388516
v -0.675822 -0.858022 0.394821
v -0.658327 -0.853184 0.388516
v -0.675822 -0.853184 0.388516
v -0.675822 -0.858022 0.394821
v -0.658327 -0.853184 0.358073
v -0.658327 -0.858022 0.351768
v -0.675822 -0.853184 0.358073
v -0.658327 -0.858022 0.351768
v -0.675822 -0.858022 0.351768
v -0.675822 -0.853184 0.358073
v -0.658327 -0.858022 0.351768
v -0.658327 -0.864327 0.346930
v -0.675822 -0.858022 0.351768
v -0.658327 -0.864327 0.346930
v -0.675822 -0.864327 0.346930
v -0.675822 -0.858022 0.351768
v -0.658327 -0.864327 0.346930
v -0.658327 -0.871669 0.343889
v -0.675822 -0.864327 0.346930
v -0.658327 -0.871669 0.343889
v -0.675822 -0.871669 0.343889
v -0.675822 -0.864327 0.346930
v -0.658327 -0.871669 0.343889
v -0.658327 -0.879549 0.342851
v -0.675822 -0.871669 0.343889
v -0.658327 -0.879549 0.342851
v -0.675822 -0.879549 0.342851
v -0.675822 -0.871669 0.343889
v -0.658327 -0.879549 0.342851
v -0.658327 -0.887428 0.343889
v -0.675822 -0.879549 0.342851
v -0.658327 -0.887428 0.343889
v -0.675822 -0.887428 0.343889
v -0.675822 -0.879549 0.342851
v -0.658327 -0.887428 0.343889
v -0.658327 -0.894770 0.346930
v -0.675822 -0.887428 0.343889
v -0.658327 -0.894770 0.346930
v -0.675822 -0.894770 0.346930
v -0.675822 -0.887428 0.343889
v -0.658327 -0.894770 0.346930
v -0.658327 -0.901075 0.351768
v -0.675822 -0.894770 0.346930
v -0.658327 -0.901075 0.351768
v -0.675822 -0.901075 0.351768
v -0.675822 -0.894770 0.346930
v -0.658327 -0.901075 0.351768
v -0.658327 -0.905913 0.358073
v -0.675822 -0.901075 0.351768
v -0.658327 -0.905913 0.358073
v -0.675822 -0.905913 0.358073
v -0.675822 -0.901075 0.351768
v -0.658327 -0.905913 0.358073
v -0.658327 -0.908954 0.365415
v -0.675822 -0.905913 0.358073
v -0.658327 -0.908954 0.365415
v -0.675822 -0.908954 0.365415
v -0.675822 -0.905913 0.358073
v -0.658327 -0.908954 0.365415
v -0.658327 -0.909991 0.373294
v -0.675822 -0.908954 0.365415
v -0.658327 -0.909991 0.373294
v -0.675822 -0.909991 0.373294
v -0.675822 -0.908954 0.365415
v -0.658327 -0.909991 0.373294
v -0.658327 -0.908954 0.381173
v -0.675822 -0.909991 0.373294
v -0.658327 -0.908954 0.381173
v -0.675822 -0.908954 0.381173
v -0.675822 -0.909991 0.373294
v -0.658327 -0.908954 0.381173
v -0.658327 -0.905913 0.388516
v -0.675822 -0.908954 0.381173
v -0.658327 -0.905913 0.388516
v -0.675822 -0.905913 0.388516
v -0.675822 -0.908954 0.381173
v -0.658327 -0.905913 0.388516
v -0.658327 -0.901075 0.394821
v -0.675822 -0.905913 0.388516
v -0.658327 -0.901075 0.394821
v -0.675822 -0.901075 0.394821
v -0.675822 -0.905913 0.388516
v -0.658327 -0.901075 0.394821
v -0.658327 -0.894770 0.399658
v -0.675822 -0.901075 0.394821
v -0.658327 -0.894770 0.399658
v -0.675822 -0.894770 0.399658
v -0.675822 -0.901075 0.394821
v -0.658327 -0.894770 0.399658
v -0.658327 -0.887428 0.402700
v -0.675822 -0.894770 0.399658
v -0.658327 -0.887428 0.402700
v -0.675822 -0.887428 0.402700
v -0.675822 -0.894770 0.399658
v -0.658327 -0.887428 0.402700
v -0.658327 -0.879549 0.403737
v -0.675822 -0.887428 0.402700
v -0.658327 -0.879549 0.403737
v -0.675822 -0.879549 0.403737
v -0.675822 -0.887428 0.402700
v -0.675822 -0.850143 0.381173
v -0.675822 -0.853184 0.388516
v -0.675822 -0.723348 0.415700
v -0.675822 -0.853184 0.388516
v -0.675822 -0.723348 0.439130
v -0.675822 -0.723348 0.415700
v -0.675822 -0.853184 0.388516
v -0.658327 -0.853184 0.388516
v -0.675822 -0.723348 0.439130
v -0.658327 -0.853184 0.388516
v -0.658327 -0.723348 0.439130
v -0.675822 -0.723348 0.439130
v -0.658327 -0.853184 0.388516
v -0.658327 -0.850143 0.381173
v -0.658327 -0.723348 0.439130
v -0.658327 -0.850143 0.381173
v -0.658327 -0.723348 0.415700
v -0.658327 -0.723348 0.439130
v -0.658327 -0.850143 0.381173
v -0.658327 -0.849106 0.373294
v -0.658327 -0.723348 0.415700
v -0.658327 -0.849106 0.373294
v -0.658327 -0.723348 0.373294
v -0.658327 -0.723348 0.415700
v -0.658327 -0.849106 0.373294
v -0.658327 -0.850143 0.365415
v -0.658327 -0.723348 0.373294
v -0.658327 -0.850143 0.365415
v -0.658327 -0.723348 0.330888
v -0.658327 -0.723348 0.373294
v -0.658327 -0.850143 0.365415
v -0.658327 -0.853184 0.358073
v -0.658327 -0.723348 0.330888
v -0.658327 -0.853184 0.358073
v -0.658327 -0.723348 0.307459
v -0.658327 -0.723348 0.330888
v -0.658327 -0.853184 0.358073
v -0.675822 -0.853184 0.358073
v -0.658327 -0.723348 0.307459
v -0.675822 -0.853184 0.358073
v -0.675822 -0.723348 0.307459
v -0.658327 -0.723348 0.307459
v -0.675822 -0.853184 0.358073
v -0.675822 -0.850143 0.365415
v -0.675822 -0.723348 0.307459
v -0.675822 -0.850143 0.365415
v -0.675822 -0.723348 0.330888
v -0.675822 -0.723348 0.307459
v -0.675822 -0.850143 0.365415
v -0.675822 -0.849106 0.373294
v -0.675822 -0.723348 0.330888
v -0.675822 -0.849106 0.373294
v -0.675822 -0.723348 0.373294
v -0.675822 -0.723348 0.330888
v -0.675822 -0.849106 0.373294
v -0.675822 -0.850143 0.381173
v -0.675822 -0.723348 0.373294
v -0.675822 -0.850143 0.381173
v -0.675822 -0.723348 0.415700
v -0.675822 -0.723348 0.373294
v -0.548810 -0.850143 0.365415
v -0.548810 -0.853184 0.358073
v -0.548810 -0.723348 0.330888
v -0.548810 -0.853184 0.358073
v -0.548810 -0.723348 0.307459
v -0.548810 -0.723348 0.330888
v -0.548810 -0.853184 0.358073
v -0.566305 -0.853184 0.358073
v -0.548810 -0.723348 0.307459
v -0.566305 -0.853184 0.358073
v -0.566305 -0.723348 0.307459
v -0.548810 -0.723348 0.307459
v -0.566305 -0.853184 0.358073
v -0.566305 -0.850143 0.365415
v -0.566305 -0.723348 0.307459
v -0.566305 -0.850143 0.365415
v -0.566305 -0.723348 0.330888
v -0.566305 -0.723348 0.307459
v -0.566305 -0.850143 0.365415
v -0.566305 -0.849106 0.373294
v -0.566305 -0.723348 0.330888
v -0.566305 -0.849106 0.373294
v -0.566305 -0.723348 0.373294
v -0.566305 -0.723348 0.330888
v -0.566305 -0.849106 0.373294
v -0.566305 -0.850143 0.381173
v -0.566305 -0.723348 0.373294
v -0.566305 -0.850143 0.381173
v -0.566305 -0.723348 0.415700
v -0.566305 -0.723348 0.373294
v -0.566305 -0.850143 0.381173
v -0.566305 -0.853184 0.388516
v -0.566305 -0.723348 0.415700
v -0.566305 -0.853184 0.388516
v -0.566305 -0.723348 0.439130
v -0.566305 -0.723348 0.415700
v -0.566305 -0.853184 0.388516
v -0.548810 -0.853184 0.388516
v -0.566305 -0.723348 0.439130
v -0.548810 -0.853184 0.388516
v -0.548810 -0.723348 0.439130
v -0.566305 -0.723348 0.439130
v -0.548810 -0.853184 0.388516
v -0.548810 -0.850143 0.381173
v -0.548810 -0.723348 0.439130
v -0.548810 -0.850143 0.381173
v -0.548810 -0.723348 0.415700
v -0.548810 -0.723348 0.439130
v -0.548810 -0.850143 0.381173
v -0.548810 -0.849106 0.373294
v -0.548810 -0.723348 0.415700
v -0.548810 -0.849106 0.373294
v -0.548810 -0.723348 0.373294
v -0.548810 -0.723348 0.415700
v -0.548810 -0.849106 0.373294
v -0.548810 -0.850143 0.365415
v -0.548810 -0.723348 0.373294
v -0.548810 -0.850143 0.365415
v -0.548810 -0.723348 0.330888
v -0.548810 -0.723348 0.373294
v -0.499585 0.665700 -0.746497
v -0.579186 0.665700 -0.746497
v -0.499585 0.662815 -0.724589
v -0.579186 0.665700 -0.746497
v -0.579186 0.662815 -0.724589
v -0.499585 0.662815 -0.724589
v -0.579186 0.665700 -0.746497
v -0.658787 0.665700 -0.746497
v -0.579186 0.662815 -0.724589
v -0.658787 0.665700 -0.746497
v -0.658787 0.662815 -0.724589
v -0.579186 0.662815 -0.724589
v -0.499585 0.674156 -0.766913
v -0.579186 0.674156 -0.766913
v -0.499585 0.665700 -0.746497
v -0.579186 0.674156 -0.766913
v -0.579186 0.665700 -0.746497
v -0.499585 0.665700 -0.746497
v -0.579186 0.674156 -0.766913
v -0.658787 0.674156 -0.766913
v -0.579186 0.665700 -0.746497
v -0.658787 0.674156 -0.766913
v -0.658787 0.665700 -0.746497
v -0.579186 0.665700 -0.746497
v -0.499585 0.687608 -0.784444
v -0.579186 0.687608 -0.784444
v -0.499585 0.674156 -0.766913
v -0.579186 0.687608 -0.784444
v -0.579186 0.674156 -0.766913
v -0.499585 0.674156 -0.766913
v -0.579186 0.687608 -0.784444
v -0.658787 0.687608 -0.784444
v -0.579186 0.674156 -0.766913
v -0.658787 0.687608 -0.784444
v -0.658787 0.674156 -0.766913
v -0.579186 0.674156 -0.766913
v -0.499585 0.705139 -0.797896
v -0.579186 0.705139 -0.797896
v -0.499585 0.687608 -0.784444
v -0.579186 0.705139 -0.797896
v -0.579186 0.687608 -0.784444
v -0.499585 0.687608 -0.784444
v -0.579186 0.705139 -0.797896
v -0.658787 0.705139 -0.797896
v -0.579186 0.687608 -0.784444
v -0.658787 0.705139 -0.797896
v -0.658787 0.687608 -0.784444
v -0.579186 0.687608 -0.784444
v -0.499585 0.725555 -0.806352
v -0.579186 0.725555 -0.806352
v -0.499585 0.705139 -0.797896
v -0.579186 0.725555 -0.806352
v -0.579186 0.705139 -0.797896
v -0.499585 0.705139 -0.797896
v -0.579186 0.725555 -0.806352
v -0.658787 0.725555 -0.806352
v -0.579186 0.705139 -0.797896
v -0.658787 0.725555 -0.806352
v -0.658787 0.705139 -0.797896
v -0.579186 0.705139 -0.797896
v -0.499585 0.747463 -0.809237
v -0.579186 0.747463 -0.809237
v -0.499585 0.725555 -0.806352
v -0.579186 0.747463 -0.809237
v -0.579186 0.725555 -0.806352
v -0.499585 0.725555 -0.806352
v -0.579186 0.747463 -0.809237
v -0.658787 0.747463 -0.809237
v -0.579186 0.725555 -0.806352
v -0.658787 0.747463 -0.809237
v -0.658787 0.725555 -0.806352
v -0.579186 0.725555 -0.806352
v -0.499585 0.769372 -0.806352
v -0.579186 0.769372 -0.806352
v -0.499585 0.747463 -0.809237
v -0.579186 0.769372 -0.806352
v -0.579186 0.747463 -0.809237
v -0.499585 0.747463 -0.809237
v -0.579186 0.769372 -0.806352
v -0.658787 0.769372 -0.806352
v -0.579186 0.747463 -0.809237
v -0.658787 0.769372 -0.806352
v -0.658787 0.747463 -0.809237
v -0.579186 0.747463 -0.809237
v -0.499585 0.789787 -0.797896
v -0.579186 0.789787 -0.797896
v -0.499585 0.769372 -0.806352
v -0.579186 0.789787 -0.797896
v -0.579186 0.769372 -0.806352
v -0.499585 0.769372 -0.806352
v -0.579186 0.789787 -0.797896
v -0.658787 0.789787 -0.797896
v -0.579186 0.769372 -0.806352
v -0.658787 0.789787 -0.797896
v -0.658787 0.769372 -0.806352
v -0.579186 0.769372 -0.806352
v -0.499585 0.807318 -0.784444
v -0.579186 0.807318 -0.784444
v -0.499585 0.789787 -0.797896
v -0.579186 0.807318 -0.784444
v -0.579186 0.789787 -0.797896
v -0.499585 0.789787 -0.797896
v -0.579186 0.807318 -0.784444
v -0.658787 0.807318 -0.784444
v -0.579186 0.789787 -0.797896
v -0.658787 0.807318 -0.784444
v -0.658787 0.789787 -0.797896
v -0.579186 0.789787 -0.797896
v -0.499585 0.820770 -0.766913
v -0.579186 0.820770 -0.766913
v -0.499585 0.807318 -0.784444
v -0.579186 0.820770 -0.766913
v -0.579186 0.807318 -0.784444
v -0.499585 0.807318 -0.784444
v -0.579186 0.820770 -0.766913
v -0.658787 0.820770 -0.766913
v -0.579186 0.807318 -0.784444
v -0.658787 0.820770 -0.766913
v -0.658787 0.807318 -0.784444
v -0.579186 0.807318 -0.784444
v -0.499585 0.829227 -0.746497
v -0.579186 0.829227 -0.746497
v -0.499585 0.820770 -0.766913
v -0.579186 0.829227 -0.746497
v -0.579186 0.820770 -0.766913
v -0.499585 0.820770 -0.766913
v -0.579186 0.829227 -0.746497
v -0.658787 0.829227 -0.746497
v -0.579186 0.820770 -0.766913
v -0.658787 0.829227 -0.746497
v -0.658787 0.820770 -0.766913
v -0.579186 0.820770 -0.766913
v -0.499585 0.832111 -0.724589
v -0.579186 0.832111 -0.724589
v -0.499585 0.829227 -0.746497
v -0.579186 0.832111 -0.724589
v -0.579186 0.829227 -0.746497
v -0.499585 0.829227 -0.746497
v -0.579186 0.832111 -0.724589
v -0.658787 0.832111 -0.724589
v -0.579186 0.829227 -0.746497
v -0.658787 0.832111 -0.724589
v -0.658787 0.829227 -0.746497
v -0.579186 0.829227 -0.746497
v 0.666660 0.747463 -0.827808
v 0.666660 0.774178 -0.824291
v 0.666660 0.747463 -0.817109
v 0.666660 0.774178 -0.824291
v 0.666660 0.771409 -0.813957
v 0.666660 0.747463 -0.817109
v 0.666660 0.774178 -0.824291
v 0.666660 0.799073 -0.813979
v 0.666660 0.771409 -0.813957
v 0.666660 0.799073 -0.813979
v 0.666660 0.793723 -0.804714
v 0.666660 0.771409 -0.813957
v 0.666660 0.799073 -0.813979
v 0.666660 0.820450 -0.797576
v 0.666660 0.793723 -0.804714
v 0.666660 0.820450 -0.797576
v 0.666660 0.812885 -0.790011
v 0.666660 0.793723 -0.804714
v 0.666660 0.820450 -0.797576
v 0.666660 0.836854 -0.776198
v 0.666660 0.812885 -0.790011
v 0.666660 0.836854 -0.776198
v 0.666660 0.827588 -0.770849
v 0.666660 0.812885 -0.790011
v 0.666660 0.836854 -0.776198
v 0.666660 0.847165 -0.751304
v 0.666660 0.827588 -0.770849
v 0.666660 0.847165 -0.751304
v 0.666660 0.836831 -0.748535
v 0.666660 0.827588 -0.770849
v 0.666660 0.847165 -0.751304
v 0.666660 0.850682 -0.724589
v 0.666660 0.836831 -0.748535
v 0.666660 0.850682 -0.724589
v 0.666660 0.839984 -0.724589
v 0.666660 0.836831 -0.748535
v 0.666660 0.644244 -0.724589
v 0.666660 0.647761 -0.751304
v 0.666660 0.654943 -0.724589
v 0.666660 0.647761 -0.751304
v 0.666660 0.658095 -0.748535
v 0.666660 0.654943 -0.724589
v 0.666660 0.647761 -0.751304
v 0.666660 0.658073 -0.776198
v 0.666660 0.658095 -0.748535
v 0.666660 0.658073 -0.776198
v 0.666660 0.667338 -0.770849
v 0.666660 0.658095 -0.748535
v 0.666660 0.658073 -0.776198
v 0.666660 0.674476 -0.797576
v 0.666660 0.667338 -0.770849
v 0.666660 0.674476 -0.797576
v 0.666660 0.682041 -0.790011
v 0.666660 0.667338 -0.770849
v 0.666660 0.674476 -0.797576
v 0.666660 0.695854 -0.813979
v 0.666660 0.682041 -0.790011
v 0.666660 0.695854 -0.813979
v 0.666660 0.701203 -0.804714
v 0.666660 0.682041 -0.790011
v 0.666660 0.695854 -0.813979
v 0.666660 0.720748 -0.824291
v 0.666660 0.701203 -0.804714
v 0.666660 0.720748 -0.824291
v 0.666660 0.723517 -0.813957
v 0.666660 0.701203 -0.804714
v 0.666660 0.720748 -0.824291
v 0.666660 0.747463 -0.827808
v 0.666660 0.723517 -0.813957
v 0.666660 0.747463 -0.827808
v 0.666660 0.747463 -0.817109
v 0.666660 0.723517 -0.813957
v 0.491712 0.747463 -0.827808
v 0.491712 0.720748 -0.824291
v 0.491712 0.747463 -0.817109
v 0.491712 0.720748 -0.824291
v 0.491712 0.723517 -0.813957
v 0.491712 0.747463 -0.817109
v 0.491712 0.720748 -0.824291
v 0.491712 0.695854 -0.813979
v 0.491712 0.723517 -0.813957
v 0.491712 0.695854 -0.813979
v 0.491712 0.701203 -0.804714
v 0.491712 0.723517 -0.813957
v 0.491712 0.695854 -0.813979
v 0.491712 0.674476 -0.797576
v 0.491712 0.701203 -0.804714
v 0.491712 0.674476 -0.797576
v 0.491712 0.682041 -0.790011
v 0.491712 0.701203 -0.804714
v 0.491712 0.674476 -0.797576
v 0.491712 0.658073 -0.776198
v 0.491712 0.682041 -0.790011
v 0.491712 0.658073 -0.776198
v 0.491712 0.667338 -0.770849
v 0.491712 0.682041 -0.790011
v 0.491712 0.658073 -0.776198
v 0.491712 0.647761 -0.751304
v 0.491712 0.667338 -0.770849
v 0.491712 0.647761 -0.751304
v 0.491712 0.658095 -0.748535
v 0.491712 0.667338 -0.770849
v 0.491712 0.647761 -0.751304
v 0.491712 0.644244 -0.724589
v 0.491712 0.658095 -0.748535
v 0.491712 0.644244 -0.724589
v 0.491712 0.654943 -0.724589
v 0.491712 0.658095 -0.748535
v 0.491712 0.850682 -0.724589
v 0.491712 0.847165 -0.751304
v 0.491712 0.839984 -0.724589
v 0.491712 0.847165 -0.751304
v 0.491712 0.836831 -0.748535
v 0.491712 0.839984 -0.724589
v 0.491712 0.847165 -0.751304
v 0.491712 0.836854 -0.776198
v 0.491712 0.836831 -0.748535
v 0.491712 0.836854 -0.776198
v 0.491712 0.827588 -0.770849
v 0.491712 0.836831 -0.748535
v 0.491712 0.836854 -0.776198
v 0.491712 0.820450 -0.797576
v 0.491712 0.827588 -0.770849
v 0.491712 0.820450 -0.797576
v 0.491712 0.812885 -0.790011
v 0.491712 0.827588 -0.770849
v 0.491712 0.820450 -0.797576
v 0.491712 0.799073 -0.813979
v 0.491712 0.812885 -0.790011
v 0.491712 0.799073 -0.813979
v 0.491712 0.793723 -0.804714
v 0.491712 0.812885 -0.790011
v 0.491712 0.799073 -0.813979
v 0.491712 0.774178 -0.824291
v 0.491712 0.793723 -0.804714
v 0.491712 0.774178 -0.824291
v 0.491712 0.771409 -0.813957
v 0.491712 0.793723 -0.804714
v 0.491712 0.774178 -0.824291
v 0.491712 0.747463 -0.827808
v 0.491712 0.771409 -0.813957
v 0.491712 0.747463 -0.827808
v 0.491712 0.747463 -0.817109
v 0.491712 0.771409 -0.813957
v 0.499585 0.776216 -0.831895
v 0.658787 0.776216 -0.831895
v 0.499585 0.747463 -0.835681
v 0.658787 0.776216 -0.831895
v 0.658787 0.747463 -0.835681
v 0.499585 0.747463 -0.835681
v 0.499585 0.803009 -0.820797
v 0.658787 0.803009 -0.820797
v 0.499585 0.776216 -0.831895
v 0.658787 0.803009 -0.820797
v 0.658787 0.776216 -0.831895
v 0.499585 0.776216 -0.831895
v 0.499585 0.826017 -0.803142
v 0.658787 0.826017 -0.803142
v 0.499585 0.803009 -0.820797
v 0.658787 0.826017 -0.803142
v 0.658787 0.803009 -0.820797
v 0.499585 0.803009 -0.820797
v 0.499585 0.843671 -0.780135
v 0.658787 0.843671 -0.780135
v 0.499585 0.826017 -0.803142
v 0.658787 0.843671 -0.780135
v 0.658787 0.826017 -0.803142
v 0.499585 0.826017 -0.803142
v 0.499585 0.854770 -0.753342
v 0.658787 0.854770 -0.753342
v 0.499585 0.843671 -0.780135
v 0.658787 0.854770 -0.753342
v 0.658787 0.843671 -0.780135
v 0.499585 0.843671 -0.780135
v 0.499585 0.858555 -0.724589
v 0.658787 0.858555 -0.724589
v 0.499585 0.854770 -0.753342
v 0.658787 0.858555 -0.724589
v 0.658787 0.854770 -0.753342
v 0.499585 0.854770 -0.753342
v 0.499585 0.640157 -0.753342
v 0.658787 0.640157 -0.753342
v 0.499585 0.636372 -0.724589
v 0.658787 0.640157 -0.753342
v 0.658787 0.636372 -0.724589
v 0.499585 0.636372 -0.724589
v 0.499585 0.651255 -0.780135
v 0.658787 0.651255 -0.780135
v 0.499585 0.640157 -0.753342
v 0.658787 0.651255 -0.780135
v 0.658787 0.640157 -0.753342
v 0.499585 0.640157 -0.753342
v 0.499585 0.668910 -0.803142
v 0.658787 0.668910 -0.803142
v 0.499585 0.651255 -0.780135
v 0.658787 0.668910 -0.803142
v 0.658787 0.651255 -0.780135
v 0.499585 0.651255 -0.780135
v 0.499585 0.691917 -0.820797
v 0.658787 0.691917 -0.820797
v 0.499585 0.668910 -0.803142
v 0.658787 0.691917 -0.820797
v 0.658787 0.668910 -0.803142
v 0.499585 0.668910 -0.803142
v 0.499585 0.718711 -0.831895
v 0.658787 0.718711 -0.831895
v 0.499585 0.691917 -0.820797
v 0.658787 0.718711 -0.831895
v 0.658787 0.691917 -0.820797
v 0.499585 0.691917 -0.820797
v 0.499585 0.747463 -0.835681
v 0.658787 0.747463 -0.835681
v 0.499585 0.718711 -0.831895
v 0.658787 0.747463 -0.835681
v 0.658787 0.718711 -0.831895
v 0.499585 0.718711 -0.831895
v 0.491712 0.747463 -0.827808
v 0.499585 0.747463 -0.835681
v 0.491712 0.720748 -0.824291
v 0.499585 0.747463 -0.835681
v 0.499585 0.718711 -0.831895
v 0.491712 0.720748 -0.824291
v 0.658787 0.747463 -0.835681
v 0.666660 0.747463 -0.827808
v 0.658787 0.718711 -0.831895
v 0.666660 0.747463 -0.827808
v 0.666660 0.720748 -0.824291
v 0.658787 0.718711 -0.831895
v 0.491712 0.720748 -0.824291
v 0.499585 0.718711 -0.831895
v 0.491712 0.695854 -0.813979
v 0.499585 0.718711 -0.831895
v 0.499585 0.691917 -0.820797
v 0.491712 0.695854 -0.813979
v 0.658787 0.718711 -0.831895
v 0.666660 0.720748 -0.824291
v 0.658787 0.691917 -0.820797
v 0.666660 0.720748 -0.824291
v 0.666660 0.695854 -0.813979
v 0.658787 0.691917 -0.820797
v 0.491712 0.695854 -0.813979
v 0.499585 0.691917 -0.820797
v 0.491712 0.674476 -0.797576
v 0.499585 0.691917 -0.820797
v 0.499585 0.668910 -0.803142
v 0.491712 0.674476 -0.797576
v 0.658787 0.691917 -0.820797
v 0.666660 0.695854 -0.813979
v 0.658787 0.668910 -0.803142
v 0.666660 0.695854 -0.813979
v 0.666660 0.674476 -0.797576
v 0.658787 0.668910 -0.803142
v 0.491712 0.674476 -0.797576
v 0.499585 0.668910 -0.803142
v 0.491712 0.658073 -0.776198
v 0.499585 0.668910 -0.803142
v 0.499585 0.651255 -0.780135
v 0.491712 0.658073 -0.776198
v 0.658787 0.668910 -0.803142
v 0.666660 0.674476 -0.797576
v 0.658787 0.651255 -0.780135
v 0.666660 0.674476 -0.797576
v 0.666660 0.658073 -0.776198
v 0.658787 0.651255 -0.780135
v 0.491712 0.658073 -0.776198
v 0.499585 0.651255 -0.780135
v 0.491712 0.647761 -0.751304
v 0.499585 0.651255 -0.780135
v 0.499585 0.640157 -0.753342
v 0.491712 0.647761 -0.751304
v 0.658787 0.651255 -0.780135
v 0.666660 0.658073 -0.776198
v 0.658787 0.640157 -0.753342
v 0.666660 0.658073 -0.776198
v 0.666660 0.647761 -0.751304
v 0.658787 0.640157 -0.753342
v 0.491712 0.647761 -0.751304
v 0.499585 0.640157 -0.753342
v 0.491712 0.644244 -0.724589
v 0.499585 0.640157 -0.753342
v 0.499585 0.636372 -0.724589
v 0.491712 0.644244 -0.724589
v 0.658787 0.640157 -0.753342
v 0.666660 0.647761 -0.751304
v 0.658787 0.636372 -0.724589
v 0.666660 0.647761 -0.751304
v 0.666660 0.644244 -0.724589
v 0.658787 0.636372 -0.724589
v 0.491712 0.850682 -0.724589
v 0.499585 0.858555 -0.724589
v 0.491712 0.847165 -0.751304
v 0.499585 0.858555 -0.724589
v 0.499585 0.854770 -0.753342
v 0.491712 0.847165 -0.751304
v 0.658787 0.858555 -0.724589
v 0.666660 0.850682 -0.724589
v 0.658787 0.854770 -0.753342
v 0.666660 0.850682 -0.724589
v 0.666660 0.847165 -0.751304
v 0.658787 0.854770 -0.753342
v 0.491712 0.847165 -0.751304
v 0.499585 0.854770 -0.753342
v 0.491712 0.836854 -0.776198
v 0.499585 0.854770 -0.753342
v 0.499585 0.843671 -0.780135
v 0.491712 0.836854 -0.776198
v 0.658787 0.854770 -0.753342
v 0.666660 0.847165 -0.751304
v 0.658787 0.843671 -0.780135
v 0.666660 0.847165 -0.751304
v 0.666660 0.836854 -0.776198
v 0.658787 0.843671 -0.780135
v 0.491712 0.836854 -0.776198
v 0.499585 0.843671 -0.780135
v 0.491712 0.820450 -0.797576
v 0.499585 0.843671 -0.780135
v 0.499585 0.826017 -0.803142
v 0.491712 0.820450 -0.797576
v 0.658787 0.843671 -0.780135
v 0.666660 0.836854 -0.776198
v 0.658787 0.826017 -0.803142
v 0.666660 0.836854 -0.776198
v 0.666660 0.820450 -0.797576
v 0.658787 0.826017 -0.803142
v 0.491712 0.820450 -0.797576
v 0.499585 0.826017 -0.803142
v 0.491712 0.799073 -0.813979
v 0.499585 0.826017 -0.803142
v 0.499585 0.803009 -0.820797
v 0.491712 0.799073 -0.813979
v 0.658787 0.826017 -0.803142
v 0.666660 0.820450 -0.797576
v 0.658787 0.803009 -0.820797
v 0.666660 0.820450 -0.797576
v 0.666660 0.799073 -0.813979
v 0.658787 0.803009 -0.820797
v 0.491712 0.799073 -0.813979
v 0.499585 0.803009 -0.820797
v 0.491712 0.774178 -0.824291
v 0.499585 0.803009 -0.820797
v 0.499585 0.776216 -0.831895
v 0.491712 0.774178 -0.824291
v 0.658787 0.803009 -0.820797
v 0.666660 0.799073 -0.813979
v 0.658787 0.776216 -0.831895
v 0.666660 0.799073 -0.813979
v 0.666660 0.774178 -0.824291
v 0.658787 0.776216 -0.831895
v 0.491712 0.774178 -0.824291
v 0.499585 0.776216 -0.831895
v 0.491712 0.747463 -0.827808
v 0.499585 0.776216 -0.831895
v 0.499585 0.747463 -0.835681
v 0.491712 0.747463 -0.827808
v 0.658787 0.776216 -0.831895
v 0.666660 0.774178 -0.824291
v 0.658787 0.747463 -0.835681
v 0.666660 0.774178 -0.824291
v 0.666660 0.747463 -0.827808
v 0.658787 0.747463 -0.835681
v 0.499585 0.769372 -0.806352
v 0.491712 0.771409 -0.813957
v 0.499585 0.747463 -0.809237
v 0.491712 0.771409 -0.813957
v 0.491712 0.747463 -0.817109
v 0.499585 0.747463 -0.809237
v 0.499585 0.789787 -0.797896
v 0.491712 0.793723 -0.804714
v 0.499585 0.769372 -0.806352
v 0.491712 0.793723 -0.804714
v 0.491712 0.771409 -0.813957
v 0.499585 0.769372 -0.806352
v 0.499585 0.807318 -0.784444
v 0.491712 0.812885 -0.790011
v 0.499585 0.789787 -0.797896
v 0.491712 0.812885 -0.790011
v 0.491712 0.793723 -0.804714
v 0.499585 0.789787 -0.797896
v 0.499585 0.820770 -0.766913
v 0.491712 0.827588 -0.770849
v 0.499585 0.807318 -0.784444
v 0.491712 0.827588 -0.770849
v 0.491712 0.812885 -0.790011
v 0.499585 0.807318 -0.784444
v 0.499585 0.829227 -0.746497
v 0.491712 0.836831 -0.748535
v 0.499585 0.820770 -0.766913
v 0.491712 0.836831 -0.748535
v 0.491712 0.827588 -0.770849
v 0.499585 0.820770 -0.766913
v 0.499585 0.832111 -0.724589
v 0.491712 0.839984 -0.724589
v 0.499585 0.829227 -0.746497
v 0.491712 0.839984 -0.724589
v 0.491712 0.836831 -0.748535
v 0.499585 0.829227 -0.746497
v 0.499585 0.665700 -0.746497
v 0.491712 0.658095 -0.748535
v 0.499585 0.662815 -0.724589
v 0.491712 0.658095 -0.748535
v 0.491712 0.654943 -0.724589
v 0.499585 0.662815 -0.724589
v 0.499585 0.674156 -0.766913
v 0.491712 0.667338 -0.770849
v 0.499585 0.665700 -0.746497
v 0.491712 0.667338 -0.770849
v 0.491712 0.658095 -0.748535
v 0.499585 0.665700 -0.746497
v 0.499585 0.687608 -0.784444
v 0.491712 0.682041 -0.790011
v 0.499585 0.674156 -0.766913
v 0.491712 0.682041 -0.790011
v 0.491712 0.667338 -0.770849
v 0.499585 0.674156 -0.766913
v 0.499585 0.705139 -0.797896
v 0.491712 0.701203 -0.804714
v 0.499585 0.687608 -0.784444
v 0.491712 0.701203 -0.804714
v 0.491712 0.682041 -0.790011
v 0.499585 0.687608 -0.784444
v 0.499585 0.725555 -0.806352
v 0.491712 0.723517 -0.813957
v 0.499585 0.705139 -0.797896
v 0.491712 0.723517 -0.813957
v 0.491712 0.701203 -0.804714
v 0.499585 0.705139 -0.797896
v 0.499585 0.747463 -0.809237
v 0.491712 0.747463 -0.817109
v 0.499585 0.725555 -0.806352
v 0.491712 0.747463 -0.817109
v 0.491712 0.723517 -0.813957
v 0.499585 0.725555 -0.806352
v 0.658787 0.725555 -0.806352
v 0.666660 0.723517 -0.813957
v 0.658787 0.747463 -0.809237
v 0.666660 0.723517 -0.813957
v 0.666660 0.747463 -0.817109
v 0.658787 0.747463 -0.809237
v 0.658787 0.705139 -0.797896
v 0.666660 0.701203 -0.804714
v 0.658787 0.725555 -0.806352
v 0.666660 0.701203 -0.804714
v 0.666660 0.723517 -0.813957
v 0.658787 0.725555 -0.806352
v 0.658787 0.687608 -0.784444
v 0.666660 0.682041 -0.790011
v 0.658787 0.705139 -0.797896
v 0.666660 0.682041 -0.790011
v 0.666660 0.701203 -0.804714
v 0.658787 0.705139 -0.797896
v 0.658787 0.674156 -0.766913
v 0.666660 0.667338 -0.770849
v 0.658787 0.687608 -0.784444
v 0.666660 0.667338 -0.770849
v 0.666660 0.682041 -0.790011
v 0.658787 0.687608 -0.784444
v 0.658787 0.665700 -0.746497
v 0.666660 0.658095 -0.748535
v 0.658787 0.674156 -0.766913
v 0.666660 0.658095 -0.748535
v 0.666660 0.667338 -0.770849
v 0.658787 0.674156 -0.766913
v 0.658787 0.662815 -0.724589
v 0.666660 0.654943 -0.724589
v 0.658787 0.665700 -0.746497
v 0.666660 0.654943 -0.724589
v 0.666660 0.658095 -0.748535
v 0.658787 0.665700 -0.746497
v 0.658787 0.829227 -0.746497
v 0.666660 0.836831 -0.748535
v 0.658787 0.832111 -0.724589
v 0.666660 0.836831 -0.748535
v 0.666660 0.839984 -0.724589
v 0.658787 0.832111 -0.724589
v 0.658787 0.820770 -0.766913
v 0.666660 0.827588 -0.770849
v 0.658787 0.829227 -0.746497
v 0.666660 0.827588 -0.770849
v 0.666660 0.836831 -0.748535
v 0.658787 0.829227 -0.746497
v 0.658787 0.807318 -0.784444
v 0.666660 0.812885 -0.790011
v 0.658787 0.820770 -0.766913
v 0.666660 0.812885 -0.790011
v 0.666660 0.827588 -0.770849
v 0.658787 0.820770 -0.766913
v 0.658787 0.789787 -0.797896
v 0.666660 0.793723 -0.804714
v 0.658787 0.807318 -0.784444
v 0.666660 0.793723 -0.804714
v 0.666660 0.812885 -0.790011
v 0.658787 0.807318 -0.784444
v 0.658787 0.769372 -0.806352
v 0.666660 0.771409 -0.813957
v 0.658787 0.789787 -0.797896
v 0.666660 0.771409 -0.813957
v 0.666660 0.793723 -0.804714
v 0.658787 0.789787 -0.797896
v 0.658787 0.747463 -0.809237
v 0.666660 0.747463 -0.817109
v 0.658787 0.769372 -0.806352
v 0.666660 0.747463 -0.817109
v 0.666660 0.771409 -0.813957
v 0.658787 0.769372 -0.806352
v 0.499585 0.665700 -0.746497
v 0.499585 0.662815 -0.724589
v 0.579186 0.665700 -0.746497
v 0.499585 0.662815 -0.724589
v 0.579186 0.662815 -0.724589
v 0.579186 0.665700 -0.746497
v 0.579186 0.665700 -0.746497
v 0.579186 0.662815 -0.724589
v 0.658787 0.665700 -0.746497
v 0.579186 0.662815 -0.724589
v 0.658787 0.662815 -0.724589
v 0.658787 0.665700 -0.746497
v 0.499585 0.674156 -0.766913
v 0.499585 0.665700 -0.746497
v 0.579186 0.674156 -0.766913
v 0.499585 0.665700 -0.746497
v 0.579186 0.665700 -0.746497
v 0.579186 0.674156 -0.766913
v 0.579186 0.674156 -0.766913
v 0.579186 0.665700 -0.746497
v 0.658787 0.674156 -0.766913
v 0.579186 0.665700 -0.746497
v 0.658787 0.665700 -0.746497
v 0.658787 0.674156 -0.766913
v 0.499585 0.687608 -0.784444
v 0.499585 0.674156 -0.766913
v 0.579186 0.687608 -0.784444
v 0.499585 0.674156 -0.766913
v 0.579186 0.674156 -0.766913
v 0.579186 0.687608 -0.784444
v 0.579186 0.687608 -0.784444
v 0.579186 0.674156 -0.766913
v 0.658787 0.687608 -0.784444
v 0.579186 0.674156 -0.766913
v 0.658787 0.674156 -0.766913
v 0.658787 0.687608 -0.784444
v 0.499585 0.705139 -0.797896
v 0.499585 0.687608 -0.784444
v 0.579186 0.705139 -0.797896
v 0.499585 0.687608 -0.784444
v 0.579186 0.687608 -0.784444
v 0.579186 0.705139 -0.797896
v 0.579186 0.705139 -0.797896
v 0.579186 0.687608 -0.784444
v 0.658787 0.705139 -0.797896
v 0.579186 0.687608 -0.784444
v 0.658787 0.687608 -0.784444
v 0.658787 0.705139 -0.797896
v 0.499585 0.725555 -0.806352
v 0.499585 0.705139 -0.797896
v 0.579186 0.725555 -0.806352
v 0.499585 0.705139 -0.797896
v 0.579186 0.705139 -0.797896
v 0.579186 0.725555 -0.806352
v 0.579186 0.725555 -0.806352
v 0.579186 0.705139 -0.797896
v 0.658787 0.725555 -0.806352
v 0.579186 0.705139 -0.797896
v 0.658787 0.705139 -0.797896
v 0.658787 0.725555 -0.806352
v 0.499585 0.747463 -0.809237
v 0.499585 0.725555 -0.806352
v 0.579186 0.747463 -0.809237
v 0.499585 0.725555 -0.806352
v 0.579186 0.725555 -0.806352
v 0.579186 0.747463 -0.809237
v 0.579186 0.747463 -0.809237
v 0.579186 0.725555 -0.806352
v 0.658787 0.747463 -0.809237
v 0.579186 0.725555 -0.806352
v 0.658787 0.725555 -0.806352
v 0.658787 0.747463 -0.809237
v 0.499585 0.769372 -0.806352
v 0.499585 0.747463 -0.809237
v 0.579186 0.769372 -0.806352
v 0.499585 0.747463 -0.809237
v 0.579186 0.747463 -0.809237
v 0.579186 0.769372 -0.806352
v 0.579186 0.769372 -0.806352
v 0.579186 0.747463 -0.809237
v 0.658787 0.769372 -0.806352
v 0.579186 0.747463 -0.809237
v 0.658787 0.747463 -0.809237
v 0.658787 0.769372 -0.806352
v 0.499585 0.789787 -0.797896
v 0.499585 0.769372 -0.806352
v 0.579186 0.789787 -0.797896
v 0.499585 0.769372 -0.806352
v 0.579186 0.769372 -0.806352
v 0.579186 0.789787 -0.797896
v 0.579186 0.789787 -0.797896
v 0.579186 0.769372 -0.806352
v 0.658787 0.789787 -0.797896
v 0.579186 0.769372 -0.806352
v 0.658787 0.769372 -0.806352
v 0.658787 0.789787 -0.797896
v 0.499585 0.807318 -0.784444
v 0.499585 0.789787 -0.797896
v 0.579186 0.807318 -0.784444
v 0.499585 0.789787 -0.797896
v 0.579186 0.789787 -0.797896
v 0.579186 0.807318 -0.784444
v 0.579186 0.807318 -0.784444
v 0.579186 0.789787 -0.797896
v 0.658787 0.807318 -0.784444
v 0.579186 0.789787 -0.797896
v 0.658787 0.789787 -0.797896
v 0.658787 0.807318 -0.784444
v 0.499585 0.820770 -0.766913
v 0.499585 0.807318 -0.784444
v 0.579186 0.820770 -0.766913
v 0.499585 0.807318 -0.784444
v 0.579186 0.807318 -0.784444
v 0.579186 0.820770 -0.766913
v 0.579186 0.820770 -0.766913
v 0.579186 0.807318 -0.784444
v 0.658787 0.820770 -0.766913
v 0.579186 0.807318 -0.784444
v 0.658787 0.807318 -0.784444
v 0.658787 0.820770 -0.766913
v 0.499585 0.829227 -0.746497
v 0.499585 0.820770 -0.766913
v 0.579186 0.829227 -0.746497
v 0.499585 0.820770 -0.766913
v 0.579186 0.820770 -0.766913
v 0.579186 0.829227 -0.746497
v 0.579186 0.829227 -0.746497
v 0.579186 0.820770 -0.766913
v 0.658787 0.829227 -0.746497
v 0.579186 0.820770 -0.766913
v 0.658787 0.820770 -0.766913
v 0.658787 0.829227 -0.746497
v 0.499585 0.832111 -0.724589
v 0.499585 0.829227 -0.746497
v 0.579186 0.832111 -0.724589
v 0.499585 0.829227 -0.746497
v 0.579186 0.829227 -0.746497
v 0.579186 0.832111 -0.724589
v 0.579186 0.832111 -0.724589
v 0.579186 0.829227 -0.746497
v 0.658787 0.832111 -0.724589
v 0.579186 0.829227 -0.746497
v 0.658787 0.829227 -0.746497
v 0.658787 0.832111 -0.724589
v 0.675822 -0.879549 0.403737
v 0.675822 -0.887428 0.402700
v 0.675822 -0.871669 0.402700
v 0.675822 -0.887428 0.402700
v 0.675822 -0.894770 0.399658
v 0.675822 -0.871669 0.402700
v 0.675822 -0.894770 0.399658
v 0.675822 -0.901075 0.394821
v 0.675822 -0.871669 0.402700
v 0.675822 -0.901075 0.394821
v 0.675822 -0.905913 0.388516
v 0.675822 -0.871669 0.402700
v 0.675822 -0.905913 0.388516
v 0.675822 -0.908954 0.381173
v 0.675822 -0.871669 0.402700
v 0.675822 -0.908954 0.381173
v 0.675822 -0.909991 0.373294
v 0.675822 -0.871669 0.402700
v 0.675822 -0.909991 0.373294
v 0.675822 -0.908954 0.365415
v 0.675822 -0.871669 0.402700
v 0.675822 -0.908954 0.365415
v 0.675822 -0.905913 0.358073
v 0.675822 -0.871669 0.402700
v 0.675822 -0.905913 0.358073
v 0.675822 -0.901075 0.351768
v 0.675822 -0.871669 0.402700
v 0.675822 -0.901075 0.351768
v 0.675822 -0.894770 0.346930
v 0.675822 -0.871669 0.402700
v 0.675822 -0.894770 0.346930
v 0.675822 -0.887428 0.343889
v 0.675822 -0.871669 0.402700
v 0.675822 -0.887428 0.343889
v 0.675822 -0.879549 0.342851
v 0.675822 -0.871669 0.402700
v 0.675822 -0.879549 0.342851
v 0.675822 -0.871669 0.343889
v 0.675822 -0.871669 0.402700
v 0.675822 -0.871669 0.343889
v 0.675822 -0.864327 0.346930
v 0.675822 -0.871669 0.402700
v 0.675822 -0.864327 0.346930
v 0.675822 -0.858022 0.351768
v 0.675822 -0.871669 0.402700
v 0.675822 -0.858022 0.351768
v 0.675822 -0.853184 0.358073
v 0.675822 -0.871669 0.402700
v 0.675822 -0.853184 0.358073
v 0.675822 -0.850143 0.365415
v 0.675822 -0.871669 0.402700
v 0.675822 -0.850143 0.365415
v 0.675822 -0.849106 0.373294
v 0.675822 -0.871669 0.402700
v 0.675822 -0.849106 0.373294
v 0.675822 -0.850143 0.381173
v 0.675822 -0.871669 0.402700
v 0.675822 -0.850143 0.381173
v 0.675822 -0.853184 0.388516
v 0.675822 -0.871669 0.402700
v 0.675822 -0.853184 0.388516
v 0.675822 -0.858022 0.394821
v 0.675822 -0.871669 0.402700
v 0.675822 -0.858022 0.394821
v 0.675822 -0.864327 0.399658
v 0.675822 -0.871669 0.402700
v 0.548810 -0.879549 0.403737
v 0.548810 -0.871669 0.402700
v 0.548810 -0.887428 0.402700
v 0.548810 -0.871669 0.402700
v 0.548810 -0.864327 0.399658
v 0.548810 -0.887428 0.402700
v 0.548810 -0.864327 0.399658
v 0.548810 -0.858022 0.394821
v 0.548810 -0.887428 0.402700
v 0.548810 -0.858022 0.394821
v 0.548810 -0.853184 0.388516
v 0.548810 -0.887428 0.402700
v 0.548810 -0.853184 0.388516
v 0.548810 -0.850143 0.381173
v 0.548810 -0.887428 0.402700
v 0.548810 -0.850143 0.381173
v 0.548810 -0.849106 0.373294
v 0.548810 -0.887428 0.402700
v 0.548810 -0.849106 0.373294
v 0.548810 -0.850143 0.365415
v 0.548810 -0.887428 0.402700
v 0.548810 -0.850143 0.365415
v 0.548810 -0.853184 0.358073
v 0.548810 -0.887428 0.402700
v 0.548810 -0.853184 0.358073
v 0.548810 -0.858022 0.351768
v 0.548810 -0.887428 0.402700
v 0.548810 -0.858022 0.351768
v 0.548810 -0.864327 0.346930
v 0.548810 -0.887428 0.402700
v 0.548810 -0.864327 0.346930
v 0.548810 -0.871669 0.343889
v 0.548810 -0.887428 0.402700
v 0.548810 -0.871669 0.343889
v 0.548810 -0.879549 0.342851
v 0.548810 -0.887428 0.402700
v 0.548810 -0.879549 0.342851
v 0.548810 -0.887428 0.343889
v 0.548810 -0.887428 0.402700
v 0.548810 -0.887428 0.343889
v 0.548810 -0.894770 0.346930
v 0.548810 -0.887428 0.402700
v 0.548810 -0.894770 0.346930
v 0.548810 -0.901075 0.351768
v 0.548810 -0.887428 0.402700
v 0.548810 -0.901075 0.351768
v 0.548810 -0.905913 0.358073
v 0.548810 -0.887428 0.402700
v 0.548810 -0.905913 0.358073
v 0.548810 -0.908954 0.365415
v 0.548810 -0.887428 0.402700
v 0.548810 -0.908954 0.365415
v 0.548810 -0.909991 0.373294
v 0.548810 -0.887428 0.402700
v 0.548810 -0.909991 0.373294
v 0.548810 -0.908954 0.381173
v 0.548810 -0.887428 0.402700
v 0.548810 -0.908954 0.381173
v 0.548810 -0.905913 0.388516
v 0.548810 -0.887428 0.402700
v 0.548810 -0.905913 0.388516
v 0.548810 -0.901075 0.394821
v 0.548810 -0.887428 0.402700
v 0.548810 -0.901075 0.394821
v 0.548810 -0.894770 0.399658
v 0.548810 -0.887428 0.402700
v 0.644682 -0.879549 0.403737
v 0.658328 -0.879549 0.403737
v 0.644682 -0.871669 0.402700
v 0.658328 -0.879549 0.403737
v 0.658328 -0.871669 0.402700
v 0.644682 -0.871669 0.402700
v 0.644682 -0.871669 0.402700
v 0.658328 -0.871669 0.402700
v 0.644682 -0.864327 0.399658
v 0.658328 -0.871669 0.402700
v 0.658328 -0.864327 0.399658
v 0.644682 -0.864327 0.399658
v 0.644682 -0.864327 0.399658
v 0.658328 -0.864327 0.399658
v 0.644682 -0.858022 0.394821
v 0.658328 -0.864327 0.399658
v 0.658328 -0.858022 0.394821
v 0.644682 -0.858022 0.394821
v 0.644682 -0.858022 0.394821
v 0.658328 -0.858022 0.394821
v 0.644682 -0.853184 0.388516
v 0.658328 -0.858022 0.394821
v 0.658328 -0.853184 0.388516
v 0.644682 -0.853184 0.388516
v 0.644682 -0.853184 0.388516
v 0.658328 -0.853184 0.388516
v 0.644682 -0.850143 0.381173
v 0.658328 -0.853184 0.388516
v 0.658328 -0.850143 0.381173
v 0.644682 -0.850143 0.381173
v 0.644682 -0.850143 0.381173
v 0.658328 -0.850143 0.381173
v 0.644682 -0.849106 0.373294
v 0.658328 -0.850143 0.381173
v 0.658328 -0.849106 0.373294
v 0.644682 -0.849106 0.373294
v 0.644682 -0.849106 0.373294
v 0.658328 -0.849106 0.373294
v 0.644682 -0.850143 0.365415
v 0.658328 -0.849106 0.373294
v 0.658328 -0.850143 0.365415
v 0.644682 -0.850143 0.365415
v 0.644682 -0.850143 0.365415
v 0.658328 -0.850143 0.365415
v 0.644682 -0.853184 0.358073
v 0.658328 -0.850143 0.365415
v 0.658328 -0.853184 0.358073
v 0.644682 -0.853184 0.358073
v 0.644682 -0.853184 0.358073
v 0.658328 -0.853184 0.358073
v 0.644682 -0.858022 0.351768
v 0.658328 -0.853184 0.358073
v 0.658328 -0.858022 0.351768
v 0.644682 -0.858022 0.351768
v 0.644682 -0.858022 0.351768
v 0.658328 -0.858022 0.351768
v 0.644682 -0.864327 0.346930
v 0.658328 -0.858022 0.351768
v 0.658328 -0.864327 0.346930
v 0.644682 -0.864327 0.346930
v 0.644682 -0.864327 0.346930
v 0.658328 -0.864327 0.346930
v 0.644682 -0.871669 0.343889
v 0.658328 -0.864327 0.346930
v 0.658328 -0.871669 0.343889
v 0.644682 -0.871669 0.343889
v 0.644682 -0.871669 0.343889
v 0.658328 -0.871669 0.343889
v 0.644682 -0.879549 0.342851
v 0.658328 -0.871669 0.343889
v 0.658328 -0.879549 0.342851
v 0.644682 -0.879549 0.342851
v 0.644682 -0.879549 0.342851
v 0.658328 -0.879549 0.342851
v 0.644682 -0.887428 0.343889
v 0.658328 -0.879549 0.342851
v 0.658328 -0.887428 0.343889
v 0.644682 -0.887428 0.343889
v 0.644682 -0.887428 0.343889
v 0.658328 -0.887428 0.343889
v 0.644682 -0.894770 0.346930
v 0.658328 -0.887428 0.343889
v 0.658328 -0.894770 0.346930
v 0.644682 -0.894770 0.346930
v 0.644682 -0.894770 0.346930
v 0.658328 -0.894770 0.346930
v 0.644682 -0.901075 0.351768
v 0.658328 -0.894770 0.346930
v 0.658328 -0.901075 0.351768
v 0.644682 -0.901075 0.351768
v 0.644682 -0.901075 0.351768
v 0.658328 -0.901075 0.351768
v 0.644682 -0.905913 0.358073
v 0.658328 -0.901075 0.351768
v 0.658328 -0.905913 0.358073
v 0.644682 -0.905913 0.358073
v 0.644682 -0.905913 0.358073
v 0.658328 -0.905913 0.358073
v 0.644682 -0.908954 0.365415
v 0.658328 -0.905913 0.358073
v 0.658328 -0.908954 0.365415
v 0.644682 -0.908954 0.365415
v 0.644682 -0.908954 0.365415
v 0.658328 -0.908954 0.365415
v 0.644682 -0.909991 0.373294
v 0.658328 -0.908954 0.365415
v 0.658328 -0.909991 0.373294
v 0.644682 -0.909991 0.373294
v 0.644682 -0.909991 0.373294
v 0.658328 -0.909991 0.373294
v 0.644682 -0.908954 0.381173
v 0.658328 -0.909991 0.373294
v 0.658328 -0.908954 0.381173
v 0.644682 -0.908954 0.381173
v 0.644682 -0.908954 0.381173
v 0.658328 -0.908954 0.381173
v 0.644682 -0.905913 0.388516
v 0.658328 -0.908954 0.381173
v 0.658328 -0.905913 0.388516
v 0.644682 -0.905913 0.388516
v 0.644682 -0.905913 0.388516
v 0.658328 -0.905913 0.388516
v 0.644682 -0.901075 0.394821
v 0.658328 -0.905913 0.388516
v 0.658328 -0.901075 0.394821
v 0.644682 -0.901075 0.394821
v 0.644682 -0.901075 0.394821
v 0.658328 -0.901075 0.394821
v 0.644682 -0.894770 0.399658
v 0.658328 -0.901075 0.394821
v 0.658328 -0.894770 0.399658
v 0.644682 -0.894770 0.399658
v 0.644682 -0.894770 0.399658
v 0.658328 -0.894770 0.399658
v 0.644682 -0.887428 0.402700
v 0.658328 -0.894770 0.399658
v 0.658328 -0.887428 0.402700
v 0.644682 -0.887428 0.402700
v 0.644682 -0.887428 0.402700
v 0.658328 -0.887428 0.402700
v 0.644682 -0.879549 0.403737
v 0.658328 -0.887428 0.402700
v 0.658328 -0.879549 0.403737
v 0.644682 -0.879549 0.403737
v 0.579951 -0.879549 0.403737
v 0.566305 -0.879549 0.403737
v 0.579951 -0.887428 0.402700
v 0.566305 -0.879549 0.403737
v 0.566305 -0.887428 0.402700
v 0.579951 -0.887428 0.402700
v 0.579951 -0.887428 0.402700
v 0.566305 -0.887428 0.402700
v 0.579951 -0.894770 0.399658
v 0.566305 -0.887428 0.402700
v 0.566305 -0.894770 0.399658
v 0.579951 -0.894770 0.399658
v 0.579951 -0.894770 0.399658
v 0.566305 -0.894770 0.399658
v 0.579951 -0.901075 0.394821
v 0.566305 -0.894770 0.399658
v 0.566305 -0.901075 0.394821
v 0.579951 -0.901075 0.394821
v 0.579951 -0.901075 0.394821
v 0.566305 -0.901075 0.394821
v 0.579951 -0.905913 0.388516
v 0.566305 -0.901075 0.394821
v 0.566305 -0.905913 0.388516
v 0.579951 -0.905913 0.388516
v 0.579951 -0.905913 0.388516
v 0.566305 -0.905913 0.388516
v 0.579951 -0.908954 0.381173
v 0.566305 -0.905913 0.388516
v 0.566305 -0.908954 0.381173
v 0.579951 -0.908954 0.381173
v 0.579951 -0.908954 0.381173
v 0.566305 -0.908954 0.381173
v 0.579951 -0.909991 0.373294
v 0.566305 -0.908954 0.381173
v 0.566305 -0.909991 0.373294
v 0.579951 -0.909991 0.373294
v 0.579951 -0.909991 0.373294
v 0.566305 -0.909991 0.373294
v 0.579951 -0.908954 0.365415
v 0.566305 -0.909991 0.373294
v 0.566305 -0.908954 0.365415
v 0.579951 -0.908954 0.365415
v 0.579951 -0.908954 0.365415
v 0.566305 -0.908954 0.365415
v 0.579951 -0.905913 0.358073
v 0.566305 -0.908954 0.365415
v 0.566305 -0.905913 0.358073
v 0.579951 -0.905913 0.358073
v 0.579951 -0.905913 0.358073
v 0.566305 -0.905913 0.358073
v 0.579951 -0.901075 0.351768
v 0.566305 -0.905913 0.358073
v 0.566305 -0.901075 0.351768
v 0.579951 -0.901075 0.351768
v 0.579951 -0.901075 0.351768
v 0.566305 -0.901075 0.351768
v 0.579951 -0.894770 0.346930
v 0.566305 -0.901075 0.351768
v 0.566305 -0.894770 0.346930
v 0.579951 -0.894770 0.346930
v 0.579951 -0.894770 0.346930
v 0.566305 -0.894770 0.346930
v 0.579951 -0.887428 0.343889
v 0.566305 -0.894770 0.346930
v 0.566305 -0.887428 0.343889
v 0.579951 -0.887428 0.343889
v 0.579951 -0.887428 0.343889
v 0.566305 -0.887428 0.343889
v 0.579951 -0.879549 0.342851
v 0.566305 -0.887428 0.343889
v 0.566305 -0.879549 0.342851
v 0.579951 -0.879549 0.342851
v 0.579951 -0.879549 0.342851
v 0.566305 -0.879549 0.342851
v 0.579951 -0.871669 0.343889
v 0.566305 -0.879549 0.342851
v 0.566305 -0.871669 0.343889
v 0.579951 -0.871669 0.343889
v 0.579951 -0.871669 0.343889
v 0.566305 -0.871669 0.343889
v 0.579951 -0.864327 0.346930
v 0.566305 -0.871669 0.343889
v 0.566305 -0.864327 0.346930
v 0.579951 -0.864327 0.346930
v 0.579951 -0.864327 0.346930
v 0.566305 -0.864327 0.346930
v 0.579951 -0.858022 0.351768
v 0.566305 -0.864327 0.346930
v 0.566305 -0.858022 0.351768
v 0.579951 -0.858022 0.351768
v 0.579951 -0.858022 0.351768
v 0.566305 -0.858022 0.351768
v 0.579951 -0.853184 0.358073
v 0.566305 -0.858022 0.351768
v 0.566305 -0.853184 0.358073
v 0.579951 -0.853184 0.358073
v 0.579951 -0.853184 0.358073
v 0.566305 -0.853184 0.358073
v 0.579951 -0.850143 0.365415
v 0.566305 -0.853184 0.358073
v 0.566305 -0.850143 0.365415
v 0.579951 -0.850143 0.365415
v 0.579951 -0.850143 0.365415
v 0.566305 -0.850143 0.365415
v 0.579951 -0.849106 0.373294
v 0.566305 -0.850143 0.365415
v 0.566305 -0.849106 0.373294
v 0.579951 -0.849106 0.373294
v 0.579951 -0.849106 0.373294
v 0.566305 -0.849106 0.373294
v 0.579951 -0.850143 0.381173
v 0.566305 -0.849106 0.373294
v 0.566305 -0.850143 0.381173
v 0.579951 -0.850143 0.381173
v 0.579951 -0.850143 0.381173
v 0.566305 -0.850143 0.381173
v 0.579951 -0.853184 0.388516
v 0.566305 -0.850143 0.381173
v 0.566305 -0.853184 0.388516
v 0.579951 -0.853184 0.388516
v 0.579951 -0.853184 0.388516
v 0.566305 -0.853184 0.388516
v 0.579951 -0.858022 0.394821
v 0.566305 -0.853184 0.388516
v 0.566305 -0.858022 0.394821
v 0.579951 -0.858022 0.394821
v 0.579951 -0.858022 0.394821
v 0.566305 -0.858022 0.394821
v 0.579951 -0.864327 0.399658
v 0.566305 -0.858022 0.394821
v 0.566305 -0.864327 0.399658
v 0.579951 -0.864327 0.399658
v 0.579951 -0.864327 0.399658
v 0.566305 -0.864327 0.399658
v 0.579951 -0.871669 0.402700
v 0.566305 -0.864327 0.399658
v 0.566305 -0.871669 0.402700
v 0.579951 -0.871669 0.402700
v 0.579951 -0.871669 0.402700
v 0.566305 -0.871669 0.402700
v 0.579951 -0.879549 0.403737
v 0.566305 -0.871669 0.402700
v 0.566305 -0.879549 0.403737
v 0.579951 -0.879549 0.403737
v 0.566305 -0.879549 0.403737
v 0.548810 -0.879549 0.403737
v 0.566305 -0.887428 0.402700
v 0.548810 -0.879549 0.403737
v 0.548810 -0.887428 0.402700
v 0.566305 -0.887428 0.402700
v 0.566305 -0.887428 0.402700
v 0.548810 -0.887428 0.402700
v 0.566305 -0.894770 0.399658
v 0.548810 -0.887428 0.402700
v 0.548810 -0.894770 0.399658
v 0.566305 -0.894770 0.399658
v 0.566305 -0.894770 0.399658
v 0.548810 -0.894770 0.399658
v 0.566305 -0.901075 0.394821
v 0.548810 -0.894770 0.399658
v 0.548810 -0.901075 0.394821
v 0.566305 -0.901075 0.394821
v 0.566305 -0.901075 0.394821
v 0.548810 -0.901075 0.394821
v 0.566305 -0.905913 0.388516
v 0.548810 -0.901075 0.394821
v 0.548810 -0.905913 0.388516
v 0.566305 -0.905913 0.388516
v 0.566305 -0.905913 0.388516
v 0.548810 -0.905913 0.388516
v 0.566305 -0.908954 0.381173
v 0.548810 -0.905913 0.388516
v 0.548810 -0.908954 0.381173
v 0.566305 -0.908954 0.381173
v 0.566305 -0.908954 0.381173
v 0.548810 -0.908954 0.381173
v 0.566305 -0.909991 0.373294
v 0.548810 -0.908954 0.381173
v 0.548810 -0.909991 0.373294
v 0.566305 -0.909991 0.373294
v 0.566305 -0.909991 0.373294
v 0.548810 -0.909991 0.373294
v 0.566305 -0.908954 0.365415
v 0.548810 -0.909991 0.373294
v 0.548810 -0.908954 0.365415
v 0.566305 -0.908954 0.365415
v 0.566305 -0.908954 0.365415
v 0.548810 -0.908954 0.365415
v 0.566305 -0.905913 0.358073
v 0.548810 -0.908954 0.365415
v 0.548810 -0.905913 0.358073
v 0.566305 -0.905913 0.358073
v 0.566305 -0.905913 0.358073
v 0.548810 -0.905913 0.358073
v 0.566305 -0.901075 0.351768
v 0.548810 -0.905913 0.358073
v 0.548810 -0.901075 0.351768
v 0.566305 -0.901075 0.351768
v 0.566305 -0.901075 0.351768
v 0.548810 -0.901075 0.351768
v 0.566305 -0.894770 0.346930
v 0.548810 -0.901075 0.351768
v 0.548810 -0.894770 0.346930
v 0.566305 -0.894770 0.346930
v 0.566305 -0.894770 0.346930
v 0.548810 -0.894770 0.346930
v 0.566305 -0.887428 0.343889
v 0.548810 -0.894770 0.346930
v 0.548810 -0.887428 0.343889
v 0.566305 -0.887428 0.343889
v 0.566305 -0.887428 0.343889
v 0.548810 -0.887428 0.343889
v 0.566305 -0.879549 0.342851
v 0.548810 -0.887428 0.343889
v 0.548810 -0.879549 0.342851
v 0.566305 -0.879549 0.342851
v 0.566305 -0.879549 0.342851
v 0.548810 -0.879549 0.342851
v 0.566305 -0.871669 0.343889
v 0.548810 -0.879549 0.342851
v 0.548810 -0.871669 0.343889
v 0.566305 -0.871669 0.343889
v 0.566305 -0.871669 0.343889
v 0.548810 -0.871669 0.343889
v 0.566305 -0.864327 0.346930
v 0.548810 -0.871669 0.343889
v 0.548810 -0.864327 0.346930
v 0.566305 -0.864327 0.346930
v 0.566305 -0.864327 0.346930
v 0.548810 -0.864327 0.346930
v 0.566305 -0.858022 0.351768
v 0.548810 -0.864327 0.346930
v 0.548810 -0.858022 0.351768
v 0.566305 -0.858022 0.351768
v 0.566305 -0.858022 0.351768
v 0.548810 -0.858022 0.351768
v 0.566305 -0.853184 0.358073
v 0.548810 -0.858022 0.351768
v 0.548810 -0.853184 0.358073
v 0.566305 -0.853184 0.358073
v 0.566305 -0.853184 0.388516
v 0.548810 -0.853184 0.388516
v 0.566305 -0.858022 0.394821
v 0.548810 -0.853184 0.388516
v 0.548810 -0.858022 0.394821
v 0.566305 -0.858022 0.394821
v 0.566305 -0.858022 0.394821
v 0.548810 -0.858022 0.394821
v 0.566305 -0.864327 0.399658
v 0.548810 -0.858022 0.394821
v 0.548810 -0.864327 0.399658
v 0.566305 -0.864327 0.399658
v 0.566305 -0.864327 0.399658
v 0.548810 -0.864327 0.399658
v 0.566305 -0.871669 0.402700
v 0.548810 -0.864327 0.399658
v 0.548810 -0.871669 0.402700
v 0.566305 -0.871669 0.402700
v 0.566305 -0.871669 0.402700
v 0.548810 -0.871669 0.402700
v 0.566305 -0.879549 0.403737
v 0.548810 -0.871669 0.402700
v 0.548810 -0.879549 0.403737
v 0.566305 -0.879549 0.403737
v 0.658328 -0.879549 0.403737
v 0.675822 -0.879549 0.403737
v 0.658328 -0.871669 0.402700
v 0.675822 -0.879549 0.403737
v 0.675822 -0.871669 0.402700
v 0.658328 -0.871669 0.402700
v 0.658328 -0.871669 0.402700
v 0.675822 -0.871669 0.402700
v 0.658328 -0.864327 0.399658
v 0.675822 -0.871669 0.402700
v 0.675822 -0.864327 0.399658
v 0.658328 -0.864327 0.399658
v 0.658328 -0.864327 0.399658
v 0.675822 -0.864327 0.399658
v 0.658328 -0.858022 0.394821
v 0.675822 -0.864327 0.399658
v 0.675822 -0.858022 0.394821
v 0.658328 -0.858022 0.394821
v 0.658328 -0.858022 0.394821
v 0.675822 -0.858022 0.394821
v 0.658328 -0.853184 0.388516
v 0.675822 -0.858022 0.394821
v 0.675822 -0.853184 0.388516
v 0.658328 -0.853184 0.388516
v 0.658328 -0.853184 0.358073
v 0.675822 -0.853184 0.358073
v 0.658328 -0.858022 0.351768
v 0.675822 -0.853184 0.358073
v 0.675822 -0.858022 0.351768
v 0.658328 -0.858022 0.351768
v 0.658328 -0.858022 0.351768
v 0.675822 -0.858022 0.351768
v 0.658328 -0.864327 0.346930
v 0.675822 -0.858022 0.351768
v 0.675822 -0.864327 0.346930
v 0.658328 -0.864327 0.346930
v 0.658328 -0.864327 0.346930
v 0.675822 -0.864327 0.346930
v 0.658328 -0.871669 0.343889
v 0.675822 -0.864327 0.346930
v 0.675822 -0.871669 0.343889
v 0.658328 -0.871669 0.343889
v 0.658328 -0.871669 0.343889
v 0.675822 -0.871669 0.343889
v 0.658328 -0.879549 0.342851
v 0.675822 -0.871669 0.343889
v 0.675822 -0.879549 0.342851
v 0.658328 -0.879549 0.342851
v 0.658328 -0.879549 0.342851
v 0.675822 -0.879549 0.342851
v 0.658328 -0.887428 0.343889
v 0.675822 -0.879549 0.342851
v 0.675822 -0.887428 0.343889
v 0.658328 -0.887428 0.343889
v 0.658328 -0.887428 0.343889
v 0.675822 -0.887428 0.343889
v 0.658328 -0.894770 0.346930
v 0.675822 -0.887428 0.343889
v 0.675822 -0.894770 0.346930
v 0.658328 -0.894770 0.346930
v 0.658328 -0.894770 0.346930
v 0.675822 -0.894770 0.346930
v 0.658328 -0.901075 0.351768
v 0.675822 -0.894770 0.346930
v 0.675822 -0.901075 0.351768
v 0.658328 -0.901075 0.351768
v 0.658328 -0.901075 0.351768
v 0.675822 -0.901075 0.351768
v 0.658328 -0.905913 0.358073
v 0.675822 -0.901075 0.351768
v 0.675822 -0.905913 0.358073
v 0.658328 -0.905913 0.358073
v 0.658328 -0.905913 0.358073
v 0.675822 -0.905913 0.358073
v 0.658328 -0.908954 0.365415
v 0.675822 -0.905913 0.358073
v 0.675822 -0.908954 0.365415
v 0.658328 -0.908954 0.365415
v 0.658328 -0.908954 0.365415
v 0.675822 -0.908954 0.365415
v 0.658328 -0.909991 0.373294
v 0.675822 -0.908954 0.365415
v 0.675822 -0.909991 0.373294
v 0.658328 -0.909991 0.373294
v 0.658328 -0.909991 0.373294
v 0.675822 -0.909991 0.373294
v 0.658328 -0.908954 0.381173
v 0.675822 -0.909991 0.373294
v 0.675822 -0.908954 0.381173
v 0.658328 -0.908954 0.381173
v 0.658328 -0.908954 0.381173
v 0.675822 -0.908954 0.381173
v 0.658328 -0.905913 0.388516
v 0.675822 -0.908954 0.381173
v 0.675822 -0.905913 0.388516
v 0.658328 -0.905913 0.388516
v 0.658328 -0.905913 0.388516
v 0.675822 -0.905913 0.388516
v 0.658328 -0.901075 0.394821
v 0.675822 -0.905913 0.388516
v 0.675822 -0.901075 0.394821
v 0.658328 -0.901075 0.394821
v 0.658328 -0.901075 0.394821
v 0.675822 -0.901075 0.394821
v 0.658328 -0.894770 0.399658
v 0.675822 -0.901075 0.394821
v 0.675822 -0.894770 0.399658
v 0.658328 -0.894770 0.399658
v 0.658328 -0.894770 0.399658
v 0.675822 -0.894770 0.399658
v 0.658328 -0.887428 0.402700
v 0.675822 -0.894770 0.399658
v 0.675822 -0.887428 0.402700
v 0.658328 -0.887428 0.402700
v 0.658328 -0.887428 0.402700
v 0.675822 -0.887428 0.402700
v 0.658328 -0.879549 0.403737
v 0.675822 -0.887428 0.402700
v 0.675822 -0.879549 0.403737
v 0.658328 -0.879549 0.403737
v 0.675822 -0.850143 0.381173
v 0.675822 -0.723348 0.415700
v 0.675822 -0.853184 0.388516
v 0.675822 -0.723348 0.415700
v 0.675822 -0.723348 0.439130
v 0.675822 -0.853184 0.388516
v 0.675822 -0.853184 0.388516
v 0.675822 -0.723348 0.439130
v 0.658328 -0.853184 0.388516
v 0.675822 -0.723348 0.439130
v 0.658328 -0.723348 0.439130
v 0.658328 -0.853184 0.388516
v 0.658328 -0.853184 0.388516
v 0.658328 -0.723348 0.439130
v 0.658328 -0.850143 0.381173
v 0.658328 -0.723348 0.439130
v 0.658328 -0.723348 0.415700
v 0.658328 -0.850143 0.381173
v 0.658328 -0.850143 0.381173
v 0.658328 -0.723348 0.415700
v 0.658328 -0.849106 0.373294
v 0.658328 -0.723348 0.415700
v 0.658328 -0.723348 0.373294
v 0.658328 -0.849106 0.373294
v 0.658328 -0.849106 0.373294
v 0.658328 -0.723348 0.373294
v 0.658328 -0.850143 0.365415
v 0.658328 -0.723348 0.373294
v 0.658328 -0.723348 0.330888
v 0.658328 -0.850143 0.365415
v 0.658328 -0.850143 0.365415
v 0.658328 -0.723348 0.330888
v 0.658328 -0.853184 0.358073
v 0.658328 -0.723348 0.330888
v 0.658328 -0.723348 0.307459
v 0.658328 -0.853184 0.358073
v 0.658328 -0.853184 0.358073
v 0.658328 -0.723348 0.307459
v 0.675822 -0.853184 0.358073
v 0.658328 -0.723348 0.307459
v 0.675822 -0.723348 0.307459
v 0.675822 -0.853184 0.358073
v 0.675822 -0.853184 0.358073
v 0.675822 -0.723348 0.307459
v 0.675822 -0.850143 0.365415
v 0.675822 -0.723348 0.307459
v 0.675822 -0.723348 0.330888
v 0.675822 -0.850143 0.365415
v 0.675822 -0.850143 0.365415
v 0.675822 -0.723348 0.330888
v 0.675822 -0.849106 0.373294
v 0.675822 -0.723348 0.330888
v 0.675822 -0.723348 0.373294
v 0.675822 -0.849106 0.373294
v 0.675822 -0.849106 0.373294
v 0.675822 -0.723348 0.373294
v 0.675822 -0.850143 0.381173
v 0.675822 -0.723348 0.373294
v 0.675822 -0.723348 0.415700
v 0.675822 -0.850143 0.381173
v 0.548810 -0.850143 0.365415
v 0.548810 -0.723348 0.330888
v 0.548810 -0.853184 0.358073
v 0.548810 -0.723348 0.330888
v 0.548810 -0.723348 0.307459
v 0.548810 -0.853184 0.358073
v 0.548810 -0.853184 0.358073
v 0.548810 -0.723348 0.307459
v 0.566305 -0.853184 0.358073
v 0.548810 -0.723348 0.307459
v 0.566305 -0.723348 0.307459
v 0.566305 -0.853184 0.358073
v 0.566305 -0.853184 0.358073
v 0.566305 -0.723348 0.307459
v 0.566305 -0.850143 0.365415
v 0.566305 -0.723348 0.307459
v 0.566305 -0.723348 0.330888
v 0.566305 -0.850143 0.365415
v 0.566305 -0.850143 0.365415
v 0.566305 -0.723348 0.330888
v 0.566305 -0.849106 0.373294
v 0.566305 -0.723348 0.330888
v 0.566305 -0.723348 0.373294
v 0.566305 -0.849106 0.373294
v 0.566305 -0.849106 0.373294
v 0.566305 -0.723348 0.373294
v 0.566305 -0.850143 0.381173
v 0.566305 -0.723348 0.373294
v 0.566305 -0.723348 0.415700
v 0.566305 -0.850143 0.381173
v 0.566305 -0.850143 0.381173
v 0.566305 -0.723348 0.415700
v 0.566305 -0.853184 0.388516
v 0.566305 -0.723348 0.415700
v 0.566305 -0.723348 0.439130
v 0.566305 -0.853184 0.388516
v 0.566305 -0.853184 0.388516
v 0.566305 -0.723348 0.439130
v 0.548810 -0.853184 0.388516
v 0.566305 -0.723348 0.439130
v 0.548810 -0.723348 0.439130
v 0.548810 -0.853184 0.388516
v 0.548810 -0.853184 0.388516
v 0.548810 -0.723348 0.439130
v 0.548810 -0.850143 0.381173
v 0.548810 -0.723348 0.439130
v 0.548810 -0.723348 0.415700
v 0.548810 -0.850143 0.381173
v 0.548810 -0.850143 0.381173
v 0.548810 -0.723348 0.415700
v 0.548810 -0.849106 0.373294
v 0.548810 -0.723348 0.415700
v 0.548810 -0.723348 0.373294
v 0.548810 -0.849106 0.373294
v 0.548810 -0.849106 0.373294
v 0.548810 -0.723348 0.373294
v 0.548810 -0.850143 0.365415
v 0.548810 -0.723348 0.373294
v 0.548810 -0.723348 0.330888
v 0.548810 -0.850143 0.365415
v -0.675822 -0.879549 -0.363937
v -0.675822 -0.887428 -0.362899
v -0.675822 -0.871669 -0.362899
v -0.675822 -0.887428 -0.362899
v -0.675822 -0.894770 -0.359858
v -0.675822 -0.871669 -0.362899
v -0.675822 -0.894770 -0.359858
v -0.675822 -0.901075 -0.355020
v -0.675822 -0.871669 -0.362899
v -0.675822 -0.901075 -0.355020
v -0.675822 -0.905913 -0.348715
v -0.675822 -0.871669 -0.362899
v -0.675822 -0.905913 -0.348715
v -0.675822 -0.908954 -0.341373
v -0.675822 -0.871669 -0.362899
v -0.675822 -0.908954 -0.341373
v -0.675822 -0.909991 -0.333494
v -0.675822 -0.871669 -0.362899
v -0.675822 -0.909991 -0.333494
v -0.675822 -0.908954 -0.325615
v -0.675822 -0.871669 -0.362899
v -0.675822 -0.908954 -0.325615
v -0.675822 -0.905913 -0.318272
v -0.675822 -0.871669 -0.362899
v -0.675822 -0.905913 -0.318272
v -0.675822 -0.901075 -0.311967
v -0.675822 -0.871669 -0.362899
v -0.675822 -0.901075 -0.311967
v -0.675822 -0.894770 -0.307129
v -0.675822 -0.871669 -0.362899
v -0.675822 -0.894770 -0.307129
v -0.675822 -0.887428 -0.304088
v -0.675822 -0.871669 -0.362899
v -0.675822 -0.887428 -0.304088
v -0.675822 -0.879549 -0.303051
v -0.675822 -0.871669 -0.362899
v -0.675822 -0.879549 -0.303051
v -0.675822 -0.871669 -0.304088
v -0.675822 -0.871669 -0.362899
v -0.675822 -0.871669 -0.304088
v -0.675822 -0.864327 -0.307129
v -0.675822 -0.871669 -0.362899
v -0.675822 -0.864327 -0.307129
v -0.675822 -0.858022 -0.311967
v -0.675822 -0.871669 -0.362899
v -0.675822 -0.858022 -0.311967
v -0.675822 -0.853184 -0.318272
v -0.675822 -0.871669 -0.362899
v -0.675822 -0.853184 -0.318272
v -0.675822 -0.850143 -0.325615
v -0.675822 -0.871669 -0.362899
v -0.675822 -0.850143 -0.325615
v -0.675822 -0.849106 -0.333494
v -0.675822 -0.871669 -0.362899
v -0.675822 -0.849106 -0.333494
v -0.675822 -0.850143 -0.341373
v -0.675822 -0.871669 -0.362899
v -0.675822 -0.850143 -0.341373
v -0.675822 -0.853184 -0.348715
v -0.675822 -0.871669 -0.362899
v -0.675822 -0.853184 -0.348715
v -0.675822 -0.858022 -0.355020
v -0.675822 -0.871669 -0.362899
v -0.675822 -0.858022 -0.355020
v -0.675822 -0.864327 -0.359858
v -0.675822 -0.871669 -0.362899
v -0.548810 -0.879549 -0.363937
v -0.548810 -0.871669 -0.362899
v -0.548810 -0.887428 -0.362899
v -0.548810 -0.871669 -0.362899
v -0.548810 -0.864327 -0.359858
v -0.548810 -0.887428 -0.362899
v -0.548810 -0.864327 -0.359858
v -0.548810 -0.858022 -0.355020
v -0.548810 -0.887428 -0.362899
v -0.548810 -0.858022 -0.355020
v -0.548810 -0.853184 -0.348715
v -0.548810 -0.887428 -0.362899
v -0.548810 -0.853184 -0.348715
v -0.548810 -0.850143 -0.341373
v -0.548810 -0.887428 -0.362899
v -0.548810 -0.850143 -0.341373
v -0.548810 -0.849106 -0.333494
v -0.548810 -0.887428 -0.362899
v -0.548810 -0.849106 -0.333494
v -0.548810 -0.850143 -0.325615
v -0.548810 -0.887428 -0.362899
v -0.548810 -0.850143 -0.325615
v -0.548810 -0.853184 -0.318272
v -0.548810 -0.887428 -0.362899
v -0.548810 -0.853184 -0.318272
v -0.548810 -0.858022 -0.311967
v -0.548810 -0.887428 -0.362899
v -0.548810 -0.858022 -0.311967
v -0.548810 -0.864327 -0.307129
v -0.548810 -0.887428 -0.362899
v -0.548810 -0.864327 -0.307129
v -0.548810 -0.871669 -0.304088
v -0.548810 -0.887428 -0.362899
v -0.548810 -0.871669 -0.304088
v -0.548810 -0.879549 -0.303051
v -0.548810 -0.887428 -0.362899
v -0.548810 -0.879549 -0.303051
v -0.548810 -0.887428 -0.304088
v -0.548810 -0.887428 -0.362899
v -0.548810 -0.887428 -0.304088
v -0.548810 -0.894770 -0.307129
v -0.548810 -0.887428 -0.362899
v -0.548810 -0.894770 -0.307129
v -0.548810 -0.901075 -0.311967
v -0.548810 -0.887428 -0.362899
v -0.548810 -0.901075 -0.311967
v -0.548810 -0.905913 -0.318272
v -0.548810 -0.887428 -0.362899
v -0.548810 -0.905913 -0.318272
v -0.548810 -0.908954 -0.325615
v -0.548810 -0.887428 -0.362899
v -0.548810 -0.908954 -0.325615
v -0.548810 -0.909991 -0.333494
v -0.548810 -0.887428 -0.362899
v -0.548810 -0.909991 -0.333494
v -0.548810 -0.908954 -0.341373
v -0.548810 -0.887428 -0.362899
v -0.548810 -0.908954 -0.341373
v -0.548810 -0.905913 -0.348715
v -0.548810 -0.887428 -0.362899
v -0.548810 -0.905913 -0.348715
v -0.548810 -0.901075 -0.355020
v -0.548810 -0.887428 -0.362899
v -0.548810 -0.901075 -0.355020
v -0.548810 -0.894770 -0.359858
v -0.548810 -0.887428 -0.362899
v -0.644682 -0.879549 -0.363937
v -0.658327 -0.879549 -0.363937
v -0.644682 -0.871669 -0.362899
v -0.658327 -0.879549 -0.363937
v -0.658327 -0.871669 -0.362899
v -0.644682 -0.871669 -0.362899
v -0.644682 -0.871669 -0.362899
v -0.658327 -0.871669 -0.362899
v -0.644682 -0.864327 -0.359858
v -0.658327 -0.871669 -0.362899
v -0.658327 -0.864327 -0.359858
v -0.644682 -0.864327 -0.359858
v -0.644682 -0.864327 -0.359858
v -0.658327 -0.864327 -0.359858
v -0.644682 -0.858022 -0.355020
v -0.658327 -0.864327 -0.359858
v -0.658327 -0.858022 -0.355020
v -0.644682 -0.858022 -0.355020
v -0.644682 -0.858022 -0.355020
v -0.658327 -0.858022 -0.355020
v -0.644682 -0.853184 -0.348715
v -0.658327 -0.858022 -0.355020
v -0.658327 -0.853184 -0.348715
v -0.644682 -0.853184 -0.348715
v -0.644682 -0.853184 -0.348715
v -0.658327 -0.853184 -0.348715
v -0.644682 -0.850143 -0.341373
v -0.658327 -0.853184 -0.348715
v -0.658327 -0.850143 -0.341373
v -0.644682 -0.850143 -0.341373
v -0.644682 -0.850143 -0.341373
v -0.658327 -0.850143 -0.341373
v -0.644682 -0.849106 -0.333494
v -0.658327 -0.850143 -0.341373
v -0.658327 -0.849106 -0.333494
v -0.644682 -0.849106 -0.333494
v -0.644682 -0.849106 -0.333494
v -0.658327 -0.849106 -0.333494
v -0.644682 -0.850143 -0.325615
v -0.658327 -0.849106 -0.333494
v -0.658327 -0.850143 -0.325615
v -0.644682 -0.850143 -0.325615
v -0.644682 -0.850143 -0.325615
v -0.658327 -0.850143 -0.325615
v -0.644682 -0.853184 -0.318272
v -0.658327 -0.850143 -0.325615
v -0.658327 -0.853184 -0.318272
v -0.644682 -0.853184 -0.318272
v -0.644682 -0.853184 -0.318272
v -0.658327 -0.853184 -0.318272
v -0.644682 -0.858022 -0.311967
v -0.658327 -0.853184 -0.318272
v -0.658327 -0.858022 -0.311967
v -0.644682 -0.858022 -0.311967
v -0.644682 -0.858022 -0.311967
v -0.658327 -0.858022 -0.311967
v -0.644682 -0.864327 -0.307129
v -0.658327 -0.858022 -0.311967
v -0.658327 -0.864327 -0.307129
v -0.644682 -0.864327 -0.307129
v -0.644682 -0.864327 -0.307129
v -0.658327 -0.864327 -0.307129
v -0.644682 -0.871669 -0.304088
v -0.658327 -0.864327 -0.307129
v -0.658327 -0.871669 -0.304088
v -0.644682 -0.871669 -0.304088
v -0.644682 -0.871669 -0.304088
v -0.658327 -0.871669 -0.304088
v -0.644682 -0.879549 -0.303051
v -0.658327 -0.871669 -0.304088
v -0.658327 -0.879549 -0.303051
v -0.644682 -0.879549 -0.303051
v -0.644682 -0.879549 -0.303051
v -0.658327 -0.879549 -0.303051
v -0.644682 -0.887428 -0.304088
v -0.658327 -0.879549 -0.303051
v -0.658327 -0.887428 -0.304088
v -0.644682 -0.887428 -0.304088
v -0.644682 -0.887428 -0.304088
v -0.658327 -0.887428 -0.304088
v -0.644682 -0.894770 -0.307129
v -0.658327 -0.887428 -0.304088
v -0.658327 -0.894770 -0.307129
v -0.644682 -0.894770 -0.307129
v -0.644682 -0.894770 -0.307129
v -0.658327 -0.894770 -0.307129
v -0.644682 -0.901075 -0.311967
v -0.658327 -0.894770 -0.307129
v -0.658327 -0.901075 -0.311967
v -0.644682 -0.901075 -0.311967
v -0.644682 -0.901075 -0.311967
v -0.658327 -0.901075 -0.311967
v -0.644682 -0.905913 -0.318272
v -0.658327 -0.901075 -0.311967
v -0.658327 -0.905913 -0.318272
v -0.644682 -0.905913 -0.318272
v -0.644682 -0.905913 -0.318272
v -0.658327 -0.905913 -0.318272
v -0.644682 -0.908954 -0.325615
v -0.658327 -0.905913 -0.318272
v -0.658327 -0.908954 -0.325615
v -0.644682 -0.908954 -0.325615
v -0.644682 -0.908954 -0.325615
v -0.658327 -0.908954 -0.325615
v -0.644682 -0.909991 -0.333494
v -0.658327 -0.908954 -0.325615
v -0.658327 -0.909991 -0.333494
v -0.644682 -0.909991 -0.333494
v -0.644682 -0.909991 -0.333494
v -0.658327 -0.909991 -0.333494
v -0.644682 -0.908954 -0.341373
v -0.658327 -0.909991 -0.333494
v -0.658327 -0.908954 -0.341373
v -0.644682 -0.908954 -0.341373
v -0.644682 -0.908954 -0.341373
v -0.658327 -0.908954 -0.341373
v -0.644682 -0.905913 -0.348715
v -0.658327 -0.908954 -0.341373
v -0.658327 -0.905913 -0.348715
v -0.644682 -0.905913 -0.348715
v -0.644682 -0.905913 -0.348715
v -0.658327 -0.905913 -0.348715
v -0.644682 -0.901075 -0.355020
v -0.658327 -0.905913 -0.348715
v -0.658327 -0.901075 -0.355020
v -0.644682 -0.901075 -0.355020
v -0.644682 -0.901075 -0.355020
v -0.658327 -0.901075 -0.355020
v -0.644682 -0.894770 -0.359858
v -0.658327 -0.901075 -0.355020
v -0.658327 -0.894770 -0.359858
v -0.644682 -0.894770 -0.359858
v -0.644682 -0.894770 -0.359858
v -0.658327 -0.894770 -0.359858
v -0.644682 -0.887428 -0.362899
v -0.658327 -0.894770 -0.359858
v -0.658327 -0.887428 -0.362899
v -0.644682 -0.887428 -0.362899
v -0.644682 -0.887428 -0.362899
v -0.658327 -0.887428 -0.362899
v -0.644682 -0.879549 -0.363937
v -0.658327 -0.887428 -0.362899
v -0.658327 -0.879549 -0.363937
v -0.644682 -0.879549 -0.363937
v -0.579951 -0.879549 -0.363937
v -0.566305 -0.879549 -0.363937
v -0.579951 -0.887428 -0.362899
v -0.566305 -0.879549 -0.363937
v -0.566305 -0.887428 -0.362899
v -0.579951 -0.887428 -0.362899
v -0.579951 -0.887428 -0.362899
v -0.566305 -0.887428 -0.362899
v -0.579951 -0.894770 -0.359858
v -0.566305 -0.887428 -0.362899
v -0.566305 -0.894770 -0.359858
v -0.579951 -0.894770 -0.359858
v -0.579951 -0.894770 -0.359858
v -0.566305 -0.894770 -0.359858
v -0.579951 -0.901075 -0.355020
v -0.566305 -0.894770 -0.359858
v -0.566305 -0.901075 -0.355020
v -0.579951 -0.901075 -0.355020
v -0.579951 -0.901075 -0.355020
v -0.566305 -0.901075 -0.355020
v -0.579951 -0.905913 -0.348715
v -0.566305 -0.901075 -0.355020
v -0.566305 -0.905913 -0.348715
v -0.579951 -0.905913 -0.348715
v -0.579951 -0.905913 -0.348715
v -0.566305 -0.905913 -0.348715
v -0.579951 -0.908954 -0.341373
v -0.566305 -0.905913 -0.348715
v -0.566305 -0.908954 -0.341373
v -0.579951 -0.908954 -0.341373
v -0.579951 -0.908954 -0.341373
v -0.566305 -0.908954 -0.341373
v -0.579951 -0.909991 -0.333494
v -0.566305 -0.908954 -0.341373
v -0.566305 -0.909991 -0.333494
v -0.579951 -0.909991 -0.333494
v -0.579951 -0.909991 -0.333494
v -0.566305 -0.909991 -0.333494
v -0.579951 -0.908954 -0.325615
v -0.566305 -0.909991 -0.333494
v -0.566305 -0.908954 -0.325615
v -0.579951 -0.908954 -0.325615
v -0.579951 -0.908954 -0.325615
v -0.566305 -0.908954 -0.325615
v -0.579951 -0.905913 -0.318272
v -0.566305 -0.908954 -0.325615
v -0.566305 -0.905913 -0.318272
v -0.579951 -0.905913 -0.318272
v -0.579951 -0.905913 -0.318272
v -0.566305 -0.905913 -0.318272
v -0.579951 -0.901075 -0.311967
v -0.566305 -0.905913 -0.318272
v -0.566305 -0.901075 -0.311967
v -0.579951 -0.901075 -0.311967
v -0.579951 -0.901075 -0.311967
v -0.566305 -0.901075 -0.311967
v -0.579951 -0.894770 -0.307129
v -0.566305 -0.901075 -0.311967
v -0.566305 -0.894770 -0.307129
v -0.579951 -0.894770 -0.307129
v -0.579951 -0.894770 -0.307129
v -0.566305 -0.894770 -0.307129
v -0.579951 -0.887428 -0.304088
v -0.566305 -0.894770 -0.307129
v -0.566305 -0.887428 -0.304088
v -0.579951 -0.887428 -0.304088
v -0.579951 -0.887428 -0.304088
v -0.566305 -0.887428 -0.304088
v -0.579951 -0.879549 -0.303051
v -0.566305 -0.887428 -0.304088
v -0.566305 -0.879549 -0.303051
v -0.579951 -0.879549 -0.303051
v -0.579951 -0.879549 -0.303051
v -0.566305 -0.879549 -0.303051
v -0.579951 -0.871669 -0.304088
v -0.566305 -0.879549 -0.303051
v -0.566305 -0.871669 -0.304088
v -0.579951 -0.871669 -0.304088
v -0.579951 -0.871669 -0.304088
v -0.566305 -0.871669 -0.304088
v -0.579951 -0.864327 -0.307129
v -0.566305 -0.871669 -0.304088
v -0.566305 -0.864327 -0.307129
v -0.579951 -0.864327 -0.307129
v -0.579951 -0.864327 -0.307129
v -0.566305 -0.864327 -0.307129
v -0.579951 -0.858022 -0.311967
v -0.566305 -0.864327 -0.307129
v -0.566305 -0.858022 -0.311967
v -0.579951 -0.858022 -0.311967
v -0.579951 -0.858022 -0.311967
v -0.566305 -0.858022 -0.311967
v -0.579951 -0.853184 -0.318272
v -0.566305 -0.858022 -0.311967
v -0.566305 -0.853184 -0.318272
v -0.579951 -0.853184 -0.318272
v -0.579951 -0.853184 -0.318272
v -0.566305 -0.853184 -0.318272
v -0.579951 -0.850143 -0.325615
v -0.566305 -0.853184 -0.318272
v -0.566305 -0.850143 -0.325615
v -0.579951 -0.850143 -0.325615
v -0.579951 -0.850143 -0.325615
v -0.566305 -0.850143 -0.325615
v -0.579951 -0.849106 -0.333494
v -0.566305 -0.850143 -0.325615
v -0.566305 -0.849106 -0.333494
v -0.579951 -0.849106 -0.333494
v -0.579951 -0.849106 -0.333494
v -0.566305 -0.849106 -0.333494
v -0.579951 -0.850143 -0.341373
v -0.566305 -0.849106 -0.333494
v -0.566305 -0.850143 -0.341373
v -0.579951 -0.850143 -0.341373
v -0.579951 -0.850143 -0.341373
v -0.566305 -0.850143 -0.341373
v -0.579951 -0.853184 -0.348715
v -0.566305 -0.850143 -0.341373
v -0.566305 -0.853184 -0.348715
v -0.579951 -0.853184 -0.348715
v -0.579951 -0.853184 -0.348715
v -0.566305 -0.853184 -0.348715
v -0.579951 -0.858022 -0.355020
v -0.566305 -0.853184 -0.348715
v -0.566305 -0.858022 -0.355020
v -0.579951 -0.858022 -0.355020
v -0.579951 -0.858022 -0.355020
v -0.566305 -0.858022 -0.355020
v -0.579951 -0.864327 -0.359858
v -0.566305 -0.858022 -0.355020
v -0.566305 -0.864327 -0.359858
v -0.579951 -0.864327 -0.359858
v -0.579951 -0.864327 -0.359858
v -0.566305 -0.864327 -0.359858
v -0.579951 -0.871669 -0.362899
v -0.566305 -0.864327 -0.359858
v -0.566305 -0.871669 -0.362899
v -0.579951 -0.871669 -0.362899
v -0.579951 -0.871669 -0.362899
v -0.566305 -0.871669 -0.362899
v -0.579951 -0.879549 -0.363937
v -0.566305 -0.871669 -0.362899
v -0.566305 -0.879549 -0.363937
v -0.579951 -0.879549 -0.363937
v -0.566305 -0.879549 -0.363937
v -0.548810 -0.879549 -0.363937
v -0.566305 -0.887428 -0.362899
v -0.548810 -0.879549 -0.363937
v -0.548810 -0.887428 -0.362899
v -0.566305 -0.887428 -0.362899
v -0.566305 -0.887428 -0.362899
v -0.548810 -0.887428 -0.362899
v -0.566305 -0.894770 -0.359858
v -0.548810 -0.887428 -0.362899
v -0.548810 -0.894770 -0.359858
v -0.566305 -0.894770 -0.359858
v -0.566305 -0.894770 -0.359858
v -0.548810 -0.894770 -0.359858
v -0.566305 -0.901075 -0.355020
v -0.548810 -0.894770 -0.359858
v -0.548810 -0.901075 -0.355020
v -0.566305 -0.901075 -0.355020
v -0.566305 -0.901075 -0.355020
v -0.548810 -0.901075 -0.355020
v -0.566305 -0.905913 -0.348715
v -0.548810 -0.901075 -0.355020
v -0.548810 -0.905913 -0.348715
v -0.566305 -0.905913 -0.348715
v -0.566305 -0.905913 -0.348715
v -0.548810 -0.905913 -0.348715
v -0.566305 -0.908954 -0.341373
v -0.548810 -0.905913 -0.348715
v -0.548810 -0.908954 -0.341373
v -0.566305 -0.908954 -0.341373
v -0.566305 -0.908954 -0.341373
v -0.548810 -0.908954 -0.341373
v -0.566305 -0.909991 -0.333494
v -0.548810 -0.908954 -0.341373
v -0.548810 -0.909991 -0.333494
v -0.566305 -0.909991 -0.333494
v -0.566305 -0.909991 -0.333494
v -0.548810 -0.909991 -0.333494
v -0.566305 -0.908954 -0.325615
v -0.548810 -0.909991 -0.333494
v -0.548810 -0.908954 -0.325615
v -0.566305 -0.908954 -0.325615
v -0.566305 -0.908954 -0.325615
v -0.548810 -0.908954 -0.325615
v -0.566305 -0.905913 -0.318272
v -0.548810 -0.908954 -0.325615
v -0.548810 -0.905913 -0.318272
v -0.566305 -0.905913 -0.318272
v -0.566305 -0.905913 -0.318272
v -0.548810 -0.905913 -0.318272
v -0.566305 -0.901075 -0.311967
v -0.548810 -0.905913 -0.318272
v -0.548810 -0.901075 -0.311967
v -0.566305 -0.901075 -0.311967
v -0.566305 -0.901075 -0.311967
v -0.548810 -0.901075 -0.311967
v -0.566305 -0.894770 -0.307129
v -0.548810 -0.901075 -0.311967
v -0.548810 -0.894770 -0.307129
v -0.566305 -0.894770 -0.307129
v -0.566305 -0.894770 -0.307129
v -0.548810 -0.894770 -0.307129
v -0.566305 -0.887428 -0.304088
v -0.548810 -0.894770 -0.307129
v -0.548810 -0.887428 -0.304088
v -0.566305 -0.887428 -0.304088
v -0.566305 -0.887428 -0.304088
v -0.548810 -0.887428 -0.304088
v -0.566305 -0.879549 -0.303051
v -0.548810 -0.887428 -0.304088
v -0.548810 -0.879549 -0.303051
v -0.566305 -0.879549 -0.303051
v -0.566305 -0.879549 -0.303051
v -0.548810 -0.879549 -0.303051
v -0.566305 -0.871669 -0.304088
v -0.548810 -0.879549 -0.303051
v -0.548810 -0.871669 -0.304088
v -0.566305 -0.871669 -0.304088
v -0.566305 -0.871669 -0.304088
v -0.548810 -0.871669 -0.304088
v -0.566305 -0.864327 -0.307129
v -0.548810 -0.871669 -0.304088
v -0.548810 -0.864327 -0.307129
v -0.566305 -0.864327 -0.307129
v -0.566305 -0.864327 -0.307129
v -0.548810 -0.864327 -0.307129
v -0.566305 -0.858022 -0.311967
v -0.548810 -0.864327 -0.307129
v -0.548810 -0.858022 -0.311967
v -0.566305 -0.858022 -0.311967
v -0.566305 -0.858022 -0.311967
v -0.548810 -0.858022 -0.311967
v -0.566305 -0.853184 -0.318272
v -0.548810 -0.858022 -0.311967
v -0.548810 -0.853184 -0.318272
v -0.566305 -0.853184 -0.318272
v -0.566305 -0.853184 -0.348715
v -0.548810 -0.853184 -0.348715
v -0.566305 -0.858022 -0.355020
v -0.548810 -0.853184 -0.348715
v -0.548810 -0.858022 -0.355020
v -0.566305 -0.858022 -0.355020
v -0.566305 -0.858022 -0.355020
v -0.548810 -0.858022 -0.355020
v -0.566305 -0.864327 -0.359858
v -0.548810 -0.858022 -0.355020
v -0.548810 -0.864327 -0.359858
v -0.566305 -0.864327 -0.359858
v -0.566305 -0.864327 -0.359858
v -0.548810 -0.864327 -0.359858
v -0.566305 -0.871669 -0.362899
v -0.548810 -0.864327 -0.359858
v -0.548810 -0.871669 -0.362899
v -0.566305 -0.871669 -0.362899
v -0.566305 -0.871669 -0.362899
v -0.548810 -0.871669 -0.362899
v -0.566305 -0.879549 -0.363937
v -0.548810 -0.871669 -0.362899
v -0.548810 -0.879549 -0.363937
v -0.566305 -0.879549 -0.363937
v -0.658327 -0.879549 -0.363937
v -0.675822 -0.879549 -0.363937
v -0.658327 -0.871669 -0.362899
v -0.675822 -0.879549 -0.363937
v -0.675822 -0.871669 -0.362899
v -0.658327 -0.871669 -0.362899
v -0.658327 -0.871669 -0.362899
v -0.675822 -0.871669 -0.362899
v -0.658327 -0.864327 -0.359858
v -0.675822 -0.871669 -0.362899
v -0.675822 -0.864327 -0.359858
v -0.658327 -0.864327 -0.359858
v -0.658327 -0.864327 -0.359858
v -0.675822 -0.864327 -0.359858
v -0.658327 -0.858022 -0.355020
v -0.675822 -0.864327 -0.359858
v -0.675822 -0.858022 -0.355020
v -0.658327 -0.858022 -0.355020
v -0.658327 -0.858022 -0.355020
v -0.675822 -0.858022 -0.355020
v -0.658327 -0.853184 -0.348715
v -0.675822 -0.858022 -0.355020
v -0.675822 -0.853184 -0.348715
v -0.658327 -0.853184 -0.348715
v -0.658327 -0.853184 -0.318272
v -0.675822 -0.853184 -0.318272
v -0.658327 -0.858022 -0.311967
v -0.675822 -0.853184 -0.318272
v -0.675822 -0.858022 -0.311967
v -0.658327 -0.858022 -0.311967
v -0.658327 -0.858022 -0.311967
v -0.675822 -0.858022 -0.311967
v -0.658327 -0.864327 -0.307129
v -0.675822 -0.858022 -0.311967
v -0.675822 -0.864327 -0.307129
v -0.658327 -0.864327 -0.307129
v -0.658327 -0.864327 -0.307129
v -0.675822 -0.864327 -0.307129
v -0.658327 -0.871669 -0.304088
v -0.675822 -0.864327 -0.307129
v -0.675822 -0.871669 -0.304088
v -0.658327 -0.871669 -0.304088
v -0.658327 -0.871669 -0.304088
v -0.675822 -0.871669 -0.304088
v -0.658327 -0.879549 -0.303051
v -0.675822 -0.871669 -0.304088
v -0.675822 -0.879549 -0.303051
v -0.658327 -0.879549 -0.303051
v -0.658327 -0.879549 -0.303051
v -0.675822 -0.879549 -0.303051
v -0.658327 -0.887428 -0.304088
v -0.675822 -0.879549 -0.303051
v -0.675822 -0.887428 -0.304088
v -0.658327 -0.887428 -0.304088
v -0.658327 -0.887428 -0.304088
v -0.675822 -0.887428 -0.304088
v -0.658327 -0.894770 -0.307129
v -0.675822 -0.887428 -0.304088
v -0.675822 -0.894770 -0.307129
v -0.658327 -0.894770 -0.307129
v -0.658327 -0.894770 -0.307129
v -0.675822 -0.894770 -0.307129
v -0.658327 -0.901075 -0.311967
v -0.675822 -0.894770 -0.307129
v -0.675822 -0.901075 -0.311967
v -0.658327 -0.901075 -0.311967
v -0.658327 -0.901075 -0.311967
v -0.675822 -0.901075 -0.311967
v -0.658327 -0.905913 -0.318272
v -0.675822 -0.901075 -0.311967
v -0.675822 -0.905913 -0.318272
v -0.658327 -0.905913 -0.318272
v -0.658327 -0.905913 -0.318272
v -0.675822 -0.905913 -0.318272
v -0.658327 -0.908954 -0.325615
v -0.675822 -0.905913 -0.318272
v -0.675822 -0.908954 -0.325615
v -0.658327 -0.908954 -0.325615
v -0.658327 -0.908954 -0.325615
v -0.675822 -0.908954 -0.325615
v -0.658327 -0.909991 -0.333494
v -0.675822 -0.908954 -0.325615
v -0.675822 -0.909991 -0.333494
v -0.658327 -0.909991 -0.333494
v -0.658327 -0.909991 -0.333494
v -0.675822 -0.909991 -0.333494
v -0.658327 -0.908954 -0.341373
v -0.675822 -0.909991 -0.333494
v -0.675822 -0.908954 -0.341373
v -0.658327 -0.908954 -0.341373
v -0.658327 -0.908954 -0.341373
v -0.675822 -0.908954 -0.341373
v -0.658327 -0.905913 -0.348715
v -0.675822 -0.908954 -0.341373
v -0.675822 -0.905913 -0.348715
v -0.658327 -0.905913 -0.348715
v -0.658327 -0.905913 -0.348715
v -0.675822 -0.905913 -0.348715
v -0.658327 -0.901075 -0.355020
v -0.675822 -0.905913 -0.348715
v -0.675822 -0.901075 -0.355020
v -0.658327 -0.901075 -0.355020
v -0.658327 -0.901075 -0.355020
v -0.675822 -0.901075 -0.355020
v -0.658327 -0.894770 -0.359858
v -0.675822 -0.901075 -0.355020
v -0.675822 -0.894770 -0.359858
v -0.658327 -0.894770 -0.359858
v -0.658327 -0.894770 -0.359858
v -0.675822 -0.894770 -0.359858
v -0.658327 -0.887428 -0.362899
v -0.675822 -0.894770 -0.359858
v -0.675822 -0.887428 -0.362899
v -0.658327 -0.887428 -0.362899
v -0.658327 -0.887428 -0.362899
v -0.675822 -0.887428 -0.362899
v -0.658327 -0.879549 -0.363937
v -0.675822 -0.887428 -0.362899
v -0.675822 -0.879549 -0.363937
v -0.658327 -0.879549 -0.363937
v -0.675822 -0.850143 -0.341373
v -0.675822 -0.723348 -0.375900
v -0.675822 -0.853184 -0.348715
v -0.675822 -0.723348 -0.375900
v -0.675822 -0.723348 -0.399329
v -0.675822 -0.853184 -0.348715
v -0.675822 -0.853184 -0.348715
v -0.675822 -0.723348 -0.399329
v -0.658327 -0.853184 -0.348715
v -0.675822 -0.723348 -0.399329
v -0.658327 -0.723348 -0.399329
v -0.658327 -0.853184 -0.348715
v -0.658327 -0.853184 -0.348715
v -0.658327 -0.723348 -0.399329
v -0.658327 -0.850143 -0.341373
v -0.658327 -0.723348 -0.399329
v -0.658327 -0.723348 -0.375900
v -0.658327 -0.850143 -0.341373
v -0.658327 -0.850143 -0.341373
v -0.658327 -0.723348 -0.375900
v -0.658327 -0.849106 -0.333494
v -0.658327 -0.723348 -0.375900
v -0.658327 -0.723348 -0.333494
v -0.658327 -0.849106 -0.333494
v -0.658327 -0.849106 -0.333494
v -0.658327 -0.723348 -0.333494
v -0.658327 -0.850143 -0.325615
v -0.658327 -0.723348 -0.333494
v -0.658327 -0.723348 -0.291088
v -0.658327 -0.850143 -0.325615
v -0.658327 -0.850143 -0.325615
v -0.658327 -0.723348 -0.291088
v -0.658327 -0.853184 -0.318272
v -0.658327 -0.723348 -0.291088
v -0.658327 -0.723348 -0.267658
v -0.658327 -0.853184 -0.318272
v -0.658327 -0.853184 -0.318272
v -0.658327 -0.723348 -0.267658
v -0.675822 -0.853184 -0.318272
v -0.658327 -0.723348 -0.267658
v -0.675822 -0.723348 -0.267658
v -0.675822 -0.853184 -0.318272
v -0.675822 -0.853184 -0.318272
v -0.675822 -0.723348 -0.267658
v -0.675822 -0.850143 -0.325615
v -0.675822 -0.723348 -0.267658
v -0.675822 -0.723348 -0.291088
v -0.675822 -0.850143 -0.325615
v -0.675822 -0.850143 -0.325615
v -0.675822 -0.723348 -0.291088
v -0.675822 -0.849106 -0.333494
v -0.675822 -0.723348 -0.291088
v -0.675822 -0.723348 -0.333494
v -0.675822 -0.849106 -0.333494
v -0.675822 -0.849106 -0.333494
v -0.675822 -0.723348 -0.333494
v -0.675822 -0.850143 -0.341373
v -0.675822 -0.723348 -0.333494
v -0.675822 -0.723348 -0.375900
v -0.675822 -0.850143 -0.341373
v -0.548810 -0.850143 -0.325615
v -0.548810 -0.723348 -0.291088
v -0.548810 -0.853184 -0.318272
v -0.548810 -0.723348 -0.291088
v -0.548810 -0.723348 -0.267658
v -0.548810 -0.853184 -0.318272
v -0.548810 -0.853184 -0.318272
v -0.548810 -0.723348 -0.267658
v -0.566305 -0.853184 -0.318272
v -0.548810 -0.723348 -0.267658
v -0.566305 -0.723348 -0.267658
v -0.566305 -0.853184 -0.318272
v -0.566305 -0.853184 -0.318272
v -0.566305 -0.723348 -0.267658
v -0.566305 -0.850143 -0.325615
v -0.566305 -0.723348 -0.267658
v -0.566305 -0.723348 -0.291088
v -0.566305 -0.850143 -0.325615
v -0.566305 -0.850143 -0.325615
v -0.566305 -0.723348 -0.291088
v -0.566305 -0.849106 -0.333494
v -0.566305 -0.723348 -0.291088
v -0.566305 -0.723348 -0.333494
v -0.566305 -0.849106 -0.333494
v -0.566305 -0.849106 -0.333494
v -0.566305 -0.723348 -0.333494
v -0.566305 -0.850143 -0.341373
v -0.566305 -0.723348 -0.333494
v -0.566305 -0.723348 -0.375900
v -0.566305 -0.850143 -0.341373
v -0.566305 -0.850143 -0.341373
v -0.566305 -0.723348 -0.375900
v -0.566305 -0.853184 -0.348715
v -0.566305 -0.723348 -0.375900
v -0.566305 -0.723348 -0.399329
v -0.566305 -0.853184 -0.348715
v -0.566305 -0.853184 -0.348715
v -0.566305 -0.723348 -0.399329
v -0.548810 -0.853184 -0.348715
v -0.566305 -0.723348 -0.399329
v -0.548810 -0.723348 -0.399329
v -0.548810 -0.853184 -0.348715
v -0.548810 -0.853184 -0.348715
v -0.548810 -0.723348 -0.399329
v -0.548810 -0.850143 -0.341373
v -0.548810 -0.723348 -0.399329
v -0.548810 -0.723348 -0.375900
v -0.548810 -0.850143 -0.341373
v -0.548810 -0.850143 -0.341373
v -0.548810 -0.723348 -0.375900
v -0.548810 -0.849106 -0.333494
v -0.548810 -0.723348 -0.375900
v -0.548810 -0.723348 -0.333494
v -0.548810 -0.849106 -0.333494
v -0.548810 -0.849106 -0.333494
v -0.548810 -0.723348 -0.333494
v -0.548810 -0.850143 -0.325615
v -0.548810 -0.723348 -0.333494
v -0.548810 -0.723348 -0.291088
v -0.548810 -0.850143 -0.325615
v 0.675822 -0.879549 -0.363937
v 0.675822 -0.871669 -0.362899
v 0.675822 -0.887428 -0.362899
v 0.675822 -0.871669 -0.362899
v 0.675822 -0.864327 -0.359858
v 0.675822 -0.887428 -0.362899
v 0.675822 -0.864327 -0.359858
v 0.675822 -0.858022 -0.355020
v 0.675822 -0.887428 -0.362899
v 0.675822 -0.858022 -0.355020
v 0.675822 -0.853184 -0.348715
v 0.675822 -0.887428 -0.362899
v 0.675822 -0.853184 -0.348715
v 0.675822 -0.850143 -0.341373
v 0.675822 -0.887428 -0.362899
v 0.675822 -0.850143 -0.341373
v 0.675822 -0.849106 -0.333494
v 0.675822 -0.887428 -0.362899
v 0.675822 -0.849106 -0.333494
v 0.675822 -0.850143 -0.325615
v 0.675822 -0.887428 -0.362899
v 0.675822 -0.850143 -0.325615
v 0.675822 -0.853184 -0.318272
v 0.675822 -0.887428 -0.362899
v 0.675822 -0.853184 -0.318272
v 0.675822 -0.858022 -0.311967
v 0.675822 -0.887428 -0.362899
v 0.675822 -0.858022 -0.311967
v 0.675822 -0.864327 -0.307129
v 0.675822 -0.887428 -0.362899
v 0.675822 -0.864327 -0.307129
v 0.675822 -0.871669 -0.304088
v 0.675822 -0.887428 -0.362899
v 0.675822 -0.871669 -0.304088
v 0.675822 -0.879549 -0.303051
v 0.675822 -0.887428 -0.362899
v 0.675822 -0.879549 -0.303051
v 0.675822 -0.887428 -0.304088
v 0.675822 -0.887428 -0.362899
v 0.675822 -0.887428 -0.304088
v 0.675822 -0.894770 -0.307129
v 0.675822 -0.887428 -0.362899
v 0.675822 -0.894770 -0.307129
v 0.675822 -0.901075 -0.311967
v 0.675822 -0.887428 -0.362899
v 0.675822 -0.901075 -0.311967
v 0.675822 -0.905913 -0.318272
v 0.675822 -0.887428 -0.362899
v 0.675822 -0.905913 -0.318272
v 0.675822 -0.908954 -0.325615
v 0.675822 -0.887428 -0.362899
v 0.675822 -0.908954 -0.325615
v 0.675822 -0.909991 -0.333494
v 0.675822 -0.887428 -0.362899
v 0.675822 -0.909991 -0.333494
v 0.675822 -0.908954 -0.341373
v 0.675822 -0.887428 -0.362899
v 0.675822 -0.908954 -0.341373
v 0.675822 -0.905913 -0.348715
v 0.675822 -0.887428 -0.362899
v 0.675822 -0.905913 -0.348715
v 0.675822 -0.901075 -0.355020
v 0.675822 -0.887428 -0.362899
v 0.675822 -0.901075 -0.355020
v 0.675822 -0.894770 -0.359858
v 0.675822 -0.887428 -0.362899
v 0.548810 -0.879549 -0.363937
v 0.548810 -0.887428 -0.362899
v 0.548810 -0.871669 -0.362899
v 0.548810 -0.887428 -0.362899
v 0.548810 -0.894770 -0.359858
v 0.548810 -0.871669 -0.362899
v 0.548810 -0.894770 -0.359858
v 0.548810 -0.901075 -0.355020
v 0.548810 -0.871669 -0.362899
v 0.548810 -0.901075 -0.355020
v 0.548810 -0.905913 -0.348715
v 0.548810 -0.871669 -0.362899
v 0.548810 -0.905913 -0.348715
v 0.548810 -0.908954 -0.341373
v 0.548810 -0.871669 -0.362899
v 0.548810 -0.908954 -0.341373
v 0.548810 -0.909991 -0.333494
v 0.548810 -0.871669 -0.362899
v 0.548810 -0.909991 -0.333494
v 0.548810 -0.908954 -0.325615
v 0.548810 -0.871669 -0.362899
v 0.548810 -0.908954 -0.325615
v 0.548810 -0.905913 -0.318272
v 0.548810 -0.871669 -0.362899
v 0.548810 -0.905913 -0.318272
v 0.548810 -0.901075 -0.311967
v 0.548810 -0.871669 -0.362899
v 0.548810 -0.901075 -0.311967
v 0.548810 -0.894770 -0.307129
v 0.548810 -0.871669 -0.362899
v 0.548810 -0.894770 -0.307129
v 0.548810 -0.887428 -0.304088
v 0.548810 -0.871669 -0.362899
v 0.548810 -0.887428 -0.304088
v 0.548810 -0.879549 -0.303051
v 0.548810 -0.871669 -0.362899
v 0.548810 -0.879549 -0.303051
v 0.548810 -0.871669 -0.304088
v 0.548810 -0.871669 -0.362899
v 0.548810 -0.871669 -0.304088
v 0.548810 -0.864327 -0.307129
v 0.548810 -0.871669 -0.362899
v 0.548810 -0.864327 -0.307129
v 0.548810 -0.858022 -0.311967
v 0.548810 -0.871669 -0.362899
v 0.548810 -0.858022 -0.311967
v 0.548810 -0.853184 -0.318272
v 0.548810 -0.871669 -0.362899
v 0.548810 -0.853184 -0.318272
v 0.548810 -0.850143 -0.325615
v 0.548810 -0.871669 -0.362899
v 0.548810 -0.850143 -0.325615
v 0.548810 -0.849106 -0.333494
v 0.548810 -0.871669 -0.362899
v 0.548810 -0.849106 -0.333494
v 0.548810 -0.850143 -0.341373
v 0.548810 -0.871669 -0.362899
v 0.548810 -0.850143 -0.341373
v 0.548810 -0.853184 -0.348715
v 0.548810 -0.871669 -0.362899
v 0.548810 -0.853184 -0.348715
v 0.548810 -0.858022 -0.355020
v 0.548810 -0.871669 -0.362899
v 0.548810 -0.858022 -0.355020
v 0.548810 -0.864327 -0.359858
v 0.548810 -0.871669 -0.362899
v 0.644682 -0.879549 -0.363937
v 0.644682 -0.871669 -0.362899
v 0.658328 -0.879549 -0.363937
v 0.644682 -0.871669 -0.362899
v 0.658328 -0.871669 -0.362899
v 0.658328 -0.879549 -0.363937
v 0.644682 -0.871669 -0.362899
v 0.644682 -0.864327 -0.359858
v 0.658328 -0.871669 -0.362899
v 0.644682 -0.864327 -0.359858
v 0.658328 -0.864327 -0.359858
v 0.658328 -0.871669 -0.362899
v 0.644682 -0.864327 -0.359858
v 0.644682 -0.858022 -0.355020
v 0.658328 -0.864327 -0.359858
v 0.644682 -0.858022 -0.355020
v 0.658328 -0.858022 -0.355020
v 0.658328 -0.864327 -0.359858
v 0.644682 -0.858022 -0.355020
v 0.644682 -0.853184 -0.348715
v 0.658328 -0.858022 -0.355020
v 0.644682 -0.853184 -0.348715
v 0.658328 -0.853184 -0.348715
v 0.658328 -0.858022 -0.355020
v 0.644682 -0.853184 -0.348715
v 0.644682 -0.850143 -0.341373
v 0.658328 -0.853184 -0.348715
v 0.644682 -0.850143 -0.341373
v 0.658328 -0.850143 -0.341373
v 0.658328 -0.853184 -0.348715
v 0.644682 -0.850143 -0.341373
v 0.644682 -0.849106 -0.333494
v 0.658328 -0.850143 -0.341373
v 0.644682 -0.849106 -0.333494
v 0.658328 -0.849106 -0.333494
v 0.658328 -0.850143 -0.341373
v 0.644682 -0.849106 -0.333494
v 0.644682 -0.850143 -0.325615
v 0.658328 -0.849106 -0.333494
v 0.644682 -0.850143 -0.325615
v 0.658328 -0.850143 -0.325615
v 0.658328 -0.849106 -0.333494
v 0.644682 -0.850143 -0.325615
v 0.644682 -0.853184 -0.318272
v 0.658328 -0.850143 -0.325615
v 0.644682 -0.853184 -0.318272
v 0.658328 -0.853184 -0.318272
v 0.658328 -0.850143 -0.325615
v 0.644682 -0.853184 -0.318272
v 0.644682 -0.858022 -0.311967
v 0.658328 -0.853184 -0.318272
v 0.644682 -0.858022 -0.311967
v 0.658328 -0.858022 -0.311967
v 0.658328 -0.853184 -0.318272
v 0.644682 -0.858022 -0.311967
v 0.644682 -0.864327 -0.307129
v 0.658328 -0.858022 -0.311967
v 0.644682 -0.864327 -0.307129
v 0.658328 -0.864327 -0.307129
v 0.658328 -0.858022 -0.311967
v 0.644682 -0.864327 -0.307129
v 0.644682 -0.871669 -0.304088
v 0.658328 -0.864327 -0.307129
v 0.644682 -0.871669 -0.304088
v 0.658328 -0.871669 -0.304088
v 0.658328 -0.864327 -0.307129
v 0.644682 -0.871669 -0.304088
v 0.644682 -0.879549 -0.303051
v 0.658328 -0.871669 -0.304088
v 0.644682 -0.879549 -0.303051
v 0.658328 -0.879549 -0.303051
v 0.658328 -0.871669 -0.304088
v 0.644682 -0.879549 -0.303051
v 0.644682 -0.887428 -0.304088
v 0.658328 -0.879549 -0.303051
v 0.644682 -0.887428 -0.304088
v 0.658328 -0.887428 -0.304088
v 0.658328 -0.879549 -0.303051
v 0.644682 -0.887428 -0.304088
v 0.644682 -0.894770 -0.307129
v 0.658328 -0.887428 -0.304088
v 0.644682 -0.894770 -0.307129
v 0.658328 -0.894770 -0.307129
v 0.658328 -0.887428 -0.304088
v 0.644682 -0.894770 -0.307129
v 0.644682 -0.901075 -0.311967
v 0.658328 -0.894770 -0.307129
v 0.644682 -0.901075 -0.311967
v 0.658328 -0.901075 -0.311967
v 0.658328 -0.894770 -0.307129
v 0.644682 -0.901075 -0.311967
v 0.644682 -0.905913 -0.318272
v 0.658328 -0.901075 -0.311967
v 0.644682 -0.905913 -0.318272
v 0.658328 -0.905913 -0.318272
v 0.658328 -0.901075 -0.311967
v 0.644682 -0.905913 -0.318272
v 0.644682 -0.908954 -0.325615
v 0.658328 -0.905913 -0.318272
v 0.644682 -0.908954 -0.325615
v 0.658328 -0.908954 -0.325615
v 0.658328 -0.905913 -0.318272
v 0.644682 -0.908954 -0.325615
v 0.644682 -0.909991 -0.333494
v 0.658328 -0.908954 -0.325615
v 0.644682 -0.909991 -0.333494
v 0.658328 -0.909991 -0.333494
v 0.658328 -0.908954 -0.325615
v 0.644682 -0.909991 -0.333494
v 0.644682 -0.908954 -0.341373
v 0.658328 -0.909991 -0.333494
v 0.644682 -0.908954 -0.341373
v 0.658328 -0.908954 -0.341373
v 0.658328 -0.909991 -0.333494
v 0.644682 -0.908954 -0.341373
v 0.644682 -0.905913 -0.348715
v 0.658328 -0.908954 -0.341373
v 0.644682 -0.905913 -0.348715
v 0.658328 -0.905913 -0.348715
v 0.658328 -0.908954 -0.341373
v 0.644682 -0.905913 -0.348715
v 0.644682 -0.901075 -0.355020
v 0.658328 -0.905913 -0.348715
v 0.644682 -0.901075 -0.355020
v 0.658328 -0.901075 -0.355020
v 0.658328 -0.905913 -0.348715
v 0.644682 -0.901075 -0.355020
v 0.644682 -0.894770 -0.359858
v 0.658328 -0.901075 -0.355020
v 0.644682 -0.894770 -0.359858
v 0.658328 -0.894770 -0.359858
v 0.658328 -0.901075 -0.355020
v 0.644682 -0.894770 -0.359858
v 0.644682 -0.887428 -0.362899
v 0.658328 -0.894770 -0.359858
v 0.644682 -0.887428 -0.362899
v 0.658328 -0.887428 -0.362899
v 0.658328 -0.894770 -0.359858
v 0.644682 -0.887428 -0.362899
v 0.644682 -0.879549 -0.363937
v 0.658328 -0.887428 -0.362899
v 0.644682 -0.879549 -0.363937
v 0.658328 -0.879549 -0.363937
v 0.658328 -0.887428 -0.362899
v 0.579951 -0.879549 -0.363937
v 0.579951 -0.887428 -0.362899
v 0.566305 -0.879549 -0.363937
v 0.579951 -0.887428 -0.362899
v 0.566305 -0.887428 -0.362899
v 0.566305 -0.879549 -0.363937
v 0.579951 -0.887428 -0.362899
v 0.579951 -0.894770 -0.359858
v 0.566305 -0.887428 -0.362899
v 0.579951 -0.894770 -0.359858
v 0.566305 -0.894770 -0.359858
v 0.566305 -0.887428 -0.362899
v 0.579951 -0.894770 -0.359858
v 0.579951 -0.901075 -0.355020
v 0.566305 -0.894770 -0.359858
v 0.579951 -0.901075 -0.355020
v 0.566305 -0.901075 -0.355020
v 0.566305 -0.894770 -0.359858
v 0.579951 -0.901075 -0.355020
v 0.579951 -0.905913 -0.348715
v 0.566305 -0.901075 -0.355020
v 0.579951 -0.905913 -0.348715
v 0.566305 -0.905913 -0.348715
v 0.566305 -0.901075 -0.355020
v 0.579951 -0.905913 -0.348715
v 0.579951 -0.908954 -0.341373
v 0.566305 -0.905913 -0.348715
v 0.579951 -0.908954 -0.341373
v 0.566305 -0.908954 -0.341373
v 0.566305 -0.905913 -0.348715
v 0.579951 -0.908954 -0.341373
v 0.579951 -0.909991 -0.333494
v 0.566305 -0.908954 -0.341373
v 0.579951 -0.909991 -0.333494
v 0.566305 -0.909991 -0.333494
v 0.566305 -0.908954 -0.341373
v 0.579951 -0.909991 -0.333494
v 0.579951 -0.908954 -0.325615
v 0.566305 -0.909991 -0.333494
v 0.579951 -0.908954 -0.325615
v 0.566305 -0.908954 -0.325615
v 0.566305 -0.909991 -0.333494
v 0.579951 -0.908954 -0.325615
v 0.579951 -0.905913 -0.318272
v 0.566305 -0.908954 -0.325615
v 0.579951 -0.905913 -0.318272
v 0.566305 -0.905913 -0.318272
v 0.566305 -0.908954 -0.325615
v 0.579951 -0.905913 -0.318272
v 0.579951 -0.901075 -0.311967
v 0.566305 -0.905913 -0.318272
v 0.579951 -0.901075 -0.311967
v 0.566305 -0.901075 -0.311967
v 0.566305 -0.905913 -0.318272
v 0.579951 -0.901075 -0.311967
v 0.579951 -0.894770 -0.307129
v 0.566305 -0.901075 -0.311967
v 0.579951 -0.894770 -0.307129
v 0.566305 -0.894770 -0.307129
v 0.566305 -0.901075 -0.311967
v 0.579951 -0.894770 -0.307129
v 0.579951 -0.887428 -0.304088
v 0.566305 -0.894770 -0.307129
v 0.579951 -0.887428 -0.304088
v 0.566305 -0.887428 -0.304088
v 0.566305 -0.894770 -0.307129
v 0.579951 -0.887428 -0.304088
v 0.579951 -0.879549 -0.303051
v 0.566305 -0.887428 -0.304088
v 0.579951 -0.879549 -0.303051
v 0.566305 -0.879549 -0.303051
v 0.566305 -0.887428 -0.304088
v 0.579951 -0.879549 -0.303051
v 0.579951 -0.871669 -0.304088
v 0.566305 -0.879549 -0.303051
v 0.579951 -0.871669 -0.304088
v 0.566305 -0.871669 -0.304088
v 0.566305 -0.879549 -0.303051
v 0.579951 -0.871669 -0.304088
v 0.579951 -0.864327 -0.307129
v 0.566305 -0.871669 -0.304088
v 0.579951 -0.864327 -0.307129
v 0.566305 -0.864327 -0.307129
v 0.566305 -0.871669 -0.304088
v 0.579951 -0.864327 -0.307129
v 0.579951 -0.858022 -0.311967
v 0.566305 -0.864327 -0.307129
v 0.579951 -0.858022 -0.311967
v 0.566305 -0.858022 -0.311967
v 0.566305 -0.864327 -0.307129
v 0.579951 -0.858022 -0.311967
v 0.579951 -0.853184 -0.318272
v 0.566305 -0.858022 -0.311967
v 0.579951 -0.853184 -0.318272
v 0.566305 -0.853184 -0.318272
v 0.566305 -0.858022 -0.311967
v 0.579951 -0.853184 -0.318272
v 0.579951 -0.850143 -0.325615
v 0.566305 -0.853184 -0.318272
v 0.579951 -0.850143 -0.325615
v 0.566305 -0.850143 -0.325615
v 0.566305 -0.853184 -0.318272
v 0.579951 -0.850143 -0.325615
v 0.579951 -0.849106 -0.333494
v 0.566305 -0.850143 -0.325615
v 0.579951 -0.849106 -0.333494
v 0.566305 -0.849106 -0.333494
v 0.566305 -0.850143 -0.325615
v 0.579951 -0.849106 -0.333494
v 0.579951 -0.850143 -0.341373
v 0.566305 -0.849106 -0.333494
v 0.579951 -0.850143 -0.341373
v 0.566305 -0.850143 -0.341373
v 0.566305 -0.849106 -0.333494
v 0.579951 -0.850143 -0.341373
v 0.579951 -0.853184 -0.348715
v 0.566305 -0.850143 -0.341373
v 0.579951 -0.853184 -0.348715
v 0.566305 -0.853184 -0.348715
v 0.566305 -0.850143 -0.341373
v 0.579951 -0.853184 -0.348715
v 0.579951 -0.858022 -0.355020
v 0.566305 -0.853184 -0.348715
v 0.579951 -0.858022 -0.355020
v 0.566305 -0.858022 -0.355020
v 0.566305 -0.853184 -0.348715
v 0.579951 -0.858022 -0.355020
v 0.579951 -0.864327 -0.359858
v 0.566305 -0.858022 -0.355020
v 0.579951 -0.864327 -0.359858
v 0.566305 -0.864327 -0.359858
v 0.566305 -0.858022 -0.355020
v 0.579951 -0.864327 -0.359858
v 0.579951 -0.871669 -0.362899
v 0.566305 -0.864327 -0.359858
v 0.579951 -0.871669 -0.362899
v 0.566305 -0.871669 -0.362899
v 0.566305 -0.864327 -0.359858
v 0.579951 -0.871669 -0.362899
v 0.579951 -0.879549 -0.363937
v 0.566305 -0.871669 -0.362899
v 0.579951 -0.879549 -0.363937
v 0.566305 -0.879549 -0.363937
v 0.566305 -0.871669 -0.362899
v 0.566305 -0.879549 -0.363937
v 0.566305 -0.887428 -0.362899
v 0.548810 -0.879549 -0.363937
v 0.566305 -0.887428 -0.362899
v 0.548810 -0.887428 -0.362899
v 0.548810 -0.879549 -0.363937
v 0.566305 -0.887428 -0.362899
v 0.566305 -0.894770 -0.359858
v 0.548810 -0.887428 -0.362899
v 0.566305 -0.894770 -0.359858
v 0.548810 -0.894770 -0.359858
v 0.548810 -0.887428 -0.362899
v 0.566305 -0.894770 -0.359858
v 0.566305 -0.901075 -0.355020
v 0.548810 -0.894770 -0.359858
v 0.566305 -0.901075 -0.355020
v 0.548810 -0.901075 -0.355020
v 0.548810 -0.894770 -0.359858
v 0.566305 -0.901075 -0.355020
v 0.566305 -0.905913 -0.348715
v 0.548810 -0.901075 -0.355020
v 0.566305 -0.905913 -0.348715
v 0.548810 -0.905913 -0.348715
v 0.548810 -0.901075 -0.355020
v 0.566305 -0.905913 -0.348715
v 0.566305 -0.908954 -0.341373
v 0.548810 -0.905913 -0.348715
v 0.566305 -0.908954 -0.341373
v 0.548810 -0.908954 -0.341373
v 0.548810 -0.905913 -0.348715
v 0.566305 -0.908954 -0.341373
v 0.566305 -0.909991 -0.333494
v 0.548810 -0.908954 -0.341373
v 0.566305 -0.909991 -0.333494
v 0.548810 -0.909991 -0.333494
v 0.548810 -0.908954 -0.341373
v 0.566305 -0.909991 -0.333494
v 0.566305 -0.908954 -0.325615
v 0.548810 -0.909991 -0.333494
v 0.566305 -0.908954 -0.325615
v 0.548810 -0.908954 -0.325615
v 0.548810 -0.909991 -0.333494
v 0.566305 -0.908954 -0.325615
v 0.566305 -0.905913 -0.318272
v 0.548810 -0.908954 -0.325615
v 0.566305 -0.905913 -0.318272
v 0.548810 -0.905913 -0.318272
v 0.548810 -0.908954 -0.325615
v 0.566305 -0.905913 -0.318272
v 0.566305 -0.901075 -0.311967
v 0.548810 -0.905913 -0.318272
v 0.566305 -0.901075 -0.311967
v 0.548810 -0.901075 -0.311967
v 0.548810 -0.905913 -0.318272
v 0.566305 -0.901075 -0.311967
v 0.566305 -0.894770 -0.307129
v 0.548810 -0.901075 -0.311967
v 0.566305 -0.894770 -0.307129
v 0.548810 -0.894770 -0.307129
v 0.548810 -0.901075 -0.311967
v 0.566305 -0.894770 -0.307129
v 0.566305 -0.887428 -0.304088
v 0.548810 -0.894770 -0.307129
v 0.566305 -0.887428 -0.304088
v 0.548810 -0.887428 -0.304088
v 0.548810 -0.894770 -0.307129
v 0.566305 -0.887428 -0.304088
v 0.566305 -0.879549 -0.303051
v 0.548810 -0.887428 -0.304088
v 0.566305 -0.879549 -0.303051
v 0.548810 -0.879549 -0.303051
v 0.548810 -0.887428 -0.304088
v 0.566305 -0.879549 -0.303051
v 0.566305 -0.871669 -0.304088
v 0.548810 -0.879549 -0.303051
v 0.566305 -0.871669 -0.304088
v 0.548810 -0.871669 -0.304088
v 0.548810 -0.879549 -0.303051
v 0.566305 -0.871669 -0.304088
v 0.566305 -0.864327 -0.307129
v 0.548810 -0.871669 -0.304088
v 0.566305 -0.864327 -0.307129
v 0.548810 -0.864327 -0.307129
v 0.548810 -0.871669 -0.304088
v 0.566305 -0.864327 -0.307129
v 0.566305 -0.858022 -0.311967
v 0.548810 -0.864327 -0.307129
v 0.566305 -0.858022 -0.311967
v 0.548810 -0.858022 -0.311967
v 0.548810 -0.864327 -0.307129
v 0.566305 -0.858022 -0.311967
v 0.566305 -0.853184 -0.318272
v 0.548810 -0.858022 -0.311967
v 0.566305 -0.853184 -0.318272
v 0.548810 -0.853184 -0.318272
v 0.548810 -0.858022 -0.311967
v 0.566305 -0.853184 -0.348715
v 0.566305 -0.858022 -0.355020
v 0.548810 -0.853184 -0.348715
v 0.566305 -0.858022 -0.355020
v 0.548810 -0.858022 -0.355020
v 0.548810 -0.853184 -0.348715
v 0.566305 -0.858022 -0.355020
v 0.566305 -0.864327 -0.359858
v 0.548810 -0.858022 -0.355020
v 0.566305 -0.864327 -0.359858
v 0.548810 -0.864327 -0.359858
v 0.548810 -0.858022 -0.355020
v 0.566305 -0.864327 -0.359858
v 0.566305 -0.871669 -0.362899
v 0.548810 -0.864327 -0.359858
v 0.566305 -0.871669 -0.362899
v 0.548810 -0.871669 -0.362899
v 0.548810 -0.864327 -0.359858
v 0.566305 -0.871669 -0.362899
v 0.566305 -0.879549 -0.363937
v 0.548810 -0.871669 -0.362899
v 0.566305 -0.879549 -0.363937
v 0.548810 -0.879549 -0.363937
v 0.548810 -0.871669 -0.362899
v 0.658328 -0.879549 -0.363937
v 0.658328 -0.871669 -0.362899
v 0.675822 -0.879549 -0.363937
v 0.658328 -0.871669 -0.362899
v 0.675822 -0.871669 -0.362899
v 0.675822 -0.879549 -0.363937
v 0.658328 -0.871669 -0.362899
v 0.658328 -0.864327 -0.359858
v 0.675822 -0.871669 -0.362899
v 0.658328 -0.864327 -0.359858
v 0.675822 -0.864327 -0.359858
v 0.675822 -0.871669 -0.362899
v 0.658328 -0.864327 -0.359858
v 0.658328 -0.858022 -0.355020
v 0.675822 -0.864327 -0.359858
v 0.658328 -0.858022 -0.355020
v 0.675822 -0.858022 -0.355020
v 0.675822 -0.864327 -0.359858
v 0.658328 -0.858022 -0.355020
v 0.658328 -0.853184 -0.348715
v 0.675822 -0.858022 -0.355020
v 0.658328 -0.853184 -0.348715
v 0.675822 -0.853184 -0.348715
v 0.675822 -0.858022 -0.355020
v 0.658328 -0.853184 -0.318272
v 0.658328 -0.858022 -0.311967
v 0.675822 -0.853184 -0.318272
v 0.658328 -0.858022 -0.311967
v 0.675822 -0.858022 -0.311967
v 0.675822 -0.853184 -0.318272
v 0.658328 -0.858022 -0.311967
v 0.658328 -0.864327 -0.307129
v 0.675822 -0.858022 -0.311967
v 0.658328 -0.864327 -0.307129
v 0.675822 -0.864327 -0.307129
v 0.675822 -0.858022 -0.311967
v 0.658328 -0.864327 -0.307129
v 0.658328 -0.871669 -0.304088
v 0.675822 -0.864327 -0.307129
v 0.658328 -0.871669 -0.304088
v 0.675822 -0.871669 -0.304088
v 0.675822 -0.864327 -0.307129
v 0.658328 -0.871669 -0.304088
v 0.658328 -0.879549 -0.303051
v 0.675822 -0.871669 -0.304088
v 0.658328 -0.879549 -0.303051
v 0.675822 -0.879549 -0.303051
v 0.675822 -0.871669 -0.304088
v 0.658328 -0.879549 -0.303051
v 0.658328 -0.887428 -0.304088
v 0.675822 -0.879549 -0.303051
v 0.658328 -0.887428 -0.304088
v 0.675822 -0.887428 -0.304088
v 0.675822 -0.879549 -0.303051
v 0.658328 -0.887428 -0.304088
v 0.658328 -0.894770 -0.307129
v 0.675822 -0.887428 -0.304088
v 0.658328 -0.894770 -0.307129
v 0.675822 -0.894770 -0.307129
v 0.675822 -0.887428 -0.304088
v 0.658328 -0.894770 -0.307129
v 0.658328 -0.901075 -0.311967
v 0.675822 -0.894770 -0.307129
v 0.658328 -0.901075 -0.311967
v 0.675822 -0.901075 -0.311967
v 0.675822 -0.894770 -0.307129
v 0.658328 -0.901075 -0.311967
v 0.658328 -0.905913 -0.318272
v 0.675822 -0.901075 -0.311967
v 0.658328 -0.905913 -0.318272
v 0.675822 -0.905913 -0.318272
v 0.675822 -0.901075 -0.311967
v 0.658328 -0.905913 -0.318272
v 0.658328 -0.908954 -0.325615
v 0.675822 -0.905913 -0.318272
v 0.658328 -0.908954 -0.325615
v 0.675822 -0.908954 -0.325615
v 0.675822 -0.905913 -0.318272
v 0.658328 -0.908954 -0.325615
v 0.658328 -0.909991 -0.333494
v 0.675822 -0.908954 -0.325615
v 0.658328 -0.909991 -0.333494
v 0.675822 -0.909991 -0.333494
v 0.675822 -0.908954 -0.325615
v 0.658328 -0.909991 -0.333494
v 0.658328 -0.908954 -0.341373
v 0.675822 -0.909991 -0.333494
v 0.658328 -0.908954 -0.341373
v 0.675822 -0.908954 -0.341373
v 0.675822 -0.909991 -0.333494
v 0.658328 -0.908954 -0.341373
v 0.658328 -0.905913 -0.348715
v 0.675822 -0.908954 -0.341373
v 0.658328 -0.905913 -0.348715
v 0.675822 -0.905913 -0.348715
v 0.675822 -0.908954 -0.341373
v 0.658328 -0.905913 -0.348715
v 0.658328 -0.901075 -0.355020
v 0.675822 -0.905913 -0.348715
v 0.658328 -0.901075 -0.355020
v 0.675822 -0.901075 -0.355020
v 0.675822 -0.905913 -0.348715
v 0.658328 -0.901075 -0.355020
v 0.658328 -0.894770 -0.359858
v 0.675822 -0.901075 -0.355020
v 0.658328 -0.894770 -0.359858
v 0.675822 -0.894770 -0.359858
v 0.675822 -0.901075 -0.355020
v 0.658328 -0.894770 -0.359858
v 0.658328 -0.887428 -0.362899
v 0.675822 -0.894770 -0.359858
v 0.658328 -0.887428 -0.362899
v 0.675822 -0.887428 -0.362899
v 0.675822 -0.894770 -0.359858
v 0.658328 -0.887428 -0.362899
v 0.658328 -0.879549 -0.363937
v 0.675822 -0.887428 -0.362899
v 0.658328 -0.879549 -0.363937
v 0.675822 -0.879549 -0.363937
v 0.675822 -0.887428 -0.362899
v 0.675822 -0.850143 -0.341373
v 0.675822 -0.853184 -0.348715
v 0.675822 -0.723348 -0.375900
v 0.675822 -0.853184 -0.348715
v 0.675822 -0.723348 -0.399329
v 0.675822 -0.723348 -0.375900
v 0.675822 -0.853184 -0.348715
v 0.658328 -0.853184 -0.348715
v 0.675822 -0.723348 -0.399329
v 0.658328 -0.853184 -0.348715
v 0.658328 -0.723348 -0.399329
v 0.675822 -0.723348 -0.399329
v 0.658328 -0.853184 -0.348715
v 0.658328 -0.850143 -0.341373
v 0.658328 -0.723348 -0.399329
v 0.658328 -0.850143 -0.341373
v 0.658328 -0.723348 -0.375900
v 0.658328 -0.723348 -0.399329
v 0.658328 -0.850143 -0.341373
v 0.658328 -0.849106 -0.333494
v 0.658328 -0.723348 -0.375900
v 0.658328 -0.849106 -0.333494
v 0.658328 -0.723348 -0.333494
v 0.658328 -0.723348 -0.375900
v 0.658328 -0.849106 -0.333494
v 0.658328 -0.850143 -0.325615
v 0.658328 -0.723348 -0.333494
v 0.658328 -0.850143 -0.325615
v 0.658328 -0.723348 -0.291088
v 0.658328 -0.723348 -0.333494
v 0.658328 -0.850143 -0.325615
v 0.658328 -0.853184 -0.318272
v 0.658328 -0.723348 -0.291088
v 0.658328 -0.853184 -0.318272
v 0.658328 -0.723348 -0.267658
v 0.658328 -0.723348 -0.291088
v 0.658328 -0.853184 -0.318272
v 0.675822 -0.853184 -0.318272
v 0.658328 -0.723348 -0.267658
v 0.675822 -0.853184 -0.318272
v 0.675822 -0.723348 -0.267658
v 0.658328 -0.723348 -0.267658
v 0.675822 -0.853184 -0.318272
v 0.675822 -0.850143 -0.325615
v 0.675822 -0.723348 -0.267658
v 0.675822 -0.850143 -0.325615
v 0.675822 -0.723348 -0.291088
v 0.675822 -0.723348 -0.267658
v 0.675822 -0.850143 -0.325615
v 0.675822 -0.849106 -0.333494
v 0.675822 -0.723348 -0.291088
v 0.675822 -0.849106 -0.333494
v 0.675822 -0.723348 -0.333494
v 0.675822 -0.723348 -0.291088
v 0.675822 -0.849106 -0.333494
v 0.675822 -0.850143 -0.341373
v 0.675822 -0.723348 -0.333494
v 0.675822 -0.850143 -0.341373
v 0.675822 -0.723348 -0.375900
v 0.675822 -0.723348 -0.333494
v 0.548810 -0.850143 -0.325615
v 0.548810 -0.853184 -0.318272
v 0.548810 -0.723348 -0.291088
v 0.548810 -0.853184 -0.318272
v 0.548810 -0.723348 -0.267658
v 0.548810 -0.723348 -0.291088
v 0.548810 -0.853184 -0.318272
v 0.566305 -0.853184 -0.318272
v 0.548810 -0.723348 -0.267658
v 0.566305 -0.853184 -0.318272
v 0.566305 -0.723348 -0.267658
v 0.548810 -0.723348 -0.267658
v 0.566305 -0.853184 -0.318272
v 0.566305 -0.850143 -0.325615
v 0.566305 -0.723348 -0.267658
v 0.566305 -0.850143 -0.325615
v 0.566305 -0.723348 -0.291088
v 0.566305 -0.723348 -0.267658
v 0.566305 -0.850143 -0.325615
v 0.566305 -0.849106 -0.333494
v 0.566305 -0.723348 -0.291088
v 0.566305 -0.849106 -0.333494
v 0.566305 -0.723348 -0.333494
v 0.566305 -0.723348 -0.291088
v 0.566305 -0.849106 -0.333494
v 0.566305 -0.850143 -0.341373
v 0.566305 -0.723348 -0.333494
v 0.566305 -0.850143 -0.341373
v 0.566305 -0.723348 -0.375900
v 0.566305 -0.723348 -0.333494
v 0.566305 -0.850143 -0.341373
v 0.566305 -0.853184 -0.348715
v 0.566305 -0.723348 -0.375900
v 0.566305 -0.853184 -0.348715
v 0.566305 -0.723348 -0.399329
v 0.566305 -0.723348 -0.375900
v 0.566305 -0.853184 -0.348715
v 0.548810 -0.853184 -0.348715
v 0.566305 -0.723348 -0.399329
v 0.548810 -0.853184 -0.348715
v 0.548810 -0.723348 -0.399329
v 0.566305 -0.723348 -0.399329
v 0.548810 -0.853184 -0.348715
v 0.548810 -0.850143 -0.341373
v 0.548810 -0.723348 -0.399329
v 0.548810 -0.850143 -0.341373
v 0.548810 -0.723348 -0.375900
v 0.548810 -0.723348 -0.399329
v 0.548810 -0.850143 -0.341373
v 0.548810 -0.849106 -0.333494
v 0.548810 -0.723348 -0.375900
v 0.548810 -0.849106 -0.333494
v 0.548810 -0.723348 -0.333494
v 0.548810 -0.723348 -0.375900
v 0.548810 -0.849106 -0.333494
v 0.548810 -0.850143 -0.325615
v 0.548810 -0.723348 -0.333494
v 0.548810 -0.850143 -0.325615
v 0.548810 -0.723348 -0.291088
v 0.548810 -0.723348 -0.333494
v 0.651156 -0.745714 -0.400497
v 0.590971 -0.745714 -0.460682
v 0.739461 -0.713392 -0.488802
v 0.590971 -0.745714 -0.460682
v 0.679276 -0.713392 -0.548987
v 0.739461 -0.713392 -0.488802
v 0.590971 -0.745714 0.500483
v 0.651156 -0.745714 0.440297
v 0.679276 -0.713392 0.588788
v 0.651156 -0.745714 0.440297
v 0.739461 -0.713392 0.528602
v 0.679276 -0.713392 0.588788
v 0.807778 -0.645076 -0.557118
v 0.747592 -0.645076 -0.617304
v 0.840100 -0.556770 -0.589440
v 0.747592 -0.645076 -0.617304
v 0.779914 -0.556770 -0.649626
v 0.840100 -0.556770 -0.589440
v 0.747592 -0.645076 0.657104
v 0.807778 -0.645076 0.596919
v 0.779914 -0.556770 0.689426
v 0.807778 -0.645076 0.596919
v 0.840100 -0.556770 0.629241
v 0.779914 -0.556770 0.689426
v 0.907308 0.701102 0.677988
v 0.842307 0.701102 0.742988
v 0.840100 -0.556770 0.629241
v 0.842307 0.701102 0.742988
v 0.779914 -0.556770 0.689426
v 0.840100 -0.556770 0.629241
v 0.842307 0.701102 -0.703188
v 0.907308 0.701102 -0.638187
v 0.779914 -0.556770 -0.649626
v 0.907308 0.701102 -0.638187
v 0.840100 -0.556770 -0.589440
v 0.779914 -0.556770 -0.649626
v 0.807778 -0.645076 0.596919
v 0.747592 -0.645076 0.657104
v 0.739461 -0.713392 0.528602
v 0.747592 -0.645076 0.657104
v 0.679276 -0.713392 0.588788
v 0.739461 -0.713392 0.528602
v 0.747592 -0.645076 -0.617304
v 0.807778 -0.645076 -0.557118
v 0.679276 -0.713392 -0.548987
v 0.807778 -0.645076 -0.557118
v 0.739461 -0.713392 -0.488802
v 0.679276 -0.713392 -0.548987
v 0.507348 -0.745714 -0.495320
v 0.595653 -0.713392 -0.583625
v 0.590971 -0.745714 -0.460682
v 0.595653 -0.713392 -0.583625
v 0.679276 -0.713392 -0.548987
v 0.590971 -0.745714 -0.460682
v 0.774099 -0.713392 -0.405179
v 0.685794 -0.745714 -0.316874
v 0.739461 -0.713392 -0.488802
v 0.685794 -0.745714 -0.316874
v 0.651156 -0.745714 -0.400497
v 0.739461 -0.713392 -0.488802
v 0.685794 -0.745714 0.356674
v 0.774099 -0.713392 0.444979
v 0.651156 -0.745714 0.440297
v 0.774099 -0.713392 0.444979
v 0.739461 -0.713392 0.528602
v 0.651156 -0.745714 0.440297
v 0.595653 -0.713392 0.623426
v 0.507348 -0.745714 0.535121
v 0.679276 -0.713392 0.588788
v 0.507348 -0.745714 0.535121
v 0.590971 -0.745714 0.500483
v 0.679276 -0.713392 0.588788
v 0.663969 -0.645076 -0.651942
v 0.696291 -0.556770 -0.684263
v 0.747592 -0.645076 -0.617304
v 0.696291 -0.556770 -0.684263
v 0.779914 -0.556770 -0.649626
v 0.747592 -0.645076 -0.617304
v 0.842416 -0.645076 0.513296
v 0.874738 -0.556770 0.545618
v 0.807778 -0.645076 0.596919
v 0.874738 -0.556770 0.545618
v 0.840100 -0.556770 0.629241
v 0.807778 -0.645076 0.596919
v 0.874738 -0.556770 -0.505817
v 0.842416 -0.645076 -0.473495
v 0.840100 -0.556770 -0.589440
v 0.842416 -0.645076 -0.473495
v 0.807778 -0.645076 -0.557118
v 0.840100 -0.556770 -0.589440
v 0.696291 -0.556770 0.724064
v 0.663969 -0.645076 0.691742
v 0.779914 -0.556770 0.689426
v 0.663969 -0.645076 0.691742
v 0.747592 -0.645076 0.657104
v 0.779914 -0.556770 0.689426
v 0.751994 0.701102 0.780397
v 0.696291 -0.556770 0.724064
v 0.842307 0.701102 0.742988
v 0.696291 -0.556770 0.724064
v 0.779914 -0.556770 0.689426
v 0.842307 0.701102 0.742988
v 0.944717 0.701102 -0.547874
v 0.874738 -0.556770 -0.505817
v 0.907308 0.701102 -0.638187
v 0.874738 -0.556770 -0.505817
v 0.840100 -0.556770 -0.589440
v 0.907308 0.701102 -0.638187
v 0.874738 -0.556770 0.545618
v 0.944717 0.701102 0.587675
v 0.840100 -0.556770 0.629241
v 0.944717 0.701102 0.587675
v 0.907308 0.701102 0.677988
v 0.840100 -0.556770 0.629241
v 0.696291 -0.556770 -0.684263
v 0.751994 0.701102 -0.740597
v 0.779914 -0.556770 -0.649626
v 0.751994 0.701102 -0.740597
v 0.842307 0.701102 -0.703188
v 0.779914 -0.556770 -0.649626
v 0.663969 -0.645076 0.691742
v 0.595653 -0.713392 0.623426
v 0.747592 -0.645076 0.657104
v 0.595653 -0.713392 0.623426
v 0.679276 -0.713392 0.588788
v 0.747592 -0.645076 0.657104
v 0.842416 -0.645076 -0.473495
v 0.774099 -0.713392 -0.405179
v 0.807778 -0.645076 -0.557118
v 0.774099 -0.713392 -0.405179
v 0.739461 -0.713392 -0.488802
v 0.807778 -0.645076 -0.557118
v 0.774099 -0.713392 0.444979
v 0.842416 -0.645076 0.513296
v 0.739461 -0.713392 0.528602
v 0.842416 -0.645076 0.513296
v 0.807778 -0.645076 0.596919
v 0.739461 -0.713392 0.528602
v 0.595653 -0.713392 -0.583625
v 0.663969 -0.645076 -0.651942
v 0.679276 -0.713392 -0.548987
v 0.663969 -0.645076 -0.651942
v 0.747592 -0.645076 -0.617304
v 0.679276 -0.713392 -0.548987
v 0.986273 0.793824 -0.556141
v 0.933870 0.793824 -0.545717
v 0.986004 0.793824 0.019900
v 0.933870 0.793824 -0.545717
v 0.933870 0.793824 0.019900
v 0.986004 0.793824 0.019900
v 0.986004 0.793824 0.019900
v 0.933870 0.793824 0.019900
v 0.986273 0.793824 0.595941
v 0.933870 0.793824 0.019900
v 0.933870 0.793824 0.585517
v 0.986273 0.793824 0.595941
v 0.618023 0.750087 0.680682
v 0.000000 0.750087 0.680682
v 0.758808 0.750087 0.831209
v 0.000000 0.750087 0.680682
v 0.000000 0.750087 0.829557
v 0.758808 0.750087 0.831209
v 0.000000 0.750087 0.680682
v -0.618023 0.750087 0.680682
v 0.000000 0.750087 0.829557
v -0.618023 0.750087 0.680682
v -0.758808 0.750087 0.831209
v 0.000000 0.750087 0.829557
v -0.618023 0.750087 0.680682
v -0.707635 0.750087 0.643564
v -0.758808 0.750087 0.831209
v -0.707635 0.750087 0.643564
v -0.869029 0.750087 0.785807
v -0.758808 0.750087 0.831209
v -0.707635 0.750087 0.643564
v -0.772882 0.750087 0.578317
v -0.869029 0.750087 0.785807
v -0.772882 0.750087 0.578317
v -0.949211 0.750087 0.705718
v -0.869029 0.750087 0.785807
v -0.944717 0.701102 0.587675
v -0.986273 0.701102 0.595941
v -0.944717 0.701102 0.019900
v -0.986273 0.701102 0.595941
v -0.986004 0.701102 0.019900
v -0.944717 0.701102 0.019900
v -0.944717 0.701102 0.019900
v -0.986004 0.701102 0.019900
v -0.944717 0.701102 -0.547874
v -0.986004 0.701102 0.019900
v -0.986273 0.701102 -0.556140
v -0.944717 0.701102 -0.547874
v -0.933870 0.793824 -0.545717
v -0.986273 0.793824 -0.556140
v -0.933870 0.793824 0.019900
v -0.986273 0.793824 -0.556140
v -0.986004 0.793824 0.019900
v -0.933870 0.793824 0.019900
v -0.933870 0.793824 0.019900
v -0.986004 0.793824 0.019900
v -0.933870 0.793824 0.585517
v -0.986004 0.793824 0.019900
v -0.986273 0.793824 0.595941
v -0.933870 0.793824 0.585517
v -0.772882 0.750087 0.578317
v -0.810000 0.750087 0.488705
v -0.949211 0.750087 0.705718
v -0.810000 0.750087 0.488705
v -0.994700 0.750087 0.595604
v -0.949211 0.750087 0.705718
v -0.810000 0.750087 0.488705
v -0.810000 0.750087 0.019900
v -0.994700 0.750087 0.595604
v -0.810000 0.750087 0.019900
v -0.993877 0.750087 0.019900
v -0.994700 0.750087 0.595604
v -0.810000 0.750087 0.019900
v -0.810000 0.750087 -0.448904
v -0.993877 0.750087 0.019900
v -0.810000 0.750087 -0.448904
v -0.994700 0.750087 -0.555804
v -0.993877 0.750087 0.019900
v -0.810000 0.750087 -0.448904
v -0.772882 0.750087 -0.538516
v -0.994700 0.750087 -0.555804
v -0.772882 0.750087 -0.538516
v -0.949211 0.750087 -0.665917
v -0.994700 0.750087 -0.555804
v 0.944717 0.701102 -0.547874
v 0.986273 0.701102 -0.556141
v 0.944717 0.701102 0.019900
v 0.986273 0.701102 -0.556141
v 0.986004 0.701102 0.019900
v 0.944717 0.701102 0.019900
v 0.944717 0.701102 0.019900
v 0.986004 0.701102 0.019900
v 0.944717 0.701102 0.587675
v 0.986004 0.701102 0.019900
v 0.986273 0.701102 0.595941
v 0.944717 0.701102 0.587675
v 0.000000 0.793824 0.821685
v 0.760261 0.793824 0.821954
v 0.000000 0.793824 0.769550
v 0.760261 0.793824 0.821954
v 0.749837 0.793824 0.769550
v 0.000000 0.793824 0.769550
v 0.760261 0.793824 -0.782153
v 0.000000 0.793824 -0.781884
v 0.749837 0.793824 -0.729750
v 0.000000 0.793824 -0.781884
v 0.000000 0.793824 -0.729750
v 0.749837 0.793824 -0.729750
v -0.772882 0.750087 -0.538516
v -0.707635 0.750087 -0.603763
v -0.949211 0.750087 -0.665917
v -0.707635 0.750087 -0.603763
v -0.869029 0.750087 -0.746006
v -0.949211 0.750087 -0.665917
v -0.707635 0.750087 -0.603763
v -0.618023 0.750087 -0.640882
v -0.869029 0.750087 -0.746006
v -0.618023 0.750087 -0.640882
v -0.758808 0.750087 -0.791408
v -0.869029 0.750087 -0.746006
v -0.618023 0.750087 -0.640882
v 0.000000 0.750087 -0.640882
v -0.758808 0.750087 -0.791408
v 0.000000 0.750087 -0.640882
v 0.000000 0.750087 -0.789757
v -0.758808 0.750087 -0.791408
v 0.000000 0.750087 -0.640882
v 0.618023 0.750087 -0.640882
v 0.000000 0.750087 -0.789757
v 0.618023 0.750087 -0.640882
v 0.758808 0.750087 -0.791408
v 0.000000 0.750087 -0.789757
v 0.000000 0.701102 0.821685
v -0.760260 0.701102 0.821954
v 0.000000 0.701102 0.780397
v -0.760260 0.701102 0.821954
v -0.751994 0.701102 0.780397
v 0.000000 0.701102 0.780397
v -0.760260 0.701102 -0.782153
v 0.000000 0.701102 -0.781884
v -0.751994 0.701102 -0.740597
v 0.000000 0.701102 -0.781884
v 0.000000 0.701102 -0.740597
v -0.751994 0.701102 -0.740597
v -0.745751 0.920236 0.749011
v -0.739098 0.952577 0.715562
v -0.824529 0.920236 0.716381
v -0.739098 0.952577 0.715562
v -0.805581 0.952577 0.688024
v -0.824529 0.920236 0.716381
v -0.824529 0.920236 0.716381
v -0.805581 0.952577 0.688024
v -0.880700 0.920236 0.660209
v -0.805581 0.952577 0.688024
v -0.852343 0.952577 0.641262
v -0.880700 0.920236 0.660209
v -0.880700 0.920236 0.660209
v -0.852343 0.952577 0.641262
v -0.913331 0.920236 0.581432
v -0.852343 0.952577 0.641262
v -0.879881 0.952577 0.574778
v -0.913331 0.920236 0.581432
v -0.913331 0.920236 -0.541631
v -0.879881 0.952577 -0.534978
v -0.880700 0.920236 -0.620409
v -0.879881 0.952577 -0.534978
v -0.852343 0.952577 -0.601461
v -0.880700 0.920236 -0.620409
v -0.880700 0.920236 -0.620409
v -0.852343 0.952577 -0.601461
v -0.824529 0.920236 -0.676580
v -0.852343 0.952577 -0.601461
v -0.805581 0.952577 -0.648223
v -0.824529 0.920236 -0.676580
v -0.824529 0.920236 -0.676580
v -0.805581 0.952577 -0.648223
v -0.745751 0.920236 -0.709211
v -0.805581 0.952577 -0.648223
v -0.739098 0.952577 -0.675761
v -0.745751 0.920236 -0.709211
v -0.749837 0.793824 0.769550
v -0.748932 0.884824 0.765000
v -0.836163 0.793824 0.733793
v -0.748932 0.884824 0.765000
v -0.833586 0.884824 0.729935
v -0.836163 0.793824 0.733793
v -0.836163 0.793824 0.733793
v -0.833586 0.884824 0.729935
v -0.898112 0.793824 0.671844
v -0.833586 0.884824 0.729935
v -0.894255 0.884824 0.669266
v -0.898112 0.793824 0.671844
v -0.898112 0.793824 0.671844
v -0.894255 0.884824 0.669266
v -0.933870 0.793824 0.585517
v -0.894255 0.884824 0.669266
v -0.929320 0.884824 0.584612
v -0.933870 0.793824 0.585517
v -0.933870 0.793824 -0.545717
v -0.929320 0.884824 -0.544812
v -0.898112 0.793824 -0.632043
v -0.929320 0.884824 -0.544812
v -0.894255 0.884824 -0.629466
v -0.898112 0.793824 -0.632043
v -0.898112 0.793824 -0.632043
v -0.894255 0.884824 -0.629466
v -0.836163 0.793824 -0.693992
v -0.894255 0.884824 -0.629466
v -0.833586 0.884824 -0.690135
v -0.836163 0.793824 -0.693992
v -0.836163 0.793824 -0.693992
v -0.833586 0.884824 -0.690135
v -0.749837 0.793824 -0.729750
v -0.833586 0.884824 -0.690135
v -0.748932 0.884824 -0.725200
v -0.749837 0.793824 -0.729750
v -0.785226 0.967022 -0.617759
v -0.731950 0.967022 -0.639827
v -0.805581 0.952577 -0.648223
v -0.731950 0.967022 -0.639827
v -0.739098 0.952577 -0.675761
v -0.805581 0.952577 -0.648223
v -0.821879 0.967022 -0.581106
v -0.785226 0.967022 -0.617759
v -0.852343 0.952577 -0.601461
v -0.785226 0.967022 -0.617759
v -0.805581 0.952577 -0.648223
v -0.852343 0.952577 -0.601461
v -0.843947 0.967022 -0.527830
v -0.821879 0.967022 -0.581106
v -0.879881 0.952577 -0.534978
v -0.821879 0.967022 -0.581106
v -0.852343 0.952577 -0.601461
v -0.879881 0.952577 -0.534978
v -0.821879 0.967022 0.620906
v -0.843947 0.967022 0.567631
v -0.852343 0.952577 0.641262
v -0.843947 0.967022 0.567631
v -0.879881 0.952577 0.574778
v -0.852343 0.952577 0.641262
v -0.785226 0.967022 0.657560
v -0.821879 0.967022 0.620906
v -0.805581 0.952577 0.688024
v -0.821879 0.967022 0.620906
v -0.852343 0.952577 0.641262
v -0.805581 0.952577 0.688024
v -0.731950 0.967022 0.679627
v -0.785226 0.967022 0.657560
v -0.739098 0.952577 0.715562
v -0.785226 0.967022 0.657560
v -0.805581 0.952577 0.688024
v -0.739098 0.952577 0.715562
v -0.824529 0.920236 -0.676580
v -0.745751 0.920236 -0.709211
v -0.833586 0.884824 -0.690135
v -0.745751 0.920236 -0.709211
v -0.748932 0.884824 -0.725200
v -0.833586 0.884824 -0.690135
v -0.880700 0.920236 -0.620409
v -0.824529 0.920236 -0.676580
v -0.894255 0.884824 -0.629466
v -0.824529 0.920236 -0.676580
v -0.833586 0.884824 -0.690135
v -0.894255 0.884824 -0.629466
v -0.913331 0.920236 -0.541631
v -0.880700 0.920236 -0.620409
v -0.929320 0.884824 -0.544812
v -0.880700 0.920236 -0.620409
v -0.894255 0.884824 -0.629466
v -0.929320 0.884824 -0.544812
v -0.880700 0.920236 0.660209
v -0.913331 0.920236 0.581432
v -0.894255 0.884824 0.669266
v -0.913331 0.920236 0.581432
v -0.929320 0.884824 0.584612
v -0.894255 0.884824 0.669266
v -0.824529 0.920236 0.716381
v -0.880700 0.920236 0.660209
v -0.833586 0.884824 0.729935
v -0.880700 0.920236 0.660209
v -0.894255 0.884824 0.669266
v -0.833586 0.884824 0.729935
v -0.745751 0.920236 0.749011
v -0.824529 0.920236 0.716381
v -0.748932 0.884824 0.765000
v -0.824529 0.920236 0.716381
v -0.833586 0.884824 0.729935
v -0.748932 0.884824 0.765000
v 0.000000 -0.645076 -0.651942
v 0.663969 -0.645076 -0.651942
v 0.000000 -0.713392 -0.583625
v 0.663969 -0.645076 -0.651942
v 0.595653 -0.713392 -0.583625
v 0.000000 -0.713392 -0.583625
v 0.663969 -0.645076 0.691742
v 0.000000 -0.645076 0.691742
v 0.595653 -0.713392 0.623426
v 0.000000 -0.645076 0.691742
v 0.000000 -0.713392 0.623426
v 0.595653 -0.713392 0.623426
v 0.000000 0.701102 -0.740597
v 0.751994 0.701102 -0.740597
v 0.000000 -0.556770 -0.684263
v 0.751994 0.701102 -0.740597
v 0.696291 -0.556770 -0.684263
v 0.000000 -0.556770 -0.684263
v 0.751994 0.701102 0.780397
v 0.000000 0.701102 0.780397
v 0.696291 -0.556770 0.724064
v 0.000000 0.701102 0.780397
v 0.000000 -0.556770 0.724064
v 0.696291 -0.556770 0.724064
v 0.696291 -0.556770 0.724064
v 0.000000 -0.556770 0.724064
v 0.663969 -0.645076 0.691742
v 0.000000 -0.556770 0.724064
v 0.000000 -0.645076 0.691742
v 0.663969 -0.645076 0.691742
v 0.000000 -0.556770 -0.684263
v 0.696291 -0.556770 -0.684263
v 0.000000 -0.645076 -0.651942
v 0.696291 -0.556770 -0.684263
v 0.663969 -0.645076 -0.651942
v 0.000000 -0.645076 -0.651942
v 0.595653 -0.713392 0.623426
v 0.000000 -0.713392 0.623426
v 0.507348 -0.745714 0.535121
v 0.000000 -0.713392 0.623426
v 0.000000 -0.745714 0.535121
v 0.507348 -0.745714 0.535121
v 0.000000 -0.713392 -0.583625
v 0.595653 -0.713392 -0.583625
v 0.000000 -0.745714 -0.495320
v 0.595653 -0.713392 -0.583625
v 0.507348 -0.745714 -0.495320
v 0.000000 -0.745714 -0.495320
v 0.836163 0.793824 0.733793
v 0.749837 0.793824 0.769550
v 0.865847 0.793824 0.778218
v 0.749837 0.793824 0.769550
v 0.760261 0.793824 0.821954
v 0.865847 0.793824 0.778218
v 0.898112 0.793824 0.671844
v 0.836163 0.793824 0.733793
v 0.942538 0.793824 0.701528
v 0.836163 0.793824 0.733793
v 0.865847 0.793824 0.778218
v 0.942538 0.793824 0.701528
v 0.933870 0.793824 0.585517
v 0.898112 0.793824 0.671844
v 0.986273 0.793824 0.595941
v 0.898112 0.793824 0.671844
v 0.942538 0.793824 0.701528
v 0.986273 0.793824 0.595941
v 0.898112 0.793824 -0.632043
v 0.933870 0.793824 -0.545717
v 0.942538 0.793824 -0.661727
v 0.933870 0.793824 -0.545717
v 0.986273 0.793824 -0.556141
v 0.942538 0.793824 -0.661727
v 0.836163 0.793824 -0.693992
v 0.898112 0.793824 -0.632043
v 0.865847 0.793824 -0.738418
v 0.898112 0.793824 -0.632043
v 0.942538 0.793824 -0.661727
v 0.865847 0.793824 -0.738418
v 0.749837 0.793824 -0.729750
v 0.836163 0.793824 -0.693992
v 0.760261 0.793824 -0.782153
v 0.836163 0.793824 -0.693992
v 0.865847 0.793824 -0.738418
v 0.760261 0.793824 -0.782153
v 0.618023 0.750087 -0.640882
v 0.707635 0.750087 -0.603763
v 0.758808 0.750087 -0.791408
v 0.707635 0.750087 -0.603763
v 0.869029 0.750087 -0.746006
v 0.758808 0.750087 -0.791408
v 0.707635 0.750087 -0.603763
v 0.772882 0.750087 -0.538516
v 0.869029 0.750087 -0.746006
v 0.772882 0.750087 -0.538516
v 0.949211 0.750087 -0.665917
v 0.869029 0.750087 -0.746006
v 0.000000 0.952577 0.715562
v -0.739098 0.952577 0.715562
v 0.000000 0.920236 0.749011
v -0.739098 0.952577 0.715562
v -0.745751 0.920236 0.749011
v 0.000000 0.920236 0.749011
v -0.739098 0.952577 -0.675761
v 0.000000 0.952807 -0.675523
v -0.745751 0.920236 -0.709211
v 0.000000 0.952807 -0.675523
v 0.000000 0.920006 -0.709449
v -0.745751 0.920236 -0.709211
v 0.000000 0.884824 0.765000
v -0.748932 0.884824 0.765000
v 0.000000 0.793824 0.769550
v -0.748932 0.884824 0.765000
v -0.749837 0.793824 0.769550
v 0.000000 0.793824 0.769550
v -0.748932 0.884824 -0.725200
v 0.000000 0.884826 -0.725200
v -0.749837 0.793824 -0.729750
v 0.000000 0.884826 -0.725200
v 0.000000 0.793824 -0.729750
v -0.749837 0.793824 -0.729750
v -0.731950 0.967022 -0.639827
v 0.000000 0.967022 -0.639827
v -0.739098 0.952577 -0.675761
v 0.000000 0.967022 -0.639827
v 0.000000 0.952807 -0.675523
v -0.739098 0.952577 -0.675761
v 0.000000 0.967022 0.679627
v -0.731950 0.967022 0.679627
v 0.000000 0.952577 0.715562
v -0.731950 0.967022 0.679627
v -0.739098 0.952577 0.715562
v 0.000000 0.952577 0.715562
v -0.745751 0.920236 -0.709211
v 0.000000 0.920006 -0.709449
v -0.748932 0.884824 -0.725200
v 0.000000 0.920006 -0.709449
v 0.000000 0.884826 -0.725200
v -0.748932 0.884824 -0.725200
v -0.651156 -0.745714 -0.400497
v -0.739461 -0.713392 -0.488802
v -0.590971 -0.745714 -0.460682
v -0.739461 -0.713392 -0.488802
v -0.679276 -0.713392 -0.548987
v -0.590971 -0.745714 -0.460682
v -0.590971 -0.745714 0.500483
v -0.679276 -0.713392 0.588788
v -0.651156 -0.745714 0.440297
v -0.679276 -0.713392 0.588788
v -0.739461 -0.713392 0.528602
v -0.651156 -0.745714 0.440297
v -0.807778 -0.645076 -0.557118
v -0.840100 -0.556770 -0.589440
v -0.747592 -0.645076 -0.617304
v -0.840100 -0.556770 -0.589440
v -0.779914 -0.556770 -0.649626
v -0.747592 -0.645076 -0.617304
v -0.747592 -0.645076 0.657104
v -0.779914 -0.556770 0.689426
v -0.807778 -0.645076 0.596919
v -0.779914 -0.556770 0.689426
v -0.840100 -0.556770 0.629241
v -0.807778 -0.645076 0.596919
v -0.907308 0.701102 0.677988
v -0.840100 -0.556770 0.629241
v -0.842307 0.701102 0.742988
v -0.840100 -0.556770 0.629241
v -0.779914 -0.556770 0.689426
v -0.842307 0.701102 0.742988
v -0.842307 0.701102 -0.703188
v -0.779914 -0.556770 -0.649626
v -0.907308 0.701102 -0.638187
v -0.779914 -0.556770 -0.649626
v -0.840100 -0.556770 -0.589440
v -0.907308 0.701102 -0.638187
v -0.807778 -0.645076 0.596919
v -0.739461 -0.713392 0.528602
v -0.747592 -0.645076 0.657104
v -0.739461 -0.713392 0.528602
v -0.679276 -0.713392 0.588788
v -0.747592 -0.645076 0.657104
v -0.747592 -0.645076 -0.617304
v -0.679276 -0.713392 -0.548987
v -0.807778 -0.645076 -0.557118
v -0.679276 -0.713392 -0.548987
v -0.739461 -0.713392 -0.488802
v -0.807778 -0.645076 -0.557118
v -0.507348 -0.745714 -0.495320
v -0.590971 -0.745714 -0.460682
v -0.595653 -0.713392 -0.583625
v -0.590971 -0.745714 -0.460682
v -0.679276 -0.713392 -0.548987
v -0.595653 -0.713392 -0.583625
v -0.774099 -0.713392 -0.405179
v -0.739461 -0.713392 -0.488802
v -0.685794 -0.745714 -0.316874
v -0.739461 -0.713392 -0.488802
v -0.651156 -0.745714 -0.400497
v -0.685794 -0.745714 -0.316874
v -0.685794 -0.745714 0.356674
v -0.651156 -0.745714 0.440297
v -0.774099 -0.713392 0.444979
v -0.651156 -0.745714 0.440297
v -0.739461 -0.713392 0.528602
v -0.774099 -0.713392 0.444979
v -0.595653 -0.713392 0.623426
v -0.679276 -0.713392 0.588788
v -0.507348 -0.745714 0.535121
v -0.679276 -0.713392 0.588788
v -0.590971 -0.745714 0.500483
v -0.507348 -0.745714 0.535121
v -0.663969 -0.645076 -0.651942
v -0.747592 -0.645076 -0.617304
v -0.696291 -0.556770 -0.684263
v -0.747592 -0.645076 -0.617304
v -0.779914 -0.556770 -0.649626
v -0.696291 -0.556770 -0.684263
v -0.842416 -0.645076 0.513296
v -0.807778 -0.645076 0.596919
v -0.874738 -0.556770 0.545618
v -0.807778 -0.645076 0.596919
v -0.840100 -0.556770 0.629241
v -0.874738 -0.556770 0.545618
v -0.874738 -0.556770 -0.505817
v -0.840100 -0.556770 -0.589440
v -0.842416 -0.645076 -0.473495
v -0.840100 -0.556770 -0.589440
v -0.807778 -0.645076 -0.557118
v -0.842416 -0.645076 -0.473495
v -0.696291 -0.556770 0.724064
v -0.779914 -0.556770 0.689426
v -0.663969 -0.645076 0.691742
v -0.779914 -0.556770 0.689426
v -0.747592 -0.645076 0.657104
v -0.663969 -0.645076 0.691742
v -0.751994 0.701102 0.780397
v -0.842307 0.701102 0.742988
v -0.696291 -0.556770 0.724064
v -0.842307 0.701102 0.742988
v -0.779914 -0.556770 0.689426
v -0.696291 -0.556770 0.724064
v -0.944717 0.701102 -0.547874
v -0.907308 0.701102 -0.638187
v -0.874738 -0.556770 -0.505817
v -0.907308 0.701102 -0.638187
v -0.840100 -0.556770 -0.589440
v -0.874738 -0.556770 -0.505817
v -0.874738 -0.556770 0.545618
v -0.840100 -0.556770 0.629241
v -0.944717 0.701102 0.587675
v -0.840100 -0.556770 0.629241
v -0.907308 0.701102 0.677988
v -0.944717 0.701102 0.587675
v -0.696291 -0.556770 -0.684263
v -0.779914 -0.556770 -0.649626
v -0.751994 0.701102 -0.740597
v -0.779914 -0.556770 -0.649626
v -0.842307 0.701102 -0.703188
v -0.751994 0.701102 -0.740597
v -0.663969 -0.645076 0.691742
v -0.747592 -0.645076 0.657104
v -0.595653 -0.713392 0.623426
v -0.747592 -0.645076 0.657104
v -0.679276 -0.713392 0.588788
v -0.595653 -0.713392 0.623426
v -0.842416 -0.645076 -0.473495
v -0.807778 -0.645076 -0.557118
v -0.774099 -0.713392 -0.405179
v -0.807778 -0.645076 -0.557118
v -0.739461 -0.713392 -0.488802
v -0.774099 -0.713392 -0.405179
v -0.774099 -0.713392 0.444979
v -0.739461 -0.713392 0.528602
v -0.842416 -0.645076 0.513296
v -0.739461 -0.713392 0.528602
v -0.807778 -0.645076 0.596919
v -0.842416 -0.645076 0.513296
v -0.595653 -0.713392 -0.583625
v -0.679276 -0.713392 -0.548987
v -0.663969 -0.645076 -0.651942
v -0.679276 -0.713392 -0.548987
v -0.747592 -0.645076 -0.617304
v -0.663969 -0.645076 -0.651942
v 0.772882 0.750087 -0.538516
v 0.810000 0.750087 -0.448904
v 0.949211 0.750087 -0.665917
v 0.810000 0.750087 -0.448904
v 0.994700 0.750087 -0.555804
v 0.949211 0.750087 -0.665917
v 0.810000 0.750087 -0.448904
v 0.810000 0.750087 0.019900
v 0.994700 0.750087 -0.555804
v 0.810000 0.750087 0.019900
v 0.993877 0.750087 0.019900
v 0.994700 0.750087 -0.555804
v 0.810000 0.750087 0.019900
v 0.810000 0.750087 0.488705
v 0.993877 0.750087 0.019900
v 0.810000 0.750087 0.488705
v 0.994700 0.750087 0.595604
v 0.993877 0.750087 0.019900
v 0.810000 0.750087 0.488705
v 0.772882 0.750087 0.578317
v 0.994700 0.750087 0.595604
v 0.772882 0.750087 0.578317
v 0.949211 0.750087 0.705718
v 0.994700 0.750087 0.595604
v 0.772882 0.750087 0.578317
v 0.707635 0.750087 0.643564
v 0.949211 0.750087 0.705718
v 0.707635 0.750087 0.643564
v 0.869029 0.750087 0.785807
v 0.949211 0.750087 0.705718
v 0.707635 0.750087 0.643564
v 0.618023 0.750087 0.680682
v 0.869029 0.750087 0.785807
v 0.618023 0.750087 0.680682
v 0.758808 0.750087 0.831209
v 0.869029 0.750087 0.785807
v 0.873623 0.743964 0.789855
v 0.762991 0.743964 0.835681
v 0.873623 0.715098 0.789855
v 0.762991 0.743964 0.835681
v 0.762991 0.715098 0.835681
v 0.873623 0.715098 0.789855
v 0.954175 0.743964 0.709303
v 0.873623 0.743964 0.789855
v 0.954175 0.715098 0.709303
v 0.873623 0.743964 0.789855
v 0.873623 0.715098 0.789855
v 0.954175 0.715098 0.709303
v 1.000000 0.743964 0.598671
v 0.954175 0.743964 0.709303
v 1.000000 0.715098 0.598671
v 0.954175 0.743964 0.709303
v 0.954175 0.715098 0.709303
v 1.000000 0.715098 0.598671
v 0.954175 0.743964 -0.669503
v 1.000000 0.743964 -0.558871
v 0.954175 0.715098 -0.669503
v 1.000000 0.743964 -0.558871
v 1.000000 0.715098 -0.558871
v 0.954175 0.715098 -0.669503
v -0.760260 0.701102 0.821954
v -0.865847 0.701102 0.778218
v -0.751994 0.701102 0.780397
v -0.865847 0.701102 0.778218
v -0.842307 0.701102 0.742988
v -0.751994 0.701102 0.780397
v -0.865847 0.701102 -0.738418
v -0.760260 0.701102 -0.782153
v -0.842307 0.701102 -0.703188
v -0.760260 0.701102 -0.782153
v -0.751994 0.701102 -0.740597
v -0.842307 0.701102 -0.703188
v -0.942538 0.701102 -0.661727
v -0.865847 0.701102 -0.738418
v -0.907308 0.701102 -0.638187
v -0.865847 0.701102 -0.738418
v -0.842307 0.701102 -0.703188
v -0.907308 0.701102 -0.638187
v -0.986273 0.701102 -0.556140
v -0.942538 0.701102 -0.661727
v -0.944717 0.701102 -0.547874
v -0.942538 0.701102 -0.661727
v -0.907308 0.701102 -0.638187
v -0.944717 0.701102 -0.547874
v -0.942538 0.701102 0.701528
v -0.986273 0.701102 0.595941
v -0.907308 0.701102 0.677988
v -0.986273 0.701102 0.595941
v -0.944717 0.701102 0.587675
v -0.907308 0.701102 0.677988
v -0.865847 0.701102 0.778218
v -0.942538 0.701102 0.701528
v -0.842307 0.701102 0.742988
v -0.942538 0.701102 0.701528
v -0.907308 0.701102 0.677988
v -0.842307 0.701102 0.742988
v -0.749837 0.793824 0.769550
v -0.760260 0.793824 0.821954
v 0.000000 0.793824 0.769550
v -0.760260 0.793824 0.821954
v 0.000000 0.793824 0.821685
v 0.000000 0.793824 0.769550
v 0.000000 0.793824 -0.729750
v 0.000000 0.793824 -0.781884
v -0.749837 0.793824 -0.729750
v 0.000000 0.793824 -0.781884
v -0.760260 0.793824 -0.782153
v -0.749837 0.793824 -0.729750
v 0.873623 0.743964 -0.750055
v 0.954175 0.743964 -0.669503
v 0.873623 0.715098 -0.750055
v 0.954175 0.743964 -0.669503
v 0.954175 0.715098 -0.669503
v 0.873623 0.715098 -0.750055
v 0.762991 0.743964 -0.795880
v 0.873623 0.743964 -0.750055
v 0.762991 0.715098 -0.795880
v 0.873623 0.743964 -0.750055
v 0.873623 0.715098 -0.750055
v 0.762991 0.715098 -0.795880
v -0.873623 0.779829 -0.750055
v -0.762991 0.779829 -0.795880
v -0.873623 0.756211 -0.750055
v -0.762991 0.779829 -0.795880
v -0.762991 0.756211 -0.795880
v -0.873623 0.756211 -0.750055
v -0.954175 0.779829 -0.669503
v -0.873623 0.779829 -0.750055
v -0.954175 0.756211 -0.669503
v -0.873623 0.779829 -0.750055
v -0.873623 0.756211 -0.750055
v -0.954175 0.756211 -0.669503
v 0.751994 0.701102 0.780397
v 0.760261 0.701102 0.821954
v 0.000000 0.701102 0.780397
v 0.760261 0.701102 0.821954
v 0.000000 0.701102 0.821685
v 0.000000 0.701102 0.780397
v 0.000000 0.701102 -0.740597
v 0.000000 0.701102 -0.781884
v 0.751994 0.701102 -0.740597
v 0.000000 0.701102 -0.781884
v 0.760261 0.701102 -0.782153
v 0.751994 0.701102 -0.740597
v 0.745751 0.920236 0.749011
v 0.824529 0.920236 0.716381
v 0.739098 0.952577 0.715562
v 0.824529 0.920236 0.716381
v 0.805581 0.952577 0.688024
v 0.739098 0.952577 0.715562
v 0.824529 0.920236 0.716381
v 0.880700 0.920236 0.660209
v 0.805581 0.952577 0.688024
v 0.880700 0.920236 0.660209
v 0.852343 0.952577 0.641262
v 0.805581 0.952577 0.688024
v 0.880700 0.920236 0.660209
v 0.913331 0.920236 0.581432
v 0.852343 0.952577 0.641262
v 0.913331 0.920236 0.581432
v 0.879881 0.952577 0.574778
v 0.852343 0.952577 0.641262
v 0.913331 0.920236 -0.541631
v 0.880700 0.920236 -0.620409
v 0.879881 0.952577 -0.534978
v 0.880700 0.920236 -0.620409
v 0.852343 0.952577 -0.601461
v 0.879881 0.952577 -0.534978
v 0.880700 0.920236 -0.620409
v 0.824529 0.920236 -0.676580
v 0.852343 0.952577 -0.601461
v 0.824529 0.920236 -0.676580
v 0.805581 0.952577 -0.648223
v 0.852343 0.952577 -0.601461
v 0.824529 0.920236 -0.676580
v 0.745751 0.920236 -0.709211
v 0.805581 0.952577 -0.648223
v 0.745751 0.920236 -0.709211
v 0.739098 0.952577 -0.675761
v 0.805581 0.952577 -0.648223
v 0.749837 0.793824 0.769550
v 0.836163 0.793824 0.733793
v 0.748932 0.884824 0.765000
v 0.836163 0.793824 0.733793
v 0.833586 0.884824 0.729935
v 0.748932 0.884824 0.765000
v 0.836163 0.793824 0.733793
v 0.898112 0.793824 0.671844
v 0.833586 0.884824 0.729935
v 0.898112 0.793824 0.671844
v 0.894255 0.884824 0.669266
v 0.833586 0.884824 0.729935
v 0.898112 0.793824 0.671844
v 0.933870 0.793824 0.585517
v 0.894255 0.884824 0.669266
v 0.933870 0.793824 0.585517
v 0.929320 0.884824 0.584612
v 0.894255 0.884824 0.669266
v 0.933870 0.793824 -0.545717
v 0.898112 0.793824 -0.632043
v 0.929320 0.884824 -0.544812
v 0.898112 0.793824 -0.632043
v 0.894255 0.884824 -0.629466
v 0.929320 0.884824 -0.544812
v 0.898112 0.793824 -0.632043
v 0.836163 0.793824 -0.693992
v 0.894255 0.884824 -0.629466
v 0.836163 0.793824 -0.693992
v 0.833586 0.884824 -0.690135
v 0.894255 0.884824 -0.629466
v 0.836163 0.793824 -0.693992
v 0.749837 0.793824 -0.729750
v 0.833586 0.884824 -0.690135
v 0.749837 0.793824 -0.729750
v 0.748932 0.884824 -0.725200
v 0.833586 0.884824 -0.690135
v 0.785226 0.967022 -0.617759
v 0.805581 0.952577 -0.648223
v 0.731950 0.967022 -0.639827
v 0.805581 0.952577 -0.648223
v 0.739098 0.952577 -0.675761
v 0.731950 0.967022 -0.639827
v 0.821879 0.967022 -0.581106
v 0.852343 0.952577 -0.601461
v 0.785226 0.967022 -0.617759
v 0.852343 0.952577 -0.601461
v 0.805581 0.952577 -0.648223
v 0.785226 0.967022 -0.617759
v 0.843947 0.967022 -0.527830
v 0.879881 0.952577 -0.534978
v 0.821879 0.967022 -0.581106
v 0.879881 0.952577 -0.534978
v 0.852343 0.952577 -0.601461
v 0.821879 0.967022 -0.581106
v 0.821879 0.967022 0.620906
v 0.852343 0.952577 0.641262
v 0.843947 0.967022 0.567631
v 0.852343 0.952577 0.641262
v 0.879881 0.952577 0.574778
v 0.843947 0.967022 0.567631
v 0.785226 0.967022 0.657560
v 0.805581 0.952577 0.688024
v 0.821879 0.967022 0.620906
v 0.805581 0.952577 0.688024
v 0.852343 0.952577 0.641262
v 0.821879 0.967022 0.620906
v 0.731950 0.967022 0.679627
v 0.739098 0.952577 0.715562
v 0.785226 0.967022 0.657560
v 0.739098 0.952577 0.715562
v 0.805581 0.952577 0.688024
v 0.785226 0.967022 0.657560
v 0.824529 0.920236 -0.676580
v 0.833586 0.884824 -0.690135
v 0.745751 0.920236 -0.709211
v 0.833586 0.884824 -0.690135
v 0.748932 0.884824 -0.725200
v 0.745751 0.920236 -0.709211
v 0.880700 0.920236 -0.620409
v 0.894255 0.884824 -0.629466
v 0.824529 0.920236 -0.676580
v 0.894255 0.884824 -0.629466
v 0.833586 0.884824 -0.690135
v 0.824529 0.920236 -0.676580
v 0.913331 0.920236 -0.541631
v 0.929320 0.884824 -0.544812
v 0.880700 0.920236 -0.620409
v 0.929320 0.884824 -0.544812
v 0.894255 0.884824 -0.629466
v 0.880700 0.920236 -0.620409
v 0.880700 0.920236 0.660209
v 0.894255 0.884824 0.669266
v 0.913331 0.920236 0.581432
v 0.894255 0.884824 0.669266
v 0.929320 0.884824 0.584612
v 0.913331 0.920236 0.581432
v 0.824529 0.920236 0.716381
v 0.833586 0.884824 0.729935
v 0.880700 0.920236 0.660209
v 0.833586 0.884824 0.729935
v 0.894255 0.884824 0.669266
v 0.880700 0.920236 0.660209
v 0.745751 0.920236 0.749011
v 0.748932 0.884824 0.765000
v 0.824529 0.920236 0.716381
v 0.748932 0.884824 0.765000
v 0.833586 0.884824 0.729935
v 0.824529 0.920236 0.716381
v 0.000000 -0.645076 -0.651942
v 0.000000 -0.713392 -0.583625
v -0.663969 -0.645076 -0.651942
v 0.000000 -0.713392 -0.583625
v -0.595653 -0.713392 -0.583625
v -0.663969 -0.645076 -0.651942
v -0.663969 -0.645076 0.691742
v -0.595653 -0.713392 0.623426
v 0.000000 -0.645076 0.691742
v -0.595653 -0.713392 0.623426
v 0.000000 -0.713392 0.623426
v 0.000000 -0.645076 0.691742
v 0.000000 0.701102 -0.740597
v 0.000000 -0.556770 -0.684263
v -0.751994 0.701102 -0.740597
v 0.000000 -0.556770 -0.684263
v -0.696291 -0.556770 -0.684263
v -0.751994 0.701102 -0.740597
v -0.751994 0.701102 0.780397
v -0.696291 -0.556770 0.724064
v 0.000000 0.701102 0.780397
v -0.696291 -0.556770 0.724064
v 0.000000 -0.556770 0.724064
v 0.000000 0.701102 0.780397
v -0.696291 -0.556770 0.724064
v -0.663969 -0.645076 0.691742
v 0.000000 -0.556770 0.724064
v -0.663969 -0.645076 0.691742
v 0.000000 -0.645076 0.691742
v 0.000000 -0.556770 0.724064
v 0.000000 -0.556770 -0.684263
v 0.000000 -0.645076 -0.651942
v -0.696291 -0.556770 -0.684263
v 0.000000 -0.645076 -0.651942
v -0.663969 -0.645076 -0.651942
v -0.696291 -0.556770 -0.684263
v -0.595653 -0.713392 0.623426
v -0.507348 -0.745714 0.535121
v 0.000000 -0.713392 0.623426
v -0.507348 -0.745714 0.535121
v 0.000000 -0.745714 0.535121
v 0.000000 -0.713392 0.623426
v 0.000000 -0.713392 -0.583625
v 0.000000 -0.745714 -0.495320
v -0.595653 -0.713392 -0.583625
v 0.000000 -0.745714 -0.495320
v -0.507348 -0.745714 -0.495320
v -0.595653 -0.713392 -0.583625
v -0.760260 0.793824 0.821954
v -0.749837 0.793824 0.769550
v -0.865847 0.793824 0.778218
v -0.749837 0.793824 0.769550
v -0.836163 0.793824 0.733793
v -0.865847 0.793824 0.778218
v -0.865847 0.793824 0.778218
v -0.836163 0.793824 0.733793
v -0.942538 0.793824 0.701528
v -0.836163 0.793824 0.733793
v -0.898112 0.793824 0.671844
v -0.942538 0.793824 0.701528
v -0.942538 0.793824 0.701528
v -0.898112 0.793824 0.671844
v -0.986273 0.793824 0.595941
v -0.898112 0.793824 0.671844
v -0.933870 0.793824 0.585517
v -0.986273 0.793824 0.595941
v -0.986273 0.793824 -0.556140
v -0.933870 0.793824 -0.545717
v -0.942538 0.793824 -0.661727
v -0.933870 0.793824 -0.545717
v -0.898112 0.793824 -0.632043
v -0.942538 0.793824 -0.661727
v -0.942538 0.793824 -0.661727
v -0.898112 0.793824 -0.632043
v -0.865847 0.793824 -0.738418
v -0.898112 0.793824 -0.632043
v -0.836163 0.793824 -0.693992
v -0.865847 0.793824 -0.738418
v -0.865847 0.793824 -0.738418
v -0.836163 0.793824 -0.693992
v -0.760260 0.793824 -0.782153
v -0.836163 0.793824 -0.693992
v -0.749837 0.793824 -0.729750
v -0.760260 0.793824 -0.782153
v -1.000000 0.779829 -0.558871
v -0.954175 0.779829 -0.669503
v -1.000000 0.756211 -0.558871
v -0.954175 0.779829 -0.669503
v -0.954175 0.756211 -0.669503
v -1.000000 0.756211 -0.558871
v -0.954175 0.779829 0.709303
v -1.000000 0.779829 0.598672
v -0.954175 0.756211 0.709303
v -1.000000 0.779829 0.598672
v -1.000000 0.756211 0.598672
v -0.954175 0.756211 0.709303
v 0.000000 0.952577 0.715562
v 0.000000 0.920236 0.749011
v 0.739098 0.952577 0.715562
v 0.000000 0.920236 0.749011
v 0.745751 0.920236 0.749011
v 0.739098 0.952577 0.715562
v 0.739098 0.952577 -0.675761
v 0.745751 0.920236 -0.709211
v 0.000000 0.952807 -0.675523
v 0.745751 0.920236 -0.709211
v 0.000000 0.920006 -0.709449
v 0.000000 0.952807 -0.675523
v 0.000000 0.884824 0.765000
v 0.000000 0.793824 0.769550
v 0.748932 0.884824 0.765000
v 0.000000 0.793824 0.769550
v 0.749837 0.793824 0.769550
v 0.748932 0.884824 0.765000
v 0.748932 0.884824 -0.725200
v 0.749837 0.793824 -0.729750
v 0.000000 0.884826 -0.725200
v 0.749837 0.793824 -0.729750
v 0.000000 0.793824 -0.729750
v 0.000000 0.884826 -0.725200
v 0.731950 0.967022 -0.639827
v 0.739098 0.952577 -0.675761
v 0.000000 0.967022 -0.639827
v 0.739098 0.952577 -0.675761
v 0.000000 0.952807 -0.675523
v 0.000000 0.967022 -0.639827
v 0.000000 0.967022 0.679627
v 0.000000 0.952577 0.715562
v 0.731950 0.967022 0.679627
v 0.000000 0.952577 0.715562
v 0.739098 0.952577 0.715562
v 0.731950 0.967022 0.679627
v 0.745751 0.920236 -0.709211
v 0.748932 0.884824 -0.725200
v 0.000000 0.920006 -0.709449
v 0.748932 0.884824 -0.725200
v 0.000000 0.884826 -0.725200
v 0.000000 0.920006 -0.709449
v 0.842416 -0.645076 -0.473495
v 0.842416 -0.645076 0.019900
v 0.774099 -0.713392 -0.405179
v 0.842416 -0.645076 0.019900
v 0.774099 -0.713392 0.019900
v 0.774099 -0.713392 -0.405179
v 0.842416 -0.645076 0.019900
v 0.842416 -0.645076 0.513296
v 0.774099 -0.713392 0.019900
v 0.842416 -0.645076 0.513296
v 0.774099 -0.713392 0.444979
v 0.774099 -0.713392 0.019900
v 0.944717 0.701102 -0.547874
v 0.944717 0.701102 0.019900
v 0.874738 -0.556770 -0.505817
v 0.944717 0.701102 0.019900
v 0.874738 -0.556770 0.019900
v 0.874738 -0.556770 -0.505817
v 0.944717 0.701102 0.019900
v 0.944717 0.701102 0.587675
v 0.874738 -0.556770 0.019900
v 0.944717 0.701102 0.587675
v 0.874738 -0.556770 0.545618
v 0.874738 -0.556770 0.019900
v 0.874738 -0.556770 -0.505817
v 0.874738 -0.556770 0.019900
v 0.842416 -0.645076 -0.473495
v 0.874738 -0.556770 0.019900
v 0.842416 -0.645076 0.019900
v 0.842416 -0.645076 -0.473495
v 0.874738 -0.556770 0.019900
v 0.874738 -0.556770 0.545618
v 0.842416 -0.645076 0.019900
v 0.874738 -0.556770 0.545618
v 0.842416 -0.645076 0.513296
v 0.842416 -0.645076 0.019900
v 0.774099 -0.713392 -0.405179
v 0.774099 -0.713392 0.019900
v 0.685794 -0.745714 -0.316874
v 0.774099 -0.713392 0.019900
v 0.685794 -0.745714 0.019900
v 0.685794 -0.745714 -0.316874
v 0.774099 -0.713392 0.019900
v 0.774099 -0.713392 0.444979
v 0.685794 -0.745714 0.019900
v 0.774099 -0.713392 0.444979
v 0.685794 -0.745714 0.356674
v 0.685794 -0.745714 0.019900
v -0.873623 0.779829 0.789855
v -0.954175 0.779829 0.709303
v -0.873623 0.756211 0.789855
v -0.954175 0.779829 0.709303
v -0.954175 0.756211 0.709303
v -0.873623 0.756211 0.789855
v -0.762991 0.779829 0.835681
v -0.873623 0.779829 0.789855
v -0.762991 0.756211 0.835681
v -0.873623 0.779829 0.789855
v -0.873623 0.756211 0.789855
v -0.762991 0.756211 0.835681
v 0.762991 0.743964 0.835681
v 0.000000 0.743964 0.835681
v 0.762991 0.715098 0.835681
v 0.000000 0.743964 0.835681
v 0.000000 0.715098 0.835681
v 0.762991 0.715098 0.835681
v 0.000000 0.743964 -0.795880
v 0.762991 0.743964 -0.795880
v 0.000000 0.715098 -0.795880
v 0.762991 0.743964 -0.795880
v 0.762991 0.715098 -0.795880
v 0.000000 0.715098 -0.795880
v 0.000000 0.756211 -0.795880
v -0.762991 0.756211 -0.795880
v 0.000000 0.779829 -0.795880
v -0.762991 0.756211 -0.795880
v -0.762991 0.779829 -0.795880
v 0.000000 0.779829 -0.795880
v -0.762991 0.756211 0.835681
v 0.000000 0.756211 0.835681
v -0.762991 0.779829 0.835681
v 0.000000 0.756211 0.835681
v 0.000000 0.779829 0.835681
v -0.762991 0.779829 0.835681
v -0.873623 0.743964 0.789855
v -0.873623 0.715098 0.789855
v -0.762991 0.743964 0.835681
v -0.873623 0.715098 0.789855
v -0.762991 0.715098 0.835681
v -0.762991 0.743964 0.835681
v -0.954175 0.743964 0.709303
v -0.954175 0.715098 0.709303
v -0.873623 0.743964 0.789855
v -0.954175 0.715098 0.709303
v -0.873623 0.715098 0.789855
v -0.873623 0.743964 0.789855
v -0.913331 0.920236 -0.541631
v -0.913331 0.920236 0.019900
v -0.879881 0.952577 -0.534978
v -0.913331 0.920236 0.019900
v -0.879881 0.952577 0.019900
v -0.879881 0.952577 -0.534978
v -0.913331 0.920236 0.019900
v -0.913331 0.920236 0.581432
v -0.879881 0.952577 0.019900
v -0.913331 0.920236 0.581432
v -0.879881 0.952577 0.574778
v -0.879881 0.952577 0.019900
v -0.933870 0.793824 -0.545717
v -0.933870 0.793824 0.019900
v -0.929320 0.884824 -0.544812
v -0.933870 0.793824 0.019900
v -0.929320 0.884824 0.019900
v -0.929320 0.884824 -0.544812
v -0.933870 0.793824 0.019900
v -0.933870 0.793824 0.585517
v -0.929320 0.884824 0.019900
v -0.933870 0.793824 0.585517
v -0.929320 0.884824 0.584612
v -0.929320 0.884824 0.019900
v -0.879881 0.952577 -0.534978
v -0.879881 0.952577 0.019900
v -0.843947 0.967022 -0.527830
v -0.879881 0.952577 0.019900
v -0.843947 0.967022 0.019900
v -0.843947 0.967022 -0.527830
v -0.879881 0.952577 0.019900
v -0.879881 0.952577 0.574778
v -0.843947 0.967022 0.019900
v -0.879881 0.952577 0.574778
v -0.843947 0.967022 0.567631
v -0.843947 0.967022 0.019900
v -0.929320 0.884824 -0.544812
v -0.929320 0.884824 0.019900
v -0.913331 0.920236 -0.541631
v -0.929320 0.884824 0.019900
v -0.913331 0.920236 0.019900
v -0.913331 0.920236 -0.541631
v -0.929320 0.884824 0.019900
v -0.929320 0.884824 0.584612
v -0.913331 0.920236 0.019900
v -0.929320 0.884824 0.584612
v -0.913331 0.920236 0.581432
v -0.913331 0.920236 0.019900
v -0.842416 -0.645076 0.513296
v -0.842416 -0.645076 0.019900
v -0.774099 -0.713392 0.444979
v -0.842416 -0.645076 0.019900
v -0.774099 -0.713392 0.019900
v -0.774099 -0.713392 0.444979
v -0.842416 -0.645076 0.019900
v -0.842416 -0.645076 -0.473495
v -0.774099 -0.713392 0.019900
v -0.842416 -0.645076 -0.473495
v -0.774099 -0.713392 -0.405179
v -0.774099 -0.713392 0.019900
v -0.944717 0.701102 0.587675
v -0.944717 0.701102 0.019900
v -0.874738 -0.556770 0.545618
v -0.944717 0.701102 0.019900
v -0.874738 -0.556770 0.019900
v -0.874738 -0.556770 0.545618
v -0.944717 0.701102 0.019900
v -0.944717 0.701102 -0.547874
v -0.874738 -0.556770 0.019900
v -0.944717 0.701102 -0.547874
v -0.874738 -0.556770 -0.505817
v -0.874738 -0.556770 0.019900
v -0.874738 -0.556770 0.545618
v -0.874738 -0.556770 0.019900
v -0.842416 -0.645076 0.513296
v -0.874738 -0.556770 0.019900
v -0.842416 -0.645076 0.019900
v -0.842416 -0.645076 0.513296
v -0.874738 -0.556770 0.019900
v -0.874738 -0.556770 -0.505817
v -0.842416 -0.645076 0.019900
v -0.874738 -0.556770 -0.505817
v -0.842416 -0.645076 -0.473495
v -0.842416 -0.645076 0.019900
v -0.774099 -0.713392 0.444979
v -0.774099 -0.713392 0.019900
v -0.685794 -0.745714 0.356674
v -0.774099 -0.713392 0.019900
v -0.685794 -0.745714 0.019900
v -0.685794 -0.745714 0.356674
v -0.774099 -0.713392 0.019900
v -0.774099 -0.713392 -0.405179
v -0.685794 -0.745714 0.019900
v -0.774099 -0.713392 -0.405179
v -0.685794 -0.745714 -0.316874
v -0.685794 -0.745714 0.019900
v -1.000000 0.743964 0.598672
v -1.000000 0.715098 0.598672
v -0.954175 0.743964 0.709303
v -1.000000 0.715098 0.598672
v -0.954175 0.715098 0.709303
v -0.954175 0.743964 0.709303
v -0.954175 0.743964 -0.669503
v -0.954175 0.715098 -0.669503
v -1.000000 0.743964 -0.558871
v -0.954175 0.715098 -0.669503
v -1.000000 0.715098 -0.558871
v -1.000000 0.743964 -0.558871
v 0.842307 0.701102 0.742988
v 0.865847 0.701102 0.778218
v 0.751994 0.701102 0.780397
v 0.865847 0.701102 0.778218
v 0.760261 0.701102 0.821954
v 0.751994 0.701102 0.780397
v 0.751994 0.701102 -0.740597
v 0.760261 0.701102 -0.782153
v 0.842307 0.701102 -0.703188
v 0.760261 0.701102 -0.782153
v 0.865847 0.701102 -0.738418
v 0.842307 0.701102 -0.703188
v 0.842307 0.701102 -0.703188
v 0.865847 0.701102 -0.738418
v 0.907308 0.701102 -0.638187
v 0.865847 0.701102 -0.738418
v 0.942538 0.701102 -0.661727
v 0.907308 0.701102 -0.638187
v 0.907308 0.701102 -0.638187
v 0.942538 0.701102 -0.661727
v 0.944717 0.701102 -0.547874
v 0.942538 0.701102 -0.661727
v 0.986273 0.701102 -0.556141
v 0.944717 0.701102 -0.547874
v 0.944717 0.701102 0.587675
v 0.986273 0.701102 0.595941
v 0.907308 0.701102 0.677988
v 0.986273 0.701102 0.595941
v 0.942538 0.701102 0.701528
v 0.907308 0.701102 0.677988
v 0.907308 0.701102 0.677988
v 0.942538 0.701102 0.701528
v 0.842307 0.701102 0.742988
v 0.942538 0.701102 0.701528
v 0.865847 0.701102 0.778218
v 0.842307 0.701102 0.742988
v 0.913331 0.920236 0.581432
v 0.913331 0.920236 0.019900
v 0.879881 0.952577 0.574778
v 0.913331 0.920236 0.019900
v 0.879881 0.952577 0.019900
v 0.879881 0.952577 0.574778
v 0.913331 0.920236 0.019900
v 0.913331 0.920236 -0.541631
v 0.879881 0.952577 0.019900
v 0.913331 0.920236 -0.541631
v 0.879881 0.952577 -0.534978
v 0.879881 0.952577 0.019900
v 0.933870 0.793824 0.585517
v 0.933870 0.793824 0.019900
v 0.929320 0.884824 0.584612
v 0.933870 0.793824 0.019900
v 0.929320 0.884824 0.019900
v 0.929320 0.884824 0.584612
v 0.933870 0.793824 0.019900
v 0.933870 0.793824 -0.545717
v 0.929320 0.884824 0.019900
v 0.933870 0.793824 -0.545717
v 0.929320 0.884824 -0.544812
v 0.929320 0.884824 0.019900
v 0.879881 0.952577 0.574778
v 0.879881 0.952577 0.019900
v 0.843947 0.967022 0.567631
v 0.879881 0.952577 0.019900
v 0.843947 0.967022 0.019900
v 0.843947 0.967022 0.567631
v 0.879881 0.952577 0.019900
v 0.879881 0.952577 -0.534978
v 0.843947 0.967022 0.019900
v 0.879881 0.952577 -0.534978
v 0.843947 0.967022 -0.527830
v 0.843947 0.967022 0.019900
v 0.929320 0.884824 0.584612
v 0.929320 0.884824 0.019900
v 0.913331 0.920236 0.581432
v 0.929320 0.884824 0.019900
v 0.913331 0.920236 0.019900
v 0.913331 0.920236 0.581432
v 0.929320 0.884824 0.019900
v 0.929320 0.884824 -0.544812
v 0.913331 0.920236 0.019900
v 0.929320 0.884824 -0.544812
v 0.913331 0.920236 -0.541631
v 0.913331 0.920236 0.019900
v 0.821879 0.967022 -0.581106
v 0.742511 0.967022 -0.082504
v 0.843947 0.967022 -0.527830
v 0.742511 0.967022 -0.082504
v 0.843947 0.967022 0.019900
v 0.843947 0.967022 -0.527830
v 0.742511 0.967022 -0.082504
v 0.562648 0.967022 0.425287
v 0.843947 0.967022 0.019900
v 0.562648 0.967022 0.425287
v 0.843947 0.967022 0.567631
v 0.843947 0.967022 0.019900
v 0.562648 0.967022 0.425287
v 0.330455 0.967022 0.494332
v 0.843947 0.967022 0.567631
v 0.330455 0.967022 0.494332
v 0.821879 0.967022 0.620906
v 0.843947 0.967022 0.567631
v 0.330455 0.967022 0.494332
v 0.121563 0.967022 0.597350
v 0.821879 0.967022 0.620906
v 0.121563 0.967022 0.597350
v 0.785226 0.967022 0.657560
v 0.821879 0.967022 0.620906
v 0.121563 0.967022 0.597350
v 0.000000 0.967022 0.679627
v 0.785226 0.967022 0.657560
v 0.000000 0.967022 0.679627
v 0.731950 0.967022 0.679627
v 0.785226 0.967022 0.657560
v 0.785226 0.967022 -0.617759
v 0.620334 0.967022 -0.245710
v 0.821879 0.967022 -0.581106
v 0.620334 0.967022 -0.245710
v 0.742511 0.967022 -0.082504
v 0.821879 0.967022 -0.581106
v 0.620334 0.967022 -0.245710
v 0.258948 0.967022 0.144424
v 0.742511 0.967022 -0.082504
v 0.258948 0.967022 0.144424
v 0.562648 0.967022 0.425287
v 0.742511 0.967022 -0.082504
v 0.258948 0.967022 0.144424
v -0.179053 0.967022 0.224319
v 0.562648 0.967022 0.425287
v -0.179053 0.967022 0.224319
v 0.330455 0.967022 0.494332
v 0.562648 0.967022 0.425287
v -0.179053 0.967022 0.224319
v -0.551289 0.967022 0.463174
v 0.330455 0.967022 0.494332
v -0.551289 0.967022 0.463174
v 0.121563 0.967022 0.597350
v 0.330455 0.967022 0.494332
v -0.551289 0.967022 0.463174
v -0.731950 0.967022 0.679627
v 0.121563 0.967022 0.597350
v -0.731950 0.967022 0.679627
v 0.000000 0.967022 0.679627
v 0.121563 0.967022 0.597350
v 0.731950 0.967022 -0.639827
v 0.551289 0.967022 -0.423373
v 0.785226 0.967022 -0.617759
v 0.551289 0.967022 -0.423373
v 0.620334 0.967022 -0.245710
v 0.785226 0.967022 -0.617759
v 0.551289 0.967022 -0.423373
v 0.179053 0.967022 -0.184518
v 0.620334 0.967022 -0.245710
v 0.179053 0.967022 -0.184518
v 0.258948 0.967022 0.144424
v 0.620334 0.967022 -0.245710
v 0.179053 0.967022 -0.184518
v -0.258948 0.967022 -0.104624
v 0.258948 0.967022 0.144424
v -0.258948 0.967022 -0.104624
v -0.179053 0.967022 0.224319
v 0.258948 0.967022 0.144424
v -0.258948 0.967022 -0.104624
v -0.620334 0.967022 0.285510
v -0.179053 0.967022 0.224319
v -0.620334 0.967022 0.285510
v -0.551289 0.967022 0.463174
v -0.179053 0.967022 0.224319
v -0.620334 0.967022 0.285510
v -0.785226 0.967022 0.657560
v -0.551289 0.967022 0.463174
v -0.785226 0.967022 0.657560
v -0.731950 0.967022 0.679627
v -0.551289 0.967022 0.463174
v 0.000000 0.967022 -0.639827
v -0.121563 0.967022 -0.557550
v 0.731950 0.967022 -0.639827
v -0.121563 0.967022 -0.557550
v 0.551289 0.967022 -0.423373
v 0.731950 0.967022 -0.639827
v -0.121563 0.967022 -0.557550
v -0.330455 0.967022 -0.454532
v 0.551289 0.967022 -0.423373
v -0.330455 0.967022 -0.454532
v 0.179053 0.967022 -0.184518
v 0.551289 0.967022 -0.423373
v -0.330455 0.967022 -0.454532
v -0.562648 0.967022 -0.385486
v 0.179053 0.967022 -0.184518
v -0.562648 0.967022 -0.385486
v -0.258948 0.967022 -0.104624
v 0.179053 0.967022 -0.184518
v -0.562648 0.967022 -0.385486
v -0.742511 0.967022 0.122304
v -0.258948 0.967022 -0.104624
v -0.742511 0.967022 0.122304
v -0.620334 0.967022 0.285510
v -0.258948 0.967022 -0.104624
v -0.742511 0.967022 0.122304
v -0.821879 0.967022 0.620906
v -0.620334 0.967022 0.285510
v -0.821879 0.967022 0.620906
v -0.785226 0.967022 0.657560
v -0.620334 0.967022 0.285510
v -0.731950 0.967022 -0.639827
v -0.785226 0.967022 -0.617759
v 0.000000 0.967022 -0.639827
v -0.785226 0.967022 -0.617759
v -0.121563 0.967022 -0.557550
v 0.000000 0.967022 -0.639827
v -0.785226 0.967022 -0.617759
v -0.821879 0.967022 -0.581106
v -0.121563 0.967022 -0.557550
v -0.821879 0.967022 -0.581106
v -0.330455 0.967022 -0.454532
v -0.121563 0.967022 -0.557550
v -0.821879 0.967022 -0.581106
v -0.843947 0.967022 -0.527830
v -0.330455 0.967022 -0.454532
v -0.843947 0.967022 -0.527830
v -0.562648 0.967022 -0.385486
v -0.330455 0.967022 -0.454532
v -0.843947 0.967022 -0.527830
v -0.843947 0.967022 0.019900
v -0.562648 0.967022 -0.385486
v -0.843947 0.967022 0.019900
v -0.742511 0.967022 0.122304
v -0.562648 0.967022 -0.385486
v -0.843947 0.967022 0.019900
v -0.843947 0.967022 0.567631
v -0.742511 0.967022 0.122304
v -0.843947 0.967022 0.567631
v -0.821879 0.967022 0.620906
v -0.742511 0.967022 0.122304
v -0.873623 0.743964 -0.750055
v -0.873623 0.715098 -0.750055
v -0.954175 0.743964 -0.669503
v -0.873623 0.715098 -0.750055
v -0.954175 0.715098 -0.669503
v -0.954175 0.743964 -0.669503
v -0.762991 0.743964 -0.795880
v -0.762991 0.715098 -0.795880
v -0.873623 0.743964 -0.750055
v -0.762991 0.715098 -0.795880
v -0.873623 0.715098 -0.750055
v -0.873623 0.743964 -0.750055
v 0.873623 0.779829 -0.750055
v 0.873623 0.756211 -0.750055
v 0.762991 0.779829 -0.795880
v 0.873623 0.756211 -0.750055
v 0.762991 0.756211 -0.795880
v 0.762991 0.779829 -0.795880
v 0.954175 0.779829 -0.669503
v 0.954175 0.756211 -0.669503
v 0.873623 0.779829 -0.750055
v 0.954175 0.756211 -0.669503
v 0.873623 0.756211 -0.750055
v 0.873623 0.779829 -0.750055
v 1.000000 0.779829 -0.558871
v 1.000000 0.756211 -0.558871
v 0.954175 0.779829 -0.669503
v 1.000000 0.756211 -0.558871
v 0.954175 0.756211 -0.669503
v 0.954175 0.779829 -0.669503
v 0.954175 0.779829 0.709303
v 0.954175 0.756211 0.709303
v 1.000000 0.779829 0.598671
v 0.954175 0.756211 0.709303
v 1.000000 0.756211 0.598671
v 1.000000 0.779829 0.598671
v 0.873623 0.779829 0.789855
v 0.873623 0.756211 0.789855
v 0.954175 0.779829 0.709303
v 0.873623 0.756211 0.789855
v 0.954175 0.756211 0.709303
v 0.954175 0.779829 0.709303
v 0.762991 0.779829 0.835681
v 0.762991 0.756211 0.835681
v 0.873623 0.779829 0.789855
v 0.762991 0.756211 0.835681
v 0.873623 0.756211 0.789855
v 0.873623 0.779829 0.789855
v -0.762991 0.743964 0.835681
v -0.762991 0.715098 0.835681
v 0.000000 0.743964 0.835681
v -0.762991 0.715098 0.835681
v 0.000000 0.715098 0.835681
v 0.000000 0.743964 0.835681
v 0.000000 0.743964 -0.795880
v 0.000000 0.715098 -0.795880
v -0.762991 0.743964 -0.795880
v 0.000000 0.715098 -0.795880
v -0.762991 0.715098 -0.795880
v -0.762991 0.743964 -0.795880
v 0.000000 0.756211 -0.795880
v 0.000000 0.779829 -0.795880
v 0.762991 0.756211 -0.795880
v 0.000000 0.779829 -0.795880
v 0.762991 0.779829 -0.795880
v 0.762991 0.756211 -0.795880
v 0.762991 0.756211 0.835681
v 0.762991 0.779829 0.835681
v 0.000000 0.756211 0.835681
v 0.762991 0.779829 0.835681
v 0.000000 0.779829 0.835681
v 0.000000 0.756211 0.835681
v 1.000000 0.743964 0.019900
v 1.000000 0.743964 0.598671
v 1.000000 0.715098 0.019900
v 1.000000 0.743964 0.598671
v 1.000000 0.715098 0.598671
v 1.000000 0.715098 0.019900
v 1.000000 0.743964 -0.558871
v 1.000000 0.743964 0.019900
v 1.000000 0.715098 -0.558871
v 1.000000 0.743964 0.019900
v 1.000000 0.715098 0.019900
v 1.000000 0.715098 -0.558871
v -1.000000 0.756211 0.019900
v -1.000000 0.756211 0.598672
v -1.000000 0.779829 0.019900
v -1.000000 0.756211 0.598672
v -1.000000 0.779829 0.598672
v -1.000000 0.779829 0.019900
v -1.000000 0.756211 -0.558871
v -1.000000 0.756211 0.019900
v -1.000000 0.779829 -0.558871
v -1.000000 0.756211 0.019900
v -1.000000 0.779829 0.019900
v -1.000000 0.779829 -0.558871
v -1.000000 0.743964 0.019900
v -1.000000 0.743964 -0.558871
v -1.000000 0.715098 0.019900
v -1.000000 0.743964 -0.558871
v -1.000000 0.715098 -0.558871
v -1.000000 0.715098 0.019900
v -1.000000 0.743964 0.598672
v -1.000000 0.743964 0.019900
v -1.000000 0.715098 0.598672
v -1.000000 0.743964 0.019900
v -1.000000 0.715098 0.019900
v -1.000000 0.715098 0.598672
v 1.000000 0.779829 0.019900
v 1.000000 0.779829 0.598671
v 1.000000 0.756211 0.019900
v 1.000000 0.779829 0.598671
v 1.000000 0.756211 0.598671
v 1.000000 0.756211 0.019900
v 1.000000 0.779829 -0.558871
v 1.000000 0.779829 0.019900
v 1.000000 0.756211 -0.558871
v 1.000000 0.779829 0.019900
v 1.000000 0.756211 0.019900
v 1.000000 0.756211 -0.558871
v 0.707635 0.750087 0.643564
v 0.707635 -0.058170 0.643564
v 0.618023 0.750087 0.680682
v 0.707635 -0.058170 0.643564
v 0.618023 -0.058170 0.680682
v 0.618023 0.750087 0.680682
v 0.618023 0.750087 0.680682
v 0.618023 -0.058170 0.680682
v 0.000000 0.750087 0.680682
v 0.618023 -0.058170 0.680682
v 0.000000 -0.058170 0.680682
v 0.000000 0.750087 0.680682
v 0.000000 0.750087 0.680682
v 0.000000 -0.058170 0.680682
v -0.618023 0.750087 0.680682
v 0.000000 -0.058170 0.680682
v -0.618023 -0.058170 0.680682
v -0.618023 0.750087 0.680682
v -0.618023 0.750087 0.680682
v -0.618023 -0.058170 0.680682
v -0.707635 0.750087 0.643564
v -0.618023 -0.058170 0.680682
v -0.707635 -0.058170 0.643564
v -0.707635 0.750087 0.643564
v -0.707635 0.750087 0.643564
v -0.707635 -0.058170 0.643564
v -0.772882 0.750087 0.578317
v -0.707635 -0.058170 0.643564
v -0.772882 -0.058170 0.578317
v -0.772882 0.750087 0.578317
v -0.772882 0.750087 0.578317
v -0.772882 -0.058170 0.578317
v -0.810000 0.750087 0.488705
v -0.772882 -0.058170 0.578317
v -0.810000 -0.058170 0.488705
v -0.810000 0.750087 0.488705
v -0.810000 0.750087 0.488705
v -0.810000 -0.058170 0.488705
v -0.810000 0.750087 0.019900
v -0.810000 -0.058170 0.488705
v -0.810000 -0.058170 0.019900
v -0.810000 0.750087 0.019900
v -0.810000 0.750087 0.019900
v -0.810000 -0.058170 0.019900
v -0.810000 0.750087 -0.448904
v -0.810000 -0.058170 0.019900
v -0.810000 -0.058170 -0.448904
v -0.810000 0.750087 -0.448904
v -0.810000 0.750087 -0.448904
v -0.810000 -0.058170 -0.448904
v -0.772882 0.750087 -0.538516
v -0.810000 -0.058170 -0.448904
v -0.772882 -0.058170 -0.538516
v -0.772882 0.750087 -0.538516
v -0.772882 0.750087 -0.538516
v -0.772882 -0.058170 -0.538516
v -0.707635 0.750087 -0.603763
v -0.772882 -0.058170 -0.538516
v -0.707635 -0.058170 -0.603763
v -0.707635 0.750087 -0.603763
v -0.707635 0.750087 -0.603763
v -0.707635 -0.058170 -0.603763
v -0.618023 0.750087 -0.640882
v -0.707635 -0.058170 -0.603763
v -0.618023 -0.058170 -0.640882
v -0.618023 0.750087 -0.640882
v -0.618023 0.750087 -0.640882
v -0.618023 -0.058170 -0.640882
v 0.000000 0.750087 -0.640882
v -0.618023 -0.058170 -0.640882
v 0.000000 -0.058170 -0.640882
v 0.000000 0.750087 -0.640882
v 0.000000 0.750087 -0.640882
v 0.000000 -0.058170 -0.640882
v 0.618023 0.750087 -0.640882
v 0.000000 -0.058170 -0.640882
v 0.618023 -0.058170 -0.640882
v 0.618023 0.750087 -0.640882
v 0.618023 0.750087 -0.640882
v 0.618023 -0.058170 -0.640882
v 0.707635 0.750087 -0.603763
v 0.618023 -0.058170 -0.640882
v 0.707635 -0.058170 -0.603763
v 0.707635 0.750087 -0.603763
v 0.707635 0.750087 -0.603763
v 0.707635 -0.058170 -0.603763
v 0.772882 0.750087 -0.538516
v 0.707635 -0.058170 -0.603763
v 0.772882 -0.058170 -0.538516
v 0.772882 0.750087 -0.538516
v 0.772882 0.750087 -0.538516
v 0.772882 -0.058170 -0.538516
v 0.810000 0.750087 -0.448904
v 0.772882 -0.058170 -0.538516
v 0.810000 -0.058170 -0.448904
v 0.810000 0.750087 -0.448904
v 0.810000 0.750087 -0.448904
v 0.810000 -0.058170 -0.448904
v 0.810000 0.750087 0.019900
v 0.810000 -0.058170 -0.448904
v 0.810000 -0.058170 0.019900
v 0.810000 0.750087 0.019900
v 0.810000 0.750087 0.019900
v 0.810000 -0.058170 0.019900
v 0.810000 0.750087 0.488705
v 0.810000 -0.058170 0.019900
v 0.810000 -0.058170 0.488705
v 0.810000 0.750087 0.488705
v 0.810000 0.750087 0.488705
v 0.810000 -0.058170 0.488705
v 0.772882 0.750087 0.578317
v 0.810000 -0.058170 0.488705
v 0.772882 -0.058170 0.578317
v 0.772882 0.750087 0.578317
v 0.772882 0.750087 0.578317
v 0.772882 -0.058170 0.578317
v 0.707635 0.750087 0.643564
v 0.772882 -0.058170 0.578317
v 0.707635 -0.058170 0.643564
v 0.707635 0.750087 0.643564
v -0.685794 -0.745714 0.019900
v -0.593298 -0.745714 0.126249
v -0.685794 -0.745714 0.356674
v -0.593298 -0.745714 0.126249
v -0.651156 -0.745714 0.440297
v -0.685794 -0.745714 0.356674
v -0.593298 -0.745714 0.126249
v -0.465869 -0.745714 0.255105
v -0.651156 -0.745714 0.440297
v -0.465869 -0.745714 0.255105
v -0.590971 -0.745714 0.500483
v -0.651156 -0.745714 0.440297
v -0.465869 -0.745714 0.255105
v -0.357493 -0.745714 0.379175
v -0.590971 -0.745714 0.500483
v -0.357493 -0.745714 0.379175
v -0.507348 -0.745714 0.535121
v -0.590971 -0.745714 0.500483
v -0.357493 -0.745714 0.379175
v 0.124088 -0.745714 0.460364
v -0.507348 -0.745714 0.535121
v 0.124088 -0.745714 0.460364
v 0.000000 -0.745714 0.535121
v -0.507348 -0.745714 0.535121
v 0.124088 -0.745714 0.460364
v 0.590971 -0.745714 0.500483
v 0.000000 -0.745714 0.535121
v 0.590971 -0.745714 0.500483
v 0.507348 -0.745714 0.535121
v 0.000000 -0.745714 0.535121
v -0.685794 -0.745714 -0.316874
v -0.469806 -0.745714 -0.202498
v -0.685794 -0.745714 0.019900
v -0.469806 -0.745714 -0.202498
v -0.593298 -0.745714 0.126249
v -0.685794 -0.745714 0.019900
v -0.469806 -0.745714 -0.202498
v -0.216555 -0.745714 -0.019975
v -0.593298 -0.745714 0.126249
v -0.216555 -0.745714 -0.019975
v -0.465869 -0.745714 0.255105
v -0.593298 -0.745714 0.126249
v -0.216555 -0.745714 -0.019975
v -0.090365 -0.745714 0.185966
v -0.465869 -0.745714 0.255105
v -0.090365 -0.745714 0.185966
v -0.357493 -0.745714 0.379175
v -0.465869 -0.745714 0.255105
v -0.090365 -0.745714 0.185966
v 0.295246 -0.745714 0.350675
v -0.357493 -0.745714 0.379175
v 0.295246 -0.745714 0.350675
v 0.124088 -0.745714 0.460364
v -0.357493 -0.745714 0.379175
v 0.295246 -0.745714 0.350675
v 0.651156 -0.745714 0.440297
v 0.124088 -0.745714 0.460364
v 0.651156 -0.745714 0.440297
v 0.590971 -0.745714 0.500483
v 0.124088 -0.745714 0.460364
v -0.651156 -0.745714 -0.400497
v -0.295246 -0.745714 -0.310874
v -0.685794 -0.745714 -0.316874
v -0.295246 -0.745714 -0.310874
v -0.469806 -0.745714 -0.202498
v -0.685794 -0.745714 -0.316874
v -0.295246 -0.745714 -0.310874
v 0.090365 -0.745714 -0.146165
v -0.469806 -0.745714 -0.202498
v 0.090365 -0.745714 -0.146165
v -0.216555 -0.745714 -0.019975
v -0.469806 -0.745714 -0.202498
v 0.090365 -0.745714 -0.146165
v 0.216555 -0.745714 0.059775
v -0.216555 -0.745714 -0.019975
v 0.216555 -0.745714 0.059775
v -0.090365 -0.745714 0.185966
v -0.216555 -0.745714 -0.019975
v 0.216555 -0.745714 0.059775
v 0.469806 -0.745714 0.242299
v -0.090365 -0.745714 0.185966
v 0.469806 -0.745714 0.242299
v 0.295246 -0.745714 0.350675
v -0.090365 -0.745714 0.185966
v 0.469806 -0.745714 0.242299
v 0.685794 -0.745714 0.356674
v 0.295246 -0.745714 0.350675
v 0.685794 -0.745714 0.356674
v 0.651156 -0.745714 0.440297
v 0.295246 -0.745714 0.350675
v -0.590971 -0.745714 -0.460682
v -0.124088 -0.745714 -0.420563
v -0.651156 -0.745714 -0.400497
v -0.124088 -0.745714 -0.420563
v -0.295246 -0.745714 -0.310874
v -0.651156 -0.745714 -0.400497
v -0.124088 -0.745714 -0.420563
v 0.357493 -0.745714 -0.339374
v -0.295246 -0.745714 -0.310874
v 0.357493 -0.745714 -0.339374
v 0.090365 -0.745714 -0.146165
v -0.295246 -0.745714 -0.310874
v 0.357493 -0.745714 -0.339374
v 0.465869 -0.745714 -0.215304
v 0.090365 -0.745714 -0.146165
v 0.465869 -0.745714 -0.215304
v 0.216555 -0.745714 0.059775
v 0.090365 -0.745714 -0.146165
v 0.465869 -0.745714 -0.215304
v 0.593298 -0.745714 -0.086448
v 0.216555 -0.745714 0.059775
v 0.593298 -0.745714 -0.086448
v 0.469806 -0.745714 0.242299
v 0.216555 -0.745714 0.059775
v 0.593298 -0.745714 -0.086448
v 0.685794 -0.745714 0.019900
v 0.469806 -0.745714 0.242299
v 0.685794 -0.745714 0.019900
v 0.685794 -0.745714 0.356674
v 0.469806 -0.745714 0.242299
v -0.507348 -0.745714 -0.495320
v 0.000000 -0.745714 -0.495320
v -0.590971 -0.745714 -0.460682
v 0.000000 -0.745714 -0.495320
v -0.124088 -0.745714 -0.420563
v -0.590971 -0.745714 -0.460682
v 0.000000 -0.745714 -0.495320
v 0.507348 -0.745714 -0.495320
v -0.124088 -0.745714 -0.420563
v 0.507348 -0.745714 -0.495320
v 0.357493 -0.745714 -0.339374
v -0.124088 -0.745714 -0.420563
v 0.507348 -0.745714 -0.495320
v 0.590971 -0.745714 -0.460682
v 0.357493 -0.745714 -0.339374
v 0.590971 -0.745714 -0.460682
v 0.465869 -0.745714 -0.215304
v 0.357493 -0.745714 -0.339374
v 0.590971 -0.745714 -0.460682
v 0.651156 -0.745714 -0.400497
v 0.465869 -0.745714 -0.215304
v 0.651156 -0.745714 -0.400497
v 0.593298 -0.745714 -0.086448
v 0.465869 -0.745714 -0.215304
v 0.651156 -0.745714 -0.400497
v 0.685794 -0.745714 -0.316874
v 0.593298 -0.745714 -0.086448
v 0.685794 -0.745714 -0.316874
v 0.685794 -0.745714 0.019900
v 0.593298 -0.745714 -0.086448
v 0.865847 0.701102 0.778218
v 0.942538 0.701102 0.701528
v 0.873623 0.715098 0.789855
v 0.942538 0.701102 0.701528
v 0.954175 0.715098 0.709303
v 0.873623 0.715098 0.789855
v 0.942538 0.701102 0.701528
v 0.986273 0.701102 0.595941
v 0.954175 0.715098 0.709303
v 0.986273 0.701102 0.595941
v 1.000000 0.715098 0.598671
v 0.954175 0.715098 0.709303
v 0.986273 0.701102 -0.556141
v 0.942538 0.701102 -0.661727
v 1.000000 0.715098 -0.558871
v 0.942538 0.701102 -0.661727
v 0.954175 0.715098 -0.669503
v 1.000000 0.715098 -0.558871
v 0.942538 0.701102 -0.661727
v 0.865847 0.701102 -0.738418
v 0.954175 0.715098 -0.669503
v 0.865847 0.701102 -0.738418
v 0.873623 0.715098 -0.750055
v 0.954175 0.715098 -0.669503
v 0.865847 0.701102 -0.738418
v 0.760261 0.701102 -0.782153
v 0.873623 0.715098 -0.750055
v 0.760261 0.701102 -0.782153
v 0.762991 0.715098 -0.795880
v 0.873623 0.715098 -0.750055
v 0.760261 0.701102 0.821954
v 0.865847 0.701102 0.778218
v 0.762991 0.715098 0.835681
v 0.865847 0.701102 0.778218
v 0.873623 0.715098 0.789855
v 0.762991 0.715098 0.835681
v -0.762991 0.779829 -0.795880
v -0.873623 0.779829 -0.750055
v -0.760260 0.793824 -0.782153
v -0.873623 0.779829 -0.750055
v -0.865847 0.793824 -0.738418
v -0.760260 0.793824 -0.782153
v -0.873623 0.779829 -0.750055
v -0.954175 0.779829 -0.669503
v -0.865847 0.793824 -0.738418
v -0.954175 0.779829 -0.669503
v -0.942538 0.793824 -0.661727
v -0.865847 0.793824 -0.738418
v -0.954175 0.779829 -0.669503
v -1.000000 0.779829 -0.558871
v -0.942538 0.793824 -0.661727
v -1.000000 0.779829 -0.558871
v -0.986273 0.793824 -0.556140
v -0.942538 0.793824 -0.661727
v -1.000000 0.779829 0.598672
v -0.954175 0.779829 0.709303
v -0.986273 0.793824 0.595941
v -0.954175 0.779829 0.709303
v -0.942538 0.793824 0.701528
v -0.986273 0.793824 0.595941
v -0.954175 0.779829 0.709303
v -0.873623 0.779829 0.789855
v -0.942538 0.793824 0.701528
v -0.873623 0.779829 0.789855
v -0.865847 0.793824 0.778218
v -0.942538 0.793824 0.701528
v -0.873623 0.779829 0.789855
v -0.762991 0.779829 0.835681
v -0.865847 0.793824 0.778218
v -0.762991 0.779829 0.835681
v -0.760260 0.793824 0.821954
v -0.865847 0.793824 0.778218
v 0.760261 0.701102 -0.782153
v 0.000000 0.701102 -0.781884
v 0.762991 0.715098 -0.795880
v 0.000000 0.701102 -0.781884
v 0.000000 0.715098 -0.795880
v 0.762991 0.715098 -0.795880
v 0.000000 0.701102 0.821685
v 0.760261 0.701102 0.821954
v 0.000000 0.715098 0.835681
v 0.760261 0.701102 0.821954
v 0.762991 0.715098 0.835681
v 0.000000 0.715098 0.835681
v 0.000000 0.779829 -0.795880
v -0.762991 0.779829 -0.795880
v 0.000000 0.793824 -0.781884
v -0.762991 0.779829 -0.795880
v -0.760260 0.793824 -0.782153
v 0.000000 0.793824 -0.781884
v -0.762991 0.779829 0.835681
v 0.000000 0.779829 0.835681
v -0.760260 0.793824 0.821954
v 0.000000 0.779829 0.835681
v 0.000000 0.793824 0.821685
v -0.760260 0.793824 0.821954
v -0.942538 0.701102 0.701528
v -0.865847 0.701102 0.778218
v -0.954175 0.715098 0.709303
v -0.865847 0.701102 0.778218
v -0.873623 0.715098 0.789855
v -0.954175 0.715098 0.709303
v -0.986273 0.701102 0.595941
v -0.942538 0.701102 0.701528
v -1.000000 0.715098 0.598672
v -0.942538 0.701102 0.701528
v -0.954175 0.715098 0.709303
v -1.000000 0.715098 0.598672
v -0.942538 0.701102 -0.661727
v -0.986273 0.701102 -0.556140
v -0.954175 0.715098 -0.669503
v -0.986273 0.701102 -0.556140
v -1.000000 0.715098 -0.558871
v -0.954175 0.715098 -0.669503
v -0.865847 0.701102 -0.738418
v -0.942538 0.701102 -0.661727
v -0.873623 0.715098 -0.750055
v -0.942538 0.701102 -0.661727
v -0.954175 0.715098 -0.669503
v -0.873623 0.715098 -0.750055
v -0.760260 0.701102 -0.782153
v -0.865847 0.701102 -0.738418
v -0.762991 0.715098 -0.795880
v -0.865847 0.701102 -0.738418
v -0.873623 0.715098 -0.750055
v -0.762991 0.715098 -0.795880
v -0.865847 0.701102 0.778218
v -0.760260 0.701102 0.821954
v -0.873623 0.715098 0.789855
v -0.760260 0.701102 0.821954
v -0.762991 0.715098 0.835681
v -0.873623 0.715098 0.789855
v 0.873623 0.779829 -0.750055
v 0.762991 0.779829 -0.795880
v 0.865847 0.793824 -0.738418
v 0.762991 0.779829 -0.795880
v 0.760261 0.793824 -0.782153
v 0.865847 0.793824 -0.738418
v 0.954175 0.779829 -0.669503
v 0.873623 0.779829 -0.750055
v 0.942538 0.793824 -0.661727
v 0.873623 0.779829 -0.750055
v 0.865847 0.793824 -0.738418
v 0.942538 0.793824 -0.661727
v 1.000000 0.779829 -0.558871
v 0.954175 0.779829 -0.669503
v 0.986273 0.793824 -0.556141
v 0.954175 0.779829 -0.669503
v 0.942538 0.793824 -0.661727
v 0.986273 0.793824 -0.556141
v 0.954175 0.779829 0.709303
v 1.000000 0.779829 0.598671
v 0.942538 0.793824 0.701528
v 1.000000 0.779829 0.598671
v 0.986273 0.793824 0.595941
v 0.942538 0.793824 0.701528
v 0.873623 0.779829 0.789855
v 0.954175 0.779829 0.709303
v 0.865847 0.793824 0.778218
v 0.954175 0.779829 0.709303
v 0.942538 0.793824 0.701528
v 0.865847 0.793824 0.778218
v 0.762991 0.779829 0.835681
v 0.873623 0.779829 0.789855
v 0.760261 0.793824 0.821954
v 0.873623 0.779829 0.789855
v 0.865847 0.793824 0.778218
v 0.760261 0.793824 0.821954
v -0.762991 0.715098 -0.795880
v 0.000000 0.715098 -0.795880
v -0.760260 0.701102 -0.782153
v 0.000000 0.715098 -0.795880
v 0.000000 0.701102 -0.781884
v -0.760260 0.701102 -0.782153
v -0.760260 0.701102 0.821954
v 0.000000 0.701102 0.821685
v -0.762991 0.715098 0.835681
v 0.000000 0.701102 0.821685
v 0.000000 0.715098 0.835681
v -0.762991 0.715098 0.835681
v 0.762991 0.779829 -0.795880
v 0.000000 0.779829 -0.795880
v 0.760261 0.793824 -0.782153
v 0.000000 0.779829 -0.795880
v 0.000000 0.793824 -0.781884
v 0.760261 0.793824 -0.782153
v 0.000000 0.779829 0.835681
v 0.762991 0.779829 0.835681
v 0.000000 0.793824 0.821685
v 0.762991 0.779829 0.835681
v 0.760261 0.793824 0.821954
v 0.000000 0.793824 0.821685
v 0.986273 0.701102 0.595941
v 0.986004 0.701102 0.019900
v 1.000000 0.715098 0.598671
v 0.986004 0.701102 0.019900
v 1.000000 0.715098 0.019900
v 1.000000 0.715098 0.598671
v 0.986004 0.701102 0.019900
v 0.986273 0.701102 -0.556141
v 1.000000 0.715098 0.019900
v 0.986273 0.701102 -0.556141
v 1.000000 0.715098 -0.558871
v 1.000000 0.715098 0.019900
v -1.000000 0.779829 0.019900
v -1.000000 0.779829 0.598672
v -0.986004 0.793824 0.019900
v -1.000000 0.779829 0.598672
v -0.986273 0.793824 0.595941
v -0.986004 0.793824 0.019900
v -1.000000 0.779829 -0.558871
v -1.000000 0.779829 0.019900
v -0.986273 0.793824 -0.556140
v -1.000000 0.779829 0.019900
v -0.986004 0.793824 0.019900
v -0.986273 0.793824 -0.556140
v -0.986273 0.701102 -0.556140
v -0.986004 0.701102 0.019900
v -1.000000 0.715098 -0.558871
v -0.986004 0.701102 0.019900
v -1.000000 0.715098 0.019900
v -1.000000 0.715098 -0.558871
v -0.986004 0.701102 0.019900
v -0.986273 0.701102 0.595941
v -1.000000 0.715098 0.019900
v -0.986273 0.701102 0.595941
v -1.000000 0.715098 0.598672
v -1.000000 0.715098 0.019900
v 1.000000 0.779829 0.598671
v 1.000000 0.779829 0.019900
v 0.986273 0.793824 0.595941
v 1.000000 0.779829 0.019900
v 0.986004 0.793824 0.019900
v 0.986273 0.793824 0.595941
v 1.000000 0.779829 0.019900
v 1.000000 0.779829 -0.558871
v 0.986004 0.793824 0.019900
v 1.000000 0.779829 -0.558871
v 0.986273 0.793824 -0.556141
v 0.986004 0.793824 0.019900
v -1.000000 0.743964 0.019900
v -1.000000 0.743964 0.598672
v -0.993877 0.750087 0.019900
v -1.000000 0.743964 0.598672
v -0.994700 0.750087 0.595604
v -0.993877 0.750087 0.019900
v -1.000000 0.743964 -0.558871
v -1.000000 0.743964 0.019900
v -0.994700 0.750087 -0.555804
v -1.000000 0.743964 0.019900
v -0.993877 0.750087 0.019900
v -0.994700 0.750087 -0.555804
v 1.000000 0.743964 0.019900
v 1.000000 0.743964 -0.558871
v 0.993877 0.750087 0.019900
v 1.000000 0.743964 -0.558871
v 0.994700 0.750087 -0.555804
v 0.993877 0.750087 0.019900
v 1.000000 0.743964 0.598671
v 1.000000 0.743964 0.019900
v 0.994700 0.750087 0.595604
v 1.000000 0.743964 0.019900
v 0.993877 0.750087 0.019900
v 0.994700 0.750087 0.595604
v 0.000000 0.743964 -0.795880
v -0.762991 0.743964 -0.795880
v 0.000000 0.750087 -0.789757
v -0.762991 0.743964 -0.795880
v -0.758808 0.750087 -0.791408
v 0.000000 0.750087 -0.789757
v -0.762991 0.743964 0.835681
v 0.000000 0.743964 0.835681
v -0.758808 0.750087 0.831209
v 0.000000 0.743964 0.835681
v 0.000000 0.750087 0.829557
v -0.758808 0.750087 0.831209
v -0.869029 0.750087 -0.746006
v -0.758808 0.750087 -0.791408
v -0.873623 0.743964 -0.750055
v -0.758808 0.750087 -0.791408
v -0.762991 0.743964 -0.795880
v -0.873623 0.743964 -0.750055
v -0.873623 0.743964 -0.750055
v -0.954175 0.743964 -0.669503
v -0.869029 0.750087 -0.746006
v -0.954175 0.743964 -0.669503
v -0.949211 0.750087 -0.665917
v -0.869029 0.750087 -0.746006
v -0.954175 0.743964 -0.669503
v -1.000000 0.743964 -0.558871
v -0.949211 0.750087 -0.665917
v -1.000000 0.743964 -0.558871
v -0.994700 0.750087 -0.555804
v -0.949211 0.750087 -0.665917
v -1.000000 0.743964 0.598672
v -0.954175 0.743964 0.709303
v -0.994700 0.750087 0.595604
v -0.954175 0.743964 0.709303
v -0.949211 0.750087 0.705718
v -0.994700 0.750087 0.595604
v -0.954175 0.743964 0.709303
v -0.873623 0.743964 0.789855
v -0.949211 0.750087 0.705718
v -0.873623 0.743964 0.789855
v -0.869029 0.750087 0.785807
v -0.949211 0.750087 0.705718
v -0.873623 0.743964 0.789855
v -0.762991 0.743964 0.835681
v -0.869029 0.750087 0.785807
v -0.762991 0.743964 0.835681
v -0.758808 0.750087 0.831209
v -0.869029 0.750087 0.785807
v 0.762991 0.743964 -0.795880
v 0.000000 0.743964 -0.795880
v 0.758808 0.750087 -0.791408
v 0.000000 0.743964 -0.795880
v 0.000000 0.750087 -0.789757
v 0.758808 0.750087 -0.791408
v 0.000000 0.743964 0.835681
v 0.762991 0.743964 0.835681
v 0.000000 0.750087 0.829557
v 0.762991 0.743964 0.835681
v 0.758808 0.750087 0.831209
v 0.000000 0.750087 0.829557
v 0.873623 0.743964 -0.750055
v 0.762991 0.743964 -0.795880
v 0.869029 0.750087 -0.746006
v 0.762991 0.743964 -0.795880
v 0.758808 0.750087 -0.791408
v 0.869029 0.750087 -0.746006
v 0.954175 0.743964 -0.669503
v 0.873623 0.743964 -0.750055
v 0.949211 0.750087 -0.665917
v 0.873623 0.743964 -0.750055
v 0.869029 0.750087 -0.746006
v 0.949211 0.750087 -0.665917
v 1.000000 0.743964 -0.558871
v 0.954175 0.743964 -0.669503
v 0.994700 0.750087 -0.555804
v 0.954175 0.743964 -0.669503
v 0.949211 0.750087 -0.665917
v 0.994700 0.750087 -0.555804
v 0.954175 0.743964 0.709303
v 1.000000 0.743964 0.598671
v 0.949211 0.750087 0.705718
v 1.000000 0.743964 0.598671
v 0.994700 0.750087 0.595604
v 0.949211 0.750087 0.705718
v 0.873623 0.743964 0.789855
v 0.954175 0.743964 0.709303
v 0.869029 0.750087 0.785807
v 0.954175 0.743964 0.709303
v 0.949211 0.750087 0.705718
v 0.869029 0.750087 0.785807
v 0.762991 0.743964 0.835681
v 0.873623 0.743964 0.789855
v 0.758808 0.750087 0.831209
v 0.873623 0.743964 0.789855
v 0.869029 0.750087 0.785807
v 0.758808 0.750087 0.831209
v 0.873623 0.756211 -0.750055
v 0.954175 0.756211 -0.669503
v 0.762991 0.756211 -0.795880
v 0.954175 0.756211 -0.669503
v 1.000000 0.756211 -0.558871
v 0.762991 0.756211 -0.795880
v 1.000000 0.756211 -0.558871
v 1.000000 0.756211 0.019900
v 0.762991 0.756211 -0.795880
v 1.000000 0.756211 0.019900
v 1.000000 0.756211 0.598671
v 0.762991 0.756211 -0.795880
v 1.000000 0.756211 0.598671
v 0.954175 0.756211 0.709303
v 0.762991 0.756211 -0.795880
v 0.954175 0.756211 0.709303
v 0.873623 0.756211 0.789855
v 0.762991 0.756211 -0.795880
v 0.873623 0.756211 0.789855
v 0.762991 0.756211 0.835681
v 0.762991 0.756211 -0.795880
v 0.762991 0.756211 0.835681
v 0.000000 0.756211 0.835681
v 0.762991 0.756211 -0.795880
v 0.000000 0.756211 0.835681
v -0.762991 0.756211 0.835681
v 0.762991 0.756211 -0.795880
v -0.762991 0.756211 0.835681
v -0.873623 0.756211 0.789855
v 0.762991 0.756211 -0.795880
v -0.873623 0.756211 0.789855
v -0.954175 0.756211 0.709303
v 0.762991 0.756211 -0.795880
v -0.954175 0.756211 0.709303
v -1.000000 0.756211 0.598672
v 0.762991 0.756211 -0.795880
v -1.000000 0.756211 0.598672
v -1.000000 0.756211 0.019900
v 0.762991 0.756211 -0.795880
v -1.000000 0.756211 0.019900
v -1.000000 0.756211 -0.558871
v 0.762991 0.756211 -0.795880
v -1.000000 0.756211 -0.558871
v -0.954175 0.756211 -0.669503
v 0.762991 0.756211 -0.795880
v -0.954175 0.756211 -0.669503
v -0.873623 0.756211 -0.750055
v 0.762991 0.756211 -0.795880
v -0.762991 0.756211 -0.795880
v 0.000000 0.756211 -0.795880
v -0.873623 0.756211 -0.750055
v -0.873623 0.756211 -0.750055
v 0.000000 0.756211 -0.795880
v 0.762991 0.756211 -0.795880
v -0.745751 0.920236 0.749011
v -0.739096 0.940672 0.811820
v 0.000000 0.920236 0.749011
v -0.739096 0.940672 0.811820
v 0.000000 0.940665 0.811799
v 0.000000 0.920236 0.749011
v 0.000000 0.920236 0.749011
v 0.000000 0.940665 0.811799
v 0.745751 0.920236 0.749011
v 0.000000 0.940665 0.811799
v 0.739096 0.940672 0.811820
v 0.745751 0.920236 0.749011
v 0.745751 0.920236 0.749011
v 0.739096 0.940672 0.811820
v 0.748932 0.884824 0.765000
v 0.739096 0.940672 0.811820
v 0.741094 0.918428 0.821872
v 0.748932 0.884824 0.765000
v 0.748932 0.884824 0.765000
v 0.741094 0.918428 0.821872
v 0.000000 0.884824 0.765000
v 0.741094 0.918428 0.821872
v 0.000000 0.918412 0.821846
v 0.000000 0.884824 0.765000
v 0.000000 0.884824 0.765000
v 0.000000 0.918412 0.821846
v -0.748932 0.884824 0.765000
v 0.000000 0.918412 0.821846
v -0.741094 0.918428 0.821872
v -0.748932 0.884824 0.765000
v -0.748932 0.884824 0.765000
v -0.741094 0.918428 0.821872
v -0.745751 0.920236 0.749011
v -0.741094 0.918428 0.821872
v -0.739096 0.940672 0.811820
v -0.745751 0.920236 0.749011
v 0.000000 0.924624 0.823812
v 0.000000 0.938032 0.817758
v -0.735832 0.924624 0.823812
v 0.000000 0.938032 0.817758
v -0.734628 0.938032 0.817758
v -0.735832 0.924624 0.823812
v 0.735832 0.924624 0.823812
v 0.734628 0.938032 0.817758
v 0.000000 0.924624 0.823812
v 0.734628 0.938032 0.817758
v 0.000000 0.938032 0.817758
v 0.000000 0.924624 0.823812
v 0.735832 0.924624 0.823812
v 0.000000 0.924624 0.823812
v 0.741094 0.918428 0.821872
v 0.000000 0.924624 0.823812
v 0.000000 0.918412 0.821846
v 0.741094 0.918428 0.821872
v 0.734628 0.938032 0.817758
v 0.735832 0.924624 0.823812
v 0.739096 0.940672 0.811820
v 0.735832 0.924624 0.823812
v 0.741094 0.918428 0.821872
v 0.739096 0.940672 0.811820
v 0.000000 0.938032 0.817758
v 0.734628 0.938032 0.817758
v 0.000000 0.940665 0.811799
v 0.734628 0.938032 0.817758
v 0.739096 0.940672 0.811820
v 0.000000 0.940665 0.811799
v 0.000000 0.924624 0.823812
v -0.735832 0.924624 0.823812
v 0.000000 0.918412 0.821846
v -0.735832 0.924624 0.823812
v -0.741094 0.918428 0.821872
v 0.000000 0.918412 0.821846
v -0.734628 0.938032 0.817758
v 0.000000 0.938032 0.817758
v -0.739096 0.940672 0.811820
v 0.000000 0.938032 0.817758
v 0.000000 0.940665 0.811799
v -0.739096 0.940672 0.811820
v -0.735832 0.924624 0.823812
v -0.734628 0.938032 0.817758
v -0.741094 0.918428 0.821872
v -0.734628 0.938032 0.817758
v -0.739096 0.940672 0.811820
v -0.741094 0.918428 0.821872
v -0.593247 -0.856909 0.288801
v -0.593247 -0.879549 0.285820
v -0.631386 -0.856909 0.288801
v -0.593247 -0.879549 0.285820
v -0.631386 -0.879549 0.285820
v -0.631386 -0.856909 0.288801
v -0.593247 -0.835812 0.297540
v -0.593247 -0.856909 0.288801
v -0.631386 -0.835812 0.297540
v -0.593247 -0.856909 0.288801
v -0.631386 -0.856909 0.288801
v -0.631386 -0.835812 0.297540
v -0.593247 -0.817695 0.311441
v -0.593247 -0.835812 0.297540
v -0.631386 -0.817695 0.311441
v -0.593247 -0.835812 0.297540
v -0.631386 -0.835812 0.297540
v -0.631386 -0.817695 0.311441
v -0.593247 -0.803794 0.329557
v -0.593247 -0.817695 0.311441
v -0.631386 -0.803794 0.329557
v -0.593247 -0.817695 0.311441
v -0.631386 -0.817695 0.311441
v -0.631386 -0.803794 0.329557
v -0.593247 -0.795056 0.350654
v -0.593247 -0.803794 0.329557
v -0.631386 -0.795056 0.350654
v -0.593247 -0.803794 0.329557
v -0.631386 -0.803794 0.329557
v -0.631386 -0.795056 0.350654
v -0.593247 -0.792075 0.373294
v -0.593247 -0.795056 0.350654
v -0.631386 -0.792075 0.373294
v -0.593247 -0.795056 0.350654
v -0.631386 -0.795056 0.350654
v -0.631386 -0.792075 0.373294
v -0.593247 -0.795056 0.395934
v -0.593247 -0.792075 0.373294
v -0.631386 -0.795056 0.395934
v -0.593247 -0.792075 0.373294
v -0.631386 -0.792075 0.373294
v -0.631386 -0.795056 0.395934
v -0.593247 -0.803794 0.417031
v -0.593247 -0.795056 0.395934
v -0.631386 -0.803794 0.417031
v -0.593247 -0.795056 0.395934
v -0.631386 -0.795056 0.395934
v -0.631386 -0.803794 0.417031
v -0.593247 -0.817695 0.435148
v -0.593247 -0.803794 0.417031
v -0.631386 -0.817695 0.435148
v -0.593247 -0.803794 0.417031
v -0.631386 -0.803794 0.417031
v -0.631386 -0.817695 0.435148
v -0.593247 -0.835812 0.449049
v -0.593247 -0.817695 0.435148
v -0.631386 -0.835812 0.449049
v -0.593247 -0.817695 0.435148
v -0.631386 -0.817695 0.435148
v -0.631386 -0.835812 0.449049
v -0.593247 -0.856909 0.457787
v -0.593247 -0.835812 0.449049
v -0.631386 -0.856909 0.457787
v -0.593247 -0.835812 0.449049
v -0.631386 -0.835812 0.449049
v -0.631386 -0.856909 0.457787
v -0.593247 -0.879549 0.460768
v -0.593247 -0.856909 0.457787
v -0.631386 -0.879549 0.460768
v -0.593247 -0.856909 0.457787
v -0.631386 -0.856909 0.457787
v -0.631386 -0.879549 0.460768
v -0.593247 -0.902188 0.457787
v -0.593247 -0.879549 0.460768
v -0.631386 -0.902188 0.457787
v -0.593247 -0.879549 0.460768
v -0.631386 -0.879549 0.460768
v -0.631386 -0.902188 0.457787
v -0.593247 -0.923285 0.449049
v -0.593247 -0.902188 0.457787
v -0.631386 -0.923285 0.449049
v -0.593247 -0.902188 0.457787
v -0.631386 -0.902188 0.457787
v -0.631386 -0.923285 0.449049
v -0.593247 -0.941402 0.435148
v -0.593247 -0.923285 0.449049
v -0.631386 -0.941402 0.435148
v -0.593247 -0.923285 0.449049
v -0.631386 -0.923285 0.449049
v -0.631386 -0.941402 0.435148
v -0.593247 -0.955303 0.417031
v -0.593247 -0.941402 0.435148
v -0.631386 -0.955303 0.417031
v -0.593247 -0.941402 0.435148
v -0.631386 -0.941402 0.435148
v -0.631386 -0.955303 0.417031
v -0.593247 -0.964042 0.395934
v -0.593247 -0.955303 0.417031
v -0.631386 -0.964042 0.395934
v -0.593247 -0.955303 0.417031
v -0.631386 -0.955303 0.417031
v -0.631386 -0.964042 0.395934
v -0.593247 -0.967022 0.373294
v -0.593247 -0.964042 0.395934
v -0.631386 -0.967022 0.373294
v -0.593247 -0.964042 0.395934
v -0.631386 -0.964042 0.395934
v -0.631386 -0.967022 0.373294
v -0.593247 -0.964042 0.350654
v -0.593247 -0.967022 0.373294
v -0.631386 -0.964042 0.350654
v -0.593247 -0.967022 0.373294
v -0.631386 -0.967022 0.373294
v -0.631386 -0.964042 0.350654
v -0.593247 -0.955303 0.329557
v -0.593247 -0.964042 0.350654
v -0.631386 -0.955303 0.329557
v -0.593247 -0.964042 0.350654
v -0.631386 -0.964042 0.350654
v -0.631386 -0.955303 0.329557
v -0.593247 -0.941402 0.311441
v -0.593247 -0.955303 0.329557
v -0.631386 -0.941402 0.311441
v -0.593247 -0.955303 0.329557
v -0.631386 -0.955303 0.329557
v -0.631386 -0.941402 0.311441
v -0.593247 -0.923285 0.297540
v -0.593247 -0.941402 0.311441
v -0.631386 -0.923285 0.297540
v -0.593247 -0.941402 0.311441
v -0.631386 -0.941402 0.311441
v -0.631386 -0.923285 0.297540
v -0.593247 -0.902188 0.288801
v -0.593247 -0.923285 0.297540
v -0.631386 -0.902188 0.288801
v -0.593247 -0.923285 0.297540
v -0.631386 -0.923285 0.297540
v -0.631386 -0.902188 0.288801
v -0.593247 -0.879549 0.285820
v -0.593247 -0.902188 0.288801
v -0.631386 -0.879549 0.285820
v -0.593247 -0.902188 0.288801
v -0.631386 -0.902188 0.288801
v -0.631386 -0.879549 0.285820
v -0.579951 -0.860380 0.301755
v -0.579951 -0.879549 0.299231
v -0.593247 -0.856909 0.288801
v -0.579951 -0.879549 0.299231
v -0.593247 -0.879549 0.285820
v -0.593247 -0.856909 0.288801
v -0.579951 -0.842517 0.309154
v -0.579951 -0.860380 0.301755
v -0.593247 -0.835812 0.297540
v -0.579951 -0.860380 0.301755
v -0.593247 -0.856909 0.288801
v -0.593247 -0.835812 0.297540
v -0.579951 -0.827178 0.320924
v -0.579951 -0.842517 0.309154
v -0.593247 -0.817695 0.311441
v -0.579951 -0.842517 0.309154
v -0.593247 -0.835812 0.297540
v -0.593247 -0.817695 0.311441
v -0.579951 -0.815408 0.336263
v -0.579951 -0.827178 0.320924
v -0.593247 -0.803794 0.329557
v -0.579951 -0.827178 0.320924
v -0.593247 -0.817695 0.311441
v -0.593247 -0.803794 0.329557
v -0.579951 -0.808009 0.354125
v -0.579951 -0.815408 0.336263
v -0.593247 -0.795056 0.350654
v -0.579951 -0.815408 0.336263
v -0.593247 -0.803794 0.329557
v -0.593247 -0.795056 0.350654
v -0.579951 -0.805486 0.373294
v -0.579951 -0.808009 0.354125
v -0.593247 -0.792075 0.373294
v -0.579951 -0.808009 0.354125
v -0.593247 -0.795056 0.350654
v -0.593247 -0.792075 0.373294
v -0.579951 -0.808009 0.392463
v -0.579951 -0.805486 0.373294
v -0.593247 -0.795056 0.395934
v -0.579951 -0.805486 0.373294
v -0.593247 -0.792075 0.373294
v -0.593247 -0.795056 0.395934
v -0.579951 -0.815408 0.410326
v -0.579951 -0.808009 0.392463
v -0.593247 -0.803794 0.417031
v -0.579951 -0.808009 0.392463
v -0.593247 -0.795056 0.395934
v -0.593247 -0.803794 0.417031
v -0.579951 -0.827178 0.425665
v -0.579951 -0.815408 0.410326
v -0.593247 -0.817695 0.435148
v -0.579951 -0.815408 0.410326
v -0.593247 -0.803794 0.417031
v -0.593247 -0.817695 0.435148
v -0.579951 -0.842517 0.437435
v -0.579951 -0.827178 0.425665
v -0.593247 -0.835812 0.449049
v -0.579951 -0.827178 0.425665
v -0.593247 -0.817695 0.435148
v -0.593247 -0.835812 0.449049
v -0.579951 -0.860380 0.444834
v -0.579951 -0.842517 0.437435
v -0.593247 -0.856909 0.457787
v -0.579951 -0.842517 0.437435
v -0.593247 -0.835812 0.449049
v -0.593247 -0.856909 0.457787
v -0.579951 -0.879549 0.447357
v -0.579951 -0.860380 0.444834
v -0.593247 -0.879549 0.460768
v -0.579951 -0.860380 0.444834
v -0.593247 -0.856909 0.457787
v -0.593247 -0.879549 0.460768
v -0.579951 -0.898718 0.444834
v -0.579951 -0.879549 0.447357
v -0.593247 -0.902188 0.457787
v -0.579951 -0.879549 0.447357
v -0.593247 -0.879549 0.460768
v -0.593247 -0.902188 0.457787
v -0.579951 -0.916580 0.437435
v -0.579951 -0.898718 0.444834
v -0.593247 -0.923285 0.449049
v -0.579951 -0.898718 0.444834
v -0.593247 -0.902188 0.457787
v -0.593247 -0.923285 0.449049
v -0.579951 -0.931919 0.425665
v -0.579951 -0.916580 0.437435
v -0.593247 -0.941402 0.435148
v -0.579951 -0.916580 0.437435
v -0.593247 -0.923285 0.449049
v -0.593247 -0.941402 0.435148
v -0.579951 -0.943689 0.410326
v -0.579951 -0.931919 0.425665
v -0.593247 -0.955303 0.417031
v -0.579951 -0.931919 0.425665
v -0.593247 -0.941402 0.435148
v -0.593247 -0.955303 0.417031
v -0.579951 -0.951088 0.392463
v -0.579951 -0.943689 0.410326
v -0.593247 -0.964042 0.395934
v -0.579951 -0.943689 0.410326
v -0.593247 -0.955303 0.417031
v -0.593247 -0.964042 0.395934
v -0.579951 -0.953612 0.373294
v -0.579951 -0.951088 0.392463
v -0.593247 -0.967022 0.373294
v -0.579951 -0.951088 0.392463
v -0.593247 -0.964042 0.395934
v -0.593247 -0.967022 0.373294
v -0.579951 -0.951088 0.354125
v -0.579951 -0.953612 0.373294
v -0.593247 -0.964042 0.350654
v -0.579951 -0.953612 0.373294
v -0.593247 -0.967022 0.373294
v -0.593247 -0.964042 0.350654
v -0.579951 -0.943689 0.336263
v -0.579951 -0.951088 0.354125
v -0.593247 -0.955303 0.329557
v -0.579951 -0.951088 0.354125
v -0.593247 -0.964042 0.350654
v -0.593247 -0.955303 0.329557
v -0.579951 -0.931919 0.320924
v -0.579951 -0.943689 0.336263
v -0.593247 -0.941402 0.311441
v -0.579951 -0.943689 0.336263
v -0.593247 -0.955303 0.329557
v -0.593247 -0.941402 0.311441
v -0.579951 -0.916580 0.309154
v -0.579951 -0.931919 0.320924
v -0.593247 -0.923285 0.297540
v -0.579951 -0.931919 0.320924
v -0.593247 -0.941402 0.311441
v -0.593247 -0.923285 0.297540
v -0.579951 -0.898718 0.301755
v -0.579951 -0.916580 0.309154
v -0.593247 -0.902188 0.288801
v -0.579951 -0.916580 0.309154
v -0.593247 -0.923285 0.297540
v -0.593247 -0.902188 0.288801
v -0.579951 -0.879549 0.299231
v -0.579951 -0.898718 0.301755
v -0.593247 -0.879549 0.285820
v -0.579951 -0.898718 0.301755
v -0.593247 -0.902188 0.288801
v -0.593247 -0.879549 0.285820
v -0.644682 -0.898718 0.301755
v -0.644682 -0.879549 0.299231
v -0.631386 -0.902188 0.288801
v -0.644682 -0.879549 0.299231
v -0.631386 -0.879549 0.285820
v -0.631386 -0.902188 0.288801
v -0.644682 -0.916580 0.309154
v -0.644682 -0.898718 0.301755
v -0.631386 -0.923285 0.297540
v -0.644682 -0.898718 0.301755
v -0.631386 -0.902188 0.288801
v -0.631386 -0.923285 0.297540
v -0.644682 -0.931919 0.320924
v -0.644682 -0.916580 0.309154
v -0.631386 -0.941402 0.311441
v -0.644682 -0.916580 0.309154
v -0.631386 -0.923285 0.297540
v -0.631386 -0.941402 0.311441
v -0.644682 -0.943689 0.336263
v -0.644682 -0.931919 0.320924
v -0.631386 -0.955303 0.329557
v -0.644682 -0.931919 0.320924
v -0.631386 -0.941402 0.311441
v -0.631386 -0.955303 0.329557
v -0.644682 -0.951088 0.354125
v -0.644682 -0.943689 0.336263
v -0.631386 -0.964042 0.350654
v -0.644682 -0.943689 0.336263
v -0.631386 -0.955303 0.329557
v -0.631386 -0.964042 0.350654
v -0.644682 -0.953612 0.373294
v -0.644682 -0.951088 0.354125
v -0.631386 -0.967022 0.373294
v -0.644682 -0.951088 0.354125
v -0.631386 -0.964042 0.350654
v -0.631386 -0.967022 0.373294
v -0.644682 -0.951088 0.392463
v -0.644682 -0.953612 0.373294
v -0.631386 -0.964042 0.395934
v -0.644682 -0.953612 0.373294
v -0.631386 -0.967022 0.373294
v -0.631386 -0.964042 0.395934
v -0.644682 -0.943689 0.410326
v -0.644682 -0.951088 0.392463
v -0.631386 -0.955303 0.417031
v -0.644682 -0.951088 0.392463
v -0.631386 -0.964042 0.395934
v -0.631386 -0.955303 0.417031
v -0.644682 -0.931919 0.425665
v -0.644682 -0.943689 0.410326
v -0.631386 -0.941402 0.435148
v -0.644682 -0.943689 0.410326
v -0.631386 -0.955303 0.417031
v -0.631386 -0.941402 0.435148
v -0.644682 -0.916580 0.437435
v -0.644682 -0.931919 0.425665
v -0.631386 -0.923285 0.449049
v -0.644682 -0.931919 0.425665
v -0.631386 -0.941402 0.435148
v -0.631386 -0.923285 0.449049
v -0.644682 -0.898718 0.444834
v -0.644682 -0.916580 0.437435
v -0.631386 -0.902188 0.457787
v -0.644682 -0.916580 0.437435
v -0.631386 -0.923285 0.449049
v -0.631386 -0.902188 0.457787
v -0.644682 -0.879549 0.447357
v -0.644682 -0.898718 0.444834
v -0.631386 -0.879549 0.460768
v -0.644682 -0.898718 0.444834
v -0.631386 -0.902188 0.457787
v -0.631386 -0.879549 0.460768
v -0.644682 -0.860380 0.444834
v -0.644682 -0.879549 0.447357
v -0.631386 -0.856909 0.457787
v -0.644682 -0.879549 0.447357
v -0.631386 -0.879549 0.460768
v -0.631386 -0.856909 0.457787
v -0.644682 -0.842517 0.437435
v -0.644682 -0.860380 0.444834
v -0.631386 -0.835812 0.449049
v -0.644682 -0.860380 0.444834
v -0.631386 -0.856909 0.457787
v -0.631386 -0.835812 0.449049
v -0.644682 -0.827178 0.425665
v -0.644682 -0.842517 0.437435
v -0.631386 -0.817695 0.435148
v -0.644682 -0.842517 0.437435
v -0.631386 -0.835812 0.449049
v -0.631386 -0.817695 0.435148
v -0.644682 -0.815408 0.410326
v -0.644682 -0.827178 0.425665
v -0.631386 -0.803794 0.417031
v -0.644682 -0.827178 0.425665
v -0.631386 -0.817695 0.435148
v -0.631386 -0.803794 0.417031
v -0.644682 -0.808009 0.392463
v -0.644682 -0.815408 0.410326
v -0.631386 -0.795056 0.395934
v -0.644682 -0.815408 0.410326
v -0.631386 -0.803794 0.417031
v -0.631386 -0.795056 0.395934
v -0.644682 -0.805486 0.373294
v -0.644682 -0.808009 0.392463
v -0.631386 -0.792075 0.373294
v -0.644682 -0.808009 0.392463
v -0.631386 -0.795056 0.395934
v -0.631386 -0.792075 0.373294
v -0.644682 -0.808009 0.354125
v -0.644682 -0.805486 0.373294
v -0.631386 -0.795056 0.350654
v -0.644682 -0.805486 0.373294
v -0.631386 -0.792075 0.373294
v -0.631386 -0.795056 0.350654
v -0.644682 -0.815408 0.336263
v -0.644682 -0.808009 0.354125
v -0.631386 -0.803794 0.329557
v -0.644682 -0.808009 0.354125
v -0.631386 -0.795056 0.350654
v -0.631386 -0.803794 0.329557
v -0.644682 -0.827178 0.320924
v -0.644682 -0.815408 0.336263
v -0.631386 -0.817695 0.311441
v -0.644682 -0.815408 0.336263
v -0.631386 -0.803794 0.329557
v -0.631386 -0.817695 0.311441
v -0.644682 -0.842517 0.309154
v -0.644682 -0.827178 0.320924
v -0.631386 -0.835812 0.297540
v -0.644682 -0.827178 0.320924
v -0.631386 -0.817695 0.311441
v -0.631386 -0.835812 0.297540
v -0.644682 -0.860380 0.301755
v -0.644682 -0.842517 0.309154
v -0.631386 -0.856909 0.288801
v -0.644682 -0.842517 0.309154
v -0.631386 -0.835812 0.297540
v -0.631386 -0.856909 0.288801
v -0.644682 -0.879549 0.299231
v -0.644682 -0.860380 0.301755
v -0.631386 -0.879549 0.285820
v -0.644682 -0.860380 0.301755
v -0.631386 -0.856909 0.288801
v -0.631386 -0.879549 0.285820
v -0.644682 -0.898718 0.301755
v -0.644682 -0.916580 0.309154
v -0.644682 -0.892525 0.324867
v -0.644682 -0.916580 0.309154
v -0.644682 -0.904616 0.329876
v -0.644682 -0.892525 0.324867
v -0.644682 -0.916580 0.309154
v -0.644682 -0.931919 0.320924
v -0.644682 -0.904616 0.329876
v -0.644682 -0.931919 0.320924
v -0.644682 -0.915000 0.337843
v -0.644682 -0.904616 0.329876
v -0.644682 -0.931919 0.320924
v -0.644682 -0.943689 0.336263
v -0.644682 -0.915000 0.337843
v -0.644682 -0.943689 0.336263
v -0.644682 -0.922967 0.348227
v -0.644682 -0.915000 0.337843
v -0.644682 -0.943689 0.336263
v -0.644682 -0.951088 0.354125
v -0.644682 -0.922967 0.348227
v -0.644682 -0.951088 0.354125
v -0.644682 -0.927976 0.360318
v -0.644682 -0.922967 0.348227
v -0.644682 -0.951088 0.354125
v -0.644682 -0.953612 0.373294
v -0.644682 -0.927976 0.360318
v -0.644682 -0.953612 0.373294
v -0.644682 -0.929684 0.373294
v -0.644682 -0.927976 0.360318
v -0.644682 -0.953612 0.373294
v -0.644682 -0.951088 0.392463
v -0.644682 -0.929684 0.373294
v -0.644682 -0.951088 0.392463
v -0.644682 -0.927976 0.386270
v -0.644682 -0.929684 0.373294
v -0.644682 -0.951088 0.392463
v -0.644682 -0.943689 0.410326
v -0.644682 -0.927976 0.386270
v -0.644682 -0.943689 0.410326
v -0.644682 -0.922967 0.398362
v -0.644682 -0.927976 0.386270
v -0.644682 -0.943689 0.410326
v -0.644682 -0.931919 0.425665
v -0.644682 -0.922967 0.398362
v -0.644682 -0.931919 0.425665
v -0.644682 -0.915000 0.408745
v -0.644682 -0.922967 0.398362
v -0.644682 -0.931919 0.425665
v -0.644682 -0.916580 0.437435
v -0.644682 -0.915000 0.408745
v -0.644682 -0.916580 0.437435
v -0.644682 -0.904616 0.416713
v -0.644682 -0.915000 0.408745
v -0.644682 -0.916580 0.437435
v -0.644682 -0.898718 0.444834
v -0.644682 -0.904616 0.416713
v -0.644682 -0.898718 0.444834
v -0.644682 -0.892525 0.421721
v -0.644682 -0.904616 0.416713
v -0.644682 -0.898718 0.444834
v -0.644682 -0.879549 0.447357
v -0.644682 -0.892525 0.421721
v -0.644682 -0.879549 0.447357
v -0.644682 -0.879549 0.423430
v -0.644682 -0.892525 0.421721
v -0.644682 -0.879549 0.447357
v -0.644682 -0.860380 0.444834
v -0.644682 -0.879549 0.423430
v -0.644682 -0.860380 0.444834
v -0.644682 -0.866573 0.421721
v -0.644682 -0.879549 0.423430
v -0.644682 -0.860380 0.444834
v -0.644682 -0.842517 0.437435
v -0.644682 -0.866573 0.421721
v -0.644682 -0.842517 0.437435
v -0.644682 -0.854481 0.416713
v -0.644682 -0.866573 0.421721
v -0.644682 -0.842517 0.437435
v -0.644682 -0.827178 0.425665
v -0.644682 -0.854481 0.416713
v -0.644682 -0.827178 0.425665
v -0.644682 -0.844098 0.408745
v -0.644682 -0.854481 0.416713
v -0.644682 -0.827178 0.425665
v -0.644682 -0.815408 0.410326
v -0.644682 -0.844098 0.408745
v -0.644682 -0.815408 0.410326
v -0.644682 -0.836130 0.398362
v -0.644682 -0.844098 0.408745
v -0.644682 -0.815408 0.410326
v -0.644682 -0.808009 0.392463
v -0.644682 -0.836130 0.398362
v -0.644682 -0.808009 0.392463
v -0.644682 -0.831122 0.386270
v -0.644682 -0.836130 0.398362
v -0.644682 -0.808009 0.392463
v -0.644682 -0.805486 0.373294
v -0.644682 -0.831122 0.386270
v -0.644682 -0.805486 0.373294
v -0.644682 -0.829413 0.373294
v -0.644682 -0.831122 0.386270
v -0.644682 -0.805486 0.373294
v -0.644682 -0.808009 0.354125
v -0.644682 -0.829413 0.373294
v -0.644682 -0.808009 0.354125
v -0.644682 -0.831122 0.360318
v -0.644682 -0.829413 0.373294
v -0.644682 -0.808009 0.354125
v -0.644682 -0.815408 0.336263
v -0.644682 -0.831122 0.360318
v -0.644682 -0.815408 0.336263
v -0.644682 -0.836130 0.348227
v -0.644682 -0.831122 0.360318
v -0.644682 -0.815408 0.336263
v -0.644682 -0.827178 0.320924
v -0.644682 -0.836130 0.348227
v -0.644682 -0.827178 0.320924
v -0.644682 -0.844098 0.337843
v -0.644682 -0.836130 0.348227
v -0.644682 -0.827178 0.320924
v -0.644682 -0.842517 0.309154
v -0.644682 -0.844098 0.337843
v -0.644682 -0.842517 0.309154
v -0.644682 -0.854481 0.329876
v -0.644682 -0.844098 0.337843
v -0.644682 -0.842517 0.309154
v -0.644682 -0.860380 0.301755
v -0.644682 -0.854481 0.329876
v -0.644682 -0.860380 0.301755
v -0.644682 -0.866573 0.324867
v -0.644682 -0.854481 0.329876
v -0.644682 -0.860380 0.301755
v -0.644682 -0.879549 0.299231
v -0.644682 -0.866573 0.324867
v -0.644682 -0.879549 0.299231
v -0.644682 -0.879549 0.323159
v -0.644682 -0.866573 0.324867
v -0.644682 -0.879549 0.299231
v -0.644682 -0.898718 0.301755
v -0.644682 -0.879549 0.323159
v -0.644682 -0.898718 0.301755
v -0.644682 -0.892525 0.324867
v -0.644682 -0.879549 0.323159
v -0.579951 -0.860380 0.301755
v -0.579951 -0.842517 0.309154
v -0.579951 -0.866573 0.324867
v -0.579951 -0.842517 0.309154
v -0.579951 -0.854481 0.329876
v -0.579951 -0.866573 0.324867
v -0.579951 -0.842517 0.309154
v -0.579951 -0.827178 0.320924
v -0.579951 -0.854481 0.329876
v -0.579951 -0.827178 0.320924
v -0.579951 -0.844098 0.337843
v -0.579951 -0.854481 0.329876
v -0.579951 -0.827178 0.320924
v -0.579951 -0.815408 0.336263
v -0.579951 -0.844098 0.337843
v -0.579951 -0.815408 0.336263
v -0.579951 -0.836130 0.348227
v -0.579951 -0.844098 0.337843
v -0.579951 -0.815408 0.336263
v -0.579951 -0.808009 0.354125
v -0.579951 -0.836130 0.348227
v -0.579951 -0.808009 0.354125
v -0.579951 -0.831122 0.360318
v -0.579951 -0.836130 0.348227
v -0.579951 -0.808009 0.354125
v -0.579951 -0.805486 0.373294
v -0.579951 -0.831122 0.360318
v -0.579951 -0.805486 0.373294
v -0.579951 -0.829413 0.373294
v -0.579951 -0.831122 0.360318
v -0.579951 -0.805486 0.373294
v -0.579951 -0.808009 0.392463
v -0.579951 -0.829413 0.373294
v -0.579951 -0.808009 0.392463
v -0.579951 -0.831122 0.386270
v -0.579951 -0.829413 0.373294
v -0.579951 -0.808009 0.392463
v -0.579951 -0.815408 0.410326
v -0.579951 -0.831122 0.386270
v -0.579951 -0.815408 0.410326
v -0.579951 -0.836130 0.398362
v -0.579951 -0.831122 0.386270
v -0.579951 -0.815408 0.410326
v -0.579951 -0.827178 0.425665
v -0.579951 -0.836130 0.398362
v -0.579951 -0.827178 0.425665
v -0.579951 -0.844098 0.408745
v -0.579951 -0.836130 0.398362
v -0.579951 -0.827178 0.425665
v -0.579951 -0.842517 0.437435
v -0.579951 -0.844098 0.408745
v -0.579951 -0.842517 0.437435
v -0.579951 -0.854481 0.416713
v -0.579951 -0.844098 0.408745
v -0.579951 -0.842517 0.437435
v -0.579951 -0.860380 0.444834
v -0.579951 -0.854481 0.416713
v -0.579951 -0.860380 0.444834
v -0.579951 -0.866573 0.421721
v -0.579951 -0.854481 0.416713
v -0.579951 -0.860380 0.444834
v -0.579951 -0.879549 0.447357
v -0.579951 -0.866573 0.421721
v -0.579951 -0.879549 0.447357
v -0.579951 -0.879549 0.423430
v -0.579951 -0.866573 0.421721
v -0.579951 -0.879549 0.447357
v -0.579951 -0.898718 0.444834
v -0.579951 -0.879549 0.423430
v -0.579951 -0.898718 0.444834
v -0.579951 -0.892525 0.421721
v -0.579951 -0.879549 0.423430
v -0.579951 -0.898718 0.444834
v -0.579951 -0.916580 0.437435
v -0.579951 -0.892525 0.421721
v -0.579951 -0.916580 0.437435
v -0.579951 -0.904616 0.416713
v -0.579951 -0.892525 0.421721
v -0.579951 -0.916580 0.437435
v -0.579951 -0.931919 0.425665
v -0.579951 -0.904616 0.416713
v -0.579951 -0.931919 0.425665
v -0.579951 -0.915000 0.408745
v -0.579951 -0.904616 0.416713
v -0.579951 -0.931919 0.425665
v -0.579951 -0.943689 0.410326
v -0.579951 -0.915000 0.408745
v -0.579951 -0.943689 0.410326
v -0.579951 -0.922967 0.398362
v -0.579951 -0.915000 0.408745
v -0.579951 -0.943689 0.410326
v -0.579951 -0.951088 0.392463
v -0.579951 -0.922967 0.398362
v -0.579951 -0.951088 0.392463
v -0.579951 -0.927976 0.386270
v -0.579951 -0.922967 0.398362
v -0.579951 -0.951088 0.392463
v -0.579951 -0.953612 0.373294
v -0.579951 -0.927976 0.386270
v -0.579951 -0.953612 0.373294
v -0.579951 -0.929684 0.373294
v -0.579951 -0.927976 0.386270
v -0.579951 -0.953612 0.373294
v -0.579951 -0.951088 0.354125
v -0.579951 -0.929684 0.373294
v -0.579951 -0.951088 0.354125
v -0.579951 -0.927976 0.360318
v -0.579951 -0.929684 0.373294
v -0.579951 -0.951088 0.354125
v -0.579951 -0.943689 0.336263
v -0.579951 -0.927976 0.360318
v -0.579951 -0.943689 0.336263
v -0.579951 -0.922967 0.348227
v -0.579951 -0.927976 0.360318
v -0.579951 -0.943689 0.336263
v -0.579951 -0.931919 0.320924
v -0.579951 -0.922967 0.348227
v -0.579951 -0.931919 0.320924
v -0.579951 -0.915000 0.337843
v -0.579951 -0.922967 0.348227
v -0.579951 -0.931919 0.320924
v -0.579951 -0.916580 0.309154
v -0.579951 -0.915000 0.337843
v -0.579951 -0.916580 0.309154
v -0.579951 -0.904616 0.329876
v -0.579951 -0.915000 0.337843
v -0.579951 -0.916580 0.309154
v -0.579951 -0.898718 0.301755
v -0.579951 -0.904616 0.329876
v -0.579951 -0.898718 0.301755
v -0.579951 -0.892525 0.324867
v -0.579951 -0.904616 0.329876
v -0.579951 -0.898718 0.301755
v -0.579951 -0.879549 0.299231
v -0.579951 -0.892525 0.324867
v -0.579951 -0.879549 0.299231
v -0.579951 -0.879549 0.323159
v -0.579951 -0.892525 0.324867
v -0.579951 -0.879549 0.299231
v -0.579951 -0.860380 0.301755
v -0.579951 -0.879549 0.323159
v -0.579951 -0.860380 0.301755
v -0.579951 -0.866573 0.324867
v -0.579951 -0.879549 0.323159
v -0.579951 -0.879549 0.423430
v -0.579951 -0.892525 0.421721
v -0.579951 -0.879549 0.403737
v -0.579951 -0.892525 0.421721
v -0.579951 -0.887428 0.402700
v -0.579951 -0.879549 0.403737
v -0.579951 -0.892525 0.421721
v -0.579951 -0.904616 0.416713
v -0.579951 -0.887428 0.402700
v -0.579951 -0.904616 0.416713
v -0.579951 -0.894770 0.399658
v -0.579951 -0.887428 0.402700
v -0.579951 -0.904616 0.416713
v -0.579951 -0.915000 0.408745
v -0.579951 -0.894770 0.399658
v -0.579951 -0.915000 0.408745
v -0.579951 -0.901075 0.394821
v -0.579951 -0.894770 0.399658
v -0.579951 -0.915000 0.408745
v -0.579951 -0.922967 0.398362
v -0.579951 -0.901075 0.394821
v -0.579951 -0.922967 0.398362
v -0.579951 -0.905913 0.388516
v -0.579951 -0.901075 0.394821
v -0.579951 -0.922967 0.398362
v -0.579951 -0.927976 0.386270
v -0.579951 -0.905913 0.388516
v -0.579951 -0.927976 0.386270
v -0.579951 -0.908954 0.381173
v -0.579951 -0.905913 0.388516
v -0.579951 -0.927976 0.386270
v -0.579951 -0.929684 0.373294
v -0.579951 -0.908954 0.381173
v -0.579951 -0.929684 0.373294
v -0.579951 -0.909991 0.373294
v -0.579951 -0.908954 0.381173
v -0.579951 -0.929684 0.373294
v -0.579951 -0.927976 0.360318
v -0.579951 -0.909991 0.373294
v -0.579951 -0.927976 0.360318
v -0.579951 -0.908954 0.365415
v -0.579951 -0.909991 0.373294
v -0.579951 -0.927976 0.360318
v -0.579951 -0.922967 0.348227
v -0.579951 -0.908954 0.365415
v -0.579951 -0.922967 0.348227
v -0.579951 -0.905913 0.358073
v -0.579951 -0.908954 0.365415
v -0.579951 -0.922967 0.348227
v -0.579951 -0.915000 0.337843
v -0.579951 -0.905913 0.358073
v -0.579951 -0.915000 0.337843
v -0.579951 -0.901075 0.351768
v -0.579951 -0.905913 0.358073
v -0.579951 -0.915000 0.337843
v -0.579951 -0.904616 0.329876
v -0.579951 -0.901075 0.351768
v -0.579951 -0.904616 0.329876
v -0.579951 -0.894770 0.346930
v -0.579951 -0.901075 0.351768
v -0.579951 -0.904616 0.329876
v -0.579951 -0.892525 0.324867
v -0.579951 -0.894770 0.346930
v -0.579951 -0.892525 0.324867
v -0.579951 -0.887428 0.343889
v -0.579951 -0.894770 0.346930
v -0.579951 -0.892525 0.324867
v -0.579951 -0.879549 0.323159
v -0.579951 -0.887428 0.343889
v -0.579951 -0.879549 0.323159
v -0.579951 -0.879549 0.342851
v -0.579951 -0.887428 0.343889
v -0.579951 -0.879549 0.323159
v -0.579951 -0.866573 0.324867
v -0.579951 -0.879549 0.342851
v -0.579951 -0.866573 0.324867
v -0.579951 -0.871669 0.343889
v -0.579951 -0.879549 0.342851
v -0.579951 -0.866573 0.324867
v -0.579951 -0.854481 0.329876
v -0.579951 -0.871669 0.343889
v -0.579951 -0.854481 0.329876
v -0.579951 -0.864327 0.346930
v -0.579951 -0.871669 0.343889
v -0.579951 -0.854481 0.329876
v -0.579951 -0.844098 0.337843
v -0.579951 -0.864327 0.346930
v -0.579951 -0.844098 0.337843
v -0.579951 -0.858022 0.351768
v -0.579951 -0.864327 0.346930
v -0.579951 -0.844098 0.337843
v -0.579951 -0.836130 0.348227
v -0.579951 -0.858022 0.351768
v -0.579951 -0.836130 0.348227
v -0.579951 -0.853184 0.358073
v -0.579951 -0.858022 0.351768
v -0.579951 -0.836130 0.348227
v -0.579951 -0.831122 0.360318
v -0.579951 -0.853184 0.358073
v -0.579951 -0.831122 0.360318
v -0.579951 -0.850143 0.365415
v -0.579951 -0.853184 0.358073
v -0.579951 -0.831122 0.360318
v -0.579951 -0.829413 0.373294
v -0.579951 -0.850143 0.365415
v -0.579951 -0.829413 0.373294
v -0.579951 -0.849106 0.373294
v -0.579951 -0.850143 0.365415
v -0.579951 -0.829413 0.373294
v -0.579951 -0.831122 0.386270
v -0.579951 -0.849106 0.373294
v -0.579951 -0.831122 0.386270
v -0.579951 -0.850143 0.381173
v -0.579951 -0.849106 0.373294
v -0.579951 -0.831122 0.386270
v -0.579951 -0.836130 0.398362
v -0.579951 -0.850143 0.381173
v -0.579951 -0.836130 0.398362
v -0.579951 -0.853184 0.388516
v -0.579951 -0.850143 0.381173
v -0.579951 -0.836130 0.398362
v -0.579951 -0.844098 0.408745
v -0.579951 -0.853184 0.388516
v -0.579951 -0.844098 0.408745
v -0.579951 -0.858022 0.394821
v -0.579951 -0.853184 0.388516
v -0.579951 -0.844098 0.408745
v -0.579951 -0.854481 0.416713
v -0.579951 -0.858022 0.394821
v -0.579951 -0.854481 0.416713
v -0.579951 -0.864327 0.399658
v -0.579951 -0.858022 0.394821
v -0.579951 -0.854481 0.416713
v -0.579951 -0.866573 0.421721
v -0.579951 -0.864327 0.399658
v -0.579951 -0.866573 0.421721
v -0.579951 -0.871669 0.402700
v -0.579951 -0.864327 0.399658
v -0.579951 -0.866573 0.421721
v -0.579951 -0.879549 0.423430
v -0.579951 -0.871669 0.402700
v -0.579951 -0.879549 0.423430
v -0.579951 -0.879549 0.403737
v -0.579951 -0.871669 0.402700
v -0.644682 -0.879549 0.423430
v -0.644682 -0.866573 0.421721
v -0.644682 -0.879549 0.403737
v -0.644682 -0.866573 0.421721
v -0.644682 -0.871669 0.402700
v -0.644682 -0.879549 0.403737
v -0.644682 -0.866573 0.421721
v -0.644682 -0.854481 0.416713
v -0.644682 -0.871669 0.402700
v -0.644682 -0.854481 0.416713
v -0.644682 -0.864327 0.399658
v -0.644682 -0.871669 0.402700
v -0.644682 -0.854481 0.416713
v -0.644682 -0.844098 0.408745
v -0.644682 -0.864327 0.399658
v -0.644682 -0.844098 0.408745
v -0.644682 -0.858022 0.394821
v -0.644682 -0.864327 0.399658
v -0.644682 -0.844098 0.408745
v -0.644682 -0.836130 0.398362
v -0.644682 -0.858022 0.394821
v -0.644682 -0.836130 0.398362
v -0.644682 -0.853184 0.388516
v -0.644682 -0.858022 0.394821
v -0.644682 -0.836130 0.398362
v -0.644682 -0.831122 0.386270
v -0.644682 -0.853184 0.388516
v -0.644682 -0.831122 0.386270
v -0.644682 -0.850143 0.381173
v -0.644682 -0.853184 0.388516
v -0.644682 -0.831122 0.386270
v -0.644682 -0.829413 0.373294
v -0.644682 -0.850143 0.381173
v -0.644682 -0.829413 0.373294
v -0.644682 -0.849106 0.373294
v -0.644682 -0.850143 0.381173
v -0.644682 -0.829413 0.373294
v -0.644682 -0.831122 0.360318
v -0.644682 -0.849106 0.373294
v -0.644682 -0.831122 0.360318
v -0.644682 -0.850143 0.365415
v -0.644682 -0.849106 0.373294
v -0.644682 -0.831122 0.360318
v -0.644682 -0.836130 0.348227
v -0.644682 -0.850143 0.365415
v -0.644682 -0.836130 0.348227
v -0.644682 -0.853184 0.358073
v -0.644682 -0.850143 0.365415
v -0.644682 -0.836130 0.348227
v -0.644682 -0.844098 0.337843
v -0.644682 -0.853184 0.358073
v -0.644682 -0.844098 0.337843
v -0.644682 -0.858022 0.351768
v -0.644682 -0.853184 0.358073
v -0.644682 -0.844098 0.337843
v -0.644682 -0.854481 0.329876
v -0.644682 -0.858022 0.351768
v -0.644682 -0.854481 0.329876
v -0.644682 -0.864327 0.346930
v -0.644682 -0.858022 0.351768
v -0.644682 -0.854481 0.329876
v -0.644682 -0.866573 0.324867
v -0.644682 -0.864327 0.346930
v -0.644682 -0.866573 0.324867
v -0.644682 -0.871669 0.343889
v -0.644682 -0.864327 0.346930
v -0.644682 -0.866573 0.324867
v -0.644682 -0.879549 0.323159
v -0.644682 -0.871669 0.343889
v -0.644682 -0.879549 0.323159
v -0.644682 -0.879549 0.342851
v -0.644682 -0.871669 0.343889
v -0.644682 -0.879549 0.323159
v -0.644682 -0.892525 0.324867
v -0.644682 -0.879549 0.342851
v -0.644682 -0.892525 0.324867
v -0.644682 -0.887428 0.343889
v -0.644682 -0.879549 0.342851
v -0.644682 -0.892525 0.324867
v -0.644682 -0.904616 0.329876
v -0.644682 -0.887428 0.343889
v -0.644682 -0.904616 0.329876
v -0.644682 -0.894770 0.346930
v -0.644682 -0.887428 0.343889
v -0.644682 -0.904616 0.329876
v -0.644682 -0.915000 0.337843
v -0.644682 -0.894770 0.346930
v -0.644682 -0.915000 0.337843
v -0.644682 -0.901075 0.351768
v -0.644682 -0.894770 0.346930
v -0.644682 -0.915000 0.337843
v -0.644682 -0.922967 0.348227
v -0.644682 -0.901075 0.351768
v -0.644682 -0.922967 0.348227
v -0.644682 -0.905913 0.358073
v -0.644682 -0.901075 0.351768
v -0.644682 -0.922967 0.348227
v -0.644682 -0.927976 0.360318
v -0.644682 -0.905913 0.358073
v -0.644682 -0.927976 0.360318
v -0.644682 -0.908954 0.365415
v -0.644682 -0.905913 0.358073
v -0.644682 -0.927976 0.360318
v -0.644682 -0.929684 0.373294
v -0.644682 -0.908954 0.365415
v -0.644682 -0.929684 0.373294
v -0.644682 -0.909991 0.373294
v -0.644682 -0.908954 0.365415
v -0.644682 -0.929684 0.373294
v -0.644682 -0.927976 0.386270
v -0.644682 -0.909991 0.373294
v -0.644682 -0.927976 0.386270
v -0.644682 -0.908954 0.381173
v -0.644682 -0.909991 0.373294
v -0.644682 -0.927976 0.386270
v -0.644682 -0.922967 0.398362
v -0.644682 -0.908954 0.381173
v -0.644682 -0.922967 0.398362
v -0.644682 -0.905913 0.388516
v -0.644682 -0.908954 0.381173
v -0.644682 -0.922967 0.398362
v -0.644682 -0.915000 0.408745
v -0.644682 -0.905913 0.388516
v -0.644682 -0.915000 0.408745
v -0.644682 -0.901075 0.394821
v -0.644682 -0.905913 0.388516
v -0.644682 -0.915000 0.408745
v -0.644682 -0.904616 0.416713
v -0.644682 -0.901075 0.394821
v -0.644682 -0.904616 0.416713
v -0.644682 -0.894770 0.399658
v -0.644682 -0.901075 0.394821
v -0.644682 -0.904616 0.416713
v -0.644682 -0.892525 0.421721
v -0.644682 -0.894770 0.399658
v -0.644682 -0.892525 0.421721
v -0.644682 -0.887428 0.402700
v -0.644682 -0.894770 0.399658
v -0.644682 -0.892525 0.421721
v -0.644682 -0.879549 0.423430
v -0.644682 -0.887428 0.402700
v -0.644682 -0.879549 0.423430
v -0.644682 -0.879549 0.403737
v -0.644682 -0.887428 0.402700
v 0.593247 -0.856909 0.288801
v 0.631386 -0.856909 0.288801
v 0.593247 -0.879549 0.285820
v 0.631386 -0.856909 0.288801
v 0.631386 -0.879549 0.285820
v 0.593247 -0.879549 0.285820
v 0.593247 -0.835812 0.297540
v 0.631386 -0.835812 0.297540
v 0.593247 -0.856909 0.288801
v 0.631386 -0.835812 0.297540
v 0.631386 -0.856909 0.288801
v 0.593247 -0.856909 0.288801
v 0.593247 -0.817695 0.311441
v 0.631386 -0.817695 0.311441
v 0.593247 -0.835812 0.297540
v 0.631386 -0.817695 0.311441
v 0.631386 -0.835812 0.297540
v 0.593247 -0.835812 0.297540
v 0.593247 -0.803794 0.329557
v 0.631386 -0.803794 0.329557
v 0.593247 -0.817695 0.311441
v 0.631386 -0.803794 0.329557
v 0.631386 -0.817695 0.311441
v 0.593247 -0.817695 0.311441
v 0.593247 -0.795056 0.350654
v 0.631386 -0.795056 0.350654
v 0.593247 -0.803794 0.329557
v 0.631386 -0.795056 0.350654
v 0.631386 -0.803794 0.329557
v 0.593247 -0.803794 0.329557
v 0.593247 -0.792075 0.373294
v 0.631386 -0.792075 0.373294
v 0.593247 -0.795056 0.350654
v 0.631386 -0.792075 0.373294
v 0.631386 -0.795056 0.350654
v 0.593247 -0.795056 0.350654
v 0.593247 -0.795056 0.395934
v 0.631386 -0.795056 0.395934
v 0.593247 -0.792075 0.373294
v 0.631386 -0.795056 0.395934
v 0.631386 -0.792075 0.373294
v 0.593247 -0.792075 0.373294
v 0.593247 -0.803794 0.417031
v 0.631386 -0.803794 0.417031
v 0.593247 -0.795056 0.395934
v 0.631386 -0.803794 0.417031
v 0.631386 -0.795056 0.395934
v 0.593247 -0.795056 0.395934
v 0.593247 -0.817695 0.435148
v 0.631386 -0.817695 0.435148
v 0.593247 -0.803794 0.417031
v 0.631386 -0.817695 0.435148
v 0.631386 -0.803794 0.417031
v 0.593247 -0.803794 0.417031
v 0.593247 -0.835812 0.449049
v 0.631386 -0.835812 0.449049
v 0.593247 -0.817695 0.435148
v 0.631386 -0.835812 0.449049
v 0.631386 -0.817695 0.435148
v 0.593247 -0.817695 0.435148
v 0.593247 -0.856909 0.457787
v 0.631386 -0.856909 0.457787
v 0.593247 -0.835812 0.449049
v 0.631386 -0.856909 0.457787
v 0.631386 -0.835812 0.449049
v 0.593247 -0.835812 0.449049
v 0.593247 -0.879549 0.460768
v 0.631386 -0.879549 0.460768
v 0.593247 -0.856909 0.457787
v 0.631386 -0.879549 0.460768
v 0.631386 -0.856909 0.457787
v 0.593247 -0.856909 0.457787
v 0.593247 -0.902188 0.457787
v 0.631386 -0.902188 0.457787
v 0.593247 -0.879549 0.460768
v 0.631386 -0.902188 0.457787
v 0.631386 -0.879549 0.460768
v 0.593247 -0.879549 0.460768
v 0.593247 -0.923285 0.449049
v 0.631386 -0.923285 0.449049
v 0.593247 -0.902188 0.457787
v 0.631386 -0.923285 0.449049
v 0.631386 -0.902188 0.457787
v 0.593247 -0.902188 0.457787
v 0.593247 -0.941402 0.435148
v 0.631386 -0.941402 0.435148
v 0.593247 -0.923285 0.449049
v 0.631386 -0.941402 0.435148
v 0.631386 -0.923285 0.449049
v 0.593247 -0.923285 0.449049
v 0.593247 -0.955303 0.417031
v 0.631386 -0.955303 0.417031
v 0.593247 -0.941402 0.435148
v 0.631386 -0.955303 0.417031
v 0.631386 -0.941402 0.435148
v 0.593247 -0.941402 0.435148
v 0.593247 -0.964042 0.395934
v 0.631386 -0.964042 0.395934
v 0.593247 -0.955303 0.417031
v 0.631386 -0.964042 0.395934
v 0.631386 -0.955303 0.417031
v 0.593247 -0.955303 0.417031
v 0.593247 -0.967022 0.373294
v 0.631386 -0.967022 0.373294
v 0.593247 -0.964042 0.395934
v 0.631386 -0.967022 0.373294
v 0.631386 -0.964042 0.395934
v 0.593247 -0.964042 0.395934
v 0.593247 -0.964042 0.350654
v 0.631386 -0.964042 0.350654
v 0.593247 -0.967022 0.373294
v 0.631386 -0.964042 0.350654
v 0.631386 -0.967022 0.373294
v 0.593247 -0.967022 0.373294
v 0.593247 -0.955303 0.329557
v 0.631386 -0.955303 0.329557
v 0.593247 -0.964042 0.350654
v 0.631386 -0.955303 0.329557
v 0.631386 -0.964042 0.350654
v 0.593247 -0.964042 0.350654
v 0.593247 -0.941402 0.311441
v 0.631386 -0.941402 0.311441
v 0.593247 -0.955303 0.329557
v 0.631386 -0.941402 0.311441
v 0.631386 -0.955303 0.329557
v 0.593247 -0.955303 0.329557
v 0.593247 -0.923285 0.297540
v 0.631386 -0.923285 0.297540
v 0.593247 -0.941402 0.311441
v 0.631386 -0.923285 0.297540
v 0.631386 -0.941402 0.311441
v 0.593247 -0.941402 0.311441
v 0.593247 -0.902188 0.288801
v 0.631386 -0.902188 0.288801
v 0.593247 -0.923285 0.297540
v 0.631386 -0.902188 0.288801
v 0.631386 -0.923285 0.297540
v 0.593247 -0.923285 0.297540
v 0.593247 -0.879549 0.285820
v 0.631386 -0.879549 0.285820
v 0.593247 -0.902188 0.288801
v 0.631386 -0.879549 0.285820
v 0.631386 -0.902188 0.288801
v 0.593247 -0.902188 0.288801
v 0.579951 -0.860380 0.301755
v 0.593247 -0.856909 0.288801
v 0.579951 -0.879549 0.299231
v 0.593247 -0.856909 0.288801
v 0.593247 -0.879549 0.285820
v 0.579951 -0.879549 0.299231
v 0.579951 -0.842517 0.309154
v 0.593247 -0.835812 0.297540
v 0.579951 -0.860380 0.301755
v 0.593247 -0.835812 0.297540
v 0.593247 -0.856909 0.288801
v 0.579951 -0.860380 0.301755
v 0.579951 -0.827178 0.320924
v 0.593247 -0.817695 0.311441
v 0.579951 -0.842517 0.309154
v 0.593247 -0.817695 0.311441
v 0.593247 -0.835812 0.297540
v 0.579951 -0.842517 0.309154
v 0.579951 -0.815408 0.336263
v 0.593247 -0.803794 0.329557
v 0.579951 -0.827178 0.320924
v 0.593247 -0.803794 0.329557
v 0.593247 -0.817695 0.311441
v 0.579951 -0.827178 0.320924
v 0.579951 -0.808009 0.354125
v 0.593247 -0.795056 0.350654
v 0.579951 -0.815408 0.336263
v 0.593247 -0.795056 0.350654
v 0.593247 -0.803794 0.329557
v 0.579951 -0.815408 0.336263
v 0.579951 -0.805486 0.373294
v 0.593247 -0.792075 0.373294
v 0.579951 -0.808009 0.354125
v 0.593247 -0.792075 0.373294
v 0.593247 -0.795056 0.350654
v 0.579951 -0.808009 0.354125
v 0.579951 -0.808009 0.392463
v 0.593247 -0.795056 0.395934
v 0.579951 -0.805486 0.373294
v 0.593247 -0.795056 0.395934
v 0.593247 -0.792075 0.373294
v 0.579951 -0.805486 0.373294
v 0.579951 -0.815408 0.410326
v 0.593247 -0.803794 0.417031
v 0.579951 -0.808009 0.392463
v 0.593247 -0.803794 0.417031
v 0.593247 -0.795056 0.395934
v 0.579951 -0.808009 0.392463
v 0.579951 -0.827178 0.425665
v 0.593247 -0.817695 0.435148
v 0.579951 -0.815408 0.410326
v 0.593247 -0.817695 0.435148
v 0.593247 -0.803794 0.417031
v 0.579951 -0.815408 0.410326
v 0.579951 -0.842517 0.437435
v 0.593247 -0.835812 0.449049
v 0.579951 -0.827178 0.425665
v 0.593247 -0.835812 0.449049
v 0.593247 -0.817695 0.435148
v 0.579951 -0.827178 0.425665
v 0.579951 -0.860380 0.444834
v 0.593247 -0.856909 0.457787
v 0.579951 -0.842517 0.437435
v 0.593247 -0.856909 0.457787
v 0.593247 -0.835812 0.449049
v 0.579951 -0.842517 0.437435
v 0.579951 -0.879549 0.447357
v 0.593247 -0.879549 0.460768
v 0.579951 -0.860380 0.444834
v 0.593247 -0.879549 0.460768
v 0.593247 -0.856909 0.457787
v 0.579951 -0.860380 0.444834
v 0.579951 -0.898718 0.444834
v 0.593247 -0.902188 0.457787
v 0.579951 -0.879549 0.447357
v 0.593247 -0.902188 0.457787
v 0.593247 -0.879549 0.460768
v 0.579951 -0.879549 0.447357
v 0.579951 -0.916580 0.437435
v 0.593247 -0.923285 0.449049
v 0.579951 -0.898718 0.444834
v 0.593247 -0.923285 0.449049
v 0.593247 -0.902188 0.457787
v 0.579951 -0.898718 0.444834
v 0.579951 -0.931919 0.425665
v 0.593247 -0.941402 0.435148
v 0.579951 -0.916580 0.437435
v 0.593247 -0.941402 0.435148
v 0.593247 -0.923285 0.449049
v 0.579951 -0.916580 0.437435
v 0.579951 -0.943689 0.410326
v 0.593247 -0.955303 0.417031
v 0.579951 -0.931919 0.425665
v 0.593247 -0.955303 0.417031
v 0.593247 -0.941402 0.435148
v 0.579951 -0.931919 0.425665
v 0.579951 -0.951088 0.392463
v 0.593247 -0.964042 0.395934
v 0.579951 -0.943689 0.410326
v 0.593247 -0.964042 0.395934
v 0.593247 -0.955303 0.417031
v 0.579951 -0.943689 0.410326
v 0.579951 -0.953612 0.373294
v 0.593247 -0.967022 0.373294
v 0.579951 -0.951088 0.392463
v 0.593247 -0.967022 0.373294
v 0.593247 -0.964042 0.395934
v 0.579951 -0.951088 0.392463
v 0.579951 -0.951088 0.354125
v 0.593247 -0.964042 0.350654
v 0.579951 -0.953612 0.373294
v 0.593247 -0.964042 0.350654
v 0.593247 -0.967022 0.373294
v 0.579951 -0.953612 0.373294
v 0.579951 -0.943689 0.336263
v 0.593247 -0.955303 0.329557
v 0.579951 -0.951088 0.354125
v 0.593247 -0.955303 0.329557
v 0.593247 -0.964042 0.350654
v 0.579951 -0.951088 0.354125
v 0.579951 -0.931919 0.320924
v 0.593247 -0.941402 0.311441
v 0.579951 -0.943689 0.336263
v 0.593247 -0.941402 0.311441
v 0.593247 -0.955303 0.329557
v 0.579951 -0.943689 0.336263
v 0.579951 -0.916580 0.309154
v 0.593247 -0.923285 0.297540
v 0.579951 -0.931919 0.320924
v 0.593247 -0.923285 0.297540
v 0.593247 -0.941402 0.311441
v 0.579951 -0.931919 0.320924
v 0.579951 -0.898718 0.301755
v 0.593247 -0.902188 0.288801
v 0.579951 -0.916580 0.309154
v 0.593247 -0.902188 0.288801
v 0.593247 -0.923285 0.297540
v 0.579951 -0.916580 0.309154
v 0.579951 -0.879549 0.299231
v 0.593247 -0.879549 0.285820
v 0.579951 -0.898718 0.301755
v 0.593247 -0.879549 0.285820
v 0.593247 -0.902188 0.288801
v 0.579951 -0.898718 0.301755
v 0.644682 -0.898718 0.301755
v 0.631386 -0.902188 0.288801
v 0.644682 -0.879549 0.299231
v 0.631386 -0.902188 0.288801
v 0.631386 -0.879549 0.285820
v 0.644682 -0.879549 0.299231
v 0.644682 -0.916580 0.309154
v 0.631386 -0.923285 0.297540
v 0.644682 -0.898718 0.301755
v 0.631386 -0.923285 0.297540
v 0.631386 -0.902188 0.288801
v 0.644682 -0.898718 0.301755
v 0.644682 -0.931919 0.320924
v 0.631386 -0.941402 0.311441
v 0.644682 -0.916580 0.309154
v 0.631386 -0.941402 0.311441
v 0.631386 -0.923285 0.297540
v 0.644682 -0.916580 0.309154
v 0.644682 -0.943689 0.336263
v 0.631386 -0.955303 0.329557
v 0.644682 -0.931919 0.320924
v 0.631386 -0.955303 0.329557
v 0.631386 -0.941402 0.311441
v 0.644682 -0.931919 0.320924
v 0.644682 -0.951088 0.354125
v 0.631386 -0.964042 0.350654
v 0.644682 -0.943689 0.336263
v 0.631386 -0.964042 0.350654
v 0.631386 -0.955303 0.329557
v 0.644682 -0.943689 0.336263
v 0.644682 -0.953612 0.373294
v 0.631386 -0.967022 0.373294
v 0.644682 -0.951088 0.354125
v 0.631386 -0.967022 0.373294
v 0.631386 -0.964042 0.350654
v 0.644682 -0.951088 0.354125
v 0.644682 -0.951088 0.392463
v 0.631386 -0.964042 0.395934
v 0.644682 -0.953612 0.373294
v 0.631386 -0.964042 0.395934
v 0.631386 -0.967022 0.373294
v 0.644682 -0.953612 0.373294
v 0.644682 -0.943689 0.410326
v 0.631386 -0.955303 0.417031
v 0.644682 -0.951088 0.392463
v 0.631386 -0.955303 0.417031
v 0.631386 -0.964042 0.395934
v 0.644682 -0.951088 0.392463
v 0.644682 -0.931919 0.425665
v 0.631386 -0.941402 0.435148
v 0.644682 -0.943689 0.410326
v 0.631386 -0.941402 0.435148
v 0.631386 -0.955303 0.417031
v 0.644682 -0.943689 0.410326
v 0.644682 -0.916580 0.437435
v 0.631386 -0.923285 0.449049
v 0.644682 -0.931919 0.425665
v 0.631386 -0.923285 0.449049
v 0.631386 -0.941402 0.435148
v 0.644682 -0.931919 0.425665
v 0.644682 -0.898718 0.444834
v 0.631386 -0.902188 0.457787
v 0.644682 -0.916580 0.437435
v 0.631386 -0.902188 0.457787
v 0.631386 -0.923285 0.449049
v 0.644682 -0.916580 0.437435
v 0.644682 -0.879549 0.447357
v 0.631386 -0.879549 0.460768
v 0.644682 -0.898718 0.444834
v 0.631386 -0.879549 0.460768
v 0.631386 -0.902188 0.457787
v 0.644682 -0.898718 0.444834
v 0.644682 -0.860380 0.444834
v 0.631386 -0.856909 0.457787
v 0.644682 -0.879549 0.447357
v 0.631386 -0.856909 0.457787
v 0.631386 -0.879549 0.460768
v 0.644682 -0.879549 0.447357
v 0.644682 -0.842517 0.437435
v 0.631386 -0.835812 0.449049
v 0.644682 -0.860380 0.444834
v 0.631386 -0.835812 0.449049
v 0.631386 -0.856909 0.457787
v 0.644682 -0.860380 0.444834
v 0.644682 -0.827178 0.425665
v 0.631386 -0.817695 0.435148
v 0.644682 -0.842517 0.437435
v 0.631386 -0.817695 0.435148
v 0.631386 -0.835812 0.449049
v 0.644682 -0.842517 0.437435
v 0.644682 -0.815408 0.410326
v 0.631386 -0.803794 0.417031
v 0.644682 -0.827178 0.425665
v 0.631386 -0.803794 0.417031
v 0.631386 -0.817695 0.435148
v 0.644682 -0.827178 0.425665
v 0.644682 -0.808009 0.392463
v 0.631386 -0.795056 0.395934
v 0.644682 -0.815408 0.410326
v 0.631386 -0.795056 0.395934
v 0.631386 -0.803794 0.417031
v 0.644682 -0.815408 0.410326
v 0.644682 -0.805486 0.373294
v 0.631386 -0.792075 0.373294
v 0.644682 -0.808009 0.392463
v 0.631386 -0.792075 0.373294
v 0.631386 -0.795056 0.395934
v 0.644682 -0.808009 0.392463
v 0.644682 -0.808009 0.354125
v 0.631386 -0.795056 0.350654
v 0.644682 -0.805486 0.373294
v 0.631386 -0.795056 0.350654
v 0.631386 -0.792075 0.373294
v 0.644682 -0.805486 0.373294
v 0.644682 -0.815408 0.336263
v 0.631386 -0.803794 0.329557
v 0.644682 -0.808009 0.354125
v 0.631386 -0.803794 0.329557
v 0.631386 -0.795056 0.350654
v 0.644682 -0.808009 0.354125
v 0.644682 -0.827178 0.320924
v 0.631386 -0.817695 0.311441
v 0.644682 -0.815408 0.336263
v 0.631386 -0.817695 0.311441
v 0.631386 -0.803794 0.329557
v 0.644682 -0.815408 0.336263
v 0.644682 -0.842517 0.309154
v 0.631386 -0.835812 0.297540
v 0.644682 -0.827178 0.320924
v 0.631386 -0.835812 0.297540
v 0.631386 -0.817695 0.311441
v 0.644682 -0.827178 0.320924
v 0.644682 -0.860380 0.301755
v 0.631386 -0.856909 0.288801
v 0.644682 -0.842517 0.309154
v 0.631386 -0.856909 0.288801
v 0.631386 -0.835812 0.297540
v 0.644682 -0.842517 0.309154
v 0.644682 -0.879549 0.299231
v 0.631386 -0.879549 0.285820
v 0.644682 -0.860380 0.301755
v 0.631386 -0.879549 0.285820
v 0.631386 -0.856909 0.288801
v 0.644682 -0.860380 0.301755
v 0.644682 -0.898718 0.301755
v 0.644682 -0.892525 0.324867
v 0.644682 -0.916580 0.309154
v 0.644682 -0.892525 0.324867
v 0.644682 -0.904616 0.329876
v 0.644682 -0.916580 0.309154
v 0.644682 -0.916580 0.309154
v 0.644682 -0.904616 0.329876
v 0.644682 -0.931919 0.320924
v 0.644682 -0.904616 0.329876
v 0.644682 -0.915000 0.337843
v 0.644682 -0.931919 0.320924
v 0.644682 -0.931919 0.320924
v 0.644682 -0.915000 0.337843
v 0.644682 -0.943689 0.336263
v 0.644682 -0.915000 0.337843
v 0.644682 -0.922967 0.348227
v 0.644682 -0.943689 0.336263
v 0.644682 -0.943689 0.336263
v 0.644682 -0.922967 0.348227
v 0.644682 -0.951088 0.354125
v 0.644682 -0.922967 0.348227
v 0.644682 -0.927976 0.360318
v 0.644682 -0.951088 0.354125
v 0.644682 -0.951088 0.354125
v 0.644682 -0.927976 0.360318
v 0.644682 -0.953612 0.373294
v 0.644682 -0.927976 0.360318
v 0.644682 -0.929684 0.373294
v 0.644682 -0.953612 0.373294
v 0.644682 -0.953612 0.373294
v 0.644682 -0.929684 0.373294
v 0.644682 -0.951088 0.392463
v 0.644682 -0.929684 0.373294
v 0.644682 -0.927976 0.386270
v 0.644682 -0.951088 0.392463
v 0.644682 -0.951088 0.392463
v 0.644682 -0.927976 0.386270
v 0.644682 -0.943689 0.410326
v 0.644682 -0.927976 0.386270
v 0.644682 -0.922967 0.398362
v 0.644682 -0.943689 0.410326
v 0.644682 -0.943689 0.410326
v 0.644682 -0.922967 0.398362
v 0.644682 -0.931919 0.425665
v 0.644682 -0.922967 0.398362
v 0.644682 -0.915000 0.408745
v 0.644682 -0.931919 0.425665
v 0.644682 -0.931919 0.425665
v 0.644682 -0.915000 0.408745
v 0.644682 -0.916580 0.437435
v 0.644682 -0.915000 0.408745
v 0.644682 -0.904616 0.416713
v 0.644682 -0.916580 0.437435
v 0.644682 -0.916580 0.437435
v 0.644682 -0.904616 0.416713
v 0.644682 -0.898718 0.444834
v 0.644682 -0.904616 0.416713
v 0.644682 -0.892525 0.421721
v 0.644682 -0.898718 0.444834
v 0.644682 -0.898718 0.444834
v 0.644682 -0.892525 0.421721
v 0.644682 -0.879549 0.447357
v 0.644682 -0.892525 0.421721
v 0.644682 -0.879549 0.423430
v 0.644682 -0.879549 0.447357
v 0.644682 -0.879549 0.447357
v 0.644682 -0.879549 0.423430
v 0.644682 -0.860380 0.444834
v 0.644682 -0.879549 0.423430
v 0.644682 -0.866573 0.421721
v 0.644682 -0.860380 0.444834
v 0.644682 -0.860380 0.444834
v 0.644682 -0.866573 0.421721
v 0.644682 -0.842517 0.437435
v 0.644682 -0.866573 0.421721
v 0.644682 -0.854481 0.416713
v 0.644682 -0.842517 0.437435
v 0.644682 -0.842517 0.437435
v 0.644682 -0.854481 0.416713
v 0.644682 -0.827178 0.425665
v 0.644682 -0.854481 0.416713
v 0.644682 -0.844098 0.408745
v 0.644682 -0.827178 0.425665
v 0.644682 -0.827178 0.425665
v 0.644682 -0.844098 0.408745
v 0.644682 -0.815408 0.410326
v 0.644682 -0.844098 0.408745
v 0.644682 -0.836130 0.398362
v 0.644682 -0.815408 0.410326
v 0.644682 -0.815408 0.410326
v 0.644682 -0.836130 0.398362
v 0.644682 -0.808009 0.392463
v 0.644682 -0.836130 0.398362
v 0.644682 -0.831122 0.386270
v 0.644682 -0.808009 0.392463
v 0.644682 -0.808009 0.392463
v 0.644682 -0.831122 0.386270
v 0.644682 -0.805486 0.373294
v 0.644682 -0.831122 0.386270
v 0.644682 -0.829413 0.373294
v 0.644682 -0.805486 0.373294
v 0.644682 -0.805486 0.373294
v 0.644682 -0.829413 0.373294
v 0.644682 -0.808009 0.354125
v 0.644682 -0.829413 0.373294
v 0.644682 -0.831122 0.360318
v 0.644682 -0.808009 0.354125
v 0.644682 -0.808009 0.354125
v 0.644682 -0.831122 0.360318
v 0.644682 -0.815408 0.336263
v 0.644682 -0.831122 0.360318
v 0.644682 -0.836130 0.348227
v 0.644682 -0.815408 0.336263
v 0.644682 -0.815408 0.336263
v 0.644682 -0.836130 0.348227
v 0.644682 -0.827178 0.320924
v 0.644682 -0.836130 0.348227
v 0.644682 -0.844098 0.337843
v 0.644682 -0.827178 0.320924
v 0.644682 -0.827178 0.320924
v 0.644682 -0.844098 0.337843
v 0.644682 -0.842517 0.309154
v 0.644682 -0.844098 0.337843
v 0.644682 -0.854481 0.329876
v 0.644682 -0.842517 0.309154
v 0.644682 -0.842517 0.309154
v 0.644682 -0.854481 0.329876
v 0.644682 -0.860380 0.301755
v 0.644682 -0.854481 0.329876
v 0.644682 -0.866573 0.324867
v 0.644682 -0.860380 0.301755
v 0.644682 -0.860380 0.301755
v 0.644682 -0.866573 0.324867
v 0.644682 -0.879549 0.299231
v 0.644682 -0.866573 0.324867
v 0.644682 -0.879549 0.323159
v 0.644682 -0.879549 0.299231
v 0.644682 -0.879549 0.299231
v 0.644682 -0.879549 0.323159
v 0.644682 -0.898718 0.301755
v 0.644682 -0.879549 0.323159
v 0.644682 -0.892525 0.324867
v 0.644682 -0.898718 0.301755
v 0.579951 -0.860380 0.301755
v 0.579951 -0.866573 0.324867
v 0.579951 -0.842517 0.309154
v 0.579951 -0.866573 0.324867
v 0.579951 -0.854481 0.329876
v 0.579951 -0.842517 0.309154
v 0.579951 -0.842517 0.309154
v 0.579951 -0.854481 0.329876
v 0.579951 -0.827178 0.320924
v 0.579951 -0.854481 0.329876
v 0.579951 -0.844098 0.337843
v 0.579951 -0.827178 0.320924
v 0.579951 -0.827178 0.320924
v 0.579951 -0.844098 0.337843
v 0.579951 -0.815408 0.336263
v 0.579951 -0.844098 0.337843
v 0.579951 -0.836130 0.348227
v 0.579951 -0.815408 0.336263
v 0.579951 -0.815408 0.336263
v 0.579951 -0.836130 0.348227
v 0.579951 -0.808009 0.354125
v 0.579951 -0.836130 0.348227
v 0.579951 -0.831122 0.360318
v 0.579951 -0.808009 0.354125
v 0.579951 -0.808009 0.354125
v 0.579951 -0.831122 0.360318
v 0.579951 -0.805486 0.373294
v 0.579951 -0.831122 0.360318
v 0.579951 -0.829413 0.373294
v 0.579951 -0.805486 0.373294
v 0.579951 -0.805486 0.373294
v 0.579951 -0.829413 0.373294
v 0.579951 -0.808009 0.392463
v 0.579951 -0.829413 0.373294
v 0.579951 -0.831122 0.386270
v 0.579951 -0.808009 0.392463
v 0.579951 -0.808009 0.392463
v 0.579951 -0.831122 0.386270
v 0.579951 -0.815408 0.410326
v 0.579951 -0.831122 0.386270
v 0.579951 -0.836130 0.398362
v 0.579951 -0.815408 0.410326
v 0.579951 -0.815408 0.410326
v 0.579951 -0.836130 0.398362
v 0.579951 -0.827178 0.425665
v 0.579951 -0.836130 0.398362
v 0.579951 -0.844098 0.408745
v 0.579951 -0.827178 0.425665
v 0.579951 -0.827178 0.425665
v 0.579951 -0.844098 0.408745
v 0.579951 -0.842517 0.437435
v 0.579951 -0.844098 0.408745
v 0.579951 -0.854481 0.416713
v 0.579951 -0.842517 0.437435
v 0.579951 -0.842517 0.437435
v 0.579951 -0.854481 0.416713
v 0.579951 -0.860380 0.444834
v 0.579951 -0.854481 0.416713
v 0.579951 -0.866573 0.421721
v 0.579951 -0.860380 0.444834
v 0.579951 -0.860380 0.444834
v 0.579951 -0.866573 0.421721
v 0.579951 -0.879549 0.447357
v 0.579951 -0.866573 0.421721
v 0.579951 -0.879549 0.423430
v 0.579951 -0.879549 0.447357
v 0.579951 -0.879549 0.447357
v 0.579951 -0.879549 0.423430
v 0.579951 -0.898718 0.444834
v 0.579951 -0.879549 0.423430
v 0.579951 -0.892525 0.421721
v 0.579951 -0.898718 0.444834
v 0.579951 -0.898718 0.444834
v 0.579951 -0.892525 0.421721
v 0.579951 -0.916580 0.437435
v 0.579951 -0.892525 0.421721
v 0.579951 -0.904616 0.416713
v 0.579951 -0.916580 0.437435
v 0.579951 -0.916580 0.437435
v 0.579951 -0.904616 0.416713
v 0.579951 -0.931919 0.425665
v 0.579951 -0.904616 0.416713
v 0.579951 -0.915000 0.408745
v 0.579951 -0.931919 0.425665
v 0.579951 -0.931919 0.425665
v 0.579951 -0.915000 0.408745
v 0.579951 -0.943689 0.410326
v 0.579951 -0.915000 0.408745
v 0.579951 -0.922967 0.398362
v 0.579951 -0.943689 0.410326
v 0.579951 -0.943689 0.410326
v 0.579951 -0.922967 0.398362
v 0.579951 -0.951088 0.392463
v 0.579951 -0.922967 0.398362
v 0.579951 -0.927976 0.386270
v 0.579951 -0.951088 0.392463
v 0.579951 -0.951088 0.392463
v 0.579951 -0.927976 0.386270
v 0.579951 -0.953612 0.373294
v 0.579951 -0.927976 0.386270
v 0.579951 -0.929684 0.373294
v 0.579951 -0.953612 0.373294
v 0.579951 -0.953612 0.373294
v 0.579951 -0.929684 0.373294
v 0.579951 -0.951088 0.354125
v 0.579951 -0.929684 0.373294
v 0.579951 -0.927976 0.360318
v 0.579951 -0.951088 0.354125
v 0.579951 -0.951088 0.354125
v 0.579951 -0.927976 0.360318
v 0.579951 -0.943689 0.336263
v 0.579951 -0.927976 0.360318
v 0.579951 -0.922967 0.348227
v 0.579951 -0.943689 0.336263
v 0.579951 -0.943689 0.336263
v 0.579951 -0.922967 0.348227
v 0.579951 -0.931919 0.320924
v 0.579951 -0.922967 0.348227
v 0.579951 -0.915000 0.337843
v 0.579951 -0.931919 0.320924
v 0.579951 -0.931919 0.320924
v 0.579951 -0.915000 0.337843
v 0.579951 -0.916580 0.309154
v 0.579951 -0.915000 0.337843
v 0.579951 -0.904616 0.329876
v 0.579951 -0.916580 0.309154
v 0.579951 -0.916580 0.309154
v 0.579951 -0.904616 0.329876
v 0.579951 -0.898718 0.301755
v 0.579951 -0.904616 0.329876
v 0.579951 -0.892525 0.324867
v 0.579951 -0.898718 0.301755
v 0.579951 -0.898718 0.301755
v 0.579951 -0.892525 0.324867
v 0.579951 -0.879549 0.299231
v 0.579951 -0.892525 0.324867
v 0.579951 -0.879549 0.323159
v 0.579951 -0.879549 0.299231
v 0.579951 -0.879549 0.299231
v 0.579951 -0.879549 0.323159
v 0.579951 -0.860380 0.301755
v 0.579951 -0.879549 0.323159
v 0.579951 -0.866573 0.324867
v 0.579951 -0.860380 0.301755
v 0.579951 -0.879549 0.423430
v 0.579951 -0.879549 0.403737
v 0.579951 -0.892525 0.421721
v 0.579951 -0.879549 0.403737
v 0.579951 -0.887428 0.402700
v 0.579951 -0.892525 0.421721
v 0.579951 -0.892525 0.421721
v 0.579951 -0.887428 0.402700
v 0.579951 -0.904616 0.416713
v 0.579951 -0.887428 0.402700
v 0.579951 -0.894770 0.399658
v 0.579951 -0.904616 0.416713
v 0.579951 -0.904616 0.416713
v 0.579951 -0.894770 0.399658
v 0.579951 -0.915000 0.408745
v 0.579951 -0.894770 0.399658
v 0.579951 -0.901075 0.394821
v 0.579951 -0.915000 0.408745
v 0.579951 -0.915000 0.408745
v 0.579951 -0.901075 0.394821
v 0.579951 -0.922967 0.398362
v 0.579951 -0.901075 0.394821
v 0.579951 -0.905913 0.388516
v 0.579951 -0.922967 0.398362
v 0.579951 -0.922967 0.398362
v 0.579951 -0.905913 0.388516
v 0.579951 -0.927976 0.386270
v 0.579951 -0.905913 0.388516
v 0.579951 -0.908954 0.381173
v 0.579951 -0.927976 0.386270
v 0.579951 -0.927976 0.386270
v 0.579951 -0.908954 0.381173
v 0.579951 -0.929684 0.373294
v 0.579951 -0.908954 0.381173
v 0.579951 -0.909991 0.373294
v 0.579951 -0.929684 0.373294
v 0.579951 -0.929684 0.373294
v 0.579951 -0.909991 0.373294
v 0.579951 -0.927976 0.360318
v 0.579951 -0.909991 0.373294
v 0.579951 -0.908954 0.365415
v 0.579951 -0.927976 0.360318
v 0.579951 -0.927976 0.360318
v 0.579951 -0.908954 0.365415
v 0.579951 -0.922967 0.348227
v 0.579951 -0.908954 0.365415
v 0.579951 -0.905913 0.358073
v 0.579951 -0.922967 0.348227
v 0.579951 -0.922967 0.348227
v 0.579951 -0.905913 0.358073
v 0.579951 -0.915000 0.337843
v 0.579951 -0.905913 0.358073
v 0.579951 -0.901075 0.351768
v 0.579951 -0.915000 0.337843
v 0.579951 -0.915000 0.337843
v 0.579951 -0.901075 0.351768
v 0.579951 -0.904616 0.329876
v 0.579951 -0.901075 0.351768
v 0.579951 -0.894770 0.346930
v 0.579951 -0.904616 0.329876
v 0.579951 -0.904616 0.329876
v 0.579951 -0.894770 0.346930
v 0.579951 -0.892525 0.324867
v 0.579951 -0.894770 0.346930
v 0.579951 -0.887428 0.343889
v 0.579951 -0.892525 0.324867
v 0.579951 -0.892525 0.324867
v 0.579951 -0.887428 0.343889
v 0.579951 -0.879549 0.323159
v 0.579951 -0.887428 0.343889
v 0.579951 -0.879549 0.342851
v 0.579951 -0.879549 0.323159
v 0.579951 -0.879549 0.323159
v 0.579951 -0.879549 0.342851
v 0.579951 -0.866573 0.324867
v 0.579951 -0.879549 0.342851
v 0.579951 -0.871669 0.343889
v 0.579951 -0.866573 0.324867
v 0.579951 -0.866573 0.324867
v 0.579951 -0.871669 0.343889
v 0.579951 -0.854481 0.329876
v 0.579951 -0.871669 0.343889
v 0.579951 -0.864327 0.346930
v 0.579951 -0.854481 0.329876
v 0.579951 -0.854481 0.329876
v 0.579951 -0.864327 0.346930
v 0.579951 -0.844098 0.337843
v 0.579951 -0.864327 0.346930
v 0.579951 -0.858022 0.351768
v 0.579951 -0.844098 0.337843
v 0.579951 -0.844098 0.337843
v 0.579951 -0.858022 0.351768
v 0.579951 -0.836130 0.348227
v 0.579951 -0.858022 0.351768
v 0.579951 -0.853184 0.358073
v 0.579951 -0.836130 0.348227
v 0.579951 -0.836130 0.348227
v 0.579951 -0.853184 0.358073
v 0.579951 -0.831122 0.360318
v 0.579951 -0.853184 0.358073
v 0.579951 -0.850143 0.365415
v 0.579951 -0.831122 0.360318
v 0.579951 -0.831122 0.360318
v 0.579951 -0.850143 0.365415
v 0.579951 -0.829413 0.373294
v 0.579951 -0.850143 0.365415
v 0.579951 -0.849106 0.373294
v 0.579951 -0.829413 0.373294
v 0.579951 -0.829413 0.373294
v 0.579951 -0.849106 0.373294
v 0.579951 -0.831122 0.386270
v 0.579951 -0.849106 0.373294
v 0.579951 -0.850143 0.381173
v 0.579951 -0.831122 0.386270
v 0.579951 -0.831122 0.386270
v 0.579951 -0.850143 0.381173
v 0.579951 -0.836130 0.398362
v 0.579951 -0.850143 0.381173
v 0.579951 -0.853184 0.388516
v 0.579951 -0.836130 0.398362
v 0.579951 -0.836130 0.398362
v 0.579951 -0.853184 0.388516
v 0.579951 -0.844098 0.408745
v 0.579951 -0.853184 0.388516
v 0.579951 -0.858022 0.394821
v 0.579951 -0.844098 0.408745
v 0.579951 -0.844098 0.408745
v 0.579951 -0.858022 0.394821
v 0.579951 -0.854481 0.416713
v 0.579951 -0.858022 0.394821
v 0.579951 -0.864327 0.399658
v 0.579951 -0.854481 0.416713
v 0.579951 -0.854481 0.416713
v 0.579951 -0.864327 0.399658
v 0.579951 -0.866573 0.421721
v 0.579951 -0.864327 0.399658
v 0.579951 -0.871669 0.402700
v 0.579951 -0.866573 0.421721
v 0.579951 -0.866573 0.421721
v 0.579951 -0.871669 0.402700
v 0.579951 -0.879549 0.423430
v 0.579951 -0.871669 0.402700
v 0.579951 -0.879549 0.403737
v 0.579951 -0.879549 0.423430
v 0.644682 -0.879549 0.423430
v 0.644682 -0.879549 0.403737
v 0.644682 -0.866573 0.421721
v 0.644682 -0.879549 0.403737
v 0.644682 -0.871669 0.402700
v 0.644682 -0.866573 0.421721
v 0.644682 -0.866573 0.421721
v 0.644682 -0.871669 0.402700
v 0.644682 -0.854481 0.416713
v 0.644682 -0.871669 0.402700
v 0.644682 -0.864327 0.399658
v 0.644682 -0.854481 0.416713
v 0.644682 -0.854481 0.416713
v 0.644682 -0.864327 0.399658
v 0.644682 -0.844098 0.408745
v 0.644682 -0.864327 0.399658
v 0.644682 -0.858022 0.394821
v 0.644682 -0.844098 0.408745
v 0.644682 -0.844098 0.408745
v 0.644682 -0.858022 0.394821
v 0.644682 -0.836130 0.398362
v 0.644682 -0.858022 0.394821
v 0.644682 -0.853184 0.388516
v 0.644682 -0.836130 0.398362
v 0.644682 -0.836130 0.398362
v 0.644682 -0.853184 0.388516
v 0.644682 -0.831122 0.386270
v 0.644682 -0.853184 0.388516
v 0.644682 -0.850143 0.381173
v 0.644682 -0.831122 0.386270
v 0.644682 -0.831122 0.386270
v 0.644682 -0.850143 0.381173
v 0.644682 -0.829413 0.373294
v 0.644682 -0.850143 0.381173
v 0.644682 -0.849106 0.373294
v 0.644682 -0.829413 0.373294
v 0.644682 -0.829413 0.373294
v 0.644682 -0.849106 0.373294
v 0.644682 -0.831122 0.360318
v 0.644682 -0.849106 0.373294
v 0.644682 -0.850143 0.365415
v 0.644682 -0.831122 0.360318
v 0.644682 -0.831122 0.360318
v 0.644682 -0.850143 0.365415
v 0.644682 -0.836130 0.348227
v 0.644682 -0.850143 0.365415
v 0.644682 -0.853184 0.358073
v 0.644682 -0.836130 0.348227
v 0.644682 -0.836130 0.348227
v 0.644682 -0.853184 0.358073
v 0.644682 -0.844098 0.337843
v 0.644682 -0.853184 0.358073
v 0.644682 -0.858022 0.351768
v 0.644682 -0.844098 0.337843
v 0.644682 -0.844098 0.337843
v 0.644682 -0.858022 0.351768
v 0.644682 -0.854481 0.329876
v 0.644682 -0.858022 0.351768
v 0.644682 -0.864327 0.346930
v 0.644682 -0.854481 0.329876
v 0.644682 -0.854481 0.329876
v 0.644682 -0.864327 0.346930
v 0.644682 -0.866573 0.324867
v 0.644682 -0.864327 0.346930
v 0.644682 -0.871669 0.343889
v 0.644682 -0.866573 0.324867
v 0.644682 -0.866573 0.324867
v 0.644682 -0.871669 0.343889
v 0.644682 -0.879549 0.323159
v 0.644682 -0.871669 0.343889
v 0.644682 -0.879549 0.342851
v 0.644682 -0.879549 0.323159
v 0.644682 -0.879549 0.323159
v 0.644682 -0.879549 0.342851
v 0.644682 -0.892525 0.324867
v 0.644682 -0.879549 0.342851
v 0.644682 -0.887428 0.343889
v 0.644682 -0.892525 0.324867
v 0.644682 -0.892525 0.324867
v 0.644682 -0.887428 0.343889
v 0.644682 -0.904616 0.329876
v 0.644682 -0.887428 0.343889
v 0.644682 -0.894770 0.346930
v 0.644682 -0.904616 0.329876
v 0.644682 -0.904616 0.329876
v 0.644682 -0.894770 0.346930
v 0.644682 -0.915000 0.337843
v 0.644682 -0.894770 0.346930
v 0.644682 -0.901075 0.351768
v 0.644682 -0.915000 0.337843
v 0.644682 -0.915000 0.337843
v 0.644682 -0.901075 0.351768
v 0.644682 -0.922967 0.348227
v 0.644682 -0.901075 0.351768
v 0.644682 -0.905913 0.358073
v 0.644682 -0.922967 0.348227
v 0.644682 -0.922967 0.348227
v 0.644682 -0.905913 0.358073
v 0.644682 -0.927976 0.360318
v 0.644682 -0.905913 0.358073
v 0.644682 -0.908954 0.365415
v 0.644682 -0.927976 0.360318
v 0.644682 -0.927976 0.360318
v 0.644682 -0.908954 0.365415
v 0.644682 -0.929684 0.373294
v 0.644682 -0.908954 0.365415
v 0.644682 -0.909991 0.373294
v 0.644682 -0.929684 0.373294
v 0.644682 -0.929684 0.373294
v 0.644682 -0.909991 0.373294
v 0.644682 -0.927976 0.386270
v 0.644682 -0.909991 0.373294
v 0.644682 -0.908954 0.381173
v 0.644682 -0.927976 0.386270
v 0.644682 -0.927976 0.386270
v 0.644682 -0.908954 0.381173
v 0.644682 -0.922967 0.398362
v 0.644682 -0.908954 0.381173
v 0.644682 -0.905913 0.388516
v 0.644682 -0.922967 0.398362
v 0.644682 -0.922967 0.398362
v 0.644682 -0.905913 0.388516
v 0.644682 -0.915000 0.408745
v 0.644682 -0.905913 0.388516
v 0.644682 -0.901075 0.394821
v 0.644682 -0.915000 0.408745
v 0.644682 -0.915000 0.408745
v 0.644682 -0.901075 0.394821
v 0.644682 -0.904616 0.416713
v 0.644682 -0.901075 0.394821
v 0.644682 -0.894770 0.399658
v 0.644682 -0.904616 0.416713
v 0.644682 -0.904616 0.416713
v 0.644682 -0.894770 0.399658
v 0.644682 -0.892525 0.421721
v 0.644682 -0.894770 0.399658
v 0.644682 -0.887428 0.402700
v 0.644682 -0.892525 0.421721
v 0.644682 -0.892525 0.421721
v 0.644682 -0.887428 0.402700
v 0.644682 -0.879549 0.423430
v 0.644682 -0.887428 0.402700
v 0.644682 -0.879549 0.403737
v 0.644682 -0.879549 0.423430
v -0.593247 -0.856909 -0.249001
v -0.631386 -0.856909 -0.249001
v -0.593247 -0.879549 -0.246020
v -0.631386 -0.856909 -0.249001
v -0.631386 -0.879549 -0.246020
v -0.593247 -0.879549 -0.246020
v -0.593247 -0.835812 -0.257739
v -0.631386 -0.835812 -0.257739
v -0.593247 -0.856909 -0.249001
v -0.631386 -0.835812 -0.257739
v -0.631386 -0.856909 -0.249001
v -0.593247 -0.856909 -0.249001
v -0.593247 -0.817695 -0.271640
v -0.631386 -0.817695 -0.271640
v -0.593247 -0.835812 -0.257739
v -0.631386 -0.817695 -0.271640
v -0.631386 -0.835812 -0.257739
v -0.593247 -0.835812 -0.257739
v -0.593247 -0.803794 -0.289757
v -0.631386 -0.803794 -0.289757
v -0.593247 -0.817695 -0.271640
v -0.631386 -0.803794 -0.289757
v -0.631386 -0.817695 -0.271640
v -0.593247 -0.817695 -0.271640
v -0.593247 -0.795056 -0.310854
v -0.631386 -0.795056 -0.310854
v -0.593247 -0.803794 -0.289757
v -0.631386 -0.795056 -0.310854
v -0.631386 -0.803794 -0.289757
v -0.593247 -0.803794 -0.289757
v -0.593247 -0.792075 -0.333494
v -0.631386 -0.792075 -0.333494
v -0.593247 -0.795056 -0.310854
v -0.631386 -0.792075 -0.333494
v -0.631386 -0.795056 -0.310854
v -0.593247 -0.795056 -0.310854
v -0.593247 -0.795056 -0.356134
v -0.631386 -0.795056 -0.356134
v -0.593247 -0.792075 -0.333494
v -0.631386 -0.795056 -0.356134
v -0.631386 -0.792075 -0.333494
v -0.593247 -0.792075 -0.333494
v -0.593247 -0.803794 -0.377231
v -0.631386 -0.803794 -0.377231
v -0.593247 -0.795056 -0.356134
v -0.631386 -0.803794 -0.377231
v -0.631386 -0.795056 -0.356134
v -0.593247 -0.795056 -0.356134
v -0.593247 -0.817695 -0.395347
v -0.631386 -0.817695 -0.395347
v -0.593247 -0.803794 -0.377231
v -0.631386 -0.817695 -0.395347
v -0.631386 -0.803794 -0.377231
v -0.593247 -0.803794 -0.377231
v -0.593247 -0.835812 -0.409248
v -0.631386 -0.835812 -0.409248
v -0.593247 -0.817695 -0.395347
v -0.631386 -0.835812 -0.409248
v -0.631386 -0.817695 -0.395347
v -0.593247 -0.817695 -0.395347
v -0.593247 -0.856909 -0.417987
v -0.631386 -0.856909 -0.417987
v -0.593247 -0.835812 -0.409248
v -0.631386 -0.856909 -0.417987
v -0.631386 -0.835812 -0.409248
v -0.593247 -0.835812 -0.409248
v -0.593247 -0.879549 -0.420967
v -0.631386 -0.879549 -0.420967
v -0.593247 -0.856909 -0.417987
v -0.631386 -0.879549 -0.420967
v -0.631386 -0.856909 -0.417987
v -0.593247 -0.856909 -0.417987
v -0.593247 -0.902188 -0.417987
v -0.631386 -0.902188 -0.417987
v -0.593247 -0.879549 -0.420967
v -0.631386 -0.902188 -0.417987
v -0.631386 -0.879549 -0.420967
v -0.593247 -0.879549 -0.420967
v -0.593247 -0.923285 -0.409248
v -0.631386 -0.923285 -0.409248
v -0.593247 -0.902188 -0.417987
v -0.631386 -0.923285 -0.409248
v -0.631386 -0.902188 -0.417987
v -0.593247 -0.902188 -0.417987
v -0.593247 -0.941402 -0.395347
v -0.631386 -0.941402 -0.395347
v -0.593247 -0.923285 -0.409248
v -0.631386 -0.941402 -0.395347
v -0.631386 -0.923285 -0.409248
v -0.593247 -0.923285 -0.409248
v -0.593247 -0.955303 -0.377231
v -0.631386 -0.955303 -0.377231
v -0.593247 -0.941402 -0.395347
v -0.631386 -0.955303 -0.377231
v -0.631386 -0.941402 -0.395347
v -0.593247 -0.941402 -0.395347
v -0.593247 -0.964042 -0.356134
v -0.631386 -0.964042 -0.356134
v -0.593247 -0.955303 -0.377231
v -0.631386 -0.964042 -0.356134
v -0.631386 -0.955303 -0.377231
v -0.593247 -0.955303 -0.377231
v -0.593247 -0.967022 -0.333494
v -0.631386 -0.967022 -0.333494
v -0.593247 -0.964042 -0.356134
v -0.631386 -0.967022 -0.333494
v -0.631386 -0.964042 -0.356134
v -0.593247 -0.964042 -0.356134
v -0.593247 -0.964042 -0.310854
v -0.631386 -0.964042 -0.310854
v -0.593247 -0.967022 -0.333494
v -0.631386 -0.964042 -0.310854
v -0.631386 -0.967022 -0.333494
v -0.593247 -0.967022 -0.333494
v -0.593247 -0.955303 -0.289757
v -0.631386 -0.955303 -0.289757
v -0.593247 -0.964042 -0.310854
v -0.631386 -0.955303 -0.289757
v -0.631386 -0.964042 -0.310854
v -0.593247 -0.964042 -0.310854
v -0.593247 -0.941402 -0.271640
v -0.631386 -0.941402 -0.271640
v -0.593247 -0.955303 -0.289757
v -0.631386 -0.941402 -0.271640
v -0.631386 -0.955303 -0.289757
v -0.593247 -0.955303 -0.289757
v -0.593247 -0.923285 -0.257739
v -0.631386 -0.923285 -0.257739
v -0.593247 -0.941402 -0.271640
v -0.631386 -0.923285 -0.257739
v -0.631386 -0.941402 -0.271640
v -0.593247 -0.941402 -0.271640
v -0.593247 -0.902188 -0.249001
v -0.631386 -0.902188 -0.249001
v -0.593247 -0.923285 -0.257739
v -0.631386 -0.902188 -0.249001
v -0.631386 -0.923285 -0.257739
v -0.593247 -0.923285 -0.257739
v -0.593247 -0.879549 -0.246020
v -0.631386 -0.879549 -0.246020
v -0.593247 -0.902188 -0.249001
v -0.631386 -0.879549 -0.246020
v -0.631386 -0.902188 -0.249001
v -0.593247 -0.902188 -0.249001
v -0.579951 -0.860380 -0.261954
v -0.593247 -0.856909 -0.249001
v -0.579951 -0.879549 -0.259431
v -0.593247 -0.856909 -0.249001
v -0.593247 -0.879549 -0.246020
v -0.579951 -0.879549 -0.259431
v -0.579951 -0.842517 -0.269353
v -0.593247 -0.835812 -0.257739
v -0.579951 -0.860380 -0.261954
v -0.593247 -0.835812 -0.257739
v -0.593247 -0.856909 -0.249001
v -0.579951 -0.860380 -0.261954
v -0.579951 -0.827178 -0.281123
v -0.593247 -0.817695 -0.271640
v -0.579951 -0.842517 -0.269353
v -0.593247 -0.817695 -0.271640
v -0.593247 -0.835812 -0.257739
v -0.579951 -0.842517 -0.269353
v -0.579951 -0.815408 -0.296462
v -0.593247 -0.803794 -0.289757
v -0.579951 -0.827178 -0.281123
v -0.593247 -0.803794 -0.289757
v -0.593247 -0.817695 -0.271640
v -0.579951 -0.827178 -0.281123
v -0.579951 -0.808009 -0.314325
v -0.593247 -0.795056 -0.310854
v -0.579951 -0.815408 -0.296462
v -0.593247 -0.795056 -0.310854
v -0.593247 -0.803794 -0.289757
v -0.579951 -0.815408 -0.296462
v -0.579951 -0.805486 -0.333494
v -0.593247 -0.792075 -0.333494
v -0.579951 -0.808009 -0.314325
v -0.593247 -0.792075 -0.333494
v -0.593247 -0.795056 -0.310854
v -0.579951 -0.808009 -0.314325
v -0.579951 -0.808009 -0.352663
v -0.593247 -0.795056 -0.356134
v -0.579951 -0.805486 -0.333494
v -0.593247 -0.795056 -0.356134
v -0.593247 -0.792075 -0.333494
v -0.579951 -0.805486 -0.333494
v -0.579951 -0.815408 -0.370525
v -0.593247 -0.803794 -0.377231
v -0.579951 -0.808009 -0.352663
v -0.593247 -0.803794 -0.377231
v -0.593247 -0.795056 -0.356134
v -0.579951 -0.808009 -0.352663
v -0.579951 -0.827178 -0.385864
v -0.593247 -0.817695 -0.395347
v -0.579951 -0.815408 -0.370525
v -0.593247 -0.817695 -0.395347
v -0.593247 -0.803794 -0.377231
v -0.579951 -0.815408 -0.370525
v -0.579951 -0.842517 -0.397634
v -0.593247 -0.835812 -0.409248
v -0.579951 -0.827178 -0.385864
v -0.593247 -0.835812 -0.409248
v -0.593247 -0.817695 -0.395347
v -0.579951 -0.827178 -0.385864
v -0.579951 -0.860380 -0.405033
v -0.593247 -0.856909 -0.417987
v -0.579951 -0.842517 -0.397634
v -0.593247 -0.856909 -0.417987
v -0.593247 -0.835812 -0.409248
v -0.579951 -0.842517 -0.397634
v -0.579951 -0.879549 -0.407557
v -0.593247 -0.879549 -0.420967
v -0.579951 -0.860380 -0.405033
v -0.593247 -0.879549 -0.420967
v -0.593247 -0.856909 -0.417987
v -0.579951 -0.860380 -0.405033
v -0.579951 -0.898718 -0.405033
v -0.593247 -0.902188 -0.417987
v -0.579951 -0.879549 -0.407557
v -0.593247 -0.902188 -0.417987
v -0.593247 -0.879549 -0.420967
v -0.579951 -0.879549 -0.407557
v -0.579951 -0.916580 -0.397634
v -0.593247 -0.923285 -0.409248
v -0.579951 -0.898718 -0.405033
v -0.593247 -0.923285 -0.409248
v -0.593247 -0.902188 -0.417987
v -0.579951 -0.898718 -0.405033
v -0.579951 -0.931919 -0.385864
v -0.593247 -0.941402 -0.395347
v -0.579951 -0.916580 -0.397634
v -0.593247 -0.941402 -0.395347
v -0.593247 -0.923285 -0.409248
v -0.579951 -0.916580 -0.397634
v -0.579951 -0.943689 -0.370525
v -0.593247 -0.955303 -0.377231
v -0.579951 -0.931919 -0.385864
v -0.593247 -0.955303 -0.377231
v -0.593247 -0.941402 -0.395347
v -0.579951 -0.931919 -0.385864
v -0.579951 -0.951088 -0.352663
v -0.593247 -0.964042 -0.356134
v -0.579951 -0.943689 -0.370525
v -0.593247 -0.964042 -0.356134
v -0.593247 -0.955303 -0.377231
v -0.579951 -0.943689 -0.370525
v -0.579951 -0.953612 -0.333494
v -0.593247 -0.967022 -0.333494
v -0.579951 -0.951088 -0.352663
v -0.593247 -0.967022 -0.333494
v -0.593247 -0.964042 -0.356134
v -0.579951 -0.951088 -0.352663
v -0.579951 -0.951088 -0.314325
v -0.593247 -0.964042 -0.310854
v -0.579951 -0.953612 -0.333494
v -0.593247 -0.964042 -0.310854
v -0.593247 -0.967022 -0.333494
v -0.579951 -0.953612 -0.333494
v -0.579951 -0.943689 -0.296462
v -0.593247 -0.955303 -0.289757
v -0.579951 -0.951088 -0.314325
v -0.593247 -0.955303 -0.289757
v -0.593247 -0.964042 -0.310854
v -0.579951 -0.951088 -0.314325
v -0.579951 -0.931919 -0.281123
v -0.593247 -0.941402 -0.271640
v -0.579951 -0.943689 -0.296462
v -0.593247 -0.941402 -0.271640
v -0.593247 -0.955303 -0.289757
v -0.579951 -0.943689 -0.296462
v -0.579951 -0.916580 -0.269353
v -0.593247 -0.923285 -0.257739
v -0.579951 -0.931919 -0.281123
v -0.593247 -0.923285 -0.257739
v -0.593247 -0.941402 -0.271640
v -0.579951 -0.931919 -0.281123
v -0.579951 -0.898718 -0.261954
v -0.593247 -0.902188 -0.249001
v -0.579951 -0.916580 -0.269353
v -0.593247 -0.902188 -0.249001
v -0.593247 -0.923285 -0.257739
v -0.579951 -0.916580 -0.269353
v -0.579951 -0.879549 -0.259431
v -0.593247 -0.879549 -0.246020
v -0.579951 -0.898718 -0.261954
v -0.593247 -0.879549 -0.246020
v -0.593247 -0.902188 -0.249001
v -0.579951 -0.898718 -0.261954
v -0.644682 -0.898718 -0.261954
v -0.631386 -0.902188 -0.249001
v -0.644682 -0.879549 -0.259431
v -0.631386 -0.902188 -0.249001
v -0.631386 -0.879549 -0.246020
v -0.644682 -0.879549 -0.259431
v -0.644682 -0.916580 -0.269353
v -0.631386 -0.923285 -0.257739
v -0.644682 -0.898718 -0.261954
v -0.631386 -0.923285 -0.257739
v -0.631386 -0.902188 -0.249001
v -0.644682 -0.898718 -0.261954
v -0.644682 -0.931919 -0.281123
v -0.631386 -0.941402 -0.271640
v -0.644682 -0.916580 -0.269353
v -0.631386 -0.941402 -0.271640
v -0.631386 -0.923285 -0.257739
v -0.644682 -0.916580 -0.269353
v -0.644682 -0.943689 -0.296462
v -0.631386 -0.955303 -0.289757
v -0.644682 -0.931919 -0.281123
v -0.631386 -0.955303 -0.289757
v -0.631386 -0.941402 -0.271640
v -0.644682 -0.931919 -0.281123
v -0.644682 -0.951088 -0.314325
v -0.631386 -0.964042 -0.310854
v -0.644682 -0.943689 -0.296462
v -0.631386 -0.964042 -0.310854
v -0.631386 -0.955303 -0.289757
v -0.644682 -0.943689 -0.296462
v -0.644682 -0.953612 -0.333494
v -0.631386 -0.967022 -0.333494
v -0.644682 -0.951088 -0.314325
v -0.631386 -0.967022 -0.333494
v -0.631386 -0.964042 -0.310854
v -0.644682 -0.951088 -0.314325
v -0.644682 -0.951088 -0.352663
v -0.631386 -0.964042 -0.356134
v -0.644682 -0.953612 -0.333494
v -0.631386 -0.964042 -0.356134
v -0.631386 -0.967022 -0.333494
v -0.644682 -0.953612 -0.333494
v -0.644682 -0.943689 -0.370525
v -0.631386 -0.955303 -0.377231
v -0.644682 -0.951088 -0.352663
v -0.631386 -0.955303 -0.377231
v -0.631386 -0.964042 -0.356134
v -0.644682 -0.951088 -0.352663
v -0.644682 -0.931919 -0.385864
v -0.631386 -0.941402 -0.395347
v -0.644682 -0.943689 -0.370525
v -0.631386 -0.941402 -0.395347
v -0.631386 -0.955303 -0.377231
v -0.644682 -0.943689 -0.370525
v -0.644682 -0.916580 -0.397634
v -0.631386 -0.923285 -0.409248
v -0.644682 -0.931919 -0.385864
v -0.631386 -0.923285 -0.409248
v -0.631386 -0.941402 -0.395347
v -0.644682 -0.931919 -0.385864
v -0.644682 -0.898718 -0.405033
v -0.631386 -0.902188 -0.417987
v -0.644682 -0.916580 -0.397634
v -0.631386 -0.902188 -0.417987
v -0.631386 -0.923285 -0.409248
v -0.644682 -0.916580 -0.397634
v -0.644682 -0.879549 -0.407557
v -0.631386 -0.879549 -0.420967
v -0.644682 -0.898718 -0.405033
v -0.631386 -0.879549 -0.420967
v -0.631386 -0.902188 -0.417987
v -0.644682 -0.898718 -0.405033
v -0.644682 -0.860380 -0.405033
v -0.631386 -0.856909 -0.417987
v -0.644682 -0.879549 -0.407557
v -0.631386 -0.856909 -0.417987
v -0.631386 -0.879549 -0.420967
v -0.644682 -0.879549 -0.407557
v -0.644682 -0.842517 -0.397634
v -0.631386 -0.835812 -0.409248
v -0.644682 -0.860380 -0.405033
v -0.631386 -0.835812 -0.409248
v -0.631386 -0.856909 -0.417987
v -0.644682 -0.860380 -0.405033
v -0.644682 -0.827178 -0.385864
v -0.631386 -0.817695 -0.395347
v -0.644682 -0.842517 -0.397634
v -0.631386 -0.817695 -0.395347
v -0.631386 -0.835812 -0.409248
v -0.644682 -0.842517 -0.397634
v -0.644682 -0.815408 -0.370525
v -0.631386 -0.803794 -0.377231
v -0.644682 -0.827178 -0.385864
v -0.631386 -0.803794 -0.377231
v -0.631386 -0.817695 -0.395347
v -0.644682 -0.827178 -0.385864
v -0.644682 -0.808009 -0.352663
v -0.631386 -0.795056 -0.356134
v -0.644682 -0.815408 -0.370525
v -0.631386 -0.795056 -0.356134
v -0.631386 -0.803794 -0.377231
v -0.644682 -0.815408 -0.370525
v -0.644682 -0.805486 -0.333494
v -0.631386 -0.792075 -0.333494
v -0.644682 -0.808009 -0.352663
v -0.631386 -0.792075 -0.333494
v -0.631386 -0.795056 -0.356134
v -0.644682 -0.808009 -0.352663
v -0.644682 -0.808009 -0.314325
v -0.631386 -0.795056 -0.310854
v -0.644682 -0.805486 -0.333494
v -0.631386 -0.795056 -0.310854
v -0.631386 -0.792075 -0.333494
v -0.644682 -0.805486 -0.333494
v -0.644682 -0.815408 -0.296462
v -0.631386 -0.803794 -0.289757
v -0.644682 -0.808009 -0.314325
v -0.631386 -0.803794 -0.289757
v -0.631386 -0.795056 -0.310854
v -0.644682 -0.808009 -0.314325
v -0.644682 -0.827178 -0.281123
v -0.631386 -0.817695 -0.271640
v -0.644682 -0.815408 -0.296462
v -0.631386 -0.817695 -0.271640
v -0.631386 -0.803794 -0.289757
v -0.644682 -0.815408 -0.296462
v -0.644682 -0.842517 -0.269353
v -0.631386 -0.835812 -0.257739
v -0.644682 -0.827178 -0.281123
v -0.631386 -0.835812 -0.257739
v -0.631386 -0.817695 -0.271640
v -0.644682 -0.827178 -0.281123
v -0.644682 -0.860380 -0.261954
v -0.631386 -0.856909 -0.249001
v -0.644682 -0.842517 -0.269353
v -0.631386 -0.856909 -0.249001
v -0.631386 -0.835812 -0.257739
v -0.644682 -0.842517 -0.269353
v -0.644682 -0.879549 -0.259431
v -0.631386 -0.879549 -0.246020
v -0.644682 -0.860380 -0.261954
v -0.631386 -0.879549 -0.246020
v -0.631386 -0.856909 -0.249001
v -0.644682 -0.860380 -0.261954
v -0.644682 -0.898718 -0.261954
v -0.644682 -0.892525 -0.285067
v -0.644682 -0.916580 -0.269353
v -0.644682 -0.892525 -0.285067
v -0.644682 -0.904616 -0.290075
v -0.644682 -0.916580 -0.269353
v -0.644682 -0.916580 -0.269353
v -0.644682 -0.904616 -0.290075
v -0.644682 -0.931919 -0.281123
v -0.644682 -0.904616 -0.290075
v -0.644682 -0.915000 -0.298043
v -0.644682 -0.931919 -0.281123
v -0.644682 -0.931919 -0.281123
v -0.644682 -0.915000 -0.298043
v -0.644682 -0.943689 -0.296462
v -0.644682 -0.915000 -0.298043
v -0.644682 -0.922967 -0.308426
v -0.644682 -0.943689 -0.296462
v -0.644682 -0.943689 -0.296462
v -0.644682 -0.922967 -0.308426
v -0.644682 -0.951088 -0.314325
v -0.644682 -0.922967 -0.308426
v -0.644682 -0.927976 -0.320518
v -0.644682 -0.951088 -0.314325
v -0.644682 -0.951088 -0.314325
v -0.644682 -0.927976 -0.320518
v -0.644682 -0.953612 -0.333494
v -0.644682 -0.927976 -0.320518
v -0.644682 -0.929684 -0.333494
v -0.644682 -0.953612 -0.333494
v -0.644682 -0.953612 -0.333494
v -0.644682 -0.929684 -0.333494
v -0.644682 -0.951088 -0.352663
v -0.644682 -0.929684 -0.333494
v -0.644682 -0.927976 -0.346470
v -0.644682 -0.951088 -0.352663
v -0.644682 -0.951088 -0.352663
v -0.644682 -0.927976 -0.346470
v -0.644682 -0.943689 -0.370525
v -0.644682 -0.927976 -0.346470
v -0.644682 -0.922967 -0.358561
v -0.644682 -0.943689 -0.370525
v -0.644682 -0.943689 -0.370525
v -0.644682 -0.922967 -0.358561
v -0.644682 -0.931919 -0.385864
v -0.644682 -0.922967 -0.358561
v -0.644682 -0.915000 -0.368945
v -0.644682 -0.931919 -0.385864
v -0.644682 -0.931919 -0.385864
v -0.644682 -0.915000 -0.368945
v -0.644682 -0.916580 -0.397634
v -0.644682 -0.915000 -0.368945
v -0.644682 -0.904616 -0.376912
v -0.644682 -0.916580 -0.397634
v -0.644682 -0.916580 -0.397634
v -0.644682 -0.904616 -0.376912
v -0.644682 -0.898718 -0.405033
v -0.644682 -0.904616 -0.376912
v -0.644682 -0.892525 -0.381921
v -0.644682 -0.898718 -0.405033
v -0.644682 -0.898718 -0.405033
v -0.644682 -0.892525 -0.381921
v -0.644682 -0.879549 -0.407557
v -0.644682 -0.892525 -0.381921
v -0.644682 -0.879549 -0.383629
v -0.644682 -0.879549 -0.407557
v -0.644682 -0.879549 -0.407557
v -0.644682 -0.879549 -0.383629
v -0.644682 -0.860380 -0.405033
v -0.644682 -0.879549 -0.383629
v -0.644682 -0.866573 -0.381921
v -0.644682 -0.860380 -0.405033
v -0.644682 -0.860380 -0.405033
v -0.644682 -0.866573 -0.381921
v -0.644682 -0.842517 -0.397634
v -0.644682 -0.866573 -0.381921
v -0.644682 -0.854481 -0.376912
v -0.644682 -0.842517 -0.397634
v -0.644682 -0.842517 -0.397634
v -0.644682 -0.854481 -0.376912
v -0.644682 -0.827178 -0.385864
v -0.644682 -0.854481 -0.376912
v -0.644682 -0.844098 -0.368945
v -0.644682 -0.827178 -0.385864
v -0.644682 -0.827178 -0.385864
v -0.644682 -0.844098 -0.368945
v -0.644682 -0.815408 -0.370525
v -0.644682 -0.844098 -0.368945
v -0.644682 -0.836130 -0.358561
v -0.644682 -0.815408 -0.370525
v -0.644682 -0.815408 -0.370525
v -0.644682 -0.836130 -0.358561
v -0.644682 -0.808009 -0.352663
v -0.644682 -0.836130 -0.358561
v -0.644682 -0.831122 -0.346470
v -0.644682 -0.808009 -0.352663
v -0.644682 -0.808009 -0.352663
v -0.644682 -0.831122 -0.346470
v -0.644682 -0.805486 -0.333494
v -0.644682 -0.831122 -0.346470
v -0.644682 -0.829413 -0.333494
v -0.644682 -0.805486 -0.333494
v -0.644682 -0.805486 -0.333494
v -0.644682 -0.829413 -0.333494
v -0.644682 -0.808009 -0.314325
v -0.644682 -0.829413 -0.333494
v -0.644682 -0.831122 -0.320518
v -0.644682 -0.808009 -0.314325
v -0.644682 -0.808009 -0.314325
v -0.644682 -0.831122 -0.320518
v -0.644682 -0.815408 -0.296462
v -0.644682 -0.831122 -0.320518
v -0.644682 -0.836130 -0.308426
v -0.644682 -0.815408 -0.296462
v -0.644682 -0.815408 -0.296462
v -0.644682 -0.836130 -0.308426
v -0.644682 -0.827178 -0.281123
v -0.644682 -0.836130 -0.308426
v -0.644682 -0.844098 -0.298043
v -0.644682 -0.827178 -0.281123
v -0.644682 -0.827178 -0.281123
v -0.644682 -0.844098 -0.298043
v -0.644682 -0.842517 -0.269353
v -0.644682 -0.844098 -0.298043
v -0.644682 -0.854481 -0.290075
v -0.644682 -0.842517 -0.269353
v -0.644682 -0.842517 -0.269353
v -0.644682 -0.854481 -0.290075
v -0.644682 -0.860380 -0.261954
v -0.644682 -0.854481 -0.290075
v -0.644682 -0.866573 -0.285067
v -0.644682 -0.860380 -0.261954
v -0.644682 -0.860380 -0.261954
v -0.644682 -0.866573 -0.285067
v -0.644682 -0.879549 -0.259431
v -0.644682 -0.866573 -0.285067
v -0.644682 -0.879549 -0.283358
v -0.644682 -0.879549 -0.259431
v -0.644682 -0.879549 -0.259431
v -0.644682 -0.879549 -0.283358
v -0.644682 -0.898718 -0.261954
v -0.644682 -0.879549 -0.283358
v -0.644682 -0.892525 -0.285067
v -0.644682 -0.898718 -0.261954
v -0.579951 -0.860380 -0.261954
v -0.579951 -0.866573 -0.285067
v -0.579951 -0.842517 -0.269353
v -0.579951 -0.866573 -0.285067
v -0.579951 -0.854481 -0.290075
v -0.579951 -0.842517 -0.269353
v -0.579951 -0.842517 -0.269353
v -0.579951 -0.854481 -0.290075
v -0.579951 -0.827178 -0.281123
v -0.579951 -0.854481 -0.290075
v -0.579951 -0.844098 -0.298043
v -0.579951 -0.827178 -0.281123
v -0.579951 -0.827178 -0.281123
v -0.579951 -0.844098 -0.298043
v -0.579951 -0.815408 -0.296462
v -0.579951 -0.844098 -0.298043
v -0.579951 -0.836130 -0.308426
v -0.579951 -0.815408 -0.296462
v -0.579951 -0.815408 -0.296462
v -0.579951 -0.836130 -0.308426
v -0.579951 -0.808009 -0.314325
v -0.579951 -0.836130 -0.308426
v -0.579951 -0.831122 -0.320518
v -0.579951 -0.808009 -0.314325
v -0.579951 -0.808009 -0.314325
v -0.579951 -0.831122 -0.320518
v -0.579951 -0.805486 -0.333494
v -0.579951 -0.831122 -0.320518
v -0.579951 -0.829413 -0.333494
v -0.579951 -0.805486 -0.333494
v -0.579951 -0.805486 -0.333494
v -0.579951 -0.829413 -0.333494
v -0.579951 -0.808009 -0.352663
v -0.579951 -0.829413 -0.333494
v -0.579951 -0.831122 -0.346470
v -0.579951 -0.808009 -0.352663
v -0.579951 -0.808009 -0.352663
v -0.579951 -0.831122 -0.346470
v -0.579951 -0.815408 -0.370525
v -0.579951 -0.831122 -0.346470
v -0.579951 -0.836130 -0.358561
v -0.579951 -0.815408 -0.370525
v -0.579951 -0.815408 -0.370525
v -0.579951 -0.836130 -0.358561
v -0.579951 -0.827178 -0.385864
v -0.579951 -0.836130 -0.358561
v -0.579951 -0.844098 -0.368945
v -0.579951 -0.827178 -0.385864
v -0.579951 -0.827178 -0.385864
v -0.579951 -0.844098 -0.368945
v -0.579951 -0.842517 -0.397634
v -0.579951 -0.844098 -0.368945
v -0.579951 -0.854481 -0.376912
v -0.579951 -0.842517 -0.397634
v -0.579951 -0.842517 -0.397634
v -0.579951 -0.854481 -0.376912
v -0.579951 -0.860380 -0.405033
v -0.579951 -0.854481 -0.376912
v -0.579951 -0.866573 -0.381921
v -0.579951 -0.860380 -0.405033
v -0.579951 -0.860380 -0.405033
v -0.579951 -0.866573 -0.381921
v -0.579951 -0.879549 -0.407557
v -0.579951 -0.866573 -0.381921
v -0.579951 -0.879549 -0.383629
v -0.579951 -0.879549 -0.407557
v -0.579951 -0.879549 -0.407557
v -0.579951 -0.879549 -0.383629
v -0.579951 -0.898718 -0.405033
v -0.579951 -0.879549 -0.383629
v -0.579951 -0.892525 -0.381921
v -0.579951 -0.898718 -0.405033
v -0.579951 -0.898718 -0.405033
v -0.579951 -0.892525 -0.381921
v -0.579951 -0.916580 -0.397634
v -0.579951 -0.892525 -0.381921
v -0.579951 -0.904616 -0.376912
v -0.579951 -0.916580 -0.397634
v -0.579951 -0.916580 -0.397634
v -0.579951 -0.904616 -0.376912
v -0.579951 -0.931919 -0.385864
v -0.579951 -0.904616 -0.376912
v -0.579951 -0.915000 -0.368945
v -0.579951 -0.931919 -0.385864
v -0.579951 -0.931919 -0.385864
v -0.579951 -0.915000 -0.368945
v -0.579951 -0.943689 -0.370525
v -0.579951 -0.915000 -0.368945
v -0.579951 -0.922967 -0.358561
v -0.579951 -0.943689 -0.370525
v -0.579951 -0.943689 -0.370525
v -0.579951 -0.922967 -0.358561
v -0.579951 -0.951088 -0.352663
v -0.579951 -0.922967 -0.358561
v -0.579951 -0.927976 -0.346470
v -0.579951 -0.951088 -0.352663
v -0.579951 -0.951088 -0.352663
v -0.579951 -0.927976 -0.346470
v -0.579951 -0.953612 -0.333494
v -0.579951 -0.927976 -0.346470
v -0.579951 -0.929684 -0.333494
v -0.579951 -0.953612 -0.333494
v -0.579951 -0.953612 -0.333494
v -0.579951 -0.929684 -0.333494
v -0.579951 -0.951088 -0.314325
v -0.579951 -0.929684 -0.333494
v -0.579951 -0.927976 -0.320518
v -0.579951 -0.951088 -0.314325
v -0.579951 -0.951088 -0.314325
v -0.579951 -0.927976 -0.320518
v -0.579951 -0.943689 -0.296462
v -0.579951 -0.927976 -0.320518
v -0.579951 -0.922967 -0.308426
v -0.579951 -0.943689 -0.296462
v -0.579951 -0.943689 -0.296462
v -0.579951 -0.922967 -0.308426
v -0.579951 -0.931919 -0.281123
v -0.579951 -0.922967 -0.308426
v -0.579951 -0.915000 -0.298043
v -0.579951 -0.931919 -0.281123
v -0.579951 -0.931919 -0.281123
v -0.579951 -0.915000 -0.298043
v -0.579951 -0.916580 -0.269353
v -0.579951 -0.915000 -0.298043
v -0.579951 -0.904616 -0.290075
v -0.579951 -0.916580 -0.269353
v -0.579951 -0.916580 -0.269353
v -0.579951 -0.904616 -0.290075
v -0.579951 -0.898718 -0.261954
v -0.579951 -0.904616 -0.290075
v -0.579951 -0.892525 -0.285067
v -0.579951 -0.898718 -0.261954
v -0.579951 -0.898718 -0.261954
v -0.579951 -0.892525 -0.285067
v -0.579951 -0.879549 -0.259431
v -0.579951 -0.892525 -0.285067
v -0.579951 -0.879549 -0.283358
v -0.579951 -0.879549 -0.259431
v -0.579951 -0.879549 -0.259431
v -0.579951 -0.879549 -0.283358
v -0.579951 -0.860380 -0.261954
v -0.579951 -0.879549 -0.283358
v -0.579951 -0.866573 -0.285067
v -0.579951 -0.860380 -0.261954
v -0.579951 -0.879549 -0.383629
v -0.579951 -0.879549 -0.363937
v -0.579951 -0.892525 -0.381921
v -0.579951 -0.879549 -0.363937
v -0.579951 -0.887428 -0.362899
v -0.579951 -0.892525 -0.381921
v -0.579951 -0.892525 -0.381921
v -0.579951 -0.887428 -0.362899
v -0.579951 -0.904616 -0.376912
v -0.579951 -0.887428 -0.362899
v -0.579951 -0.894770 -0.359858
v -0.579951 -0.904616 -0.376912
v -0.579951 -0.904616 -0.376912
v -0.579951 -0.894770 -0.359858
v -0.579951 -0.915000 -0.368945
v -0.579951 -0.894770 -0.359858
v -0.579951 -0.901075 -0.355020
v -0.579951 -0.915000 -0.368945
v -0.579951 -0.915000 -0.368945
v -0.579951 -0.901075 -0.355020
v -0.579951 -0.922967 -0.358561
v -0.579951 -0.901075 -0.355020
v -0.579951 -0.905913 -0.348715
v -0.579951 -0.922967 -0.358561
v -0.579951 -0.922967 -0.358561
v -0.579951 -0.905913 -0.348715
v -0.579951 -0.927976 -0.346470
v -0.579951 -0.905913 -0.348715
v -0.579951 -0.908954 -0.341373
v -0.579951 -0.927976 -0.346470
v -0.579951 -0.927976 -0.346470
v -0.579951 -0.908954 -0.341373
v -0.579951 -0.929684 -0.333494
v -0.579951 -0.908954 -0.341373
v -0.579951 -0.909991 -0.333494
v -0.579951 -0.929684 -0.333494
v -0.579951 -0.929684 -0.333494
v -0.579951 -0.909991 -0.333494
v -0.579951 -0.927976 -0.320518
v -0.579951 -0.909991 -0.333494
v -0.579951 -0.908954 -0.325615
v -0.579951 -0.927976 -0.320518
v -0.579951 -0.927976 -0.320518
v -0.579951 -0.908954 -0.325615
v -0.579951 -0.922967 -0.308426
v -0.579951 -0.908954 -0.325615
v -0.579951 -0.905913 -0.318272
v -0.579951 -0.922967 -0.308426
v -0.579951 -0.922967 -0.308426
v -0.579951 -0.905913 -0.318272
v -0.579951 -0.915000 -0.298043
v -0.579951 -0.905913 -0.318272
v -0.579951 -0.901075 -0.311967
v -0.579951 -0.915000 -0.298043
v -0.579951 -0.915000 -0.298043
v -0.579951 -0.901075 -0.311967
v -0.579951 -0.904616 -0.290075
v -0.579951 -0.901075 -0.311967
v -0.579951 -0.894770 -0.307129
v -0.579951 -0.904616 -0.290075
v -0.579951 -0.904616 -0.290075
v -0.579951 -0.894770 -0.307129
v -0.579951 -0.892525 -0.285067
v -0.579951 -0.894770 -0.307129
v -0.579951 -0.887428 -0.304088
v -0.579951 -0.892525 -0.285067
v -0.579951 -0.892525 -0.285067
v -0.579951 -0.887428 -0.304088
v -0.579951 -0.879549 -0.283358
v -0.579951 -0.887428 -0.304088
v -0.579951 -0.879549 -0.303051
v -0.579951 -0.879549 -0.283358
v -0.579951 -0.879549 -0.283358
v -0.579951 -0.879549 -0.303051
v -0.579951 -0.866573 -0.285067
v -0.579951 -0.879549 -0.303051
v -0.579951 -0.871669 -0.304088
v -0.579951 -0.866573 -0.285067
v -0.579951 -0.866573 -0.285067
v -0.579951 -0.871669 -0.304088
v -0.579951 -0.854481 -0.290075
v -0.579951 -0.871669 -0.304088
v -0.579951 -0.864327 -0.307129
v -0.579951 -0.854481 -0.290075
v -0.579951 -0.854481 -0.290075
v -0.579951 -0.864327 -0.307129
v -0.579951 -0.844098 -0.298043
v -0.579951 -0.864327 -0.307129
v -0.579951 -0.858022 -0.311967
v -0.579951 -0.844098 -0.298043
v -0.579951 -0.844098 -0.298043
v -0.579951 -0.858022 -0.311967
v -0.579951 -0.836130 -0.308426
v -0.579951 -0.858022 -0.311967
v -0.579951 -0.853184 -0.318272
v -0.579951 -0.836130 -0.308426
v -0.579951 -0.836130 -0.308426
v -0.579951 -0.853184 -0.318272
v -0.579951 -0.831122 -0.320518
v -0.579951 -0.853184 -0.318272
v -0.579951 -0.850143 -0.325615
v -0.579951 -0.831122 -0.320518
v -0.579951 -0.831122 -0.320518
v -0.579951 -0.850143 -0.325615
v -0.579951 -0.829413 -0.333494
v -0.579951 -0.850143 -0.325615
v -0.579951 -0.849106 -0.333494
v -0.579951 -0.829413 -0.333494
v -0.579951 -0.829413 -0.333494
v -0.579951 -0.849106 -0.333494
v -0.579951 -0.831122 -0.346470
v -0.579951 -0.849106 -0.333494
v -0.579951 -0.850143 -0.341373
v -0.579951 -0.831122 -0.346470
v -0.579951 -0.831122 -0.346470
v -0.579951 -0.850143 -0.341373
v -0.579951 -0.836130 -0.358561
v -0.579951 -0.850143 -0.341373
v -0.579951 -0.853184 -0.348715
v -0.579951 -0.836130 -0.358561
v -0.579951 -0.836130 -0.358561
v -0.579951 -0.853184 -0.348715
v -0.579951 -0.844098 -0.368945
v -0.579951 -0.853184 -0.348715
v -0.579951 -0.858022 -0.355020
v -0.579951 -0.844098 -0.368945
v -0.579951 -0.844098 -0.368945
v -0.579951 -0.858022 -0.355020
v -0.579951 -0.854481 -0.376912
v -0.579951 -0.858022 -0.355020
v -0.579951 -0.864327 -0.359858
v -0.579951 -0.854481 -0.376912
v -0.579951 -0.854481 -0.376912
v -0.579951 -0.864327 -0.359858
v -0.579951 -0.866573 -0.381921
v -0.579951 -0.864327 -0.359858
v -0.579951 -0.871669 -0.362899
v -0.579951 -0.866573 -0.381921
v -0.579951 -0.866573 -0.381921
v -0.579951 -0.871669 -0.362899
v -0.579951 -0.879549 -0.383629
v -0.579951 -0.871669 -0.362899
v -0.579951 -0.879549 -0.363937
v -0.579951 -0.879549 -0.383629
v -0.644682 -0.879549 -0.383629
v -0.644682 -0.879549 -0.363937
v -0.644682 -0.866573 -0.381921
v -0.644682 -0.879549 -0.363937
v -0.644682 -0.871669 -0.362899
v -0.644682 -0.866573 -0.381921
v -0.644682 -0.866573 -0.381921
v -0.644682 -0.871669 -0.362899
v -0.644682 -0.854481 -0.376912
v -0.644682 -0.871669 -0.362899
v -0.644682 -0.864327 -0.359858
v -0.644682 -0.854481 -0.376912
v -0.644682 -0.854481 -0.376912
v -0.644682 -0.864327 -0.359858
v -0.644682 -0.844098 -0.368945
v -0.644682 -0.864327 -0.359858
v -0.644682 -0.858022 -0.355020
v -0.644682 -0.844098 -0.368945
v -0.644682 -0.844098 -0.368945
v -0.644682 -0.858022 -0.355020
v -0.644682 -0.836130 -0.358561
v -0.644682 -0.858022 -0.355020
v -0.644682 -0.853184 -0.348715
v -0.644682 -0.836130 -0.358561
v -0.644682 -0.836130 -0.358561
v -0.644682 -0.853184 -0.348715
v -0.644682 -0.831122 -0.346470
v -0.644682 -0.853184 -0.348715
v -0.644682 -0.850143 -0.341373
v -0.644682 -0.831122 -0.346470
v -0.644682 -0.831122 -0.346470
v -0.644682 -0.850143 -0.341373
v -0.644682 -0.829413 -0.333494
v -0.644682 -0.850143 -0.341373
v -0.644682 -0.849106 -0.333494
v -0.644682 -0.829413 -0.333494
v -0.644682 -0.829413 -0.333494
v -0.644682 -0.849106 -0.333494
v -0.644682 -0.831122 -0.320518
v -0.644682 -0.849106 -0.333494
v -0.644682 -0.850143 -0.325615
v -0.644682 -0.831122 -0.320518
v -0.644682 -0.831122 -0.320518
v -0.644682 -0.850143 -0.325615
v -0.644682 -0.836130 -0.308426
v -0.644682 -0.850143 -0.325615
v -0.644682 -0.853184 -0.318272
v -0.644682 -0.836130 -0.308426
v -0.644682 -0.836130 -0.308426
v -0.644682 -0.853184 -0.318272
v -0.644682 -0.844098 -0.298043
v -0.644682 -0.853184 -0.318272
v -0.644682 -0.858022 -0.311967
v -0.644682 -0.844098 -0.298043
v -0.644682 -0.844098 -0.298043
v -0.644682 -0.858022 -0.311967
v -0.644682 -0.854481 -0.290075
v -0.644682 -0.858022 -0.311967
v -0.644682 -0.864327 -0.307129
v -0.644682 -0.854481 -0.290075
v -0.644682 -0.854481 -0.290075
v -0.644682 -0.864327 -0.307129
v -0.644682 -0.866573 -0.285067
v -0.644682 -0.864327 -0.307129
v -0.644682 -0.871669 -0.304088
v -0.644682 -0.866573 -0.285067
v -0.644682 -0.866573 -0.285067
v -0.644682 -0.871669 -0.304088
v -0.644682 -0.879549 -0.283358
v -0.644682 -0.871669 -0.304088
v -0.644682 -0.879549 -0.303051
v -0.644682 -0.879549 -0.283358
v -0.644682 -0.879549 -0.283358
v -0.644682 -0.879549 -0.303051
v -0.644682 -0.892525 -0.285067
v -0.644682 -0.879549 -0.303051
v -0.644682 -0.887428 -0.304088
v -0.644682 -0.892525 -0.285067
v -0.644682 -0.892525 -0.285067
v -0.644682 -0.887428 -0.304088
v -0.644682 -0.904616 -0.290075
v -0.644682 -0.887428 -0.304088
v -0.644682 -0.894770 -0.307129
v -0.644682 -0.904616 -0.290075
v -0.644682 -0.904616 -0.290075
v -0.644682 -0.894770 -0.307129
v -0.644682 -0.915000 -0.298043
v -0.644682 -0.894770 -0.307129
v -0.644682 -0.901075 -0.311967
v -0.644682 -0.915000 -0.298043
v -0.644682 -0.915000 -0.298043
v -0.644682 -0.901075 -0.311967
v -0.644682 -0.922967 -0.308426
v -0.644682 -0.901075 -0.311967
v -0.644682 -0.905913 -0.318272
v -0.644682 -0.922967 -0.308426
v -0.644682 -0.922967 -0.308426
v -0.644682 -0.905913 -0.318272
v -0.644682 -0.927976 -0.320518
v -0.644682 -0.905913 -0.318272
v -0.644682 -0.908954 -0.325615
v -0.644682 -0.927976 -0.320518
v -0.644682 -0.927976 -0.320518
v -0.644682 -0.908954 -0.325615
v -0.644682 -0.929684 -0.333494
v -0.644682 -0.908954 -0.325615
v -0.644682 -0.909991 -0.333494
v -0.644682 -0.929684 -0.333494
v -0.644682 -0.929684 -0.333494
v -0.644682 -0.909991 -0.333494
v -0.644682 -0.927976 -0.346470
v -0.644682 -0.909991 -0.333494
v -0.644682 -0.908954 -0.341373
v -0.644682 -0.927976 -0.346470
v -0.644682 -0.927976 -0.346470
v -0.644682 -0.908954 -0.341373
v -0.644682 -0.922967 -0.358561
v -0.644682 -0.908954 -0.341373
v -0.644682 -0.905913 -0.348715
v -0.644682 -0.922967 -0.358561
v -0.644682 -0.922967 -0.358561
v -0.644682 -0.905913 -0.348715
v -0.644682 -0.915000 -0.368945
v -0.644682 -0.905913 -0.348715
v -0.644682 -0.901075 -0.355020
v -0.644682 -0.915000 -0.368945
v -0.644682 -0.915000 -0.368945
v -0.644682 -0.901075 -0.355020
v -0.644682 -0.904616 -0.376912
v -0.644682 -0.901075 -0.355020
v -0.644682 -0.894770 -0.359858
v -0.644682 -0.904616 -0.376912
v -0.644682 -0.904616 -0.376912
v -0.644682 -0.894770 -0.359858
v -0.644682 -0.892525 -0.381921
v -0.644682 -0.894770 -0.359858
v -0.644682 -0.887428 -0.362899
v -0.644682 -0.892525 -0.381921
v -0.644682 -0.892525 -0.381921
v -0.644682 -0.887428 -0.362899
v -0.644682 -0.879549 -0.383629
v -0.644682 -0.887428 -0.362899
v -0.644682 -0.879549 -0.363937
v -0.644682 -0.879549 -0.383629
v 0.593247 -0.856909 -0.249001
v 0.593247 -0.879549 -0.246020
v 0.631386 -0.856909 -0.249001
v 0.593247 -0.879549 -0.246020
v 0.631386 -0.879549 -0.246020
v 0.631386 -0.856909 -0.249001
v 0.593247 -0.835812 -0.257739
v 0.593247 -0.856909 -0.249001
v 0.631386 -0.835812 -0.257739
v 0.593247 -0.856909 -0.249001
v 0.631386 -0.856909 -0.249001
v 0.631386 -0.835812 -0.257739
v 0.593247 -0.817695 -0.271640
v 0.593247 -0.835812 -0.257739
v 0.631386 -0.817695 -0.271640
v 0.593247 -0.835812 -0.257739
v 0.631386 -0.835812 -0.257739
v 0.631386 -0.817695 -0.271640
v 0.593247 -0.803794 -0.289757
v 0.593247 -0.817695 -0.271640
v 0.631386 -0.803794 -0.289757
v 0.593247 -0.817695 -0.271640
v 0.631386 -0.817695 -0.271640
v 0.631386 -0.803794 -0.289757
v 0.593247 -0.795056 -0.310854
v 0.593247 -0.803794 -0.289757
v 0.631386 -0.795056 -0.310854
v 0.593247 -0.803794 -0.289757
v 0.631386 -0.803794 -0.289757
v 0.631386 -0.795056 -0.310854
v 0.593247 -0.792075 -0.333494
v 0.593247 -0.795056 -0.310854
v 0.631386 -0.792075 -0.333494
v 0.593247 -0.795056 -0.310854
v 0.631386 -0.795056 -0.310854
v 0.631386 -0.792075 -0.333494
v 0.593247 -0.795056 -0.356134
v 0.593247 -0.792075 -0.333494
v 0.631386 -0.795056 -0.356134
v 0.593247 -0.792075 -0.333494
v 0.631386 -0.792075 -0.333494
v 0.631386 -0.795056 -0.356134
v 0.593247 -0.803794 -0.377231
v 0.593247 -0.795056 -0.356134
v 0.631386 -0.803794 -0.377231
v 0.593247 -0.795056 -0.356134
v 0.631386 -0.795056 -0.356134
v 0.631386 -0.803794 -0.377231
v 0.593247 -0.817695 -0.395347
v 0.593247 -0.803794 -0.377231
v 0.631386 -0.817695 -0.395347
v 0.593247 -0.803794 -0.377231
v 0.631386 -0.803794 -0.377231
v 0.631386 -0.817695 -0.395347
v 0.593247 -0.835812 -0.409248
v 0.593247 -0.817695 -0.395347
v 0.631386 -0.835812 -0.409248
v 0.593247 -0.817695 -0.395347
v 0.631386 -0.817695 -0.395347
v 0.631386 -0.835812 -0.409248
v 0.593247 -0.856909 -0.417987
v 0.593247 -0.835812 -0.409248
v 0.631386 -0.856909 -0.417987
v 0.593247 -0.835812 -0.409248
v 0.631386 -0.835812 -0.409248
v 0.631386 -0.856909 -0.417987
v 0.593247 -0.879549 -0.420967
v 0.593247 -0.856909 -0.417987
v 0.631386 -0.879549 -0.420967
v 0.593247 -0.856909 -0.417987
v 0.631386 -0.856909 -0.417987
v 0.631386 -0.879549 -0.420967
v 0.593247 -0.902188 -0.417987
v 0.593247 -0.879549 -0.420967
v 0.631386 -0.902188 -0.417987
v 0.593247 -0.879549 -0.420967
v 0.631386 -0.879549 -0.420967
v 0.631386 -0.902188 -0.417987
v 0.593247 -0.923285 -0.409248
v 0.593247 -0.902188 -0.417987
v 0.631386 -0.923285 -0.409248
v 0.593247 -0.902188 -0.417987
v 0.631386 -0.902188 -0.417987
v 0.631386 -0.923285 -0.409248
v 0.593247 -0.941402 -0.395347
v 0.593247 -0.923285 -0.409248
v 0.631386 -0.941402 -0.395347
v 0.593247 -0.923285 -0.409248
v 0.631386 -0.923285 -0.409248
v 0.631386 -0.941402 -0.395347
v 0.593247 -0.955303 -0.377231
v 0.593247 -0.941402 -0.395347
v 0.631386 -0.955303 -0.377231
v 0.593247 -0.941402 -0.395347
v 0.631386 -0.941402 -0.395347
v 0.631386 -0.955303 -0.377231
v 0.593247 -0.964042 -0.356134
v 0.593247 -0.955303 -0.377231
v 0.631386 -0.964042 -0.356134
v 0.593247 -0.955303 -0.377231
v 0.631386 -0.955303 -0.377231
v 0.631386 -0.964042 -0.356134
v 0.593247 -0.967022 -0.333494
v 0.593247 -0.964042 -0.356134
v 0.631386 -0.967022 -0.333494
v 0.593247 -0.964042 -0.356134
v 0.631386 -0.964042 -0.356134
v 0.631386 -0.967022 -0.333494
v 0.593247 -0.964042 -0.310854
v 0.593247 -0.967022 -0.333494
v 0.631386 -0.964042 -0.310854
v 0.593247 -0.967022 -0.333494
v 0.631386 -0.967022 -0.333494
v 0.631386 -0.964042 -0.310854
v 0.593247 -0.955303 -0.289757
v 0.593247 -0.964042 -0.310854
v 0.631386 -0.955303 -0.289757
v 0.593247 -0.964042 -0.310854
v 0.631386 -0.964042 -0.310854
v 0.631386 -0.955303 -0.289757
v 0.593247 -0.941402 -0.271640
v 0.593247 -0.955303 -0.289757
v 0.631386 -0.941402 -0.271640
v 0.593247 -0.955303 -0.289757
v 0.631386 -0.955303 -0.289757
v 0.631386 -0.941402 -0.271640
v 0.593247 -0.923285 -0.257739
v 0.593247 -0.941402 -0.271640
v 0.631386 -0.923285 -0.257739
v 0.593247 -0.941402 -0.271640
v 0.631386 -0.941402 -0.271640
v 0.631386 -0.923285 -0.257739
v 0.593247 -0.902188 -0.249001
v 0.593247 -0.923285 -0.257739
v 0.631386 -0.902188 -0.249001
v 0.593247 -0.923285 -0.257739
v 0.631386 -0.923285 -0.257739
v 0.631386 -0.902188 -0.249001
v 0.593247 -0.879549 -0.246020
v 0.593247 -0.902188 -0.249001
v 0.631386 -0.879549 -0.246020
v 0.593247 -0.902188 -0.249001
v 0.631386 -0.902188 -0.249001
v 0.631386 -0.879549 -0.246020
v 0.579951 -0.860380 -0.261954
v 0.579951 -0.879549 -0.259431
v 0.593247 -0.856909 -0.249001
v 0.579951 -0.879549 -0.259431
v 0.593247 -0.879549 -0.246020
v 0.593247 -0.856909 -0.249001
v 0.579951 -0.842517 -0.269353
v 0.579951 -0.860380 -0.261954
v 0.593247 -0.835812 -0.257739
v 0.579951 -0.860380 -0.261954
v 0.593247 -0.856909 -0.249001
v 0.593247 -0.835812 -0.257739
v 0.579951 -0.827178 -0.281123
v 0.579951 -0.842517 -0.269353
v 0.593247 -0.817695 -0.271640
v 0.579951 -0.842517 -0.269353
v 0.593247 -0.835812 -0.257739
v 0.593247 -0.817695 -0.271640
v 0.579951 -0.815408 -0.296462
v 0.579951 -0.827178 -0.281123
v 0.593247 -0.803794 -0.289757
v 0.579951 -0.827178 -0.281123
v 0.593247 -0.817695 -0.271640
v 0.593247 -0.803794 -0.289757
v 0.579951 -0.808009 -0.314325
v 0.579951 -0.815408 -0.296462
v 0.593247 -0.795056 -0.310854
v 0.579951 -0.815408 -0.296462
v 0.593247 -0.803794 -0.289757
v 0.593247 -0.795056 -0.310854
v 0.579951 -0.805486 -0.333494
v 0.579951 -0.808009 -0.314325
v 0.593247 -0.792075 -0.333494
v 0.579951 -0.808009 -0.314325
v 0.593247 -0.795056 -0.310854
v 0.593247 -0.792075 -0.333494
v 0.579951 -0.808009 -0.352663
v 0.579951 -0.805486 -0.333494
v 0.593247 -0.795056 -0.356134
v 0.579951 -0.805486 -0.333494
v 0.593247 -0.792075 -0.333494
v 0.593247 -0.795056 -0.356134
v 0.579951 -0.815408 -0.370525
v 0.579951 -0.808009 -0.352663
v 0.593247 -0.803794 -0.377231
v 0.579951 -0.808009 -0.352663
v 0.593247 -0.795056 -0.356134
v 0.593247 -0.803794 -0.377231
v 0.579951 -0.827178 -0.385864
v 0.579951 -0.815408 -0.370525
v 0.593247 -0.817695 -0.395347
v 0.579951 -0.815408 -0.370525
v 0.593247 -0.803794 -0.377231
v 0.593247 -0.817695 -0.395347
v 0.579951 -0.842517 -0.397634
v 0.579951 -0.827178 -0.385864
v 0.593247 -0.835812 -0.409248
v 0.579951 -0.827178 -0.385864
v 0.593247 -0.817695 -0.395347
v 0.593247 -0.835812 -0.409248
v 0.579951 -0.860380 -0.405033
v 0.579951 -0.842517 -0.397634
v 0.593247 -0.856909 -0.417987
v 0.579951 -0.842517 -0.397634
v 0.593247 -0.835812 -0.409248
v 0.593247 -0.856909 -0.417987
v 0.579951 -0.879549 -0.407557
v 0.579951 -0.860380 -0.405033
v 0.593247 -0.879549 -0.420967
v 0.579951 -0.860380 -0.405033
v 0.593247 -0.856909 -0.417987
v 0.593247 -0.879549 -0.420967
v 0.579951 -0.898718 -0.405033
v 0.579951 -0.879549 -0.407557
v 0.593247 -0.902188 -0.417987
v 0.579951 -0.879549 -0.407557
v 0.593247 -0.879549 -0.420967
v 0.593247 -0.902188 -0.417987
v 0.579951 -0.916580 -0.397634
v 0.579951 -0.898718 -0.405033
v 0.593247 -0.923285 -0.409248
v 0.579951 -0.898718 -0.405033
v 0.593247 -0.902188 -0.417987
v 0.593247 -0.923285 -0.409248
v 0.579951 -0.931919 -0.385864
v 0.579951 -0.916580 -0.397634
v 0.593247 -0.941402 -0.395347
v 0.579951 -0.916580 -0.397634
v 0.593247 -0.923285 -0.409248
v 0.593247 -0.941402 -0.395347
v 0.579951 -0.943689 -0.370525
v 0.579951 -0.931919 -0.385864
v 0.593247 -0.955303 -0.377231
v 0.579951 -0.931919 -0.385864
v 0.593247 -0.941402 -0.395347
v 0.593247 -0.955303 -0.377231
v 0.579951 -0.951088 -0.352663
v 0.579951 -0.943689 -0.370525
v 0.593247 -0.964042 -0.356134
v 0.579951 -0.943689 -0.370525
v 0.593247 -0.955303 -0.377231
v 0.593247 -0.964042 -0.356134
v 0.579951 -0.953612 -0.333494
v 0.579951 -0.951088 -0.352663
v 0.593247 -0.967022 -0.333494
v 0.579951 -0.951088 -0.352663
v 0.593247 -0.964042 -0.356134
v 0.593247 -0.967022 -0.333494
v 0.579951 -0.951088 -0.314325
v 0.579951 -0.953612 -0.333494
v 0.593247 -0.964042 -0.310854
v 0.579951 -0.953612 -0.333494
v 0.593247 -0.967022 -0.333494
v 0.593247 -0.964042 -0.310854
v 0.579951 -0.943689 -0.296462
v 0.579951 -0.951088 -0.314325
v 0.593247 -0.955303 -0.289757
v 0.579951 -0.951088 -0.314325
v 0.593247 -0.964042 -0.310854
v 0.593247 -0.955303 -0.289757
v 0.579951 -0.931919 -0.281123
v 0.579951 -0.943689 -0.296462
v 0.593247 -0.941402 -0.271640
v 0.579951 -0.943689 -0.296462
v 0.593247 -0.955303 -0.289757
v 0.593247 -0.941402 -0.271640
v 0.579951 -0.916580 -0.269353
v 0.579951 -0.931919 -0.281123
v 0.593247 -0.923285 -0.257739
v 0.579951 -0.931919 -0.281123
v 0.593247 -0.941402 -0.271640
v 0.593247 -0.923285 -0.257739
v 0.579951 -0.898718 -0.261954
v 0.579951 -0.916580 -0.269353
v 0.593247 -0.902188 -0.249001
v 0.579951 -0.916580 -0.269353
v 0.593247 -0.923285 -0.257739
v 0.593247 -0.902188 -0.249001
v 0.579951 -0.879549 -0.259431
v 0.579951 -0.898718 -0.261954
v 0.593247 -0.879549 -0.246020
v 0.579951 -0.898718 -0.261954
v 0.593247 -0.902188 -0.249001
v 0.593247 -0.879549 -0.246020
v 0.644682 -0.898718 -0.261954
v 0.644682 -0.879549 -0.259431
v 0.631386 -0.902188 -0.249001
v 0.644682 -0.879549 -0.259431
v 0.631386 -0.879549 -0.246020
v 0.631386 -0.902188 -0.249001
v 0.644682 -0.916580 -0.269353
v 0.644682 -0.898718 -0.261954
v 0.631386 -0.923285 -0.257739
v 0.644682 -0.898718 -0.261954
v 0.631386 -0.902188 -0.249001
v 0.631386 -0.923285 -0.257739
v 0.644682 -0.931919 -0.281123
v 0.644682 -0.916580 -0.269353
v 0.631386 -0.941402 -0.271640
v 0.644682 -0.916580 -0.269353
v 0.631386 -0.923285 -0.257739
v 0.631386 -0.941402 -0.271640
v 0.644682 -0.943689 -0.296462
v 0.644682 -0.931919 -0.281123
v 0.631386 -0.955303 -0.289757
v 0.644682 -0.931919 -0.281123
v 0.631386 -0.941402 -0.271640
v 0.631386 -0.955303 -0.289757
v 0.644682 -0.951088 -0.314325
v 0.644682 -0.943689 -0.296462
v 0.631386 -0.964042 -0.310854
v 0.644682 -0.943689 -0.296462
v 0.631386 -0.955303 -0.289757
v 0.631386 -0.964042 -0.310854
v 0.644682 -0.953612 -0.333494
v 0.644682 -0.951088 -0.314325
v 0.631386 -0.967022 -0.333494
v 0.644682 -0.951088 -0.314325
v 0.631386 -0.964042 -0.310854
v 0.631386 -0.967022 -0.333494
v 0.644682 -0.951088 -0.352663
v 0.644682 -0.953612 -0.333494
v 0.631386 -0.964042 -0.356134
v 0.644682 -0.953612 -0.333494
v 0.631386 -0.967022 -0.333494
v 0.631386 -0.964042 -0.356134
v 0.644682 -0.943689 -0.370525
v 0.644682 -0.951088 -0.352663
v 0.631386 -0.955303 -0.377231
v 0.644682 -0.951088 -0.352663
v 0.631386 -0.964042 -0.356134
v 0.631386 -0.955303 -0.377231
v 0.644682 -0.931919 -0.385864
v 0.644682 -0.943689 -0.370525
v 0.631386 -0.941402 -0.395347
v 0.644682 -0.943689 -0.370525
v 0.631386 -0.955303 -0.377231
v 0.631386 -0.941402 -0.395347
v 0.644682 -0.916580 -0.397634
v 0.644682 -0.931919 -0.385864
v 0.631386 -0.923285 -0.409248
v 0.644682 -0.931919 -0.385864
v 0.631386 -0.941402 -0.395347
v 0.631386 -0.923285 -0.409248
v 0.644682 -0.898718 -0.405033
v 0.644682 -0.916580 -0.397634
v 0.631386 -0.902188 -0.417987
v 0.644682 -0.916580 -0.397634
v 0.631386 -0.923285 -0.409248
v 0.631386 -0.902188 -0.417987
v 0.644682 -0.879549 -0.407557
v 0.644682 -0.898718 -0.405033
v 0.631386 -0.879549 -0.420967
v 0.644682 -0.898718 -0.405033
v 0.631386 -0.902188 -0.417987
v 0.631386 -0.879549 -0.420967
v 0.644682 -0.860380 -0.405033
v 0.644682 -0.879549 -0.407557
v 0.631386 -0.856909 -0.417987
v 0.644682 -0.879549 -0.407557
v 0.631386 -0.879549 -0.420967
v 0.631386 -0.856909 -0.417987
v 0.644682 -0.842517 -0.397634
v 0.644682 -0.860380 -0.405033
v 0.631386 -0.835812 -0.409248
v 0.644682 -0.860380 -0.405033
v 0.631386 -0.856909 -0.417987
v 0.631386 -0.835812 -0.409248
v 0.644682 -0.827178 -0.385864
v 0.644682 -0.842517 -0.397634
v 0.631386 -0.817695 -0.395347
v 0.644682 -0.842517 -0.397634
v 0.631386 -0.835812 -0.409248
v 0.631386 -0.817695 -0.395347
v 0.644682 -0.815408 -0.370525
v 0.644682 -0.827178 -0.385864
v 0.631386 -0.803794 -0.377231
v 0.644682 -0.827178 -0.385864
v 0.631386 -0.817695 -0.395347
v 0.631386 -0.803794 -0.377231
v 0.644682 -0.808009 -0.352663
v 0.644682 -0.815408 -0.370525
v 0.631386 -0.795056 -0.356134
v 0.644682 -0.815408 -0.370525
v 0.631386 -0.803794 -0.377231
v 0.631386 -0.795056 -0.356134
v 0.644682 -0.805486 -0.333494
v 0.644682 -0.808009 -0.352663
v 0.631386 -0.792075 -0.333494
v 0.644682 -0.808009 -0.352663
v 0.631386 -0.795056 -0.356134
v 0.631386 -0.792075 -0.333494
v 0.644682 -0.808009 -0.314325
v 0.644682 -0.805486 -0.333494
v 0.631386 -0.795056 -0.310854
v 0.644682 -0.805486 -0.333494
v 0.631386 -0.792075 -0.333494
v 0.631386 -0.795056 -0.310854
v 0.644682 -0.815408 -0.296462
v 0.644682 -0.808009 -0.314325
v 0.631386 -0.803794 -0.289757
v 0.644682 -0.808009 -0.314325
v 0.631386 -0.795056 -0.310854
v 0.631386 -0.803794 -0.289757
v 0.644682 -0.827178 -0.281123
v 0.644682 -0.815408 -0.296462
v 0.631386 -0.817695 -0.271640
v 0.644682 -0.815408 -0.296462
v 0.631386 -0.803794 -0.289757
v 0.631386 -0.817695 -0.271640
v 0.644682 -0.842517 -0.269353
v 0.644682 -0.827178 -0.281123
v 0.631386 -0.835812 -0.257739
v 0.644682 -0.827178 -0.281123
v 0.631386 -0.817695 -0.271640
v 0.631386 -0.835812 -0.257739
v 0.644682 -0.860380 -0.261954
v 0.644682 -0.842517 -0.269353
v 0.631386 -0.856909 -0.249001
v 0.644682 -0.842517 -0.269353
v 0.631386 -0.835812 -0.257739
v 0.631386 -0.856909 -0.249001
v 0.644682 -0.879549 -0.259431
v 0.644682 -0.860380 -0.261954
v 0.631386 -0.879549 -0.246020
v 0.644682 -0.860380 -0.261954
v 0.631386 -0.856909 -0.249001
v 0.631386 -0.879549 -0.246020
v 0.644682 -0.898718 -0.261954
v 0.644682 -0.916580 -0.269353
v 0.644682 -0.892525 -0.285067
v 0.644682 -0.916580 -0.269353
v 0.644682 -0.904616 -0.290075
v 0.644682 -0.892525 -0.285067
v 0.644682 -0.916580 -0.269353
v 0.644682 -0.931919 -0.281123
v 0.644682 -0.904616 -0.290075
v 0.644682 -0.931919 -0.281123
v 0.644682 -0.915000 -0.298043
v 0.644682 -0.904616 -0.290075
v 0.644682 -0.931919 -0.281123
v 0.644682 -0.943689 -0.296462
v 0.644682 -0.915000 -0.298043
v 0.644682 -0.943689 -0.296462
v 0.644682 -0.922967 -0.308426
v 0.644682 -0.915000 -0.298043
v 0.644682 -0.943689 -0.296462
v 0.644682 -0.951088 -0.314325
v 0.644682 -0.922967 -0.308426
v 0.644682 -0.951088 -0.314325
v 0.644682 -0.927976 -0.320518
v 0.644682 -0.922967 -0.308426
v 0.644682 -0.951088 -0.314325
v 0.644682 -0.953612 -0.333494
v 0.644682 -0.927976 -0.320518
v 0.644682 -0.953612 -0.333494
v 0.644682 -0.929684 -0.333494
v 0.644682 -0.927976 -0.320518
v 0.644682 -0.953612 -0.333494
v 0.644682 -0.951088 -0.352663
v 0.644682 -0.929684 -0.333494
v 0.644682 -0.951088 -0.352663
v 0.644682 -0.927976 -0.346470
v 0.644682 -0.929684 -0.333494
v 0.644682 -0.951088 -0.352663
v 0.644682 -0.943689 -0.370525
v 0.644682 -0.927976 -0.346470
v 0.644682 -0.943689 -0.370525
v 0.644682 -0.922967 -0.358561
v 0.644682 -0.927976 -0.346470
v 0.644682 -0.943689 -0.370525
v 0.644682 -0.931919 -0.385864
v 0.644682 -0.922967 -0.358561
v 0.644682 -0.931919 -0.385864
v 0.644682 -0.915000 -0.368945
v 0.644682 -0.922967 -0.358561
v 0.644682 -0.931919 -0.385864
v 0.644682 -0.916580 -0.397634
v 0.644682 -0.915000 -0.368945
v 0.644682 -0.916580 -0.397634
v 0.644682 -0.904616 -0.376912
v 0.644682 -0.915000 -0.368945
v 0.644682 -0.916580 -0.397634
v 0.644682 -0.898718 -0.405033
v 0.644682 -0.904616 -0.376912
v 0.644682 -0.898718 -0.405033
v 0.644682 -0.892525 -0.381921
v 0.644682 -0.904616 -0.376912
v 0.644682 -0.898718 -0.405033
v 0.644682 -0.879549 -0.407557
v 0.644682 -0.892525 -0.381921
v 0.644682 -0.879549 -0.407557
v 0.644682 -0.879549 -0.383629
v 0.644682 -0.892525 -0.381921
v 0.644682 -0.879549 -0.407557
v 0.644682 -0.860380 -0.405033
v 0.644682 -0.879549 -0.383629
v 0.644682 -0.860380 -0.405033
v 0.644682 -0.866573 -0.381921
v 0.644682 -0.879549 -0.383629
v 0.644682 -0.860380 -0.405033
v 0.644682 -0.842517 -0.397634
v 0.644682 -0.866573 -0.381921
v 0.644682 -0.842517 -0.397634
v 0.644682 -0.854481 -0.376912
v 0.644682 -0.866573 -0.381921
v 0.644682 -0.842517 -0.397634
v 0.644682 -0.827178 -0.385864
v 0.644682 -0.854481 -0.376912
v 0.644682 -0.827178 -0.385864
v 0.644682 -0.844098 -0.368945
v 0.644682 -0.854481 -0.376912
v 0.644682 -0.827178 -0.385864
v 0.644682 -0.815408 -0.370525
v 0.644682 -0.844098 -0.368945
v 0.644682 -0.815408 -0.370525
v 0.644682 -0.836130 -0.358561
v 0.644682 -0.844098 -0.368945
v 0.644682 -0.815408 -0.370525
v 0.644682 -0.808009 -0.352663
v 0.644682 -0.836130 -0.358561
v 0.644682 -0.808009 -0.352663
v 0.644682 -0.831122 -0.346470
v 0.644682 -0.836130 -0.358561
v 0.644682 -0.808009 -0.352663
v 0.644682 -0.805486 -0.333494
v 0.644682 -0.831122 -0.346470
v 0.644682 -0.805486 -0.333494
v 0.644682 -0.829413 -0.333494
v 0.644682 -0.831122 -0.346470
v 0.644682 -0.805486 -0.333494
v 0.644682 -0.808009 -0.314325
v 0.644682 -0.829413 -0.333494
v 0.644682 -0.808009 -0.314325
v 0.644682 -0.831122 -0.320518
v 0.644682 -0.829413 -0.333494
v 0.644682 -0.808009 -0.314325
v 0.644682 -0.815408 -0.296462
v 0.644682 -0.831122 -0.320518
v 0.644682 -0.815408 -0.296462
v 0.644682 -0.836130 -0.308426
v 0.644682 -0.831122 -0.320518
v 0.644682 -0.815408 -0.296462
v 0.644682 -0.827178 -0.281123
v 0.644682 -0.836130 -0.308426
v 0.644682 -0.827178 -0.281123
v 0.644682 -0.844098 -0.298043
v 0.644682 -0.836130 -0.308426
v 0.644682 -0.827178 -0.281123
v 0.644682 -0.842517 -0.269353
v 0.644682 -0.844098 -0.298043
v 0.644682 -0.842517 -0.269353
v 0.644682 -0.854481 -0.290075
v 0.644682 -0.844098 -0.298043
v 0.644682 -0.842517 -0.269353
v 0.644682 -0.860380 -0.261954
v 0.644682 -0.854481 -0.290075
v 0.644682 -0.860380 -0.261954
v 0.644682 -0.866573 -0.285067
v 0.644682 -0.854481 -0.290075
v 0.644682 -0.860380 -0.261954
v 0.644682 -0.879549 -0.259431
v 0.644682 -0.866573 -0.285067
v 0.644682 -0.879549 -0.259431
v 0.644682 -0.879549 -0.283358
v 0.644682 -0.866573 -0.285067
v 0.644682 -0.879549 -0.259431
v 0.644682 -0.898718 -0.261954
v 0.644682 -0.879549 -0.283358
v 0.644682 -0.898718 -0.261954
v 0.644682 -0.892525 -0.285067
v 0.644682 -0.879549 -0.283358
v 0.579951 -0.860380 -0.261954
v 0.579951 -0.842517 -0.269353
v 0.579951 -0.866573 -0.285067
v 0.579951 -0.842517 -0.269353
v 0.579951 -0.854481 -0.290075
v 0.579951 -0.866573 -0.285067
v 0.579951 -0.842517 -0.269353
v 0.579951 -0.827178 -0.281123
v 0.579951 -0.854481 -0.290075
v 0.579951 -0.827178 -0.281123
v 0.579951 -0.844098 -0.298043
v 0.579951 -0.854481 -0.290075
v 0.579951 -0.827178 -0.281123
v 0.579951 -0.815408 -0.296462
v 0.579951 -0.844098 -0.298043
v 0.579951 -0.815408 -0.296462
v 0.579951 -0.836130 -0.308426
v 0.579951 -0.844098 -0.298043
v 0.579951 -0.815408 -0.296462
v 0.579951 -0.808009 -0.314325
v 0.579951 -0.836130 -0.308426
v 0.579951 -0.808009 -0.314325
v 0.579951 -0.831122 -0.320518
v 0.579951 -0.836130 -0.308426
v 0.579951 -0.808009 -0.314325
v 0.579951 -0.805486 -0.333494
v 0.579951 -0.831122 -0.320518
v 0.579951 -0.805486 -0.333494
v 0.579951 -0.829413 -0.333494
v 0.579951 -0.831122 -0.320518
v 0.579951 -0.805486 -0.333494
v 0.579951 -0.808009 -0.352663
v 0.579951 -0.829413 -0.333494
v 0.579951 -0.808009 -0.352663
v 0.579951 -0.831122 -0.346470
v 0.579951 -0.829413 -0.333494
v 0.579951 -0.808009 -0.352663
v 0.579951 -0.815408 -0.370525
v 0.579951 -0.831122 -0.346470
v 0.579951 -0.815408 -0.370525
v 0.579951 -0.836130 -0.358561
v 0.579951 -0.831122 -0.346470
v 0.579951 -0.815408 -0.370525
v 0.579951 -0.827178 -0.385864
v 0.579951 -0.836130 -0.358561
v 0.579951 -0.827178 -0.385864
v 0.579951 -0.844098 -0.368945
v 0.579951 -0.836130 -0.358561
v 0.579951 -0.827178 -0.385864
v 0.579951 -0.842517 -0.397634
v 0.579951 -0.844098 -0.368945
v 0.579951 -0.842517 -0.397634
v 0.579951 -0.854481 -0.376912
v 0.579951 -0.844098 -0.368945
v 0.579951 -0.842517 -0.397634
v 0.579951 -0.860380 -0.405033
v 0.579951 -0.854481 -0.376912
v 0.579951 -0.860380 -0.405033
v 0.579951 -0.866573 -0.381921
v 0.579951 -0.854481 -0.376912
v 0.579951 -0.860380 -0.405033
v 0.579951 -0.879549 -0.407557
v 0.579951 -0.866573 -0.381921
v 0.579951 -0.879549 -0.407557
v 0.579951 -0.879549 -0.383629
v 0.579951 -0.866573 -0.381921
v 0.579951 -0.879549 -0.407557
v 0.579951 -0.898718 -0.405033
v 0.579951 -0.879549 -0.383629
v 0.579951 -0.898718 -0.405033
v 0.579951 -0.892525 -0.381921
v 0.579951 -0.879549 -0.383629
v 0.579951 -0.898718 -0.405033
v 0.579951 -0.916580 -0.397634
v 0.579951 -0.892525 -0.381921
v 0.579951 -0.916580 -0.397634
v 0.579951 -0.904616 -0.376912
v 0.579951 -0.892525 -0.381921
v 0.579951 -0.916580 -0.397634
v 0.579951 -0.931919 -0.385864
v 0.579951 -0.904616 -0.376912
v 0.579951 -0.931919 -0.385864
v 0.579951 -0.915000 -0.368945
v 0.579951 -0.904616 -0.376912
v 0.579951 -0.931919 -0.385864
v 0.579951 -0.943689 -0.370525
v 0.579951 -0.915000 -0.368945
v 0.579951 -0.943689 -0.370525
v 0.579951 -0.922967 -0.358561
v 0.579951 -0.915000 -0.368945
v 0.579951 -0.943689 -0.370525
v 0.579951 -0.951088 -0.352663
v 0.579951 -0.922967 -0.358561
v 0.579951 -0.951088 -0.352663
v 0.579951 -0.927976 -0.346470
v 0.579951 -0.922967 -0.358561
v 0.579951 -0.951088 -0.352663
v 0.579951 -0.953612 -0.333494
v 0.579951 -0.927976 -0.346470
v 0.579951 -0.953612 -0.333494
v 0.579951 -0.929684 -0.333494
v 0.579951 -0.927976 -0.346470
v 0.579951 -0.953612 -0.333494
v 0.579951 -0.951088 -0.314325
v 0.579951 -0.929684 -0.333494
v 0.579951 -0.951088 -0.314325
v 0.579951 -0.927976 -0.320518
v 0.579951 -0.929684 -0.333494
v 0.579951 -0.951088 -0.314325
v 0.579951 -0.943689 -0.296462
v 0.579951 -0.927976 -0.320518
v 0.579951 -0.943689 -0.296462
v 0.579951 -0.922967 -0.308426
v 0.579951 -0.927976 -0.320518
v 0.579951 -0.943689 -0.296462
v 0.579951 -0.931919 -0.281123
v 0.579951 -0.922967 -0.308426
v 0.579951 -0.931919 -0.281123
v 0.579951 -0.915000 -0.298043
v 0.579951 -0.922967 -0.308426
v 0.579951 -0.931919 -0.281123
v 0.579951 -0.916580 -0.269353
v 0.579951 -0.915000 -0.298043
v 0.579951 -0.916580 -0.269353
v 0.579951 -0.904616 -0.290075
v 0.579951 -0.915000 -0.298043
v 0.579951 -0.916580 -0.269353
v 0.579951 -0.898718 -0.261954
v 0.579951 -0.904616 -0.290075
v 0.579951 -0.898718 -0.261954
v 0.579951 -0.892525 -0.285067
v 0.579951 -0.904616 -0.290075
v 0.579951 -0.898718 -0.261954
v 0.579951 -0.879549 -0.259431
v 0.579951 -0.892525 -0.285067
v 0.579951 -0.879549 -0.259431
v 0.579951 -0.879549 -0.283358
v 0.579951 -0.892525 -0.285067
v 0.579951 -0.879549 -0.259431
v 0.579951 -0.860380 -0.261954
v 0.579951 -0.879549 -0.283358
v 0.579951 -0.860380 -0.261954
v 0.579951 -0.866573 -0.285067
v 0.579951 -0.879549 -0.283358
v 0.579951 -0.879549 -0.383629
v 0.579951 -0.892525 -0.381921
v 0.579951 -0.879549 -0.363937
v 0.579951 -0.892525 -0.381921
v 0.579951 -0.887428 -0.362899
v 0.579951 -0.879549 -0.363937
v 0.579951 -0.892525 -0.381921
v 0.579951 -0.904616 -0.376912
v 0.579951 -0.887428 -0.362899
v 0.579951 -0.904616 -0.376912
v 0.579951 -0.894770 -0.359858
v 0.579951 -0.887428 -0.362899
v 0.579951 -0.904616 -0.376912
v 0.579951 -0.915000 -0.368945
v 0.579951 -0.894770 -0.359858
v 0.579951 -0.915000 -0.368945
v 0.579951 -0.901075 -0.355020
v 0.579951 -0.894770 -0.359858
v 0.579951 -0.915000 -0.368945
v 0.579951 -0.922967 -0.358561
v 0.579951 -0.901075 -0.355020
v 0.579951 -0.922967 -0.358561
v 0.579951 -0.905913 -0.348715
v 0.579951 -0.901075 -0.355020
v 0.579951 -0.922967 -0.358561
v 0.579951 -0.927976 -0.346470
v 0.579951 -0.905913 -0.348715
v 0.579951 -0.927976 -0.346470
v 0.579951 -0.908954 -0.341373
v 0.579951 -0.905913 -0.348715
v 0.579951 -0.927976 -0.346470
v 0.579951 -0.929684 -0.333494
v 0.579951 -0.908954 -0.341373
v 0.579951 -0.929684 -0.333494
v 0.579951 -0.909991 -0.333494
v 0.579951 -0.908954 -0.341373
v 0.579951 -0.929684 -0.333494
v 0.579951 -0.927976 -0.320518
v 0.579951 -0.909991 -0.333494
v 0.579951 -0.927976 -0.320518
v 0.579951 -0.908954 -0.325615
v 0.579951 -0.909991 -0.333494
v 0.579951 -0.927976 -0.320518
v 0.579951 -0.922967 -0.308426
v 0.579951 -0.908954 -0.325615
v 0.579951 -0.922967 -0.308426
v 0.579951 -0.905913 -0.318272
v 0.579951 -0.908954 -0.325615
v 0.579951 -0.922967 -0.308426
v 0.579951 -0.915000 -0.298043
v 0.579951 -0.905913 -0.318272
v 0.579951 -0.915000 -0.298043
v 0.579951 -0.901075 -0.311967
v 0.579951 -0.905913 -0.318272
v 0.579951 -0.915000 -0.298043
v 0.579951 -0.904616 -0.290075
v 0.579951 -0.901075 -0.311967
v 0.579951 -0.904616 -0.290075
v 0.579951 -0.894770 -0.307129
v 0.579951 -0.901075 -0.311967
v 0.579951 -0.904616 -0.290075
v 0.579951 -0.892525 -0.285067
v 0.579951 -0.894770 -0.307129
v 0.579951 -0.892525 -0.285067
v 0.579951 -0.887428 -0.304088
v 0.579951 -0.894770 -0.307129
v 0.579951 -0.892525 -0.285067
v 0.579951 -0.879549 -0.283358
v 0.579951 -0.887428 -0.304088
v 0.579951 -0.879549 -0.283358
v 0.579951 -0.879549 -0.303051
v 0.579951 -0.887428 -0.304088
v 0.579951 -0.879549 -0.283358
v 0.579951 -0.866573 -0.285067
v 0.579951 -0.879549 -0.303051
v 0.579951 -0.866573 -0.285067
v 0.579951 -0.871669 -0.304088
v 0.579951 -0.879549 -0.303051
v 0.579951 -0.866573 -0.285067
v 0.579951 -0.854481 -0.290075
v 0.579951 -0.871669 -0.304088
v 0.579951 -0.854481 -0.290075
v 0.579951 -0.864327 -0.307129
v 0.579951 -0.871669 -0.304088
v 0.579951 -0.854481 -0.290075
v 0.579951 -0.844098 -0.298043
v 0.579951 -0.864327 -0.307129
v 0.579951 -0.844098 -0.298043
v 0.579951 -0.858022 -0.311967
v 0.579951 -0.864327 -0.307129
v 0.579951 -0.844098 -0.298043
v 0.579951 -0.836130 -0.308426
v 0.579951 -0.858022 -0.311967
v 0.579951 -0.836130 -0.308426
v 0.579951 -0.853184 -0.318272
v 0.579951 -0.858022 -0.311967
v 0.579951 -0.836130 -0.308426
v 0.579951 -0.831122 -0.320518
v 0.579951 -0.853184 -0.318272
v 0.579951 -0.831122 -0.320518
v 0.579951 -0.850143 -0.325615
v 0.579951 -0.853184 -0.318272
v 0.579951 -0.831122 -0.320518
v 0.579951 -0.829413 -0.333494
v 0.579951 -0.850143 -0.325615
v 0.579951 -0.829413 -0.333494
v 0.579951 -0.849106 -0.333494
v 0.579951 -0.850143 -0.325615
v 0.579951 -0.829413 -0.333494
v 0.579951 -0.831122 -0.346470
v 0.579951 -0.849106 -0.333494
v 0.579951 -0.831122 -0.346470
v 0.579951 -0.850143 -0.341373
v 0.579951 -0.849106 -0.333494
v 0.579951 -0.831122 -0.346470
v 0.579951 -0.836130 -0.358561
v 0.579951 -0.850143 -0.341373
v 0.579951 -0.836130 -0.358561
v 0.579951 -0.853184 -0.348715
v 0.579951 -0.850143 -0.341373
v 0.579951 -0.836130 -0.358561
v 0.579951 -0.844098 -0.368945
v 0.579951 -0.853184 -0.348715
v 0.579951 -0.844098 -0.368945
v 0.579951 -0.858022 -0.355020
v 0.579951 -0.853184 -0.348715
v 0.579951 -0.844098 -0.368945
v 0.579951 -0.854481 -0.376912
v 0.579951 -0.858022 -0.355020
v 0.579951 -0.854481 -0.376912
v 0.579951 -0.864327 -0.359858
v 0.579951 -0.858022 -0.355020
v 0.579951 -0.854481 -0.376912
v 0.579951 -0.866573 -0.381921
v 0.579951 -0.864327 -0.359858
v 0.579951 -0.866573 -0.381921
v 0.579951 -0.871669 -0.362899
v 0.579951 -0.864327 -0.359858
v 0.579951 -0.866573 -0.381921
v 0.579951 -0.879549 -0.383629
v 0.579951 -0.871669 -0.362899
v 0.579951 -0.879549 -0.383629
v 0.579951 -0.879549 -0.363937
v 0.579951 -0.871669 -0.362899
v 0.644682 -0.879549 -0.383629
v 0.644682 -0.866573 -0.381921
v 0.644682 -0.879549 -0.363937
v 0.644682 -0.866573 -0.381921
v 0.644682 -0.871669 -0.362899
v 0.644682 -0.879549 -0.363937
v 0.644682 -0.866573 -0.381921
v 0.644682 -0.854481 -0.376912
v 0.644682 -0.871669 -0.362899
v 0.644682 -0.854481 -0.376912
v 0.644682 -0.864327 -0.359858
v 0.644682 -0.871669 -0.362899
v 0.644682 -0.854481 -0.376912
v 0.644682 -0.844098 -0.368945
v 0.644682 -0.864327 -0.359858
v 0.644682 -0.844098 -0.368945
v 0.644682 -0.858022 -0.355020
v 0.644682 -0.864327 -0.359858
v 0.644682 -0.844098 -0.368945
v 0.644682 -0.836130 -0.358561
v 0.644682 -0.858022 -0.355020
v 0.644682 -0.836130 -0.358561
v 0.644682 -0.853184 -0.348715
v 0.644682 -0.858022 -0.355020
v 0.644682 -0.836130 -0.358561
v 0.644682 -0.831122 -0.346470
v 0.644682 -0.853184 -0.348715
v 0.644682 -0.831122 -0.346470
v 0.644682 -0.850143 -0.341373
v 0.644682 -0.853184 -0.348715
v 0.644682 -0.831122 -0.346470
v 0.644682 -0.829413 -0.333494
v 0.644682 -0.850143 -0.341373
v 0.644682 -0.829413 -0.333494
v 0.644682 -0.849106 -0.333494
v 0.644682 -0.850143 -0.341373
v 0.644682 -0.829413 -0.333494
v 0.644682 -0.831122 -0.320518
v 0.644682 -0.849106 -0.333494
v 0.644682 -0.831122 -0.320518
v 0.644682 -0.850143 -0.325615
v 0.644682 -0.849106 -0.333494
v 0.644682 -0.831122 -0.320518
v 0.644682 -0.836130 -0.308426
v 0.644682 -0.850143 -0.325615
v 0.644682 -0.836130 -0.308426
v 0.644682 -0.853184 -0.318272
v 0.644682 -0.850143 -0.325615
v 0.644682 -0.836130 -0.308426
v 0.644682 -0.844098 -0.298043
v 0.644682 -0.853184 -0.318272
v 0.644682 -0.844098 -0.298043
v 0.644682 -0.858022 -0.311967
v 0.644682 -0.853184 -0.318272
v 0.644682 -0.844098 -0.298043
v 0.644682 -0.854481 -0.290075
v 0.644682 -0.858022 -0.311967
v 0.644682 -0.854481 -0.290075
v 0.644682 -0.864327 -0.307129
v 0.644682 -0.858022 -0.311967
v 0.644682 -0.854481 -0.290075
v 0.644682 -0.866573 -0.285067
v 0.644682 -0.864327 -0.307129
v 0.644682 -0.866573 -0.285067
v 0.644682 -0.871669 -0.304088
v 0.644682 -0.864327 -0.307129
v 0.644682 -0.866573 -0.285067
v 0.644682 -0.879549 -0.283358
v 0.644682 -0.871669 -0.304088
v 0.644682 -0.879549 -0.283358
v 0.644682 -0.879549 -0.303051
v 0.644682 -0.871669 -0.304088
v 0.644682 -0.879549 -0.283358
v 0.644682 -0.892525 -0.285067
v 0.644682 -0.879549 -0.303051
v 0.644682 -0.892525 -0.285067
v 0.644682 -0.887428 -0.304088
v 0.644682 -0.879549 -0.303051
v 0.644682 -0.892525 -0.285067
v 0.644682 -0.904616 -0.290075
v 0.644682 -0.887428 -0.304088
v 0.644682 -0.904616 -0.290075
v 0.644682 -0.894770 -0.307129
v 0.644682 -0.887428 -0.304088
v 0.644682 -0.904616 -0.290075
v 0.644682 -0.915000 -0.298043
v 0.644682 -0.894770 -0.307129
v 0.644682 -0.915000 -0.298043
v 0.644682 -0.901075 -0.311967
v 0.644682 -0.894770 -0.307129
v 0.644682 -0.915000 -0.298043
v 0.644682 -0.922967 -0.308426
v 0.644682 -0.901075 -0.311967
v 0.644682 -0.922967 -0.308426
v 0.644682 -0.905913 -0.318272
v 0.644682 -0.901075 -0.311967
v 0.644682 -0.922967 -0.308426
v 0.644682 -0.927976 -0.320518
v 0.644682 -0.905913 -0.318272
v 0.644682 -0.927976 -0.320518
v 0.644682 -0.908954 -0.325615
v 0.644682 -0.905913 -0.318272
v 0.644682 -0.927976 -0.320518
v 0.644682 -0.929684 -0.333494
v 0.644682 -0.908954 -0.325615
v 0.644682 -0.929684 -0.333494
v 0.644682 -0.909991 -0.333494
v 0.644682 -0.908954 -0.325615
v 0.644682 -0.929684 -0.333494
v 0.644682 -0.927976 -0.346470
v 0.644682 -0.909991 -0.333494
v 0.644682 -0.927976 -0.346470
v 0.644682 -0.908954 -0.341373
v 0.644682 -0.909991 -0.333494
v 0.644682 -0.927976 -0.346470
v 0.644682 -0.922967 -0.358561
v 0.644682 -0.908954 -0.341373
v 0.644682 -0.922967 -0.358561
v 0.644682 -0.905913 -0.348715
v 0.644682 -0.908954 -0.341373
v 0.644682 -0.922967 -0.358561
v 0.644682 -0.915000 -0.368945
v 0.644682 -0.905913 -0.348715
v 0.644682 -0.915000 -0.368945
v 0.644682 -0.901075 -0.355020
v 0.644682 -0.905913 -0.348715
v 0.644682 -0.915000 -0.368945
v 0.644682 -0.904616 -0.376912
v 0.644682 -0.901075 -0.355020
v 0.644682 -0.904616 -0.376912
v 0.644682 -0.894770 -0.359858
v 0.644682 -0.901075 -0.355020
v 0.644682 -0.904616 -0.376912
v 0.644682 -0.892525 -0.381921
v 0.644682 -0.894770 -0.359858
v 0.644682 -0.892525 -0.381921
v 0.644682 -0.887428 -0.362899
v 0.644682 -0.894770 -0.359858
v 0.644682 -0.892525 -0.381921
v 0.644682 -0.879549 -0.383629
v 0.644682 -0.887428 -0.362899
v 0.644682 -0.879549 -0.383629
v 0.644682 -0.879549 -0.363937
v 0.644682 -0.887428 -0.362899
vt 0.402790 0.867347
vt 0.402790 0.862305
vt 0.427303 0.867347
vt 0.402790 0.862305
vt 0.427303 0.862305
vt 0.427303 0.867347
vt 0.402790 0.862305
vt 0.402790 0.857607
vt 0.427303 0.862305
vt 0.402790 0.857607
vt 0.427303 0.857607
vt 0.427303 0.862305
vt 0.402790 0.867347
vt 0.427303 0.867347
vt 0.427303 0.872389
vt 0.402790 0.872389
vt 0.402790 0.867347
vt 0.427303 0.872389
vt 0.402790 0.872389
vt 0.427303 0.872389
vt 0.427303 0.877087
vt 0.402790 0.877087
vt 0.402790 0.872389
vt 0.427303 0.877087
vt 0.664449 0.484692
vt 0.664449 0.457792
vt 0.659845 0.457793
vt 0.659845 0.484692
vt 0.664449 0.484692
vt 0.659845 0.457793
vt 0.664449 0.484692
vt 0.669034 0.484692
vt 0.664449 0.457792
vt 0.669034 0.484692
vt 0.669034 0.457793
vt 0.664449 0.457792
vt 0.659845 0.484692
vt 0.659845 0.457793
vt 0.655537 0.457794
vt 0.655537 0.484694
vt 0.659845 0.484692
vt 0.655537 0.457794
vt 0.669034 0.484692
vt 0.673288 0.484694
vt 0.669034 0.457793
vt 0.673288 0.484694
vt 0.673288 0.457795
vt 0.669034 0.457793
vt 0.581995 0.089094
vt 0.557483 0.089094
vt 0.557483 0.094126
vt 0.581994 0.094126
vt 0.581995 0.089094
vt 0.557483 0.094126
vt 0.581994 0.094126
vt 0.557483 0.094126
vt 0.557481 0.098794
vt 0.581993 0.098794
vt 0.581994 0.094126
vt 0.557481 0.098794
vt 0.581995 0.089094
vt 0.581994 0.084042
vt 0.557483 0.089094
vt 0.581994 0.084042
vt 0.557483 0.084042
vt 0.557483 0.089094
vt 0.581994 0.084042
vt 0.581993 0.079314
vt 0.557483 0.084042
vt 0.581993 0.079314
vt 0.557481 0.079314
vt 0.557483 0.084042
vt 0.465338 0.159561
vt 0.465338 0.163493
vt 0.478012 0.163493
vt 0.465338 0.159561
vt 0.452663 0.159561
vt 0.465338 0.163493
vt 0.452663 0.159561
vt 0.452663 0.163493
vt 0.465338 0.163493
vt 0.478013 0.159561
vt 0.465338 0.159561
vt 0.478012 0.163493
vt 0.465341 0.155845
vt 0.465338 0.159561
vt 0.478013 0.159561
vt 0.478016 0.155845
vt 0.465341 0.155845
vt 0.478013 0.159561
vt 0.465341 0.155845
vt 0.452666 0.155845
vt 0.465338 0.159561
vt 0.452666 0.155845
vt 0.452663 0.159561
vt 0.465338 0.159561
vt 0.452670 0.152597
vt 0.452666 0.155845
vt 0.465341 0.155845
vt 0.465345 0.152597
vt 0.452670 0.152597
vt 0.465341 0.155845
vt 0.465345 0.152597
vt 0.465341 0.155845
vt 0.478016 0.155845
vt 0.478020 0.152597
vt 0.465345 0.152597
vt 0.478016 0.155845
vt 0.465338 0.163493
vt 0.452663 0.163493
vt 0.465339 0.167371
vt 0.452663 0.163493
vt 0.452664 0.167371
vt 0.465339 0.167371
vt 0.478012 0.163493
vt 0.465338 0.163493
vt 0.478014 0.167371
vt 0.465338 0.163493
vt 0.465339 0.167371
vt 0.478014 0.167371
vt 0.478014 0.167371
vt 0.465339 0.167371
vt 0.478017 0.170932
vt 0.465339 0.167371
vt 0.465342 0.170932
vt 0.478017 0.170932
vt 0.465339 0.167371
vt 0.452664 0.167371
vt 0.465342 0.170932
vt 0.452664 0.167371
vt 0.452667 0.170932
vt 0.465342 0.170932
vt 0.478017 0.170932
vt 0.465342 0.170932
vt 0.478022 0.173933
vt 0.465342 0.170932
vt 0.465347 0.173933
vt 0.478022 0.173933
vt 0.465342 0.170932
vt 0.452667 0.170932
vt 0.465347 0.173933
vt 0.452667 0.170932
vt 0.452672 0.173933
vt 0.465347 0.173933
vt 0.347629 0.931823
vt 0.347629 0.917914
vt 0.344047 0.931823
vt 0.347629 0.917914
vt 0.344047 0.917913
vt 0.344047 0.931823
vt 0.347629 0.945733
vt 0.347629 0.931823
vt 0.344047 0.945732
vt 0.347629 0.931823
vt 0.344047 0.931823
vt 0.344047 0.945732
vt 0.351163 0.917912
vt 0.347629 0.917914
vt 0.347629 0.931823
vt 0.351163 0.945731
vt 0.351163 0.931822
vt 0.347629 0.945733
vt 0.351163 0.931822
vt 0.347629 0.931823
vt 0.347629 0.945733
vt 0.351163 0.931822
vt 0.351163 0.917912
vt 0.347629 0.931823
vt 0.344047 0.945732
vt 0.344047 0.931823
vt 0.340660 0.945729
vt 0.344047 0.917913
vt 0.340660 0.917911
vt 0.340660 0.931820
vt 0.344047 0.931823
vt 0.344047 0.917913
vt 0.340660 0.931820
vt 0.344047 0.931823
vt 0.340660 0.931820
vt 0.340660 0.945729
vt 0.340660 0.945729
vt 0.340660 0.931820
vt 0.337701 0.945725
vt 0.340660 0.917911
vt 0.337701 0.917906
vt 0.337701 0.931815
vt 0.340660 0.931820
vt 0.340660 0.917911
vt 0.337701 0.931815
vt 0.340660 0.931820
vt 0.337701 0.931815
vt 0.337701 0.945725
vt 0.354408 0.931818
vt 0.351163 0.931822
vt 0.351163 0.945731
vt 0.354408 0.931818
vt 0.354408 0.917909
vt 0.351163 0.931822
vt 0.354408 0.917909
vt 0.351163 0.917912
vt 0.351163 0.931822
vt 0.354408 0.945728
vt 0.354408 0.931818
vt 0.351163 0.945731
vt 0.357143 0.931813
vt 0.354408 0.931818
vt 0.354408 0.945728
vt 0.357143 0.931813
vt 0.357143 0.917904
vt 0.354408 0.931818
vt 0.357143 0.917904
vt 0.354408 0.917909
vt 0.354408 0.931818
vt 0.357143 0.945722
vt 0.357143 0.931813
vt 0.354408 0.945728
vt 0.210270 0.027872
vt 0.211081 0.029454
vt 0.214042 0.026111
vt 0.211081 0.029454
vt 0.214462 0.027875
vt 0.214042 0.026111
vt 0.214042 0.026111
vt 0.214462 0.027875
vt 0.218090 0.025510
vt 0.214462 0.027875
vt 0.218090 0.027337
vt 0.218090 0.025510
vt 0.218090 0.025510
vt 0.218090 0.027337
vt 0.222137 0.026111
vt 0.218090 0.027337
vt 0.221718 0.027875
vt 0.222137 0.026111
vt 0.222137 0.026111
vt 0.221718 0.027875
vt 0.225909 0.027872
vt 0.221718 0.027875
vt 0.225098 0.029454
vt 0.225909 0.027872
vt 0.225909 0.027872
vt 0.225098 0.029454
vt 0.229147 0.030672
vt 0.225098 0.029454
vt 0.228001 0.031964
vt 0.229147 0.030672
vt 0.229147 0.030672
vt 0.228001 0.031964
vt 0.231633 0.034323
vt 0.228001 0.031964
vt 0.230229 0.035236
vt 0.231633 0.034323
vt 0.231633 0.034323
vt 0.230229 0.035236
vt 0.233195 0.038574
vt 0.230229 0.035236
vt 0.231629 0.039047
vt 0.233195 0.038574
vt 0.233195 0.038574
vt 0.231629 0.039047
vt 0.233728 0.043135
vt 0.231629 0.039047
vt 0.232107 0.043135
vt 0.233728 0.043135
vt 0.202451 0.043135
vt 0.204072 0.043135
vt 0.202984 0.038574
vt 0.204072 0.043135
vt 0.204550 0.039047
vt 0.202984 0.038574
vt 0.202984 0.038574
vt 0.204550 0.039047
vt 0.204546 0.034323
vt 0.204550 0.039047
vt 0.205950 0.035236
vt 0.204546 0.034323
vt 0.204546 0.034323
vt 0.205950 0.035236
vt 0.207032 0.030672
vt 0.205950 0.035236
vt 0.208178 0.031964
vt 0.207032 0.030672
vt 0.207032 0.030672
vt 0.208178 0.031964
vt 0.210270 0.027872
vt 0.208178 0.031964
vt 0.211081 0.029454
vt 0.210270 0.027872
vt 0.378698 0.963330
vt 0.382326 0.963868
vt 0.382746 0.962103
vt 0.382746 0.962103
vt 0.382326 0.963868
vt 0.386517 0.963864
vt 0.382326 0.963868
vt 0.385707 0.965446
vt 0.386517 0.963864
vt 0.386517 0.963864
vt 0.385707 0.965446
vt 0.389756 0.966665
vt 0.385707 0.965446
vt 0.388610 0.967957
vt 0.389756 0.966665
vt 0.389756 0.966665
vt 0.388610 0.967957
vt 0.392241 0.970316
vt 0.388610 0.967957
vt 0.390838 0.971229
vt 0.392241 0.970316
vt 0.392241 0.970316
vt 0.390838 0.971229
vt 0.393804 0.974566
vt 0.390838 0.971229
vt 0.392238 0.975039
vt 0.393804 0.974566
vt 0.393804 0.974566
vt 0.392238 0.975039
vt 0.394336 0.979128
vt 0.392238 0.975039
vt 0.392716 0.979128
vt 0.394336 0.979128
vt 0.375070 0.963868
vt 0.378698 0.963330
vt 0.378698 0.961503
vt 0.374651 0.962103
vt 0.375070 0.963868
vt 0.378698 0.961503
vt 0.371690 0.965446
vt 0.375070 0.963868
vt 0.374651 0.962103
vt 0.370879 0.963864
vt 0.371690 0.965446
vt 0.374651 0.962103
vt 0.368786 0.967957
vt 0.371690 0.965446
vt 0.370879 0.963864
vt 0.367640 0.966665
vt 0.368786 0.967957
vt 0.370879 0.963864
vt 0.366559 0.971229
vt 0.368786 0.967957
vt 0.367640 0.966665
vt 0.365155 0.970316
vt 0.366559 0.971229
vt 0.367640 0.966665
vt 0.365159 0.975039
vt 0.366559 0.971229
vt 0.365155 0.970316
vt 0.363593 0.974566
vt 0.365159 0.975039
vt 0.365155 0.970316
vt 0.364681 0.979128
vt 0.365159 0.975039
vt 0.363593 0.974566
vt 0.363060 0.979128
vt 0.364681 0.979128
vt 0.363593 0.974566
vt 0.378698 0.961503
vt 0.378698 0.963330
vt 0.382746 0.962103
vt 0.541420 0.042672
vt 0.542869 0.042675
vt 0.543511 0.047917
vt 0.542111 0.048314
vt 0.541420 0.042672
vt 0.543511 0.047917
vt 0.542111 0.048314
vt 0.543511 0.047917
vt 0.545393 0.052802
vt 0.544137 0.053572
vt 0.542111 0.048314
vt 0.545393 0.052802
vt 0.541420 0.042672
vt 0.542111 0.037030
vt 0.542869 0.042675
vt 0.542111 0.037030
vt 0.543511 0.037433
vt 0.542869 0.042675
vt 0.542111 0.037030
vt 0.544137 0.031772
vt 0.543511 0.037433
vt 0.544137 0.031772
vt 0.545393 0.032548
vt 0.543511 0.037433
vt 0.544137 0.031772
vt 0.547359 0.027257
vt 0.545393 0.032548
vt 0.547359 0.027257
vt 0.548387 0.028353
vt 0.545393 0.032548
vt 0.547359 0.027257
vt 0.551558 0.023793
vt 0.548387 0.028353
vt 0.551558 0.023793
vt 0.552289 0.025134
vt 0.548387 0.028353
vt 0.551558 0.023793
vt 0.556448 0.021615
vt 0.552289 0.025134
vt 0.556448 0.021615
vt 0.556832 0.023110
vt 0.552289 0.025134
vt 0.556448 0.021615
vt 0.561695 0.020872
vt 0.556832 0.023110
vt 0.561695 0.020872
vt 0.561707 0.022420
vt 0.556832 0.023110
vt 0.544137 0.053572
vt 0.545393 0.052802
vt 0.548387 0.056997
vt 0.547359 0.058087
vt 0.544137 0.053572
vt 0.548387 0.056997
vt 0.547359 0.058087
vt 0.548387 0.056997
vt 0.552289 0.060216
vt 0.551558 0.061551
vt 0.547359 0.058087
vt 0.552289 0.060216
vt 0.551558 0.061551
vt 0.552289 0.060216
vt 0.556832 0.062239
vt 0.556448 0.063729
vt 0.551558 0.061551
vt 0.556832 0.062239
vt 0.556448 0.063729
vt 0.556832 0.062239
vt 0.561707 0.062929
vt 0.561695 0.064471
vt 0.556448 0.063729
vt 0.561707 0.062929
vt 0.340656 0.143984
vt 0.335879 0.144688
vt 0.340659 0.142393
vt 0.335879 0.144688
vt 0.335518 0.143152
vt 0.340659 0.142393
vt 0.335879 0.144688
vt 0.331428 0.146753
vt 0.335518 0.143152
vt 0.331428 0.146753
vt 0.330727 0.145374
vt 0.335518 0.143152
vt 0.340656 0.143984
vt 0.340659 0.142393
vt 0.345800 0.143152
vt 0.345433 0.144688
vt 0.340656 0.143984
vt 0.345800 0.143152
vt 0.345433 0.144688
vt 0.345800 0.143152
vt 0.350591 0.145374
vt 0.349885 0.146753
vt 0.345433 0.144688
vt 0.350591 0.145374
vt 0.349885 0.146753
vt 0.350591 0.145374
vt 0.354706 0.148910
vt 0.353707 0.150039
vt 0.349885 0.146753
vt 0.354706 0.148910
vt 0.353707 0.150039
vt 0.354706 0.148910
vt 0.357862 0.153518
vt 0.356641 0.154320
vt 0.353707 0.150039
vt 0.357862 0.153518
vt 0.356641 0.154320
vt 0.357862 0.153518
vt 0.359847 0.158885
vt 0.358484 0.159306
vt 0.356641 0.154320
vt 0.359847 0.158885
vt 0.358484 0.159306
vt 0.359847 0.158885
vt 0.360524 0.164643
vt 0.359113 0.164657
vt 0.358484 0.159306
vt 0.360524 0.164643
vt 0.331428 0.146753
vt 0.327605 0.150039
vt 0.330727 0.145374
vt 0.327605 0.150039
vt 0.326613 0.148910
vt 0.330727 0.145374
vt 0.327605 0.150039
vt 0.324672 0.154320
vt 0.326613 0.148910
vt 0.324672 0.154320
vt 0.323456 0.153518
vt 0.326613 0.148910
vt 0.324672 0.154320
vt 0.322828 0.159306
vt 0.323456 0.153518
vt 0.322828 0.159306
vt 0.321471 0.158885
vt 0.323456 0.153518
vt 0.322828 0.159306
vt 0.322199 0.164657
vt 0.321471 0.158885
vt 0.322199 0.164657
vt 0.320795 0.164643
vt 0.321471 0.158885
vt 0.353343 0.867552
vt 0.357246 0.868130
vt 0.353339 0.865955
vt 0.357246 0.868130
vt 0.357606 0.866587
vt 0.353339 0.865955
vt 0.357246 0.868130
vt 0.360883 0.869824
vt 0.357606 0.866587
vt 0.360883 0.869824
vt 0.361581 0.868438
vt 0.357606 0.866587
vt 0.353343 0.867552
vt 0.353339 0.865955
vt 0.349073 0.866587
vt 0.349440 0.868130
vt 0.353343 0.867552
vt 0.349073 0.866587
vt 0.349440 0.868130
vt 0.349073 0.866587
vt 0.345098 0.868438
vt 0.345802 0.869824
vt 0.349440 0.868130
vt 0.345098 0.868438
vt 0.345802 0.869824
vt 0.345098 0.868438
vt 0.341684 0.871384
vt 0.342679 0.872518
vt 0.345802 0.869824
vt 0.341684 0.871384
vt 0.342679 0.872518
vt 0.341684 0.871384
vt 0.339064 0.875222
vt 0.340282 0.876030
vt 0.342679 0.872518
vt 0.339064 0.875222
vt 0.340282 0.876030
vt 0.339064 0.875222
vt 0.337417 0.879692
vt 0.338776 0.880120
vt 0.340282 0.876030
vt 0.337417 0.879692
vt 0.338776 0.880120
vt 0.337417 0.879692
vt 0.336855 0.884489
vt 0.338261 0.884508
vt 0.338776 0.880120
vt 0.336855 0.884489
vt 0.360883 0.869824
vt 0.364006 0.872518
vt 0.361581 0.868438
vt 0.364006 0.872518
vt 0.364995 0.871384
vt 0.361581 0.868438
vt 0.364006 0.872518
vt 0.366403 0.876030
vt 0.364995 0.871384
vt 0.366403 0.876030
vt 0.367614 0.875222
vt 0.364995 0.871384
vt 0.366403 0.876030
vt 0.367910 0.880120
vt 0.367614 0.875222
vt 0.367910 0.880120
vt 0.369261 0.879692
vt 0.367614 0.875222
vt 0.367910 0.880120
vt 0.368423 0.884508
vt 0.369261 0.879692
vt 0.368423 0.884508
vt 0.369822 0.884489
vt 0.369261 0.879692
vt 0.946932 0.435061
vt 0.947459 0.430777
vt 0.945478 0.435064
vt 0.947459 0.430777
vt 0.946053 0.430383
vt 0.945478 0.435064
vt 0.947459 0.430777
vt 0.949003 0.426786
vt 0.946053 0.430383
vt 0.949003 0.426786
vt 0.947740 0.426020
vt 0.946053 0.430383
vt 0.946932 0.435061
vt 0.945478 0.435064
vt 0.946053 0.439746
vt 0.947459 0.439344
vt 0.946932 0.435061
vt 0.946053 0.439746
vt 0.947459 0.439344
vt 0.946053 0.439746
vt 0.947740 0.444109
vt 0.949003 0.443336
vt 0.947459 0.439344
vt 0.947740 0.444109
vt 0.949003 0.443336
vt 0.947740 0.444109
vt 0.950424 0.447855
vt 0.951458 0.446763
vt 0.949003 0.443336
vt 0.950424 0.447855
vt 0.951458 0.446763
vt 0.950424 0.447855
vt 0.953922 0.450730
vt 0.954658 0.449393
vt 0.951458 0.446763
vt 0.953922 0.450730
vt 0.954658 0.449393
vt 0.953922 0.450730
vt 0.957995 0.452537
vt 0.958385 0.451047
vt 0.954658 0.449393
vt 0.957995 0.452537
vt 0.958385 0.451047
vt 0.957995 0.452537
vt 0.962366 0.453154
vt 0.962384 0.451611
vt 0.958385 0.451047
vt 0.962366 0.453154
vt 0.949003 0.426786
vt 0.951458 0.423358
vt 0.947740 0.426020
vt 0.951458 0.423358
vt 0.950424 0.422274
vt 0.947740 0.426020
vt 0.951458 0.423358
vt 0.954658 0.420728
vt 0.950424 0.422274
vt 0.954658 0.420728
vt 0.953922 0.419399
vt 0.950424 0.422274
vt 0.954658 0.420728
vt 0.958385 0.419075
vt 0.953922 0.419399
vt 0.958385 0.419075
vt 0.957995 0.417592
vt 0.953922 0.419399
vt 0.958385 0.419075
vt 0.962384 0.418511
vt 0.957995 0.417592
vt 0.962384 0.418511
vt 0.962366 0.416976
vt 0.957995 0.417592
vt 0.424245 0.924816
vt 0.425423 0.924991
vt 0.423068 0.924991
vt 0.425423 0.924991
vt 0.426520 0.925505
vt 0.423068 0.924991
vt 0.426520 0.925505
vt 0.427463 0.926323
vt 0.423068 0.924991
vt 0.427463 0.926323
vt 0.428186 0.927389
vt 0.423068 0.924991
vt 0.428186 0.927389
vt 0.428640 0.928631
vt 0.423068 0.924991
vt 0.428640 0.928631
vt 0.428795 0.929963
vt 0.423068 0.924991
vt 0.428795 0.929963
vt 0.428640 0.931295
vt 0.423068 0.924991
vt 0.428640 0.931295
vt 0.428186 0.932537
vt 0.423068 0.924991
vt 0.428186 0.932537
vt 0.427463 0.933603
vt 0.423068 0.924991
vt 0.427463 0.933603
vt 0.426520 0.934421
vt 0.423068 0.924991
vt 0.426520 0.934421
vt 0.425423 0.934935
vt 0.423068 0.924991
vt 0.425423 0.934935
vt 0.424245 0.935110
vt 0.423068 0.924991
vt 0.424245 0.935110
vt 0.423068 0.934935
vt 0.423068 0.924991
vt 0.423068 0.934935
vt 0.421971 0.934421
vt 0.423068 0.924991
vt 0.421971 0.934421
vt 0.421028 0.933603
vt 0.423068 0.924991
vt 0.421028 0.933603
vt 0.420305 0.932537
vt 0.423068 0.924991
vt 0.420305 0.932537
vt 0.419851 0.931295
vt 0.423068 0.924991
vt 0.419851 0.931295
vt 0.419696 0.929963
vt 0.423068 0.924991
vt 0.419696 0.929963
vt 0.419851 0.928631
vt 0.423068 0.924991
vt 0.419851 0.928631
vt 0.420305 0.927389
vt 0.423068 0.924991
vt 0.420305 0.927389
vt 0.421028 0.926323
vt 0.423068 0.924991
vt 0.421028 0.926323
vt 0.421971 0.925505
vt 0.423068 0.924991
vt 0.428186 0.932537
vt 0.428640 0.931295
vt 0.447591 0.941095
vt 0.428640 0.931295
vt 0.447591 0.937133
vt 0.447591 0.941095
vt 0.428640 0.931295
vt 0.428795 0.929963
vt 0.447591 0.937133
vt 0.428795 0.929963
vt 0.447591 0.929963
vt 0.447591 0.937133
vt 0.428795 0.929963
vt 0.428640 0.928631
vt 0.447591 0.929963
vt 0.428640 0.928631
vt 0.447591 0.922793
vt 0.447591 0.929963
vt 0.428640 0.928631
vt 0.428186 0.927389
vt 0.447591 0.922793
vt 0.428186 0.927389
vt 0.447591 0.918831
vt 0.447591 0.922793
vt 0.431721 0.568182
vt 0.423922 0.589518
vt 0.427532 0.589518
vt 0.432852 0.568682
vt 0.431721 0.568182
vt 0.427532 0.589518
vt 0.432852 0.568682
vt 0.427532 0.589518
vt 0.434066 0.589518
vt 0.434066 0.568852
vt 0.432852 0.568682
vt 0.434066 0.589518
vt 0.434066 0.568852
vt 0.434066 0.589518
vt 0.440600 0.589518
vt 0.435280 0.568682
vt 0.434066 0.568852
vt 0.440600 0.589518
vt 0.435280 0.568682
vt 0.440600 0.589518
vt 0.444210 0.589518
vt 0.436411 0.568182
vt 0.435280 0.568682
vt 0.444210 0.589518
vt 0.066833 0.146604
vt 0.065702 0.146104
vt 0.061514 0.167440
vt 0.066833 0.146604
vt 0.061514 0.167440
vt 0.068047 0.167440
vt 0.068047 0.146774
vt 0.066833 0.146604
vt 0.068047 0.167440
vt 0.068047 0.146774
vt 0.068047 0.167440
vt 0.074581 0.167440
vt 0.069261 0.146604
vt 0.068047 0.146774
vt 0.074581 0.167440
vt 0.069261 0.146604
vt 0.074581 0.167440
vt 0.078191 0.167440
vt 0.070393 0.146104
vt 0.069261 0.146604
vt 0.078191 0.167440
vt 0.065702 0.146104
vt 0.057904 0.167440
vt 0.061514 0.167440
vt 0.288710 0.913475
vt 0.308115 0.904917
vt 0.308115 0.908878
vt 0.289165 0.914716
vt 0.288710 0.913475
vt 0.308115 0.908878
vt 0.289165 0.914716
vt 0.308115 0.908878
vt 0.308115 0.916048
vt 0.289319 0.916048
vt 0.289165 0.914716
vt 0.308115 0.916048
vt 0.289319 0.916048
vt 0.308115 0.916048
vt 0.308115 0.923218
vt 0.289165 0.917380
vt 0.289319 0.916048
vt 0.308115 0.923218
vt 0.289165 0.917380
vt 0.308115 0.923218
vt 0.308115 0.927180
vt 0.288710 0.918622
vt 0.289165 0.917380
vt 0.308115 0.927180
vt 0.289165 0.917380
vt 0.288710 0.918622
vt 0.285947 0.921020
vt 0.288710 0.918622
vt 0.287987 0.919688
vt 0.285947 0.921020
vt 0.287987 0.919688
vt 0.287045 0.920506
vt 0.285947 0.921020
vt 0.289319 0.916048
vt 0.289165 0.917380
vt 0.285947 0.921020
vt 0.289165 0.914716
vt 0.289319 0.916048
vt 0.285947 0.921020
vt 0.288710 0.913475
vt 0.289165 0.914716
vt 0.285947 0.921020
vt 0.287987 0.912408
vt 0.288710 0.913475
vt 0.285947 0.921020
vt 0.287045 0.911590
vt 0.287987 0.912408
vt 0.285947 0.921020
vt 0.285947 0.911076
vt 0.287045 0.911590
vt 0.285947 0.921020
vt 0.284770 0.910901
vt 0.285947 0.911076
vt 0.285947 0.921020
vt 0.283592 0.911076
vt 0.284770 0.910901
vt 0.285947 0.921020
vt 0.282495 0.911590
vt 0.283592 0.911076
vt 0.285947 0.921020
vt 0.281552 0.912408
vt 0.282495 0.911590
vt 0.285947 0.921020
vt 0.280829 0.913475
vt 0.281552 0.912408
vt 0.285947 0.921020
vt 0.280375 0.914716
vt 0.280829 0.913475
vt 0.285947 0.921020
vt 0.280220 0.916048
vt 0.280375 0.914716
vt 0.285947 0.921020
vt 0.280375 0.917380
vt 0.280220 0.916048
vt 0.285947 0.921020
vt 0.280829 0.918622
vt 0.280375 0.917380
vt 0.285947 0.921020
vt 0.281552 0.919688
vt 0.280829 0.918622
vt 0.285947 0.921020
vt 0.282495 0.920506
vt 0.281552 0.919688
vt 0.285947 0.921020
vt 0.283592 0.921020
vt 0.282495 0.920506
vt 0.285947 0.921020
vt 0.284770 0.921196
vt 0.283592 0.921020
vt 0.285947 0.921020
vt 0.446070 0.769112
vt 0.443347 0.770350
vt 0.443655 0.771611
vt 0.446070 0.769112
vt 0.445090 0.767251
vt 0.443347 0.770350
vt 0.445090 0.767251
vt 0.442752 0.769220
vt 0.443347 0.770350
vt 0.445090 0.767251
vt 0.443705 0.765731
vt 0.442752 0.769220
vt 0.443705 0.765731
vt 0.441911 0.768297
vt 0.442752 0.769220
vt 0.443705 0.765731
vt 0.442009 0.764656
vt 0.441911 0.768297
vt 0.442009 0.764656
vt 0.440881 0.767644
vt 0.441911 0.768297
vt 0.442009 0.764656
vt 0.440117 0.764100
vt 0.440881 0.767644
vt 0.440117 0.764100
vt 0.439732 0.767307
vt 0.440881 0.767644
vt 0.440117 0.764100
vt 0.438158 0.764100
vt 0.439732 0.767307
vt 0.438158 0.764100
vt 0.438543 0.767307
vt 0.439732 0.767307
vt 0.438158 0.764100
vt 0.436267 0.764656
vt 0.438543 0.767307
vt 0.436267 0.764656
vt 0.437394 0.767644
vt 0.438543 0.767307
vt 0.436267 0.764656
vt 0.434570 0.765731
vt 0.437394 0.767644
vt 0.434570 0.765731
vt 0.436364 0.768297
vt 0.437394 0.767644
vt 0.434570 0.765731
vt 0.433185 0.767251
vt 0.436364 0.768297
vt 0.433185 0.767251
vt 0.435523 0.769220
vt 0.436364 0.768297
vt 0.433185 0.767251
vt 0.432206 0.769112
vt 0.435523 0.769220
vt 0.432206 0.769112
vt 0.434929 0.770350
vt 0.435523 0.769220
vt 0.432206 0.769112
vt 0.431699 0.771189
vt 0.434929 0.770350
vt 0.431699 0.771189
vt 0.434621 0.771611
vt 0.434929 0.770350
vt 0.431699 0.771189
vt 0.431699 0.773338
vt 0.434621 0.771611
vt 0.431699 0.773338
vt 0.434621 0.772916
vt 0.434621 0.771611
vt 0.431699 0.773338
vt 0.432206 0.775414
vt 0.434621 0.772916
vt 0.432206 0.775414
vt 0.434929 0.774177
vt 0.434621 0.772916
vt 0.432206 0.775414
vt 0.433185 0.777276
vt 0.434929 0.774177
vt 0.433185 0.777276
vt 0.435523 0.775307
vt 0.434929 0.774177
vt 0.433185 0.777276
vt 0.434570 0.778796
vt 0.435523 0.775307
vt 0.434896 0.783501
vt 0.436267 0.779870
vt 0.434570 0.778796
vt 0.432390 0.781913
vt 0.434896 0.783501
vt 0.434570 0.778796
vt 0.432390 0.781913
vt 0.434570 0.778796
vt 0.433185 0.777276
vt 0.430344 0.779668
vt 0.432390 0.781913
vt 0.433185 0.777276
vt 0.430344 0.779668
vt 0.433185 0.777276
vt 0.432206 0.775414
vt 0.428898 0.776918
vt 0.430344 0.779668
vt 0.432206 0.775414
vt 0.428898 0.776918
vt 0.432206 0.775414
vt 0.431699 0.773338
vt 0.428149 0.773851
vt 0.428898 0.776918
vt 0.431699 0.773338
vt 0.428149 0.773851
vt 0.431699 0.773338
vt 0.431699 0.771189
vt 0.428149 0.770676
vt 0.428149 0.773851
vt 0.431699 0.771189
vt 0.428149 0.770676
vt 0.431699 0.771189
vt 0.432206 0.769112
vt 0.428898 0.767609
vt 0.428149 0.770676
vt 0.432206 0.769112
vt 0.428898 0.767609
vt 0.432206 0.769112
vt 0.433185 0.767251
vt 0.430344 0.764859
vt 0.428898 0.767609
vt 0.433185 0.767251
vt 0.430344 0.764859
vt 0.433185 0.767251
vt 0.434570 0.765731
vt 0.432390 0.762613
vt 0.430344 0.764859
vt 0.434570 0.765731
vt 0.432390 0.762613
vt 0.434570 0.765731
vt 0.436267 0.764656
vt 0.434896 0.761026
vt 0.432390 0.762613
vt 0.436267 0.764656
vt 0.434896 0.761026
vt 0.436267 0.764656
vt 0.438158 0.764100
vt 0.437691 0.760204
vt 0.434896 0.761026
vt 0.438158 0.764100
vt 0.437691 0.760204
vt 0.438158 0.764100
vt 0.440117 0.764100
vt 0.440585 0.760204
vt 0.437691 0.760204
vt 0.440117 0.764100
vt 0.440585 0.760204
vt 0.440117 0.764100
vt 0.442009 0.764656
vt 0.443379 0.761026
vt 0.440585 0.760204
vt 0.442009 0.764656
vt 0.443379 0.761026
vt 0.442009 0.764656
vt 0.443705 0.765731
vt 0.445885 0.762613
vt 0.443379 0.761026
vt 0.443705 0.765731
vt 0.445885 0.762613
vt 0.443705 0.765731
vt 0.445090 0.767251
vt 0.447931 0.764859
vt 0.445885 0.762613
vt 0.445090 0.767251
vt 0.447931 0.764859
vt 0.445090 0.767251
vt 0.446070 0.769112
vt 0.449378 0.767609
vt 0.447931 0.764859
vt 0.446070 0.769112
vt 0.449378 0.767609
vt 0.446070 0.769112
vt 0.446577 0.771189
vt 0.450127 0.770676
vt 0.449378 0.767609
vt 0.446577 0.771189
vt 0.450127 0.770676
vt 0.446577 0.771189
vt 0.446577 0.773338
vt 0.450127 0.773851
vt 0.450127 0.770676
vt 0.446577 0.773338
vt 0.450127 0.773851
vt 0.446577 0.773338
vt 0.446070 0.775414
vt 0.449378 0.776918
vt 0.450127 0.773851
vt 0.446070 0.775414
vt 0.449378 0.776918
vt 0.446070 0.775414
vt 0.445090 0.777276
vt 0.447931 0.779668
vt 0.449378 0.776918
vt 0.445090 0.777276
vt 0.447931 0.779668
vt 0.445090 0.777276
vt 0.443705 0.778796
vt 0.445885 0.781913
vt 0.447931 0.779668
vt 0.443705 0.778796
vt 0.445885 0.781913
vt 0.443705 0.778796
vt 0.442009 0.779870
vt 0.443379 0.783501
vt 0.445885 0.781913
vt 0.442009 0.779870
vt 0.443379 0.783501
vt 0.442009 0.779870
vt 0.440117 0.780427
vt 0.440584 0.784323
vt 0.443379 0.783501
vt 0.440117 0.780427
vt 0.440584 0.784323
vt 0.440117 0.780427
vt 0.438158 0.780427
vt 0.437691 0.784323
vt 0.440584 0.784323
vt 0.438158 0.780427
vt 0.437691 0.784323
vt 0.438158 0.780427
vt 0.436267 0.779870
vt 0.434896 0.783501
vt 0.437691 0.784323
vt 0.436267 0.779870
vt 0.436267 0.779870
vt 0.438158 0.780427
vt 0.437394 0.776883
vt 0.436267 0.779870
vt 0.437394 0.776883
vt 0.436364 0.776230
vt 0.434570 0.778796
vt 0.436267 0.779870
vt 0.436364 0.776230
vt 0.434570 0.778796
vt 0.436364 0.776230
vt 0.435523 0.775307
vt 0.438158 0.780427
vt 0.438543 0.777220
vt 0.437394 0.776883
vt 0.438158 0.780427
vt 0.440117 0.780427
vt 0.438543 0.777220
vt 0.440117 0.780427
vt 0.439732 0.777220
vt 0.438543 0.777220
vt 0.440117 0.780427
vt 0.442009 0.779870
vt 0.439732 0.777220
vt 0.442009 0.779870
vt 0.440881 0.776883
vt 0.439732 0.777220
vt 0.442009 0.779870
vt 0.443705 0.778796
vt 0.440881 0.776883
vt 0.443705 0.778796
vt 0.441911 0.776230
vt 0.440881 0.776883
vt 0.443705 0.778796
vt 0.445090 0.777276
vt 0.441911 0.776230
vt 0.445090 0.777276
vt 0.442752 0.775307
vt 0.441911 0.776230
vt 0.445090 0.777276
vt 0.446070 0.775414
vt 0.442752 0.775307
vt 0.446070 0.775414
vt 0.443347 0.774177
vt 0.442752 0.775307
vt 0.446070 0.775414
vt 0.446577 0.773338
vt 0.443347 0.774177
vt 0.446577 0.773338
vt 0.443655 0.772916
vt 0.443347 0.774177
vt 0.446577 0.773338
vt 0.446577 0.771189
vt 0.443655 0.772916
vt 0.446577 0.771189
vt 0.443655 0.771611
vt 0.443655 0.772916
vt 0.446577 0.771189
vt 0.446070 0.769112
vt 0.443655 0.771611
vt 0.211750 0.122253
vt 0.215300 0.122766
vt 0.215300 0.124915
vt 0.211750 0.122253
vt 0.212499 0.119186
vt 0.215300 0.122766
vt 0.212499 0.119186
vt 0.215807 0.120690
vt 0.215300 0.122766
vt 0.212499 0.119186
vt 0.213945 0.116436
vt 0.215807 0.120690
vt 0.213945 0.116436
vt 0.216786 0.118828
vt 0.215807 0.120690
vt 0.213945 0.116436
vt 0.215991 0.114191
vt 0.216786 0.118828
vt 0.215991 0.114191
vt 0.218171 0.117308
vt 0.216786 0.118828
vt 0.215991 0.114191
vt 0.218497 0.112603
vt 0.218171 0.117308
vt 0.218497 0.112603
vt 0.219868 0.116233
vt 0.218171 0.117308
vt 0.218497 0.112603
vt 0.221292 0.111781
vt 0.219868 0.116233
vt 0.221292 0.111781
vt 0.221759 0.115677
vt 0.219868 0.116233
vt 0.221292 0.111781
vt 0.224186 0.111781
vt 0.221759 0.115677
vt 0.224186 0.111781
vt 0.223718 0.115677
vt 0.221759 0.115677
vt 0.224186 0.111781
vt 0.226980 0.112603
vt 0.223718 0.115677
vt 0.226980 0.112603
vt 0.225610 0.116233
vt 0.223718 0.115677
vt 0.226980 0.112603
vt 0.229486 0.114191
vt 0.225610 0.116233
vt 0.229486 0.114191
vt 0.227306 0.117308
vt 0.225610 0.116233
vt 0.229486 0.114191
vt 0.231532 0.116436
vt 0.227306 0.117308
vt 0.231532 0.116436
vt 0.228691 0.118828
vt 0.227306 0.117308
vt 0.231532 0.116436
vt 0.232979 0.119186
vt 0.228691 0.118828
vt 0.232979 0.119186
vt 0.229671 0.120690
vt 0.228691 0.118828
vt 0.229671 0.120690
vt 0.230177 0.122766
vt 0.226948 0.121927
vt 0.229671 0.120690
vt 0.226948 0.121927
vt 0.226353 0.120797
vt 0.228691 0.118828
vt 0.229671 0.120690
vt 0.226353 0.120797
vt 0.228691 0.118828
vt 0.226353 0.120797
vt 0.225512 0.119874
vt 0.227306 0.117308
vt 0.228691 0.118828
vt 0.225512 0.119874
vt 0.227306 0.117308
vt 0.225512 0.119874
vt 0.224482 0.119221
vt 0.225610 0.116233
vt 0.227306 0.117308
vt 0.224482 0.119221
vt 0.225610 0.116233
vt 0.224482 0.119221
vt 0.223333 0.118884
vt 0.223718 0.115677
vt 0.225610 0.116233
vt 0.223333 0.118884
vt 0.223718 0.115677
vt 0.223333 0.118884
vt 0.222144 0.118884
vt 0.221759 0.115677
vt 0.223718 0.115677
vt 0.222144 0.118884
vt 0.221759 0.115677
vt 0.222144 0.118884
vt 0.220995 0.119221
vt 0.219868 0.116233
vt 0.221759 0.115677
vt 0.220995 0.119221
vt 0.219868 0.116233
vt 0.220995 0.119221
vt 0.219965 0.119874
vt 0.218171 0.117308
vt 0.219868 0.116233
vt 0.219965 0.119874
vt 0.218171 0.117308
vt 0.219965 0.119874
vt 0.219124 0.120797
vt 0.216786 0.118828
vt 0.218171 0.117308
vt 0.219124 0.120797
vt 0.216786 0.118828
vt 0.219124 0.120797
vt 0.218530 0.121927
vt 0.215807 0.120690
vt 0.216786 0.118828
vt 0.218530 0.121927
vt 0.215807 0.120690
vt 0.218530 0.121927
vt 0.218222 0.123188
vt 0.215300 0.122766
vt 0.215807 0.120690
vt 0.218222 0.123188
vt 0.215300 0.122766
vt 0.218222 0.123188
vt 0.218222 0.124493
vt 0.215300 0.124915
vt 0.215300 0.122766
vt 0.218222 0.124493
vt 0.215300 0.124915
vt 0.218222 0.124493
vt 0.218530 0.125754
vt 0.215807 0.126991
vt 0.215300 0.124915
vt 0.218530 0.125754
vt 0.215807 0.126991
vt 0.218530 0.125754
vt 0.219124 0.126884
vt 0.216786 0.128853
vt 0.215807 0.126991
vt 0.219124 0.126884
vt 0.216786 0.128853
vt 0.219124 0.126884
vt 0.219965 0.127807
vt 0.218171 0.130373
vt 0.216786 0.128853
vt 0.219965 0.127807
vt 0.218171 0.130373
vt 0.219965 0.127807
vt 0.220995 0.128460
vt 0.219867 0.131447
vt 0.218171 0.130373
vt 0.220995 0.128460
vt 0.219867 0.131447
vt 0.220995 0.128460
vt 0.222144 0.128797
vt 0.221759 0.132004
vt 0.219867 0.131447
vt 0.222144 0.128797
vt 0.221759 0.132004
vt 0.222144 0.128797
vt 0.223333 0.128797
vt 0.223718 0.132004
vt 0.221759 0.132004
vt 0.223333 0.128797
vt 0.223718 0.132004
vt 0.223333 0.128797
vt 0.224482 0.128460
vt 0.225610 0.131447
vt 0.223718 0.132004
vt 0.224482 0.128460
vt 0.225610 0.131447
vt 0.224482 0.128460
vt 0.225512 0.127807
vt 0.227306 0.130373
vt 0.225610 0.131447
vt 0.225512 0.127807
vt 0.227306 0.130373
vt 0.225512 0.127807
vt 0.226353 0.126884
vt 0.228691 0.128853
vt 0.227306 0.130373
vt 0.226353 0.126884
vt 0.228691 0.128853
vt 0.226353 0.126884
vt 0.226948 0.125754
vt 0.229671 0.126991
vt 0.228691 0.128853
vt 0.226948 0.125754
vt 0.229671 0.126991
vt 0.226948 0.125754
vt 0.227256 0.124493
vt 0.230178 0.124915
vt 0.229671 0.126991
vt 0.227256 0.124493
vt 0.230178 0.124915
vt 0.227256 0.124493
vt 0.227256 0.123188
vt 0.230177 0.122766
vt 0.230178 0.124915
vt 0.227256 0.123188
vt 0.230177 0.122766
vt 0.227256 0.123188
vt 0.226948 0.121927
vt 0.233728 0.125428
vt 0.230178 0.124915
vt 0.230177 0.122766
vt 0.233728 0.122253
vt 0.233728 0.125428
vt 0.230177 0.122766
vt 0.233728 0.122253
vt 0.230177 0.122766
vt 0.229671 0.120690
vt 0.232979 0.119186
vt 0.233728 0.122253
vt 0.229671 0.120690
vt 0.233728 0.125428
vt 0.232979 0.128495
vt 0.230178 0.124915
vt 0.232979 0.128495
vt 0.229671 0.126991
vt 0.230178 0.124915
vt 0.232979 0.128495
vt 0.231532 0.131245
vt 0.229671 0.126991
vt 0.231532 0.131245
vt 0.228691 0.128853
vt 0.229671 0.126991
vt 0.231532 0.131245
vt 0.229486 0.133490
vt 0.228691 0.128853
vt 0.229486 0.133490
vt 0.227306 0.130373
vt 0.228691 0.128853
vt 0.229486 0.133490
vt 0.226980 0.135078
vt 0.227306 0.130373
vt 0.226980 0.135078
vt 0.225610 0.131447
vt 0.227306 0.130373
vt 0.226980 0.135078
vt 0.224186 0.135900
vt 0.225610 0.131447
vt 0.224186 0.135900
vt 0.223718 0.132004
vt 0.225610 0.131447
vt 0.224186 0.135900
vt 0.221292 0.135900
vt 0.223718 0.132004
vt 0.221292 0.135900
vt 0.221759 0.132004
vt 0.223718 0.132004
vt 0.221292 0.135900
vt 0.218497 0.135078
vt 0.221759 0.132004
vt 0.218497 0.135078
vt 0.219867 0.131447
vt 0.221759 0.132004
vt 0.218497 0.135078
vt 0.215991 0.133490
vt 0.219867 0.131447
vt 0.215991 0.133490
vt 0.218171 0.130373
vt 0.219867 0.131447
vt 0.215991 0.133490
vt 0.213945 0.131245
vt 0.218171 0.130373
vt 0.213945 0.131245
vt 0.216786 0.128853
vt 0.218171 0.130373
vt 0.213945 0.131245
vt 0.212499 0.128495
vt 0.216786 0.128853
vt 0.212499 0.128495
vt 0.215807 0.126991
vt 0.216786 0.128853
vt 0.212499 0.128495
vt 0.211750 0.125428
vt 0.215807 0.126991
vt 0.211750 0.125428
vt 0.215300 0.124915
vt 0.215807 0.126991
vt 0.211750 0.125428
vt 0.211750 0.122253
vt 0.215300 0.124915
vt 0.915892 0.518089
vt 0.919273 0.518089
vt 0.915892 0.494898
vt 0.919273 0.518089
vt 0.919273 0.494898
vt 0.915892 0.494898
vt 0.418005 0.601577
vt 0.418005 0.605288
vt 0.396872 0.601577
vt 0.418005 0.605288
vt 0.396872 0.605288
vt 0.396872 0.601577
vt 0.316568 0.559833
vt 0.316568 0.563544
vt 0.295435 0.559833
vt 0.316568 0.563544
vt 0.295435 0.563544
vt 0.295435 0.559833
vt 0.184700 0.102505
vt 0.205833 0.102505
vt 0.205833 0.098794
vt 0.184700 0.098794
vt 0.184700 0.102505
vt 0.205833 0.098794
vt 0.461251 0.851113
vt 0.457626 0.851113
vt 0.461251 0.857604
vt 0.457626 0.851113
vt 0.457626 0.857604
vt 0.461251 0.857604
vt 0.461251 0.851113
vt 0.461251 0.857604
vt 0.464748 0.857605
vt 0.464748 0.851114
vt 0.461251 0.851113
vt 0.464748 0.857605
vt 0.464748 0.851114
vt 0.464748 0.857605
vt 0.467878 0.857607
vt 0.467878 0.851116
vt 0.464748 0.851114
vt 0.467878 0.857607
vt 0.457626 0.851113
vt 0.454120 0.851114
vt 0.457626 0.857604
vt 0.454120 0.851114
vt 0.454120 0.857605
vt 0.457626 0.857604
vt 0.454120 0.851114
vt 0.450972 0.851116
vt 0.454120 0.857605
vt 0.450972 0.851116
vt 0.450972 0.857607
vt 0.454120 0.857605
vt 0.659341 0.838126
vt 0.662899 0.838126
vt 0.659341 0.845547
vt 0.662899 0.838126
vt 0.662899 0.845547
vt 0.659341 0.845547
vt 0.662899 0.838126
vt 0.666214 0.838126
vt 0.662899 0.845547
vt 0.666214 0.838126
vt 0.666214 0.845547
vt 0.662899 0.845547
vt 0.666214 0.838126
vt 0.669062 0.838126
vt 0.666214 0.845547
vt 0.669062 0.838126
vt 0.669062 0.845547
vt 0.666214 0.845547
vt 0.659341 0.838126
vt 0.659341 0.845547
vt 0.655783 0.845547
vt 0.655783 0.838126
vt 0.659341 0.838126
vt 0.655783 0.845547
vt 0.655783 0.838126
vt 0.655783 0.845547
vt 0.652467 0.845547
vt 0.652467 0.838126
vt 0.655783 0.838126
vt 0.652467 0.845547
vt 0.652467 0.838126
vt 0.652467 0.845547
vt 0.649620 0.845547
vt 0.649620 0.838126
vt 0.652467 0.838126
vt 0.649620 0.845547
vt 0.220203 0.189306
vt 0.220203 0.185462
vt 0.214286 0.189306
vt 0.220203 0.185462
vt 0.214286 0.185462
vt 0.214286 0.189306
vt 0.220203 0.189306
vt 0.214286 0.189306
vt 0.214286 0.193149
vt 0.220203 0.193149
vt 0.220203 0.189306
vt 0.214286 0.193149
vt 0.220203 0.193149
vt 0.214286 0.193149
vt 0.214286 0.196992
vt 0.220203 0.196992
vt 0.220203 0.193149
vt 0.214286 0.196992
vt 0.220203 0.196992
vt 0.214286 0.196992
vt 0.214286 0.200835
vt 0.220203 0.200835
vt 0.220203 0.196992
vt 0.214286 0.200835
vt 0.220203 0.185462
vt 0.220203 0.181620
vt 0.214286 0.185462
vt 0.220203 0.181620
vt 0.214286 0.181620
vt 0.214286 0.185462
vt 0.220203 0.181620
vt 0.220203 0.177776
vt 0.214286 0.181620
vt 0.220203 0.177776
vt 0.214286 0.177776
vt 0.214286 0.181620
vt 0.220203 0.177776
vt 0.220203 0.173933
vt 0.214286 0.177776
vt 0.220203 0.173933
vt 0.214286 0.173933
vt 0.214286 0.177776
vt 0.970837 0.731911
vt 0.970837 0.728006
vt 0.977599 0.731911
vt 0.970837 0.728006
vt 0.977599 0.728006
vt 0.977599 0.731911
vt 0.970837 0.731911
vt 0.977599 0.731911
vt 0.977599 0.735816
vt 0.970837 0.735816
vt 0.970837 0.731911
vt 0.977599 0.735816
vt 0.970837 0.735816
vt 0.977599 0.735816
vt 0.977599 0.739454
vt 0.970837 0.739454
vt 0.970837 0.735816
vt 0.977599 0.739454
vt 0.970837 0.739454
vt 0.977599 0.739454
vt 0.977599 0.742579
vt 0.970837 0.742579
vt 0.970837 0.739454
vt 0.977599 0.742579
vt 0.970837 0.728006
vt 0.970837 0.724368
vt 0.977599 0.728006
vt 0.970837 0.724368
vt 0.977599 0.724368
vt 0.977599 0.728006
vt 0.970837 0.724368
vt 0.970837 0.721243
vt 0.977599 0.724368
vt 0.970837 0.721243
vt 0.977599 0.721243
vt 0.977599 0.724368
vt 0.443503 0.736491
vt 0.442600 0.732796
vt 0.445900 0.736145
vt 0.442600 0.732796
vt 0.444834 0.731780
vt 0.445900 0.736145
vt 0.443503 0.736491
vt 0.445900 0.736145
vt 0.445900 0.740664
vt 0.443503 0.740317
vt 0.443503 0.736491
vt 0.445900 0.740664
vt 0.443503 0.740317
vt 0.445900 0.740664
vt 0.444835 0.745028
vt 0.442601 0.744013
vt 0.443503 0.740317
vt 0.444835 0.745028
vt 0.442601 0.744013
vt 0.444835 0.745028
vt 0.442776 0.748941
vt 0.440857 0.747326
vt 0.442601 0.744013
vt 0.442776 0.748941
vt 0.440857 0.747326
vt 0.442776 0.748941
vt 0.439864 0.752137
vt 0.438392 0.750031
vt 0.440857 0.747326
vt 0.439864 0.752137
vt 0.438392 0.750031
vt 0.439864 0.752137
vt 0.436298 0.754396
vt 0.435373 0.751944
vt 0.438392 0.750031
vt 0.436298 0.754396
vt 0.435373 0.751944
vt 0.436298 0.754396
vt 0.432321 0.755566
vt 0.432005 0.752935
vt 0.435373 0.751944
vt 0.432321 0.755566
vt 0.432005 0.752935
vt 0.432321 0.755566
vt 0.428204 0.755566
vt 0.428519 0.752935
vt 0.432005 0.752935
vt 0.428204 0.755566
vt 0.428519 0.752935
vt 0.428204 0.755566
vt 0.424226 0.754396
vt 0.425152 0.751945
vt 0.428519 0.752935
vt 0.424226 0.754396
vt 0.425152 0.751945
vt 0.424226 0.754396
vt 0.420660 0.752137
vt 0.422132 0.750032
vt 0.425152 0.751945
vt 0.420660 0.752137
vt 0.422132 0.750032
vt 0.420660 0.752137
vt 0.417749 0.748942
vt 0.419667 0.747326
vt 0.422132 0.750032
vt 0.417749 0.748942
vt 0.419667 0.747326
vt 0.417749 0.748942
vt 0.415690 0.745029
vt 0.417924 0.744013
vt 0.419667 0.747326
vt 0.415690 0.745029
vt 0.417924 0.744013
vt 0.415690 0.745029
vt 0.414624 0.740664
vt 0.417021 0.740318
vt 0.417924 0.744013
vt 0.414624 0.740664
vt 0.417021 0.740318
vt 0.414624 0.740664
vt 0.414624 0.736145
vt 0.417021 0.736492
vt 0.417021 0.740318
vt 0.414624 0.736145
vt 0.417021 0.736492
vt 0.414624 0.736145
vt 0.415690 0.731781
vt 0.417924 0.732796
vt 0.417021 0.736492
vt 0.415690 0.731781
vt 0.417924 0.732796
vt 0.415690 0.731781
vt 0.417748 0.727867
vt 0.419667 0.729483
vt 0.417924 0.732796
vt 0.417748 0.727867
vt 0.419667 0.729483
vt 0.417748 0.727867
vt 0.420660 0.724672
vt 0.422132 0.726777
vt 0.419667 0.729483
vt 0.420660 0.724672
vt 0.422132 0.726777
vt 0.420660 0.724672
vt 0.424226 0.722413
vt 0.425151 0.724864
vt 0.422132 0.726777
vt 0.424226 0.722413
vt 0.425151 0.724864
vt 0.424226 0.722413
vt 0.428203 0.721243
vt 0.428519 0.723874
vt 0.425151 0.724864
vt 0.428203 0.721243
vt 0.428519 0.723874
vt 0.428203 0.721243
vt 0.432321 0.721243
vt 0.432005 0.723874
vt 0.428519 0.723874
vt 0.432321 0.721243
vt 0.432005 0.723874
vt 0.432321 0.721243
vt 0.436298 0.722412
vt 0.435373 0.724864
vt 0.432005 0.723874
vt 0.436298 0.722412
vt 0.435373 0.724864
vt 0.436298 0.722412
vt 0.439864 0.724672
vt 0.438392 0.726777
vt 0.435373 0.724864
vt 0.439864 0.724672
vt 0.438392 0.726777
vt 0.439864 0.724672
vt 0.442776 0.727867
vt 0.440857 0.729482
vt 0.438392 0.726777
vt 0.442776 0.727867
vt 0.440857 0.729482
vt 0.442776 0.727867
vt 0.444834 0.731780
vt 0.442600 0.732796
vt 0.440857 0.729482
vt 0.444834 0.731780
vt 0.610835 0.485590
vt 0.607815 0.483677
vt 0.612307 0.483484
vt 0.607815 0.483677
vt 0.608741 0.481225
vt 0.612307 0.483484
vt 0.607815 0.483677
vt 0.604448 0.482687
vt 0.608741 0.481225
vt 0.604448 0.482687
vt 0.604764 0.480056
vt 0.608741 0.481225
vt 0.610835 0.485590
vt 0.612307 0.483484
vt 0.615218 0.486680
vt 0.613300 0.488295
vt 0.610835 0.485590
vt 0.615218 0.486680
vt 0.613300 0.488295
vt 0.615218 0.486680
vt 0.617277 0.490593
vt 0.615043 0.491608
vt 0.613300 0.488295
vt 0.617277 0.490593
vt 0.615043 0.491608
vt 0.617277 0.490593
vt 0.618343 0.494957
vt 0.615946 0.495304
vt 0.615043 0.491608
vt 0.618343 0.494957
vt 0.615946 0.495304
vt 0.618343 0.494957
vt 0.618343 0.499476
vt 0.615946 0.499130
vt 0.615946 0.495304
vt 0.618343 0.499476
vt 0.615946 0.499130
vt 0.618343 0.499476
vt 0.617278 0.503841
vt 0.615043 0.502825
vt 0.615946 0.499130
vt 0.617278 0.503841
vt 0.615043 0.502825
vt 0.617278 0.503841
vt 0.615219 0.507754
vt 0.613300 0.506139
vt 0.615043 0.502825
vt 0.615219 0.507754
vt 0.613300 0.506139
vt 0.615219 0.507754
vt 0.612307 0.510950
vt 0.610835 0.508844
vt 0.613300 0.506139
vt 0.612307 0.510950
vt 0.610835 0.508844
vt 0.612307 0.510950
vt 0.608741 0.513209
vt 0.607816 0.510757
vt 0.610835 0.508844
vt 0.608741 0.513209
vt 0.607816 0.510757
vt 0.608741 0.513209
vt 0.604764 0.514378
vt 0.604448 0.511747
vt 0.607816 0.510757
vt 0.604764 0.514378
vt 0.604448 0.511747
vt 0.604764 0.514378
vt 0.600646 0.514378
vt 0.600962 0.511748
vt 0.604448 0.511747
vt 0.600646 0.514378
vt 0.600962 0.511748
vt 0.600646 0.514378
vt 0.596669 0.513209
vt 0.597594 0.510757
vt 0.600962 0.511748
vt 0.596669 0.513209
vt 0.597594 0.510757
vt 0.596669 0.513209
vt 0.593103 0.510950
vt 0.594575 0.508845
vt 0.597594 0.510757
vt 0.593103 0.510950
vt 0.594575 0.508845
vt 0.593103 0.510950
vt 0.590191 0.507755
vt 0.592110 0.506139
vt 0.594575 0.508845
vt 0.590191 0.507755
vt 0.592110 0.506139
vt 0.590191 0.507755
vt 0.588133 0.503841
vt 0.590367 0.502826
vt 0.592110 0.506139
vt 0.588133 0.503841
vt 0.590367 0.502826
vt 0.588133 0.503841
vt 0.587067 0.499477
vt 0.589464 0.499130
vt 0.590367 0.502826
vt 0.587067 0.499477
vt 0.589464 0.499130
vt 0.587067 0.499477
vt 0.587067 0.494958
vt 0.589464 0.495304
vt 0.589464 0.499130
vt 0.587067 0.494958
vt 0.589464 0.495304
vt 0.587067 0.494958
vt 0.588132 0.490593
vt 0.590366 0.491609
vt 0.589464 0.495304
vt 0.588132 0.490593
vt 0.590366 0.491609
vt 0.588132 0.490593
vt 0.590191 0.486680
vt 0.592110 0.488296
vt 0.590366 0.491609
vt 0.590191 0.486680
vt 0.592110 0.488296
vt 0.590191 0.486680
vt 0.593103 0.483485
vt 0.594575 0.485590
vt 0.592110 0.488296
vt 0.593103 0.483485
vt 0.594575 0.485590
vt 0.593103 0.483485
vt 0.596669 0.481225
vt 0.597594 0.483677
vt 0.594575 0.485590
vt 0.596669 0.481225
vt 0.597594 0.483677
vt 0.596669 0.481225
vt 0.600646 0.480056
vt 0.600962 0.482687
vt 0.597594 0.483677
vt 0.600646 0.480056
vt 0.604448 0.482687
vt 0.600962 0.482687
vt 0.604764 0.480056
vt 0.600962 0.482687
vt 0.600646 0.480056
vt 0.604764 0.480056
vt 0.932798 0.763451
vt 0.930576 0.763451
vt 0.930576 0.764842
vt 0.930576 0.764842
vt 0.930576 0.763451
vt 0.927726 0.764842
vt 0.930576 0.763451
vt 0.927726 0.763451
vt 0.927726 0.764842
vt 0.932798 0.764842
vt 0.932798 0.763451
vt 0.930576 0.764842
vt 0.930576 0.763451
vt 0.930576 0.762059
vt 0.927726 0.763451
vt 0.930576 0.762059
vt 0.927726 0.762059
vt 0.927726 0.763451
vt 0.932798 0.763451
vt 0.932798 0.762059
vt 0.930576 0.763451
vt 0.932798 0.762059
vt 0.930576 0.762059
vt 0.930576 0.763451
vt 0.932798 0.764842
vt 0.930576 0.764842
vt 0.930575 0.766234
vt 0.930575 0.766234
vt 0.930576 0.764842
vt 0.927726 0.766234
vt 0.930576 0.764842
vt 0.927726 0.764842
vt 0.927726 0.766234
vt 0.932798 0.766234
vt 0.932798 0.764842
vt 0.930575 0.766234
vt 0.930575 0.766234
vt 0.927726 0.766234
vt 0.927726 0.767625
vt 0.932798 0.767625
vt 0.932798 0.766234
vt 0.930575 0.767625
vt 0.932798 0.766234
vt 0.930575 0.766234
vt 0.930575 0.767625
vt 0.930575 0.767625
vt 0.930575 0.766234
vt 0.927726 0.767625
vt 0.932798 0.762059
vt 0.932798 0.760668
vt 0.930576 0.762059
vt 0.932798 0.760668
vt 0.930576 0.760668
vt 0.930576 0.762059
vt 0.932798 0.760668
vt 0.932798 0.759276
vt 0.930576 0.760668
vt 0.932798 0.759276
vt 0.930576 0.759276
vt 0.930576 0.760668
vt 0.600592 0.586391
vt 0.601829 0.586391
vt 0.600592 0.589518
vt 0.601829 0.586391
vt 0.601829 0.589518
vt 0.600592 0.589518
vt 0.600592 0.583952
vt 0.601829 0.583952
vt 0.600592 0.586391
vt 0.601829 0.583952
vt 0.601829 0.586391
vt 0.600592 0.586391
vt 0.601829 0.583952
vt 0.602983 0.583952
vt 0.601829 0.586391
vt 0.602983 0.583952
vt 0.602983 0.586391
vt 0.601829 0.586391
vt 0.601829 0.586391
vt 0.602983 0.586391
vt 0.601829 0.589518
vt 0.602983 0.586391
vt 0.602983 0.589518
vt 0.601829 0.589518
vt 0.602983 0.586391
vt 0.603973 0.586391
vt 0.602983 0.589518
vt 0.603973 0.586391
vt 0.603973 0.589518
vt 0.602983 0.589518
vt 0.602983 0.583952
vt 0.603973 0.583952
vt 0.602983 0.586391
vt 0.603973 0.583952
vt 0.603973 0.586391
vt 0.602983 0.586391
vt 0.600592 0.586391
vt 0.600592 0.589518
vt 0.599354 0.589518
vt 0.599354 0.583952
vt 0.600592 0.583952
vt 0.599354 0.586391
vt 0.600592 0.583952
vt 0.600592 0.586391
vt 0.599354 0.586391
vt 0.599354 0.586391
vt 0.600592 0.586391
vt 0.599354 0.589518
vt 0.599354 0.586391
vt 0.599354 0.589518
vt 0.598201 0.589518
vt 0.598201 0.583952
vt 0.599354 0.583952
vt 0.598201 0.586391
vt 0.599354 0.583952
vt 0.599354 0.586391
vt 0.598201 0.586391
vt 0.598201 0.586391
vt 0.599354 0.586391
vt 0.598201 0.589518
vt 0.598201 0.586391
vt 0.598201 0.589518
vt 0.597210 0.589518
vt 0.597210 0.583952
vt 0.598201 0.583952
vt 0.597210 0.586391
vt 0.598201 0.583952
vt 0.598201 0.586391
vt 0.597210 0.586391
vt 0.597210 0.586391
vt 0.598201 0.586391
vt 0.597210 0.589518
vt 0.117075 0.465213
vt 0.114853 0.465213
vt 0.114853 0.463822
vt 0.117075 0.463822
vt 0.117075 0.465213
vt 0.114853 0.463822
vt 0.114853 0.465213
vt 0.112003 0.465213
vt 0.112003 0.463822
vt 0.114853 0.463822
vt 0.114853 0.465213
vt 0.112003 0.463822
vt 0.114853 0.463822
vt 0.112003 0.463822
vt 0.112003 0.462430
vt 0.114853 0.462430
vt 0.114853 0.463822
vt 0.112003 0.462430
vt 0.117075 0.463822
vt 0.114853 0.463822
vt 0.114853 0.462430
vt 0.117075 0.462430
vt 0.117075 0.463822
vt 0.114853 0.462430
vt 0.114853 0.465213
vt 0.114853 0.466605
vt 0.112003 0.465213
vt 0.117075 0.466605
vt 0.114853 0.466605
vt 0.114853 0.465213
vt 0.117075 0.465213
vt 0.117075 0.466605
vt 0.114853 0.465213
vt 0.114853 0.466605
vt 0.112003 0.466605
vt 0.112003 0.465213
vt 0.117075 0.466605
vt 0.117075 0.467996
vt 0.114853 0.466605
vt 0.114853 0.467996
vt 0.112003 0.467996
vt 0.112003 0.466605
vt 0.114853 0.466605
vt 0.114853 0.467996
vt 0.112003 0.466605
vt 0.117075 0.467996
vt 0.114853 0.467996
vt 0.114853 0.466605
vt 0.117075 0.462430
vt 0.114853 0.462430
vt 0.114853 0.461039
vt 0.117075 0.461039
vt 0.117075 0.462430
vt 0.114853 0.461039
vt 0.117075 0.461039
vt 0.114853 0.461039
vt 0.114853 0.459648
vt 0.117075 0.459648
vt 0.117075 0.461039
vt 0.114853 0.459648
vt 0.319636 0.929963
vt 0.319636 0.931321
vt 0.322485 0.929963
vt 0.317413 0.931321
vt 0.319636 0.931321
vt 0.319636 0.929963
vt 0.317413 0.929963
vt 0.317413 0.931321
vt 0.319636 0.929963
vt 0.319636 0.931321
vt 0.322485 0.931321
vt 0.322485 0.929963
vt 0.317413 0.929963
vt 0.319636 0.929963
vt 0.319636 0.928605
vt 0.317413 0.928605
vt 0.317413 0.929963
vt 0.319636 0.928605
vt 0.319636 0.929963
vt 0.322485 0.929963
vt 0.322485 0.928605
vt 0.319636 0.928605
vt 0.319636 0.929963
vt 0.322485 0.928605
vt 0.319636 0.928605
vt 0.322485 0.928605
vt 0.322485 0.927339
vt 0.319636 0.927339
vt 0.319636 0.928605
vt 0.322485 0.927339
vt 0.317413 0.928605
vt 0.319636 0.928605
vt 0.319636 0.927339
vt 0.317413 0.927339
vt 0.317413 0.928605
vt 0.319636 0.927339
vt 0.319636 0.927339
vt 0.322485 0.927339
vt 0.322485 0.926252
vt 0.319636 0.926252
vt 0.319636 0.927339
vt 0.322485 0.926252
vt 0.317413 0.927339
vt 0.319636 0.927339
vt 0.319636 0.926252
vt 0.317413 0.926252
vt 0.317413 0.927339
vt 0.319636 0.926252
vt 0.319636 0.931321
vt 0.319636 0.932587
vt 0.322485 0.931321
vt 0.317413 0.932587
vt 0.319636 0.932587
vt 0.319636 0.931321
vt 0.317413 0.931321
vt 0.317413 0.932587
vt 0.319636 0.931321
vt 0.319636 0.932587
vt 0.322485 0.932587
vt 0.322485 0.931321
vt 0.319636 0.932587
vt 0.319636 0.933673
vt 0.322485 0.932587
vt 0.317413 0.933673
vt 0.319636 0.933673
vt 0.319636 0.932587
vt 0.317413 0.932587
vt 0.317413 0.933673
vt 0.319636 0.932587
vt 0.319636 0.933673
vt 0.322485 0.933673
vt 0.322485 0.932587
vt 0.107565 0.546502
vt 0.108834 0.546502
vt 0.107565 0.549629
vt 0.108834 0.546502
vt 0.108834 0.549629
vt 0.107565 0.549629
vt 0.107565 0.544063
vt 0.108834 0.544063
vt 0.107565 0.546502
vt 0.108834 0.544063
vt 0.108834 0.546502
vt 0.107565 0.546502
vt 0.107565 0.546502
vt 0.107565 0.549629
vt 0.106340 0.549629
vt 0.106340 0.544063
vt 0.107565 0.544063
vt 0.106340 0.546502
vt 0.107565 0.544063
vt 0.107565 0.546502
vt 0.106340 0.546502
vt 0.106340 0.546502
vt 0.107565 0.546502
vt 0.106340 0.549629
vt 0.106340 0.546502
vt 0.106340 0.549629
vt 0.105241 0.549629
vt 0.105241 0.544063
vt 0.106340 0.544063
vt 0.105241 0.546502
vt 0.106340 0.544063
vt 0.106340 0.546502
vt 0.105241 0.546502
vt 0.105241 0.546502
vt 0.106340 0.546502
vt 0.105241 0.549629
vt 0.108834 0.544063
vt 0.110059 0.544063
vt 0.108834 0.546502
vt 0.110059 0.544063
vt 0.110059 0.546502
vt 0.108834 0.546502
vt 0.108834 0.546502
vt 0.110059 0.546502
vt 0.108834 0.549629
vt 0.110059 0.546502
vt 0.110059 0.549629
vt 0.108834 0.549629
vt 0.110059 0.546502
vt 0.111158 0.546502
vt 0.110059 0.549629
vt 0.111158 0.546502
vt 0.111158 0.549629
vt 0.110059 0.549629
vt 0.110059 0.544063
vt 0.111158 0.544063
vt 0.110059 0.546502
vt 0.111158 0.544063
vt 0.111158 0.546502
vt 0.110059 0.546502
vt 0.339633 0.911410
vt 0.339633 0.908971
vt 0.340840 0.908971
vt 0.340840 0.908971
vt 0.339633 0.908971
vt 0.340840 0.905844
vt 0.339633 0.908971
vt 0.339633 0.905844
vt 0.340840 0.905844
vt 0.340840 0.911410
vt 0.339633 0.911410
vt 0.340840 0.908971
vt 0.339633 0.908971
vt 0.338425 0.908971
vt 0.339633 0.905844
vt 0.338425 0.908971
vt 0.338425 0.905844
vt 0.339633 0.905844
vt 0.339633 0.911410
vt 0.338425 0.911410
vt 0.339633 0.908971
vt 0.338425 0.911410
vt 0.338425 0.908971
vt 0.339633 0.908971
vt 0.340840 0.908971
vt 0.340840 0.905844
vt 0.342048 0.905844
vt 0.342048 0.911410
vt 0.340840 0.911410
vt 0.342048 0.908971
vt 0.340840 0.911410
vt 0.340840 0.908971
vt 0.342048 0.908971
vt 0.342048 0.908971
vt 0.340840 0.908971
vt 0.342048 0.905844
vt 0.338425 0.911410
vt 0.337218 0.911410
vt 0.338425 0.908971
vt 0.337218 0.911410
vt 0.337218 0.908971
vt 0.338425 0.908971
vt 0.338425 0.908971
vt 0.337218 0.908971
vt 0.338425 0.905844
vt 0.337218 0.908971
vt 0.337218 0.905844
vt 0.338425 0.905844
vt 0.337218 0.908971
vt 0.336010 0.908971
vt 0.337218 0.905844
vt 0.336010 0.908971
vt 0.336010 0.905844
vt 0.337218 0.905844
vt 0.337218 0.911410
vt 0.336010 0.911410
vt 0.337218 0.908971
vt 0.336010 0.911410
vt 0.336010 0.908971
vt 0.337218 0.908971
vt 0.342048 0.911410
vt 0.342048 0.908971
vt 0.343256 0.908971
vt 0.343256 0.911410
vt 0.342048 0.911410
vt 0.343256 0.908971
vt 0.343256 0.911410
vt 0.343256 0.908971
vt 0.344463 0.908971
vt 0.344463 0.911410
vt 0.343256 0.911410
vt 0.344463 0.908971
vt 0.916949 0.003830
vt 0.915680 0.003830
vt 0.916949 0.006957
vt 0.915680 0.001391
vt 0.915680 0.003830
vt 0.916949 0.003830
vt 0.916949 0.001391
vt 0.915680 0.001391
vt 0.916949 0.003830
vt 0.915680 0.003830
vt 0.915680 0.006957
vt 0.916949 0.006957
vt 0.915680 0.003830
vt 0.914455 0.003830
vt 0.915680 0.006957
vt 0.914455 0.001391
vt 0.914455 0.003830
vt 0.915680 0.003830
vt 0.915680 0.001391
vt 0.914455 0.001391
vt 0.915680 0.003830
vt 0.914455 0.003830
vt 0.914455 0.006957
vt 0.915680 0.006957
vt 0.914455 0.001391
vt 0.913356 0.001391
vt 0.914455 0.003830
vt 0.913356 0.003830
vt 0.913356 0.006957
vt 0.914455 0.006957
vt 0.914455 0.003830
vt 0.913356 0.003830
vt 0.914455 0.006957
vt 0.913356 0.001391
vt 0.913356 0.003830
vt 0.914455 0.003830
vt 0.916949 0.003830
vt 0.916949 0.006957
vt 0.918174 0.006957
vt 0.918174 0.003830
vt 0.916949 0.003830
vt 0.918174 0.006957
vt 0.916949 0.001391
vt 0.916949 0.003830
vt 0.918174 0.003830
vt 0.918174 0.001391
vt 0.916949 0.001391
vt 0.918174 0.003830
vt 0.918174 0.001391
vt 0.918174 0.003830
vt 0.919273 0.003830
vt 0.919273 0.001391
vt 0.918174 0.001391
vt 0.919273 0.003830
vt 0.918174 0.003830
vt 0.918174 0.006957
vt 0.919273 0.006957
vt 0.919273 0.003830
vt 0.918174 0.003830
vt 0.919273 0.006957
vt 0.008876 0.647694
vt 0.011098 0.647694
vt 0.011098 0.649019
vt 0.008876 0.649019
vt 0.008876 0.647694
vt 0.011098 0.649019
vt 0.011098 0.647694
vt 0.013948 0.647694
vt 0.013948 0.649019
vt 0.011098 0.649019
vt 0.011098 0.647694
vt 0.013948 0.649019
vt 0.011098 0.647694
vt 0.011098 0.646369
vt 0.013948 0.647694
vt 0.008876 0.646369
vt 0.011098 0.646369
vt 0.011098 0.647694
vt 0.008876 0.647694
vt 0.008876 0.646369
vt 0.011098 0.647694
vt 0.011098 0.646369
vt 0.013948 0.646369
vt 0.013948 0.647694
vt 0.011098 0.646369
vt 0.011098 0.645044
vt 0.013948 0.646369
vt 0.008876 0.645044
vt 0.011098 0.645044
vt 0.011098 0.646369
vt 0.008876 0.646369
vt 0.008876 0.645044
vt 0.011098 0.646369
vt 0.011098 0.645044
vt 0.013948 0.645044
vt 0.013948 0.646369
vt 0.011098 0.649019
vt 0.013948 0.649019
vt 0.013948 0.650345
vt 0.011098 0.650345
vt 0.011098 0.649019
vt 0.013948 0.650345
vt 0.008876 0.649019
vt 0.011098 0.649019
vt 0.011098 0.650345
vt 0.008876 0.650345
vt 0.008876 0.649019
vt 0.011098 0.650345
vt 0.011098 0.650345
vt 0.013948 0.650345
vt 0.013948 0.651670
vt 0.011098 0.651670
vt 0.011098 0.650345
vt 0.013948 0.651670
vt 0.008876 0.650345
vt 0.011098 0.650345
vt 0.011098 0.651670
vt 0.008876 0.651670
vt 0.008876 0.650345
vt 0.011098 0.651670
vt 0.008876 0.645044
vt 0.008876 0.643718
vt 0.011098 0.645044
vt 0.008876 0.643718
vt 0.011098 0.643718
vt 0.011098 0.645044
vt 0.008876 0.643718
vt 0.008876 0.642393
vt 0.011098 0.643718
vt 0.008876 0.642393
vt 0.011098 0.642393
vt 0.011098 0.643718
vt 0.021555 0.447528
vt 0.021555 0.442486
vt 0.046069 0.442486
vt 0.046069 0.447528
vt 0.021555 0.447528
vt 0.046069 0.442486
vt 0.021555 0.452226
vt 0.021555 0.447528
vt 0.046069 0.447528
vt 0.046069 0.452226
vt 0.021555 0.452226
vt 0.046069 0.447528
vt 0.046069 0.442486
vt 0.021555 0.442486
vt 0.046069 0.437444
vt 0.021555 0.442486
vt 0.021555 0.437444
vt 0.046069 0.437444
vt 0.046069 0.437444
vt 0.021555 0.437444
vt 0.046069 0.432746
vt 0.021555 0.437444
vt 0.021555 0.432746
vt 0.046069 0.432746
vt 0.667371 0.384598
vt 0.667371 0.389651
vt 0.642859 0.389651
vt 0.642859 0.384598
vt 0.667371 0.384598
vt 0.642859 0.389651
vt 0.642859 0.389651
vt 0.667371 0.389651
vt 0.642859 0.394682
vt 0.667371 0.389651
vt 0.667370 0.394682
vt 0.642859 0.394682
vt 0.667369 0.379870
vt 0.667371 0.384598
vt 0.642859 0.384598
vt 0.642857 0.379870
vt 0.667369 0.379870
vt 0.642859 0.384598
vt 0.642859 0.394682
vt 0.667370 0.394682
vt 0.642857 0.399351
vt 0.667370 0.394682
vt 0.667369 0.399351
vt 0.642857 0.399351
vt 0.533811 0.049599
vt 0.533810 0.044567
vt 0.509298 0.044567
vt 0.509299 0.049599
vt 0.533811 0.049599
vt 0.509298 0.044567
vt 0.533812 0.054267
vt 0.533811 0.049599
vt 0.509299 0.049599
vt 0.509301 0.054267
vt 0.533812 0.054267
vt 0.509299 0.049599
vt 0.509298 0.044567
vt 0.533810 0.044567
vt 0.509299 0.039515
vt 0.533810 0.044567
vt 0.533811 0.039515
vt 0.509299 0.039515
vt 0.509299 0.039515
vt 0.533811 0.039515
vt 0.509300 0.034787
vt 0.533811 0.039515
vt 0.533812 0.034787
vt 0.509300 0.034787
vt 0.381441 0.866894
vt 0.381441 0.880803
vt 0.377859 0.880802
vt 0.377859 0.866893
vt 0.381441 0.866894
vt 0.377859 0.880802
vt 0.381441 0.880803
vt 0.381441 0.894712
vt 0.377859 0.894712
vt 0.377859 0.880802
vt 0.381441 0.880803
vt 0.377859 0.894712
vt 0.377859 0.866893
vt 0.377859 0.880802
vt 0.374473 0.880800
vt 0.374473 0.866890
vt 0.377859 0.866893
vt 0.374473 0.880800
vt 0.377859 0.880802
vt 0.377859 0.894712
vt 0.374473 0.894709
vt 0.374473 0.880800
vt 0.377859 0.880802
vt 0.374473 0.894709
vt 0.374473 0.880800
vt 0.374473 0.894709
vt 0.371513 0.894704
vt 0.371513 0.880795
vt 0.374473 0.880800
vt 0.371513 0.894704
vt 0.374473 0.866890
vt 0.374473 0.880800
vt 0.371513 0.880795
vt 0.371513 0.866885
vt 0.374473 0.866890
vt 0.371513 0.880795
vt 0.381441 0.880803
vt 0.384975 0.880801
vt 0.381441 0.894712
vt 0.384975 0.866892
vt 0.384975 0.880801
vt 0.381441 0.880803
vt 0.381441 0.866894
vt 0.384975 0.866892
vt 0.381441 0.880803
vt 0.384975 0.880801
vt 0.384975 0.894711
vt 0.381441 0.894712
vt 0.384975 0.866892
vt 0.388220 0.866889
vt 0.384975 0.880801
vt 0.388220 0.880798
vt 0.388220 0.894707
vt 0.384975 0.894711
vt 0.384975 0.880801
vt 0.388220 0.880798
vt 0.384975 0.894711
vt 0.388220 0.866889
vt 0.388220 0.880798
vt 0.384975 0.880801
vt 0.388220 0.866889
vt 0.390955 0.866883
vt 0.388220 0.880798
vt 0.388220 0.880798
vt 0.390955 0.880793
vt 0.388220 0.894707
vt 0.390955 0.880793
vt 0.390955 0.894702
vt 0.388220 0.894707
vt 0.390955 0.866883
vt 0.390955 0.880793
vt 0.388220 0.880798
vt 0.833897 0.392621
vt 0.846572 0.392621
vt 0.846573 0.396499
vt 0.833898 0.396499
vt 0.833897 0.392621
vt 0.846573 0.396499
vt 0.846573 0.396499
vt 0.846572 0.392621
vt 0.859248 0.396499
vt 0.846572 0.392621
vt 0.859247 0.392621
vt 0.859248 0.396499
vt 0.846572 0.392621
vt 0.846572 0.388689
vt 0.859247 0.392621
vt 0.846572 0.388689
vt 0.859247 0.388689
vt 0.859247 0.392621
vt 0.833897 0.388689
vt 0.846572 0.388689
vt 0.846572 0.392621
vt 0.833897 0.392621
vt 0.833897 0.388689
vt 0.846572 0.392621
vt 0.833897 0.388689
vt 0.833900 0.384973
vt 0.846572 0.388689
vt 0.846572 0.388689
vt 0.846575 0.384973
vt 0.859247 0.388689
vt 0.846575 0.384973
vt 0.859250 0.384973
vt 0.859247 0.388689
vt 0.833900 0.384973
vt 0.846575 0.384973
vt 0.846572 0.388689
vt 0.833900 0.384973
vt 0.833904 0.381725
vt 0.846575 0.384973
vt 0.846575 0.384973
vt 0.846579 0.381725
vt 0.859250 0.384973
vt 0.846579 0.381725
vt 0.859254 0.381725
vt 0.859250 0.384973
vt 0.833904 0.381725
vt 0.846579 0.381725
vt 0.846575 0.384973
vt 0.833898 0.396499
vt 0.846573 0.396499
vt 0.846576 0.400060
vt 0.846576 0.400060
vt 0.846573 0.396499
vt 0.859251 0.400060
vt 0.846573 0.396499
vt 0.859248 0.396499
vt 0.859251 0.400060
vt 0.833901 0.400060
vt 0.833898 0.396499
vt 0.846576 0.400060
vt 0.833901 0.400060
vt 0.846576 0.400060
vt 0.846581 0.403061
vt 0.846581 0.403061
vt 0.846576 0.400060
vt 0.859256 0.403061
vt 0.846576 0.400060
vt 0.859251 0.400060
vt 0.859256 0.403061
vt 0.833906 0.403061
vt 0.833901 0.400060
vt 0.846581 0.403061
vt 0.067625 0.509740
vt 0.067625 0.511567
vt 0.071253 0.512105
vt 0.071672 0.510341
vt 0.067625 0.509740
vt 0.071253 0.512105
vt 0.071672 0.510341
vt 0.071253 0.512105
vt 0.074633 0.513684
vt 0.075444 0.512102
vt 0.071672 0.510341
vt 0.074633 0.513684
vt 0.075444 0.512102
vt 0.074633 0.513684
vt 0.077536 0.516194
vt 0.078683 0.514903
vt 0.075444 0.512102
vt 0.077536 0.516194
vt 0.078683 0.514903
vt 0.077536 0.516194
vt 0.079764 0.519466
vt 0.081168 0.518553
vt 0.078683 0.514903
vt 0.079764 0.519466
vt 0.081168 0.518553
vt 0.079764 0.519466
vt 0.081164 0.523277
vt 0.082730 0.522804
vt 0.081168 0.518553
vt 0.081164 0.523277
vt 0.082730 0.522804
vt 0.081164 0.523277
vt 0.081642 0.527366
vt 0.083263 0.527366
vt 0.082730 0.522804
vt 0.081642 0.527366
vt 0.063577 0.510341
vt 0.063997 0.512105
vt 0.067625 0.511567
vt 0.063577 0.510341
vt 0.059806 0.512102
vt 0.063997 0.512105
vt 0.059806 0.512102
vt 0.060616 0.513684
vt 0.063997 0.512105
vt 0.059806 0.512102
vt 0.056567 0.514903
vt 0.060616 0.513684
vt 0.056567 0.514903
vt 0.057713 0.516194
vt 0.060616 0.513684
vt 0.056567 0.514903
vt 0.054081 0.518553
vt 0.057713 0.516194
vt 0.054081 0.518553
vt 0.055485 0.519466
vt 0.057713 0.516194
vt 0.054081 0.518553
vt 0.052519 0.522804
vt 0.055485 0.519466
vt 0.052519 0.522804
vt 0.054085 0.523277
vt 0.055485 0.519466
vt 0.052519 0.522804
vt 0.051986 0.527366
vt 0.054085 0.523277
vt 0.051986 0.527366
vt 0.053607 0.527366
vt 0.054085 0.523277
vt 0.067625 0.509740
vt 0.063577 0.510341
vt 0.067625 0.511567
vt 0.424383 0.605520
vt 0.425825 0.606409
vt 0.424387 0.610119
vt 0.422779 0.609658
vt 0.424383 0.605520
vt 0.424387 0.610119
vt 0.422779 0.609658
vt 0.424387 0.610119
vt 0.423896 0.614100
vt 0.422232 0.614100
vt 0.422779 0.609658
vt 0.423896 0.614100
vt 0.422232 0.614100
vt 0.423896 0.614100
vt 0.424387 0.618082
vt 0.422779 0.618542
vt 0.422232 0.614100
vt 0.424387 0.618082
vt 0.422779 0.618542
vt 0.424387 0.618082
vt 0.425825 0.621791
vt 0.424383 0.622681
vt 0.422779 0.618542
vt 0.425825 0.621791
vt 0.424383 0.622681
vt 0.425825 0.621791
vt 0.428113 0.624977
vt 0.426936 0.626235
vt 0.424383 0.622681
vt 0.428113 0.624977
vt 0.426936 0.626235
vt 0.428113 0.624977
vt 0.431094 0.627422
vt 0.430262 0.628963
vt 0.426936 0.626235
vt 0.431094 0.627422
vt 0.430262 0.628963
vt 0.431094 0.627422
vt 0.434566 0.628959
vt 0.434136 0.630677
vt 0.430262 0.628963
vt 0.434566 0.628959
vt 0.434136 0.630677
vt 0.434566 0.628959
vt 0.438292 0.629483
vt 0.438292 0.631262
vt 0.434136 0.630677
vt 0.438292 0.629483
vt 0.438292 0.596939
vt 0.438292 0.598718
vt 0.434566 0.599242
vt 0.434136 0.597523
vt 0.438292 0.596939
vt 0.434566 0.599242
vt 0.434136 0.597523
vt 0.434566 0.599242
vt 0.431094 0.600778
vt 0.430262 0.599238
vt 0.434136 0.597523
vt 0.431094 0.600778
vt 0.430262 0.599238
vt 0.431094 0.600778
vt 0.428113 0.603223
vt 0.426936 0.601965
vt 0.430262 0.599238
vt 0.428113 0.603223
vt 0.426936 0.601965
vt 0.428113 0.603223
vt 0.425825 0.606409
vt 0.424383 0.605520
vt 0.426936 0.601965
vt 0.425825 0.606409
vt 0.981381 0.572036
vt 0.980739 0.566794
vt 0.979290 0.566791
vt 0.979981 0.572433
vt 0.981381 0.572036
vt 0.979290 0.566791
vt 0.983263 0.576921
vt 0.981381 0.572036
vt 0.979981 0.572433
vt 0.982006 0.577690
vt 0.983263 0.576921
vt 0.979981 0.572433
vt 0.979290 0.566791
vt 0.980739 0.566794
vt 0.979981 0.561149
vt 0.980739 0.566794
vt 0.981381 0.561551
vt 0.979981 0.561149
vt 0.979981 0.561149
vt 0.981381 0.561551
vt 0.982006 0.555891
vt 0.981381 0.561551
vt 0.983263 0.556666
vt 0.982006 0.555891
vt 0.982006 0.555891
vt 0.983263 0.556666
vt 0.985229 0.551376
vt 0.983263 0.556666
vt 0.986257 0.552471
vt 0.985229 0.551376
vt 0.985229 0.551376
vt 0.986257 0.552471
vt 0.989428 0.547911
vt 0.986257 0.552471
vt 0.990158 0.549253
vt 0.989428 0.547911
vt 0.989428 0.547911
vt 0.990158 0.549253
vt 0.994317 0.545734
vt 0.990158 0.549253
vt 0.994702 0.547229
vt 0.994317 0.545734
vt 0.994317 0.545734
vt 0.994702 0.547229
vt 0.999565 0.544991
vt 0.994702 0.547229
vt 0.999577 0.546539
vt 0.999565 0.544991
vt 0.986257 0.581116
vt 0.983263 0.576921
vt 0.982006 0.577690
vt 0.985229 0.582205
vt 0.986257 0.581116
vt 0.982006 0.577690
vt 0.990158 0.584335
vt 0.986257 0.581116
vt 0.985229 0.582205
vt 0.989428 0.585669
vt 0.990158 0.584335
vt 0.985229 0.582205
vt 0.994702 0.586358
vt 0.990158 0.584335
vt 0.989428 0.585669
vt 0.994317 0.587847
vt 0.994702 0.586358
vt 0.989428 0.585669
vt 0.999577 0.587048
vt 0.994702 0.586358
vt 0.994317 0.587847
vt 0.999565 0.588590
vt 0.999577 0.587048
vt 0.994317 0.587847
vt 0.693150 0.403724
vt 0.693153 0.402134
vt 0.688373 0.404428
vt 0.693153 0.402134
vt 0.688011 0.402892
vt 0.688373 0.404428
vt 0.688373 0.404428
vt 0.688011 0.402892
vt 0.683921 0.406494
vt 0.688011 0.402892
vt 0.683220 0.405115
vt 0.683921 0.406494
vt 0.698294 0.402892
vt 0.693153 0.402134
vt 0.693150 0.403724
vt 0.697927 0.404428
vt 0.698294 0.402892
vt 0.693150 0.403724
vt 0.703085 0.405115
vt 0.698294 0.402892
vt 0.697927 0.404428
vt 0.702378 0.406494
vt 0.703085 0.405115
vt 0.697927 0.404428
vt 0.707199 0.408651
vt 0.703085 0.405115
vt 0.702378 0.406494
vt 0.706201 0.409779
vt 0.707199 0.408651
vt 0.702378 0.406494
vt 0.710356 0.413259
vt 0.707199 0.408651
vt 0.706201 0.409779
vt 0.709134 0.414061
vt 0.710356 0.413259
vt 0.706201 0.409779
vt 0.712341 0.418625
vt 0.710356 0.413259
vt 0.709134 0.414061
vt 0.710978 0.419046
vt 0.712341 0.418625
vt 0.709134 0.414061
vt 0.713018 0.424384
vt 0.712341 0.418625
vt 0.710978 0.419046
vt 0.711607 0.424397
vt 0.713018 0.424384
vt 0.710978 0.419046
vt 0.683921 0.406494
vt 0.683220 0.405115
vt 0.680099 0.409779
vt 0.683220 0.405115
vt 0.679106 0.408651
vt 0.680099 0.409779
vt 0.680099 0.409779
vt 0.679106 0.408651
vt 0.677166 0.414061
vt 0.679106 0.408651
vt 0.675949 0.413259
vt 0.677166 0.414061
vt 0.677166 0.414061
vt 0.675949 0.413259
vt 0.675322 0.419046
vt 0.675949 0.413259
vt 0.673965 0.418625
vt 0.675322 0.419046
vt 0.675322 0.419046
vt 0.673965 0.418625
vt 0.674693 0.424397
vt 0.673965 0.418625
vt 0.673288 0.424384
vt 0.674693 0.424397
vt 0.298581 0.961962
vt 0.297126 0.961966
vt 0.299107 0.957679
vt 0.297126 0.961966
vt 0.297701 0.957284
vt 0.299107 0.957679
vt 0.299107 0.957679
vt 0.297701 0.957284
vt 0.300651 0.953687
vt 0.297701 0.957284
vt 0.299388 0.952922
vt 0.300651 0.953687
vt 0.297701 0.966648
vt 0.297126 0.961966
vt 0.298581 0.961962
vt 0.299107 0.966246
vt 0.297701 0.966648
vt 0.298581 0.961962
vt 0.299388 0.971011
vt 0.297701 0.966648
vt 0.299107 0.966246
vt 0.300651 0.970237
vt 0.299388 0.971011
vt 0.299107 0.966246
vt 0.302072 0.974757
vt 0.299388 0.971011
vt 0.300651 0.970237
vt 0.303106 0.973665
vt 0.302072 0.974757
vt 0.300651 0.970237
vt 0.305570 0.977632
vt 0.302072 0.974757
vt 0.303106 0.973665
vt 0.306306 0.976295
vt 0.305570 0.977632
vt 0.303106 0.973665
vt 0.309643 0.979439
vt 0.305570 0.977632
vt 0.306306 0.976295
vt 0.310033 0.977949
vt 0.309643 0.979439
vt 0.306306 0.976295
vt 0.314014 0.980056
vt 0.309643 0.979439
vt 0.310033 0.977949
vt 0.314032 0.978513
vt 0.314014 0.980056
vt 0.310033 0.977949
vt 0.300651 0.953687
vt 0.299388 0.952922
vt 0.303106 0.950260
vt 0.299388 0.952922
vt 0.302072 0.949175
vt 0.303106 0.950260
vt 0.303106 0.950260
vt 0.302072 0.949175
vt 0.306306 0.947630
vt 0.302072 0.949175
vt 0.305570 0.946301
vt 0.306306 0.947630
vt 0.306306 0.947630
vt 0.305570 0.946301
vt 0.310033 0.945977
vt 0.305570 0.946301
vt 0.309643 0.944494
vt 0.310033 0.945977
vt 0.310033 0.945977
vt 0.309643 0.944494
vt 0.314032 0.945413
vt 0.309643 0.944494
vt 0.314014 0.943878
vt 0.314032 0.945413
vt 0.622334 0.478668
vt 0.620879 0.478665
vt 0.622861 0.482952
vt 0.620879 0.478665
vt 0.621454 0.483346
vt 0.622861 0.482952
vt 0.622861 0.482952
vt 0.621454 0.483346
vt 0.624404 0.486943
vt 0.621454 0.483346
vt 0.623142 0.487709
vt 0.624404 0.486943
vt 0.621454 0.473983
vt 0.620879 0.478665
vt 0.622334 0.478668
vt 0.622861 0.474385
vt 0.621454 0.473983
vt 0.622334 0.478668
vt 0.623142 0.469620
vt 0.621454 0.473983
vt 0.622861 0.474385
vt 0.624404 0.470393
vt 0.623142 0.469620
vt 0.622861 0.474385
vt 0.625826 0.465874
vt 0.623142 0.469620
vt 0.624404 0.470393
vt 0.626860 0.466966
vt 0.625826 0.465874
vt 0.624404 0.470393
vt 0.629323 0.462999
vt 0.625826 0.465874
vt 0.626860 0.466966
vt 0.630060 0.464336
vt 0.629323 0.462999
vt 0.626860 0.466966
vt 0.633396 0.461192
vt 0.629323 0.462999
vt 0.630060 0.464336
vt 0.633786 0.462682
vt 0.633396 0.461192
vt 0.630060 0.464336
vt 0.637767 0.460575
vt 0.633396 0.461192
vt 0.633786 0.462682
vt 0.637785 0.462118
vt 0.637767 0.460575
vt 0.633786 0.462682
vt 0.624404 0.486943
vt 0.623142 0.487709
vt 0.626860 0.490371
vt 0.623142 0.487709
vt 0.625826 0.491455
vt 0.626860 0.490371
vt 0.626860 0.490371
vt 0.625826 0.491455
vt 0.630060 0.493001
vt 0.625826 0.491455
vt 0.629323 0.494330
vt 0.630060 0.493001
vt 0.630060 0.493001
vt 0.629323 0.494330
vt 0.633786 0.494654
vt 0.629323 0.494330
vt 0.633396 0.496137
vt 0.633786 0.494654
vt 0.633786 0.494654
vt 0.633396 0.496137
vt 0.637785 0.495218
vt 0.633396 0.496137
vt 0.637767 0.496753
vt 0.637785 0.495218
vt 0.303366 0.578895
vt 0.302189 0.578720
vt 0.304544 0.578720
vt 0.302189 0.578720
vt 0.301091 0.578205
vt 0.304544 0.578720
vt 0.301091 0.578205
vt 0.300149 0.577388
vt 0.304544 0.578720
vt 0.300149 0.577388
vt 0.299426 0.576321
vt 0.304544 0.578720
vt 0.299426 0.576321
vt 0.298972 0.575080
vt 0.304544 0.578720
vt 0.298972 0.575080
vt 0.298817 0.573748
vt 0.304544 0.578720
vt 0.298817 0.573748
vt 0.298972 0.572415
vt 0.304544 0.578720
vt 0.298972 0.572415
vt 0.299426 0.571174
vt 0.304544 0.578720
vt 0.299426 0.571174
vt 0.300149 0.570108
vt 0.304544 0.578720
vt 0.300149 0.570108
vt 0.301091 0.569290
vt 0.304544 0.578720
vt 0.301091 0.569290
vt 0.302189 0.568776
vt 0.304544 0.578720
vt 0.302189 0.568776
vt 0.303366 0.568600
vt 0.304544 0.578720
vt 0.303366 0.568600
vt 0.304544 0.568776
vt 0.304544 0.578720
vt 0.304544 0.568776
vt 0.305641 0.569290
vt 0.304544 0.578720
vt 0.305641 0.569290
vt 0.306584 0.570108
vt 0.304544 0.578720
vt 0.306584 0.570108
vt 0.307307 0.571174
vt 0.304544 0.578720
vt 0.307307 0.571174
vt 0.307761 0.572415
vt 0.304544 0.578720
vt 0.307761 0.572415
vt 0.307916 0.573748
vt 0.304544 0.578720
vt 0.307916 0.573748
vt 0.307761 0.575080
vt 0.304544 0.578720
vt 0.307761 0.575080
vt 0.307307 0.576321
vt 0.304544 0.578720
vt 0.307307 0.576321
vt 0.306584 0.577388
vt 0.304544 0.578720
vt 0.306584 0.577388
vt 0.305641 0.578205
vt 0.304544 0.578720
vt 0.307761 0.575080
vt 0.326712 0.580918
vt 0.307307 0.576321
vt 0.326712 0.580918
vt 0.326712 0.584879
vt 0.307307 0.576321
vt 0.326712 0.573748
vt 0.326712 0.580918
vt 0.307761 0.575080
vt 0.307916 0.573748
vt 0.326712 0.573748
vt 0.307761 0.575080
vt 0.326712 0.566577
vt 0.326712 0.573748
vt 0.307916 0.573748
vt 0.307761 0.572415
vt 0.326712 0.566577
vt 0.307916 0.573748
vt 0.326712 0.562616
vt 0.326712 0.566577
vt 0.307761 0.572415
vt 0.307307 0.571174
vt 0.326712 0.562616
vt 0.307761 0.572415
vt 0.739222 0.397705
vt 0.758664 0.389147
vt 0.739678 0.398946
vt 0.758664 0.389147
vt 0.758664 0.393108
vt 0.739678 0.398946
vt 0.739678 0.398946
vt 0.758664 0.393108
vt 0.739833 0.400278
vt 0.758664 0.393108
vt 0.758664 0.400278
vt 0.739833 0.400278
vt 0.739833 0.400278
vt 0.758664 0.400278
vt 0.739678 0.401610
vt 0.758664 0.400278
vt 0.758664 0.407448
vt 0.739678 0.401610
vt 0.739678 0.401610
vt 0.758664 0.407448
vt 0.739222 0.402852
vt 0.758664 0.407448
vt 0.758664 0.411410
vt 0.739222 0.402852
vt 0.014830 0.954291
vt 0.034235 0.945733
vt 0.015285 0.955532
vt 0.014830 0.954291
vt 0.015285 0.955532
vt 0.009712 0.951892
vt 0.014107 0.953225
vt 0.014830 0.954291
vt 0.009712 0.951892
vt 0.013165 0.952407
vt 0.014107 0.953225
vt 0.009712 0.951892
vt 0.012067 0.951892
vt 0.013165 0.952407
vt 0.009712 0.951892
vt 0.010890 0.951717
vt 0.012067 0.951892
vt 0.009712 0.951892
vt 0.015285 0.955532
vt 0.015440 0.956865
vt 0.009712 0.951892
vt 0.015440 0.956865
vt 0.015285 0.958197
vt 0.009712 0.951892
vt 0.015285 0.958197
vt 0.014830 0.959438
vt 0.009712 0.951892
vt 0.014830 0.959438
vt 0.014107 0.960504
vt 0.009712 0.951892
vt 0.014107 0.960504
vt 0.013165 0.961322
vt 0.009712 0.951892
vt 0.013165 0.961322
vt 0.012067 0.961837
vt 0.009712 0.951892
vt 0.012067 0.961837
vt 0.010890 0.962012
vt 0.009712 0.951892
vt 0.010890 0.962012
vt 0.009712 0.961837
vt 0.009712 0.951892
vt 0.009712 0.961837
vt 0.008615 0.961322
vt 0.009712 0.951892
vt 0.008615 0.961322
vt 0.007672 0.960504
vt 0.009712 0.951892
vt 0.007672 0.960504
vt 0.006949 0.959438
vt 0.009712 0.951892
vt 0.006949 0.959438
vt 0.006495 0.958197
vt 0.009712 0.951892
vt 0.006495 0.958197
vt 0.006340 0.956865
vt 0.009712 0.951892
vt 0.006340 0.956865
vt 0.006495 0.955532
vt 0.009712 0.951892
vt 0.006495 0.955532
vt 0.006949 0.954291
vt 0.009712 0.951892
vt 0.006949 0.954291
vt 0.007672 0.953225
vt 0.009712 0.951892
vt 0.007672 0.953225
vt 0.008615 0.952407
vt 0.009712 0.951892
vt 0.015285 0.958197
vt 0.034235 0.964035
vt 0.014830 0.959438
vt 0.034235 0.964035
vt 0.034235 0.967996
vt 0.014830 0.959438
vt 0.034235 0.956865
vt 0.034235 0.964035
vt 0.015285 0.958197
vt 0.015440 0.956865
vt 0.034235 0.956865
vt 0.015285 0.958197
vt 0.034235 0.949694
vt 0.034235 0.956865
vt 0.015440 0.956865
vt 0.015285 0.955532
vt 0.034235 0.949694
vt 0.015440 0.956865
vt 0.034235 0.945733
vt 0.034235 0.949694
vt 0.015285 0.955532
vt 0.024568 0.768125
vt 0.019248 0.788961
vt 0.025782 0.768295
vt 0.019248 0.788961
vt 0.025782 0.788961
vt 0.025782 0.768295
vt 0.025782 0.768295
vt 0.025782 0.788961
vt 0.026996 0.768125
vt 0.025782 0.788961
vt 0.032316 0.788961
vt 0.026996 0.768125
vt 0.026996 0.768125
vt 0.032316 0.788961
vt 0.028127 0.767625
vt 0.032316 0.788961
vt 0.035926 0.788961
vt 0.028127 0.767625
vt 0.015638 0.788961
vt 0.019248 0.788961
vt 0.024568 0.768125
vt 0.023437 0.767625
vt 0.015638 0.788961
vt 0.024568 0.768125
vt 0.237704 0.207647
vt 0.236514 0.207647
vt 0.236130 0.210853
vt 0.238088 0.210854
vt 0.237704 0.207647
vt 0.236130 0.210853
vt 0.238853 0.207309
vt 0.237704 0.207647
vt 0.238088 0.210854
vt 0.239980 0.210297
vt 0.238853 0.207309
vt 0.238088 0.210854
vt 0.239882 0.206657
vt 0.238853 0.207309
vt 0.239980 0.210297
vt 0.241677 0.209223
vt 0.239882 0.206657
vt 0.239980 0.210297
vt 0.240723 0.205734
vt 0.239882 0.206657
vt 0.241677 0.209223
vt 0.243062 0.207703
vt 0.240723 0.205734
vt 0.241677 0.209223
vt 0.241318 0.204604
vt 0.240723 0.205734
vt 0.243062 0.207703
vt 0.244041 0.205841
vt 0.241318 0.204604
vt 0.243062 0.207703
vt 0.241626 0.203343
vt 0.241318 0.204604
vt 0.244041 0.205841
vt 0.244548 0.203765
vt 0.241626 0.203343
vt 0.244041 0.205841
vt 0.241626 0.202038
vt 0.241626 0.203343
vt 0.244548 0.203765
vt 0.244548 0.201616
vt 0.241626 0.202038
vt 0.244548 0.203765
vt 0.241318 0.200777
vt 0.241626 0.202038
vt 0.244548 0.201616
vt 0.244041 0.199539
vt 0.241318 0.200777
vt 0.244548 0.201616
vt 0.240724 0.199647
vt 0.241318 0.200777
vt 0.244041 0.199539
vt 0.243062 0.197678
vt 0.240724 0.199647
vt 0.244041 0.199539
vt 0.239883 0.198724
vt 0.240724 0.199647
vt 0.243062 0.197678
vt 0.241677 0.196158
vt 0.239883 0.198724
vt 0.243062 0.197678
vt 0.238852 0.198071
vt 0.239883 0.198724
vt 0.241677 0.196158
vt 0.239980 0.195083
vt 0.238852 0.198071
vt 0.241677 0.196158
vt 0.237704 0.197733
vt 0.238852 0.198071
vt 0.239980 0.195083
vt 0.238088 0.194527
vt 0.237704 0.197733
vt 0.239980 0.195083
vt 0.236514 0.197733
vt 0.237704 0.197733
vt 0.238088 0.194527
vt 0.236130 0.194527
vt 0.236514 0.197733
vt 0.238088 0.194527
vt 0.234238 0.195083
vt 0.236130 0.194527
vt 0.235662 0.190631
vt 0.235662 0.190631
vt 0.236130 0.194527
vt 0.238556 0.190631
vt 0.236130 0.194527
vt 0.238088 0.194527
vt 0.238556 0.190631
vt 0.238556 0.190631
vt 0.238088 0.194527
vt 0.241351 0.191453
vt 0.238088 0.194527
vt 0.239980 0.195083
vt 0.241351 0.191453
vt 0.241351 0.191453
vt 0.239980 0.195083
vt 0.243856 0.193040
vt 0.239980 0.195083
vt 0.241677 0.196158
vt 0.243856 0.193040
vt 0.243856 0.193040
vt 0.241677 0.196158
vt 0.245903 0.195286
vt 0.241677 0.196158
vt 0.243062 0.197678
vt 0.245903 0.195286
vt 0.245903 0.195286
vt 0.243062 0.197678
vt 0.247349 0.198035
vt 0.243062 0.197678
vt 0.244041 0.199539
vt 0.247349 0.198035
vt 0.247349 0.198035
vt 0.244041 0.199539
vt 0.248098 0.201103
vt 0.244041 0.199539
vt 0.244548 0.201616
vt 0.248098 0.201103
vt 0.248098 0.201103
vt 0.244548 0.201616
vt 0.248098 0.204278
vt 0.244548 0.201616
vt 0.244548 0.203765
vt 0.248098 0.204278
vt 0.248098 0.204278
vt 0.244548 0.203765
vt 0.247349 0.207345
vt 0.244548 0.203765
vt 0.244041 0.205841
vt 0.247349 0.207345
vt 0.247349 0.207345
vt 0.244041 0.205841
vt 0.245902 0.210095
vt 0.244041 0.205841
vt 0.243062 0.207703
vt 0.245902 0.210095
vt 0.245902 0.210095
vt 0.243062 0.207703
vt 0.243856 0.212340
vt 0.243062 0.207703
vt 0.241677 0.209223
vt 0.243856 0.212340
vt 0.243856 0.212340
vt 0.241677 0.209223
vt 0.241351 0.213928
vt 0.241677 0.209223
vt 0.239980 0.210297
vt 0.241351 0.213928
vt 0.241351 0.213928
vt 0.239980 0.210297
vt 0.238556 0.214750
vt 0.239980 0.210297
vt 0.238088 0.210854
vt 0.238556 0.214750
vt 0.238556 0.214750
vt 0.238088 0.210854
vt 0.235662 0.214750
vt 0.238088 0.210854
vt 0.236130 0.210853
vt 0.235662 0.214750
vt 0.235662 0.214750
vt 0.236130 0.210853
vt 0.232868 0.213928
vt 0.236130 0.210853
vt 0.234238 0.210297
vt 0.232868 0.213928
vt 0.232868 0.213928
vt 0.234238 0.210297
vt 0.230362 0.212340
vt 0.234238 0.210297
vt 0.232542 0.209223
vt 0.230362 0.212340
vt 0.230362 0.212340
vt 0.232542 0.209223
vt 0.228316 0.210095
vt 0.232542 0.209223
vt 0.231157 0.207703
vt 0.228316 0.210095
vt 0.228316 0.210095
vt 0.231157 0.207703
vt 0.226869 0.207345
vt 0.231157 0.207703
vt 0.230177 0.205841
vt 0.226869 0.207345
vt 0.226869 0.207345
vt 0.230177 0.205841
vt 0.226120 0.204278
vt 0.230177 0.205841
vt 0.229670 0.203765
vt 0.226120 0.204278
vt 0.226120 0.204278
vt 0.229670 0.203765
vt 0.226120 0.201103
vt 0.229670 0.203765
vt 0.229670 0.201615
vt 0.226120 0.201103
vt 0.226120 0.201103
vt 0.229670 0.201615
vt 0.226869 0.198035
vt 0.229670 0.201615
vt 0.230177 0.199539
vt 0.226869 0.198035
vt 0.226869 0.198035
vt 0.230177 0.199539
vt 0.228316 0.195286
vt 0.230177 0.199539
vt 0.231156 0.197678
vt 0.228316 0.195286
vt 0.228316 0.195286
vt 0.231156 0.197678
vt 0.230362 0.193040
vt 0.231156 0.197678
vt 0.232542 0.196158
vt 0.230362 0.193040
vt 0.230362 0.193040
vt 0.232542 0.196158
vt 0.232867 0.191453
vt 0.232542 0.196158
vt 0.234238 0.195083
vt 0.232867 0.191453
vt 0.232867 0.191453
vt 0.234238 0.195083
vt 0.235662 0.190631
vt 0.232542 0.196158
vt 0.234336 0.198724
vt 0.234238 0.195083
vt 0.234336 0.198724
vt 0.235366 0.198071
vt 0.234238 0.195083
vt 0.234238 0.195083
vt 0.235366 0.198071
vt 0.236130 0.194527
vt 0.235366 0.198071
vt 0.236514 0.197733
vt 0.236130 0.194527
vt 0.233495 0.199647
vt 0.234336 0.198724
vt 0.232542 0.196158
vt 0.231156 0.197678
vt 0.233495 0.199647
vt 0.232542 0.196158
vt 0.232900 0.200777
vt 0.233495 0.199647
vt 0.231156 0.197678
vt 0.230177 0.199539
vt 0.232900 0.200777
vt 0.231156 0.197678
vt 0.232592 0.202038
vt 0.232900 0.200777
vt 0.230177 0.199539
vt 0.229670 0.201615
vt 0.232592 0.202038
vt 0.230177 0.199539
vt 0.232592 0.203343
vt 0.232592 0.202038
vt 0.229670 0.201615
vt 0.229670 0.203765
vt 0.232592 0.203343
vt 0.229670 0.201615
vt 0.232900 0.204603
vt 0.232592 0.203343
vt 0.229670 0.203765
vt 0.230177 0.205841
vt 0.232900 0.204603
vt 0.229670 0.203765
vt 0.233495 0.205734
vt 0.232900 0.204603
vt 0.230177 0.205841
vt 0.231157 0.207703
vt 0.233495 0.205734
vt 0.230177 0.205841
vt 0.234336 0.206657
vt 0.233495 0.205734
vt 0.231157 0.207703
vt 0.232542 0.209223
vt 0.234336 0.206657
vt 0.231157 0.207703
vt 0.235366 0.207309
vt 0.234336 0.206657
vt 0.232542 0.209223
vt 0.234238 0.210297
vt 0.235366 0.207309
vt 0.232542 0.209223
vt 0.236514 0.207647
vt 0.235366 0.207309
vt 0.234238 0.210297
vt 0.236130 0.210853
vt 0.236514 0.207647
vt 0.234238 0.210297
vt 0.938698 0.045049
vt 0.939005 0.043788
vt 0.941927 0.044210
vt 0.941927 0.044210
vt 0.939005 0.043788
vt 0.941927 0.042061
vt 0.939005 0.043788
vt 0.939005 0.042483
vt 0.941927 0.042061
vt 0.941927 0.042061
vt 0.939005 0.042483
vt 0.941420 0.039984
vt 0.939005 0.042483
vt 0.938698 0.041222
vt 0.941420 0.039984
vt 0.941420 0.039984
vt 0.938698 0.041222
vt 0.940441 0.038123
vt 0.938698 0.041222
vt 0.938103 0.040092
vt 0.940441 0.038123
vt 0.940441 0.038123
vt 0.938103 0.040092
vt 0.939056 0.036603
vt 0.938103 0.040092
vt 0.937262 0.039169
vt 0.939056 0.036603
vt 0.939056 0.036603
vt 0.937262 0.039169
vt 0.937360 0.035528
vt 0.937262 0.039169
vt 0.936232 0.038516
vt 0.937360 0.035528
vt 0.937360 0.035528
vt 0.936232 0.038516
vt 0.935468 0.034972
vt 0.936232 0.038516
vt 0.935083 0.038179
vt 0.935468 0.034972
vt 0.935468 0.034972
vt 0.935083 0.038179
vt 0.933509 0.034972
vt 0.935083 0.038179
vt 0.933894 0.038179
vt 0.933509 0.034972
vt 0.933509 0.034972
vt 0.933894 0.038179
vt 0.931617 0.035528
vt 0.933894 0.038179
vt 0.932745 0.038516
vt 0.931617 0.035528
vt 0.931617 0.035528
vt 0.932745 0.038516
vt 0.929921 0.036603
vt 0.932745 0.038516
vt 0.931715 0.039169
vt 0.929921 0.036603
vt 0.929921 0.036603
vt 0.931715 0.039169
vt 0.928536 0.038123
vt 0.924249 0.038481
vt 0.927557 0.039984
vt 0.923500 0.041548
vt 0.931715 0.039169
vt 0.930874 0.040092
vt 0.928536 0.038123
vt 0.927557 0.039984
vt 0.930279 0.041222
vt 0.927050 0.042061
vt 0.930874 0.040092
vt 0.930279 0.041222
vt 0.927557 0.039984
vt 0.928536 0.038123
vt 0.930874 0.040092
vt 0.927557 0.039984
vt 0.928536 0.038123
vt 0.927557 0.039984
vt 0.924249 0.038481
vt 0.925695 0.035731
vt 0.928536 0.038123
vt 0.924249 0.038481
vt 0.929921 0.036603
vt 0.928536 0.038123
vt 0.925695 0.035731
vt 0.927741 0.033485
vt 0.929921 0.036603
vt 0.925695 0.035731
vt 0.931617 0.035528
vt 0.929921 0.036603
vt 0.927741 0.033485
vt 0.930247 0.031898
vt 0.931617 0.035528
vt 0.927741 0.033485
vt 0.933509 0.034972
vt 0.931617 0.035528
vt 0.930247 0.031898
vt 0.933042 0.031076
vt 0.933509 0.034972
vt 0.930247 0.031898
vt 0.935468 0.034972
vt 0.933509 0.034972
vt 0.933042 0.031076
vt 0.935935 0.031076
vt 0.935468 0.034972
vt 0.933042 0.031076
vt 0.937360 0.035528
vt 0.935468 0.034972
vt 0.935935 0.031076
vt 0.938730 0.031898
vt 0.937360 0.035528
vt 0.935935 0.031076
vt 0.939056 0.036603
vt 0.937360 0.035528
vt 0.938730 0.031898
vt 0.941236 0.033486
vt 0.939056 0.036603
vt 0.938730 0.031898
vt 0.940441 0.038123
vt 0.939056 0.036603
vt 0.941236 0.033486
vt 0.943282 0.035731
vt 0.940441 0.038123
vt 0.941236 0.033486
vt 0.941420 0.039984
vt 0.940441 0.038123
vt 0.943282 0.035731
vt 0.944729 0.038481
vt 0.941420 0.039984
vt 0.943282 0.035731
vt 0.941927 0.042061
vt 0.941420 0.039984
vt 0.944729 0.038481
vt 0.945478 0.041548
vt 0.941927 0.042061
vt 0.944729 0.038481
vt 0.941927 0.044210
vt 0.941927 0.042061
vt 0.945478 0.041548
vt 0.945478 0.044723
vt 0.941927 0.044210
vt 0.945478 0.041548
vt 0.941420 0.046286
vt 0.941927 0.044210
vt 0.945478 0.044723
vt 0.944729 0.047790
vt 0.941420 0.046286
vt 0.945478 0.044723
vt 0.940441 0.048148
vt 0.941420 0.046286
vt 0.944729 0.047790
vt 0.943282 0.050540
vt 0.940441 0.048148
vt 0.944729 0.047790
vt 0.939056 0.049668
vt 0.940441 0.048148
vt 0.943282 0.050540
vt 0.941236 0.052785
vt 0.939056 0.049668
vt 0.943282 0.050540
vt 0.937360 0.050742
vt 0.939056 0.049668
vt 0.941236 0.052785
vt 0.938730 0.054373
vt 0.937360 0.050742
vt 0.941236 0.052785
vt 0.935468 0.051299
vt 0.937360 0.050742
vt 0.938730 0.054373
vt 0.935935 0.055195
vt 0.935468 0.051299
vt 0.938730 0.054373
vt 0.933509 0.051299
vt 0.935468 0.051299
vt 0.935935 0.055195
vt 0.933042 0.055195
vt 0.933509 0.051299
vt 0.935935 0.055195
vt 0.931617 0.050742
vt 0.933509 0.051299
vt 0.933042 0.055195
vt 0.930247 0.054373
vt 0.931617 0.050742
vt 0.933042 0.055195
vt 0.929921 0.049668
vt 0.931617 0.050742
vt 0.930247 0.054373
vt 0.927741 0.052785
vt 0.929921 0.049668
vt 0.930247 0.054373
vt 0.928536 0.048148
vt 0.929921 0.049668
vt 0.927741 0.052785
vt 0.925695 0.050540
vt 0.928536 0.048148
vt 0.927741 0.052785
vt 0.927557 0.046286
vt 0.928536 0.048148
vt 0.925695 0.050540
vt 0.924249 0.047790
vt 0.927557 0.046286
vt 0.925695 0.050540
vt 0.927050 0.044210
vt 0.927557 0.046286
vt 0.924249 0.047790
vt 0.923500 0.044723
vt 0.927050 0.044210
vt 0.924249 0.047790
vt 0.927050 0.042061
vt 0.927050 0.044210
vt 0.923500 0.044723
vt 0.923500 0.041548
vt 0.927050 0.042061
vt 0.923500 0.044723
vt 0.927557 0.039984
vt 0.927050 0.042061
vt 0.923500 0.041548
vt 0.927050 0.042061
vt 0.929972 0.042483
vt 0.927050 0.044210
vt 0.929972 0.042483
vt 0.929972 0.043788
vt 0.927050 0.044210
vt 0.930279 0.041222
vt 0.929972 0.042483
vt 0.927050 0.042061
vt 0.927050 0.044210
vt 0.929972 0.043788
vt 0.927557 0.046286
vt 0.929972 0.043788
vt 0.930279 0.045049
vt 0.927557 0.046286
vt 0.927557 0.046286
vt 0.930279 0.045049
vt 0.928536 0.048148
vt 0.930279 0.045049
vt 0.930874 0.046179
vt 0.928536 0.048148
vt 0.928536 0.048148
vt 0.930874 0.046179
vt 0.929921 0.049668
vt 0.930874 0.046179
vt 0.931715 0.047102
vt 0.929921 0.049668
vt 0.929921 0.049668
vt 0.931715 0.047102
vt 0.931617 0.050742
vt 0.931715 0.047102
vt 0.932745 0.047755
vt 0.931617 0.050742
vt 0.931617 0.050742
vt 0.932745 0.047755
vt 0.933509 0.051299
vt 0.932745 0.047755
vt 0.933894 0.048092
vt 0.933509 0.051299
vt 0.933509 0.051299
vt 0.933894 0.048092
vt 0.935468 0.051299
vt 0.933894 0.048092
vt 0.935083 0.048092
vt 0.935468 0.051299
vt 0.935468 0.051299
vt 0.935083 0.048092
vt 0.937360 0.050742
vt 0.935083 0.048092
vt 0.936232 0.047755
vt 0.937360 0.050742
vt 0.937360 0.050742
vt 0.936232 0.047755
vt 0.939056 0.049668
vt 0.936232 0.047755
vt 0.937262 0.047102
vt 0.939056 0.049668
vt 0.939056 0.049668
vt 0.937262 0.047102
vt 0.940441 0.048148
vt 0.937262 0.047102
vt 0.938103 0.046179
vt 0.940441 0.048148
vt 0.940441 0.048148
vt 0.938103 0.046179
vt 0.941420 0.046286
vt 0.938103 0.046179
vt 0.938698 0.045049
vt 0.941420 0.046286
vt 0.941420 0.046286
vt 0.938698 0.045049
vt 0.941927 0.044210
vt 0.430685 0.884508
vt 0.430685 0.907699
vt 0.427303 0.884508
vt 0.430685 0.907699
vt 0.427303 0.907699
vt 0.427303 0.884508
vt 0.240490 0.146104
vt 0.240490 0.169295
vt 0.237109 0.146104
vt 0.240490 0.169295
vt 0.237109 0.169295
vt 0.237109 0.146104
vt 0.017329 0.729592
vt 0.020710 0.729592
vt 0.020710 0.706401
vt 0.017329 0.706401
vt 0.017329 0.729592
vt 0.020710 0.706401
vt 0.022401 0.465213
vt 0.022401 0.468924
vt 0.001268 0.468924
vt 0.001268 0.465213
vt 0.022401 0.465213
vt 0.001268 0.468924
vt 0.004649 0.694072
vt 0.004649 0.690167
vt 0.011412 0.690167
vt 0.011412 0.694072
vt 0.004649 0.694072
vt 0.011412 0.690167
vt 0.011412 0.690167
vt 0.004649 0.690167
vt 0.011412 0.686262
vt 0.004649 0.690167
vt 0.004649 0.686262
vt 0.011412 0.686262
vt 0.011412 0.686262
vt 0.004649 0.686262
vt 0.011412 0.682624
vt 0.004649 0.686262
vt 0.004649 0.682624
vt 0.011412 0.682624
vt 0.011412 0.682624
vt 0.004649 0.682624
vt 0.011412 0.679499
vt 0.004649 0.682624
vt 0.004649 0.679499
vt 0.011412 0.679499
vt 0.004649 0.697710
vt 0.004649 0.694072
vt 0.011412 0.694072
vt 0.011412 0.697710
vt 0.004649 0.697710
vt 0.011412 0.694072
vt 0.004649 0.700835
vt 0.004649 0.697710
vt 0.011412 0.697710
vt 0.011412 0.700835
vt 0.004649 0.700835
vt 0.011412 0.697710
vt 0.915892 0.595232
vt 0.921806 0.595232
vt 0.915892 0.591254
vt 0.921806 0.595232
vt 0.921806 0.591254
vt 0.915892 0.591254
vt 0.921807 0.599070
vt 0.921806 0.595232
vt 0.915892 0.595232
vt 0.915893 0.599069
vt 0.921807 0.599070
vt 0.915892 0.595232
vt 0.921809 0.602505
vt 0.921807 0.599070
vt 0.915893 0.599069
vt 0.915894 0.602505
vt 0.921809 0.602505
vt 0.915893 0.599069
vt 0.915892 0.591254
vt 0.921806 0.591254
vt 0.915893 0.587407
vt 0.921806 0.591254
vt 0.921807 0.587407
vt 0.915893 0.587407
vt 0.915893 0.587407
vt 0.921807 0.587407
vt 0.915894 0.583952
vt 0.921807 0.587407
vt 0.921809 0.583952
vt 0.915894 0.583952
vt 0.233305 0.302876
vt 0.233305 0.295455
vt 0.236863 0.302876
vt 0.233305 0.295455
vt 0.236863 0.295455
vt 0.236863 0.302876
vt 0.236863 0.302876
vt 0.236863 0.295455
vt 0.240179 0.302876
vt 0.236863 0.295455
vt 0.240179 0.295455
vt 0.240179 0.302876
vt 0.240179 0.302876
vt 0.240179 0.295455
vt 0.243026 0.302876
vt 0.240179 0.295455
vt 0.243026 0.295455
vt 0.243026 0.302876
vt 0.229747 0.295455
vt 0.233305 0.295455
vt 0.233305 0.302876
vt 0.229747 0.302876
vt 0.229747 0.295455
vt 0.233305 0.302876
vt 0.226431 0.295455
vt 0.229747 0.295455
vt 0.229747 0.302876
vt 0.226431 0.302876
vt 0.226431 0.295455
vt 0.229747 0.302876
vt 0.223584 0.295455
vt 0.226431 0.295455
vt 0.226431 0.302876
vt 0.223584 0.302876
vt 0.223584 0.295455
vt 0.226431 0.302876
vt 0.403635 0.587265
vt 0.409552 0.587265
vt 0.403635 0.583422
vt 0.409552 0.587265
vt 0.409552 0.583422
vt 0.403635 0.583422
vt 0.409552 0.591108
vt 0.409552 0.587265
vt 0.403635 0.587265
vt 0.403635 0.591108
vt 0.409552 0.591108
vt 0.403635 0.587265
vt 0.409552 0.594951
vt 0.409552 0.591108
vt 0.403635 0.591108
vt 0.403635 0.594951
vt 0.409552 0.594951
vt 0.403635 0.591108
vt 0.409552 0.598794
vt 0.409552 0.594951
vt 0.403635 0.594951
vt 0.403635 0.598794
vt 0.409552 0.598794
vt 0.403635 0.594951
vt 0.403635 0.583422
vt 0.409552 0.583422
vt 0.403635 0.579579
vt 0.409552 0.583422
vt 0.409552 0.579579
vt 0.403635 0.579579
vt 0.403635 0.579579
vt 0.409552 0.579579
vt 0.403635 0.575736
vt 0.409552 0.579579
vt 0.409552 0.575736
vt 0.403635 0.575736
vt 0.403635 0.575736
vt 0.409552 0.575736
vt 0.403635 0.571892
vt 0.409552 0.575736
vt 0.409552 0.571892
vt 0.403635 0.571892
vt 0.626697 0.029252
vt 0.625225 0.031358
vt 0.629716 0.031165
vt 0.625225 0.031358
vt 0.628791 0.033617
vt 0.629716 0.031165
vt 0.629716 0.031165
vt 0.628791 0.033617
vt 0.633084 0.032156
vt 0.628791 0.033617
vt 0.632768 0.034787
vt 0.633084 0.032156
vt 0.622313 0.028163
vt 0.625225 0.031358
vt 0.626697 0.029252
vt 0.624232 0.026547
vt 0.622313 0.028163
vt 0.626697 0.029252
vt 0.620254 0.024250
vt 0.622313 0.028163
vt 0.624232 0.026547
vt 0.622489 0.023234
vt 0.620254 0.024250
vt 0.624232 0.026547
vt 0.619189 0.019885
vt 0.620254 0.024250
vt 0.622489 0.023234
vt 0.621586 0.019538
vt 0.619189 0.019885
vt 0.622489 0.023234
vt 0.619188 0.015366
vt 0.619189 0.019885
vt 0.621586 0.019538
vt 0.621586 0.015712
vt 0.619188 0.015366
vt 0.621586 0.019538
vt 0.620254 0.011001
vt 0.619188 0.015366
vt 0.621586 0.015712
vt 0.622488 0.012017
vt 0.620254 0.011001
vt 0.621586 0.015712
vt 0.622313 0.007088
vt 0.620254 0.011001
vt 0.622488 0.012017
vt 0.624231 0.008703
vt 0.622313 0.007088
vt 0.622488 0.012017
vt 0.625225 0.003893
vt 0.622313 0.007088
vt 0.624231 0.008703
vt 0.626697 0.005998
vt 0.625225 0.003893
vt 0.624231 0.008703
vt 0.628790 0.001633
vt 0.625225 0.003893
vt 0.626697 0.005998
vt 0.629716 0.004085
vt 0.628790 0.001633
vt 0.626697 0.005998
vt 0.632768 0.000464
vt 0.628790 0.001633
vt 0.629716 0.004085
vt 0.633083 0.003095
vt 0.632768 0.000464
vt 0.629716 0.004085
vt 0.636885 0.000464
vt 0.632768 0.000464
vt 0.633083 0.003095
vt 0.636570 0.003095
vt 0.636885 0.000464
vt 0.633083 0.003095
vt 0.640863 0.001633
vt 0.636885 0.000464
vt 0.636570 0.003095
vt 0.639937 0.004085
vt 0.640863 0.001633
vt 0.636570 0.003095
vt 0.644429 0.003892
vt 0.640863 0.001633
vt 0.639937 0.004085
vt 0.642957 0.005998
vt 0.644429 0.003892
vt 0.639937 0.004085
vt 0.647340 0.007088
vt 0.644429 0.003892
vt 0.642957 0.005998
vt 0.645422 0.008703
vt 0.647340 0.007088
vt 0.642957 0.005998
vt 0.649399 0.011001
vt 0.647340 0.007088
vt 0.645422 0.008703
vt 0.647165 0.012016
vt 0.649399 0.011001
vt 0.645422 0.008703
vt 0.650465 0.015366
vt 0.649399 0.011001
vt 0.647165 0.012016
vt 0.648067 0.015712
vt 0.650465 0.015366
vt 0.647165 0.012016
vt 0.650465 0.019884
vt 0.650465 0.015366
vt 0.648067 0.015712
vt 0.648068 0.019538
vt 0.650465 0.019884
vt 0.648067 0.015712
vt 0.649399 0.024249
vt 0.650465 0.019884
vt 0.648068 0.019538
vt 0.647165 0.023233
vt 0.649399 0.024249
vt 0.648068 0.019538
vt 0.647341 0.028162
vt 0.649399 0.024249
vt 0.647165 0.023233
vt 0.645422 0.026547
vt 0.647341 0.028162
vt 0.647165 0.023233
vt 0.644429 0.031357
vt 0.647341 0.028162
vt 0.645422 0.026547
vt 0.642957 0.029252
vt 0.644429 0.031357
vt 0.645422 0.026547
vt 0.640863 0.033617
vt 0.644429 0.031357
vt 0.642957 0.029252
vt 0.639938 0.031165
vt 0.640863 0.033617
vt 0.642957 0.029252
vt 0.636886 0.034787
vt 0.640863 0.033617
vt 0.639938 0.031165
vt 0.636570 0.032156
vt 0.636886 0.034787
vt 0.639938 0.031165
vt 0.632768 0.034787
vt 0.636886 0.034787
vt 0.636570 0.032156
vt 0.633084 0.032156
vt 0.632768 0.034787
vt 0.636570 0.032156
vt 0.613243 0.393894
vt 0.611324 0.395509
vt 0.611499 0.390580
vt 0.611324 0.395509
vt 0.609265 0.391596
vt 0.611499 0.390580
vt 0.611499 0.390580
vt 0.609265 0.391596
vt 0.610597 0.386885
vt 0.609265 0.391596
vt 0.608199 0.387231
vt 0.610597 0.386885
vt 0.614236 0.398704
vt 0.611324 0.395509
vt 0.613243 0.393894
vt 0.615708 0.396599
vt 0.614236 0.398704
vt 0.613243 0.393894
vt 0.617801 0.400964
vt 0.614236 0.398704
vt 0.615708 0.396599
vt 0.618727 0.398512
vt 0.617801 0.400964
vt 0.615708 0.396599
vt 0.621779 0.402134
vt 0.617801 0.400964
vt 0.618727 0.398512
vt 0.622094 0.399503
vt 0.621779 0.402134
vt 0.618727 0.398512
vt 0.625896 0.402134
vt 0.621779 0.402134
vt 0.622094 0.399503
vt 0.625581 0.399503
vt 0.625896 0.402134
vt 0.622094 0.399503
vt 0.629874 0.400964
vt 0.625896 0.402134
vt 0.625581 0.399503
vt 0.628948 0.398512
vt 0.629874 0.400964
vt 0.625581 0.399503
vt 0.633440 0.398705
vt 0.629874 0.400964
vt 0.628948 0.398512
vt 0.631968 0.396599
vt 0.633440 0.398705
vt 0.628948 0.398512
vt 0.636351 0.395510
vt 0.633440 0.398705
vt 0.631968 0.396599
vt 0.634433 0.393894
vt 0.636351 0.395510
vt 0.631968 0.396599
vt 0.638410 0.391597
vt 0.636351 0.395510
vt 0.634433 0.393894
vt 0.636176 0.390581
vt 0.638410 0.391597
vt 0.634433 0.393894
vt 0.639476 0.387232
vt 0.638410 0.391597
vt 0.636176 0.390581
vt 0.637078 0.386885
vt 0.639476 0.387232
vt 0.636176 0.390581
vt 0.639476 0.382713
vt 0.639476 0.387232
vt 0.637078 0.386885
vt 0.637079 0.383059
vt 0.639476 0.382713
vt 0.637078 0.386885
vt 0.638410 0.378348
vt 0.639476 0.382713
vt 0.637079 0.383059
vt 0.636176 0.379364
vt 0.638410 0.378348
vt 0.637079 0.383059
vt 0.636352 0.374435
vt 0.638410 0.378348
vt 0.636176 0.379364
vt 0.634433 0.376050
vt 0.636352 0.374435
vt 0.636176 0.379364
vt 0.633440 0.371240
vt 0.636352 0.374435
vt 0.634433 0.376050
vt 0.631968 0.373345
vt 0.633440 0.371240
vt 0.634433 0.376050
vt 0.629874 0.368980
vt 0.633440 0.371240
vt 0.631968 0.373345
vt 0.628949 0.371432
vt 0.629874 0.368980
vt 0.631968 0.373345
vt 0.625897 0.367811
vt 0.629874 0.368980
vt 0.628949 0.371432
vt 0.625581 0.370442
vt 0.625897 0.367811
vt 0.628949 0.371432
vt 0.621779 0.367811
vt 0.625897 0.367811
vt 0.625581 0.370442
vt 0.622095 0.370442
vt 0.621779 0.367811
vt 0.625581 0.370442
vt 0.617802 0.368980
vt 0.621779 0.367811
vt 0.622095 0.370442
vt 0.618727 0.371432
vt 0.617802 0.368980
vt 0.622095 0.370442
vt 0.614236 0.371239
vt 0.617802 0.368980
vt 0.618727 0.371432
vt 0.615708 0.373345
vt 0.614236 0.371239
vt 0.618727 0.371432
vt 0.611324 0.374435
vt 0.614236 0.371239
vt 0.615708 0.373345
vt 0.613243 0.376050
vt 0.611324 0.374435
vt 0.615708 0.373345
vt 0.609265 0.378348
vt 0.611324 0.374435
vt 0.613243 0.376050
vt 0.611500 0.379363
vt 0.609265 0.378348
vt 0.613243 0.376050
vt 0.608200 0.382713
vt 0.609265 0.378348
vt 0.611500 0.379363
vt 0.610597 0.383059
vt 0.608200 0.382713
vt 0.611500 0.379363
vt 0.610597 0.386885
vt 0.608199 0.387231
vt 0.610597 0.383059
vt 0.608199 0.387231
vt 0.608200 0.382713
vt 0.610597 0.383059
vt 0.106618 0.512523
vt 0.106618 0.511132
vt 0.104396 0.511132
vt 0.106618 0.512523
vt 0.109467 0.512523
vt 0.106618 0.511132
vt 0.109467 0.512523
vt 0.109467 0.511132
vt 0.106618 0.511132
vt 0.104396 0.512523
vt 0.106618 0.512523
vt 0.104396 0.511132
vt 0.106618 0.511132
vt 0.109467 0.511132
vt 0.106618 0.509740
vt 0.109467 0.511132
vt 0.109467 0.509740
vt 0.106618 0.509740
vt 0.104396 0.511132
vt 0.106618 0.511132
vt 0.104396 0.509740
vt 0.106618 0.511132
vt 0.106618 0.509740
vt 0.104396 0.509740
vt 0.106618 0.513914
vt 0.106618 0.512523
vt 0.104396 0.512523
vt 0.106618 0.513914
vt 0.109467 0.513914
vt 0.106618 0.512523
vt 0.109467 0.513914
vt 0.109467 0.512523
vt 0.106618 0.512523
vt 0.104396 0.513914
vt 0.106618 0.513914
vt 0.104396 0.512523
vt 0.109467 0.515306
vt 0.109467 0.513914
vt 0.106618 0.513914
vt 0.104396 0.515306
vt 0.106618 0.515306
vt 0.104396 0.513914
vt 0.106618 0.515306
vt 0.106618 0.513914
vt 0.104396 0.513914
vt 0.106618 0.515306
vt 0.109467 0.515306
vt 0.106618 0.513914
vt 0.104396 0.509740
vt 0.106618 0.509740
vt 0.104396 0.508349
vt 0.106618 0.509740
vt 0.106618 0.508349
vt 0.104396 0.508349
vt 0.104396 0.508349
vt 0.106618 0.508349
vt 0.104396 0.506957
vt 0.106618 0.508349
vt 0.106618 0.506957
vt 0.104396 0.506957
vt 0.952240 0.639266
vt 0.952240 0.642393
vt 0.951002 0.639266
vt 0.952240 0.642393
vt 0.951002 0.642393
vt 0.951002 0.639266
vt 0.952240 0.636827
vt 0.952240 0.639266
vt 0.951002 0.636827
vt 0.952240 0.639266
vt 0.951002 0.639266
vt 0.951002 0.636827
vt 0.951002 0.636827
vt 0.951002 0.639266
vt 0.949849 0.636827
vt 0.951002 0.639266
vt 0.949849 0.639266
vt 0.949849 0.636827
vt 0.951002 0.639266
vt 0.951002 0.642393
vt 0.949849 0.639266
vt 0.951002 0.642393
vt 0.949849 0.642393
vt 0.949849 0.639266
vt 0.949849 0.639266
vt 0.949849 0.642393
vt 0.948859 0.639266
vt 0.949849 0.642393
vt 0.948859 0.642393
vt 0.948859 0.639266
vt 0.949849 0.636827
vt 0.949849 0.639266
vt 0.948859 0.636827
vt 0.949849 0.639266
vt 0.948859 0.639266
vt 0.948859 0.636827
vt 0.953478 0.642393
vt 0.952240 0.642393
vt 0.952240 0.639266
vt 0.953478 0.636827
vt 0.953478 0.639266
vt 0.952240 0.636827
vt 0.953478 0.639266
vt 0.952240 0.639266
vt 0.952240 0.636827
vt 0.953478 0.639266
vt 0.953478 0.642393
vt 0.952240 0.639266
vt 0.954631 0.642393
vt 0.953478 0.642393
vt 0.953478 0.639266
vt 0.954631 0.636827
vt 0.954631 0.639266
vt 0.953478 0.636827
vt 0.954631 0.639266
vt 0.953478 0.639266
vt 0.953478 0.636827
vt 0.954631 0.639266
vt 0.954631 0.642393
vt 0.953478 0.639266
vt 0.955621 0.642393
vt 0.954631 0.642393
vt 0.954631 0.639266
vt 0.955621 0.636827
vt 0.955621 0.639266
vt 0.954631 0.636827
vt 0.955621 0.639266
vt 0.954631 0.639266
vt 0.954631 0.636827
vt 0.955621 0.639266
vt 0.955621 0.642393
vt 0.954631 0.639266
vt 0.022823 0.634628
vt 0.021555 0.634628
vt 0.021555 0.632189
vt 0.022823 0.634628
vt 0.022823 0.637755
vt 0.021555 0.634628
vt 0.022823 0.637755
vt 0.021555 0.637755
vt 0.021555 0.634628
vt 0.022823 0.632189
vt 0.022823 0.634628
vt 0.021555 0.632189
vt 0.024091 0.634628
vt 0.022823 0.634628
vt 0.022823 0.632189
vt 0.024091 0.634628
vt 0.024091 0.637755
vt 0.022823 0.634628
vt 0.024091 0.637755
vt 0.022823 0.637755
vt 0.022823 0.634628
vt 0.024091 0.632189
vt 0.024091 0.634628
vt 0.022823 0.632189
vt 0.021555 0.632189
vt 0.021555 0.634628
vt 0.020288 0.632189
vt 0.021555 0.634628
vt 0.020288 0.634628
vt 0.020288 0.632189
vt 0.021555 0.634628
vt 0.021555 0.637755
vt 0.020288 0.634628
vt 0.021555 0.637755
vt 0.020288 0.637755
vt 0.020288 0.634628
vt 0.020288 0.632189
vt 0.020288 0.634628
vt 0.019019 0.632189
vt 0.020288 0.634628
vt 0.019019 0.634628
vt 0.019019 0.632189
vt 0.020288 0.634628
vt 0.020288 0.637755
vt 0.019019 0.634628
vt 0.020288 0.637755
vt 0.019019 0.637755
vt 0.019019 0.634628
vt 0.025359 0.634628
vt 0.024091 0.634628
vt 0.024091 0.632189
vt 0.025359 0.632189
vt 0.025359 0.634628
vt 0.024091 0.632189
vt 0.026627 0.634628
vt 0.025359 0.634628
vt 0.025359 0.632189
vt 0.026627 0.632189
vt 0.026627 0.634628
vt 0.025359 0.632189
vt 0.034767 0.019944
vt 0.037616 0.019944
vt 0.034767 0.021303
vt 0.037616 0.019944
vt 0.037616 0.021303
vt 0.034767 0.021303
vt 0.032544 0.019944
vt 0.034767 0.019944
vt 0.032544 0.021303
vt 0.034767 0.019944
vt 0.034767 0.021303
vt 0.032544 0.021303
vt 0.034767 0.018586
vt 0.034767 0.019944
vt 0.032544 0.019944
vt 0.034767 0.018586
vt 0.037616 0.018586
vt 0.034767 0.019944
vt 0.037616 0.018586
vt 0.037616 0.019944
vt 0.034767 0.019944
vt 0.032544 0.018586
vt 0.034767 0.018586
vt 0.032544 0.019944
vt 0.034767 0.017321
vt 0.034767 0.018586
vt 0.032544 0.018586
vt 0.034767 0.017321
vt 0.037616 0.017321
vt 0.034767 0.018586
vt 0.037616 0.017321
vt 0.037616 0.018586
vt 0.034767 0.018586
vt 0.032544 0.017321
vt 0.034767 0.017321
vt 0.032544 0.018586
vt 0.034767 0.016234
vt 0.034767 0.017321
vt 0.032544 0.017321
vt 0.034767 0.016234
vt 0.037616 0.016234
vt 0.034767 0.017321
vt 0.037616 0.016234
vt 0.037616 0.017321
vt 0.034767 0.017321
vt 0.032544 0.016234
vt 0.034767 0.016234
vt 0.032544 0.017321
vt 0.032544 0.021303
vt 0.034767 0.021303
vt 0.032544 0.022568
vt 0.034767 0.021303
vt 0.034767 0.022568
vt 0.032544 0.022568
vt 0.034767 0.021303
vt 0.037616 0.021303
vt 0.034767 0.022568
vt 0.037616 0.021303
vt 0.037616 0.022568
vt 0.034767 0.022568
vt 0.032544 0.022568
vt 0.034767 0.022568
vt 0.032544 0.023655
vt 0.034767 0.022568
vt 0.034767 0.023655
vt 0.032544 0.023655
vt 0.034767 0.022568
vt 0.037616 0.022568
vt 0.034767 0.023655
vt 0.037616 0.022568
vt 0.037616 0.023655
vt 0.034767 0.023655
vt 0.452451 0.189119
vt 0.452451 0.185993
vt 0.453720 0.189119
vt 0.452451 0.185993
vt 0.453720 0.185993
vt 0.453720 0.189119
vt 0.452451 0.191558
vt 0.452451 0.189119
vt 0.453720 0.191558
vt 0.452451 0.189119
vt 0.453720 0.189119
vt 0.453720 0.191558
vt 0.451226 0.185993
vt 0.452451 0.185993
vt 0.452451 0.189119
vt 0.451225 0.191558
vt 0.451225 0.189119
vt 0.452451 0.191558
vt 0.451225 0.189119
vt 0.452451 0.189119
vt 0.452451 0.191558
vt 0.451225 0.189119
vt 0.451226 0.185993
vt 0.452451 0.189119
vt 0.450127 0.185993
vt 0.451226 0.185993
vt 0.451225 0.189119
vt 0.450127 0.191558
vt 0.450127 0.189119
vt 0.451225 0.191558
vt 0.450127 0.189119
vt 0.451225 0.189119
vt 0.451225 0.191558
vt 0.450127 0.189119
vt 0.450127 0.185993
vt 0.451225 0.189119
vt 0.453720 0.191558
vt 0.453720 0.189119
vt 0.454945 0.191558
vt 0.453720 0.189119
vt 0.454945 0.189119
vt 0.454945 0.191558
vt 0.453720 0.189119
vt 0.453720 0.185993
vt 0.454945 0.189119
vt 0.453720 0.185993
vt 0.454945 0.185993
vt 0.454945 0.189119
vt 0.454945 0.189119
vt 0.454945 0.185993
vt 0.456044 0.189119
vt 0.454945 0.185993
vt 0.456044 0.185993
vt 0.456044 0.189119
vt 0.454945 0.191558
vt 0.454945 0.189119
vt 0.456044 0.191558
vt 0.454945 0.189119
vt 0.456044 0.189119
vt 0.456044 0.191558
vt 0.324708 0.988139
vt 0.324708 0.986814
vt 0.322485 0.986814
vt 0.324708 0.988139
vt 0.327557 0.988139
vt 0.324708 0.986814
vt 0.327557 0.988139
vt 0.327557 0.986814
vt 0.324708 0.986814
vt 0.322485 0.988139
vt 0.324708 0.988139
vt 0.322485 0.986814
vt 0.324708 0.986814
vt 0.327557 0.986814
vt 0.324708 0.985489
vt 0.327557 0.986814
vt 0.327557 0.985489
vt 0.324708 0.985489
vt 0.322485 0.986814
vt 0.324708 0.986814
vt 0.322485 0.985489
vt 0.324708 0.986814
vt 0.324708 0.985489
vt 0.322485 0.985489
vt 0.327557 0.989465
vt 0.327557 0.988139
vt 0.324708 0.988139
vt 0.322485 0.989465
vt 0.324708 0.989465
vt 0.322485 0.988139
vt 0.324708 0.989465
vt 0.324708 0.988139
vt 0.322485 0.988139
vt 0.324708 0.989465
vt 0.327557 0.989465
vt 0.324708 0.988139
vt 0.322485 0.985489
vt 0.324708 0.985489
vt 0.322485 0.984164
vt 0.324708 0.985489
vt 0.324708 0.984164
vt 0.322485 0.984164
vt 0.324708 0.985489
vt 0.327557 0.985489
vt 0.324708 0.984164
vt 0.327557 0.985489
vt 0.327557 0.984164
vt 0.324708 0.984164
vt 0.324708 0.984164
vt 0.327557 0.984164
vt 0.324708 0.982839
vt 0.327557 0.984164
vt 0.327557 0.982839
vt 0.324708 0.982839
vt 0.322485 0.984164
vt 0.324708 0.984164
vt 0.322485 0.982839
vt 0.324708 0.984164
vt 0.324708 0.982839
vt 0.322485 0.982839
vt 0.324708 0.990790
vt 0.324708 0.989465
vt 0.322485 0.989465
vt 0.322485 0.990790
vt 0.324708 0.990790
vt 0.322485 0.989465
vt 0.324708 0.992115
vt 0.324708 0.990790
vt 0.322485 0.990790
vt 0.322485 0.992115
vt 0.324708 0.992115
vt 0.322485 0.990790
vt 0.928360 0.948860
vt 0.928360 0.945733
vt 0.929628 0.948860
vt 0.928360 0.945733
vt 0.929628 0.945733
vt 0.929628 0.948860
vt 0.928360 0.951299
vt 0.928360 0.948860
vt 0.929628 0.951299
vt 0.928360 0.948860
vt 0.929628 0.948860
vt 0.929628 0.951299
vt 0.929628 0.951299
vt 0.929628 0.948860
vt 0.930854 0.951299
vt 0.929628 0.948860
vt 0.930854 0.948860
vt 0.930854 0.951299
vt 0.929628 0.948860
vt 0.929628 0.945733
vt 0.930854 0.948860
vt 0.929628 0.945733
vt 0.930854 0.945733
vt 0.930854 0.948860
vt 0.930854 0.948860
vt 0.930854 0.945733
vt 0.931953 0.948860
vt 0.930854 0.945733
vt 0.931953 0.945733
vt 0.931953 0.948860
vt 0.930854 0.951299
vt 0.930854 0.948860
vt 0.931953 0.951299
vt 0.930854 0.948860
vt 0.931953 0.948860
vt 0.931953 0.951299
vt 0.927134 0.948860
vt 0.928360 0.948860
vt 0.928360 0.951299
vt 0.927134 0.948860
vt 0.927134 0.945733
vt 0.928360 0.948860
vt 0.927134 0.945733
vt 0.928360 0.945733
vt 0.928360 0.948860
vt 0.927134 0.951299
vt 0.927134 0.948860
vt 0.928360 0.951299
vt 0.926036 0.948860
vt 0.927134 0.948860
vt 0.927134 0.951299
vt 0.926036 0.948860
vt 0.926036 0.945733
vt 0.927134 0.948860
vt 0.926036 0.945733
vt 0.927134 0.945733
vt 0.927134 0.948860
vt 0.926036 0.951299
vt 0.926036 0.948860
vt 0.927134 0.951299
vt 0.865053 0.031420
vt 0.866260 0.031420
vt 0.866260 0.033859
vt 0.865053 0.033859
vt 0.865053 0.031420
vt 0.866260 0.033859
vt 0.865053 0.028293
vt 0.866260 0.028293
vt 0.866260 0.031420
vt 0.865053 0.031420
vt 0.865053 0.028293
vt 0.866260 0.031420
vt 0.866260 0.031420
vt 0.866260 0.028293
vt 0.867468 0.031420
vt 0.866260 0.028293
vt 0.867468 0.028293
vt 0.867468 0.031420
vt 0.866260 0.033859
vt 0.866260 0.031420
vt 0.867468 0.033859
vt 0.866260 0.031420
vt 0.867468 0.031420
vt 0.867468 0.033859
vt 0.867468 0.031420
vt 0.867468 0.028293
vt 0.868675 0.031420
vt 0.867468 0.028293
vt 0.868675 0.028293
vt 0.868675 0.031420
vt 0.867468 0.033859
vt 0.867468 0.031420
vt 0.868675 0.033859
vt 0.867468 0.031420
vt 0.868675 0.031420
vt 0.868675 0.033859
vt 0.863845 0.028293
vt 0.865053 0.028293
vt 0.865053 0.031420
vt 0.863845 0.031420
vt 0.863845 0.028293
vt 0.865053 0.031420
vt 0.863845 0.031420
vt 0.865053 0.031420
vt 0.865053 0.033859
vt 0.863845 0.033859
vt 0.863845 0.031420
vt 0.865053 0.033859
vt 0.862637 0.031420
vt 0.863845 0.031420
vt 0.863845 0.033859
vt 0.862637 0.033859
vt 0.862637 0.031420
vt 0.863845 0.033859
vt 0.862637 0.028293
vt 0.863845 0.028293
vt 0.863845 0.031420
vt 0.862637 0.031420
vt 0.862637 0.028293
vt 0.863845 0.031420
vt 0.868675 0.033859
vt 0.868675 0.031420
vt 0.869883 0.033859
vt 0.868675 0.031420
vt 0.869883 0.031420
vt 0.869883 0.033859
vt 0.869883 0.033859
vt 0.869883 0.031420
vt 0.871090 0.033859
vt 0.869883 0.031420
vt 0.871090 0.031420
vt 0.871090 0.033859
vt 0.132755 0.012878
vt 0.132595 0.011586
vt 0.132595 0.014170
vt 0.132595 0.011586
vt 0.132126 0.010381
vt 0.132595 0.014170
vt 0.132126 0.010381
vt 0.131381 0.009347
vt 0.132595 0.014170
vt 0.131381 0.009347
vt 0.130410 0.008554
vt 0.132595 0.014170
vt 0.130410 0.008554
vt 0.129278 0.008055
vt 0.132595 0.014170
vt 0.129278 0.008055
vt 0.128064 0.007885
vt 0.132595 0.014170
vt 0.128064 0.007885
vt 0.126850 0.008055
vt 0.132595 0.014170
vt 0.126850 0.008055
vt 0.125719 0.008554
vt 0.132595 0.014170
vt 0.125719 0.008554
vt 0.124748 0.009347
vt 0.132595 0.014170
vt 0.124748 0.009347
vt 0.124002 0.010381
vt 0.132595 0.014170
vt 0.124002 0.010381
vt 0.123534 0.011586
vt 0.132595 0.014170
vt 0.123534 0.011586
vt 0.123374 0.012878
vt 0.132595 0.014170
vt 0.123374 0.012878
vt 0.123534 0.014170
vt 0.132595 0.014170
vt 0.123534 0.014170
vt 0.124002 0.015375
vt 0.132595 0.014170
vt 0.124002 0.015375
vt 0.124748 0.016409
vt 0.132595 0.014170
vt 0.124748 0.016409
vt 0.125719 0.017202
vt 0.132595 0.014170
vt 0.125719 0.017202
vt 0.126850 0.017701
vt 0.132595 0.014170
vt 0.126850 0.017701
vt 0.128064 0.017871
vt 0.132595 0.014170
vt 0.128064 0.017871
vt 0.129278 0.017701
vt 0.132595 0.014170
vt 0.129278 0.017701
vt 0.130410 0.017202
vt 0.132595 0.014170
vt 0.130410 0.017202
vt 0.131381 0.016409
vt 0.132595 0.014170
vt 0.131381 0.016409
vt 0.132126 0.015375
vt 0.132595 0.014170
vt 0.129278 0.017701
vt 0.134598 0.038497
vt 0.130410 0.017202
vt 0.134598 0.038497
vt 0.138208 0.038497
vt 0.130410 0.017202
vt 0.128064 0.038497
vt 0.134598 0.038497
vt 0.129278 0.017701
vt 0.128064 0.017871
vt 0.128064 0.038497
vt 0.129278 0.017701
vt 0.121531 0.038497
vt 0.128064 0.038497
vt 0.128064 0.017871
vt 0.126850 0.017701
vt 0.121531 0.038497
vt 0.128064 0.017871
vt 0.117921 0.038497
vt 0.121531 0.038497
vt 0.126850 0.017701
vt 0.125719 0.017202
vt 0.117921 0.038497
vt 0.126850 0.017701
vt 0.920964 0.392139
vt 0.940406 0.383581
vt 0.921419 0.393380
vt 0.940406 0.383581
vt 0.940406 0.387542
vt 0.921419 0.393380
vt 0.921419 0.393380
vt 0.940406 0.387542
vt 0.921574 0.394713
vt 0.940406 0.387542
vt 0.940406 0.394713
vt 0.921574 0.394713
vt 0.921574 0.394713
vt 0.940406 0.394713
vt 0.921419 0.396045
vt 0.940406 0.394713
vt 0.940406 0.401883
vt 0.921419 0.396045
vt 0.921419 0.396045
vt 0.940406 0.401883
vt 0.920964 0.397286
vt 0.940406 0.401883
vt 0.940406 0.405844
vt 0.920964 0.397286
vt 0.658110 0.364309
vt 0.677515 0.355751
vt 0.658564 0.365551
vt 0.658110 0.364309
vt 0.658564 0.365551
vt 0.652992 0.361911
vt 0.657387 0.363243
vt 0.658110 0.364309
vt 0.652992 0.361911
vt 0.656444 0.362425
vt 0.657387 0.363243
vt 0.652992 0.361911
vt 0.655347 0.361911
vt 0.656444 0.362425
vt 0.652992 0.361911
vt 0.654169 0.361736
vt 0.655347 0.361911
vt 0.652992 0.361911
vt 0.658564 0.365551
vt 0.658719 0.366883
vt 0.652992 0.361911
vt 0.658719 0.366883
vt 0.658564 0.368215
vt 0.652992 0.361911
vt 0.658564 0.368215
vt 0.658110 0.369457
vt 0.652992 0.361911
vt 0.658110 0.369457
vt 0.657387 0.370523
vt 0.652992 0.361911
vt 0.657387 0.370523
vt 0.656444 0.371341
vt 0.652992 0.361911
vt 0.656444 0.371341
vt 0.655347 0.371855
vt 0.652992 0.361911
vt 0.655347 0.371855
vt 0.654169 0.372030
vt 0.652992 0.361911
vt 0.654169 0.372030
vt 0.652992 0.371855
vt 0.652992 0.361911
vt 0.652992 0.371855
vt 0.651895 0.371341
vt 0.652992 0.361911
vt 0.651895 0.371341
vt 0.650952 0.370523
vt 0.652992 0.361911
vt 0.650952 0.370523
vt 0.650229 0.369457
vt 0.652992 0.361911
vt 0.650229 0.369457
vt 0.649775 0.368215
vt 0.652992 0.361911
vt 0.649775 0.368215
vt 0.649620 0.366883
vt 0.652992 0.361911
vt 0.649620 0.366883
vt 0.649775 0.365551
vt 0.652992 0.361911
vt 0.649775 0.365551
vt 0.650229 0.364309
vt 0.652992 0.361911
vt 0.650229 0.364309
vt 0.650952 0.363243
vt 0.652992 0.361911
vt 0.650952 0.363243
vt 0.651895 0.362425
vt 0.652992 0.361911
vt 0.658564 0.368215
vt 0.677515 0.374053
vt 0.658110 0.369457
vt 0.677515 0.374053
vt 0.677515 0.378015
vt 0.658110 0.369457
vt 0.677515 0.366883
vt 0.677515 0.374053
vt 0.658564 0.368215
vt 0.658719 0.366883
vt 0.677515 0.366883
vt 0.658564 0.368215
vt 0.677515 0.359713
vt 0.677515 0.366883
vt 0.658719 0.366883
vt 0.658564 0.365551
vt 0.677515 0.359713
vt 0.658719 0.366883
vt 0.677515 0.355751
vt 0.677515 0.359713
vt 0.658564 0.365551
vt 0.017805 0.891502
vt 0.012486 0.912338
vt 0.019019 0.891672
vt 0.012486 0.912338
vt 0.019019 0.912338
vt 0.019019 0.891672
vt 0.019019 0.891672
vt 0.019019 0.912338
vt 0.020233 0.891502
vt 0.019019 0.912338
vt 0.025553 0.912338
vt 0.020233 0.891502
vt 0.020233 0.891502
vt 0.025553 0.912338
vt 0.021365 0.891002
vt 0.025553 0.912338
vt 0.029163 0.912338
vt 0.021365 0.891002
vt 0.008876 0.912338
vt 0.012486 0.912338
vt 0.017805 0.891502
vt 0.016674 0.891002
vt 0.008876 0.912338
vt 0.017805 0.891502
vt 0.037854 0.416304
vt 0.038695 0.415381
vt 0.041033 0.417350
vt 0.039648 0.418870
vt 0.037854 0.416304
vt 0.041033 0.417350
vt 0.036824 0.416957
vt 0.037854 0.416304
vt 0.039648 0.418870
vt 0.037951 0.419945
vt 0.036824 0.416957
vt 0.039648 0.418870
vt 0.035675 0.417295
vt 0.036824 0.416957
vt 0.037951 0.419945
vt 0.036060 0.420501
vt 0.035675 0.417295
vt 0.037951 0.419945
vt 0.034486 0.417295
vt 0.035675 0.417295
vt 0.036060 0.420501
vt 0.034101 0.420501
vt 0.034486 0.417295
vt 0.036060 0.420501
vt 0.033337 0.416957
vt 0.034486 0.417295
vt 0.034101 0.420501
vt 0.032209 0.419945
vt 0.033337 0.416957
vt 0.034101 0.420501
vt 0.032307 0.416304
vt 0.033337 0.416957
vt 0.032209 0.419945
vt 0.030513 0.418870
vt 0.032307 0.416304
vt 0.032209 0.419945
vt 0.031466 0.415381
vt 0.032307 0.416304
vt 0.030513 0.418870
vt 0.029128 0.417350
vt 0.031466 0.415381
vt 0.030513 0.418870
vt 0.030871 0.414251
vt 0.031466 0.415381
vt 0.029128 0.417350
vt 0.028148 0.415489
vt 0.030871 0.414251
vt 0.029128 0.417350
vt 0.030563 0.412990
vt 0.030871 0.414251
vt 0.028148 0.415489
vt 0.027642 0.413412
vt 0.030563 0.412990
vt 0.028148 0.415489
vt 0.030563 0.411685
vt 0.030563 0.412990
vt 0.027642 0.413412
vt 0.027641 0.411263
vt 0.030563 0.411685
vt 0.027642 0.413412
vt 0.030871 0.410424
vt 0.030563 0.411685
vt 0.027641 0.411263
vt 0.028149 0.409187
vt 0.030871 0.410424
vt 0.027641 0.411263
vt 0.031466 0.409294
vt 0.030871 0.410424
vt 0.028149 0.409187
vt 0.029128 0.407325
vt 0.031466 0.409294
vt 0.028149 0.409187
vt 0.032307 0.408371
vt 0.031466 0.409294
vt 0.029128 0.407325
vt 0.030513 0.405805
vt 0.032307 0.408371
vt 0.029128 0.407325
vt 0.033337 0.407719
vt 0.032307 0.408371
vt 0.030513 0.405805
vt 0.032209 0.404731
vt 0.033337 0.407719
vt 0.030513 0.405805
vt 0.034486 0.407381
vt 0.033337 0.407719
vt 0.032209 0.404731
vt 0.034101 0.404174
vt 0.034486 0.407381
vt 0.032209 0.404731
vt 0.035675 0.407381
vt 0.034486 0.407381
vt 0.034101 0.404174
vt 0.036060 0.404174
vt 0.035675 0.407381
vt 0.034101 0.404174
vt 0.037952 0.404731
vt 0.036060 0.404174
vt 0.036527 0.400278
vt 0.036527 0.400278
vt 0.036060 0.404174
vt 0.033634 0.400278
vt 0.036060 0.404174
vt 0.034101 0.404174
vt 0.033634 0.400278
vt 0.033634 0.400278
vt 0.034101 0.404174
vt 0.030839 0.401100
vt 0.034101 0.404174
vt 0.032209 0.404731
vt 0.030839 0.401100
vt 0.030839 0.401100
vt 0.032209 0.404731
vt 0.028333 0.402688
vt 0.032209 0.404731
vt 0.030513 0.405805
vt 0.028333 0.402688
vt 0.028333 0.402688
vt 0.030513 0.405805
vt 0.026287 0.404933
vt 0.030513 0.405805
vt 0.029128 0.407325
vt 0.026287 0.404933
vt 0.026287 0.404933
vt 0.029128 0.407325
vt 0.024840 0.407683
vt 0.029128 0.407325
vt 0.028149 0.409187
vt 0.024840 0.407683
vt 0.024840 0.407683
vt 0.028149 0.409187
vt 0.024091 0.410750
vt 0.028149 0.409187
vt 0.027641 0.411263
vt 0.024091 0.410750
vt 0.024091 0.410750
vt 0.027641 0.411263
vt 0.024091 0.413925
vt 0.027641 0.411263
vt 0.027642 0.413412
vt 0.024091 0.413925
vt 0.024091 0.413925
vt 0.027642 0.413412
vt 0.024840 0.416992
vt 0.027642 0.413412
vt 0.028148 0.415489
vt 0.024840 0.416992
vt 0.024840 0.416992
vt 0.028148 0.415489
vt 0.026287 0.419742
vt 0.028148 0.415489
vt 0.029128 0.417350
vt 0.026287 0.419742
vt 0.026287 0.419742
vt 0.029128 0.417350
vt 0.028333 0.421988
vt 0.029128 0.417350
vt 0.030513 0.418870
vt 0.028333 0.421988
vt 0.028333 0.421988
vt 0.030513 0.418870
vt 0.030839 0.423575
vt 0.030513 0.418870
vt 0.032209 0.419945
vt 0.030839 0.423575
vt 0.030839 0.423575
vt 0.032209 0.419945
vt 0.033634 0.424397
vt 0.032209 0.419945
vt 0.034101 0.420501
vt 0.033634 0.424397
vt 0.033634 0.424397
vt 0.034101 0.420501
vt 0.036527 0.424397
vt 0.034101 0.420501
vt 0.036060 0.420501
vt 0.036527 0.424397
vt 0.036527 0.424397
vt 0.036060 0.420501
vt 0.039322 0.423575
vt 0.036060 0.420501
vt 0.037951 0.419945
vt 0.039322 0.423575
vt 0.039322 0.423575
vt 0.037951 0.419945
vt 0.041828 0.421988
vt 0.037951 0.419945
vt 0.039648 0.418870
vt 0.041828 0.421988
vt 0.041828 0.421988
vt 0.039648 0.418870
vt 0.043874 0.419742
vt 0.039648 0.418870
vt 0.041033 0.417350
vt 0.043874 0.419742
vt 0.043874 0.419742
vt 0.041033 0.417350
vt 0.045320 0.416992
vt 0.041033 0.417350
vt 0.042012 0.415489
vt 0.045320 0.416992
vt 0.045320 0.416992
vt 0.042012 0.415489
vt 0.046069 0.413925
vt 0.042012 0.415489
vt 0.042519 0.413412
vt 0.046069 0.413925
vt 0.046069 0.413925
vt 0.042519 0.413412
vt 0.046069 0.410750
vt 0.042519 0.413412
vt 0.042519 0.411263
vt 0.046069 0.410750
vt 0.046069 0.410750
vt 0.042519 0.411263
vt 0.045320 0.407683
vt 0.042519 0.411263
vt 0.042012 0.409187
vt 0.045320 0.407683
vt 0.045320 0.407683
vt 0.042012 0.409187
vt 0.043874 0.404933
vt 0.042012 0.409187
vt 0.041033 0.407325
vt 0.043874 0.404933
vt 0.043874 0.404933
vt 0.041033 0.407325
vt 0.041828 0.402688
vt 0.041033 0.407325
vt 0.039648 0.405805
vt 0.041828 0.402688
vt 0.041828 0.402688
vt 0.039648 0.405805
vt 0.039322 0.401100
vt 0.039648 0.405805
vt 0.037952 0.404731
vt 0.039322 0.401100
vt 0.039322 0.401100
vt 0.037952 0.404731
vt 0.036527 0.400278
vt 0.039648 0.405805
vt 0.037854 0.408371
vt 0.037952 0.404731
vt 0.037854 0.408371
vt 0.036824 0.407719
vt 0.037952 0.404731
vt 0.037952 0.404731
vt 0.036824 0.407719
vt 0.036060 0.404174
vt 0.036824 0.407719
vt 0.035675 0.407381
vt 0.036060 0.404174
vt 0.038695 0.409294
vt 0.037854 0.408371
vt 0.039648 0.405805
vt 0.041033 0.407325
vt 0.038695 0.409294
vt 0.039648 0.405805
vt 0.039289 0.410424
vt 0.038695 0.409294
vt 0.041033 0.407325
vt 0.042012 0.409187
vt 0.039289 0.410424
vt 0.041033 0.407325
vt 0.039597 0.411685
vt 0.039289 0.410424
vt 0.042012 0.409187
vt 0.042519 0.411263
vt 0.039597 0.411685
vt 0.042012 0.409187
vt 0.039597 0.412990
vt 0.039597 0.411685
vt 0.042519 0.411263
vt 0.042519 0.413412
vt 0.039597 0.412990
vt 0.042519 0.411263
vt 0.039289 0.414251
vt 0.039597 0.412990
vt 0.042519 0.413412
vt 0.042012 0.415489
vt 0.039289 0.414251
vt 0.042519 0.413412
vt 0.038695 0.415381
vt 0.039289 0.414251
vt 0.042012 0.415489
vt 0.041033 0.417350
vt 0.038695 0.415381
vt 0.042012 0.415489
vt 0.435519 0.833744
vt 0.436549 0.834396
vt 0.435421 0.837384
vt 0.435421 0.837384
vt 0.436549 0.834396
vt 0.437313 0.837941
vt 0.436549 0.834396
vt 0.437698 0.834734
vt 0.437313 0.837941
vt 0.437313 0.837941
vt 0.437698 0.834734
vt 0.439272 0.837941
vt 0.437698 0.834734
vt 0.438887 0.834734
vt 0.439272 0.837941
vt 0.439272 0.837941
vt 0.438887 0.834734
vt 0.441164 0.837384
vt 0.438887 0.834734
vt 0.440036 0.834396
vt 0.441164 0.837384
vt 0.441164 0.837384
vt 0.440036 0.834396
vt 0.442860 0.836310
vt 0.440036 0.834396
vt 0.441066 0.833744
vt 0.442860 0.836310
vt 0.442860 0.836310
vt 0.441066 0.833744
vt 0.444245 0.834790
vt 0.441066 0.833744
vt 0.441907 0.832821
vt 0.444245 0.834790
vt 0.444245 0.834790
vt 0.441907 0.832821
vt 0.445224 0.832928
vt 0.441907 0.832821
vt 0.442502 0.831691
vt 0.445224 0.832928
vt 0.445224 0.832928
vt 0.442502 0.831691
vt 0.445731 0.830852
vt 0.442502 0.831691
vt 0.442809 0.830430
vt 0.445731 0.830852
vt 0.445731 0.830852
vt 0.442809 0.830430
vt 0.445731 0.828703
vt 0.442809 0.830430
vt 0.442809 0.829125
vt 0.445731 0.828703
vt 0.445731 0.828703
vt 0.442809 0.829125
vt 0.445224 0.826626
vt 0.442809 0.829125
vt 0.442502 0.827864
vt 0.445224 0.826626
vt 0.445224 0.826626
vt 0.442502 0.827864
vt 0.444245 0.824765
vt 0.442502 0.827864
vt 0.441907 0.826734
vt 0.444245 0.824765
vt 0.444245 0.824765
vt 0.441907 0.826734
vt 0.442860 0.823245
vt 0.442534 0.818540
vt 0.441164 0.822170
vt 0.439739 0.817718
vt 0.441907 0.826734
vt 0.441066 0.825811
vt 0.442860 0.823245
vt 0.441164 0.822170
vt 0.440036 0.825158
vt 0.439272 0.821614
vt 0.441066 0.825811
vt 0.440036 0.825158
vt 0.441164 0.822170
vt 0.442860 0.823245
vt 0.441066 0.825811
vt 0.441164 0.822170
vt 0.442860 0.823245
vt 0.441164 0.822170
vt 0.442534 0.818540
vt 0.445040 0.820127
vt 0.442860 0.823245
vt 0.442534 0.818540
vt 0.444245 0.824765
vt 0.442860 0.823245
vt 0.445040 0.820127
vt 0.447086 0.822373
vt 0.444245 0.824765
vt 0.445040 0.820127
vt 0.445224 0.826626
vt 0.444245 0.824765
vt 0.447086 0.822373
vt 0.448533 0.825123
vt 0.445224 0.826626
vt 0.447086 0.822373
vt 0.445731 0.828703
vt 0.445224 0.826626
vt 0.448533 0.825123
vt 0.449281 0.828190
vt 0.445731 0.828703
vt 0.448533 0.825123
vt 0.445731 0.830852
vt 0.445731 0.828703
vt 0.449281 0.828190
vt 0.449281 0.831365
vt 0.445731 0.830852
vt 0.449281 0.828190
vt 0.445224 0.832928
vt 0.445731 0.830852
vt 0.449281 0.831365
vt 0.448533 0.834432
vt 0.445224 0.832928
vt 0.449281 0.831365
vt 0.444245 0.834790
vt 0.445224 0.832928
vt 0.448533 0.834432
vt 0.447086 0.837182
vt 0.444245 0.834790
vt 0.448533 0.834432
vt 0.442860 0.836310
vt 0.444245 0.834790
vt 0.447086 0.837182
vt 0.445040 0.839427
vt 0.442860 0.836310
vt 0.447086 0.837182
vt 0.441164 0.837384
vt 0.442860 0.836310
vt 0.445040 0.839427
vt 0.442534 0.841015
vt 0.441164 0.837384
vt 0.445040 0.839427
vt 0.439272 0.837941
vt 0.441164 0.837384
vt 0.442534 0.841015
vt 0.439739 0.841837
vt 0.439272 0.837941
vt 0.442534 0.841015
vt 0.437313 0.837941
vt 0.439272 0.837941
vt 0.439739 0.841837
vt 0.436846 0.841837
vt 0.437313 0.837941
vt 0.439739 0.841837
vt 0.435421 0.837384
vt 0.437313 0.837941
vt 0.436846 0.841837
vt 0.434051 0.841015
vt 0.435421 0.837384
vt 0.436846 0.841837
vt 0.433725 0.836310
vt 0.435421 0.837384
vt 0.434051 0.841015
vt 0.431545 0.839427
vt 0.433725 0.836310
vt 0.434051 0.841015
vt 0.432340 0.834790
vt 0.433725 0.836310
vt 0.431545 0.839427
vt 0.429499 0.837182
vt 0.432340 0.834790
vt 0.431545 0.839427
vt 0.431361 0.832928
vt 0.432340 0.834790
vt 0.429499 0.837182
vt 0.428052 0.834432
vt 0.431361 0.832928
vt 0.429499 0.837182
vt 0.430854 0.830852
vt 0.431361 0.832928
vt 0.428052 0.834432
vt 0.427303 0.831365
vt 0.430854 0.830852
vt 0.428052 0.834432
vt 0.430854 0.828703
vt 0.430854 0.830852
vt 0.427303 0.831365
vt 0.427303 0.828190
vt 0.430854 0.828703
vt 0.427303 0.831365
vt 0.431361 0.826626
vt 0.430854 0.828703
vt 0.427303 0.828190
vt 0.428052 0.825123
vt 0.431361 0.826626
vt 0.427303 0.828190
vt 0.432340 0.824765
vt 0.431361 0.826626
vt 0.428052 0.825123
vt 0.429499 0.822373
vt 0.432340 0.824765
vt 0.428052 0.825123
vt 0.433725 0.823245
vt 0.432340 0.824765
vt 0.429499 0.822373
vt 0.431545 0.820127
vt 0.433725 0.823245
vt 0.429499 0.822373
vt 0.435421 0.822170
vt 0.433725 0.823245
vt 0.431545 0.820127
vt 0.434051 0.818540
vt 0.435421 0.822170
vt 0.431545 0.820127
vt 0.437313 0.821614
vt 0.435421 0.822170
vt 0.434051 0.818540
vt 0.436846 0.817718
vt 0.437313 0.821614
vt 0.434051 0.818540
vt 0.439272 0.821614
vt 0.437313 0.821614
vt 0.436846 0.817718
vt 0.439739 0.817718
vt 0.439272 0.821614
vt 0.436846 0.817718
vt 0.441164 0.822170
vt 0.439272 0.821614
vt 0.439739 0.817718
vt 0.439272 0.821614
vt 0.438887 0.824820
vt 0.437313 0.821614
vt 0.438887 0.824820
vt 0.437698 0.824820
vt 0.437313 0.821614
vt 0.440036 0.825158
vt 0.438887 0.824820
vt 0.439272 0.821614
vt 0.437313 0.821614
vt 0.437698 0.824820
vt 0.435421 0.822170
vt 0.437698 0.824820
vt 0.436549 0.825158
vt 0.435421 0.822170
vt 0.435421 0.822170
vt 0.436549 0.825158
vt 0.433725 0.823245
vt 0.436549 0.825158
vt 0.435519 0.825811
vt 0.433725 0.823245
vt 0.433725 0.823245
vt 0.435519 0.825811
vt 0.432340 0.824765
vt 0.435519 0.825811
vt 0.434678 0.826734
vt 0.432340 0.824765
vt 0.432340 0.824765
vt 0.434678 0.826734
vt 0.431361 0.826626
vt 0.434678 0.826734
vt 0.434083 0.827864
vt 0.431361 0.826626
vt 0.431361 0.826626
vt 0.434083 0.827864
vt 0.430854 0.828703
vt 0.434083 0.827864
vt 0.433776 0.829125
vt 0.430854 0.828703
vt 0.430854 0.828703
vt 0.433776 0.829125
vt 0.430854 0.830852
vt 0.433776 0.829125
vt 0.433776 0.830430
vt 0.430854 0.830852
vt 0.430854 0.830852
vt 0.433776 0.830430
vt 0.431361 0.832928
vt 0.433776 0.830430
vt 0.434083 0.831691
vt 0.431361 0.832928
vt 0.431361 0.832928
vt 0.434083 0.831691
vt 0.432340 0.834790
vt 0.434083 0.831691
vt 0.434678 0.832821
vt 0.432340 0.834790
vt 0.432340 0.834790
vt 0.434678 0.832821
vt 0.433725 0.836310
vt 0.434678 0.832821
vt 0.435519 0.833744
vt 0.433725 0.836310
vt 0.433725 0.836310
vt 0.435519 0.833744
vt 0.435421 0.837384
vt 0.541420 0.844620
vt 0.562553 0.844620
vt 0.541420 0.840909
vt 0.562553 0.844620
vt 0.562553 0.840909
vt 0.541420 0.840909
vt 0.850803 0.415121
vt 0.871936 0.415121
vt 0.850803 0.411410
vt 0.871936 0.415121
vt 0.871936 0.411410
vt 0.850803 0.411410
vt 0.465342 0.536642
vt 0.465342 0.559833
vt 0.461961 0.536642
vt 0.465342 0.559833
vt 0.461961 0.559833
vt 0.461961 0.536642
vt 0.920964 0.808442
vt 0.942096 0.808442
vt 0.920964 0.804731
vt 0.942096 0.808442
vt 0.942096 0.804731
vt 0.920964 0.804731
vt 0.331538 0.969852
vt 0.327980 0.969852
vt 0.327980 0.962430
vt 0.331538 0.962430
vt 0.331538 0.969852
vt 0.327980 0.962430
vt 0.334853 0.969852
vt 0.331538 0.969852
vt 0.331538 0.962430
vt 0.334853 0.962430
vt 0.334853 0.969852
vt 0.331538 0.962430
vt 0.337701 0.969852
vt 0.334853 0.969852
vt 0.334853 0.962430
vt 0.337701 0.962430
vt 0.337701 0.969852
vt 0.334853 0.962430
vt 0.327980 0.962430
vt 0.327980 0.969852
vt 0.324422 0.962430
vt 0.327980 0.969852
vt 0.324422 0.969852
vt 0.324422 0.962430
vt 0.324422 0.962430
vt 0.324422 0.969852
vt 0.321106 0.962430
vt 0.324422 0.969852
vt 0.321106 0.969852
vt 0.321106 0.962430
vt 0.321106 0.962430
vt 0.321106 0.969852
vt 0.318259 0.962430
vt 0.321106 0.969852
vt 0.318259 0.969852
vt 0.318259 0.962430
vt 0.406417 0.170223
vt 0.409975 0.170223
vt 0.409975 0.162801
vt 0.406417 0.162801
vt 0.406417 0.170223
vt 0.409975 0.162801
vt 0.409975 0.162801
vt 0.409975 0.170223
vt 0.413533 0.162801
vt 0.409975 0.170223
vt 0.413533 0.170223
vt 0.413533 0.162801
vt 0.413533 0.162801
vt 0.413533 0.170223
vt 0.416849 0.162801
vt 0.413533 0.170223
vt 0.416849 0.170223
vt 0.416849 0.162801
vt 0.416849 0.162801
vt 0.416849 0.170223
vt 0.419696 0.162801
vt 0.416849 0.170223
vt 0.419696 0.170223
vt 0.419696 0.162801
vt 0.403101 0.170223
vt 0.406417 0.170223
vt 0.406417 0.162801
vt 0.403101 0.162801
vt 0.403101 0.170223
vt 0.406417 0.162801
vt 0.400254 0.170223
vt 0.403101 0.170223
vt 0.403101 0.162801
vt 0.400254 0.162801
vt 0.400254 0.170223
vt 0.403101 0.162801
vt 0.593406 0.826994
vt 0.593406 0.834416
vt 0.596965 0.826994
vt 0.593406 0.834416
vt 0.596965 0.834416
vt 0.596965 0.826994
vt 0.589849 0.834416
vt 0.593406 0.834416
vt 0.593406 0.826994
vt 0.589849 0.826994
vt 0.589849 0.834416
vt 0.593406 0.826994
vt 0.586533 0.834416
vt 0.589849 0.834416
vt 0.589849 0.826994
vt 0.586533 0.826994
vt 0.586533 0.834416
vt 0.589849 0.826994
vt 0.583686 0.834416
vt 0.586533 0.834416
vt 0.586533 0.826994
vt 0.583686 0.826994
vt 0.583686 0.834416
vt 0.586533 0.826994
vt 0.596965 0.826994
vt 0.596965 0.834416
vt 0.600280 0.826994
vt 0.596965 0.834416
vt 0.600280 0.834416
vt 0.600280 0.826994
vt 0.600280 0.826994
vt 0.600280 0.834416
vt 0.603128 0.826994
vt 0.600280 0.834416
vt 0.603128 0.834416
vt 0.603128 0.826994
vt 0.512257 0.144249
vt 0.512257 0.151670
vt 0.508699 0.144249
vt 0.512257 0.151670
vt 0.508699 0.151670
vt 0.508699 0.144249
vt 0.508699 0.144249
vt 0.508699 0.151670
vt 0.505383 0.144249
vt 0.508699 0.151670
vt 0.505383 0.151670
vt 0.505383 0.144249
vt 0.505383 0.144249
vt 0.505383 0.151670
vt 0.502536 0.144249
vt 0.505383 0.151670
vt 0.502536 0.151670
vt 0.502536 0.144249
vt 0.515815 0.151670
vt 0.512257 0.151670
vt 0.512257 0.144249
vt 0.515815 0.144249
vt 0.515815 0.151670
vt 0.512257 0.144249
vt 0.519131 0.151670
vt 0.515815 0.151670
vt 0.515815 0.144249
vt 0.519131 0.144249
vt 0.519131 0.151670
vt 0.515815 0.144249
vt 0.521978 0.151670
vt 0.519131 0.151670
vt 0.519131 0.144249
vt 0.521978 0.144249
vt 0.521978 0.151670
vt 0.519131 0.144249
vt 0.435618 0.694747
vt 0.433221 0.694401
vt 0.435618 0.698573
vt 0.433221 0.694401
vt 0.433221 0.698920
vt 0.435618 0.698573
vt 0.434286 0.690036
vt 0.433221 0.694401
vt 0.435618 0.694747
vt 0.436520 0.691052
vt 0.434286 0.690036
vt 0.435618 0.694747
vt 0.436345 0.686123
vt 0.434286 0.690036
vt 0.436520 0.691052
vt 0.438264 0.687739
vt 0.436345 0.686123
vt 0.436520 0.691052
vt 0.439257 0.682928
vt 0.436345 0.686123
vt 0.438264 0.687739
vt 0.440729 0.685033
vt 0.439257 0.682928
vt 0.438264 0.687739
vt 0.442823 0.680669
vt 0.439257 0.682928
vt 0.440729 0.685033
vt 0.443748 0.683120
vt 0.442823 0.680669
vt 0.440729 0.685033
vt 0.446800 0.679499
vt 0.442823 0.680669
vt 0.443748 0.683120
vt 0.447116 0.682130
vt 0.446800 0.679499
vt 0.443748 0.683120
vt 0.450918 0.679499
vt 0.446800 0.679499
vt 0.447116 0.682130
vt 0.450602 0.682130
vt 0.450918 0.679499
vt 0.447116 0.682130
vt 0.454895 0.680669
vt 0.450918 0.679499
vt 0.450602 0.682130
vt 0.453970 0.683121
vt 0.454895 0.680669
vt 0.450602 0.682130
vt 0.458461 0.682928
vt 0.454895 0.680669
vt 0.453970 0.683121
vt 0.456989 0.685034
vt 0.458461 0.682928
vt 0.453970 0.683121
vt 0.461373 0.686123
vt 0.458461 0.682928
vt 0.456989 0.685034
vt 0.459454 0.687739
vt 0.461373 0.686123
vt 0.456989 0.685034
vt 0.463431 0.690037
vt 0.461373 0.686123
vt 0.459454 0.687739
vt 0.461197 0.691052
vt 0.463431 0.690037
vt 0.459454 0.687739
vt 0.464497 0.694402
vt 0.463431 0.690037
vt 0.461197 0.691052
vt 0.462099 0.694748
vt 0.464497 0.694402
vt 0.461197 0.691052
vt 0.464497 0.698920
vt 0.464497 0.694402
vt 0.462099 0.694748
vt 0.462099 0.698574
vt 0.464497 0.698920
vt 0.462099 0.694748
vt 0.463431 0.703285
vt 0.464497 0.698920
vt 0.462099 0.698574
vt 0.461197 0.702269
vt 0.463431 0.703285
vt 0.462099 0.698574
vt 0.461372 0.707198
vt 0.463431 0.703285
vt 0.461197 0.702269
vt 0.459454 0.705583
vt 0.461372 0.707198
vt 0.461197 0.702269
vt 0.458461 0.710393
vt 0.461372 0.707198
vt 0.459454 0.705583
vt 0.456989 0.708288
vt 0.458461 0.710393
vt 0.459454 0.705583
vt 0.454895 0.712653
vt 0.458461 0.710393
vt 0.456989 0.708288
vt 0.453969 0.710201
vt 0.454895 0.712653
vt 0.456989 0.708288
vt 0.450917 0.713822
vt 0.454895 0.712653
vt 0.453969 0.710201
vt 0.450602 0.711191
vt 0.450917 0.713822
vt 0.453969 0.710201
vt 0.446800 0.713822
vt 0.450917 0.713822
vt 0.450602 0.711191
vt 0.447115 0.711191
vt 0.446800 0.713822
vt 0.450602 0.711191
vt 0.442822 0.712652
vt 0.446800 0.713822
vt 0.447115 0.711191
vt 0.443748 0.710201
vt 0.442822 0.712652
vt 0.447115 0.711191
vt 0.439256 0.710393
vt 0.442822 0.712652
vt 0.443748 0.710201
vt 0.440729 0.708288
vt 0.439256 0.710393
vt 0.443748 0.710201
vt 0.436345 0.707198
vt 0.439256 0.710393
vt 0.440729 0.708288
vt 0.438263 0.705582
vt 0.436345 0.707198
vt 0.440729 0.708288
vt 0.434286 0.703284
vt 0.436345 0.707198
vt 0.438263 0.705582
vt 0.436520 0.702269
vt 0.434286 0.703284
vt 0.438263 0.705582
vt 0.433221 0.698920
vt 0.434286 0.703284
vt 0.436520 0.702269
vt 0.435618 0.698573
vt 0.433221 0.698920
vt 0.436520 0.702269
vt 0.198196 0.567145
vt 0.196277 0.565530
vt 0.196453 0.570459
vt 0.196277 0.565530
vt 0.194219 0.569443
vt 0.196453 0.570459
vt 0.196453 0.570459
vt 0.194219 0.569443
vt 0.195551 0.574154
vt 0.194219 0.569443
vt 0.193153 0.573808
vt 0.195551 0.574154
vt 0.199189 0.562334
vt 0.196277 0.565530
vt 0.198196 0.567145
vt 0.200661 0.564440
vt 0.199189 0.562334
vt 0.198196 0.567145
vt 0.202755 0.560075
vt 0.199189 0.562334
vt 0.200661 0.564440
vt 0.203680 0.562527
vt 0.202755 0.560075
vt 0.200661 0.564440
vt 0.206732 0.558906
vt 0.202755 0.560075
vt 0.203680 0.562527
vt 0.207048 0.561536
vt 0.206732 0.558906
vt 0.203680 0.562527
vt 0.210850 0.558905
vt 0.206732 0.558906
vt 0.207048 0.561536
vt 0.210534 0.561536
vt 0.210850 0.558905
vt 0.207048 0.561536
vt 0.214827 0.560075
vt 0.210850 0.558905
vt 0.210534 0.561536
vt 0.213902 0.562527
vt 0.214827 0.560075
vt 0.210534 0.561536
vt 0.218393 0.562334
vt 0.214827 0.560075
vt 0.213902 0.562527
vt 0.216921 0.564440
vt 0.218393 0.562334
vt 0.213902 0.562527
vt 0.221305 0.565529
vt 0.218393 0.562334
vt 0.216921 0.564440
vt 0.219386 0.567145
vt 0.221305 0.565529
vt 0.216921 0.564440
vt 0.223364 0.569443
vt 0.221305 0.565529
vt 0.219386 0.567145
vt 0.221130 0.570458
vt 0.223364 0.569443
vt 0.219386 0.567145
vt 0.224429 0.573807
vt 0.223364 0.569443
vt 0.221130 0.570458
vt 0.222032 0.574154
vt 0.224429 0.573807
vt 0.221130 0.570458
vt 0.224429 0.578326
vt 0.224429 0.573807
vt 0.222032 0.574154
vt 0.222032 0.577980
vt 0.224429 0.578326
vt 0.222032 0.574154
vt 0.223364 0.582691
vt 0.224429 0.578326
vt 0.222032 0.577980
vt 0.221130 0.581675
vt 0.223364 0.582691
vt 0.222032 0.577980
vt 0.221305 0.586604
vt 0.223364 0.582691
vt 0.221130 0.581675
vt 0.219387 0.584989
vt 0.221305 0.586604
vt 0.221130 0.581675
vt 0.218394 0.589799
vt 0.221305 0.586604
vt 0.219387 0.584989
vt 0.216921 0.587694
vt 0.218394 0.589799
vt 0.219387 0.584989
vt 0.214828 0.592059
vt 0.218394 0.589799
vt 0.216921 0.587694
vt 0.213902 0.589607
vt 0.214828 0.592059
vt 0.216921 0.587694
vt 0.210850 0.593228
vt 0.214828 0.592059
vt 0.213902 0.589607
vt 0.210535 0.590597
vt 0.210850 0.593228
vt 0.213902 0.589607
vt 0.206733 0.593228
vt 0.210850 0.593228
vt 0.210535 0.590597
vt 0.207048 0.590597
vt 0.206733 0.593228
vt 0.210535 0.590597
vt 0.202755 0.592059
vt 0.206733 0.593228
vt 0.207048 0.590597
vt 0.203681 0.589607
vt 0.202755 0.592059
vt 0.207048 0.590597
vt 0.199189 0.589800
vt 0.202755 0.592059
vt 0.203681 0.589607
vt 0.200661 0.587694
vt 0.199189 0.589800
vt 0.203681 0.589607
vt 0.196278 0.586604
vt 0.199189 0.589800
vt 0.200661 0.587694
vt 0.198196 0.584989
vt 0.196278 0.586604
vt 0.200661 0.587694
vt 0.194219 0.582691
vt 0.196278 0.586604
vt 0.198196 0.584989
vt 0.196453 0.581676
vt 0.194219 0.582691
vt 0.198196 0.584989
vt 0.193153 0.578326
vt 0.194219 0.582691
vt 0.196453 0.581676
vt 0.195551 0.577980
vt 0.193153 0.578326
vt 0.196453 0.581676
vt 0.195551 0.574154
vt 0.193153 0.573808
vt 0.195551 0.577980
vt 0.193153 0.573808
vt 0.193153 0.578326
vt 0.195551 0.577980
vt 0.668236 0.343347
vt 0.668236 0.346473
vt 0.666996 0.343347
vt 0.668236 0.346473
vt 0.666996 0.346473
vt 0.666996 0.343347
vt 0.668236 0.340909
vt 0.668236 0.343347
vt 0.666996 0.340909
vt 0.668236 0.343347
vt 0.666996 0.343347
vt 0.666996 0.340909
vt 0.669471 0.343348
vt 0.668236 0.343347
vt 0.668236 0.340909
vt 0.669471 0.343348
vt 0.669471 0.346473
vt 0.668236 0.343347
vt 0.669471 0.346473
vt 0.668236 0.346473
vt 0.668236 0.343347
vt 0.669471 0.340909
vt 0.669471 0.343348
vt 0.668236 0.340909
vt 0.670618 0.343348
vt 0.669471 0.343348
vt 0.669471 0.340909
vt 0.670618 0.343348
vt 0.670618 0.346474
vt 0.669471 0.343348
vt 0.670618 0.346474
vt 0.669471 0.346473
vt 0.669471 0.343348
vt 0.670618 0.340910
vt 0.670618 0.343348
vt 0.669471 0.340909
vt 0.671598 0.346475
vt 0.670618 0.346474
vt 0.670618 0.343348
vt 0.671598 0.340911
vt 0.671598 0.343349
vt 0.670618 0.340910
vt 0.671598 0.343349
vt 0.670618 0.343348
vt 0.670618 0.340910
vt 0.671598 0.343349
vt 0.671598 0.346475
vt 0.670618 0.343348
vt 0.666996 0.340909
vt 0.666996 0.343347
vt 0.665836 0.340910
vt 0.666996 0.343347
vt 0.665836 0.343348
vt 0.665836 0.340910
vt 0.666996 0.343347
vt 0.666996 0.346473
vt 0.665836 0.343348
vt 0.666996 0.346473
vt 0.665836 0.346474
vt 0.665836 0.343348
vt 0.665836 0.343348
vt 0.665836 0.346474
vt 0.664835 0.343349
vt 0.665836 0.346474
vt 0.664835 0.346475
vt 0.664835 0.343349
vt 0.665836 0.340910
vt 0.665836 0.343348
vt 0.664835 0.340911
vt 0.665836 0.343348
vt 0.664835 0.343349
vt 0.664835 0.340911
vt 0.728547 0.986549
vt 0.725697 0.986549
vt 0.728547 0.987907
vt 0.725697 0.986549
vt 0.725697 0.987907
vt 0.728547 0.987907
vt 0.730769 0.986549
vt 0.728547 0.986549
vt 0.730769 0.987907
vt 0.728547 0.986549
vt 0.728547 0.987907
vt 0.730769 0.987907
vt 0.728547 0.985191
vt 0.728547 0.986549
vt 0.730769 0.986549
vt 0.728547 0.985191
vt 0.725697 0.985191
vt 0.728547 0.986549
vt 0.725697 0.985191
vt 0.725697 0.986549
vt 0.728547 0.986549
vt 0.730769 0.985191
vt 0.728547 0.985191
vt 0.730769 0.986549
vt 0.728547 0.983925
vt 0.728547 0.985191
vt 0.730769 0.985191
vt 0.728547 0.983925
vt 0.725697 0.983925
vt 0.728547 0.985191
vt 0.725697 0.983925
vt 0.725697 0.985191
vt 0.728547 0.985191
vt 0.730769 0.983925
vt 0.728547 0.983925
vt 0.730769 0.985191
vt 0.730769 0.987907
vt 0.728547 0.987907
vt 0.730769 0.989173
vt 0.728547 0.987907
vt 0.728547 0.989173
vt 0.730769 0.989173
vt 0.728547 0.987907
vt 0.725697 0.987907
vt 0.728547 0.989173
vt 0.725697 0.987907
vt 0.725697 0.989173
vt 0.728547 0.989173
vt 0.728547 0.989173
vt 0.725697 0.989173
vt 0.728547 0.990260
vt 0.725697 0.989173
vt 0.725697 0.990260
vt 0.728547 0.990260
vt 0.730769 0.989173
vt 0.728547 0.989173
vt 0.730769 0.990260
vt 0.728547 0.989173
vt 0.728547 0.990260
vt 0.730769 0.990260
vt 0.725697 0.982839
vt 0.725697 0.983925
vt 0.728547 0.983925
vt 0.730769 0.982839
vt 0.728547 0.982839
vt 0.730769 0.983925
vt 0.728547 0.982839
vt 0.728547 0.983925
vt 0.730769 0.983925
vt 0.728547 0.982839
vt 0.725697 0.982839
vt 0.728547 0.983925
vt 0.692198 0.657257
vt 0.689349 0.657257
vt 0.692198 0.658612
vt 0.692198 0.657257
vt 0.692198 0.658612
vt 0.694420 0.658612
vt 0.694419 0.657257
vt 0.692198 0.657257
vt 0.694420 0.658612
vt 0.689349 0.657257
vt 0.689349 0.658612
vt 0.692198 0.658612
vt 0.692198 0.655896
vt 0.692198 0.657257
vt 0.694419 0.657257
vt 0.694420 0.655896
vt 0.692198 0.655896
vt 0.694419 0.657257
vt 0.689349 0.655896
vt 0.689349 0.657257
vt 0.692198 0.657257
vt 0.692198 0.655896
vt 0.689349 0.655896
vt 0.692198 0.657257
vt 0.692198 0.658612
vt 0.689349 0.658612
vt 0.692198 0.659871
vt 0.689349 0.658612
vt 0.689350 0.659871
vt 0.692198 0.659871
vt 0.694420 0.658612
vt 0.692198 0.658612
vt 0.694420 0.659871
vt 0.692198 0.658612
vt 0.692198 0.659871
vt 0.694420 0.659871
vt 0.694420 0.659871
vt 0.692198 0.659871
vt 0.694421 0.660946
vt 0.692198 0.659871
vt 0.692199 0.660946
vt 0.694421 0.660946
vt 0.692198 0.659871
vt 0.689350 0.659871
vt 0.692199 0.660946
vt 0.689350 0.659871
vt 0.689351 0.660946
vt 0.692199 0.660946
vt 0.692198 0.654623
vt 0.692198 0.655896
vt 0.694420 0.655896
vt 0.694420 0.654623
vt 0.692198 0.654623
vt 0.694420 0.655896
vt 0.689350 0.654623
vt 0.689349 0.655896
vt 0.692198 0.655896
vt 0.692198 0.654623
vt 0.689350 0.654623
vt 0.692198 0.655896
vt 0.689351 0.653525
vt 0.689350 0.654623
vt 0.692198 0.654623
vt 0.694421 0.653525
vt 0.692199 0.653525
vt 0.694420 0.654623
vt 0.692199 0.653525
vt 0.692198 0.654623
vt 0.694420 0.654623
vt 0.692199 0.653525
vt 0.689351 0.653525
vt 0.692198 0.654623
vt 0.610494 0.045574
vt 0.610494 0.048701
vt 0.609286 0.045574
vt 0.610494 0.048701
vt 0.609286 0.048701
vt 0.609286 0.045574
vt 0.610494 0.043135
vt 0.610494 0.045574
vt 0.609286 0.043135
vt 0.610494 0.045574
vt 0.609286 0.045574
vt 0.609286 0.043135
vt 0.609286 0.043135
vt 0.609286 0.045574
vt 0.608079 0.043135
vt 0.609286 0.045574
vt 0.608079 0.045574
vt 0.608079 0.043135
vt 0.609286 0.045574
vt 0.609286 0.048701
vt 0.608079 0.045574
vt 0.609286 0.048701
vt 0.608079 0.048701
vt 0.608079 0.045574
vt 0.608079 0.043135
vt 0.608079 0.045574
vt 0.606871 0.043135
vt 0.608079 0.045574
vt 0.606871 0.045574
vt 0.606871 0.043135
vt 0.608079 0.045574
vt 0.608079 0.048701
vt 0.606871 0.045574
vt 0.608079 0.048701
vt 0.606871 0.048701
vt 0.606871 0.045574
vt 0.611701 0.048701
vt 0.610494 0.048701
vt 0.610494 0.045574
vt 0.611701 0.043135
vt 0.611701 0.045574
vt 0.610494 0.043135
vt 0.611701 0.045574
vt 0.610494 0.045574
vt 0.610494 0.043135
vt 0.611701 0.045574
vt 0.611701 0.048701
vt 0.610494 0.045574
vt 0.612909 0.048701
vt 0.611701 0.048701
vt 0.611701 0.045574
vt 0.612909 0.043135
vt 0.612909 0.045574
vt 0.611701 0.043135
vt 0.612909 0.045574
vt 0.611701 0.045574
vt 0.611701 0.043135
vt 0.612909 0.045574
vt 0.612909 0.048701
vt 0.611701 0.045574
vt 0.614117 0.048701
vt 0.612909 0.048701
vt 0.612909 0.045574
vt 0.614117 0.043135
vt 0.614117 0.045574
vt 0.612909 0.043135
vt 0.614117 0.045574
vt 0.612909 0.045574
vt 0.612909 0.043135
vt 0.614117 0.045574
vt 0.614117 0.048701
vt 0.612909 0.045574
vt 0.606871 0.043135
vt 0.606871 0.045574
vt 0.605664 0.043135
vt 0.606871 0.045574
vt 0.605664 0.045574
vt 0.605664 0.043135
vt 0.606871 0.045574
vt 0.606871 0.048701
vt 0.605664 0.045574
vt 0.606871 0.048701
vt 0.605664 0.048701
vt 0.605664 0.045574
vt 0.412933 0.830361
vt 0.412933 0.833488
vt 0.411696 0.830361
vt 0.412933 0.833488
vt 0.411696 0.833488
vt 0.411696 0.830361
vt 0.412933 0.827922
vt 0.412933 0.830361
vt 0.411696 0.827922
vt 0.412933 0.830361
vt 0.411696 0.830361
vt 0.411696 0.827922
vt 0.414171 0.833488
vt 0.412933 0.833488
vt 0.412933 0.830361
vt 0.414171 0.827922
vt 0.414171 0.830361
vt 0.412933 0.827922
vt 0.414171 0.830361
vt 0.412933 0.830361
vt 0.412933 0.827922
vt 0.414171 0.830361
vt 0.414171 0.833488
vt 0.412933 0.830361
vt 0.411696 0.827922
vt 0.411696 0.830361
vt 0.410542 0.827922
vt 0.411696 0.830361
vt 0.410542 0.830361
vt 0.410542 0.827922
vt 0.411696 0.830361
vt 0.411696 0.833488
vt 0.410542 0.830361
vt 0.411696 0.833488
vt 0.410542 0.833488
vt 0.410542 0.830361
vt 0.415324 0.833488
vt 0.414171 0.833488
vt 0.414171 0.830361
vt 0.415324 0.827922
vt 0.415324 0.830361
vt 0.414171 0.827922
vt 0.415324 0.830361
vt 0.414171 0.830361
vt 0.414171 0.827922
vt 0.415324 0.830361
vt 0.415324 0.833488
vt 0.414171 0.830361
vt 0.416314 0.833488
vt 0.415324 0.833488
vt 0.415324 0.830361
vt 0.416314 0.827922
vt 0.416314 0.830361
vt 0.415324 0.827922
vt 0.416314 0.830361
vt 0.415324 0.830361
vt 0.415324 0.827922
vt 0.416314 0.830361
vt 0.416314 0.833488
vt 0.415324 0.830361
vt 0.410542 0.830361
vt 0.410542 0.833488
vt 0.409552 0.830361
vt 0.410542 0.833488
vt 0.409552 0.833488
vt 0.409552 0.830361
vt 0.410542 0.827922
vt 0.410542 0.830361
vt 0.409552 0.827922
vt 0.410542 0.830361
vt 0.409552 0.830361
vt 0.409552 0.827922
vt 0.020106 0.671494
vt 0.020106 0.668367
vt 0.021314 0.671494
vt 0.020106 0.668367
vt 0.021314 0.668367
vt 0.021314 0.671494
vt 0.020106 0.673933
vt 0.020106 0.671494
vt 0.021314 0.673933
vt 0.020106 0.671494
vt 0.021314 0.671494
vt 0.021314 0.673933
vt 0.018899 0.671494
vt 0.020106 0.671494
vt 0.020106 0.673933
vt 0.018899 0.671494
vt 0.018899 0.668367
vt 0.020106 0.671494
vt 0.018899 0.668367
vt 0.020106 0.668367
vt 0.020106 0.671494
vt 0.018899 0.673933
vt 0.018899 0.671494
vt 0.020106 0.673933
vt 0.017691 0.671494
vt 0.018899 0.671494
vt 0.018899 0.673933
vt 0.017691 0.671494
vt 0.017691 0.668367
vt 0.018899 0.671494
vt 0.017691 0.668367
vt 0.018899 0.668367
vt 0.018899 0.671494
vt 0.017691 0.673933
vt 0.017691 0.671494
vt 0.018899 0.673933
vt 0.021314 0.673933
vt 0.021314 0.671494
vt 0.022521 0.673933
vt 0.021314 0.671494
vt 0.022521 0.671494
vt 0.022521 0.673933
vt 0.021314 0.671494
vt 0.021314 0.668367
vt 0.022521 0.671494
vt 0.021314 0.668367
vt 0.022521 0.668367
vt 0.022521 0.671494
vt 0.022521 0.671494
vt 0.022521 0.668367
vt 0.023729 0.671494
vt 0.022521 0.668367
vt 0.023729 0.668367
vt 0.023729 0.671494
vt 0.022521 0.673933
vt 0.022521 0.671494
vt 0.023729 0.673933
vt 0.022521 0.671494
vt 0.023729 0.671494
vt 0.023729 0.673933
vt 0.023729 0.673933
vt 0.023729 0.671494
vt 0.024937 0.673933
vt 0.023729 0.671494
vt 0.024937 0.671494
vt 0.024937 0.673933
vt 0.023729 0.671494
vt 0.023729 0.668367
vt 0.024937 0.671494
vt 0.023729 0.668367
vt 0.024937 0.668367
vt 0.024937 0.671494
vt 0.016484 0.671494
vt 0.017691 0.671494
vt 0.017691 0.673933
vt 0.016484 0.671494
vt 0.016484 0.668367
vt 0.017691 0.671494
vt 0.016484 0.668367
vt 0.017691 0.668367
vt 0.017691 0.671494
vt 0.016484 0.673933
vt 0.016484 0.671494
vt 0.017691 0.673933
vt 0.626270 0.450077
vt 0.626286 0.448724
vt 0.628487 0.448724
vt 0.628470 0.450077
vt 0.626270 0.450077
vt 0.628487 0.448724
vt 0.628487 0.448724
vt 0.626286 0.448724
vt 0.628485 0.447332
vt 0.626286 0.448724
vt 0.626285 0.447332
vt 0.628485 0.447332
vt 0.628485 0.447332
vt 0.626285 0.447332
vt 0.628466 0.445995
vt 0.626285 0.447332
vt 0.626265 0.445995
vt 0.628466 0.445995
vt 0.628466 0.445995
vt 0.626265 0.445995
vt 0.628429 0.444805
vt 0.626265 0.445995
vt 0.626229 0.444805
vt 0.628429 0.444805
vt 0.626236 0.451299
vt 0.626270 0.450077
vt 0.628470 0.450077
vt 0.626236 0.451299
vt 0.623415 0.451299
vt 0.626270 0.450077
vt 0.623415 0.451299
vt 0.623449 0.450077
vt 0.626270 0.450077
vt 0.628437 0.451299
vt 0.626236 0.451299
vt 0.628470 0.450077
vt 0.018695 0.756761
vt 0.018693 0.755369
vt 0.016484 0.755369
vt 0.016485 0.756761
vt 0.018695 0.756761
vt 0.016484 0.755369
vt 0.018707 0.758094
vt 0.018695 0.756761
vt 0.016485 0.756761
vt 0.016497 0.758094
vt 0.018707 0.758094
vt 0.016485 0.756761
vt 0.016484 0.755369
vt 0.018693 0.755369
vt 0.016493 0.754012
vt 0.018693 0.755369
vt 0.018703 0.754012
vt 0.016493 0.754012
vt 0.018729 0.759276
vt 0.018707 0.758094
vt 0.016497 0.758094
vt 0.016519 0.759276
vt 0.018729 0.759276
vt 0.016497 0.758094
vt 0.016493 0.754012
vt 0.018703 0.754012
vt 0.016512 0.752783
vt 0.018703 0.754012
vt 0.018722 0.752783
vt 0.016512 0.752783
vt 0.018703 0.754012
vt 0.021536 0.754012
vt 0.018722 0.752783
vt 0.021536 0.754012
vt 0.021555 0.752783
vt 0.018722 0.752783
vt 0.420019 0.793090
vt 0.421197 0.793265
vt 0.418841 0.793265
vt 0.421197 0.793265
vt 0.422294 0.793780
vt 0.418841 0.793265
vt 0.422294 0.793780
vt 0.423236 0.794598
vt 0.418841 0.793265
vt 0.423236 0.794598
vt 0.423959 0.795664
vt 0.418841 0.793265
vt 0.423959 0.795664
vt 0.424414 0.796905
vt 0.418841 0.793265
vt 0.424414 0.796905
vt 0.424569 0.798237
vt 0.418841 0.793265
vt 0.424569 0.798237
vt 0.424414 0.799570
vt 0.418841 0.793265
vt 0.424414 0.799570
vt 0.423959 0.800811
vt 0.418841 0.793265
vt 0.423959 0.800811
vt 0.423236 0.801877
vt 0.418841 0.793265
vt 0.423236 0.801877
vt 0.422294 0.802695
vt 0.418841 0.793265
vt 0.422294 0.802695
vt 0.421197 0.803209
vt 0.418841 0.793265
vt 0.421197 0.803209
vt 0.420019 0.803385
vt 0.418841 0.793265
vt 0.420019 0.803385
vt 0.418841 0.803209
vt 0.418841 0.793265
vt 0.418841 0.803209
vt 0.417744 0.802695
vt 0.418841 0.793265
vt 0.417744 0.802695
vt 0.416802 0.801877
vt 0.418841 0.793265
vt 0.416802 0.801877
vt 0.416079 0.800811
vt 0.418841 0.793265
vt 0.416079 0.800811
vt 0.415624 0.799570
vt 0.418841 0.793265
vt 0.415624 0.799570
vt 0.415469 0.798237
vt 0.418841 0.793265
vt 0.415469 0.798237
vt 0.415624 0.796905
vt 0.418841 0.793265
vt 0.415624 0.796905
vt 0.416079 0.795664
vt 0.418841 0.793265
vt 0.416079 0.795664
vt 0.416802 0.794598
vt 0.418841 0.793265
vt 0.416802 0.794598
vt 0.417744 0.793780
vt 0.418841 0.793265
vt 0.423959 0.800811
vt 0.424414 0.799570
vt 0.443364 0.809369
vt 0.424414 0.799570
vt 0.443364 0.805408
vt 0.443364 0.809369
vt 0.424414 0.799570
vt 0.424569 0.798237
vt 0.443364 0.805408
vt 0.424569 0.798237
vt 0.443364 0.798237
vt 0.443364 0.805408
vt 0.424569 0.798237
vt 0.424414 0.796905
vt 0.443364 0.798237
vt 0.424414 0.796905
vt 0.443364 0.791067
vt 0.443364 0.798237
vt 0.424414 0.796905
vt 0.423959 0.795664
vt 0.443364 0.791067
vt 0.423959 0.795664
vt 0.443364 0.787106
vt 0.443364 0.791067
vt 0.227156 0.254638
vt 0.219358 0.275974
vt 0.222968 0.275974
vt 0.228287 0.255138
vt 0.227156 0.254638
vt 0.222968 0.275974
vt 0.228287 0.255138
vt 0.222968 0.275974
vt 0.229501 0.275974
vt 0.229501 0.255308
vt 0.228287 0.255138
vt 0.229501 0.275974
vt 0.229501 0.255308
vt 0.229501 0.275974
vt 0.236035 0.275974
vt 0.230715 0.255138
vt 0.229501 0.255308
vt 0.236035 0.275974
vt 0.230715 0.255138
vt 0.236035 0.275974
vt 0.239645 0.275974
vt 0.231847 0.254638
vt 0.230715 0.255138
vt 0.239645 0.275974
vt 0.258718 0.554767
vt 0.257587 0.554267
vt 0.253399 0.575603
vt 0.258718 0.554767
vt 0.253399 0.575603
vt 0.259932 0.575603
vt 0.259932 0.554937
vt 0.258718 0.554767
vt 0.259932 0.575603
vt 0.259932 0.554937
vt 0.259932 0.575603
vt 0.266466 0.575603
vt 0.261146 0.554767
vt 0.259932 0.554937
vt 0.266466 0.575603
vt 0.261146 0.554767
vt 0.266466 0.575603
vt 0.270076 0.575603
vt 0.262278 0.554267
vt 0.261146 0.554767
vt 0.270076 0.575603
vt 0.257587 0.554267
vt 0.249789 0.575603
vt 0.253399 0.575603
vt 0.303234 0.878056
vt 0.295435 0.899351
vt 0.299045 0.899351
vt 0.304365 0.878554
vt 0.303234 0.878056
vt 0.299045 0.899351
vt 0.304365 0.878554
vt 0.299045 0.899351
vt 0.305579 0.899351
vt 0.305579 0.878724
vt 0.304365 0.878554
vt 0.305579 0.899351
vt 0.305579 0.878724
vt 0.305579 0.899351
vt 0.312113 0.899351
vt 0.306793 0.878554
vt 0.305579 0.878724
vt 0.312113 0.899351
vt 0.306793 0.878554
vt 0.312113 0.899351
vt 0.315723 0.899351
vt 0.307924 0.878056
vt 0.306793 0.878554
vt 0.315723 0.899351
vt 0.306793 0.878554
vt 0.307924 0.878056
vt 0.310110 0.875024
vt 0.307924 0.878056
vt 0.308896 0.877262
vt 0.310110 0.875024
vt 0.308896 0.877262
vt 0.309641 0.876228
vt 0.310110 0.875024
vt 0.305579 0.878724
vt 0.306793 0.878554
vt 0.310110 0.875024
vt 0.304365 0.878554
vt 0.305579 0.878724
vt 0.310110 0.875024
vt 0.303234 0.878056
vt 0.304365 0.878554
vt 0.310110 0.875024
vt 0.302262 0.877262
vt 0.303234 0.878056
vt 0.310110 0.875024
vt 0.301517 0.876228
vt 0.302262 0.877262
vt 0.310110 0.875024
vt 0.301048 0.875024
vt 0.301517 0.876228
vt 0.310110 0.875024
vt 0.300889 0.873731
vt 0.301048 0.875024
vt 0.310110 0.875024
vt 0.301048 0.872439
vt 0.300889 0.873731
vt 0.310110 0.875024
vt 0.301517 0.871235
vt 0.301048 0.872439
vt 0.310110 0.875024
vt 0.302262 0.870201
vt 0.301517 0.871235
vt 0.310110 0.875024
vt 0.303234 0.869407
vt 0.302262 0.870201
vt 0.310110 0.875024
vt 0.304365 0.868908
vt 0.303234 0.869407
vt 0.310110 0.875024
vt 0.305579 0.868738
vt 0.304365 0.868908
vt 0.310110 0.875024
vt 0.306793 0.868908
vt 0.305579 0.868738
vt 0.310110 0.875024
vt 0.307924 0.869407
vt 0.306793 0.868908
vt 0.310110 0.875024
vt 0.308896 0.870201
vt 0.307924 0.869407
vt 0.310110 0.875024
vt 0.309641 0.871235
vt 0.308896 0.870201
vt 0.310110 0.875024
vt 0.310110 0.872439
vt 0.309641 0.871235
vt 0.310110 0.875024
vt 0.310270 0.873731
vt 0.310110 0.872439
vt 0.310110 0.875024
vt 0.027457 0.566881
vt 0.025278 0.569998
vt 0.026662 0.571518
vt 0.027457 0.566881
vt 0.024952 0.565293
vt 0.025278 0.569998
vt 0.024952 0.565293
vt 0.023581 0.568924
vt 0.025278 0.569998
vt 0.024952 0.565293
vt 0.022157 0.564471
vt 0.023581 0.568924
vt 0.022157 0.564471
vt 0.021689 0.568367
vt 0.023581 0.568924
vt 0.022157 0.564471
vt 0.019263 0.564471
vt 0.021689 0.568367
vt 0.019263 0.564471
vt 0.019731 0.568367
vt 0.021689 0.568367
vt 0.019263 0.564471
vt 0.016468 0.565293
vt 0.019731 0.568367
vt 0.016468 0.565293
vt 0.017839 0.568924
vt 0.019731 0.568367
vt 0.016468 0.565293
vt 0.013963 0.566881
vt 0.017839 0.568924
vt 0.013963 0.566881
vt 0.016142 0.569998
vt 0.017839 0.568924
vt 0.013963 0.566881
vt 0.011917 0.569126
vt 0.016142 0.569998
vt 0.011917 0.569126
vt 0.014757 0.571518
vt 0.016142 0.569998
vt 0.011917 0.569126
vt 0.010470 0.571876
vt 0.014757 0.571518
vt 0.010470 0.571876
vt 0.013778 0.573380
vt 0.014757 0.571518
vt 0.010470 0.571876
vt 0.009721 0.574943
vt 0.013778 0.573380
vt 0.009721 0.574943
vt 0.013271 0.575456
vt 0.013778 0.573380
vt 0.009721 0.574943
vt 0.009721 0.578118
vt 0.013271 0.575456
vt 0.009721 0.578118
vt 0.013271 0.577605
vt 0.013271 0.575456
vt 0.009721 0.578118
vt 0.010470 0.581185
vt 0.013271 0.577605
vt 0.010470 0.581185
vt 0.013778 0.579682
vt 0.013271 0.577605
vt 0.010470 0.581185
vt 0.011917 0.583935
vt 0.013778 0.579682
vt 0.011917 0.583935
vt 0.014757 0.581543
vt 0.013778 0.579682
vt 0.011917 0.583935
vt 0.013963 0.586181
vt 0.014757 0.581543
vt 0.013963 0.586181
vt 0.016142 0.583063
vt 0.014757 0.581543
vt 0.013963 0.586181
vt 0.016468 0.587768
vt 0.016142 0.583063
vt 0.016468 0.587768
vt 0.017839 0.584138
vt 0.016142 0.583063
vt 0.016468 0.587768
vt 0.019263 0.588590
vt 0.017839 0.584138
vt 0.019263 0.588590
vt 0.019731 0.584694
vt 0.017839 0.584138
vt 0.019731 0.584694
vt 0.021689 0.584694
vt 0.020115 0.581488
vt 0.019731 0.584694
vt 0.020115 0.581488
vt 0.018967 0.581150
vt 0.017839 0.584138
vt 0.019731 0.584694
vt 0.018967 0.581150
vt 0.017839 0.584138
vt 0.018967 0.581150
vt 0.017936 0.580497
vt 0.016142 0.583063
vt 0.017839 0.584138
vt 0.017936 0.580497
vt 0.016142 0.583063
vt 0.017936 0.580497
vt 0.017096 0.579574
vt 0.014757 0.581543
vt 0.016142 0.583063
vt 0.017096 0.579574
vt 0.014757 0.581543
vt 0.017096 0.579574
vt 0.016501 0.578444
vt 0.013778 0.579682
vt 0.014757 0.581543
vt 0.016501 0.578444
vt 0.013778 0.579682
vt 0.016501 0.578444
vt 0.016193 0.577183
vt 0.013271 0.577605
vt 0.013778 0.579682
vt 0.016193 0.577183
vt 0.013271 0.577605
vt 0.016193 0.577183
vt 0.016193 0.575878
vt 0.013271 0.575456
vt 0.013271 0.577605
vt 0.016193 0.575878
vt 0.013271 0.575456
vt 0.016193 0.575878
vt 0.016501 0.574617
vt 0.013778 0.573380
vt 0.013271 0.575456
vt 0.016501 0.574617
vt 0.013778 0.573380
vt 0.016501 0.574617
vt 0.017096 0.573487
vt 0.014757 0.571518
vt 0.013778 0.573380
vt 0.017096 0.573487
vt 0.014757 0.571518
vt 0.017096 0.573487
vt 0.017937 0.572564
vt 0.016142 0.569998
vt 0.014757 0.571518
vt 0.017937 0.572564
vt 0.016142 0.569998
vt 0.017937 0.572564
vt 0.018967 0.571912
vt 0.017839 0.568924
vt 0.016142 0.569998
vt 0.018967 0.571912
vt 0.017839 0.568924
vt 0.018967 0.571912
vt 0.020115 0.571574
vt 0.019731 0.568367
vt 0.017839 0.568924
vt 0.020115 0.571574
vt 0.019731 0.568367
vt 0.020115 0.571574
vt 0.021305 0.571574
vt 0.021689 0.568367
vt 0.019731 0.568367
vt 0.021305 0.571574
vt 0.021689 0.568367
vt 0.021305 0.571574
vt 0.022453 0.571912
vt 0.023581 0.568924
vt 0.021689 0.568367
vt 0.022453 0.571912
vt 0.023581 0.568924
vt 0.022453 0.571912
vt 0.023483 0.572564
vt 0.025278 0.569998
vt 0.023581 0.568924
vt 0.023483 0.572564
vt 0.025278 0.569998
vt 0.023483 0.572564
vt 0.024325 0.573487
vt 0.026662 0.571518
vt 0.025278 0.569998
vt 0.024325 0.573487
vt 0.026662 0.571518
vt 0.024325 0.573487
vt 0.024919 0.574617
vt 0.027642 0.573380
vt 0.026662 0.571518
vt 0.024919 0.574617
vt 0.027642 0.573380
vt 0.024919 0.574617
vt 0.025227 0.575878
vt 0.028149 0.575456
vt 0.027642 0.573380
vt 0.025227 0.575878
vt 0.028149 0.575456
vt 0.025227 0.575878
vt 0.025227 0.577183
vt 0.028149 0.577605
vt 0.028149 0.575456
vt 0.025227 0.577183
vt 0.028149 0.577605
vt 0.025227 0.577183
vt 0.024919 0.578444
vt 0.027642 0.579682
vt 0.028149 0.577605
vt 0.024919 0.578444
vt 0.027642 0.579682
vt 0.024919 0.578444
vt 0.024324 0.579574
vt 0.026663 0.581543
vt 0.027642 0.579682
vt 0.024324 0.579574
vt 0.026663 0.581543
vt 0.024324 0.579574
vt 0.023483 0.580497
vt 0.025277 0.583063
vt 0.026663 0.581543
vt 0.023483 0.580497
vt 0.025277 0.583063
vt 0.023483 0.580497
vt 0.022454 0.581150
vt 0.023581 0.584138
vt 0.025277 0.583063
vt 0.022454 0.581150
vt 0.023581 0.584138
vt 0.022454 0.581150
vt 0.021305 0.581488
vt 0.021689 0.584694
vt 0.023581 0.584138
vt 0.021305 0.581488
vt 0.021689 0.584694
vt 0.021305 0.581488
vt 0.020115 0.581488
vt 0.024952 0.587768
vt 0.023581 0.584138
vt 0.021689 0.584694
vt 0.022157 0.588590
vt 0.024952 0.587768
vt 0.021689 0.584694
vt 0.022157 0.588590
vt 0.021689 0.584694
vt 0.019731 0.584694
vt 0.019263 0.588590
vt 0.022157 0.588590
vt 0.019731 0.584694
vt 0.024952 0.587768
vt 0.027457 0.586181
vt 0.023581 0.584138
vt 0.027457 0.586181
vt 0.025277 0.583063
vt 0.023581 0.584138
vt 0.027457 0.586181
vt 0.029503 0.583935
vt 0.025277 0.583063
vt 0.029503 0.583935
vt 0.026663 0.581543
vt 0.025277 0.583063
vt 0.029503 0.583935
vt 0.030950 0.581185
vt 0.026663 0.581543
vt 0.030950 0.581185
vt 0.027642 0.579682
vt 0.026663 0.581543
vt 0.030950 0.581185
vt 0.031699 0.578118
vt 0.027642 0.579682
vt 0.031699 0.578118
vt 0.028149 0.577605
vt 0.027642 0.579682
vt 0.031699 0.578118
vt 0.031699 0.574943
vt 0.028149 0.577605
vt 0.031699 0.574943
vt 0.028149 0.575456
vt 0.028149 0.577605
vt 0.031699 0.574943
vt 0.030950 0.571876
vt 0.028149 0.575456
vt 0.030950 0.571876
vt 0.027642 0.573380
vt 0.028149 0.575456
vt 0.030950 0.571876
vt 0.029503 0.569126
vt 0.027642 0.573380
vt 0.029503 0.569126
vt 0.026662 0.571518
vt 0.027642 0.573380
vt 0.029503 0.569126
vt 0.027457 0.566881
vt 0.026662 0.571518
vt 0.697971 0.355898
vt 0.700893 0.355476
vt 0.700893 0.354171
vt 0.697971 0.355898
vt 0.698478 0.357975
vt 0.700893 0.355476
vt 0.698478 0.357975
vt 0.701201 0.356737
vt 0.700893 0.355476
vt 0.698478 0.357975
vt 0.699457 0.359836
vt 0.701201 0.356737
vt 0.699457 0.359836
vt 0.701796 0.357867
vt 0.701201 0.356737
vt 0.699457 0.359836
vt 0.700842 0.361356
vt 0.701796 0.357867
vt 0.700842 0.361356
vt 0.702636 0.358790
vt 0.701796 0.357867
vt 0.700842 0.361356
vt 0.702539 0.362431
vt 0.702636 0.358790
vt 0.702539 0.362431
vt 0.703666 0.359443
vt 0.702636 0.358790
vt 0.702539 0.362431
vt 0.704431 0.362987
vt 0.703666 0.359443
vt 0.704431 0.362987
vt 0.704815 0.359781
vt 0.703666 0.359443
vt 0.704431 0.362987
vt 0.706389 0.362987
vt 0.704815 0.359781
vt 0.706389 0.362987
vt 0.706005 0.359781
vt 0.704815 0.359781
vt 0.706389 0.362987
vt 0.708281 0.362431
vt 0.706005 0.359781
vt 0.708281 0.362431
vt 0.707153 0.359443
vt 0.706005 0.359781
vt 0.708281 0.362431
vt 0.709977 0.361356
vt 0.707153 0.359443
vt 0.709977 0.361356
vt 0.708183 0.358790
vt 0.707153 0.359443
vt 0.709977 0.361356
vt 0.711362 0.359836
vt 0.708183 0.358790
vt 0.711362 0.359836
vt 0.709024 0.357867
vt 0.708183 0.358790
vt 0.711362 0.359836
vt 0.712342 0.357975
vt 0.709024 0.357867
vt 0.712342 0.357975
vt 0.709619 0.356737
vt 0.709024 0.357867
vt 0.712342 0.357975
vt 0.712849 0.355898
vt 0.709619 0.356737
vt 0.712849 0.355898
vt 0.709927 0.355476
vt 0.709619 0.356737
vt 0.712849 0.355898
vt 0.712849 0.353749
vt 0.709927 0.355476
vt 0.712849 0.353749
vt 0.709927 0.354171
vt 0.709927 0.355476
vt 0.712849 0.353749
vt 0.712342 0.351673
vt 0.709927 0.354171
vt 0.712342 0.351673
vt 0.709619 0.352910
vt 0.709927 0.354171
vt 0.712342 0.351673
vt 0.711362 0.349811
vt 0.709619 0.352910
vt 0.711362 0.349811
vt 0.709024 0.351780
vt 0.709619 0.352910
vt 0.711362 0.349811
vt 0.709977 0.348291
vt 0.709024 0.351780
vt 0.709652 0.343586
vt 0.708281 0.347217
vt 0.709977 0.348291
vt 0.712157 0.345174
vt 0.709652 0.343586
vt 0.709977 0.348291
vt 0.712157 0.345174
vt 0.709977 0.348291
vt 0.711362 0.349811
vt 0.714203 0.347419
vt 0.712157 0.345174
vt 0.711362 0.349811
vt 0.714203 0.347419
vt 0.711362 0.349811
vt 0.712342 0.351673
vt 0.715650 0.350169
vt 0.714203 0.347419
vt 0.712342 0.351673
vt 0.715650 0.350169
vt 0.712342 0.351673
vt 0.712849 0.353749
vt 0.716399 0.353236
vt 0.715650 0.350169
vt 0.712849 0.353749
vt 0.716399 0.353236
vt 0.712849 0.353749
vt 0.712849 0.355898
vt 0.716399 0.356411
vt 0.716399 0.353236
vt 0.712849 0.355898
vt 0.716399 0.356411
vt 0.712849 0.355898
vt 0.712342 0.357975
vt 0.715650 0.359479
vt 0.716399 0.356411
vt 0.712342 0.357975
vt 0.715650 0.359479
vt 0.712342 0.357975
vt 0.711362 0.359836
vt 0.714203 0.362228
vt 0.715650 0.359479
vt 0.711362 0.359836
vt 0.714203 0.362228
vt 0.711362 0.359836
vt 0.709977 0.361356
vt 0.712157 0.364474
vt 0.714203 0.362228
vt 0.709977 0.361356
vt 0.712157 0.364474
vt 0.709977 0.361356
vt 0.708281 0.362431
vt 0.709652 0.366061
vt 0.712157 0.364474
vt 0.708281 0.362431
vt 0.709652 0.366061
vt 0.708281 0.362431
vt 0.706389 0.362987
vt 0.706857 0.366883
vt 0.709652 0.366061
vt 0.706389 0.362987
vt 0.706857 0.366883
vt 0.706389 0.362987
vt 0.704431 0.362987
vt 0.703963 0.366883
vt 0.706857 0.366883
vt 0.704431 0.362987
vt 0.703963 0.366883
vt 0.704431 0.362987
vt 0.702539 0.362431
vt 0.701168 0.366061
vt 0.703963 0.366883
vt 0.702539 0.362431
vt 0.701168 0.366061
vt 0.702539 0.362431
vt 0.700842 0.361356
vt 0.698663 0.364474
vt 0.701168 0.366061
vt 0.700842 0.361356
vt 0.698663 0.364474
vt 0.700842 0.361356
vt 0.699457 0.359836
vt 0.696616 0.362228
vt 0.698663 0.364474
vt 0.699457 0.359836
vt 0.696616 0.362228
vt 0.699457 0.359836
vt 0.698478 0.357975
vt 0.695170 0.359478
vt 0.696616 0.362228
vt 0.698478 0.357975
vt 0.695170 0.359478
vt 0.698478 0.357975
vt 0.697971 0.355898
vt 0.694421 0.356411
vt 0.695170 0.359478
vt 0.697971 0.355898
vt 0.694421 0.356411
vt 0.697971 0.355898
vt 0.697971 0.353749
vt 0.694421 0.353236
vt 0.694421 0.356411
vt 0.697971 0.353749
vt 0.694421 0.353236
vt 0.697971 0.353749
vt 0.698478 0.351673
vt 0.695170 0.350169
vt 0.694421 0.353236
vt 0.698478 0.351673
vt 0.695170 0.350169
vt 0.698478 0.351673
vt 0.699457 0.349811
vt 0.696617 0.347419
vt 0.695170 0.350169
vt 0.699457 0.349811
vt 0.696617 0.347419
vt 0.699457 0.349811
vt 0.700842 0.348291
vt 0.698662 0.345174
vt 0.696617 0.347419
vt 0.700842 0.348291
vt 0.698662 0.345174
vt 0.700842 0.348291
vt 0.702539 0.347217
vt 0.701168 0.343586
vt 0.698662 0.345174
vt 0.702539 0.347217
vt 0.701168 0.343586
vt 0.702539 0.347217
vt 0.704431 0.346660
vt 0.703963 0.342764
vt 0.701168 0.343586
vt 0.704431 0.346660
vt 0.703963 0.342764
vt 0.704431 0.346660
vt 0.706389 0.346660
vt 0.706857 0.342764
vt 0.703963 0.342764
vt 0.706389 0.346660
vt 0.706857 0.342764
vt 0.706389 0.346660
vt 0.708281 0.347217
vt 0.709652 0.343586
vt 0.706857 0.342764
vt 0.708281 0.347217
vt 0.708281 0.347217
vt 0.706389 0.346660
vt 0.707153 0.350205
vt 0.708281 0.347217
vt 0.707153 0.350205
vt 0.708183 0.350857
vt 0.709977 0.348291
vt 0.708281 0.347217
vt 0.708183 0.350857
vt 0.709977 0.348291
vt 0.708183 0.350857
vt 0.709024 0.351780
vt 0.706389 0.346660
vt 0.706005 0.349867
vt 0.707153 0.350205
vt 0.706389 0.346660
vt 0.704431 0.346660
vt 0.706005 0.349867
vt 0.704431 0.346660
vt 0.704815 0.349867
vt 0.706005 0.349867
vt 0.704431 0.346660
vt 0.702539 0.347217
vt 0.704815 0.349867
vt 0.702539 0.347217
vt 0.703667 0.350205
vt 0.704815 0.349867
vt 0.702539 0.347217
vt 0.700842 0.348291
vt 0.703667 0.350205
vt 0.700842 0.348291
vt 0.702636 0.350857
vt 0.703667 0.350205
vt 0.700842 0.348291
vt 0.699457 0.349811
vt 0.702636 0.350857
vt 0.699457 0.349811
vt 0.701795 0.351780
vt 0.702636 0.350857
vt 0.699457 0.349811
vt 0.698478 0.351673
vt 0.701795 0.351780
vt 0.698478 0.351673
vt 0.701201 0.352910
vt 0.701795 0.351780
vt 0.698478 0.351673
vt 0.697971 0.353749
vt 0.701201 0.352910
vt 0.697971 0.353749
vt 0.700893 0.354171
vt 0.701201 0.352910
vt 0.697971 0.353749
vt 0.697971 0.355898
vt 0.700893 0.354171
vt 0.959848 0.660946
vt 0.963229 0.660946
vt 0.959848 0.637755
vt 0.963229 0.660946
vt 0.963229 0.637755
vt 0.959848 0.637755
vt 0.019019 0.524583
vt 0.019019 0.547774
vt 0.015638 0.547774
vt 0.015638 0.524583
vt 0.019019 0.524583
vt 0.015638 0.547774
vt 0.703719 0.893785
vt 0.703719 0.916976
vt 0.700338 0.916976
vt 0.700338 0.893785
vt 0.703719 0.893785
vt 0.700338 0.916976
vt 0.808538 0.978200
vt 0.829670 0.978200
vt 0.829670 0.974490
vt 0.808538 0.974490
vt 0.808538 0.978200
vt 0.829670 0.974490
vt 0.789941 0.040750
vt 0.789941 0.044593
vt 0.795858 0.040750
vt 0.789941 0.044593
vt 0.795858 0.044593
vt 0.795858 0.040750
vt 0.789941 0.040750
vt 0.795858 0.040750
vt 0.795858 0.036907
vt 0.789941 0.036907
vt 0.789941 0.040750
vt 0.795858 0.036907
vt 0.789941 0.036907
vt 0.795858 0.036907
vt 0.795858 0.033064
vt 0.789941 0.033064
vt 0.789941 0.036907
vt 0.795858 0.033064
vt 0.789941 0.033064
vt 0.795858 0.033064
vt 0.795858 0.029221
vt 0.789941 0.029221
vt 0.789941 0.033064
vt 0.795858 0.029221
vt 0.789941 0.044593
vt 0.789941 0.048436
vt 0.795858 0.044593
vt 0.789941 0.048436
vt 0.795858 0.048436
vt 0.795858 0.044593
vt 0.789941 0.048436
vt 0.789941 0.052279
vt 0.795858 0.048436
vt 0.789941 0.052279
vt 0.795858 0.052279
vt 0.795858 0.048436
vt 0.789941 0.052279
vt 0.789941 0.056122
vt 0.795858 0.052279
vt 0.789941 0.056122
vt 0.795858 0.056122
vt 0.795858 0.052279
vt 0.207523 0.017342
vt 0.207523 0.013364
vt 0.213433 0.017343
vt 0.207523 0.013364
vt 0.213433 0.013365
vt 0.213433 0.017343
vt 0.207523 0.017342
vt 0.213433 0.017343
vt 0.213435 0.021169
vt 0.207526 0.021169
vt 0.207523 0.017342
vt 0.213435 0.021169
vt 0.207523 0.013364
vt 0.207526 0.009506
vt 0.213433 0.013365
vt 0.207526 0.009506
vt 0.213435 0.009506
vt 0.213433 0.013365
vt 0.207526 0.009506
vt 0.207531 0.006030
vt 0.213435 0.009506
vt 0.207531 0.006030
vt 0.213440 0.006030
vt 0.213435 0.009506
vt 0.207526 0.021169
vt 0.213435 0.021169
vt 0.213440 0.024583
vt 0.207531 0.024582
vt 0.207526 0.021169
vt 0.213440 0.024583
vt 0.625106 0.574278
vt 0.625106 0.570435
vt 0.619188 0.574278
vt 0.625106 0.570435
vt 0.619188 0.570435
vt 0.619188 0.574278
vt 0.625106 0.574278
vt 0.619188 0.574278
vt 0.619188 0.578121
vt 0.625106 0.578121
vt 0.625106 0.574278
vt 0.619188 0.578121
vt 0.625106 0.578121
vt 0.619188 0.578121
vt 0.619188 0.581964
vt 0.625106 0.581964
vt 0.625106 0.578121
vt 0.619188 0.581964
vt 0.625106 0.570435
vt 0.625106 0.566592
vt 0.619188 0.570435
vt 0.625106 0.566592
vt 0.619188 0.566592
vt 0.619188 0.570435
vt 0.625106 0.566592
vt 0.625106 0.562749
vt 0.619188 0.566592
vt 0.625106 0.562749
vt 0.619188 0.562748
vt 0.619188 0.566592
vt 0.625106 0.562749
vt 0.625106 0.558905
vt 0.619188 0.562748
vt 0.625106 0.558905
vt 0.619188 0.558905
vt 0.619188 0.562748
vt 0.625106 0.581964
vt 0.619188 0.581964
vt 0.619188 0.585807
vt 0.625106 0.585807
vt 0.625106 0.581964
vt 0.619188 0.585807
vt 0.492528 0.574675
vt 0.488903 0.574675
vt 0.492528 0.581166
vt 0.488903 0.574675
vt 0.488903 0.581166
vt 0.492528 0.581166
vt 0.492528 0.574675
vt 0.492528 0.581166
vt 0.496024 0.581167
vt 0.496024 0.574676
vt 0.492528 0.574675
vt 0.496024 0.581167
vt 0.496024 0.574676
vt 0.496024 0.581167
vt 0.499155 0.581169
vt 0.499155 0.574678
vt 0.496024 0.574676
vt 0.499155 0.581169
vt 0.488903 0.574675
vt 0.485397 0.574676
vt 0.488903 0.581166
vt 0.485397 0.574676
vt 0.485397 0.581167
vt 0.488903 0.581166
vt 0.485397 0.574676
vt 0.482249 0.574678
vt 0.485397 0.581167
vt 0.482249 0.574678
vt 0.482249 0.581169
vt 0.485397 0.581167
vt 0.526105 0.096970
vt 0.523640 0.094265
vt 0.524633 0.099076
vt 0.523640 0.094265
vt 0.521722 0.095881
vt 0.524633 0.099076
vt 0.523640 0.094265
vt 0.521897 0.090952
vt 0.521722 0.095881
vt 0.521897 0.090952
vt 0.519663 0.091968
vt 0.521722 0.095881
vt 0.526105 0.096970
vt 0.524633 0.099076
vt 0.528199 0.101335
vt 0.529125 0.098883
vt 0.526105 0.096970
vt 0.528199 0.101335
vt 0.529125 0.098883
vt 0.528199 0.101335
vt 0.532177 0.102505
vt 0.532492 0.099874
vt 0.529125 0.098883
vt 0.532177 0.102505
vt 0.532492 0.099874
vt 0.532177 0.102505
vt 0.536294 0.102504
vt 0.535978 0.099874
vt 0.532492 0.099874
vt 0.536294 0.102504
vt 0.535978 0.099874
vt 0.536294 0.102504
vt 0.540271 0.101335
vt 0.539346 0.098883
vt 0.535978 0.099874
vt 0.540271 0.101335
vt 0.539346 0.098883
vt 0.540271 0.101335
vt 0.543837 0.099076
vt 0.542365 0.096970
vt 0.539346 0.098883
vt 0.543837 0.099076
vt 0.542365 0.096970
vt 0.543837 0.099076
vt 0.546749 0.095880
vt 0.544830 0.094265
vt 0.542365 0.096970
vt 0.546749 0.095880
vt 0.544830 0.094265
vt 0.546749 0.095880
vt 0.548808 0.091967
vt 0.546574 0.090951
vt 0.544830 0.094265
vt 0.548808 0.091967
vt 0.546574 0.090951
vt 0.548808 0.091967
vt 0.549873 0.087602
vt 0.547476 0.087256
vt 0.546574 0.090951
vt 0.549873 0.087602
vt 0.547476 0.087256
vt 0.549873 0.087602
vt 0.549873 0.083084
vt 0.547476 0.083430
vt 0.547476 0.087256
vt 0.549873 0.083084
vt 0.547476 0.083430
vt 0.549873 0.083084
vt 0.548807 0.078719
vt 0.546573 0.079734
vt 0.547476 0.083430
vt 0.548807 0.078719
vt 0.546573 0.079734
vt 0.548807 0.078719
vt 0.546749 0.074806
vt 0.544830 0.076421
vt 0.546573 0.079734
vt 0.546749 0.074806
vt 0.544830 0.076421
vt 0.546749 0.074806
vt 0.543837 0.071610
vt 0.542365 0.073716
vt 0.544830 0.076421
vt 0.543837 0.071610
vt 0.542365 0.073716
vt 0.543837 0.071610
vt 0.540271 0.069351
vt 0.539346 0.071803
vt 0.542365 0.073716
vt 0.540271 0.069351
vt 0.539346 0.071803
vt 0.540271 0.069351
vt 0.536294 0.068182
vt 0.535978 0.070813
vt 0.539346 0.071803
vt 0.536294 0.068182
vt 0.535978 0.070813
vt 0.536294 0.068182
vt 0.532176 0.068182
vt 0.532492 0.070813
vt 0.535978 0.070813
vt 0.532176 0.068182
vt 0.532492 0.070813
vt 0.532176 0.068182
vt 0.528199 0.069351
vt 0.529124 0.071803
vt 0.532492 0.070813
vt 0.528199 0.069351
vt 0.529124 0.071803
vt 0.528199 0.069351
vt 0.524633 0.071611
vt 0.526105 0.073716
vt 0.529124 0.071803
vt 0.524633 0.071611
vt 0.526105 0.073716
vt 0.524633 0.071611
vt 0.521721 0.074806
vt 0.523640 0.076421
vt 0.526105 0.073716
vt 0.521721 0.074806
vt 0.523640 0.076421
vt 0.521721 0.074806
vt 0.519662 0.078719
vt 0.521897 0.079735
vt 0.523640 0.076421
vt 0.519662 0.078719
vt 0.521897 0.079735
vt 0.519662 0.078719
vt 0.518597 0.083084
vt 0.520994 0.083431
vt 0.521897 0.079735
vt 0.518597 0.083084
vt 0.520994 0.083431
vt 0.518597 0.083084
vt 0.518597 0.087603
vt 0.520994 0.087256
vt 0.520994 0.083431
vt 0.518597 0.087603
vt 0.521897 0.090952
vt 0.520994 0.087256
vt 0.519663 0.091968
vt 0.520994 0.087256
vt 0.518597 0.087603
vt 0.519663 0.091968
vt 0.169456 0.024473
vt 0.171921 0.021768
vt 0.167537 0.022858
vt 0.171921 0.021768
vt 0.170449 0.019663
vt 0.167537 0.022858
vt 0.169456 0.024473
vt 0.167537 0.022858
vt 0.165478 0.026771
vt 0.167713 0.027786
vt 0.169456 0.024473
vt 0.165478 0.026771
vt 0.167713 0.027786
vt 0.165478 0.026771
vt 0.164413 0.031136
vt 0.166810 0.031482
vt 0.167713 0.027786
vt 0.164413 0.031136
vt 0.166810 0.031482
vt 0.164413 0.031136
vt 0.164413 0.035654
vt 0.166810 0.035308
vt 0.166810 0.031482
vt 0.164413 0.035654
vt 0.166810 0.035308
vt 0.164413 0.035654
vt 0.165478 0.040019
vt 0.167712 0.039004
vt 0.166810 0.035308
vt 0.165478 0.040019
vt 0.167712 0.039004
vt 0.165478 0.040019
vt 0.167537 0.043932
vt 0.169455 0.042317
vt 0.167712 0.039004
vt 0.167537 0.043932
vt 0.169455 0.042317
vt 0.167537 0.043932
vt 0.170449 0.047128
vt 0.171921 0.045022
vt 0.169455 0.042317
vt 0.170449 0.047128
vt 0.171921 0.045022
vt 0.170449 0.047128
vt 0.174015 0.049387
vt 0.174940 0.046935
vt 0.171921 0.045022
vt 0.174015 0.049387
vt 0.174940 0.046935
vt 0.174015 0.049387
vt 0.177992 0.050557
vt 0.178307 0.047925
vt 0.174940 0.046935
vt 0.177992 0.050557
vt 0.178307 0.047925
vt 0.177992 0.050557
vt 0.182109 0.050557
vt 0.181794 0.047926
vt 0.178307 0.047925
vt 0.182109 0.050557
vt 0.181794 0.047926
vt 0.182109 0.050557
vt 0.186087 0.049387
vt 0.185161 0.046936
vt 0.181794 0.047926
vt 0.186087 0.049387
vt 0.185161 0.046936
vt 0.186087 0.049387
vt 0.189653 0.047128
vt 0.188181 0.045023
vt 0.185161 0.046936
vt 0.189653 0.047128
vt 0.188181 0.045023
vt 0.189653 0.047128
vt 0.192564 0.043933
vt 0.190646 0.042317
vt 0.188181 0.045023
vt 0.192564 0.043933
vt 0.190646 0.042317
vt 0.192564 0.043933
vt 0.194623 0.040020
vt 0.192389 0.039004
vt 0.190646 0.042317
vt 0.194623 0.040020
vt 0.192389 0.039004
vt 0.194623 0.040020
vt 0.195689 0.035655
vt 0.193291 0.035308
vt 0.192389 0.039004
vt 0.195689 0.035655
vt 0.193291 0.035308
vt 0.195689 0.035655
vt 0.195689 0.031136
vt 0.193292 0.031482
vt 0.193291 0.035308
vt 0.195689 0.031136
vt 0.193292 0.031482
vt 0.195689 0.031136
vt 0.194623 0.026771
vt 0.192389 0.027787
vt 0.193292 0.031482
vt 0.194623 0.026771
vt 0.192389 0.027787
vt 0.194623 0.026771
vt 0.192565 0.022858
vt 0.190646 0.024474
vt 0.192389 0.027787
vt 0.192565 0.022858
vt 0.190646 0.024474
vt 0.192565 0.022858
vt 0.189653 0.019663
vt 0.188181 0.021768
vt 0.190646 0.024474
vt 0.189653 0.019663
vt 0.188181 0.021768
vt 0.189653 0.019663
vt 0.186087 0.017403
vt 0.185162 0.019855
vt 0.188181 0.021768
vt 0.186087 0.017403
vt 0.185162 0.019855
vt 0.186087 0.017403
vt 0.182110 0.016234
vt 0.181794 0.018865
vt 0.185162 0.019855
vt 0.182110 0.016234
vt 0.181794 0.018865
vt 0.182110 0.016234
vt 0.177992 0.016234
vt 0.178308 0.018865
vt 0.181794 0.018865
vt 0.177992 0.016234
vt 0.178308 0.018865
vt 0.177992 0.016234
vt 0.174015 0.017403
vt 0.174940 0.019855
vt 0.178308 0.018865
vt 0.174015 0.017403
vt 0.171921 0.021768
vt 0.174940 0.019855
vt 0.170449 0.019663
vt 0.174940 0.019855
vt 0.174015 0.017403
vt 0.170449 0.019663
vt 0.808557 0.350768
vt 0.807317 0.350769
vt 0.808557 0.353894
vt 0.807317 0.350769
vt 0.807317 0.353895
vt 0.808557 0.353894
vt 0.808557 0.348330
vt 0.807317 0.348330
vt 0.808557 0.350768
vt 0.807317 0.348330
vt 0.807317 0.350769
vt 0.808557 0.350768
vt 0.808557 0.348330
vt 0.808557 0.350768
vt 0.809792 0.350769
vt 0.809792 0.350769
vt 0.808557 0.350768
vt 0.809792 0.353895
vt 0.808557 0.350768
vt 0.808557 0.353894
vt 0.809792 0.353895
vt 0.809792 0.348330
vt 0.808557 0.348330
vt 0.809792 0.350769
vt 0.809792 0.350769
vt 0.809792 0.353895
vt 0.810939 0.353895
vt 0.810939 0.348331
vt 0.809792 0.348330
vt 0.810939 0.350769
vt 0.809792 0.348330
vt 0.809792 0.350769
vt 0.810939 0.350769
vt 0.810939 0.350769
vt 0.809792 0.350769
vt 0.810939 0.353895
vt 0.810939 0.350769
vt 0.810939 0.353895
vt 0.811919 0.353896
vt 0.811919 0.348332
vt 0.810939 0.348331
vt 0.811919 0.350770
vt 0.810939 0.348331
vt 0.810939 0.350769
vt 0.811919 0.350770
vt 0.811919 0.350770
vt 0.810939 0.350769
vt 0.811919 0.353896
vt 0.807317 0.348330
vt 0.806157 0.348331
vt 0.807317 0.350769
vt 0.806157 0.348331
vt 0.806157 0.350769
vt 0.807317 0.350769
vt 0.807317 0.350769
vt 0.806157 0.350769
vt 0.807317 0.353895
vt 0.806157 0.350769
vt 0.806157 0.353895
vt 0.807317 0.353895
vt 0.806157 0.350769
vt 0.805156 0.350770
vt 0.806157 0.353895
vt 0.805156 0.350770
vt 0.805156 0.353896
vt 0.806157 0.353895
vt 0.806157 0.348331
vt 0.805156 0.348332
vt 0.806157 0.350769
vt 0.805156 0.348332
vt 0.805156 0.350770
vt 0.806157 0.350769
vt 0.316568 0.386947
vt 0.317806 0.386947
vt 0.316568 0.390074
vt 0.317806 0.386947
vt 0.317806 0.390074
vt 0.316568 0.390074
vt 0.316568 0.384508
vt 0.317806 0.384508
vt 0.316568 0.386947
vt 0.317806 0.384508
vt 0.317806 0.386947
vt 0.316568 0.386947
vt 0.316568 0.384508
vt 0.316568 0.386947
vt 0.315330 0.386947
vt 0.315330 0.386947
vt 0.316568 0.386947
vt 0.315330 0.390074
vt 0.316568 0.386947
vt 0.316568 0.390074
vt 0.315330 0.390074
vt 0.315330 0.384508
vt 0.316568 0.384508
vt 0.315330 0.386947
vt 0.315330 0.384508
vt 0.315330 0.386947
vt 0.314177 0.386947
vt 0.314177 0.386947
vt 0.315330 0.386947
vt 0.314177 0.390074
vt 0.315330 0.386947
vt 0.315330 0.390074
vt 0.314177 0.390074
vt 0.314177 0.384508
vt 0.315330 0.384508
vt 0.314177 0.386947
vt 0.317806 0.384508
vt 0.318959 0.384508
vt 0.317806 0.386947
vt 0.318959 0.384508
vt 0.318959 0.386947
vt 0.317806 0.386947
vt 0.317806 0.386947
vt 0.318959 0.386947
vt 0.317806 0.390074
vt 0.318959 0.386947
vt 0.318959 0.390074
vt 0.317806 0.390074
vt 0.318959 0.386947
vt 0.319949 0.386947
vt 0.318959 0.390074
vt 0.319949 0.386947
vt 0.319949 0.390074
vt 0.318959 0.390074
vt 0.318959 0.384508
vt 0.319949 0.384508
vt 0.318959 0.386947
vt 0.319949 0.384508
vt 0.319949 0.386947
vt 0.318959 0.386947
vt 0.314177 0.386947
vt 0.314177 0.390074
vt 0.313187 0.390074
vt 0.313187 0.384508
vt 0.314177 0.384508
vt 0.313187 0.386947
vt 0.314177 0.384508
vt 0.314177 0.386947
vt 0.313187 0.386947
vt 0.313187 0.386947
vt 0.314177 0.386947
vt 0.313187 0.390074
vt 0.446765 0.721586
vt 0.448000 0.721586
vt 0.446765 0.718460
vt 0.448000 0.724024
vt 0.448000 0.721586
vt 0.446765 0.721586
vt 0.446765 0.724024
vt 0.448000 0.724024
vt 0.446765 0.721586
vt 0.448000 0.721586
vt 0.448000 0.718460
vt 0.446765 0.718460
vt 0.446765 0.724024
vt 0.446765 0.721586
vt 0.445525 0.721586
vt 0.445525 0.724024
vt 0.446765 0.724024
vt 0.445525 0.721586
vt 0.446765 0.721586
vt 0.446765 0.718460
vt 0.445525 0.718460
vt 0.445525 0.721586
vt 0.446765 0.721586
vt 0.445525 0.718460
vt 0.448000 0.721586
vt 0.449147 0.721587
vt 0.448000 0.718460
vt 0.449147 0.724025
vt 0.449147 0.721587
vt 0.448000 0.721586
vt 0.448000 0.724024
vt 0.449147 0.724025
vt 0.448000 0.721586
vt 0.449147 0.721587
vt 0.449147 0.718461
vt 0.448000 0.718460
vt 0.449147 0.721587
vt 0.450127 0.721588
vt 0.449147 0.718461
vt 0.450127 0.724026
vt 0.450127 0.721588
vt 0.449147 0.721587
vt 0.449147 0.724025
vt 0.450127 0.724026
vt 0.449147 0.721587
vt 0.450127 0.721588
vt 0.450127 0.718462
vt 0.449147 0.718461
vt 0.445525 0.724024
vt 0.445525 0.721586
vt 0.444365 0.721587
vt 0.444365 0.724025
vt 0.445525 0.724024
vt 0.444365 0.721587
vt 0.445525 0.721586
vt 0.445525 0.718460
vt 0.444365 0.718461
vt 0.444365 0.721587
vt 0.445525 0.721586
vt 0.444365 0.718461
vt 0.444365 0.721587
vt 0.444365 0.718461
vt 0.443364 0.718462
vt 0.443364 0.721588
vt 0.444365 0.721587
vt 0.443364 0.718462
vt 0.444365 0.724025
vt 0.444365 0.721587
vt 0.443364 0.721588
vt 0.443364 0.724026
vt 0.444365 0.724025
vt 0.443364 0.721588
vt 0.384797 0.854480
vt 0.383589 0.854480
vt 0.384797 0.857607
vt 0.383589 0.854480
vt 0.383589 0.857607
vt 0.384797 0.857607
vt 0.384797 0.852041
vt 0.383589 0.852041
vt 0.384797 0.854480
vt 0.383589 0.852041
vt 0.383589 0.854480
vt 0.384797 0.854480
vt 0.383589 0.852041
vt 0.382381 0.852041
vt 0.383589 0.854480
vt 0.382381 0.852041
vt 0.382381 0.854480
vt 0.383589 0.854480
vt 0.383589 0.854480
vt 0.382381 0.854480
vt 0.383589 0.857607
vt 0.382381 0.854480
vt 0.382381 0.857607
vt 0.383589 0.857607
vt 0.382381 0.852041
vt 0.381174 0.852041
vt 0.382381 0.854480
vt 0.381174 0.852041
vt 0.381174 0.854480
vt 0.382381 0.854480
vt 0.382381 0.854480
vt 0.381174 0.854480
vt 0.382381 0.857607
vt 0.381174 0.854480
vt 0.381174 0.857607
vt 0.382381 0.857607
vt 0.384797 0.854480
vt 0.384797 0.857607
vt 0.386004 0.857607
vt 0.386004 0.852041
vt 0.384797 0.852041
vt 0.386004 0.854480
vt 0.384797 0.852041
vt 0.384797 0.854480
vt 0.386004 0.854480
vt 0.386004 0.854480
vt 0.384797 0.854480
vt 0.386004 0.857607
vt 0.386004 0.854480
vt 0.386004 0.857607
vt 0.387212 0.857607
vt 0.387212 0.852041
vt 0.386004 0.852041
vt 0.387212 0.854480
vt 0.386004 0.852041
vt 0.386004 0.854480
vt 0.387212 0.854480
vt 0.387212 0.854480
vt 0.386004 0.854480
vt 0.387212 0.857607
vt 0.387212 0.854480
vt 0.387212 0.857607
vt 0.388419 0.857607
vt 0.388419 0.852041
vt 0.387212 0.852041
vt 0.388419 0.854480
vt 0.387212 0.852041
vt 0.387212 0.854480
vt 0.388419 0.854480
vt 0.388419 0.854480
vt 0.387212 0.854480
vt 0.388419 0.857607
vt 0.381174 0.854480
vt 0.379966 0.854480
vt 0.381174 0.857607
vt 0.379966 0.854480
vt 0.379966 0.857607
vt 0.381174 0.857607
vt 0.381174 0.852041
vt 0.379966 0.852041
vt 0.381174 0.854480
vt 0.379966 0.852041
vt 0.379966 0.854480
vt 0.381174 0.854480
vt 0.057058 0.594500
vt 0.055821 0.594500
vt 0.057058 0.591373
vt 0.055821 0.596939
vt 0.055821 0.594500
vt 0.057058 0.594500
vt 0.057058 0.596939
vt 0.055821 0.596939
vt 0.057058 0.594500
vt 0.055821 0.594500
vt 0.055821 0.591373
vt 0.057058 0.591373
vt 0.057058 0.596939
vt 0.057058 0.594500
vt 0.058296 0.594500
vt 0.058296 0.596939
vt 0.057058 0.596939
vt 0.058296 0.594500
vt 0.057058 0.594500
vt 0.057058 0.591373
vt 0.058296 0.591373
vt 0.058296 0.594500
vt 0.057058 0.594500
vt 0.058296 0.591373
vt 0.055821 0.594500
vt 0.054667 0.594500
vt 0.055821 0.591373
vt 0.054667 0.596939
vt 0.054667 0.594500
vt 0.055821 0.594500
vt 0.055821 0.596939
vt 0.054667 0.596939
vt 0.055821 0.594500
vt 0.054667 0.594500
vt 0.054667 0.591373
vt 0.055821 0.591373
vt 0.058296 0.596939
vt 0.058296 0.594500
vt 0.059449 0.594500
vt 0.059449 0.596939
vt 0.058296 0.596939
vt 0.059449 0.594500
vt 0.058296 0.594500
vt 0.058296 0.591373
vt 0.059449 0.591373
vt 0.059449 0.594500
vt 0.058296 0.594500
vt 0.059449 0.591373
vt 0.059449 0.594500
vt 0.059449 0.591373
vt 0.060440 0.591373
vt 0.060440 0.594500
vt 0.059449 0.594500
vt 0.060440 0.591373
vt 0.059449 0.596939
vt 0.059449 0.594500
vt 0.060440 0.594500
vt 0.060440 0.596939
vt 0.059449 0.596939
vt 0.060440 0.594500
vt 0.054667 0.594500
vt 0.053677 0.594500
vt 0.054667 0.591373
vt 0.053677 0.596939
vt 0.053677 0.594500
vt 0.054667 0.594500
vt 0.054667 0.596939
vt 0.053677 0.596939
vt 0.054667 0.594500
vt 0.053677 0.594500
vt 0.053677 0.591373
vt 0.054667 0.591373
vt 0.632182 0.827657
vt 0.632182 0.826332
vt 0.629332 0.827657
vt 0.634404 0.826332
vt 0.632182 0.826332
vt 0.632182 0.827657
vt 0.634404 0.827657
vt 0.634404 0.826332
vt 0.632182 0.827657
vt 0.632182 0.826332
vt 0.629332 0.826332
vt 0.629332 0.827657
vt 0.634404 0.827657
vt 0.632182 0.827657
vt 0.632182 0.828982
vt 0.634404 0.828982
vt 0.634404 0.827657
vt 0.632182 0.828982
vt 0.632182 0.827657
vt 0.629332 0.827657
vt 0.629332 0.828982
vt 0.632182 0.828982
vt 0.632182 0.827657
vt 0.629332 0.828982
vt 0.632182 0.828982
vt 0.629332 0.828982
vt 0.629332 0.830307
vt 0.632181 0.830307
vt 0.632182 0.828982
vt 0.629332 0.830307
vt 0.634404 0.828982
vt 0.632182 0.828982
vt 0.632181 0.830307
vt 0.634404 0.830307
vt 0.634404 0.828982
vt 0.632181 0.830307
vt 0.632182 0.826332
vt 0.632181 0.825007
vt 0.629332 0.826332
vt 0.634404 0.825007
vt 0.632181 0.825007
vt 0.632182 0.826332
vt 0.634404 0.826332
vt 0.634404 0.825007
vt 0.632182 0.826332
vt 0.632181 0.825007
vt 0.629332 0.825007
vt 0.629332 0.826332
vt 0.632181 0.825007
vt 0.632182 0.823681
vt 0.629332 0.825007
vt 0.634404 0.823681
vt 0.632182 0.823681
vt 0.632181 0.825007
vt 0.634404 0.825007
vt 0.634404 0.823681
vt 0.632181 0.825007
vt 0.632182 0.823681
vt 0.629332 0.823681
vt 0.629332 0.825007
vt 0.632182 0.823681
vt 0.632182 0.822356
vt 0.629332 0.823681
vt 0.634404 0.822356
vt 0.632182 0.822356
vt 0.632182 0.823681
vt 0.634404 0.823681
vt 0.634404 0.822356
vt 0.632182 0.823681
vt 0.632182 0.822356
vt 0.629332 0.822356
vt 0.629332 0.823681
vt 0.634404 0.830307
vt 0.632181 0.830307
vt 0.632182 0.831633
vt 0.634404 0.831633
vt 0.634404 0.830307
vt 0.632182 0.831633
vt 0.632181 0.830307
vt 0.629332 0.830307
vt 0.629332 0.831633
vt 0.632182 0.831633
vt 0.632181 0.830307
vt 0.629332 0.831633
vt 0.287828 0.613440
vt 0.290037 0.613440
vt 0.290039 0.614832
vt 0.287829 0.614832
vt 0.287828 0.613440
vt 0.290039 0.614832
vt 0.287829 0.614832
vt 0.290039 0.614832
vt 0.290051 0.616165
vt 0.287841 0.616165
vt 0.287829 0.614832
vt 0.290051 0.616165
vt 0.287828 0.613440
vt 0.287837 0.612083
vt 0.290037 0.613440
vt 0.287837 0.612083
vt 0.290047 0.612083
vt 0.290037 0.613440
vt 0.287841 0.616165
vt 0.290051 0.616165
vt 0.290073 0.617347
vt 0.287863 0.617347
vt 0.287841 0.616165
vt 0.290073 0.617347
vt 0.287837 0.612083
vt 0.287856 0.610853
vt 0.290047 0.612083
vt 0.290066 0.610853
vt 0.292899 0.610853
vt 0.292880 0.612083
vt 0.290047 0.612083
vt 0.290066 0.610853
vt 0.292880 0.612083
vt 0.287856 0.610853
vt 0.290066 0.610853
vt 0.290047 0.612083
vt 0.651310 0.044783
vt 0.653511 0.044783
vt 0.653527 0.043429
vt 0.651327 0.043429
vt 0.651310 0.044783
vt 0.653527 0.043429
vt 0.651310 0.044783
vt 0.651312 0.046175
vt 0.653511 0.044783
vt 0.651312 0.046175
vt 0.653512 0.046175
vt 0.653511 0.044783
vt 0.651312 0.046175
vt 0.651331 0.047511
vt 0.653512 0.046175
vt 0.651331 0.047511
vt 0.653532 0.047511
vt 0.653512 0.046175
vt 0.651331 0.047511
vt 0.651368 0.048701
vt 0.653532 0.047511
vt 0.651368 0.048701
vt 0.653568 0.048701
vt 0.653532 0.047511
vt 0.651327 0.043429
vt 0.653527 0.043429
vt 0.653561 0.042208
vt 0.653561 0.042208
vt 0.653527 0.043429
vt 0.656382 0.042208
vt 0.653527 0.043429
vt 0.656349 0.043429
vt 0.656382 0.042208
vt 0.651360 0.042208
vt 0.651327 0.043429
vt 0.653561 0.042208
vt 0.725165 0.586467
vt 0.711054 0.586468
vt 0.725229 0.700435
vt 0.725165 0.586467
vt 0.725221 0.472499
vt 0.711054 0.586468
vt 0.725221 0.472499
vt 0.711048 0.477303
vt 0.711054 0.586468
vt 0.711054 0.586468
vt 0.711056 0.695633
vt 0.725229 0.700435
vt 0.913346 0.463318
vt 0.725221 0.472499
vt 0.725165 0.586467
vt 0.725165 0.586467
vt 0.725229 0.700435
vt 0.913356 0.709600
vt 0.913356 0.586459
vt 0.725165 0.586467
vt 0.913356 0.709600
vt 0.913356 0.586459
vt 0.913346 0.463318
vt 0.725165 0.586467
vt 0.725229 0.700435
vt 0.724460 0.715202
vt 0.913356 0.709600
vt 0.724460 0.715202
vt 0.913049 0.725646
vt 0.913356 0.709600
vt 0.725221 0.472499
vt 0.913346 0.463318
vt 0.724451 0.457733
vt 0.913346 0.463318
vt 0.913037 0.447272
vt 0.724451 0.457733
vt 0.725221 0.472499
vt 0.724451 0.457733
vt 0.709677 0.462112
vt 0.711048 0.477303
vt 0.725221 0.472499
vt 0.709677 0.462112
vt 0.709685 0.710824
vt 0.724460 0.715202
vt 0.725229 0.700435
vt 0.711056 0.695633
vt 0.709685 0.710824
vt 0.725229 0.700435
vt 0.913049 0.725646
vt 0.724460 0.715202
vt 0.912422 0.740724
vt 0.724460 0.715202
vt 0.723879 0.729156
vt 0.912422 0.740724
vt 0.709677 0.462112
vt 0.724451 0.457733
vt 0.721030 0.443878
vt 0.706255 0.448257
vt 0.709677 0.462112
vt 0.721030 0.443878
vt 0.789096 0.182943
vt 0.600891 0.182945
vt 0.600952 0.296935
vt 0.789096 0.306093
vt 0.789096 0.182943
vt 0.600952 0.296935
vt 0.789090 0.059793
vt 0.600946 0.068952
vt 0.789096 0.182943
vt 0.600946 0.068952
vt 0.600891 0.182945
vt 0.789096 0.182943
vt 0.600946 0.068952
vt 0.586780 0.073803
vt 0.600891 0.182945
vt 0.600952 0.296935
vt 0.600891 0.182945
vt 0.586791 0.292087
vt 0.600891 0.182945
vt 0.586783 0.182946
vt 0.586791 0.292087
vt 0.586780 0.073803
vt 0.586783 0.182946
vt 0.600891 0.182945
vt 0.789090 0.059793
vt 0.788783 0.043758
vt 0.600946 0.068952
vt 0.788783 0.043758
vt 0.600215 0.054174
vt 0.600946 0.068952
vt 0.789096 0.306093
vt 0.600952 0.296935
vt 0.788787 0.322129
vt 0.600952 0.296935
vt 0.600221 0.311707
vt 0.788787 0.322129
vt 0.600952 0.296935
vt 0.586791 0.292087
vt 0.600221 0.311707
vt 0.586791 0.292087
vt 0.585503 0.307250
vt 0.600221 0.311707
vt 0.600946 0.068952
vt 0.600215 0.054174
vt 0.586780 0.073803
vt 0.600215 0.054174
vt 0.585484 0.058632
vt 0.586780 0.073803
vt 0.788787 0.322129
vt 0.600221 0.311707
vt 0.599642 0.325660
vt 0.788162 0.337199
vt 0.788787 0.322129
vt 0.599642 0.325660
vt 0.585484 0.058632
vt 0.600215 0.054174
vt 0.581995 0.044810
vt 0.600215 0.054174
vt 0.596732 0.040353
vt 0.581995 0.044810
vt 0.823053 0.972889
vt 0.818018 0.766272
vt 0.739393 0.768660
vt 0.738093 0.975375
vt 0.823053 0.972889
vt 0.739393 0.768660
vt 0.908015 0.970398
vt 0.896654 0.764045
vt 0.818018 0.766272
vt 0.823053 0.972889
vt 0.908015 0.970398
vt 0.818018 0.766272
vt 0.739393 0.768660
vt 0.818018 0.766272
vt 0.743416 0.752983
vt 0.818018 0.766272
vt 0.817651 0.750771
vt 0.743416 0.752983
vt 0.818018 0.766272
vt 0.896654 0.764045
vt 0.817651 0.750771
vt 0.896654 0.764045
vt 0.891845 0.748630
vt 0.817651 0.750771
vt 0.739393 0.768660
vt 0.725879 0.768175
vt 0.738093 0.975375
vt 0.725879 0.768175
vt 0.723426 0.975417
vt 0.738093 0.975375
vt 0.908015 0.970398
vt 0.922654 0.969579
vt 0.896654 0.764045
vt 0.922654 0.969579
vt 0.910136 0.762811
vt 0.896654 0.764045
vt 0.743416 0.752983
vt 0.729508 0.751863
vt 0.739393 0.768660
vt 0.729508 0.751863
vt 0.725879 0.768175
vt 0.739393 0.768660
vt 0.896654 0.764045
vt 0.910136 0.762811
vt 0.891845 0.748630
vt 0.910136 0.762811
vt 0.905653 0.746792
vt 0.891845 0.748630
vt 0.723426 0.975417
vt 0.725879 0.768175
vt 0.709637 0.975069
vt 0.725879 0.768175
vt 0.713114 0.767848
vt 0.709637 0.975069
vt 0.905653 0.746792
vt 0.910136 0.762811
vt 0.918164 0.742579
vt 0.910136 0.762811
vt 0.922654 0.758599
vt 0.918164 0.742579
vt 0.593969 0.820735
vt 0.588900 0.614187
vt 0.510270 0.616582
vt 0.593969 0.820735
vt 0.678931 0.818228
vt 0.588900 0.614187
vt 0.678931 0.818228
vt 0.667532 0.611952
vt 0.588900 0.614187
vt 0.509008 0.823238
vt 0.593969 0.820735
vt 0.510270 0.616582
vt 0.588900 0.614187
vt 0.667532 0.611952
vt 0.588532 0.598691
vt 0.667532 0.611952
vt 0.662755 0.596533
vt 0.588532 0.598691
vt 0.510270 0.616582
vt 0.588900 0.614187
vt 0.514325 0.600918
vt 0.588900 0.614187
vt 0.588532 0.598691
vt 0.514325 0.600918
vt 0.509008 0.823238
vt 0.510270 0.616582
vt 0.494346 0.823284
vt 0.510270 0.616582
vt 0.496753 0.616142
vt 0.494346 0.823284
vt 0.667532 0.611952
vt 0.678931 0.818228
vt 0.681009 0.610676
vt 0.678931 0.818228
vt 0.693576 0.817406
vt 0.681009 0.610676
vt 0.510270 0.616582
vt 0.514325 0.600918
vt 0.496753 0.616142
vt 0.514325 0.600918
vt 0.500445 0.599894
vt 0.496753 0.616142
vt 0.662755 0.596533
vt 0.667532 0.611952
vt 0.676587 0.594600
vt 0.667532 0.611952
vt 0.681009 0.610676
vt 0.676587 0.594600
vt 0.494346 0.823284
vt 0.496753 0.616142
vt 0.483989 0.615819
vt 0.480558 0.822939
vt 0.494346 0.823284
vt 0.483989 0.615819
vt 0.676587 0.594600
vt 0.681009 0.610676
vt 0.693576 0.606521
vt 0.689146 0.590445
vt 0.676587 0.594600
vt 0.693576 0.606521
vt 0.189906 0.738821
vt 0.151669 0.767992
vt 0.235322 0.760400
vt 0.189906 0.738821
vt 0.235322 0.760400
vt 0.254726 0.727070
vt 0.209282 0.705455
vt 0.189906 0.738821
vt 0.254726 0.727070
vt 0.209282 0.705455
vt 0.254726 0.727070
vt 0.293078 0.697967
vt 0.153438 0.693054
vt 0.189906 0.738821
vt 0.209282 0.705455
vt 0.153438 0.693054
vt 0.134038 0.713760
vt 0.189906 0.738821
vt 0.254726 0.727070
vt 0.235322 0.760400
vt 0.291063 0.772893
vt 0.134038 0.713760
vt 0.151669 0.767992
vt 0.189906 0.738821
vt 0.134038 0.713760
vt 0.119786 0.730953
vt 0.151669 0.767992
vt 0.121137 0.675618
vt 0.119786 0.730953
vt 0.134038 0.713760
vt 0.126470 0.662174
vt 0.121137 0.675618
vt 0.134038 0.713760
vt 0.235322 0.760400
vt 0.177397 0.786292
vt 0.274579 0.792777
vt 0.119786 0.730953
vt 0.119319 0.786176
vt 0.151669 0.767992
vt 0.177397 0.786292
vt 0.202575 0.804871
vt 0.274579 0.792777
vt 0.235322 0.760400
vt 0.274579 0.792777
vt 0.291063 0.772893
vt 0.254726 0.727070
vt 0.291063 0.772893
vt 0.310519 0.752315
vt 0.293078 0.697967
vt 0.254726 0.727070
vt 0.310519 0.752315
vt 0.267343 0.679558
vt 0.209282 0.705455
vt 0.293078 0.697967
vt 0.169906 0.673063
vt 0.209282 0.705455
vt 0.267343 0.679558
vt 0.242113 0.660896
vt 0.169906 0.673063
vt 0.267343 0.679558
vt 0.169906 0.673063
vt 0.153438 0.693054
vt 0.209282 0.705455
vt 0.126470 0.662174
vt 0.134038 0.713760
vt 0.153438 0.693054
vt 0.135481 0.652635
vt 0.126470 0.662174
vt 0.153438 0.693054
vt 0.135481 0.652635
vt 0.153438 0.693054
vt 0.169906 0.673063
vt 0.147887 0.647249
vt 0.135481 0.652635
vt 0.169906 0.673063
vt 0.147887 0.647249
vt 0.169906 0.673063
vt 0.242113 0.660896
vt 0.223791 0.648077
vt 0.147887 0.647249
vt 0.242113 0.660896
vt 0.223791 0.648077
vt 0.242113 0.660896
vt 0.312068 0.656350
vt 0.299802 0.650475
vt 0.223791 0.648077
vt 0.312068 0.656350
vt 0.312068 0.656350
vt 0.242113 0.660896
vt 0.320749 0.666241
vt 0.242113 0.660896
vt 0.267343 0.679558
vt 0.320749 0.666241
vt 0.320749 0.666241
vt 0.267343 0.679558
vt 0.325607 0.679882
vt 0.267343 0.679558
vt 0.293078 0.697967
vt 0.325607 0.679882
vt 0.325607 0.679882
vt 0.293078 0.697967
vt 0.324849 0.735233
vt 0.293078 0.697967
vt 0.310519 0.752315
vt 0.324849 0.735233
vt 0.324849 0.735233
vt 0.310519 0.752315
vt 0.323186 0.790421
vt 0.310519 0.752315
vt 0.317805 0.803792
vt 0.323186 0.790421
vt 0.310519 0.752315
vt 0.291063 0.772893
vt 0.317805 0.803792
vt 0.291063 0.772893
vt 0.308811 0.813247
vt 0.317805 0.803792
vt 0.291063 0.772893
vt 0.274579 0.792777
vt 0.308811 0.813247
vt 0.274579 0.792777
vt 0.296459 0.818553
vt 0.308811 0.813247
vt 0.274579 0.792777
vt 0.202575 0.804871
vt 0.296459 0.818553
vt 0.202575 0.804871
vt 0.220836 0.817641
vt 0.296459 0.818553
vt 0.202575 0.804871
vt 0.132914 0.809563
vt 0.220836 0.817641
vt 0.132914 0.809563
vt 0.145145 0.815374
vt 0.220836 0.817641
vt 0.124234 0.799741
vt 0.132914 0.809563
vt 0.202575 0.804871
vt 0.177397 0.786292
vt 0.124234 0.799741
vt 0.202575 0.804871
vt 0.119319 0.786176
vt 0.124234 0.799741
vt 0.177397 0.786292
vt 0.151669 0.767992
vt 0.119319 0.786176
vt 0.177397 0.786292
vt 0.151669 0.767992
vt 0.177397 0.786292
vt 0.235322 0.760400
vt 0.132914 0.809563
vt 0.124234 0.799741
vt 0.119288 0.824121
vt 0.124234 0.799741
vt 0.110552 0.814207
vt 0.119288 0.824121
vt 0.145145 0.815374
vt 0.132914 0.809563
vt 0.119288 0.824121
vt 0.131463 0.830032
vt 0.145145 0.815374
vt 0.119288 0.824121
vt 0.105558 0.800674
vt 0.110552 0.814207
vt 0.124234 0.799741
vt 0.119319 0.786176
vt 0.105558 0.800674
vt 0.124234 0.799741
vt 0.308811 0.813247
vt 0.321912 0.828336
vt 0.317805 0.803792
vt 0.321912 0.828336
vt 0.330963 0.818811
vt 0.317805 0.803792
vt 0.321912 0.828336
vt 0.308811 0.813247
vt 0.296459 0.818553
vt 0.309584 0.833731
vt 0.321912 0.828336
vt 0.296459 0.818553
vt 0.309584 0.833731
vt 0.296459 0.818553
vt 0.220567 0.833226
vt 0.131463 0.830032
vt 0.220567 0.833226
vt 0.145145 0.815374
vt 0.220567 0.833226
vt 0.220836 0.817641
vt 0.145145 0.815374
vt 0.296459 0.818553
vt 0.220836 0.817641
vt 0.220567 0.833226
vt 0.317805 0.803792
vt 0.330963 0.818811
vt 0.336421 0.805511
vt 0.323186 0.790421
vt 0.317805 0.803792
vt 0.336421 0.805511
vt 0.126470 0.662174
vt 0.135481 0.652635
vt 0.113194 0.647075
vt 0.135481 0.652635
vt 0.122311 0.637473
vt 0.113194 0.647075
vt 0.121137 0.675618
vt 0.126470 0.662174
vt 0.113194 0.647075
vt 0.107741 0.660512
vt 0.121137 0.675618
vt 0.113194 0.647075
vt 0.105558 0.800674
vt 0.119319 0.786176
vt 0.119786 0.730953
vt 0.107741 0.660512
vt 0.105555 0.730686
vt 0.121137 0.675618
vt 0.105555 0.730686
vt 0.119786 0.730953
vt 0.121137 0.675618
vt 0.105555 0.730686
vt 0.105558 0.800674
vt 0.119786 0.730953
vt 0.134695 0.632029
vt 0.122311 0.637473
vt 0.135481 0.652635
vt 0.147887 0.647249
vt 0.134695 0.632029
vt 0.135481 0.652635
vt 0.320749 0.666241
vt 0.334547 0.651715
vt 0.312068 0.656350
vt 0.334547 0.651715
vt 0.325755 0.641728
vt 0.312068 0.656350
vt 0.334547 0.651715
vt 0.320749 0.666241
vt 0.325607 0.679882
vt 0.339535 0.665379
vt 0.334547 0.651715
vt 0.325607 0.679882
vt 0.339078 0.735609
vt 0.324849 0.735233
vt 0.323186 0.790421
vt 0.336421 0.805511
vt 0.339078 0.735609
vt 0.323186 0.790421
vt 0.339535 0.665379
vt 0.325607 0.679882
vt 0.324849 0.735233
vt 0.339078 0.735609
vt 0.339535 0.665379
vt 0.324849 0.735233
vt 0.312068 0.656350
vt 0.325755 0.641728
vt 0.313543 0.635769
vt 0.299802 0.650475
vt 0.312068 0.656350
vt 0.313543 0.635769
vt 0.223791 0.648077
vt 0.299802 0.650475
vt 0.313543 0.635769
vt 0.224065 0.632482
vt 0.223791 0.648077
vt 0.313543 0.635769
vt 0.224065 0.632482
vt 0.134695 0.632029
vt 0.223791 0.648077
vt 0.134695 0.632029
vt 0.147887 0.647249
vt 0.223791 0.648077
vt 0.325755 0.641728
vt 0.334547 0.651715
vt 0.348092 0.638282
vt 0.338462 0.627334
vt 0.325755 0.641728
vt 0.348092 0.638282
vt 0.325755 0.641728
vt 0.338462 0.627334
vt 0.325176 0.620678
vt 0.313543 0.635769
vt 0.325755 0.641728
vt 0.325176 0.620678
vt 0.348092 0.638282
vt 0.334547 0.651715
vt 0.339535 0.665379
vt 0.353762 0.653172
vt 0.348092 0.638282
vt 0.339535 0.665379
vt 0.100146 0.633090
vt 0.113194 0.647075
vt 0.122311 0.637473
vt 0.110132 0.622579
vt 0.100146 0.633090
vt 0.122311 0.637473
vt 0.123611 0.616493
vt 0.110132 0.622579
vt 0.122311 0.637473
vt 0.134695 0.632029
vt 0.123611 0.616493
vt 0.122311 0.637473
vt 0.107741 0.660512
vt 0.113194 0.647075
vt 0.100146 0.633090
vt 0.093965 0.647694
vt 0.107741 0.660512
vt 0.100146 0.633090
vt 0.330963 0.818811
vt 0.321912 0.828336
vt 0.333951 0.843120
vt 0.343865 0.832755
vt 0.330963 0.818811
vt 0.333951 0.843120
vt 0.330963 0.818811
vt 0.343865 0.832755
vt 0.349997 0.818376
vt 0.336421 0.805511
vt 0.330963 0.818811
vt 0.349997 0.818376
vt 0.333951 0.843120
vt 0.321912 0.828336
vt 0.309584 0.833731
vt 0.320554 0.849192
vt 0.333951 0.843120
vt 0.309584 0.833731
vt 0.353762 0.735952
vt 0.339078 0.735609
vt 0.336421 0.805511
vt 0.349997 0.818376
vt 0.353762 0.735952
vt 0.336421 0.805511
vt 0.353762 0.653172
vt 0.339535 0.665379
vt 0.339078 0.735609
vt 0.353762 0.735952
vt 0.353762 0.653172
vt 0.339078 0.735609
vt 0.106718 0.838424
vt 0.119288 0.824121
vt 0.110552 0.814207
vt 0.097143 0.827615
vt 0.106718 0.838424
vt 0.110552 0.814207
vt 0.131463 0.830032
vt 0.119288 0.824121
vt 0.106718 0.838424
vt 0.119944 0.845061
vt 0.131463 0.830032
vt 0.106718 0.838424
vt 0.091518 0.812941
vt 0.097143 0.827615
vt 0.110552 0.814207
vt 0.105558 0.800674
vt 0.091518 0.812941
vt 0.110552 0.814207
vt 0.091518 0.812941
vt 0.105558 0.800674
vt 0.105555 0.730686
vt 0.093965 0.647694
vt 0.090871 0.730474
vt 0.107741 0.660512
vt 0.090871 0.730474
vt 0.105555 0.730686
vt 0.107741 0.660512
vt 0.090871 0.730474
vt 0.091518 0.812941
vt 0.105555 0.730686
vt 0.123611 0.616493
vt 0.134695 0.632029
vt 0.224065 0.632482
vt 0.224065 0.632482
vt 0.313543 0.635769
vt 0.325176 0.620678
vt 0.224343 0.616419
vt 0.224065 0.632482
vt 0.325176 0.620678
vt 0.224343 0.616419
vt 0.123611 0.616493
vt 0.224065 0.632482
vt 0.119944 0.845061
vt 0.220292 0.849258
vt 0.131463 0.830032
vt 0.220292 0.849258
vt 0.220567 0.833226
vt 0.131463 0.830032
vt 0.309584 0.833731
vt 0.220567 0.833226
vt 0.220292 0.849258
vt 0.320554 0.849192
vt 0.309584 0.833731
vt 0.220292 0.849258
vt 0.155537 0.357903
vt 0.225629 0.357903
vt 0.155537 0.388084
vt 0.155537 0.357903
vt 0.155537 0.388084
vt 0.069461 0.388219
vt 0.085444 0.357903
vt 0.155537 0.357903
vt 0.069461 0.388219
vt 0.085444 0.357903
vt 0.069461 0.388219
vt 0.052998 0.380753
vt 0.072046 0.351811
vt 0.085444 0.357903
vt 0.052998 0.380753
vt 0.072046 0.351811
vt 0.052998 0.380753
vt 0.041023 0.367592
vt 0.062291 0.341101
vt 0.072046 0.351811
vt 0.041023 0.367592
vt 0.062291 0.341101
vt 0.041023 0.367592
vt 0.034235 0.349501
vt 0.056741 0.326393
vt 0.062291 0.341101
vt 0.034235 0.349501
vt 0.056741 0.326393
vt 0.034235 0.349501
vt 0.034482 0.224954
vt 0.056741 0.224954
vt 0.056741 0.326393
vt 0.034482 0.224954
vt 0.056741 0.224954
vt 0.034482 0.224954
vt 0.034235 0.100406
vt 0.056741 0.123514
vt 0.056741 0.224954
vt 0.034235 0.100406
vt 0.056741 0.123514
vt 0.034235 0.100406
vt 0.041023 0.082315
vt 0.062291 0.108806
vt 0.056741 0.123514
vt 0.041023 0.082315
vt 0.062291 0.108806
vt 0.041023 0.082315
vt 0.052998 0.069155
vt 0.072046 0.098096
vt 0.062291 0.108806
vt 0.052998 0.069155
vt 0.072046 0.098096
vt 0.052998 0.069155
vt 0.069461 0.061688
vt 0.085444 0.092004
vt 0.072046 0.098096
vt 0.069461 0.061688
vt 0.085444 0.092004
vt 0.069461 0.061688
vt 0.155537 0.061823
vt 0.155537 0.092004
vt 0.085444 0.092004
vt 0.155537 0.061823
vt 0.155537 0.092004
vt 0.155537 0.061823
vt 0.241612 0.061688
vt 0.225629 0.092004
vt 0.155537 0.092004
vt 0.241612 0.061688
vt 0.225629 0.092004
vt 0.241612 0.061688
vt 0.258076 0.069155
vt 0.239028 0.098096
vt 0.225629 0.092004
vt 0.258076 0.069155
vt 0.239028 0.098096
vt 0.258076 0.069155
vt 0.270050 0.082315
vt 0.248783 0.108806
vt 0.239028 0.098096
vt 0.270050 0.082315
vt 0.248783 0.108806
vt 0.270050 0.082315
vt 0.276839 0.100406
vt 0.254333 0.123514
vt 0.248783 0.108806
vt 0.276839 0.100406
vt 0.254333 0.123514
vt 0.276839 0.100406
vt 0.276592 0.224954
vt 0.254333 0.224954
vt 0.254333 0.123514
vt 0.276592 0.224954
vt 0.254333 0.224954
vt 0.276592 0.224954
vt 0.276839 0.349501
vt 0.254333 0.326393
vt 0.254333 0.224954
vt 0.276839 0.349501
vt 0.254333 0.326393
vt 0.276839 0.349501
vt 0.270050 0.367592
vt 0.248783 0.341101
vt 0.254333 0.326393
vt 0.270050 0.367592
vt 0.248783 0.341101
vt 0.270050 0.367592
vt 0.258076 0.380753
vt 0.239028 0.351811
vt 0.248783 0.341101
vt 0.258076 0.380753
vt 0.239028 0.351811
vt 0.258076 0.380753
vt 0.241612 0.388219
vt 0.225629 0.357903
vt 0.239028 0.351811
vt 0.241612 0.388219
vt 0.225629 0.357903
vt 0.241612 0.388219
vt 0.155537 0.388084
vt 0.571851 0.866883
vt 0.571851 0.999536
vt 0.479312 0.866883
vt 0.571851 0.999536
vt 0.479312 0.999536
vt 0.479312 0.866883
vt 0.664390 0.999536
vt 0.571851 0.999536
vt 0.571851 0.866883
vt 0.664390 0.866883
vt 0.664390 0.999536
vt 0.571851 0.866883
vt 0.678914 0.999536
vt 0.664390 0.999536
vt 0.664390 0.866883
vt 0.678914 0.866883
vt 0.678914 0.999536
vt 0.664390 0.866883
vt 0.479312 0.866883
vt 0.479312 0.999536
vt 0.464789 0.866883
vt 0.479312 0.999536
vt 0.464789 0.999536
vt 0.464789 0.866883
vt 0.464789 0.866883
vt 0.464789 0.999536
vt 0.450972 0.866883
vt 0.464789 0.999536
vt 0.450972 0.999536
vt 0.450972 0.866883
vt 0.692730 0.999536
vt 0.678914 0.999536
vt 0.678914 0.866883
vt 0.692730 0.866883
vt 0.692730 0.999536
vt 0.678914 0.866883
vt 0.210059 0.226809
vt 0.088335 0.226809
vt 0.210059 0.328890
vt 0.088335 0.226809
vt 0.088335 0.328890
vt 0.210059 0.328890
vt 0.088335 0.124727
vt 0.088335 0.226809
vt 0.210059 0.226809
vt 0.210059 0.124727
vt 0.088335 0.124727
vt 0.210059 0.226809
vt 0.088335 0.109926
vt 0.088335 0.124727
vt 0.210059 0.124727
vt 0.210059 0.109926
vt 0.088335 0.109926
vt 0.210059 0.124727
vt 0.210059 0.328890
vt 0.088335 0.328890
vt 0.210059 0.343692
vt 0.088335 0.328890
vt 0.088335 0.343692
vt 0.210059 0.343692
vt 0.339018 0.003247
vt 0.409282 0.003247
vt 0.409282 0.135900
vt 0.339018 0.135900
vt 0.339018 0.003247
vt 0.409282 0.135900
vt 0.409282 0.135900
vt 0.409282 0.003247
vt 0.479545 0.135900
vt 0.409282 0.003247
vt 0.479545 0.003247
vt 0.479545 0.135900
vt 0.479545 0.135900
vt 0.479545 0.003247
vt 0.494083 0.135900
vt 0.479545 0.003247
vt 0.494083 0.003247
vt 0.494083 0.135900
vt 0.324481 0.003247
vt 0.339018 0.003247
vt 0.339018 0.135900
vt 0.324481 0.135900
vt 0.324481 0.003247
vt 0.339018 0.135900
vt 0.310651 0.003247
vt 0.324481 0.003247
vt 0.324481 0.135900
vt 0.310651 0.135900
vt 0.310651 0.003247
vt 0.324481 0.135900
vt 0.177362 0.865955
vt 0.177362 0.998609
vt 0.247626 0.865956
vt 0.177362 0.998609
vt 0.247626 0.998609
vt 0.247626 0.865956
vt 0.107099 0.998609
vt 0.177362 0.998609
vt 0.177362 0.865955
vt 0.107099 0.865956
vt 0.107099 0.998609
vt 0.177362 0.865955
vt 0.092561 0.998609
vt 0.107099 0.998609
vt 0.107099 0.865956
vt 0.092561 0.865956
vt 0.092561 0.998609
vt 0.107099 0.865956
vt 0.247626 0.865956
vt 0.247626 0.998609
vt 0.262163 0.865956
vt 0.247626 0.998609
vt 0.262164 0.998609
vt 0.262163 0.865956
vt 0.262163 0.865956
vt 0.262164 0.998609
vt 0.275993 0.865955
vt 0.262164 0.998609
vt 0.275993 0.998609
vt 0.275993 0.865955
vt 0.588758 0.856352
vt 0.588758 0.863128
vt 0.673729 0.856352
vt 0.588758 0.863128
vt 0.674967 0.863173
vt 0.673729 0.856352
vt 0.674967 0.863173
vt 0.690768 0.855994
vt 0.673729 0.856352
vt 0.690768 0.855994
vt 0.687246 0.850212
vt 0.673729 0.856352
vt 0.690768 0.855994
vt 0.702246 0.843407
vt 0.687246 0.850212
vt 0.702246 0.843407
vt 0.696974 0.839544
vt 0.687246 0.850212
vt 0.702246 0.843407
vt 0.708791 0.826078
vt 0.696974 0.839544
vt 0.708791 0.826078
vt 0.702572 0.824721
vt 0.696974 0.839544
vt 0.708791 0.826078
vt 0.708751 0.701299
vt 0.702572 0.824721
vt 0.708751 0.701299
vt 0.702572 0.701299
vt 0.702572 0.824721
vt 0.702572 0.701299
vt 0.708751 0.701299
vt 0.702572 0.577876
vt 0.708751 0.701299
vt 0.708791 0.576519
vt 0.702572 0.577876
vt 0.702572 0.577876
vt 0.708791 0.576519
vt 0.696974 0.563054
vt 0.708791 0.576519
vt 0.702246 0.559190
vt 0.696974 0.563054
vt 0.696974 0.563054
vt 0.702246 0.559190
vt 0.687246 0.552385
vt 0.702246 0.559190
vt 0.690768 0.546603
vt 0.687246 0.552385
vt 0.687246 0.552385
vt 0.690768 0.546603
vt 0.673729 0.546245
vt 0.690768 0.546603
vt 0.674967 0.539425
vt 0.673729 0.546245
vt 0.673729 0.546245
vt 0.674967 0.539425
vt 0.588758 0.546245
vt 0.674967 0.539425
vt 0.588758 0.539469
vt 0.588758 0.546245
vt 0.588758 0.546245
vt 0.588758 0.539469
vt 0.503785 0.546245
vt 0.588758 0.539469
vt 0.502548 0.539425
vt 0.503785 0.546245
vt 0.503785 0.546245
vt 0.502548 0.539425
vt 0.490269 0.552385
vt 0.502548 0.539425
vt 0.486746 0.546603
vt 0.490269 0.552385
vt 0.490269 0.552385
vt 0.486746 0.546603
vt 0.480541 0.563054
vt 0.486746 0.546603
vt 0.475269 0.559190
vt 0.480541 0.563054
vt 0.480541 0.563054
vt 0.475269 0.559190
vt 0.474943 0.577876
vt 0.475269 0.559190
vt 0.468724 0.576519
vt 0.474943 0.577876
vt 0.474943 0.577876
vt 0.468724 0.576519
vt 0.474943 0.701299
vt 0.468724 0.576519
vt 0.468764 0.701299
vt 0.474943 0.701299
vt 0.468764 0.701299
vt 0.468724 0.826078
vt 0.474943 0.701299
vt 0.468724 0.826078
vt 0.474943 0.824721
vt 0.474943 0.701299
vt 0.468724 0.826078
vt 0.475269 0.843407
vt 0.474943 0.824721
vt 0.475269 0.843407
vt 0.480541 0.839544
vt 0.474943 0.824721
vt 0.475269 0.843407
vt 0.486746 0.855994
vt 0.480541 0.839544
vt 0.486746 0.855994
vt 0.490269 0.850212
vt 0.480541 0.839544
vt 0.486746 0.855994
vt 0.502548 0.863173
vt 0.490269 0.850212
vt 0.502548 0.863173
vt 0.503785 0.856352
vt 0.490269 0.850212
vt 0.503785 0.856352
vt 0.502548 0.863173
vt 0.588758 0.856352
vt 0.502548 0.863173
vt 0.588758 0.863128
vt 0.588758 0.856352
vt 0.828056 0.426252
vt 0.714010 0.426252
vt 0.828056 0.431818
vt 0.828056 0.426252
vt 0.828056 0.431818
vt 0.942096 0.426253
vt 0.828056 0.431818
vt 0.942096 0.431818
vt 0.942096 0.426253
vt 0.714010 0.426252
vt 0.714010 0.431818
vt 0.828056 0.431818
vt 0.714010 0.426252
vt 0.696112 0.426252
vt 0.714010 0.431818
vt 0.696112 0.426252
vt 0.696112 0.431818
vt 0.714010 0.431818
vt 0.940406 0.560683
vt 0.935334 0.560683
vt 0.935334 0.685832
vt 0.935334 0.435529
vt 0.935334 0.560683
vt 0.940406 0.560683
vt 0.940406 0.435529
vt 0.935334 0.435529
vt 0.940406 0.560683
vt 0.940406 0.685832
vt 0.940406 0.560683
vt 0.935334 0.685832
vt 0.940406 0.685832
vt 0.935334 0.685832
vt 0.935334 0.705473
vt 0.940406 0.705473
vt 0.940406 0.685832
vt 0.935334 0.705473
vt 0.433562 0.177644
vt 0.520128 0.177644
vt 0.433562 0.183209
vt 0.520128 0.177644
vt 0.520128 0.183210
vt 0.433562 0.183209
vt 0.346999 0.177644
vt 0.433562 0.177644
vt 0.346999 0.183210
vt 0.433562 0.177644
vt 0.433562 0.183209
vt 0.346999 0.183210
vt 0.538039 0.183210
vt 0.520128 0.183210
vt 0.520128 0.177644
vt 0.538039 0.177644
vt 0.538039 0.183210
vt 0.520128 0.177644
vt 0.853680 0.371521
vt 0.940247 0.371521
vt 0.853680 0.377087
vt 0.853680 0.371521
vt 0.853680 0.377087
vt 0.767118 0.377087
vt 0.767118 0.371522
vt 0.853680 0.371521
vt 0.767118 0.377087
vt 0.940247 0.371521
vt 0.940247 0.377087
vt 0.853680 0.377087
vt 0.940247 0.371521
vt 0.958157 0.371521
vt 0.940247 0.377087
vt 0.958157 0.371521
vt 0.958157 0.377087
vt 0.940247 0.377087
vt 0.583686 0.332560
vt 0.581191 0.332560
vt 0.581239 0.481368
vt 0.583686 0.481903
vt 0.583686 0.332560
vt 0.581239 0.481368
vt 0.581191 0.332560
vt 0.583686 0.332560
vt 0.583686 0.183218
vt 0.581239 0.183752
vt 0.581191 0.332560
vt 0.583686 0.183218
vt 0.581239 0.481368
vt 0.573444 0.502035
vt 0.583686 0.481903
vt 0.573444 0.502035
vt 0.575518 0.503557
vt 0.583686 0.481903
vt 0.581239 0.183752
vt 0.583686 0.183218
vt 0.575518 0.161564
vt 0.573444 0.163086
vt 0.581239 0.183752
vt 0.575518 0.161564
vt 0.573444 0.163086
vt 0.575518 0.161564
vt 0.561162 0.145797
vt 0.559776 0.148075
vt 0.573444 0.163086
vt 0.561162 0.145797
vt 0.573444 0.502035
vt 0.559776 0.517046
vt 0.575518 0.503557
vt 0.559776 0.517046
vt 0.561162 0.519324
vt 0.575518 0.503557
vt 0.559776 0.148075
vt 0.561162 0.145797
vt 0.541444 0.136827
vt 0.540958 0.139514
vt 0.559776 0.148075
vt 0.541444 0.136827
vt 0.559776 0.517046
vt 0.540958 0.525606
vt 0.561162 0.519324
vt 0.540958 0.525606
vt 0.541444 0.528293
vt 0.561162 0.519324
vt 0.540958 0.139514
vt 0.541444 0.136827
vt 0.438293 0.136827
vt 0.438293 0.139567
vt 0.540958 0.139514
vt 0.438293 0.136827
vt 0.438293 0.139567
vt 0.438293 0.136827
vt 0.335141 0.136827
vt 0.335627 0.139514
vt 0.438293 0.139567
vt 0.335141 0.136827
vt 0.335627 0.139514
vt 0.335141 0.136827
vt 0.315423 0.145797
vt 0.316809 0.148075
vt 0.335627 0.139514
vt 0.315423 0.145797
vt 0.316809 0.148075
vt 0.315423 0.145797
vt 0.301067 0.161564
vt 0.303141 0.163086
vt 0.316809 0.148075
vt 0.301067 0.161564
vt 0.303141 0.163086
vt 0.301067 0.161564
vt 0.292899 0.183218
vt 0.295346 0.183752
vt 0.303141 0.163086
vt 0.292899 0.183218
vt 0.295346 0.183752
vt 0.292899 0.183218
vt 0.292899 0.332560
vt 0.295346 0.481368
vt 0.295394 0.332560
vt 0.292899 0.481903
vt 0.295394 0.332560
vt 0.292899 0.332560
vt 0.292899 0.481903
vt 0.295394 0.332560
vt 0.295346 0.183752
vt 0.292899 0.332560
vt 0.295346 0.481368
vt 0.292899 0.481903
vt 0.301067 0.503557
vt 0.303141 0.502035
vt 0.295346 0.481368
vt 0.301067 0.503557
vt 0.303141 0.502035
vt 0.301067 0.503557
vt 0.315423 0.519324
vt 0.316809 0.517046
vt 0.303141 0.502035
vt 0.315423 0.519324
vt 0.316809 0.517046
vt 0.315423 0.519324
vt 0.335140 0.528293
vt 0.335627 0.525606
vt 0.316809 0.517046
vt 0.335140 0.528293
vt 0.335627 0.525606
vt 0.335140 0.528293
vt 0.438293 0.528293
vt 0.540958 0.525606
vt 0.438293 0.525554
vt 0.541444 0.528293
vt 0.438293 0.525554
vt 0.438293 0.528293
vt 0.541444 0.528293
vt 0.438293 0.525554
vt 0.335627 0.525606
vt 0.438293 0.528293
vt 0.153803 0.574826
vt 0.260390 0.530445
vt 0.154262 0.576154
vt 0.153803 0.574826
vt 0.154262 0.576154
vt 0.048224 0.620103
vt 0.047238 0.619183
vt 0.153803 0.574826
vt 0.048224 0.620103
vt 0.260390 0.530445
vt 0.260208 0.531851
vt 0.154262 0.576154
vt 0.047238 0.619183
vt 0.048224 0.620103
vt 0.033665 0.631368
vt 0.032627 0.630520
vt 0.047238 0.619183
vt 0.033665 0.631368
vt 0.032627 0.630520
vt 0.033665 0.631368
vt 0.022964 0.645776
vt 0.021875 0.645008
vt 0.032627 0.630520
vt 0.022964 0.645776
vt 0.021875 0.645008
vt 0.022964 0.645776
vt 0.015928 0.663729
vt 0.014793 0.663048
vt 0.021875 0.645008
vt 0.015928 0.663729
vt 0.260390 0.530445
vt 0.278174 0.528293
vt 0.260208 0.531851
vt 0.278174 0.528293
vt 0.277909 0.529683
vt 0.260208 0.531851
vt 0.278174 0.528293
vt 0.294971 0.531310
vt 0.277909 0.529683
vt 0.294971 0.531310
vt 0.294620 0.532677
vt 0.277909 0.529683
vt 0.294971 0.531310
vt 0.311168 0.539657
vt 0.294620 0.532677
vt 0.311168 0.539657
vt 0.310729 0.540993
vt 0.294620 0.532677
vt 0.311168 0.539657
vt 0.376847 0.601358
vt 0.310729 0.540993
vt 0.376847 0.601358
vt 0.376006 0.602437
vt 0.310729 0.540993
vt 0.376847 0.601358
vt 0.442519 0.663047
vt 0.376006 0.602437
vt 0.442519 0.663047
vt 0.441385 0.663729
vt 0.376006 0.602437
vt 0.141096 0.549783
vt 0.247656 0.505401
vt 0.141555 0.551111
vt 0.141096 0.549783
vt 0.141555 0.551111
vt 0.035535 0.595063
vt 0.034549 0.594144
vt 0.141096 0.549783
vt 0.035535 0.595063
vt 0.247656 0.505401
vt 0.247474 0.506807
vt 0.141555 0.551111
vt 0.034549 0.594144
vt 0.035535 0.595063
vt 0.020979 0.606327
vt 0.019940 0.605480
vt 0.034549 0.594144
vt 0.020979 0.606327
vt 0.019940 0.605480
vt 0.020979 0.606327
vt 0.010281 0.620733
vt 0.009192 0.619966
vt 0.019940 0.605480
vt 0.010281 0.620733
vt 0.009192 0.619966
vt 0.010281 0.620733
vt 0.003249 0.638683
vt 0.002113 0.638002
vt 0.009192 0.619966
vt 0.003249 0.638683
vt 0.247474 0.506807
vt 0.247656 0.505401
vt 0.265436 0.503247
vt 0.265171 0.504637
vt 0.247474 0.506807
vt 0.265436 0.503247
vt 0.265436 0.503247
vt 0.282230 0.506260
vt 0.265171 0.504637
vt 0.282230 0.506260
vt 0.281879 0.507627
vt 0.265171 0.504637
vt 0.282230 0.506260
vt 0.298424 0.514601
vt 0.281879 0.507627
vt 0.298424 0.514601
vt 0.297986 0.515937
vt 0.281879 0.507627
vt 0.298424 0.514601
vt 0.364135 0.576307
vt 0.297986 0.515937
vt 0.364135 0.576307
vt 0.363295 0.577386
vt 0.297986 0.515937
vt 0.364135 0.576307
vt 0.429839 0.638000
vt 0.363295 0.577386
vt 0.429839 0.638000
vt 0.428705 0.638683
vt 0.363295 0.577386
vt 0.232037 0.450371
vt 0.232037 0.469852
vt 0.226965 0.450371
vt 0.232037 0.469852
vt 0.226965 0.469852
vt 0.226965 0.450371
vt 0.271767 0.045827
vt 0.271853 0.065399
vt 0.276753 0.045826
vt 0.271853 0.065399
vt 0.276839 0.065397
vt 0.276753 0.045826
vt 0.271767 0.045827
vt 0.276753 0.045826
vt 0.276839 0.027365
vt 0.271853 0.027367
vt 0.271767 0.045827
vt 0.276839 0.027365
vt 0.849665 0.992115
vt 0.832499 0.992115
vt 0.832499 0.986549
vt 0.849665 0.986549
vt 0.849665 0.992115
vt 0.832499 0.986549
vt 0.832499 0.986549
vt 0.832499 0.992115
vt 0.814455 0.986549
vt 0.832499 0.992115
vt 0.814455 0.992115
vt 0.814455 0.986549
vt 0.867709 0.992115
vt 0.849665 0.992115
vt 0.849665 0.986549
vt 0.867709 0.986549
vt 0.867709 0.992115
vt 0.849665 0.986549
vt 0.929503 0.561688
vt 0.929417 0.542117
vt 0.934403 0.542115
vt 0.934489 0.561687
vt 0.929503 0.561688
vt 0.934403 0.542115
vt 0.934403 0.542115
vt 0.929417 0.542117
vt 0.934489 0.523655
vt 0.929417 0.542117
vt 0.929503 0.523657
vt 0.934489 0.523655
vt 0.570085 0.500122
vt 0.558066 0.513348
vt 0.576923 0.481957
vt 0.558066 0.513348
vt 0.541558 0.520872
vt 0.576923 0.481957
vt 0.541558 0.520872
vt 0.455199 0.520872
vt 0.576923 0.481957
vt 0.455199 0.520872
vt 0.368839 0.520872
vt 0.576923 0.481957
vt 0.368839 0.520872
vt 0.352331 0.513348
vt 0.576923 0.481957
vt 0.352331 0.513348
vt 0.340312 0.500122
vt 0.576923 0.481957
vt 0.340312 0.500122
vt 0.333474 0.481957
vt 0.576923 0.481957
vt 0.333474 0.481957
vt 0.333474 0.356679
vt 0.576923 0.481957
vt 0.333474 0.356679
vt 0.333474 0.231401
vt 0.576923 0.481957
vt 0.333474 0.231401
vt 0.340312 0.213236
vt 0.576923 0.481957
vt 0.340312 0.213236
vt 0.352331 0.200010
vt 0.576923 0.481957
vt 0.352331 0.200010
vt 0.368839 0.192486
vt 0.576923 0.481957
vt 0.368839 0.192486
vt 0.455199 0.192486
vt 0.576923 0.481957
vt 0.455199 0.192486
vt 0.541558 0.192486
vt 0.576923 0.481957
vt 0.541558 0.192486
vt 0.558066 0.200010
vt 0.576923 0.481957
vt 0.558066 0.200010
vt 0.570085 0.213236
vt 0.576923 0.481957
vt 0.570085 0.213236
vt 0.576923 0.356679
vt 0.576923 0.481957
vt 0.576923 0.231401
vt 0.576923 0.356679
vt 0.570085 0.213236
vt 0.913869 0.243424
vt 0.864505 0.230283
vt 0.876495 0.158246
vt 0.925858 0.171386
vt 0.913869 0.243424
vt 0.876495 0.158246
vt 0.925858 0.171386
vt 0.876495 0.158246
vt 0.935041 0.098810
vt 0.956017 0.293373
vt 0.913869 0.243424
vt 0.925858 0.171386
vt 0.966378 0.255184
vt 0.956017 0.293373
vt 0.925858 0.171386
vt 0.966378 0.255184
vt 0.925858 0.171386
vt 0.961702 0.110165
vt 0.977378 0.339637
vt 0.956017 0.293373
vt 0.966378 0.255184
vt 0.985373 0.336008
vt 0.977378 0.339637
vt 0.966378 0.255184
vt 0.985373 0.336008
vt 0.966378 0.255184
vt 0.981838 0.220828
vt 0.990873 0.329980
vt 0.985373 0.336008
vt 0.981838 0.220828
vt 0.977378 0.339637
vt 0.895182 0.339637
vt 0.956017 0.293373
vt 0.895182 0.339637
vt 0.879815 0.322954
vt 0.956017 0.293373
vt 0.895182 0.339637
vt 0.812986 0.339637
vt 0.879815 0.322954
vt 0.812986 0.339637
vt 0.804991 0.336008
vt 0.879815 0.322954
vt 0.879815 0.322954
vt 0.804991 0.336008
vt 0.855323 0.302860
vt 0.956017 0.293373
vt 0.879815 0.322954
vt 0.913869 0.243424
vt 0.876495 0.158246
vt 0.864505 0.230283
vt 0.834347 0.108297
vt 0.879815 0.322954
vt 0.855323 0.302860
vt 0.913869 0.243424
vt 0.864505 0.230283
vt 0.828661 0.291504
vt 0.823986 0.146486
vt 0.804991 0.336008
vt 0.799490 0.329980
vt 0.855323 0.302860
vt 0.828661 0.291504
vt 0.808526 0.180842
vt 0.823986 0.146486
vt 0.864505 0.230283
vt 0.823986 0.146486
vt 0.834347 0.108297
vt 0.876495 0.158246
vt 0.834347 0.108297
vt 0.910549 0.078715
vt 0.935041 0.098810
vt 0.876495 0.158246
vt 0.910549 0.078715
vt 0.961702 0.110165
vt 0.925858 0.171386
vt 0.935041 0.098810
vt 0.981838 0.220828
vt 0.966378 0.255184
vt 0.961702 0.110165
vt 0.990873 0.329980
vt 0.981838 0.220828
vt 0.994185 0.200835
vt 0.994185 0.321217
vt 0.990873 0.329980
vt 0.994185 0.200835
vt 0.994185 0.200835
vt 0.981838 0.220828
vt 0.994185 0.080452
vt 0.981838 0.220828
vt 0.961702 0.110165
vt 0.994185 0.080452
vt 0.994185 0.080452
vt 0.961702 0.110165
vt 0.990873 0.071690
vt 0.961702 0.110165
vt 0.935041 0.098810
vt 0.990873 0.071690
vt 0.990873 0.071690
vt 0.935041 0.098810
vt 0.985373 0.065662
vt 0.935041 0.098810
vt 0.910549 0.078715
vt 0.985373 0.065662
vt 0.985373 0.065662
vt 0.910549 0.078715
vt 0.977378 0.062032
vt 0.910549 0.078715
vt 0.895182 0.062032
vt 0.977378 0.062032
vt 0.910549 0.078715
vt 0.834347 0.108297
vt 0.895182 0.062032
vt 0.834347 0.108297
vt 0.812986 0.062032
vt 0.895182 0.062032
vt 0.834347 0.108297
vt 0.823986 0.146486
vt 0.812986 0.062032
vt 0.823986 0.146486
vt 0.804991 0.065662
vt 0.812986 0.062032
vt 0.823986 0.146486
vt 0.808526 0.180842
vt 0.804991 0.065662
vt 0.808526 0.180842
vt 0.799490 0.071690
vt 0.804991 0.065662
vt 0.808526 0.180842
vt 0.796179 0.200835
vt 0.799490 0.071690
vt 0.796179 0.200835
vt 0.796179 0.080452
vt 0.799490 0.071690
vt 0.796179 0.321217
vt 0.796179 0.200835
vt 0.808526 0.180842
vt 0.828661 0.291504
vt 0.796179 0.321217
vt 0.808526 0.180842
vt 0.799490 0.329980
vt 0.796179 0.321217
vt 0.828661 0.291504
vt 0.855323 0.302860
vt 0.799490 0.329980
vt 0.828661 0.291504
vt 0.855323 0.302860
vt 0.828661 0.291504
vt 0.864505 0.230283
vt 0.913869 0.243424
vt 0.855323 0.302860
vt 0.864505 0.230283
vt 0.796179 0.200835
vt 0.796179 0.321217
vt 0.790786 0.200835
vt 0.796179 0.200835
vt 0.790786 0.200835
vt 0.796179 0.080452
vt 0.790786 0.200835
vt 0.790786 0.079277
vt 0.796179 0.080452
vt 0.796179 0.321217
vt 0.790786 0.322393
vt 0.790786 0.200835
vt 0.796179 0.080452
vt 0.790786 0.079277
vt 0.799490 0.071690
vt 0.790786 0.079277
vt 0.794919 0.068342
vt 0.799490 0.071690
vt 0.799490 0.071690
vt 0.794919 0.068342
vt 0.804991 0.065662
vt 0.794919 0.068342
vt 0.801936 0.060652
vt 0.804991 0.065662
vt 0.796179 0.321217
vt 0.799490 0.329980
vt 0.790786 0.322393
vt 0.799490 0.329980
vt 0.794919 0.333327
vt 0.790786 0.322393
vt 0.799490 0.329980
vt 0.804991 0.336008
vt 0.794919 0.333327
vt 0.804991 0.336008
vt 0.801936 0.341018
vt 0.794919 0.333327
vt 0.804991 0.065662
vt 0.801936 0.060652
vt 0.812986 0.062032
vt 0.801936 0.060652
vt 0.811913 0.056122
vt 0.812986 0.062032
vt 0.804991 0.336008
vt 0.812986 0.339637
vt 0.801936 0.341018
vt 0.812986 0.339637
vt 0.811913 0.345547
vt 0.801936 0.341018
vt 0.978451 0.056122
vt 0.977378 0.062032
vt 0.895182 0.062032
vt 0.895182 0.056122
vt 0.978451 0.056122
vt 0.895182 0.062032
vt 0.895182 0.056122
vt 0.895182 0.062032
vt 0.812986 0.062032
vt 0.811913 0.056122
vt 0.895182 0.056122
vt 0.812986 0.062032
vt 0.977378 0.062032
vt 0.978451 0.056122
vt 0.985373 0.065662
vt 0.978451 0.056122
vt 0.988427 0.060652
vt 0.985373 0.065662
vt 0.985373 0.065662
vt 0.988427 0.060652
vt 0.990873 0.071690
vt 0.988427 0.060652
vt 0.995445 0.068342
vt 0.990873 0.071690
vt 0.990873 0.071690
vt 0.995445 0.068342
vt 0.994185 0.080452
vt 0.995445 0.068342
vt 0.999577 0.079277
vt 0.994185 0.080452
vt 0.895182 0.345547
vt 0.895182 0.339637
vt 0.977378 0.339637
vt 0.895182 0.345547
vt 0.811913 0.345547
vt 0.895182 0.339637
vt 0.811913 0.345547
vt 0.812986 0.339637
vt 0.895182 0.339637
vt 0.978451 0.345547
vt 0.895182 0.345547
vt 0.977378 0.339637
vt 0.977378 0.339637
vt 0.985373 0.336008
vt 0.978451 0.345547
vt 0.985373 0.336008
vt 0.988427 0.341018
vt 0.978451 0.345547
vt 0.985373 0.336008
vt 0.990873 0.329980
vt 0.988427 0.341018
vt 0.990873 0.329980
vt 0.995445 0.333327
vt 0.988427 0.341018
vt 0.990873 0.329980
vt 0.994185 0.321217
vt 0.995445 0.333327
vt 0.994185 0.321217
vt 0.999577 0.322393
vt 0.995445 0.333327
vt 0.994185 0.080452
vt 0.999577 0.079277
vt 0.994185 0.200835
vt 0.994185 0.200835
vt 0.999542 0.200835
vt 0.999577 0.322393
vt 0.994185 0.321217
vt 0.994185 0.200835
vt 0.999577 0.322393
vt 0.999577 0.079277
vt 0.999542 0.200835
vt 0.994185 0.200835
vt 0.367902 0.634842
vt 0.375740 0.633130
vt 0.367902 0.727736
vt 0.375740 0.633130
vt 0.367902 0.634842
vt 0.369199 0.615789
vt 0.367902 0.634842
vt 0.362554 0.620664
vt 0.369199 0.615789
vt 0.369199 0.615789
vt 0.362554 0.620664
vt 0.357729 0.603194
vt 0.362554 0.620664
vt 0.353289 0.610490
vt 0.357729 0.603194
vt 0.357729 0.603194
vt 0.353289 0.610490
vt 0.341937 0.596011
vt 0.353289 0.610490
vt 0.340378 0.604618
vt 0.341937 0.596011
vt 0.228233 0.596055
vt 0.341937 0.596011
vt 0.340378 0.604618
vt 0.228233 0.604618
vt 0.228233 0.596055
vt 0.340378 0.604618
vt 0.228233 0.596055
vt 0.228233 0.604618
vt 0.116088 0.604618
vt 0.114529 0.596011
vt 0.228233 0.596055
vt 0.116088 0.604618
vt 0.116088 0.604618
vt 0.103177 0.610490
vt 0.114529 0.596011
vt 0.103177 0.610490
vt 0.098738 0.603194
vt 0.114529 0.596011
vt 0.103177 0.610490
vt 0.093912 0.620664
vt 0.098738 0.603194
vt 0.093912 0.620664
vt 0.087268 0.615789
vt 0.098738 0.603194
vt 0.093912 0.620664
vt 0.088564 0.634842
vt 0.087268 0.615789
vt 0.088564 0.634842
vt 0.080727 0.633130
vt 0.087268 0.615789
vt 0.080727 0.633130
vt 0.088564 0.634842
vt 0.080767 0.727736
vt 0.088564 0.634842
vt 0.088564 0.727736
vt 0.080767 0.727736
vt 0.080767 0.727736
vt 0.088564 0.727736
vt 0.080727 0.822343
vt 0.088564 0.727736
vt 0.088564 0.820631
vt 0.080727 0.822343
vt 0.088564 0.820631
vt 0.093912 0.834809
vt 0.080727 0.822343
vt 0.093912 0.834809
vt 0.087268 0.839684
vt 0.080727 0.822343
vt 0.093912 0.834809
vt 0.103177 0.844983
vt 0.087268 0.839684
vt 0.103177 0.844983
vt 0.098738 0.852279
vt 0.087268 0.839684
vt 0.103177 0.844983
vt 0.116088 0.850855
vt 0.098738 0.852279
vt 0.116088 0.850855
vt 0.114529 0.859462
vt 0.098738 0.852279
vt 0.114529 0.859462
vt 0.116088 0.850855
vt 0.228233 0.850855
vt 0.228233 0.859418
vt 0.114529 0.859462
vt 0.228233 0.850855
vt 0.341937 0.859462
vt 0.228233 0.859418
vt 0.228233 0.850855
vt 0.340378 0.850855
vt 0.341937 0.859462
vt 0.228233 0.850855
vt 0.341937 0.859462
vt 0.340378 0.850855
vt 0.357729 0.852279
vt 0.340378 0.850855
vt 0.353289 0.844983
vt 0.357729 0.852279
vt 0.357729 0.852279
vt 0.353289 0.844983
vt 0.369199 0.839684
vt 0.353289 0.844983
vt 0.362554 0.834809
vt 0.369199 0.839684
vt 0.369199 0.839684
vt 0.362554 0.834809
vt 0.375740 0.822343
vt 0.362554 0.834809
vt 0.367902 0.820631
vt 0.375740 0.822343
vt 0.375699 0.727736
vt 0.375740 0.822343
vt 0.367902 0.820631
vt 0.367902 0.727736
vt 0.375699 0.727736
vt 0.367902 0.820631
vt 0.375740 0.633130
vt 0.375699 0.727736
vt 0.367902 0.727736
vt 0.056569 0.819573
vt 0.042688 0.819573
vt 0.042751 0.942475
vt 0.042751 0.696672
vt 0.042688 0.819573
vt 0.056569 0.819573
vt 0.056576 0.697189
vt 0.042751 0.696672
vt 0.056569 0.819573
vt 0.056577 0.941958
vt 0.056569 0.819573
vt 0.042751 0.942475
vt 0.062464 0.819573
vt 0.056569 0.819573
vt 0.056577 0.941958
vt 0.062341 0.941626
vt 0.062464 0.819573
vt 0.056577 0.941958
vt 0.056576 0.697189
vt 0.056569 0.819573
vt 0.062464 0.819573
vt 0.062341 0.697521
vt 0.056576 0.697189
vt 0.062464 0.819573
vt 0.042751 0.696672
vt 0.056576 0.697189
vt 0.057877 0.682278
vt 0.043751 0.681077
vt 0.042751 0.696672
vt 0.057877 0.682278
vt 0.057877 0.682278
vt 0.056576 0.697189
vt 0.062341 0.697521
vt 0.063870 0.683782
vt 0.057877 0.682278
vt 0.062341 0.697521
vt 0.057877 0.956869
vt 0.056577 0.941958
vt 0.042751 0.942475
vt 0.043751 0.958070
vt 0.057877 0.956869
vt 0.042751 0.942475
vt 0.062341 0.941626
vt 0.056577 0.941958
vt 0.057877 0.956869
vt 0.063870 0.955365
vt 0.062341 0.941626
vt 0.057877 0.956869
vt 0.062341 0.697521
vt 0.062464 0.819573
vt 0.069677 0.819573
vt 0.069472 0.698035
vt 0.062341 0.697521
vt 0.069677 0.819573
vt 0.069677 0.819573
vt 0.062464 0.819573
vt 0.062341 0.941626
vt 0.069472 0.941112
vt 0.069677 0.819573
vt 0.062341 0.941626
vt 0.063870 0.955365
vt 0.071013 0.953391
vt 0.062341 0.941626
vt 0.071013 0.953391
vt 0.069472 0.941112
vt 0.062341 0.941626
vt 0.063870 0.683782
vt 0.062341 0.697521
vt 0.071013 0.685756
vt 0.062341 0.697521
vt 0.069472 0.698035
vt 0.071013 0.685756
vt 0.063870 0.955365
vt 0.057877 0.956869
vt 0.062569 0.970779
vt 0.068254 0.967964
vt 0.063870 0.955365
vt 0.062569 0.970779
vt 0.068254 0.967964
vt 0.074810 0.964031
vt 0.063870 0.955365
vt 0.074810 0.964031
vt 0.071013 0.953391
vt 0.063870 0.955365
vt 0.063870 0.683782
vt 0.071013 0.685756
vt 0.074810 0.675116
vt 0.068254 0.671182
vt 0.063870 0.683782
vt 0.074810 0.675116
vt 0.068254 0.671182
vt 0.062569 0.668367
vt 0.063870 0.683782
vt 0.062569 0.668367
vt 0.057877 0.682278
vt 0.063870 0.683782
vt 0.134404 0.486867
vt 0.018186 0.486867
vt 0.134404 0.471707
vt 0.018186 0.486867
vt 0.018045 0.471707
vt 0.134404 0.471707
vt 0.134404 0.471707
vt 0.250763 0.471707
vt 0.250622 0.486867
vt 0.134404 0.486867
vt 0.134404 0.471707
vt 0.250622 0.486867
vt 0.250763 0.471707
vt 0.264159 0.473280
vt 0.250622 0.486867
vt 0.264159 0.473280
vt 0.263759 0.488409
vt 0.250622 0.486867
vt 0.018045 0.471707
vt 0.018186 0.486867
vt 0.004649 0.473280
vt 0.018186 0.486867
vt 0.005049 0.488409
vt 0.004649 0.473280
vt 0.006455 0.494827
vt 0.005049 0.488409
vt 0.018186 0.486867
vt 0.018679 0.493392
vt 0.006455 0.494827
vt 0.018186 0.486867
vt 0.250622 0.486867
vt 0.263759 0.488409
vt 0.262354 0.494827
vt 0.250129 0.493392
vt 0.250622 0.486867
vt 0.262354 0.494827
vt 0.250129 0.493392
vt 0.262354 0.494827
vt 0.249096 0.500180
vt 0.262354 0.494827
vt 0.259413 0.501391
vt 0.249096 0.500180
vt 0.134404 0.493392
vt 0.250129 0.493392
vt 0.249096 0.500180
vt 0.134404 0.500180
vt 0.019712 0.500180
vt 0.134404 0.493392
vt 0.019712 0.500180
vt 0.018679 0.493392
vt 0.134404 0.493392
vt 0.134404 0.500180
vt 0.134404 0.493392
vt 0.249096 0.500180
vt 0.018679 0.493392
vt 0.019712 0.500180
vt 0.006455 0.494827
vt 0.019712 0.500180
vt 0.009395 0.501391
vt 0.006455 0.494827
vt 0.167794 0.414847
vt 0.167667 0.429796
vt 0.083965 0.428937
vt 0.083502 0.414193
vt 0.167794 0.414847
vt 0.083965 0.428937
vt 0.252557 0.415832
vt 0.251939 0.430765
vt 0.167667 0.429796
vt 0.167794 0.414847
vt 0.252557 0.415832
vt 0.167667 0.429796
vt 0.167667 0.429796
vt 0.251939 0.430765
vt 0.167610 0.436208
vt 0.167667 0.429796
vt 0.167610 0.436208
vt 0.084139 0.435106
vt 0.083965 0.428937
vt 0.167667 0.429796
vt 0.084139 0.435106
vt 0.251939 0.430765
vt 0.251573 0.436977
vt 0.167610 0.436208
vt 0.083502 0.414193
vt 0.083965 0.428937
vt 0.070969 0.430164
vt 0.069394 0.415458
vt 0.083502 0.414193
vt 0.070969 0.430164
vt 0.070969 0.430164
vt 0.083965 0.428937
vt 0.084139 0.435106
vt 0.071803 0.436256
vt 0.070969 0.430164
vt 0.084139 0.435106
vt 0.252557 0.415832
vt 0.266828 0.417063
vt 0.251939 0.430765
vt 0.266828 0.417063
vt 0.265566 0.432340
vt 0.251939 0.430765
vt 0.251939 0.430765
vt 0.265566 0.432340
vt 0.264315 0.438956
vt 0.251573 0.436977
vt 0.251939 0.430765
vt 0.264315 0.438956
vt 0.167610 0.436208
vt 0.251573 0.436977
vt 0.167541 0.443878
vt 0.167610 0.436208
vt 0.167541 0.443878
vt 0.084413 0.442776
vt 0.084139 0.435106
vt 0.167610 0.436208
vt 0.084413 0.442776
vt 0.251573 0.436977
vt 0.251016 0.444683
vt 0.167541 0.443878
vt 0.071803 0.436256
vt 0.084139 0.435106
vt 0.073037 0.443920
vt 0.084139 0.435106
vt 0.084413 0.442776
vt 0.073037 0.443920
vt 0.251573 0.436977
vt 0.264315 0.438956
vt 0.251016 0.444683
vt 0.264315 0.438956
vt 0.262124 0.446660
vt 0.251016 0.444683
vt 0.058446 0.432670
vt 0.070969 0.430164
vt 0.071803 0.436256
vt 0.060148 0.439172
vt 0.058446 0.432670
vt 0.071803 0.436256
vt 0.060148 0.439172
vt 0.071803 0.436256
vt 0.062908 0.446660
vt 0.071803 0.436256
vt 0.073037 0.443920
vt 0.062908 0.446660
vt 0.069394 0.415458
vt 0.070969 0.430164
vt 0.058446 0.432670
vt 0.056213 0.417656
vt 0.069394 0.415458
vt 0.058446 0.432670
vt 0.266828 0.417063
vt 0.280220 0.418541
vt 0.265566 0.432340
vt 0.280220 0.418541
vt 0.278666 0.433804
vt 0.265566 0.432340
vt 0.963920 0.850320
vt 0.963140 0.942179
vt 0.969763 0.850384
vt 0.963920 0.850320
vt 0.969763 0.850384
vt 0.970464 0.758247
vt 0.964804 0.757845
vt 0.963920 0.850320
vt 0.970464 0.758247
vt 0.963140 0.942179
vt 0.968762 0.941989
vt 0.969763 0.850384
vt 0.970464 0.758247
vt 0.972269 0.744264
vt 0.964804 0.757845
vt 0.972269 0.744264
vt 0.966240 0.742890
vt 0.964804 0.757845
vt 0.968762 0.941989
vt 0.963140 0.942179
vt 0.964258 0.956442
vt 0.969809 0.955528
vt 0.968762 0.941989
vt 0.964258 0.956442
vt 0.949704 0.942687
vt 0.963140 0.942179
vt 0.963920 0.850320
vt 0.950297 0.850181
vt 0.949704 0.942687
vt 0.963920 0.850320
vt 0.950297 0.850181
vt 0.963920 0.850320
vt 0.964804 0.757845
vt 0.951196 0.757166
vt 0.950297 0.850181
vt 0.964804 0.757845
vt 0.964258 0.956442
vt 0.963140 0.942179
vt 0.949704 0.942687
vt 0.950857 0.958170
vt 0.964258 0.956442
vt 0.949704 0.942687
vt 0.964804 0.757845
vt 0.966240 0.742890
vt 0.952318 0.741505
vt 0.951196 0.757166
vt 0.964804 0.757845
vt 0.952318 0.741505
vt 0.969763 0.850384
vt 0.968762 0.941989
vt 0.976752 0.850466
vt 0.968762 0.941989
vt 0.975753 0.941690
vt 0.976752 0.850466
vt 0.970464 0.758247
vt 0.969763 0.850384
vt 0.977486 0.758860
vt 0.969763 0.850384
vt 0.976752 0.850466
vt 0.977486 0.758860
vt 0.970464 0.758247
vt 0.977486 0.758860
vt 0.972269 0.744264
vt 0.977486 0.758860
vt 0.979290 0.746670
vt 0.972269 0.744264
vt 0.969809 0.955528
vt 0.976794 0.954174
vt 0.968762 0.941989
vt 0.976794 0.954174
vt 0.975753 0.941690
vt 0.968762 0.941989
vt 0.969809 0.955528
vt 0.964258 0.956442
vt 0.966541 0.970185
vt 0.972466 0.968317
vt 0.969809 0.955528
vt 0.966541 0.970185
vt 0.972466 0.968317
vt 0.979290 0.965289
vt 0.969809 0.955528
vt 0.979290 0.965289
vt 0.976794 0.954174
vt 0.969809 0.955528
vt 0.966541 0.970185
vt 0.964258 0.956442
vt 0.950857 0.958170
vt 0.952860 0.972634
vt 0.966541 0.970185
vt 0.950857 0.958170
vt 0.952318 0.741505
vt 0.966240 0.742890
vt 0.953665 0.726809
vt 0.966240 0.742890
vt 0.967574 0.728514
vt 0.953665 0.726809
vt 0.980135 0.973203
vt 0.980140 0.851577
vt 0.990279 0.851577
vt 0.990279 0.851577
vt 0.980140 0.851577
vt 0.990279 0.728664
vt 0.980140 0.851577
vt 0.980135 0.729951
vt 0.990279 0.728664
vt 0.990279 0.974490
vt 0.980135 0.973203
vt 0.990279 0.851577
vt 0.903062 0.015306
vt 0.792477 0.015310
vt 0.792477 0.026438
vt 0.904058 0.026438
vt 0.903062 0.015306
vt 0.792477 0.026438
vt 0.792477 0.026438
vt 0.792477 0.015310
vt 0.680896 0.026438
vt 0.792477 0.015310
vt 0.681892 0.015306
vt 0.680896 0.026438
vt 0.969992 0.572730
vt 0.965766 0.572730
vt 0.965765 0.697887
vt 0.969992 0.697887
vt 0.969992 0.572730
vt 0.965765 0.697887
vt 0.965766 0.447588
vt 0.965766 0.572730
vt 0.969992 0.572730
vt 0.969992 0.447588
vt 0.965766 0.447588
vt 0.969992 0.572730
vt 0.965765 0.697887
vt 0.965765 0.717532
vt 0.969992 0.697887
vt 0.965765 0.717532
vt 0.969992 0.717532
vt 0.969992 0.697887
vt 0.739304 0.440166
vt 0.739304 0.435529
vt 0.625256 0.440167
vt 0.739304 0.435529
vt 0.625256 0.435529
vt 0.625256 0.440167
vt 0.853339 0.440166
vt 0.853339 0.435529
vt 0.739304 0.435529
vt 0.739304 0.440166
vt 0.853339 0.440166
vt 0.739304 0.435529
vt 0.607354 0.440167
vt 0.625256 0.440167
vt 0.625256 0.435529
vt 0.607354 0.435529
vt 0.607354 0.440167
vt 0.625256 0.435529
vt 0.291209 0.196197
vt 0.288714 0.196197
vt 0.288762 0.047389
vt 0.291209 0.046854
vt 0.291209 0.196197
vt 0.288762 0.047389
vt 0.291209 0.345539
vt 0.288762 0.345004
vt 0.288714 0.196197
vt 0.291209 0.196197
vt 0.291209 0.345539
vt 0.288714 0.196197
vt 0.291209 0.046854
vt 0.288762 0.047389
vt 0.280968 0.026722
vt 0.283042 0.025200
vt 0.291209 0.046854
vt 0.280968 0.026722
vt 0.291209 0.345539
vt 0.283042 0.367193
vt 0.288762 0.345004
vt 0.283042 0.367193
vt 0.280968 0.365671
vt 0.288762 0.345004
vt 0.283042 0.367193
vt 0.268685 0.382960
vt 0.280968 0.365671
vt 0.268685 0.382960
vt 0.267299 0.380682
vt 0.280968 0.365671
vt 0.283042 0.025200
vt 0.280968 0.026722
vt 0.267299 0.011711
vt 0.268685 0.009433
vt 0.283042 0.025200
vt 0.267299 0.011711
vt 0.268685 0.382960
vt 0.248968 0.391930
vt 0.267299 0.380682
vt 0.248968 0.391930
vt 0.248481 0.389243
vt 0.267299 0.380682
vt 0.268685 0.009433
vt 0.267299 0.011711
vt 0.248481 0.003151
vt 0.248968 0.000464
vt 0.268685 0.009433
vt 0.248481 0.003151
vt 0.248968 0.391930
vt 0.145816 0.391930
vt 0.248481 0.389243
vt 0.042664 0.391930
vt 0.043150 0.389243
vt 0.145816 0.389190
vt 0.145816 0.391930
vt 0.042664 0.391930
vt 0.145816 0.389190
vt 0.145816 0.391930
vt 0.145816 0.389190
vt 0.248481 0.389243
vt 0.042664 0.391930
vt 0.022946 0.382960
vt 0.043150 0.389243
vt 0.022946 0.382960
vt 0.024332 0.380682
vt 0.043150 0.389243
vt 0.022946 0.382960
vt 0.008590 0.367193
vt 0.024332 0.380682
vt 0.008590 0.367193
vt 0.010664 0.365671
vt 0.024332 0.380682
vt 0.008590 0.367193
vt 0.000423 0.345539
vt 0.010664 0.365671
vt 0.000423 0.345539
vt 0.002869 0.345004
vt 0.010664 0.365671
vt 0.000423 0.345539
vt 0.000423 0.196197
vt 0.002869 0.345004
vt 0.000423 0.046854
vt 0.002869 0.047389
vt 0.002917 0.196197
vt 0.000423 0.196197
vt 0.000423 0.046854
vt 0.002917 0.196197
vt 0.000423 0.196197
vt 0.002917 0.196197
vt 0.002869 0.345004
vt 0.000423 0.046854
vt 0.008590 0.025200
vt 0.002869 0.047389
vt 0.008590 0.025200
vt 0.010664 0.026722
vt 0.002869 0.047389
vt 0.008590 0.025200
vt 0.022946 0.009433
vt 0.010664 0.026722
vt 0.022946 0.009433
vt 0.024332 0.011711
vt 0.010664 0.026722
vt 0.022946 0.009433
vt 0.042664 0.000464
vt 0.024332 0.011711
vt 0.042664 0.000464
vt 0.043150 0.003151
vt 0.024332 0.011711
vt 0.042664 0.000464
vt 0.145816 0.000464
vt 0.043150 0.003151
vt 0.248968 0.000464
vt 0.248481 0.003151
vt 0.145816 0.003203
vt 0.145816 0.000464
vt 0.248968 0.000464
vt 0.145816 0.003203
vt 0.145816 0.000464
vt 0.145816 0.003203
vt 0.043150 0.003151
vt 0.303043 0.359084
vt 0.307270 0.359084
vt 0.307270 0.264088
vt 0.303043 0.264088
vt 0.303043 0.359084
vt 0.307270 0.264088
vt 0.303043 0.454082
vt 0.307270 0.454082
vt 0.307270 0.359084
vt 0.303043 0.359084
vt 0.303043 0.454082
vt 0.307270 0.359084
vt 0.307270 0.264088
vt 0.307270 0.244434
vt 0.303043 0.264088
vt 0.307270 0.244434
vt 0.303043 0.244434
vt 0.303043 0.264088
vt 0.325866 0.348706
vt 0.325866 0.443703
vt 0.330093 0.348706
vt 0.325866 0.443703
vt 0.330093 0.443703
vt 0.330093 0.348706
vt 0.325867 0.253711
vt 0.325866 0.348706
vt 0.330093 0.253711
vt 0.325866 0.348706
vt 0.330093 0.348706
vt 0.330093 0.253711
vt 0.330093 0.463358
vt 0.330093 0.443703
vt 0.325866 0.443703
vt 0.325866 0.463358
vt 0.330093 0.463358
vt 0.325866 0.443703
vt 0.945478 0.984497
vt 0.945478 0.864100
vt 0.948014 0.864100
vt 0.948014 0.984694
vt 0.945478 0.984497
vt 0.948014 0.864100
vt 0.948014 0.864100
vt 0.945478 0.864100
vt 0.948014 0.743506
vt 0.945478 0.864100
vt 0.945478 0.743704
vt 0.948014 0.743506
vt 0.844041 0.009740
vt 0.953990 0.009740
vt 0.844041 0.007885
vt 0.953990 0.009740
vt 0.954776 0.007892
vt 0.844041 0.007885
vt 0.844041 0.009740
vt 0.844041 0.007885
vt 0.733305 0.007892
vt 0.734091 0.009740
vt 0.844041 0.009740
vt 0.733305 0.007892
vt 0.002113 0.798701
vt 0.002113 0.919027
vt 0.000423 0.798701
vt 0.002113 0.798701
vt 0.000423 0.798701
vt 0.000427 0.677644
vt 0.002113 0.678376
vt 0.002113 0.798701
vt 0.000427 0.677644
vt 0.002113 0.919027
vt 0.000427 0.919759
vt 0.000423 0.798701
vt 0.300507 0.006957
vt 0.300507 0.026924
vt 0.304734 0.026924
vt 0.304734 0.006957
vt 0.300507 0.006957
vt 0.304734 0.026924
vt 0.304734 0.026924
vt 0.300507 0.026924
vt 0.304734 0.045918
vt 0.300507 0.026924
vt 0.300507 0.045918
vt 0.304734 0.045918
vt 0.721873 0.337199
vt 0.740068 0.337199
vt 0.721873 0.341837
vt 0.740068 0.337199
vt 0.740068 0.341837
vt 0.721873 0.341837
vt 0.721873 0.337199
vt 0.721873 0.341837
vt 0.704565 0.341837
vt 0.704565 0.337199
vt 0.721873 0.337199
vt 0.704565 0.341837
vt 0.800085 0.416976
vt 0.818279 0.416976
vt 0.818279 0.421614
vt 0.800085 0.421614
vt 0.800085 0.416976
vt 0.818279 0.421614
vt 0.818279 0.421614
vt 0.818279 0.416976
vt 0.835588 0.421614
vt 0.818279 0.416976
vt 0.835588 0.416976
vt 0.835588 0.421614
vt 0.340639 0.172078
vt 0.358833 0.172078
vt 0.340639 0.176716
vt 0.358833 0.172078
vt 0.358833 0.176716
vt 0.340639 0.176716
vt 0.340639 0.172078
vt 0.340639 0.176716
vt 0.323331 0.176716
vt 0.323331 0.172078
vt 0.340639 0.172078
vt 0.323331 0.176716
vt 0.977435 0.656309
vt 0.973717 0.656308
vt 0.972527 0.667440
vt 0.978445 0.667440
vt 0.977435 0.656309
vt 0.972527 0.667440
vt 0.170830 0.575603
vt 0.167113 0.575604
vt 0.166103 0.586735
vt 0.172020 0.586735
vt 0.170830 0.575603
vt 0.166103 0.586735
vt 0.475412 0.852041
vt 0.474641 0.853896
vt 0.478867 0.853896
vt 0.477959 0.852042
vt 0.475412 0.852041
vt 0.478867 0.853896
vt 0.545721 0.585807
vt 0.543173 0.585808
vt 0.546492 0.587662
vt 0.543173 0.585808
vt 0.542265 0.587662
vt 0.546492 0.587662
f 1/358 2/359 3/360
f 4/289 5/290 6/291
f 7/292 8/293 9/294
f 10/295 11/296 12/297
f 13/298 14/299 15/300
f 16/301 17/302 18/303
f 19/304 20/305 21/306
f 22/307 23/308 24/309
f 25/310 26/311 27/312
f 28/313 29/314 30/315
f 31/316 32/317 33/318
f 34/319 35/320 36/321
f 37/355 38/356 39/357
f 40/352 41/353 42/354
f 43/349 44/350 45/351
f 46/346 47/347 48/348
f 49/343 50/344 51/345
f 52/340 53/341 54/342
f 55/337 56/338 57/339
f 58/334 59/335 60/336
f 61/331 62/332 63/333
f 64/328 65/329 66/330
f 67/325 68/326 69/327
f 70/322 71/323 72/324
f 73/229 74/230 75/231
f 76/232 77/233 78/234
f 79/235 80/236 81/237
f 82/238 83/239 84/240
f 85/241 86/242 87/243
f 88/244 89/245 90/246
f 91/247 92/248 93/249
f 94/250 95/251 96/252
f 97/253 98/254 99/255
f 100/256 101/257 102/258
f 103/259 104/260 105/261
f 106/262 107/263 108/264
f 109/265 110/266 111/267
f 112/268 113/269 114/270
f 115/271 116/272 117/273
f 118/274 119/275 120/276
f 121/277 122/278 123/279
f 124/280 125/281 126/282
f 127/283 128/284 129/285
f 130/286 131/287 132/288
f 133/217 134/218 135/219
f 136/220 137/221 138/222
f 139/223 140/224 141/225
f 142/226 143/227 144/228
f 145/16 146/17 147/18
f 148/13 149/14 150/15
f 151/22 152/23 153/24
f 154/19 155/20 156/21
f 157/43 158/44 159/45
f 160/46 161/47 162/48
f 163/31 164/32 165/33
f 166/34 167/35 168/36
f 169/28 170/29 171/30
f 172/25 173/26 174/27
f 175/40 176/41 177/42
f 178/37 179/38 180/39
f 181/67 182/68 183/69
f 184/70 185/71 186/72
f 187/61 188/62 189/63
f 190/64 191/65 192/66
f 193/52 194/53 195/54
f 196/49 197/50 198/51
f 199/58 200/59 201/60
f 202/55 203/56 204/57
f 205/7 206/8 207/9
f 208/10 209/11 210/12
f 211/1 212/2 213/3
f 214/4 215/5 216/6
f 217/433 218/434 219/435
f 220/436 221/437 222/438
f 223/373 224/374 225/375
f 226/376 227/377 228/378
f 229/439 230/440 231/441
f 232/442 233/443 234/444
f 235/379 236/380 237/381
f 238/382 239/383 240/384
f 241/481 242/482 243/483
f 244/484 245/485 246/486
f 247/385 248/386 249/387
f 250/388 251/389 252/390
f 253/487 254/488 255/489
f 256/490 257/491 258/492
f 259/391 260/392 261/393
f 262/394 263/395 264/396
f 265/493 266/494 267/495
f 268/496 269/497 270/498
f 271/397 272/398 273/399
f 274/400 275/401 276/402
f 277/499 278/500 279/501
f 280/502 281/503 282/504
f 283/403 284/404 285/405
f 286/406 287/407 288/408
f 289/478 290/479 291/480
f 292/475 293/476 294/477
f 295/430 296/431 297/432
f 298/427 299/428 300/429
f 301/472 302/473 303/474
f 304/469 305/470 306/471
f 307/424 308/425 309/426
f 310/421 311/422 312/423
f 313/466 314/467 315/468
f 316/463 317/464 318/465
f 319/418 320/419 321/420
f 322/415 323/416 324/417
f 325/460 326/461 327/462
f 328/457 329/458 330/459
f 331/412 332/413 333/414
f 334/409 335/410 336/411
f 337/454 338/455 339/456
f 340/451 341/452 342/453
f 343/370 344/371 345/372
f 346/367 347/368 348/369
f 349/448 350/449 351/450
f 352/445 353/446 354/447
f 355/364 356/365 357/366
f 358/361 359/362 360/363
f 361/592 362/593 363/594
f 364/589 365/590 366/591
f 367/598 368/599 369/600
f 370/595 371/596 372/597
f 373/604 374/605 375/606
f 376/601 377/602 378/603
f 379/610 380/611 381/612
f 382/607 383/608 384/609
f 385/616 386/617 387/618
f 388/613 389/614 390/615
f 391/622 392/623 393/624
f 394/619 395/620 396/621
f 397/643 398/644 399/645
f 400/646 401/647 402/648
f 403/637 404/638 405/639
f 406/640 407/641 408/642
f 409/631 410/632 411/633
f 412/634 413/635 414/636
f 415/625 416/626 417/627
f 418/628 419/629 420/630
f 421/583 422/584 423/585
f 424/586 425/587 426/588
f 427/577 428/578 429/579
f 430/580 431/581 432/582
f 433/520 434/521 435/522
f 436/517 437/518 438/519
f 439/526 440/527 441/528
f 442/523 443/524 444/525
f 445/532 446/533 447/534
f 448/529 449/530 450/531
f 451/538 452/539 453/540
f 454/535 455/536 456/537
f 457/544 458/545 459/546
f 460/541 461/542 462/543
f 463/550 464/551 465/552
f 466/547 467/548 468/549
f 469/571 470/572 471/573
f 472/574 473/575 474/576
f 475/565 476/566 477/567
f 478/568 479/569 480/570
f 481/559 482/560 483/561
f 484/562 485/563 486/564
f 487/553 488/554 489/555
f 490/556 491/557 492/558
f 493/511 494/512 495/513
f 496/514 497/515 498/516
f 499/505 500/506 501/507
f 502/508 503/509 504/510
f 505/649 506/650 507/651
f 508/652 509/653 510/654
f 511/655 512/656 513/657
f 514/658 515/659 516/660
f 517/661 518/662 519/663
f 520/664 521/665 522/666
f 523/667 524/668 525/669
f 526/670 527/671 528/672
f 529/673 530/674 531/675
f 532/676 533/677 534/678
f 535/679 536/680 537/681
f 538/682 539/683 540/684
f 541/685 542/686 543/687
f 544/688 545/689 546/690
f 547/691 548/692 549/693
f 550/694 551/695 552/696
f 553/697 554/698 555/699
f 556/700 557/701 558/702
f 559/703 560/704 561/705
f 562/706 563/707 564/708
f 565/709 566/710 567/711
f 568/712 569/713 570/714
f 571/874 572/875 573/876
f 574/871 575/872 576/873
f 577/868 578/869 579/870
f 580/865 581/866 582/867
f 583/862 584/863 585/864
f 586/859 587/860 588/861
f 589/856 590/857 591/858
f 592/853 593/854 594/855
f 595/850 596/851 597/852
f 598/847 599/848 600/849
f 601/844 602/845 603/846
f 604/841 605/842 606/843
f 607/838 608/839 609/840
f 610/835 611/836 612/837
f 613/832 614/833 615/834
f 616/829 617/830 618/831
f 619/826 620/827 621/828
f 622/823 623/824 624/825
f 625/820 626/821 627/822
f 628/811 629/812 630/813
f 631/814 632/815 633/816
f 634/817 635/818 636/819
f 637/2410 638/2411 639/2412
f 640/2407 641/2408 642/2409
f 643/2368 644/2369 645/2370
f 646/2365 647/2366 648/2367
f 649/2383 650/2384 651/2385
f 652/2380 653/2381 654/2382
f 655/2395 656/2396 657/2397
f 658/2392 659/2393 660/2394
f 661/2425 662/2426 663/2427
f 664/2428 665/2429 666/2430
f 667/2431 668/2432 669/2433
f 670/2434 671/2435 672/2436
f 673/2098 674/2099 675/2100
f 676/2095 677/2096 678/2097
f 679/2092 680/2093 681/2094
f 682/2089 683/2090 684/2091
f 685/2062 686/2063 687/2064
f 688/2059 689/2060 690/2061
f 691/2044 692/2045 693/2046
f 694/2041 695/2042 696/2043
f 697/2071 698/2072 699/2073
f 700/2068 701/2069 702/2070
f 703/2077 704/2078 705/2079
f 706/2086 707/2087 708/2088
f 709/2356 710/2357 711/2358
f 712/2353 713/2354 714/2355
f 715/2350 716/2351 717/2352
f 718/2347 719/2348 720/2349
f 721/2311 722/2312 723/2313
f 724/2308 725/2309 726/2310
f 727/2323 728/2324 729/2325
f 730/2320 731/2321 732/2322
f 733/2329 734/2330 735/2331
f 736/2338 737/2339 738/2340
f 739/2146 740/2147 741/2148
f 742/2143 743/2144 744/2145
f 745/2134 746/2135 747/2136
f 748/2131 749/2132 750/2133
f 751/2116 752/2117 753/2118
f 754/2113 755/2114 756/2115
f 757/2107 758/2108 759/2109
f 760/2104 761/2105 762/2106
f 763/2155 764/2156 765/2157
f 766/2152 767/2153 768/2154
f 769/2167 770/2168 771/2169
f 772/2164 773/2165 774/2166
f 775/2422 776/2423 777/2424
f 778/2419 779/2420 780/2421
f 781/2287 782/2288 783/2289
f 784/2290 785/2291 786/2292
f 787/2032 788/2033 789/2034
f 790/2035 791/2036 792/2037
f 793/2020 794/2021 795/2022
f 796/2023 797/2024 798/2025
f 799/2008 800/2009 801/2010
f 802/2011 803/2012 804/2013
f 805/1975 806/1976 807/1977
f 808/1978 809/1979 810/1980
f 811/1981 812/1982 813/1983
f 814/1984 815/1985 816/1986
f 817/1999 818/2000 819/2001
f 820/2002 821/2003 822/2004
f 823/2200 824/2201 825/2202
f 826/2203 827/2204 828/2205
f 829/2188 830/2189 831/2190
f 832/2191 833/2192 834/2193
f 835/2179 836/2180 837/2181
f 838/2182 839/2183 840/2184
f 841/2209 842/2210 843/2211
f 844/2212 845/2213 846/2214
f 847/2227 848/2228 849/2229
f 850/2230 851/2231 852/2232
f 853/1948 854/1949 855/1950
f 856/1951 857/1952 858/1953
f 859/1942 860/1943 861/1944
f 862/1933 863/1934 864/1935
f 865/1918 866/1919 867/1920
f 868/1909 869/1910 870/1911
f 871/1927 872/1928 873/1929
f 874/1930 875/1931 876/1932
f 877/1957 878/1958 879/1959
f 880/1960 881/1961 882/1962
f 883/1963 884/1964 885/1965
f 886/1966 887/1967 888/1968
f 889/2302 890/2303 891/2304
f 892/2299 893/2300 894/2301
f 895/2296 896/2297 897/2298
f 898/2293 899/2294 900/2295
f 901/2260 902/2261 903/2262
f 904/2263 905/2264 906/2265
f 907/2242 908/2243 909/2244
f 910/2233 911/2234 912/2235
f 913/2251 914/2252 915/2253
f 916/2254 917/2255 918/2256
f 919/2269 920/2270 921/2271
f 922/2272 923/2273 924/2274
f 925/2281 926/2282 927/2283
f 928/2284 929/2285 930/2286
f 931/2038 932/2039 933/2040
f 934/2029 935/2030 936/2031
f 937/2026 938/2027 939/2028
f 940/2017 941/2018 942/2019
f 943/2014 944/2015 945/2016
f 946/2005 947/2006 948/2007
f 949/1969 950/1970 951/1971
f 952/1972 953/1973 954/1974
f 955/1987 956/1988 957/1989
f 958/1990 959/1991 960/1992
f 961/1993 962/1994 963/1995
f 964/1996 965/1997 966/1998
f 967/2206 968/2207 969/2208
f 970/2197 971/2198 972/2199
f 973/2194 974/2195 975/2196
f 976/2185 977/2186 978/2187
f 979/2173 980/2174 981/2175
f 982/2176 983/2177 984/2178
f 985/2215 986/2216 987/2217
f 988/2218 989/2219 990/2220
f 991/2221 992/2222 993/2223
f 994/2224 995/2225 996/2226
f 997/1954 998/1955 999/1956
f 1000/1945 1001/1946 1002/1947
f 1003/1936 1004/1937 1005/1938
f 1006/1939 1007/1940 1008/1941
f 1009/1912 1010/1913 1011/1914
f 1012/1915 1013/1916 1014/1917
f 1015/1921 1016/1922 1017/1923
f 1018/1924 1019/1925 1020/1926
f 1021/2266 1022/2267 1023/2268
f 1024/2257 1025/2258 1026/2259
f 1027/2236 1028/2237 1029/2238
f 1030/2239 1031/2240 1032/2241
f 1033/2245 1034/2246 1035/2247
f 1036/2248 1037/2249 1038/2250
f 1039/2275 1040/2276 1041/2277
f 1042/2278 1043/2279 1044/2280
f 1045/2404 1046/2405 1047/2406
f 1048/2401 1049/2402 1050/2403
f 1051/2374 1052/2375 1053/2376
f 1054/2371 1055/2372 1056/2373
f 1057/2377 1058/2378 1059/2379
f 1060/2386 1061/2387 1062/2388
f 1063/2389 1064/2390 1065/2391
f 1066/2398 1067/2399 1068/2400
f 1069/2056 1070/2057 1071/2058
f 1072/2053 1073/2054 1074/2055
f 1075/2050 1076/2051 1077/2052
f 1078/2047 1079/2048 1080/2049
f 1081/2065 1082/2066 1083/2067
f 1084/2074 1085/2075 1086/2076
f 1087/2083 1088/2084 1089/2085
f 1090/2080 1091/2081 1092/2082
f 1093/2362 1094/2363 1095/2364
f 1096/2359 1097/2360 1098/2361
f 1099/2344 1100/2345 1101/2346
f 1102/2341 1103/2342 1104/2343
f 1105/2305 1106/2306 1107/2307
f 1108/2314 1109/2315 1110/2316
f 1111/2317 1112/2318 1113/2319
f 1114/2326 1115/2327 1116/2328
f 1117/2335 1118/2336 1119/2337
f 1120/2332 1121/2333 1122/2334
f 1123/2140 1124/2141 1125/2142
f 1126/2137 1127/2138 1128/2139
f 1129/2128 1130/2129 1131/2130
f 1132/2125 1133/2126 1134/2127
f 1135/2122 1136/2123 1137/2124
f 1138/2119 1139/2120 1140/2121
f 1141/2101 1142/2102 1143/2103
f 1144/2110 1145/2111 1146/2112
f 1147/2149 1148/2150 1149/2151
f 1150/2158 1151/2159 1152/2160
f 1153/2161 1154/2162 1155/2163
f 1156/2170 1157/2171 1158/2172
f 1159/2416 1160/2417 1161/2418
f 1162/2413 1163/2414 1164/2415
f 1165/733 1166/734 1167/735
f 1168/736 1169/737 1170/738
f 1171/1459 1172/1460 1173/1461
f 1174/1462 1175/1463 1176/1464
f 1177/760 1178/761 1179/762
f 1180/757 1181/758 1182/759
f 1183/754 1184/755 1185/756
f 1186/751 1187/752 1188/753
f 1189/748 1190/749 1191/750
f 1192/745 1193/746 1194/747
f 1195/742 1196/743 1197/744
f 1198/739 1199/740 1200/741
f 1201/1453 1202/1454 1203/1455
f 1204/1456 1205/1457 1206/1458
f 1207/715 1208/716 1209/717
f 1210/718 1211/719 1212/720
f 1213/721 1214/722 1215/723
f 1216/724 1217/725 1218/726
f 1219/727 1220/728 1221/729
f 1222/730 1223/731 1224/732
f 1225/790 1226/791 1227/792
f 1228/787 1229/788 1230/789
f 1231/1465 1232/1466 1233/1467
f 1234/1468 1235/1469 1236/1470
f 1237/781 1238/782 1239/783
f 1240/778 1241/779 1242/780
f 1243/775 1244/776 1245/777
f 1246/772 1247/773 1248/774
f 1249/769 1250/770 1251/771
f 1252/766 1253/767 1254/768
f 1255/763 1256/764 1257/765
f 1258/784 1259/785 1260/786
f 1261/1474 1262/1475 1263/1476
f 1264/1471 1265/1472 1266/1473
f 1267/808 1268/809 1269/810
f 1270/805 1271/806 1272/807
f 1273/802 1274/803 1275/804
f 1276/799 1277/800 1278/801
f 1279/796 1280/797 1281/798
f 1282/793 1283/794 1284/795
f 1285/181 1286/182 1287/183
f 1288/190 1289/191 1290/192
f 1291/187 1292/188 1293/189
f 1294/184 1295/185 1296/186
f 1297/169 1298/170 1299/171
f 1300/178 1301/179 1302/180
f 1303/175 1304/176 1305/177
f 1306/172 1307/173 1308/174
f 1309/151 1310/152 1311/153
f 1312/154 1313/155 1314/156
f 1315/145 1316/146 1317/147
f 1318/148 1319/149 1320/150
f 1321/160 1322/161 1323/162
f 1324/163 1325/164 1326/165
f 1327/166 1328/167 1329/168
f 1330/157 1331/158 1332/159
f 1333/202 1334/203 1335/204
f 1336/193 1337/194 1338/195
f 1339/196 1340/197 1341/198
f 1342/199 1343/200 1344/201
f 1345/214 1346/215 1347/216
f 1348/205 1349/206 1350/207
f 1351/208 1352/209 1353/210
f 1354/211 1355/212 1356/213
f 1357/133 1358/134 1359/135
f 1360/136 1361/137 1362/138
f 1363/139 1364/140 1365/141
f 1366/142 1367/143 1368/144
f 1369/121 1370/122 1371/123
f 1372/124 1373/125 1374/126
f 1375/127 1376/128 1377/129
f 1378/130 1379/131 1380/132
f 1381/115 1382/116 1383/117
f 1384/118 1385/119 1386/120
f 1387/109 1388/110 1389/111
f 1390/112 1391/113 1392/114
f 1393/82 1394/83 1395/84
f 1396/73 1397/74 1398/75
f 1399/76 1400/77 1401/78
f 1402/79 1403/80 1404/81
f 1405/88 1406/89 1407/90
f 1408/85 1409/86 1410/87
f 1411/91 1412/92 1413/93
f 1414/94 1415/95 1416/96
f 1417/106 1418/107 1419/108
f 1420/103 1421/104 1422/105
f 1423/100 1424/101 1425/102
f 1426/97 1427/98 1428/99
f 1429/2722 1430/2723 1431/2724
f 1432/2689 1433/2690 1434/2691
f 1435/2692 1436/2693 1437/2694
f 1438/2695 1439/2696 1440/2697
f 1441/2698 1442/2699 1443/2700
f 1444/2701 1445/2702 1446/2703
f 1447/2704 1448/2705 1449/2706
f 1450/2707 1451/2708 1452/2709
f 1453/2710 1454/2711 1455/2712
f 1456/2713 1457/2714 1458/2715
f 1459/2716 1460/2717 1461/2718
f 1462/2719 1463/2720 1464/2721
f 1465/2686 1466/2687 1467/2688
f 1468/2683 1469/2684 1470/2685
f 1471/2680 1472/2681 1473/2682
f 1474/2677 1475/2678 1476/2679
f 1477/2674 1478/2675 1479/2676
f 1480/2671 1481/2672 1482/2673
f 1483/2668 1484/2669 1485/2670
f 1486/2665 1487/2666 1488/2667
f 1489/2662 1490/2663 1491/2664
f 1492/2659 1493/2660 1494/2661
f 1495/2656 1496/2657 1497/2658
f 1498/2653 1499/2654 1500/2655
f 1501/2734 1502/2735 1503/2736
f 1504/2731 1505/2732 1506/2733
f 1507/2728 1508/2729 1509/2730
f 1510/2725 1511/2726 1512/2727
f 1513/2794 1514/2795 1515/2796
f 1516/2791 1517/2792 1518/2793
f 1519/2788 1520/2789 1521/2790
f 1522/2785 1523/2786 1524/2787
f 1525/2782 1526/2783 1527/2784
f 1528/2779 1529/2780 1530/2781
f 1531/2776 1532/2777 1533/2778
f 1534/2773 1535/2774 1536/2775
f 1537/2770 1538/2771 1539/2772
f 1540/2767 1541/2768 1542/2769
f 1543/2764 1544/2765 1545/2766
f 1546/2761 1547/2762 1548/2763
f 1549/2758 1550/2759 1551/2760
f 1552/2755 1553/2756 1554/2757
f 1555/2752 1556/2753 1557/2754
f 1558/2749 1559/2750 1560/2751
f 1561/2746 1562/2747 1563/2748
f 1564/2743 1565/2744 1566/2745
f 1567/2740 1568/2741 1569/2742
f 1570/2737 1571/2738 1572/2739
f 1573/2440 1574/2441 1575/2442
f 1576/2437 1577/2438 1578/2439
f 1579/2446 1580/2447 1581/2448
f 1582/2443 1583/2444 1584/2445
f 1585/2479 1586/2480 1587/2481
f 1588/2482 1589/2483 1590/2484
f 1591/2467 1592/2468 1593/2469
f 1594/2470 1595/2471 1596/2472
f 1597/2464 1598/2465 1599/2466
f 1600/2461 1601/2462 1602/2463
f 1603/2476 1604/2477 1605/2478
f 1606/2473 1607/2474 1608/2475
f 1609/2503 1610/2504 1611/2505
f 1612/2506 1613/2507 1614/2508
f 1615/2497 1616/2498 1617/2499
f 1618/2500 1619/2501 1620/2502
f 1621/2488 1622/2489 1623/2490
f 1624/2485 1625/2486 1626/2487
f 1627/2494 1628/2495 1629/2496
f 1630/2491 1631/2492 1632/2493
f 1633/2455 1634/2456 1635/2457
f 1636/2458 1637/2459 1638/2460
f 1639/2449 1640/2450 1641/2451
f 1642/2452 1643/2453 1644/2454
f 1645/2869 1646/2870 1647/2871
f 1648/2872 1649/2873 1650/2874
f 1651/2809 1652/2810 1653/2811
f 1654/2812 1655/2813 1656/2814
f 1657/2875 1658/2876 1659/2877
f 1660/2878 1661/2879 1662/2880
f 1663/2815 1664/2816 1665/2817
f 1666/2818 1667/2819 1668/2820
f 1669/2917 1670/2918 1671/2919
f 1672/2920 1673/2921 1674/2922
f 1675/2821 1676/2822 1677/2823
f 1678/2824 1679/2825 1680/2826
f 1681/2923 1682/2924 1683/2925
f 1684/2926 1685/2927 1686/2928
f 1687/2827 1688/2828 1689/2829
f 1690/2830 1691/2831 1692/2832
f 1693/2929 1694/2930 1695/2931
f 1696/2932 1697/2933 1698/2934
f 1699/2833 1700/2834 1701/2835
f 1702/2836 1703/2837 1704/2838
f 1705/2935 1706/2936 1707/2937
f 1708/2938 1709/2939 1710/2940
f 1711/2839 1712/2840 1713/2841
f 1714/2842 1715/2843 1716/2844
f 1717/2914 1718/2915 1719/2916
f 1720/2911 1721/2912 1722/2913
f 1723/2866 1724/2867 1725/2868
f 1726/2863 1727/2864 1728/2865
f 1729/2908 1730/2909 1731/2910
f 1732/2905 1733/2906 1734/2907
f 1735/2860 1736/2861 1737/2862
f 1738/2857 1739/2858 1740/2859
f 1741/2902 1742/2903 1743/2904
f 1744/2899 1745/2900 1746/2901
f 1747/2854 1748/2855 1749/2856
f 1750/2851 1751/2852 1752/2853
f 1753/2896 1754/2897 1755/2898
f 1756/2893 1757/2894 1758/2895
f 1759/2848 1760/2849 1761/2850
f 1762/2845 1763/2846 1764/2847
f 1765/2890 1766/2891 1767/2892
f 1768/2887 1769/2888 1770/2889
f 1771/2806 1772/2807 1773/2808
f 1774/2803 1775/2804 1776/2805
f 1777/2884 1778/2885 1779/2886
f 1780/2881 1781/2882 1782/2883
f 1783/2800 1784/2801 1785/2802
f 1786/2797 1787/2798 1788/2799
f 1789/2956 1790/2957 1791/2958
f 1792/2953 1793/2954 1794/2955
f 1795/2962 1796/2963 1797/2964
f 1798/2959 1799/2960 1800/2961
f 1801/2968 1802/2969 1803/2970
f 1804/2965 1805/2966 1806/2967
f 1807/2974 1808/2975 1809/2976
f 1810/2971 1811/2972 1812/2973
f 1813/2980 1814/2981 1815/2982
f 1816/2977 1817/2978 1818/2979
f 1819/2986 1820/2987 1821/2988
f 1822/2983 1823/2984 1824/2985
f 1825/3007 1826/3008 1827/3009
f 1828/3010 1829/3011 1830/3012
f 1831/3001 1832/3002 1833/3003
f 1834/3004 1835/3005 1836/3006
f 1837/2995 1838/2996 1839/2997
f 1840/2998 1841/2999 1842/3000
f 1843/2989 1844/2990 1845/2991
f 1846/2992 1847/2993 1848/2994
f 1849/2947 1850/2948 1851/2949
f 1852/2950 1853/2951 1854/2952
f 1855/2941 1856/2942 1857/2943
f 1858/2944 1859/2945 1860/2946
f 1861/3028 1862/3029 1863/3030
f 1864/3025 1865/3026 1866/3027
f 1867/3034 1868/3035 1869/3036
f 1870/3031 1871/3032 1872/3033
f 1873/3040 1874/3041 1875/3042
f 1876/3037 1877/3038 1878/3039
f 1879/3046 1880/3047 1881/3048
f 1882/3043 1883/3044 1884/3045
f 1885/3052 1886/3053 1887/3054
f 1888/3049 1889/3050 1890/3051
f 1891/3058 1892/3059 1893/3060
f 1894/3055 1895/3056 1896/3057
f 1897/3079 1898/3080 1899/3081
f 1900/3082 1901/3083 1902/3084
f 1903/3073 1904/3074 1905/3075
f 1906/3076 1907/3077 1908/3078
f 1909/3067 1910/3068 1911/3069
f 1912/3070 1913/3071 1914/3072
f 1915/3061 1916/3062 1917/3063
f 1918/3064 1919/3065 1920/3066
f 1921/3019 1922/3020 1923/3021
f 1924/3022 1925/3023 1926/3024
f 1927/3013 1928/3014 1929/3015
f 1930/3016 1931/3017 1932/3018
f 1933/2617 1934/2618 1935/2619
f 1936/2626 1937/2627 1938/2628
f 1939/2620 1940/2621 1941/2622
f 1942/2623 1943/2624 1944/2625
f 1945/2605 1946/2606 1947/2607
f 1948/2614 1949/2615 1950/2616
f 1951/2608 1952/2609 1953/2610
f 1954/2611 1955/2612 1956/2613
f 1957/2602 1958/2603 1959/2604
f 1960/2599 1961/2600 1962/2601
f 1963/2593 1964/2594 1965/2595
f 1966/2596 1967/2597 1968/2598
f 1969/2584 1970/2585 1971/2586
f 1972/2581 1973/2582 1974/2583
f 1975/2587 1976/2588 1977/2589
f 1978/2590 1979/2591 1980/2592
f 1981/2638 1982/2639 1983/2640
f 1984/2629 1985/2630 1986/2631
f 1987/2632 1988/2633 1989/2634
f 1990/2635 1991/2636 1992/2637
f 1993/2650 1994/2651 1995/2652
f 1996/2641 1997/2642 1998/2643
f 1999/2644 2000/2645 2001/2646
f 2002/2647 2003/2648 2004/2649
f 2005/2569 2006/2570 2007/2571
f 2008/2578 2009/2579 2010/2580
f 2011/2572 2012/2573 2013/2574
f 2014/2575 2015/2576 2016/2577
f 2017/2557 2018/2558 2019/2559
f 2020/2566 2021/2567 2022/2568
f 2023/2563 2024/2564 2025/2565
f 2026/2560 2027/2561 2028/2562
f 2029/2551 2030/2552 2031/2553
f 2032/2548 2033/2549 2034/2550
f 2035/2545 2036/2546 2037/2547
f 2038/2554 2039/2555 2040/2556
f 2041/2512 2042/2513 2043/2514
f 2044/2509 2045/2510 2046/2511
f 2047/2518 2048/2519 2049/2520
f 2050/2515 2051/2516 2052/2517
f 2053/2524 2054/2525 2055/2526
f 2056/2521 2057/2522 2058/2523
f 2059/2530 2060/2531 2061/2532
f 2062/2527 2063/2528 2064/2529
f 2065/2542 2066/2543 2067/2544
f 2068/2539 2069/2540 2070/2541
f 2071/2536 2072/2537 2073/2538
f 2074/2533 2075/2534 2076/2535
f 2077/3085 2078/3086 2079/3087
f 2080/3088 2081/3089 2082/3090
f 2083/3091 2084/3092 2085/3093
f 2086/3094 2087/3095 2088/3096
f 2089/3097 2090/3098 2091/3099
f 2092/3100 2093/3101 2094/3102
f 2095/3103 2096/3104 2097/3105
f 2098/3106 2099/3107 2100/3108
f 2101/3109 2102/3110 2103/3111
f 2104/3112 2105/3113 2106/3114
f 2107/3115 2108/3116 2109/3117
f 2110/3118 2111/3119 2112/3120
f 2113/3121 2114/3122 2115/3123
f 2116/3124 2117/3125 2118/3126
f 2119/3127 2120/3128 2121/3129
f 2122/3130 2123/3131 2124/3132
f 2125/3133 2126/3134 2127/3135
f 2128/3136 2129/3137 2130/3138
f 2131/3139 2132/3140 2133/3141
f 2134/3142 2135/3143 2136/3144
f 2137/3145 2138/3146 2139/3147
f 2140/3148 2141/3149 2142/3150
f 2143/3214 2144/3215 2145/3216
f 2146/3211 2147/3212 2148/3213
f 2149/3208 2150/3209 2151/3210
f 2152/3205 2153/3206 2154/3207
f 2155/3202 2156/3203 2157/3204
f 2158/3217 2159/3218 2160/3219
f 2161/3220 2162/3221 2163/3222
f 2164/3223 2165/3224 2166/3225
f 2167/3226 2168/3227 2169/3228
f 2170/3229 2171/3230 2172/3231
f 2173/3232 2174/3233 2175/3234
f 2176/3235 2177/3236 2178/3237
f 2179/3238 2180/3239 2181/3240
f 2182/3241 2183/3242 2184/3243
f 2185/3244 2186/3245 2187/3246
f 2188/3247 2189/3248 2190/3249
f 2191/3250 2192/3251 2193/3252
f 2194/3253 2195/3254 2196/3255
f 2197/3256 2198/3257 2199/3258
f 2200/3259 2201/3260 2202/3261
f 2203/3262 2204/3263 2205/3264
f 2206/3265 2207/3266 2208/3267
f 2209/4846 2210/4847 2211/4848
f 2212/4843 2213/4844 2214/4845
f 2215/4804 2216/4805 2217/4806
f 2218/4801 2219/4802 2220/4803
f 2221/4819 2222/4820 2223/4821
f 2224/4822 2225/4823 2226/4824
f 2227/4831 2228/4832 2229/4833
f 2230/4834 2231/4835 2232/4836
f 2233/4861 2234/4862 2235/4863
f 2236/4864 2237/4865 2238/4866
f 2239/4867 2240/4868 2241/4869
f 2242/4870 2243/4871 2244/4872
f 2245/4534 2246/4535 2247/4536
f 2248/4531 2249/4532 2250/4533
f 2251/4528 2252/4529 2253/4530
f 2254/4525 2255/4526 2256/4527
f 2257/4498 2258/4499 2259/4500
f 2260/4489 2261/4490 2262/4491
f 2263/4486 2264/4487 2265/4488
f 2266/4477 2267/4478 2268/4479
f 2269/4501 2270/4502 2271/4503
f 2272/4504 2273/4505 2274/4506
f 2275/4513 2276/4514 2277/4515
f 2278/4516 2279/4517 2280/4518
f 2281/4798 2282/4799 2283/4800
f 2284/4789 2285/4790 2286/4791
f 2287/4786 2288/4787 2289/4788
f 2290/4777 2291/4778 2292/4779
f 2293/4747 2294/4748 2295/4749
f 2296/4750 2297/4751 2298/4752
f 2299/4753 2300/4754 2301/4755
f 2302/4756 2303/4757 2304/4758
f 2305/4771 2306/4772 2307/4773
f 2308/4774 2309/4775 2310/4776
f 2311/4582 2312/4583 2313/4584
f 2314/4573 2315/4574 2316/4575
f 2317/4570 2318/4571 2319/4572
f 2320/4561 2321/4562 2322/4563
f 2323/4558 2324/4559 2325/4560
f 2326/4549 2327/4550 2328/4551
f 2329/4543 2330/4544 2331/4545
f 2332/4546 2333/4547 2334/4548
f 2335/4585 2336/4586 2337/4587
f 2338/4588 2339/4589 2340/4590
f 2341/4597 2342/4598 2343/4599
f 2344/4600 2345/4601 2346/4602
f 2347/4852 2348/4853 2349/4854
f 2350/4849 2351/4850 2352/4851
f 2353/4723 2354/4724 2355/4725
f 2356/4726 2357/4727 2358/4728
f 2359/4468 2360/4469 2361/4470
f 2362/4471 2363/4472 2364/4473
f 2365/4456 2366/4457 2367/4458
f 2368/4459 2369/4460 2370/4461
f 2371/4444 2372/4445 2373/4446
f 2374/4447 2375/4448 2376/4449
f 2377/4411 2378/4412 2379/4413
f 2380/4414 2381/4415 2382/4416
f 2383/4417 2384/4418 2385/4419
f 2386/4420 2387/4421 2388/4422
f 2389/4435 2390/4436 2391/4437
f 2392/4438 2393/4439 2394/4440
f 2395/4636 2396/4637 2397/4638
f 2398/4639 2399/4640 2400/4641
f 2401/4624 2402/4625 2403/4626
f 2404/4627 2405/4628 2406/4629
f 2407/4615 2408/4616 2409/4617
f 2410/4618 2411/4619 2412/4620
f 2413/4645 2414/4646 2415/4647
f 2416/4648 2417/4649 2418/4650
f 2419/4663 2420/4664 2421/4665
f 2422/4666 2423/4667 2424/4668
f 2425/4384 2426/4385 2427/4386
f 2428/4387 2429/4388 2430/4389
f 2431/4378 2432/4379 2433/4380
f 2434/4369 2435/4370 2436/4371
f 2437/4354 2438/4355 2439/4356
f 2440/4345 2441/4346 2442/4347
f 2443/4363 2444/4364 2445/4365
f 2446/4366 2447/4367 2448/4368
f 2449/4393 2450/4394 2451/4395
f 2452/4396 2453/4397 2454/4398
f 2455/4399 2456/4400 2457/4401
f 2458/4402 2459/4403 2460/4404
f 2461/4738 2462/4739 2463/4740
f 2464/4735 2465/4736 2466/4737
f 2467/4732 2468/4733 2469/4734
f 2470/4729 2471/4730 2472/4731
f 2473/4696 2474/4697 2475/4698
f 2476/4699 2477/4700 2478/4701
f 2479/4678 2480/4679 2481/4680
f 2482/4669 2483/4670 2484/4671
f 2485/4687 2486/4688 2487/4689
f 2488/4690 2489/4691 2490/4692
f 2491/4705 2492/4706 2493/4707
f 2494/4708 2495/4709 2496/4710
f 2497/4717 2498/4718 2499/4719
f 2500/4720 2501/4721 2502/4722
f 2503/4474 2504/4475 2505/4476
f 2506/4465 2507/4466 2508/4467
f 2509/4462 2510/4463 2511/4464
f 2512/4453 2513/4454 2514/4455
f 2515/4450 2516/4451 2517/4452
f 2518/4441 2519/4442 2520/4443
f 2521/4405 2522/4406 2523/4407
f 2524/4408 2525/4409 2526/4410
f 2527/4423 2528/4424 2529/4425
f 2530/4426 2531/4427 2532/4428
f 2533/4429 2534/4430 2535/4431
f 2536/4432 2537/4433 2538/4434
f 2539/4642 2540/4643 2541/4644
f 2542/4633 2543/4634 2544/4635
f 2545/4630 2546/4631 2547/4632
f 2548/4621 2549/4622 2550/4623
f 2551/4609 2552/4610 2553/4611
f 2554/4612 2555/4613 2556/4614
f 2557/4651 2558/4652 2559/4653
f 2560/4654 2561/4655 2562/4656
f 2563/4657 2564/4658 2565/4659
f 2566/4660 2567/4661 2568/4662
f 2569/4390 2570/4391 2571/4392
f 2572/4381 2573/4382 2574/4383
f 2575/4372 2576/4373 2577/4374
f 2578/4375 2579/4376 2580/4377
f 2581/4348 2582/4349 2583/4350
f 2584/4351 2585/4352 2586/4353
f 2587/4357 2588/4358 2589/4359
f 2590/4360 2591/4361 2592/4362
f 2593/4702 2594/4703 2595/4704
f 2596/4693 2597/4694 2598/4695
f 2599/4672 2600/4673 2601/4674
f 2602/4675 2603/4676 2604/4677
f 2605/4681 2606/4682 2607/4683
f 2608/4684 2609/4685 2610/4686
f 2611/4711 2612/4712 2613/4713
f 2614/4714 2615/4715 2616/4716
f 2617/4840 2618/4841 2619/4842
f 2620/4837 2621/4838 2622/4839
f 2623/4810 2624/4811 2625/4812
f 2626/4807 2627/4808 2628/4809
f 2629/4813 2630/4814 2631/4815
f 2632/4816 2633/4817 2634/4818
f 2635/4825 2636/4826 2637/4827
f 2638/4828 2639/4829 2640/4830
f 2641/4492 2642/4493 2643/4494
f 2644/4495 2645/4496 2646/4497
f 2647/4480 2648/4481 2649/4482
f 2650/4483 2651/4484 2652/4485
f 2653/4507 2654/4508 2655/4509
f 2656/4510 2657/4511 2658/4512
f 2659/4519 2660/4520 2661/4521
f 2662/4522 2663/4523 2664/4524
f 2665/4792 2666/4793 2667/4794
f 2668/4795 2669/4796 2670/4797
f 2671/4780 2672/4781 2673/4782
f 2674/4783 2675/4784 2676/4785
f 2677/4741 2678/4742 2679/4743
f 2680/4744 2681/4745 2682/4746
f 2683/4759 2684/4760 2685/4761
f 2686/4762 2687/4763 2688/4764
f 2689/4765 2690/4766 2691/4767
f 2692/4768 2693/4769 2694/4770
f 2695/4576 2696/4577 2697/4578
f 2698/4579 2699/4580 2700/4581
f 2701/4564 2702/4565 2703/4566
f 2704/4567 2705/4568 2706/4569
f 2707/4552 2708/4553 2709/4554
f 2710/4555 2711/4556 2712/4557
f 2713/4537 2714/4538 2715/4539
f 2716/4540 2717/4541 2718/4542
f 2719/4591 2720/4592 2721/4593
f 2722/4594 2723/4595 2724/4596
f 2725/4603 2726/4604 2727/4605
f 2728/4606 2729/4607 2730/4608
f 2731/4858 2732/4859 2733/4860
f 2734/4855 2735/4856 2736/4857
f 2737/3151 2738/3152 2739/3153
f 2740/3154 2741/3155 2742/3156
f 2743/3904 2744/3905 2745/3906
f 2746/3901 2747/3902 2748/3903
f 2749/3310 2750/3311 2751/3312
f 2752/3307 2753/3308 2754/3309
f 2755/3289 2756/3290 2757/3291
f 2758/3292 2759/3293 2760/3294
f 2761/3295 2762/3296 2763/3297
f 2764/3298 2765/3299 2766/3300
f 2767/3301 2768/3302 2769/3303
f 2770/3304 2771/3305 2772/3306
f 2773/3910 2774/3911 2775/3912
f 2776/3907 2777/3908 2778/3909
f 2779/3172 2780/3173 2781/3174
f 2782/3169 2783/3170 2784/3171
f 2785/3166 2786/3167 2787/3168
f 2788/3163 2789/3164 2790/3165
f 2791/3160 2792/3161 2793/3162
f 2794/3157 2795/3158 2796/3159
f 2797/3268 2798/3269 2799/3270
f 2800/3271 2801/3272 2802/3273
f 2803/3895 2804/3896 2805/3897
f 2806/3898 2807/3899 2808/3900
f 2809/3175 2810/3176 2811/3177
f 2812/3178 2813/3179 2814/3180
f 2815/3181 2816/3182 2817/3183
f 2818/3184 2819/3185 2820/3186
f 2821/3187 2822/3188 2823/3189
f 2824/3190 2825/3191 2826/3192
f 2827/3193 2828/3194 2829/3195
f 2830/3196 2831/3197 2832/3198
f 2833/3889 2834/3890 2835/3891
f 2836/3892 2837/3893 2838/3894
f 2839/3199 2840/3200 2841/3201
f 2842/3286 2843/3287 2844/3288
f 2845/3283 2846/3284 2847/3285
f 2848/3280 2849/3281 2850/3282
f 2851/3277 2852/3278 2853/3279
f 2854/3274 2855/3275 2856/3276
f 2857/4873 2858/4874 2859/4875
f 2860/4876 2861/4877 2862/4878
f 2863/4879 2864/4880 2865/4881
f 2866/4882 2867/4883 2868/4884
f 2869/4885 2870/4886 2871/4887
f 2872/4888 2873/4889 2874/4890
f 2875/4891 2876/4892 2877/4893
f 2878/4894 2879/4895 2880/4896
f 2881/4897 2882/4898 2883/4899
f 2884/4900 2885/4901 2886/4902
f 2887/4903 2888/4904 2889/4905
f 2890/4906 2891/4907 2892/4908
f 2893/4909 2894/4910 2895/4911
f 2896/4912 2897/4913 2898/4914
f 2899/4915 2900/4916 2901/4917
f 2902/4918 2903/4919 2904/4920
f 2905/4921 2906/4922 2907/4923
f 2908/4924 2909/4925 2910/4926
f 2911/4927 2912/4928 2913/4929
f 2914/4930 2915/4931 2916/4932
f 2917/4933 2918/4934 2919/4935
f 2920/4936 2921/4937 2922/4938
f 2923/5002 2924/5003 2925/5004
f 2926/4999 2927/5000 2928/5001
f 2929/4996 2930/4997 2931/4998
f 2932/4993 2933/4994 2934/4995
f 2935/4990 2936/4991 2937/4992
f 2938/5005 2939/5006 2940/5007
f 2941/5008 2942/5009 2943/5010
f 2944/5011 2945/5012 2946/5013
f 2947/5014 2948/5015 2949/5016
f 2950/5017 2951/5018 2952/5019
f 2953/5020 2954/5021 2955/5022
f 2956/5023 2957/5024 2958/5025
f 2959/5026 2960/5027 2961/5028
f 2962/5029 2963/5030 2964/5031
f 2965/5032 2966/5033 2967/5034
f 2968/5035 2969/5036 2970/5037
f 2971/5038 2972/5039 2973/5040
f 2974/5041 2975/5042 2976/5043
f 2977/5044 2978/5045 2979/5046
f 2980/5047 2981/5048 2982/5049
f 2983/5050 2984/5051 2985/5052
f 2986/5053 2987/5054 2988/5055
f 2989/6292 2990/6293 2991/6294
f 2992/6289 2993/6290 2994/6291
f 2995/6283 2996/6284 2997/6285
f 2998/6280 2999/6281 3000/6282
f 3001/6307 3002/6308 3003/6309
f 3004/6310 3005/6311 3006/6312
f 3007/6313 3008/6314 3009/6315
f 3010/6316 3011/6317 3012/6318
f 3013/6646 3014/6647 3015/6648
f 3016/6643 3017/6644 3018/6645
f 3019/6634 3020/6635 3021/6636
f 3022/6631 3023/6632 3024/6633
f 3025/6628 3026/6629 3027/6630
f 3028/6625 3029/6626 3030/6627
f 3031/6637 3032/6638 3033/6639
f 3034/6640 3035/6641 3036/6642
f 3037/6649 3038/6650 3039/6651
f 3040/6652 3041/6653 3042/6654
f 3043/6484 3044/6485 3045/6486
f 3046/6487 3047/6488 3048/6489
f 3049/6472 3050/6473 3051/6474
f 3052/6475 3053/6476 3054/6477
f 3055/6448 3056/6449 3057/6450
f 3058/6451 3059/6452 3060/6453
f 3061/6439 3062/6440 3063/6441
f 3064/6442 3065/6443 3066/6444
f 3067/6457 3068/6458 3069/6459
f 3070/6460 3071/6461 3072/6462
f 3073/6499 3074/6500 3075/6501
f 3076/6502 3077/6503 3078/6504
f 3079/6586 3080/6587 3081/6588
f 3082/6577 3083/6578 3084/6579
f 3085/6538 3086/6539 3087/6540
f 3088/6529 3089/6530 3090/6531
f 3091/6526 3092/6527 3093/6528
f 3094/6517 3095/6518 3096/6519
f 3097/6511 3098/6512 3099/6513
f 3100/6514 3101/6515 3102/6516
f 3103/6541 3104/6542 3105/6543
f 3106/6544 3107/6545 3108/6546
f 3109/6559 3110/6560 3111/6561
f 3112/6562 3113/6563 3114/6564
f 3115/6565 3116/6566 3117/6567
f 3118/6568 3119/6569 3120/6570
f 3121/6340 3122/6341 3123/6342
f 3124/6343 3125/6344 3126/6345
f 3127/6328 3128/6329 3129/6330
f 3130/6325 3131/6326 3132/6327
f 3133/6181 3134/6182 3135/6183
f 3136/6184 3137/6185 3138/6186
f 3139/6199 3140/6200 3141/6201
f 3142/6202 3143/6203 3144/6204
f 3145/6412 3146/6413 3147/6414
f 3148/6415 3149/6416 3150/6417
f 3151/6400 3152/6401 3153/6402
f 3154/6403 3155/6404 3156/6405
f 3157/6388 3158/6389 3159/6390
f 3160/6391 3161/6392 3162/6393
f 3163/6355 3164/6356 3165/6357
f 3166/6358 3167/6359 3168/6360
f 3169/6361 3170/6362 3171/6363
f 3172/6364 3173/6365 3174/6366
f 3175/6373 3176/6374 3177/6375
f 3178/6376 3179/6377 3180/6378
f 3181/6421 3182/6422 3183/6423
f 3184/6424 3185/6425 3186/6426
f 3187/6268 3188/6269 3189/6270
f 3190/6271 3191/6272 3192/6273
f 3193/6238 3194/6239 3195/6240
f 3196/6229 3197/6230 3198/6231
f 3199/6226 3200/6227 3201/6228
f 3202/6217 3203/6218 3204/6219
f 3205/6211 3206/6212 3207/6213
f 3208/6214 3209/6215 3210/6216
f 3211/6241 3212/6242 3213/6243
f 3214/6244 3215/6245 3216/6246
f 3217/6259 3218/6260 3219/6261
f 3220/6262 3221/6263 3222/6264
f 3223/6622 3224/6623 3225/6624
f 3226/6613 3227/6614 3228/6615
f 3229/6592 3230/6593 3231/6594
f 3232/6589 3233/6590 3234/6591
f 3235/6595 3236/6596 3237/6597
f 3238/6598 3239/6599 3240/6600
f 3241/6601 3242/6602 3243/6603
f 3244/6604 3245/6605 3246/6606
f 3247/6607 3248/6608 3249/6609
f 3250/6610 3251/6611 3252/6612
f 3253/6172 3254/6173 3255/6174
f 3256/6175 3257/6176 3258/6177
f 3259/6166 3260/6167 3261/6168
f 3262/6157 3263/6158 3264/6159
f 3265/6154 3266/6155 3267/6156
f 3268/6145 3269/6146 3270/6147
f 3271/6139 3272/6140 3273/6141
f 3274/6142 3275/6143 3276/6144
f 3277/6187 3278/6188 3279/6189
f 3280/6190 3281/6191 3282/6192
f 3283/6193 3284/6194 3285/6195
f 3286/6196 3287/6197 3288/6198
f 3289/6418 3290/6419 3291/6420
f 3292/6409 3293/6410 3294/6411
f 3295/6406 3296/6407 3297/6408
f 3298/6397 3299/6398 3300/6399
f 3301/6394 3302/6395 3303/6396
f 3304/6385 3305/6386 3306/6387
f 3307/6349 3308/6350 3309/6351
f 3310/6352 3311/6353 3312/6354
f 3313/6367 3314/6368 3315/6369
f 3316/6370 3317/6371 3318/6372
f 3319/6379 3320/6380 3321/6381
f 3322/6382 3323/6383 3324/6384
f 3325/6427 3326/6428 3327/6429
f 3328/6430 3329/6431 3330/6432
f 3331/6274 3332/6275 3333/6276
f 3334/6265 3335/6266 3336/6267
f 3337/6232 3338/6233 3339/6234
f 3340/6235 3341/6236 3342/6237
f 3343/6220 3344/6221 3345/6222
f 3346/6223 3347/6224 3348/6225
f 3349/6205 3350/6206 3351/6207
f 3352/6208 3353/6209 3354/6210
f 3355/6247 3356/6248 3357/6249
f 3358/6250 3359/6251 3360/6252
f 3361/6253 3362/6254 3363/6255
f 3364/6256 3365/6257 3366/6258
f 3367/6616 3368/6617 3369/6618
f 3370/6619 3371/6620 3372/6621
f 3373/6178 3374/6179 3375/6180
f 3376/6169 3377/6170 3378/6171
f 3379/6160 3380/6161 3381/6162
f 3382/6163 3383/6164 3384/6165
f 3385/6148 3386/6149 3387/6150
f 3388/6151 3389/6152 3390/6153
f 3391/6133 3392/6134 3393/6135
f 3394/6136 3395/6137 3396/6138
f 3397/6298 3398/6299 3399/6300
f 3400/6295 3401/6296 3402/6297
f 3403/6277 3404/6278 3405/6279
f 3406/6286 3407/6287 3408/6288
f 3409/6301 3410/6302 3411/6303
f 3412/6304 3413/6305 3414/6306
f 3415/6319 3416/6320 3417/6321
f 3418/6322 3419/6323 3420/6324
f 3421/6655 3422/6656 3423/6657
f 3424/6658 3425/6659 3426/6660
f 3427/6490 3428/6491 3429/6492
f 3430/6481 3431/6482 3432/6483
f 3433/6478 3434/6479 3435/6480
f 3436/6469 3437/6470 3438/6471
f 3439/6454 3440/6455 3441/6456
f 3442/6445 3443/6446 3444/6447
f 3445/6433 3446/6434 3447/6435
f 3448/6436 3449/6437 3450/6438
f 3451/6463 3452/6464 3453/6465
f 3454/6466 3455/6467 3456/6468
f 3457/6493 3458/6494 3459/6495
f 3460/6496 3461/6497 3462/6498
f 3463/6580 3464/6581 3465/6582
f 3466/6583 3467/6584 3468/6585
f 3469/6532 3470/6533 3471/6534
f 3472/6535 3473/6536 3474/6537
f 3475/6520 3476/6521 3477/6522
f 3478/6523 3479/6524 3480/6525
f 3481/6505 3482/6506 3483/6507
f 3484/6508 3485/6509 3486/6510
f 3487/6547 3488/6548 3489/6549
f 3490/6550 3491/6551 3492/6552
f 3493/6553 3494/6554 3495/6555
f 3496/6556 3497/6557 3498/6558
f 3499/6571 3500/6572 3501/6573
f 3502/6574 3503/6575 3504/6576
f 3505/6346 3506/6347 3507/6348
f 3508/6337 3509/6338 3510/6339
f 3511/6334 3512/6335 3513/6336
f 3514/6331 3515/6332 3516/6333
f 3517/4939 3518/4940 3519/4941
f 3520/4942 3521/4943 3522/4944
f 3523/5677 3524/5678 3525/5679
f 3526/5680 3527/5681 3528/5682
f 3529/5098 3530/5099 3531/5100
f 3532/5095 3533/5096 3534/5097
f 3535/5077 3536/5078 3537/5079
f 3538/5080 3539/5081 3540/5082
f 3541/5083 3542/5084 3543/5085
f 3544/5086 3545/5087 3546/5088
f 3547/5089 3548/5090 3549/5091
f 3550/5092 3551/5093 3552/5094
f 3553/5683 3554/5684 3555/5685
f 3556/5686 3557/5687 3558/5688
f 3559/4960 3560/4961 3561/4962
f 3562/4957 3563/4958 3564/4959
f 3565/4954 3566/4955 3567/4956
f 3568/4951 3569/4952 3570/4953
f 3571/4948 3572/4949 3573/4950
f 3574/4945 3575/4946 3576/4947
f 3577/5056 3578/5057 3579/5058
f 3580/5059 3581/5060 3582/5061
f 3583/5695 3584/5696 3585/5697
f 3586/5698 3587/5699 3588/5700
f 3589/4963 3590/4964 3591/4965
f 3592/4966 3593/4967 3594/4968
f 3595/4969 3596/4970 3597/4971
f 3598/4972 3599/4973 3600/4974
f 3601/4975 3602/4976 3603/4977
f 3604/4978 3605/4979 3606/4980
f 3607/4981 3608/4982 3609/4983
f 3610/4984 3611/4985 3612/4986
f 3613/5689 3614/5690 3615/5691
f 3616/5692 3617/5693 3618/5694
f 3619/4987 3620/4988 3621/4989
f 3622/5074 3623/5075 3624/5076
f 3625/5071 3626/5072 3627/5073
f 3628/5068 3629/5069 3630/5070
f 3631/5065 3632/5066 3633/5067
f 3634/5062 3635/5063 3636/5064
f 3637/6661 3638/6662 3639/6663
f 3640/6664 3641/6665 3642/6666
f 3643/6667 3644/6668 3645/6669
f 3646/6670 3647/6671 3648/6672
f 3649/6673 3650/6674 3651/6675
f 3652/6676 3653/6677 3654/6678
f 3655/6679 3656/6680 3657/6681
f 3658/6682 3659/6683 3660/6684
f 3661/6685 3662/6686 3663/6687
f 3664/6688 3665/6689 3666/6690
f 3667/6691 3668/6692 3669/6693
f 3670/6694 3671/6695 3672/6696
f 3673/6697 3674/6698 3675/6699
f 3676/6700 3677/6701 3678/6702
f 3679/6703 3680/6704 3681/6705
f 3682/6706 3683/6707 3684/6708
f 3685/6709 3686/6710 3687/6711
f 3688/6712 3689/6713 3690/6714
f 3691/6715 3692/6716 3693/6717
f 3694/6718 3695/6719 3696/6720
f 3697/6721 3698/6722 3699/6723
f 3700/6724 3701/6725 3702/6726
f 3703/6886 3704/6887 3705/6888
f 3706/6883 3707/6884 3708/6885
f 3709/6880 3710/6881 3711/6882
f 3712/6877 3713/6878 3714/6879
f 3715/6874 3716/6875 3717/6876
f 3718/6871 3719/6872 3720/6873
f 3721/6868 3722/6869 3723/6870
f 3724/6865 3725/6866 3726/6867
f 3727/6862 3728/6863 3729/6864
f 3730/6859 3731/6860 3732/6861
f 3733/6856 3734/6857 3735/6858
f 3736/6853 3737/6854 3738/6855
f 3739/6850 3740/6851 3741/6852
f 3742/6847 3743/6848 3744/6849
f 3745/6844 3746/6845 3747/6846
f 3748/6841 3749/6842 3750/6843
f 3751/6838 3752/6839 3753/6840
f 3754/6835 3755/6836 3756/6837
f 3757/6832 3758/6833 3759/6834
f 3760/6823 3761/6824 3762/6825
f 3763/6826 3764/6827 3765/6828
f 3766/6829 3767/6830 3768/6831
f 3769/8080 3770/8081 3771/8082
f 3772/8077 3773/8078 3774/8079
f 3775/8071 3776/8072 3777/8073
f 3778/8068 3779/8069 3780/8070
f 3781/8095 3782/8096 3783/8097
f 3784/8092 3785/8093 3786/8094
f 3787/8107 3788/8108 3789/8109
f 3790/8104 3791/8105 3792/8106
f 3793/8398 3794/8399 3795/8400
f 3796/8395 3797/8396 3798/8397
f 3799/8386 3800/8387 3801/8388
f 3802/8383 3803/8384 3804/8385
f 3805/8380 3806/8381 3807/8382
f 3808/8377 3809/8378 3810/8379
f 3811/8389 3812/8390 3813/8391
f 3814/8392 3815/8393 3816/8394
f 3817/8401 3818/8402 3819/8403
f 3820/8410 3821/8411 3822/8412
f 3823/8278 3824/8279 3825/8280
f 3826/8275 3827/8276 3828/8277
f 3829/8260 3830/8261 3831/8262
f 3832/8257 3833/8258 3834/8259
f 3835/8236 3836/8237 3837/8238
f 3838/8233 3839/8234 3840/8235
f 3841/8227 3842/8228 3843/8229
f 3844/8224 3845/8225 3846/8226
f 3847/8251 3848/8252 3849/8253
f 3850/8248 3851/8249 3852/8250
f 3853/8287 3854/8288 3855/8289
f 3856/8284 3857/8285 3858/8286
f 3859/8368 3860/8369 3861/8370
f 3862/8365 3863/8366 3864/8367
f 3865/8326 3866/8327 3867/8328
f 3868/8323 3869/8324 3870/8325
f 3871/8308 3872/8309 3873/8310
f 3874/8305 3875/8306 3876/8307
f 3877/8299 3878/8300 3879/8301
f 3880/8296 3881/8297 3882/8298
f 3883/8335 3884/8336 3885/8337
f 3886/8332 3887/8333 3888/8334
f 3889/8347 3890/8348 3891/8349
f 3892/8344 3893/8345 3894/8346
f 3895/8359 3896/8360 3897/8361
f 3898/8356 3899/8357 3900/8358
f 3901/8134 3902/8135 3903/8136
f 3904/8131 3905/8132 3906/8133
f 3907/8116 3908/8117 3909/8118
f 3910/8113 3911/8114 3912/8115
f 3913/7969 3914/7970 3915/7971
f 3916/7972 3917/7973 3918/7974
f 3919/7987 3920/7988 3921/7989
f 3922/7990 3923/7991 3924/7992
f 3925/8200 3926/8201 3927/8202
f 3928/8203 3929/8204 3930/8205
f 3931/8188 3932/8189 3933/8190
f 3934/8191 3935/8192 3936/8193
f 3937/8176 3938/8177 3939/8178
f 3940/8179 3941/8180 3942/8181
f 3943/8143 3944/8144 3945/8145
f 3946/8146 3947/8147 3948/8148
f 3949/8149 3950/8150 3951/8151
f 3952/8152 3953/8153 3954/8154
f 3955/8161 3956/8162 3957/8163
f 3958/8164 3959/8165 3960/8166
f 3961/8215 3962/8216 3963/8217
f 3964/8218 3965/8219 3966/8220
f 3967/8056 3968/8057 3969/8058
f 3970/8059 3971/8060 3972/8061
f 3973/8026 3974/8027 3975/8028
f 3976/8017 3977/8018 3978/8019
f 3979/8014 3980/8015 3981/8016
f 3982/8005 3983/8006 3984/8007
f 3985/7999 3986/8000 3987/8001
f 3988/8002 3989/8003 3990/8004
f 3991/8029 3992/8030 3993/8031
f 3994/8032 3995/8033 3996/8034
f 3997/8047 3998/8048 3999/8049
f 4000/8050 4001/8051 4002/8052
f 4003/8446 4004/8447 4005/8448
f 4006/8437 4007/8438 4008/8439
f 4009/8416 4010/8417 4011/8418
f 4012/8413 4013/8414 4014/8415
f 4015/8419 4016/8420 4017/8421
f 4018/8422 4019/8423 4020/8424
f 4021/8425 4022/8426 4023/8427
f 4024/8428 4025/8429 4026/8430
f 4027/8431 4028/8432 4029/8433
f 4030/8434 4031/8435 4032/8436
f 4033/7960 4034/7961 4035/7962
f 4036/7963 4037/7964 4038/7965
f 4039/7948 4040/7949 4041/7950
f 4042/7951 4043/7952 4044/7953
f 4045/7942 4046/7943 4047/7944
f 4048/7933 4049/7934 4050/7935
f 4051/7927 4052/7928 4053/7929
f 4054/7930 4055/7931 4056/7932
f 4057/7975 4058/7976 4059/7977
f 4060/7978 4061/7979 4062/7980
f 4063/7981 4064/7982 4065/7983
f 4066/7984 4067/7985 4068/7986
f 4069/8206 4070/8207 4071/8208
f 4072/8197 4073/8198 4074/8199
f 4075/8194 4076/8195 4077/8196
f 4078/8185 4079/8186 4080/8187
f 4081/8182 4082/8183 4083/8184
f 4084/8173 4085/8174 4086/8175
f 4087/8137 4088/8138 4089/8139
f 4090/8140 4091/8141 4092/8142
f 4093/8155 4094/8156 4095/8157
f 4096/8158 4097/8159 4098/8160
f 4099/8167 4100/8168 4101/8169
f 4102/8170 4103/8171 4104/8172
f 4105/8209 4106/8210 4107/8211
f 4108/8212 4109/8213 4110/8214
f 4111/8062 4112/8063 4113/8064
f 4114/8053 4115/8054 4116/8055
f 4117/8020 4118/8021 4119/8022
f 4120/8023 4121/8024 4122/8025
f 4123/8008 4124/8009 4125/8010
f 4126/8011 4127/8012 4128/8013
f 4129/7993 4130/7994 4131/7995
f 4132/7996 4133/7997 4134/7998
f 4135/8035 4136/8036 4137/8037
f 4138/8038 4139/8039 4140/8040
f 4141/8041 4142/8042 4143/8043
f 4144/8044 4145/8045 4146/8046
f 4147/8440 4148/8441 4149/8442
f 4150/8443 4151/8444 4152/8445
f 4153/7966 4154/7967 4155/7968
f 4156/7957 4157/7958 4158/7959
f 4159/7954 4160/7955 4161/7956
f 4162/7945 4163/7946 4164/7947
f 4165/7936 4166/7937 4167/7938
f 4168/7939 4169/7940 4170/7941
f 4171/7921 4172/7922 4173/7923
f 4174/7924 4175/7925 4176/7926
f 4177/8086 4178/8087 4179/8088
f 4180/8083 4181/8084 4182/8085
f 4183/8065 4184/8066 4185/8067
f 4186/8074 4187/8075 4188/8076
f 4189/8089 4190/8090 4191/8091
f 4192/8098 4193/8099 4194/8100
f 4195/8101 4196/8102 4197/8103
f 4198/8110 4199/8111 4200/8112
f 4201/8407 4202/8408 4203/8409
f 4204/8404 4205/8405 4206/8406
f 4207/8272 4208/8273 4209/8274
f 4210/8269 4211/8270 4212/8271
f 4213/8266 4214/8267 4215/8268
f 4216/8263 4217/8264 4218/8265
f 4219/8242 4220/8243 4221/8244
f 4222/8239 4223/8240 4224/8241
f 4225/8221 4226/8222 4227/8223
f 4228/8230 4229/8231 4230/8232
f 4231/8245 4232/8246 4233/8247
f 4234/8254 4235/8255 4236/8256
f 4237/8281 4238/8282 4239/8283
f 4240/8290 4241/8291 4242/8292
f 4243/8374 4244/8375 4245/8376
f 4246/8371 4247/8372 4248/8373
f 4249/8320 4250/8321 4251/8322
f 4252/8317 4253/8318 4254/8319
f 4255/8314 4256/8315 4257/8316
f 4258/8311 4259/8312 4260/8313
f 4261/8293 4262/8294 4263/8295
f 4264/8302 4265/8303 4266/8304
f 4267/8329 4268/8330 4269/8331
f 4270/8338 4271/8339 4272/8340
f 4273/8341 4274/8342 4275/8343
f 4276/8350 4277/8351 4278/8352
f 4279/8353 4280/8354 4281/8355
f 4282/8362 4283/8363 4284/8364
f 4285/8128 4286/8129 4287/8130
f 4288/8125 4289/8126 4290/8127
f 4291/8122 4292/8123 4293/8124
f 4294/8119 4295/8120 4296/8121
f 4297/6745 4298/6746 4299/6747
f 4300/6748 4301/6749 4302/6750
f 4303/7486 4304/7487 4305/7488
f 4306/7483 4307/7484 4308/7485
f 4309/6772 4310/6773 4311/6774
f 4312/6769 4313/6770 4314/6771
f 4315/6766 4316/6767 4317/6768
f 4318/6763 4319/6764 4320/6765
f 4321/6760 4322/6761 4323/6762
f 4324/6757 4325/6758 4326/6759
f 4327/6754 4328/6755 4329/6756
f 4330/6751 4331/6752 4332/6753
f 4333/7480 4334/7481 4335/7482
f 4336/7477 4337/7478 4338/7479
f 4339/6727 4340/6728 4341/6729
f 4342/6730 4343/6731 4344/6732
f 4345/6733 4346/6734 4347/6735
f 4348/6736 4349/6737 4350/6738
f 4351/6739 4352/6740 4353/6741
f 4354/6742 4355/6743 4356/6744
f 4357/6802 4358/6803 4359/6804
f 4360/6799 4361/6800 4362/6801
f 4363/7465 4364/7466 4365/7467
f 4366/7468 4367/7469 4368/7470
f 4369/6793 4370/6794 4371/6795
f 4372/6790 4373/6791 4374/6792
f 4375/6787 4376/6788 4377/6789
f 4378/6784 4379/6785 4380/6786
f 4381/6781 4382/6782 4383/6783
f 4384/6778 4385/6779 4386/6780
f 4387/6775 4388/6776 4389/6777
f 4390/6796 4391/6797 4392/6798
f 4393/7474 4394/7475 4395/7476
f 4396/7471 4397/7472 4398/7473
f 4399/6820 4400/6821 4401/6822
f 4402/6817 4403/6818 4404/6819
f 4405/6814 4406/6815 4407/6816
f 4408/6811 4409/6812 4410/6813
f 4411/6808 4412/6809 4413/6810
f 4414/6805 4415/6806 4416/6807
f 4417/8887 4418/8888 4419/8889
f 4420/8890 4421/8891 4422/8892
f 4423/8839 4424/8840 4425/8841
f 4426/8842 4427/8843 4428/8844
f 4429/8506 4430/8507 4431/8508
f 4432/8503 4433/8504 4434/8505
f 4435/8686 4436/8687 4437/8688
f 4438/8683 4439/8684 4440/8685
f 4441/8560 4442/8561 4443/8562
f 4444/8557 4445/8558 4446/8559
f 4447/8680 4448/8681 4449/8682
f 4450/8677 4451/8678 4452/8679
f 4453/9028 4454/9029 4455/9030
f 4456/9025 4457/9026 4458/9027
f 4459/8980 4460/8981 4461/8982
f 4462/8977 4463/8978 4464/8979
f 4465/8914 4466/8915 4467/8916
f 4468/8911 4469/8912 4470/8913
f 4471/8896 4472/8897 4473/8898
f 4474/8893 4475/8894 4476/8895
f 4477/8854 4478/8855 4479/8856
f 4480/8851 4481/8852 4482/8853
f 4483/8848 4484/8849 4485/8850
f 4486/8845 4487/8846 4488/8847
f 4489/8488 4490/8489 4491/8490
f 4492/8485 4493/8486 4494/8487
f 4495/8671 4496/8672 4497/8673
f 4498/8674 4499/8675 4500/8676
f 4501/8665 4502/8666 4503/8667
f 4504/8668 4505/8669 4506/8670
f 4507/8545 4508/8546 4509/8547
f 4510/8548 4511/8549 4512/8550
f 4513/8539 4514/8540 4515/8541
f 4516/8542 4517/8543 4518/8544
f 4519/8653 4520/8654 4521/8655
f 4522/8656 4523/8657 4524/8658
f 4525/8659 4526/8660 4527/8661
f 4528/8662 4529/8663 4530/8664
f 4531/8479 4532/8480 4533/8481
f 4534/8482 4535/8483 4536/8484
f 4537/9034 4538/9035 4539/9036
f 4540/9031 4541/9032 4542/9033
f 4543/8992 4544/8993 4545/8994
f 4546/8989 4547/8990 4548/8991
f 4549/9040 4550/9041 4551/9042
f 4552/9037 4553/9038 4554/9039
f 4555/8986 4556/8987 4557/8988
f 4558/8983 4559/8984 4560/8985
f 4561/10174 4562/10175 4563/10176
f 4564/10177 4565/10178 4566/10179
f 4567/10180 4568/10181 4569/10182
f 4570/10183 4571/10184 4572/10185
f 4573/9115 4574/9116 4575/9117
f 4576/9112 4577/9113 4578/9114
f 4579/9109 4580/9110 4581/9111
f 4582/9106 4583/9107 4584/9108
f 4585/9103 4586/9104 4587/9105
f 4588/9100 4589/9101 4590/9102
f 4591/9097 4592/9098 4593/9099
f 4594/9094 4595/9095 4596/9096
f 4597/9433 4598/9434 4599/9435
f 4600/9436 4601/9437 4602/9438
f 4603/9319 4604/9320 4605/9321
f 4606/9322 4607/9323 4608/9324
f 4609/10123 4610/10124 4611/10125
f 4612/10240 4613/10241 4614/10242
f 4615/10237 4616/10238 4617/10239
f 4618/10234 4619/10235 4620/10236
f 4621/9091 4622/9092 4623/9093
f 4624/9088 4625/9089 4626/9090
f 4627/9085 4628/9086 4629/9087
f 4630/9082 4631/9083 4632/9084
f 4633/9079 4634/9080 4635/9081
f 4636/9196 4637/9197 4638/9198
f 4639/9193 4640/9194 4641/9195
f 4642/9190 4643/9191 4644/9192
f 4645/9373 4646/9374 4647/9375
f 4648/9376 4649/9377 4650/9378
f 4651/9379 4652/9380 4653/9381
f 4654/9382 4655/9383 4656/9384
f 4657/10207 4658/10208 4659/10209
f 4660/10204 4661/10205 4662/10206
f 4663/10153 4664/10154 4665/10155
f 4666/10150 4667/10151 4668/10152
f 4669/9187 4670/9188 4671/9189
f 4672/9184 4673/9185 4674/9186
f 4675/9181 4676/9182 4677/9183
f 4678/9178 4679/9179 4680/9180
f 4681/9175 4682/9176 4683/9177
f 4684/9172 4685/9173 4686/9174
f 4687/9169 4688/9170 4689/9171
f 4690/9166 4691/9167 4692/9168
f 4693/9409 4694/9410 4695/9411
f 4696/9412 4697/9413 4698/9414
f 4699/9343 4700/9344 4701/9345
f 4702/9346 4703/9347 4704/9348
f 4705/10393 4706/10394 4707/10395
f 4708/10396 4709/10397 4710/10398
f 4711/10573 4712/10574 4713/10575
f 4714/10576 4715/10577 4716/10578
f 4717/10561 4718/10562 4719/10563
f 4720/10564 4721/10565 4722/10566
f 4723/10555 4724/10556 4725/10557
f 4726/10558 4727/10559 4728/10560
f 4729/10321 4730/10322 4731/10323
f 4732/10324 4733/10325 4734/10326
f 4735/10303 4736/10304 4737/10305
f 4738/10306 4739/10307 4740/10308
f 4741/10357 4742/10358 4743/10359
f 4744/10360 4745/10361 4746/10362
f 4747/10582 4748/10583 4749/10584
f 4750/10579 4751/10580 4752/10581
f 4753/10534 4754/10535 4755/10536
f 4756/10531 4757/10532 4758/10533
f 4759/10540 4760/10541 4761/10542
f 4762/10537 4763/10538 4764/10539
f 4765/10585 4766/10586 4767/10587
f 4768/10588 4769/10589 4770/10590
f 4771/10282 4772/10283 4773/10284
f 4774/10279 4775/10280 4776/10281
f 4777/10105 4778/10106 4779/10107
f 4780/10108 4781/10109 4782/10110
f 4783/10099 4784/10100 4785/10101
f 4786/10102 4787/10103 4788/10104
f 4789/10093 4790/10094 4791/10095
f 4792/10096 4793/10097 4794/10098
f 4795/10045 4796/10046 4797/10047
f 4798/10048 4799/10049 4800/10050
f 4801/10033 4802/10034 4803/10035
f 4804/10036 4805/10037 4806/10038
f 4807/10027 4808/10028 4809/10029
f 4810/10030 4811/10031 4812/10032
f 4813/10288 4814/10289 4815/10290
f 4816/10285 4817/10286 4818/10287
f 4819/10318 4820/10319 4821/10320
f 4822/10315 4823/10316 4824/10317
f 4825/10507 4826/10508 4827/10509
f 4828/10510 4829/10511 4830/10512
f 4831/10516 4832/10517 4833/10518
f 4834/10513 4835/10514 4836/10515
f 4837/10570 4838/10571 4839/10572
f 4840/10567 4841/10568 4842/10569
f 4843/10366 4844/10367 4845/10368
f 4846/10363 4847/10364 4848/10365
f 4849/9064 4850/9065 4851/9066
f 4852/9055 4853/9056 4854/9057
f 4855/9067 4856/9068 4857/9069
f 4858/9070 4859/9071 4860/9072
f 4861/8470 4862/8471 4863/8472
f 4864/8461 4865/8462 4866/8463
f 4867/8512 4868/8513 4869/8514
f 4870/8509 4871/8510 4872/8511
f 4873/8524 4874/8525 4875/8526
f 4876/8527 4877/8528 4878/8529
f 4879/8452 4880/8453 4881/8454
f 4882/8455 4883/8456 4884/8457
f 4885/8872 4886/8873 4887/8874
f 4888/8875 4889/8876 4890/8877
f 4891/8953 4892/8954 4893/8955
f 4894/8956 4895/8957 4896/8958
f 4897/10198 4898/10199 4899/10200
f 4900/10201 4901/10202 4902/10203
f 4903/10192 4904/10193 4905/10194
f 4906/10195 4907/10196 4908/10197
f 4909/10186 4910/10187 4911/10188
f 4912/10189 4913/10190 4914/10191
f 4915/10168 4916/10169 4917/10170
f 4918/10171 4919/10172 4920/10173
f 4921/10162 4922/10163 4923/10164
f 4924/10165 4925/10166 4926/10167
f 4927/10156 4928/10157 4929/10158
f 4930/10159 4931/10160 4932/10161
f 4933/9163 4934/9164 4935/9165
f 4936/9160 4937/9161 4938/9162
f 4939/9157 4940/9158 4941/9159
f 4942/9154 4943/9155 4944/9156
f 4945/10384 4946/10385 4947/10386
f 4948/10387 4949/10388 4950/10389
f 4951/10300 4952/10301 4953/10302
f 4954/10297 4955/10298 4956/10299
f 4957/10339 4958/10340 4959/10341
f 4960/10342 4961/10343 4962/10344
f 4963/10252 4964/10253 4965/10254
f 4966/10243 4967/10244 4968/10245
f 4969/10117 4970/10118 4971/10119
f 4972/10114 4973/10115 4974/10116
f 4975/10003 4976/10004 4977/10005
f 4978/10012 4979/10013 4980/10014
f 4981/10258 4982/10259 4983/10260
f 4984/10255 4985/10256 4986/10257
f 4987/8917 4988/8918 4989/8919
f 4990/8920 4991/8921 4992/8922
f 4993/8857 4994/8858 4995/8859
f 4996/8860 4997/8861 4998/8862
f 4999/8623 5000/8624 5001/8625
f 5002/8626 5003/8627 5004/8628
f 5005/8563 5006/8564 5007/8565
f 5008/8566 5009/8567 5010/8568
f 5011/8617 5012/8618 5013/8619
f 5014/8620 5015/8621 5016/8622
f 5017/8497 5018/8498 5019/8499
f 5020/8500 5021/8501 5022/8502
f 5023/8998 5024/8999 5025/9000
f 5026/8995 5027/8996 5028/8997
f 5029/8962 5030/8963 5031/8964
f 5032/8959 5033/8960 5034/8961
f 5035/8944 5036/8945 5037/8946
f 5038/8941 5039/8942 5040/8943
f 5041/8926 5042/8927 5043/8928
f 5044/8923 5045/8924 5046/8925
f 5047/8884 5048/8885 5049/8886
f 5050/8881 5051/8882 5052/8883
f 5053/8866 5054/8867 5055/8868
f 5056/8863 5057/8864 5058/8865
f 5059/8494 5060/8495 5061/8496
f 5062/8491 5063/8492 5064/8493
f 5065/8605 5066/8606 5067/8607
f 5068/8608 5069/8609 5070/8610
f 5071/8611 5072/8612 5073/8613
f 5074/8614 5075/8615 5076/8616
f 5077/8551 5078/8552 5079/8553
f 5080/8554 5081/8555 5082/8556
f 5083/8533 5084/8534 5085/8535
f 5086/8536 5087/8537 5088/8538
f 5089/8599 5090/8600 5091/8601
f 5092/8602 5093/8603 5094/8604
f 5095/8593 5096/8594 5097/8595
f 5098/8596 5099/8597 5100/8598
f 5101/8473 5102/8474 5103/8475
f 5104/8476 5105/8477 5106/8478
f 5107/9010 5108/9011 5109/9012
f 5110/9007 5111/9008 5112/9009
f 5113/8974 5114/8975 5115/8976
f 5116/8971 5117/8972 5118/8973
f 5119/9004 5120/9005 5121/9006
f 5122/9001 5123/9002 5124/9003
f 5125/8968 5126/8969 5127/8970
f 5128/8965 5129/8966 5130/8967
f 5131/9151 5132/9152 5133/9153
f 5134/9148 5135/9149 5136/9150
f 5137/9145 5138/9146 5139/9147
f 5140/9142 5141/9143 5142/9144
f 5143/9139 5144/9140 5145/9141
f 5146/9136 5147/9137 5148/9138
f 5149/9133 5150/9134 5151/9135
f 5152/9130 5153/9131 5154/9132
f 5155/9127 5156/9128 5157/9129
f 5158/9124 5159/9125 5160/9126
f 5161/9121 5162/9122 5163/9123
f 5164/9118 5165/9119 5166/9120
f 5167/9472 5168/9473 5169/9474
f 5170/9469 5171/9470 5172/9471
f 5173/9751 5174/9752 5175/9753
f 5176/9754 5177/9755 5178/9756
f 5179/9505 5180/9506 5181/9507
f 5182/9508 5183/9509 5184/9510
f 5185/9757 5186/9758 5187/9759
f 5188/9760 5189/9761 5190/9762
f 5191/9415 5192/9416 5193/9417
f 5194/9418 5195/9419 5196/9420
f 5197/9337 5198/9338 5199/9339
f 5200/9340 5201/9341 5202/9342
f 5203/9331 5204/9332 5205/9333
f 5206/9334 5207/9335 5208/9336
f 5209/9325 5210/9326 5211/9327
f 5212/9328 5213/9329 5214/9330
f 5215/9427 5216/9428 5217/9429
f 5218/9430 5219/9431 5220/9432
f 5221/9421 5222/9422 5223/9423
f 5224/9424 5225/9425 5226/9426
f 5227/10213 5228/10214 5229/10215
f 5230/10210 5231/10211 5232/10212
f 5233/10147 5234/10148 5235/10149
f 5236/10144 5237/10145 5238/10146
f 5239/9766 5240/9767 5241/9768
f 5242/9763 5243/9764 5244/9765
f 5245/9451 5246/9452 5247/9453
f 5248/9454 5249/9455 5250/9456
f 5251/10855 5252/10856 5253/10857
f 5254/10858 5255/10859 5256/10860
f 5257/10864 5258/10865 5259/10866
f 5260/10861 5261/10862 5262/10863
f 5263/9403 5264/9404 5265/9405
f 5266/9406 5267/9407 5268/9408
f 5269/9349 5270/9350 5271/9351
f 5272/9352 5273/9353 5274/9354
f 5275/10375 5276/10376 5277/10377
f 5278/10378 5279/10379 5280/10380
f 5281/10477 5282/10478 5283/10479
f 5284/10480 5285/10481 5286/10482
f 5287/10459 5288/10460 5289/10461
f 5290/10462 5291/10463 5292/10464
f 5293/10465 5294/10466 5295/10467
f 5296/10468 5297/10469 5298/10470
f 5299/10330 5300/10331 5301/10332
f 5302/10327 5303/10328 5304/10329
f 5305/10309 5306/10310 5307/10311
f 5308/10312 5309/10313 5310/10314
f 5311/10351 5312/10352 5313/10353
f 5314/10354 5315/10355 5316/10356
f 5317/10486 5318/10487 5319/10488
f 5320/10483 5321/10484 5322/10485
f 5323/10426 5324/10427 5325/10428
f 5326/10423 5327/10424 5328/10425
f 5329/10435 5330/10436 5331/10437
f 5332/10438 5333/10439 5334/10440
f 5335/10489 5336/10490 5337/10491
f 5338/10492 5339/10493 5340/10494
f 5341/10270 5342/10271 5343/10272
f 5344/10267 5345/10268 5346/10269
f 5347/10075 5348/10076 5349/10077
f 5350/10078 5351/10079 5352/10080
f 5353/10069 5354/10070 5355/10071
f 5356/10072 5357/10073 5358/10074
f 5359/10063 5360/10064 5361/10065
f 5362/10066 5363/10067 5364/10068
f 5365/10039 5366/10040 5367/10041
f 5368/10042 5369/10043 5370/10044
f 5371/10021 5372/10022 5373/10023
f 5374/10024 5375/10025 5376/10026
f 5377/10015 5378/10016 5379/10017
f 5380/10018 5381/10019 5382/10020
f 5383/10276 5384/10277 5385/10278
f 5386/10273 5387/10274 5388/10275
f 5389/10333 5390/10334 5391/10335
f 5392/10336 5393/10337 5394/10338
f 5395/10444 5396/10445 5397/10446
f 5398/10441 5399/10442 5400/10443
f 5401/10432 5402/10433 5403/10434
f 5404/10429 5405/10430 5406/10431
f 5407/10474 5408/10475 5409/10476
f 5410/10471 5411/10472 5412/10473
f 5413/10372 5414/10373 5415/10374
f 5416/10369 5417/10370 5418/10371
f 5419/9061 5420/9062 5421/9063
f 5422/9058 5423/9059 5424/9060
f 5425/9076 5426/9077 5427/9078
f 5428/9073 5429/9074 5430/9075
f 5431/8467 5432/8468 5433/8469
f 5434/8464 5435/8465 5436/8466
f 5437/8515 5438/8516 5439/8517
f 5440/8518 5441/8519 5442/8520
f 5443/8521 5444/8522 5445/8523
f 5446/8530 5447/8531 5448/8532
f 5449/8449 5450/8450 5451/8451
f 5452/8458 5453/8459 5454/8460
f 5455/8869 5456/8870 5457/8871
f 5458/8878 5459/8879 5460/8880
f 5461/8950 5462/8951 5463/8952
f 5464/8947 5465/8948 5466/8949
f 5467/10216 5468/10217 5469/10218
f 5470/10219 5471/10220 5472/10221
f 5473/10222 5474/10223 5475/10224
f 5476/10225 5477/10226 5478/10227
f 5479/10228 5480/10229 5481/10230
f 5482/10231 5483/10232 5484/10233
f 5485/10126 5486/10127 5487/10128
f 5488/10129 5489/10130 5490/10131
f 5491/10132 5492/10133 5493/10134
f 5494/10135 5495/10136 5496/10137
f 5497/10138 5498/10139 5499/10140
f 5500/10141 5501/10142 5502/10143
f 5503/10783 5504/10784 5505/10785
f 5506/10786 5507/10787 5508/10788
f 5509/10879 5510/10880 5511/10881
f 5512/10882 5513/10883 5514/10884
f 5515/10390 5516/10391 5517/10392
f 5518/10381 5519/10382 5520/10383
f 5521/10294 5522/10295 5523/10296
f 5524/10291 5525/10292 5526/10293
f 5527/10348 5528/10349 5529/10350
f 5530/10345 5531/10346 5532/10347
f 5533/10249 5534/10250 5535/10251
f 5536/10246 5537/10247 5538/10248
f 5539/10111 5540/10112 5541/10113
f 5542/10120 5543/10121 5544/10122
f 5545/10006 5546/10007 5547/10008
f 5548/10009 5549/10010 5550/10011
f 5551/10264 5552/10265 5553/10266
f 5554/10261 5555/10262 5556/10263
f 5557/9046 5558/9047 5559/9048
f 5560/9049 5561/9050 5562/9051
f 5563/9052 5564/9053 5565/9054
f 5566/9043 5567/9044 5568/9045
f 5569/8638 5570/8639 5571/8640
f 5572/8629 5573/8630 5574/8631
f 5575/8632 5576/8633 5577/8634
f 5578/8635 5579/8636 5580/8637
f 5581/8647 5582/8648 5583/8649
f 5584/8650 5585/8651 5586/8652
f 5587/8641 5588/8642 5589/8643
f 5590/8644 5591/8645 5592/8646
f 5593/8902 5594/8903 5595/8904
f 5596/8905 5597/8906 5598/8907
f 5599/8908 5600/8909 5601/8910
f 5602/8899 5603/8900 5604/8901
f 5605/10888 5606/10889 5607/10890
f 5608/10885 5609/10886 5610/10887
f 5611/10627 5612/10628 5613/10629
f 5614/10630 5615/10631 5616/10632
f 5617/9466 5618/9467 5619/9468
f 5620/9457 5621/9458 5622/9459
f 5623/9439 5624/9440 5625/9441
f 5626/9448 5627/9449 5628/9450
f 5629/10642 5630/10643 5631/10644
f 5632/10639 5633/10640 5634/10641
f 5635/10618 5636/10619 5637/10620
f 5638/10615 5639/10616 5640/10617
f 5641/9775 5642/9776 5643/9777
f 5644/9778 5645/9779 5646/9780
f 5647/9772 5648/9773 5649/9774
f 5650/9769 5651/9770 5652/9771
f 5653/10549 5654/10550 5655/10551
f 5656/10552 5657/10553 5658/10554
f 5659/10543 5660/10544 5661/10545
f 5662/10546 5663/10547 5664/10548
f 5665/10528 5666/10529 5667/10530
f 5668/10525 5669/10526 5670/10527
f 5671/10522 5672/10523 5673/10524
f 5674/10519 5675/10520 5676/10521
f 5677/10090 5678/10091 5679/10092
f 5680/10081 5681/10082 5682/10083
f 5683/10084 5684/10085 5685/10086
f 5686/10087 5687/10088 5688/10089
f 5689/10501 5690/10502 5691/10503
f 5692/10498 5693/10499 5694/10500
f 5695/10495 5696/10496 5697/10497
f 5698/10504 5699/10505 5700/10506
f 5701/9016 5702/9017 5703/9018
f 5704/9013 5705/9014 5706/9015
f 5707/9022 5708/9023 5709/9024
f 5710/9019 5711/9020 5712/9021
f 5713/8572 5714/8573 5715/8574
f 5716/8569 5717/8570 5718/8571
f 5719/8578 5720/8579 5721/8580
f 5722/8575 5723/8576 5724/8577
f 5725/8581 5726/8582 5727/8583
f 5728/8584 5729/8585 5730/8586
f 5731/8587 5732/8588 5733/8589
f 5734/8590 5735/8591 5736/8592
f 5737/8932 5738/8933 5739/8934
f 5740/8929 5741/8930 5742/8931
f 5743/8938 5744/8939 5745/8940
f 5746/8935 5747/8936 5748/8937
f 5749/9784 5750/9785 5751/9786
f 5752/9781 5753/9782 5754/9783
f 5755/9490 5756/9491 5757/9492
f 5758/9487 5759/9488 5760/9489
f 5761/9397 5762/9398 5763/9399
f 5764/9400 5765/9401 5766/9402
f 5767/9355 5768/9356 5769/9357
f 5770/9358 5771/9359 5772/9360
f 5773/9361 5774/9362 5775/9363
f 5776/9364 5777/9365 5778/9366
f 5779/9367 5780/9368 5781/9369
f 5782/9370 5783/9371 5784/9372
f 5785/9385 5786/9386 5787/9387
f 5788/9388 5789/9389 5790/9390
f 5791/9391 5792/9392 5793/9393
f 5794/9394 5795/9395 5796/9396
f 5797/10453 5798/10454 5799/10455
f 5800/10450 5801/10451 5802/10452
f 5803/10447 5804/10448 5805/10449
f 5806/10456 5807/10457 5808/10458
f 5809/10402 5810/10403 5811/10404
f 5812/10399 5813/10400 5814/10401
f 5815/10408 5816/10409 5817/10410
f 5818/10405 5819/10406 5820/10407
f 5821/10060 5822/10061 5823/10062
f 5824/10057 5825/10058 5826/10059
f 5827/10054 5828/10055 5829/10056
f 5830/10051 5831/10052 5832/10053
f 5833/10417 5834/10418 5835/10419
f 5836/10414 5837/10415 5838/10416
f 5839/10411 5840/10412 5841/10413
f 5842/10420 5843/10421 5844/10422
f 5845/9955 5846/9956 5847/9957
f 5848/9958 5849/9959 5850/9960
f 5851/9961 5852/9962 5853/9963
f 5854/9964 5855/9965 5856/9966
f 5857/9967 5858/9968 5859/9969
f 5860/9970 5861/9971 5862/9972
f 5863/9973 5864/9974 5865/9975
f 5866/9976 5867/9977 5868/9978
f 5869/9979 5870/9980 5871/9981
f 5872/9982 5873/9983 5874/9984
f 5875/9949 5876/9950 5877/9951
f 5878/9952 5879/9953 5880/9954
f 5881/9922 5882/9923 5883/9924
f 5884/9919 5885/9920 5886/9921
f 5887/9901 5888/9902 5889/9903
f 5890/9916 5891/9917 5892/9918
f 5893/9907 5894/9908 5895/9909
f 5896/9913 5897/9914 5898/9915
f 5899/9988 5900/9989 5901/9990
f 5902/9985 5903/9986 5904/9987
f 5905/9943 5906/9944 5907/9945
f 5908/9946 5909/9947 5910/9948
f 5911/9925 5912/9926 5913/9927
f 5914/9859 5915/9860 5916/9861
f 5917/9856 5918/9857 5919/9858
f 5920/9853 5921/9854 5922/9855
f 5923/10000 5924/10001 5925/10002
f 5926/9997 5927/9998 5928/9999
f 5929/9994 5930/9995 5931/9996
f 5932/9991 5933/9992 5934/9993
f 5935/9937 5936/9938 5937/9939
f 5938/9940 5939/9941 5940/9942
f 5941/9928 5942/9929 5943/9930
f 5944/9868 5945/9869 5946/9870
f 5947/9865 5948/9866 5949/9867
f 5950/9862 5951/9863 5952/9864
f 5953/9898 5954/9899 5955/9900
f 5956/9904 5957/9905 5958/9906
f 5959/9895 5960/9896 5961/9897
f 5962/9910 5963/9911 5964/9912
f 5965/9934 5966/9935 5967/9936
f 5968/9931 5969/9932 5970/9933
f 5971/9880 5972/9881 5973/9882
f 5974/9877 5975/9878 5976/9879
f 5977/9874 5978/9875 5979/9876
f 5980/9871 5981/9872 5982/9873
f 5983/9883 5984/9884 5985/9885
f 5986/9886 5987/9887 5988/9888
f 5989/9889 5990/9890 5991/9891
f 5992/9892 5993/9893 5994/9894
f 5995/9793 5996/9794 5997/9795
f 5998/9796 5999/9797 6000/9798
f 6001/9790 6002/9791 6003/9792
f 6004/9787 6005/9788 6006/9789
f 6007/10648 6008/10649 6009/10650
f 6010/10645 6011/10646 6012/10647
f 6013/10873 6014/10874 6015/10875
f 6016/10876 6017/10877 6018/10878
f 6019/10870 6020/10871 6021/10872
f 6022/10867 6023/10868 6024/10869
f 6025/10804 6026/10805 6027/10806
f 6028/10801 6029/10802 6030/10803
f 6031/10849 6032/10850 6033/10851
f 6034/10852 6035/10853 6036/10854
f 6037/10846 6038/10847 6039/10848
f 6040/10843 6041/10844 6042/10845
f 6043/9463 6044/9464 6045/9465
f 6046/9460 6047/9461 6048/9462
f 6049/9442 6050/9443 6051/9444
f 6052/9445 6053/9446 6054/9447
f 6055/10633 6056/10634 6057/10635
f 6058/10636 6059/10637 6060/10638
f 6061/10624 6062/10625 6063/10626
f 6064/10621 6065/10622 6066/10623
f 6067/9493 6068/9494 6069/9495
f 6070/9502 6071/9503 6072/9504
f 6073/9499 6074/9500 6075/9501
f 6076/9496 6077/9497 6078/9498
f 6079/10780 6080/10781 6081/10782
f 6082/10777 6083/10778 6084/10779
f 6085/10774 6086/10775 6087/10776
f 6088/10771 6089/10772 6090/10773
f 6091/9475 6092/9476 6093/9477
f 6094/9478 6095/9479 6096/9480
f 6097/9481 6098/9482 6099/9483
f 6100/9484 6101/9485 6102/9486
f 6103/10789 6104/10790 6105/10791
f 6106/10792 6107/10793 6108/10794
f 6109/10795 6110/10796 6111/10797
f 6112/10798 6113/10799 6114/10800
f 6115/9250 6116/9251 6117/9252
f 6118/9247 6119/9248 6120/9249
f 6121/9244 6122/9245 6123/9246
f 6124/9241 6125/9242 6126/9243
f 6127/9235 6128/9236 6129/9237
f 6130/9238 6131/9239 6132/9240
f 6133/9253 6134/9254 6135/9255
f 6136/9256 6137/9257 6138/9258
f 6139/9286 6140/9287 6141/9288
f 6142/9283 6143/9284 6144/9285
f 6145/9280 6146/9281 6147/9282
f 6148/9277 6149/9278 6150/9279
f 6151/9262 6152/9263 6153/9264
f 6154/9259 6155/9260 6156/9261
f 6157/9265 6158/9266 6159/9267
f 6160/9268 6161/9269 6162/9270
f 6163/9271 6164/9272 6165/9273
f 6166/9274 6167/9275 6168/9276
f 6169/9232 6170/9233 6171/9234
f 6172/9229 6173/9230 6174/9231
f 6175/9214 6176/9215 6177/9216
f 6178/9211 6179/9212 6180/9213
f 6181/9208 6182/9209 6183/9210
f 6184/9205 6185/9206 6186/9207
f 6187/9199 6188/9200 6189/9201
f 6190/9202 6191/9203 6192/9204
f 6193/9217 6194/9218 6195/9219
f 6196/9220 6197/9221 6198/9222
f 6199/9223 6200/9224 6201/9225
f 6202/9226 6203/9227 6204/9228
f 6205/9304 6206/9305 6207/9306
f 6208/9301 6209/9302 6210/9303
f 6211/9298 6212/9299 6213/9300
f 6214/9295 6215/9296 6216/9297
f 6217/9289 6218/9290 6219/9291
f 6220/9292 6221/9293 6222/9294
f 6223/9307 6224/9308 6225/9309
f 6226/9310 6227/9311 6228/9312
f 6229/9313 6230/9314 6231/9315
f 6232/9316 6233/9317 6234/9318
f 6235/8794 6236/8795 6237/8796
f 6238/8797 6239/8798 6240/8799
f 6241/8800 6242/8801 6243/8802
f 6244/8803 6245/8804 6246/8805
f 6247/8806 6248/8807 6249/8808
f 6250/8809 6251/8810 6252/8811
f 6253/8812 6254/8813 6255/8814
f 6256/8815 6257/8816 6258/8817
f 6259/8818 6260/8819 6261/8820
f 6262/8821 6263/8822 6264/8823
f 6265/8788 6266/8789 6267/8790
f 6268/8791 6269/8792 6270/8793
f 6271/8737 6272/8738 6273/8739
f 6274/8734 6275/8735 6276/8736
f 6277/8707 6278/8708 6279/8709
f 6280/8731 6281/8732 6282/8733
f 6283/8722 6284/8723 6285/8724
f 6286/8728 6287/8729 6288/8730
f 6289/8827 6290/8828 6291/8829
f 6292/8824 6293/8825 6294/8826
f 6295/8782 6296/8783 6297/8784
f 6298/8785 6299/8786 6300/8787
f 6301/8740 6302/8741 6303/8742
f 6304/8698 6305/8699 6306/8700
f 6307/8695 6308/8696 6309/8697
f 6310/8692 6311/8693 6312/8694
f 6313/8689 6314/8690 6315/8691
f 6316/8836 6317/8837 6318/8838
f 6319/8833 6320/8834 6321/8835
f 6322/8830 6323/8831 6324/8832
f 6325/8776 6326/8777 6327/8778
f 6328/8779 6329/8780 6330/8781
f 6331/8746 6332/8747 6333/8748
f 6334/8743 6335/8744 6336/8745
f 6337/8749 6338/8750 6339/8751
f 6340/8701 6341/8702 6342/8703
f 6343/8704 6344/8705 6345/8706
f 6346/8710 6347/8711 6348/8712
f 6349/8713 6350/8714 6351/8715
f 6352/8725 6353/8726 6354/8727
f 6355/8773 6356/8774 6357/8775
f 6358/8770 6359/8771 6360/8772
f 6361/8767 6362/8768 6363/8769
f 6364/8764 6365/8765 6366/8766
f 6367/8761 6368/8762 6369/8763
f 6370/8758 6371/8759 6372/8760
f 6373/8755 6374/8756 6375/8757
f 6376/8752 6377/8753 6378/8754
f 6379/8719 6380/8720 6381/8721
f 6382/8716 6383/8717 6384/8718
f 6385/9580 6386/9581 6387/9582
f 6388/9577 6389/9578 6390/9579
f 6391/9574 6392/9575 6393/9576
f 6394/9571 6395/9572 6396/9573
f 6397/9550 6398/9551 6399/9552
f 6400/9547 6401/9548 6402/9549
f 6403/9538 6404/9539 6405/9540
f 6406/9535 6407/9536 6408/9537
f 6409/9532 6410/9533 6411/9534
f 6412/9529 6413/9530 6414/9531
f 6415/9586 6416/9587 6417/9588
f 6418/9583 6419/9584 6420/9585
f 6421/10669 6422/10670 6423/10671
f 6424/10672 6425/10673 6426/10674
f 6427/10675 6428/10676 6429/10677
f 6430/10678 6431/10679 6432/10680
f 6433/10687 6434/10688 6435/10689
f 6436/10690 6437/10691 6438/10692
f 6439/10711 6440/10712 6441/10713
f 6442/10714 6443/10715 6444/10716
f 6445/10717 6446/10718 6447/10719
f 6448/10720 6449/10721 6450/10722
f 6451/10723 6452/10724 6453/10725
f 6454/10726 6455/10727 6456/10728
f 6457/9520 6458/9521 6459/9522
f 6460/9517 6461/9518 6462/9519
f 6463/9598 6464/9599 6465/9600
f 6466/9589 6467/9590 6468/9591
f 6469/10660 6470/10661 6471/10662
f 6472/10657 6473/10658 6474/10659
f 6475/10729 6476/10730 6477/10731
f 6478/10738 6479/10739 6480/10740
f 6481/9610 6482/9611 6483/9612
f 6484/9607 6485/9608 6486/9609
f 6487/9616 6488/9617 6489/9618
f 6490/9613 6491/9614 6492/9615
f 6493/9553 6494/9554 6495/9555
f 6496/9556 6497/9557 6498/9558
f 6499/9541 6500/9542 6501/9543
f 6502/9544 6503/9545 6504/9546
f 6505/9523 6506/9524 6507/9525
f 6508/9526 6509/9527 6510/9528
f 6511/9604 6512/9605 6513/9606
f 6514/9601 6515/9602 6516/9603
f 6517/10666 6518/10667 6519/10668
f 6520/10663 6521/10664 6522/10665
f 6523/10684 6524/10685 6525/10686
f 6526/10681 6527/10682 6528/10683
f 6529/10696 6530/10697 6531/10698
f 6532/10693 6533/10694 6534/10695
f 6535/10753 6536/10754 6537/10755
f 6538/10756 6539/10757 6540/10758
f 6541/10747 6542/10748 6543/10749
f 6544/10750 6545/10751 6546/10752
f 6547/10741 6548/10742 6549/10743
f 6550/10744 6551/10745 6552/10746
f 6553/9514 6554/9515 6555/9516
f 6556/9511 6557/9512 6558/9513
f 6559/9592 6560/9593 6561/9594
f 6562/9595 6563/9596 6564/9597
f 6565/10654 6566/10655 6567/10656
f 6568/10651 6569/10652 6570/10653
f 6571/10735 6572/10736 6573/10737
f 6574/10732 6575/10733 6576/10734
f 6577/9568 6578/9569 6579/9570
f 6580/9565 6581/9566 6582/9567
f 6583/9562 6584/9563 6585/9564
f 6586/9559 6587/9560 6588/9561
f 6589/10705 6590/10706 6591/10707
f 6592/10702 6593/10703 6594/10704
f 6595/10699 6596/10700 6597/10701
f 6598/10708 6599/10709 6600/10710
f 6601/9622 6602/9623 6603/9624
f 6604/9625 6605/9626 6606/9627
f 6607/9628 6608/9629 6609/9630
f 6610/9619 6611/9620 6612/9621
f 6613/10759 6614/10760 6615/10761
f 6616/10768 6617/10769 6618/10770
f 6619/10765 6620/10766 6621/10767
f 6622/10762 6623/10763 6624/10764
f 6625/9745 6626/9746 6627/9747
f 6628/9748 6629/9749 6630/9750
f 6631/9739 6632/9740 6633/9741
f 6634/9742 6635/9743 6636/9744
f 6637/9685 6638/9686 6639/9687
f 6640/9688 6641/9689 6642/9690
f 6643/9679 6644/9680 6645/9681
f 6646/9682 6647/9683 6648/9684
f 6649/9691 6650/9692 6651/9693
f 6652/9700 6653/9701 6654/9702
f 6655/9637 6656/9638 6657/9639
f 6658/9634 6659/9635 6660/9636
f 6661/9724 6662/9725 6663/9726
f 6664/9721 6665/9722 6666/9723
f 6667/9727 6668/9728 6669/9729
f 6670/9730 6671/9731 6672/9732
f 6673/9733 6674/9734 6675/9735
f 6676/9736 6677/9737 6678/9738
f 6679/9658 6680/9659 6681/9660
f 6682/9655 6683/9656 6684/9657
f 6685/9652 6686/9653 6687/9654
f 6688/9649 6689/9650 6690/9651
f 6691/9646 6692/9647 6693/9648
f 6694/9643 6695/9644 6696/9645
f 6697/9697 6698/9698 6699/9699
f 6700/9694 6701/9695 6702/9696
f 6703/9631 6704/9632 6705/9633
f 6706/9640 6707/9641 6708/9642
f 6709/9706 6710/9707 6711/9708
f 6712/9703 6713/9704 6714/9705
f 6715/9712 6716/9713 6717/9714
f 6718/9709 6719/9710 6720/9711
f 6721/9718 6722/9719 6723/9720
f 6724/9715 6725/9716 6726/9717
f 6727/9673 6728/9674 6729/9675
f 6730/9676 6731/9677 6732/9678
f 6733/9667 6734/9668 6735/9669
f 6736/9670 6737/9671 6738/9672
f 6739/9661 6740/9662 6741/9663
f 6742/9664 6743/9665 6744/9666
f 6745/9799 6746/9800 6747/9801
f 6748/9802 6749/9803 6750/9804
f 6751/9805 6752/9806 6753/9807
f 6754/9808 6755/9809 6756/9810
f 6757/9811 6758/9812 6759/9813
f 6760/9814 6761/9815 6762/9816
f 6763/9817 6764/9818 6765/9819
f 6766/9820 6767/9821 6768/9822
f 6769/9823 6770/9824 6771/9825
f 6772/9826 6773/9827 6774/9828
f 6775/9829 6776/9830 6777/9831
f 6778/9832 6779/9833 6780/9834
f 6781/9835 6782/9836 6783/9837
f 6784/9838 6785/9839 6786/9840
f 6787/9841 6788/9842 6789/9843
f 6790/9844 6791/9845 6792/9846
f 6793/9850 6794/9851 6795/9852
f 6796/9847 6797/9848 6798/9849
f 6799/10606 6800/10607 6801/10608
f 6802/10603 6803/10604 6804/10605
f 6805/10609 6806/10610 6807/10611
f 6808/10612 6809/10613 6810/10614
f 6811/10894 6812/10895 6813/10896
f 6814/10891 6815/10892 6816/10893
f 6817/10600 6818/10601 6819/10602
f 6820/10591 6821/10592 6822/10593
f 6823/10594 6824/10595 6825/10596
f 6826/10597 6827/10598 6828/10599
f 6829/10900 6830/10901 6831/10902
f 6832/10897 6833/10898 6834/10899
f 6835/10813 6836/10814 6837/10815
f 6838/10816 6839/10817 6840/10818
f 6841/10810 6842/10811 6843/10812
f 6844/10807 6845/10808 6846/10809
f 6847/10828 6848/10829 6849/10830
f 6850/10825 6851/10826 6852/10827
f 6853/10909 6854/10910 6855/10911
f 6856/10912 6857/10913 6858/10914
f 6859/10831 6860/10832 6861/10833
f 6862/10840 6863/10841 6864/10842
f 6865/10819 6866/10820 6867/10821
f 6868/10822 6869/10823 6870/10824
f 6871/10837 6872/10838 6873/10839
f 6874/10834 6875/10835 6876/10836
f 6877/10906 6878/10907 6879/10908
f 6880/10903 6881/10904 6882/10905
f 6883/1543 6884/1544 6885/1545
f 6886/1546 6887/1547 6888/1548
f 6889/1552 6890/1553 6891/1554
f 6892/1549 6893/1550 6894/1551
f 6895/1558 6896/1559 6897/1560
f 6898/1555 6899/1556 6900/1557
f 6901/1564 6902/1565 6903/1566
f 6904/1561 6905/1562 6906/1563
f 6907/1501 6908/1502 6909/1503
f 6910/1504 6911/1505 6912/1506
f 6913/1495 6914/1496 6915/1497
f 6916/1498 6917/1499 6918/1500
f 6919/1477 6920/1478 6921/1479
f 6922/1480 6923/1481 6924/1482
f 6925/1486 6926/1487 6927/1488
f 6928/1483 6929/1484 6930/1485
f 6931/1492 6932/1493 6933/1494
f 6934/1489 6935/1490 6936/1491
f 6937/1519 6938/1520 6939/1521
f 6940/1522 6941/1523 6942/1524
f 6943/1513 6944/1514 6945/1515
f 6946/1516 6947/1517 6948/1518
f 6949/1507 6950/1508 6951/1509
f 6952/1510 6953/1511 6954/1512
f 6955/1528 6956/1529 6957/1530
f 6958/1525 6959/1526 6960/1527
f 6961/1534 6962/1535 6963/1536
f 6964/1531 6965/1532 6966/1533
f 6967/1540 6968/1541 6969/1542
f 6970/1537 6971/1538 6972/1539
f 6973/1615 6974/1616 6975/1617
f 6976/1618 6977/1619 6978/1620
f 6979/1609 6980/1610 6981/1611
f 6982/1612 6983/1613 6984/1614
f 6985/1585 6986/1586 6987/1587
f 6988/1588 6989/1589 6990/1590
f 6991/1594 6992/1595 6993/1596
f 6994/1591 6995/1592 6996/1593
f 6997/1600 6998/1601 6999/1602
f 7000/1597 7001/1598 7002/1599
f 7003/1606 7004/1607 7005/1608
f 7006/1603 7007/1604 7008/1605
f 7009/1579 7010/1580 7011/1581
f 7012/1582 7013/1583 7014/1584
f 7015/1573 7016/1574 7017/1575
f 7018/1576 7019/1577 7020/1578
f 7021/1567 7022/1568 7023/1569
f 7024/1570 7025/1571 7026/1572
f 7027/1798 7028/1799 7029/1800
f 7030/1795 7031/1796 7032/1797
f 7033/1804 7034/1805 7035/1806
f 7036/1801 7037/1802 7038/1803
f 7039/1810 7040/1811 7041/1812
f 7042/1807 7043/1808 7044/1809
f 7045/1816 7046/1817 7047/1818
f 7048/1813 7049/1814 7050/1815
f 7051/1822 7052/1823 7053/1824
f 7054/1819 7055/1820 7056/1821
f 7057/1828 7058/1829 7059/1830
f 7060/1825 7061/1826 7062/1827
f 7063/1834 7064/1835 7065/1836
f 7066/1831 7067/1832 7068/1833
f 7069/1840 7070/1841 7071/1842
f 7072/1837 7073/1838 7074/1839
f 7075/1846 7076/1847 7077/1848
f 7078/1843 7079/1844 7080/1845
f 7081/1852 7082/1853 7083/1854
f 7084/1849 7085/1850 7086/1851
f 7087/1858 7088/1859 7089/1860
f 7090/1855 7091/1856 7092/1857
f 7093/1864 7094/1865 7095/1866
f 7096/1861 7097/1862 7098/1863
f 7099/1870 7100/1871 7101/1872
f 7102/1867 7103/1868 7104/1869
f 7105/1876 7106/1877 7107/1878
f 7108/1873 7109/1874 7110/1875
f 7111/1882 7112/1883 7113/1884
f 7114/1879 7115/1880 7116/1881
f 7117/1888 7118/1889 7119/1890
f 7120/1885 7121/1886 7122/1887
f 7123/1894 7124/1895 7125/1896
f 7126/1891 7127/1892 7128/1893
f 7129/1900 7130/1901 7131/1902
f 7132/1897 7133/1898 7134/1899
f 7135/1903 7136/1904 7137/1905
f 7138/1906 7139/1907 7140/1908
f 7141/1771 7142/1772 7143/1773
f 7144/1774 7145/1775 7146/1776
f 7147/1765 7148/1766 7149/1767
f 7150/1768 7151/1769 7152/1770
f 7153/1780 7154/1781 7155/1782
f 7156/1777 7157/1778 7158/1779
f 7159/1786 7160/1787 7161/1788
f 7162/1783 7163/1784 7164/1785
f 7165/1792 7166/1793 7167/1794
f 7168/1789 7169/1790 7170/1791
f 7171/1666 7172/1667 7173/1668
f 7174/1663 7175/1664 7176/1665
f 7177/1672 7178/1673 7179/1674
f 7180/1669 7181/1670 7182/1671
f 7183/1678 7184/1679 7185/1680
f 7186/1675 7187/1676 7188/1677
f 7189/1684 7190/1685 7191/1686
f 7192/1681 7193/1682 7194/1683
f 7195/1690 7196/1691 7197/1692
f 7198/1687 7199/1688 7200/1689
f 7201/1696 7202/1697 7203/1698
f 7204/1693 7205/1694 7206/1695
f 7207/1702 7208/1703 7209/1704
f 7210/1699 7211/1700 7212/1701
f 7213/1708 7214/1709 7215/1710
f 7216/1705 7217/1706 7218/1707
f 7219/1714 7220/1715 7221/1716
f 7222/1711 7223/1712 7224/1713
f 7225/1720 7226/1721 7227/1722
f 7228/1717 7229/1718 7230/1719
f 7231/1726 7232/1727 7233/1728
f 7234/1723 7235/1724 7236/1725
f 7237/1732 7238/1733 7239/1734
f 7240/1729 7241/1730 7242/1731
f 7243/1738 7244/1739 7245/1740
f 7246/1735 7247/1736 7248/1737
f 7249/1744 7250/1745 7251/1746
f 7252/1741 7253/1742 7254/1743
f 7255/1750 7256/1751 7257/1752
f 7258/1747 7259/1748 7260/1749
f 7261/1756 7262/1757 7263/1758
f 7264/1753 7265/1754 7266/1755
f 7267/1762 7268/1763 7269/1764
f 7270/1759 7271/1760 7272/1761
f 7273/1621 7274/1622 7275/1623
f 7276/1624 7277/1625 7278/1626
f 7279/1630 7280/1631 7281/1632
f 7282/1627 7283/1628 7284/1629
f 7285/1636 7286/1637 7287/1638
f 7288/1633 7289/1634 7290/1635
f 7291/1642 7292/1643 7293/1644
f 7294/1639 7295/1640 7296/1641
f 7297/1648 7298/1649 7299/1650
f 7300/1645 7301/1646 7302/1647
f 7303/1654 7304/1655 7305/1656
f 7306/1651 7307/1652 7308/1653
f 7309/1660 7310/1661 7311/1662
f 7312/1657 7313/1658 7314/1659
f 7315/1438 7316/1439 7317/1440
f 7318/1441 7319/1442 7320/1443
f 7321/1444 7322/1445 7323/1446
f 7324/1447 7325/1448 7326/1449
f 7327/1450 7328/1451 7329/1452
f 7330/1165 7331/1166 7332/1167
f 7333/1168 7334/1169 7335/1170
f 7336/1171 7337/1172 7338/1173
f 7339/1174 7340/1175 7341/1176
f 7342/1177 7343/1178 7344/1179
f 7345/1180 7346/1181 7347/1182
f 7348/1183 7349/1184 7350/1185
f 7351/1186 7352/1187 7353/1188
f 7354/1189 7355/1190 7356/1191
f 7357/1192 7358/1193 7359/1194
f 7360/1195 7361/1196 7362/1197
f 7363/1198 7364/1199 7365/1200
f 7366/1201 7367/1202 7368/1203
f 7369/1204 7370/1205 7371/1206
f 7372/1207 7373/1208 7374/1209
f 7375/1210 7376/1211 7377/1212
f 7378/1213 7379/1214 7380/1215
f 7381/1216 7382/1217 7383/1218
f 7384/1219 7385/1220 7386/1221
f 7387/1222 7388/1223 7389/1224
f 7390/1225 7391/1226 7392/1227
f 7393/1381 7394/1382 7395/1383
f 7396/1378 7397/1379 7398/1380
f 7399/1375 7400/1376 7401/1377
f 7402/1372 7403/1373 7404/1374
f 7405/1384 7406/1385 7407/1386
f 7408/1387 7409/1388 7410/1389
f 7411/1390 7412/1391 7413/1392
f 7414/1393 7415/1394 7416/1395
f 7417/1396 7418/1397 7419/1398
f 7420/1399 7421/1400 7422/1401
f 7423/1402 7424/1403 7425/1404
f 7426/1405 7427/1406 7428/1407
f 7429/1408 7430/1409 7431/1410
f 7432/1411 7433/1412 7434/1413
f 7435/1414 7436/1415 7437/1416
f 7438/1417 7439/1418 7440/1419
f 7441/1420 7442/1421 7443/1422
f 7444/1423 7445/1424 7446/1425
f 7447/1426 7448/1427 7449/1428
f 7450/1429 7451/1430 7452/1431
f 7453/1432 7454/1433 7455/1434
f 7456/1435 7457/1436 7458/1437
f 7459/1000 7460/1001 7461/1002
f 7462/997 7463/998 7464/999
f 7465/994 7466/995 7467/996
f 7468/991 7469/992 7470/993
f 7471/988 7472/989 7473/990
f 7474/985 7475/986 7476/987
f 7477/982 7478/983 7479/984
f 7480/979 7481/980 7482/981
f 7483/976 7484/977 7485/978
f 7486/973 7487/974 7488/975
f 7489/970 7490/971 7491/972
f 7492/967 7493/968 7494/969
f 7495/964 7496/965 7497/966
f 7498/961 7499/962 7500/963
f 7501/1102 7502/1103 7503/1104
f 7504/1099 7505/1100 7506/1101
f 7507/1096 7508/1097 7509/1098
f 7510/1093 7511/1094 7512/1095
f 7513/1090 7514/1091 7515/1092
f 7516/1087 7517/1088 7518/1089
f 7519/1084 7520/1085 7521/1086
f 7522/1081 7523/1082 7524/1083
f 7525/1078 7526/1079 7527/1080
f 7528/1075 7529/1076 7530/1077
f 7531/1072 7532/1073 7533/1074
f 7534/1069 7535/1070 7536/1071
f 7537/1066 7538/1067 7539/1068
f 7540/1063 7541/1064 7542/1065
f 7543/1060 7544/1061 7545/1062
f 7546/1057 7547/1058 7548/1059
f 7549/1054 7550/1055 7551/1056
f 7552/1051 7553/1052 7554/1053
f 7555/1048 7556/1049 7557/1050
f 7558/1045 7559/1046 7560/1047
f 7561/1042 7562/1043 7563/1044
f 7564/1039 7565/1040 7566/1041
f 7567/1036 7568/1037 7569/1038
f 7570/1033 7571/1034 7572/1035
f 7573/1030 7574/1031 7575/1032
f 7576/1027 7577/1028 7578/1029
f 7579/1024 7580/1025 7581/1026
f 7582/1021 7583/1022 7584/1023
f 7585/1018 7586/1019 7587/1020
f 7588/1015 7589/1016 7590/1017
f 7591/1012 7592/1013 7593/1014
f 7594/1009 7595/1010 7596/1011
f 7597/1006 7598/1007 7599/1008
f 7600/1003 7601/1004 7602/1005
f 7603/1138 7604/1139 7605/1140
f 7606/1141 7607/1142 7608/1143
f 7609/1144 7610/1145 7611/1146
f 7612/1147 7613/1148 7614/1149
f 7615/1150 7616/1151 7617/1152
f 7618/1153 7619/1154 7620/1155
f 7621/1156 7622/1157 7623/1158
f 7624/1159 7625/1160 7626/1161
f 7627/1162 7628/1163 7629/1164
f 7630/877 7631/878 7632/879
f 7633/880 7634/881 7635/882
f 7636/883 7637/884 7638/885
f 7639/886 7640/887 7641/888
f 7642/889 7643/890 7644/891
f 7645/892 7646/893 7647/894
f 7648/895 7649/896 7650/897
f 7651/898 7652/899 7653/900
f 7654/901 7655/902 7656/903
f 7657/904 7658/905 7659/906
f 7660/907 7661/908 7662/909
f 7663/910 7664/911 7665/912
f 7666/913 7667/914 7668/915
f 7669/916 7670/917 7671/918
f 7672/919 7673/920 7674/921
f 7675/922 7676/923 7677/924
f 7678/925 7679/926 7680/927
f 7681/928 7682/929 7683/930
f 7684/931 7685/932 7686/933
f 7687/934 7688/935 7689/936
f 7690/937 7691/938 7692/939
f 7693/940 7694/941 7695/942
f 7696/943 7697/944 7698/945
f 7699/946 7700/947 7701/948
f 7702/949 7703/950 7704/951
f 7705/952 7706/953 7707/954
f 7708/955 7709/956 7710/957
f 7711/958 7712/959 7713/960
f 7714/1114 7715/1115 7716/1116
f 7717/1111 7718/1112 7719/1113
f 7720/1108 7721/1109 7722/1110
f 7723/1105 7724/1106 7725/1107
f 7726/1117 7727/1118 7728/1119
f 7729/1120 7730/1121 7731/1122
f 7732/1123 7733/1124 7734/1125
f 7735/1126 7736/1127 7737/1128
f 7738/1129 7739/1130 7740/1131
f 7741/1132 7742/1133 7743/1134
f 7744/1135 7745/1136 7746/1137
f 7747/1240 7748/1241 7749/1242
f 7750/1237 7751/1238 7752/1239
f 7753/1234 7754/1235 7755/1236
f 7756/1231 7757/1232 7758/1233
f 7759/1228 7760/1229 7761/1230
f 7762/1369 7763/1370 7764/1371
f 7765/1366 7766/1367 7767/1368
f 7768/1363 7769/1364 7770/1365
f 7771/1360 7772/1361 7773/1362
f 7774/1357 7775/1358 7776/1359
f 7777/1354 7778/1355 7779/1356
f 7780/1351 7781/1352 7782/1353
f 7783/1348 7784/1349 7785/1350
f 7786/1345 7787/1346 7788/1347
f 7789/1342 7790/1343 7791/1344
f 7792/1339 7793/1340 7794/1341
f 7795/1336 7796/1337 7797/1338
f 7798/1333 7799/1334 7800/1335
f 7801/1330 7802/1331 7803/1332
f 7804/1327 7805/1328 7806/1329
f 7807/1324 7808/1325 7809/1326
f 7810/1321 7811/1322 7812/1323
f 7813/1318 7814/1319 7815/1320
f 7816/1315 7817/1316 7818/1317
f 7819/1312 7820/1313 7821/1314
f 7822/1309 7823/1310 7824/1311
f 7825/1306 7826/1307 7827/1308
f 7828/1303 7829/1304 7830/1305
f 7831/1300 7832/1301 7833/1302
f 7834/1297 7835/1298 7836/1299
f 7837/1294 7838/1295 7839/1296
f 7840/1291 7841/1292 7842/1293
f 7843/1288 7844/1289 7845/1290
f 7846/1285 7847/1286 7848/1287
f 7849/1282 7850/1283 7851/1284
f 7852/1279 7853/1280 7854/1281
f 7855/1276 7856/1277 7857/1278
f 7858/1273 7859/1274 7860/1275
f 7861/1270 7862/1271 7863/1272
f 7864/1267 7865/1268 7866/1269
f 7867/1264 7868/1265 7869/1266
f 7870/1261 7871/1262 7872/1263
f 7873/1258 7874/1259 7875/1260
f 7876/1255 7877/1256 7878/1257
f 7879/1252 7880/1253 7881/1254
f 7882/1249 7883/1250 7884/1251
f 7885/1246 7886/1247 7887/1248
f 7888/1243 7889/1244 7890/1245
f 7891/4015 7892/4016 7893/4017
f 7894/4018 7895/4019 7896/4020
f 7897/4024 7898/4025 7899/4026
f 7900/4021 7901/4022 7902/4023
f 7903/4030 7904/4031 7905/4032
f 7906/4027 7907/4028 7908/4029
f 7909/4036 7910/4037 7911/4038
f 7912/4033 7913/4034 7914/4035
f 7915/3973 7916/3974 7917/3975
f 7918/3976 7919/3977 7920/3978
f 7921/3967 7922/3968 7923/3969
f 7924/3970 7925/3971 7926/3972
f 7927/3949 7928/3950 7929/3951
f 7930/3952 7931/3953 7932/3954
f 7933/3958 7934/3959 7935/3960
f 7936/3955 7937/3956 7938/3957
f 7939/3964 7940/3965 7941/3966
f 7942/3961 7943/3962 7944/3963
f 7945/3991 7946/3992 7947/3993
f 7948/3994 7949/3995 7950/3996
f 7951/3985 7952/3986 7953/3987
f 7954/3988 7955/3989 7956/3990
f 7957/3979 7958/3980 7959/3981
f 7960/3982 7961/3983 7962/3984
f 7963/4000 7964/4001 7965/4002
f 7966/3997 7967/3998 7968/3999
f 7969/4006 7970/4007 7971/4008
f 7972/4003 7973/4004 7974/4005
f 7975/4012 7976/4013 7977/4014
f 7978/4009 7979/4010 7980/4011
f 7981/3931 7982/3932 7983/3933
f 7984/3934 7985/3935 7986/3936
f 7987/3925 7988/3926 7989/3927
f 7990/3928 7991/3929 7992/3930
f 7993/3919 7994/3920 7995/3921
f 7996/3922 7997/3923 7998/3924
f 7999/3916 8000/3917 8001/3918
f 8002/3913 8003/3914 8004/3915
f 8005/3940 8006/3941 8007/3942
f 8008/3937 8009/3938 8010/3939
f 8011/3946 8012/3947 8013/3948
f 8014/3943 8015/3944 8016/3945
f 8017/4051 8018/4052 8019/4053
f 8020/4054 8021/4055 8022/4056
f 8023/4045 8024/4046 8025/4047
f 8026/4048 8027/4049 8028/4050
f 8029/4039 8030/4040 8031/4041
f 8032/4042 8033/4043 8034/4044
f 8035/4234 8036/4235 8037/4236
f 8038/4231 8039/4232 8040/4233
f 8041/4240 8042/4241 8043/4242
f 8044/4237 8045/4238 8046/4239
f 8047/4246 8048/4247 8049/4248
f 8050/4243 8051/4244 8052/4245
f 8053/4252 8054/4253 8055/4254
f 8056/4249 8057/4250 8058/4251
f 8059/4258 8060/4259 8061/4260
f 8062/4255 8063/4256 8064/4257
f 8065/4264 8066/4265 8067/4266
f 8068/4261 8069/4262 8070/4263
f 8071/4270 8072/4271 8073/4272
f 8074/4267 8075/4268 8076/4269
f 8077/4276 8078/4277 8079/4278
f 8080/4273 8081/4274 8082/4275
f 8083/4282 8084/4283 8085/4284
f 8086/4279 8087/4280 8088/4281
f 8089/4288 8090/4289 8091/4290
f 8092/4285 8093/4286 8094/4287
f 8095/4294 8096/4295 8097/4296
f 8098/4291 8099/4292 8100/4293
f 8101/4300 8102/4301 8103/4302
f 8104/4297 8105/4298 8106/4299
f 8107/4306 8108/4307 8109/4308
f 8110/4303 8111/4304 8112/4305
f 8113/4312 8114/4313 8115/4314
f 8116/4309 8117/4310 8118/4311
f 8119/4318 8120/4319 8121/4320
f 8122/4315 8123/4316 8124/4317
f 8125/4324 8126/4325 8127/4326
f 8128/4321 8129/4322 8130/4323
f 8131/4330 8132/4331 8133/4332
f 8134/4327 8135/4328 8136/4329
f 8137/4336 8138/4337 8139/4338
f 8140/4333 8141/4334 8142/4335
f 8143/4339 8144/4340 8145/4341
f 8146/4342 8147/4343 8148/4344
f 8149/4207 8150/4208 8151/4209
f 8152/4210 8153/4211 8154/4212
f 8155/4201 8156/4202 8157/4203
f 8158/4204 8159/4205 8160/4206
f 8161/4216 8162/4217 8163/4218
f 8164/4213 8165/4214 8166/4215
f 8167/4222 8168/4223 8169/4224
f 8170/4219 8171/4220 8172/4221
f 8173/4228 8174/4229 8175/4230
f 8176/4225 8177/4226 8178/4227
f 8179/4198 8180/4199 8181/4200
f 8182/4195 8183/4196 8184/4197
f 8185/4063 8186/4064 8187/4065
f 8188/4066 8189/4067 8190/4068
f 8191/4057 8192/4058 8193/4059
f 8194/4060 8195/4061 8196/4062
f 8197/4072 8198/4073 8199/4074
f 8200/4069 8201/4070 8202/4071
f 8203/4078 8204/4079 8205/4080
f 8206/4075 8207/4076 8208/4077
f 8209/4084 8210/4085 8211/4086
f 8212/4081 8213/4082 8214/4083
f 8215/4090 8216/4091 8217/4092
f 8218/4087 8219/4088 8220/4089
f 8221/4096 8222/4097 8223/4098
f 8224/4093 8225/4094 8226/4095
f 8227/4102 8228/4103 8229/4104
f 8230/4099 8231/4100 8232/4101
f 8233/4108 8234/4109 8235/4110
f 8236/4105 8237/4106 8238/4107
f 8239/4114 8240/4115 8241/4116
f 8242/4111 8243/4112 8244/4113
f 8245/4120 8246/4121 8247/4122
f 8248/4117 8249/4118 8250/4119
f 8251/4126 8252/4127 8253/4128
f 8254/4123 8255/4124 8256/4125
f 8257/4132 8258/4133 8259/4134
f 8260/4129 8261/4130 8262/4131
f 8263/4138 8264/4139 8265/4140
f 8266/4135 8267/4136 8268/4137
f 8269/4144 8270/4145 8271/4146
f 8272/4141 8273/4142 8274/4143
f 8275/4150 8276/4151 8277/4152
f 8278/4147 8279/4148 8280/4149
f 8281/4156 8282/4157 8283/4158
f 8284/4153 8285/4154 8286/4155
f 8287/4162 8288/4163 8289/4164
f 8290/4159 8291/4160 8292/4161
f 8293/4168 8294/4169 8295/4170
f 8296/4165 8297/4166 8298/4167
f 8299/4174 8300/4175 8301/4176
f 8302/4171 8303/4172 8304/4173
f 8305/4180 8306/4181 8307/4182
f 8308/4177 8309/4178 8310/4179
f 8311/4186 8312/4187 8313/4188
f 8314/4183 8315/4184 8316/4185
f 8317/4192 8318/4193 8319/4194
f 8320/4189 8321/4190 8322/4191
f 8323/3745 8324/3746 8325/3747
f 8326/3742 8327/3743 8328/3744
f 8329/3739 8330/3740 8331/3741
f 8332/3736 8333/3737 8334/3738
f 8335/3733 8336/3734 8337/3735
f 8338/3730 8339/3731 8340/3732
f 8341/3727 8342/3728 8343/3729
f 8344/3724 8345/3725 8346/3726
f 8347/3721 8348/3722 8349/3723
f 8350/3718 8351/3719 8352/3720
f 8353/3715 8354/3716 8355/3717
f 8356/3712 8357/3713 8358/3714
f 8359/3709 8360/3710 8361/3711
f 8362/3706 8363/3707 8364/3708
f 8365/3703 8366/3704 8367/3705
f 8368/3700 8369/3701 8370/3702
f 8371/3697 8372/3698 8373/3699
f 8374/3694 8375/3695 8376/3696
f 8377/3691 8378/3692 8379/3693
f 8380/3688 8381/3689 8382/3690
f 8383/3685 8384/3686 8385/3687
f 8386/3682 8387/3683 8388/3684
f 8389/3679 8390/3680 8391/3681
f 8392/3676 8393/3677 8394/3678
f 8395/3661 8396/3662 8397/3663
f 8398/3814 8399/3815 8400/3816
f 8401/3811 8402/3812 8403/3813
f 8404/3808 8405/3809 8406/3810
f 8407/3805 8408/3806 8409/3807
f 8410/3802 8411/3803 8412/3804
f 8413/3799 8414/3800 8415/3801
f 8416/3796 8417/3797 8418/3798
f 8419/3793 8420/3794 8421/3795
f 8422/3790 8423/3791 8424/3792
f 8425/3787 8426/3788 8427/3789
f 8428/3784 8429/3785 8430/3786
f 8431/3781 8432/3782 8433/3783
f 8434/3778 8435/3779 8436/3780
f 8437/3775 8438/3776 8439/3777
f 8440/3772 8441/3773 8442/3774
f 8443/3769 8444/3770 8445/3771
f 8446/3766 8447/3767 8448/3768
f 8449/3763 8450/3764 8451/3765
f 8452/3760 8453/3761 8454/3762
f 8455/3757 8456/3758 8457/3759
f 8458/3754 8459/3755 8460/3756
f 8461/3751 8462/3752 8463/3753
f 8464/3748 8465/3749 8466/3750
f 8467/3490 8468/3491 8469/3492
f 8470/3493 8471/3494 8472/3495
f 8473/3496 8474/3497 8475/3498
f 8476/3499 8477/3500 8478/3501
f 8479/3502 8480/3503 8481/3504
f 8482/3505 8483/3506 8484/3507
f 8485/3508 8486/3509 8487/3510
f 8488/3511 8489/3512 8490/3513
f 8491/3514 8492/3515 8493/3516
f 8494/3517 8495/3518 8496/3519
f 8497/3520 8498/3521 8499/3522
f 8500/3523 8501/3524 8502/3525
f 8503/3526 8504/3527 8505/3528
f 8506/3529 8507/3530 8508/3531
f 8509/3532 8510/3533 8511/3534
f 8512/3391 8513/3392 8514/3393
f 8515/3394 8516/3395 8517/3396
f 8518/3397 8519/3398 8520/3399
f 8521/3400 8522/3401 8523/3402
f 8524/3403 8525/3404 8526/3405
f 8527/3406 8528/3407 8529/3408
f 8530/3409 8531/3410 8532/3411
f 8533/3412 8534/3413 8535/3414
f 8536/3415 8537/3416 8538/3417
f 8539/3418 8540/3419 8541/3420
f 8542/3421 8543/3422 8544/3423
f 8545/3424 8546/3425 8547/3426
f 8548/3427 8549/3428 8550/3429
f 8551/3430 8552/3431 8553/3432
f 8554/3433 8555/3434 8556/3435
f 8557/3436 8558/3437 8559/3438
f 8560/3439 8561/3440 8562/3441
f 8563/3442 8564/3443 8565/3444
f 8566/3445 8567/3446 8568/3447
f 8569/3448 8570/3449 8571/3450
f 8572/3451 8573/3452 8574/3453
f 8575/3454 8576/3455 8577/3456
f 8578/3457 8579/3458 8580/3459
f 8581/3460 8582/3461 8583/3462
f 8584/3463 8585/3464 8586/3465
f 8587/3466 8588/3467 8589/3468
f 8590/3469 8591/3470 8592/3471
f 8593/3472 8594/3473 8595/3474
f 8596/3475 8597/3476 8598/3477
f 8599/3478 8600/3479 8601/3480
f 8602/3481 8603/3482 8604/3483
f 8605/3484 8606/3485 8607/3486
f 8608/3487 8609/3488 8610/3489
f 8611/3370 8612/3371 8613/3372
f 8614/3367 8615/3368 8616/3369
f 8617/3364 8618/3365 8619/3366
f 8620/3361 8621/3362 8622/3363
f 8623/3358 8624/3359 8625/3360
f 8626/3355 8627/3356 8628/3357
f 8629/3352 8630/3353 8631/3354
f 8632/3349 8633/3350 8634/3351
f 8635/3346 8636/3347 8637/3348
f 8638/3343 8639/3344 8640/3345
f 8641/3340 8642/3341 8643/3342
f 8644/3337 8645/3338 8646/3339
f 8647/3334 8648/3335 8649/3336
f 8650/3331 8651/3332 8652/3333
f 8653/3328 8654/3329 8655/3330
f 8656/3325 8657/3326 8658/3327
f 8659/3322 8660/3323 8661/3324
f 8662/3319 8663/3320 8664/3321
f 8665/3316 8666/3317 8667/3318
f 8668/3313 8669/3314 8670/3315
f 8671/3598 8672/3599 8673/3600
f 8674/3595 8675/3596 8676/3597
f 8677/3592 8678/3593 8679/3594
f 8680/3589 8681/3590 8682/3591
f 8683/3586 8684/3587 8685/3588
f 8686/3583 8687/3584 8688/3585
f 8689/3580 8690/3581 8691/3582
f 8692/3577 8693/3578 8694/3579
f 8695/3574 8696/3575 8697/3576
f 8698/3571 8699/3572 8700/3573
f 8701/3568 8702/3569 8703/3570
f 8704/3565 8705/3566 8706/3567
f 8707/3562 8708/3563 8709/3564
f 8710/3559 8711/3560 8712/3561
f 8713/3556 8714/3557 8715/3558
f 8716/3553 8717/3554 8718/3555
f 8719/3550 8720/3551 8721/3552
f 8722/3547 8723/3548 8724/3549
f 8725/3535 8726/3536 8727/3537
f 8728/3538 8729/3539 8730/3540
f 8731/3541 8732/3542 8733/3543
f 8734/3544 8735/3545 8736/3546
f 8737/3388 8738/3389 8739/3390
f 8740/3385 8741/3386 8742/3387
f 8743/3382 8744/3383 8745/3384
f 8746/3379 8747/3380 8748/3381
f 8749/3376 8750/3377 8751/3378
f 8752/3373 8753/3374 8754/3375
f 8755/3673 8756/3674 8757/3675
f 8758/3670 8759/3671 8760/3672
f 8761/3667 8762/3668 8763/3669
f 8764/3823 8765/3824 8766/3825
f 8767/3817 8768/3818 8769/3819
f 8770/3820 8771/3821 8772/3822
f 8773/3826 8774/3827 8775/3828
f 8776/3829 8777/3830 8778/3831
f 8779/3832 8780/3833 8781/3834
f 8782/3835 8783/3836 8784/3837
f 8785/3838 8786/3839 8787/3840
f 8788/3841 8789/3842 8790/3843
f 8791/3844 8792/3845 8793/3846
f 8794/3847 8795/3848 8796/3849
f 8797/3850 8798/3851 8799/3852
f 8800/3853 8801/3854 8802/3855
f 8803/3856 8804/3857 8805/3858
f 8806/3859 8807/3860 8808/3861
f 8809/3862 8810/3863 8811/3864
f 8812/3865 8813/3866 8814/3867
f 8815/3868 8816/3869 8817/3870
f 8818/3871 8819/3872 8820/3873
f 8821/3874 8822/3875 8823/3876
f 8824/3877 8825/3878 8826/3879
f 8827/3880 8828/3881 8829/3882
f 8830/3883 8831/3884 8832/3885
f 8833/3886 8834/3887 8835/3888
f 8836/3601 8837/3602 8838/3603
f 8839/3604 8840/3605 8841/3606
f 8842/3607 8843/3608 8844/3609
f 8845/3610 8846/3611 8847/3612
f 8848/3613 8849/3614 8850/3615
f 8851/3616 8852/3617 8853/3618
f 8854/3619 8855/3620 8856/3621
f 8857/3622 8858/3623 8859/3624
f 8860/3625 8861/3626 8862/3627
f 8863/3628 8864/3629 8865/3630
f 8866/3631 8867/3632 8868/3633
f 8869/3634 8870/3635 8871/3636
f 8872/3637 8873/3638 8874/3639
f 8875/3640 8876/3641 8877/3642
f 8878/3643 8879/3644 8880/3645
f 8881/3646 8882/3647 8883/3648
f 8884/3649 8885/3650 8886/3651
f 8887/3652 8888/3653 8889/3654
f 8890/3655 8891/3656 8892/3657
f 8893/3658 8894/3659 8895/3660
f 8896/3664 8897/3665 8898/3666
f 8899/5704 8900/5705 8901/5706
f 8902/5701 8903/5702 8904/5703
f 8905/5710 8906/5711 8907/5712
f 8908/5707 8909/5708 8910/5709
f 8911/5716 8912/5717 8913/5718
f 8914/5713 8915/5714 8916/5715
f 8917/5821 8918/5822 8919/5823
f 8920/5824 8921/5825 8922/5826
f 8923/5815 8924/5816 8925/5817
f 8926/5818 8927/5819 8928/5820
f 8929/5809 8930/5810 8931/5811
f 8932/5812 8933/5813 8934/5814
f 8935/5830 8936/5831 8937/5832
f 8938/5827 8939/5828 8940/5829
f 8941/5836 8942/5837 8943/5838
f 8944/5833 8945/5834 8946/5835
f 8947/5842 8948/5843 8949/5844
f 8950/5839 8951/5840 8952/5841
f 8953/5803 8954/5804 8955/5805
f 8956/5806 8957/5807 8958/5808
f 8959/5797 8960/5798 8961/5799
f 8962/5800 8963/5801 8964/5802
f 8965/5773 8966/5774 8967/5775
f 8968/5776 8969/5777 8970/5778
f 8971/5782 8972/5783 8973/5784
f 8974/5779 8975/5780 8976/5781
f 8977/5788 8978/5789 8979/5790
f 8980/5785 8981/5786 8982/5787
f 8983/5794 8984/5795 8985/5796
f 8986/5791 8987/5792 8988/5793
f 8989/5755 8990/5756 8991/5757
f 8992/5758 8993/5759 8994/5760
f 8995/5749 8996/5750 8997/5751
f 8998/5752 8999/5753 9000/5754
f 9001/5743 9002/5744 9003/5745
f 9004/5746 9005/5747 9006/5748
f 9007/5740 9008/5741 9009/5742
f 9010/5737 9011/5738 9012/5739
f 9013/5764 9014/5765 9015/5766
f 9016/5761 9017/5762 9018/5763
f 9019/5770 9020/5771 9021/5772
f 9022/5767 9023/5768 9024/5769
f 9025/5731 9026/5732 9027/5733
f 9028/5734 9029/5735 9030/5736
f 9031/5725 9032/5726 9033/5727
f 9034/5728 9035/5729 9036/5730
f 9037/5719 9038/5720 9039/5721
f 9040/5722 9041/5723 9042/5724
f 9043/6058 9044/6059 9045/6060
f 9046/6055 9047/6056 9048/6057
f 9049/6064 9050/6065 9051/6066
f 9052/6061 9053/6062 9054/6063
f 9055/6070 9056/6071 9057/6072
f 9058/6067 9059/6068 9060/6069
f 9061/6076 9062/6077 9063/6078
f 9064/6073 9065/6074 9066/6075
f 9067/6082 9068/6083 9069/6084
f 9070/6079 9071/6080 9072/6081
f 9073/6088 9074/6089 9075/6090
f 9076/6085 9077/6086 9078/6087
f 9079/6094 9080/6095 9081/6096
f 9082/6091 9083/6092 9084/6093
f 9085/6100 9086/6101 9087/6102
f 9088/6097 9089/6098 9090/6099
f 9091/6106 9092/6107 9093/6108
f 9094/6103 9095/6104 9096/6105
f 9097/6112 9098/6113 9099/6114
f 9100/6109 9101/6110 9102/6111
f 9103/6118 9104/6119 9105/6120
f 9106/6115 9107/6116 9108/6117
f 9109/6124 9110/6125 9111/6126
f 9112/6121 9113/6122 9114/6123
f 9115/6127 9116/6128 9117/6129
f 9118/6130 9119/6131 9120/6132
f 9121/5995 9122/5996 9123/5997
f 9124/5998 9125/5999 9126/6000
f 9127/5989 9128/5990 9129/5991
f 9130/5992 9131/5993 9132/5994
f 9133/6004 9134/6005 9135/6006
f 9136/6001 9137/6002 9138/6003
f 9139/6010 9140/6011 9141/6012
f 9142/6007 9143/6008 9144/6009
f 9145/6016 9146/6017 9147/6018
f 9148/6013 9149/6014 9150/6015
f 9151/6022 9152/6023 9153/6024
f 9154/6019 9155/6020 9156/6021
f 9157/6028 9158/6029 9159/6030
f 9160/6025 9161/6026 9162/6027
f 9163/6034 9164/6035 9165/6036
f 9166/6031 9167/6032 9168/6033
f 9169/6040 9170/6041 9171/6042
f 9172/6037 9173/6038 9174/6039
f 9175/6046 9176/6047 9177/6048
f 9178/6043 9179/6044 9180/6045
f 9181/6052 9182/6053 9183/6054
f 9184/6049 9185/6050 9186/6051
f 9187/5854 9188/5855 9189/5856
f 9190/5851 9191/5852 9192/5853
f 9193/5860 9194/5861 9195/5862
f 9196/5857 9197/5858 9198/5859
f 9199/5866 9200/5867 9201/5868
f 9202/5863 9203/5864 9204/5865
f 9205/5872 9206/5873 9207/5874
f 9208/5869 9209/5870 9210/5871
f 9211/5878 9212/5879 9213/5880
f 9214/5875 9215/5876 9216/5877
f 9217/5884 9218/5885 9219/5886
f 9220/5881 9221/5882 9222/5883
f 9223/5890 9224/5891 9225/5892
f 9226/5887 9227/5888 9228/5889
f 9229/5896 9230/5897 9231/5898
f 9232/5893 9233/5894 9234/5895
f 9235/5902 9236/5903 9237/5904
f 9238/5899 9239/5900 9240/5901
f 9241/5908 9242/5909 9243/5910
f 9244/5905 9245/5906 9246/5907
f 9247/5914 9248/5915 9249/5916
f 9250/5911 9251/5912 9252/5913
f 9253/5920 9254/5921 9255/5922
f 9256/5917 9257/5918 9258/5919
f 9259/5926 9260/5927 9261/5928
f 9262/5923 9263/5924 9264/5925
f 9265/5932 9266/5933 9267/5934
f 9268/5929 9269/5930 9270/5931
f 9271/5938 9272/5939 9273/5940
f 9274/5935 9275/5936 9276/5937
f 9277/5944 9278/5945 9279/5946
f 9280/5941 9281/5942 9282/5943
f 9283/5950 9284/5951 9285/5952
f 9286/5947 9287/5948 9288/5949
f 9289/5956 9290/5957 9291/5958
f 9292/5953 9293/5954 9294/5955
f 9295/5962 9296/5963 9297/5964
f 9298/5959 9299/5960 9300/5961
f 9301/5968 9302/5969 9303/5970
f 9304/5965 9305/5966 9306/5967
f 9307/5974 9308/5975 9309/5976
f 9310/5971 9311/5972 9312/5973
f 9313/5980 9314/5981 9315/5982
f 9316/5977 9317/5978 9318/5979
f 9319/5986 9320/5987 9321/5988
f 9322/5983 9323/5984 9324/5985
f 9325/5845 9326/5846 9327/5847
f 9328/5848 9329/5849 9330/5850
f 9331/5539 9332/5540 9333/5541
f 9334/5536 9335/5537 9336/5538
f 9337/5533 9338/5534 9339/5535
f 9340/5530 9341/5531 9342/5532
f 9343/5527 9344/5528 9345/5529
f 9346/5524 9347/5525 9348/5526
f 9349/5521 9350/5522 9351/5523
f 9352/5518 9353/5519 9354/5520
f 9355/5515 9356/5516 9357/5517
f 9358/5512 9359/5513 9360/5514
f 9361/5509 9362/5510 9363/5511
f 9364/5506 9365/5507 9366/5508
f 9367/5503 9368/5504 9369/5505
f 9370/5500 9371/5501 9372/5502
f 9373/5497 9374/5498 9375/5499
f 9376/5494 9377/5495 9378/5496
f 9379/5491 9380/5492 9381/5493
f 9382/5488 9383/5489 9384/5490
f 9385/5485 9386/5486 9387/5487
f 9388/5482 9389/5483 9390/5484
f 9391/5479 9392/5480 9393/5481
f 9394/5476 9395/5477 9396/5478
f 9397/5473 9398/5474 9399/5475
f 9400/5470 9401/5471 9402/5472
f 9403/5455 9404/5456 9405/5457
f 9406/5608 9407/5609 9408/5610
f 9409/5605 9410/5606 9411/5607
f 9412/5602 9413/5603 9414/5604
f 9415/5599 9416/5600 9417/5601
f 9418/5596 9419/5597 9420/5598
f 9421/5593 9422/5594 9423/5595
f 9424/5590 9425/5591 9426/5592
f 9427/5587 9428/5588 9429/5589
f 9430/5584 9431/5585 9432/5586
f 9433/5581 9434/5582 9435/5583
f 9436/5578 9437/5579 9438/5580
f 9439/5575 9440/5576 9441/5577
f 9442/5572 9443/5573 9444/5574
f 9445/5569 9446/5570 9447/5571
f 9448/5566 9449/5567 9450/5568
f 9451/5563 9452/5564 9453/5565
f 9454/5560 9455/5561 9456/5562
f 9457/5557 9458/5558 9459/5559
f 9460/5554 9461/5555 9462/5556
f 9463/5551 9464/5552 9465/5553
f 9466/5548 9467/5549 9468/5550
f 9469/5545 9470/5546 9471/5547
f 9472/5542 9473/5543 9474/5544
f 9475/5296 9476/5297 9477/5298
f 9478/5299 9479/5300 9480/5301
f 9481/5302 9482/5303 9483/5304
f 9484/5305 9485/5306 9486/5307
f 9487/5308 9488/5309 9489/5310
f 9490/5311 9491/5312 9492/5313
f 9493/5314 9494/5315 9495/5316
f 9496/5317 9497/5318 9498/5319
f 9499/5320 9500/5321 9501/5322
f 9502/5323 9503/5324 9504/5325
f 9505/5326 9506/5327 9507/5328
f 9508/5329 9509/5330 9510/5331
f 9511/5332 9512/5333 9513/5334
f 9514/5335 9515/5336 9516/5337
f 9517/5338 9518/5339 9519/5340
f 9520/5197 9521/5198 9522/5199
f 9523/5200 9524/5201 9525/5202
f 9526/5203 9527/5204 9528/5205
f 9529/5206 9530/5207 9531/5208
f 9532/5209 9533/5210 9534/5211
f 9535/5212 9536/5213 9537/5214
f 9538/5215 9539/5216 9540/5217
f 9541/5218 9542/5219 9543/5220
f 9544/5221 9545/5222 9546/5223
f 9547/5224 9548/5225 9549/5226
f 9550/5227 9551/5228 9552/5229
f 9553/5230 9554/5231 9555/5232
f 9556/5233 9557/5234 9558/5235
f 9559/5236 9560/5237 9561/5238
f 9562/5239 9563/5240 9564/5241
f 9565/5242 9566/5243 9567/5244
f 9568/5245 9569/5246 9570/5247
f 9571/5248 9572/5249 9573/5250
f 9574/5251 9575/5252 9576/5253
f 9577/5254 9578/5255 9579/5256
f 9580/5257 9581/5258 9582/5259
f 9583/5260 9584/5261 9585/5262
f 9586/5263 9587/5264 9588/5265
f 9589/5266 9590/5267 9591/5268
f 9592/5269 9593/5270 9594/5271
f 9595/5272 9596/5273 9597/5274
f 9598/5275 9599/5276 9600/5277
f 9601/5278 9602/5279 9603/5280
f 9604/5281 9605/5282 9606/5283
f 9607/5284 9608/5285 9609/5286
f 9610/5287 9611/5288 9612/5289
f 9613/5290 9614/5291 9615/5292
f 9616/5293 9617/5294 9618/5295
f 9619/5176 9620/5177 9621/5178
f 9622/5173 9623/5174 9624/5175
f 9625/5170 9626/5171 9627/5172
f 9628/5167 9629/5168 9630/5169
f 9631/5164 9632/5165 9633/5166
f 9634/5161 9635/5162 9636/5163
f 9637/5158 9638/5159 9639/5160
f 9640/5155 9641/5156 9642/5157
f 9643/5152 9644/5153 9645/5154
f 9646/5149 9647/5150 9648/5151
f 9649/5146 9650/5147 9651/5148
f 9652/5143 9653/5144 9654/5145
f 9655/5140 9656/5141 9657/5142
f 9658/5137 9659/5138 9660/5139
f 9661/5134 9662/5135 9663/5136
f 9664/5131 9665/5132 9666/5133
f 9667/5128 9668/5129 9669/5130
f 9670/5125 9671/5126 9672/5127
f 9673/5122 9674/5123 9675/5124
f 9676/5119 9677/5120 9678/5121
f 9679/5116 9680/5117 9681/5118
f 9682/5113 9683/5114 9684/5115
f 9685/5110 9686/5111 9687/5112
f 9688/5107 9689/5108 9690/5109
f 9691/5104 9692/5105 9693/5106
f 9694/5101 9695/5102 9696/5103
f 9697/5386 9698/5387 9699/5388
f 9700/5383 9701/5384 9702/5385
f 9703/5380 9704/5381 9705/5382
f 9706/5377 9707/5378 9708/5379
f 9709/5374 9710/5375 9711/5376
f 9712/5371 9713/5372 9714/5373
f 9715/5368 9716/5369 9717/5370
f 9718/5365 9719/5366 9720/5367
f 9721/5362 9722/5363 9723/5364
f 9724/5359 9725/5360 9726/5361
f 9727/5356 9728/5357 9729/5358
f 9730/5353 9731/5354 9732/5355
f 9733/5341 9734/5342 9735/5343
f 9736/5344 9737/5345 9738/5346
f 9739/5347 9740/5348 9741/5349
f 9742/5350 9743/5351 9744/5352
f 9745/5194 9746/5195 9747/5196
f 9748/5191 9749/5192 9750/5193
f 9751/5188 9752/5189 9753/5190
f 9754/5185 9755/5186 9756/5187
f 9757/5182 9758/5183 9759/5184
f 9760/5179 9761/5180 9762/5181
f 9763/5467 9764/5468 9765/5469
f 9766/5464 9767/5465 9768/5466
f 9769/5461 9770/5462 9771/5463
f 9772/5617 9773/5618 9774/5619
f 9775/5611 9776/5612 9777/5613
f 9778/5614 9779/5615 9780/5616
f 9781/5620 9782/5621 9783/5622
f 9784/5623 9785/5624 9786/5625
f 9787/5626 9788/5627 9789/5628
f 9790/5629 9791/5630 9792/5631
f 9793/5632 9794/5633 9795/5634
f 9796/5635 9797/5636 9798/5637
f 9799/5638 9800/5639 9801/5640
f 9802/5641 9803/5642 9804/5643
f 9805/5644 9806/5645 9807/5646
f 9808/5647 9809/5648 9810/5649
f 9811/5650 9812/5651 9813/5652
f 9814/5653 9815/5654 9816/5655
f 9817/5656 9818/5657 9819/5658
f 9820/5659 9821/5660 9822/5661
f 9823/5662 9824/5663 9825/5664
f 9826/5665 9827/5666 9828/5667
f 9829/5668 9830/5669 9831/5670
f 9832/5671 9833/5672 9834/5673
f 9835/5674 9836/5675 9837/5676
f 9838/5389 9839/5390 9840/5391
f 9841/5392 9842/5393 9843/5394
f 9844/5395 9845/5396 9846/5397
f 9847/5398 9848/5399 9849/5400
f 9850/5401 9851/5402 9852/5403
f 9853/5404 9854/5405 9855/5406
f 9856/5407 9857/5408 9858/5409
f 9859/5410 9860/5411 9861/5412
f 9862/5413 9863/5414 9864/5415
f 9865/5416 9866/5417 9867/5418
f 9868/5419 9869/5420 9870/5421
f 9871/5422 9872/5423 9873/5424
f 9874/5425 9875/5426 9876/5427
f 9877/5428 9878/5429 9879/5430
f 9880/5431 9881/5432 9882/5433
f 9883/5434 9884/5435 9885/5436
f 9886/5437 9887/5438 9888/5439
f 9889/5440 9890/5441 9891/5442
f 9892/5443 9893/5444 9894/5445
f 9895/5446 9896/5447 9897/5448
f 9898/5449 9899/5450 9900/5451
f 9901/5452 9902/5453 9903/5454
f 9904/5458 9905/5459 9906/5460
f 9907/7603 9908/7604 9909/7605
f 9910/7606 9911/7607 9912/7608
f 9913/7612 9914/7613 9915/7614
f 9916/7609 9917/7610 9918/7611
f 9919/7618 9920/7619 9921/7620
f 9922/7615 9923/7616 9924/7617
f 9925/7591 9926/7592 9927/7593
f 9928/7594 9929/7595 9930/7596
f 9931/7585 9932/7586 9933/7587
f 9934/7588 9935/7589 9936/7590
f 9937/7579 9938/7580 9939/7581
f 9940/7582 9941/7583 9942/7584
f 9943/7561 9944/7562 9945/7563
f 9946/7564 9947/7565 9948/7566
f 9949/7570 9950/7571 9951/7572
f 9952/7567 9953/7568 9954/7569
f 9955/7576 9956/7577 9957/7578
f 9958/7573 9959/7574 9960/7575
f 9961/7600 9962/7601 9963/7602
f 9964/7597 9965/7598 9966/7599
f 9967/7525 9968/7526 9969/7527
f 9970/7528 9971/7529 9972/7530
f 9973/7519 9974/7520 9975/7521
f 9976/7522 9977/7523 9978/7524
f 9979/7513 9980/7514 9981/7515
f 9982/7516 9983/7517 9984/7518
f 9985/7489 9986/7490 9987/7491
f 9988/7492 9989/7493 9990/7494
f 9991/7498 9992/7499 9993/7500
f 9994/7495 9995/7496 9996/7497
f 9997/7504 9998/7505 9999/7506
f 10000/7501 10001/7502 10002/7503
f 10003/7510 10004/7511 10005/7512
f 10006/7507 10007/7508 10008/7509
f 10009/7549 10010/7550 10011/7551
f 10012/7552 10013/7553 10014/7554
f 10015/7543 10016/7544 10017/7545
f 10018/7546 10019/7547 10020/7548
f 10021/7531 10022/7532 10023/7533
f 10024/7534 10025/7535 10026/7536
f 10027/7540 10028/7541 10029/7542
f 10030/7537 10031/7538 10032/7539
f 10033/7558 10034/7559 10035/7560
f 10036/7555 10037/7556 10038/7557
f 10039/7627 10040/7628 10041/7629
f 10042/7630 10043/7631 10044/7632
f 10045/7621 10046/7622 10047/7623
f 10048/7624 10049/7625 10050/7626
f 10051/7834 10052/7835 10053/7836
f 10054/7831 10055/7832 10056/7833
f 10057/7840 10058/7841 10059/7842
f 10060/7837 10061/7838 10062/7839
f 10063/7846 10064/7847 10065/7848
f 10066/7843 10067/7844 10068/7845
f 10069/7852 10070/7853 10071/7854
f 10072/7849 10073/7850 10074/7851
f 10075/7858 10076/7859 10077/7860
f 10078/7855 10079/7856 10080/7857
f 10081/7864 10082/7865 10083/7866
f 10084/7861 10085/7862 10086/7863
f 10087/7870 10088/7871 10089/7872
f 10090/7867 10091/7868 10092/7869
f 10093/7876 10094/7877 10095/7878
f 10096/7873 10097/7874 10098/7875
f 10099/7882 10100/7883 10101/7884
f 10102/7879 10103/7880 10104/7881
f 10105/7888 10106/7889 10107/7890
f 10108/7885 10109/7886 10110/7887
f 10111/7894 10112/7895 10113/7896
f 10114/7891 10115/7892 10116/7893
f 10117/7900 10118/7901 10119/7902
f 10120/7897 10121/7898 10122/7899
f 10123/7906 10124/7907 10125/7908
f 10126/7903 10127/7904 10128/7905
f 10129/7912 10130/7913 10131/7914
f 10132/7909 10133/7910 10134/7911
f 10135/7915 10136/7916 10137/7917
f 10138/7918 10139/7919 10140/7920
f 10141/7777 10142/7778 10143/7779
f 10144/7780 10145/7781 10146/7782
f 10147/7786 10148/7787 10149/7788
f 10150/7783 10151/7784 10152/7785
f 10153/7792 10154/7793 10155/7794
f 10156/7789 10157/7790 10158/7791
f 10159/7798 10160/7799 10161/7800
f 10162/7795 10163/7796 10164/7797
f 10165/7804 10166/7805 10167/7806
f 10168/7801 10169/7802 10170/7803
f 10171/7810 10172/7811 10173/7812
f 10174/7807 10175/7808 10176/7809
f 10177/7816 10178/7817 10179/7818
f 10180/7813 10181/7814 10182/7815
f 10183/7822 10184/7823 10185/7824
f 10186/7819 10187/7820 10188/7821
f 10189/7828 10190/7829 10191/7830
f 10192/7825 10193/7826 10194/7827
f 10195/7738 10196/7739 10197/7740
f 10198/7735 10199/7736 10200/7737
f 10201/7744 10202/7745 10203/7746
f 10204/7741 10205/7742 10206/7743
f 10207/7750 10208/7751 10209/7752
f 10210/7747 10211/7748 10212/7749
f 10213/7756 10214/7757 10215/7758
f 10216/7753 10217/7754 10218/7755
f 10219/7762 10220/7763 10221/7764
f 10222/7759 10223/7760 10224/7761
f 10225/7768 10226/7769 10227/7770
f 10228/7765 10229/7766 10230/7767
f 10231/7771 10232/7772 10233/7773
f 10234/7774 10235/7775 10236/7776
f 10237/7639 10238/7640 10239/7641
f 10240/7642 10241/7643 10242/7644
f 10243/7633 10244/7634 10245/7635
f 10246/7636 10247/7637 10248/7638
f 10249/7648 10250/7649 10251/7650
f 10252/7645 10253/7646 10254/7647
f 10255/7654 10256/7655 10257/7656
f 10258/7651 10259/7652 10260/7653
f 10261/7660 10262/7661 10263/7662
f 10264/7657 10265/7658 10266/7659
f 10267/7666 10268/7667 10269/7668
f 10270/7663 10271/7664 10272/7665
f 10273/7672 10274/7673 10275/7674
f 10276/7669 10277/7670 10278/7671
f 10279/7678 10280/7679 10281/7680
f 10282/7675 10283/7676 10284/7677
f 10285/7684 10286/7685 10287/7686
f 10288/7681 10289/7682 10290/7683
f 10291/7690 10292/7691 10293/7692
f 10294/7687 10295/7688 10296/7689
f 10297/7696 10298/7697 10299/7698
f 10300/7693 10301/7694 10302/7695
f 10303/7702 10304/7703 10305/7704
f 10306/7699 10307/7700 10308/7701
f 10309/7708 10310/7709 10311/7710
f 10312/7705 10313/7706 10314/7707
f 10315/7714 10316/7715 10317/7716
f 10318/7711 10319/7712 10320/7713
f 10321/7720 10322/7721 10323/7722
f 10324/7717 10325/7718 10326/7719
f 10327/7726 10328/7727 10329/7728
f 10330/7723 10331/7724 10332/7725
f 10333/7732 10334/7733 10335/7734
f 10336/7729 10337/7730 10338/7731
f 10339/6898 10340/6899 10341/6900
f 10342/6901 10343/6902 10344/6903
f 10345/6904 10346/6905 10347/6906
f 10348/6907 10349/6908 10350/6909
f 10351/6910 10352/6911 10353/6912
f 10354/6913 10355/6914 10356/6915
f 10357/6916 10358/6917 10359/6918
f 10360/6919 10361/6920 10362/6921
f 10363/6922 10364/6923 10365/6924
f 10366/6925 10367/6926 10368/6927
f 10369/6928 10370/6929 10371/6930
f 10372/6931 10373/6932 10374/6933
f 10375/6934 10376/6935 10377/6936
f 10378/6937 10379/6938 10380/6939
f 10381/6940 10382/6941 10383/6942
f 10384/6943 10385/6944 10386/6945
f 10387/6946 10388/6947 10389/6948
f 10390/6949 10391/6950 10392/6951
f 10393/6952 10394/6953 10395/6954
f 10396/6955 10397/6956 10398/6957
f 10399/6958 10400/6959 10401/6960
f 10402/6961 10403/6962 10404/6963
f 10405/6964 10406/6965 10407/6966
f 10408/6967 10409/6968 10410/6969
f 10411/6970 10412/6971 10413/6972
f 10414/6973 10415/6974 10416/6975
f 10417/7129 10418/7130 10419/7131
f 10420/7126 10421/7127 10422/7128
f 10423/7123 10424/7124 10425/7125
f 10426/7120 10427/7121 10428/7122
f 10429/7132 10430/7133 10431/7134
f 10432/7135 10433/7136 10434/7137
f 10435/7138 10436/7139 10437/7140
f 10438/7141 10439/7142 10440/7143
f 10441/7144 10442/7145 10443/7146
f 10444/7147 10445/7148 10446/7149
f 10447/7150 10448/7151 10449/7152
f 10450/7153 10451/7154 10452/7155
f 10453/7156 10454/7157 10455/7158
f 10456/7159 10457/7160 10458/7161
f 10459/7162 10460/7163 10461/7164
f 10462/7165 10463/7166 10464/7167
f 10465/7168 10466/7169 10467/7170
f 10468/7171 10469/7172 10470/7173
f 10471/7174 10472/7175 10473/7176
f 10474/6889 10475/6890 10476/6891
f 10477/6892 10478/6893 10479/6894
f 10480/6895 10481/6896 10482/6897
f 10483/7306 10484/7307 10485/7308
f 10486/7303 10487/7304 10488/7305
f 10489/7300 10490/7301 10491/7302
f 10492/7297 10493/7298 10494/7299
f 10495/7294 10496/7295 10497/7296
f 10498/7291 10499/7292 10500/7293
f 10501/7288 10502/7289 10503/7290
f 10504/7285 10505/7286 10506/7287
f 10507/7282 10508/7283 10509/7284
f 10510/7279 10511/7280 10512/7281
f 10513/7276 10514/7277 10515/7278
f 10516/7273 10517/7274 10518/7275
f 10519/7270 10520/7271 10521/7272
f 10522/7267 10523/7268 10524/7269
f 10525/7408 10526/7409 10527/7410
f 10528/7405 10529/7406 10530/7407
f 10531/7402 10532/7403 10533/7404
f 10534/7399 10535/7400 10536/7401
f 10537/7396 10538/7397 10539/7398
f 10540/7393 10541/7394 10542/7395
f 10543/7390 10544/7391 10545/7392
f 10546/7387 10547/7388 10548/7389
f 10549/7384 10550/7385 10551/7386
f 10552/7381 10553/7382 10554/7383
f 10555/7378 10556/7379 10557/7380
f 10558/7375 10559/7376 10560/7377
f 10561/7372 10562/7373 10563/7374
f 10564/7369 10565/7370 10566/7371
f 10567/7366 10568/7367 10569/7368
f 10570/7363 10571/7364 10572/7365
f 10573/7360 10574/7361 10575/7362
f 10576/7357 10577/7358 10578/7359
f 10579/7354 10580/7355 10581/7356
f 10582/7351 10583/7352 10584/7353
f 10585/7348 10586/7349 10587/7350
f 10588/7345 10589/7346 10590/7347
f 10591/7342 10592/7343 10593/7344
f 10594/7339 10595/7340 10596/7341
f 10597/7336 10598/7337 10599/7338
f 10600/7333 10601/7334 10602/7335
f 10603/7330 10604/7331 10605/7332
f 10606/7327 10607/7328 10608/7329
f 10609/7324 10610/7325 10611/7326
f 10612/7321 10613/7322 10614/7323
f 10615/7318 10616/7319 10617/7320
f 10618/7315 10619/7316 10620/7317
f 10621/7312 10622/7313 10623/7314
f 10624/7309 10625/7310 10626/7311
f 10627/7444 10628/7445 10629/7446
f 10630/7447 10631/7448 10632/7449
f 10633/7450 10634/7451 10635/7452
f 10636/7453 10637/7454 10638/7455
f 10639/7456 10640/7457 10641/7458
f 10642/7459 10643/7460 10644/7461
f 10645/7462 10646/7463 10647/7464
f 10648/7177 10649/7178 10650/7179
f 10651/7180 10652/7181 10653/7182
f 10654/7183 10655/7184 10656/7185
f 10657/7186 10658/7187 10659/7188
f 10660/7189 10661/7190 10662/7191
f 10663/7192 10664/7193 10665/7194
f 10666/7195 10667/7196 10668/7197
f 10669/7198 10670/7199 10671/7200
f 10672/7201 10673/7202 10674/7203
f 10675/7204 10676/7205 10677/7206
f 10678/7207 10679/7208 10680/7209
f 10681/7210 10682/7211 10683/7212
f 10684/7213 10685/7214 10686/7215
f 10687/7216 10688/7217 10689/7218
f 10690/7219 10691/7220 10692/7221
f 10693/7222 10694/7223 10695/7224
f 10696/7225 10697/7226 10698/7227
f 10699/7228 10700/7229 10701/7230
f 10702/7231 10703/7232 10704/7233
f 10705/7234 10706/7235 10707/7236
f 10708/7237 10709/7238 10710/7239
f 10711/7240 10712/7241 10713/7242
f 10714/7243 10715/7244 10716/7245
f 10717/7246 10718/7247 10719/7248
f 10720/7249 10721/7250 10722/7251
f 10723/7252 10724/7253 10725/7254
f 10726/7255 10727/7256 10728/7257
f 10729/7258 10730/7259 10731/7260
f 10732/7261 10733/7262 10734/7263
f 10735/7264 10736/7265 10737/7266
f 10738/7420 10739/7421 10740/7422
f 10741/7417 10742/7418 10743/7419
f 10744/7414 10745/7415 10746/7416
f 10747/7411 10748/7412 10749/7413
f 10750/7423 10751/7424 10752/7425
f 10753/7426 10754/7427 10755/7428
f 10756/7429 10757/7430 10758/7431
f 10759/7432 10760/7433 10761/7434
f 10762/7435 10763/7436 10764/7437
f 10765/7438 10766/7439 10767/7440
f 10768/7441 10769/7442 10770/7443
f 10771/6988 10772/6989 10773/6990
f 10774/6985 10775/6986 10776/6987
f 10777/6982 10778/6983 10779/6984
f 10780/6979 10781/6980 10782/6981
f 10783/6976 10784/6977 10785/6978
f 10786/7117 10787/7118 10788/7119
f 10789/7114 10790/7115 10791/7116
f 10792/7111 10793/7112 10794/7113
f 10795/7108 10796/7109 10797/7110
f 10798/7105 10799/7106 10800/7107
f 10801/7102 10802/7103 10803/7104
f 10804/7099 10805/7100 10806/7101
f 10807/7096 10808/7097 10809/7098
f 10810/7093 10811/7094 10812/7095
f 10813/7090 10814/7091 10815/7092
f 10816/7087 10817/7088 10818/7089
f 10819/7084 10820/7085 10821/7086
f 10822/7081 10823/7082 10824/7083
f 10825/7078 10826/7079 10827/7080
f 10828/7075 10829/7076 10830/7077
f 10831/7072 10832/7073 10833/7074
f 10834/7069 10835/7070 10836/7071
f 10837/7066 10838/7067 10839/7068
f 10840/7063 10841/7064 10842/7065
f 10843/7060 10844/7061 10845/7062
f 10846/7057 10847/7058 10848/7059
f 10849/7054 10850/7055 10851/7056
f 10852/7051 10853/7052 10854/7053
f 10855/7048 10856/7049 10857/7050
f 10858/7045 10859/7046 10860/7047
f 10861/7042 10862/7043 10863/7044
f 10864/7039 10865/7040 10866/7041
f 10867/7036 10868/7037 10869/7038
f 10870/7033 10871/7034 10872/7035
f 10873/7030 10874/7031 10875/7032
f 10876/7027 10877/7028 10878/7029
f 10879/7024 10880/7025 10881/7026
f 10882/7021 10883/7022 10884/7023
f 10885/7018 10886/7019 10887/7020
f 10888/7015 10889/7016 10890/7017
f 10891/7012 10892/7013 10893/7014
f 10894/7009 10895/7010 10896/7011
f 10897/7006 10898/7007 10899/7008
f 10900/7003 10901/7004 10902/7005
f 10903/7000 10904/7001 10905/7002
f 10906/6997 10907/6998 10908/6999
f 10909/6994 10910/6995 10911/6996
f 10912/6991 10913/6992 10914/6993